dataset,sf,method,selectivity,median_qe,mean_qe,n_valid,paired_pct_vs_bern,ci_lo,ci_hi,ci_excludes_0,cohens_d
DEEP,1,optics,0.01,1.8759840031368256,2.2279059228488287,100,40.945050076870956,27.581897896654613,55.423707986610815,True,0.5622037340301537
DEEP,1,optics,0.05,1.376312666452995,1.4216090411838738,100,17.535869729294756,13.320642287530426,22.044227928727615,True,0.7989883322213492
DEEP,1,optics,0.1,1.2202132792997231,1.2340602744216447,100,8.290708725059675,6.200878946674877,10.61339007792418,True,0.7401121704613335
DEEP,1,optics,0.3,1.0898643312572514,1.097596446903461,100,2.71571641074329,1.9741188719177396,3.4810538185179603,True,0.6873050469928291
DEEP,1,optics,0.5,1.0603017758740805,1.062788052993852,100,1.645162151890293,1.1144796459920236,2.171584035595034,True,0.6230685973855604
DEEP,1,faiss_ivf,0.01,1.537685516829006,1.6651990232091338,100,5.390451588671885,-0.7169806077580261,11.910162601649002,False,0.163419983802065
DEEP,1,faiss_ivf,0.05,1.1785023975199485,1.1922118388092595,100,-1.3304620750663483,-3.1384798760955217,0.6807048024272097,False,-0.1391971409090259
DEEP,1,faiss_ivf,0.1,1.1058000802561538,1.1135235053722305,100,-2.2507675184903606,-3.403724405402753,-1.1292815357774453,True,-0.40032131055507947
DEEP,1,faiss_ivf,0.3,1.0543219518654756,1.055589043439301,100,-1.1959309363925468,-1.8394557228320334,-0.5184808702564432,True,-0.3653773893860142
DEEP,1,faiss_ivf,0.5,1.0368154127986284,1.036822907586387,100,-0.838180947080201,-1.2456674607182774,-0.43695392325946586,True,-0.4164206632991067
DEEP,1,pca1d,0.01,1.5528607422102394,1.6468851242340952,100,5.109624540205706,-0.8109116614570115,11.280578436929188,False,0.1652801581555861
DEEP,1,pca1d,0.05,1.175950631412754,1.191366411022621,100,-1.4233102915039653,-3.252691539182413,0.36082999219032424,False,-0.15921688980292167
DEEP,1,pca1d,0.1,1.1131774781225952,1.1180253081960756,100,-1.8433538851501734,-2.9881705770620433,-0.7002153810435313,True,-0.3302491956239255
DEEP,1,pca1d,0.3,1.0537960180583745,1.0568829933828534,100,-1.0849750512076026,-1.7127343726572628,-0.47279505866348437,True,-0.3598092943840985
DEEP,1,pca1d,0.5,1.0379442446292164,1.0376977713113096,100,-0.7517885843310779,-1.148407174640583,-0.3124847121771547,True,-0.3495886002908638
DEEP,1,random_proj,0.01,1.7215949362838732,1.9651818009288007,100,25.243804175213754,15.369507006608282,35.728461141075236,True,0.4805514375649338
DEEP,1,random_proj,0.05,1.258069652571208,1.2821873834552184,100,6.10644200208429,3.318974172442575,8.804431929925348,True,0.4343164039738799
DEEP,1,random_proj,0.1,1.1557076479956105,1.165829379693298,100,2.3475038383756455,1.0250816682362998,3.6373380389172563,True,0.33914793989091047
DEEP,1,random_proj,0.3,1.0746673682124084,1.0778582489166255,100,0.8749494024653285,0.2899993163904586,1.5286707472270964,True,0.28520163094544704
DEEP,1,random_proj,0.5,1.0455024747275918,1.0470492689291238,100,0.14094650873604167,-0.31380493549540145,0.5833299905983707,False,0.06259150747729995
DEEP,1,zorder,0.01,1.6500375689665348,1.719502090914629,100,9.408027697957593,3.129375816814804,15.942374004907657,True,0.300222255947652
DEEP,1,zorder,0.05,1.1881450059997891,1.1908183188304273,100,-1.4772897072018423,-3.244409451385995,0.2873556493008949,False,-0.16686195522723815
DEEP,1,zorder,0.1,1.10810486247908,1.116063805886733,100,-2.00411422628457,-3.174838180259079,-0.7497002949031695,True,-0.34207346080802586
DEEP,1,zorder,0.3,1.0530362865480325,1.0554341587284315,100,-1.2208545093983154,-1.7803591134524153,-0.591958673760786,True,-0.4163935256221214
DEEP,1,zorder,0.5,1.037288310235227,1.038552744121602,100,-0.6720036907358868,-1.1360695464625745,-0.25716000088536217,True,-0.3151988143624866
DEEP,1,dbscan,0.01,4.545042601102805,5.477834115976927,92,248.8258962727457,187.75058244648002,310.90590973324686,True,0.8032096349230015
DEEP,1,dbscan,0.05,2.3154890785207014,4.535334929602588,100,278.47998620543416,187.68553255553942,391.387694610015,True,0.5392442400345523
DEEP,1,dbscan,0.1,1.660504365755345,2.456741862158249,100,116.42325430999608,75.3119863647605,170.22640175427276,True,0.47697750938843075
DEEP,1,dbscan,0.3,1.2511487807893027,1.267153648755724,100,18.586231748291915,16.12101504453298,21.20196826832819,True,1.4763609444778745
DEEP,1,dbscan,0.5,1.1467775153575583,1.1484812554802177,100,9.842610218211874,8.69026207693946,11.078949313844369,True,1.5795810900623435
DEEP,1,kde_pilot,0.01,1.503475966417327,1.6234459478799692,100,2.4870925833249915,-2.9780527854672307,8.68607271162763,False,0.08426368113604905
DEEP,1,kde_pilot,0.05,1.1910522765410163,1.1954517707690866,100,-1.1190260407235264,-2.7599101588741384,0.48389578989167004,False,-0.1362722965518736
DEEP,1,kde_pilot,0.1,1.1288309685237503,1.1339011837834923,100,-0.4386464626788269,-1.5956103539923399,0.6993497686883037,False,-0.07497668061031955
DEEP,1,kde_pilot,0.3,1.0643083397817774,1.0658891721624932,100,-0.24849460573686388,-0.7524388892243313,0.22891560157289964,False,-0.10250498410717969
DEEP,1,kde_pilot,0.5,1.0420188521542015,1.0427751863535024,100,-0.26896304614893585,-0.6612925960731948,0.10487499072846403,False,-0.1410740918751165
DEEP,1,lsh,0.01,1.6565463340229085,1.838436451967735,100,17.446290534210355,8.695386762534913,27.266175600139228,True,0.36416443639562557
DEEP,1,lsh,0.05,1.2402561718544207,1.2626717323505956,100,4.380497900623051,1.9931036819456103,6.84007062695721,True,0.34377871017104755
DEEP,1,lsh,0.1,1.1489080557855966,1.1603517174499531,100,1.8952708045218203,0.3785877832487687,3.333812874756163,True,0.2544883124017093
DEEP,1,lsh,0.3,1.0694562235382978,1.070809613120973,100,0.22748184470516705,-0.41716215677602636,0.9329921736063357,False,0.06561296458293668
DEEP,1,lsh,0.5,1.0449407398975334,1.0461111976051893,100,0.05388010628854022,-0.4024145520320871,0.4906458709488584,False,0.023152512226395826
DEEP,1,agglomerative,0.01,1.553266307671696,1.6297580165519934,100,3.4419163968096274,-2.2861799033366443,9.089552763129653,False,0.1260425869069765
DEEP,1,agglomerative,0.05,1.1834875367103068,1.201308449090518,100,-0.6667454851276879,-2.4917043305567224,1.1430747017968295,False,-0.07114584294924499
DEEP,1,agglomerative,0.1,1.1082440102784747,1.1186380245892271,100,-1.77471146560199,-3.017898722092313,-0.5297910489425273,True,-0.27985736495416563
DEEP,1,agglomerative,0.3,1.0506312613529207,1.0532166071684745,100,-1.4277108472128424,-1.9915207858455628,-0.8851762561783555,True,-0.513768388759217
DEEP,1,agglomerative,0.5,1.0375547381094652,1.0376524640353095,100,-0.7566540673202272,-1.1618492980590656,-0.3718054146744543,True,-0.3545553116388256
DEEP,1,minibatch_partial,0.01,1.604622441701752,1.6987199435498688,100,7.951591451237181,1.726088173261692,14.926846801374404,True,0.243534139297232
DEEP,1,minibatch_partial,0.05,1.1632485942465598,1.1878628836983922,100,-1.7256289692478046,-3.687989353510876,0.1498947067876817,False,-0.17587589626868272
DEEP,1,minibatch_partial,0.1,1.1080234401693643,1.1161556326802111,100,-1.988155706903431,-3.288088014058575,-0.8255339573317595,True,-0.3199421369865639
DEEP,1,minibatch_partial,0.3,1.0500746703412027,1.050476672845599,100,-1.6805090405195935,-2.259015320057522,-1.113798057607354,True,-0.5779527344394746
DEEP,1,minibatch_partial,0.5,1.033743884828797,1.0359727362570528,100,-0.9182215028258597,-1.3589530194440187,-0.5296836782303134,True,-0.43918166378887985
DEEP,1,distance_shell,0.01,1.5722174237224382,1.6318838131946967,100,3.32888776693423,-0.8802596070164401,8.064483597371817,False,0.15299087106187415
DEEP,1,distance_shell,0.05,1.252832086804246,1.263222379268528,100,4.476600052992626,2.609565300622771,6.23085044201125,True,0.47732603022359815
DEEP,1,distance_shell,0.1,1.197159056488164,1.2084477022021085,100,6.0672850830125675,4.667685352268353,7.432419120097391,True,0.8590927931673971
DEEP,1,distance_shell,0.3,1.1296539551989975,1.1359470296925651,100,6.311145923387727,5.407826370472446,7.278492105589914,True,1.3320888675810925
DEEP,1,distance_shell,0.5,1.074696629774241,1.0793895991577582,100,3.2322112117124755,2.7192391593247627,3.706376870621883,True,1.296924614382802
DEEP,1,pca_kmeans,0.01,1.5616589353416175,1.6365328722105368,100,4.185740257131222,-1.7399902997753005,10.214627409474005,False,0.14342838595334959
DEEP,1,pca_kmeans,0.05,1.1781460930365562,1.187853280949954,100,-1.6973431415195495,-3.6401568328078153,0.3341815661815521,False,-0.165913412340986
DEEP,1,pca_kmeans,0.1,1.1062408214812733,1.1088550123185856,100,-2.6437262011907254,-3.8151126873295302,-1.6023100576434819,True,-0.4513854526269214
DEEP,1,pca_kmeans,0.3,1.0523753345065732,1.0553688122548164,100,-1.2282926464453192,-1.82047397001062,-0.6469237851477855,True,-0.4272349390675492
DEEP,1,pca_kmeans,0.5,1.0369059375040268,1.039304472538645,100,-0.5975132135780051,-1.0651842330305614,-0.13995328520742845,True,-0.2653808654248033
DEEP,1,hilbert,0.01,1.5736118866085573,1.665957475251752,100,5.5279909191487,0.21685634141497687,11.194235313932959,True,0.20858757385768786
DEEP,1,hilbert,0.05,1.1884091654135203,1.1943464283473395,100,-1.1623151834759766,-3.092584378528213,0.6589054163269981,False,-0.1235625309915708
DEEP,1,hilbert,0.1,1.1204263589049455,1.126492550370173,100,-1.0669657513839974,-2.379289312701274,0.2482171776045882,False,-0.1659340713668579
DEEP,1,hilbert,0.3,1.0498970086962756,1.053590254130194,100,-1.3970146184822325,-1.9226772618545034,-0.8675627877277455,True,-0.5184399716731235
DEEP,1,hilbert,0.5,1.0366232152849326,1.0371140442055333,100,-0.8089765786563653,-1.210411260566033,-0.3938560430094033,True,-0.3951626327425531
DEEP,1,halton,0.01,2.1179580091918084,3.3523251413551867,100,111.36859534587983,62.39521197309425,173.06318017605105,True,0.4056684595533409
DEEP,1,halton,0.05,1.2828431795089794,1.2948360202968419,100,6.989470359849179,4.719197199081947,9.50294848485726,True,0.5865359884504235
DEEP,1,halton,0.1,1.180282340183137,1.1886867345759264,100,4.360426696959952,2.7716004031088417,5.97142822365762,True,0.5409929302028896
DEEP,1,halton,0.3,1.0893799887137297,1.0904829126988584,100,2.0565677640801217,1.388056862028923,2.745576060964079,True,0.6003836544363306
DEEP,1,halton,0.5,1.0592396263270647,1.0602293026340104,100,1.4057888749408483,0.8857219284483014,1.931412214525339,True,0.5240971615925706
DEEP,1,kdtree,0.01,1.5922946129861213,1.6582360084853098,100,4.822726154266479,-0.962442536788838,10.704735703570007,False,0.16988981070883974
DEEP,1,kdtree,0.05,1.184748731499967,1.1924136488531405,100,-1.357603595460059,-3.2619790137539675,0.38241976112361764,False,-0.15014804410514435
DEEP,1,kdtree,0.1,1.1197616773342642,1.1235931906425032,100,-1.326112413030126,-2.524388280861719,-0.07296835940024876,True,-0.21948729343235995
DEEP,1,kdtree,0.3,1.0584085394070097,1.0595030029577222,100,-0.848400411971323,-1.4041189846220432,-0.3277232708255775,True,-0.30148646504591714
DEEP,1,kdtree,0.5,1.0394582957034906,1.0417240678208386,100,-0.36522946405351886,-0.8518994494875567,0.06951387655405035,False,-0.1604480736724768
DEEP,1,pq,0.01,1.7864025292757884,2.3999753700706297,100,51.929117669250516,34.57211186706966,69.98798326135886,True,0.5387949061448347
DEEP,1,pq,0.05,1.2656463289565854,1.2939103572442767,100,7.010435331730391,4.750055055247651,9.213704980227154,True,0.5786874999893582
DEEP,1,pq,0.1,1.158179813196174,1.1636269814098963,100,2.232042452646025,0.6489994545840284,3.83675822371816,True,0.2790495455710791
DEEP,1,pq,0.3,1.0690498659043064,1.072434588611833,100,0.3633965792450196,-0.17572874300673821,0.9060821150556436,False,0.12707921405553366
DEEP,1,pq,0.5,1.0463863892413099,1.0477928848525642,100,0.21035822678366936,-0.23076444628329262,0.6120204775501169,False,0.0959941587224418
DEEP,1,sobol,0.01,1.8136939154271725,2.9206155171929367,100,93.02709517476065,23.141634762253275,271.6193830030714,True,0.15138527369782523
DEEP,1,sobol,0.05,1.2182386953765967,1.2433932497719626,100,2.878350002085167,0.41853181958987534,5.231164095669377,True,0.2400178306947973
DEEP,1,sobol,0.1,1.1487927659456645,1.1555012136337368,100,1.4587024442887617,0.011532514886902689,2.934534393577221,True,0.19621373615088877
DEEP,1,sobol,0.3,1.0697042800902294,1.0757804669687514,100,0.6898277408630658,-0.07591548135014307,1.462169335393063,False,0.17661508470153459
DEEP,1,sobol,0.5,1.04913063115875,1.0533310987439808,100,0.7460609714615052,0.1752813221098676,1.306595724961888,True,0.2604602694479777
DEEP,1,reservoir,0.01,1.5195888593239557,1.6257492288774262,100,3.6645502306281004,-2.814081713569157,9.525496642886027,False,0.11669799538454456
DEEP,1,reservoir,0.05,1.1966060675915409,1.2167684461724892,100,0.6813598748710743,-1.4701333316815681,2.842265305349857,False,0.0631507778899276
DEEP,1,reservoir,0.1,1.1261267222694302,1.1373345592336728,100,-0.12739775445813606,-1.3854829187322049,1.1453143470104343,False,-0.019514291216472402
DEEP,1,reservoir,0.3,1.063381824888078,1.0666046656736388,100,-0.17570132254420748,-0.7638206033693191,0.43535877524022615,False,-0.05530648456231369
DEEP,1,reservoir,0.5,1.0425703501069963,1.0423002210479757,100,-0.31839055951782413,-0.6880081266346946,0.05048893043776107,False,-0.16466002579564895
DEEP,1,sparse_rp,0.01,1.5754257603188013,1.6719172300268943,100,5.747575431472265,-0.3697704080505877,11.225004626385834,False,0.18787742128176063
DEEP,1,sparse_rp,0.05,1.1814667665553524,1.192304187790144,100,-1.391365442368617,-3.1183800494509035,0.4761188509336266,False,-0.15612940235407072
DEEP,1,sparse_rp,0.1,1.1188937487601787,1.1294956978149313,100,-0.8252332809365793,-2.0477251742769145,0.3438189163920732,False,-0.13265234582112406
DEEP,1,sparse_rp,0.3,1.0605447665504815,1.06402025148265,100,-0.4238667581975175,-0.9229410853497922,0.07232331857007271,False,-0.16126476143142043
DEEP,1,sparse_rp,0.5,1.0410707612357728,1.040403111512451,100,-0.4966777423326609,-0.9347508002783185,-0.08106035576089697,True,-0.2327023102320495
DEEP,1,hybrid,0.01,1.5306252975520054,1.5767293350647245,100,0.5043915239492938,-4.703771001166594,6.008677829654805,False,0.018565958227968023
DEEP,1,hybrid,0.05,1.1786505429603382,1.203007109445529,100,-0.457778115662105,-2.461863574072652,1.550220589343828,False,-0.04320614410978643
DEEP,1,hybrid,0.1,1.115782666839251,1.1192385922893067,100,-1.7078577417339273,-2.9800518848547557,-0.4045251608410915,True,-0.2576136622567074
DEEP,1,hybrid,0.3,1.0542288870319172,1.0574551533513883,100,-1.0299239200066774,-1.6427690917150055,-0.40470724054167817,True,-0.3383059499102066
DEEP,1,hybrid,0.5,1.0384734735626258,1.0392732575123467,100,-0.6008070218189578,-1.0323956874577584,-0.20659024880569923,True,-0.28802839699117655
DEEP,1,hierarchical_kmeans,0.01,1.635267322105555,1.70143606335765,100,8.216565787149568,1.9130318614463353,14.07529878257771,True,0.2588734610297495
DEEP,1,hierarchical_kmeans,0.05,1.1742587967331373,1.1966450832133968,100,-0.9967803622196965,-3.016807173857457,0.9814481291105269,False,-0.10297059157939757
DEEP,1,hierarchical_kmeans,0.1,1.1199165238783741,1.1263226132782662,100,-1.0915621381318055,-2.389910192733145,0.21008549166797985,False,-0.16347847912677407
DEEP,1,hierarchical_kmeans,0.3,1.0569045316915546,1.0556126358807947,100,-1.2033174052077742,-1.7821537413999333,-0.6594646019404982,True,-0.41759519486447094
DEEP,1,hierarchical_kmeans,0.5,1.0368768985181296,1.0372512836262258,100,-0.7978941321097252,-1.1866461951146805,-0.41638610126989284,True,-0.399714787606528
DEEP,1,minibatch,0.01,1.5774383681998092,1.6319145190800484,100,3.400620313782607,-1.910978956526515,9.094437379835021,False,0.12234878910155937
DEEP,1,minibatch,0.05,1.1854079769956796,1.2031847316524953,100,-0.4085874872808366,-2.553143416782175,1.863443241352712,False,-0.038444301675517066
DEEP,1,minibatch,0.1,1.1162877596749146,1.1253149417740678,100,-1.155770231704798,-2.573637825216307,0.19305684210614277,False,-0.16802799637254118
DEEP,1,minibatch,0.3,1.0569247367320074,1.0596205704322077,100,-0.8218471448103615,-1.443211793534332,-0.14754806500370005,True,-0.2488091422373099
DEEP,1,minibatch,0.5,1.034954963776236,1.0361603714977943,100,-0.9024883353004117,-1.3072218468934027,-0.5014955251230295,True,-0.44317116068490886
DEEP,1,hdbscan,0.01,1.5191772734298221,1.6154326962612666,100,2.150129189588725,-3.6092339887043785,7.983434517170576,False,0.07224619715214646
DEEP,1,hdbscan,0.05,1.1831421982071393,1.193493297239348,100,-1.271970826360359,-3.18752204072012,0.6484784227215346,False,-0.13443536601922093
DEEP,1,hdbscan,0.1,1.1046265796053891,1.1104772007438037,100,-2.4819671026340977,-3.6989509813483448,-1.3034796350836433,True,-0.40111792954635744
DEEP,1,hdbscan,0.3,1.0558799993111285,1.058346806826891,100,-0.9426897971736657,-1.531565390676877,-0.32941481736618483,True,-0.304388624746349
DEEP,1,hdbscan,0.5,1.0376595119521665,1.0397672496069033,100,-0.5541522869400674,-0.9771557546010254,-0.15412326496802878,True,-0.26252458398712486
DEEP,1,hammersley,0.01,1.899836058750919,3.4670365625156374,100,115.8340785820232,69.02557668030522,175.57355163677684,True,0.4235883966044572
DEEP,1,hammersley,0.05,1.244272586849282,1.2884041756250553,100,6.468978116436562,3.6957951878566027,9.261560920823165,True,0.4717943252552122
DEEP,1,hammersley,0.1,1.162041877750368,1.1721635604369927,100,2.951342157668853,1.304949666908506,4.798363776826063,True,0.33773703730334453
DEEP,1,hammersley,0.3,1.082995488854832,1.0829072910000017,100,1.357482577759449,0.6344709842295941,2.0770501819140197,True,0.36762997850390156
DEEP,1,hammersley,0.5,1.0568692731379867,1.0567067714913971,100,1.0630966606124408,0.5649359444074428,1.5086118647012192,True,0.44854534254819145
DEEP,1,coresets,0.01,1.4724814977774114,1.575392692564523,100,0.2999650848196167,-5.379013702722939,5.623790074494492,False,0.011076525527146167
DEEP,1,coresets,0.05,1.1749272714604464,1.1802817098087983,100,-2.3428163982033716,-4.0741141212784715,-0.55744177985648,True,-0.271812161433195
DEEP,1,coresets,0.1,1.1064733128174988,1.1136590346550526,100,-2.2310355036123592,-3.3980272464581485,-1.0969510349345952,True,-0.3904101380050919
DEEP,1,coresets,0.3,1.0538144188891376,1.0537741848148443,100,-1.375995708930632,-1.8980179147248468,-0.8503686606103276,True,-0.5164763171848784
DEEP,1,coresets,0.5,1.0328449699695246,1.035281457356953,100,-0.9853829253343288,-1.3907628989554843,-0.5925643266544341,True,-0.4840454452987646
DEEP,1,birch,0.01,1.6701454559469233,1.785273200029102,100,14.038131941564618,6.608323284428705,21.77823260092566,True,0.36606709716927405
DEEP,1,birch,0.05,1.1992720241427937,1.22022323215967,100,0.9559348407282957,-1.175578222482959,3.1160331730090083,False,0.0881023150976128
DEEP,1,birch,0.1,1.1327668365360855,1.1374664569346262,100,-0.08206241141471676,-1.5416024080635105,1.3318671346325277,False,-0.011361013268023162
DEEP,1,birch,0.3,1.0566109571239262,1.059932695024187,100,-0.794438264079243,-1.458182843867097,-0.14124673310923186,True,-0.24457822085417624
DEEP,1,birch,0.5,1.0381349450986725,1.0408988391561482,100,-0.4475101628129494,-0.88695762967279,-0.021878618934568415,True,-0.20816047877597676
DEEP,1,spectral,0.01,1.6625317866052531,1.8749320291392095,100,19.35946597432448,8.575223025887732,31.596476213755718,True,0.34185134137613765
DEEP,1,spectral,0.05,1.2311051415879792,1.2456979613404728,100,3.0366640361875166,0.9537098171541035,4.921020049313831,True,0.29553089059160037
DEEP,1,spectral,0.1,1.1333947316761872,1.1454175814732426,100,0.564226639864485,-0.7056754660031793,1.852098819046396,False,0.08449185822063783
DEEP,1,spectral,0.3,1.0730777025458504,1.0770782936648389,100,0.801575642378454,0.17206452240484235,1.4826217468552032,True,0.24106174343678105
DEEP,1,spectral,0.5,1.0461476427471301,1.0460391715023012,100,0.04317491754958825,-0.3807077013596489,0.4464407343410991,False,0.02041290190267555
DEEP,1,importance_sampling,0.01,3.2732520405273497,3.889080235395431,69,149.47356022884256,113.18090959615397,190.74769124534893,True,0.915288197351931
DEEP,1,importance_sampling,0.05,2.161410685596326,2.3135359338831845,100,91.05937211405956,81.7361579967371,103.73431402339418,True,1.7198373640730718
DEEP,1,importance_sampling,0.1,1.7481526105907599,1.9003424676066794,100,66.52296930722973,57.39355925533725,76.72678582024044,True,1.3609689838269938
DEEP,1,importance_sampling,0.3,1.1671011301871796,1.1809860705986288,100,10.5022662875045,9.298283862570495,11.903584916235213,True,1.5989423171836215
DEEP,1,importance_sampling,0.5,1.0941002074233501,1.1020184111705107,100,5.390671231908768,4.669557839154417,6.228710948844367,True,1.3867514805137975
DEEP,1,kmeans_pp,0.01,1.509533425503095,1.5804281938770248,100,0.3873344608924812,-4.6968621831068615,5.727053133146417,False,0.014028926125551773
DEEP,1,kmeans_pp,0.05,1.1831558789904244,1.1823129203394263,100,-2.204756182606223,-3.835128724357325,-0.6635959443663463,True,-0.2693185404780447
DEEP,1,kmeans_pp,0.1,1.11201625388391,1.1208111861394379,100,-1.5981221280502524,-2.724039223555325,-0.45465198498606474,True,-0.26850313425137123
DEEP,1,kmeans_pp,0.3,1.0552822631159677,1.055858544894487,100,-1.1780786351290649,-1.7690326014814637,-0.5839130453743128,True,-0.3863205753502774
DEEP,1,kmeans_pp,0.5,1.0355973118468818,1.0365628238807267,100,-0.8612265174203632,-1.2668782786911659,-0.4799540822454303,True,-0.4107278678843572
DEEP,1,gmm,0.01,1.5930630707574678,1.657121114031529,100,4.88370626898945,-1.0437881297954137,10.680132619697297,False,0.17102442862017628
DEEP,1,gmm,0.05,1.18279121448789,1.2071548787883686,100,-0.09094856880451772,-2.3139244778362844,1.863174148677023,False,-0.008353484318617835
DEEP,1,gmm,0.1,1.1247662942658634,1.1309744218124722,100,-0.6594937586813387,-2.05153232720507,0.7175361138843409,False,-0.09078144644009048
DEEP,1,gmm,0.3,1.0633869845656672,1.06501735846525,100,-0.32583515944835184,-0.929042966243919,0.2924608311318605,False,-0.10270650858922496
DEEP,1,gmm,0.5,1.0431201066500861,1.0436772932322587,100,-0.17925631607223416,-0.6646429614686866,0.2849821574918101,False,-0.07492154561725518
DEEP,10,gmm,0.01,1.5529400801528155,1.661369702646944,100,1.543185997851202,-4.68339381037597,8.131332736819976,False,0.049285540986057225
DEEP,10,gmm,0.05,1.1713383116376486,1.183805984439797,100,-2.3263318804414386,-4.005712258978911,-0.5346158085021575,True,-0.25331177775823505
DEEP,10,gmm,0.1,1.1126549186273889,1.1179879149804763,100,-2.624734521274878,-3.9816819319772785,-1.3750537944609658,True,-0.40330174812787845
DEEP,10,gmm,0.3,1.0572941479636029,1.0582255151907072,100,-1.8450813968516382,-2.58272993906606,-1.2117209347389168,True,-0.5639724779358505
DEEP,10,gmm,0.5,1.0403452177661885,1.0407821892478826,100,-0.6192332074498131,-1.0022125407013482,-0.21478939278428907,True,-0.31005128530107007
DEEP,10,lsh,0.01,1.6727152240719418,1.8527925090678286,100,14.29493517093714,5.693897149893355,22.921668807426144,True,0.33907054232756156
DEEP,10,lsh,0.05,1.21352991448199,1.2277935898010741,100,1.3683062510200177,-0.684922660616197,3.3769073061081962,False,0.13247016437776976
DEEP,10,lsh,0.1,1.1528144624411545,1.1543358872918403,100,0.5563105598555265,-1.0154640854934087,2.033635085962324,False,0.07626109010928955
DEEP,10,lsh,0.3,1.0710010695775436,1.072702207191392,100,-0.5038997392245027,-1.2543274313449544,0.16261005461517244,False,-0.14179738090182503
DEEP,10,lsh,0.5,1.0448416544088712,1.0465676224022609,100,-0.06252485150275425,-0.5315391564065279,0.4309610834015392,False,-0.02548624491831232
DEEP,10,random_proj,0.01,1.8032683395637044,2.0360914061424307,100,24.453594741521567,12.771038179383163,36.91791852720486,True,0.393198371472261
DEEP,10,random_proj,0.05,1.2636695819095634,1.3239810373304297,100,9.199676296908102,5.012910310029402,15.064409720170373,True,0.3522712903897074
DEEP,10,random_proj,0.1,1.165912488440936,1.1807245867077325,100,2.859568864710827,1.2731447153486617,4.474278801028155,True,0.33846212096496053
DEEP,10,random_proj,0.3,1.0719606976084375,1.075773356427276,100,-0.22736096800998343,-0.9186147684082374,0.47800398868666566,False,-0.06603706818069861
DEEP,10,random_proj,0.5,1.0487853211435614,1.0492623108286097,100,0.1921971954788107,-0.2402029766101506,0.6313518467194702,False,0.0858729443393131
DEEP,10,birch,0.01,1.5713020125268007,1.7375746474813203,100,6.156326577700847,-1.8520047630485015,14.683440153403978,False,0.15640403457944752
DEEP,10,birch,0.05,1.1898592480804555,1.2041835820601878,100,-0.5179692876702534,-2.6069229948892496,1.4577026860557,False,-0.04890521108380444
DEEP,10,birch,0.1,1.133711403640428,1.13673510074454,100,-1.030653998419534,-2.2867754335682164,0.15781103257823872,False,-0.1662828758419247
DEEP,10,birch,0.3,1.0654924925096725,1.063946603274876,100,-1.316071122035677,-2.0474501448156417,-0.6469038528552512,True,-0.3839440701521066
DEEP,10,birch,0.5,1.0384886199944612,1.0406827443333952,100,-0.6236996224891207,-1.0512841071817458,-0.17344594772106844,True,-0.2691106471182418
DEEP,10,kmeans_pp,0.01,1.5019904403812085,1.6206342510767502,100,-0.5111654165982737,-6.845138945797195,5.603114223092542,False,-0.016227210760262914
DEEP,10,kmeans_pp,0.05,1.1563001276534952,1.176482723795162,100,-2.838453589006539,-4.6098621528873185,-0.940687413059597,True,-0.30216526594248283
DEEP,10,kmeans_pp,0.1,1.111534010575495,1.118192408174686,100,-2.5805331448969593,-4.012075838137966,-1.1136452905741254,True,-0.36546460832537764
DEEP,10,kmeans_pp,0.3,1.0554393606779828,1.0551789834999306,100,-2.134235410573739,-2.766114989756464,-1.5364327422738613,True,-0.708245169129604
DEEP,10,kmeans_pp,0.5,1.0357935899920503,1.037160810792718,100,-0.9628092133472401,-1.359082017741541,-0.5726282135124859,True,-0.4658709470738491
DEEP,10,hdbscan,0.01,1.5308408667866242,1.5774820835903347,100,-3.6075745695103603,-8.505469547973123,1.42983420946126,False,-0.1452126329517496
DEEP,10,hdbscan,0.05,1.1688275406621018,1.188239336181086,100,-1.862411141997973,-3.908365662479826,0.11928368248277714,False,-0.18107151297294094
DEEP,10,hdbscan,0.1,1.114097733680783,1.1195269542949386,100,-2.508924079170069,-3.6705942968802368,-1.3236928997072608,True,-0.4217612993839699
DEEP,10,hdbscan,0.3,1.0552785433076672,1.0580140795373574,100,-1.871139833819062,-2.5341859069585926,-1.1770022599881758,True,-0.5823414880992431
DEEP,10,hdbscan,0.5,1.0346451748927872,1.0353409014364612,100,-1.138566911643605,-1.5162916748077186,-0.7350474260115103,True,-0.5828039411052736
DEEP,10,pca_kmeans,0.01,1.5307860716824893,1.644278529252733,100,1.6225545879395467,-4.696779107167205,8.267396547743434,False,0.04854725477221726
DEEP,10,pca_kmeans,0.05,1.1811488966436232,1.1864612930557399,100,-2.0145533798865163,-4.034047202181236,-0.09538905013092823,True,-0.19604033967657575
DEEP,10,pca_kmeans,0.1,1.1061377482081967,1.118351999058794,100,-2.5579058870318265,-4.023697578778032,-1.10760979147003,True,-0.3525067829037938
DEEP,10,pca_kmeans,0.3,1.0518062155307426,1.0548334454193509,100,-2.1723289832500647,-2.7425306273292334,-1.5858407683174702,True,-0.7707098047478147
DEEP,10,pca_kmeans,0.5,1.0358195817792775,1.0381488915120514,100,-0.8665209337112855,-1.3197983402325868,-0.4273009320665462,True,-0.37380997595188914
DEEP,10,reservoir,0.01,1.5257564191005304,1.604991097110412,100,-1.563425510209526,-6.948097215772943,3.9451248735367637,False,-0.05742935791532138
DEEP,10,reservoir,0.05,1.1962349635748106,1.2100721852320442,100,-0.08146495994044602,-2.219732308679691,1.9239283240915859,False,-0.007726715738099848
DEEP,10,reservoir,0.1,1.1349062688968141,1.1353138715611204,100,-1.1271869811900836,-2.283506261580346,0.09724808777580495,False,-0.18125652822909138
DEEP,10,reservoir,0.3,1.0654313702061602,1.0664594757885755,100,-1.0929080852804638,-1.7302740297337091,-0.4723558310122602,True,-0.35815148553302617
DEEP,10,reservoir,0.5,1.0403627752823836,1.0430453384154696,100,-0.40117963538580725,-0.8650375855784308,0.07119991864290261,False,-0.17526998626900842
DEEP,10,agglomerative,0.01,1.529137463737017,1.6286104695152472,100,0.34466636967385766,-6.353681128645895,6.680034666743345,False,0.010552267418059398
DEEP,10,agglomerative,0.05,1.1896223756190314,1.1936423171093324,100,-1.416441971515435,-3.1729091537658447,0.4144148815072686,False,-0.15077691936000978
DEEP,10,agglomerative,0.1,1.1107311609054547,1.1191698181660015,100,-2.5137798279220283,-3.8034416378546636,-1.2511520425643348,True,-0.38366407721970036
DEEP,10,agglomerative,0.3,1.0529676746638332,1.0566841679369654,100,-1.9951925497549965,-2.6288171823318467,-1.3404029716886214,True,-0.6214880656678823
DEEP,10,agglomerative,0.5,1.0338321059587625,1.0365538588803647,100,-1.0227465192407665,-1.4165021768435928,-0.6085264502238984,True,-0.5072479097699627
DEEP,10,kdtree,0.01,1.6274447257016869,1.7440819670905143,100,6.652151561845574,-0.3534290662670764,13.094204494710212,False,0.2073974081439003
DEEP,10,kdtree,0.05,1.1968435366339292,1.2014895156549616,100,-0.8338712054236594,-2.608203013340887,0.9022893936010299,False,-0.09486756364010178
DEEP,10,kdtree,0.1,1.1352271649346761,1.1378828597440922,100,-0.923323488569785,-2.1001893681338424,0.279975758144944,False,-0.1530017540288879
DEEP,10,kdtree,0.3,1.0625927648701423,1.0668581247318458,100,-1.0467655483205287,-1.7843668958981496,-0.35703107878327817,True,-0.29253068964568735
DEEP,10,kdtree,0.5,1.042039891907299,1.042643771042242,100,-0.4371598350725203,-0.8934276019883909,0.0190378556336171,False,-0.18588448015693762
DEEP,10,dbscan,0.01,4.326195390153166,5.7355355890471555,95,256.18390954107707,200.1168157074497,314.56031235492003,True,0.8957870433832595
DEEP,10,dbscan,0.05,2.0480527973181575,3.7419083635336863,100,209.553275541448,137.92615890648008,288.8351637394243,True,0.5039714349971731
DEEP,10,dbscan,0.1,1.516048413169467,1.8739486496878428,100,64.36759866097253,41.15458339106576,94.85423827957631,True,0.4632807846049094
DEEP,10,dbscan,0.3,1.2328422937051524,1.2495879913227206,100,15.886796817139107,13.909060626237125,17.76800954842368,True,1.5687093257503977
DEEP,10,dbscan,0.5,1.1343630188388691,1.145110176160007,100,9.351279727104671,8.262927500540561,10.521928419469335,True,1.6924894784619224
DEEP,10,importance_sampling,0.01,3.6655374661383924,6.146421239466247,59,254.09636815660085,157.3187954072046,372.6311385884694,True,0.5980273068027776
DEEP,10,importance_sampling,0.05,2.255650370222889,2.347181773845279,100,93.43811323188729,85.17871225801677,102.61059279075354,True,2.069727619602718
DEEP,10,importance_sampling,0.1,1.8783677647038994,2.059862914637667,100,79.11505255239095,69.27831466351388,89.34681702828385,True,1.5324693644062513
DEEP,10,importance_sampling,0.3,1.2066372994614216,1.2202665702306617,100,13.179197097834894,11.693469235260109,14.668008742071736,True,1.7649487577265708
DEEP,10,importance_sampling,0.5,1.1165491637569271,1.1235094386642381,100,7.273372236099281,6.522083147732731,8.058004172934098,True,1.891423827946267
DEEP,10,hierarchical_kmeans,0.01,1.475165342493099,1.579231557181701,100,-3.003990836834535,-8.95799851509831,3.115238826566754,False,-0.10191082836839704
DEEP,10,hierarchical_kmeans,0.05,1.1619984266635326,1.1720157217948834,100,-3.232803418961367,-4.930388471056323,-1.3689097065588918,True,-0.35130787476969905
DEEP,10,hierarchical_kmeans,0.1,1.1084580906739583,1.115901565004937,100,-2.796539949457588,-4.0583151439875245,-1.4195774339874385,True,-0.43904578796568755
DEEP,10,hierarchical_kmeans,0.3,1.0544430318011115,1.0569899132508664,100,-1.9596362770524087,-2.6616408808131875,-1.2977329391371846,True,-0.6024052000313855
DEEP,10,hierarchical_kmeans,0.5,1.036030253176751,1.0386258932221408,100,-0.820118515107014,-1.2357177516985292,-0.3688389461797214,True,-0.37196056839605374
DEEP,10,hybrid,0.01,1.5161066353367396,1.6066502349179979,100,-1.0622281321823908,-6.888673408126963,5.2475268648252245,False,-0.03453917520439591
DEEP,10,hybrid,0.05,1.1803351355364005,1.1881851661686913,100,-1.943128250805498,-3.6340852032418987,-0.13131393467407443,True,-0.21383623643537833
DEEP,10,hybrid,0.1,1.1122285884647938,1.1170529188716884,100,-2.7311904292956775,-3.9242374202755443,-1.6372030241455937,True,-0.4683290329230476
DEEP,10,hybrid,0.3,1.0533809931995783,1.0552728952151569,100,-2.12824175773796,-2.7694852035557784,-1.508751534897181,True,-0.7179848077443073
DEEP,10,hybrid,0.5,1.0339597446949529,1.0369233958698914,100,-0.9875295390694153,-1.379742542127152,-0.5974930040765646,True,-0.47875260982796797
DEEP,10,minibatch_partial,0.01,1.5818956159818836,1.6617988886247006,100,2.028392967817864,-3.63810681983724,7.395208264973802,False,0.07151110900418566
DEEP,10,minibatch_partial,0.05,1.1790657268210654,1.1945954683996896,100,-1.4135050978707475,-3.139664197123827,0.43915328689208494,False,-0.15811508271667318
DEEP,10,minibatch_partial,0.1,1.1070358382477647,1.1155660604329583,100,-2.8694210489967027,-4.0071015729784945,-1.733865814900627,True,-0.5048441735669422
DEEP,10,minibatch_partial,0.3,1.055273238144395,1.0563272991211903,100,-2.034395755600775,-2.631640540752533,-1.367909775303296,True,-0.6745585275574768
DEEP,10,minibatch_partial,0.5,1.0368779268653294,1.0381062252377677,100,-0.8705629534291206,-1.3069876653307513,-0.43247388693295363,True,-0.3898308518306537
DEEP,10,sparse_rp,0.01,1.5737629779455218,1.6271431442504658,100,-0.29751929333218463,-5.6393080806589735,5.017829940499583,False,-0.011358976862877656
DEEP,10,sparse_rp,0.05,1.2071544560656324,1.21854604732977,100,0.6656038577132977,-1.5414027618439192,2.814130598533729,False,0.058728047354383216
DEEP,10,sparse_rp,0.1,1.126884704344321,1.1331248180006888,100,-1.2888507228971888,-2.589598241710466,0.06305617563645723,False,-0.19393555183532582
DEEP,10,sparse_rp,0.3,1.0642167490114187,1.0636323501077036,100,-1.3467671559808045,-2.0174565210987887,-0.6869303933833911,True,-0.4101710703843728
DEEP,10,sparse_rp,0.5,1.0379967968246178,1.0399945577517513,100,-0.6900385989164926,-1.1170747752132846,-0.22400939278159207,True,-0.297256754337894
DEEP,10,kde_pilot,0.01,1.5733113547473079,1.6371598968129473,100,-0.0579287887520023,-6.039993477559256,5.5694493975044885,False,-0.0019506847087780008
DEEP,10,kde_pilot,0.05,1.2358600365324275,1.2309400707827793,100,1.6588194365818538,-0.27431469479921083,3.716452095698887,False,0.1608427434178998
DEEP,10,kde_pilot,0.1,1.1416785473577744,1.14250438231715,100,-0.48847783205114514,-1.735089596538482,0.7323961487488795,False,-0.07846030667072754
DEEP,10,kde_pilot,0.3,1.0668126724032114,1.068861818439573,100,-0.8761611430063545,-1.3987900404675127,-0.368840142133321,True,-0.3546544020728755
DEEP,10,kde_pilot,0.5,1.0441325675568571,1.0439583647921673,100,-0.3170495905824626,-0.6726642242830216,0.04048691054243944,False,-0.17743163431070524
DEEP,10,coresets,0.01,1.550836107626722,1.6269701573910864,100,0.5490039588435471,-6.250293097563152,6.997545157408361,False,0.01684249461644008
DEEP,10,coresets,0.05,1.1803910095697931,1.187063566897767,100,-2.02539257517623,-3.7835018722374065,-0.2973864257974122,True,-0.2230892930639765
DEEP,10,coresets,0.1,1.1263914312863892,1.1232642632875387,100,-2.1550003946502487,-3.3412630026577443,-0.9124997993067552,True,-0.3484612854037369
DEEP,10,coresets,0.3,1.0521219896652105,1.0524304956075907,100,-2.3914728269588315,-2.989906754421097,-1.8303014651132548,True,-0.8057010848803953
DEEP,10,coresets,0.5,1.0351268603915855,1.037434301108929,100,-0.9340784127547188,-1.349835354056569,-0.496431271087968,True,-0.43512337141795265
DEEP,10,hilbert,0.01,1.4925398652669633,1.6481617962766284,100,1.9621860982887946,-4.872207887608045,8.593536016878902,False,0.05714069910041497
DEEP,10,hilbert,0.05,1.1895348920477526,1.2160095223591336,100,0.4754778670678304,-1.6006237987754608,2.6290074362818054,False,0.04247854891133572
DEEP,10,hilbert,0.1,1.1178875425572252,1.125253278031738,100,-1.9843552933082276,-3.263287021788441,-0.678994169540743,True,-0.3049035466499771
DEEP,10,hilbert,0.3,1.0535528824343923,1.0552133458882313,100,-2.131421435031497,-2.784545269041373,-1.4659019737431922,True,-0.6679409043512107
DEEP,10,hilbert,0.5,1.035429819224115,1.0365407241164342,100,-1.0189421851458345,-1.4705161920295724,-0.5734279902583781,True,-0.44636475304546097
DEEP,10,spectral,0.01,1.7109710105219662,2.0975412313519155,100,26.077152429927036,12.701450033887644,41.29416113290828,True,0.3570693869183225
DEEP,10,spectral,0.05,1.2381256370459979,1.2618013630765263,100,4.241249046759392,1.5838837881876302,6.895927471869453,True,0.3122574989789741
DEEP,10,spectral,0.1,1.1600144556926097,1.1795632860909584,100,2.731345312548123,1.1471936622779246,4.241708003262275,True,0.3529238795221921
DEEP,10,spectral,0.3,1.0783125242405929,1.0834692471344132,100,0.48206422280258926,-0.23580229927190036,1.196479375799833,False,0.13603129160176253
DEEP,10,spectral,0.5,1.049682093234996,1.0534261857406158,100,0.5943892788474586,0.08481649669881589,1.0959538902148531,True,0.22398253074005445
DEEP,10,hammersley,0.01,1.7593627741869495,5.084132153039742,100,199.13013565864406,89.55990605210948,345.35465312064906,True,0.29663887039787906
DEEP,10,hammersley,0.05,1.254761915135406,1.3076486145162738,100,7.876291756806093,4.957932322079024,10.892114963504437,True,0.49408742787995935
DEEP,10,hammersley,0.1,1.1664738231010041,1.1797576955995672,100,2.7194429088180736,1.2191846769304917,4.243230481610242,True,0.3456627856577861
DEEP,10,hammersley,0.3,1.0831192308071318,1.0839538760981935,100,0.5364448622740978,-0.235630236286618,1.3386749562143443,False,0.13618563201653644
DEEP,10,hammersley,0.5,1.054505944185895,1.0553815154023791,100,0.7792907866012078,0.28109762862092813,1.2712201419324156,True,0.3038903778559613
DEEP,10,halton,0.01,1.892974577112998,3.1882328239866187,100,89.62982877907172,40.3816520219276,145.1634980195295,True,0.313283161100571
DEEP,10,halton,0.05,1.2981412893593802,1.324229158000237,100,9.374648905272982,6.273689568190954,12.762694075054545,True,0.5795506296928841
DEEP,10,halton,0.1,1.194367594494805,1.1987987769903394,100,4.401965651287504,2.858312079469639,6.068231212633929,True,0.5607578206650538
DEEP,10,halton,0.3,1.0834454739417994,1.0864299195216274,100,0.7570819314297418,0.03822681443795716,1.5104141214826086,True,0.20042406637676013
DEEP,10,halton,0.5,1.0582512946058786,1.059107792433482,100,1.1331289330735905,0.6481587933861322,1.6726850688833248,True,0.41401452698731567
DEEP,10,sobol,0.01,1.6996654457701923,3.5053746324370856,100,128.29080727966823,14.912327302802066,330.2647658495823,True,0.13093594350654036
DEEP,10,sobol,0.05,1.237379275808299,1.2678353245812006,100,4.637280868352246,2.2811200826194074,6.903222142341297,True,0.3933584674612517
DEEP,10,sobol,0.1,1.1486339805664163,1.155549760277025,100,0.636608986407181,-0.8507438557592847,2.171921227097825,False,0.08195056452843505
DEEP,10,sobol,0.3,1.0731854263102591,1.0742277280214392,100,-0.37762137776928806,-1.025465567858709,0.28684296612193017,False,-0.11580505476032663
DEEP,10,sobol,0.5,1.0488310572980688,1.0502507451560783,100,0.29042079333150983,-0.23253197751758056,0.7755377551623953,False,0.11346742383660337
DEEP,10,distance_shell,0.01,1.6240496100181812,1.663207565469577,100,2.09598241651122,-3.112841964931678,7.7519049102252495,False,0.07911111408105059
DEEP,10,distance_shell,0.05,1.2741097405153425,1.2902713322544157,100,6.5222041547036085,4.400908295060389,8.678156197517206,True,0.5943410628583378
DEEP,10,distance_shell,0.1,1.2123751795590776,1.2217503965870433,100,6.386094238790763,5.0247421213155565,7.831291800894981,True,0.8764954387091081
DEEP,10,distance_shell,0.3,1.1369106682126073,1.1432446075846419,100,6.019751433365801,5.124405455419213,6.996807042349717,True,1.2861702568645
DEEP,10,distance_shell,0.5,1.0840293505530538,1.086552482938558,100,3.7511485041193735,3.201027558573751,4.342895235881818,True,1.2762346128843292
DEEP,10,pca1d,0.01,1.5257149204937872,1.6325670827037855,100,0.28323937070256067,-5.288762296128281,5.936135333214449,False,0.009571903373469623
DEEP,10,pca1d,0.05,1.1762280357698431,1.1986650802911114,100,-0.9697243419967815,-3.0222855347193476,1.1223132081045815,False,-0.09281856921269803
DEEP,10,pca1d,0.1,1.1178254566149763,1.1283916685105353,100,-1.6981647097731527,-3.1128213009970747,-0.1273541668500491,True,-0.23996679556594894
DEEP,10,pca1d,0.3,1.0568777296710463,1.0588948761211594,100,-1.784141811943758,-2.4895791031782846,-1.1828591733786669,True,-0.5546763471029278
DEEP,10,pca1d,0.5,1.0389731872876218,1.039914964592044,100,-0.6950254372500606,-1.138842326522879,-0.2235955111957886,True,-0.2914487482228782
DEEP,10,optics,0.01,2.0225410080811352,2.4292709499265657,100,51.327244633841936,33.31411533947786,69.94059638509653,True,0.5281358366756195
DEEP,10,optics,0.05,1.3090644204799662,1.3656991525332325,100,12.746428533799254,9.435437089065827,16.514576943954406,True,0.7007246323844392
DEEP,10,optics,0.1,1.2141807724385727,1.2242769507389144,100,6.639548619847626,4.926998102754926,8.552949908211454,True,0.7169015743374665
DEEP,10,optics,0.3,1.0891640941419896,1.096966699352872,100,1.7290695587886296,1.0549888469339752,2.442776187767783,True,0.4838455112413053
DEEP,10,optics,0.5,1.0637161886509898,1.0664445505490259,100,1.834029281686822,1.3166749219457283,2.4078744365948164,True,0.6405498648138505
DEEP,10,faiss_ivf,0.01,1.5196211339046144,1.649254542040834,100,1.8826175644172698,-5.3479144220086114,8.44862524799045,False,0.055300861395152515
DEEP,10,faiss_ivf,0.05,1.181743540386224,1.1931802946655103,100,-1.4306031063328655,-3.354513414679677,0.48487538921820994,False,-0.1447555110608391
DEEP,10,faiss_ivf,0.1,1.1115261157250793,1.1151343618709075,100,-2.8937680108915367,-4.038697003722266,-1.727624970156668,True,-0.4950854395200243
DEEP,10,faiss_ivf,0.3,1.0557068085558603,1.056035959516703,100,-2.0513265684762687,-2.738494925931937,-1.4180958295236665,True,-0.630320374894127
DEEP,10,faiss_ivf,0.5,1.0358984378571443,1.0360464314419993,100,-1.0683807624142796,-1.4919239312251693,-0.6578740301727397,True,-0.5002309931409695
DEEP,10,pq,0.01,1.8840401655300618,2.420452166106644,100,48.86545964765871,30.678595836061284,70.04991624344034,True,0.48489046903880645
DEEP,10,pq,0.05,1.2786843421590395,1.3051255337515257,100,7.760563541308022,4.94896731724037,10.797761834602971,True,0.4878270818357668
DEEP,10,pq,0.1,1.159367157818215,1.1784526342516537,100,2.6555959449950013,1.058250104067944,4.332624267636781,True,0.3184886909952537
DEEP,10,pq,0.3,1.0768166468237417,1.0793534806941418,100,0.1109732350299345,-0.640516902981522,0.899571116620097,False,0.029205154994711276
DEEP,10,pq,0.5,1.0493811268295594,1.0507326627548066,100,0.3370194600594873,-0.17241168165388432,0.8442046337078624,False,0.1317968710245182
DEEP,10,minibatch,0.01,1.577120408988201,1.6649099941806884,100,1.6300492030075833,-4.474794637107764,7.665741479843252,False,0.05387200547032341
DEEP,10,minibatch,0.05,1.1674588722492243,1.1888587814633036,100,-1.7453818413035356,-3.9724824962979874,0.4386900797987924,False,-0.16118086781781546
DEEP,10,minibatch,0.1,1.111579876351409,1.1174210795348953,100,-2.632797821671663,-4.029679819128527,-1.1678105037581668,True,-0.36936873934675857
DEEP,10,minibatch,0.3,1.0554642524779858,1.0587716258764104,100,-1.791143158570627,-2.5101459816766667,-1.116151031933064,True,-0.5241444251320048
DEEP,10,minibatch,0.5,1.0368192629764725,1.0387971002747165,100,-0.8040509939018622,-1.21016288323202,-0.40019629108744004,True,-0.3637129645298982
DEEP,10,zorder,0.01,1.5613429561405847,1.637637086931948,100,1.0532337988026332,-5.4205673907076966,7.4859983149156815,False,0.0327611403197949
DEEP,10,zorder,0.05,1.1881242386566018,1.204544519145775,100,-0.6028472864683727,-2.390175505459408,1.1746075075361138,False,-0.06453510455431731
DEEP,10,zorder,0.1,1.1185025478371096,1.1216979709949542,100,-2.313425585878238,-3.6009197266815964,-1.1279756585441876,True,-0.3760942993299496
DEEP,10,zorder,0.3,1.0538906095754212,1.0577999132153415,100,-1.893242492457345,-2.4905228006254476,-1.273122373180914,True,-0.6103554687443197
DEEP,10,zorder,0.5,1.0378201712146886,1.0390556831616877,100,-0.7789928081337729,-1.1749541333804325,-0.3242437114785346,True,-0.344827968695393
SIFT,1,kde_pilot,0.01,1.733059795913035,1.9297837739842445,100,-6.579053647779931,-15.12177286204575,2.617778448827978,False,-0.14487459930224952
SIFT,1,kde_pilot,0.05,1.4744957340421971,1.5236791463053008,100,-21.07703446153441,-25.25198957840583,-16.86460892648272,True,-0.935349552262616
SIFT,1,kde_pilot,0.1,1.4110559217265557,1.4414549339454306,100,-16.591379688663082,-19.20322518955588,-13.909166520782385,True,-1.172172357507047
SIFT,1,kde_pilot,0.3,1.2687642168436997,1.269415646148354,100,-13.259758691241313,-14.692810879839364,-11.779654364195487,True,-1.7879489082977795
SIFT,1,kde_pilot,0.5,1.2007119481254382,1.1725338263304184,100,-9.369027448752734,-10.529521003319136,-8.167889822592533,True,-1.533809705476156
SIFT,1,spectral,0.01,1.659065473280012,1.7964955835089582,100,-14.62231248158272,-20.248131170293153,-8.482616146783663,True,-0.4924484176191603
SIFT,1,spectral,0.05,1.219754789942724,1.2390043745611303,100,-33.336814333014054,-37.72696059642758,-28.828229052639507,True,-1.4011556697399161
SIFT,1,spectral,0.1,1.142558485940209,1.1476874233935357,100,-32.02230959678814,-35.164193987438196,-29.01452315064045,True,-1.968705781560562
SIFT,1,spectral,0.3,1.0550689583333437,1.05845952627964,100,-26.775201371697065,-28.928538408236967,-24.42314584139947,True,-2.312663093418266
SIFT,1,spectral,0.5,1.0366450283512214,1.0374138325202962,100,-18.815869154246244,-21.169682157675275,-16.484985587024088,True,-1.5600928362767579
SIFT,1,minibatch,0.01,1.5351840364618474,1.7102533798157105,100,-17.698903745845275,-23.762903717388372,-11.475182002613508,True,-0.5804986633822591
SIFT,1,minibatch,0.05,1.1862502089519507,1.2308505084637575,100,-34.32593738838848,-38.5389232480529,-30.104114970971132,True,-1.516186289087258
SIFT,1,minibatch,0.1,1.1131955380111014,1.1357495485340015,100,-32.731608666384574,-35.85466747018358,-29.561317503238474,True,-2.028487613904552
SIFT,1,minibatch,0.3,1.0529846816417439,1.0549915950303355,100,-26.995268389188865,-29.207423978351276,-24.625654320863894,True,-2.3256556122357686
SIFT,1,minibatch,0.5,1.0331997841662095,1.0351249294013574,100,-19.014730759802422,-21.295189157920433,-16.690873808571542,True,-1.597038790343964
SIFT,1,optics,0.01,1.677354026564221,1.9520711918797817,100,0.042735978958385275,-12.942198502952088,15.937600196760942,False,0.000590700432175627
SIFT,1,optics,0.05,1.2071276028861018,1.2447736448052311,100,-31.39545338407169,-36.786833580587,-26.159834222878853,True,-1.1233086442762268
SIFT,1,optics,0.1,1.1332607426491745,1.1523128519678247,100,-30.92905318916533,-34.77045351229015,-27.076252405679696,True,-1.5761516121906876
SIFT,1,optics,0.3,1.062458158116175,1.0655013370431383,100,-26.212385817284904,-28.428532440809423,-23.742634546947993,True,-2.202671764325187
SIFT,1,optics,0.5,1.0326178589475348,1.0339805367337667,100,-19.041391126664596,-21.393028111043726,-16.660576495621637,True,-1.5422748907288177
SIFT,1,pq,0.01,2.044859659833229,9.970004941260953,100,263.39494643351077,132.5793738893837,423.32615285678355,True,0.35662870728349233
SIFT,1,pq,0.05,1.3155447990351226,4.462782545624824,100,90.35780511965214,-23.92313293169956,311.9641276362673,False,0.08308261339648663
SIFT,1,pq,0.1,1.2271102245846606,1.2982116507940862,100,-24.620067195900837,-27.75598789663972,-21.456325159205733,True,-1.5445546952409408
SIFT,1,pq,0.3,1.0931030764290486,1.1072617519528531,100,-23.356281396990585,-25.837453157759747,-20.649726823146352,True,-1.7613034311138704
SIFT,1,pq,0.5,1.0603857608123999,1.0661790727923504,100,-16.481526734762568,-19.00934948987885,-14.005195837614853,True,-1.2542338249305809
SIFT,1,coresets,0.01,1.5657150201337995,1.6700405911211968,100,-18.007518196923563,-23.622238418199714,-11.929196255355716,True,-0.6120141166630573
SIFT,1,coresets,0.05,1.175614242854929,1.203817350758511,100,-34.65979408726704,-39.23111793311661,-30.175377877254977,True,-1.4152198731098615
SIFT,1,coresets,0.1,1.1118894857491566,1.1173896834982358,100,-33.405357326830696,-36.69776374312258,-30.076034674291154,True,-1.9204657879411169
SIFT,1,coresets,0.3,1.046329490117001,1.047687746126182,100,-27.450314511917686,-29.737399744539683,-25.039508344541318,True,-2.326474391326998
SIFT,1,coresets,0.5,1.028217750840529,1.0302314705715856,100,-19.401016684492912,-21.60632444446196,-17.110863305556467,True,-1.6379280077733112
SIFT,1,zorder,0.01,1.5731823558447113,1.6356793205504316,100,-19.310467565798923,-25.026640978543018,-13.244836492982811,True,-0.6306190295882792
SIFT,1,zorder,0.05,1.2010273230510164,1.202989377897354,100,-34.208870936855995,-39.078558881758745,-29.41903354306478,True,-1.3332191113027791
SIFT,1,zorder,0.1,1.1157635656926723,1.1178352224687453,100,-33.23065973045324,-36.603902744383106,-29.809312699814054,True,-1.8610513502968613
SIFT,1,zorder,0.3,1.0468248709611672,1.047482411710179,100,-27.48759183584174,-29.73976281940414,-25.033862411638513,True,-2.3615156540416047
SIFT,1,zorder,0.5,1.0294714931044715,1.0302210531637823,100,-19.40234907410924,-21.621578244281064,-17.064609126353645,True,-1.6436013094241866
SIFT,1,hdbscan,0.01,1.5111124714732438,1.6700200069689033,100,-19.38471274042931,-24.95466276513822,-12.82325366143656,True,-0.6364799084788939
SIFT,1,hdbscan,0.05,1.1684117957230173,1.2046805905789437,100,-35.33187778335971,-39.72094414158287,-31.018417521867686,True,-1.5511043887345253
SIFT,1,hdbscan,0.1,1.096471724182055,1.1078506365297818,100,-34.16687052347386,-37.41442305646704,-30.99160185461314,True,-2.0845891314244573
SIFT,1,hdbscan,0.3,1.0442310247483717,1.0469198519898912,100,-27.527859157420536,-29.745497210091678,-25.160756091182655,True,-2.35929765428094
SIFT,1,hdbscan,0.5,1.0308125731913635,1.0314679029067546,100,-19.284915049531307,-21.544485073051153,-16.93886413747903,True,-1.6156302175446073
SIFT,1,sobol,0.01,1.8662920072129543,8.320484516194965,100,214.47775858547794,47.54935473838065,538.6988771111548,True,0.1697581065049295
SIFT,1,sobol,0.05,1.2963936825837856,1.4020892917962895,100,-21.2591651249607,-29.877930643372604,-11.23214117115989,True,-0.45258937099199226
SIFT,1,sobol,0.1,1.1763598771627013,1.19720575741082,100,-28.378941019743465,-32.10581283835366,-24.497731599737943,True,-1.4216651621428433
SIFT,1,sobol,0.3,1.0744241957430585,1.0795626634910187,100,-25.208123354873962,-27.55450338015123,-22.695754636044864,True,-2.029790960165649
SIFT,1,sobol,0.5,1.044038652420385,1.0467521212695128,100,-18.052239802003744,-20.43275933632621,-15.658958690662944,True,-1.4471894879462999
SIFT,1,kmeans_pp,0.01,1.5529407498286063,1.6551442152178788,100,-18.702202582235586,-24.51585415499696,-12.855333658309297,True,-0.6238078010610324
SIFT,1,kmeans_pp,0.05,1.1850295175536536,1.195350254033079,100,-34.57918500719004,-39.504698098085235,-29.677738254524275,True,-1.3537763488220405
SIFT,1,kmeans_pp,0.1,1.1122669716525515,1.1189596039801446,100,-33.23213825321252,-36.63380822079967,-29.741710765277848,True,-1.8794812791409798
SIFT,1,kmeans_pp,0.3,1.0455644263233896,1.0496083959202385,100,-27.295737635521245,-29.5848710979874,-24.896694570036754,True,-2.28438374166396
SIFT,1,kmeans_pp,0.5,1.0325077934807991,1.0315296447248987,100,-19.25373162568296,-21.599897940092358,-16.880745718488416,True,-1.586242939295406
SIFT,1,lsh,0.01,1.768733029879852,2.1046952852616894,100,5.3833293771958814,-6.680249996507791,19.028982158073486,False,0.07952124954330271
SIFT,1,lsh,0.05,1.2587735757402818,1.27740307510878,100,-30.367587938083847,-35.64190306964687,-25.073226048211065,True,-1.1149205619549116
SIFT,1,lsh,0.1,1.1737963273664827,1.1786959882884454,100,-29.757561754695324,-33.3001226309928,-26.27204241708148,True,-1.6168203979360034
SIFT,1,lsh,0.3,1.077020180225631,1.0777617975573373,100,-25.3963027555651,-27.627677799244093,-22.927318901745714,True,-2.134993645826193
SIFT,1,lsh,0.5,1.0509999220440807,1.0521874291137294,100,-17.69657277772915,-19.976760688592975,-15.314028779502797,True,-1.4733271648200859
SIFT,1,hilbert,0.01,1.5252131055844682,1.59758264109917,100,-20.752679690587538,-27.10798718416507,-14.345350338683822,True,-0.6653670758197704
SIFT,1,hilbert,0.05,1.1865263198662483,1.2013862833371893,100,-34.54264177988139,-39.28883502380621,-29.793446357909698,True,-1.3821009978292664
SIFT,1,hilbert,0.1,1.1122804076240587,1.1156379712290634,100,-33.52659155078657,-36.78034549445685,-30.089975698788052,True,-1.9421434878670005
SIFT,1,hilbert,0.3,1.0459817092840544,1.0466916434154254,100,-27.540985843779755,-29.72910057668711,-25.141346284628657,True,-2.385609919096187
SIFT,1,hilbert,0.5,1.026834545020054,1.0287419289281108,100,-19.495037161254537,-21.78669338164922,-17.17691999100079,True,-1.6347203655690734
SIFT,1,hierarchical_kmeans,0.01,1.6191073064828574,1.6688567482689083,100,-16.789382316173036,-23.834711323017483,-8.093407762758044,True,-0.42620995849860943
SIFT,1,hierarchical_kmeans,0.05,1.2128726485842467,1.2325148230533711,100,-32.36128384495052,-37.68895241322258,-27.144661390899632,True,-1.1855598167680301
SIFT,1,hierarchical_kmeans,0.1,1.130306556832243,1.1373017323823418,100,-32.036764893682424,-35.53848252235228,-28.507885982059683,True,-1.741201600437169
SIFT,1,hierarchical_kmeans,0.3,1.056107675957481,1.057156908307598,100,-26.830264987302186,-29.042020653117092,-24.468768912535957,True,-2.314340017489056
SIFT,1,hierarchical_kmeans,0.5,1.0311622172661714,1.033210731657452,100,-19.133896889797878,-21.43534614243549,-16.77099572192251,True,-1.5815310356077077
SIFT,1,kdtree,0.01,1.564950290685947,1.6536356919963824,100,-19.228315812499364,-24.52348372304879,-13.558125120029676,True,-0.6661616322163554
SIFT,1,kdtree,0.05,1.188533596468444,1.1901489490364054,100,-35.10675113709341,-39.73089362345801,-30.552874282078893,True,-1.4263016690008796
SIFT,1,kdtree,0.1,1.1122064203060882,1.1206411415039712,100,-33.224944342643404,-36.56015153839871,-29.99297802101602,True,-1.9186025518403322
SIFT,1,kdtree,0.3,1.0545464097506732,1.0538619493425572,100,-27.021910509003305,-29.259270082471254,-24.6171602043544,True,-2.278385332185412
SIFT,1,kdtree,0.5,1.029289153994423,1.0321859937662436,100,-19.238914145610792,-21.519596375846053,-16.90261427771925,True,-1.6192027502816653
SIFT,1,importance_sampling,0.01,2.559825537789778,3.708370933271937,55,96.9179836065214,50.29013104899976,162.58802580287164,True,0.44750569752784525
SIFT,1,importance_sampling,0.05,1.9156552476008972,2.0654959916937745,99,6.50429730956473,-1.089197117263869,14.954134557495395,False,0.17331714703785478
SIFT,1,importance_sampling,0.1,1.8585662936429717,2.451231441088917,100,33.18699361344904,24.941529314438366,41.93623781913142,True,0.7488087214540144
SIFT,1,importance_sampling,0.3,1.5278622328104223,1.6897820629307105,100,12.263331003473882,8.869282163468142,15.9414608747139,True,0.6587875491932477
SIFT,1,importance_sampling,0.5,1.3543467062736019,1.3625196520329128,100,4.07776397128224,2.92965186468694,5.279741921936856,True,0.6670040775997524
SIFT,1,pca_kmeans,0.01,1.5549812168425827,1.6720176608630501,100,-18.72327691153457,-24.48856825571272,-12.632553058673892,True,-0.6055923763089214
SIFT,1,pca_kmeans,0.05,1.1829545542601827,1.208219492614137,100,-35.23298767044126,-39.43563472870855,-31.082770772237403,True,-1.5729036652317463
SIFT,1,pca_kmeans,0.1,1.1074245044575437,1.1183827049720634,100,-33.57012077788828,-36.69588758499275,-30.278316184687654,True,-2.0370640503249486
SIFT,1,pca_kmeans,0.3,1.0482003464815066,1.0494582047378571,100,-27.3986298446781,-29.579488609359622,-25.06177454644323,True,-2.4196579502366964
SIFT,1,pca_kmeans,0.5,1.0287507357715242,1.0296537804432382,100,-19.41117264410764,-21.732055041924088,-17.12722244260072,True,-1.6105114308762818
SIFT,1,minibatch_partial,0.01,1.6980023917967402,1.766796794247925,100,-13.055327799771103,-19.823980661804548,-5.737527409915008,True,-0.3621598494929967
SIFT,1,minibatch_partial,0.05,1.196533911984007,1.2084758323797968,100,-34.74636015159866,-39.26525941426002,-30.369813887852597,True,-1.4881263851960385
SIFT,1,minibatch_partial,0.1,1.1167848395344353,1.1248214785670048,100,-33.127309543591466,-36.34432127258944,-29.813637506759495,True,-1.9759249763158686
SIFT,1,minibatch_partial,0.3,1.05081037243717,1.0501974980603506,100,-27.31115192579542,-29.471136603821506,-24.92104047477209,True,-2.365091506839719
SIFT,1,minibatch_partial,0.5,1.0292681189829356,1.0322222516233746,100,-19.229855371147472,-21.467366018391942,-16.929585920833727,True,-1.612776888470257
SIFT,1,halton,0.01,1.7236790869170044,36.29371820985218,100,2324.5458293973234,222.58072756669847,5562.450941324297,True,0.1683456878559698
SIFT,1,halton,0.05,1.2759063874206182,1.3304348873014615,100,-25.80398371233038,-32.2236922034534,-19.35472902056993,True,-0.7598631233263646
SIFT,1,halton,0.1,1.17115132954866,1.1904692643153751,100,-28.36261160308204,-32.47897395808746,-24.392620602212645,True,-1.316571607002939
SIFT,1,halton,0.3,1.0817705479269877,1.081934062283788,100,-25.062558313306532,-27.453374251565755,-22.601117210724787,True,-2.0476845817221787
SIFT,1,halton,0.5,1.0424254875047116,1.045363137056589,100,-18.15186515021946,-20.474606390431447,-15.664671274600172,True,-1.4467714804516445
SIFT,1,random_proj,0.01,1.8722467260751454,2.4532306047890144,100,28.059272087767273,5.316959813488484,53.532018061959064,True,0.2314172401142886
SIFT,1,random_proj,0.05,1.287085665954029,1.3398103485746728,100,-24.652201331183665,-31.568466704502992,-17.56283917258979,True,-0.6671754552511393
SIFT,1,random_proj,0.1,1.1840302087571712,1.2112743676752302,100,-26.983487666420032,-31.346971461038088,-22.5236740492687,True,-1.1622256827684478
SIFT,1,random_proj,0.3,1.080382400131847,1.0911011190498794,100,-24.452590192567644,-26.76438710351407,-21.897815312418317,True,-1.9804391021161138
SIFT,1,random_proj,0.5,1.054321174511695,1.0566810548564094,100,-17.32423644105992,-19.66774240903139,-14.95786884961782,True,-1.4157992110991506
SIFT,1,reservoir,0.01,1.60565084387427,1.6934864793399178,100,-15.369986253176583,-22.049397218652082,-8.348056048349024,True,-0.43417847820213273
SIFT,1,reservoir,0.05,1.2189102399471103,1.2462638989965493,100,-32.230280698656,-37.158767420107736,-27.321559190826473,True,-1.2304810113714837
SIFT,1,reservoir,0.1,1.1402937152371992,1.1458478268262797,100,-31.5387656141967,-35.06670345250167,-28.06957407794854,True,-1.703794758671775
SIFT,1,reservoir,0.3,1.0697979224118155,1.0703075956165617,100,-25.953626047850626,-28.19125347822601,-23.499008463972416,True,-2.235305199182843
SIFT,1,reservoir,0.5,1.041849438462196,1.0433377963507482,100,-18.425753739756495,-20.699474292354495,-16.158181459833713,True,-1.580125797366395
SIFT,1,distance_shell,0.01,2.0010841370498165,2.1462478921496135,100,0.6437786815890353,-5.187354834651796,6.5392540402913335,False,0.021174435869454212
SIFT,1,distance_shell,0.05,1.803180425102429,1.9699096973383774,100,-1.7373675278162242,-7.3334853762603345,3.6809521257837647,False,-0.06124117847775849
SIFT,1,distance_shell,0.1,1.729526827979357,1.7842167920842937,100,1.6919784137275764,-1.2013771108016447,4.734689085052534,False,0.11132572094322155
SIFT,1,distance_shell,0.3,1.4785372639840126,1.51436489525464,100,2.5426621893870687,1.1955307156619663,3.842138060612208,True,0.38139902637042333
SIFT,1,distance_shell,0.5,1.3745204890913099,1.333514819273229,100,2.080614629657091,1.1912273884318194,2.8831027462385044,True,0.4905704772514645
SIFT,1,dbscan,0.01,4.507650449150572,5.553492002949434,97,182.8852326013394,142.0606011999461,231.1035396847629,True,0.7823421841878953
SIFT,1,dbscan,0.05,1.6620178146500901,2.6338450103908433,100,48.011796554358604,19.50906220423149,83.80924658614639,True,0.2847305690932789
SIFT,1,dbscan,0.1,1.4074512613917012,1.5376901912638454,100,-9.472130650982619,-15.760213425044187,-2.0300560676504857,True,-0.2657026854734518
SIFT,1,dbscan,0.3,1.1287974297963559,1.1382640642270387,100,-21.270730168474046,-23.709436372377997,-18.674981054544766,True,-1.67732434133755
SIFT,1,dbscan,0.5,1.0758588165505953,1.080411483641956,100,-15.332703998579532,-17.95404666914975,-12.693558162950678,True,-1.12367633466012
SIFT,1,pca1d,0.01,1.5506311419300298,1.6500546743629463,100,-18.766798525742114,-24.922614722343702,-12.349457538715622,True,-0.5822082654266669
SIFT,1,pca1d,0.05,1.1860362408039482,1.1939342682428034,100,-35.00721272982226,-39.7584884555176,-30.45496614026867,True,-1.4215143292808348
SIFT,1,pca1d,0.1,1.1135498094042826,1.1226950251572818,100,-33.07483005753332,-36.36392839454154,-29.792280004073874,True,-1.887565716614467
SIFT,1,pca1d,0.3,1.051427618833642,1.054746809304382,100,-26.9428391810051,-29.18221615212626,-24.457913617376615,True,-2.2542780156500353
SIFT,1,pca1d,0.5,1.0295966068749016,1.0315743168763991,100,-19.280940207216748,-21.568207273200418,-16.909721888511882,True,-1.6131344829831127
SIFT,1,agglomerative,0.01,1.6471661757255627,1.8907462068915502,100,-8.976055044236583,-15.763534359272334,-1.6416311626390736,True,-0.23762270505552766
SIFT,1,agglomerative,0.05,1.2077465620329146,1.2294781344042776,100,-33.468508580502586,-38.15908385169565,-28.70210281666845,True,-1.3522235288316238
SIFT,1,agglomerative,0.1,1.1314804498494222,1.1308969081400158,100,-32.78239925492974,-36.00381795896541,-29.585742708259104,True,-1.9265674519698288
SIFT,1,agglomerative,0.3,1.04818199334068,1.0520328095274432,100,-27.16455736121543,-29.361578933266642,-24.69771626469952,True,-2.3182117392205677
SIFT,1,agglomerative,0.5,1.0309166872173638,1.0332559688336382,100,-19.137240866581607,-21.397461947451085,-16.76818403103558,True,-1.5916038730329287
SIFT,1,birch,0.01,1.6485492082217954,1.7477088995107348,100,-13.89011475990455,-20.27628725202514,-7.478475769690725,True,-0.4143433282642614
SIFT,1,birch,0.05,1.2200335892565808,1.2420219325824153,100,-31.663535137516487,-36.875859475714755,-26.474971182052283,True,-1.1372191623860401
SIFT,1,birch,0.1,1.129264163061481,1.144219494996772,100,-31.666286152369622,-35.351169867169,-28.113655833414846,True,-1.7234008230253652
SIFT,1,birch,0.3,1.0577380623251091,1.0587456719658206,100,-26.65786347332783,-28.92166512658011,-24.211600911446407,True,-2.2106134090428737
SIFT,1,birch,0.5,1.030050299951275,1.0326533364106674,100,-19.16600733425772,-21.515199869775742,-16.76683561830149,True,-1.5775409545793526
SIFT,1,sparse_rp,0.01,1.6848161606947372,1.7081687508430525,100,-15.661547381051019,-21.890069220235713,-9.359174735197938,True,-0.4859519815292047
SIFT,1,sparse_rp,0.05,1.2013683287321588,1.2167120693784812,100,-33.80475422977173,-38.58860336487893,-29.030870609036686,True,-1.3409099318797812
SIFT,1,sparse_rp,0.1,1.1183068606793052,1.1265193630486738,100,-32.888305850342164,-36.23634521004911,-29.436542037803708,True,-1.8829758904557419
SIFT,1,sparse_rp,0.3,1.062242095302544,1.063904482786714,100,-26.37297871332244,-28.57447203510824,-23.97642624204134,True,-2.2641785161749612
SIFT,1,sparse_rp,0.5,1.0384158354117452,1.040049582605787,100,-18.64783915515447,-20.892071210409824,-16.315474208662987,True,-1.5756437198845168
SIFT,1,gmm,0.01,1.5524306728497124,1.630527583941357,100,-18.81717227473625,-25.159200094980356,-11.76747278068129,True,-0.5485047928604199
SIFT,1,gmm,0.05,1.1856267224843062,1.192297272307014,100,-35.0839363348185,-39.67435635224693,-30.7493089669739,True,-1.4274034078254083
SIFT,1,gmm,0.1,1.112574552394879,1.1191274095098156,100,-33.23887285879035,-36.72993009029171,-29.91903374774692,True,-1.8859062954130124
SIFT,1,gmm,0.3,1.0489256544825198,1.0506205633931975,100,-27.293205401267514,-29.505961142783832,-24.936147673681415,True,-2.3735441808173023
SIFT,1,gmm,0.5,1.0307007799057843,1.0324306931745262,100,-19.238561767238696,-21.4693193051878,-16.918924897436575,True,-1.632182040889028
SIFT,1,hybrid,0.01,1.5287542502464344,1.5637325311583492,100,-21.802448793605404,-28.376233579328574,-15.13874202368333,True,-0.6494297267115327
SIFT,1,hybrid,0.05,1.1959378801111598,1.2459896789683906,100,-30.022536257041903,-36.03905996762516,-23.752725349024587,True,-0.9109889403381906
SIFT,1,hybrid,0.1,1.1421497904287143,1.153956208417601,100,-30.455880273622586,-34.52430784428207,-26.537088138212383,True,-1.4389727454897383
SIFT,1,hybrid,0.3,1.0600958635519047,1.0639384524524131,100,-26.309485165865638,-28.507382973657265,-23.82585546425619,True,-2.2064684333677147
SIFT,1,hybrid,0.5,1.035607390437811,1.0385181220827553,100,-18.70636894666664,-21.01236576226691,-16.349406121042467,True,-1.5274653163120697
SIFT,1,faiss_ivf,0.01,1.6165690058893853,1.682289329429431,100,-17.852759856782566,-23.681629636293493,-11.284005020120762,True,-0.5678104586442415
SIFT,1,faiss_ivf,0.05,1.1959379036661923,1.200921971604904,100,-34.813937006827906,-39.274264102785715,-30.346937900659196,True,-1.4381598093360377
SIFT,1,faiss_ivf,0.1,1.114686456722548,1.1209373449957079,100,-33.2241549152561,-36.519907899178584,-29.995931573891855,True,-1.9403784911912314
SIFT,1,faiss_ivf,0.3,1.0451737251915345,1.046608688461459,100,-27.514967975195187,-29.815387838290153,-25.101130999474037,True,-2.324267732498253
SIFT,1,faiss_ivf,0.5,1.028487628292885,1.0307465599576604,100,-19.34496636430026,-21.623687228286812,-16.98344839560899,True,-1.6192946585611872
SIFT,1,hammersley,0.01,1.799346623306756,1.9506105358825192,100,-6.455930016821031,-13.195566926284966,1.088334629282387,False,-0.17836984609485426
SIFT,1,hammersley,0.05,1.3036620648288484,1.325611667972976,100,-27.019173126356378,-32.6680946033818,-21.21620236275201,True,-0.888072780100532
SIFT,1,hammersley,0.1,1.1820718335120914,1.194381760626254,100,-28.519312703506316,-32.307368731880025,-24.59512142854521,True,-1.4148098648715464
SIFT,1,hammersley,0.3,1.078834620830264,1.0782816705279326,100,-25.30669415806039,-27.666321333954844,-22.809608785427322,True,-2.0594128141717594
SIFT,1,hammersley,0.5,1.0416807537878434,1.0433599122035497,100,-18.349083394239226,-20.65826637103234,-15.935806469359498,True,-1.5070337570751446
SIFT,10,halton,0.01,1.9289852727561434,3.255004335004184,100,84.27851677788944,22.310193305599462,185.1618574750936,True,0.19199108887283337
SIFT,10,halton,0.05,1.2542011801469932,1.3381282119137867,100,-1.9862747110498808,-7.181983276468477,3.4983985885232145,False,-0.07199879725017497
SIFT,10,halton,0.1,1.182158251266522,1.195411812517232,100,-5.402848020977734,-8.333477913507501,-2.226815472946716,True,-0.33135634790736646
SIFT,10,halton,0.3,1.0881620800184888,1.0894005797335493,100,-7.385566514842534,-8.889554605429897,-5.983006020093901,True,-1.0041077344755007
SIFT,10,halton,0.5,1.046835991774879,1.0478043731772964,100,-6.214224474259091,-7.315612620521612,-5.192912646718391,True,-1.1464560091759242
SIFT,10,distance_shell,0.01,1.7049624188019217,1.7550800786309977,100,1.0959652387558483,-3.65060776749086,6.5849994500821385,False,0.042692233697848116
SIFT,10,distance_shell,0.05,1.3368597507463296,1.3783893444773314,100,-0.784979555946869,-3.570079271443205,1.800040425006105,False,-0.05714480834863517
SIFT,10,distance_shell,0.1,1.294547120637975,1.31638787262855,100,3.0812856498078283,1.1490733474177313,4.9725482948891555,True,0.30384579121708344
SIFT,10,distance_shell,0.3,1.2254135078093396,1.2250571324803723,100,3.873045276093398,2.582897495563644,5.063243432238657,True,0.6105286629044465
SIFT,10,distance_shell,0.5,1.1541448706584188,1.1461203062106753,100,2.41341217810441,1.5847183760226542,3.1847095819385265,True,0.5852802250311523
SIFT,10,random_proj,0.01,1.8687640954321887,2.5298269001685982,100,45.97386931873837,26.187103207752397,69.68135978905855,True,0.3893566258407863
SIFT,10,random_proj,0.05,1.2908192707144357,1.3774365113692608,100,0.94480571195852,-4.942683631664047,7.5742254669900095,False,0.029309394026145248
SIFT,10,random_proj,0.1,1.1860314915171477,1.202565529591496,100,-4.9404702872148905,-7.842960573036674,-1.7670577987612206,True,-0.3098674862929606
SIFT,10,random_proj,0.3,1.0828128680315536,1.0865080301443713,100,-7.64870521080633,-9.136791203236244,-6.269474891167516,True,-1.0842833910860281
SIFT,10,random_proj,0.5,1.0513854082139296,1.0526442017824502,100,-5.801815803146816,-6.834601944718415,-4.825998960346165,True,-1.149103959891063
SIFT,10,hybrid,0.01,1.6510089212899384,1.703009864383337,100,-1.6701064522896885,-7.484780529360394,4.13239906265656,False,-0.05544467467611016
SIFT,10,hybrid,0.05,1.196263329602386,1.210502942214478,100,-11.804106343359614,-14.979334115300425,-8.591809593662093,True,-0.7006388300284251
SIFT,10,hybrid,0.1,1.112378003384387,1.1227791732858217,100,-11.481453910001562,-13.7808542643559,-9.257777185033625,True,-0.9874324603059959
SIFT,10,hybrid,0.3,1.0485779429275088,1.0526755582810454,100,-10.507071249730307,-11.997911968236213,-9.143582605392451,True,-1.5361510008967783
SIFT,10,hybrid,0.5,1.0285836284496352,1.0306786438425437,100,-7.754050829120248,-8.760084593193625,-6.822434216755108,True,-1.5339093028759168
SIFT,10,pq,0.01,2.0695824963790663,4.186659488021459,100,143.59079487227416,91.0342816857804,203.0408352239256,True,0.5199483159040985
SIFT,10,pq,0.05,1.327028261003997,1.3783477304797105,100,-0.07595595003929474,-3.950975701141315,3.6138152739887346,False,-0.0037334426995970548
SIFT,10,pq,0.1,1.1870759695819952,1.1992367242757682,100,-5.335774615426622,-8.089427476344948,-2.5863783946851844,True,-0.37831809563448243
SIFT,10,pq,0.3,1.0761480816603908,1.0825706199976723,100,-7.940178225953015,-9.502963845034103,-6.398483656096168,True,-1.0251437740985896
SIFT,10,pq,0.5,1.0466332929772801,1.0490646078130121,100,-6.104277551133735,-7.198368657214583,-5.114307925898906,True,-1.1277916948475686
SIFT,10,hdbscan,0.01,1.5354640716868304,1.6895829815681287,100,-1.5825520422035408,-7.919158694094728,5.690314323618762,False,-0.047111817359645244
SIFT,10,hdbscan,0.05,1.199603935608252,1.207646082114057,100,-12.371531588795312,-15.207117414023957,-9.664218592644199,True,-0.8455353654023408
SIFT,10,hdbscan,0.1,1.1046175402456089,1.120740853057848,100,-11.793569264094444,-13.854045094292365,-9.779735364274167,True,-1.092863247526069
SIFT,10,hdbscan,0.3,1.0439457272636576,1.0470123567615222,100,-11.005660159743186,-12.28116692643566,-9.672016730380484,True,-1.678577804638332
SIFT,10,hdbscan,0.5,1.0291848024272934,1.029850858924317,100,-7.83715351862032,-8.821048770534524,-6.916849843710851,True,-1.6292163607578123
SIFT,10,spectral,0.01,1.6634257184725874,1.8572447389525784,99,6.8154368638423914,-2.5990205338383627,17.51560279035373,False,0.1367675884163495
SIFT,10,spectral,0.05,1.3483331801584093,1.4190918541086477,100,3.6734387702338585,-1.833089512952267,9.186972067683977,False,0.12983466876072572
SIFT,10,spectral,0.1,1.1857227873614902,1.2220088416351773,100,-3.2398378354994857,-6.921263640434925,0.8049319108242955,False,-0.1642477568177561
SIFT,10,spectral,0.3,1.086684720213667,1.0876898760281557,100,-7.510514848683044,-9.04299564262082,-5.9948516220874195,True,-0.9844139580091229
SIFT,10,spectral,0.5,1.0458711582434521,1.0487176372957563,100,-6.134429670923641,-7.195023448535518,-5.159968130201798,True,-1.130168644338454
SIFT,10,sparse_rp,0.01,1.5761772116802903,1.682804617904665,100,-1.7121789017351103,-7.615910809180656,5.000879071708845,False,-0.05554119878938215
SIFT,10,sparse_rp,0.05,1.2123444437215376,1.2284968322351377,100,-10.691839726183378,-13.595054040702712,-7.724887661446134,True,-0.669570490747862
SIFT,10,sparse_rp,0.1,1.1378032994903664,1.1396701643854792,100,-10.278241613764017,-12.27767468713342,-8.08614515933715,True,-0.9363864310495059
SIFT,10,sparse_rp,0.3,1.062675133087248,1.0663539301691087,100,-9.390081647117263,-10.689065496365131,-8.108942469309435,True,-1.4621225201815473
SIFT,10,sparse_rp,0.5,1.0420478037004455,1.0423467350079005,100,-6.7197025248136955,-7.733754962746409,-5.799743637552071,True,-1.370512658313058
SIFT,10,hierarchical_kmeans,0.01,1.605691148893355,2.474322877268193,100,55.65992349986757,-6.55212891965009,177.07845678790036,False,0.09570658386368382
SIFT,10,hierarchical_kmeans,0.05,1.1881706596732413,1.212187065009315,100,-12.17474452797055,-15.145362832205128,-9.207988278721697,True,-0.7973153777435628
SIFT,10,hierarchical_kmeans,0.1,1.1113466484145897,1.1169508920312228,100,-12.083552394554502,-14.043846384832968,-10.026304526496679,True,-1.1517914654970705
SIFT,10,hierarchical_kmeans,0.3,1.048393822447368,1.0477186499074478,100,-10.944615838540617,-12.299998609365357,-9.592384988852553,True,-1.6606365570635944
SIFT,10,hierarchical_kmeans,0.5,1.0294928876306542,1.0328422484855764,100,-7.560156910365755,-8.592495116384345,-6.6290554198086005,True,-1.5021855888884754
SIFT,10,dbscan,0.01,4.379142527255411,6.62092084006265,98,291.9865769768624,208.6826299212209,385.5029286073659,True,0.6298213714556369
SIFT,10,dbscan,0.05,1.6726788855732475,3.1908179712652105,100,124.74790497198791,68.47336507478188,192.75048648097533,True,0.40432349328635037
SIFT,10,dbscan,0.1,1.3833487963023252,1.4807525856109536,100,16.134731111745793,9.982272945466516,23.374952607777825,True,0.4451897046292308
SIFT,10,dbscan,0.3,1.1385709298558706,1.1550306395780976,100,-1.8402345309157742,-3.603752109038257,-0.045918072507373404,True,-0.19937830656619157
SIFT,10,dbscan,0.5,1.084606770044029,1.0901660912768225,100,-2.3858885898326445,-3.828771998514442,-1.089222458900563,True,-0.3506556686784568
SIFT,10,pca1d,0.01,1.4964567416126053,1.5683907558782315,100,-8.394859186874267,-13.719116940395965,-2.361147733622276,True,-0.29165037998641685
SIFT,10,pca1d,0.05,1.1894184518203224,1.1998363588627812,100,-12.765824871846297,-15.59798035199323,-9.92218434053697,True,-0.8446288312376657
SIFT,10,pca1d,0.1,1.123836107307211,1.1318470842979464,100,-10.867318019708835,-12.822790252371592,-8.507661685326632,True,-0.968546484944398
SIFT,10,pca1d,0.3,1.0565339891828656,1.0583448903743689,100,-10.066696326224486,-11.432064507720524,-8.779938170094878,True,-1.587114262537365
SIFT,10,pca1d,0.5,1.03065848045028,1.033216939561779,100,-7.530052725208003,-8.557041052436528,-6.600936086271041,True,-1.5032861865548788
SIFT,10,pca_kmeans,0.01,1.5837835950069397,1.6868984483702973,100,-2.0169643069403205,-8.807279189501818,5.880758387822936,False,-0.05586617516145406
SIFT,10,pca_kmeans,0.05,1.203080497881451,1.2123299196069255,100,-11.947468004185447,-14.843155920807432,-9.258297181203952,True,-0.7990831003779397
SIFT,10,pca_kmeans,0.1,1.1160707655157687,1.121365679603158,100,-11.786484948014781,-13.754201510524146,-9.831333382412936,True,-1.1638536277760876
SIFT,10,pca_kmeans,0.3,1.0497184750866952,1.0503235349651832,100,-10.722296455663638,-12.08516417669671,-9.412979064561702,True,-1.6238836761650508
SIFT,10,pca_kmeans,0.5,1.029276194794736,1.0332064758622315,100,-7.5263165252184585,-8.54729559574516,-6.566342944670803,True,-1.476190587379826
SIFT,10,agglomerative,0.01,1.561785724454205,1.7492077373321744,100,1.884172884090075,-5.605734643643935,10.392542348101793,False,0.04641234991486827
SIFT,10,agglomerative,0.05,1.2034145568118455,1.2166843425459737,100,-11.539364134204085,-14.440598645690406,-8.51743061209594,True,-0.7170533862252431
SIFT,10,agglomerative,0.1,1.1285835432583426,1.1311724643745802,100,-10.8395444800974,-13.085880710132482,-8.575401463288935,True,-0.9281468597006416
SIFT,10,agglomerative,0.3,1.0502380797639685,1.0523122116271282,100,-10.553960778939876,-11.89408589849329,-9.235455973891199,True,-1.5963842811703095
SIFT,10,agglomerative,0.5,1.0297746421580918,1.0307457304679941,100,-7.762637961264586,-8.721572713000459,-6.8981981979321505,True,-1.6467911050256168
SIFT,10,hilbert,0.01,1.5225186786650955,1.6552822577853261,100,-3.9293793321513175,-9.018956493250323,1.8435593493161695,False,-0.13871222877126965
SIFT,10,hilbert,0.05,1.1814606291271879,1.195329582637376,100,-13.055065169986442,-15.958442847832748,-10.082821881323122,True,-0.840490947807686
SIFT,10,hilbert,0.1,1.107940575245252,1.1164942069910677,100,-12.016750534464057,-14.129977565458015,-9.81646924002696,True,-1.0599294950418108
SIFT,10,hilbert,0.3,1.0475860901804785,1.0477198353614638,100,-10.907606284627306,-12.358194152327815,-9.521043963609275,True,-1.544188185193538
SIFT,10,hilbert,0.5,1.0273656842300993,1.0287792866848786,100,-7.922177947087582,-8.932655505089972,-7.0018418658453685,True,-1.564943666659754
SIFT,10,birch,0.01,1.729636424551964,1.9247988546527492,100,10.351955273252491,3.470900186763426,18.151138696694336,True,0.27210119040576536
SIFT,10,birch,0.05,1.2433317128298693,1.277999697731199,100,-7.163946879756257,-10.70319682788003,-3.4547400589880004,True,-0.389626246250646
SIFT,10,birch,0.1,1.1575474552804539,1.1590747751002108,100,-8.563593080667554,-10.880780996974632,-6.078220466964615,True,-0.6645972943119699
SIFT,10,birch,0.3,1.059719320197503,1.062514002828603,100,-9.691737781790438,-11.072871142917963,-8.329754163753156,True,-1.4269647031285437
SIFT,10,birch,0.5,1.0356521863430066,1.0365158627067523,100,-7.236738102100687,-8.285758873055904,-6.342354342724838,True,-1.4558190816479442
SIFT,10,zorder,0.01,1.5133006242364684,1.5901560095009921,100,-7.619173322266525,-12.49628675160238,-2.065908787051393,True,-0.27152925111617476
SIFT,10,zorder,0.05,1.1747872113344915,1.189117639769466,100,-13.599682454070244,-16.41191952913315,-10.889139896958815,True,-0.9238456650837846
SIFT,10,zorder,0.1,1.1100953085798624,1.115393632091968,100,-12.103821796259153,-14.226405540482258,-9.813454251751468,True,-1.054943158114303
SIFT,10,zorder,0.3,1.0487133255891248,1.049650128997005,100,-10.76597524498436,-12.155289232147,-9.430781462780642,True,-1.585094274654457
SIFT,10,zorder,0.5,1.0291429191785197,1.0306854221223596,100,-7.762288676779856,-8.756776365252442,-6.884682678473161,True,-1.597009266203846
SIFT,10,optics,0.01,2.2376411129075313,2.3813298829448812,98,36.71972104533697,26.71504099612458,47.48399542178101,True,0.6703717883095588
SIFT,10,optics,0.05,1.5150816810917953,1.7344644556046027,100,27.798403195899123,15.43783575118351,42.245971771960896,True,0.42570805253949695
SIFT,10,optics,0.1,1.2780334787496939,1.3765854485837077,100,9.135086992694205,3.740963067434175,15.038787761170635,True,0.31833936452683914
SIFT,10,optics,0.3,1.1374605412508871,1.1475364647019037,100,-2.422916992174899,-4.302761383390655,-0.6235235027033745,True,-0.2641127629578045
SIFT,10,optics,0.5,1.0805975295430645,1.0857743920541008,100,-2.8203488378809993,-4.032382728743725,-1.578291427684952,True,-0.4708575828047252
SIFT,10,importance_sampling,0.01,2.7912739049728907,3.313754626736456,69,102.80392672793171,71.64970471834182,135.8859482666522,True,0.7553215042867217
SIFT,10,importance_sampling,0.05,1.9546909334936453,1.9638064760118317,100,41.372154361923165,35.09385616141228,47.483184363958664,True,1.2756566537184795
SIFT,10,importance_sampling,0.1,1.4770443668462958,1.858299803067317,100,42.23465503075031,33.5957281176141,50.935306655175836,True,0.947083078599336
SIFT,10,importance_sampling,0.3,1.228517599638103,1.2650521928454608,100,6.961312510178151,5.237337248534634,8.77359092393687,True,0.7613897065322803
SIFT,10,importance_sampling,0.5,1.1538033712659765,1.1535499713362234,100,3.0514271551172634,2.2958301645220716,3.8451578885377256,True,0.7394643800410291
SIFT,10,hammersley,0.01,1.955584924274154,2.4413517827103077,100,38.9210481242998,23.39174145090345,58.06340325201001,True,0.4394778727926961
SIFT,10,hammersley,0.05,1.3030246645747061,1.336201721694806,100,-2.8216772552130793,-6.866298726470161,1.4443942741596856,False,-0.12841973360914608
SIFT,10,hammersley,0.1,1.1935956569835713,1.1967036225860623,100,-5.761811210572535,-7.962154451567893,-3.429761582224291,True,-0.46886834964309915
SIFT,10,hammersley,0.3,1.0768472723023703,1.0765563374114409,100,-8.487251063246164,-9.923596731614833,-7.047282669858006,True,-1.2126666308941252
SIFT,10,hammersley,0.5,1.042857099959007,1.0463511423279719,100,-6.348436083968846,-7.42141859369139,-5.371120952817568,True,-1.2009334265879446
SIFT,10,minibatch,0.01,1.510712683182589,1.6630054166481358,100,-4.25890266074034,-10.091299556365204,1.9622032541681373,False,-0.14108286970289557
SIFT,10,minibatch,0.05,1.1735733471075696,1.1988622314193886,100,-12.794236642116743,-15.966601313410791,-9.70636942973336,True,-0.7933898792020723
SIFT,10,minibatch,0.1,1.107506493363731,1.1141228157945564,100,-12.168283060929914,-14.34255425181617,-9.959184659307187,True,-1.0683683922053309
SIFT,10,minibatch,0.3,1.0478514547348277,1.051270709753615,100,-10.629377009801233,-12.031378341728027,-9.266231810418043,True,-1.546621792291027
SIFT,10,minibatch,0.5,1.02855549464096,1.0294833894603306,100,-7.86308091599231,-8.884003645792173,-6.930805432242453,True,-1.5800249760318574
SIFT,10,faiss_ivf,0.01,1.5498470663929957,1.7518689486617327,100,2.8400652945496923,-5.303185721757013,12.94628632741625,False,0.06385417858608623
SIFT,10,faiss_ivf,0.05,1.1892300709411763,1.2001961945722008,100,-12.860057121065372,-15.49353677469285,-10.173887618823864,True,-0.882078199877927
SIFT,10,faiss_ivf,0.1,1.1153521334878547,1.1211944103485856,100,-11.694647701927904,-13.75871139034787,-9.56953561112182,True,-1.0770196495246531
SIFT,10,faiss_ivf,0.3,1.048915551536867,1.0527972890876192,100,-10.491426971490641,-11.84738268940679,-9.135466552157562,True,-1.5150075847460034
SIFT,10,faiss_ivf,0.5,1.0300175827551596,1.0308919410417239,100,-7.743733077312052,-8.733446845653573,-6.818177292721035,True,-1.6010633492129656
SIFT,10,kmeans_pp,0.01,1.595144159578585,1.679539470781693,100,-2.8048702501912817,-8.664558029529065,3.5594556425426607,False,-0.0913021664285953
SIFT,10,kmeans_pp,0.05,1.183873120995801,1.194839457348682,100,-13.134287351050055,-16.118541214972694,-10.27304992798006,True,-0.8647488078624206
SIFT,10,kmeans_pp,0.1,1.1126112713213678,1.115333063195749,100,-12.119774889731975,-14.125527990817979,-10.026888467595105,True,-1.086632961940523
SIFT,10,kmeans_pp,0.3,1.0457269932370847,1.0474296363665667,100,-10.98549339012394,-12.264727902368623,-9.780140637231334,True,-1.728801497250249
SIFT,10,kmeans_pp,0.5,1.0268570866390503,1.0291530017209944,100,-7.89517784997422,-8.864214725927377,-6.952854799510816,True,-1.599143064951366
SIFT,10,kdtree,0.01,1.6064550574134335,1.7199810123527752,100,0.04459412004001542,-6.423711219746607,7.002989984859803,False,0.0012790193161597329
SIFT,10,kdtree,0.05,1.2041937016276416,1.2178671822264662,100,-11.50638249611379,-14.489982625028935,-8.689727960650904,True,-0.7389227847230563
SIFT,10,kdtree,0.1,1.1209854504562136,1.125477039246238,100,-11.318924966558129,-13.394529578033628,-9.274309156337363,True,-1.0152513744650709
SIFT,10,kdtree,0.3,1.0494905953007496,1.0522146327497248,100,-10.550908162027556,-11.91559599028499,-9.241732904085861,True,-1.551643511266444
SIFT,10,kdtree,0.5,1.031563952480603,1.0315208452520295,100,-7.68678948098622,-8.637074930545882,-6.812121440882571,True,-1.5845543445301187
SIFT,10,coresets,0.01,1.6393296392413086,1.713541549265773,100,-0.3411954715219142,-6.4700901646139535,6.764255621606171,False,-0.010358144677139565
SIFT,10,coresets,0.05,1.1898012964505613,1.2012206359548783,100,-12.83016390476265,-15.75255968418718,-10.114670984586628,True,-0.8547917461105853
SIFT,10,coresets,0.1,1.1035754147693555,1.1156791672188497,100,-12.13374921081248,-14.19621326995446,-10.125960498676756,True,-1.1073806976197458
SIFT,10,coresets,0.3,1.0458024901062624,1.0471413660803026,100,-11.005337454941937,-12.316678757280577,-9.711321577839335,True,-1.724152038363374
SIFT,10,coresets,0.5,1.0310447951430688,1.0320105590641755,100,-7.644340753404854,-8.622933645563938,-6.750203869119569,True,-1.5750072492444618
SIFT,10,reservoir,0.01,1.6593801317845958,1.6801417315935967,100,-1.908534452806828,-7.860014749853711,4.629316286882465,False,-0.062221523089205734
SIFT,10,reservoir,0.05,1.1993336731729962,1.2161268578165128,100,-11.294327820194335,-14.730231784785762,-8.125975607894805,True,-0.6489378457877398
SIFT,10,reservoir,0.1,1.1332143381982023,1.1354089926654358,100,-10.491695222901487,-12.694254230842375,-8.32189441029805,True,-0.9100472403072918
SIFT,10,reservoir,0.3,1.0584653063470313,1.0625376059224039,100,-9.665233398635976,-11.109715524323313,-8.35000594775713,True,-1.3887021349188118
SIFT,10,reservoir,0.5,1.041849486738252,1.0443384797575221,100,-6.548893473673774,-7.5339546165856355,-5.673930025705231,True,-1.358016485709301
SIFT,10,minibatch_partial,0.01,1.5810275090231438,1.7548515980868644,100,1.4328740255896413,-5.565161158788893,9.382438596418496,False,0.03826290331816679
SIFT,10,minibatch_partial,0.05,1.1837313746485567,1.2193467855522622,100,-11.680451023469939,-14.624397105071994,-8.88744637047496,True,-0.7696659819186399
SIFT,10,minibatch_partial,0.1,1.1121231287068014,1.1251598909217326,100,-11.62808314591698,-13.428107383040041,-9.691770236162471,True,-1.2221076414890841
SIFT,10,minibatch_partial,0.3,1.0441184539915265,1.0457352194160316,100,-11.126666169443808,-12.375781932179315,-9.843371588943324,True,-1.7446824401881442
SIFT,10,minibatch_partial,0.5,1.0299850674007143,1.0312956444994712,100,-7.698892761402062,-8.673003276115436,-6.780517507341829,True,-1.5357477959934513
SIFT,10,kde_pilot,0.01,1.5428511191479963,1.6110578313010393,100,-7.386762156759691,-11.765386867475515,-2.424627824816084,True,-0.3116908871617635
SIFT,10,kde_pilot,0.05,1.225429299830687,1.2480274775743014,100,-9.816577669326982,-12.362108698753218,-7.442118486315718,True,-0.7518929047750316
SIFT,10,kde_pilot,0.1,1.1886904153026674,1.191234356887895,100,-6.416126185166684,-8.265429339803505,-4.4284167702457164,True,-0.6378645346560863
SIFT,10,kde_pilot,0.3,1.124316537378578,1.1197824821287097,100,-4.9465829361374345,-6.143778447825273,-3.773127495999203,True,-0.824571347503872
SIFT,10,kde_pilot,0.5,1.0829743985379632,1.079501578499153,100,-3.4930766042655854,-4.211180373844918,-2.8382173368032984,True,-1.0256590008872384
SIFT,10,lsh,0.01,1.7940626535871735,2.153243113146075,100,26.06629206354605,14.103243835170435,41.47824204004962,True,0.37747243920918583
SIFT,10,lsh,0.05,1.2450043798744077,1.2613799172827005,100,-8.237454458385939,-11.618641460104206,-5.072632747224754,True,-0.48611400049217085
SIFT,10,lsh,0.1,1.1618770493553543,1.173698782769459,100,-7.541060809943854,-9.803577118833967,-5.2953405828363795,True,-0.6191857198501372
SIFT,10,lsh,0.3,1.0737198317768688,1.076767968367173,100,-8.450463566148404,-9.90144725486442,-7.078455684582212,True,-1.1663878411507722
SIFT,10,lsh,0.5,1.0479489858632045,1.0489286830965912,100,-6.140914059473227,-7.175594252095326,-5.235430867185894,True,-1.2714809614458062
SIFT,10,gmm,0.01,1.5347695718663954,1.7029165906407966,100,-0.6560769565339569,-6.8428086696042225,6.713523396728151,False,-0.019396814682110793
SIFT,10,gmm,0.05,1.2252900774980997,1.221157859391754,100,-11.05298212696965,-14.407211933016706,-7.802767291963223,True,-0.652965699091081
SIFT,10,gmm,0.1,1.1222177711816355,1.1252305583084594,100,-11.360669508753663,-13.467237938749966,-9.211552500718602,True,-1.0210011433469246
SIFT,10,gmm,0.3,1.0505549695378549,1.053954889198414,100,-10.421911574090203,-11.783764321395376,-9.130392224788876,True,-1.5791664422801535
SIFT,10,gmm,0.5,1.0339256434905892,1.0343449341905058,100,-7.431750062233258,-8.437558779691281,-6.518668337099283,True,-1.5089156581627026
SIFT,10,sobol,0.01,2.0026431609236974,36.55864041151587,100,1701.7129429536394,213.6909267946267,5574.276057579901,True,0.12762521686425818
SIFT,10,sobol,0.05,1.3387281592146882,1.5193777547276803,100,12.958601976350865,-1.7671278867418743,32.604426459096416,False,0.13902496333982736
SIFT,10,sobol,0.1,1.205190922186949,1.2233953240719615,100,-3.2745482264606967,-6.45951890642869,-0.04631249239618766,True,-0.19589154643482792
SIFT,10,sobol,0.3,1.0810980670483952,1.0862336386478453,100,-7.668647400143021,-9.173344875722846,-6.2847190172181575,True,-1.071859825636072
SIFT,10,sobol,0.5,1.043108426239286,1.045919654930981,100,-6.379445661220618,-7.4753359111871385,-5.332234933606483,True,-1.1578591302054575
SSN,1,kmeans_pp,0.01,1.6188731233966052,1.6761872182820357,100,10.684914004162245,4.25762610121127,16.86429531630458,True,0.33752456034668527
SSN,1,kmeans_pp,0.05,1.1992596757701428,1.2200314831505132,100,0.9145559862749539,-1.1400927863892258,2.9362934470263204,False,0.08546774636252565
SSN,1,kmeans_pp,0.1,1.1280563935201966,1.1343194981307354,100,0.6176430554459564,-0.5628601703344669,1.7050771176169912,False,0.10154788647409789
SSN,1,kmeans_pp,0.3,1.0652017457156409,1.0678031281708105,100,0.3807654734359181,-0.18101247074002538,0.9319690360729865,False,0.13581434802700265
SSN,1,kmeans_pp,0.5,1.0413466748288658,1.044198206211786,100,0.45062980985979806,0.08910645917578634,0.8595683869332991,True,0.2367096784195321
SSN,1,hilbert,0.01,1.6148096391027726,1.6594334335179426,100,9.407616611724693,3.314222971764904,15.716704094926717,True,0.28842491158516315
SSN,1,hilbert,0.05,1.2026627375035184,1.2129871903066565,100,0.37323528538810846,-1.6492408092606021,2.295006165056165,False,0.03647861151101117
SSN,1,hilbert,0.1,1.1408189015109076,1.1460740611015767,100,1.6895200820329983,0.41342062297403254,3.0392030824211056,True,0.2598354172114933
SSN,1,hilbert,0.3,1.0649508661360296,1.0658506645875176,100,0.2113515694273028,-0.43095321095107963,0.840119905421142,False,0.06337459039153193
SSN,1,hilbert,0.5,1.0430000954280743,1.043977710982311,100,0.43335999833606853,0.006680510591575032,0.8524645728764496,True,0.18815922858720197
SSN,1,kdtree,0.01,1.566885490046531,1.695629698028264,100,10.637419765855904,4.412990165930492,16.991372841909623,True,0.3433125215409048
SSN,1,kdtree,0.05,1.2103065719706887,1.2205714595430974,100,1.0286031594150358,-1.1280642887841734,3.0644679918804663,False,0.09875413005308248
SSN,1,kdtree,0.1,1.139717637046763,1.1461116854954512,100,1.6837289625304623,0.39964866817249556,2.908415900223263,True,0.2637053077276344
SSN,1,kdtree,0.3,1.0641885062879184,1.0695837436963809,100,0.5562767315049431,-0.12017436424231157,1.170202650138104,False,0.16813945890416693
SSN,1,kdtree,0.5,1.0414420962973874,1.0439353738866566,100,0.4323398086828355,-0.016939849523769958,0.874986526771858,False,0.18341120022660864
SSN,1,dbscan,0.01,5.004948698698699,330.29376032315537,67,16003.610260532985,3487.4694115306497,33383.966706418185,True,0.25303818489562996
SSN,1,dbscan,0.05,1.7146887503394754,3699.079733029391,100,302414.9385734706,192503.25293541278,425766.13333302905,True,0.5029041298013777
SSN,1,dbscan,0.1,1.657283127510094,5240.770606820364,100,465069.58380317973,297045.0871674285,660734.1204351853,True,0.4888137151501037
SSN,1,dbscan,0.3,1.3334500643798837,257.43664790420576,100,24296.75779321155,28.57295929838585,63833.332114055986,True,0.1383996299485657
SSN,1,dbscan,0.5,1.2017956838847355,1.2204116878262148,100,17.401658715645198,15.590137687367447,19.783740107523695,True,1.5930262239840183
SSN,1,pq,0.01,1.6358621609764075,1.759528403926867,100,14.640384188200757,8.625835022213568,20.92630609400682,True,0.4630349632977898
SSN,1,pq,0.05,1.2118635267902906,1.2248487294281525,100,1.304958918627472,-0.5142342796060557,3.15644139356832,False,0.1372295060048272
SSN,1,pq,0.1,1.1467625877301841,1.1507421773302515,100,2.0939971523151244,0.8341978697617619,3.2905825705294656,True,0.3361428563157836
SSN,1,pq,0.3,1.0732843845374478,1.072444834290234,100,0.8178659501406363,0.2734845021987671,1.3525083683500816,True,0.29210854117996876
SSN,1,pq,0.5,1.0435153436258102,1.043225957539179,100,0.35731246057760985,0.011701662451913713,0.6998981846630236,True,0.19330407446213851
SSN,1,sobol,0.01,3.9126476189790047,30.77236274802932,100,2080.697808594978,577.9595904233029,5083.045375498209,True,0.180863246768758
SSN,1,sobol,0.05,1.4982109115919622,1.5769100272413374,100,30.3746097793435,24.568964464162708,37.2303875498129,True,1.0088441879366186
SSN,1,sobol,0.1,1.2749250525341282,1.3108422553115628,100,16.230950484103463,13.39302326141048,18.88366792725648,True,1.170719766192882
SSN,1,sobol,0.3,1.1234779474728374,1.1274087784754507,100,5.989462096570552,5.006262652183291,6.901541206884237,True,1.1986545720572865
SSN,1,sobol,0.5,1.0790625758920085,1.0821377760527005,100,4.105183484036109,3.4814140236649,4.75300760349075,True,1.2069976779490932
SSN,1,agglomerative,0.01,1.5415038383147808,1.6642419619908804,100,9.525514722692346,3.0868780421863597,16.344630517040944,True,0.29705473427474677
SSN,1,agglomerative,0.05,1.2274766782270352,1.2341440151534733,100,2.094601096000157,0.0661998921791349,4.096413617179499,True,0.21055255919097388
SSN,1,agglomerative,0.1,1.1332716341273885,1.1415315043384175,100,1.257720955119116,0.11899273088618398,2.385983460048669,True,0.2141960182244269
SSN,1,agglomerative,0.3,1.0665521603131156,1.063944192118163,100,0.02840695201020561,-0.5634215357705409,0.593314085222979,False,0.009273974409548155
SSN,1,agglomerative,0.5,1.0385136714340808,1.0398104230115615,100,0.03383214009963098,-0.38296691162349933,0.4452159004268669,False,0.015478249577650673
SSN,1,hdbscan,0.01,1.568190545188228,1.6906071139960193,100,11.678647214975992,4.841324424143492,18.60860833580695,True,0.3252933057123618
SSN,1,hdbscan,0.05,1.2129636291297698,1.216892422410369,100,0.7328267822999556,-1.6510316455741405,3.0221496910223897,False,0.06602545578928036
SSN,1,hdbscan,0.1,1.126712515573956,1.136204502242089,100,0.8351752134445924,-0.5903317720942383,2.2436000799695326,False,0.11574662959404532
SSN,1,hdbscan,0.3,1.0631798680921998,1.0678189547053885,100,0.38634557334344904,-0.2336367240557523,1.0294316813227762,False,0.12322010143671239
SSN,1,hdbscan,0.5,1.0420240204445683,1.0436272252234409,100,0.39820414304709467,-0.0019335072302298377,0.7777522646251094,False,0.1925086602182882
SSN,1,hybrid,0.01,1.5719568827397774,1.712071560964124,100,13.228981196275932,6.260765580999243,20.157800447841762,True,0.3735516529363447
SSN,1,hybrid,0.05,1.1986794869281159,1.2309856124181566,100,1.9521143385513056,-0.46673033556369864,4.521182267366846,False,0.14860688406022865
SSN,1,hybrid,0.1,1.125143908627345,1.13428331087605,100,0.6438222894198021,-0.6630933747101372,2.0111820873813566,False,0.09490769923492898
SSN,1,hybrid,0.3,1.0631834219525973,1.065687713493224,100,0.194095190658518,-0.4778870775733512,0.7784906826285712,False,0.06119482130721945
SSN,1,hybrid,0.5,1.041475838427191,1.04214317648365,100,0.2599712904238536,-0.1416977714707619,0.6742236645654633,False,0.1195654717558709
SSN,1,minibatch,0.01,1.5964109838082892,1.6849588662329773,100,11.059878027491681,4.924035517832608,17.074622335211473,True,0.34859483296324123
SSN,1,minibatch,0.05,1.194073464065657,1.2121175637783088,100,0.349286083129475,-1.7510680983376536,2.371363842864817,False,0.033132986075837714
SSN,1,minibatch,0.1,1.1236667349515135,1.1310634508000927,100,0.3788616178828245,-0.9366992239057417,1.7604471567438464,False,0.05682701626656225
SSN,1,minibatch,0.3,1.0636491562005717,1.0659479527940952,100,0.21221462318560655,-0.37247054016962206,0.7994792065884377,False,0.0714855593394961
SSN,1,minibatch,0.5,1.0419539329954466,1.0428818831226077,100,0.32444317145507495,-0.058382218751996444,0.6953322087733632,False,0.16452513792264867
SSN,1,halton,0.01,5.9487032665365245,73.84816808602538,100,4226.030637493689,838.8382517703528,8965.681743721436,True,0.2025895091517124
SSN,1,halton,0.05,1.4601641403964258,1.5650276687502476,100,29.42755593753045,23.723395481688872,36.344333803084346,True,0.9241663471070528
SSN,1,halton,0.1,1.2852641344869533,1.313052594697266,100,16.46327130748794,14.32406801951881,18.745748513400983,True,1.4223214661632357
SSN,1,halton,0.3,1.1264364546100012,1.131544040528306,100,6.402255315519309,5.260849006198452,7.523261605712148,True,1.1183438798044005
SSN,1,halton,0.5,1.0792064698477495,1.0826264351053845,100,4.153838430331923,3.519212325222185,4.785263882700318,True,1.235884333710728
SSN,1,reservoir,0.01,1.6190711299174432,1.6558873765626387,100,8.742125139543852,2.756386086024279,14.489435489876431,True,0.28911978597909965
SSN,1,reservoir,0.05,1.1889814474375195,1.2077638574234575,100,-0.054829986193901795,-2.1121440266670533,1.9609255857856493,False,-0.005392053067968631
SSN,1,reservoir,0.1,1.1266972260795036,1.1306842049729342,100,0.2637632405550696,-0.8054181573095301,1.287705004973998,False,0.04680597046387203
SSN,1,reservoir,0.3,1.0616621571485099,1.0660221648208579,100,0.22842542202225402,-0.4632015920693876,0.8969853105586347,False,0.06708240570843464
SSN,1,reservoir,0.5,1.0402831659100689,1.0406058406780248,100,0.10624162637666384,-0.24832907114650674,0.4633534733083184,False,0.05753749077054471
SSN,1,hammersley,0.01,5.855528775882126,131.91215246067003,100,8879.243152168228,3328.6655637512085,15224.950416450947,True,0.29960823559448746
SSN,1,hammersley,0.05,1.4712952797012098,1.5378148341577451,100,26.96506578180088,22.159247200611293,32.12675707961768,True,1.0540122370631329
SSN,1,hammersley,0.1,1.3129818985660981,1.33137400005032,100,18.121121992171112,15.738777657768024,20.53431395749818,True,1.4160590212027753
SSN,1,hammersley,0.3,1.126199269343219,1.1321449508407992,100,6.451214592150833,5.437310715722548,7.396254931597045,True,1.1882712206248327
SSN,1,hammersley,0.5,1.078462204304436,1.0847242030386803,100,4.354482308089239,3.636781050224377,5.089706450456396,True,1.1733928200291943
SSN,1,spectral,0.01,1.5701942544879024,1.6864396454822677,100,10.973843813992682,4.9146015980013535,17.41297849365894,True,0.3392908329956371
SSN,1,spectral,0.05,1.2236007870312817,1.2260135993331327,100,1.4440172738186086,-0.4968342329636099,3.3844314617880924,False,0.1420541114789415
SSN,1,spectral,0.1,1.132148459123996,1.1412949567817305,100,1.2570361126650917,0.033161599104709644,2.4831549175395047,True,0.19077929651806272
SSN,1,spectral,0.3,1.0626706492025617,1.064369201534058,100,0.06474568077869282,-0.5023631394018313,0.6052901960839401,False,0.02206980538093621
SSN,1,spectral,0.5,1.0386527762301303,1.0400338495601849,100,0.054864855163120625,-0.35815028225692147,0.4428621476187438,False,0.026720381998344516
SSN,1,kde_pilot,0.01,1.9181919004782326,2.008537781843999,100,32.309109484974954,24.58290307400975,40.723544037646484,True,0.7960032237640554
SSN,1,kde_pilot,0.05,1.2732726605138147,1.288319170726984,100,6.680199384827936,4.29555572400964,8.744664144204867,True,0.6203063729725995
SSN,1,kde_pilot,0.1,1.175472061093099,1.187160930400907,100,5.310866507254336,3.9701696383062206,6.581332528365067,True,0.7938529921249757
SSN,1,kde_pilot,0.3,1.0761145383579027,1.0767063479758252,100,1.2266272147498711,0.6342437651863305,1.7527809660570925,True,0.41408189769010495
SSN,1,kde_pilot,0.5,1.042012823095165,1.0429269599676816,100,0.3313710376987444,0.003037876799939573,0.6702494980400107,True,0.1866220024079372
SSN,1,distance_shell,0.01,1.5592112773876177,1.624878308123952,100,7.450610230630059,2.0610228281973857,12.90720903315213,True,0.27002971315117374
SSN,1,distance_shell,0.05,1.2437262293741593,1.2537999842686203,100,3.749887565071439,1.8975542635339093,5.422726800454584,True,0.41873111107012506
SSN,1,distance_shell,0.1,1.2010909952304774,1.2016845782987462,100,6.614748235384952,5.317522695573217,7.908352012372732,True,1.0024651725713039
SSN,1,distance_shell,0.3,1.1239133540393351,1.128779204611464,100,6.113546064714905,5.243307753035399,6.929546130932352,True,1.4157618220678456
SSN,1,distance_shell,0.5,1.0781297272341228,1.0796985814076698,100,3.8705699726239646,3.396666732677231,4.3485942984568675,True,1.4976865737244665
SSN,1,minibatch_partial,0.01,1.615353607256976,1.7257902156339417,100,13.370721888098023,6.1736748285741365,21.099929521242085,True,0.36863883094583255
SSN,1,minibatch_partial,0.05,1.2015196557251273,1.2219705097040148,100,1.129387563643289,-1.1267194963288727,3.3327039719488507,False,0.10668454579277928
SSN,1,minibatch_partial,0.1,1.1334824670202899,1.1381734476728407,100,1.0235581936691018,-0.4010177793424719,2.5193863538271586,False,0.14240955688904527
SSN,1,minibatch_partial,0.3,1.0634228400431702,1.0677702056856309,100,0.38553502347013185,-0.27172824854925753,1.0550768109831057,False,0.11706357224209352
SSN,1,minibatch_partial,0.5,1.0419491363881561,1.043833617157176,100,0.41886406115937286,0.023088560147029414,0.8499799157949594,True,0.19751096416983158
SSN,1,lsh,0.01,1.5766258365603987,1.7353763439161682,100,13.656073936756586,6.976170624543249,20.59006146721858,True,0.3939846852014226
SSN,1,lsh,0.05,1.2035787898897397,1.213017304708022,100,0.37204896018363137,-1.5882993317325371,2.0884187061963493,False,0.039146683508316946
SSN,1,lsh,0.1,1.1432571113571983,1.1479646762810567,100,1.828505655638317,0.6850190950029053,3.0844114660252,True,0.29671825519355916
SSN,1,lsh,0.3,1.0639092737427536,1.065754675752598,100,0.20421708612499614,-0.42815327067779657,0.89304525638744,False,0.06179252402559985
SSN,1,lsh,0.5,1.0439930960196604,1.0439707874743258,100,0.4299859649608504,0.07278026966446535,0.8278880281065287,True,0.2148099608574958
SSN,1,sparse_rp,0.01,1.5898554623320498,1.6795167101403552,100,11.04185853516898,4.119254056144391,17.977346630732185,True,0.3065513126402438
SSN,1,sparse_rp,0.05,1.2099350000971523,1.2230734506319072,100,1.1858704802685103,-0.7801896881767105,3.1640508962487903,False,0.11610080437036771
SSN,1,sparse_rp,0.1,1.1340351733919263,1.1420563605426488,100,1.3141790010769967,0.05803749490768581,2.6230130450141695,True,0.20127409098208218
SSN,1,sparse_rp,0.3,1.0618440235650848,1.0642932807566807,100,0.06510528248843658,-0.6205983782929724,0.7157667983664595,False,0.019437986324036725
SSN,1,sparse_rp,0.5,1.0392005457951634,1.0410182851592062,100,0.14541942524347096,-0.2326115823531822,0.5225471464365423,False,0.07366471914018015
SSN,1,hierarchical_kmeans,0.01,1.5501424871027405,1.7052840601216437,100,12.895657870865177,5.520713768668225,20.319279769937545,True,0.35638956191071064
SSN,1,hierarchical_kmeans,0.05,1.2048001337195118,1.2139880042659048,100,0.4836661417394971,-1.6348044880915402,2.5254870221474754,False,0.04644488726871406
SSN,1,hierarchical_kmeans,0.1,1.1354474428892343,1.1376293399337707,100,0.9583807745334658,-0.3400003602203179,2.2671155498044606,False,0.1399887614804277
SSN,1,hierarchical_kmeans,0.3,1.0600236087961004,1.061078945747669,100,-0.24198472893475212,-0.8400678191928179,0.3086014019304408,False,-0.08145015351540108
SSN,1,hierarchical_kmeans,0.5,1.0355933349032163,1.039582888238912,100,0.012554169852584366,-0.4530388498527272,0.4472868096648242,False,0.005515599563021106
SSN,1,coresets,0.01,1.5148356131279368,1.5960053842796196,100,5.756550651217285,-0.10978959473785033,11.755735159653877,False,0.19203245675219605
SSN,1,coresets,0.05,1.2043119573530463,1.2147885580938307,100,0.6284717402236356,-1.661456799370308,2.756589413085562,False,0.05716232488025358
SSN,1,coresets,0.1,1.1381971757440283,1.137144417329433,100,0.9248589275156204,-0.4255085836186197,2.2516873815762377,False,0.13562684874153935
SSN,1,coresets,0.3,1.0643259327461454,1.064867351711601,100,0.11415435465929391,-0.5145340612881609,0.7521160153134357,False,0.036703542426956816
SSN,1,coresets,0.5,1.0401224383951588,1.0429039341035422,100,0.3303899453017379,-0.09226972932443574,0.768242002816687,False,0.15507532242614014
SSN,1,pca_kmeans,0.01,1.6004810059532173,1.699444248185159,100,12.031187675388475,5.586383331298778,18.58082102484046,True,0.36265491836049313
SSN,1,pca_kmeans,0.05,1.197389856751263,1.218496446736937,100,0.7720974486768187,-1.0717208786668921,2.658159282480681,False,0.0782081126086189
SSN,1,pca_kmeans,0.1,1.1298570559685097,1.1338069389570071,100,0.6121595119423962,-0.6683269927799723,1.805986678746514,False,0.0925570685063548
SSN,1,pca_kmeans,0.3,1.0600865630500227,1.0635428007572845,100,-0.01304838958595873,-0.6062648422605589,0.5298467652442328,False,-0.004341450025051575
SSN,1,pca_kmeans,0.5,1.0418088431215144,1.0427869219110035,100,0.3188094911448519,-0.07693151168921597,0.7177727293219787,False,0.14845083386553592
SSN,1,birch,0.01,1.5170820817957051,1.617855109860327,100,7.080992895632164,0.6208333260286448,13.800069175133727,True,0.2035997891173442
SSN,1,birch,0.05,1.194045876986927,1.221977947729102,100,1.0052999579127089,-1.1624346958968244,3.0114888516054186,False,0.10106100355963747
SSN,1,birch,0.1,1.1280517113571313,1.1358713493428463,100,0.8015669669283993,-0.5673597523213303,2.1471415782376795,False,0.11536759538720733
SSN,1,birch,0.3,1.067773373076136,1.0710381446271473,100,0.6905427134480743,0.05701949194929164,1.3587940256742677,True,0.2117580472588111
SSN,1,birch,0.5,1.044764450985185,1.0462490093599892,100,0.6526659875180241,0.2416534238037367,1.1094041715895029,True,0.29446725791955247
SSN,1,pca1d,0.01,1.5361558721977782,1.6721103906990606,100,9.885947361200088,3.513480479693802,16.511723185258308,True,0.30646490995259296
SSN,1,pca1d,0.05,1.1899967253930224,1.2093512629719867,100,0.1002906293478452,-1.8753721418945482,2.0324196199587665,False,0.010461525350963586
SSN,1,pca1d,0.1,1.1224897561429283,1.1348476369499325,100,0.6844933767398967,-0.5793002501272891,2.0718445911514762,False,0.10306137065879738
SSN,1,pca1d,0.3,1.065480461433593,1.0652676613147598,100,0.14754030742157334,-0.45008889495219767,0.7121887646618581,False,0.049388764370449256
SSN,1,pca1d,0.5,1.0388287498939188,1.0404948267411098,100,0.09685723392686256,-0.26232243654403037,0.44829539664699364,False,0.05001131966425219
SSN,1,faiss_ivf,0.01,1.5944234175835268,1.686568671497387,100,11.430949684262245,4.998566935458632,17.99142900891622,True,0.33389204420931345
SSN,1,faiss_ivf,0.05,1.191674705455654,1.2066643647953648,100,-0.13962958434700096,-2.1303592774906286,1.753786845792511,False,-0.014267384178491395
SSN,1,faiss_ivf,0.1,1.1297042977451044,1.1362486192682426,100,0.811605054519322,-0.4985795170110076,2.05262883785971,False,0.1290087639003061
SSN,1,faiss_ivf,0.3,1.065368580220714,1.064657319306062,100,0.09554432169558759,-0.5074428893655751,0.709747653425573,False,0.03142160925870171
SSN,1,faiss_ivf,0.5,1.0405799373897366,1.040225304834607,100,0.07179702817116405,-0.3038757075080051,0.4484539806230613,False,0.03707286231989188
SSN,1,random_proj,0.01,1.4819478717541286,1.5924120808669073,100,4.832306356627704,-0.9767747377933902,10.984977064059095,False,0.15685452354051346
SSN,1,random_proj,0.05,1.1995757437359131,1.2225723800962307,100,1.0750840543977604,-1.010966884980235,3.0991331042618517,False,0.10705407603254127
SSN,1,random_proj,0.1,1.1395692424971973,1.1476636716805562,100,1.8116522422884866,0.38935069319566706,3.0390416850607354,True,0.27635938354832396
SSN,1,random_proj,0.3,1.0627034143144285,1.0654935767203664,100,0.16469046513124588,-0.35884224403516063,0.6953376387580203,False,0.05918060992179751
SSN,1,random_proj,0.5,1.040983152750889,1.042804459462144,100,0.32004008199574335,-0.07439914623310112,0.7318970842139573,False,0.15428051116736377
SSN,1,importance_sampling,0.01,3.1552483416397736,4.108767361433579,88,163.61199342587182,126.34974564562529,203.81781932879505,True,0.8479849774647115
SSN,1,importance_sampling,0.05,1.995170259901743,2.040147213301081,100,68.75898525445123,61.588188696355786,75.59804477374682,True,1.9238033946631599
SSN,1,importance_sampling,0.1,1.4975813289438085,1.541037013797224,100,36.76064242002837,32.39827707334049,41.10531543904115,True,1.6897772845837227
SSN,1,importance_sampling,0.3,1.1413198790591552,1.1471617981740447,100,7.867109653191409,6.864623048037941,8.858781269124883,True,1.556937141977941
SSN,1,importance_sampling,0.5,1.0789910840217507,1.0826773631548416,100,4.156522763819971,3.5949665202382204,4.721765325797876,True,1.437062323921945
SSN,1,zorder,0.01,1.6167560953062217,1.6793186727153087,100,9.427313941059419,4.099959425917023,15.062097636300093,True,0.3506669331939304
SSN,1,zorder,0.05,1.2095181202224594,1.2333682312305043,100,2.1343577911098177,-0.47391560847659747,4.625435082904383,False,0.17577876181830848
SSN,1,zorder,0.1,1.1354699968828386,1.14005549308435,100,1.1693329373954402,-0.23231802372411173,2.4980534223487605,False,0.17274921735418472
SSN,1,zorder,0.3,1.0657605690742469,1.0672526176115478,100,0.33949779478471315,-0.2749434660638277,0.9975078234138631,False,0.10071493953019044
SSN,1,zorder,0.5,1.040090306340183,1.0412365431097375,100,0.16882515065493522,-0.18239992020208962,0.549165454681685,False,0.0859947731875448
SSN,1,gmm,0.01,1.6530087208311026,1.8625099012592798,100,23.428586969925554,13.777898485979119,33.26796451044113,True,0.4792247962425755
SSN,1,gmm,0.05,1.2188304179634206,1.2309972138339211,100,1.7368093896563446,-0.23306068027817606,3.6265745931480176,False,0.17842887424897053
SSN,1,gmm,0.1,1.1310102498001369,1.1408618155519465,100,1.2485256154400743,-0.0662167992715051,2.614625059317139,False,0.18295109293307737
SSN,1,gmm,0.3,1.0674863213757377,1.0708936978046406,100,0.675341688989884,0.09807131847783224,1.2688699223233724,True,0.2273686476761647
SSN,1,gmm,0.5,1.046918462318794,1.047881484326769,100,0.8062581336719086,0.4384448221541253,1.1974881027907218,True,0.4034742669573417
SSN,1,optics,0.01,5.015045135406218,5.507740726598215,57,263.18230718561176,228.95930540793836,293.8103602841678,True,2.1295302027587057
SSN,1,optics,0.05,1.499291021965781,1.5280726966668103,98,26.608801531450883,19.911368489152007,33.31636502790463,True,0.7513787896723849
SSN,1,optics,0.1,1.6101935883179395,1.6147016366348015,100,43.26991746289838,39.20095064016148,47.62459233112418,True,2.080651946473387
SSN,1,optics,0.3,1.354487603290533,1.3930905164247305,100,30.97563606893159,27.084836637481914,35.08321121502962,True,1.5834339332604062
SSN,1,optics,0.5,1.2033688626125894,1.2078046622310503,100,16.184855459169466,14.565401617736386,17.99816532431251,True,1.8045728651085091
SSN,10,kdtree,0.01,1.6382548482734325,1.7463504979119415,100,10.452722215783586,4.186119447135063,16.47546604266554,True,0.32115370475757954
SSN,10,kdtree,0.05,1.2050896587843614,1.2217457869475479,100,1.1922062557446926,-0.7479194828542012,3.2176494307535264,False,0.12537019187699536
SSN,10,kdtree,0.1,1.1328199185073675,1.1500251751251742,100,1.9031070690019396,0.5725419939568311,3.191529965214337,True,0.2843657567067169
SSN,10,kdtree,0.3,1.068939684867519,1.0722647882341119,100,0.7621669518743743,0.05902631358133642,1.4870895712425793,True,0.22730608144009892
SSN,10,kdtree,0.5,1.0437551742523055,1.0449880017605315,100,0.31959750378342044,-0.07288470874648573,0.6829108272876389,False,0.16493897904258925
SSN,10,gmm,0.01,1.592784999632404,1.6969677676367712,100,7.404437914564425,1.480210410483131,13.684060418862515,True,0.23607886906812312
SSN,10,gmm,0.05,1.2036450420556108,1.2205336126555388,100,1.1347466260956622,-1.0496258715929878,3.087184892902894,False,0.11267253509314648
SSN,10,gmm,0.1,1.1239667556282753,1.1374731000609164,100,0.8286120209263289,-0.4631699294818923,2.114755046910088,False,0.12639707047752183
SSN,10,gmm,0.3,1.069658236672634,1.0704040732566822,100,0.5800437785432734,0.00444848329968628,1.1456564995612506,True,0.20436275602517578
SSN,10,gmm,0.5,1.0411171603726532,1.042856090478372,100,0.11287172435285671,-0.22300668410415395,0.4668637049323029,False,0.06666762003769737
SSN,10,reservoir,0.01,1.6165914662682075,1.6558174826611072,100,4.42552954755279,-0.6200507806429673,9.514615619765133,False,0.1679350868442484
SSN,10,reservoir,0.05,1.2155078285048153,1.2261153066663681,100,1.713137141586287,-0.8684203663525722,4.191358258365989,False,0.1433745970713611
SSN,10,reservoir,0.1,1.14296046848251,1.1405232874769333,100,1.044124901976829,0.02575929366738691,2.1223956734831297,True,0.19903841578657688
SSN,10,reservoir,0.3,1.064749799544471,1.0644256621936863,100,0.018926844518727767,-0.5383853971652575,0.594811606772852,False,0.006547828214662895
SSN,10,reservoir,0.5,1.0428387342060297,1.0434052273840329,100,0.16672018487490786,-0.21678601050693017,0.5470473124331722,False,0.08613792274606731
SSN,10,importance_sampling,0.01,2.9040170826203777,3.7622389633497275,86,146.25871182187032,91.84264644009515,219.24443528209738,True,0.4547146760665858
SSN,10,importance_sampling,0.05,1.9811768110939512,2.0071067169606236,100,66.12525646301116,60.75959953523811,71.84125959940468,True,2.2239559967823217
SSN,10,importance_sampling,0.1,1.4929350906824421,1.5333195348755078,100,35.92362682840746,31.63605765932366,40.72289064353272,True,1.534294776932848
SSN,10,importance_sampling,0.3,1.1388784373547982,1.141684436634314,100,7.262375248277049,6.433938929609093,8.067712321069314,True,1.7344123160460312
SSN,10,importance_sampling,0.5,1.0753788356721894,1.0792876006923369,100,3.6118682350980134,3.162725174527502,4.0711880015453765,True,1.478697044818661
SSN,10,faiss_ivf,0.01,1.562737602625563,1.6609224849625588,100,5.617412429928423,-0.6401664643294324,12.0330435393954,False,0.17511997761253809
SSN,10,faiss_ivf,0.05,1.1919987925334574,1.212762466376032,100,0.49980158280032483,-1.541043976792663,2.6246546345331003,False,0.04996213910285377
SSN,10,faiss_ivf,0.1,1.1243895221755436,1.1295952403506835,100,0.09844211941178052,-1.0260517279543517,1.2670532308490126,False,0.017015903527248175
SSN,10,faiss_ivf,0.3,1.0632654404957798,1.0646202472042072,100,0.032258735281262725,-0.5891888943166251,0.6006540409071193,False,0.010557965676561608
SSN,10,faiss_ivf,0.5,1.0388379854895518,1.0417415634227907,100,0.005244612326954818,-0.3850048267718958,0.3818892769849654,False,0.00270894620948888
SSN,10,random_proj,0.01,1.5633869917963197,1.6277776127646915,100,3.336672326905173,-2.28921992109823,8.905946775141002,False,0.11674154692027107
SSN,10,random_proj,0.05,1.2244093049914941,1.2313973397862337,100,2.0966230938716435,-0.1466835280247592,4.1825741631722035,False,0.19212296705108448
SSN,10,random_proj,0.1,1.1337276524440312,1.1408476557509284,100,1.1539986771760264,-0.17108885329013784,2.5642473946681204,False,0.16249825865621492
SSN,10,random_proj,0.3,1.064824602378935,1.0656323206202754,100,0.13920694007159543,-0.47503218136995595,0.7512732219391788,False,0.04441398649636155
SSN,10,random_proj,0.5,1.042501798333868,1.0440970447659876,100,0.2317572612835696,-0.14385949772822476,0.5743308794276664,False,0.12274691645964066
SSN,10,hierarchical_kmeans,0.01,1.5443537963061567,1.633955258128469,100,3.6596012500342825,-2.1802347239525277,9.840926062760174,False,0.11833977506622081
SSN,10,hierarchical_kmeans,0.05,1.198665638515585,1.2174626011145222,100,0.9640274031872815,-1.0755759775682128,3.1659006424287033,False,0.08962717257138642
SSN,10,hierarchical_kmeans,0.1,1.12284202660038,1.1322193900104833,100,0.3681670016034427,-0.9412270389295143,1.6352810822994444,False,0.05403310585652666
SSN,10,hierarchical_kmeans,0.3,1.0618485292340063,1.064120549963159,100,-0.0023864262144338367,-0.5812119915439723,0.6188887015402329,False,-0.0007570784629875916
SSN,10,hierarchical_kmeans,0.5,1.0398408933129064,1.039902510754707,100,-0.16828357339898858,-0.5212971515853693,0.17305298918815937,False,-0.09387390997899125
SSN,10,kde_pilot,0.01,1.8511406066406964,2.015006551920235,100,27.729928185661574,20.3620558863906,35.14293934882723,True,0.7075104999335691
SSN,10,kde_pilot,0.05,1.2823521853184818,1.2960971803355046,100,7.416691207136474,5.17689794284406,9.53870804088691,True,0.6870345914108442
SSN,10,kde_pilot,0.1,1.1634940554086475,1.1721826986592108,100,3.911682891827729,2.669731473760719,5.233020605676438,True,0.594828118276315
SSN,10,kde_pilot,0.3,1.0720009687214063,1.0730700563783462,100,0.8393765782226897,0.2531541865612819,1.437307136347508,True,0.2774668570545838
SSN,10,kde_pilot,0.5,1.0398732377837048,1.041882806961301,100,0.021316245017700658,-0.29650916225534685,0.32229660793099874,False,0.013854736961426705
SSN,10,kmeans_pp,0.01,1.5745126748305358,1.7014877997088553,100,7.886888023071164,1.4306152930304359,14.060264647874567,True,0.23882371939392147
SSN,10,kmeans_pp,0.05,1.1996154507252115,1.2142311060406914,100,0.641746758192514,-1.5146364992732706,2.669138272649699,False,0.06359873408720149
SSN,10,kmeans_pp,0.1,1.1387842271660626,1.143261277625453,100,1.3397114768953782,0.04421171882264452,2.741926787051604,True,0.20396842053681352
SSN,10,kmeans_pp,0.3,1.0639803788171536,1.067073891028648,100,0.26255495205395113,-0.216188045863106,0.8412993206860163,False,0.09334055538357797
SSN,10,kmeans_pp,0.5,1.0424437275565035,1.0414222969500793,100,-0.02523600479012066,-0.3439924330830172,0.2789947418320454,False,-0.015528869663897877
SSN,10,lsh,0.01,1.6293550823191603,1.7795621073044157,100,12.945789956635737,6.422732077591636,20.24421379345391,True,0.36397640247554236
SSN,10,lsh,0.05,1.207227317512284,1.234362888722235,100,2.394451512501098,-0.2867472615589709,5.010932103283663,False,0.19089186980896033
SSN,10,lsh,0.1,1.1269958384900272,1.139430764703678,100,1.011546152406047,-0.4162163433123686,2.3886786678208294,False,0.14255632509608485
SSN,10,lsh,0.3,1.0659495027301675,1.0699880595233509,100,0.5387706374648537,-0.04733962671874184,1.116551905348405,False,0.18162526061904388
SSN,10,lsh,0.5,1.0427219894640114,1.0449846120838828,100,0.3190987322089915,-0.08887359468057485,0.6915906109979646,False,0.16476837125152755
SSN,10,distance_shell,0.01,1.5932131023914238,1.646545179461443,100,4.781003694603151,-0.2098423178063603,9.611403519936912,False,0.17989842027305258
SSN,10,distance_shell,0.05,1.249772279399075,1.2634014303081644,100,4.751720771773026,2.421287083154395,7.217802977929989,True,0.3969215957913657
SSN,10,distance_shell,0.1,1.2007511625621974,1.2044769020976895,100,6.784896676531264,5.324622192525743,8.206759186336834,True,0.909721589928768
SSN,10,distance_shell,0.3,1.1243402491676484,1.1317505684662588,100,6.365081978336381,5.428587060177891,7.346337189917331,True,1.298723912942193
SSN,10,distance_shell,0.5,1.0803506073942453,1.0824003666924167,100,3.909521122866554,3.3552846280447297,4.450124449946663,True,1.4169943594935872
SSN,10,zorder,0.01,1.541719608728061,1.6385536171591049,100,3.6971108045079943,-1.9182768303361173,9.581485091929611,False,0.1241277304507537
SSN,10,zorder,0.05,1.2056917388514612,1.212254646607534,100,0.5035355790510675,-1.5762713389421255,2.3873668131821595,False,0.05006027778111102
SSN,10,zorder,0.1,1.1383924678256423,1.1368445938449674,100,0.7783767643388225,-0.37486363295920433,1.9218205757792914,False,0.13027343342732847
SSN,10,zorder,0.3,1.060665656468689,1.0661804048519727,100,0.1837566218134092,-0.42374015734601767,0.7842597489277975,False,0.05915257300595791
SSN,10,zorder,0.5,1.0413317562662612,1.0420018639135835,100,0.03365380794002369,-0.3365608072545198,0.38160315905703746,False,0.018102595523436522
SSN,10,hdbscan,0.01,1.5082780055781206,1.62279142407358,100,3.034511130905594,-2.4931592189448266,8.47611286394225,False,0.1054540680998541
SSN,10,hdbscan,0.05,1.211598858043682,1.21565546781831,100,0.836179638855883,-1.340362240553564,2.853110736125882,False,0.07947808907692719
SSN,10,hdbscan,0.1,1.1412822369658011,1.1361175127449308,100,0.6689011160481422,-0.4590095444765373,1.7021901410062443,False,0.12462494916673054
SSN,10,hdbscan,0.3,1.0589927229673914,1.0645400324938676,100,0.026027199426520018,-0.5403845435140638,0.5956697346384259,False,0.008794516465256065
SSN,10,hdbscan,0.5,1.0389314923551856,1.0408666969194684,100,-0.07730674364586874,-0.45295188269524683,0.2822171897935676,False,-0.04037824578387806
SSN,10,spectral,0.01,1.679590837394501,10.552943141905109,100,589.378685769732,103.87042737811473,1231.8213926706214,True,0.19844566109855424
SSN,10,spectral,0.05,1.2452701482268962,1.2778188050178627,100,6.065532282884672,3.0518505974949863,8.908646055549108,True,0.3910153837755434
SSN,10,spectral,0.1,1.158227547429476,1.1623828549373538,100,3.0219187397020075,1.6982342833982287,4.267198167593141,True,0.4480286729895822
SSN,10,spectral,0.3,1.0746672943913522,1.0771345410070812,100,1.2145597033937157,0.6199358590555171,1.8507667221706356,True,0.37978703191016594
SSN,10,spectral,0.5,1.0488749934156645,1.0499922661437966,100,0.8018233844986792,0.38225155747008427,1.1848773254976952,True,0.3825862514530086
SSN,10,pca_kmeans,0.01,1.5540754073314638,1.6224530106819663,100,2.844049106191985,-2.5720142306897302,8.180403266724378,False,0.10455559703082098
SSN,10,pca_kmeans,0.05,1.179742701680186,1.205346886209783,100,-0.08691013910729813,-2.1089166208736816,1.9779177943706763,False,-0.008499789821921006
SSN,10,pca_kmeans,0.1,1.1247635280891581,1.138404677034387,100,0.8669861941589858,-0.3181904788703745,1.9603990040245414,False,0.1404215363275213
SSN,10,pca_kmeans,0.3,1.0626726522858545,1.063245584008792,100,-0.09258264274729858,-0.7073973484248097,0.4959083471686678,False,-0.031668429836614595
SSN,10,pca_kmeans,0.5,1.0394525496132028,1.0396148832255718,100,-0.19441850359029328,-0.5557588450662193,0.1671791931442232,False,-0.10365504306420754
SSN,10,pq,0.01,1.742766632497038,1.8456476081457414,100,15.920541560388761,9.583844469227374,22.332853349600985,True,0.47336986847402784
SSN,10,pq,0.05,1.2368242905210376,1.2465598908050213,100,3.351602671061358,0.8586743300765122,5.90569890349364,True,0.26293290196252195
SSN,10,pq,0.1,1.1583759163986702,1.1591789095238854,100,2.7519731383218873,1.4250569211375044,4.108440247883286,True,0.4080448118064974
SSN,10,pq,0.3,1.070797364826646,1.0714223898113033,100,0.6887666661510906,0.040504207769073625,1.2823517131648503,True,0.20929971876727188
SSN,10,pq,0.5,1.0456511846840304,1.0452629724393454,100,0.3471381823303563,-0.02976294585978171,0.7330557713599564,False,0.18225258919076925
SSN,10,optics,0.01,5.0221696882575255,5.689566628075216,70,259.39232190684555,232.54608468586142,291.8259406833043,True,2.024348465295263
SSN,10,optics,0.05,1.5971811138828902,1.6670860152421345,99,38.51966119771136,29.824877896255824,46.482275254329345,True,0.905042131376204
SSN,10,optics,0.1,1.6888398698073468,1.6819494257031289,100,49.229099139391586,44.54343832304407,53.66778260843203,True,2.1955751506009538
SSN,10,optics,0.3,1.3284679452252204,1.4191312668878229,100,33.45166739385842,28.172099185151737,39.319195221089146,True,1.1219013811270058
SSN,10,optics,0.5,1.203786009891183,1.218764267910538,100,17.002880947215452,15.461981814362717,18.60446688146947,True,2.0436971139915787
SSN,10,sobol,0.01,6.039143043698257,176.34119629255514,100,10388.727210203835,4478.9353382101635,17155.978602028066,True,0.2912838285547141
SSN,10,sobol,0.05,1.5254490596769492,1.707344280628921,100,42.15130328248353,30.749625233168228,57.02626354987784,True,0.6767153433078991
SSN,10,sobol,0.1,1.3127085738414563,1.37178416661093,100,21.551276718703306,18.172183999510466,25.246400527207683,True,1.176795147845839
SSN,10,sobol,0.3,1.1373773287101845,1.145795514577121,100,7.652110625617775,6.618058100172006,8.718186933986765,True,1.4533246009491103
SSN,10,sobol,0.5,1.0895632663848471,1.091364287220489,100,4.774218157449801,4.05171400936202,5.441593342035096,True,1.3639090855333575
SSN,10,dbscan,0.01,27772.333333333332,33672.84255363735,71,2205192.752800546,1694294.858615022,2690195.487508453,True,0.997746313720033
SSN,10,dbscan,0.05,40054.8989299923,63656.59632128217,100,5334494.833727343,4245733.227316434,6562500.263722927,True,0.859497513916347
SSN,10,dbscan,0.1,1.855726676885944,24263.7257101464,100,2146824.772446169,1609464.612211686,2746982.278166681,True,0.7181599625273996
SSN,10,dbscan,0.3,1.307807635072554,210.29949485701408,100,19576.471200467076,24.676619103449525,78220.62711608138,True,0.1006469102488868
SSN,10,dbscan,0.5,1.2027826056727853,1.2053106374475706,100,15.721132867550546,13.937457687896488,17.509279379114627,True,1.6994937220774002
SSN,10,hybrid,0.01,1.5675338025560268,1.6323978679312603,100,3.044035143024857,-1.6036121444645541,7.701474213100014,False,0.12524032334744545
SSN,10,hybrid,0.05,1.183662080113694,1.2051621522652516,100,-0.1056762581463695,-2.1426300691306635,1.9405331442362839,False,-0.010595586060473013
SSN,10,hybrid,0.1,1.1330182574556942,1.1349504627211102,100,0.5634319879973845,-0.5493485840628267,1.6562868991721322,False,0.1048146854605679
SSN,10,hybrid,0.3,1.061302042393855,1.062805177780091,100,-0.12990427154832185,-0.7324840177964685,0.44521461773482035,False,-0.04243460261302083
SSN,10,hybrid,0.5,1.0404149269815792,1.0412570014600149,100,-0.038874393644163556,-0.4056139696666385,0.3482569441895477,False,-0.019630155458137157
SSN,10,minibatch_partial,0.01,1.5177177353921554,1.624051036063461,100,3.3736680502068297,-2.6572321161723433,9.789261700103554,False,0.10712407249422999
SSN,10,minibatch_partial,0.05,1.1909473503011583,1.2166854352864056,100,0.8259102832422891,-1.4453807855682086,2.8161909180182545,False,0.07649939803643004
SSN,10,minibatch_partial,0.1,1.1365591530872206,1.1436433579387566,100,1.3534809001289034,0.1978467305087032,2.451651392255197,True,0.23583111257225775
SSN,10,minibatch_partial,0.3,1.0644962488840397,1.0659131882261115,100,0.16095305253222336,-0.43469988574674,0.7843003283204141,False,0.05226098101237776
SSN,10,minibatch_partial,0.5,1.0417353181084736,1.041645774399093,100,2.7771271401342347e-05,-0.38398261301471276,0.3977931565692194,False,1.4513191239158859e-05
SSN,10,minibatch,0.01,1.5929487388380101,1.6832381480811671,100,6.623514288178939,0.8365205294977653,12.386529274042495,True,0.2307499965936427
SSN,10,minibatch,0.05,1.2170269272484657,1.225417248957435,100,1.6703203946937502,-0.9577685886704203,3.97310683747987,False,0.13906885735214147
SSN,10,minibatch,0.1,1.130758873744575,1.1389231298620048,100,0.9513260537788021,-0.2823124057867329,2.220250980712958,False,0.1463009868966374
SSN,10,minibatch,0.3,1.062560346485601,1.066959845554675,100,0.25790231306896355,-0.33348690013727406,0.8613561141325258,False,0.07966015525162688
SSN,10,minibatch,0.5,1.0416881123400776,1.0419995697927356,100,0.03194054920805471,-0.3122229081625061,0.3718074495221189,False,0.017325486091732453
SSN,10,halton,0.01,6.283102166182632,196.92461094199197,100,11525.391781692359,1197.7883205707005,28711.08160131464,True,0.16178366521555465
SSN,10,halton,0.05,1.4743135190557197,1.6213963527810222,100,34.11491214568897,24.74173013383088,44.6335390859969,True,0.632037254984126
SSN,10,halton,0.1,1.2839249082458764,1.3442244812810373,100,19.129181276606506,15.966588796889157,22.47974448851273,True,1.0966762481206251
SSN,10,halton,0.3,1.1517817805022146,1.1519819322594784,100,8.229352454654066,7.199283377742138,9.337594046768498,True,1.497679989820525
SSN,10,halton,0.5,1.0854926619459146,1.0909713692907919,100,4.730142534825113,4.05788767112273,5.38412617328096,True,1.3642866849453397
SSN,10,agglomerative,0.01,1.6652664916217466,1.6939937109658074,100,7.9886606535970195,1.6025447413910632,13.946411386912656,True,0.24467513087163198
SSN,10,agglomerative,0.05,1.222924816155396,1.2228287892255127,100,1.4137647779597615,-0.8797746985985877,3.644562226970773,False,0.12647571484834225
SSN,10,agglomerative,0.1,1.1273726988358166,1.1382800186444635,100,0.9070684254143043,-0.3688151656739622,2.1151242301783633,False,0.14235656667183846
SSN,10,agglomerative,0.3,1.0661271769229241,1.0677234224093115,100,0.3264307074101888,-0.24494376809571486,0.8749032020501443,False,0.11262055969664791
SSN,10,agglomerative,0.5,1.0414590422075563,1.0437601642188752,100,0.20080823530586578,-0.20510192632518756,0.5736629307222609,False,0.10170814628564794
SSN,10,hammersley,0.01,5.548942410249671,264.65648870069197,100,18358.823532499162,773.5864625998785,46787.21442096429,True,0.14553386943939664
SSN,10,hammersley,0.05,1.514238145680158,1.6496157384329075,100,37.67205255945371,26.45681857900335,51.029695272746764,True,0.576612120673979
SSN,10,hammersley,0.1,1.3127608228381,1.3263192150950556,100,17.551952545472727,14.765363949224273,20.544061750473237,True,1.2370485566700236
SSN,10,hammersley,0.3,1.134884814895553,1.1374542320708014,100,6.8833977736720495,5.961296491955839,7.973063777347934,True,1.3160286522873743
SSN,10,hammersley,0.5,1.0864522593059696,1.0854900927183038,100,4.216728009361835,3.5302862048005745,4.958417229296795,True,1.1304192411815102
SSN,10,pca1d,0.01,1.5368058317395348,1.603574837958228,100,1.8284839763353398,-3.760975781472193,7.290680318372112,False,0.06593053047353765
SSN,10,pca1d,0.05,1.2071267210653343,1.2117599518076012,100,0.44866902730359365,-1.548721263261012,2.2346429221018678,False,0.04931685279182288
SSN,10,pca1d,0.1,1.1280571414192622,1.1329838326627948,100,0.44834387732479514,-0.7464957562450832,1.5931301539449365,False,0.07195069043241153
SSN,10,pca1d,0.3,1.0649562669246686,1.063299894750299,100,-0.08286652577576109,-0.6443287088691705,0.5238489770227086,False,-0.027112066309425854
SSN,10,pca1d,0.5,1.0397344491146217,1.041092608550898,100,-0.05872885729229884,-0.3839743031830058,0.2615125529219622,False,-0.03628845181729678
SSN,10,hilbert,0.01,1.5680009740753915,1.6562355371426536,100,4.943004663900845,-0.793528946486583,11.3719339341148,False,0.16891797701822142
SSN,10,hilbert,0.05,1.2190677900953488,1.233153772689311,100,2.252979175886233,0.03365475126762704,4.728501357735103,True,0.19261519009090913
SSN,10,hilbert,0.1,1.1339161759373473,1.1439997896390517,100,1.376229416102574,0.19235323026478132,2.6834221967893326,True,0.2253688973916865
SSN,10,hilbert,0.3,1.0636567043190694,1.0669575246595466,100,0.2605554793833259,-0.41239484653233843,0.8930429085842319,False,0.07835962307969055
SSN,10,hilbert,0.5,1.040517593064231,1.041759077496346,100,0.0061479134536836086,-0.3095825951471217,0.3248617955539791,False,0.003916746137806278
SSN,10,sparse_rp,0.01,1.5320579758464306,1.6270471816545813,100,3.450251974830833,-1.956814173167773,9.40720645377698,False,0.11875553764430015
SSN,10,sparse_rp,0.05,1.2149276005842138,1.2182891036870862,100,0.9548032170771101,-0.9318867262932133,2.7307614540185203,False,0.1033738659356705
SSN,10,sparse_rp,0.1,1.1455775138860598,1.146710467138449,100,1.6540375226303958,0.28947847764898277,2.9366295482855036,True,0.2494139635330296
SSN,10,sparse_rp,0.3,1.0628793693669478,1.0634030967043846,100,-0.08267729322948708,-0.5998864943624052,0.4256743075762791,False,-0.0317930065032557
SSN,10,sparse_rp,0.5,1.0392156235619245,1.0389585259872742,100,-0.260070386204972,-0.6040678465939673,0.07191969127138197,False,-0.1500329640613342
SSN,10,coresets,0.01,1.6644581355673627,1.6849377355896369,100,6.628441811725285,0.6925741553681671,12.441768794613147,True,0.22007302405952783
SSN,10,coresets,0.05,1.2028862420512603,1.2077878056830715,100,0.12462882133365698,-1.9766058083248188,2.193448308205395,False,0.01198428973753706
SSN,10,coresets,0.1,1.122687017470719,1.1298281702161408,100,0.14764880706868597,-1.0492072045599288,1.348962970047575,False,0.023874106060162104
SSN,10,coresets,0.3,1.0632385272925122,1.0634798831772694,100,-0.0723589258254592,-0.5767563883570017,0.4735342996660476,False,-0.026363712792048438
SSN,10,coresets,0.5,1.0403802875813826,1.0418039551772464,100,0.012875807684908256,-0.3035362366410847,0.3469263575857394,False,0.0075652672848955166
SSN,10,birch,0.01,1.7261650694256343,2.1531512308412886,100,36.06161775328711,17.31770434979237,60.82701557115378,True,0.3229736294209164
SSN,10,birch,0.05,1.2264354389966403,1.2378736768085516,100,2.6472477671240555,0.43781659613940543,4.862158839438668,True,0.2340520608925595
SSN,10,birch,0.1,1.141516769740087,1.1504517494172677,100,1.9770735785482036,0.5711798043833136,3.2820272850772625,True,0.2873063227259571
SSN,10,birch,0.3,1.0672263862628024,1.0705081723866592,100,0.5929097925385381,-0.025408830261097328,1.2189779420814986,False,0.18568482592145102
SSN,10,birch,0.5,1.042555822892104,1.0455927355948924,100,0.37837036630474424,-0.004678887438190902,0.7801568708361183,False,0.19614146205206112
WIKI,1,pq,0.01,2.0802729890669136,14.761365287339943,100,813.5312681498098,129.02283604582908,2055.8238458518076,True,0.14907978705766198
WIKI,1,pq,0.05,1.3729609022251603,1.634332041509643,100,21.543147033133504,5.00981811339791,48.58587513540179,True,0.18801658170946534
WIKI,1,pq,0.1,1.1938898567868943,1.229001252636977,100,-3.035656438713558,-6.169426332250105,0.28577701505161474,False,-0.17809711525470776
WIKI,1,pq,0.3,1.1028157366914075,1.1109358343071911,100,-5.26021395250487,-6.874222002102492,-3.5279413169899114,True,-0.6139526017954763
WIKI,1,pq,0.5,1.072596645961903,1.0738559603845124,100,-4.5571021641936245,-5.572311429219791,-3.379001561082117,True,-0.8594583753082369
WIKI,1,agglomerative,0.01,1.6725941173730583,1.7473932533083778,100,-0.5761600375836456,-8.521287535639724,7.861368359151894,False,-0.013595206112553831
WIKI,1,agglomerative,0.05,1.2245123566000404,1.2460731605399895,100,-9.18312772545239,-12.69665581209883,-5.948462908411725,True,-0.535743543361867
WIKI,1,agglomerative,0.1,1.1383965700923087,1.1507879273657196,100,-9.441032000231719,-11.99205742303803,-6.9141258801404915,True,-0.7445324096806406
WIKI,1,agglomerative,0.3,1.0676651576213747,1.067622898379231,100,-9.0406329241001,-10.287676848015883,-7.737580885735187,True,-1.3989627037619288
WIKI,1,agglomerative,0.5,1.0420891400550993,1.0437120051830582,100,-7.239726128393488,-8.180884018340597,-6.184174433926114,True,-1.4857365156165074
WIKI,1,distance_shell,0.01,1.7356646574778116,1.850233941440681,100,0.7062621549155611,-4.950174598383033,6.610408902127593,False,0.02456036427319442
WIKI,1,distance_shell,0.05,1.3597435950917798,1.4305403210653922,100,1.76871243867193,-0.6176888800972772,4.257017533978617,False,0.13933245807658654
WIKI,1,distance_shell,0.1,1.2833217321977215,1.3323474365350199,100,3.529810739378793,1.9070914123508842,5.260419290843438,True,0.40908809504458765
WIKI,1,distance_shell,0.3,1.2170310456427251,1.2271273090830517,100,4.207429246765624,3.128569966144342,5.413668181914605,True,0.7576534396919076
WIKI,1,distance_shell,0.5,1.141826856383687,1.1484276578736803,100,1.9074914655106499,1.1695938524055995,2.7292449105048258,True,0.4811227119122536
WIKI,1,hammersley,0.01,1.8222882817854307,3.2552430365959903,100,85.10371151383761,36.904578393292844,140.39085734696437,True,0.3067443778945593
WIKI,1,hammersley,0.05,1.3007295430031574,1.3496791224619356,100,-0.6994577142922401,-5.689418797392145,4.228981212706106,False,-0.026766721725676245
WIKI,1,hammersley,0.1,1.1865287281197698,1.1928332388208929,100,-5.933293767934573,-8.796023541699888,-2.8601706581567843,True,-0.38973795005129863
WIKI,1,hammersley,0.3,1.0933068532949688,1.093673129298333,100,-6.7679140039777534,-8.164795368572468,-5.224852336103339,True,-0.8951419913693717
WIKI,1,hammersley,0.5,1.0610310142294999,1.062533706086155,100,-5.570634950713405,-6.569985572495432,-4.497612933674654,True,-1.07990399701823
WIKI,1,importance_sampling,0.01,3.5668365405072175,4.783939235590808,64,186.82355128856403,126.01499593857012,263.41925712296245,True,0.6687104006312035
WIKI,1,importance_sampling,0.05,2.1508854021136377,2.234328093108289,100,62.0979678157835,55.47907442858323,69.30059539777662,True,1.737719853674011
WIKI,1,importance_sampling,0.1,1.9052229921610615,2.0729208724091404,100,60.23946892866116,50.94790768751914,69.22249964278824,True,1.296441730454096
WIKI,1,importance_sampling,0.3,1.259861182488082,1.3017399360221118,100,10.342865503829493,8.482585505688025,12.46837991932401,True,0.9935555225327085
WIKI,1,importance_sampling,0.5,1.1586297526076201,1.1789314563476134,100,4.559240520440728,3.5763151712483503,5.600591429241865,True,0.8730997227738276
WIKI,1,spectral,0.01,1.9205290645165511,3.0610686370184177,97,76.22011738961747,38.505631289200174,117.54898494242754,True,0.367995258374158
WIKI,1,spectral,0.05,1.3884171370882967,1.4797993774257245,100,8.527427177112529,2.473736381962498,14.742837882549308,True,0.2720850027034479
WIKI,1,spectral,0.1,1.2575215616349802,1.2761392051166882,100,0.6232243370624796,-2.7087155527478988,4.092807211206724,False,0.03569669903469605
WIKI,1,spectral,0.3,1.1086284456340856,1.1151476219157752,100,-4.954286237833883,-6.406300493200816,-3.352400889891032,True,-0.6097303800142594
WIKI,1,spectral,0.5,1.0692005930933752,1.0738808803157014,100,-4.553654125681452,-5.6313788738265265,-3.372524197090877,True,-0.8168416921768837
WIKI,1,sobol,0.01,2.0049706584584945,2.229009905483082,100,27.938428953127012,13.414613237162715,43.05146252890553,True,0.3697510920969551
WIKI,1,sobol,0.05,1.3066976486565307,1.3510357209181374,100,-0.9186985489729024,-6.3607500080723955,4.448660329763928,False,-0.03162217058055778
WIKI,1,sobol,0.1,1.1831276606088954,1.2011636663245944,100,-5.1684477773148885,-8.39944212731726,-1.9491155762244081,True,-0.31568900261580685
WIKI,1,sobol,0.3,1.0787168432429899,1.0871327673931683,100,-7.318877111006077,-8.777669019770283,-5.693546407589486,True,-0.9546089682633773
WIKI,1,sobol,0.5,1.0532382243250886,1.0572413892276586,100,-6.021598370295453,-7.040968304752947,-4.840206385731716,True,-1.124458129940779
WIKI,1,halton,0.01,1.884397827458463,3.0627358817440102,100,75.94969029080549,18.84833123438091,148.47558548451738,True,0.2249453536131713
WIKI,1,halton,0.05,1.2793173380156302,1.3414434995087496,100,-1.4657710544109883,-6.455657284922718,4.270871851396998,False,-0.05017992183884305
WIKI,1,halton,0.1,1.1781864482533217,1.1980419688468593,100,-5.557773077884208,-8.497758388843963,-2.342856708691626,True,-0.36092067206934764
WIKI,1,halton,0.3,1.0935391779149102,1.0985544607404851,100,-6.3173096191799765,-7.930100772738085,-4.599334067614239,True,-0.7559282021667979
WIKI,1,halton,0.5,1.067481390551141,1.0688588019903968,100,-4.987897835990143,-6.07075329275342,-3.7551956791213854,True,-0.8831616582064714
WIKI,1,gmm,0.01,1.5781687477358473,1.5849379861441943,100,-10.21458177995566,-16.236770404016063,-4.583628179032452,True,-0.3333782266142311
WIKI,1,gmm,0.05,1.1828895583641237,1.1883431156872397,100,-13.218847320722302,-16.52728704870025,-9.801761210052623,True,-0.8112469056797844
WIKI,1,gmm,0.1,1.1143517788913746,1.1266094034675158,100,-11.306804994060137,-13.755049438618196,-8.66474959865348,True,-0.9044328245850483
WIKI,1,gmm,0.3,1.0573994513194174,1.0583619231784653,100,-9.80044710669116,-11.077656971582387,-8.37420385353601,True,-1.4415914591378622
WIKI,1,gmm,0.5,1.041975132871119,1.042880009443953,100,-7.32086471359244,-8.218038280898227,-6.3311914992369775,True,-1.5503732214112576
WIKI,1,sparse_rp,0.01,1.5865127598706898,1.7156720118208788,100,-2.3823479938402174,-9.53585498728307,5.832525867042466,False,-0.061840376586520904
WIKI,1,sparse_rp,0.05,1.21061002255479,1.22123059296809,100,-11.073622425342258,-14.344173541423546,-7.781578897811424,True,-0.6844993221623175
WIKI,1,sparse_rp,0.1,1.125839155848955,1.1347287897690461,100,-10.773525740023956,-13.221691453365535,-8.32343086705939,True,-0.8882434775094202
WIKI,1,sparse_rp,0.3,1.063205471267171,1.067839756262164,100,-9.009827725640838,-10.240514911449417,-7.628081264438643,True,-1.3380181109999063
WIKI,1,sparse_rp,0.5,1.0421694402174175,1.0428439604994433,100,-7.321318019740508,-8.212541254331885,-6.3062643473074855,True,-1.5271815060929694
WIKI,1,kde_pilot,0.01,1.5567902173148958,1.6727936146933746,100,-6.892796153962754,-13.590079593829248,-0.8789170409946162,True,-0.22035957389038296
WIKI,1,kde_pilot,0.05,1.248469263458761,1.289131446620027,100,-7.150484092548181,-9.686804401898677,-4.708818814946625,True,-0.548114321533767
WIKI,1,kde_pilot,0.1,1.1735285503765858,1.1981254287886642,100,-6.4308164378728545,-8.030747191069352,-4.752610880202868,True,-0.7520905755867692
WIKI,1,kde_pilot,0.3,1.1156559123384346,1.1175318373435394,100,-4.952560115148674,-5.861257556489322,-3.9406354951149756,True,-1.0270018114777437
WIKI,1,kde_pilot,0.5,1.0788531916556838,1.0799362919787387,100,-4.125081500957408,-4.745501786186797,-3.486416789230758,True,-1.2890369824515888
WIKI,1,dbscan,0.01,4.007677369238737,11.116089768809143,89,554.9761933068315,337.5195772222528,810.4945786507313,True,0.4810978173549523
WIKI,1,dbscan,0.05,1.970001049275354,7.661555508294319,100,514.1295014906323,220.43900762353755,908.9756993394859,True,0.2946600972053352
WIKI,1,dbscan,0.1,1.5558117242571812,2.5335435040583554,100,101.32966637773124,46.98345870195596,177.7041995324902,True,0.3095562702550256
WIKI,1,dbscan,0.3,1.2453109540671166,1.2399262722403066,100,5.72924102523517,3.5089622528796838,8.004376455835725,True,0.48050998792552035
WIKI,1,dbscan,0.5,1.1501069949419453,1.1510391035029541,100,2.297531943847827,0.9793940697198175,3.8352126200176273,True,0.321203739164088
WIKI,1,hdbscan,0.01,1.6056292213335162,1.6590652320841424,100,-5.138648612806515,-12.433355754138482,2.713293782166492,False,-0.13686319064011865
WIKI,1,hdbscan,0.05,1.2082383336385283,1.2135547630919896,100,-11.473492540268586,-14.674234344582501,-8.25329437391626,True,-0.7008804913748277
WIKI,1,hdbscan,0.1,1.1229168509629126,1.1273605782681944,100,-11.285095079872269,-13.635679302816808,-8.812811399892153,True,-0.9233381578378351
WIKI,1,hdbscan,0.3,1.060536310532485,1.0632479850983172,100,-9.387398871548697,-10.625429501370949,-7.971976766680962,True,-1.384654745861504
WIKI,1,hdbscan,0.5,1.0380493092740808,1.040001714004024,100,-7.562335552260156,-8.499795158661076,-6.494053872495008,True,-1.5233764320164003
WIKI,1,random_proj,0.01,1.9262754871758458,2.304836909460054,100,29.654228860183807,13.981972101613119,48.740525577646764,True,0.34117328709386285
WIKI,1,random_proj,0.05,1.3247360634526837,1.3330457162341387,100,-3.2316867039062624,-6.726907777407105,0.2927344610660768,False,-0.1836662835755475
WIKI,1,random_proj,0.1,1.202647058763684,1.2072926649717628,100,-5.234059039259282,-7.5677927612962055,-2.802624476909148,True,-0.42194840423224195
WIKI,1,random_proj,0.3,1.0871847926366716,1.0895988320744388,100,-7.129399721187752,-8.520134696300339,-5.544025342936394,True,-0.9537465352554202
WIKI,1,random_proj,0.5,1.0556683589860327,1.0589230650829407,100,-5.8811877946888345,-6.857280619083004,-4.710804737186096,True,-1.1100978864398383
WIKI,1,lsh,0.01,1.6591023205378037,1.8760020148178405,100,6.8822818490866595,-3.828589233234194,19.33946677745418,False,0.11311563043032191
WIKI,1,lsh,0.05,1.2406787146598601,1.2544399777925408,100,-8.61722623696698,-11.990272652126118,-5.307190300003195,True,-0.5094801085194886
WIKI,1,lsh,0.1,1.1522263488774034,1.158491480721398,100,-8.98308302793189,-11.28146219170147,-6.742959685434538,True,-0.7612008046561762
WIKI,1,lsh,0.3,1.077076816693868,1.0786303587577595,100,-8.095557507129389,-9.328144783052327,-6.688752269485972,True,-1.198628475736474
WIKI,1,lsh,0.5,1.0464198038461947,1.0492076777807386,100,-6.764818744653633,-7.648994712929055,-5.756778952043063,True,-1.4335494215476288
WIKI,1,zorder,0.01,1.4985187917876188,1.5814101683823787,100,-11.381055065741396,-16.291737766359137,-5.8467678762551625,True,-0.4269207617007584
WIKI,1,zorder,0.05,1.1717500518190898,1.1901436467807638,100,-13.362691099257882,-16.19147510924462,-10.323696243900088,True,-0.858872711694304
WIKI,1,zorder,0.1,1.1181741706671664,1.1226693455183285,100,-11.741392620010378,-14.011523943712694,-9.477233261172238,True,-1.0161829028693818
WIKI,1,zorder,0.3,1.053621300728005,1.057128622707545,100,-9.907822693588624,-11.12985117578123,-8.523445574575824,True,-1.4793339340956901
WIKI,1,zorder,0.5,1.0360644569335928,1.0377595152528778,100,-7.780645508546069,-8.639224610383678,-6.817360095827006,True,-1.6985528516538726
WIKI,1,kmeans_pp,0.01,1.523850450518798,1.5868068278267793,100,-10.614504242391986,-15.842835752852638,-5.0854286644682825,True,-0.3857667485533297
WIKI,1,kmeans_pp,0.05,1.1761397732648207,1.200765044179404,100,-12.561171360390958,-15.745809267392298,-9.55190913502408,True,-0.8024495014036688
WIKI,1,kmeans_pp,0.1,1.1339810805728883,1.1382818975018605,100,-10.44274283353331,-12.87783285929293,-7.961735434632441,True,-0.844935622760368
WIKI,1,kmeans_pp,0.3,1.059197668109734,1.0613961550493465,100,-9.544325812070332,-10.77154742251547,-8.167673769700757,True,-1.418818722743944
WIKI,1,kmeans_pp,0.5,1.0412192498698942,1.0411248510856093,100,-7.473060053726283,-8.427605570300583,-6.46106284849312,True,-1.573499253900744
WIKI,1,minibatch_partial,0.01,1.5192111245589475,1.641448205013742,100,-6.599516329678085,-13.159922010980887,0.7505537754551675,False,-0.18512944256577796
WIKI,1,minibatch_partial,0.05,1.1978480568792955,1.2070312465957376,100,-11.912875378734002,-15.22865847553912,-8.63454100442004,True,-0.7057912148874032
WIKI,1,minibatch_partial,0.1,1.1199642021792409,1.1275647944044689,100,-11.297782604871527,-13.720866663218896,-8.76758949648934,True,-0.9377327699221591
WIKI,1,minibatch_partial,0.3,1.063056028278343,1.0655487504394487,100,-9.167294702173969,-10.52725532059853,-7.609267966173164,True,-1.2850596426725927
WIKI,1,minibatch_partial,0.5,1.0396459838235907,1.0420498398499192,100,-7.388218316988347,-8.309364542518741,-6.323739585908507,True,-1.5249764250399758
WIKI,1,faiss_ivf,0.01,1.562651111402963,1.6724111843303757,100,-6.112461914519749,-12.428684504306057,0.7365578961412346,False,-0.18384393831864987
WIKI,1,faiss_ivf,0.05,1.1986461264594799,1.2124128384075932,100,-11.67577284946057,-14.712015632373049,-8.561468341414571,True,-0.7300287916914243
WIKI,1,faiss_ivf,0.1,1.1225866259255324,1.1311800152888256,100,-10.938110261514215,-13.353696668562602,-8.330369502245174,True,-0.855141270344546
WIKI,1,faiss_ivf,0.3,1.0606758179783111,1.0637219751044649,100,-9.345026980412344,-10.624866310731514,-7.925820576094792,True,-1.3636079959263452
WIKI,1,faiss_ivf,0.5,1.0371364235278322,1.0392660999007237,100,-7.627809675287186,-8.60294737369946,-6.587052877108219,True,-1.5196781059952107
WIKI,1,pca_kmeans,0.01,1.5357452391782225,1.624190799024255,100,-7.670563411392358,-14.3793646634048,0.1206606911978831,False,-0.2177156568382935
WIKI,1,pca_kmeans,0.05,1.195602955875355,1.2003608240113879,100,-12.388222950343685,-15.649835988670086,-9.188893375125499,True,-0.7566843105734858
WIKI,1,pca_kmeans,0.1,1.1276210027479183,1.128583624189848,100,-11.192601857059163,-13.661732614246432,-8.783425872856508,True,-0.9136153825765635
WIKI,1,pca_kmeans,0.3,1.061107349875992,1.0647817282018281,100,-9.2441193197049,-10.553439195505247,-7.767961409229044,True,-1.3121740074664712
WIKI,1,pca_kmeans,0.5,1.0406960669466572,1.0411093987569235,100,-7.463023880785029,-8.425897526756913,-6.378222579542541,True,-1.4938367561751253
WIKI,1,minibatch,0.01,1.645519464927723,1.7178034290334014,100,-2.427042670026805,-9.607797213851823,5.535652469551853,False,-0.06423815906165221
WIKI,1,minibatch,0.05,1.1904594230273364,1.224030591672824,100,-10.7167496986655,-14.267867141813555,-7.503245154548175,True,-0.5992737762935609
WIKI,1,minibatch,0.1,1.1293275543253067,1.1365099628547874,100,-10.536909174184618,-12.98359046686514,-7.9305502327221795,True,-0.830344224489854
WIKI,1,minibatch,0.3,1.0597483146170983,1.0632141318782093,100,-9.375871384983292,-10.65359780566514,-7.927594134665666,True,-1.3356820781172611
WIKI,1,minibatch,0.5,1.039015008790816,1.0403693159735143,100,-7.531471765755418,-8.4843543420814,-6.500210108266313,True,-1.5274404990669959
WIKI,1,reservoir,0.01,1.5975164589321644,1.6969594077692798,100,-3.628799286207758,-10.470406923615373,3.4612384783029615,False,-0.09794623232596462
WIKI,1,reservoir,0.05,1.1954240428679161,1.2024672704334198,100,-12.537459004644845,-15.750320358893733,-9.49397402488498,True,-0.8088156829050724
WIKI,1,reservoir,0.1,1.1282090321263192,1.1378124200107846,100,-10.664589841200764,-12.91645689331387,-8.403647549075917,True,-0.9498778905549222
WIKI,1,reservoir,0.3,1.0626178445544945,1.061520272273512,100,-9.560539912919971,-10.751744946272188,-8.259064267092235,True,-1.4731679291620634
WIKI,1,reservoir,0.5,1.0383898762129942,1.0406683432619883,100,-7.518313541590229,-8.370291281885947,-6.539271824380316,True,-1.6054055187374157
WIKI,1,kdtree,0.01,1.6025010549460232,1.7127112567525087,100,-4.425634871740967,-10.975292898367144,2.186349599044083,False,-0.13282463158566976
WIKI,1,kdtree,0.05,1.1945253730058092,1.2157696279531955,100,-11.590599706736967,-14.696786853919637,-8.698331048908273,True,-0.7464760806323869
WIKI,1,kdtree,0.1,1.1366880071855616,1.1398327453209862,100,-10.36280147112705,-12.685489241773285,-7.965734453101682,True,-0.8647841920214883
WIKI,1,kdtree,0.3,1.0592057543736804,1.0649286668387143,100,-9.232869777725709,-10.523809521847804,-7.788058234577729,True,-1.3244472212888574
WIKI,1,kdtree,0.5,1.0430186853563204,1.0424972339707694,100,-7.348319074948436,-8.299522446395518,-6.357642990903637,True,-1.5086244818480996
WIKI,1,hilbert,0.01,1.5816886399457797,1.6753032661678993,100,-4.821120446395704,-11.05426399263663,2.2137633881319663,False,-0.14384201781908434
WIKI,1,hilbert,0.05,1.188580970829507,1.204832687714577,100,-12.032963329399202,-15.359814993010039,-8.759182911292662,True,-0.7130642432561506
WIKI,1,hilbert,0.1,1.1234642331830629,1.1313734140944616,100,-10.923547918492105,-13.569051448842243,-8.278814184166277,True,-0.8333175958346812
WIKI,1,hilbert,0.3,1.055259020416637,1.0584698419802876,100,-9.816658024984875,-11.04767540998328,-8.461172417225876,True,-1.5267578083368207
WIKI,1,hilbert,0.5,1.0381303415516632,1.0373883162048445,100,-7.812292141711693,-8.69723668701789,-6.800707170849511,True,-1.6973798424766842
WIKI,1,pca1d,0.01,1.4842547215768511,1.5795401092004484,100,-11.752885931696602,-17.247697239035283,-5.786576205341238,True,-0.4025699995975385
WIKI,1,pca1d,0.05,1.1937108910926904,1.2006864208915498,100,-12.524697336210386,-15.752658086515872,-9.671921632866356,True,-0.8082360864457245
WIKI,1,pca1d,0.1,1.1327431224078113,1.1327452979723078,100,-10.865984501317328,-13.237599083539216,-8.452577258115053,True,-0.8923789502389345
WIKI,1,pca1d,0.3,1.056878005531458,1.06050718354963,100,-9.61377619818082,-10.91089574659555,-8.23392948230057,True,-1.4084479361079665
WIKI,1,pca1d,0.5,1.0390101541401513,1.039858071112296,100,-7.59321545874695,-8.443448295317996,-6.620988407659284,True,-1.6502740999269585
WIKI,1,hierarchical_kmeans,0.01,1.6250488444748088,1.7817532578114659,100,-0.10621717412139363,-7.434278685033792,8.369740929092274,False,-0.002553951128743847
WIKI,1,hierarchical_kmeans,0.05,1.2393184750336137,1.244687039311409,100,-8.951470074586256,-12.722704031965339,-5.256386629598669,True,-0.47521519812684376
WIKI,1,hierarchical_kmeans,0.1,1.1381344275413867,1.154610575687562,100,-9.129959973405215,-11.72943656975102,-6.419869154355196,True,-0.6853125692813505
WIKI,1,hierarchical_kmeans,0.3,1.0676641784515473,1.0691945963250782,100,-8.878195612499265,-10.10013219614986,-7.454626203329738,True,-1.2934569068238198
WIKI,1,hierarchical_kmeans,0.5,1.0461877882145054,1.0470017505676301,100,-6.944038402985435,-7.914429409823461,-5.840457744861413,True,-1.3854033464741098
WIKI,1,birch,0.01,1.6199218093415106,1.6890715154747067,100,-3.3524692076693516,-11.013012520796623,5.391107585069489,False,-0.08120639093177126
WIKI,1,birch,0.05,1.2190755394982569,1.2468807740346175,100,-8.852507261838607,-12.60499003054789,-4.759224445441665,True,-0.42488076895922483
WIKI,1,birch,0.1,1.1464567303039912,1.1502081564538769,100,-9.480987730504944,-11.951611574291361,-6.933964245551976,True,-0.7459962701757878
WIKI,1,birch,0.3,1.0678173519322234,1.0668485434568211,100,-9.069013165688853,-10.356720928560621,-7.701262663437117,True,-1.2920592184529507
WIKI,1,birch,0.5,1.0422734426577422,1.0434360032252668,100,-7.270668253600908,-8.175843339144166,-6.197583303594234,True,-1.5156522021389722
WIKI,1,hybrid,0.01,1.7114166963252018,2.837069730696104,100,79.0871563488329,-0.05093648097546466,246.6226714394151,False,0.1279411239497847
WIKI,1,hybrid,0.05,1.235448958112162,1.253079894521438,100,-8.5671592622241,-12.157143117761239,-4.8542903518715175,True,-0.46036817936055413
WIKI,1,hybrid,0.1,1.1474152498616919,1.155677659753781,100,-8.985184522617518,-11.694412094634615,-6.306746837950231,True,-0.6668796412681375
WIKI,1,hybrid,0.3,1.0695379571658798,1.0699254777820768,100,-8.80527978174368,-10.069211423118023,-7.349000827553522,True,-1.248989384655761
WIKI,1,hybrid,0.5,1.0469375592769388,1.0482122956629363,100,-6.835539525241091,-7.775730329029441,-5.796731469807303,True,-1.366319828411502
WIKI,1,optics,0.01,2.4430459277293464,2.8502937100391406,99,61.715787137045474,44.256910422607596,80.64229941645661,True,0.6099343850890154
WIKI,1,optics,0.05,1.5281858659886478,1.709520215497551,100,23.059353187348453,13.851221070118774,32.48326257153183,True,0.47058204843436496
WIKI,1,optics,0.1,1.301170784943593,1.357574610418905,100,6.2769830550927805,2.4938497864547893,10.257230302017286,True,0.3164378334733953
WIKI,1,optics,0.3,1.1434308026721065,1.1494689861571334,100,-2.094287010139165,-3.443464865436983,-0.5088514546932824,True,-0.27500155750286465
WIKI,1,optics,0.5,1.0790502820091075,1.0854220478325631,100,-3.524771042582769,-4.585033522804629,-2.2674742393247937,True,-0.6153196684412778
WIKI,1,coresets,0.01,1.6099178695588625,1.660175784323775,100,-6.7631596338842686,-12.170546014091896,-0.9248769439696295,True,-0.22821827114661533
WIKI,1,coresets,0.05,1.1916545124294227,1.208341252609101,100,-11.892466747811307,-15.176193933008268,-8.599529484310024,True,-0.7304870650219458
WIKI,1,coresets,0.1,1.1183724490392106,1.1243673230965712,100,-11.513087157536475,-13.86025171827777,-9.041431594143203,True,-0.9411844067701747
WIKI,1,coresets,0.3,1.0620517645390701,1.067086671766589,100,-9.07747775035561,-10.260764035512885,-7.756236194739983,True,-1.372172777297135
WIKI,1,coresets,0.5,1.0370863748003374,1.0389681292644806,100,-7.665580585205761,-8.58983947179145,-6.624115547451993,True,-1.6150072640107922
WIKI,10,lsh,0.01,1.684358084419458,1.8423616854577969,100,9.179083513590232,0.2689419527589746,19.009652485765606,True,0.19106764197878373
WIKI,10,lsh,0.05,1.2144621852304398,1.2370034552791664,100,-4.73435548036228,-7.230933029218169,-2.0737953817558354,True,-0.3710845190782207
WIKI,10,lsh,0.1,1.1292724316498384,1.1427929734757587,100,-4.079916061871503,-5.927465540428517,-2.3935407074329755,True,-0.45355305263676854
WIKI,10,lsh,0.3,1.0701293971464154,1.0736330494212551,100,-1.5530904846382574,-2.3712343521200694,-0.7221167853441797,True,-0.3660993034268547
WIKI,10,lsh,0.5,1.0409545100637878,1.0445114358160708,100,-1.3550499471793926,-1.9440479682971703,-0.7680176889221179,True,-0.4647334421892352
WIKI,10,spectral,0.01,2.7120005463694055,5.973874734612342,96,280.35951927350965,73.22251076413326,589.7021175276129,True,0.21334388991664266
WIKI,10,spectral,0.05,1.726513964784814,4.19731895780085,100,238.85159708658531,65.92932618349522,533.4591660278678,True,0.17559098990893932
WIKI,10,spectral,0.1,1.4408633556164858,1.4900770826516514,100,25.132214289137675,19.897281011339192,30.298090505204087,True,0.9719681084215213
WIKI,10,spectral,0.3,1.1787576453765636,1.1990881405549643,100,9.917208682218469,8.422637111253412,11.374640091824345,True,1.2856765049082288
WIKI,10,spectral,0.5,1.1089447897818676,1.1178796946194245,100,5.583912168538322,4.621781112585545,6.522225247174648,True,1.097802015650785
WIKI,10,distance_shell,0.01,1.6646218581444419,1.717724769538422,100,-0.33415666758651574,-4.868686108913945,4.473890292752879,False,-0.013594957058605209
WIKI,10,distance_shell,0.05,1.2884195121342987,1.3104797802465908,100,0.7053703144891348,-1.8249230384596369,3.191519277112624,False,0.05394861398539018
WIKI,10,distance_shell,0.1,1.233923259029877,1.236943053073814,100,3.7167359144436727,1.8247738966609919,5.401439597954541,True,0.40298604494358237
WIKI,10,distance_shell,0.3,1.1398778509426222,1.1403821712515048,100,4.577097435416629,3.4367817944817123,5.616922280226244,True,0.792544461794534
WIKI,10,distance_shell,0.5,1.0829890238320676,1.0854183597693452,100,2.512531012244041,1.7863336432472308,3.188469330313773,True,0.6847375446446106
WIKI,10,zorder,0.01,1.5135497687019681,1.6045760122349841,100,-6.787589273370421,-11.548608514931816,-2.22558944119309,True,-0.2749911073987416
WIKI,10,zorder,0.05,1.1888061384749558,1.195494602570971,100,-7.816507492242631,-10.371874238946393,-5.392485638465555,True,-0.6138837090256734
WIKI,10,zorder,0.1,1.119069407841319,1.128949095391021,100,-5.245515368403755,-6.876042925967592,-3.6031490293229984,True,-0.6383930241942316
WIKI,10,zorder,0.3,1.0580918845904435,1.061997587889417,100,-2.6005978510243346,-3.4379921696133455,-1.7693417096352122,True,-0.602792438793433
WIKI,10,zorder,0.5,1.0408080833991744,1.041939760201155,100,-1.595801157373384,-2.1374229888956333,-1.039077969515321,True,-0.5632958276097038
WIKI,10,hammersley,0.01,1.8866201311170332,2.819641349100997,100,61.121288989977565,32.35797567416817,94.78990181453763,True,0.39055701738029114
WIKI,10,hammersley,0.05,1.3259786087271939,1.372722354313852,100,5.627450120485003,1.5331196501307953,9.740483959368415,True,0.2548617814372625
WIKI,10,hammersley,0.1,1.2065829735085292,1.2230865409833727,100,2.6491467449179504,0.19248967436128622,4.9469863934189355,True,0.22148149655666186
WIKI,10,hammersley,0.3,1.1012334735771527,1.1034048328245432,100,1.1798066773155764,0.25460528225045226,2.041346440018081,True,0.2483408417174683
WIKI,10,hammersley,0.5,1.0652318104539682,1.0680453881762586,100,0.8585171009640097,0.2598669170874708,1.466836823007142,True,0.27904840496683914
WIKI,10,dbscan,0.01,5.544102750309891,8.22828112234187,97,387.3346294376775,303.44198445626864,475.62938896598814,True,0.885346485905116
WIKI,10,dbscan,0.05,3.0437963339089347,8.245823192191455,100,525.6774404036601,359.3375487215926,720.795388313091,True,0.570090328611756
WIKI,10,dbscan,0.1,1.6525911131536746,3.2582007035590097,100,175.84682260743156,108.24080135796557,280.9742350119457,True,0.40771817348211253
WIKI,10,dbscan,0.3,1.2777600010979193,1.3093041166080512,100,20.18564904004911,17.16489864423823,23.28140425421843,True,1.3382304617606857
WIKI,10,dbscan,0.5,1.1548463266614182,1.1724946455297998,100,10.726886363143537,9.33609375952068,12.120744536757448,True,1.5058685072804425
WIKI,10,minibatch_partial,0.01,1.6200315101172507,27.983300718206678,100,978.4033808393489,-3.9839668583469794,3906.8945117160347,False,0.10063324805007023
WIKI,10,minibatch_partial,0.05,1.2186272335578443,1.2396076674295973,100,-4.354331977909148,-7.247445684793736,-1.3851801339229917,True,-0.2932111054021291
WIKI,10,minibatch_partial,0.1,1.1427891400216152,1.1471259976062382,100,-3.773722723094624,-5.311547320903541,-2.001038092515594,True,-0.4451036600561129
WIKI,10,minibatch_partial,0.3,1.0671004518372924,1.0679743955075696,100,-2.0400416435038107,-3.0094001872850775,-1.1163161099117453,True,-0.42017893750991775
WIKI,10,minibatch_partial,0.5,1.0448179230633516,1.0454193030539252,100,-1.265470831099909,-1.8779302997377478,-0.7423278499142995,True,-0.43378549874589994
WIKI,10,random_proj,0.01,1.8000061641099858,2.1098419887378244,100,22.545162800578474,11.086438573540327,34.97207284156132,True,0.36796924859902674
WIKI,10,random_proj,0.05,1.2671369437176243,1.2916819512814532,100,-0.6187833094623322,-3.537263265855844,2.1447324204911196,False,-0.04369101773856638
WIKI,10,random_proj,0.1,1.1753477178201792,1.1753611463290103,100,-1.3833636955594535,-3.140777165444253,0.40128516891564053,False,-0.15258702354549822
WIKI,10,random_proj,0.3,1.0760760289692954,1.0787664843875897,100,-1.0718027654876077,-1.9670407085844608,-0.2326358752389756,True,-0.24089670835278407
WIKI,10,random_proj,0.5,1.047924384002108,1.0478466181223698,100,-1.0461787270242318,-1.5893008410587177,-0.5357779593290108,True,-0.384348600113547
WIKI,10,hybrid,0.01,1.4870861394702042,1.5922025996473226,100,-7.094448699720479,-12.11570813323656,-1.629937052864568,True,-0.26263768273470894
WIKI,10,hybrid,0.05,1.1881061054251933,1.1952776415711228,100,-7.791154732208401,-10.276463797085883,-5.22636375743827,True,-0.6068245781880832
WIKI,10,hybrid,0.1,1.1194129473834715,1.126837565862153,100,-5.434292340818261,-7.105935781055612,-3.9095414760642053,True,-0.6590145544552737
WIKI,10,hybrid,0.3,1.056998821951309,1.058702907484485,100,-2.904571597786052,-3.7832195533476485,-2.0826362113572596,True,-0.6676249274029394
WIKI,10,hybrid,0.5,1.036566128984316,1.0390055459396148,100,-1.8749403563203353,-2.4631975212738824,-1.3589744866635793,True,-0.6814517510567861
WIKI,10,gmm,0.01,1.4844936122310535,1.5786061767610677,100,-7.7282865634906095,-12.959032504260703,-1.9505284572540764,True,-0.2775194636424866
WIKI,10,gmm,0.05,1.1882898091087766,1.1898845874828814,100,-8.244700019908434,-10.779892085788655,-5.934348840391658,True,-0.6570577611018251
WIKI,10,gmm,0.1,1.1162075901479793,1.1241268415642225,100,-5.663092297862533,-7.330480754412444,-4.15806708856961,True,-0.6940233113164468
WIKI,10,gmm,0.3,1.0549141668569402,1.0585067990169352,100,-2.943513658635386,-3.721182952052995,-2.196874181941712,True,-0.7686459666466665
WIKI,10,gmm,0.5,1.0360790474840234,1.0399169976585116,100,-1.7878563009478046,-2.3641131109767515,-1.2454159390963933,True,-0.6216547514487986
WIKI,10,sobol,0.01,1.8268583092282826,11.11352859202789,100,532.6891286424427,93.12100744024724,1064.7652917039386,True,0.20515507248564885
WIKI,10,sobol,0.05,1.292889881139966,1.3247118678501673,100,2.2512647277975755,-1.2818128005465597,5.71107377172732,False,0.12832037224714146
WIKI,10,sobol,0.1,1.1832032662981726,1.197090422919952,100,0.450268704769819,-1.6287184557056251,2.4478754958206737,False,0.04286837615681454
WIKI,10,sobol,0.3,1.0826114682334016,1.0932113626794155,100,0.2582990990535049,-0.8606464851198211,1.2671239517505974,False,0.04862531285449742
WIKI,10,sobol,0.5,1.061141530801667,1.0611242849209164,100,0.2183491034927349,-0.4830186583223947,0.8574132115943957,False,0.0679731949704851
WIKI,10,sparse_rp,0.01,1.6225494132693201,1.6783111673037576,100,-2.1068372452850515,-6.9817247815829315,2.975382028835305,False,-0.08088827420206249
WIKI,10,sparse_rp,0.05,1.1897407213671563,1.2130514153005227,100,-6.488809578893555,-9.117307507788189,-3.861974943540655,True,-0.47697550191204924
WIKI,10,sparse_rp,0.1,1.1294454808030814,1.135107063674893,100,-4.741543545698546,-6.322357158450269,-3.3012008175877625,True,-0.5771466407074332
WIKI,10,sparse_rp,0.3,1.06556638284769,1.067404907650134,100,-2.120399365528118,-2.9215381593763405,-1.303494209927883,True,-0.49910007988546806
WIKI,10,sparse_rp,0.5,1.0422332885733319,1.0445127883528231,100,-1.3568905785320664,-1.9051383836404492,-0.8435587348404857,True,-0.48925667189209765
WIKI,10,importance_sampling,0.01,3.360485816123948,4.209937742095788,69,140.30852243872476,102.65793750353915,179.199153145944,True,0.878576321162211
WIKI,10,importance_sampling,0.05,2.162365366640813,2.211973716984086,100,69.2416589382211,62.367033959486335,76.41116453379924,True,1.960432958347802
WIKI,10,importance_sampling,0.1,1.778616739313619,1.8282981713055468,100,52.40237106744311,45.55163136692829,59.18983229972028,True,1.4898067346590707
WIKI,10,importance_sampling,0.3,1.1687699969850724,1.1800613224278884,100,8.147354937357354,6.881573496909752,9.351321297822661,True,1.3463263900466285
WIKI,10,importance_sampling,0.5,1.090232138049943,1.095741867339506,100,3.4634261860713305,2.788317212731824,4.130980857785379,True,0.9865679152425577
WIKI,10,faiss_ivf,0.01,1.526151237590313,1.6320605193306137,100,-5.2003318846005895,-10.273198755476066,0.5559618828117224,False,-0.19255384371872386
WIKI,10,faiss_ivf,0.05,1.2108745311753082,1.2299275429151026,100,-5.237073491670433,-8.067338021499394,-2.327316102357424,True,-0.3563821289652443
WIKI,10,faiss_ivf,0.1,1.1248973928043635,1.1365708822094154,100,-4.678182892282552,-6.325497409724041,-3.13051465004436,True,-0.5875339196468345
WIKI,10,faiss_ivf,0.3,1.057031155410646,1.059864350618685,100,-2.8044980216756894,-3.611557154159326,-1.9658428131975074,True,-0.6529900012655279
WIKI,10,faiss_ivf,0.5,1.0380496057924273,1.0397528986703537,100,-1.8013268358396541,-2.3976164020960606,-1.2500215672452726,True,-0.6226220884230566
WIKI,10,kdtree,0.01,1.597641052917529,1.7010546461837737,100,-1.3946884915576456,-6.627446127607175,4.465622817250634,False,-0.04804301178905621
WIKI,10,kdtree,0.05,1.212555560733144,1.2266729688684517,100,-5.4965481753424426,-8.159229418318354,-2.9491584610012533,True,-0.41540989815760365
WIKI,10,kdtree,0.1,1.1432985610293989,1.1488887497371436,100,-3.5701852423884315,-5.317319376981295,-1.836043666908267,True,-0.40343369188439654
WIKI,10,kdtree,0.3,1.0621977117859145,1.0668989498364332,100,-2.160020906198881,-3.0455520977613504,-1.3236115209058978,True,-0.5029433227724238
WIKI,10,kdtree,0.5,1.0447768132529847,1.0452441191694013,100,-1.289899584718041,-1.8325094308071819,-0.7968927585873997,True,-0.5128834260064183
WIKI,10,coresets,0.01,1.5953731339649697,1.6416013731364927,100,-3.800449777304832,-9.42816127782098,2.072673621701993,False,-0.12945307390552857
WIKI,10,coresets,0.05,1.1981522632060784,1.2171609443247053,100,-6.10291562070607,-8.89161846019044,-3.339963245146299,True,-0.4342984840816821
WIKI,10,coresets,0.1,1.1261441248865203,1.1334636846318573,100,-4.816771136059607,-6.747880782099475,-3.222487374399569,True,-0.5255984501164153
WIKI,10,coresets,0.3,1.0585763670330772,1.0600698542208307,100,-2.8079469852324506,-3.5091380802669403,-2.0927825520639436,True,-0.7704989762108397
WIKI,10,coresets,0.5,1.0403331794819353,1.0404486651137135,100,-1.739606068924719,-2.2960783374511764,-1.2033213723032241,True,-0.6444340317952018
WIKI,10,hdbscan,0.01,1.6138322943101158,1.6900232549256209,100,-0.9868318823347368,-6.4962013750613945,5.369459514177662,False,-0.03214691293677512
WIKI,10,hdbscan,0.05,1.1831674508893426,1.1875253169481803,100,-8.528992324412714,-10.8183584266976,-6.126114521331008,True,-0.7096563260057988
WIKI,10,hdbscan,0.1,1.1239857025346103,1.1253557753899839,100,-5.536530326548906,-7.249690140071292,-3.829402974621277,True,-0.6611377029118906
WIKI,10,hdbscan,0.3,1.0604078465757838,1.0618810755451906,100,-2.631775519956449,-3.3722292927921154,-1.866307256224209,True,-0.6740107087934282
WIKI,10,hdbscan,0.5,1.039948027685588,1.0403420295359087,100,-1.7490208933406026,-2.2723068034733678,-1.215679839645507,True,-0.6523791605042716
WIKI,10,kmeans_pp,0.01,1.5527427176753594,1.6441070008134553,100,-4.20173692971865,-9.32154883205584,1.4855158172764302,False,-0.15674512351436704
WIKI,10,kmeans_pp,0.05,1.190720845596227,1.2203634475512835,100,-5.994952393715745,-8.660500480463899,-3.4778054727888748,True,-0.46358188551422674
WIKI,10,kmeans_pp,0.1,1.1236663620630116,1.1302490841674788,100,-5.171705667300477,-6.7444519175941195,-3.742851526015619,True,-0.642356582525433
WIKI,10,kmeans_pp,0.3,1.0592589412139195,1.0628634340656817,100,-2.5148800544384216,-3.436741097089783,-1.6587844966737206,True,-0.5494919909894873
WIKI,10,kmeans_pp,0.5,1.0406390567158104,1.0416064333117179,100,-1.6246059271231343,-2.1936784446349797,-1.0288969445412484,True,-0.5486714726344163
WIKI,10,minibatch,0.01,1.5268337829846872,1.603004824119204,100,-5.954903559077101,-10.7865773721026,-0.4154190281503533,True,-0.23102486539282358
WIKI,10,minibatch,0.05,1.1794934317435142,1.1882716748470097,100,-8.376371483030196,-10.805672180889431,-6.0404598685739,True,-0.6706629364789026
WIKI,10,minibatch,0.1,1.116051079761259,1.1247164772245346,100,-5.620081453308818,-7.239502106854096,-4.141726325772065,True,-0.6973729013437069
WIKI,10,minibatch,0.3,1.0519670160890615,1.0546362140522256,100,-3.2834956060433353,-4.118805806144119,-2.5188964758535706,True,-0.8038247597512205
WIKI,10,minibatch,0.5,1.0365273715607675,1.038191854436526,100,-1.9537376231924983,-2.461430248667366,-1.472962103012353,True,-0.7353677958149853
WIKI,10,reservoir,0.01,1.5667694101517506,1.6507215776440183,100,-3.212750469127454,-9.287815553598023,2.4666707739813525,False,-0.11211481561569077
WIKI,10,reservoir,0.05,1.202385776134597,1.2133203928405916,100,-6.409137775013554,-9.083624179171997,-3.8003298615330507,True,-0.4673974984491799
WIKI,10,reservoir,0.1,1.134476603474361,1.1351863404797515,100,-4.789921040105771,-6.338681979957559,-3.3974978527487605,True,-0.6171310983864885
WIKI,10,reservoir,0.3,1.063249245564068,1.063422665943942,100,-2.4887281039598053,-3.36511333751772,-1.7230659030392905,True,-0.6192903153181797
WIKI,10,reservoir,0.5,1.0382841488367753,1.0400808292216233,100,-1.7721468819472221,-2.384202206200912,-1.2258559826579414,True,-0.6213874620569133
WIKI,10,kde_pilot,0.01,1.58113813091696,1.6497670003176612,100,-3.5695728148636214,-9.011761837172822,2.2912027272504414,False,-0.12431686863567348
WIKI,10,kde_pilot,0.05,1.2311820545278622,1.2381465604228883,100,-4.760679442736567,-7.090494172872833,-2.7147463728562267,True,-0.43125782822091663
WIKI,10,kde_pilot,0.1,1.1519312129376027,1.1609578988778848,100,-2.6195956351377343,-4.193352530717249,-1.1654413344900398,True,-0.3287709787365329
WIKI,10,kde_pilot,0.3,1.0702791631399848,1.0731134379840896,100,-1.6007238416858596,-2.3675830230155643,-0.8515579641990981,True,-0.41786331104871066
WIKI,10,kde_pilot,0.5,1.0441647601260802,1.0460961836123501,100,-1.200064449110397,-1.7977295930871489,-0.6530208529285986,True,-0.4085066893000769
WIKI,10,agglomerative,0.01,1.6269514099893017,1.7674454671806512,100,3.4453672356964353,-3.1247130861823913,10.779101578510188,False,0.09325022073243143
WIKI,10,agglomerative,0.05,1.187219792454749,1.2028142195392066,100,-7.298275031862113,-9.817750056383398,-4.762271918125674,True,-0.5793015705151433
WIKI,10,agglomerative,0.1,1.123638185216267,1.1296178662513654,100,-5.148973181358101,-6.839596016504601,-3.334486794467315,True,-0.5756493768832835
WIKI,10,agglomerative,0.3,1.062845794501794,1.064825013682219,100,-2.3397286028863995,-3.2127733104592924,-1.5086220580050143,True,-0.5229012053484141
WIKI,10,agglomerative,0.5,1.0393014925403377,1.042244561981828,100,-1.5668360028563177,-2.113002859160724,-1.0336127351246944,True,-0.5465638039343296
WIKI,10,halton,0.01,1.9169860199331494,2.6137655201177683,100,53.560657783245524,29.356495357007635,84.13067534247129,True,0.39346710341010693
WIKI,10,halton,0.05,1.2787349780228965,1.3942992302287593,100,7.04480708236767,1.435748775381585,14.250896776838657,True,0.21213785173798652
WIKI,10,halton,0.1,1.1973394106197695,1.2115405848642191,100,1.7111645980116654,-0.5296085870050363,3.798144834003358,False,0.15186969738518916
WIKI,10,halton,0.3,1.1062906058798263,1.1065284299316707,100,1.4906099769346173,0.4654994461395684,2.664502743831497,True,0.27016500479450256
WIKI,10,halton,0.5,1.0666507946177037,1.0722377289417038,100,1.2690958907624572,0.5680427610810874,2.0734862009838375,True,0.3403807134573034
WIKI,10,hierarchical_kmeans,0.01,1.6108047901154114,1.805256897324417,100,7.1854063095915786,-5.096446311985171,24.772085270481405,False,0.09232740512177691
WIKI,10,hierarchical_kmeans,0.05,1.237966372478541,1.2607044333783206,100,-2.909214180714819,-5.776067643317935,0.05689894825068866,False,-0.194795535115651
WIKI,10,hierarchical_kmeans,0.1,1.1444180952684404,1.1565071164578742,100,-2.933608852611682,-4.959289555165918,-0.8810038904997161,True,-0.29863118862341964
WIKI,10,hierarchical_kmeans,0.3,1.0734524075863487,1.0764587243433097,100,-1.2894205340412455,-2.136203867298354,-0.43990003390925286,True,-0.2943397648449551
WIKI,10,hierarchical_kmeans,0.5,1.0467789968800225,1.049840149822264,100,-0.8514469312093702,-1.4520954668777486,-0.2832889509660368,True,-0.2811921601853738
WIKI,10,pca_kmeans,0.01,1.6339607075396512,1.6846125249276356,100,-1.395860505882792,-7.138138014433015,4.888404215550884,False,-0.047055125160224504
WIKI,10,pca_kmeans,0.05,1.221291237353556,1.2196603957630319,100,-5.839863427340558,-8.543796131748854,-3.2213848289605096,True,-0.4319263941911912
WIKI,10,pca_kmeans,0.1,1.1259877383046448,1.1282581080631193,100,-5.373908741918573,-6.853461035647737,-3.914642110981389,True,-0.711707563113988
WIKI,10,pca_kmeans,0.3,1.0614688018644163,1.0644336205536826,100,-2.3847224428941005,-3.2390389400958357,-1.520647315659396,True,-0.5461802598008761
WIKI,10,pca_kmeans,0.5,1.0408396303789484,1.0421126356247987,100,-1.5803408846684306,-2.115203855055509,-1.0378208761638157,True,-0.5704437482245848
WIKI,10,pq,0.01,2.0415667078683164,4.721200699922089,100,161.9333388140074,79.11475183755944,276.2165916133854,True,0.2879805661668865
WIKI,10,pq,0.05,1.2848106437022668,1.3334079295229868,100,2.493325752644603,-1.2319594328163166,6.483532488591545,False,0.1335495192051486
WIKI,10,pq,0.1,1.1791284838831544,1.2077281680861078,100,1.2746415767420003,-1.1008904475518677,3.5688076885511513,False,0.10959537352795422
WIKI,10,pq,0.3,1.0983549132999868,1.1021381713063931,100,1.0757697520362666,0.0015234772695561624,2.051941779915001,True,0.1990759156351505
WIKI,10,pq,0.5,1.0603658806018519,1.0646232290852093,100,0.5499499664712012,-0.17698304790236932,1.2297908275842102,False,0.15314801589691016
WIKI,10,birch,0.01,1.6639359913683855,1.8189192386373632,100,6.572948045349794,-1.2511031744514576,14.855227254641465,False,0.1647720588745725
WIKI,10,birch,0.05,1.2055452061146752,1.2223238359243929,100,-5.767831344561143,-8.643518500854622,-3.0208810988024877,True,-0.4193715197604091
WIKI,10,birch,0.1,1.12348611338813,1.1390007874621435,100,-4.40363195071466,-6.323186813538932,-2.557683559342758,True,-0.458162472947464
WIKI,10,birch,0.3,1.0640943937096283,1.0655835767899553,100,-2.2832591100302158,-3.1133862772609238,-1.4789519488900993,True,-0.5608342361925832
WIKI,10,birch,0.5,1.0412117228897722,1.0446421216293886,100,-1.3431839843056304,-1.8572282087461391,-0.8130809763881245,True,-0.5006305001686304
WIKI,10,optics,0.01,2.4536661486495164,3.255664100003375,97,96.14288340159156,66.5851340418213,131.60397815390726,True,0.5758407616502841
WIKI,10,optics,0.05,1.633856245162367,2.1227509960813142,100,65.40979252798478,32.36315600065123,122.83778449327369,True,0.2576881562533537
WIKI,10,optics,0.1,1.331140131652134,1.4015907832240566,100,17.669335121100886,13.573076591087581,21.79210494672383,True,0.8736627952904293
WIKI,10,optics,0.3,1.160130137222207,1.1564134967571966,100,6.019599215114306,4.7420465445831175,7.255883938874838,True,0.954740460974059
WIKI,10,optics,0.5,1.0924375812972773,1.0957423679743048,100,3.488602453852028,2.646714957271662,4.332443121677434,True,0.8138779775344711
WIKI,10,pca1d,0.01,1.5805360902000265,1.6630671101125734,100,-2.031725493711752,-8.19512785137788,4.209543712667977,False,-0.06728864143976176
WIKI,10,pca1d,0.05,1.2230988954041253,1.234532470513103,100,-4.832173383531835,-7.330465992081199,-2.1289788219544525,True,-0.35939322166550836
WIKI,10,pca1d,0.1,1.1389220825231203,1.1470129256890491,100,-3.6903008118541525,-5.482899672462747,-1.8922069481389574,True,-0.400724838405641
WIKI,10,pca1d,0.3,1.0617638435624959,1.0611935164376587,100,-2.6724531660196726,-3.60643953108775,-1.7678754315280492,True,-0.5980331013960895
WIKI,10,pca1d,0.5,1.038670831121423,1.039169175867679,100,-1.8646727441145068,-2.3784090984538926,-1.3775389198046288,True,-0.725725906150398
WIKI,10,hilbert,0.01,1.5743238667249655,1.647631064046843,100,-3.5484632352331964,-8.401795353997239,2.2362501901013556,False,-0.12871125642926048
WIKI,10,hilbert,0.05,1.2004061865346707,1.204055232551655,100,-7.140070985450088,-9.571770456093573,-4.752267130331615,True,-0.5585340743121756
WIKI,10,hilbert,0.1,1.1146026028953009,1.1232871655072345,100,-5.695195867167071,-7.388885130666208,-4.079562632985042,True,-0.6756736396504389
WIKI,10,hilbert,0.3,1.0561956941199857,1.0582439757190163,100,-2.9478702462654742,-3.7784604352828124,-2.1655454741314304,True,-0.7062597913071217
WIKI,10,hilbert,0.5,1.0347143869666466,1.0376680398194333,100,-1.9996690514129858,-2.551198575375932,-1.4890648174673689,True,-0.7356251511233685
YFCC,1,faiss_ivf,0.01,1.5501779045732094,1.6010016684776036,100,-8.241581110956473,-12.98636555831651,-3.3963544382149293,True,-0.31979382068813034
YFCC,1,faiss_ivf,0.05,1.1889593449491493,1.2202539414467273,100,-5.287874407502093,-8.216416142076273,-2.6456115303473564,True,-0.3745839611864882
YFCC,1,faiss_ivf,0.1,1.1197089754765028,1.1374198503242536,100,-6.406930838275519,-8.401250038661217,-4.450492763173544,True,-0.6680016054111163
YFCC,1,faiss_ivf,0.3,1.0611263438586893,1.0602454425929724,100,-5.662700542844171,-6.746619931803383,-4.532687040093174,True,-1.0181291753592698
YFCC,1,faiss_ivf,0.5,1.0340122643181064,1.0351880904416493,100,-4.578935110328331,-5.408780988425284,-3.732239359927842,True,-1.0985958147801278
YFCC,1,zorder,0.01,1.5550652693910716,1.6315496550864217,100,-5.289534866810301,-11.129607346655519,0.8935218002183217,False,-0.1747438788630526
YFCC,1,zorder,0.05,1.189155174516738,1.1921364414300957,100,-7.243461176042125,-9.936520675294359,-4.836742643666234,True,-0.5850627480801613
YFCC,1,zorder,0.1,1.1171333967743502,1.1191608677156646,100,-7.810169719406995,-9.725193306282504,-5.93588950326918,True,-0.8373418426101793
YFCC,1,zorder,0.3,1.0526053814485783,1.0558277555136433,100,-6.052850044174612,-7.123351684560831,-4.911998215387113,True,-1.0822312082127918
YFCC,1,zorder,0.5,1.0318751283261696,1.0342101750766204,100,-4.670056930667022,-5.47544161923008,-3.8274418240095924,True,-1.134352184640877
YFCC,1,optics,0.01,2.8363014548086,3.1247679910022277,100,79.63969448668894,61.24018505058561,101.78415249420428,True,0.785688934845644
YFCC,1,optics,0.05,1.5110575399067856,1.7077629802742882,100,32.21092605005233,19.97255348373144,46.310886804302754,True,0.4631219986789023
YFCC,1,optics,0.1,1.2791960507392468,1.3006212912932955,100,6.963154100593857,3.925019900855682,10.106126840229072,True,0.4353185469656371
YFCC,1,optics,0.3,1.119451610867309,1.120624935727291,100,-0.2946084378550374,-1.5860854167109688,1.0829996251936442,False,-0.04433845934841253
YFCC,1,optics,0.5,1.0674610545016685,1.0680666254852569,100,-1.5484509574676435,-2.465769709906527,-0.6460607358815126,True,-0.3285560437792042
YFCC,1,halton,0.01,1.8493108452511393,3.0742961281853827,100,75.52367655205441,43.862885225034695,110.26418747732669,True,0.4595208595769912
YFCC,1,halton,0.05,1.2965503286047892,1.329772771146178,100,3.855209452628171,-1.340030539499977,10.477913239612086,False,0.1299091879930834
YFCC,1,halton,0.1,1.1686641574048915,1.1855189794524903,100,-2.4091163032607468,-4.4372098875163495,-0.3288914680660544,True,-0.23144751736933514
YFCC,1,halton,0.3,1.0849064602453766,1.0861073715535785,100,-3.349206247453019,-4.555792097837864,-2.1344569150695514,True,-0.5350937916979723
YFCC,1,halton,0.5,1.0512813719552185,1.0541996015426784,100,-2.819939507237403,-3.690283616443311,-1.89592335198885,True,-0.6126384943677363
YFCC,1,hierarchical_kmeans,0.01,1.5567960842980062,1.601024800174134,100,-6.65767379083203,-12.117158122986908,-0.7880364795142204,True,-0.22598477484167925
YFCC,1,hierarchical_kmeans,0.05,1.1913404819405269,1.2115432999125613,100,-5.659511910610613,-8.610566573262776,-2.7287499144211287,True,-0.385376155184191
YFCC,1,hierarchical_kmeans,0.1,1.1197965400950471,1.128885841523032,100,-6.943653451419616,-9.056149863308734,-4.831359285260097,True,-0.6598079750068558
YFCC,1,hierarchical_kmeans,0.3,1.0522920825696873,1.0558331210753298,100,-6.057746276895813,-7.156822410569783,-5.0057171254628585,True,-1.0815009367418613
YFCC,1,hierarchical_kmeans,0.5,1.0335556634628675,1.0350495098104482,100,-4.590175551359117,-5.403768681774728,-3.7814000741303064,True,-1.0933484040504644
YFCC,1,hammersley,0.01,1.9135126644747662,4.924428363971946,100,165.01026385896878,48.42315601334229,362.87259864419144,True,0.19735581410673297
YFCC,1,hammersley,0.05,1.2718972790037433,1.2926226447002391,100,0.6845652705667413,-2.9055358066669803,4.258115754135392,False,0.040127750601755885
YFCC,1,hammersley,0.1,1.1668338761147488,1.1828377383969477,100,-2.6361111260068255,-4.6132532045167665,-0.6049225667386529,True,-0.2561690665969348
YFCC,1,hammersley,0.3,1.0753737682408353,1.080484084504937,100,-3.853339912856987,-5.045147428734045,-2.59661321534052,True,-0.6303074900785024
YFCC,1,hammersley,0.5,1.042762158079215,1.0464544369533462,100,-3.5312453607584744,-4.426379552135412,-2.6044102982231436,True,-0.7666614960091628
YFCC,1,hilbert,0.01,1.5035467533102538,1.582481383307573,100,-8.630162468189807,-13.602031144849763,-3.847475080815558,True,-0.3434676718480605
YFCC,1,hilbert,0.05,1.1772182292696467,1.1864962539512334,100,-7.801347916378526,-10.458976567135768,-5.503207263674775,True,-0.638759154572749
YFCC,1,hilbert,0.1,1.1125281664226767,1.1167489681245926,100,-8.072827363538067,-9.878604759753292,-6.33650023142636,True,-0.9301311142132329
YFCC,1,hilbert,0.3,1.0568147399372099,1.0574732998794665,100,-5.9125821010608695,-6.989133068325221,-4.796457580615895,True,-1.0761553148356944
YFCC,1,hilbert,0.5,1.0306491102376774,1.0332634841154766,100,-4.746115811927073,-5.582053618767818,-3.850410750457641,True,-1.087086985315792
YFCC,1,kdtree,0.01,1.584439917044563,1.6544461409110442,100,-4.328551547523157,-10.513992521167399,1.5071789911602502,False,-0.13904308907725768
YFCC,1,kdtree,0.05,1.2183958711812635,1.2264384853385812,100,-4.545573959389129,-7.4910845892382465,-1.717447182396087,True,-0.33059981155167445
YFCC,1,kdtree,0.1,1.1281532387413296,1.1339257778389744,100,-6.609657822726976,-8.668284546659518,-4.676712292293106,True,-0.6780684756695767
YFCC,1,kdtree,0.3,1.0590626503788085,1.0626301564349065,100,-5.465706121821604,-6.509073087643695,-4.381990143258404,True,-0.9999258782796123
YFCC,1,kdtree,0.5,1.037216613860085,1.0384590871301176,100,-4.280742951471621,-5.067280941857889,-3.4441651401164406,True,-1.0351567062132536
YFCC,1,hdbscan,0.01,1.5635443455750466,1.6323415461611746,100,-5.360143656280758,-10.907770687878312,0.2954600063403162,False,-0.18561785799085193
YFCC,1,hdbscan,0.05,1.169623441372341,1.1799717789149131,100,-8.256750156056759,-10.877284723192028,-5.686633930648898,True,-0.6518020243552084
YFCC,1,hdbscan,0.1,1.1087734339937678,1.1119291601745989,100,-8.399348200837123,-10.267870193798567,-6.598507521053614,True,-0.8952951648346162
YFCC,1,hdbscan,0.3,1.0458131151137051,1.0484306934210843,100,-6.7246521318904176,-7.758157687815715,-5.719024652174926,True,-1.2785373476494004
YFCC,1,hdbscan,0.5,1.0322479720653013,1.0329165594180483,100,-4.78960625659219,-5.605060858344564,-3.9580901783654086,True,-1.174582846815481
YFCC,1,spectral,0.01,1.5405734433897105,2.628311958973185,100,49.94194352147828,16.236483682254367,88.47496303745433,True,0.26842792836349866
YFCC,1,spectral,0.05,1.3593540019395016,1.723362593064935,100,32.36654955289041,7.35551404812128,80.48722513326379,True,0.15208346070956544
YFCC,1,spectral,0.1,1.208903108395924,1.2482561097864218,100,2.7004384279458815,0.22510264728183435,5.326423233727713,True,0.21153054897547932
YFCC,1,spectral,0.3,1.0874248138927034,1.0968433148963677,100,-2.3987819743091667,-3.628700370510284,-1.0670020938558658,True,-0.3640555390130461
YFCC,1,spectral,0.5,1.059723153601685,1.06330432354346,100,-1.9693073275740716,-2.94480306926409,-1.0074461459376958,True,-0.3958805257966546
YFCC,1,kde_pilot,0.01,1.5928770771017022,1.6546549270927946,100,-5.133220379466994,-10.237474769264361,0.489003079147868,False,-0.1800742287258822
YFCC,1,kde_pilot,0.05,1.2148540743471514,1.2388549334785304,100,-4.069718454465414,-6.356438536081306,-1.905999813083119,True,-0.36505717696160606
YFCC,1,kde_pilot,0.1,1.144893845032227,1.15858531275518,100,-4.8871686788952395,-6.220959529551427,-3.5721182422377287,True,-0.7400656496334905
YFCC,1,kde_pilot,0.3,1.087703310881162,1.0911571354527136,100,-3.0383729844148433,-3.7406868647417006,-2.3174351144309844,True,-0.837941687088558
YFCC,1,kde_pilot,0.5,1.0565343766349349,1.0616060531434746,100,-2.214365585924224,-2.742107053718437,-1.6746715792667803,True,-0.8134589285758711
YFCC,1,sobol,0.01,1.801132749610515,29.30496625979796,100,1236.6846264961066,160.46997153700718,2969.9802609427684,True,0.17018667045794364
YFCC,1,sobol,0.05,1.2851852480045818,1.3094305104707815,100,1.9855672815850292,-2.1130540192698577,5.963180604276521,False,0.10591396883649723
YFCC,1,sobol,0.1,1.1687815113215003,1.1808960856550348,100,-2.7274869010971945,-5.310188208761195,-0.3047831069166826,True,-0.22808537307208335
YFCC,1,sobol,0.3,1.0776829455175077,1.0806289143074133,100,-3.828616518051129,-5.061882197446469,-2.6215327065148446,True,-0.5998681393365735
YFCC,1,sobol,0.5,1.0442712752803645,1.0474335322494484,100,-3.442768401172651,-4.309917818412125,-2.487868451235338,True,-0.7545013689172202
YFCC,1,importance_sampling,0.01,3.283168237913375,4.1061443355869525,68,134.5632667895976,96.78614932594559,177.3392238667227,True,0.8104806696194427
YFCC,1,importance_sampling,0.05,2.0551911695243126,2.1669347442546125,100,68.07385043971503,59.97112027938459,76.59445279140662,True,1.540329812706422
YFCC,1,importance_sampling,0.1,1.5861023355455872,1.8185706574907814,100,49.39028289059266,40.69294438696551,58.05998265979285,True,1.1092826419835737
YFCC,1,importance_sampling,0.3,1.1744632664354295,1.2038353669797566,100,6.928611513203967,5.308151822393345,8.408768847029267,True,0.8522008362907094
YFCC,1,importance_sampling,0.5,1.1099503837174922,1.1193001711408421,100,3.080268698564272,2.1635034625996883,3.9262392477832355,True,0.6597092399288463
YFCC,1,pq,0.01,1.74442268763927,10.365574396171708,100,398.03084619381093,38.760379880773776,1087.6200915933118,True,0.14141301846678875
YFCC,1,pq,0.05,1.2340824119024125,1.2857012438681992,100,-0.21842242046895358,-3.613767016007415,3.4178497318193823,False,-0.012427022896834516
YFCC,1,pq,0.1,1.1542766627398242,1.1726582680676685,100,-3.546435054124027,-5.642285569942857,-1.4286582369982177,True,-0.33641903280957086
YFCC,1,pq,0.3,1.070573334272561,1.0744217835245637,100,-4.373534109223949,-5.568044771925383,-3.0636501756122128,True,-0.6890233813203479
YFCC,1,pq,0.5,1.0446948958186515,1.048092537386248,100,-3.3722300160128924,-4.292982172909876,-2.4116315466933296,True,-0.7018322082335149
YFCC,1,sparse_rp,0.01,1.6385102112845704,1.7196442224083546,100,-0.5302028824960537,-6.28659853804847,5.730131939879753,False,-0.0172748538843397
YFCC,1,sparse_rp,0.05,1.198814634778806,1.2156584057112836,100,-5.668878576519105,-8.217754957913792,-3.179949049461985,True,-0.4720501658306171
YFCC,1,sparse_rp,0.1,1.1345221581578642,1.141893813598096,100,-6.051730706166027,-7.747423789655509,-4.361779526410331,True,-0.6861655491285708
YFCC,1,sparse_rp,0.3,1.0606515376479941,1.061903228692217,100,-5.534864795934397,-6.583364935681016,-4.540821750175966,True,-1.0568651536096234
YFCC,1,sparse_rp,0.5,1.0395396833086359,1.0399768440439379,100,-4.141185738490444,-4.956944931590873,-3.334686354070852,True,-1.002996567519473
YFCC,1,pca1d,0.01,1.6574538297917956,1.6776556539498702,100,-3.3252897771130163,-9.000389027501074,2.3911991015771137,False,-0.11150486914580433
YFCC,1,pca1d,0.05,1.179609702587968,1.1969641150004966,100,-6.980882132440709,-9.602399312732032,-4.413820744693851,True,-0.5529329449416797
YFCC,1,pca1d,0.1,1.116089735041542,1.1210116092106015,100,-7.674680962423715,-9.477356534949442,-5.8435612626215505,True,-0.8137692870406691
YFCC,1,pca1d,0.3,1.0537902063921556,1.0577316605202014,100,-5.891945697509376,-6.950352481106309,-4.779931515047226,True,-1.0632613748501807
YFCC,1,pca1d,0.5,1.0331325651985526,1.036848588874391,100,-4.417925946405612,-5.2815315292223985,-3.566953085795414,True,-1.0140103487525607
YFCC,1,minibatch_partial,0.01,1.6208389370695517,1.6326123790277924,100,-5.964015298329144,-10.897919106758744,-0.7838337924647468,True,-0.23460894762500348
YFCC,1,minibatch_partial,0.05,1.1881496148266133,1.1935032526247729,100,-7.164674876248009,-9.759316091111234,-4.5812248202858905,True,-0.5638530878742031
YFCC,1,minibatch_partial,0.1,1.105630589394503,1.1132111007199819,100,-8.366170252719076,-10.199685119782941,-6.657295195068115,True,-0.9524261382173275
YFCC,1,minibatch_partial,0.3,1.0469134738501351,1.0526896259612848,100,-6.351504952643151,-7.4021684595368935,-5.329115699766256,True,-1.219702388461929
YFCC,1,minibatch_partial,0.5,1.0312821376984884,1.0326504487486707,100,-4.808583759535025,-5.621904751989672,-3.9564407620952333,True,-1.1448956167517628
YFCC,1,reservoir,0.01,1.5231062339635144,1.625138383161688,100,-5.636833858942387,-11.806320772042847,0.5206076005782256,False,-0.17519356899223254
YFCC,1,reservoir,0.05,1.2112761882096232,1.2173943778008114,100,-5.343976501770522,-8.112490185694197,-2.8087540554781882,True,-0.4214252359651155
YFCC,1,reservoir,0.1,1.1305210010635522,1.1416518790926862,100,-6.009513009942299,-8.031070152177358,-4.060089911456255,True,-0.6228026708922328
YFCC,1,reservoir,0.3,1.0630146622300014,1.064861658911671,100,-5.256999125152189,-6.358787859226779,-4.139981813546612,True,-0.93580685209482
YFCC,1,reservoir,0.5,1.041957928275591,1.0446511793651814,100,-3.7237913111470236,-4.453824039762365,-2.9350494251757397,True,-0.9565443006221792
YFCC,1,minibatch,0.01,1.5303960788107598,1.6322877641050468,100,-4.986250574017978,-10.598132621801978,0.43763655941692875,False,-0.16782724435527738
YFCC,1,minibatch,0.05,1.192662687483797,1.2053174418237516,100,-6.145510072031558,-9.168702022795513,-3.3323589926039334,True,-0.4238653065128372
YFCC,1,minibatch,0.1,1.11808201869249,1.1204734114550225,100,-7.705278025891115,-9.745307287949434,-5.820774653507391,True,-0.7993259994762788
YFCC,1,minibatch,0.3,1.0545446586972589,1.05461793058066,100,-6.168384789129857,-7.236172053448108,-5.15464628614336,True,-1.1371404866137704
YFCC,1,minibatch,0.5,1.0323733418130927,1.0331834921203746,100,-4.762264218682235,-5.578292927197632,-3.960393305394551,True,-1.134019502343178
YFCC,1,distance_shell,0.01,1.6559738087095832,1.69143342078666,100,-2.20987855074935,-7.52507780289215,3.00633045296234,False,-0.08019126407624118
YFCC,1,distance_shell,0.05,1.2964875944854892,1.3414150990998641,100,3.834756112853772,1.0278409599512464,6.6076297198732625,True,0.2697229224480491
YFCC,1,distance_shell,0.1,1.2438393910430539,1.2614345843668058,100,3.4677079399036925,1.8522899273162148,5.1318944650671146,True,0.3947063870754088
YFCC,1,distance_shell,0.3,1.1726037881884628,1.1829355171409022,100,5.093413542887917,4.059495543190082,6.149208123384954,True,0.9205443463870687
YFCC,1,distance_shell,0.5,1.1130362073079696,1.1167156495123545,100,2.8401831017840755,2.201084281320189,3.510215828269624,True,0.8614383712391996
YFCC,1,dbscan,0.01,5.609183323771645,6.970289375289274,93,296.7666459638234,230.912978644692,367.280163419048,True,0.9339721915646084
YFCC,1,dbscan,0.05,1.7923066970005195,3.671010358322712,100,191.4740084523173,117.02087854314932,270.79479140653734,True,0.4996228397676791
YFCC,1,dbscan,0.1,1.5404608558069186,1.8314746082652211,100,50.50781425290275,29.68541318864048,80.46323320853476,True,0.34898602383387783
YFCC,1,dbscan,0.3,1.2204998812918257,1.2318952507872827,100,9.687315429193577,7.537330327076644,11.815380951869916,True,0.8888824085632551
YFCC,1,dbscan,0.5,1.128914019814598,1.1373094812260442,100,4.8528672298318405,3.649580653466723,6.140975640665224,True,0.740731226214496
YFCC,1,lsh,0.01,4.918646991184362,105.51673185820805,79,5591.471780451053,3249.316114920502,8194.087664499735,True,0.5024716926804921
YFCC,1,lsh,0.05,2.8084108457672086,284.88622928136226,100,21588.71806230304,14066.571919322294,30418.017054726926,True,0.5246888250862194
YFCC,1,lsh,0.1,1.8188584287585656,118.37186701957827,100,9181.309111830044,5030.170069643062,14164.22565625097,True,0.394995630626675
YFCC,1,lsh,0.3,1.3199042801587146,1.4065610173422654,100,25.07712874564291,20.038243920340978,30.137490047192784,True,0.9986965340270165
YFCC,1,lsh,0.5,1.1975857045257932,1.2190207767478431,100,12.307942008262152,10.428533134740203,14.20071269697333,True,1.2603408144790653
YFCC,1,birch,0.01,1.6779006886881889,1.8074114346586418,100,4.424714149202256,-3.2395794555900914,12.47307367982817,False,0.10611458109342274
YFCC,1,birch,0.05,1.1825226322003768,1.2120770822055742,100,-5.831496613311114,-8.763880615443876,-2.8275036026193225,True,-0.4012482648154103
YFCC,1,birch,0.1,1.1242518161815127,1.1319510189056963,100,-6.831034601341377,-8.841100148020757,-5.0518808806076585,True,-0.7326351076444582
YFCC,1,birch,0.3,1.0586661595531424,1.0605336164946007,100,-5.6402719505679055,-6.705569305303516,-4.528872946774378,True,-1.0263445817615688
YFCC,1,birch,0.5,1.0351460895701041,1.0381051609747955,100,-4.3090090964250285,-5.148930978269562,-3.471334508014353,True,-1.0153598353911037
YFCC,1,random_proj,0.01,15.808694988117567,118.74510268471519,90,6435.09445613309,3489.4437700168205,10556.604965233373,True,0.3685869775364424
YFCC,1,random_proj,0.05,2.285031816800013,85.42836921435855,100,6591.617208611433,2769.5857940025553,12298.91034064913,True,0.2648152186864937
YFCC,1,random_proj,0.1,1.5610555384350575,20.759601779308806,100,1603.3453809260525,116.4872245385198,4349.143990982583,True,0.13538488378042804
YFCC,1,random_proj,0.3,1.2570959110254192,1.2875113338594846,100,14.615775916256997,11.149047539691226,18.51735578131025,True,0.7726384080718116
YFCC,1,random_proj,0.5,1.1494657921983795,1.1554868649851169,100,6.518673188998488,5.081021736322958,8.007354247937787,True,0.877943047456432
YFCC,1,pca_kmeans,0.01,1.619825671916892,1.656422946004119,100,-4.878034016250001,-9.845484377322618,-0.0005119884808253794,True,-0.18497715822583732
YFCC,1,pca_kmeans,0.05,1.170086248599489,1.185231526823926,100,-7.901610363709689,-10.49314532038508,-5.4033087331823895,True,-0.640211071695603
YFCC,1,pca_kmeans,0.1,1.1009036280694875,1.1105280864524405,100,-8.555588968500784,-10.369652877758485,-6.772795223123698,True,-0.954427149040293
YFCC,1,pca_kmeans,0.3,1.0503675857651924,1.0524257166350717,100,-6.345612105082987,-7.486393651138516,-5.189438288023519,True,-1.1009820313319256
YFCC,1,pca_kmeans,0.5,1.035458950199581,1.0373383351993242,100,-4.3761352816868655,-5.20840901772895,-3.5352136652416513,True,-1.022891187052067
YFCC,1,coresets,0.01,1.6042178556318687,1.6812733394435917,100,-3.8272780793312466,-8.99439554452102,1.367438403995516,False,-0.14391438380269636
YFCC,1,coresets,0.05,1.1757362332509327,1.1877792053584342,100,-7.554330383138469,-10.492239755650946,-4.802812166013506,True,-0.5418747981886463
YFCC,1,coresets,0.1,1.1140508067677186,1.1164286797938958,100,-8.071164027195715,-9.983117123855799,-6.32025171652492,True,-0.8873751397802024
YFCC,1,coresets,0.3,1.0546087194313398,1.0548842722657208,100,-6.141538262623815,-7.200459009931666,-5.08169195782538,True,-1.1078300533880747
YFCC,1,coresets,0.5,1.0315324769572705,1.0335818198547984,100,-4.729084514787422,-5.51639490944442,-3.922182757435569,True,-1.1561351065062586
YFCC,1,kmeans_pp,0.01,1.512327915259251,1.6282807538807993,100,-5.47773429574644,-11.216738315866095,0.2323354742412697,False,-0.18482258686461053
YFCC,1,kmeans_pp,0.05,1.1694509118254672,1.1860207592754848,100,-7.944833141148804,-10.436430363310405,-5.568049635884925,True,-0.6893234020924449
YFCC,1,kmeans_pp,0.1,1.1028973970817675,1.1125853020365704,100,-8.429757523164836,-10.27110751309788,-6.736869826939706,True,-0.9726885735942625
YFCC,1,kmeans_pp,0.3,1.05200648801703,1.05234909888138,100,-6.369196675238967,-7.434203366458537,-5.277804786648886,True,-1.1919452218810456
YFCC,1,kmeans_pp,0.5,1.032374061950647,1.0332400250853986,100,-4.752883542238715,-5.580899005513525,-3.9250316846687743,True,-1.1161938513421525
YFCC,1,hybrid,0.01,1.630850468301341,1.7661634535674715,100,0.42745462340442714,-5.431871330664684,6.544415988554569,False,0.014094075083323897
YFCC,1,hybrid,0.05,1.186333545653595,1.2083503700306737,100,-6.189567701682698,-8.877813093618759,-3.56678236570585,True,-0.4737725460764345
YFCC,1,hybrid,0.1,1.1211156887697102,1.1299179309679586,100,-6.978868131021365,-8.92944312603678,-5.026628635957541,True,-0.7201376901325326
YFCC,1,hybrid,0.3,1.0609574572144664,1.0590190482700461,100,-5.767299478083911,-6.8655785065222315,-4.683837402782204,True,-1.020049631594583
YFCC,1,hybrid,0.5,1.0351638408744037,1.0381037743847288,100,-4.298480077669167,-5.147836301995534,-3.3693104774426055,True,-0.9649193211124074
YFCC,1,agglomerative,0.01,1.533108897670747,1.646741572681043,100,-4.361390392234386,-10.713207613823931,1.7816525852729679,False,-0.1327925149025758
YFCC,1,agglomerative,0.05,1.2008870448885278,1.20970315294457,100,-6.131525598155683,-8.544172763303841,-3.7292614412856935,True,-0.5016557656289745
YFCC,1,agglomerative,0.1,1.124730651443759,1.1273943569241236,100,-7.207429268110632,-8.947473882775268,-5.46324266011283,True,-0.8077368838614307
YFCC,1,agglomerative,0.3,1.0547162676571809,1.0562878606591761,100,-6.0059008362218025,-7.134879711972885,-4.840724954341236,True,-1.0544690604823208
YFCC,1,agglomerative,0.5,1.0357592311401325,1.036265235743182,100,-4.4720366984616,-5.322208689421232,-3.597480945908818,True,-1.031923820189828
YFCC,1,gmm,0.01,1.5725738638235622,1.702545286070443,100,-1.146537468673904,-7.663458603242772,5.595820954876057,False,-0.033410751436744365
YFCC,1,gmm,0.05,1.1742865350189677,1.191014058302401,100,-7.4853154487458395,-10.054618869760915,-5.002778586634619,True,-0.6043664932607627
YFCC,1,gmm,0.1,1.1191124436228828,1.1245208869795593,100,-7.405399759438157,-9.393181617212242,-5.615713389703486,True,-0.8045151342318806
YFCC,1,gmm,0.3,1.050413056552917,1.0547612967992406,100,-6.141560808861266,-7.273380010566308,-4.984590188638983,True,-1.072395029071898
YFCC,1,gmm,0.5,1.0350118217051758,1.0341604031630256,100,-4.67939633051921,-5.464812276789004,-3.9001517346480394,True,-1.1773089225490567
YFCC,10,faiss_ivf,0.01,1.498459076064572,1.6029728351476917,100,-2.842168151646181,-9.073032047698758,3.909833477150962,False,-0.08580850689381754
YFCC,10,faiss_ivf,0.05,1.170622583387046,1.1905899664188633,100,-6.434402702027322,-8.631386334193802,-4.2439179393843585,True,-0.5716178040829499
YFCC,10,faiss_ivf,0.1,1.1086276368881822,1.115014473132543,100,-5.906065562234447,-7.476616323520308,-4.391460891117721,True,-0.7864601676337336
YFCC,10,faiss_ivf,0.3,1.0501067456607442,1.0518674062264983,100,-3.9117721644053436,-4.657058973448207,-3.231074292487922,True,-1.054227355158618
YFCC,10,faiss_ivf,0.5,1.0347242518648834,1.0340281664775963,100,-2.4451869383315734,-2.9446196383754697,-1.9666587640283448,True,-0.9534677387307966
YFCC,10,agglomerative,0.01,1.5480389153953016,1.6333342650989817,100,-1.5853380474587835,-8.089724194612645,5.042791910331797,False,-0.04785196871622062
YFCC,10,agglomerative,0.05,1.1890204073136723,1.2012774499955967,100,-5.60073109116396,-7.701331983708327,-3.400934127181863,True,-0.5015279148943597
YFCC,10,agglomerative,0.1,1.11304587717483,1.1278226436691887,100,-4.809967469480945,-6.493675016933661,-3.1572883492079384,True,-0.5757018074428872
YFCC,10,agglomerative,0.3,1.050540601949534,1.0537863484302963,100,-3.724437056659595,-4.523792705212456,-2.964059590772582,True,-0.9170246209429143
YFCC,10,agglomerative,0.5,1.0326320469946209,1.0350945185052256,100,-2.348180400791866,-2.8355852032891162,-1.8891622888627753,True,-0.9273848139037719
YFCC,10,pca_kmeans,0.01,1.5261037960860762,1.610709802647333,100,-3.579137991647551,-8.783149444647961,1.8315048450969094,False,-0.13510019762044995
YFCC,10,pca_kmeans,0.05,1.1613016052728402,1.180646773689878,100,-7.281834457574796,-9.396458792030378,-5.236050090631148,True,-0.6981973178636035
YFCC,10,pca_kmeans,0.1,1.1134221029523366,1.1145944365995988,100,-5.990916901724375,-7.380300928930447,-4.805008096598092,True,-0.9147828594764789
YFCC,10,pca_kmeans,0.3,1.0491426872795695,1.0525923034121925,100,-3.838501827715082,-4.635100556078048,-3.139134129755584,True,-0.9686704384725083
YFCC,10,pca_kmeans,0.5,1.0324264732393174,1.0335242393981339,100,-2.4883274915553724,-3.01112031760096,-1.9659712168424082,True,-0.904241091709788
YFCC,10,kmeans_pp,0.01,1.5766018984760728,1.7077494937256312,100,2.568099676953714,-3.375764468727319,9.301592222473722,False,0.07750212540236397
YFCC,10,kmeans_pp,0.05,1.1715292037701406,1.1816734715421366,100,-7.14111567352899,-9.371123560669991,-4.883556466646433,True,-0.6315327373486733
YFCC,10,kmeans_pp,0.1,1.109238471630368,1.1195695414818214,100,-5.547398379163826,-6.946020425717218,-4.206560510805494,True,-0.7783112466118095
YFCC,10,kmeans_pp,0.3,1.0486749822518573,1.0520405000046298,100,-3.8941791332769213,-4.639461759754867,-3.1918749799785315,True,-1.0114255968659827
YFCC,10,kmeans_pp,0.5,1.031826077431303,1.0322648491816615,100,-2.6042753345350667,-3.137440066210899,-2.070066752858239,True,-0.9300396643488095
YFCC,10,zorder,0.01,1.5163271085937855,1.6031236256443313,100,-4.347877153550786,-9.042915833777228,0.3788678348465812,False,-0.1774912719890363
YFCC,10,zorder,0.05,1.1827885927337811,1.1875723436588126,100,-6.788684514447533,-8.65033937335829,-4.889460480255252,True,-0.7133552299550225
YFCC,10,zorder,0.1,1.1097504351169507,1.1156906253119998,100,-5.825568081932475,-7.388420145202993,-4.282072844083636,True,-0.7728811223461665
YFCC,10,zorder,0.3,1.0530280383463166,1.0564101222965645,100,-3.484840477815554,-4.314055729823786,-2.729469929533265,True,-0.8302666780361263
YFCC,10,zorder,0.5,1.0333383184490887,1.0343650172436196,100,-2.4119755830766203,-2.904522226755947,-1.900491677792611,True,-0.906124942631864
YFCC,10,hilbert,0.01,1.5193789618471456,1.6147176686459526,100,-3.1301976682175074,-8.705624417174427,2.422325009937844,False,-0.1076947261261916
YFCC,10,hilbert,0.05,1.177553168762845,1.1915056373513728,100,-6.5506205876034524,-8.412678645002712,-4.825831563934816,True,-0.6863298634833317
YFCC,10,hilbert,0.1,1.1141077124642464,1.1233201117823493,100,-5.210791405186686,-6.669654267899906,-3.79854098397303,True,-0.7424636157706596
YFCC,10,hilbert,0.3,1.0504236196921304,1.0526531038397602,100,-3.8404713780926607,-4.6143311559913185,-3.0939108196496834,True,-0.9767385771435022
YFCC,10,hilbert,0.5,1.0310674995549705,1.0320977349256397,100,-2.6223638140861714,-3.1343416132686284,-2.1013615146849367,True,-0.9414603289192497
YFCC,10,gmm,0.01,1.5490831181944098,1.6780995916718136,100,-0.01885141745172376,-5.199782728829497,5.530735912499673,False,-0.0006710929790483694
YFCC,10,gmm,0.05,1.1804799574570022,1.2069836708214248,100,-5.203688965577397,-7.67482695613775,-2.438269328997936,True,-0.3943463408050597
YFCC,10,gmm,0.1,1.1136171209064871,1.1160435636152584,100,-5.849583831920811,-7.220230593150759,-4.575631712542161,True,-0.8401141204896941
YFCC,10,gmm,0.3,1.0533095386676607,1.053077720514014,100,-3.796463290478621,-4.591022469187234,-3.0725151801913775,True,-0.9591102174199179
YFCC,10,gmm,0.5,1.0344940807239351,1.0341373935369358,100,-2.43359598048327,-2.971399161484622,-1.9337643026328026,True,-0.9185466909195623
YFCC,10,distance_shell,0.01,1.6247003790528112,1.6760111720695172,100,0.281782859830462,-4.787444436176629,5.0360699457623985,False,0.011348668197530014
YFCC,10,distance_shell,0.05,1.3242610767161596,1.3401287331925418,100,4.863506894114987,2.751247669928766,7.190734663199143,True,0.4447710803098424
YFCC,10,distance_shell,0.1,1.2525529467750185,1.269628026608026,100,6.8519072915731565,5.311161479427018,8.38162871222781,True,0.8605371365654452
YFCC,10,distance_shell,0.3,1.1478718092398856,1.152492047847625,100,5.204285485917908,4.275348881484308,6.126315959818109,True,1.14466346500733
YFCC,10,distance_shell,0.5,1.0896917155945012,1.0922679989007889,100,3.024672983634397,2.4718105513489617,3.593446083376589,True,1.0320239467033754
YFCC,10,hierarchical_kmeans,0.01,1.5893539881627918,1.6776152713989883,100,0.8237895824797201,-5.06546435211079,7.049424190441552,False,0.026174143652419116
YFCC,10,hierarchical_kmeans,0.05,1.2066463201478232,1.2090486715250885,100,-5.003643286060975,-7.2102590159567335,-2.867330054115785,True,-0.43654820683145856
YFCC,10,hierarchical_kmeans,0.1,1.1187647256446644,1.1211475975562235,100,-5.386901947375286,-6.945293216067926,-3.9925244533991306,True,-0.7234712972044669
YFCC,10,hierarchical_kmeans,0.3,1.0496769881074584,1.0529984463888786,100,-3.8049770084056376,-4.649104366520301,-3.0739064714046744,True,-0.9662519789015277
YFCC,10,hierarchical_kmeans,0.5,1.0324582915802494,1.033769787710963,100,-2.468673764088822,-2.971794143423704,-1.9784895363497166,True,-0.9547861498194941
YFCC,10,coresets,0.01,1.492601611556541,1.5777673069036329,100,-5.132582205989935,-10.516733805301058,0.804662334639843,False,-0.17915204650318145
YFCC,10,coresets,0.05,1.1754908208604147,1.2010359588422885,100,-5.752351989899589,-7.975801254543134,-3.5850832253564078,True,-0.511663547902808
YFCC,10,coresets,0.1,1.1167596198090193,1.1242143856323281,100,-5.17431903321717,-6.491013372904339,-3.917123898456713,True,-0.7233067645874937
YFCC,10,coresets,0.3,1.0486318513863444,1.049603511392141,100,-4.1129501497580785,-4.886116357772091,-3.369324507214075,True,-1.0545483074416857
YFCC,10,coresets,0.5,1.0334280703479126,1.0336520071173199,100,-2.480731814851305,-2.9593773413238686,-2.00410279588909,True,-0.9657160599865439
YFCC,10,pq,0.01,2.0922964464763982,4.656749449487379,100,192.2525876317824,88.51451402219402,327.56680947082225,True,0.3160979232828322
YFCC,10,pq,0.05,1.343188765926445,2.002503297726032,100,54.01823226671605,7.887229111507218,137.2230470833418,True,0.13828424250014884
YFCC,10,pq,0.1,1.2001634633281495,1.2321230511400028,100,4.004762059692584,1.646396534577996,6.360572214614841,True,0.33469765907294713
YFCC,10,pq,0.3,1.08918381150619,1.089042524933294,100,-0.5047527728510889,-1.3954532231487633,0.3866510896033146,False,-0.11073354477466707
YFCC,10,pq,0.5,1.0512384713192375,1.0560317826094257,100,-0.3692685971044837,-0.9519565717206059,0.2268730108741952,False,-0.11782223836689033
YFCC,10,reservoir,0.01,1.5910513083839652,1.6634282420177586,100,0.17915484985690777,-5.2169346518765725,5.718620704794215,False,0.006052108370380727
YFCC,10,reservoir,0.05,1.211008542028912,1.2124509923951434,100,-4.713196289607068,-6.906114768241377,-2.510015298559175,True,-0.4156421066887306
YFCC,10,reservoir,0.1,1.1253992008639213,1.1337152606907785,100,-4.328185267889136,-5.8964135976889605,-2.84752050452232,True,-0.5601058690405037
YFCC,10,reservoir,0.3,1.0633007125638771,1.0648456082236473,100,-2.722827939447128,-3.529024002578649,-1.9125269246562193,True,-0.6597428619240483
YFCC,10,reservoir,0.5,1.0376587712884096,1.0399885229445502,100,-1.8852927728361835,-2.3556997273241795,-1.3865049504105376,True,-0.7335139770489975
YFCC,10,halton,0.01,1.9211465924028657,482.6498714153146,100,23270.947283947808,136.40564817660496,59196.24737477644,True,0.14703169940099292
YFCC,10,halton,0.05,1.2951877888222323,1.3150231092590636,100,3.2574859695649594,0.46522216846828607,6.212491698298878,True,0.21551154355404664
YFCC,10,halton,0.1,1.1672643638504807,1.1884293412196225,100,0.2741272635910698,-1.6199560566822886,2.0569326848075344,False,0.028691876648081673
YFCC,10,halton,0.3,1.0826406511005655,1.0841551382768244,100,-0.9465455803403319,-1.8335409141912347,-0.012673340430356459,True,-0.1986926298887335
YFCC,10,halton,0.5,1.054387153474102,1.0548099919656828,100,-0.4803957039523845,-1.0400052939358582,0.1506015933632662,False,-0.15472339293485732
YFCC,10,pca1d,0.01,1.5836058752130997,1.6696602149491346,100,0.541519693389697,-4.8686159537468825,6.560777331588837,False,0.018359240291154592
YFCC,10,pca1d,0.05,1.2002030456821622,1.2123588759791804,100,-4.797371300898827,-7.044244245995218,-2.6430413679879314,True,-0.41187844059284595
YFCC,10,pca1d,0.1,1.1242799685801272,1.1264084637094205,100,-4.936061555086607,-6.468442071835013,-3.573181475214903,True,-0.6608272083482066
YFCC,10,pca1d,0.3,1.0541984536523312,1.056254978049571,100,-3.5167264675015826,-4.2539296840887495,-2.8692626732928934,True,-0.9708136057480793
YFCC,10,pca1d,0.5,1.0335184851232535,1.035463818731269,100,-2.310843123208619,-2.807454136959325,-1.845859757932692,True,-0.8862939930411015
YFCC,10,kde_pilot,0.01,1.5989867814490133,1.8131892207250655,100,10.20996604735798,0.18371695192294438,22.25373936961645,True,0.1770113211341586
YFCC,10,kde_pilot,0.05,1.2351291209054192,1.2522816015054388,100,-1.8731511850819655,-3.7118614419672102,0.19154935412719418,False,-0.18312276955071127
YFCC,10,kde_pilot,0.1,1.1553818466493326,1.1670421077180386,100,-1.6768003970453162,-2.9595671735892366,-0.4127190341847001,True,-0.2669908370218341
YFCC,10,kde_pilot,0.3,1.0783974034786845,1.077227134690852,100,-1.6361697705750005,-2.1904548129125008,-1.073542658809861,True,-0.5663402581997328
YFCC,10,kde_pilot,0.5,1.0429889842860054,1.0444699260683943,100,-1.4788290941345807,-1.8239039083532593,-1.1041408839632272,True,-0.7744095413618166
YFCC,10,hammersley,0.01,1.9773600111152385,108.3254676586498,100,5712.997459763174,37.854452083572205,17039.47241993557,True,0.12196748069968921
YFCC,10,hammersley,0.05,1.3173494378134851,1.3411780763861763,100,5.60452306333253,2.054761333671392,8.890201176670585,True,0.3170079826779771
YFCC,10,hammersley,0.1,1.1773007136287725,1.197172952117419,100,1.0574357115946131,-0.9787768650089095,2.9870005868897502,False,0.10672266769196205
YFCC,10,hammersley,0.3,1.0773996986091225,1.0820060601975612,100,-1.1461473138426697,-2.0633090885459526,-0.1975513222694314,True,-0.24702057630927807
YFCC,10,hammersley,0.5,1.0513934275808499,1.0526030946278009,100,-0.6863195722705683,-1.3175079670371561,-0.12935621721195995,True,-0.21386799735868772
YFCC,10,dbscan,0.01,4.69623955219406,8.455161585596517,98,418.6143849751914,300.59514016246453,556.4972784792278,True,0.6245734695956525
YFCC,10,dbscan,0.05,1.8145705377878993,5.803041734763659,100,352.155836983484,179.820242336624,573.2828352700473,True,0.3312964597293502
YFCC,10,dbscan,0.1,1.453865796230801,1.7078018965114958,100,44.524516817742594,30.8616552730102,61.29416056375535,True,0.5843845839268396
YFCC,10,dbscan,0.3,1.174248664989879,1.1916927312704748,100,8.836314330845216,7.20674412921759,10.589362846859457,True,0.9418235984072153
YFCC,10,dbscan,0.5,1.1037061085480828,1.1112710418081755,100,4.8274963416802885,3.8570015927991,5.683294253185388,True,1.0485486457601247
YFCC,10,optics,0.01,1.9612877202967887,2.435233712867509,98,44.05264269109291,29.022376653932657,60.650144676579046,True,0.5323009650035442
YFCC,10,optics,0.05,1.4018936012061844,1.5480053589372944,100,21.470622262494157,13.25936341217947,33.49923841258933,True,0.4425134099338642
YFCC,10,optics,0.1,1.229770338090241,1.2877915304402145,100,8.463781972427991,5.456585416399757,11.40671366979903,True,0.537025528409034
YFCC,10,optics,0.3,1.113572254007386,1.1196816253198003,100,2.2718379196180707,1.1886631702542192,3.288335994493988,True,0.40850983929720297
YFCC,10,optics,0.5,1.0746045488120934,1.0782956002488118,100,1.7397799750691678,0.9838343408167879,2.5230309370844055,True,0.4331231750825099
YFCC,10,lsh,0.01,4.872283083441998,266.6496553553001,70,15123.037916410181,2865.1115735755884,33278.016029723134,True,0.2225792267730602
YFCC,10,lsh,0.05,1.951959642668558,183.51666896730435,99,14130.40928339108,7797.709820866197,21778.750280165677,True,0.39516612897898346
YFCC,10,lsh,0.1,1.6282164414318605,145.45325871938937,100,11782.625174465617,5310.924674332265,19400.478872976324,True,0.3222368340781948
YFCC,10,lsh,0.3,1.318941723309082,1.356504678791163,100,23.861794915852958,20.657354519394886,27.567061195776766,True,1.3646964473405605
YFCC,10,lsh,0.5,1.1991440460887062,1.2174998678137903,100,14.853191179089755,12.792117694162192,17.439394105371026,True,1.358107769745197
YFCC,10,minibatch_partial,0.01,1.5459156157027913,1.6559245060290158,100,0.0371522526910918,-6.246813083106327,6.634353587270571,False,0.0011577305369045155
YFCC,10,minibatch_partial,0.05,1.1932762727993271,1.2030346368816103,100,-5.564607199518434,-7.670649625807242,-3.5808574728566573,True,-0.5326469905985604
YFCC,10,minibatch_partial,0.1,1.114840473914172,1.118708866559304,100,-5.618674551663242,-6.93776052229681,-4.299901865068421,True,-0.832556294000366
YFCC,10,minibatch_partial,0.3,1.0469331938931303,1.0510527739502786,100,-3.9788132888123964,-4.764615492531405,-3.220228322043856,True,-0.9960880691895487
YFCC,10,minibatch_partial,0.5,1.0314213627700397,1.0334186227421136,100,-2.5020366486726204,-3.0073641061203817,-1.9910759251539634,True,-0.945666736131977
YFCC,10,random_proj,0.01,48.01668543647504,154.00440279493534,87,8827.993345625515,6040.29063884114,12022.05206599424,True,0.6232350531370763
YFCC,10,random_proj,0.05,3.27876026905215,173.141794137577,100,13068.266165162095,5970.257521804966,22466.907068721135,True,0.31327481342288666
YFCC,10,random_proj,0.1,1.6843945466780108,32.69141683380833,100,2762.3406216596904,445.8762496240889,6326.655825138181,True,0.18536785273001416
YFCC,10,random_proj,0.3,1.2727063620909211,1.3006645337943181,100,18.81938292974497,16.008471709647385,21.68674604207308,True,1.3301278888699963
YFCC,10,random_proj,0.5,1.159862437697135,1.1629850084610145,100,9.72484002950497,8.332601966047664,11.113269510127228,True,1.331150990115381
YFCC,10,spectral,0.01,1.790454091515485,3.3447443972095874,99,98.02844345264266,55.564715293498715,146.29530027458097,True,0.4054064706176777
YFCC,10,spectral,0.05,1.3746526253458702,1.5817615160453231,100,23.631601194209303,12.11865392073065,40.31640185717862,True,0.3234961935460143
YFCC,10,spectral,0.1,1.220279865174792,1.2646682323478557,100,6.787688328082515,3.4720562015700325,10.80181956876485,True,0.35892700700566194
YFCC,10,spectral,0.3,1.1009267860663243,1.1100807450940544,100,1.4007892683965018,0.3504789621902954,2.358904847432861,True,0.2663005552661166
YFCC,10,spectral,0.5,1.0658736035052176,1.0672213057458233,100,0.6896949690375989,-0.007152554298176334,1.3135313773783397,False,0.20130630805634908
YFCC,10,importance_sampling,0.01,3.5119852195118284,4.113882450356248,82,145.60970160192062,113.09005030894646,176.68079349216788,True,0.9612509540227077
YFCC,10,importance_sampling,0.05,1.9645835012980915,2.1248188360116473,100,66.5327354528074,58.69384387736634,74.99699617722207,True,1.5558637571998197
YFCC,10,importance_sampling,0.1,1.5885562312554216,1.63900576962526,100,38.463564310300434,32.70808618277232,44.46964276507945,True,1.2980694727104276
YFCC,10,importance_sampling,0.3,1.1633999164503601,1.1742226455159304,100,7.213101913161492,6.096029258873565,8.372469518631016,True,1.2069321910095492
YFCC,10,importance_sampling,0.5,1.0947397424822083,1.0987274697583038,100,3.631296729060137,2.9783181010911988,4.275668540336436,True,1.1051019924772274
YFCC,10,hybrid,0.01,1.5654934559295615,1.6306004322586716,100,-2.5184798631267387,-7.945377011959171,2.9638242814894573,False,-0.08850495757284715
YFCC,10,hybrid,0.05,1.187779224671465,1.1961964546789907,100,-6.157260881772606,-8.13443202761793,-4.240513668280575,True,-0.6433772740727309
YFCC,10,hybrid,0.1,1.1192357477020791,1.128528521453476,100,-4.777888545156021,-6.231651118784915,-3.1920767725889765,True,-0.6327807343908365
YFCC,10,hybrid,0.3,1.0515155061374453,1.055366140455649,100,-3.596340208113586,-4.342522378144662,-2.9613733561733064,True,-0.9475713109148151
YFCC,10,hybrid,0.5,1.0339516591498796,1.0356171512823888,100,-2.296362053782539,-2.8157304328402044,-1.7658542199645455,True,-0.8756791626281143
YFCC,10,minibatch,0.01,1.5647244076980265,1.6546476215942045,100,-1.0532776892549454,-6.810664395742472,4.754714382103674,False,-0.03737520846136819
YFCC,10,minibatch,0.05,1.1997929727860202,1.2121474310019442,100,-4.725715409228198,-7.19761226841392,-2.2611074295158047,True,-0.3877126375281746
YFCC,10,minibatch,0.1,1.1210555947716283,1.1265248112097603,100,-4.94428089609675,-6.417359210215617,-3.6079475080470487,True,-0.6993428926991144
YFCC,10,minibatch,0.3,1.0484205076903894,1.0526668471639988,100,-3.8347027697172833,-4.588505975421341,-3.1204705846008434,True,-0.968801748021001
YFCC,10,minibatch,0.5,1.032238442272758,1.0347502788367469,100,-2.37638152849852,-2.877214841136891,-1.9113218546693658,True,-0.8896739452170968
YFCC,10,birch,0.01,1.5844408931670946,1.6780225686440202,100,2.473992545863205,-4.569649150289472,9.87057224757809,False,0.0656805622301
YFCC,10,birch,0.05,1.2188452310863904,1.2336877855562554,100,-3.1216847017164167,-5.606811342305177,-0.49521731612963715,True,-0.24030656876574055
YFCC,10,birch,0.1,1.130632083132404,1.1374356381809316,100,-4.002446703982731,-5.476384122442529,-2.5524182427106865,True,-0.5107826677874143
YFCC,10,birch,0.3,1.0564894466807542,1.0597131718200758,100,-3.191921320198272,-3.980038653800985,-2.462632093410341,True,-0.8050635954172413
YFCC,10,birch,0.5,1.0361336703410249,1.0384594556395859,100,-2.022914912596587,-2.5662803783496075,-1.5125031945739518,True,-0.7139139437013963
YFCC,10,hdbscan,0.01,1.5667330286056844,1.6604082515474485,100,-0.2455396055923191,-6.344772114016422,5.866282505747222,False,-0.008178603559226259
YFCC,10,hdbscan,0.05,1.1859031414678967,1.1938477959714422,100,-6.281672752477001,-8.30191680064947,-4.198644667844451,True,-0.6347059779291706
YFCC,10,hdbscan,0.1,1.1069908612100003,1.1163759137304643,100,-5.767862515097445,-7.389129410396482,-4.154288524280877,True,-0.7282304374319049
YFCC,10,hdbscan,0.3,1.0508958401428292,1.0517676386498425,100,-3.9154484487647108,-4.657269532213156,-3.1945253039111776,True,-1.0144555952499055
YFCC,10,hdbscan,0.5,1.0292905805301529,1.0311616366262057,100,-2.710491687684749,-3.208363661548193,-2.2012979312513568,True,-0.9985811171425814
YFCC,10,sobol,0.01,1.9148236459084786,84.18267152210157,100,4270.964233548314,59.19525662072733,12640.777919032585,True,0.1027836396248211
YFCC,10,sobol,0.05,1.2695549202174656,1.3803655709294125,100,8.734600538129198,2.9216336325525396,15.02164665787619,True,0.28086864732463074
YFCC,10,sobol,0.1,1.1823509453721048,1.1970011761167938,100,1.0693267957714965,-1.0809667412702706,3.1688941109080058,False,0.10066703181514534
YFCC,10,sobol,0.3,1.078676851234874,1.0822234022180297,100,-1.1249391415064567,-2.043684121987406,-0.19623991949880906,True,-0.2366940309699841
YFCC,10,sobol,0.5,1.0480750139013066,1.0536771830974028,100,-0.5901190517111686,-1.1498175240870594,0.03476250357676739,False,-0.19306277290486812
YFCC,10,kdtree,0.01,1.5339305057881742,1.6345703268850187,100,-1.8345579142310615,-7.489433219978295,4.204759405252193,False,-0.06149802193224292
YFCC,10,kdtree,0.05,1.190327628244421,1.197538373265356,100,-6.0258355603995835,-7.972608713862326,-4.070630308263178,True,-0.5895721636140643
YFCC,10,kdtree,0.1,1.1196573430508034,1.131167693806257,100,-4.5860395432183845,-6.025774813735267,-3.198743608814361,True,-0.6360076826067774
YFCC,10,kdtree,0.3,1.058022729804052,1.0643532833882474,100,-2.776794673229625,-3.558021815735679,-2.065632553862606,True,-0.7117168873066053
YFCC,10,kdtree,0.5,1.0374318145958503,1.0403095308692492,100,-1.8560204525662412,-2.367864157012537,-1.3699166889671275,True,-0.7089091717608101
YFCC,10,sparse_rp,0.01,1.5661523981101597,1.6465799386022377,100,-1.4861602795027071,-7.270107951214497,3.8566199198862026,False,-0.053389634313523844
YFCC,10,sparse_rp,0.05,1.1779144900492775,1.1954265001126616,100,-6.216515688276393,-8.155178227415444,-4.331227736273586,True,-0.6500511430212962
YFCC,10,sparse_rp,0.1,1.1152046572804917,1.123287334582547,100,-5.220110816821241,-6.7277832888736295,-3.6993291185876926,True,-0.6970097544677644
YFCC,10,sparse_rp,0.3,1.0637882283601683,1.0663413509952697,100,-2.596881003636134,-3.3337587360188286,-1.8560522421940913,True,-0.6844660070896101
YFCC,10,sparse_rp,0.5,1.043473374965883,1.0422720058085881,100,-1.6698436365690335,-2.2033964565455033,-1.1618499175606243,True,-0.6177938297494746
