cell,base,selectivity,n_paired,mean_delta_pct,median_delta_pct,std_delta_pct,n_better,p_better,wilcoxon_stat,wilcoxon_p,significant_05,ensemble_better,bonferroni_p,bh_fdr_q,sig_bonf_05,sig_bh_05
DEEP_sf1,hdbscan,0.01,491,14.143674537089744,0.20324260951641487,66.89736846630274,245,0.4989816700610998,58969.0,0.6507609691961433,False,False,1.0,0.802807924615803,False,False
DEEP_sf1,hdbscan,0.05,500,-0.23569953148665787,-1.2749602650354,17.58691817961575,267,0.534,56822.0,0.07260574607779847,False,True,1.0,0.2168316398703484,False,False
DEEP_sf1,hdbscan,0.1,500,0.9912517467125154,0.12443140439327678,11.731844458924593,248,0.496,59500.0,0.3336461426929682,False,False,1.0,0.5613615180400595,False,False
DEEP_sf1,hdbscan,0.3,500,-0.21994434784168568,-0.3061805555113362,5.471654398265052,267,0.534,58443.0,0.19573286719232386,False,True,1.0,0.4194275725549797,False,False
DEEP_sf1,hdbscan,0.5,500,-0.2894713814186233,-0.26091516435983253,3.9545938864193695,261,0.522,57205.0,0.09357952969106569,False,True,1.0,0.2617054643902684,False,False
DEEP_sf1,hdbscan,all,2491,2.837259109070188,-0.2855397888568027,31.821223496556886,1288,0.5170614211160177,1497425.0,0.12921805737269887,False,True,1.0,0.3194154227190309,False,False
DEEP_sf1,minibatch,0.01,479,11.06112552034325,-0.3163979639248855,59.82606512978128,243,0.5073068893528184,55612.0,0.5377034169121393,False,True,1.0,0.731720113736107,False,False
DEEP_sf1,minibatch,0.05,500,0.3826125806642708,-0.6426601079797291,19.043709679476173,261,0.522,58750.0,0.23059532005924777,False,True,1.0,0.46828588073570315,False,False
DEEP_sf1,minibatch,0.1,500,-0.0581025666468756,-0.40250004605499,12.866156090350723,253,0.506,59545.0,0.3406539632774953,False,True,1.0,0.5640065480056553,False,False
DEEP_sf1,minibatch,0.3,500,-0.7871591791098427,-0.7239044040629583,5.648862346867272,275,0.55,51190.0,0.00040362981239019474,True,True,0.2663956761775285,0.002399961046644401,False,True
DEEP_sf1,minibatch,0.5,500,-0.15311332425179364,-0.1818849696913878,3.8006635106487177,260,0.52,58114.0,0.1628382905865401,False,True,1.0,0.37059748892109123,False,False
DEEP_sf1,minibatch,all,2479,2.0130689308480414,-0.4280967027009174,28.76123220063796,1292,0.5211778943122227,1445930.0,0.010630718387907908,True,True,1.0,0.04646539162926635,False,True
DEEP_sf1,gmm,0.01,483,9.413328164160138,-0.6838574667931329,61.17168868306346,244,0.505175983436853,53675.0,0.12028567723293139,False,True,1.0,0.3053405652835951,False,False
DEEP_sf1,gmm,0.05,500,0.2808036307292601,-0.50211173906317,19.510492176529425,256,0.512,57991.0,0.1516744223777299,False,True,1.0,0.35498269067128274,False,False
DEEP_sf1,gmm,0.1,500,-1.0672058427758087,-1.004923943328796,11.577656585622332,278,0.556,53088.0,0.00317253899814743,True,True,1.0,0.01610673645213311,False,True
DEEP_sf1,gmm,0.3,500,-1.0640485988110808,-0.786702088033081,5.798602469457577,286,0.572,49151.0,3.0659198912905704e-05,True,True,0.020235071282517766,0.00022483412536130853,True,True
DEEP_sf1,gmm,0.5,500,-0.7945112023526216,-0.5529247266977435,4.053603950506473,285,0.57,48620.0,1.4723026690167464e-05,True,True,0.009717197615510527,0.00011431997194718266,True,True
DEEP_sf1,gmm,all,2483,1.2984923466307776,-0.7558553896827386,29.287798620522036,1349,0.5432944019331454,1368486.0,1.204072414463217e-06,True,True,0.0007946877935457232,1.0320620695399003e-05,True,True
DEEP_sf1,hilbert,0.01,487,12.134306389849964,-1.207075820557704,64.10770835473771,259,0.5318275154004107,56431.5,0.3371240242808292,False,True,1.0,0.5632958380388539,False,False
DEEP_sf1,hilbert,0.05,500,2.049176705849051,-0.17214906107735162,19.62716675143249,251,0.502,61761.0,0.7892384233403773,False,True,1.0,0.8858798629330765,False,False
DEEP_sf1,hilbert,0.1,500,-0.2314418429346086,-0.35612460693829295,12.136924734197915,258,0.516,57219.0,0.09442984099056058,False,True,1.0,0.26186426493180665,False,False
DEEP_sf1,hilbert,0.3,500,0.03137663463929962,-0.3343628878717463,5.571573252190061,265,0.53,59903.0,0.3997220288494403,False,True,1.0,0.6236797613253677,False,False
DEEP_sf1,hilbert,0.5,500,0.012225439807217292,0.02167116748512901,3.733138385408368,249,0.498,61026.0,0.6208189216951896,False,False,1.0,0.7867267832108524,False,False
DEEP_sf1,hilbert,all,2487,2.750331998607725,-0.29884110372162526,30.70834717763688,1282,0.515480498592682,1487507.5,0.0971669278269537,False,True,1.0,0.2672090515241227,False,False
DEEP_sf1,faiss_ivf,0.01,477,8.16816023450453,-3.8914882729314177,56.564305361638404,254,0.5324947589098532,52528.5,0.13754087966505693,False,True,1.0,0.33373889918727045,False,False
DEEP_sf1,faiss_ivf,0.05,500,0.6651856773006823,-1.4901263373448903,18.32108473139219,265,0.53,58426.0,0.19392192122452878,False,True,1.0,0.4169005472579446,False,False
DEEP_sf1,faiss_ivf,0.1,500,0.09815212631240687,0.13403875198586537,10.561705196290445,248,0.496,60601.0,0.5312006352012111,False,False,1.0,0.7261415038770596,False,False
DEEP_sf1,faiss_ivf,0.3,500,-0.19935499773203053,-0.09224016597687974,5.367109911651171,255,0.51,59491.0,0.3322558184942196,False,True,1.0,0.56084102354523,False,False
DEEP_sf1,faiss_ivf,0.5,500,-0.17141551760014262,-0.23882038717067983,3.710348750852355,261,0.522,58229.0,0.17382646305761984,False,True,1.0,0.3843459198038277,False,False
DEEP_sf1,faiss_ivf,all,2477,1.6521986580537418,-0.31580375471648425,26.930039836852192,1283,0.5179652805813484,1444764.5,0.011708202071870379,True,True,1.0,0.050178008879444486,False,False
DEEP_sf1,minibatch_partial,0.01,476,9.665590124314445,0.9529079330427188,58.77335373823493,231,0.4852941176470588,54354.5,0.4224794637269361,False,False,1.0,0.6454547362494857,False,False
DEEP_sf1,minibatch_partial,0.05,500,0.34497724362991594,0.6004514211834044,17.948126555860217,246,0.492,60155.0,0.4447746582132255,False,False,1.0,0.6616365471153518,False,False
DEEP_sf1,minibatch_partial,0.1,500,-0.015365655370748769,-0.2893893014183478,11.047511622808795,254,0.508,58918.0,0.25144287359110085,False,True,1.0,0.48653804668222644,False,False
DEEP_sf1,minibatch_partial,0.3,500,0.6531851017553172,0.29414617735311904,5.695202705720879,235,0.47,57941.0,0.1473066329057401,False,False,1.0,0.3472227775635302,False,False
DEEP_sf1,minibatch_partial,0.5,500,0.16336763618287056,0.16068127267669408,3.628502806098196,236,0.472,59884.0,0.39644025400417215,False,False,1.0,0.6214977853747117,False,False
DEEP_sf1,minibatch_partial,all,2476,2.089621592194004,0.18826053249218277,27.86917488024081,1202,0.48546042003231016,1530122.5,0.9296590446474788,False,False,1.0,0.9708464706761646,False,False
DEEP_sf1,reservoir,0.01,477,10.918794569926487,-0.1305626728778999,58.968842095540325,239,0.5010482180293501,55698.0,0.6651929577836452,False,True,1.0,0.8115108172591604,False,False
DEEP_sf1,reservoir,0.05,500,0.029283852858790795,-1.170561804390812,20.678360645895758,272,0.544,55425.0,0.02591404675922777,True,True,1.0,0.09662864893271372,False,False
DEEP_sf1,reservoir,0.1,500,-0.5928451103735735,-0.5152541920439453,12.893879907305445,259,0.518,55737.0,0.033091403652478306,True,True,1.0,0.116171948992743,False,False
DEEP_sf1,reservoir,0.3,500,-0.5711500834107501,-0.4519719464303774,6.228311974576634,262,0.524,55219.0,0.021950194729248876,True,True,1.0,0.08422749140293173,False,False
DEEP_sf1,reservoir,0.5,500,-0.47782484189125357,-0.4942012970752092,4.077445376527571,279,0.558,52761.0,0.0022757101048834294,True,True,1.0,0.011826524954512311,False,True
DEEP_sf1,reservoir,all,2477,1.7771485338904085,-0.5180016656191747,28.647441341896776,1311,0.5292692773516351,1406817.0,0.00033474862820998783,True,True,0.22093409461859195,0.0020499143130395356,False,True
DEEP_sf1,sparse_rp,0.01,489,3.1802394855538623,0.0,35.31478239752571,84,0.17177914110429449,59605.5,0.9215345328229965,False,False,1.0,0.9654171296240915,False,False
DEEP_sf1,sparse_rp,0.05,500,2.191285853725093,0.0,14.545816992048719,115,0.23,57831.0,0.13178690172917246,False,False,1.0,0.32219079198154205,False,False
DEEP_sf1,sparse_rp,0.1,500,1.0153728807399847,0.0,9.942385153741801,122,0.244,60885.5,0.5845561860806514,False,False,1.0,0.7685400056040438,False,False
DEEP_sf1,sparse_rp,0.3,500,0.45560780764701586,0.0,4.926353553982139,116,0.232,58453.5,0.18980948562953726,False,False,1.0,0.41208638327465325,False,False
DEEP_sf1,sparse_rp,0.5,500,0.398501140848279,0.0,3.1030415470813453,112,0.224,56551.5,0.05626725720459828,False,False,1.0,0.17600184718026002,False,False
DEEP_sf1,sparse_rp,all,2489,1.4405467858240357,0.0,17.757952765342388,549,0.22057051024507834,1473939.0,0.03195352317345493,True,False,1.0,0.11367466814037033,False,False
DEEP_sf1,pca1d,0.01,487,9.450321771970398,0.0,53.48672108960302,221,0.4537987679671458,59322.0,0.9763776377883197,False,False,1.0,0.9923285842442202,False,False
DEEP_sf1,pca1d,0.05,500,2.5488801734564746,1.321572927095085,18.864482887601845,229,0.458,58826.5,0.2399308752372522,False,False,1.0,0.47571257649316107,False,False
DEEP_sf1,pca1d,0.1,500,0.6966085258557339,-0.19672157054360923,11.481511761115726,254,0.508,61968.0,0.8389324893682486,False,True,1.0,0.9151990793108168,False,False
DEEP_sf1,pca1d,0.3,500,0.14280604974984287,-0.15391711651709328,5.930295598098506,257,0.514,60892.0,0.591857471885854,False,True,1.0,0.7704653480170881,False,False
DEEP_sf1,pca1d,0.5,500,-0.08164840818650307,-0.004512644352323438,3.9734517459779704,250,0.5,60447.0,0.5004270453053794,False,True,1.0,0.6990940033648495,False,False
DEEP_sf1,pca1d,all,2487,2.5153316740600546,0.0,26.097247943485876,1211,0.4869320466425412,1532260.5,0.6824260910995843,False,False,1.0,0.8219000367257767,False,False
DEEP_sf1,lsh,0.01,467,11.18668871692891,0.03797538216251216,61.84725519181939,233,0.4989293361884368,52486.0,0.4606113910466354,False,False,1.0,0.675510085380048,False,False
DEEP_sf1,lsh,0.05,500,-1.6887641801424138,-3.0401048352800224,19.697270912421857,283,0.566,52235.0,0.001307162741259558,True,True,0.8627274092313083,0.007373738540438533,False,True
DEEP_sf1,lsh,0.1,500,-1.481855114250257,-1.1176448542486455,13.453012514196129,276,0.552,52023.0,0.0010381077375794653,True,True,0.6851511068024471,0.0059064750586417854,False,True
DEEP_sf1,lsh,0.3,500,-0.7959607238451452,-1.1104452187234601,6.804068298035663,291,0.582,51007.0,0.0003252466268601177,True,True,0.21466277372767767,0.002025120506864884,False,True
DEEP_sf1,lsh,0.5,500,-0.43953975653520794,-0.5710245416249837,4.50686295143427,270,0.54,54558.0,0.012569991804799696,True,True,1.0,0.05318073455876794,False,False
DEEP_sf1,lsh,all,2467,1.2246144075473406,-1.0003073846868191,29.602002792759954,1353,0.5484394000810702,1349668.0,1.0914085443539985e-06,True,True,0.000720329639273639,9.604395190315186e-06,True,True
DEEP_sf1,sobol,0.01,473,2.3906211436304736,-5.733331850067888,60.94664341102193,275,0.5813953488372093,42692.0,7.08017211967381e-06,True,True,0.004672913598984715,5.6300163843189334e-05,True,True
DEEP_sf1,sobol,0.05,500,-1.7621025762403308,-2.4737495545260924,20.482312478734112,271,0.542,51033.0,0.000335440523951924,True,True,0.22139074580826984,0.0020499143130395356,False,True
DEEP_sf1,sobol,0.1,500,-1.7294687228210202,-1.9052009752307888,13.42960382220756,285,0.57,49367.0,4.101452354806721e-05,True,True,0.027069585541724357,0.0002942346254535256,True,True
DEEP_sf1,sobol,0.3,500,-1.5511086561451761,-1.6055174506333827,6.871622663788274,301,0.602,45543.0,1.2588501468550103e-07,True,True,8.308410969243068e-05,1.1869158527490098e-06,True,True
DEEP_sf1,sobol,0.5,500,-1.5355760370636842,-1.0856582988326835,4.6383996514796,303,0.606,40098.0,3.1856119542215798e-12,True,True,2.1025038897862428e-09,4.04327671112739e-11,True,True
DEEP_sf1,sobol,all,2473,-0.8727716114831753,-1.7520831539516752,29.123268601203513,1435,0.5802668823291549,1200439.0,1.904370893472038e-20,True,True,1.2568847896915452e-17,3.808741786944076e-19,True,True
DEEP_sf10,hdbscan,0.01,473,13.840853972044599,-1.0533609761736022,62.75602840400569,241,0.5095137420718816,55834.0,0.9419736168315146,False,True,1.0,0.9757946269393513,False,False
DEEP_sf10,hdbscan,0.05,500,1.6445190666779232,0.42748928615841675,19.49793964202127,243,0.486,62109.0,0.8731667816269002,False,False,1.0,0.9355358374573931,False,False
DEEP_sf10,hdbscan,0.1,500,0.33020957999291417,-0.6946451944853262,12.517462048725804,264,0.528,59966.0,0.4107200377060537,False,True,1.0,0.63632681898121,False,False
DEEP_sf10,hdbscan,0.3,500,-0.013888266458126082,-0.5412049611941663,5.949799141455372,267,0.534,60068.0,0.42890258095935807,False,True,1.0,0.6510791917074337,False,False
DEEP_sf10,hdbscan,0.5,500,0.05446331345136015,0.0954442345060876,3.86019782914476,243,0.486,61087.0,0.6342039003995321,False,False,1.0,0.7937389617983176,False,False
DEEP_sf10,hdbscan,all,2473,3.0547415186450184,-0.1182078227405151,29.997625673361252,1258,0.5086938940558027,1512807.0,0.6372935561745613,False,True,1.0,0.7949859703201851,False,False
DEEP_sf10,minibatch,0.01,478,10.171202460650711,-2.936200400007884,63.172170409467235,255,0.5334728033472803,52861.0,0.14722197452808433,False,True,1.0,0.3472227775635302,False,False
DEEP_sf10,minibatch,0.05,500,0.6877727430460454,-0.21742351397674536,17.71169012124589,255,0.51,59319.0,0.3064059297824355,False,True,1.0,0.5414435846321699,False,False
DEEP_sf10,minibatch,0.1,500,-0.16874907046660848,-0.16340969170468994,12.02827078477371,253,0.506,58502.0,0.20211405190855392,False,True,1.0,0.42892371144580577,False,False
DEEP_sf10,minibatch,0.3,500,-0.30368715792203177,-0.4294845643361899,5.953943651083215,268,0.536,58187.0,0.1697508944088585,False,True,1.0,0.38107856557398445,False,False
DEEP_sf10,minibatch,0.5,500,-0.05370614402149454,-0.25036110585054405,3.8360437854346685,264,0.528,59920.0,0.4026721588076041,False,True,1.0,0.6253261760306322,False,False
DEEP_sf10,minibatch,all,2478,1.9946125752659383,-0.40191524818199087,29.807899637153028,1295,0.5225988700564972,1451220.0,0.017651686721139974,True,True,1.0,0.0706067468845599,False,False
DEEP_sf10,gmm,0.01,490,11.303064635726654,-0.015401094135387592,59.94446215591695,245,0.5,58930.5,0.6979557351863206,False,True,1.0,0.8330032282513049,False,False
DEEP_sf10,gmm,0.05,500,1.5692023757990115,-0.8849009732366628,18.285989737266174,258,0.516,61113.0,0.6399458850274446,False,True,1.0,0.7950161451362495,False,False
DEEP_sf10,gmm,0.1,500,0.3974265256655118,-1.2766901907919668,12.766297259937323,266,0.532,58796.0,0.23617741188622543,False,True,1.0,0.4752350361125268,False,False
DEEP_sf10,gmm,0.3,500,-0.16653812890331238,-0.10697436482026575,5.69445624465099,255,0.51,59083.0,0.2731641241781796,False,True,1.0,0.5151094913074243,False,False
DEEP_sf10,gmm,0.5,500,-0.3676335586638857,-0.4887684133716006,3.9510044719219093,284,0.568,52937.0,0.002724526254962692,True,True,1.0,0.013939436653297495,False,True
DEEP_sf10,gmm,all,2490,2.511939870865351,-0.5163288325504958,28.914182371787835,1308,0.5253012048192771,1468601.5,0.02221056160369875,True,True,1.0,0.0847339344418565,False,False
DEEP_sf10,hilbert,0.01,483,14.208409124709918,0.0,65.22017153316501,238,0.4927536231884058,58414.0,0.992460742767894,False,False,1.0,0.9956117540651793,False,False
DEEP_sf10,hilbert,0.05,500,1.751741378600138,0.9668712978320912,21.706314921868007,236,0.472,61901.0,0.8227672300621597,False,False,1.0,0.9020371625266203,False,False
DEEP_sf10,hilbert,0.1,500,0.8457188361482355,-0.0724597410293308,12.752401380163757,252,0.504,62136.0,0.8797515315474581,False,True,1.0,0.9380570241668362,False,False
DEEP_sf10,hilbert,0.3,500,0.30826397180685816,0.2875084754784643,5.706986865133943,237,0.474,60155.0,0.4447746582132255,False,False,1.0,0.6616365471153518,False,False
DEEP_sf10,hilbert,0.5,500,0.08362975862844518,0.026933427484915215,3.7828977555082464,249,0.498,62158.0,0.8851230600778847,False,False,1.0,0.9422277736312966,False,False
DEEP_sf10,hilbert,all,2483,3.3658230285246598,0.10086305412954251,31.515474635039993,1212,0.4881192106322996,1533643.0,0.8162953437141778,False,False,1.0,0.8994239179488437,False,False
DEEP_sf10,faiss_ivf,0.01,477,12.655799009260468,2.9139289300944697,59.48165060013694,219,0.4591194968553459,54706.5,0.4461034294944417,False,False,1.0,0.6616365471153518,False,False
DEEP_sf10,faiss_ivf,0.05,500,0.6156675742650585,-0.4580082847436222,17.847927937593465,263,0.526,59330.0,0.3080181112591941,False,True,1.0,0.5414435846321699,False,False
DEEP_sf10,faiss_ivf,0.1,500,0.08138767919420754,-0.5541756652331209,10.78446634279333,262,0.524,59315.0,0.30582107087942756,False,True,1.0,0.5414435846321699,False,False
DEEP_sf10,faiss_ivf,0.3,500,-0.055032948309859,-0.24523007858925816,5.718933994060051,263,0.526,58917.0,0.25131501183065175,False,True,1.0,0.48653804668222644,False,False
DEEP_sf10,faiss_ivf,0.5,500,0.17891598396446398,0.14260785539598408,3.644753896101553,242,0.484,60879.0,0.5890810898667189,False,False,1.0,0.7704653480170881,False,False
DEEP_sf10,faiss_ivf,all,2477,2.6028604246968823,-0.1032609001262613,28.329263833524,1249,0.5042389987888575,1521603.5,0.7171127881990147,False,True,1.0,0.8481979215257163,False,False
DEEP_sf10,minibatch_partial,0.01,483,6.268900863205798,-1.6951594929538656,53.36508239454457,254,0.525879917184265,52355.0,0.04729193882375857,True,True,1.0,0.15451821595881512,False,False
DEEP_sf10,minibatch_partial,0.05,500,1.0860217206067495,-0.46468781694134786,18.941209308773054,260,0.52,61063.0,0.6289230688907139,False,True,1.0,0.7937389617983176,False,False
DEEP_sf10,minibatch_partial,0.1,500,-0.010257916240754754,-0.8464203087909332,11.146815816811015,271,0.542,58489.0,0.20069516450615466,False,True,1.0,0.4272864792711679,False,False
DEEP_sf10,minibatch_partial,0.3,500,-0.04365856093884259,-0.14262095833635843,5.779201724076779,256,0.512,60889.0,0.591216235236788,False,True,1.0,0.7704653480170881,False,False
DEEP_sf10,minibatch_partial,0.5,500,0.08375225738965986,0.13551800301037384,3.8140777369421026,240,0.48,61630.0,0.7582133886964397,False,False,1.0,0.8726255052828499,False,False
DEEP_sf10,minibatch_partial,all,2483,1.4441433215210657,-0.24828225317305724,25.820282486296442,1281,0.5159081755940395,1476908.0,0.06871424942352905,False,True,1.0,0.20947732062336846,False,False
DEEP_sf10,reservoir,0.01,487,17.723572067289293,0.45702496110136365,63.345303524579585,235,0.48254620123203285,55144.0,0.1693728715002708,False,False,1.0,0.38107856557398445,False,False
DEEP_sf10,reservoir,0.05,500,1.5458490262335751,0.32643935775481325,19.336973848866165,243,0.486,62196.0,0.8944134628360717,False,False,1.0,0.9475327214635753,False,False
DEEP_sf10,reservoir,0.1,500,1.0455509217196652,0.6096522198958434,13.668200396688128,242,0.484,61002.0,0.6155865957844735,False,False,1.0,0.7848927457112548,False,False
DEEP_sf10,reservoir,0.3,500,-0.43799094789299364,-0.5083572478189694,6.216266781390601,271,0.542,54745.0,0.01477399626100553,True,True,1.0,0.061189000860277204,False,False
DEEP_sf10,reservoir,0.5,500,-0.274472461289468,-0.29630953880181715,4.0267094012435525,268,0.536,56751.0,0.06917629222510806,False,True,1.0,0.20947732062336846,False,False
DEEP_sf10,reservoir,all,2487,3.84835056942311,-0.11334449101550684,30.934830338120577,1259,0.5062324085243265,1533744.0,0.7130728570847592,False,True,1.0,0.8449337265277218,False,False
DEEP_sf10,sparse_rp,0.01,481,16.310050568781215,4.8469411262206534e-05,66.03276529079058,232,0.48232848232848236,56418.5,0.6131588705496358,False,False,1.0,0.7848927457112548,False,False
DEEP_sf10,sparse_rp,0.05,500,1.0857551837469754,-0.5305894061605165,20.968011751530252,265,0.53,59071.0,0.27154241113813193,False,True,1.0,0.5135185998600776,False,False
DEEP_sf10,sparse_rp,0.1,500,-0.12616893142973348,-1.1896938882488932,12.61857646358996,270,0.54,57254.0,0.09658272812828765,False,True,1.0,0.2667138098940161,False,False
DEEP_sf10,sparse_rp,0.3,500,0.2770542455864407,-0.00034539825527531913,6.046566866691996,250,0.5,61722.0,0.7799644950062861,False,True,1.0,0.8814667238084739,False,False
DEEP_sf10,sparse_rp,0.5,500,0.07437521753559438,-0.15838235896175973,4.252943197258173,258,0.516,61822.0,0.8038033958459544,False,True,1.0,0.890117854460285,False,False
DEEP_sf10,sparse_rp,all,2481,3.4262967276515126,-0.18782838340624533,31.892803654860696,1275,0.5139056831922612,1494825.5,0.21100022398137475,False,True,1.0,0.440696670340846,False,False
DEEP_sf10,pca1d,0.01,480,15.962353139025408,1.388265466394269,60.5280622005021,218,0.45416666666666666,52333.0,0.07643922728470655,False,False,1.0,0.22422173336847254,False,False
DEEP_sf10,pca1d,0.05,500,1.9518800434882941,0.5030402447901485,19.09214233482204,243,0.486,61493.0,0.7261795285559565,False,False,1.0,0.8543288571246547,False,False
DEEP_sf10,pca1d,0.1,500,0.8945514108556436,0.2774872581257226,12.355100711178457,239,0.478,60086.0,0.432159168055016,False,False,1.0,0.6510791917074337,False,False
DEEP_sf10,pca1d,0.3,500,-0.037025787676441185,-0.22167823917446616,6.167695573474818,263,0.526,59991.0,0.41513366730658985,False,True,1.0,0.6412671208329043,False,False
DEEP_sf10,pca1d,0.5,500,-0.1570812533327475,-0.2823208841318709,4.036475186304024,264,0.528,58065.0,0.15831882059794156,False,True,1.0,0.36535112445678825,False,False
DEEP_sf10,pca1d,all,2480,3.6242305295966015,0.06351776369176071,29.35009614871172,1227,0.494758064516129,1499630.0,0.2792200887426115,False,False,1.0,0.5220545568558742,False,False
DEEP_sf10,lsh,0.01,483,7.948073308408601,-5.871758940182037,64.77234574839518,273,0.5652173913043478,49586.0,0.003902837523226795,True,True,1.0,0.01936746440097507,False,True
DEEP_sf10,lsh,0.05,500,1.2775415651322992,-1.0134075468610422,22.110990681795307,262,0.524,59637.0,0.3552721421385444,False,True,1.0,0.5803950836916815,False,False
DEEP_sf10,lsh,0.1,500,-0.6720440031255036,-1.3329887654503314,14.399100665978938,275,0.55,53248.0,0.003719667085715663,True,True,1.0,0.018598335428578316,False,True
DEEP_sf10,lsh,0.3,500,-0.3822676674244639,-0.624524293979733,7.212790208648527,266,0.532,56339.0,0.05180760157064163,False,True,1.0,0.16598551959525962,False,False
DEEP_sf10,lsh,0.5,500,-0.2464383199152241,-0.40618291578653554,4.401650842240931,271,0.542,57316.0,0.10049264116391182,False,True,1.0,0.2729429760007481,False,False
DEEP_sf10,lsh,all,2483,1.541407650138908,-0.8245282305109667,31.321915594348532,1347,0.5424889246878776,1377723.0,4.297960166583778e-06,True,True,0.0028366537099452937,3.545817137431617e-05,True,True
DEEP_sf10,sobol,0.01,470,6.105876578451527,-6.617530788445303,61.8777202158937,258,0.548936170212766,46898.0,0.004152682450021325,True,True,1.0,0.019860655195754164,False,True
DEEP_sf10,sobol,0.05,500,-3.499241436811045,-3.90543311883696,20.042205593751735,305,0.61,44701.0,2.9356612991116373e-08,True,True,1.9375364574136806e-05,3.027400714708876e-07,True,True
DEEP_sf10,sobol,0.1,500,-2.4158929683746155,-1.9234709360447098,12.994229323464614,294,0.588,47398.0,2.46688528501019e-06,True,True,0.0016281442881067255,2.0873644719316994e-05,True,True
DEEP_sf10,sobol,0.3,500,-1.2775967177387961,-1.1800528979802734,6.522582786633024,281,0.562,47908.0,5.286951625006689e-06,True,True,0.0034893880725044147,4.26788976563921e-05,True,True
DEEP_sf10,sobol,0.5,500,-1.3878471267024517,-1.4079823563921532,4.436522225675467,305,0.61,40862.0,1.6629106522656648e-11,True,True,1.0975210304953387e-08,1.9954927827187977e-10,True,True
DEEP_sf10,sobol,all,2470,-0.575112199571351,-1.7695585409662002,29.458467444331923,1443,0.5842105263157895,1194113.0,8.102203768189348e-21,True,True,5.34745448700497e-18,1.7249853183887e-19,True,True
SIFT_sf1,hdbscan,0.01,467,13.177883117596672,-0.4612941418832851,63.42733013976424,237,0.5074946466809421,53849.5,0.7867261084569954,False,True,1.0,0.8845642786739643,False,False
SIFT_sf1,hdbscan,0.05,500,0.7464908054845245,-0.6270498043533566,19.608806514574997,261,0.522,59041.0,0.267517020499519,False,True,1.0,0.5088219986446182,False,False
SIFT_sf1,hdbscan,0.1,500,1.10323892487657,1.0788758047393523,11.647386848166727,224,0.448,57717.0,0.12891088222504565,False,False,1.0,0.3194154227190309,False,False
SIFT_sf1,hdbscan,0.3,500,0.2078926876547726,0.2936338243734798,4.81016391311103,234,0.468,59211.0,0.2908745505793334,False,False,1.0,0.5373699477950608,False,False
SIFT_sf1,hdbscan,0.5,500,-0.24628250016166314,-0.307811740536123,3.1194733086709623,265,0.53,56085.0,0.043041178607931996,True,True,1.0,0.14419887249357927,False,False
SIFT_sf1,hdbscan,all,2467,2.8616706018827514,0.061506591974760993,29.978408663218637,1221,0.4949331171463316,1517214.5,0.8893103941468453,False,False,1.0,0.9451608053734588,False,False
SIFT_sf1,minibatch,0.01,468,9.194102618464953,-3.759174146421754,59.717309630446955,249,0.532051282051282,49802.0,0.083222299261413,False,True,1.0,0.2384585148529111,False,False
SIFT_sf1,minibatch,0.05,500,-0.8039216911385877,-1.752227741989901,20.642556942136853,271,0.542,54312.0,0.010116213824524389,True,True,1.0,0.04511284543368984,False,True
SIFT_sf1,minibatch,0.1,500,-1.3416155970881687,-0.8997863698358719,11.894552650680074,264,0.528,53621.0,0.0053427224868027616,True,True,1.0,0.02536832259920736,False,True
SIFT_sf1,minibatch,0.3,500,-0.632168417768659,-0.5130773943816638,5.2311139361032435,279,0.558,53330.0,0.004032127157774175,True,True,1.0,0.019712621660229298,False,True
SIFT_sf1,minibatch,0.5,500,-0.5083627545391214,-0.5061803210709267,3.4301029112117947,284,0.568,49994.0,9.317461018203229e-05,True,True,0.06149524272014131,0.0006211640678802152,False,True
SIFT_sf1,minibatch,all,2468,1.0777170969101826,-0.7471594851572083,28.54217740170209,1347,0.5457860615883307,1346586.0,5.934351889671829e-07,True,True,0.0003916672247183407,5.365304448196448e-06,True,True
SIFT_sf1,gmm,0.01,489,10.586777144082834,-0.4586201236530614,56.231723220040905,248,0.5071574642126789,58786.0,0.7209980575937901,False,True,1.0,0.8497477107355383,False,False
SIFT_sf1,gmm,0.05,500,1.8422355759671731,0.10574360997527266,19.40798407040734,249,0.498,61699.0,0.7745098044911591,False,False,1.0,0.8813387430416639,False,False
SIFT_sf1,gmm,0.1,500,0.1265529216183479,-0.48423141860760793,12.017939416032728,262,0.524,59392.0,0.31720974956656334,False,True,1.0,0.5494972039735743,False,False
SIFT_sf1,gmm,0.3,500,-0.21765159851813054,-0.15866935294672604,4.836881519875669,260,0.52,58212.0,0.1721681083802743,False,True,1.0,0.38259579640060953,False,False
SIFT_sf1,gmm,0.5,500,-0.29310273590661495,-0.14557927556773148,2.9902244016595225,258,0.516,56208.0,0.04711587518172787,True,True,1.0,0.15451821595881512,False,False
SIFT_sf1,gmm,all,2489,2.3728208537713513,-0.19336721202136056,27.37699332198974,1277,0.5130574527922861,1495433.0,0.1322934918590877,False,True,1.0,0.32219079198154205,False,False
SIFT_sf1,hilbert,0.01,485,15.830678701792166,1.5227705626440007,58.12025477956969,219,0.4515463917525773,52297.0,0.031784924098695475,True,False,1.0,0.11367466814037033,False,False
SIFT_sf1,hilbert,0.05,500,1.3665602016294187,-0.46689057311321547,20.488455599173978,257,0.514,60379.0,0.48714589334737024,False,True,1.0,0.6959227047819574,False,False
SIFT_sf1,hilbert,0.1,500,1.7469896914598713,0.45449110553855154,11.841226984488202,237,0.474,57147.0,0.09012203980464102,False,False,1.0,0.2552813144680819,False,False
SIFT_sf1,hilbert,0.3,500,0.22487303369475092,0.17312736672851248,4.938599768381879,244,0.488,60371.0,0.48559601713484335,False,False,1.0,0.6952133867874113,False,False
SIFT_sf1,hilbert,0.5,500,-0.05418157336781793,0.038000094918703556,2.95882427034763,248,0.496,61711.0,0.7773543601493077,False,False,1.0,0.8814667238084739,False,False
SIFT_sf1,hilbert,all,2485,3.7505029565703474,0.2752921125438825,28.538923397874683,1205,0.48490945674044267,1475642.0,0.05448694841541454,False,False,1.0,0.1720640476276249,False,False
SIFT_sf1,faiss_ivf,0.01,479,13.440684682767925,0.6416843508998593,63.23333201112623,237,0.49478079331941544,56925.0,0.8547153871931141,False,False,1.0,0.9232604837110562,False,False
SIFT_sf1,faiss_ivf,0.05,500,0.577082691511595,-0.5246483911044205,18.367556306273766,255,0.51,59467.0,0.3285666142290504,False,True,1.0,0.5589019726576632,False,False
SIFT_sf1,faiss_ivf,0.1,500,-0.5084671799949941,-1.0119987997179871,10.718080750172458,265,0.53,55964.0,0.039327421238453696,True,True,1.0,0.1337943196772136,False,False
SIFT_sf1,faiss_ivf,0.3,500,0.1888246750324855,-0.04599544053959988,4.9079641937377385,251,0.502,62324.0,0.925806824253526,False,True,1.0,0.9683557908198528,False,False
SIFT_sf1,faiss_ivf,0.5,500,-0.13411804025460838,-0.24048831851864355,3.132926469067008,272,0.544,58019.0,0.15416309468991038,False,True,1.0,0.35953230563724686,False,False
SIFT_sf1,faiss_ivf,all,2479,2.621923774180344,-0.2420657987916788,29.980136799275673,1280,0.5163372327551432,1480734.0,0.11454131466775701,False,True,1.0,0.29415279253198295,False,False
SIFT_sf1,minibatch_partial,0.01,475,6.4784661372556425,-2.707227951113625,58.38406573744034,245,0.5157894736842106,49557.0,0.019914879800492807,True,True,1.0,0.07823702778765032,False,False
SIFT_sf1,minibatch_partial,0.05,500,1.5861881082784648,-0.5502229307894929,22.531284614038046,258,0.516,59845.0,0.38975513614016144,False,True,1.0,0.6139341046599202,False,False
SIFT_sf1,minibatch_partial,0.1,500,0.015709699814776514,-0.2647869056135995,12.048639122780031,255,0.51,57667.0,0.1250593034172145,False,True,1.0,0.3118478193232928,False,False
SIFT_sf1,minibatch_partial,0.3,500,-0.023322672181351308,-0.051270415366205996,5.237086325774431,251,0.502,60846.0,0.582060483138342,False,True,1.0,0.7667862652121872,False,False
SIFT_sf1,minibatch_partial,0.5,500,-0.09015359021873873,-0.19727518995629004,3.2578143867600153,259,0.518,59305.0,0.3043621640188232,False,True,1.0,0.5414435846321699,False,False
SIFT_sf1,minibatch_partial,all,2475,1.5440332072901033,-0.28609959159606985,28.28330346566731,1268,0.5123232323232323,1451505.0,0.023534514960094354,True,True,1.0,0.08825443110035382,False,False
SIFT_sf1,reservoir,0.01,469,13.515713924191896,-0.9585680713764191,71.56298532938354,247,0.5266524520255863,51124.0,0.17495751756231526,False,True,1.0,0.38490653863709356,False,False
SIFT_sf1,reservoir,0.05,500,-0.8401846513460912,-2.1691036726085504,20.913421296115565,287,0.574,51869.0,0.0008758695693696305,True,True,0.5780739157839561,0.005026729702469183,False,True
SIFT_sf1,reservoir,0.1,500,-0.8828569014539376,-0.986991543818589,12.824203829400966,263,0.526,54474.0,0.011678503879013466,True,True,1.0,0.050178008879444486,False,False
SIFT_sf1,reservoir,0.3,500,-1.630100191833731,-1.622106527391628,6.275819284845636,301,0.602,43521.0,3.4149932234632984e-09,True,True,2.253895527485777e-06,3.694910700796356e-08,True,True
SIFT_sf1,reservoir,0.5,500,-1.2737961864738663,-1.0608746653031427,3.8136130535818995,315,0.63,40037.0,2.7852564673469235e-12,True,True,1.8382692684489695e-09,3.604449545978372e-11,True,True
SIFT_sf1,reservoir,all,2469,1.6303770210174915,-1.2505182589171908,33.746402631385024,1413,0.5722964763061968,1261283.0,1.0610390387272872e-13,True,True,7.002857655600095e-11,1.489969713957467e-12,True,True
SIFT_sf1,sparse_rp,0.01,487,9.517125686042629,-0.900225367619921,59.98881617318386,250,0.5133470225872689,55052.5,0.1604173514941114,False,True,1.0,0.3676230971740053,False,False
SIFT_sf1,sparse_rp,0.05,500,1.3606203435935103,-0.21494365008566807,20.863700650460423,251,0.502,59917.0,0.4021506013502204,False,True,1.0,0.6253261760306322,False,False
SIFT_sf1,sparse_rp,0.1,500,1.8788311984215194,0.9155325975067808,13.51484159482517,227,0.454,56157.0,0.04538859669833917,True,False,1.0,0.14978236910451925,False,False
SIFT_sf1,sparse_rp,0.3,500,0.5876622077585597,0.4183148787618094,6.626428587316182,235,0.47,59242.0,0.2952774476607388,False,False,1.0,0.5404254947873843,False,False
SIFT_sf1,sparse_rp,0.5,500,0.2473944040640211,0.1679503031024786,4.187980267229936,235,0.47,59270.0,0.2992924343090845,False,False,1.0,0.5411863195725911,False,False
SIFT_sf1,sparse_rp,all,2487,2.682788213116834,0.25951116878144537,29.20572856481568,1198,0.4817048652995577,1527519.5,0.5881405516874834,False,False,1.0,0.7704653480170881,False,False
SIFT_sf1,pca1d,0.01,479,12.415592858870022,0.0,58.83964516352577,219,0.4572025052192067,55703.5,0.5577961391892613,False,False,1.0,0.748079805040319,False,False
SIFT_sf1,pca1d,0.05,500,2.546373767521004,0.4169270681658711,21.80661311391206,244,0.488,61777.0,0.7930518495982761,False,False,1.0,0.887817465204236,False,False
SIFT_sf1,pca1d,0.1,500,0.5757886804703171,-0.18133410920111584,12.188095179676864,257,0.514,61586.0,0.7478767809079965,False,True,1.0,0.8695115694588839,False,False
SIFT_sf1,pca1d,0.3,500,-0.04804194110320651,-0.03733864178160734,5.449661549209686,252,0.504,60006.0,0.41779524539113455,False,True,1.0,0.6412671208329043,False,False
SIFT_sf1,pca1d,0.5,500,0.2541392850365522,-0.04497012000800888,3.453507385455262,253,0.506,61259.0,0.672582920353443,False,True,1.0,0.8160013371935154,False,False
SIFT_sf1,pca1d,all,2479,3.0702698166039015,0.0,28.72234765777653,1225,0.49415086728519564,1521475.5,0.663552933643694,False,False,1.0,0.8113123072253869,False,False
SIFT_sf1,lsh,0.01,471,4.317042056789928,-8.938538379847651,61.84297585246281,269,0.5711252653927813,43968.0,8.556165147565694e-05,True,True,0.05647068997393358,0.000576231530346261,False,True
SIFT_sf1,lsh,0.05,500,-1.9071457601274495,-2.8991579222310437,23.531909131431355,286,0.572,49765.0,6.93345202127896e-05,True,True,0.04576078334044114,0.00047667482646292854,True,True
SIFT_sf1,lsh,0.1,500,-2.214725897499253,-2.6515145071299187,14.72616484482085,285,0.57,47910.0,5.302529708824473e-06,True,True,0.0034996696078241525,4.26788976563921e-05,True,True
SIFT_sf1,lsh,0.3,500,-0.8168372688463962,-0.6499958673508788,7.529125368602214,266,0.532,52821.0,0.002420481439746143,True,True,1.0,0.01248060742369105,False,True
SIFT_sf1,lsh,0.5,500,-0.6617432253628756,-0.5073505123550439,4.880091682081686,270,0.54,52298.0,0.0013987350593306618,True,True,0.9231651391582368,0.007769719213584379,False,True
SIFT_sf1,lsh,all,2471,-0.31035988149329485,-1.3484206255245827,30.110314109877493,1376,0.556859571023877,1248908.0,4.413161441148808e-15,True,True,2.912686551158213e-12,7.104113539410275e-14,True,True
SIFT_sf1,sobol,0.01,439,975.278093458417,-6.996095380535697,20367.63564298888,253,0.5763097949886105,35810.0,2.70415664790687e-06,True,True,0.0017847433876185344,2.2591688450867523e-05,True,True
SIFT_sf1,sobol,0.05,500,-6.693564499951187,-6.453178213360225,23.55721618921548,329,0.658,38130.0,3.505658703093333e-14,True,True,2.3137347440416e-11,5.25848805464e-13,True,True
SIFT_sf1,sobol,0.1,500,-4.646267702278428,-4.222053951056754,14.574457779683815,311,0.622,39140.0,3.7121156369052453e-13,True,True,2.4499963203574617e-10,4.999992490525432e-12,True,True
SIFT_sf1,sobol,0.3,500,-2.4462163267093437,-1.6830760513234324,6.581482074967138,314,0.628,36952.0,1.98026152201174e-15,True,True,1.3069726045277485e-12,3.2674315113193715e-14,True,True
SIFT_sf1,sobol,0.5,500,-1.5343455111878606,-1.0301514350169416,4.004424228750924,313,0.626,37681.0,1.1906124225625457e-14,True,True,7.858041988912802e-12,1.8274516253285586e-13,True,True
SIFT_sf1,sobol,all,2439,172.40134727682724,-2.5022132939390724,8649.25244595496,1520,0.6232062320623206,1014927.0,4.2958330683508904e-42,True,True,2.8352498251115878e-39,2.36270818759299e-40,True,True
SIFT_sf10,hdbscan,0.01,476,11.829705486602297,-4.605359132228834,60.66687199681705,253,0.5315126050420168,54692.0,0.4903664971366185,False,True,1.0,0.6966726260395689,False,False
SIFT_sf10,hdbscan,0.05,500,-0.35235239275967,-1.7340905847096457,18.423742928583444,267,0.534,56020.0,0.041010926189423876,True,True,1.0,0.1380980167603049,False,False
SIFT_sf10,hdbscan,0.1,500,0.14549203255460777,-0.09799064172271016,12.304464074012524,251,0.502,61467.0,0.7201518637047815,False,True,1.0,0.8497477107355383,False,False
SIFT_sf10,hdbscan,0.3,500,-0.17912814248118847,-0.27709603134774247,4.953013741966028,263,0.526,58199.0,0.17090796274227182,False,True,1.0,0.38107856557398445,False,False
SIFT_sf10,hdbscan,0.5,500,-0.3045528293425112,-0.2609019463578708,2.8712154513225703,273,0.546,54042.0,0.00792232065955921,True,True,1.0,0.03656455689027327,False,True
SIFT_sf10,hdbscan,all,2476,2.1347613673700776,-0.4096671053478479,28.908330917969092,1307,0.5278675282714055,1428494.0,0.00323091768089547,True,True,1.0,0.016277905873213816,False,True
SIFT_sf10,minibatch,0.01,475,13.638608240352228,0.7538642449926908,63.23764484333872,234,0.4926315789473684,55771.0,0.8011146551126347,False,False,1.0,0.890117854460285,False,False
SIFT_sf10,minibatch,0.05,500,-0.2026540575702928,-0.8701120138989111,18.360346116862264,265,0.53,56758.0,0.06950838366139045,False,True,1.0,0.20947732062336846,False,False
SIFT_sf10,minibatch,0.1,500,0.0451513475981256,-0.8427775573259493,10.915293259560482,263,0.526,59332.0,0.30831183706800713,False,True,1.0,0.5414435846321699,False,False
SIFT_sf10,minibatch,0.3,500,-0.4661490679189996,-0.6192528779242453,4.806531088038327,280,0.56,53843.0,0.0065890914750506005,True,True,1.0,0.031062859810952827,False,True
SIFT_sf10,minibatch,0.5,500,-0.05163258458485514,-0.01703949747908804,3.147287984091573,254,0.508,61423.0,0.7099908914400015,False,True,1.0,0.8427949430762608,False,False
SIFT_sf10,minibatch,all,2475,2.481089589062343,-0.2903265775218973,29.931931944020334,1296,0.5236363636363637,1465667.0,0.06199455694486843,False,True,1.0,0.192095810251705,False,False
SIFT_sf10,gmm,0.01,477,10.28416121698216,-0.6087747721785269,59.218086683124554,245,0.5136268343815513,54960.0,0.49791966730672765,False,True,1.0,0.6990940033648495,False,False
SIFT_sf10,gmm,0.05,500,-0.4018630605985452,-2.309635512852693,18.602151717349397,270,0.54,55134.0,0.020475125352473762,True,True,1.0,0.07949166313313343,False,False
SIFT_sf10,gmm,0.1,500,1.1108495652981865,0.5641768340400559,13.172013890826788,244,0.488,61247.0,0.6698759541349307,False,False,1.0,0.8142138669043356,False,False
SIFT_sf10,gmm,0.3,500,-0.07705161728676681,-0.09493329529476671,5.282503196267826,255,0.51,60314.0,0.4746307922701021,False,True,1.0,0.6854624133441298,False,False
SIFT_sf10,gmm,0.5,500,-0.18073169986356669,-0.12469509146531857,3.5234378191418476,260,0.52,57834.0,0.13828338359325454,False,True,1.0,0.33431147681885715,False,False
SIFT_sf10,gmm,all,2477,2.0715165499697794,-0.2563000776693499,28.366956679435344,1274,0.514331853048042,1464695.0,0.049885129448236365,True,True,1.0,0.1613930658619412,False,False
SIFT_sf10,hilbert,0.01,474,12.189347203447403,-0.2628350231392113,62.586596061267045,241,0.5084388185654009,54360.0,0.5182808892793294,False,True,1.0,0.714420937860377,False,False
SIFT_sf10,hilbert,0.05,500,1.0080957501926,-1.3536626199435755,18.838591121367323,262,0.524,60450.0,0.5010173690781421,False,True,1.0,0.6990940033648495,False,False
SIFT_sf10,hilbert,0.1,500,0.43811812309254045,0.22802018186917694,11.431432826026192,246,0.492,62616.0,0.9977783956005487,False,False,1.0,0.9977783956005487,False,False
SIFT_sf10,hilbert,0.3,500,0.08301241153343387,0.0036587360541608495,4.673516142158337,249,0.498,62567.0,0.9856837436269082,False,False,1.0,0.9949757842262043,False,False
SIFT_sf10,hilbert,0.5,500,-0.02586697585174592,-0.05497970968798302,2.929362007527108,256,0.512,60426.0,0.4963051281828458,False,True,1.0,0.6985410701385738,False,False
SIFT_sf10,hilbert,all,2474,2.639219979352257,-0.07468431917821507,29.60597957594411,1254,0.5068714632174616,1498127.0,0.35802167738093915,False,True,1.0,0.5834427335096786,False,False
SIFT_sf10,faiss_ivf,0.01,475,11.944906995000707,-0.017795588439815924,63.47458272662161,238,0.5010526315789474,55310.0,0.6848007557371962,False,True,1.0,0.8232577391376129,False,False
SIFT_sf10,faiss_ivf,0.05,500,0.19947608582094983,-2.2716035703940447,18.91954079474604,270,0.54,55609.0,0.02996350237312035,True,True,1.0,0.1086588547596672,False,False
SIFT_sf10,faiss_ivf,0.1,500,-0.03206919932326249,-0.6264260095032443,11.650009792483697,265,0.53,58511.0,0.2031006327095518,False,True,1.0,0.4296359538086673,False,False
SIFT_sf10,faiss_ivf,0.3,500,-0.7493217370351319,-0.6012943754433078,5.010823729568017,277,0.554,51106.0,0.0003656826257129048,True,True,0.24135053297051717,0.002214225073124011,False,True
SIFT_sf10,faiss_ivf,0.5,500,-0.16538439380108566,-0.240223967148859,3.0949493443213307,266,0.532,57176.0,0.0918377117865669,False,True,1.0,0.257927190549507,False,False
SIFT_sf10,faiss_ivf,all,2475,2.141487353719625,-0.5122762055817549,30.048466616744157,1316,0.5317171717171717,1418445.0,0.001400903918812941,True,True,0.9245965864165411,0.007769719213584379,False,True
SIFT_sf10,minibatch_partial,0.01,467,12.63820932725062,-2.4514111599655513,66.09081803495366,245,0.5246252676659529,51409.0,0.26832329454173875,False,True,1.0,0.5088890068895046,False,False
SIFT_sf10,minibatch_partial,0.05,500,0.47420297466383626,-0.44288613286770406,21.5542555097575,257,0.514,59547.0,0.3409675949306916,False,True,1.0,0.5640065480056553,False,False
SIFT_sf10,minibatch_partial,0.1,500,-0.6858306463861138,-0.8910812790463339,11.937897172218943,269,0.538,55943.0,0.038711415441159636,True,True,1.0,0.13238100617184126,False,False
SIFT_sf10,minibatch_partial,0.3,500,0.33873949839744116,0.14796608078624057,4.703972087521152,242,0.484,59139.0,0.28081959788698097,False,False,1.0,0.5235619621621679,False,False
SIFT_sf10,minibatch_partial,0.5,500,-0.1967470873590438,-0.2659321138627198,3.3296332996669804,267,0.534,57964.0,0.14930372284720858,False,True,1.0,0.3506777831998493,False,False
SIFT_sf10,minibatch_partial,all,2467,2.3782837963048635,-0.29232867535300316,31.327037076965873,1280,0.5188488042156465,1451124.0,0.044745919027574764,True,True,1.0,0.1484035505437153,False,False
SIFT_sf10,reservoir,0.01,482,11.721654064239228,-0.025996743884031785,60.231281049444796,242,0.5020746887966805,57039.0,0.7039751322051315,False,True,1.0,0.8386707351180267,False,False
SIFT_sf10,reservoir,0.05,500,2.7351289176359628,0.5954628993267947,21.57616384070568,241,0.482,59428.0,0.32262853329614427,False,False,1.0,0.5528978627391352,False,False
SIFT_sf10,reservoir,0.1,500,0.584584491402195,-0.656003704347037,13.367239636191295,263,0.526,60665.0,0.5442662284213515,False,True,1.0,0.7363755772578782,False,False
SIFT_sf10,reservoir,0.3,500,-0.8967216051330698,-0.7832997664185533,5.34082753911959,275,0.55,50428.0,0.00016101031736510526,True,True,0.10626680946096947,0.0010626680946096948,False,True
SIFT_sf10,reservoir,0.5,500,-1.0889852340183857,-1.0678692753219026,3.9103962338063507,294,0.588,44008.0,8.429963602725142e-09,True,True,5.563775977798593e-06,8.973832222255796e-08,True,True
SIFT_sf10,reservoir,all,2482,2.5450606542734326,-0.5694035057804967,29.415970390994595,1315,0.5298146655922643,1449223.0,0.01040772309286541,True,True,1.0,0.046101323767054836,False,True
SIFT_sf10,sparse_rp,0.01,485,6.966154665921561,-0.5244757519643605,54.28409396500693,254,0.5237113402061856,53339.5,0.07037024823311118,False,True,1.0,0.21111074469933355,False,False
SIFT_sf10,sparse_rp,0.05,500,-0.577391558383095,-0.2538805905833149,19.987662358310583,253,0.506,55283.0,0.02312104236280552,True,True,1.0,0.0871993597682951,False,False
SIFT_sf10,sparse_rp,0.1,500,0.7979029210068235,-0.24845921236968238,13.288123613777156,254,0.508,61708.0,0.7766429397272773,False,True,1.0,0.8814667238084739,False,False
SIFT_sf10,sparse_rp,0.3,500,0.21602665703488172,-0.15143522512933624,6.805521822968371,254,0.508,62430.0,0.9518943574591807,False,True,1.0,0.9803633371394944,False,False
SIFT_sf10,sparse_rp,0.5,500,0.1621567836742879,0.07078064519624833,4.168362383148536,244,0.488,61783.0,0.7944831666960634,False,False,1.0,0.887817465204236,False,False
SIFT_sf10,sparse_rp,all,2485,1.4800532855687751,-0.15224497795724545,26.670953581772984,1259,0.5066398390342053,1475528.5,0.05408963637165414,False,True,1.0,0.17163057694851794,False,False
SIFT_sf10,pca1d,0.01,487,15.893317356266493,0.795668790711455,60.882875667172165,236,0.48459958932238195,55772.0,0.24115236289560538,False,False,1.0,0.47652862129071716,False,False
SIFT_sf10,pca1d,0.05,500,1.5039615243581823,-0.5458796908752807,18.54297231718212,258,0.516,61670.0,0.7676480150628201,False,True,1.0,0.8788126454842392,False,False
SIFT_sf10,pca1d,0.1,500,1.1361205568887045,0.6267624757180206,13.07147038928023,239,0.478,61829.0,0.805479255963047,False,False,1.0,0.8904795794566349,False,False
SIFT_sf10,pca1d,0.3,500,-0.25218342166425395,-0.2359568630960155,5.437599239418952,257,0.514,59167.0,0.28470145454107254,False,True,1.0,0.5293041126679094,False,False
SIFT_sf10,pca1d,0.5,500,0.04435295743471971,0.14918106228239492,3.676951374944872,245,0.49,61633.0,0.7589197576247815,False,False,1.0,0.8726255052828499,False,False
SIFT_sf10,pca1d,all,2487,3.601194757141319,0.09516123800127047,29.5839150117515,1235,0.49658222758343384,1542046.0,0.8918812582117307,False,False,1.0,0.9463691807391355,False,False
SIFT_sf10,lsh,0.01,470,5.127073293567095,-6.459993901966286,62.957187551080835,268,0.5702127659574469,44737.0,0.00031841937334487776,True,True,0.2101567864076193,0.0020014932038820888,False,True
SIFT_sf10,lsh,0.05,500,-1.757180917988442,-3.433255651444329,21.027270241819103,278,0.556,49886.0,8.110082253260589e-05,True,True,0.05352654287151989,0.0005518200296032979,False,True
SIFT_sf10,lsh,0.1,500,-2.420077964848761,-2.442662431897913,14.215122652072752,301,0.602,45927.0,2.3923633101818675e-07,True,True,0.00015789597847200326,2.1929997010000454e-06,True,True
SIFT_sf10,lsh,0.3,500,-1.186456056912613,-1.153575890372772,6.8384017596423,272,0.544,49604.0,5.616556147633371e-05,True,True,0.037069270574380246,0.0003943539422806409,True,True
SIFT_sf10,lsh,0.5,500,-0.5493240249095497,-0.445267143257508,4.704191326863128,271,0.542,54130.0,0.008585377894593571,True,True,1.0,0.03907827179608108,False,True
SIFT_sf10,lsh,all,2470,-0.22137450783528217,-1.5068484723564368,30.09439080699529,1390,0.562753036437247,1241579.0,1.0638172500972282e-15,True,True,7.021193850641706e-13,1.847682592274133e-14,True,True
SIFT_sf10,sobol,0.01,421,18457.462494746964,-11.287133203611962,378354.1375292281,250,0.5938242280285035,29434.0,2.0072575540702423e-09,True,True,1.32478998568636e-06,2.24540675540061e-08,True,True
SIFT_sf10,sobol,0.05,500,-8.433157137834671,-8.427369662745821,23.813697231873665,334,0.668,33313.0,1.2078900103310052e-19,True,True,7.972074068184635e-17,2.2777354480527527e-18,True,True
SIFT_sf10,sobol,0.1,500,-6.601821925341362,-6.056138213875936,15.52518203812186,330,0.66,32125.0,3.875532806452693e-21,True,True,2.5578516522587774e-18,8.526172174195925e-20,True,True
SIFT_sf10,sobol,0.3,500,-3.040854276617558,-2.568804813673525,6.890101954579929,330,0.66,32794.0,2.7328493537060546e-20,True,True,1.8036805734459962e-17,5.30494286307646e-19,True,True
SIFT_sf10,sobol,0.5,500,-1.5745793483578527,-1.1077535838037427,4.304943145735254,311,0.622,38384.0,6.403692431540773e-14,True,True,4.22643700481691e-11,9.187906532210673e-13,True,True
SIFT_sf10,sobol,all,2421,3205.603677796116,-3.3413568926182067,157931.5364128125,1555,0.6422965716646014,906577.0,1.876515388751647e-59,True,True,1.238500156576087e-56,1.3761112850845412e-57,True,True
SSN_sf1,hdbscan,0.01,486,15.565958954182113,-0.6711655171159767,70.47079181966993,251,0.5164609053497943,57753.5,0.6473530777987844,False,True,1.0,0.8000993096389469,False,False
SSN_sf1,hdbscan,0.05,500,0.8475505269339758,-0.264361961732276,19.254285192093224,253,0.506,60348.0,0.48115502715292247,False,True,1.0,0.691856901788516,False,False
SSN_sf1,hdbscan,0.1,500,0.4712040706859924,0.13006845407033032,13.29229348809655,246,0.492,61001.0,0.6153690032546134,False,False,1.0,0.7848927457112548,False,False
SSN_sf1,hdbscan,0.3,500,-0.18699011249989902,-0.020541655034331294,6.675922292006034,253,0.506,60299.0,0.47176797227602596,False,True,1.0,0.6828220651363534,False,False
SSN_sf1,hdbscan,0.5,500,-0.008521128971894179,-0.2693620583540852,4.4904533559084525,265,0.53,59998.0,0.4163744880810406,False,True,1.0,0.6412671208329043,False,False
SSN_sf1,hdbscan,all,2486,3.2689773651675758,-0.1807874085456934,33.62810585199504,1268,0.5100563153660499,1502642.5,0.22930495013385255,False,True,1.0,0.46710267619858853,False,False
SSN_sf1,minibatch,0.01,478,11.64390873160199,-0.6582064459867227,61.69285217177197,246,0.5146443514644351,55295.0,0.519658783446861,False,True,1.0,0.714530827239434,False,False
SSN_sf1,minibatch,0.05,500,2.248098744120827,-0.5507705908901737,21.993589655837177,256,0.512,62595.0,0.9925947487498302,False,True,1.0,0.9956117540651793,False,False
SSN_sf1,minibatch,0.1,500,0.8074365453603087,-0.0536498217527574,13.395594198797612,250,0.5,62541.0,0.97926733246896,False,True,1.0,0.9928055905215263,False,False
SSN_sf1,minibatch,0.3,500,-0.3314170247298623,-0.16547656119524126,6.560308978890368,254,0.508,57510.0,0.1135465801831902,False,True,1.0,0.2927372770347872,False,False
SSN_sf1,minibatch,0.5,500,-0.4197822955448526,-0.2281730115715625,4.181820775874394,266,0.532,54882.0,0.016598263379753023,True,True,1.0,0.0676225545101049,False,False
SSN_sf1,minibatch,all,2478,2.711039692618628,-0.2712076968056202,30.003398356883547,1272,0.513317191283293,1479193.0,0.11239372073073406,False,True,1.0,0.29204667591450584,False,False
SSN_sf1,gmm,0.01,475,5.145488157500797,-5.150134735635787,56.53181664571278,261,0.5494736842105263,47938.0,0.0041197828208758575,True,True,1.0,0.019847128918088073,False,True
SSN_sf1,gmm,0.05,500,1.8405073584125433,0.3399970486202447,23.607800825445686,246,0.492,60538.0,0.5184964079320009,False,False,1.0,0.714420937860377,False,False
SSN_sf1,gmm,0.1,500,0.5804476828262215,0.7733105690152507,13.473780116038784,235,0.47,62581.0,0.989139144322032,False,False,1.0,0.9956117540651793,False,False
SSN_sf1,gmm,0.3,500,-0.8074492072802061,-1.0049502884554333,6.50162106845531,288,0.576,51437.0,0.0005376062998464424,True,True,0.354820157898652,0.0031400013973332036,False,True
SSN_sf1,gmm,0.5,500,-0.7398588022659947,-0.7460791680191818,4.490834542080648,293,0.586,48943.0,2.307341636514928e-05,True,True,0.015228454800998523,0.00017707505582556423,True,True
SSN_sf1,gmm,all,2475,1.1640122790542062,-0.7431458258097559,27.92751361162651,1323,0.5345454545454545,1400919.0,0.0002265680236605768,True,True,0.14953489561598068,0.0014517951030677736,False,True
SSN_sf1,hilbert,0.01,479,18.50083112024139,0.7442794180397243,72.02341839606883,234,0.48851774530271397,56211.0,0.6754589290167556,False,False,1.0,0.8164888152949793,False,False
SSN_sf1,hilbert,0.05,500,3.248506862836455,1.5876723237422292,21.183244233878067,231,0.462,57850.0,0.13960490367010991,False,False,1.0,0.3350517688082638,False,False
SSN_sf1,hilbert,0.1,500,0.21847637654868193,-0.4281760658045481,13.61769079068056,255,0.51,58927.0,0.2525956717388239,False,True,1.0,0.48653804668222644,False,False
SSN_sf1,hilbert,0.3,500,0.5257907866566607,0.4931758144910329,6.856385632562887,231,0.462,58662.0,0.22017921432878185,False,False,1.0,0.4541196295531126,False,False
SSN_sf1,hilbert,0.5,500,0.04244370524033259,-0.2728560168923151,4.661535605026954,264,0.528,59791.0,0.3806128035689966,False,True,1.0,0.606774034675212,False,False
SSN_sf1,hilbert,all,2479,4.388667596707015,0.15553833903953737,34.54220014696724,1215,0.4901169826542961,1509010.0,0.4325942216459553,False,False,1.0,0.6510791917074337,False,False
SSN_sf1,faiss_ivf,0.01,478,10.279199232831044,-1.7393684028867593,59.31354594914525,251,0.5251046025104602,53950.5,0.2762246910795485,False,True,1.0,0.5183013509693123,False,False
SSN_sf1,faiss_ivf,0.05,500,3.094324334602246,1.412989148052618,21.516699412277358,233,0.466,58918.0,0.25144287359110085,False,False,1.0,0.48653804668222644,False,False
SSN_sf1,faiss_ivf,0.1,500,1.434585069852878,0.18068205052191808,12.711648344422757,245,0.49,59539.0,0.33971417751922417,False,False,1.0,0.5640065480056553,False,False
SSN_sf1,faiss_ivf,0.3,500,0.28214086702106933,-0.11437489711888713,6.513738887194898,256,0.512,62607.0,0.9955568084245103,False,True,1.0,0.9970675167832728,False,False
SSN_sf1,faiss_ivf,0.5,500,0.03221170071718492,-0.008963173849486965,4.003989851695196,251,0.502,60827.0,0.5780361278174169,False,True,1.0,0.7630076887189903,False,False
SSN_sf1,faiss_ivf,all,2478,2.9600840271952897,0.015199679335793954,28.817202883821565,1236,0.49878934624697335,1523939.5,0.7404152285676795,False,False,1.0,0.8649098245215371,False,False
SSN_sf1,minibatch_partial,0.01,484,7.885225176319901,-1.3607600636077943,56.089216602690556,250,0.5165289256198347,55101.0,0.24435319240705922,False,True,1.0,0.48141225966763906,False,False
SSN_sf1,minibatch_partial,0.05,500,0.3120898865060223,-0.991041171010083,20.541188008785127,266,0.532,57341.0,0.1021044818393617,False,True,1.0,0.27498489296847,False,False
SSN_sf1,minibatch_partial,0.1,500,0.09724836631209394,-0.7945979881174623,14.30477165874469,264,0.528,57610.0,0.12077859291684596,False,True,1.0,0.30541713151386335,False,False
SSN_sf1,minibatch_partial,0.3,500,0.15963306567112492,-0.11795519346238292,6.54096332850901,257,0.514,61614.0,0.7544495090447063,False,True,1.0,0.8726255052828499,False,False
SSN_sf1,minibatch_partial,0.5,500,-0.03509745610063561,-0.18738384149299034,4.68473994741473,259,0.518,59268.0,0.29900444725078,False,True,1.0,0.5411863195725911,False,False
SSN_sf1,minibatch_partial,all,2484,1.6438751676864474,-0.4566241581492541,27.596710478635178,1296,0.5217391304347826,1460043.0,0.020034873633394294,True,True,1.0,0.07824270176355168,False,False
SSN_sf1,reservoir,0.01,486,15.780763046073293,-0.20406544670112564,65.69538338344039,250,0.51440329218107,58702.0,0.8797837847867752,False,True,1.0,0.9380570241668362,False,False
SSN_sf1,reservoir,0.05,500,2.721546274948921,0.26516429990378765,20.692069354437947,247,0.494,59478.0,0.3302541900575209,False,False,1.0,0.5591518033155709,False,False
SSN_sf1,reservoir,0.1,500,1.3704605592234227,0.45571599014593733,13.31823750705722,239,0.478,59406.0,0.319309921386295,False,False,1.0,0.5507651525914844,False,False
SSN_sf1,reservoir,0.3,500,0.07938240742813642,-0.3698284068637324,6.3959434067121625,264,0.528,60071.0,0.42944435242817114,False,True,1.0,0.6510791917074337,False,False
SSN_sf1,reservoir,0.5,500,0.3539494328381727,0.00516380618743734,4.205901048272086,248,0.496,58929.0,0.25285234850303584,False,False,1.0,0.48653804668222644,False,False
SSN_sf1,reservoir,all,2486,3.9952213103825214,-0.03961177276975155,31.810757670566694,1248,0.50201126307321,1516899.0,0.4214885007145921,False,True,1.0,0.6454348270803498,False,False
SSN_sf1,sparse_rp,0.01,486,12.287316401528566,0.039439705349207675,63.009470249599715,241,0.49588477366255146,57700.0,0.6349911694386541,False,False,1.0,0.7937389617983176,False,False
SSN_sf1,sparse_rp,0.05,500,1.4974391119155253,-1.0962724162560649,22.32378197498948,269,0.538,59291.0,0.30232747019847583,False,True,1.0,0.5414435846321699,False,False
SSN_sf1,sparse_rp,0.1,500,0.3710386488837231,0.20258659441934307,13.50569996925222,241,0.482,61106.0,0.6383978246510578,False,False,1.0,0.7949859703201851,False,False
SSN_sf1,sparse_rp,0.3,500,0.2651875140664761,0.012520080529134128,6.543482741743088,249,0.498,62562.0,0.9844497336644971,False,False,1.0,0.9949757842262043,False,False
SSN_sf1,sparse_rp,0.5,500,0.11338554761003661,-0.0522292530077542,4.234684082454488,251,0.502,61717.0,0.7787777606270683,False,True,1.0,0.8814667238084739,False,False
SSN_sf1,sparse_rp,all,2486,2.8540471369190517,-0.04406903029661473,30.775858053136453,1251,0.503218020917136,1518124.0,0.44152742230305553,False,True,1.0,0.6607893395011716,False,False
SSN_sf1,pca1d,0.01,484,13.577038068113843,-0.6164980255810572,64.29943954725513,244,0.5041322314049587,57917.5,0.8031259395024042,False,True,1.0,0.890117854460285,False,False
SSN_sf1,pca1d,0.05,500,3.8764508829732085,1.2592952870946554,21.88620502137654,234,0.468,56912.0,0.07715166682498927,False,False,1.0,0.22531017745350848,False,False
SSN_sf1,pca1d,0.1,500,1.4529560784143258,0.3502144457428852,13.856143339273407,241,0.482,60208.0,0.45460582884677136,False,False,1.0,0.669731801426047,False,False
SSN_sf1,pca1d,0.3,500,0.2919842491426904,-0.004707650411157841,7.102379605930591,250,0.5,62431.0,0.9521407562218422,False,True,1.0,0.9803633371394944,False,False
SSN_sf1,pca1d,0.5,500,0.0712803779294996,-0.04400004793318173,4.600160430964901,254,0.508,60754.0,0.5626971655860311,False,True,1.0,0.748079805040319,False,False
SSN_sf1,pca1d,all,2484,3.7913132927524,0.10816747712607669,31.306030898349814,1223,0.4923510466988728,1512001.5,0.38305446958222034,False,False,1.0,0.60896883208877,False,False
SSN_sf1,lsh,0.01,485,14.434234132721066,-1.2023151432565071,67.17165023858004,247,0.5092783505154639,57656.0,0.6805297903203227,False,True,1.0,0.821114555048287,False,False
SSN_sf1,lsh,0.05,500,2.1165727002160226,0.04004166059483876,20.942520629887404,248,0.496,62499.0,0.9689053733111539,False,False,1.0,0.9898830178397401,False,False
SSN_sf1,lsh,0.1,500,-0.1916185449090542,-1.400733389351044,13.772711428852451,270,0.54,55679.0,0.03164103708222098,True,True,1.0,0.11367466814037033,False,False
SSN_sf1,lsh,0.3,500,-0.04492416449404867,-0.09717101086094389,6.844552826687127,253,0.506,59890.0,0.39747484261684385,False,True,1.0,0.6216431187846373,False,False
SSN_sf1,lsh,0.5,500,-0.03296473622886084,-0.2533317396359962,4.539344328650561,264,0.528,58904.0,0.24965693623681362,False,True,1.0,0.48653804668222644,False,False
SSN_sf1,lsh,all,2485,3.1887871958397374,-0.31929562676357187,32.43467235495847,1282,0.5158953722334004,1481378.0,0.07796944184280953,False,True,1.0,0.226044561288848,False,False
SSN_sf1,sobol,0.01,487,-4.88810186419169,-33.373352709643584,454.00562175095797,360,0.7392197125256673,19476.0,8.239926395989369e-38,True,True,5.438351421352983e-35,3.199030247854696e-36,True,True
SSN_sf1,sobol,0.05,500,-13.21046307972115,-12.494759277421961,26.875582901800293,345,0.69,26372.0,3.412462964075414e-29,True,True,2.252225556289773e-26,8.662405985729897e-28,True,True
SSN_sf1,sobol,0.1,500,-9.897408592498438,-8.207384952543293,18.32116201578372,351,0.702,25729.0,3.5317355712087985e-30,True,True,2.330945476997807e-27,9.323781907991228e-29,True,True
SSN_sf1,sobol,0.3,500,-4.957599542523593,-4.527252444664166,9.448648991960436,345,0.69,27457.0,1.4342523562022604e-27,True,True,9.466065550934918e-25,3.3807376967624705e-26,True,True
SSN_sf1,sobol,0.5,500,-3.532314473886598,-2.879998708780004,6.190206621643773,361,0.722,25092.0,3.591523163172706e-31,True,True,2.3704052876939856e-28,1.030610994649559e-29,True,True
SSN_sf1,sobol,all,2487,-7.309770185836848,-6.429013641492102,201.52940628713017,1762,0.7084841174105347,692372.0,7.880547174708843e-126,True,True,5.201161135307836e-123,1.300290283826959e-123,True,True
SSN_sf10,hdbscan,0.01,486,10.804554119784417,-0.8767318227472366,58.98767681113051,250,0.51440329218107,56907.0,0.4649542159260137,False,True,1.0,0.675510085380048,False,False
SSN_sf10,hdbscan,0.05,500,0.7076365648996334,-1.4240014484267731,20.71626111987425,274,0.548,55599.0,0.029730208967991657,True,True,1.0,0.10840849678936185,False,False
SSN_sf10,hdbscan,0.1,500,0.9058089300919228,0.030178450309557698,13.206809782771264,249,0.498,62594.0,0.9923479144874887,False,False,1.0,0.9956117540651793,False,False
SSN_sf10,hdbscan,0.3,500,0.618572712014302,0.141209472457278,7.247337929387132,247,0.494,59862.0,0.39266069201234177,False,False,1.0,0.6170382303051085,False,False
SSN_sf10,hdbscan,0.5,500,0.40919370124172494,0.08683107186992844,4.436179768999904,246,0.492,57414.0,0.10692902592250245,False,False,1.0,0.2834263337704884,False,False
SSN_sf10,hdbscan,all,2486,2.6434510282940544,-0.20391909798612157,28.850682054237193,1266,0.5092518101367659,1513139.0,0.3634074195096523,False,True,1.0,0.5873228177269612,False,False
SSN_sf10,minibatch,0.01,482,12.373945472408927,-0.5171147906266685,64.35180117678424,247,0.5124481327800829,56387.0,0.5531380570029167,False,True,1.0,0.7450430971876022,False,False
SSN_sf10,minibatch,0.05,500,1.586022046288279,-1.040514385400762,21.384847532637863,258,0.516,60885.0,0.5903617501970242,False,True,1.0,0.7704653480170881,False,False
SSN_sf10,minibatch,0.1,500,0.6623294135599731,0.2800818498328421,14.339581682649781,241,0.482,62252.0,0.9081306609501795,False,False,1.0,0.9528874979763409,False,False
SSN_sf10,minibatch,0.3,500,-0.16344477959076611,-0.47483196053620125,6.87720448451003,273,0.546,57669.0,0.12521162442526151,False,True,1.0,0.3118478193232928,False,False
SSN_sf10,minibatch,0.5,500,0.1495562215625274,0.13085986614393147,4.3423926256143055,242,0.484,60157.0,0.44514343017067926,False,False,1.0,0.6616365471153518,False,False
SSN_sf10,minibatch,all,2482,2.8531318165234127,-0.1104600502368631,31.197420745517892,1261,0.508058017727639,1511747.0,0.41741718585694665,False,True,1.0,0.6412671208329043,False,False
SSN_sf10,gmm,0.01,480,14.132829469712128,-0.4752685207459464,64.23542591309722,243,0.50625,56930.0,0.7950001847510658,False,True,1.0,0.887817465204236,False,False
SSN_sf10,gmm,0.05,500,2.013412686698292,-0.3708947142080421,22.652031502759495,255,0.51,60460.0,0.5029877768829145,False,True,1.0,0.700362727305324,False,False
SSN_sf10,gmm,0.1,500,1.3012274437118712,-0.00565145571473887,14.623745292916613,251,0.502,60414.0,0.4939579026735669,False,True,1.0,0.6985410701385738,False,False
SSN_sf10,gmm,0.3,500,-0.23046692799568533,-0.6814108750543142,6.858958026771759,271,0.542,56130.0,0.04449596846361019,True,True,1.0,0.14831989487870065,False,False
SSN_sf10,gmm,0.5,500,-0.21266919286731353,-0.13038992778431613,4.309459549190634,259,0.518,58425.0,0.193815779326017,False,True,1.0,0.4169005472579446,False,False
SSN_sf10,gmm,all,2480,3.314318608965888,-0.2519323836680291,31.420779026035444,1279,0.5157258064516129,1496276.0,0.23954693309177122,False,True,1.0,0.47571257649316107,False,False
SSN_sf10,hilbert,0.01,475,16.497951054647167,0.29106304048578263,65.22608356055459,233,0.4905263157894737,53569.0,0.3233614772989488,False,False,1.0,0.5528978627391352,False,False
SSN_sf10,hilbert,0.05,500,-0.04986256512277101,-1.0793076807324389,21.164592552025738,275,0.55,55695.0,0.03203558829410437,True,True,1.0,0.11367466814037033,False,False
SSN_sf10,hilbert,0.1,500,-0.22827538855304938,-0.38317393762100005,12.782126305367822,257,0.514,58568.0,0.20943050729266022,False,True,1.0,0.43880677718462147,False,False
SSN_sf10,hilbert,0.3,500,-0.13005648609840428,-0.17433226321291595,6.827017060505722,257,0.514,59035.0,0.26671689043623414,False,True,1.0,0.5087663227974408,False,False
SSN_sf10,hilbert,0.5,500,0.12020626833135728,0.011025422821435104,4.191660208133901,248,0.496,62353.0,0.9329372482473492,False,False,1.0,0.9711965044846221,False,False
SSN_sf10,hilbert,all,2475,3.1080940061559477,-0.2379126995316114,31.55262330805475,1270,0.5131313131313131,1484138.0,0.17803390660337104,False,True,1.0,0.3903733500273252,False,False
SSN_sf10,faiss_ivf,0.01,482,14.012433476396179,-0.5327081265660526,61.99790939849872,248,0.5145228215767634,57667.0,0.8613154675823722,False,True,1.0,0.9273543370381168,False,False
SSN_sf10,faiss_ivf,0.05,500,3.6720166965338192,2.637410625730076,20.99278545804502,221,0.442,55507.0,0.02765621740165921,True,False,1.0,0.10140613047275043,False,False
SSN_sf10,faiss_ivf,0.1,500,1.3165151943493552,0.7190079023380092,12.542756958562341,232,0.464,58774.0,0.23349590415690047,False,False,1.0,0.4727217691520071,False,False
SSN_sf10,faiss_ivf,0.3,500,0.5997018126920837,0.44275056463894025,7.172375362643691,236,0.472,59283.0,0.30116886027339207,False,False,1.0,0.5414435846321699,False,False
SSN_sf10,faiss_ivf,0.5,500,0.023511075511564842,0.10493189214641818,4.4087212967719935,244,0.488,62015.0,0.8503134253186966,False,False,1.0,0.9200112470661307,False,False
SSN_sf10,faiss_ivf,all,2482,3.8516782132016,0.4730192661635176,30.126905584491077,1181,0.475825946817083,1467322.0,0.03987001637701522,True,False,1.0,0.13494467081451306,False,False
SSN_sf10,minibatch_partial,0.01,480,14.790137704591542,1.4310844594986807,59.9301443764271,228,0.475,54141.0,0.23915655906692102,False,False,1.0,0.47571257649316107,False,False
SSN_sf10,minibatch_partial,0.05,500,2.8056956022696045,0.2568300665795662,22.12885411854106,245,0.49,61220.0,0.6638009786389529,False,False,1.0,0.8113123072253869,False,False
SSN_sf10,minibatch_partial,0.1,500,0.6495725717626435,-0.4136436920345573,14.023284087793295,260,0.52,60398.0,0.4908375319824235,False,True,1.0,0.6966726260395689,False,False
SSN_sf10,minibatch_partial,0.3,500,0.009081223186974888,-0.11168246061707404,6.383964954943966,255,0.51,60599.0,0.5307949133143735,False,True,1.0,0.7261415038770596,False,False
SSN_sf10,minibatch_partial,0.5,500,0.2103974629871129,0.013107960410423366,4.318873369643614,250,0.5,61986.0,0.8432873029472833,False,False,1.0,0.9154105591204061,False,False
SSN_sf10,minibatch_partial,all,2480,3.6034836807689956,0.02402093198426882,29.606403488781535,1238,0.4991935483870968,1520038.0,0.6101721691913209,False,False,1.0,0.7848927457112548,False,False
SSN_sf10,reservoir,0.01,477,15.085241642459984,0.3450745125366551,65.50392780364332,230,0.48218029350104824,55276.0,0.5667419352880442,False,False,1.0,0.7511037696588537,False,False
SSN_sf10,reservoir,0.05,500,2.845592525035968,0.1696662657733197,23.20832819050537,242,0.484,60985.0,0.611892132774975,False,False,1.0,0.7848927457112548,False,False
SSN_sf10,reservoir,0.1,500,1.042599306969339,0.11680009331627558,14.332040460521723,247,0.494,62491.0,0.9669322082828237,False,False,1.0,0.9894190038242847,False,False
SSN_sf10,reservoir,0.3,500,0.48956955110193506,0.1887003936769276,6.8208631983244645,241,0.482,59693.0,0.36436107911419946,False,False,1.0,0.5873228177269612,False,False
SSN_sf10,reservoir,0.5,500,0.12450674295272136,0.021524810907416626,4.572652693384052,247,0.494,61411.0,0.7072285532798331,False,False,1.0,0.841028549846288,False,False
SSN_sf10,reservoir,all,2477,3.8138047341475145,0.15071964768051566,31.95720378597459,1207,0.4872830036334275,1501342.0,0.3516002508261177,False,False,1.0,0.5758217507325997,False,False
SSN_sf10,sparse_rp,0.01,478,7.69682923763477,0.0029761124102929927,52.076890593848,238,0.497907949790795,54147.5,0.3060046555408328,False,False,1.0,0.5414435846321699,False,False
SSN_sf10,sparse_rp,0.05,500,0.6313104429125377,-0.39874748029640306,20.537270848356204,267,0.534,56930.0,0.07808812117251113,False,True,1.0,0.226044561288848,False,False
SSN_sf10,sparse_rp,0.1,500,1.1927743440611698,-0.11472341018465754,13.957893628121877,253,0.506,61140.0,0.6459316217551385,False,True,1.0,0.7998402820982954,False,False
SSN_sf10,sparse_rp,0.3,500,0.4032222429802639,0.3593346452367701,6.639104556970864,239,0.478,59749.0,0.3735939756674561,False,False,1.0,0.5984757862634006,False,False
SSN_sf10,sparse_rp,0.5,500,0.28011972013813213,0.19702358411324178,4.157344312386861,237,0.474,59107.0,0.27642738718363324,False,False,1.0,0.5183013509693123,False,False
SSN_sf10,sparse_rp,all,2478,1.9906367032427248,0.007998876995604177,25.842135769728433,1234,0.4979822437449556,1515155.5,0.5633267622803615,False,False,1.0,0.748079805040319,False,False
SSN_sf10,pca1d,0.01,484,17.99578922020751,0.41583659522361166,67.79111609656593,234,0.4834710743801653,55470.5,0.29641519562580776,False,False,1.0,0.5404254947873843,False,False
SSN_sf10,pca1d,0.05,500,1.5549489159786989,-0.02787110990321965,20.76166091644473,251,0.502,60929.0,0.599792176702407,False,True,1.0,0.7770369410382506,False,False
SSN_sf10,pca1d,0.1,500,0.15851119912761197,-0.6497607425128753,13.232811333251876,272,0.544,57545.0,0.1160379643218612,False,True,1.0,0.2956951986580247,False,False
SSN_sf10,pca1d,0.3,500,0.5244815017343668,0.1287649271320337,7.115831813343669,247,0.494,60359.0,0.4832762154757111,False,False,1.0,0.6933963091608029,False,False
SSN_sf10,pca1d,0.5,500,0.2945497219298842,0.2881768745147427,4.335607237822465,232,0.464,58669.0,0.22099520055054322,False,False,1.0,0.45438265533756556,False,False
SSN_sf10,pca1d,all,2484,4.016186655380722,0.04023720078545384,32.847666592899664,1236,0.4975845410628019,1540407.5,0.938071649632072,False,False,1.0,0.9750036043419962,False,False
SSN_sf10,lsh,0.01,484,15.322936293641249,-4.7395677257403905,68.40626632892317,258,0.5330578512396694,56591.0,0.49638751802271386,False,True,1.0,0.6985410701385738,False,False
SSN_sf10,lsh,0.05,500,0.8186947914557589,-0.9897034698425085,22.106919154834614,258,0.516,58194.0,0.17042513510094293,False,True,1.0,0.38107856557398445,False,False
SSN_sf10,lsh,0.1,500,1.133850281507979,0.8470023470814891,15.066278322792455,236,0.472,61027.0,0.6210373546255366,False,False,1.0,0.7867267832108524,False,False
SSN_sf10,lsh,0.3,500,-0.20772074703589644,-0.1528312546737454,6.674718062579906,259,0.518,59772.0,0.3774276421214724,False,True,1.0,0.6031531326880673,False,False
SSN_sf10,lsh,0.5,500,-0.07628301155172917,-0.47023577859459686,4.461971777025694,272,0.544,58416.0,0.19286242108759566,False,True,1.0,0.4169005472579446,False,False
SSN_sf10,lsh,all,2484,3.3214862412682855,-0.32460020930163036,33.22543265133187,1283,0.5165056360708534,1476606.0,0.06254888242223623,False,True,1.0,0.19290776821811173,False,False
SSN_sf10,sobol,0.01,474,-28.229984406476838,-43.00166479156931,71.198420730461,361,0.7616033755274262,15840.0,7.311405236987059e-42,True,True,4.825527456411459e-39,3.711944197239584e-40,True,True
SSN_sf10,sobol,0.05,500,-14.785737865148427,-14.597564565113508,29.32943403283547,354,0.708,24248.0,1.6375047995546526e-32,True,True,1.0807531677060708e-29,5.403765838530354e-31,True,True
SSN_sf10,sobol,0.1,500,-10.678927058344183,-8.574444735265677,21.22581729518019,352,0.704,26396.0,3.711127543417862e-29,True,True,2.449344178655789e-26,9.071645106132551e-28,True,True
SSN_sf10,sobol,0.3,500,-5.996611402298749,-5.469021396836738,9.80564854703938,354,0.708,23462.0,8.685621902907725e-34,True,True,5.732510455919099e-31,3.01711076627321e-32,True,True
SSN_sf10,sobol,0.5,500,-4.098782530673872,-3.17764349384206,6.644348696111305,367,0.734,23031.0,1.6928582537815784e-34,True,True,1.1172864474958418e-31,6.207146930532454e-33,True,True
SSN_sf10,sobol,all,2474,-12.595409069079482,-7.939049484822611,36.55706541081578,1788,0.7227162489894907,629869.0,8.137029035168516e-142,True,True,5.370439163211221e-139,1.7901463877370736e-139,True,True
WIKI_sf1,hdbscan,0.01,484,8.482877586827996,-2.9911454628591327,58.428798923527495,261,0.5392561983471075,54027.0,0.13027014110592863,False,True,1.0,0.3208145266041526,False,False
WIKI_sf1,hdbscan,0.05,500,-1.509674621811084,-2.5478344656379397,18.05421766596437,276,0.552,51159.0,0.0003892163892597826,True,True,0.25688281691145654,0.002335298335558696,False,True
WIKI_sf1,hdbscan,0.1,500,-0.2558853874199273,-0.7076232034862779,11.853670650944444,258,0.516,58556.0,0.2080861683017191,False,True,1.0,0.43855433485084,False,False
WIKI_sf1,hdbscan,0.3,500,-0.2696241113560702,-0.3941707739815998,5.815295796114707,265,0.53,57296.0,0.09921782580707557,False,True,1.0,0.27094015565998647,False,False
WIKI_sf1,hdbscan,0.5,500,-0.22076777277144408,-0.2870522399842371,3.6860229660986126,269,0.538,57337.0,0.10184521335568417,False,True,1.0,0.27498489296847,False,False
WIKI_sf1,hdbscan,all,2484,1.19876682984923,-0.6424205117476303,27.9590618157941,1329,0.535024154589372,1400076.0,6.251143263456673e-05,True,True,0.04125754553881404,0.0004342899530401478,True,True
WIKI_sf1,minibatch,0.01,468,3.0626395000706217,-5.467935870472912,49.70909057718511,254,0.5427350427350427,45926.0,0.0022404514551647866,True,True,1.0,0.0117495299664077,False,True
WIKI_sf1,minibatch,0.05,500,-0.17180867934124563,0.013826612894383514,20.037798675138074,249,0.498,58794.0,0.23593274221465943,False,False,1.0,0.4752350361125268,False,False
WIKI_sf1,minibatch,0.1,500,-0.7620588225333886,-0.6520626310737013,13.288220050781963,265,0.53,55702.0,0.03220952608129121,True,True,1.0,0.11368068028691015,False,False
WIKI_sf1,minibatch,0.3,500,-0.38861232995030687,-0.646167525668284,6.105348448368509,273,0.546,55263.0,0.02274945852156033,True,True,1.0,0.08629104956453919,False,False
WIKI_sf1,minibatch,0.5,500,-0.08415183629792582,0.006361533594464836,3.8582787314987192,250,0.5,60445.0,0.5000337011425957,False,False,1.0,0.6990940033648495,False,False
WIKI_sf1,minibatch,all,2468,0.2957858395346911,-0.5171231767347888,24.456067407895528,1291,0.523095623987034,1390428.0,0.00017332351731675507,True,True,0.11439352142905834,0.0011326091230599836,False,True
WIKI_sf1,gmm,0.01,486,10.423621703721858,1.2016912630514955,54.1054756617686,239,0.49176954732510286,59025.0,0.9625363600213666,False,False,1.0,0.9864503068541957,False,False
WIKI_sf1,gmm,0.05,500,1.0487281883695714,-0.734248896150216,17.3278574647025,263,0.526,60736.0,0.5589453727191527,False,True,1.0,0.748079805040319,False,False
WIKI_sf1,gmm,0.1,500,0.7006349547777602,0.3575084545587167,12.51258408148207,246,0.492,62568.0,0.9859305498241479,False,False,1.0,0.9949757842262043,False,False
WIKI_sf1,gmm,0.3,500,0.11322967255817659,-0.12259343320115706,6.169001509746135,252,0.504,62094.0,0.8695123501184073,False,True,1.0,0.9331515830929303,False,False
WIKI_sf1,gmm,0.5,500,-0.21051780761330438,-0.3045729881379773,3.9621979588333627,270,0.54,57503.0,0.11305339638282835,False,True,1.0,0.2926087906379087,False,False
WIKI_sf1,gmm,all,2486,2.370039280794419,-0.19711678697733903,26.28568358264622,1270,0.5108608205953339,1528536.0,0.6321395607639655,False,True,1.0,0.7937389617983176,False,False
WIKI_sf1,hilbert,0.01,486,13.523569932616152,-0.20518287110252142,64.56430779608895,246,0.5061728395061729,58267.0,0.7705374123047047,False,True,1.0,0.8788126454842392,False,False
WIKI_sf1,hilbert,0.05,500,0.5514444267049627,-0.9365457773510151,19.682519163244223,261,0.522,58029.0,0.15505938713794365,False,True,1.0,0.36034927996846056,False,False
WIKI_sf1,hilbert,0.1,500,0.17614620421591778,-0.4708264132426299,12.751131212221889,257,0.514,59479.0,0.33040788377738284,False,True,1.0,0.5591518033155709,False,False
WIKI_sf1,hilbert,0.3,500,0.11391943613002155,0.09966920472082369,6.294177683419643,244,0.488,61802.0,0.7990202159415573,False,False,1.0,0.8892973735605865,False,False
WIKI_sf1,hilbert,0.5,500,-0.006682604017374579,0.10248898480563767,3.8156981276219697,244,0.488,61684.0,0.7709583662657189,False,False,1.0,0.8788126454842392,False,False
WIKI_sf1,hilbert,all,2486,2.811692968128807,-0.06450998531831639,31.05417598528602,1252,0.503620273531778,1490356.0,0.12224436232057719,False,True,1.0,0.30794381347931654,False,False
WIKI_sf1,faiss_ivf,0.01,490,14.342703139409846,0.0,66.4918569654598,244,0.49795918367346936,59918.0,0.9416598473614847,False,False,1.0,0.9757946269393513,False,False
WIKI_sf1,faiss_ivf,0.05,500,-0.5270343505715741,-1.760646034588924,17.934124188785148,272,0.544,54929.0,0.017268183910642207,True,True,1.0,0.06949391085990157,False,False
WIKI_sf1,faiss_ivf,0.1,500,-0.3959034557437938,-0.2495906377923332,11.95245977341715,256,0.512,57219.0,0.09442984099056058,False,True,1.0,0.26186426493180665,False,False
WIKI_sf1,faiss_ivf,0.3,500,-0.3207775382445811,-0.10699984265593579,6.167943080093215,254,0.508,59696.0,0.36485205343644556,False,True,1.0,0.5873228177269612,False,False
WIKI_sf1,faiss_ivf,0.5,500,-0.025091430422330214,-0.03266364715111559,4.584802895352628,253,0.506,60487.0,0.5083282642071028,False,True,1.0,0.7063087460561849,False,False
WIKI_sf1,faiss_ivf,all,2490,2.567679177036018,-0.2700979781809161,31.767243451264502,1279,0.5136546184738956,1471314.0,0.027025725614926374,True,True,1.0,0.10020774666208655,False,False
WIKI_sf1,minibatch_partial,0.01,469,9.138830135524525,-0.4289957253747033,58.29001241042949,238,0.5074626865671642,52282.0,0.3359853824763567,False,True,1.0,0.5628181533867904,False,False
WIKI_sf1,minibatch_partial,0.05,500,1.359639756869218,-0.6762432150990176,20.43367294868025,257,0.514,60602.0,0.53140355511003,False,True,1.0,0.7261415038770596,False,False
WIKI_sf1,minibatch_partial,0.1,500,0.7671551410139287,-0.15931671791372465,12.755564913158013,253,0.506,61679.0,0.7697756155572297,False,True,1.0,0.8788126454842392,False,False
WIKI_sf1,minibatch_partial,0.3,500,-0.4595833847568833,-0.34422539730429835,6.6422317147404435,258,0.516,55895.0,0.03733412590961299,True,True,1.0,0.12900797434735378,False,False
WIKI_sf1,minibatch_partial,0.5,500,0.032181314098312194,-0.26429829752241063,4.245600364889182,260,0.52,60752.0,0.5622797001197475,False,True,1.0,0.748079805040319,False,False
WIKI_sf1,minibatch_partial,all,2469,2.080116544015103,-0.31611828062673086,28.063868902937113,1266,0.5127582017010935,1464670.0,0.0906642840113395,False,True,1.0,0.25571977541659857,False,False
WIKI_sf1,reservoir,0.01,487,9.175645275215631,0.036301459332956414,58.61278380649344,242,0.49691991786447637,55905.0,0.25876805348036924,False,False,1.0,0.49647359097977817,False,False
WIKI_sf1,reservoir,0.05,500,1.9357476812910406,0.03589672805480859,21.67111135343878,247,0.494,61208.0,0.6611080364292514,False,False,1.0,0.8110247287050296,False,False
WIKI_sf1,reservoir,0.1,500,-0.4944268956222783,-0.5673223452505924,13.487466920412228,256,0.512,56711.0,0.06730354189341366,False,True,1.0,0.20660622162629308,False,False
WIKI_sf1,reservoir,0.3,500,-0.17385852128461773,-0.33339688263184253,6.03836267131154,259,0.518,58826.0,0.2398690059722447,False,True,1.0,0.47571257649316107,False,False
WIKI_sf1,reservoir,0.5,500,-0.08233952535471073,-0.3564629599247736,4.2276213599786265,263,0.526,58736.0,0.22891518750457385,False,True,1.0,0.46710267619858853,False,False
WIKI_sf1,reservoir,all,2487,2.0350223637091793,-0.28225797417426224,28.7714294312573,1267,0.509449135504624,1471616.0,0.03551228121816609,True,True,1.0,0.12335845054731379,False,False
WIKI_sf1,sparse_rp,0.01,487,4.011203813966275,0.0,29.10831271963512,39,0.08008213552361396,57306.0,0.4649295268425383,False,False,1.0,0.675510085380048,False,False
WIKI_sf1,sparse_rp,0.05,500,-0.38889570677258883,0.0,13.398798749243548,141,0.282,56344.5,0.048379232460820064,True,False,1.0,0.15729208583320808,False,False
WIKI_sf1,sparse_rp,0.1,500,-0.06471605990369797,0.0,9.00700055616048,130,0.26,59882.0,0.38851223567173687,False,False,1.0,0.6134403721132687,False,False
WIKI_sf1,sparse_rp,0.3,500,0.25320190435759826,0.0,4.654667970941869,118,0.236,60093.5,0.42622095907995117,False,False,1.0,0.6496670507916115,False,False
WIKI_sf1,sparse_rp,0.5,500,0.1316745049055738,0.0,3.054256027972817,127,0.254,62404.5,0.9447466160821901,False,False,1.0,0.9757946269393513,False,False
WIKI_sf1,sparse_rp,all,2487,0.7716480010836424,0.0,15.071596238860398,555,0.22316043425814233,1520641.5,0.45293406281413096,False,False,1.0,0.6687617034839517,False,False
WIKI_sf1,pca1d,0.01,477,13.734644939671224,-0.4146261301170311,63.80290419772555,247,0.5178197064989518,56035.0,0.7483069264434031,False,True,1.0,0.8695115694588839,False,False
WIKI_sf1,pca1d,0.05,500,1.2781932317684814,-1.3130000908655433,22.324414028692154,263,0.526,57929.0,0.14627281267782571,False,True,1.0,0.3472227775635302,False,False
WIKI_sf1,pca1d,0.1,500,0.4058848604786758,-0.9705006393693165,12.62378230265758,267,0.534,59349.0,0.3108159847954034,False,True,1.0,0.5426945766268948,False,False
WIKI_sf1,pca1d,0.3,500,0.5534238237144913,0.299086739146508,6.5640056055113,242,0.484,59408.0,0.3196106870341493,False,False,1.0,0.5507651525914844,False,False
WIKI_sf1,pca1d,0.5,500,0.4004210004388048,0.202082780757511,4.475396043700804,240,0.48,59183.0,0.28693588235983225,False,False,1.0,0.5319597819030598,False,False
WIKI_sf1,pca1d,all,2477,3.1773867962952758,-0.18947795187328856,30.921200313137792,1259,0.5082761404925313,1493195.0,0.24590684801974938,False,True,1.0,0.4815979812849691,False,False
WIKI_sf1,lsh,0.01,475,8.954717953677223,-6.391177088965201,66.37942157763072,276,0.5810526315789474,48475.0,0.007157320491921372,True,True,1.0,0.033266419187803556,False,True
WIKI_sf1,lsh,0.05,500,-0.5831464934357334,-1.1568244744995253,21.7704418316176,266,0.532,54212.0,0.009247426948375466,True,True,1.0,0.04180343688991649,False,True
WIKI_sf1,lsh,0.1,500,-0.3008784327181338,-0.8037234750300803,14.335499265277619,264,0.528,57655.0,0.12414840905009575,False,True,1.0,0.31155114058198935,False,False
WIKI_sf1,lsh,0.3,500,-0.6139163681437256,-0.5789995923722906,7.297661003009899,274,0.548,54259.0,0.009647102594158977,True,True,1.0,0.04331352185132602,False,True
WIKI_sf1,lsh,0.5,500,-0.6244695250053168,-0.5234056023469329,4.553421172192764,272,0.544,52731.0,0.002206339231402586,True,True,1.0,0.011743418489723443,False,True
WIKI_sf1,lsh,all,2475,1.2898123710485765,-0.9236915100460803,31.80910413762338,1352,0.5462626262626262,1346465.0,1.7996993902140122e-07,True,True,0.0001187801597541248,1.672959996536969e-06,True,True
WIKI_sf1,sobol,0.01,453,-0.6697329067993089,-11.704012072654434,61.10400647587752,272,0.6004415011037527,35711.5,1.7716157997714588e-08,True,True,1.1692664278491628e-05,1.855978456903433e-07,True,True
WIKI_sf1,sobol,0.05,500,-5.284212584888045,-5.9523044989352565,23.56635951376295,314,0.628,41144.0,3.0182704703983973e-11,True,True,1.992058510462942e-08,3.5572473401123967e-10,True,True
WIKI_sf1,sobol,0.1,500,-4.422820029814022,-5.296182895064952,15.541129228521275,322,0.644,38972.0,2.5237268430363285e-13,True,True,1.6656597164039768e-10,3.4701244091749515e-12,True,True
WIKI_sf1,sobol,0.3,500,-2.36346695934315,-1.159916353203331,7.357023503611065,295,0.59,42052.0,1.9558952391236903e-10,True,True,1.2908908578216355e-07,2.2256738927959234e-09,True,True
WIKI_sf1,sobol,0.5,500,-1.6501178022746414,-1.2336293286694713,5.038682206319721,309,0.618,40452.0,6.89744054592374e-12,True,True,4.552310760309668e-09,8.430205111684571e-11,True,True
WIKI_sf1,sobol,all,2453,-2.920382264549538,-2.894451826561405,29.514014332838453,1512,0.616388096208724,1035266.5,7.198183927054164e-41,True,True,4.750801391855748e-38,3.393429565611249e-39,True,True
WIKI_sf10,hdbscan,0.01,479,9.452666560806966,-2.0173524897155195,57.41276288318227,255,0.5323590814196242,52635.5,0.10997731814009853,False,True,1.0,0.2880358332240676,False,False
WIKI_sf10,hdbscan,0.05,500,1.7295321645679864,0.6524657495555647,20.317083016303805,239,0.478,62127.0,0.8775556675838685,False,False,1.0,0.9380570241668362,False,False
WIKI_sf10,hdbscan,0.1,500,-0.05201760138420428,-1.05369297420247,11.933938603911615,269,0.538,57021.0,0.08296502339922003,False,True,1.0,0.2384585148529111,False,False
WIKI_sf10,hdbscan,0.3,500,-0.1306785565506993,-0.24076992017629315,6.231906238066979,257,0.514,58358.0,0.18680109617905327,False,True,1.0,0.40689347682566057,False,False
WIKI_sf10,hdbscan,0.5,500,0.03138202894347555,-0.0951553043931469,3.9153577590697743,259,0.518,61351.0,0.693475246581803,False,True,1.0,0.8306600049800181,False,False
WIKI_sf10,hdbscan,all,2479,2.144790762571527,-0.24889751284159467,27.80441549272508,1279,0.5159338442920532,1461458.5,0.03409701789669868,True,True,1.0,0.11906895138529698,False,False
WIKI_sf10,minibatch,0.01,484,14.186089206234138,1.1277029349851513,60.79077737340198,237,0.4896694214876033,56841.0,0.549187338160415,False,False,1.0,0.7412344441428914,False,False
WIKI_sf10,minibatch,0.05,500,1.9087696242544012,0.3394714920139631,18.982779837118784,245,0.49,60964.0,0.6073419853117217,False,False,1.0,0.7844338753536914,False,False
WIKI_sf10,minibatch,0.1,500,0.3397642811903452,-0.6961923478674682,12.586832595006767,261,0.522,59818.0,0.3851673904776405,False,True,1.0,0.6096174525545389,False,False
WIKI_sf10,minibatch,0.3,500,0.7995053608842033,0.7681925162875474,5.878658104570622,224,0.448,54725.0,0.014523023491658368,True,False,1.0,0.06066579433224382,False,False
WIKI_sf10,minibatch,0.5,500,-0.04888481118715168,-0.014521157128348183,3.8818914885041567,250,0.5,60422.0,0.49552205928873827,False,True,1.0,0.6985410701385738,False,False
WIKI_sf10,minibatch,all,2484,3.3678117565975128,0.23102602769911557,29.38075978181924,1217,0.48993558776167473,1517025.0,0.4643138292071063,False,False,1.0,0.675510085380048,False,False
WIKI_sf10,gmm,0.01,486,12.030365858220403,-0.9012009271710547,58.12233692286302,248,0.5102880658436214,58511.5,0.8315286782125488,False,True,1.0,0.9087617188390901,False,False
WIKI_sf10,gmm,0.05,500,0.3421940916825178,-1.2664405273120865,18.237179234119324,270,0.54,57030.0,0.08346048019851889,False,True,1.0,0.2384585148529111,False,False
WIKI_sf10,gmm,0.1,500,0.568115936461139,-0.09969161594030965,12.055439456599553,251,0.502,62009.0,0.848858749958381,False,True,1.0,0.9199454433046492,False,False
WIKI_sf10,gmm,0.3,500,-0.028709397632952004,-0.058357943346182606,6.0437768433219095,252,0.504,61004.0,0.6160218822400454,False,True,1.0,0.7848927457112548,False,False
WIKI_sf10,gmm,0.5,500,-0.19701759365260724,-0.05559139334181187,4.249607105212598,253,0.506,59333.0,0.30845876942681194,False,True,1.0,0.5414435846321699,False,False
WIKI_sf10,gmm,all,2486,2.489561273340372,-0.2520573415132341,28.101899593898032,1274,0.5124698310539019,1487350.5,0.10323016279310374,False,True,1.0,0.27583768195728126,False,False
WIKI_sf10,hilbert,0.01,489,10.963252169858704,0.0,55.55511738541575,213,0.43558282208588955,59041.5,0.7829013882011332,False,False,1.0,0.8817660686224367,False,False
WIKI_sf10,hilbert,0.05,500,1.7199786188720145,0.01958130187872785,19.89104312837719,238,0.476,62505.0,0.9703853220338059,False,False,1.0,0.9898830178397401,False,False
WIKI_sf10,hilbert,0.1,500,1.4863353049895334,0.38055423635300356,11.577764316111955,238,0.476,58631.5,0.21664907286697344,False,False,1.0,0.44964901915786937,False,False
WIKI_sf10,hilbert,0.3,500,0.4655442645660601,0.19699354377806122,5.903268164051689,241,0.482,59007.0,0.26300472831364885,False,False,1.0,0.5031394802521978,False,False
WIKI_sf10,hilbert,0.5,500,0.3248526804263115,0.11359173430214399,3.7379222211181156,244,0.488,58648.0,0.21855373106533194,False,False,1.0,0.45218013323861783,False,False
WIKI_sf10,hilbert,all,2489,2.9567640600594083,0.0,27.17629994252722,1174,0.47167537163519485,1507781.0,0.24573909984308906,False,False,1.0,0.4815979812849691,False,False
WIKI_sf10,faiss_ivf,0.01,472,9.18343937001048,-1.4321056563280934,54.91095381293395,246,0.5211864406779662,53232.0,0.3838349002256489,False,True,1.0,0.60896883208877,False,False
WIKI_sf10,faiss_ivf,0.05,500,-1.345036759152662,-1.8695806390179712,20.11981732234253,277,0.554,52489.0,0.001713735366223413,True,True,1.0,0.009271027391044693,False,True
WIKI_sf10,faiss_ivf,0.1,500,-0.3407157873259558,-0.8859657446199627,12.709364490118995,266,0.532,57298.0,0.09934472374199503,False,True,1.0,0.27094015565998647,False,False
WIKI_sf10,faiss_ivf,0.3,500,0.048692629619368474,0.20032429507040334,6.034316877901236,241,0.482,62225.0,0.9015133342586283,False,False,1.0,0.9489614044827667,False,False
WIKI_sf10,faiss_ivf,0.5,500,-0.04865221160165561,0.051307648943549694,4.061405641083784,246,0.492,60344.0,0.4803849445667858,False,False,1.0,0.691856901788516,False,False
WIKI_sf10,faiss_ivf,all,2472,1.4125110511385492,-0.30126654226005367,26.748266244447095,1276,0.5161812297734628,1426351.0,0.004066523489082485,True,True,1.0,0.019734599285253236,False,True
WIKI_sf10,minibatch_partial,0.01,461,8.81182217356204,-1.0778255945046409,55.98142481065132,238,0.5162689804772235,50402.0,0.3204455347905377,False,True,1.0,0.5507657629212367,False,False
WIKI_sf10,minibatch_partial,0.05,500,-1.1977700779960312,-3.6045239192659975,23.651791852247396,295,0.59,49108.0,2.891886085464843e-05,True,True,0.019086448164067963,0.00021445447375357263,True,True
WIKI_sf10,minibatch_partial,0.1,500,-0.41532365165856094,-0.9548236799514271,13.817210219030231,270,0.54,56321.0,0.05114063975056821,False,True,1.0,0.1646479133432928,False,False
WIKI_sf10,minibatch_partial,0.3,500,-0.534941208889431,-0.582166996919246,6.613106483941946,274,0.548,55076.0,0.01951892359395473,True,True,1.0,0.0771406561198211,False,False
WIKI_sf10,minibatch_partial,0.5,500,-0.45152564734820205,-0.6358346232152061,4.405785043442287,279,0.558,54092.0,0.008293200079114221,True,True,1.0,0.03801050036260685,False,True
WIKI_sf10,minibatch_partial,all,2461,1.122498874061759,-0.8879159185205133,27.67735077256387,1356,0.550995530272247,1341436.0,8.832341985363237e-07,True,True,0.0005829345710339737,7.877494203161807e-06,True,True
WIKI_sf10,reservoir,0.01,485,9.880211326464504,-0.30405702362796083,60.069942251617476,250,0.5154639175257731,56121.0,0.36345158556354273,False,True,1.0,0.5873228177269612,False,False
WIKI_sf10,reservoir,0.05,500,0.6075948341794721,-0.3872544269753444,20.379270020937323,257,0.514,58038.0,0.15586942856465105,False,True,1.0,0.3609607819391919,False,False
WIKI_sf10,reservoir,0.1,500,0.40845930691346505,-0.33696692691516594,13.153215523181185,257,0.514,60245.0,0.46154105579301596,False,True,1.0,0.675510085380048,False,False
WIKI_sf10,reservoir,0.3,500,0.1454277753177779,-0.017147877661635096,6.4544886037027345,250,0.5,62533.0,0.9772933026647623,False,True,1.0,0.9923285842442202,False,False
WIKI_sf10,reservoir,0.5,500,0.026345950092066937,-0.0493474839258206,4.195481877781078,252,0.504,62206.0,0.8968607683585947,False,True,1.0,0.947814790614515,False,False
WIKI_sf10,reservoir,all,2485,2.1673305539584207,-0.13404991329936944,29.137958203764125,1266,0.509456740442656,1495324.0,0.1698389488918265,False,True,1.0,0.38107856557398445,False,False
WIKI_sf10,sparse_rp,0.01,477,9.838733190966664,-0.9999525000000078,58.7065935570369,251,0.5262054507337526,52850.5,0.16816957225252405,False,True,1.0,0.38107856557398445,False,False
WIKI_sf10,sparse_rp,0.05,500,3.121546828093893,0.45443171295824347,22.94576863208944,239,0.478,59310.0,0.30509103883321875,False,False,1.0,0.5414435846321699,False,False
WIKI_sf10,sparse_rp,0.1,500,1.227742994962615,-0.13345477557266439,13.833341237056194,252,0.504,60979.0,0.6105905513857546,False,True,1.0,0.7848927457112548,False,False
WIKI_sf10,sparse_rp,0.3,500,0.4202751047630195,0.5419180460357604,6.75593712912645,232,0.464,58095.0,0.16107442754717172,False,False,1.0,0.367851633844752,False,False
WIKI_sf10,sparse_rp,0.5,500,-0.014466353755118632,-0.19715652514367368,4.327197052707241,267,0.534,60091.0,0.4330663108478233,False,True,1.0,0.6510791917074337,False,False
WIKI_sf10,sparse_rp,all,2477,2.854511513574204,-5.0264530976954223e-05,28.885828507487908,1241,0.5010092854259185,1530345.5,0.9070605555273712,False,True,1.0,0.9528874979763409,False,False
WIKI_sf10,pca1d,0.01,477,12.031896613544347,0.0,56.877408046184975,224,0.469601677148847,56067.5,0.7564951168182394,False,False,1.0,0.8726255052828499,False,False
WIKI_sf10,pca1d,0.05,500,0.5017204474978014,-0.963818722862535,22.27167329837045,274,0.548,56438.5,0.055627025607825696,False,True,1.0,0.1748277947674522,False,False
WIKI_sf10,pca1d,0.1,500,-0.16548406715876832,-0.8145921842970594,13.904045490307297,268,0.536,57118.0,0.08843225729895629,False,True,1.0,0.25157452507461703,False,False
WIKI_sf10,pca1d,0.3,500,0.3249683478545668,0.30198470183738557,6.308887683210489,234,0.468,59569.0,0.3444297405624196,False,False,1.0,0.5683090719279923,False,False
WIKI_sf10,pca1d,0.5,500,0.2075062211749981,-0.03313011275334051,4.047026428725603,252,0.504,61025.0,0.6206005221922561,False,True,1.0,0.7867267832108524,False,False
WIKI_sf10,pca1d,all,2477,2.4923577550847607,-0.060465353865465435,28.199644680358645,1252,0.5054501412999596,1497013.0,0.29229668372488915,False,True,1.0,0.5373699477950608,False,False
WIKI_sf10,lsh,0.01,473,7.771592066372329,-4.892931898747371,61.14956394853063,263,0.5560253699788583,48536.0,0.011522127080965979,True,True,1.0,0.05003028864103649,False,False
WIKI_sf10,lsh,0.05,500,0.5904703005626933,-0.4887498837259133,19.851570753342386,257,0.514,59530.0,0.3383076190219234,False,True,1.0,0.5638460317032057,False,False
WIKI_sf10,lsh,0.1,500,0.5552698222168326,0.16120061773138844,13.685914903328246,245,0.49,61730.0,0.7818643358577165,False,False,1.0,0.8817660686224367,False,False
WIKI_sf10,lsh,0.3,500,-0.1900224065527937,-0.889059513961723,7.111616837287023,272,0.544,57848.0,0.13943918403754021,False,True,1.0,0.3350517688082638,False,False
WIKI_sf10,lsh,0.5,500,0.02604140299753269,0.11058408440578638,4.536454972362215,243,0.486,61619.0,0.7556250998378842,False,False,1.0,0.8726255052828499,False,False
WIKI_sf10,lsh,all,2473,1.6849343336054363,-0.34954327386977974,29.257147720605026,1280,0.5175899716942984,1438827.0,0.010627459764669582,True,True,1.0,0.04646539162926635,False,True
WIKI_sf10,sobol,0.01,452,2.8511183076314044,-9.972083562336621,67.16588358703818,257,0.5685840707964602,38789.0,8.098378146065956e-06,True,True,0.005344929576403531,6.363011400480394e-05,True,True
WIKI_sf10,sobol,0.05,500,-5.662437935618052,-6.8435330040992,22.241934981537824,323,0.646,37474.0,7.190704785477512e-15,True,True,4.745865158415158e-12,1.1299678948607519e-13,True,True
WIKI_sf10,sobol,0.1,500,-3.8746178056932306,-4.020478322420149,14.813398320280639,302,0.604,41864.0,1.3367861683467218e-10,True,True,8.822788711088364e-08,1.5478576686119937e-09,True,True
WIKI_sf10,sobol,0.3,500,-2.2647494588771324,-1.6876796969741552,7.881665429760816,306,0.612,43433.0,2.8936897659006196e-09,True,True,1.909835245494409e-06,3.183058742490682e-08,True,True
WIKI_sf10,sobol,0.5,500,-1.9131587972328998,-1.5302488874185622,4.882363035898597,337,0.674,34927.0,1.0433416501215503e-17,True,True,6.886054890802232e-15,1.9127930252228421e-16,True,True
WIKI_sf10,sobol,all,2452,-2.2711160373822445,-2.625648489562928,31.662064233062925,1525,0.6219412724306689,1047527.0,1.0654904511383615e-38,True,True,7.032236977513186e-36,4.395148110945741e-37,True,True
YFCC_sf1,hdbscan,0.01,479,15.358589106639785,0.0,66.10783741316612,237,0.49478079331941544,56948.0,0.8606732789711886,False,False,1.0,0.9273543370381168,False,False
YFCC_sf1,hdbscan,0.05,500,0.8803467721975649,0.1760513509513482,17.92678143589519,247,0.494,60750.0,0.5618623843045574,False,False,1.0,0.748079805040319,False,False
YFCC_sf1,hdbscan,0.1,500,0.648988612808712,0.3005270196149007,11.516246287003089,238,0.476,61181.0,0.6550649733621698,False,False,1.0,0.8066098552593882,False,False
YFCC_sf1,hdbscan,0.3,500,0.32378196454670355,0.2971146293052175,5.208553048784364,237,0.474,58480.0,0.19971712522495189,False,False,1.0,0.426580267470771,False,False
YFCC_sf1,hdbscan,0.5,500,-0.07603123640030467,-0.3053272091491255,3.504561009715946,267,0.534,57754.0,0.13181991262129827,False,True,1.0,0.32219079198154205,False,False
YFCC_sf1,hdbscan,all,2479,3.3260618147062497,0.06805214449142961,31.28464120430078,1226,0.4945542557482856,1532391.0,0.8975518850516241,False,False,1.0,0.947814790614515,False,False
YFCC_sf1,minibatch,0.01,483,14.512134406814972,0.8246700532325084,64.29791372301979,240,0.4968944099378882,57491.0,0.7564135841162056,False,False,1.0,0.8726255052828499,False,False
YFCC_sf1,minibatch,0.05,500,0.057322959475382046,-1.1785678417970518,19.949978503827722,269,0.538,56363.0,0.05270819080683088,False,True,1.0,0.1680551011232289,False,False
YFCC_sf1,minibatch,0.1,500,-0.016206204803342103,-0.6371365803158769,11.480344669702996,264,0.528,58561.0,0.20864554718661177,False,True,1.0,0.43855433485084,False,False
YFCC_sf1,minibatch,0.3,500,-0.005637551508690706,-0.2704607144389807,5.406664617910696,262,0.524,60494.0,0.509717673389822,False,True,1.0,0.7067513958766439,False,False
YFCC_sf1,minibatch,0.5,500,0.07242523240055788,0.054050014066513295,3.572990450158245,245,0.49,61900.0,0.8225265082826017,False,False,1.0,0.9020371625266203,False,False
YFCC_sf1,minibatch,all,2483,2.844669003734831,-0.27053148179152214,30.858051438821896,1280,0.5155054369714056,1491753.0,0.1600835659951193,False,True,1.0,0.3676230971740053,False,False
YFCC_sf1,gmm,0.01,480,7.898487445574456,-1.5741213205577227,54.73828917247977,245,0.5104166666666666,53944.5,0.21433821743807613,False,True,1.0,0.4462562255808525,False,False
YFCC_sf1,gmm,0.05,500,1.2154129549476715,-1.2255331459047079,18.994022365931993,267,0.534,60797.0,0.5717086672391087,False,True,1.0,0.7561677763082401,False,False
YFCC_sf1,gmm,0.1,500,-0.7024112846746166,-2.0082073712968325,11.49814420041302,284,0.568,51754.0,0.0007704124282647578,True,True,0.5084722026547401,0.004460282479427545,False,True
YFCC_sf1,gmm,0.3,500,-0.48235981983600584,-0.6349410648004501,5.046553003316505,283,0.566,54515.0,0.012106376235211443,True,True,1.0,0.05154973106606162,False,False
YFCC_sf1,gmm,0.5,500,-0.20239273595942284,-0.215200994450856,3.56047632110339,267,0.534,57542.0,0.11582274775615144,False,True,1.0,0.2956951986580247,False,False
YFCC_sf1,gmm,all,2480,1.4941123109332872,-0.7323428986066847,26.40647038840569,1346,0.542741935483871,1409525.5,0.0003078240077837076,True,True,0.203163845137247,0.0019534985109350674,False,True
YFCC_sf1,hilbert,0.01,481,12.633892254918342,0.33250731711419285,53.612554513533375,227,0.47193347193347196,53918.0,0.18503900533237305,False,False,1.0,0.40438987920319935,False,False
YFCC_sf1,hilbert,0.05,500,1.8953003468629486,-0.42670748709743245,18.95990286174214,254,0.508,62453.0,0.9575626449068999,False,True,1.0,0.9844101956986823,False,False
YFCC_sf1,hilbert,0.1,500,0.28540064370587476,-0.2576137317096945,11.542581433025196,260,0.52,59711.0,0.36731311996112637,False,True,1.0,0.589845886068962,False,False
YFCC_sf1,hilbert,0.3,500,-0.2436221836997721,-0.6388982938240906,5.4157184819549675,273,0.546,56580.0,0.061460252453051825,False,True,1.0,0.19133852178780283,False,False
YFCC_sf1,hilbert,0.5,500,0.13757517200722122,0.22335111210851463,3.321000908449488,230,0.46,60084.0,0.43179661933226965,False,False,1.0,0.6510791917074337,False,False
YFCC_sf1,hilbert,all,2481,2.867484548187771,-0.03861530946711723,26.23281340080801,1244,0.5014107214832729,1533599.0,0.8695276115184123,False,True,1.0,0.9331515830929303,False,False
YFCC_sf1,faiss_ivf,0.01,470,9.059738170590162,-3.2269757985291228,54.964258862381485,246,0.5234042553191489,51881.0,0.24001861813973124,False,True,1.0,0.47571257649316107,False,False
YFCC_sf1,faiss_ivf,0.05,500,-2.04938208283889,-1.9355434277173527,18.105015248222102,274,0.548,50699.0,0.00022460515476766546,True,True,0.1482394021466592,0.0014517951030677736,False,True
YFCC_sf1,faiss_ivf,0.1,500,-1.2209623199598658,-1.576710810047842,12.186436556734481,279,0.558,52747.0,0.0022430920844960156,True,True,1.0,0.0117495299664077,False,True
YFCC_sf1,faiss_ivf,0.3,500,-0.5894185242124345,-0.49253093347664245,5.311418089929791,265,0.53,53899.0,0.0069422232067005984,True,True,1.0,0.03249551288242833,False,True
YFCC_sf1,faiss_ivf,0.5,500,-0.23654563197469053,-0.2553406036358251,3.5118202749038434,269,0.538,55941.0,0.038653178154387145,True,True,1.0,0.13238100617184126,False,False
YFCC_sf1,faiss_ivf,all,2470,0.8947055306414722,-0.806582132984359,26.37300243707143,1333,0.5396761133603238,1353330.0,1.134813400475099e-06,True,True,0.0007489768443135653,9.854958477810069e-06,True,True
YFCC_sf1,minibatch_partial,0.01,482,7.622812636703309,-0.029250493552846393,51.20758226939459,242,0.5020746887966805,55190.5,0.3250480536168908,False,True,1.0,0.554345517796248,False,False
YFCC_sf1,minibatch_partial,0.05,500,-0.20477879897852522,-2.0642061378528935,19.82284176688379,279,0.558,53311.0,0.003957678471208499,True,True,1.0,0.019493043216400073,False,True
YFCC_sf1,minibatch_partial,0.1,500,0.6354280194718345,-0.10900540190848573,12.018927060121959,254,0.508,61870.0,0.8153127202197403,False,True,1.0,0.8994239179488437,False,False
YFCC_sf1,minibatch_partial,0.3,500,-0.11012816288960445,-0.2516333668367181,5.256325713070264,262,0.524,59504.0,0.33426526756021724,False,True,1.0,0.5613615180400595,False,False
YFCC_sf1,minibatch_partial,0.5,500,-0.01791073071654881,-0.10225036392271054,3.268886212802165,259,0.518,60666.0,0.5444716389421886,False,True,1.0,0.7363755772578782,False,False
YFCC_sf1,minibatch_partial,all,2482,1.5412976850663065,-0.2987254374473557,25.18350068609733,1296,0.5221595487510072,1456737.5,0.018696560830704777,True,True,1.0,0.07433572378472983,False,False
YFCC_sf1,reservoir,0.01,472,16.896881052386956,0.2923724177840229,65.8526271958658,229,0.4851694915254237,53565.0,0.4481287013056974,False,False,1.0,0.6631500961026016,False,False
YFCC_sf1,reservoir,0.05,500,-1.0813746560843003,-2.3600163772822045,19.228202107809636,292,0.584,51229.0,0.00042247126949075475,True,True,0.2788310378638981,0.002489562838070519,False,True
YFCC_sf1,reservoir,0.1,500,-1.5193268901497496,-2.832686110416933,13.248756702048578,294,0.588,49288.0,3.6891936946270884e-05,True,True,0.024348678384538785,0.00026756789433559107,True,True
YFCC_sf1,reservoir,0.3,500,-0.8746977590002446,-0.33258368417846595,6.134048352414117,265,0.53,52427.0,0.0016049666242180897,True,True,1.0,0.008754363404825943,False,True
YFCC_sf1,reservoir,0.5,500,-0.8060017410819883,-0.6470745771032806,4.264841763627431,284,0.568,49394.0,4.2521100489942324e-05,True,True,0.028063926323361934,0.00030176264863830037,True,True
YFCC_sf1,reservoir,all,2472,2.36028613817496,-0.8271641003616259,31.615277518548183,1364,0.551779935275081,1333355.0,3.946005784014299e-08,True,True,2.6043638174494374e-05,3.946005784014299e-07,True,True
YFCC_sf1,sparse_rp,0.01,482,12.799451570814592,-0.6647836178504094,63.93473090672145,252,0.5228215767634855,56199.0,0.512782201404623,False,True,1.0,0.7095099642076546,False,False
YFCC_sf1,sparse_rp,0.05,500,3.1201322422068367,0.40386699791939074,23.36894323765822,244,0.488,60912.0,0.596140520261317,False,False,1.0,0.7745132743552544,False,False
YFCC_sf1,sparse_rp,0.1,500,0.5412846919192275,-0.43414892418358114,13.416585129116292,255,0.51,61188.0,0.6566295457039746,False,True,1.0,0.8070307265635442,False,False
YFCC_sf1,sparse_rp,0.3,500,0.38919587497997077,0.2710245698100288,6.453270056593293,241,0.482,61364.0,0.696446759563863,False,False,1.0,0.8327080820872276,False,False
YFCC_sf1,sparse_rp,0.5,500,0.32636977410042706,0.328584446175322,4.103220179066921,225,0.45,56896.0,0.07632696467896777,False,False,1.0,0.22422173336847254,False,False
YFCC_sf1,sparse_rp,all,2482,3.367375885872628,0.15215055300208508,31.215680070110988,1217,0.4903303787268332,1531505.0,0.7967460895153871,False,False,1.0,0.8882642214191815,False,False
YFCC_sf1,pca1d,0.01,477,15.674720908588654,0.21923221548027597,69.02801612693385,234,0.49056603773584906,56622.0,0.8997383473259852,False,False,1.0,0.9486059252957671,False,False
YFCC_sf1,pca1d,0.05,500,1.1956580300866402,-0.2698973429145469,19.974380684682533,255,0.51,60388.0,0.4888926925944319,False,True,1.0,0.6966726260395689,False,False
YFCC_sf1,pca1d,0.1,500,0.9137670890264136,-0.18087575799097616,12.746607774297955,255,0.51,62396.0,0.9435196894916,False,True,1.0,0.9757946269393513,False,False
YFCC_sf1,pca1d,0.3,500,0.36091188940501967,0.033268946206239984,5.95792345471306,246,0.492,60261.0,0.4645582776227518,False,False,1.0,0.675510085380048,False,False
YFCC_sf1,pca1d,0.5,500,0.20036788959248306,0.13997518928974226,3.965139482084459,235,0.47,60098.0,0.4343381598139082,False,False,1.0,0.6515072397208623,False,False
YFCC_sf1,pca1d,all,2477,3.5576077200048717,0.04781704577844174,32.80852850919377,1225,0.49454985870004037,1522461.0,0.7351883831266639,False,False,1.0,0.8633884926398544,False,False
YFCC_sf1,lsh,0.01,182,-72.32924596894122,-74.35427740254345,26.41102350344777,177,0.9725274725274725,28.0,2.0407930232633384e-31,True,True,1.3469233953538034e-28,6.122379069790015e-30,True,True
YFCC_sf1,lsh,0.05,439,-24.058666620932016,-9.157096543438078,45.75214852414558,254,0.5785876993166287,23488.0,1.111976739202314e-20,True,True,7.339046478735273e-18,2.293452024604773e-19,True,True
YFCC_sf1,lsh,0.1,490,-28.281301308687205,-29.64585853704596,31.665403568482375,369,0.753061224489796,11624.0,5.249897044204403e-54,True,True,3.464932049174906e-51,3.464932049174906e-52,True,True
YFCC_sf1,lsh,0.3,500,-18.06612859775021,-15.943308625506583,17.522131835138175,431,0.862,6000.0,1.038118087785877e-68,True,True,6.851579379386789e-66,1.370315875877358e-66,True,True
YFCC_sf1,lsh,0.5,500,-12.487896557620504,-10.578077284487339,12.291599023856955,437,0.874,6158.0,2.44809069038283e-68,True,True,1.6157398556526678e-65,2.3081997937895253e-66,True,True
YFCC_sf1,lsh,all,2111,-25.04051522116463,-18.421631114475044,32.87817574367179,1668,0.7901468498342018,249327.0,1.4796347257947446e-209,True,True,9.765589190245315e-207,4.8827945951226574e-207,True,True
YFCC_sf1,sobol,0.01,457,2.648808515394272,-8.53970106787847,66.32490802254559,271,0.5929978118161926,40493.0,2.801019914531843e-05,True,True,0.018486731435910165,0.00021007649358988824,True,True
YFCC_sf1,sobol,0.05,500,-4.285817128663481,-3.4440718675239017,21.254564471257055,282,0.564,45472.0,1.1162566601633387e-07,True,True,7.367293957078036e-05,1.0677237618953675e-06,True,True
YFCC_sf1,sobol,0.1,500,-4.299408338671268,-3.881362449758287,14.383335827036891,321,0.642,38151.0,3.6855565874283854e-14,True,True,2.4324673477027343e-11,5.405482994894965e-13,True,True
YFCC_sf1,sobol,0.3,500,-2.0860301669758132,-1.7719581461620897,6.291850655386233,313,0.626,39494.0,8.297743693431311e-13,True,True,5.476510837664665e-10,1.0953021675329331e-11,True,True
YFCC_sf1,sobol,0.5,500,-1.150318263645951,-0.8174564254750101,4.430209538601575,294,0.588,44718.0,3.025204332377777e-08,True,True,1.9966348593693328e-05,3.071745937491281e-07,True,True
YFCC_sf1,sobol,all,2457,-1.9130164661957973,-2.140392656009524,31.15432280111033,1481,0.6027676027676028,1094443.0,3.4103601696282965e-32,True,True,2.2508377119546757e-29,1.0718274818831788e-30,True,True
YFCC_sf10,hdbscan,0.01,479,13.436397830080427,0.5430425407396774,63.08238134408882,238,0.4968684759916493,56876.0,0.842050477540028,False,False,1.0,0.9154105591204061,False,False
YFCC_sf10,hdbscan,0.05,500,-0.0796075001181473,-1.122144315910762,16.60833427533327,260,0.52,56752.0,0.0692236539152968,False,True,1.0,0.20947732062336846,False,False
YFCC_sf10,hdbscan,0.1,500,0.16497415462321932,0.0679561746507579,10.68620501525025,248,0.496,61066.0,0.6295821430405129,False,False,1.0,0.7937389617983176,False,False
YFCC_sf10,hdbscan,0.3,500,0.021035860828972575,-0.12262534068160894,5.215894847764332,258,0.516,61580.0,0.7464707018699173,False,True,1.0,0.8695115694588839,False,False
YFCC_sf10,hdbscan,0.5,500,0.09161265389935862,0.17832534057157007,3.0682737443479144,239,0.478,61077.0,0.6320012696765227,False,False,1.0,0.7937389617983176,False,False
YFCC_sf10,hdbscan,all,2479,2.6361606071904906,-0.055387347937928245,29.713727540155407,1243,0.5014118596208148,1499946.0,0.2987718714104881,False,True,1.0,0.5411863195725911,False,False
YFCC_sf10,minibatch,0.01,472,12.463216576446184,-1.2302255926877643,64.83074923736471,246,0.5211864406779662,52842.0,0.3161550037095485,False,True,1.0,0.5491113222323738,False,False
YFCC_sf10,minibatch,0.05,500,0.0432572861717822,-0.2397665229843005,18.20359298122394,252,0.504,59248.0,0.29613475047376236,False,True,1.0,0.5404254947873843,False,False
YFCC_sf10,minibatch,0.1,500,-1.070181078207653,-1.4129316816438564,11.370957626963774,275,0.55,52371.0,0.0015122231341052493,True,True,0.9980672685094646,0.008317227237578871,False,True
YFCC_sf10,minibatch,0.3,500,-0.005003989652939638,0.1515600885822001,5.296237160683741,243,0.486,62472.0,0.9622467748575659,False,False,1.0,0.9864503068541957,False,False
YFCC_sf10,minibatch,0.5,500,-0.12762250511911685,0.03238398713325261,3.2270008442318647,247,0.494,61265.0,0.6739379992612067,False,False,1.0,0.8161451000227458,False,False
YFCC_sf10,minibatch,all,2472,2.1451711491418424,-0.1571267516647386,30.4757161248632,1263,0.5109223300970874,1440891.0,0.013767647956627141,True,True,1.0,0.05787673663295487,False,False
YFCC_sf10,gmm,0.01,484,10.401881430239218,-1.7349510661765577,59.953172344043296,250,0.5165289256198347,55867.0,0.36000350697380223,False,True,1.0,0.5852273758687425,False,False
YFCC_sf10,gmm,0.05,500,0.3792529915870006,-0.7582723046092343,19.755100634513358,265,0.53,57905.0,0.14422183939407165,False,True,1.0,0.3448783115945192,False,False
YFCC_sf10,gmm,0.1,500,0.4115244307579145,-0.10765293080922682,11.3517575329911,254,0.508,60267.0,0.46569255886048766,False,True,1.0,0.675510085380048,False,False
YFCC_sf10,gmm,0.3,500,-0.28190376951876145,-0.27971871357520084,5.238858184871535,261,0.522,57347.0,0.10249436919733881,False,True,1.0,0.27498489296847,False,False
YFCC_sf10,gmm,0.5,500,-0.19680007495221855,-0.0910352971382608,3.596104706255548,259,0.518,58232.0,0.1741203485171886,False,True,1.0,0.3843459198038277,False,False
YFCC_sf10,gmm,all,2484,2.08959235151882,-0.26107478116685984,28.805886381525823,1289,0.5189210950080515,1457676.0,0.016761172356552778,True,True,1.0,0.06786732365229958,False,False
YFCC_sf10,hilbert,0.01,483,8.352175829751154,-0.0033923283595184346,51.587284600553744,242,0.5010351966873706,55581.0,0.3510520549580085,False,True,1.0,0.5758217507325997,False,False
YFCC_sf10,hilbert,0.05,500,1.8703225354065913,-0.33370729792637566,19.02084790049863,258,0.516,62349.0,0.9319534084594459,False,True,1.0,0.9711965044846221,False,False
YFCC_sf10,hilbert,0.1,500,0.009734110663522954,-1.0365463063502094,11.34334670516252,275,0.55,56835.0,0.07324850372525593,False,True,1.0,0.21718870081351638,False,False
YFCC_sf10,hilbert,0.3,500,0.4321353370845856,0.06406085511446508,5.656917412401926,245,0.49,59218.0,0.29186487278249784,False,False,1.0,0.5373699477950608,False,False
YFCC_sf10,hilbert,0.5,500,0.04151706205759764,0.06331352270527973,3.287422168634365,245,0.49,61543.0,0.7378186860410014,False,False,1.0,0.8634048453671294,False,False
YFCC_sf10,hilbert,all,2483,2.0986530198856035,-0.1670123117050086,25.198524138203442,1265,0.5094643576318969,1490082.0,0.14662368175185547,False,True,1.0,0.3472227775635302,False,False
YFCC_sf10,faiss_ivf,0.01,484,17.80327277115008,4.2533519550226435,64.98410515709156,223,0.4607438016528926,53173.0,0.07338345497183962,False,False,1.0,0.21718870081351638,False,False
YFCC_sf10,faiss_ivf,0.05,500,0.7060655273123216,-1.0207885697224903,17.732572294663083,266,0.532,59365.0,0.3131850557094723,False,True,1.0,0.5453882236629334,False,False
YFCC_sf10,faiss_ivf,0.1,500,0.8546530880052038,0.30219593835512726,11.739134540212044,243,0.486,61087.0,0.6342039003995321,False,False,1.0,0.7937389617983176,False,False
YFCC_sf10,faiss_ivf,0.3,500,0.07925315770391822,-0.04497555654991783,5.294866443594519,255,0.51,61243.0,0.6689745818752171,False,True,1.0,0.8142138669043356,False,False
YFCC_sf10,faiss_ivf,0.5,500,-0.02331643989574629,-0.034567703432782065,3.3268646465261904,252,0.504,60932.0,0.60043763625683,False,True,1.0,0.7770369410382506,False,False
YFCC_sf10,faiss_ivf,all,2484,3.7943283767308738,0.03821308456994563,31.134224625142508,1239,0.49879227053140096,1522210.0,0.5573888628920498,False,False,1.0,0.748079805040319,False,False
YFCC_sf10,minibatch_partial,0.01,478,14.229585751546123,-2.0059883401187752,65.26323592286752,249,0.5209205020920502,56045.0,0.6923589627446876,False,True,1.0,0.8306600049800181,False,False
YFCC_sf10,minibatch_partial,0.05,500,-0.10096916321187849,-1.7744771147944576,17.317485242160206,275,0.55,55502.0,0.027547166912827516,True,True,1.0,0.10140613047275043,False,False
YFCC_sf10,minibatch_partial,0.1,500,0.256919734903552,-0.26738484259916007,10.901442080628824,255,0.51,59577.0,0.34569424496452683,False,True,1.0,0.5689730715126875,False,False
YFCC_sf10,minibatch_partial,0.3,500,0.09799690386100145,-0.14986845689067843,5.374198837261234,261,0.522,61540.0,0.7371186079563781,False,True,1.0,0.8634048453671294,False,False
YFCC_sf10,minibatch_partial,0.5,500,-0.07467156588391012,-0.1510191412775545,3.2928141262730346,256,0.512,60654.0,0.5420092584503604,False,True,1.0,0.7360619559202426,False,False
YFCC_sf10,minibatch_partial,all,2478,2.7810249976083252,-0.3550398692843058,30.748254348743544,1296,0.5230024213075061,1453722.0,0.02130118921533041,True,True,1.0,0.08221511626969633,False,False
YFCC_sf10,reservoir,0.01,485,14.753778281054249,-0.06540492999349233,66.79154810590859,243,0.5010309278350515,58825.0,0.9735216333695379,False,True,1.0,0.9915498117652701,False,False
YFCC_sf10,reservoir,0.05,500,1.322864396828964,-0.4660950286414658,20.41553709858054,257,0.514,60632.0,0.5375093708869573,False,True,1.0,0.731720113736107,False,False
YFCC_sf10,reservoir,0.1,500,-0.8107041169121003,-0.7462277709719498,12.147578247521137,262,0.524,54754.0,0.014888175602097941,True,True,1.0,0.061189000860277204,False,False
YFCC_sf10,reservoir,0.3,500,-0.8586639276622996,-1.1666721359169068,6.043543531592215,292,0.584,49079.0,2.779861689720704e-05,True,True,0.018347087152156646,0.00021007649358988824,True,True
YFCC_sf10,reservoir,0.5,500,-0.39442368506879144,-0.38539651178121903,4.003620938206208,269,0.538,54757.0,0.014926407785613076,True,True,1.0,0.061189000860277204,False,False
YFCC_sf10,reservoir,all,2485,2.7304301005650693,-0.507964168199563,32.10138628508161,1323,0.532394366197183,1432590.0,0.0017690484456489841,True,True,1.0,0.00949245507421406,False,True
YFCC_sf10,sparse_rp,0.01,483,12.82142735989959,-0.1347833704603026,60.919310527949335,243,0.5031055900621118,57827.0,0.8409225070551588,False,True,1.0,0.9154105591204061,False,False
YFCC_sf10,sparse_rp,0.05,500,3.0931377014709693,0.3671902729642764,20.557048242747765,237,0.474,59347.0,0.31052068455685533,False,False,1.0,0.5426945766268948,False,False
YFCC_sf10,sparse_rp,0.1,500,1.4206136978411994,0.9398796190202436,12.48911838386865,237,0.474,57389.0,0.10525684557754073,False,False,1.0,0.2801190245208745,False,False
YFCC_sf10,sparse_rp,0.3,500,-0.1606939708513407,-0.6250961547594096,6.665368462029566,267,0.534,57442.0,0.10882678394093688,False,True,1.0,0.28730270960407334,False,False
YFCC_sf10,sparse_rp,0.5,500,-0.09687911712099438,-0.25429554205912774,4.372441461072614,267,0.534,59300.0,0.303634446343118,False,True,1.0,0.5414435846321699,False,False
YFCC_sf10,sparse_rp,all,2483,3.351123065042859,-0.05266472942528265,29.568486353122843,1251,0.5038260169150222,1534348.0,0.8316546639072884,False,True,1.0,0.9087617188390901,False,False
YFCC_sf10,pca1d,0.01,485,8.053211096526267,-0.7953866989345115,56.542024862063045,257,0.5298969072164949,54011.0,0.11136811546824232,False,True,1.0,0.29052551861280607,False,False
YFCC_sf10,pca1d,0.05,500,0.8438269300940141,0.3723477927375709,19.0805442855041,244,0.488,61647.0,0.7622187977656208,False,False,1.0,0.874894620044017,False,False
YFCC_sf10,pca1d,0.1,500,0.41135249181674555,-0.07930122651842839,11.801939897315421,251,0.502,61884.0,0.8186772463527864,False,True,1.0,0.9005449709880651,False,False
YFCC_sf10,pca1d,0.3,500,-0.09835079281043534,-0.13834737389821497,5.64027251942457,255,0.51,58713.0,0.2261739210616216,False,True,1.0,0.46358629782816846,False,False
YFCC_sf10,pca1d,0.5,500,-0.08835496062524432,0.08978988668949117,3.6781716241058082,242,0.484,61117.0,0.6408311957764921,False,False,1.0,0.7950161451362495,False,False
YFCC_sf10,pca1d,all,2485,1.7867381151117823,-0.07320408001818839,27.276533272709457,1249,0.50261569416499,1487211.0,0.10970380410120335,False,True,1.0,0.2880358332240676,False,False
YFCC_sf10,lsh,0.01,154,-71.1595502453121,-72.97297297297297,23.362082013219954,151,0.9805194805194806,18.0,7.201222981089202e-27,True,True,4.752807167518873e-24,1.6388990232823701e-25,True,True
YFCC_sf10,lsh,0.05,402,-29.36653512579406,-35.97289333765822,40.42383213685362,262,0.6517412935323383,13820.0,2.46346778009505e-30,True,True,1.625888734862733e-27,6.774536395261387e-29,True,True
YFCC_sf10,lsh,0.1,484,-26.339094224466287,-27.483933098555944,30.564165647136182,365,0.7541322314049587,12591.0,1.110512018163513e-50,True,True,7.329379319879186e-48,6.663072108981078e-49,True,True
YFCC_sf10,lsh,0.3,500,-17.102387591183557,-14.741306709391985,16.72048303111719,430,0.86,6096.0,1.7488325988593789e-68,True,True,1.15422951524719e-65,1.923715858745317e-66,True,True
YFCC_sf10,lsh,0.5,500,-11.697421043762821,-10.156631971187956,12.454559502886925,422,0.844,7960.0,3.672556507476189e-64,True,True,2.423887294934285e-61,3.029859118667856e-62,True,True
YFCC_sf10,lsh,all,2040,-24.46663910806968,-18.277366681452126,30.245586144189282,1630,0.7990196078431373,204419.0,6.235251797799554e-217,True,True,4.115266186547705e-214,4.115266186547705e-214,True,True
YFCC_sf10,sobol,0.01,441,1.061868849376339,-9.551999468071179,66.27967682096772,267,0.6054421768707483,34259.0,6.520239730409031e-08,True,True,4.30335822206996e-05,6.328467973632295e-07,True,True
YFCC_sf10,sobol,0.05,500,-4.5244056294329775,-4.622781204676754,24.933188934335057,295,0.59,44961.0,4.634454188244833e-08,True,True,3.05873976424159e-05,4.565283230211328e-07,True,True
YFCC_sf10,sobol,0.1,500,-4.026478666967668,-4.160999188661056,14.803164940114048,306,0.612,40129.0,3.4101746654363127e-12,True,True,2.2507152791879662e-09,4.246632602241446e-11,True,True
YFCC_sf10,sobol,0.3,500,-2.393036142538528,-2.2256892236609787,6.800458268834808,339,0.678,35678.0,7.638058084548905e-17,True,True,5.041118335802277e-14,1.3624644150816965e-15,True,True
YFCC_sf10,sobol,0.5,500,-1.7057009509788976,-1.6702853282153356,4.50665890014732,322,0.644,36748.0,1.1880090002282476e-15,True,True,7.840859401506433e-13,2.0104767696170343e-14,True,True
YFCC_sf10,sobol,all,2441,-2.3992324999525074,-2.7063612116393974,31.356688043570767,1529,0.6263826300696436,1033068.0,2.2963457375110118e-39,True,True,1.5155881867572678e-36,1.0103921245048453e-37,True,True
