cell,base,selectivity,n_paired,mean_delta_pct,median_delta_pct,std_delta_pct,n_better,p_better,wilcoxon_stat,wilcoxon_p,significant_05,ensemble_better,bonferroni_p,bh_fdr_q,sig_bonf_05,sig_bh_05
DEEP_sf1,hdbscan,0.01,489,9.780322494700203,-0.6509313035168635,61.90288705265973,262,0.5357873210633947,54220.0,0.06912340171931174,False,True,1.0,0.1441640532737229,False,False
DEEP_sf1,hdbscan,0.05,500,-1.5027937234292517,-2.8515124057890997,17.939505512083386,289,0.578,49884.0,8.089184695362573e-05,True,True,0.05338861898939298,0.0004853510817217544,False,True
DEEP_sf1,hdbscan,0.1,500,-1.082332086639626,-0.7967086486097853,12.264814045103753,266,0.532,53409.0,0.0043555013478698895,True,True,1.0,0.014817684997907872,False,True
DEEP_sf1,hdbscan,0.3,500,-0.3700451038976476,-0.3102678183255765,6.000284095066327,260,0.52,57174.0,0.09171855310750804,False,True,1.0,0.17856709454559086,False,False
DEEP_sf1,hdbscan,0.5,500,-0.393831836674203,-0.5468959452630389,3.9124724313720813,273,0.546,53640.0,0.0054403914164045655,True,True,1.0,0.018413632486292374,False,True
DEEP_sf1,hdbscan,all,2489,1.2487249194809302,-0.7363590314461957,29.597325754406516,1350,0.5423865006026517,1348959.0,2.2702575992743706e-08,True,True,1.4983700155210846e-05,3.7459250388027115e-07,True,True
DEEP_sf1,minibatch,0.01,482,8.700969838845749,-0.13948076923076563,59.03631545283212,255,0.529045643153527,53153.0,0.09892482987887237,False,True,1.0,0.18815673694540566,False,False
DEEP_sf1,minibatch,0.05,500,-0.6360226947866378,-1.7114605307389745,17.158964653909113,272,0.544,54149.0,0.008734889705598579,True,True,1.0,0.02771647695045703,False,True
DEEP_sf1,minibatch,0.1,500,-1.102372522355921,-2.040793130543353,12.390464708590063,291,0.582,50847.0,0.0002686269925081748,True,True,0.17729381505539538,0.0013533879011862243,False,True
DEEP_sf1,minibatch,0.3,500,-0.8296978997527155,-0.4641841118404241,5.984533796398385,276,0.552,52682.0,0.0020971899023631163,True,True,1.0,0.007909401917483752,False,True
DEEP_sf1,minibatch,0.5,500,-0.5924956710691008,-0.5003672016942986,3.930033173423331,272,0.544,51048.0,0.0003414568189779858,True,True,0.22536150052547063,0.0016570698568049312,False,True
DEEP_sf1,minibatch,all,2482,1.0530109058587689,-0.6754968229304117,28.1341829932718,1366,0.5503626107977437,1334974.0,8.328104066998503e-09,True,True,5.496548684219012e-06,1.5268190789497255e-07,True,True
DEEP_sf1,gmm,0.01,483,7.353252378690454,-0.801646692664918,57.13977395342147,261,0.5403726708074534,52204.0,0.04206493317296433,True,True,1.0,0.10095583961511438,False,False
DEEP_sf1,gmm,0.05,500,-0.0811008648224979,-1.4521793199285886,19.88600051897439,264,0.528,54361.0,0.010567878841851189,True,True,1.0,0.03321333350296088,False,True
DEEP_sf1,gmm,0.1,500,-1.4501312817905674,-1.5609718140627815,12.288196182591463,278,0.556,50423.0,0.0001600144610004071,True,True,0.1056095442602687,0.00086565200213335,False,True
DEEP_sf1,gmm,0.3,500,-0.6386618031091289,-0.42262703547745295,5.913323872501881,268,0.536,54778.0,0.015196463397199128,True,True,1.0,0.04398976246557642,False,True
DEEP_sf1,gmm,0.5,500,-0.5393040775629178,-0.39348171210140526,3.9108803637011254,275,0.55,53125.0,0.003292102698654271,True,True,1.0,0.01154221747995294,False,True
DEEP_sf1,gmm,all,2483,0.8848255679681567,-0.6650222179737261,27.668906717339453,1346,0.5420861860652436,1346508.0,4.4973497168518745e-08,True,True,2.9682508131222372e-05,6.746024575277812e-07,True,True
DEEP_sf1,hilbert,0.01,484,13.351201613623614,-0.4326322071454742,66.3647919118102,252,0.5206611570247934,56629.0,0.5042348782709623,False,True,1.0,0.6387620338941172,False,False
DEEP_sf1,hilbert,0.05,500,0.9762279464302059,-1.1074321019656674,20.807854734678614,272,0.544,56398.0,0.05404497695943308,False,True,1.0,0.12091418573974859,False,False
DEEP_sf1,hilbert,0.1,500,-1.0315331555597158,-1.5486260528163682,11.984563617744985,283,0.566,51791.0,0.0008029817792504194,True,True,0.5299679743052769,0.0034191482213243667,False,True
DEEP_sf1,hilbert,0.3,500,-0.5568218352995116,-0.3160300238008966,6.040876982848921,264,0.528,54641.0,0.013509524070269516,True,True,1.0,0.03998334478196359,False,True
DEEP_sf1,hilbert,0.5,500,-0.3309280943076421,-0.44228150446628844,3.888727956233232,274,0.548,55347.0,0.024345748253253467,True,True,1.0,0.06585325347191512,False,False
DEEP_sf1,hilbert,all,2484,2.4116159467091376,-0.6228809321898203,31.84368645766898,1345,0.5414653784219001,1390134.0,1.858652618985809e-05,True,True,0.01226710728530634,0.0001393989464239357,True,True
DEEP_sf1,faiss_ivf,0.01,479,7.074907395795284,-0.26351211237311795,55.5656823045104,247,0.5156576200417536,52842.0,0.1259755139395539,False,True,1.0,0.22716895956313,False,False
DEEP_sf1,faiss_ivf,0.05,500,-0.7551496505809675,-3.253240814145914,18.634052913757827,285,0.57,51441.0,0.0005400830724961729,True,True,0.3564548278474741,0.002458309157568787,False,True
DEEP_sf1,faiss_ivf,0.1,500,-1.6075432333937152,-2.1541688406755144,11.905944352160075,288,0.576,50418.0,0.0001590244029222947,True,True,0.1049561059287145,0.00086565200213335,False,True
DEEP_sf1,faiss_ivf,0.3,500,-0.6148446960896999,-0.4621169645044594,5.8253803018440635,264,0.528,55124.0,0.020307404630839913,True,True,1.0,0.0567918943065862,False,False
DEEP_sf1,faiss_ivf,0.5,500,-0.5455044174193843,-0.4019638041482287,3.8923724563304036,271,0.542,52560.0,0.0018465971775078471,True,True,1.0,0.007085779867181274,False,True
DEEP_sf1,faiss_ivf,all,2479,0.656458105624872,-0.725984641895607,26.741779575103866,1355,0.5465913674868899,1329703.0,6.041170605684917e-09,True,True,3.987172599752045e-06,1.1391921713577271e-07,True,True
DEEP_sf1,minibatch_partial,0.01,482,10.486146040177903,-0.9526603242846525,60.355912484390984,255,0.529045643153527,54600.0,0.23913940457450822,False,True,1.0,0.37668736758753085,False,False
DEEP_sf1,minibatch_partial,0.05,500,-1.3452777210705464,-1.7734837710269582,18.525323539072367,288,0.576,50059.0,0.00010123954056357204,True,True,0.06681809677195755,0.0005760180756203237,False,True
DEEP_sf1,minibatch_partial,0.1,500,-1.5753051690985729,-1.046955300014992,11.747593822516464,270,0.54,50479.0,0.00017150666599615648,True,True,0.11319439955746327,0.0009128580609472844,False,True
DEEP_sf1,minibatch_partial,0.3,500,-0.23576049476868505,-0.09215390404598546,6.107918294469309,259,0.518,57972.0,0.15000318525094838,False,True,1.0,0.2605318480674367,False,False
DEEP_sf1,minibatch_partial,0.5,500,-0.2943163360792261,-0.36391738423793873,3.8445334422324695,270,0.54,56560.0,0.0606062450261471,False,True,1.0,0.13245073416310293,False,False
DEEP_sf1,minibatch_partial,all,2482,1.3412540414412708,-0.5985917626361108,28.90173055907465,1342,0.540692989524577,1365750.0,9.595595006120183e-07,True,True,0.0006333092704039321,9.828139387063738e-06,True,True
DEEP_sf1,reservoir,0.01,482,9.27972596134248,-0.2067413849763638,58.85927726357179,250,0.5186721991701245,53968.0,0.16644788800692156,False,True,1.0,0.2788213352400209,False,False
DEEP_sf1,reservoir,0.05,500,0.15567846107778063,-1.263029716594772,19.545226072244887,278,0.556,54833.0,0.015924242679693393,True,True,1.0,0.04589519724278446,False,True
DEEP_sf1,reservoir,0.1,500,-0.5991341834535852,-0.44658263270424114,12.392210033937996,265,0.53,55239.0,0.02231041657165338,True,True,1.0,0.06119848602033468,False,False
DEEP_sf1,reservoir,0.3,500,0.0011704461022270607,-0.17406164212338138,6.507264407567921,257,0.514,60219.0,0.4566614969804965,False,True,1.0,0.607654411304693,False,False
DEEP_sf1,reservoir,0.5,500,-0.3434401818764201,-0.3720004816107354,4.154828036428736,273,0.546,54476.0,0.011699060261312181,True,True,1.0,0.03608121389002822,False,True
DEEP_sf1,reservoir,all,2482,1.6438215891587742,-0.41802042330184375,28.404335429111292,1323,0.5330378726833199,1409587.0,0.0002406214837626693,True,True,0.15881017928336175,0.0012504738526248956,False,True
DEEP_sf1,sparse_rp,0.01,486,12.87967138543739,0.305921052631566,64.059216526342,235,0.4835390946502058,58047.0,0.716833899880913,False,False,1.0,0.8073555868965914,False,False
DEEP_sf1,sparse_rp,0.05,500,1.7387897104911876,-0.24868748273002966,20.653104729844987,256,0.512,60100.0,0.4347019384286219,False,True,1.0,0.5867142727257474,False,False
DEEP_sf1,sparse_rp,0.1,500,0.8294745600873942,0.10083465613501162,13.442577074818685,247,0.494,61661.0,0.7655221627573916,False,False,1.0,0.8505801808415462,False,False
DEEP_sf1,sparse_rp,0.3,500,0.8997958038730357,0.8550696064797997,6.893879917812178,220,0.44,54553.0,0.012515287237440099,True,False,1.0,0.037717304003244134,False,True
DEEP_sf1,sparse_rp,0.5,500,0.400471369432117,-0.08967447531047476,4.441175826758506,255,0.51,59204.0,0.28988649099158703,False,True,1.0,0.43188506558566014,False,False
DEEP_sf1,sparse_rp,all,2486,3.2959718484571354,0.17700094536164795,30.990278587702768,1213,0.4879324215607401,1524277.0,0.5500341348213673,False,False,1.0,0.6760196070430212,False,False
DEEP_sf1,pca1d,0.01,488,12.541794914600086,-0.1186608829637146,64.07016339060401,247,0.5061475409836066,57565.0,0.5018851079686257,False,True,1.0,0.6381572390815545,False,False
DEEP_sf1,pca1d,0.05,500,1.3355140778149925,-0.06578415287493951,19.890123159109926,253,0.506,60306.0,0.4731027690286266,False,True,1.0,0.6195393403946301,False,False
DEEP_sf1,pca1d,0.1,500,-0.7116436079232471,-0.8640014022686522,12.170258269673743,266,0.532,54623.0,0.01330065823598724,True,True,1.0,0.03972142278620623,False,True
DEEP_sf1,pca1d,0.3,500,-0.1656411833217689,0.016021905294754696,6.193601235529031,248,0.496,59989.0,0.41477954884204593,False,False,1.0,0.5739088097185541,False,False
DEEP_sf1,pca1d,0.5,500,-0.3718912984577239,-0.4859272617824945,4.195309037086142,283,0.566,54546.0,0.012439055025644869,True,True,1.0,0.03765952438956704,False,True
DEEP_sf1,pca1d,all,2488,2.477317086969842,-0.24793108552629822,30.836406919438897,1297,0.5213022508038585,1456366.0,0.010423073301553528,True,True,1.0,0.032914968320695355,False,True
DEEP_sf1,lsh,0.01,475,16.76989973794428,-0.1864978170049082,68.71036263025246,241,0.5073684210526316,56314.0,0.9438010721404059,False,True,1.0,0.9730114661102021,False,False
DEEP_sf1,lsh,0.05,500,1.393004347941188,-0.31646393459466415,19.236196526301498,260,0.52,60076.0,0.4303481880206542,False,True,1.0,0.5844234652132342,False,False
DEEP_sf1,lsh,0.1,500,0.24705317835497914,-0.48369805817830613,13.03481873129476,272,0.544,57988.0,0.15140960413529223,False,True,1.0,0.26228435362019126,False,False
DEEP_sf1,lsh,0.3,500,0.12605919617347822,-0.3970481734733823,6.548964415057839,267,0.534,59949.0,0.4077347537113061,False,True,1.0,0.565392382374602,False,False
DEEP_sf1,lsh,0.5,500,0.030617716258666296,0.010910615796917624,4.04813537499071,246,0.492,62341.0,0.9299860422400454,False,False,1.0,0.9605489638160094,False,False
DEEP_sf1,lsh,all,2475,3.5814422605606833,-0.1864978170049082,32.69067270501893,1286,0.5195959595959596,1473852.0,0.10181247017218065,False,True,1.0,0.1925393418728918,False,False
DEEP_sf1,sobol,0.01,486,10.197387244144414,-0.4337359617770618,60.70127377960478,254,0.522633744855967,55113.0,0.1902429564998982,False,True,1.0,0.31098458901961834,False,False
DEEP_sf1,sobol,0.05,500,-0.134839860470671,-1.4928922813804792,18.201032793010402,271,0.542,55179.0,0.021244905485054685,True,True,1.0,0.05905298972708965,False,False
DEEP_sf1,sobol,0.1,500,-0.3458819414639455,-0.407676675951577,12.536679061564692,258,0.516,56751.0,0.06917629222510806,False,True,1.0,0.1441640532737229,False,False
DEEP_sf1,sobol,0.3,500,-0.2437419327416194,-0.4468439820813381,6.2640650381297345,270,0.54,57269.0,0.09751733303419423,False,True,1.0,0.1865548979784585,False,False
DEEP_sf1,sobol,0.5,500,-0.4288172981813723,-0.3149690797157946,4.046231388783296,264,0.528,53985.0,0.007517693909522828,True,True,1.0,0.02420330722090276,False,True
DEEP_sf1,sobol,all,2486,1.761580725754377,-0.44652380510641015,29.104212044459402,1317,0.5297666934835077,1400226.0,4.833267731283335e-05,True,True,0.03189956702647001,0.0003097045342375729,True,True
DEEP_sf10,hdbscan,0.01,478,11.658581182971606,0.05970222370643413,57.0543504993783,239,0.5,57191.0,0.9869294520764711,False,False,1.0,0.9948425929569533,False,False
DEEP_sf10,hdbscan,0.05,500,0.1171621611037994,-0.5212987019300044,18.658456950978724,265,0.53,56838.0,0.07339749154951472,False,True,1.0,0.14905336745439912,False,False
DEEP_sf10,hdbscan,0.1,500,-0.9934304633085103,-1.2138614342549627,12.709441940651542,272,0.544,52972.0,0.0028228919860370755,True,True,1.0,0.010125590819480813,False,True
DEEP_sf10,hdbscan,0.3,500,-0.7280099574929682,-0.6467892140151704,6.42156288895454,287,0.574,53005.0,0.0029185961792629537,True,True,1.0,0.010412289071965133,False,True
DEEP_sf10,hdbscan,0.5,500,-0.4927580305231784,-0.3351909069233423,4.033480094633304,273,0.546,53851.0,0.006638529358721647,True,True,1.0,0.02179815610326511,False,True
DEEP_sf10,hdbscan,all,2478,1.825780331053268,-0.4960424240222403,27.669567424519983,1336,0.5391444713478611,1405142.0,0.0002459436653587206,True,True,0.1623228191367556,0.001268147024505903,False,True
DEEP_sf10,minibatch,0.01,476,10.955102878976547,-0.856988912444502,57.719408642705964,248,0.5210084033613446,55327.0,0.6324754358072174,False,True,1.0,0.7467509617759633,False,False
DEEP_sf10,minibatch,0.05,500,-0.08873837822206929,-0.4217146250629754,18.964143560628486,258,0.516,57025.0,0.0831849313981689,False,True,1.0,0.16388673051579544,False,False
DEEP_sf10,minibatch,0.1,500,-1.6703681092608773,-2.320666215954851,12.227562963738187,298,0.596,47058.0,1.4643878412079332e-06,True,True,0.000966495975197236,1.4425313062645313e-05,True,True
DEEP_sf10,minibatch,0.3,500,-0.9842459955967019,-0.6032175500237658,5.827117166203933,276,0.552,50185.0,0.00011878482596587402,True,True,0.07839798513747685,0.0006643897045548885,False,True
DEEP_sf10,minibatch,0.5,500,-0.26889575052509734,-0.17024612743052536,4.031735551834785,258,0.516,58056.0,0.15749913893975576,False,True,1.0,0.26791090644391446,False,False
DEEP_sf10,minibatch,all,2476,1.497780635537344,-0.6283553062345941,27.83941118344234,1338,0.5403877221324718,1367696.0,3.2588649429692297e-06,True,True,0.0021508508623596916,2.9065552194049885e-05,True,True
DEEP_sf10,gmm,0.01,487,12.698651578178213,-0.6444427252922179,66.38789095108828,258,0.5297741273100616,55860.0,0.2527106653580148,False,True,1.0,0.3921410248248126,False,False
DEEP_sf10,gmm,0.05,500,0.37676578664071847,-1.3283813922341219,19.802841415877243,268,0.536,57357.0,0.10314681268364283,False,True,1.0,0.19450541820344078,False,False
DEEP_sf10,gmm,0.1,500,-1.102643922469433,-2.104091672422479,12.615718634067186,292,0.584,50902.0,0.00028695654340696964,True,True,0.18939131864859995,0.001434782717034848,False,True
DEEP_sf10,gmm,0.3,500,-0.8521555589223977,-0.7745715953422015,6.296221477132339,281,0.562,51886.0,0.0008925487420731294,True,True,0.5890821697682653,0.003728368163090287,False,True
DEEP_sf10,gmm,0.5,500,-0.3951235854488354,-0.319368218590136,4.109429097831895,265,0.53,55401.0,0.025422441678409135,True,True,1.0,0.06793041096255072,False,False
DEEP_sf10,gmm,all,2487,2.089933525722885,-0.7756217105263109,31.826129822237082,1364,0.5484519501407318,1368908.0,6.685713617035473e-07,True,True,0.0004412570987243412,7.157283317803503e-06,True,True
DEEP_sf10,hilbert,0.01,486,14.646732457243367,0.36372013704560435,62.236638771194336,232,0.4773662551440329,57055.0,0.49464766222718504,False,False,1.0,0.6376317520897307,False,False
DEEP_sf10,hilbert,0.05,500,2.3883560786766966,-0.050374250517490636,21.862616222346013,250,0.5,62531.0,0.9767998164690542,False,True,1.0,0.9887850902907604,False,False
DEEP_sf10,hilbert,0.1,500,0.0018765445052678729,-0.5479376087558263,13.197074796845287,262,0.524,56584.0,0.06163224406810178,False,True,1.0,0.13380684567416834,False,False
DEEP_sf10,hilbert,0.3,500,-0.6714532070691036,-0.7269944613805057,6.21368672587308,278,0.556,52724.0,0.002190434087298083,True,True,1.0,0.008214127827367811,False,True
DEEP_sf10,hilbert,0.5,500,-0.3406689634544559,-0.26809366077074254,4.132865850062803,267,0.534,56178.0,0.046093255240753105,True,True,1.0,0.10636905055558409,False,False
DEEP_sf10,hilbert,all,2486,3.1405338698911827,-0.26910119626621454,30.543889312418823,1289,0.5185036202735318,1474209.0,0.04587415217461733,True,True,1.0,0.10623487872016645,False,False
DEEP_sf10,faiss_ivf,0.01,486,12.472430002854034,0.37748691256128375,58.95919458721716,227,0.4670781893004115,57496.0,0.5888041646055977,False,False,1.0,0.7143579938229677,False,False
DEEP_sf10,faiss_ivf,0.05,500,-0.19175308509288874,-0.692496986986139,18.14394803773146,267,0.534,56769.0,0.07003288562682122,False,True,1.0,0.14489562543480253,False,False
DEEP_sf10,faiss_ivf,0.1,500,-1.498775454282073,-2.045520558245145,11.562048069380914,274,0.548,50999.0,0.00032216884640510525,True,True,0.21263143862736947,0.0015750476935360701,False,True
DEEP_sf10,faiss_ivf,0.3,500,-0.9387422220184958,-1.0324086787737565,6.374127367220642,289,0.578,48870.0,2.086306327257145e-05,True,True,0.013769621759897158,0.0001513145248340347,True,True
DEEP_sf10,faiss_ivf,0.5,500,-0.28304976771740126,-0.20873889352845776,4.15389641149575,261,0.522,57805.0,0.1359127245016647,False,True,1.0,0.23914087824858649,False,False
DEEP_sf10,faiss_ivf,all,2486,1.8525505699242277,-0.39623499682418606,28.49471086600466,1318,0.5301689460981497,1416605.0,0.00031102889358674125,True,True,0.20527906976724922,0.0015434516523853325,False,True
DEEP_sf10,minibatch_partial,0.01,485,9.001613776595846,-0.7209999491194894,59.05927233702274,261,0.5381443298969072,53428.0,0.07493502949738803,False,True,1.0,0.15112270537766895,False,False
DEEP_sf10,minibatch_partial,0.05,500,0.3490896405852275,-0.8019623587066911,18.417145422605806,265,0.53,58264.0,0.17727824511756474,False,True,1.0,0.294719500699226,False,False
DEEP_sf10,minibatch_partial,0.1,500,-1.649211609033115,-1.5563338683123242,11.114981948021365,282,0.564,49834.0,7.58299209854991e-05,True,True,0.050047747850429404,0.0004634050726891611,False,True
DEEP_sf10,minibatch_partial,0.3,500,-0.9110277577965685,-0.5725509101728192,6.327451625182002,279,0.558,51675.0,0.0007049355312060431,True,True,0.46525745059598844,0.0030408983699084214,False,True
DEEP_sf10,minibatch_partial,0.5,500,-0.1884696835401276,-0.019181772700839643,4.2493767253561385,251,0.502,59087.0,0.2737061640449786,False,True,1.0,0.41432584465524286,False,False
DEEP_sf10,minibatch_partial,all,2485,1.2740333910489707,-0.5577598607330844,28.29289165247102,1338,0.538430583501006,1372508.0,1.5388321249562774e-06,True,True,0.001015629202471143,1.4935723565752104e-05,True,True
DEEP_sf10,reservoir,0.01,485,15.478344653949325,0.0696676432291632,63.109974079605,238,0.49072164948453606,56181.0,0.373799712835057,False,False,1.0,0.5291664117025643,False,False
DEEP_sf10,reservoir,0.05,500,1.946408729110651,0.023462881792466927,19.757553943130958,250,0.5,62217.0,0.899553937356465,False,False,1.0,0.9504461785266239,False,False
DEEP_sf10,reservoir,0.1,500,0.961348275092485,0.17696897261286346,13.415952538082415,248,0.496,61883.0,0.8184368115050737,False,False,1.0,0.88989834529382,False,False
DEEP_sf10,reservoir,0.3,500,-0.3835363168474292,-0.4849987425550938,6.534384101036764,271,0.542,56379.0,0.053315824046009985,False,True,1.0,0.11968858459308364,False,False
DEEP_sf10,reservoir,0.5,500,-0.09788082652981984,0.046782117781522706,4.067173129358975,247,0.494,60413.0,0.4937625690265819,False,False,1.0,0.6376317520897307,False,False
DEEP_sf10,reservoir,all,2485,3.5091215644178533,-0.08445985502878721,30.650336883200225,1254,0.5046277665995976,1542234.0,0.9511037476366867,False,True,1.0,0.9747336544102689,False,False
DEEP_sf10,sparse_rp,0.01,484,16.710492720895715,0.30263031249999595,65.83044690493743,235,0.4855371900826446,56407.0,0.4593287487353154,False,False,1.0,0.6099737910770788,False,False
DEEP_sf10,sparse_rp,0.05,500,2.2377030057127385,0.09684565684800038,21.046922438936083,246,0.492,62086.0,0.8675644538257012,False,False,1.0,0.9265251448623995,False,False
DEEP_sf10,sparse_rp,0.1,500,-0.42908698861212036,-0.2644254631758483,11.981214503257375,262,0.524,56694.0,0.06652035717720166,False,True,1.0,0.14175338621167433,False,False
DEEP_sf10,sparse_rp,0.3,500,0.07696678341835729,-0.3442753706696887,6.555748272227611,269,0.538,60999.0,0.6149339196686068,False,True,1.0,0.7339175171451726,False,False
DEEP_sf10,sparse_rp,0.5,500,-0.03447943171577252,-0.0699540458221024,4.4103902196735225,261,0.522,60564.0,0.5237203297528144,False,True,1.0,0.6534128877823393,False,False
DEEP_sf10,sparse_rp,all,2484,3.628595072993208,-0.12676642247416642,31.895354225085292,1273,0.5124798711755234,1523270.0,0.5774772637441289,False,True,1.0,0.7045009132553143,False,False
DEEP_sf10,pca1d,0.01,479,16.38393520294672,0.2966867547925814,64.08499909050538,233,0.48643006263048016,54695.0,0.35818673638712484,False,False,1.0,0.5105901641803507,False,False
DEEP_sf10,pca1d,0.05,500,1.6055956380410685,0.34174079547114283,19.688231837499586,244,0.488,62264.0,0.9110737705607874,False,False,1.0,0.9517887796441092,False,False
DEEP_sf10,pca1d,0.1,500,0.2845098660309435,-0.14674208417352266,12.99307190505655,256,0.512,59453.0,0.3264268921065544,False,True,1.0,0.475588849426768,False,False
DEEP_sf10,pca1d,0.3,500,-0.676668422371954,-0.8244085366466778,6.63960034185912,277,0.554,53113.0,0.003252882924226718,True,True,1.0,0.011480763261976652,False,True
DEEP_sf10,pca1d,0.5,500,-0.27155044684314406,-0.2503967361305142,4.134037088192471,264,0.528,57380.0,0.10465996572345546,False,True,1.0,0.19679651674495896,False,False
DEEP_sf10,pca1d,all,2479,3.3557274222024756,-0.20122395172681387,30.973634693935285,1274,0.5139169019766034,1498318.0,0.2780333691798601,False,True,1.0,0.41800005389227257,False,False
DEEP_sf10,lsh,0.01,484,15.63957321434044,-0.01023612425516384,63.33233387055813,242,0.5,57421.0,0.6813809018257353,False,True,1.0,0.7807489500086551,False,False
DEEP_sf10,lsh,0.05,500,2.9777146679070547,-0.13823920089283454,22.7289639570922,253,0.506,61211.0,0.6617808626033593,False,True,1.0,0.7693065355239361,False,False
DEEP_sf10,lsh,0.1,500,0.6725593670254366,-0.2816628620821331,13.326520881500432,260,0.52,60007.0,0.4179730406478217,False,True,1.0,0.5757489195746658,False,False
DEEP_sf10,lsh,0.3,500,0.18928271539164385,-0.18225628255889553,7.123734144967893,258,0.516,61654.0,0.7638699436838197,False,True,1.0,0.8501756540157184,False,False
DEEP_sf10,lsh,0.5,500,0.2632217802631311,0.2634853665370507,4.535379361745499,242,0.484,60134.0,0.44091308848313326,False,False,1.0,0.5905146323181848,False,False
DEEP_sf10,lsh,all,2484,3.8731653385806775,-0.05125210945805664,31.14759751979882,1255,0.5052334943639292,1536078.0,0.8424184563305879,False,True,1.0,0.9084904921212221,False,False
DEEP_sf10,sobol,0.01,479,14.7203473546733,0.5301282004379465,63.55068662617476,223,0.46555323590814196,54936.0,0.4012924985528431,False,False,1.0,0.5587617068457309,False,False
DEEP_sf10,sobol,0.05,500,0.46258275098365903,-0.9183917371173247,18.38347356720336,266,0.532,58175.0,0.16859970895693455,False,True,1.0,0.28171090610525773,False,False
DEEP_sf10,sobol,0.1,500,-1.1427231935216355,-1.8425298546560251,12.187182607561551,275,0.55,51620.0,0.0006624454791382365,True,True,0.43721401623123607,0.0029147601082082403,False,True
DEEP_sf10,sobol,0.3,500,-0.5944701517057924,-0.5015563918284387,6.279343617374841,264,0.528,54650.0,0.013615039707523447,True,True,1.0,0.040115741995381586,False,True
DEEP_sf10,sobol,0.5,500,-0.5726361389255912,-0.48419093408048675,3.953070145147651,275,0.55,52963.0,0.0027972928835868767,True,True,1.0,0.010088597285067424,False,True
DEEP_sf10,sobol,all,2479,2.4717317532488225,-0.45021458333334075,30.426905245025875,1303,0.5256151674062122,1428322.0,0.002298796317676679,True,True,1.0,0.008448049995111744,False,True
SIFT_sf1,hdbscan,0.01,469,8.147638786129207,-0.5081594117647101,55.609969889671305,248,0.5287846481876333,50976.0,0.1594743293943549,False,True,1.0,0.2700928079412142,False,False
SIFT_sf1,hdbscan,0.05,500,-0.1668360136151594,-1.3492304208364518,18.804656368984276,272,0.544,55225.0,0.02205772619805623,True,True,1.0,0.060912549333544404,False,False
SIFT_sf1,hdbscan,0.1,500,-1.4608692425819076,-1.5312540779423207,12.298295555361374,269,0.538,51542.0,0.0006062579252316329,True,True,0.40013023065287767,0.002703582639546471,False,True
SIFT_sf1,hdbscan,0.3,500,-1.3547270551891508,-1.1301680143372188,5.731483119827241,301,0.602,45473.0,1.1181519526207015e-07,True,True,7.37980288729663e-05,1.5374589348534647e-06,True,True
SIFT_sf1,hdbscan,0.5,500,-1.2108100749675532,-0.8019504960432933,3.5796092775361803,308,0.616,39716.0,1.3659208755271677e-12,True,True,9.015077778479307e-10,5.3029869285172395e-11,True,True
SIFT_sf1,hdbscan,all,2469,0.6985100840492959,-0.9285721560251002,26.686092668870916,1398,0.5662211421628189,1278246.0,3.5445760429623134e-12,True,True,2.339420188355127e-09,1.2312737833448037e-10,True,True
SIFT_sf1,minibatch,0.01,473,11.198180517915741,-1.05918206862576,70.76077288956762,263,0.5560253699788583,48613.0,0.01239959394177464,True,True,1.0,0.03765952438956704,False,True
SIFT_sf1,minibatch,0.05,500,0.01880342886548817,-0.38921177791285044,19.823112556774834,256,0.512,57169.0,0.0914211999177171,False,True,1.0,0.1785147690700985,False,False
SIFT_sf1,minibatch,0.1,500,-1.8189592735239968,-1.937821245617765,11.254549727667387,287,0.574,48545.0,1.3246380449894946e-05,True,True,0.008742611096930664,0.00010285424819918428,True,True
SIFT_sf1,minibatch,0.3,500,-1.4785079794390876,-1.018417496482413,5.596154802564237,295,0.59,44061.0,9.288692945198792e-09,True,True,6.130537343831203e-06,1.656901984819244e-07,True,True
SIFT_sf1,minibatch,0.5,500,-1.127757106548237,-0.9396502638311757,3.9144321664881434,303,0.606,42389.0,3.8373202339509017e-10,True,True,2.532631354407595e-07,8.73321156692274e-09,True,True
SIFT_sf1,minibatch,all,2473,1.2509215202795096,-1.0193595359882068,33.10529111821823,1404,0.5677315002021835,1261439.0,4.3576685719049984e-14,True,True,2.876061257457299e-11,2.241853732792256e-12,True,True
SIFT_sf1,gmm,0.01,474,9.720402416822886,-0.9144367249313168,64.51336761638747,259,0.5464135021097046,49728.0,0.02792041076964785,True,True,1.0,0.07226427252552198,False,False
SIFT_sf1,gmm,0.05,500,0.46934668031289434,-0.5143683184466816,19.151826194515298,266,0.532,59102.0,0.27574535833353175,False,True,1.0,0.41550670433819853,False,False
SIFT_sf1,gmm,0.1,500,-1.506061422837079,-1.5223323719141502,12.132894604080937,280,0.56,49936.0,8.649410128435181e-05,True,True,0.057086106847672194,0.0005096973825685018,False,True
SIFT_sf1,gmm,0.3,500,-1.4247660435424323,-0.9898515788841225,5.785423850475565,287,0.574,46090.0,3.128947928350486e-07,True,True,0.00020651056327113207,3.6229923380900365e-06,True,True
SIFT_sf1,gmm,0.5,500,-1.1575440655255766,-0.6796166510521878,3.6901098778373576,299,0.598,42310.0,3.279678824851288e-10,True,True,2.16458802440185e-07,7.730671515720893e-09,True,True
SIFT_sf1,gmm,all,2474,1.1309451575496976,-0.8869759675882324,30.476352132965374,1391,0.5622473726758286,1290046.0,1.2439139642924218e-11,True,True,8.209832164329983e-09,3.9094438877761825e-10,True,True
SIFT_sf1,hilbert,0.01,474,12.533043141960931,-0.6208605051351384,63.66662804370692,249,0.5253164556962026,53704.0,0.38656985960269363,False,True,1.0,0.5416902491247936,False,False
SIFT_sf1,hilbert,0.05,500,0.5760047924373135,-0.6586015139184276,19.49287778693554,265,0.53,58787.0,0.23507781059720634,False,True,1.0,0.37117549041664155,False,False
SIFT_sf1,hilbert,0.1,500,0.01529245214828063,-0.021680277860405547,13.10749892516576,252,0.504,58910.0,0.25042124966196133,False,True,1.0,0.3907281909619255,False,False
SIFT_sf1,hilbert,0.3,500,-1.356261004645018,-1.2860112049471626,5.831484604142164,305,0.61,44398.0,1.7106870244814184e-08,True,True,1.1290534361577362e-05,2.971193253046674e-07,True,True
SIFT_sf1,hilbert,0.5,500,-1.2702113453740926,-0.978065332768211,3.6668023666178784,320,0.64,39182.0,4.086354984574952e-13,True,True,2.6969942898194684e-10,1.6856214311371678e-11,True,True
SIFT_sf1,hilbert,all,2474,1.9899251805063556,-0.8932726676044622,30.407472888518168,1391,0.5622473726758286,1344705.0,1.6339536259493787e-07,True,True,0.000107840939312659,2.114528221816843e-06,True,True
SIFT_sf1,faiss_ivf,0.01,473,10.847851663081292,-0.595292279534227,62.713054651394174,255,0.5391120507399577,51391.0,0.11721488882956262,False,True,1.0,0.21296058286448116,False,False
SIFT_sf1,faiss_ivf,0.05,500,-0.0725190926111539,-0.1481634736705003,18.069751800189998,254,0.508,58633.0,0.216821728410434,False,True,1.0,0.3456578279006919,False,False
SIFT_sf1,faiss_ivf,0.1,500,-1.801658243428561,-1.1713833859320024,12.03918717701317,276,0.552,49964.0,8.966058469030461e-05,True,True,0.059175985895601045,0.0005236812911115137,False,True
SIFT_sf1,faiss_ivf,0.3,500,-1.3896863118891152,-1.3261993002592278,5.8099602179961884,297,0.594,44773.0,3.333429496673154e-08,True,True,2.2000634678042817e-05,5.116426669312283e-07,True,True
SIFT_sf1,faiss_ivf,0.5,500,-1.166638232393189,-0.9140935393196938,3.7147052654303017,300,0.6,40696.0,1.1666963426810824e-11,True,True,7.700195861695144e-09,3.850097930847572e-10,True,True
SIFT_sf1,faiss_ivf,all,2473,1.1790468647296564,-0.8773280066524863,29.658219523598316,1382,0.5588354225636878,1298134.0,7.194751930645919e-11,True,True,4.7485362742263066e-08,1.9785567809276276e-09,True,True
SIFT_sf1,minibatch_partial,0.01,472,6.264391612364838,-0.5245258853835536,58.93301808491152,252,0.5338983050847458,47718.0,0.0063218463224569725,True,True,1.0,0.021072821074856578,False,True
SIFT_sf1,minibatch_partial,0.05,500,1.4931346535034318,-0.3180676315270747,24.102221424354287,261,0.522,59063.0,0.2704649395441344,False,True,1.0,0.41225602794256055,False,False
SIFT_sf1,minibatch_partial,0.1,500,-1.0773686092339172,-1.3448102617918667,12.660005449788361,278,0.556,51764.0,0.000779091854556347,True,True,0.514200624007189,0.003338965090955773,False,True
SIFT_sf1,minibatch_partial,0.3,500,-1.2955177273387217,-1.4451315520752943,5.643859144514318,308,0.616,44618.0,2.5341335035615905e-08,True,True,1.6725281123506496e-05,4.0177230744447104e-07,True,True
SIFT_sf1,minibatch_partial,0.5,500,-0.9789518761093218,-0.8289565636044884,3.8587024423792533,302,0.604,44623.0,2.5567328655557247e-08,True,True,1.6874436912667783e-05,4.0177230744447104e-07,True,True
SIFT_sf1,minibatch_partial,all,2472,0.820162241685655,-0.934885340592245,28.81943835688406,1401,0.566747572815534,1290300.0,1.9950065565224318e-11,True,True,1.3167043273048049e-08,5.724801423064369e-10,True,True
SIFT_sf1,reservoir,0.01,467,12.22059354173926,-0.28133038880522665,70.98281465095384,241,0.5160599571734475,51637.0,0.30357568145627034,False,True,1.0,0.44623596828761347,False,False
SIFT_sf1,reservoir,0.05,500,1.2847779541148665,0.08774395732009636,20.395362854228544,249,0.498,61772.0,0.7918596174801632,False,False,1.0,0.868151740094531,False,False
SIFT_sf1,reservoir,0.1,500,-0.30377836344341713,-0.7803357342047947,13.163676544832205,266,0.532,56935.0,0.07834988336896893,False,True,1.0,0.15612203150783382,False,False
SIFT_sf1,reservoir,0.3,500,-1.1411976339060375,-1.2229177049523212,5.8237561030920775,288,0.576,47794.0,4.4679449615982585e-06,True,True,0.0029488436746548507,3.73271351222133e-05,True,True
SIFT_sf1,reservoir,0.5,500,-1.1426301019139504,-0.734794204598016,3.845428988258395,300,0.6,43097.0,1.527182472091407e-09,True,True,1.0079404315803287e-06,3.0543649441828144e-08,True,True
SIFT_sf1,reservoir,all,2467,2.049291897615714,-0.6385501792114634,33.287291584852404,1344,0.5447912444264289,1364027.0,7.873986419728006e-06,True,True,0.005196831037020485,6.337598825634737e-05,True,True
SIFT_sf1,sparse_rp,0.01,477,9.505377790774702,-0.2800454509119822,61.045672657329604,246,0.5157232704402516,52121.0,0.10516810337837282,False,True,1.0,0.19719019383444902,False,False
SIFT_sf1,sparse_rp,0.05,500,1.9038352578112459,-0.25322727741452644,20.70770643911726,257,0.514,62501.0,0.9693986947860732,False,True,1.0,0.9828005200596134,False,False
SIFT_sf1,sparse_rp,0.1,500,0.9219369906280815,-0.25699442816438023,14.554362283013383,262,0.524,61637.0,0.759861895793903,False,True,1.0,0.8471433297702297,False,False
SIFT_sf1,sparse_rp,0.3,500,0.5272007420403845,0.6763020568684659,6.483672300029318,227,0.454,59482.0,0.3308692426498444,False,False,1.0,0.47888969330898534,False,False
SIFT_sf1,sparse_rp,0.5,500,0.07275840525373108,-0.016476313773633348,4.2271377277352915,251,0.502,62583.0,0.9896327911356656,False,True,1.0,0.9948425929569533,False,False
SIFT_sf1,sparse_rp,all,2477,2.5219745272774543,-0.012039432565796229,29.513419081341873,1243,0.5018167137666532,1508475.0,0.4647086952196361,False,True,1.0,0.6158789936645779,False,False
SIFT_sf1,pca1d,0.01,470,13.269709188520721,-0.4838613707462128,67.72392752243262,246,0.5234042553191489,52245.0,0.29308072625143056,False,True,1.0,0.4337069043182605,False,False
SIFT_sf1,pca1d,0.05,500,1.3281559270478105,-0.41959245847460525,21.663038990314224,269,0.538,57855.0,0.1400198659305683,False,True,1.0,0.24512761674847502,False,False
SIFT_sf1,pca1d,0.1,500,-0.5812393667120925,-0.7035605996720462,13.33625474384474,273,0.546,55074.0,0.019486658752715835,True,True,1.0,0.054962370840993376,False,False
SIFT_sf1,pca1d,0.3,500,-0.8837104582725938,-0.7577674254404367,6.28273643848145,281,0.562,51222.0,0.0004190301039558099,True,True,0.27655986861083454,0.0019754276329345326,False,True
SIFT_sf1,pca1d,0.5,500,-0.6933666304911555,-0.6422523648970739,4.193285636711366,289,0.578,49760.0,6.888489370574695e-05,True,True,0.04546402984579299,0.0004289059419414433,True,True
SIFT_sf1,pca1d,all,2470,2.3569567021824787,-0.6054382268389658,32.30979410573687,1358,0.5497975708502024,1356188.0,1.7008172720831141e-06,True,True,0.0011225393995748553,1.626868695036022e-05,True,True
SIFT_sf1,lsh,0.01,479,12.305479270776743,-0.3929456790024052,62.38503992909921,251,0.524008350730689,54850.0,0.385565038771858,False,True,1.0,0.5416902491247936,False,False
SIFT_sf1,lsh,0.05,500,1.899101573456808,0.1466509039511559,20.976444782761803,244,0.488,61911.0,0.8251753617343186,False,False,1.0,0.894278717150493,False,False
SIFT_sf1,lsh,0.1,500,0.7234597765015888,-0.11345973837190358,13.880305402219774,259,0.518,60990.0,0.6129777209250175,False,True,1.0,0.73290814458426,False,False
SIFT_sf1,lsh,0.3,500,0.2838564325889772,0.07158918442605107,6.58092093908013,246,0.492,61890.0,0.8201202127883888,False,False,1.0,0.8902620730926588,False,False
SIFT_sf1,lsh,0.5,500,0.2670297154074776,0.005450951409704464,4.471790699859303,248,0.496,60156.0,0.44495902240540486,False,False,1.0,0.5944796655618769,False,False
SIFT_sf1,lsh,all,2479,3.0177685839772024,-0.029692593735057442,30.22241050347932,1248,0.5034288019362646,1521455.0,0.6631355587582377,False,True,1.0,0.7693065355239361,False,False
SIFT_sf1,sobol,0.01,477,1264.701261315564,-0.07547265677514207,27386.798102657704,241,0.5052410901467506,54508.0,0.4077678394095614,False,True,1.0,0.565392382374602,False,False
SIFT_sf1,sobol,0.05,500,0.10920164460240721,-0.25763698554422076,19.269527342676103,254,0.508,57558.0,0.11697420319913023,False,True,1.0,0.21296058286448116,False,False
SIFT_sf1,sobol,0.1,500,-0.7217328826958589,-0.8480761562226267,12.288498757270382,263,0.526,55642.0,0.030744568462911286,True,True,1.0,0.07804390455969788,False,False
SIFT_sf1,sobol,0.3,500,-1.2071208928303967,-1.073795584401329,5.545895033913014,290,0.58,46675.0,8.034581668667285e-07,True,True,0.0005302823901320408,8.41718079574668e-06,True,True
SIFT_sf1,sobol,0.5,500,-1.114468994805666,-0.8707590179786218,3.7076284713548153,308,0.616,41849.0,1.2966193118675368e-10,True,True,8.557687458325743e-08,3.291418253202209e-09,True,True
SIFT_sf1,sobol,all,2477,242.95334722836458,-0.6579079675858358,12028.504271512511,1356,0.5474364150181671,1361929.0,1.2485899578437165e-06,True,True,0.0008240693721768529,1.2485899578437166e-05,True,True
SIFT_sf10,hdbscan,0.01,479,8.937346843025985,-1.0354917434945634,56.3432430963684,250,0.5219206680584552,53969.0,0.24672235071820237,False,True,1.0,0.3867856329549016,False,False
SIFT_sf10,hdbscan,0.05,500,-1.4038285480640567,-1.9965539541745365,19.026990482640343,281,0.562,52883.0,0.0025788918291718027,True,True,1.0,0.00940369396272591,False,True
SIFT_sf10,hdbscan,0.1,500,-2.319870308166994,-1.5397058420996967,12.840187042067281,290,0.58,48310.0,9.480364625097252e-06,True,True,0.006257040652564186,7.538603195860465e-05,True,True
SIFT_sf10,hdbscan,0.3,500,-2.1612361302124374,-1.6830953192264473,5.791114044119295,331,0.662,36245.0,3.314292738239383e-16,True,True,2.1874332072379926e-13,5.4685830180949815e-14,True,True
SIFT_sf10,hdbscan,0.5,500,-1.5904523535047284,-1.255737011825641,4.0392780317982035,314,0.628,36641.0,9.072935511466404e-16,True,True,5.988137437567827e-13,9.980229062613045e-14,True,True
SIFT_sf10,hdbscan,all,2479,0.2191591237738358,-1.4103490677729065,27.350441397631126,1466,0.591367486889875,1229940.0,7.013392768314095e-18,True,True,4.628839227087302e-15,1.5429464090291008e-15,True,True
SIFT_sf10,minibatch,0.01,481,10.306100145054426,-0.3820058593750115,68.1143557232836,256,0.5322245322245323,50424.0,0.013475000840154936,True,True,1.0,0.03998334478196359,False,True
SIFT_sf10,minibatch,0.05,500,-2.0363932845150923,-2.7439259128413966,19.24166495143036,284,0.568,50646.0,0.00021055924153641373,True,True,0.13896909941403307,0.0011029293604288338,False,True
SIFT_sf10,minibatch,0.1,500,-2.6923677805828965,-2.3811326722095476,12.758858949100471,300,0.6,45625.0,1.4455059990056917e-07,True,True,9.540339593437565e-05,1.9080679186875132e-06,True,True
SIFT_sf10,minibatch,0.3,500,-2.0490360784396837,-1.7046896426954752,5.849009886020243,316,0.632,38087.0,3.1638181397630815e-14,True,True,2.0881199722436338e-11,1.8982908838578487e-12,True,True
SIFT_sf10,minibatch,0.5,500,-1.3932807339015736,-1.0716996009665272,3.9270584702901488,314,0.628,39039.0,2.944508188262379e-13,True,True,1.94337540425317e-10,1.2955836028354467e-11,True,True
SIFT_sf10,minibatch,all,2481,0.3513483398031255,-1.4373472487001693,32.26323646929561,1470,0.592503022974607,1196503.0,7.19878229080718e-22,True,True,4.751196311932739e-19,3.820573875303972e-19,True,True
SIFT_sf10,gmm,0.01,477,9.11128505602651,-0.946956385490619,63.427310368274725,256,0.5366876310272537,50243.0,0.024846279556683046,True,True,1.0,0.06666075003012525,False,False
SIFT_sf10,gmm,0.05,500,-0.37088994795911207,-1.8898541098426749,19.478304180216167,280,0.56,56605.0,0.06254174900362745,False,True,1.0,0.13517615267779232,False,False
SIFT_sf10,gmm,0.1,500,-0.8950627457407829,-1.003318807561706,14.176264639595429,267,0.534,54392.0,0.010862807665701663,True,True,1.0,0.033818174808316497,False,True
SIFT_sf10,gmm,0.3,500,-1.4194167402748064,-1.1925635085079613,6.2158547778032265,294,0.588,46201.0,3.751188829994628e-07,True,True,0.0002475784627796454,4.196245131858397e-06,True,True
SIFT_sf10,gmm,0.5,500,-1.0684040278221942,-0.9428432012081611,4.011914871805671,314,0.628,42904.0,1.0528999466160222e-09,True,True,6.949139647665747e-07,2.2416579508599186e-08,True,True
SIFT_sf10,gmm,all,2477,0.996849511839401,-1.0817241834847795,30.310719746177764,1411,0.5696406943883731,1302831.0,7.620860267699635e-11,True,True,5.0297677766817595e-08,2.011907110672704e-09,True,True
SIFT_sf10,hilbert,0.01,473,9.38816002676646,-0.33330477204954206,60.875654322693656,243,0.5137420718816068,51394.0,0.11745098812525931,False,True,1.0,0.21296058286448116,False,False
SIFT_sf10,hilbert,0.05,500,-1.149598520540214,-0.5174316055406813,19.23163121171507,270,0.54,53819.0,0.0064427580912742675,True,True,1.0,0.021367941408246313,False,True
SIFT_sf10,hilbert,0.1,500,-2.218973742088672,-1.382639554817337,12.769609172956926,287,0.574,48457.0,1.169379372081226e-05,True,True,0.007717903855736092,9.187980780638205e-05,True,True
SIFT_sf10,hilbert,0.3,500,-1.81980137769608,-1.6277408515730654,5.828192423885962,307,0.614,40844.0,1.6004203001421535e-11,True,True,1.0562773980938213e-08,4.80126090042646e-10,True,True
SIFT_sf10,hilbert,0.5,500,-1.4270904557968433,-0.9663925704885011,3.8092663051114872,330,0.66,37066.0,2.6301742783901218e-15,True,True,1.7359150237374803e-12,2.1698937796718504e-13,True,True
SIFT_sf10,hilbert,all,2473,0.4580944782044608,-1.0180048574762792,29.07476183698201,1437,0.5810756166599272,1245869.0,1.3682427299362962e-15,True,True,9.030402017579555e-13,1.2900574310827936e-13,True,True
SIFT_sf10,faiss_ivf,0.01,477,10.780622930520888,-0.16016478642937385,63.90655337252897,247,0.5178197064989518,53009.0,0.18500942001890075,False,True,1.0,0.30526554303118625,False,False
SIFT_sf10,faiss_ivf,0.05,500,-1.1177978040379317,-1.3949176858401697,20.613604436077463,273,0.546,53226.0,0.0036396674445654843,True,True,1.0,0.012643055333753787,False,True
SIFT_sf10,faiss_ivf,0.1,500,-2.305304692041745,-1.7487845038028933,12.986709409436745,285,0.57,47723.0,4.020864677655879e-06,True,True,0.00265377068725288,3.4464554379907534e-05,True,True
SIFT_sf10,faiss_ivf,0.3,500,-2.180954225850168,-1.7235150561227526,6.014053755155213,313,0.626,38227.0,4.415772503984747e-14,True,True,2.914409852629933e-11,2.241853732792256e-12,True,True
SIFT_sf10,faiss_ivf,0.5,500,-1.3635127877336122,-1.0522396112291235,3.9322836683021967,308,0.616,39780.0,1.5756376828455218e-12,True,True,1.0399208706780443e-09,5.777338170433579e-11,True,True
SIFT_sf10,faiss_ivf,all,2477,0.6695891736078866,-1.091079209101599,30.68068617945768,1426,0.5756964069438837,1246795.0,6.370372267637537e-16,True,True,4.2044456966407743e-13,8.408891393281549e-14,True,True
SIFT_sf10,minibatch_partial,0.01,478,11.62265841137102,-0.3606295678400617,64.80217869984892,247,0.5167364016736402,53419.0,0.20596396160321262,False,True,1.0,0.3331769967110792,False,False
SIFT_sf10,minibatch_partial,0.05,500,-0.3488558049936042,-1.0437981426560612,21.125159193214525,266,0.532,55661.0,0.031202155236597907,True,True,1.0,0.07890200174771884,False,False
SIFT_sf10,minibatch_partial,0.1,500,-2.783924143060104,-2.198869070849619,12.541615865222326,293,0.586,45180.0,6.77490351210933e-08,True,True,4.471436317992158e-05,9.72051373476556e-07,True,True
SIFT_sf10,minibatch_partial,0.3,500,-1.7332183928844567,-1.534047389383419,6.136204911802211,299,0.598,43053.0,1.4034742754770878e-09,True,True,9.26293021814878e-07,2.8946656931714938e-08,True,True
SIFT_sf10,minibatch_partial,0.5,500,-1.3660087279160749,-1.2073852595528893,4.021492992620294,312,0.624,38627.0,1.1331565453161712e-13,True,True,7.47883319908673e-11,5.342023713633378e-12,True,True
SIFT_sf10,minibatch_partial,all,2478,0.9845146029896,-1.2132062024378907,31.150338207789734,1417,0.5718321226795803,1264833.0,2.8378510150590014e-14,True,True,1.872981669938941e-11,1.8729816699389408e-12,True,True
SIFT_sf10,reservoir,0.01,482,9.463219831116753,-0.45118614059159146,59.775953115544255,260,0.5394190871369294,52819.0,0.07853411281909216,False,True,1.0,0.15612203150783382,False,False
SIFT_sf10,reservoir,0.05,500,2.156498005234128,0.028853343163169932,22.02582410148673,247,0.494,61721.0,0.7797271070107071,False,False,1.0,0.8634561923272932,False,False
SIFT_sf10,reservoir,0.1,500,-0.5132594122598043,-1.4165848103138692,14.464649607977254,269,0.538,55463.0,0.026709231328788295,True,True,1.0,0.06967625564031729,False,False
SIFT_sf10,reservoir,0.3,500,-1.4664404661805097,-1.0953573167056216,5.955116763441832,283,0.566,45600.0,1.385932128429898e-07,True,True,9.147152047637327e-05,1.8667657240076178e-06,True,True
SIFT_sf10,reservoir,0.5,500,-1.0460886927860074,-0.610225528682228,4.160634001870946,293,0.586,45741.0,1.7559001979099834e-07,True,True,0.00011588941306205891,2.1865926992841303e-06,True,True
SIFT_sf10,reservoir,all,2482,1.662621545367518,-0.6363907857258685,29.337408989309044,1352,0.5447219983883964,1371296.0,2.090919085606157e-06,True,True,0.0013800065965000636,1.943671262676146e-05,True,True
SIFT_sf10,sparse_rp,0.01,481,6.818583011932691,-0.43644430921052235,55.8529917094187,258,0.5363825363825364,51366.0,0.030609503856239995,True,True,1.0,0.07800105229775443,False,False
SIFT_sf10,sparse_rp,0.05,500,-0.540457296250919,-0.24041523110523727,19.340026693881097,258,0.516,56488.0,0.057612852651282964,False,True,1.0,0.1284610903711039,False,False
SIFT_sf10,sparse_rp,0.1,500,0.1285349155370284,-0.14219451796999968,15.101901613139653,253,0.506,59043.0,0.26778409682879967,False,True,1.0,0.40911459237733283,False,False
SIFT_sf10,sparse_rp,0.3,500,-0.055144192347923136,-0.07872764172829222,7.07086593166212,255,0.51,60678.0,0.5469395660545409,False,True,1.0,0.6747291842915831,False,False
SIFT_sf10,sparse_rp,0.5,500,0.02217532867014944,-0.009719055276464423,4.53132220857416,251,0.502,61991.0,0.844497830215936,False,True,1.0,0.9092472560236832,False,False
SIFT_sf10,sparse_rp,all,2481,1.2322824693848415,-0.15551041368342994,27.34802353146427,1275,0.5139056831922612,1451932.0,0.014173452572457956,True,True,1.0,0.04139149866293031,False,True
SIFT_sf10,pca1d,0.01,484,12.101371779144081,-0.24776763621649642,68.09278489534938,248,0.512396694214876,54721.0,0.1978822832021605,False,True,1.0,0.3224748318850023,False,False
SIFT_sf10,pca1d,0.05,500,0.2736490017928182,-2.0549336532480624,21.317349235469308,275,0.55,56836.0,0.07329813882037921,False,True,1.0,0.14905336745439912,False,False
SIFT_sf10,pca1d,0.1,500,-0.27888765226640577,-0.2660727684660834,13.918766494049738,264,0.528,57809.0,0.1362378336688917,False,True,1.0,0.23914087824858649,False,False
SIFT_sf10,pca1d,0.3,500,-1.1989346456536598,-0.9833032727960985,6.258345264732428,287,0.574,49307.0,3.78459035615674e-05,True,True,0.024978296350634484,0.00024488525833955377,True,True
SIFT_sf10,pca1d,0.5,500,-0.957879894693544,-0.7872578266830531,4.108770137605501,298,0.596,46056.0,2.959178595889726e-07,True,True,0.00019530578732872191,3.4876033451557486e-06,True,True
SIFT_sf10,pca1d,all,2484,1.9227203485085904,-0.6591514230243654,32.71886629862626,1372,0.5523349436392915,1365540.0,6.723508571269957e-07,True,True,0.00044375156570381716,7.157283317803503e-06,True,True
SIFT_sf10,lsh,0.01,478,13.181602851388488,0.05269974979976093,62.29271658564133,238,0.497907949790795,56917.0,0.9147384479427623,False,False,1.0,0.9517887796441092,False,False
SIFT_sf10,lsh,0.05,500,0.6404913806998214,0.039779242564799436,20.44873260553834,248,0.496,59592.0,0.34807315364878555,False,False,1.0,0.4994093074091271,False,False
SIFT_sf10,lsh,0.1,500,-0.7878816956439177,-0.9575323031373478,13.841553970943243,273,0.546,54753.0,0.014875450728840082,True,True,1.0,0.04325020916755266,False,True
SIFT_sf10,lsh,0.3,500,-0.5861154710607867,-0.7366205222509052,6.3503323457153735,281,0.562,54506.0,0.012011280678287082,True,True,1.0,0.036701135405877196,False,True
SIFT_sf10,lsh,0.5,500,-0.11672047232697993,-0.019603954698742203,4.248795698044966,253,0.506,61271.0,0.6752941369195469,False,True,1.0,0.7776561019691747,False,False
SIFT_sf10,lsh,all,2478,2.3711432743332392,-0.2836363826526007,30.191069459651455,1293,0.5217917675544794,1453718.0,0.021294865992495967,True,True,1.0,0.05905298972708965,False,False
SIFT_sf10,sobol,0.01,483,8608.178456279386,-1.4027386235554715,188896.87631010855,281,0.5817805383022774,46469.0,9.558501810886278e-05,True,True,0.06308611195184943,0.0005485748865378212,False,True
SIFT_sf10,sobol,0.05,500,-0.9180309773364516,-1.836961308412695,18.971773617441663,278,0.556,53828.0,0.006497286634421976,True,True,1.0,0.021441045893592522,False,True
SIFT_sf10,sobol,0.1,500,-1.9719649128378987,-1.884340563638939,13.66662153761451,289,0.578,49244.0,3.4769646399390894e-05,True,True,0.02294796662359799,0.00023416292473059174,True,True
SIFT_sf10,sobol,0.3,500,-1.6727923985213347,-1.1366748930278665,5.794395331042663,305,0.61,42752.0,7.836604060517868e-10,True,True,5.172158679941793e-07,1.724052893313931e-08,True,True
SIFT_sf10,sobol,0.5,500,-1.4424737531637355,-1.1908952420571484,3.914131345112339,324,0.648,37426.0,6.3934982427565725e-15,True,True,4.2197088402193374e-12,4.688565378021486e-13,True,True
SIFT_sf10,sobol,all,2483,1673.2773110600135,-1.3365990362929743,83382.1401195069,1477,0.5948449456302859,1200323.0,1.1577496591830218e-21,True,True,7.641147750607944e-19,3.820573875303972e-19,True,True
SSN_sf1,hdbscan,0.01,486,16.663796007559114,-0.09521426046873983,66.95050720915432,247,0.5082304526748971,58838.0,0.9145199104080932,False,True,1.0,0.9517887796441092,False,False
SSN_sf1,hdbscan,0.05,500,1.2155606513298631,-0.511236886343124,20.67347285427145,267,0.534,59008.0,0.26313668833030646,False,True,1.0,0.40577152873365013,False,False
SSN_sf1,hdbscan,0.1,500,0.2401629533465279,-0.10400570129213374,12.835373863108575,255,0.51,60356.0,0.4826972065682026,False,True,1.0,0.6258942167681999,False,False
SSN_sf1,hdbscan,0.3,500,-0.06533162185891822,0.09070861736325177,6.444549305717848,246,0.492,60937.0,0.6015140994259964,False,False,1.0,0.7257756958339262,False,False
SSN_sf1,hdbscan,0.5,500,0.14843688264890084,-0.04567920598305831,4.41779702510335,251,0.502,62598.0,0.9933352556948974,False,True,1.0,0.9948425929569533,False,False
SSN_sf1,hdbscan,all,2486,3.5671839470663387,-0.0925952556019786,32.39641996034071,1266,0.5092518101367659,1507700.0,0.2887577734341138,False,True,1.0,0.4311767657613464,False,False
SSN_sf1,minibatch,0.01,483,13.716400954702141,-0.37291662645260876,64.93944376169938,254,0.525879917184265,57269.0,0.7020691079181669,False,True,1.0,0.7947952165111324,False,False
SSN_sf1,minibatch,0.05,500,2.342222226240079,0.17508090492365933,22.728857552794366,244,0.488,62324.0,0.925806824253526,False,False,1.0,0.9579854535306737,False,False
SSN_sf1,minibatch,0.1,500,0.24546694719227652,-0.2570807015921212,13.303498314984132,262,0.524,59567.0,0.3441140762203114,False,True,1.0,0.4948045540422779,False,False
SSN_sf1,minibatch,0.3,500,-0.34538132145923084,-0.3658710210471901,6.607377922143643,270,0.54,56700.0,0.06679591380580412,False,True,1.0,0.14175338621167433,False,False
SSN_sf1,minibatch,0.5,500,-0.3294093133050085,-0.3197600704211151,4.187518386170933,270,0.54,55936.0,0.03850791056744362,True,True,1.0,0.09413044805375106,False,False
SSN_sf1,minibatch,all,2483,3.0533511600705574,-0.2169709959271477,31.63469770404324,1300,0.5235602094240838,1482135.0,0.09413195431352579,False,True,1.0,0.18165815744715502,False,False
SSN_sf1,gmm,0.01,478,11.651301086680386,0.0812916796627932,56.596810755902325,238,0.497907949790795,57115.0,0.9668695847629385,False,False,1.0,0.9823089499710427,False,False
SSN_sf1,gmm,0.05,500,2.7098965152349193,0.6300352326012628,22.015239440814774,237,0.474,60084.0,0.43179661933226965,False,False,1.0,0.5849283567982966,False,False
SSN_sf1,gmm,0.1,500,0.7842703219745454,-0.013245553089827035,12.901889649141363,250,0.5,61511.0,0.7303625087667549,False,True,1.0,0.819794652697378,False,False
SSN_sf1,gmm,0.3,500,-0.3747920885020443,-0.7146859738629808,6.524373148297068,272,0.544,55707.0,0.032334262281533875,True,True,1.0,0.08114301561145383,False,False
SSN_sf1,gmm,0.5,500,-0.19255402124317583,-0.4199820318566535,4.191599367892017,264,0.528,57473.0,0.11095884491695213,False,True,1.0,0.20628968350757296,False,False
SSN_sf1,gmm,all,2478,2.8380679108818994,-0.12420458256501456,27.949574901082826,1261,0.5088781275221953,1521486.0,0.6890213278597827,False,True,1.0,0.7881353143630097,False,False
SSN_sf1,hilbert,0.01,481,19.530604918465315,0.0357430951978285,72.55042232569988,239,0.4968814968814969,56595.0,0.6543689552095071,False,False,1.0,0.765750905032402,False,False
SSN_sf1,hilbert,0.05,500,3.468868519718273,0.2214901184277722,23.265270414287524,241,0.482,60067.0,0.4287220788231447,False,False,1.0,0.584398500211532,False,False
SSN_sf1,hilbert,0.1,500,1.0095167712475528,0.3082293823795653,13.690551683965785,242,0.484,62252.0,0.9081306609501795,False,False,1.0,0.9517887796441092,False,False
SSN_sf1,hilbert,0.3,500,0.49247486003022795,0.5916110837109121,6.894885240434421,238,0.476,58776.0,0.23373878192105568,False,False,1.0,0.3708355674709057,False,False
SSN_sf1,hilbert,0.5,500,0.22519276096662832,0.06517294018419438,4.4919484493739485,247,0.494,61192.0,0.6575242640566039,False,False,1.0,0.7680814411988647,False,False
SSN_sf1,hilbert,all,2481,4.833634591601435,0.1842546316192253,35.131847534380725,1207,0.48649738008867394,1501176.0,0.28333489040012316,False,False,1.0,0.4240386114831775,False,False
SSN_sf1,faiss_ivf,0.01,480,12.909635002848855,-0.14721454396222378,60.50227160328285,247,0.5145833333333333,57529.0,0.9499114285424834,False,True,1.0,0.9747336544102689,False,False
SSN_sf1,faiss_ivf,0.05,500,2.898411057865596,0.05649934907904866,23.5709460032452,249,0.498,61439.0,0.7136799396175247,False,False,1.0,0.8065560961430931,False,False
SSN_sf1,faiss_ivf,0.1,500,1.521327215142121,-0.02249114829769044,14.347641601176429,250,0.5,60664.0,0.5440608564312632,False,True,1.0,0.672688596925266,False,False
SSN_sf1,faiss_ivf,0.3,500,0.18726730792210156,0.0015432378658031959,7.101729734156206,250,0.5,62032.0,0.8544377572628843,False,False,1.0,0.9154690256388046,False,False
SSN_sf1,faiss_ivf,0.5,500,-0.11398595413733927,-0.14829164573342005,4.235839503297211,264,0.528,57792.0,0.13486025604667978,False,True,1.0,0.2386267265169133,False,False
SSN_sf1,faiss_ivf,all,2480,3.404489764017617,-0.08637273510253038,29.977113494707517,1260,0.5080645161290323,1531834.0,0.857886666346958,False,True,1.0,0.9176745539529858,False,False
SSN_sf1,minibatch_partial,0.01,484,12.948742097508408,-0.12582443727871165,61.6364970152895,244,0.5041322314049587,57700.0,0.7490038334327762,False,True,1.0,0.8364509814985318,False,False
SSN_sf1,minibatch_partial,0.05,500,0.683386173515225,-0.09386208910734392,20.910822212703437,256,0.512,58578.0,0.21055558563345012,False,True,1.0,0.33894313784896846,False,False
SSN_sf1,minibatch_partial,0.1,500,-0.02039955769850866,-1.5776036229576422,13.341682137637449,278,0.556,56159.0,0.04545531350840804,True,True,1.0,0.10600885835883148,False,False
SSN_sf1,minibatch_partial,0.3,500,0.3426888748140692,0.29803425494723546,7.098253903413859,237,0.474,61370.0,0.6978198033074222,False,False,1.0,0.792704079488638,False,False
SSN_sf1,minibatch_partial,0.5,500,0.1432285172949842,-0.009775789001065575,4.652784634149878,253,0.506,62277.0,0.9142635154005843,False,True,1.0,0.9517887796441092,False,False
SSN_sf1,minibatch_partial,all,2484,2.754284693702478,-0.10706322425637374,30.063026581899468,1268,0.5104669887278583,1488965.0,0.1293495396891806,False,True,1.0,0.2319855874860304,False,False
SSN_sf1,reservoir,0.01,483,15.169093789983117,-0.028743421052628938,61.42838833387614,244,0.505175983436853,56034.0,0.4324924819963163,False,True,1.0,0.5849283567982966,False,False
SSN_sf1,reservoir,0.05,500,2.483419233976967,0.29057318039492475,21.611749142955613,241,0.482,60974.0,0.6095068394788621,False,False,1.0,0.7314082073746345,False,False
SSN_sf1,reservoir,0.1,500,0.8106798956170567,-0.6120080156915888,13.211125839384705,265,0.53,60457.0,0.5023962249050231,False,True,1.0,0.6381572390815545,False,False
SSN_sf1,reservoir,0.3,500,0.11081301518129041,-0.5987343707249972,6.919422787539727,266,0.532,60662.0,0.5436502280930254,False,True,1.0,0.672688596925266,False,False
SSN_sf1,reservoir,0.5,500,0.23758836999713373,-0.0016564395442874537,4.28823183658074,251,0.502,60451.0,0.5012142256355185,False,True,1.0,0.6381572390815545,False,False
SSN_sf1,reservoir,all,2483,3.684221730949685,-0.1052530217855138,30.151930692708365,1267,0.5102698348771647,1532506.0,0.7916747761385867,False,True,1.0,0.868151740094531,False,False
SSN_sf1,sparse_rp,0.01,484,14.831411573482681,0.22011478992538563,62.12499956588528,233,0.48140495867768596,56715.0,0.5222334963583652,False,False,1.0,0.6527918704479566,False,False
SSN_sf1,sparse_rp,0.05,500,2.4473125231836748,0.06028153503821693,23.32783458888235,249,0.498,62283.0,0.9157361743545597,False,False,1.0,0.9517887796441092,False,False
SSN_sf1,sparse_rp,0.1,500,0.7425908653436091,0.14972218103773074,13.74580638678374,248,0.496,62228.0,0.9022482634752684,False,False,1.0,0.9512521627694523,False,False
SSN_sf1,sparse_rp,0.3,500,0.13857574520121188,-0.271727377219102,7.077858800329532,266,0.532,62251.0,0.9078854581655162,False,True,1.0,0.9517887796441092,False,False
SSN_sf1,sparse_rp,0.5,500,0.02714052538679737,0.12131151070755412,4.333325262830754,241,0.482,62454.0,0.95780914295244,False,False,1.0,0.9785666166387157,False,False
SSN_sf1,sparse_rp,all,2484,3.565303152626113,0.02427925737211869,30.739549830792697,1237,0.49798711755233493,1538692.0,0.8999846895307534,False,False,1.0,0.9504461785266239,False,False
SSN_sf1,pca1d,0.01,483,16.124676514086616,-0.09990635305130847,66.85172960915234,247,0.5113871635610766,57329.0,0.7166206786133771,False,True,1.0,0.8073555868965914,False,False
SSN_sf1,pca1d,0.05,500,3.7152949189589113,3.114068029726546,21.699868336474466,225,0.45,56653.0,0.06466234686790057,False,False,1.0,0.13901351443913476,False,False
SSN_sf1,pca1d,0.1,500,1.1677518374020823,0.19422028661929505,13.349503475755593,243,0.486,60952.0,0.6047487010252772,False,False,1.0,0.7275394831389012,False,False
SSN_sf1,pca1d,0.3,500,0.20858613877166915,0.07300056267000596,6.998359448450117,248,0.496,62447.0,0.956083742674171,False,False,1.0,0.9783182483177564,False,False
SSN_sf1,pca1d,0.5,500,-0.0629565100989861,-0.18911529134148575,4.591327231770907,258,0.516,59225.0,0.29285745812721986,False,True,1.0,0.4337069043182605,False,False
SSN_sf1,pca1d,all,2483,4.149237595175463,0.08875896053436998,32.41282931243645,1221,0.49174385823600486,1497360.0,0.21208463555973323,False,False,1.0,0.34057386732219935,False,False
SSN_sf1,lsh,0.01,481,16.49400894460534,0.14848448426574543,64.90394666693005,235,0.4885654885654886,55764.0,0.47142788536912816,False,False,1.0,0.6191524510842791,False,False
SSN_sf1,lsh,0.05,500,2.4161078659206168,0.25667318220780644,21.407470994703804,238,0.476,61035.0,0.6227860195581019,False,False,1.0,0.7406104016366617,False,False
SSN_sf1,lsh,0.1,500,0.6129402015145934,-0.08194476402131859,12.981975701748286,252,0.504,61065.0,0.6293624188469131,False,True,1.0,0.744407162076994,False,False
SSN_sf1,lsh,0.3,500,-0.07141330843880539,0.16099766727468234,6.947806375325455,247,0.494,60448.0,0.5006237789027732,False,False,1.0,0.6381572390815545,False,False
SSN_sf1,lsh,0.5,500,0.15385393991350282,0.03780940391131591,4.438494596877532,241,0.482,62578.0,0.9883986819565591,False,False,1.0,0.9948425929569533,False,False
SSN_sf1,lsh,all,2481,3.8248136444216527,0.07545178253901984,31.560886882031614,1213,0.4889157597742846,1527696.0,0.7416417185033877,False,False,1.0,0.8310416540105872,False,False
SSN_sf1,sobol,0.01,484,126.09178311472368,0.37904532386442363,2465.1202707238795,236,0.48760330578512395,56529.0,0.48372505265171917,False,False,1.0,0.6259971269610483,False,False
SSN_sf1,sobol,0.05,500,1.9289553741444807,1.0441876930484075,20.771057200057495,243,0.486,62408.0,0.9464747897617419,False,False,1.0,0.9730114661102021,False,False
SSN_sf1,sobol,0.1,500,0.3888622454407266,-0.6412758746593288,13.127099382767616,262,0.524,59460.0,0.32749561884087575,False,True,1.0,0.4760949524999515,False,False
SSN_sf1,sobol,0.3,500,-0.08028625458329725,-0.26995776825428197,6.752006785476566,264,0.528,59609.0,0.3507817997817504,False,True,1.0,0.5022038782124842,False,False
SSN_sf1,sobol,0.5,500,-0.06265278161924168,-0.04155809070385238,4.231327893091165,253,0.506,60275.0,0.46720732444533986,False,True,1.0,0.6167136682678486,False,False
SSN_sf1,sobol,all,2484,25.00638579678647,-0.10742587263238093,1089.3381227968714,1258,0.5064412238325282,1530563.0,0.7240362746376305,False,True,1.0,0.8140782644988691,False,False
SSN_sf10,hdbscan,0.01,484,7.648264590474857,-0.45458118366659617,58.15504085354309,262,0.5413223140495868,52249.0,0.03656597790035522,True,True,1.0,0.09021672448029057,False,False
SSN_sf10,hdbscan,0.05,500,1.3865472621349948,-0.3169120316124321,22.156768051885443,262,0.524,59543.0,0.34034051648389463,False,True,1.0,0.4904470324877084,False,False
SSN_sf10,hdbscan,0.1,500,0.25465446871604214,-0.3770151132770159,13.960988614476006,260,0.52,58897.0,0.24876729921860774,False,True,1.0,0.3890673400101448,False,False
SSN_sf10,hdbscan,0.3,500,0.22991415225374093,0.028694354216316914,6.763976370221788,245,0.49,62473.0,0.9624933455330151,False,False,1.0,0.9803172963762191,False,False
SSN_sf10,hdbscan,0.5,500,0.07190186760257287,0.04932652547199819,4.484292486698331,244,0.488,62596.0,0.9928415837209277,False,False,1.0,0.9948425929569533,False,False
SSN_sf10,hdbscan,all,2484,1.8813482033588995,-0.12518783838495773,28.610331491319364,1273,0.5124798711755234,1472996.0,0.04960370394851157,True,True,1.0,0.11407123556103706,False,False
SSN_sf10,minibatch,0.01,477,10.14292297044373,-0.40335061874110417,63.69203569848007,254,0.5324947589098532,52027.0,0.0986352371890225,False,True,1.0,0.1881481403027597,False,False
SSN_sf10,minibatch,0.05,500,2.2506569019929192,0.12196856898348915,21.078547089407788,245,0.49,61837.0,0.8073956189223616,False,False,1.0,0.8807952206425762,False,False
SSN_sf10,minibatch,0.1,500,-0.08253284593669483,-0.4051918227526026,13.790217169921984,266,0.532,57534.0,0.11525037071827358,False,True,1.0,0.2112923463168349,False,False
SSN_sf10,minibatch,0.3,500,-0.2950894694252673,-0.4676176491095634,6.869557520326389,264,0.528,56011.0,0.04073631403140842,True,True,1.0,0.0981239681048524,False,False
SSN_sf10,minibatch,0.5,500,-0.07537915077495293,-0.1418248982359932,4.533146488156482,254,0.508,60053.0,0.42619969152203485,False,True,1.0,0.5823846716450165,False,False
SSN_sf10,minibatch,all,2477,2.3161089926643768,-0.22496483406608797,30.63393018257619,1283,0.5179652805813484,1456071.0,0.02758022718907025,True,True,1.0,0.07166515726293844,False,False
SSN_sf10,gmm,0.01,476,12.31041999306139,-0.24196836354962617,62.6524492634123,245,0.5147058823529411,54579.0,0.46700573385660604,False,True,1.0,0.6167136682678486,False,False
SSN_sf10,gmm,0.05,500,2.429627936713905,0.129579206464223,21.851953461721454,246,0.492,62184.0,0.8914780244032896,False,False,1.0,0.9474645669986652,False,False
SSN_sf10,gmm,0.1,500,0.5146213744459964,-0.1874851553771305,14.6283246963196,257,0.514,59676.0,0.3615866978119111,False,True,1.0,0.5143259063703908,False,False
SSN_sf10,gmm,0.3,500,-0.04200260641150015,-0.19707528202395327,6.821832118050453,255,0.51,59649.0,0.35720762895119906,False,True,1.0,0.5102966127874272,False,False
SSN_sf10,gmm,0.5,500,-0.3563143957027472,-0.14841429195068273,4.483054339730553,260,0.52,56691.0,0.06638293036221307,False,True,1.0,0.14175338621167433,False,False
SSN_sf10,gmm,all,2476,2.8807455861147204,-0.13680656295788238,30.49311422494409,1263,0.5100969305331179,1473341.0,0.09212371664066574,False,True,1.0,0.1788283911259982,False,False
SSN_sf10,hilbert,0.01,474,15.055324803912688,-0.16136583565641577,67.52337193202611,243,0.5126582278481012,55405.0,0.7674072268974527,False,True,1.0,0.8512416298358298,False,False
SSN_sf10,hilbert,0.05,500,1.1549358647995067,-0.21493901663868564,21.52141175899088,256,0.512,58387.0,0.18981393369498056,False,True,1.0,0.31098458901961834,False,False
SSN_sf10,hilbert,0.1,500,-0.41205409276775706,-0.34232254552351804,13.312139465190265,262,0.524,57246.0,0.09608720987718083,False,True,1.0,0.1848908411630885,False,False
SSN_sf10,hilbert,0.3,500,-0.27086962521335217,-0.4726646571143254,6.640278769612568,262,0.524,56755.0,0.06936589881037473,False,True,1.0,0.1441640532737229,False,False
SSN_sf10,hilbert,0.5,500,-0.11050648893027676,-0.06270378643297933,4.674268982837287,254,0.508,58619.0,0.21521412334452739,False,True,1.0,0.34392571769343355,False,False
SSN_sf10,hilbert,all,2474,2.9575492263535463,-0.2155766474024537,32.42374276057239,1277,0.5161681487469685,1441406.0,0.0118897349247286,True,True,1.0,0.03649872116428315,False,True
SSN_sf10,faiss_ivf,0.01,476,12.098088205765933,-0.32011104936240337,61.820432455537606,249,0.523109243697479,54797.0,0.5126243479702866,False,True,1.0,0.6452511148007625,False,False
SSN_sf10,faiss_ivf,0.05,500,3.733907989321656,0.367275072531121,22.507075307178283,237,0.474,57808.0,0.13615650015157857,False,False,1.0,0.23914087824858649,False,False
SSN_sf10,faiss_ivf,0.1,500,0.09715461328013986,-0.14266252453478492,13.777753832614627,261,0.522,59042.0,0.2676505357664708,False,True,1.0,0.40911459237733283,False,False
SSN_sf10,faiss_ivf,0.3,500,0.207455142015053,0.006342876536322536,6.819130990238354,249,0.498,62493.0,0.9674254810320875,False,False,1.0,0.9823089499710427,False,False
SSN_sf10,faiss_ivf,0.5,500,-0.23195409995710023,-0.29697640271550496,4.480200912172751,268,0.536,57432.0,0.10814597778055056,False,True,1.0,0.20162809416712815,False,False
SSN_sf10,faiss_ivf,all,2476,3.0944958837942083,-0.08412508890647291,30.169337444978293,1264,0.5105008077544426,1514348.0,0.5949568431660599,False,True,1.0,0.7191786016293031,False,False
SSN_sf10,minibatch_partial,0.01,477,11.638801088623586,-0.4278870220588144,65.69565672140794,252,0.5283018867924528,52701.0,0.15336611936456562,False,True,1.0,0.263498695454085,False,False
SSN_sf10,minibatch_partial,0.05,500,2.9348843028123786,1.059341504234307,21.371878037490863,236,0.472,59024.0,0.2652542647871313,False,False,1.0,0.40713445292908523,False,False
SSN_sf10,minibatch_partial,0.1,500,0.37782000064989507,-0.35307473817843493,13.562295320920917,260,0.52,59368.0,0.3136305764755436,False,True,1.0,0.4591890380934726,False,False
SSN_sf10,minibatch_partial,0.3,500,-0.21694776869658602,-0.24264135103194268,6.416539744281284,261,0.522,57875.0,0.14168921001851562,False,True,1.0,0.24739385876248757,False,False
SSN_sf10,minibatch_partial,0.5,500,-0.03997506950688206,0.010602033838269643,4.503365548633608,249,0.498,61749.0,0.7863816579310363,False,False,1.0,0.8665708255556046,False,False
SSN_sf10,minibatch_partial,all,2477,2.8581343770298155,-0.06475411144185948,31.50478125961439,1258,0.5078724263221639,1498981.0,0.3183699897320317,False,True,1.0,0.46487653367951526,False,False
SSN_sf10,reservoir,0.01,479,12.268265768098788,-0.2915559237000761,65.32293541906355,244,0.5093945720250522,54223.0,0.28257727627098006,False,True,1.0,0.4238659144064701,False,False
SSN_sf10,reservoir,0.05,500,3.6862463758924164,0.3031633969341119,22.862130844277953,243,0.486,58079.0,0.15960029560162659,False,False,1.0,0.2700928079412142,False,False
SSN_sf10,reservoir,0.1,500,0.5991708301359377,-0.17726495033136724,14.564636452353989,254,0.508,60112.0,0.4368883208372625,False,True,1.0,0.5884618199032515,False,False
SSN_sf10,reservoir,0.3,500,0.13630848244811972,-0.20217577655088925,6.902476602439025,262,0.524,60650.0,0.5411897012392324,False,True,1.0,0.6726651653820968,False,False
SSN_sf10,reservoir,0.5,500,0.02228075430742213,0.06385404478918225,4.545038078626357,245,0.49,62563.0,0.9846965327750944,False,False,1.0,0.9948425929569533,False,False
SSN_sf10,reservoir,all,2479,3.266842486612048,-0.050643733404847464,31.744421842157337,1248,0.5034288019362646,1513811.0,0.515655100623791,False,True,1.0,0.6470197080070382,False,False
SSN_sf10,sparse_rp,0.01,477,6.257812185551731,-0.3135331759009923,55.11533715787568,253,0.5303983228511531,50750.0,0.0379436280948575,True,True,1.0,0.09309589049295891,False,False
SSN_sf10,sparse_rp,0.05,500,1.1053803070632793,-0.13488561644091998,20.513795914221884,254,0.508,58947.0,0.2551706179071097,False,True,1.0,0.3944089176081789,False,False
SSN_sf10,sparse_rp,0.1,500,1.3329457081145313,0.12484143487064198,14.88571562007772,241,0.482,61358.0,0.6950747097662793,False,False,1.0,0.792313140666225,False,False
SSN_sf10,sparse_rp,0.3,500,-0.03860309529992182,-0.6059606097139412,6.814629629446997,260,0.52,60132.0,0.4405463247358954,False,True,1.0,0.5905146323181848,False,False
SSN_sf10,sparse_rp,0.5,500,-0.229447032892979,-0.08256901714581948,4.323659394399939,258,0.516,59745.0,0.3729297197419622,False,True,1.0,0.5291664117025643,False,False
SSN_sf10,sparse_rp,all,2477,1.6431628405331575,-0.10899527024469423,27.078645610150925,1266,0.511102139685103,1458054.0,0.031753398002351774,True,True,1.0,0.07998947588378691,False,False
SSN_sf10,pca1d,0.01,483,14.176944917185757,0.46146732675288094,67.2861406905215,232,0.4803312629399586,57651.0,0.7963603144039425,False,False,1.0,0.8716381550689918,False,False
SSN_sf10,pca1d,0.05,500,1.782709906151459,0.03207973212505119,21.543330210064678,248,0.496,61009.0,0.6171106891270273,False,False,1.0,0.7351860195376138,False,False
SSN_sf10,pca1d,0.1,500,-0.7931858914880366,-2.0156309440077647,13.942752867668549,282,0.564,51939.0,0.0009464570449737514,True,True,0.6246616496826759,0.0039286896206457604,False,True
SSN_sf10,pca1d,0.3,500,0.06123267234689778,-0.15477774941489594,7.11422689610325,257,0.514,61045.0,0.6249748454120005,False,True,1.0,0.7418766150574106,False,False
SSN_sf10,pca1d,0.5,500,-0.015677381153854923,-0.181521713113047,4.421670298845347,261,0.522,60954.0,0.6051805700655405,False,True,1.0,0.7275394831389012,False,False
SSN_sf10,pca1d,all,2483,2.9661715859560833,-0.19542093681667094,32.53438599832332,1280,0.5155054369714056,1469700.0,0.04317201998921647,True,True,1.0,0.10279103539870037,False,False
SSN_sf10,lsh,0.01,482,18.090160181923583,0.1924955587092506,71.77394340185074,234,0.4854771784232365,56770.0,0.6398690577063061,False,False,1.0,0.751447647840146,False,False
SSN_sf10,lsh,0.05,500,1.9525467043639164,-0.026383231890583586,21.764721644265933,251,0.502,60485.0,0.5079316552871536,False,True,1.0,0.6414849988081985,False,False
SSN_sf10,lsh,0.1,500,0.4729073825328518,0.051557122913159906,14.588859890338254,247,0.494,60435.0,0.4980694436329729,False,False,1.0,0.6381572390815545,False,False
SSN_sf10,lsh,0.3,500,-0.05180124725215017,-0.12300501143456286,6.848116262156025,259,0.518,59754.0,0.3744253246440872,False,True,1.0,0.5291664117025643,False,False
SSN_sf10,lsh,0.5,500,-0.009871748895459926,0.1148327762250709,4.785688418778562,239,0.478,62004.0,0.8476469133120497,False,False,1.0,0.9101900150320394,False,False
SSN_sf10,lsh,all,2482,3.9892617860845068,0.050575695958579525,34.65873664413089,1230,0.49556809024979853,1519904.0,0.5602552756423349,False,False,1.0,0.6873020110110428,False,False
SSN_sf10,sobol,0.01,476,16.812302431273626,-0.381581512177702,78.48136114650775,245,0.5147058823529411,54587.0,0.46863902625573395,False,True,1.0,0.617368777103362,False,False
SSN_sf10,sobol,0.05,500,2.413296687856867,0.6639679257167577,21.513196593585967,247,0.494,60323.0,0.4763530530435043,False,False,1.0,0.6225604257598274,False,False
SSN_sf10,sobol,0.1,500,1.060292212676537,0.2202322955323779,15.136888683308387,244,0.488,61921.0,0.8275851396570285,False,False,1.0,0.8954199871698997,False,False
SSN_sf10,sobol,0.3,500,0.08893937403841443,-0.09907878614586238,6.864013178306772,252,0.504,61052.0,0.6265089954425631,False,True,1.0,0.7423625439714392,False,False
SSN_sf10,sobol,0.5,500,-0.06969413896792996,-0.0749542593079297,4.7538854291703965,254,0.508,60006.0,0.41779524539113455,False,True,1.0,0.5757489195746658,False,False
SSN_sf10,sobol,all,2476,3.937428523864374,-0.05931456393722459,37.123468292905116,1242,0.5016155088852988,1511962.0,0.5493510115927425,False,True,1.0,0.6760196070430212,False,False
WIKI_sf1,hdbscan,0.01,484,8.284709679260231,-0.2533968591087457,56.80310435728675,252,0.5206611570247934,54210.0,0.1460587923953315,False,True,1.0,0.25435040364358524,False,False
WIKI_sf1,hdbscan,0.05,500,-1.3809756299207165,-3.0450555413757363,18.130969416158653,286,0.572,51638.0,0.0006760818571162159,True,True,0.4462140256967025,0.002952265936923266,False,True
WIKI_sf1,hdbscan,0.1,500,-0.9462431887765049,-1.0665914403005698,12.486435201092215,275,0.55,52954.0,0.00277190595768326,True,True,1.0,0.010051966659730502,False,True
WIKI_sf1,hdbscan,0.3,500,-0.2845453874562737,-0.4579992173500409,6.319955616767674,265,0.53,58099.0,0.16144456260059914,False,True,1.0,0.2725151184562543,False,False
WIKI_sf1,hdbscan,0.5,500,-0.41510314990396274,-0.2716598184275837,4.026665223572583,263,0.526,54671.0,0.013864078734085265,True,True,1.0,0.04066796428665011,False,True
WIKI_sf1,hdbscan,all,2484,1.004978183064905,-0.5710147692176846,27.39575063948396,1341,0.5398550724637681,1368083.0,9.67922818422944e-07,True,True,0.000638829060159143,9.828139387063738e-06,True,True
WIKI_sf1,minibatch,0.01,484,7.361366340432599,-0.6732505208333326,57.479583362461916,258,0.5330578512396694,53130.0,0.07116768679943762,False,True,1.0,0.1463122660946777,False,False
WIKI_sf1,minibatch,0.05,500,-0.1678255042695995,-1.1962702838643087,18.480410229003112,264,0.528,55741.0,0.033193493426061794,True,True,1.0,0.08235979571879994,False,False
WIKI_sf1,minibatch,0.1,500,-0.9968864875464593,-0.6874709527523857,12.446155017476542,269,0.538,52371.0,0.0015122231341052493,True,True,0.9980672685094646,0.0059535478399489125,False,True
WIKI_sf1,minibatch,0.3,500,-0.4232783142376671,-0.6897499664165839,6.278742575475838,271,0.542,56700.0,0.06679591380580412,False,True,1.0,0.14175338621167433,False,False
WIKI_sf1,minibatch,0.5,500,-0.24829968359636473,-0.15756456476907876,4.114505610271595,263,0.526,57742.0,0.13087092106052067,False,True,1.0,0.23344542675660446,False,False
WIKI_sf1,minibatch,all,2484,1.064716712537976,-0.5445491311395718,27.653277642773595,1325,0.53341384863124,1390988.0,2.068746397712865e-05,True,True,0.013653726224904909,0.0001513145248340347,True,True
WIKI_sf1,gmm,0.01,487,7.706702993037947,-0.5370156945068171,56.621270153121955,260,0.5338809034907598,53826.0,0.07211427478733111,False,True,1.0,0.1473542456954753,False,False
WIKI_sf1,gmm,0.05,500,-0.3159888812649835,-1.2715627925493704,18.847476880148708,262,0.524,56080.0,0.0428820452434638,True,True,1.0,0.10254402123436995,False,False
WIKI_sf1,gmm,0.1,500,-0.12800823595053692,-0.4333244198128887,11.898348455717816,256,0.512,59017.0,0.26432638497823147,False,True,1.0,0.4066559768895868,False,False
WIKI_sf1,gmm,0.3,500,-0.4144686308579644,-0.38491648122490196,5.901914800619085,265,0.53,56170.0,0.04582373503809357,True,True,1.0,0.10623487872016645,False,False
WIKI_sf1,gmm,0.5,500,-0.1476886654361129,-0.18619213267809645,4.103535094146221,260,0.52,58124.0,0.16377247171386988,False,True,1.0,0.27503773875611737,False,False
WIKI_sf1,gmm,all,2487,1.3068303783090798,-0.38118590910771283,27.350305337368717,1303,0.523924406915963,1428930.0,0.0009865124220753171,True,True,0.6510981985697093,0.004069363741060683,False,True
WIKI_sf1,hilbert,0.01,485,15.594185709597324,-0.22230013656295328,67.92569150192088,247,0.5092783505154639,58446.0,0.8760956643428298,False,True,1.0,0.9341246178776537,False,False
WIKI_sf1,hilbert,0.05,500,0.04672870953197196,-1.7614800276014504,19.623920950150502,274,0.548,55419.0,0.025790381125128336,True,True,1.0,0.06837427739583031,False,False
WIKI_sf1,hilbert,0.1,500,-0.2517019470182337,-0.7647766222508101,12.703668430086045,275,0.55,56371.0,0.05301127998541571,False,True,1.0,0.1194110743698784,False,False
WIKI_sf1,hilbert,0.3,500,-0.37886183614227953,-0.3212781678904969,6.385798364135035,262,0.524,56111.0,0.043876740012044134,True,True,1.0,0.10379443873816892,False,False
WIKI_sf1,hilbert,0.5,500,-0.4560140350851519,-0.2172524460150166,4.052522552555248,259,0.518,54932.0,0.017311738886472836,True,True,1.0,0.04967716376118292,False,True
WIKI_sf1,hilbert,all,2485,2.8343080542446093,-0.4587501132882779,32.580314580363435,1317,0.5299798792756539,1429260.0,0.0012837621327822975,True,True,0.8472830076363164,0.005198055261572493,False,True
WIKI_sf1,faiss_ivf,0.01,487,15.37008576928332,-0.294124287749286,70.30137674235809,254,0.5215605749486653,57833.0,0.6108811678697936,False,True,1.0,0.731726988736958,False,False
WIKI_sf1,faiss_ivf,0.05,500,-0.6311133087346816,-0.884913389118287,17.37529159157312,266,0.532,54958.0,0.01769326877117254,True,True,1.0,0.0505521964890644,False,False
WIKI_sf1,faiss_ivf,0.1,500,-0.8113230447601247,-1.2975371299860674,12.40822965836258,287,0.574,53129.0,0.0033052713692592515,True,True,1.0,0.01154221747995294,False,True
WIKI_sf1,faiss_ivf,0.3,500,-0.3144965572112679,0.025497123322234437,6.4673410597224565,249,0.498,59077.0,0.27235244158589644,False,False,1.0,0.41322439413032563,False,False
WIKI_sf1,faiss_ivf,0.5,500,-0.32560618449989076,-0.3449437590549185,4.3165654916229235,273,0.546,56140.0,0.0448248291795528,True,True,1.0,0.10490917467554911,False,False
WIKI_sf1,faiss_ivf,all,2487,2.5910583924559685,-0.4291693353744764,33.33757646461163,1329,0.53437876960193,1408719.0,0.00011400289625144881,True,True,0.07524191152595622,0.0006430932609056087,False,True
WIKI_sf1,minibatch_partial,0.01,480,7.886563339115785,-0.6542746187421459,59.7827797039804,254,0.5291666666666667,51241.0,0.033099122999976534,True,True,1.0,0.08235979571879994,False,False
WIKI_sf1,minibatch_partial,0.05,500,0.6201307957294973,-0.14015596791718346,19.082686703076757,252,0.504,59775.0,0.3779294671695407,False,True,1.0,0.5329774537006343,False,False
WIKI_sf1,minibatch_partial,0.1,500,0.02070865634971932,-1.0141188229081148,12.683488140929,270,0.54,56757.0,0.06946086203188466,False,True,1.0,0.1441640532737229,False,False
WIKI_sf1,minibatch_partial,0.3,500,-0.35252547766860076,-0.33059449403707286,6.0679407645721195,265,0.53,56727.0,0.06804757368035108,False,True,1.0,0.1434868965783761,False,False
WIKI_sf1,minibatch_partial,0.5,500,0.028411763949529843,-0.07554322235238384,4.525180922562625,253,0.506,61369.0,0.697590893829714,False,True,1.0,0.792704079488638,False,False
WIKI_sf1,minibatch_partial,all,2480,1.5902876096595358,-0.4099996352769993,28.61385934645392,1294,0.521774193548387,1428272.0,0.002049466946780771,True,True,1.0,0.007773840142961545,False,True
WIKI_sf1,reservoir,0.01,486,10.496504068321535,-0.04118131238644267,60.21154200979892,244,0.5020576131687243,57071.0,0.4979173970760852,False,True,1.0,0.6381572390815545,False,False
WIKI_sf1,reservoir,0.05,500,0.9708482604898385,-0.3297062558698479,20.92559435605945,258,0.516,59071.0,0.27154241113813193,False,True,1.0,0.41294468053264305,False,False
WIKI_sf1,reservoir,0.1,500,-0.5881664829170984,-1.7840837495305881,12.517297562638042,278,0.556,54415.0,0.011086329954682197,True,True,1.0,0.034352008310282865,False,True
WIKI_sf1,reservoir,0.3,500,-0.3789148113850728,-0.4216147907622573,6.214190487467575,267,0.534,57590.0,0.11930406407473951,False,True,1.0,0.21572789668309061,False,False
WIKI_sf1,reservoir,0.5,500,-0.2219023077375025,-0.21994357007451998,4.440938552188396,260,0.52,57721.0,0.12922294669156892,False,True,1.0,0.2319855874860304,False,False
WIKI_sf1,reservoir,all,2486,2.0081389004140577,-0.4216147907622573,29.28945981827351,1307,0.5257441673370877,1451749.0,0.00868897173572723,True,True,1.0,0.02770396785304334,False,True
WIKI_sf1,sparse_rp,0.01,479,20.357376361048708,0.9698419024843887,69.57717859751484,224,0.46764091858037576,51976.0,0.06938925843203515,False,False,1.0,0.1441640532737229,False,False
WIKI_sf1,sparse_rp,0.05,500,1.331877170271544,-0.3795897768054356,20.273913183299392,261,0.522,60906.0,0.5948541210756537,False,True,1.0,0.7191786016293031,False,False
WIKI_sf1,sparse_rp,0.1,500,0.3089960330032765,-0.7004999655166216,13.560440890203692,263,0.526,59221.0,0.29228998935232053,False,True,1.0,0.4337069043182605,False,False
WIKI_sf1,sparse_rp,0.3,500,0.7503228726847521,0.8647902344886563,6.928158464870795,219,0.438,55577.0,0.02922245562880557,True,False,1.0,0.07504599500004544,False,False
WIKI_sf1,sparse_rp,0.5,500,0.24681810259822812,0.2158977790310545,4.576488699808705,238,0.476,60429.0,0.4968928627080921,False,False,1.0,0.6381572390815545,False,False
WIKI_sf1,sparse_rp,all,2479,4.4655870779432165,0.2500156884385939,33.61434370387836,1205,0.48608309802339655,1490307.0,0.19036026358170577,False,False,1.0,0.31098458901961834,False,False
WIKI_sf1,pca1d,0.01,484,10.399098186041412,-0.5469517632623192,62.658624563635584,253,0.5227272727272727,54080.0,0.13470012846631146,False,True,1.0,0.2386267265169133,False,False
WIKI_sf1,pca1d,0.05,500,0.29244698786696255,-1.4335402597250537,20.979550499376227,273,0.546,56540.0,0.05976209521478211,False,True,1.0,0.1310398101055023,False,False
WIKI_sf1,pca1d,0.1,500,0.10413971476723276,-0.48512144543843727,12.270685260624935,262,0.524,58605.0,0.2136151246877902,False,True,1.0,0.3421989861503435,False,False
WIKI_sf1,pca1d,0.3,500,0.24021565405012033,-0.14203360001426885,6.592165553082851,258,0.516,62594.0,0.9923479144874887,False,True,1.0,0.9948425929569533,False,False
WIKI_sf1,pca1d,0.5,500,0.16888019598513176,0.11410121867297456,4.403525702450498,243,0.486,60049.0,0.4254806026407495,False,False,1.0,0.5823846716450165,False,False
WIKI_sf1,pca1d,all,2484,2.1884077288159287,-0.26480706761561623,30.21360414741675,1289,0.5189210950080515,1463601.0,0.026002944888414255,True,True,1.0,0.06837427739583031,False,False
WIKI_sf1,lsh,0.01,483,13.983109446310545,-0.20542781985071765,67.82846252016186,249,0.515527950310559,56235.0,0.47186921650817026,False,True,1.0,0.6191524510842791,False,False
WIKI_sf1,lsh,0.05,500,1.8344578155382938,-0.013264712691134281,20.013289624124937,250,0.5,62242.0,0.9056790308578166,False,True,1.0,0.9517887796441092,False,False
WIKI_sf1,lsh,0.1,500,1.1867657712320487,0.4628376436643372,12.735524002236877,234,0.468,58915.0,0.25105942441713525,False,False,1.0,0.3908000474417671,False,False
WIKI_sf1,lsh,0.3,500,0.6706076895686897,0.41949995045144917,6.727743887454631,233,0.466,57756.0,0.13197859505197998,False,False,1.0,0.23478671896039566,False,False
WIKI_sf1,lsh,0.5,500,0.007912831880326536,0.18586905635036446,4.292891184636017,237,0.474,62620.0,0.9987657742310829,False,False,1.0,0.9987657742310828,False,False
WIKI_sf1,lsh,all,2483,3.465047892338974,0.15529212971183734,32.37532729823427,1203,0.48449456302859445,1526661.0,0.6688442139890478,False,False,1.0,0.7730948883235929,False,False
WIKI_sf1,sobol,0.01,478,11.69435099133955,-0.06397544557978999,62.740619218974736,245,0.5125523012552301,55291.0,0.51880063699473,False,True,1.0,0.6497313480389407,False,False
WIKI_sf1,sobol,0.05,500,0.7014853414324623,-1.3559524990717242,21.077780071912617,273,0.546,56332.0,0.051547367761129934,False,True,1.0,0.11691155574689262,False,False
WIKI_sf1,sobol,0.1,500,-0.17829398337535132,-0.8903444468046178,12.944137782166171,269,0.538,55585.0,0.029406223161296628,True,True,1.0,0.07522522204052626,False,False
WIKI_sf1,sobol,0.3,500,-0.4291254153065162,-0.46973980173352514,6.160536832250748,267,0.534,56529.0,0.05930198496740811,False,True,1.0,0.1310398101055023,False,False
WIKI_sf1,sobol,0.5,500,-0.327619810471929,-0.3463753459392676,4.208123939670715,272,0.544,55992.0,0.040161692402784735,True,True,1.0,0.09709420141332574,False,False
WIKI_sf1,sobol,all,2478,2.2086855690071174,-0.4985904384998815,30.25999598870791,1326,0.5351089588377724,1412063.0,0.0005163159739808947,True,True,0.3407685428273905,0.0023664482140791005,False,True
WIKI_sf10,hdbscan,0.01,479,12.057338089866832,-0.1804616503919145,62.630394354980105,245,0.511482254697286,55029.0,0.4187264869633933,False,True,1.0,0.5757489195746658,False,False
WIKI_sf10,hdbscan,0.05,500,-1.1668838720909875,-1.1811092330330302,20.243651777530324,272,0.544,53023.0,0.0029720378403750385,True,True,1.0,0.010545940723911426,False,True
WIKI_sf10,hdbscan,0.1,500,-1.513267838755277,-1.9875299563796935,13.521511794575579,278,0.556,50844.0,0.00026765946263769606,True,True,0.1766552453408794,0.0013533879011862243,False,True
WIKI_sf10,hdbscan,0.3,500,-0.43907147070293284,-0.2708339624171844,6.354292966202769,259,0.518,57411.0,0.10672725966828331,False,True,1.0,0.1995467177933909,False,False
WIKI_sf10,hdbscan,0.5,500,0.06419851534990582,-0.06863498937277715,3.9954414908437466,252,0.504,62325.0,0.9260526050796511,False,True,1.0,0.9579854535306737,False,False
WIKI_sf10,hdbscan,all,2479,1.713575075412088,-0.37430939810342545,30.24493070290625,1306,0.526825332795482,1397758.0,9.376639869097597e-05,True,True,0.06188582313604414,0.0005428580976845977,False,True
WIKI_sf10,minibatch,0.01,473,12.734279981047177,-0.10449716387393976,62.7062035489807,244,0.5158562367864693,53825.0,0.4543179258003639,False,True,1.0,0.6057572344004851,False,False
WIKI_sf10,minibatch,0.05,500,-0.7389200354510087,-0.646701466208864,20.718131840498348,270,0.54,54367.0,0.010624400086482064,True,True,1.0,0.033232720649659535,False,True
WIKI_sf10,minibatch,0.1,500,-1.3619197903667668,-1.3576542765778488,13.088658603898615,275,0.55,51322.0,0.0004707659897176401,True,True,0.31070555321364246,0.002188067276152412,False,True
WIKI_sf10,minibatch,0.3,500,-0.15589431409412152,-0.3789541239843113,6.374888146798086,263,0.526,59258.0,0.29756728686218037,False,True,1.0,0.4393610946958368,False,False
WIKI_sf10,minibatch,0.5,500,-0.2186652019711323,-0.2414805726965018,4.025843738956195,260,0.52,57516.0,0.1139706565410952,False,True,1.0,0.20999144972150974,False,False
WIKI_sf10,minibatch,all,2473,1.9351454751693498,-0.4369241568200962,30.211858919797265,1312,0.5305297209866559,1389331.0,7.8645307595034e-05,True,True,0.05190590301272244,0.00047620094507084805,False,True
WIKI_sf10,gmm,0.01,478,8.40442474338595,-1.1962850603747102,59.55398536441091,258,0.5397489539748954,51393.0,0.052959013083323965,False,True,1.0,0.1194110743698784,False,False
WIKI_sf10,gmm,0.05,500,-2.1456707873095477,-2.2984651324333205,18.83460890739508,272,0.544,50198.0,0.00012074987544254163,True,True,0.07969491779207748,0.0006697051915300628,False,True
WIKI_sf10,gmm,0.1,500,-1.2032571481815437,-0.9457767207671913,12.845690854913647,269,0.538,52745.0,0.0022384674974329035,True,True,1.0,0.008299935664638856,False,True
WIKI_sf10,gmm,0.3,500,-0.6533969128563951,-0.6096748155258351,6.127604073452155,268,0.536,53788.0,0.006258073772017731,True,True,1.0,0.020966135479856356,False,True
WIKI_sf10,gmm,0.5,500,-0.22766149404934988,0.027604893132073285,4.026500713611299,247,0.494,58056.0,0.15749913893975576,False,False,1.0,0.26791090644391446,False,False
WIKI_sf10,gmm,all,2478,0.7676843648668549,-0.6010323517595084,28.53453951620496,1314,0.5302663438256658,1343486.0,6.761748618971908e-08,True,True,4.462754088521459e-05,9.72051373476556e-07,True,True
WIKI_sf10,hilbert,0.01,482,14.559642384873868,-0.013140914298752466,66.15960051852315,242,0.5020746887966805,57991.0,0.9451477402455476,False,True,1.0,0.9730114661102021,False,False
WIKI_sf10,hilbert,0.05,500,0.7687527085694862,-0.0928279894220651,23.163584100235926,252,0.504,58055.0,0.15740826206644132,False,True,1.0,0.26791090644391446,False,False
WIKI_sf10,hilbert,0.1,500,-0.17527559432711554,-0.07523680271917978,13.315968108303029,253,0.506,58662.0,0.22017921432878185,False,True,1.0,0.3501645336313157,False,False
WIKI_sf10,hilbert,0.3,500,-0.13232705189507982,-0.2764997164612499,6.760471392708408,263,0.526,58931.0,0.25310920693237904,False,True,1.0,0.3921410248248126,False,False
WIKI_sf10,hilbert,0.5,500,0.12021086824483135,0.07519671135448584,4.225495417075739,249,0.498,62158.0,0.8851230600778847,False,False,1.0,0.9422277736312966,False,False
WIKI_sf10,hilbert,all,2482,2.9445721574557884,-0.0773654332285655,32.237622131516076,1259,0.5072522159548751,1501775.0,0.27562955825519964,False,True,1.0,0.41550670433819853,False,False
WIKI_sf10,faiss_ivf,0.01,475,8.740125214251636,-0.2974999312123553,59.67959449585746,255,0.5368421052631579,51292.0,0.0804121834716705,False,True,1.0,0.15937549877268029,False,False
WIKI_sf10,faiss_ivf,0.05,500,-1.9708411120446714,-3.1979509845018255,19.36956839662062,279,0.558,49704.0,6.403397776184209e-05,True,True,0.04226242532281578,0.00040249928878872173,True,True
WIKI_sf10,faiss_ivf,0.1,500,-1.154716851425549,-2.0842907406847413,13.146359702765452,292,0.584,51089.0,0.00035842042568660817,True,True,0.2365574809531614,0.001714184644588126,False,True
WIKI_sf10,faiss_ivf,0.3,500,-0.4545064344454355,-0.4831161182656001,6.190767762583252,269,0.538,55954.0,0.0390330548663781,True,True,1.0,0.09506205244210164,False,False
WIKI_sf10,faiss_ivf,0.5,500,-0.07738106495298851,-0.07680740127563729,4.1380826451841495,256,0.512,59896.0,0.39851105747719606,False,True,1.0,0.556061940665855,False,False
WIKI_sf10,faiss_ivf,all,2475,0.9385198971051336,-0.5530667870160225,28.64152519055993,1351,0.5458585858585858,1346007.0,1.6786652185706127e-07,True,True,0.00011079190442566044,2.1306135466473163e-06,True,True
WIKI_sf10,minibatch_partial,0.01,471,11.999669803429025,-0.3703796681638925,60.330693568810155,252,0.535031847133758,53743.0,0.5346816611531493,False,True,1.0,0.6658299931341104,False,False
WIKI_sf10,minibatch_partial,0.05,500,-0.736845789985113,-2.5196424840016283,22.920947422232963,284,0.568,52063.0,0.001084577960094937,True,True,0.7158214536626584,0.00444609598548235,False,True
WIKI_sf10,minibatch_partial,0.1,500,-0.5170667743484813,-0.3399403216849986,13.457422099390836,258,0.516,57148.0,0.09018076845636024,False,True,1.0,0.17661515484034943,False,False
WIKI_sf10,minibatch_partial,0.3,500,-0.3218645649977204,-0.3249657410622617,6.479615757458089,260,0.52,58371.0,0.18814728121992697,False,True,1.0,0.3096688419081092,False,False
WIKI_sf10,minibatch_partial,0.5,500,0.043404678225079346,-0.01824752372165974,4.320908739596716,251,0.502,61978.0,0.8413512303346418,False,True,1.0,0.9084904921212221,False,False
WIKI_sf10,minibatch_partial,all,2471,1.9771988069048783,-0.3703796681638925,29.5420627274385,1305,0.528126264670174,1413568.0,0.0013730868648946756,True,True,0.9062373308304859,0.005459261029099312,False,True
WIKI_sf10,reservoir,0.01,479,9.164563557068018,-0.3163397390390605,61.405871328206665,261,0.5448851774530271,52001.0,0.07066429717683698,False,True,1.0,0.14574511292722628,False,False
WIKI_sf10,reservoir,0.05,500,-0.4843794449652166,-0.38727414961119977,20.814791319449263,257,0.514,55241.0,0.02234671989530403,True,True,1.0,0.06119848602033468,False,False
WIKI_sf10,reservoir,0.1,500,-0.43568148807395773,-1.0803266236018452,14.018052804436389,276,0.552,55428.0,0.02597607161659942,True,True,1.0,0.06837427739583031,False,False
WIKI_sf10,reservoir,0.3,500,-0.017328903739494365,-0.2791727646548031,6.785302892528894,257,0.514,60071.0,0.42944435242817114,False,True,1.0,0.584398500211532,False,False
WIKI_sf10,reservoir,0.5,500,0.016579789171637133,-0.05728385495501545,4.083357747789375,254,0.508,61101.0,0.6372930309989867,False,True,1.0,0.7510953579630915,False,False
WIKI_sf10,reservoir,all,2479,1.585083065765254,-0.31746918664466556,29.69937343640105,1305,0.5264219443323921,1414971.0,0.000618812428723568,True,True,0.4084162029575549,0.0027410483419970126,False,True
WIKI_sf10,sparse_rp,0.01,474,12.254956455787156,-0.7105820394736835,65.34711615611012,249,0.5253164556962026,52031.0,0.15370757234821625,False,True,1.0,0.263498695454085,False,False
WIKI_sf10,sparse_rp,0.05,500,1.6607612925227506,-0.11252393589782873,21.91020784973537,253,0.506,61358.0,0.6950747097662793,False,True,1.0,0.792313140666225,False,False
WIKI_sf10,sparse_rp,0.1,500,0.1902368392335719,-1.0067919643405523,13.815601176892446,267,0.534,58248.0,0.17569400762547793,False,True,1.0,0.29282334604246324,False,False
WIKI_sf10,sparse_rp,0.3,500,0.5842410345485006,0.05490389683931403,6.691322092451731,245,0.49,58783.0,0.23459026411162875,False,False,1.0,0.37117549041664155,False,False
WIKI_sf10,sparse_rp,0.5,500,0.4092779413950862,0.3389750458812617,4.376491681076663,235,0.47,57539.0,0.11560784507472582,False,False,1.0,0.21136060318370925,False,False
WIKI_sf10,sparse_rp,all,2474,2.9228407089300994,-0.06526694849045991,31.42549392963835,1249,0.5048504446240906,1496407.0,0.33327114464028307,False,True,1.0,0.4813106246446101,False,False
WIKI_sf10,pca1d,0.01,471,13.087999889526643,-0.3735278371710674,61.3438903948375,246,0.5222929936305732,53961.0,0.5842999674972628,False,True,1.0,0.7101988555215348,False,False
WIKI_sf10,pca1d,0.05,500,1.1169427910225986,-0.6577448195007457,24.160589078560356,268,0.536,57255.0,0.09664481138179108,False,True,1.0,0.18542318462785498,False,False
WIKI_sf10,pca1d,0.1,500,-0.13172724349169943,-0.5670956837482773,14.607842680371947,266,0.532,56529.0,0.05930198496740811,False,True,1.0,0.1310398101055023,False,False
WIKI_sf10,pca1d,0.3,500,-0.05867642593209844,-0.15927877383328587,6.580348527553805,262,0.524,59474.0,0.3296398780533609,False,True,1.0,0.47815894398949055,False,False
WIKI_sf10,pca1d,0.5,500,0.12496265539082921,0.1602631341486187,4.185525180072321,237,0.474,61161.0,0.6506031232243981,False,False,1.0,0.7626963789131487,False,False
WIKI_sf10,pca1d,all,2471,2.7074863765527577,-0.17409241797997013,30.273188606327672,1279,0.5176042088223392,1443007.0,0.017775597148001407,True,True,1.0,0.050568509127935035,False,False
WIKI_sf10,lsh,0.01,471,8.646492359019113,-0.08494479563497084,55.6810632602753,239,0.5074309978768577,52125.0,0.2426743605564009,False,True,1.0,0.3813454237314871,False,False
WIKI_sf10,lsh,0.05,500,1.410217254155608,-0.0059036689887611935,21.65059771556185,250,0.5,60459.0,0.5027905520036491,False,True,1.0,0.6381572390815545,False,False
WIKI_sf10,lsh,0.1,500,0.168751909266062,0.20659470014933212,13.581083704019406,240,0.48,60337.0,0.47903891789187814,False,False,1.0,0.6248333711633193,False,False
WIKI_sf10,lsh,0.3,500,0.5070773941508483,0.39263277714257927,6.53549299433989,238,0.476,58315.0,0.18239902524482188,False,False,1.0,0.3024707453808604,False,False
WIKI_sf10,lsh,0.5,500,0.41969442824943126,0.4438769866374782,4.1840669191763205,227,0.454,55728.0,0.03286268385324482,True,False,1.0,0.08215670963311204,False,False
WIKI_sf10,lsh,all,2471,2.1551470635406633,0.210701838420756,27.302486757892154,1194,0.4832051800890328,1525308.0,0.9602000234734476,False,False,1.0,0.9794930687673499,False,False
WIKI_sf10,sobol,0.01,473,15.057393695039893,-0.2526217497270521,66.55503856374162,243,0.5137420718816068,55095.0,0.7480218120259161,False,True,1.0,0.8364509814985318,False,False
WIKI_sf10,sobol,0.05,500,0.12939949801969708,-1.32275757709761,21.802971632466512,267,0.534,56120.0,0.04416914577984841,True,True,1.0,0.10411298648107124,False,False
WIKI_sf10,sobol,0.1,500,-0.5193095890038069,-1.4260928036076355,13.984310610534058,274,0.548,55103.0,0.019959088182336604,True,True,1.0,0.056055311490817696,False,False
WIKI_sf10,sobol,0.3,500,0.014801253243111333,-0.4305511800677818,6.5704864844331885,263,0.526,60135.0,0.44109653595888654,False,True,1.0,0.5905146323181848,False,False
WIKI_sf10,sobol,0.5,500,-0.011031449858016323,-0.15469949068605532,4.268611293789943,258,0.516,61729.0,0.7816267843052238,False,True,1.0,0.8641100127997449,False,False
WIKI_sf10,sobol,all,2473,2.801891255137227,-0.5842442955325209,32.10702487056176,1305,0.5276991508289527,1427208.0,0.0039528620618378705,True,True,1.0,0.013587963337567678,False,True
YFCC_sf1,hdbscan,0.01,483,14.338292045101165,-0.36605975587260087,67.10019667304226,252,0.5217391304347826,57148.0,0.6730580156019876,False,True,1.0,0.7766054026176781,False,False
YFCC_sf1,hdbscan,0.05,500,-0.6639570037438723,-0.8181734945915944,18.111336038593528,265,0.53,53876.0,0.0067951795424226295,True,True,1.0,0.022092701960585888,False,True
YFCC_sf1,hdbscan,0.1,500,-0.38243248319196255,-0.5269617302399189,12.24537821797469,263,0.526,56872.0,0.07510340509678093,False,True,1.0,0.15112270537766895,False,False
YFCC_sf1,hdbscan,0.3,500,-1.1166743148769647,-0.7718930845104428,5.643477244357077,277,0.554,49058.0,2.701329490822767e-05,True,True,0.01782877463943026,0.00019170725418742217,True,True
YFCC_sf1,hdbscan,0.5,500,-0.9308982329209289,-0.6891945177351533,3.912283021808315,297,0.594,45882.0,2.220528808594152e-07,True,True,0.00014655490136721402,2.713979654948408e-06,True,True
YFCC_sf1,hdbscan,all,2483,2.1660950625924276,-0.6625378933177277,31.896918897345316,1354,0.545308095046315,1374693.0,2.8515080535288035e-06,True,True,0.0018819953153290103,2.578075774423302e-05,True,True
YFCC_sf1,minibatch,0.01,486,14.32688567629554,-0.4139713875049268,65.2824875004044,252,0.5185185185185185,57425.0,0.5731010535400571,False,True,1.0,0.7017563920898658,False,False
YFCC_sf1,minibatch,0.05,500,0.12657869275484923,-0.2848971611329505,19.315240047786023,257,0.514,56998.0,0.08170967794880732,False,True,1.0,0.16146223786291267,False,False
YFCC_sf1,minibatch,0.1,500,-0.39655543021534306,-0.5620386725647946,11.697502719342351,264,0.528,56930.0,0.07808812117251113,False,True,1.0,0.15612203150783382,False,False
YFCC_sf1,minibatch,0.3,500,-0.8447371782713294,-0.9377083375446476,6.154859006718271,287,0.574,51471.0,0.0005590005272785765,True,True,0.3689403480038605,0.0025269886849579484,False,True
YFCC_sf1,minibatch,0.5,500,-0.7591938549843766,-0.4800441584802758,3.974638859652275,282,0.564,49894.0,8.194183874289018e-05,True,True,0.054081613570307524,0.00048722174387664434,False,True
YFCC_sf1,minibatch,all,2486,2.423939080177608,-0.5925761432069012,31.321861941457453,1342,0.5398230088495575,1398146.0,3.761532529934893e-05,True,True,0.024826114697570296,0.00024488525833955377,True,True
YFCC_sf1,gmm,0.01,487,10.78838205952853,0.25410835965301926,62.478355351344824,235,0.48254620123203285,57709.0,0.5831954280263925,False,False,1.0,0.7101641743494815,False,False
YFCC_sf1,gmm,0.05,500,0.5752523608881499,-0.9194771254284493,20.271319271739568,270,0.54,56093.0,0.043296830061876825,True,True,1.0,0.10279103539870037,False,False
YFCC_sf1,gmm,0.1,500,-0.6720947655839724,-0.6928200887050608,11.920281745171353,265,0.53,55061.0,0.01927807079220623,True,True,1.0,0.054607410827708626,False,False
YFCC_sf1,gmm,0.3,500,-1.3085732627973252,-1.0610624903671315,5.795127982459286,289,0.578,47618.0,3.4374351912898667e-06,True,True,0.002268707226251312,3.0249429683350825e-05,True,True
YFCC_sf1,gmm,0.5,500,-0.9397968610902857,-0.7703346077448094,3.94663291856449,302,0.604,45292.0,8.21276588259495e-08,True,True,5.420425482512667e-05,1.1532820175558867e-06,True,True
YFCC_sf1,gmm,all,2487,1.6410678724160341,-0.5858945914081176,30.103618871544985,1361,0.5472456775231203,1366475.0,4.699016243979099e-07,True,True,0.00031013507210262054,5.168917868377009e-06,True,True
YFCC_sf1,hilbert,0.01,485,11.693697496681958,0.32149077735294573,58.18418157138423,236,0.4865979381443299,58575.0,0.9091209260598935,False,False,1.0,0.9517887796441092,False,False
YFCC_sf1,hilbert,0.05,500,1.1956137905923248,-0.3066762632646933,20.9958444685161,262,0.524,58494.0,0.20124002771417637,False,True,1.0,0.32633518007704276,False,False
YFCC_sf1,hilbert,0.1,500,-0.28309944338465537,-0.42621086625990473,12.421112082490435,256,0.512,56331.0,0.05151028096129066,False,True,1.0,0.11691155574689262,False,False
YFCC_sf1,hilbert,0.3,500,-0.8103071899492986,-0.6969469879961301,6.180542138350356,276,0.552,52405.0,0.001567924417421563,True,True,1.0,0.006123255121291311,False,True
YFCC_sf1,hilbert,0.5,500,-0.6675431386201031,-0.3760122471764906,4.155511783919829,277,0.554,50533.0,0.0001833200112730842,True,True,0.12099120744023556,0.0009679296595218844,False,True
YFCC_sf1,hilbert,all,2485,2.1685212455572973,-0.3708967747909774,28.533205236447714,1307,0.5259557344064386,1425282.0,0.0008659901741775897,True,True,0.5715535149572092,0.00364046824813509,False,True
YFCC_sf1,faiss_ivf,0.01,484,7.768124419165603,-0.21114130085302085,57.362504176419364,264,0.5454545454545454,52676.0,0.05095283872661776,False,True,1.0,0.11636288428916167,False,False
YFCC_sf1,faiss_ivf,0.05,500,-1.1607524232414554,-2.3273208628934956,17.47260432254663,277,0.554,51643.0,0.000679915791533843,True,True,0.4487444224123364,0.002952265936923266,False,True
YFCC_sf1,faiss_ivf,0.1,500,-0.34930672648489086,-0.3281357793588727,12.068186037515837,262,0.524,57208.0,0.0937612202788661,False,True,1.0,0.1814733295719989,False,False
YFCC_sf1,faiss_ivf,0.3,500,-0.9150513157998535,-1.0391831454193046,5.935521355071286,289,0.578,50438.0,0.00016301955135455262,True,True,0.10759290389400473,0.0008747390560488189,False,True
YFCC_sf1,faiss_ivf,0.5,500,-0.8666188574280222,-0.7552867548053892,4.123580910656425,291,0.582,47320.0,2.190778553335867e-06,True,True,0.0014459138452016722,2.0082136738912113e-05,True,True
YFCC_sf1,faiss_ivf,all,2484,0.8510094836550084,-0.8128831451379911,27.460270558109016,1383,0.5567632850241546,1328888.0,2.041947035778926e-09,True,True,1.3476850436140911e-06,3.963779540041444e-08,True,True
YFCC_sf1,minibatch_partial,0.01,484,9.511416158842799,-0.6870717576190988,60.95447084817912,260,0.5371900826446281,52916.0,0.060941639015681566,False,True,1.0,0.1327441641925737,False,False
YFCC_sf1,minibatch_partial,0.05,500,-0.4795463602257692,-2.738405883462093,20.46064705591477,281,0.562,51826.0,0.0008349623175199259,True,True,0.5510751295631511,0.003532532881815071,False,True
YFCC_sf1,minibatch_partial,0.1,500,-0.3296060300193234,-0.7296937261549232,12.667770343213128,274,0.548,55870.0,0.03663345781926951,True,True,1.0,0.09021672448029057,False,False
YFCC_sf1,minibatch_partial,0.3,500,-1.1123475774402585,-0.9858667682657279,6.2089319746170135,297,0.594,49109.0,2.895824513829493e-05,True,True,0.019112441791274654,0.00020332384884334738,True,True
YFCC_sf1,minibatch_partial,0.5,500,-0.8894515380573828,-0.6034557500414903,3.8897142240594853,287,0.574,47197.0,1.8147293173387921e-06,True,True,0.0011977213494436029,1.7110304992051468e-05,True,True
YFCC_sf1,minibatch_partial,all,2484,1.2874596086990935,-0.8459523373521038,29.457824906968767,1399,0.5632045088566827,1317644.0,2.8092044470003346e-10,True,True,1.8540749350202208e-07,6.866944203778596e-09,True,True
YFCC_sf1,reservoir,0.01,477,15.738718916627107,0.39136947945504763,66.26780568684556,230,0.48218029350104824,55744.0,0.6763251553489489,False,False,1.0,0.7776561019691747,False,False
YFCC_sf1,reservoir,0.05,500,0.11590982328503588,-0.9329843275009684,18.75259067351401,278,0.556,55249.0,0.022492447281833926,True,True,1.0,0.061343038041365254,False,False
YFCC_sf1,reservoir,0.1,500,-0.3322055371725485,-0.594251350556122,12.40667662338418,269,0.538,55524.0,0.02802977843414186,True,True,1.0,0.07226427252552198,False,False
YFCC_sf1,reservoir,0.3,500,-0.8230890563762518,-0.8726128206036977,6.230906075327243,283,0.566,52524.0,0.0017780912025670969,True,True,1.0,0.006862808150258971,False,True
YFCC_sf1,reservoir,0.5,500,-0.5847579473431183,-0.5117621851569174,4.0627775018009,280,0.56,51217.0,0.000416588173932264,True,True,0.27494819479529425,0.0019754276329345326,False,True
YFCC_sf1,reservoir,all,2477,2.7029865015856633,-0.5975558133767914,31.61509543984313,1340,0.540976988292289,1387041.0,3.437788077368107e-05,True,True,0.02268940131062951,0.00023391135371783,True,True
YFCC_sf1,sparse_rp,0.01,482,15.46318111368541,0.05117845394737844,61.67970701793367,236,0.4896265560165975,56042.0,0.48029591040618513,False,False,1.0,0.6252372798187026,False,False
YFCC_sf1,sparse_rp,0.05,500,4.040363614076705,0.6771655764557145,22.740223003664063,238,0.476,57513.0,0.1137584627421127,False,False,1.0,0.20999144972150974,False,False
YFCC_sf1,sparse_rp,0.1,500,1.8178183905802203,0.6195280405109769,13.360091656771147,233,0.466,58338.0,0.18474395580355552,False,False,1.0,0.30526554303118625,False,False
YFCC_sf1,sparse_rp,0.3,500,0.19121866838450763,-0.0889124877502954,6.862552758979989,258,0.516,62310.0,0.9223666467711468,False,True,1.0,0.9571729353285486,False,False
YFCC_sf1,sparse_rp,0.5,500,0.13117573948829733,0.032979075405282124,4.471581239767156,247,0.494,61845.0,0.8093131385110353,False,False,1.0,0.8814301508536028,False,False
YFCC_sf1,sparse_rp,all,2482,4.248002217188248,0.08468650734410246,30.410615321794772,1212,0.48831587429492346,1477813.0,0.07819131246258322,False,False,1.0,0.15612203150783382,False,False
YFCC_sf1,pca1d,0.01,478,13.153801604515412,-0.5428967161782045,67.36360046343657,258,0.5397489539748954,53441.0,0.20858688425289207,False,True,1.0,0.33659497214403117,False,False
YFCC_sf1,pca1d,0.05,500,0.8449340449832001,-0.35493545543546695,20.110629462127907,268,0.536,58117.0,0.16311812194445807,False,True,1.0,0.27463765429424064,False,False
YFCC_sf1,pca1d,0.1,500,0.6091267123483304,-0.05614651365826859,13.368109875671998,253,0.506,60665.0,0.5442662284213515,False,True,1.0,0.672688596925266,False,False
YFCC_sf1,pca1d,0.3,500,-0.22232605198882435,-0.15073012636850264,6.408101777640741,260,0.52,58477.0,0.19939188702108535,False,True,1.0,0.32413459466481853,False,False
YFCC_sf1,pca1d,0.5,500,-0.2888622602606919,-0.19590595509932873,4.308602018541656,266,0.532,56845.0,0.07374609386146083,False,True,1.0,0.14930190781768143,False,False
YFCC_sf1,pca1d,all,2478,2.727584095843169,-0.24543608242566767,32.11258430689661,1305,0.5266343825665859,1436935.0,0.0055391347305919925,True,True,1.0,0.018652188378524056,False,True
YFCC_sf1,lsh,0.01,481,9.310244404693979,-0.14725749466940233,59.81388542666751,253,0.525987525987526,53143.0,0.11422262189397271,False,True,1.0,0.20999144972150974,False,False
YFCC_sf1,lsh,0.05,500,2.7120234776598644,0.43340893001024117,18.806908214745988,235,0.47,58000.0,0.15247098140570733,False,False,1.0,0.2627437277487385,False,False
YFCC_sf1,lsh,0.1,500,1.7161371287827423,0.3330251364471948,12.76361956051119,228,0.456,57306.0,0.09985360287025219,False,False,1.0,0.18937752268496105,False,False
YFCC_sf1,lsh,0.3,500,1.251687093859782,1.1362269331603776,7.426268386476479,212,0.424,52277.0,0.0013675734056944285,True,False,0.9025984477583229,0.005459261029099312,False,True
YFCC_sf1,lsh,0.5,500,0.15063823194559986,0.30201327650950804,4.369417924634661,236,0.472,61231.0,0.6662733303380209,False,False,1.0,0.7714743824966558,False,False
YFCC_sf1,lsh,all,2481,2.9800364872155574,0.1852727209074602,28.68827191978068,1164,0.46916565900846435,1477762.0,0.08380993196692173,False,False,1.0,0.16462665207788196,False,False
YFCC_sf1,sobol,0.01,477,14.921996994266452,-0.15739668687289368,66.82877564308619,240,0.5031446540880503,55849.0,0.7019988818134041,False,True,1.0,0.7947952165111324,False,False
YFCC_sf1,sobol,0.05,500,1.5411718226683075,0.6170998746221064,18.408886468309483,243,0.486,62006.0,0.8481316049162186,False,False,1.0,0.9101900150320394,False,False
YFCC_sf1,sobol,0.1,500,-0.5928296378585342,-0.4909801807580001,12.36667957501742,255,0.51,56139.0,0.04479185112472901,True,True,1.0,0.10490917467554911,False,False
YFCC_sf1,sobol,0.3,500,-0.6733201499652972,-0.47344782608497177,6.007657695083968,274,0.548,53389.0,0.004271484422956322,True,True,1.0,0.014607148803892085,False,True
YFCC_sf1,sobol,0.5,500,-0.6970403844444305,-0.3501966623401641,3.8738088889970355,275,0.55,51244.0,0.0004299342460909135,True,True,0.28375660242000295,0.00201245817319151,False,True
YFCC_sf1,sobol,all,2477,2.78836632679254,-0.2911071530977978,31.70927146278054,1287,0.5195801372628179,1439162.0,0.0074019004169964195,True,True,1.0,0.023947324878517827,False,True
YFCC_sf10,hdbscan,0.01,478,14.391082911759783,0.267563530785565,63.91131893798078,232,0.48535564853556484,56422.0,0.7864786734966774,False,False,1.0,0.8665708255556046,False,False
YFCC_sf10,hdbscan,0.05,500,-1.9721044117840487,-1.9990878178129865,17.6139075552189,284,0.568,48953.0,2.3393021705085125e-05,True,True,0.015439394325356182,0.00016781950353648024,True,True
YFCC_sf10,hdbscan,0.1,500,-0.8340629850491007,-0.5325201865870937,11.384110056718859,262,0.524,55429.0,0.025996775071689963,True,True,1.0,0.06837427739583031,False,False
YFCC_sf10,hdbscan,0.3,500,-0.996503448026983,-0.9611648624744927,5.63541080277328,289,0.578,49212.0,3.32995510578662e-05,True,True,0.021977703698191693,0.00022893441352283013,True,True
YFCC_sf10,hdbscan,0.5,500,-0.7635218568609571,-0.6064568374148197,3.7415612211286082,284,0.568,48709.0,1.6679157244767887e-05,True,True,0.011008243781546806,0.0001265315377189288,True,True
YFCC_sf10,hdbscan,all,2478,1.8546574983699076,-0.707694381389848,30.391714829255086,1351,0.5451977401129944,1354200.0,3.458031212749108e-07,True,True,0.00022823006004144114,3.935001035197261e-06,True,True
YFCC_sf10,minibatch,0.01,477,14.071067638053472,-0.07878013888887993,64.48265102466523,243,0.5094339622641509,56191.0,0.7878669734026982,False,True,1.0,0.866653670742968,False,False
YFCC_sf10,minibatch,0.05,500,-0.7919451688343524,-1.5017286685499602,18.683482556566823,280,0.56,52773.0,0.002304013635030476,True,True,1.0,0.008448049995111744,False,True
YFCC_sf10,minibatch,0.1,500,-1.248259443878878,-0.8586776605251307,11.570089451811622,267,0.534,52106.0,0.0011366741340629065,True,True,0.7502049284815182,0.0046308946202562856,False,True
YFCC_sf10,minibatch,0.3,500,-0.9284700775158166,-0.8885486377341942,5.965708922144671,281,0.562,51077.0,0.0003533756103518164,True,True,0.23322790283219882,0.0017023934513299185,False,True
YFCC_sf10,minibatch,0.5,500,-0.6516982800358233,-0.6768584735772627,3.674180097416934,279,0.558,50846.0,0.00026830411887524013,True,True,0.1770807184576585,0.0013533879011862243,False,True
YFCC_sf10,minibatch,all,2477,1.978890907637897,-0.762349423639258,30.708666119965518,1350,0.5450141299959629,1350285.0,2.280810794342968e-07,True,True,0.0001505335124266359,2.736972953211562e-06,True,True
YFCC_sf10,gmm,0.01,481,13.21248807934515,-0.19152789709849832,60.73595952348439,243,0.5051975051975052,57572.0,0.898642845956496,False,True,1.0,0.9504461785266239,False,False
YFCC_sf10,gmm,0.05,500,-1.2299838855562626,-3.5658193617844507,20.013602278576432,296,0.592,49793.0,7.190418007372761e-05,True,True,0.04745675884866023,0.0004435211107351423,True,True
YFCC_sf10,gmm,0.1,500,-0.560816168119136,-0.4011043987711953,12.228633872362275,262,0.524,55361.0,0.024621025883326313,True,True,1.0,0.06632602891018516,False,False
YFCC_sf10,gmm,0.3,500,-1.1671362884996954,-0.7983142226461186,5.92263352139636,282,0.564,47694.0,3.850872601296254e-06,True,True,0.0025415759168555276,3.3441788379677995e-05,True,True
YFCC_sf10,gmm,0.5,500,-0.7902280422685758,-0.6737259374687458,3.7819237418329723,291,0.582,47737.0,4.105481615543426e-06,True,True,0.002709617866258661,3.473869059305975e-05,True,True
YFCC_sf10,gmm,all,2481,1.806176773052472,-0.8625111825471368,29.450521232978186,1374,0.5538089480048367,1339929.0,2.250770492496731e-08,True,True,1.4855085250478425e-05,3.7459250388027115e-07,True,True
YFCC_sf10,hilbert,0.01,479,9.918609681008784,-0.346484210526313,56.34124098997733,246,0.5135699373695198,55051.0,0.42291493317838225,False,True,1.0,0.5802990767104621,False,False
YFCC_sf10,hilbert,0.05,500,-0.5990111885144,-1.3415757119927547,18.64558574229372,273,0.546,53870.0,0.006757283519286147,True,True,1.0,0.022078253082816125,False,True
YFCC_sf10,hilbert,0.1,500,-0.2577257576141345,-0.7042223507371581,12.744288260217166,273,0.546,56608.0,0.06267257987788553,False,True,1.0,0.13517615267779232,False,False
YFCC_sf10,hilbert,0.3,500,-0.5335178175125259,-0.2901788042975022,5.794649121045773,259,0.518,55982.0,0.039862031293627635,True,True,1.0,0.09672404652130234,False,False
YFCC_sf10,hilbert,0.5,500,-0.7415330790588117,-0.4949115607576564,3.568503749033874,282,0.564,48833.0,1.9821230711395567e-05,True,True,0.013082012269521074,0.00014698890190473118,True,True
YFCC_sf10,hilbert,all,2479,1.4865349398359304,-0.4571608552631674,27.25120621179804,1333,0.5377168212989109,1382703.0,1.5007246372045656e-05,True,True,0.009904782605550133,0.00011517189076221086,True,True
YFCC_sf10,faiss_ivf,0.01,480,16.643895795531304,0.13200959916153054,67.68349135906074,238,0.49583333333333335,56396.0,0.6632354828986662,False,False,1.0,0.7693065355239361,False,False
YFCC_sf10,faiss_ivf,0.05,500,-1.6241392346559496,-2.5686693286045,17.781425338007942,280,0.56,50992.0,0.000319498171761592,True,True,0.21086879336265074,0.0015736477116615726,False,True
YFCC_sf10,faiss_ivf,0.1,500,-0.26579720349477026,-0.7316767066252013,12.291658979467277,262,0.524,57996.0,0.15211656979183255,False,True,1.0,0.2627437277487385,False,False
YFCC_sf10,faiss_ivf,0.3,500,-0.9154301167275801,-0.8530648566608474,5.815072816107168,280,0.56,50386.0,0.00015282326624290772,True,True,0.1008633557203191,0.0008405279643359924,False,True
YFCC_sf10,faiss_ivf,0.5,500,-0.616026103548991,-0.5677677775235141,3.698066337089083,293,0.586,49258.0,3.543201170170558e-05,True,True,0.023385127723125683,0.00023621341134470386,True,True
YFCC_sf10,faiss_ivf,all,2480,2.5316022792908788,-0.6991581999206096,32.22477545589969,1353,0.5455645161290322,1393891.0,5.1873734680734614e-05,True,True,0.03423666488928485,0.00032919870085850817,True,True
YFCC_sf10,minibatch_partial,0.01,476,15.159421011950391,0.4061059549689189,64.13106138943672,229,0.4810924369747899,54800.0,0.5132679322278793,False,False,1.0,0.6452511148007625,False,False
YFCC_sf10,minibatch_partial,0.05,500,-1.073500460004533,-3.838914549839688,19.829046934858532,289,0.578,51352.0,0.00048741241491510764,True,True,0.321692193843971,0.0022495957611466505,False,True
YFCC_sf10,minibatch_partial,0.1,500,-0.29741336081947783,-0.9301063032479824,13.270177019674628,268,0.536,56532.0,0.059427177083738486,False,True,1.0,0.1310398101055023,False,False
YFCC_sf10,minibatch_partial,0.3,500,-0.9814786968933201,-0.7070633898866304,5.902887663868202,292,0.584,49280.0,3.6497135555310954e-05,True,True,0.02408810946650523,0.0002408810946650523,True,True
YFCC_sf10,minibatch_partial,0.5,500,-0.7203412635916853,-0.42285735215559195,3.8250563349046205,285,0.57,49121.0,2.943485102528691e-05,True,True,0.01942700167668936,0.00020449475449146694,True,True
YFCC_sf10,minibatch_partial,all,2476,2.2938277508214364,-0.6214133570212914,30.904470845313618,1363,0.5504846526655897,1372576.0,6.283352031380898e-06,True,True,0.0041470123407113925,5.119768321865917e-05,True,True
YFCC_sf10,reservoir,0.01,477,15.287762159314243,0.14300975285949988,63.42397021417582,228,0.4779874213836478,54450.0,0.39694841441238793,False,False,1.0,0.5550549862546102,False,False
YFCC_sf10,reservoir,0.05,500,0.46416171565312586,-0.7420545298571678,20.250553125709786,268,0.536,56720.0,0.06772123163827123,False,True,1.0,0.14325645154249683,False,False
YFCC_sf10,reservoir,0.1,500,-0.5348766350417538,-0.44215098824376536,11.714679288639438,264,0.528,55285.0,0.02315848902286605,True,True,1.0,0.06289959981519173,False,False
YFCC_sf10,reservoir,0.3,500,-0.7012727646293999,-0.931721115962783,6.067236266348351,281,0.562,52573.0,0.001871925611156093,True,True,1.0,0.007141450308456771,False,True
YFCC_sf10,reservoir,0.5,500,-0.4460236432068178,-0.45199143874685255,3.987188337836974,271,0.542,54046.0,0.007951434800377159,True,True,1.0,0.025475470719654978,False,True
YFCC_sf10,reservoir,all,2477,2.6981255092371703,-0.4458666499975875,30.556936789944643,1312,0.5296729915220024,1422345.0,0.0016293014074084482,True,True,1.0,0.006325523111115152,False,True
YFCC_sf10,sparse_rp,0.01,480,14.073537224470593,0.1945511926755403,58.9952919248676,234,0.4875,55085.0,0.38614731804166025,False,False,1.0,0.5416902491247936,False,False
YFCC_sf10,sparse_rp,0.05,500,1.1869491469768905,-0.33564807668300645,20.960962183944865,264,0.528,59369.0,0.3137791760305396,False,True,1.0,0.4591890380934726,False,False
YFCC_sf10,sparse_rp,0.1,500,1.0108091958559273,0.04952701960080309,13.345565631836937,247,0.494,61207.0,0.6608838218370245,False,False,1.0,0.7693065355239361,False,False
YFCC_sf10,sparse_rp,0.3,500,0.13223385249423378,-0.059305964452111004,6.678405829142862,253,0.506,60349.0,0.4813476527621917,False,True,1.0,0.6253729346910365,False,False
YFCC_sf10,sparse_rp,0.5,500,0.06220154401936424,-0.17087763895476388,4.266052128360319,256,0.512,60487.0,0.5083282642071028,False,True,1.0,0.6414849988081985,False,False
YFCC_sf10,sparse_rp,all,2480,3.206207555410925,-0.06799070466157506,28.97127059968003,1254,0.5056451612903226,1523501.0,0.6798085839859314,False,True,1.0,0.7803020268360256,False,False
YFCC_sf10,pca1d,0.01,483,11.794650974188224,-0.06517241015056345,60.64961029589514,248,0.5134575569358178,57007.0,0.6398580048098218,False,True,1.0,0.751447647840146,False,False
YFCC_sf10,pca1d,0.05,500,-0.30833845170794677,-0.6794492245233752,18.68823740160083,266,0.532,55448.0,0.02639285990580555,True,True,1.0,0.0691241568961574,False,False
YFCC_sf10,pca1d,0.1,500,0.2589236357928169,-0.10783883134316227,12.690754564969003,253,0.506,60819.0,0.57634558709049,False,True,1.0,0.70442238422171,False,False
YFCC_sf10,pca1d,0.3,500,-0.6862799097584218,-0.3600449809839671,6.250219296594591,264,0.528,54579.0,0.012802069656139713,True,True,1.0,0.038406208968419134,False,True
YFCC_sf10,pca1d,0.5,500,-0.5667501117931389,-0.380081739378316,3.6812487208690774,277,0.554,51512.0,0.0005858536735584483,True,True,0.3866634245485759,0.002630363432303237,False,True
YFCC_sf10,pca1d,all,2483,2.0320555786546786,-0.3174990513383454,29.189153354728102,1308,0.5267821184051551,1432658.0,0.0022220528667487795,True,True,1.0,0.008285620859063245,False,True
YFCC_sf10,lsh,0.01,479,14.90604039566652,0.15103837837837417,61.77984192107205,230,0.4801670146137787,54337.0,0.29976515432890116,False,False,1.0,0.44161830771668475,False,False
YFCC_sf10,lsh,0.05,500,-2.260679802640795,-3.35111819193988,18.345924367803228,291,0.582,47980.0,5.876301264909527e-06,True,True,0.003878358834840288,4.8479485435503604e-05,True,True
YFCC_sf10,lsh,0.1,500,-0.5166506551269925,-0.6913605833389609,11.815349170716615,272,0.544,56538.0,0.059678213145191776,False,True,1.0,0.1310398101055023,False,False
YFCC_sf10,lsh,0.3,500,0.18029439668838262,0.17568403169012342,6.3029080542081495,244,0.488,61813.0,0.8016500428860983,False,False,1.0,0.8759752124252067,False,False
YFCC_sf10,lsh,0.5,500,0.6847951768276846,0.38704721927730534,4.4186974863362005,226,0.452,53261.0,0.0037676876657566304,True,False,1.0,0.013019234865965321,False,True
YFCC_sf10,lsh,all,2479,2.494502988059058,-0.1620256686678585,29.721573722245534,1263,0.509479628882614,1483013.0,0.1299844053264194,False,True,1.0,0.23249243229115665,False,False
YFCC_sf10,sobol,0.01,469,16.976508804768955,0.26677818355118776,62.41597529233979,219,0.4669509594882729,50459.0,0.113446884276217,False,False,1.0,0.20999144972150974,False,False
YFCC_sf10,sobol,0.05,500,0.4747178947220984,-0.8806115187807134,20.24080744353756,267,0.534,56797.0,0.07138265103407003,False,True,1.0,0.1463122660946777,False,False
YFCC_sf10,sobol,0.1,500,0.7526718547133278,-0.1567396257461116,13.066743418847693,255,0.51,62219.0,0.9000437296653636,False,True,1.0,0.9504461785266239,False,False
YFCC_sf10,sobol,0.3,500,-0.7766490024128331,-0.4262538074883475,5.800617252553779,280,0.56,52258.0,0.001339932742297261,True,True,0.8843556099161923,0.005392412255586539,False,True
YFCC_sf10,sobol,0.5,500,-0.5202545137980666,-0.6150172258437525,3.907263932636369,275,0.55,52373.0,0.001515448541077905,True,True,1.0,0.0059535478399489125,False,True
YFCC_sf10,sobol,all,2469,3.210703015815676,-0.29909402310647015,30.20336192885819,1296,0.5249088699878494,1455123.0,0.049832984332661374,True,True,1.0,0.11420058909568231,False,False
