dataset,mode,selectivity,seed,query_id,true_card,est,q_error,sample_size_used_t1,sample_size_used_t2,table,D1_target,D2_target
partsupp_deep_sift_10,adaptive_sampling,0.01,0.1,1458649,81998,71243.04267161411,1.1509615104166666,385,385,partsupp_deep_sift_10,1.1585617065429688,572.3234252929688
partsupp_deep_sift_10,adaptive_sampling,0.01,0.1,3590985,78419,102115.02782931353,1.3021720224602906,385,385,partsupp_deep_sift_10,1.2515356540679932,578.5886840820312
partsupp_deep_sift_10,adaptive_sampling,0.01,0.1,2861019,79434,64226.68240850059,1.2367756985294118,385,385,partsupp_deep_sift_10,1.2202587127685547,531.1737060546875
partsupp_deep_sift_10,adaptive_sampling,0.01,0.1,7811320,82115,58721.53820205769,1.3983795812270219,385,385,partsupp_deep_sift_10,1.1162461042404175,496.4654235839844
partsupp_deep_sift_10,adaptive_sampling,0.01,0.1,1427886,77500,71027.15466351829,1.091131981382979,385,385,partsupp_deep_sift_10,1.2062091827392578,590.193359375
partsupp_deep_sift_10,adaptive_sampling,0.01,0.1,4288339,78390,77072.0188902007,1.017100643382353,385,385,partsupp_deep_sift_10,1.1372402906417847,552.8969116210938
partsupp_deep_sift_10,adaptive_sampling,0.01,0.1,3227404,79293,96393.99561477485,1.2156684148004848,385,385,partsupp_deep_sift_10,1.2433892488479614,569.2608642578125
partsupp_deep_sift_10,adaptive_sampling,0.01,0.1,5886013,80901,73024.11873840445,1.1078668445121953,385,385,partsupp_deep_sift_10,1.243363618850708,532.3810424804688
partsupp_deep_sift_10,adaptive_sampling,0.01,0.1,2636413,77978,64118.73840445269,1.2161499421296296,385,385,partsupp_deep_sift_10,1.0980408191680908,541.2767333984375
partsupp_deep_sift_10,adaptive_sampling,0.01,0.1,6936640,82318,62175.74633159049,1.323956765407986,385,385,partsupp_deep_sift_10,1.329702615737915,472.79803466796875
partsupp_deep_sift_10,adaptive_sampling,0.01,0.1,5469472,77702,132123.46095462976,1.7003868749147997,385,385,partsupp_deep_sift_10,1.141785740852356,487.6527404785156
partsupp_deep_sift_10,adaptive_sampling,0.01,0.1,4444886,80178,69893.74262101536,1.1471413175675673,385,385,partsupp_deep_sift_10,1.1260658502578735,478.550537109375
partsupp_deep_sift_10,adaptive_sampling,0.01,0.1,6631898,83542,116039.80435149265,1.3889995972264568,385,385,partsupp_deep_sift_10,1.2197622060775757,434.9550476074219
partsupp_deep_sift_10,adaptive_sampling,0.01,0.1,7640583,79974,68868.2745825603,1.1612603987068963,385,385,partsupp_deep_sift_10,1.2964671850204468,513.2020874023438
partsupp_deep_sift_10,adaptive_sampling,0.01,0.1,7822107,80684,111074.38016528924,1.3766593149235196,385,385,partsupp_deep_sift_10,1.2597941160202026,474.6644287109375
partsupp_deep_sift_10,adaptive_sampling,0.01,0.1,6733700,81716,97473.43565525384,1.1928317056054363,385,385,partsupp_deep_sift_10,1.1525179147720337,595.0745239257812
partsupp_deep_sift_10,adaptive_sampling,0.01,0.1,839131,79645,92292.12346095464,1.1587936902624727,385,385,partsupp_deep_sift_10,1.1870739459991455,454.89306640625
partsupp_deep_sift_10,adaptive_sampling,0.01,0.1,6952719,78947,104435.82391634339,1.3228599429534167,385,385,partsupp_deep_sift_10,1.2008575201034546,458.9126281738281
partsupp_deep_sift_10,adaptive_sampling,0.01,0.1,3862714,79134,93263.61949738572,1.1785530808171674,385,385,partsupp_deep_sift_10,1.1932599544525146,582.0686645507812
partsupp_deep_sift_10,adaptive_sampling,0.01,0.1,695062,81532,69731.82661494351,1.1692222039473683,385,385,partsupp_deep_sift_10,1.1563990116119385,546.825927734375
partsupp_deep_sift_10,adaptive_sampling,0.01,0.1,6815544,78310,78367.3469387755,1.0007323067140277,385,385,partsupp_deep_sift_10,1.2705234289169312,542.8360595703125
partsupp_deep_sift_10,adaptive_sampling,0.01,0.1,6963267,78860,81929.49907235622,1.0389233968089808,385,385,partsupp_deep_sift_10,1.2207585573196411,487.38897705078125
partsupp_deep_sift_10,adaptive_sampling,0.01,0.1,3402371,78971,97149.60364311014,1.2301934082525248,385,385,partsupp_deep_sift_10,1.2719320058822632,482.260009765625
partsupp_deep_sift_10,adaptive_sampling,0.01,0.1,6909999,79060,61204.25029515938,1.2917403549382718,385,385,partsupp_deep_sift_10,1.2934293746948242,556.494140625
partsupp_deep_sift_10,adaptive_sampling,0.01,0.1,6366790,82611,86894.92325855962,1.0518565718676642,385,385,partsupp_deep_sift_10,1.275483250617981,505.9660949707031
partsupp_deep_sift_10,adaptive_sampling,0.01,0.1,481095,79159,53432.28200371057,1.4814826736111113,385,385,partsupp_deep_sift_10,1.2758615016937256,509.6593933105469
partsupp_deep_sift_10,adaptive_sampling,0.01,0.1,3528014,77806,57911.95817169843,1.3435221749767008,385,385,partsupp_deep_sift_10,1.192535400390625,492.5322265625
partsupp_deep_sift_10,adaptive_sampling,0.01,0.1,5369867,77241,73833.69876876372,1.0461483209978069,385,385,partsupp_deep_sift_10,1.248127818107605,488.4177551269531
partsupp_deep_sift_10,adaptive_sampling,0.01,0.1,7520880,80807,67357.0585258897,1.1996812474959935,385,385,partsupp_deep_sift_10,1.2978402376174927,550.653076171875
partsupp_deep_sift_10,adaptive_sampling,0.01,0.1,6025740,80332,88783.94332939788,1.105212659082282,385,385,partsupp_deep_sift_10,1.1894699335098267,454.29901123046875
partsupp_deep_sift_10,adaptive_sampling,0.01,0.1,3454116,76835,87866.41929499073,1.1435728417386704,385,385,partsupp_deep_sift_10,1.2314070463180542,528.7625122070312
partsupp_deep_sift_10,adaptive_sampling,0.01,0.1,6288378,79815,68004.72255017709,1.1736684895833334,385,385,partsupp_deep_sift_10,1.2452954053878784,492.21063232421875
partsupp_deep_sift_10,adaptive_sampling,0.01,0.1,1370862,79848,136980.94113678526,1.7155212545935434,385,385,partsupp_deep_sift_10,1.2117983102798462,497.7179870605469
partsupp_deep_sift_10,adaptive_sampling,0.01,0.1,2964065,78857,68004.7225501771,1.1595812326388888,385,385,partsupp_deep_sift_10,1.2284141778945923,512.8976440429688
partsupp_deep_sift_10,adaptive_sampling,0.01,0.1,7031696,78774,70271.546635183,1.1209942540322582,385,385,partsupp_deep_sift_10,1.2324044704437256,485.07708740234375
partsupp_deep_sift_10,adaptive_sampling,0.01,0.1,4389879,80734,64766.4024287401,1.2465413697916665,385,385,partsupp_deep_sift_10,1.2300347089767456,601.8147583007812
partsupp_deep_sift_10,adaptive_sampling,0.01,0.1,332506,79899,136549.16512059368,1.7090222045406536,385,385,partsupp_deep_sift_10,1.2145559787750244,513.7750854492188
partsupp_deep_sift_10,adaptive_sampling,0.01,0.1,7799146,79058,61528.08230730309,1.2849092160087718,385,385,partsupp_deep_sift_10,1.2312073707580566,519.1454467773438
partsupp_deep_sift_10,adaptive_sampling,0.01,0.1,3041529,79571,92561.98347107437,1.1632627901003427,385,385,partsupp_deep_sift_10,1.1483227014541626,488.72784423828125
partsupp_deep_sift_10,adaptive_sampling,0.01,0.1,737452,80194,98930.67970990049,1.2336419147305346,385,385,partsupp_deep_sift_10,1.2798588275909424,434.2889404296875
partsupp_deep_sift_10,adaptive_sampling,0.01,0.1,5167757,81537,72862.2027323326,1.1190575763888888,385,385,partsupp_deep_sift_10,1.252101182937622,513.8399658203125
partsupp_deep_sift_10,adaptive_sampling,0.01,0.1,1813464,78991,75884.63484567382,1.0409353640647225,385,385,partsupp_deep_sift_10,1.2436870336532593,476.1165771484375
partsupp_deep_sift_10,adaptive_sampling,0.01,0.1,6207689,80740,86301.23123629617,1.0688782664886818,385,385,partsupp_deep_sift_10,1.1708049774169922,599.5791625976562
partsupp_deep_sift_10,adaptive_sampling,0.01,0.1,7385883,80429,63579.01838421319,1.2650242492572157,385,385,partsupp_deep_sift_10,1.1777342557907104,450.46942138671875
partsupp_deep_sift_10,adaptive_sampling,0.01,0.1,1110231,78307,85005.90318772137,1.0855466712774258,385,385,partsupp_deep_sift_10,1.2301665544509888,546.38427734375
partsupp_deep_sift_10,adaptive_sampling,0.01,0.1,4260736,79280,86355.20323832013,1.0892432295449057,385,385,partsupp_deep_sift_10,1.2347526550292969,567.0369262695312
partsupp_deep_sift_10,adaptive_sampling,0.01,0.1,7241835,79963,46631.80974869287,1.7147736798321758,385,385,partsupp_deep_sift_10,1.2067705392837524,531.5641479492188
partsupp_deep_sift_10,adaptive_sampling,0.01,0.1,5886526,80481,56994.43413729128,1.4120852539062498,385,385,partsupp_deep_sift_10,1.0852018594741821,548.0302734375
partsupp_deep_sift_10,adaptive_sampling,0.01,0.1,7903428,80402,71944.67869792545,1.1175531179669917,385,385,partsupp_deep_sift_10,1.1325520277023315,483.0943908691406
partsupp_deep_sift_10,adaptive_sampling,0.01,0.1,2010126,78819,106540.73199527744,1.3517138252867638,385,385,partsupp_deep_sift_10,1.1659375429153442,469.8636779785156
partsupp_deep_sift_10,adaptive_sampling,0.01,0.1,64433,80315,57264.007526126705,1.4025389327380953,383,383,partsupp_deep_sift_10,1.2458291053771973,515.2754516601562
partsupp_deep_sift_10,adaptive_sampling,0.01,0.1,6427842,80597,55791.50447545487,1.444610622311828,383,383,partsupp_deep_sift_10,1.127610683441162,518.9891967773438
partsupp_deep_sift_10,adaptive_sampling,0.01,0.1,1934109,80308,90804.35479142948,1.1307012351375887,383,383,partsupp_deep_sift_10,1.1786408424377441,476.6014099121094
partsupp_deep_sift_10,adaptive_sampling,0.01,0.1,2037726,78032,54973.44722508163,1.4194489146825398,383,383,partsupp_deep_sift_10,1.253166913986206,593.3135986328125
partsupp_deep_sift_10,adaptive_sampling,0.01,0.1,944719,78844,93585.74944269849,1.186973637089677,383,383,partsupp_deep_sift_10,1.0694438219070435,531.5699462890625
partsupp_deep_sift_10,adaptive_sampling,0.01,0.1,5909334,78622,74661.35838406424,1.0530480787070855,383,383,partsupp_deep_sift_10,1.2997132539749146,477.7635498046875
partsupp_deep_sift_10,adaptive_sampling,0.01,0.1,7834709,80309,102529.84204677925,1.276691803493746,383,383,partsupp_deep_sift_10,1.269679069519043,541.9563598632812
partsupp_deep_sift_10,adaptive_sampling,0.01,0.1,7376316,80487,61190.68232791825,1.315347319852941,383,383,partsupp_deep_sift_10,1.1346229314804077,478.3782043457031
partsupp_deep_sift_10,adaptive_sampling,0.01,0.1,5165847,79564,97403.34994444027,1.224213839732043,383,383,partsupp_deep_sift_10,1.2349876165390015,512.4940795898438
partsupp_deep_sift_10,adaptive_sampling,0.01,0.1,1376518,80834,89440.92604080742,1.106476557399206,383,383,partsupp_deep_sift_10,1.1538054943084717,573.1790161132812
partsupp_deep_sift_10,adaptive_sampling,0.01,0.1,378067,81406,75043.11843423842,1.0847896742369185,383,383,partsupp_deep_sift_10,1.1999801397323608,473.1714172363281
partsupp_deep_sift_10,adaptive_sampling,0.01,0.1,2548244,78194,65935.41438008304,1.185918079611249,383,383,partsupp_deep_sift_10,1.2704721689224243,543.5182495117188
partsupp_deep_sift_10,adaptive_sampling,0.01,0.1,6059356,79555,70625.60928222293,1.1264327601351354,383,383,partsupp_deep_sift_10,1.0709707736968994,486.2569274902344
partsupp_deep_sift_10,adaptive_sampling,0.01,0.1,2093515,79778,112619.2148013825,1.4116575346760072,383,383,partsupp_deep_sift_10,1.2240983247756958,503.2249755859375
partsupp_deep_sift_10,adaptive_sampling,0.01,0.1,7666555,82559,103184.28784707784,1.249824826452329,383,383,partsupp_deep_sift_10,1.2897976636886597,471.37298583984375
partsupp_deep_sift_10,adaptive_sampling,0.01,0.1,4888112,78772,112728.28910143228,1.431070546659121,383,383,partsupp_deep_sift_10,1.1825072765350342,454.7341003417969
partsupp_deep_sift_10,adaptive_sampling,0.01,0.1,3745676,76591,68716.80903135205,1.1145890078373015,383,383,partsupp_deep_sift_10,1.1852964162826538,509.7596740722656
partsupp_deep_sift_10,adaptive_sampling,0.01,0.1,1117872,78707,74606.82123403937,1.0549571567068714,383,383,partsupp_deep_sift_10,1.280386209487915,492.3041687011719
partsupp_deep_sift_10,adaptive_sampling,0.01,0.1,1782015,78758,76024.7871346863,1.0359516016857964,383,383,partsupp_deep_sift_10,1.308508276939392,498.5712585449219
partsupp_deep_sift_10,adaptive_sampling,0.01,0.1,5399003,81376,74388.67263393983,1.0939299912023461,383,383,partsupp_deep_sift_10,1.1544610261917114,484.9765930175781
partsupp_deep_sift_10,adaptive_sampling,0.01,0.1,7813502,79785,47338.24622159808,1.685423655673963,383,383,partsupp_deep_sift_10,1.2021015882492065,481.955078125
partsupp_deep_sift_10,adaptive_sampling,0.01,0.1,7712554,76330,76570.15863493513,1.0031463203843198,383,383,partsupp_deep_sift_10,1.1845875978469849,521.2858276367188
partsupp_deep_sift_10,adaptive_sampling,0.01,0.1,1407909,81029,78697.10748590555,1.0296312353603605,383,383,partsupp_deep_sift_10,1.2321441173553467,459.9862060546875
partsupp_deep_sift_10,adaptive_sampling,0.01,0.1,25058,80164,80278.68483662716,1.0014306276711138,383,383,partsupp_deep_sift_10,1.2523014545440674,463.5052490234375
partsupp_deep_sift_10,adaptive_sampling,0.01,0.1,5261130,78267,100348.35604578393,1.2821285605144432,383,383,partsupp_deep_sift_10,1.2228223085403442,552.2269287109375
partsupp_deep_sift_10,adaptive_sampling,0.01,0.1,6080832,78997,88350.18304030977,1.1183992182020808,383,383,partsupp_deep_sift_10,1.2412508726119995,500.3233947753906
partsupp_deep_sift_10,adaptive_sampling,0.01,0.1,2248413,81510,76352.0100348356,1.0675553919642857,383,383,partsupp_deep_sift_10,1.1413836479187012,483.84698486328125
partsupp_deep_sift_10,adaptive_sampling,0.01,0.1,3861353,79171,82732.85658774686,1.0449894101090913,383,383,partsupp_deep_sift_10,1.2959778308868408,504.97998046875
partsupp_deep_sift_10,adaptive_sampling,0.01,0.1,4878920,78985,69807.5520318497,1.131467838378906,383,383,partsupp_deep_sift_10,1.2274802923202515,468.1325378417969
partsupp_deep_sift_10,adaptive_sampling,0.01,0.1,3401984,79974,76570.15863493513,1.044453889423077,383,383,partsupp_deep_sift_10,1.2167928218841553,536.9682006835938
partsupp_deep_sift_10,adaptive_sampling,0.01,0.1,1227788,81395,75043.11843423842,1.0846430918422965,383,383,partsupp_deep_sift_10,1.1407045125961304,487.0450744628906
partsupp_deep_sift_10,adaptive_sampling,0.01,0.1,6908906,79969,107656.33414911821,1.3462258393767361,383,383,partsupp_deep_sift_10,1.2414016723632812,527.527099609375
partsupp_deep_sift_10,adaptive_sampling,0.01,0.1,6867890,78203,116273.20385304965,1.486812575643513,383,383,partsupp_deep_sift_10,1.3219497203826904,492.1336975097656
partsupp_deep_sift_10,adaptive_sampling,0.01,0.1,1544377,81109,96148.99549386797,1.1854294282245863,383,383,partsupp_deep_sift_10,1.2852576971054077,477.5601501464844
partsupp_deep_sift_10,adaptive_sampling,0.01,0.1,6309693,83087,65935.41438008304,1.2601270619313483,383,383,partsupp_deep_sift_10,1.2117139101028442,479.8338317871094
partsupp_deep_sift_10,adaptive_sampling,0.01,0.1,2552747,79738,75043.11843423842,1.062562452943314,383,383,partsupp_deep_sift_10,1.2629334926605225,575.3642578125
partsupp_deep_sift_10,adaptive_sampling,0.01,0.1,481105,79552,62826.79682866472,1.2662112986111111,383,383,partsupp_deep_sift_10,1.1562559604644775,504.13916015625
partsupp_deep_sift_10,adaptive_sampling,0.01,0.1,7176724,81540,84423.50823851823,1.035363113055166,383,383,partsupp_deep_sift_10,1.2092878818511963,459.1042175292969
partsupp_deep_sift_10,adaptive_sampling,0.01,0.1,5591179,81147,87204.90288978723,1.0746534423920444,383,383,partsupp_deep_sift_10,1.2739864587783813,471.8622741699219
partsupp_deep_sift_10,adaptive_sampling,0.01,0.1,5278949,79256,104220.4936975506,1.3149855367107928,383,383,partsupp_deep_sift_10,1.1804161071777344,466.27630615234375
partsupp_deep_sift_10,adaptive_sampling,0.01,0.1,6922681,80200,93585.74944269849,1.1669046065174375,383,383,partsupp_deep_sift_10,1.2243480682373047,489.2940673828125
partsupp_deep_sift_10,adaptive_sampling,0.01,0.1,3447240,82385,90858.89194145436,1.1028572184433376,383,383,partsupp_deep_sift_10,1.1817381381988525,440.7603759765625
partsupp_deep_sift_10,adaptive_sampling,0.01,0.1,4147711,81842,70189.31208202388,1.1660179815462315,383,383,partsupp_deep_sift_10,1.2463845014572144,611.0465087890625
partsupp_deep_sift_10,adaptive_sampling,0.01,0.1,3626284,76939,100621.04179590834,1.307802828161379,383,383,partsupp_deep_sift_10,1.2457784414291382,510.17633056640625
partsupp_deep_sift_10,adaptive_sampling,0.01,0.1,1298658,80033,95985.38404379334,1.1993225799831737,383,383,partsupp_deep_sift_10,1.15007746219635,462.96099853515625
partsupp_deep_sift_10,adaptive_sampling,0.01,0.1,2109177,81444,91622.41204180273,1.1249743632655902,383,383,partsupp_deep_sift_10,1.1113593578338623,478.6725158691406
partsupp_deep_sift_10,adaptive_sampling,0.01,0.1,7938046,79981,80660.44488680133,1.0084950786662,383,383,partsupp_deep_sift_10,1.2188935279846191,555.1898803710938
partsupp_deep_sift_10,adaptive_sampling,0.01,0.1,6347870,79923,61190.68232791825,1.3061302302807487,383,383,partsupp_deep_sift_10,1.2269318103790283,442.0709228515625
partsupp_deep_sift_10,adaptive_sampling,0.01,0.1,3511592,78137,72643.48383314359,1.075622972316066,383,383,partsupp_deep_sift_10,1.2054859399795532,458.1462707519531
partsupp_deep_sift_10,adaptive_sampling,0.01,0.1,6110214,79614,66808.00878048115,1.1916834740816327,383,383,partsupp_deep_sift_10,1.3537731170654297,498.2738037109375
partsupp_deep_sift_10,adaptive_sampling,0.01,0.2,1458649,81998,106864.56400742114,1.303258177119212,385,385,partsupp_deep_sift_10,1.1585617065429688,572.3234252929688
partsupp_deep_sift_10,adaptive_sampling,0.01,0.2,3590985,78419,92615.95547309834,1.1810397413011942,385,385,partsupp_deep_sift_10,1.2515356540679932,578.5886840820312
partsupp_deep_sift_10,adaptive_sampling,0.01,0.2,2861019,79434,90672.96340023613,1.141488070602464,385,385,partsupp_deep_sift_10,1.2202587127685547,531.1737060546875
partsupp_deep_sift_10,adaptive_sampling,0.01,0.2,7811320,82115,84628.09917355371,1.03060462976988,385,385,partsupp_deep_sift_10,1.1162461042404175,496.4654235839844
partsupp_deep_sift_10,adaptive_sampling,0.01,0.2,1427886,77500,90511.04739416428,1.1678844825053456,385,385,partsupp_deep_sift_10,1.2062091827392578,590.193359375
partsupp_deep_sift_10,adaptive_sampling,0.01,0.2,4288339,78390,67357.0585258897,1.1637978515624998,385,385,partsupp_deep_sift_10,1.1372402906417847,552.8969116210938
partsupp_deep_sift_10,adaptive_sampling,0.01,0.2,3227404,79293,71566.87468375781,1.1079567236990948,385,385,partsupp_deep_sift_10,1.2433892488479614,569.2608642578125
partsupp_deep_sift_10,adaptive_sampling,0.01,0.2,5886013,80901,77935.57092258392,1.0380497511253461,385,385,partsupp_deep_sift_10,1.243363618850708,532.3810424804688
partsupp_deep_sift_10,adaptive_sampling,0.01,0.2,2636413,77978,80742.1150278293,1.0354473701278477,385,385,partsupp_deep_sift_10,1.0980408191680908,541.2767333984375
partsupp_deep_sift_10,adaptive_sampling,0.01,0.2,6936640,82318,77449.82290436835,1.0628558841463416,385,385,partsupp_deep_sift_10,1.329702615737915,472.79803466796875
partsupp_deep_sift_10,adaptive_sampling,0.01,0.2,5469472,77702,59908.92224658458,1.297002134009009,385,385,partsupp_deep_sift_10,1.141785740852356,487.6527404785156
partsupp_deep_sift_10,adaptive_sampling,0.01,0.2,4444886,80178,101467.36380502615,1.2655262516528991,385,385,partsupp_deep_sift_10,1.1260658502578735,478.550537109375
partsupp_deep_sift_10,adaptive_sampling,0.01,0.2,6631898,83542,111614.10018552875,1.336023798634564,385,385,partsupp_deep_sift_10,1.2197622060775757,434.9550476074219
partsupp_deep_sift_10,adaptive_sampling,0.01,0.2,7640583,79974,77449.82290436835,1.0325911280487805,385,385,partsupp_deep_sift_10,1.2964671850204468,513.2020874023438
partsupp_deep_sift_10,adaptive_sampling,0.01,0.2,7822107,80684,65252.150446955646,1.2364956472291149,385,385,partsupp_deep_sift_10,1.2597941160202026,474.6644287109375
partsupp_deep_sift_10,adaptive_sampling,0.01,0.2,6733700,81716,100495.86776859504,1.2298187352366126,385,385,partsupp_deep_sift_10,1.1525179147720337,595.0745239257812
partsupp_deep_sift_10,adaptive_sampling,0.01,0.2,839131,79645,75776.69084162591,1.0510488003027065,385,385,partsupp_deep_sift_10,1.1870739459991455,454.89306640625
partsupp_deep_sift_10,adaptive_sampling,0.01,0.2,6952719,78947,60232.75425872829,1.3106988211245518,385,385,partsupp_deep_sift_10,1.2008575201034546,458.9126281738281
partsupp_deep_sift_10,adaptive_sampling,0.01,0.2,3862714,79134,83548.65913307472,1.0557871348987125,385,385,partsupp_deep_sift_10,1.1932599544525146,582.0686645507812
partsupp_deep_sift_10,adaptive_sampling,0.01,0.2,695062,81532,81173.89104402091,1.0044116273271277,385,385,partsupp_deep_sift_10,1.1563990116119385,546.825927734375
partsupp_deep_sift_10,adaptive_sampling,0.01,0.2,6815544,78310,81605.66706021251,1.0420848813716321,385,385,partsupp_deep_sift_10,1.2705234289169312,542.8360595703125
partsupp_deep_sift_10,adaptive_sampling,0.01,0.2,6963267,78860,71782.7626918536,1.0985924342105264,385,385,partsupp_deep_sift_10,1.2207585573196411,487.38897705078125
partsupp_deep_sift_10,adaptive_sampling,0.01,0.2,3402371,78971,71782.7626918536,1.1001387664473685,385,385,partsupp_deep_sift_10,1.2719320058822632,482.260009765625
partsupp_deep_sift_10,adaptive_sampling,0.01,0.2,6909999,79060,87866.41929499073,1.1113890626738012,385,385,partsupp_deep_sift_10,1.2934293746948242,556.494140625
partsupp_deep_sift_10,adaptive_sampling,0.01,0.2,6366790,82611,111398.21217743296,1.3484670585930802,385,385,partsupp_deep_sift_10,1.275483250617981,505.9660949707031
partsupp_deep_sift_10,adaptive_sampling,0.01,0.2,481095,79159,55699.10608871648,1.421189774103682,385,385,partsupp_deep_sift_10,1.2758615016937256,509.6593933105469
partsupp_deep_sift_10,adaptive_sampling,0.01,0.2,3528014,77806,109239.33209647494,1.4039962483160031,385,385,partsupp_deep_sift_10,1.192535400390625,492.5322265625
partsupp_deep_sift_10,adaptive_sampling,0.01,0.2,5369867,77241,69893.74262101536,1.1051203885135132,385,385,partsupp_deep_sift_10,1.248127818107605,488.4177551269531
partsupp_deep_sift_10,adaptive_sampling,0.01,0.2,7520880,80807,60340.69826277618,1.339179066972272,385,385,partsupp_deep_sift_10,1.2978402376174927,550.653076171875
partsupp_deep_sift_10,adaptive_sampling,0.01,0.2,6025740,80332,99794.23174228368,1.2422724660444615,385,385,partsupp_deep_sift_10,1.1894699335098267,454.29901123046875
partsupp_deep_sift_10,adaptive_sampling,0.01,0.2,3454116,76835,60556.58627087199,1.2688132659313724,385,385,partsupp_deep_sift_10,1.2314070463180542,528.7625122070312
partsupp_deep_sift_10,adaptive_sampling,0.01,0.2,6288378,79815,83116.88311688312,1.0413692052481756,385,385,partsupp_deep_sift_10,1.2452954053878784,492.21063232421875
partsupp_deep_sift_10,adaptive_sampling,0.01,0.2,1370862,79848,86139.31523022433,1.0787911435505502,385,385,partsupp_deep_sift_10,1.2117983102798462,497.7179870605469
partsupp_deep_sift_10,adaptive_sampling,0.01,0.2,2964065,78857,79338.84297520661,1.006110338653596,385,385,partsupp_deep_sift_10,1.2284141778945923,512.8976440429688
partsupp_deep_sift_10,adaptive_sampling,0.01,0.2,7031696,78774,66925.2825096981,1.177043966733871,385,385,partsupp_deep_sift_10,1.2324044704437256,485.07708740234375
partsupp_deep_sift_10,adaptive_sampling,0.01,0.2,4389879,80734,104004.04790015178,1.28823107860569,385,385,partsupp_deep_sift_10,1.2300347089767456,601.8147583007812
partsupp_deep_sift_10,adaptive_sampling,0.01,0.2,332506,79899,81875.52707033226,1.0247378198767476,385,385,partsupp_deep_sift_10,1.2145559787750244,513.7750854492188
partsupp_deep_sift_10,adaptive_sampling,0.01,0.2,7799146,79058,66385.56248945859,1.190891468495935,385,385,partsupp_deep_sift_10,1.2312073707580566,519.1454467773438
partsupp_deep_sift_10,adaptive_sampling,0.01,0.2,3041529,79571,90511.04739416428,1.1374878711360206,385,385,partsupp_deep_sift_10,1.1483227014541626,488.72784423828125
partsupp_deep_sift_10,adaptive_sampling,0.01,0.2,737452,80194,102007.08382526562,1.2720039382655264,385,385,partsupp_deep_sift_10,1.2798588275909424,434.2889404296875
partsupp_deep_sift_10,adaptive_sampling,0.01,0.2,5167757,81537,144590.99342216225,1.7733175542656985,385,385,partsupp_deep_sift_10,1.252101182937622,513.8399658203125
partsupp_deep_sift_10,adaptive_sampling,0.01,0.2,1813464,78991,85491.65120593693,1.082296099630805,385,385,partsupp_deep_sift_10,1.2436870336532593,476.1165771484375
partsupp_deep_sift_10,adaptive_sampling,0.01,0.2,6207689,80740,77719.68291448812,1.0388616753472222,385,385,partsupp_deep_sift_10,1.1708049774169922,599.5791625976562
partsupp_deep_sift_10,adaptive_sampling,0.01,0.2,7385883,80429,56346.770113003884,1.4273932620929117,385,385,partsupp_deep_sift_10,1.1777342557907104,450.46942138671875
partsupp_deep_sift_10,adaptive_sampling,0.01,0.2,1110231,78307,63147.242368021594,1.240069986645299,385,385,partsupp_deep_sift_10,1.2301665544509888,546.38427734375
partsupp_deep_sift_10,adaptive_sampling,0.01,0.2,4260736,79280,92292.12346095464,1.164128701576118,385,385,partsupp_deep_sift_10,1.2347526550292969,567.0369262695312
partsupp_deep_sift_10,adaptive_sampling,0.01,0.2,7241835,79963,95206.61157024793,1.1906333125351467,385,385,partsupp_deep_sift_10,1.2067705392837524,531.5641479492188
partsupp_deep_sift_10,adaptive_sampling,0.01,0.2,5886526,80481,82577.16309664362,1.0260454404970567,385,385,partsupp_deep_sift_10,1.0852018594741821,548.0302734375
partsupp_deep_sift_10,adaptive_sampling,0.01,0.2,7903428,80402,65629.9544611233,1.225080843955592,385,385,partsupp_deep_sift_10,1.1325520277023315,483.0943908691406
partsupp_deep_sift_10,adaptive_sampling,0.01,0.2,2010126,78819,74319.44678697924,1.0605434163943357,385,385,partsupp_deep_sift_10,1.1659375429153442,469.8636779785156
partsupp_deep_sift_10,adaptive_sampling,0.01,0.2,64433,80315,65935.41438008304,1.218085921732837,383,383,partsupp_deep_sift_10,1.2458291053771973,515.2754516601562
partsupp_deep_sift_10,adaptive_sampling,0.01,0.2,6427842,80597,52192.05257381262,1.5442389410919541,383,383,partsupp_deep_sift_10,1.127610683441162,518.9891967773438
partsupp_deep_sift_10,adaptive_sampling,0.01,0.2,1934109,80308,60209.01362747036,1.3338202232789855,383,383,partsupp_deep_sift_10,1.1786408424377441,476.6014099121094
partsupp_deep_sift_10,adaptive_sampling,0.01,0.2,2037726,78032,87041.29143971259,1.115456369690801,383,383,partsupp_deep_sift_10,1.253166913986206,593.3135986328125
partsupp_deep_sift_10,adaptive_sampling,0.01,0.2,944719,78844,109837.82015011349,1.3931030915493061,383,383,partsupp_deep_sift_10,1.0694438219070435,531.5699462890625
partsupp_deep_sift_10,adaptive_sampling,0.01,0.2,5909334,78622,57264.007526126705,1.372974114047619,383,383,partsupp_deep_sift_10,1.2997132539749146,477.7635498046875
partsupp_deep_sift_10,adaptive_sampling,0.01,0.2,7834709,80309,72643.48383314359,1.1055224193881381,383,383,partsupp_deep_sift_10,1.269679069519043,541.9563598632812
partsupp_deep_sift_10,adaptive_sampling,0.01,0.2,7376316,80487,72316.2609329943,1.1129861937217194,383,383,partsupp_deep_sift_10,1.1346229314804077,478.3782043457031
partsupp_deep_sift_10,adaptive_sampling,0.01,0.2,5165847,79564,80169.61053657738,1.0076116150090164,383,383,partsupp_deep_sift_10,1.2349876165390015,512.4940795898438
partsupp_deep_sift_10,adaptive_sampling,0.01,0.2,1376518,80834,98494.09294493793,1.2184735747944915,383,383,partsupp_deep_sift_10,1.1538054943084717,573.1790161132812
partsupp_deep_sift_10,adaptive_sampling,0.01,0.2,378067,81406,96857.97844419144,1.189813753828851,383,383,partsupp_deep_sift_10,1.1999801397323608,473.1714172363281
partsupp_deep_sift_10,adaptive_sampling,0.01,0.2,2548244,78194,101548.17334633134,1.298669633812458,383,383,partsupp_deep_sift_10,1.2704721689224243,543.5182495117188
partsupp_deep_sift_10,adaptive_sampling,0.01,0.2,6059356,79555,84587.11968859288,1.0632533428268856,383,383,partsupp_deep_sift_10,1.0709707736968994,486.2569274902344
partsupp_deep_sift_10,adaptive_sampling,0.01,0.2,2093515,79778,100784.65324598302,1.2633138615405628,383,383,partsupp_deep_sift_10,1.2240983247756958,503.2249755859375
partsupp_deep_sift_10,adaptive_sampling,0.01,0.2,7666555,82559,87804.81154006095,1.06354015358787,383,383,partsupp_deep_sift_10,1.2897976636886597,471.37298583984375
partsupp_deep_sift_10,adaptive_sampling,0.01,0.2,4888112,78772,76570.15863493513,1.028755867877493,383,383,partsupp_deep_sift_10,1.1825072765350342,454.7341003417969
partsupp_deep_sift_10,adaptive_sampling,0.01,0.2,3745676,76591,63808.46552911261,1.2003266238247863,383,383,partsupp_deep_sift_10,1.1852964162826538,509.7596740722656
partsupp_deep_sift_10,adaptive_sampling,0.01,0.2,1117872,78707,89113.70314065812,1.1322208080686358,383,383,partsupp_deep_sift_10,1.280386209487915,492.3041687011719
partsupp_deep_sift_10,adaptive_sampling,0.01,0.2,1782015,78758,65935.41438008304,1.1944719046732837,383,383,partsupp_deep_sift_10,1.308508276939392,498.5712585449219
partsupp_deep_sift_10,adaptive_sampling,0.01,0.2,5399003,81376,82078.41078744827,1.0086316701170894,383,383,partsupp_deep_sift_10,1.1544610261917114,484.9765930175781
partsupp_deep_sift_10,adaptive_sampling,0.01,0.2,7813502,79785,60099.939327420594,1.327538777790381,383,383,partsupp_deep_sift_10,1.2021015882492065,481.955078125
partsupp_deep_sift_10,adaptive_sampling,0.01,0.2,7712554,76330,123035.81045613508,1.6118932327542916,383,383,partsupp_deep_sift_10,1.1845875978469849,521.2858276367188
partsupp_deep_sift_10,adaptive_sampling,0.01,0.2,1407909,81029,68716.80903135204,1.1791729147817462,383,383,partsupp_deep_sift_10,1.2321441173553467,459.9862060546875
partsupp_deep_sift_10,adaptive_sampling,0.01,0.2,25058,80164,59172.80777699759,1.354743893548387,383,383,partsupp_deep_sift_10,1.2523014545440674,463.5052490234375
partsupp_deep_sift_10,adaptive_sampling,0.01,0.2,5261130,78267,82951.00518784639,1.0598464894252544,383,383,partsupp_deep_sift_10,1.2228223085403442,552.2269287109375
partsupp_deep_sift_10,adaptive_sampling,0.01,0.2,6080832,78997,91186.11484160366,1.1542984523665918,383,383,partsupp_deep_sift_10,1.2412508726119995,500.3233947753906
partsupp_deep_sift_10,adaptive_sampling,0.01,0.2,2248413,81510,98385.01864488816,1.2070300410365373,383,383,partsupp_deep_sift_10,1.1413836479187012,483.84698486328125
partsupp_deep_sift_10,adaptive_sampling,0.01,0.2,3861353,79171,82951.00518784639,1.04774482055104,383,383,partsupp_deep_sift_10,1.2959778308868408,504.97998046875
partsupp_deep_sift_10,adaptive_sampling,0.01,0.2,4878920,78985,66317.1744302572,1.1910187772409542,383,383,partsupp_deep_sift_10,1.2274802923202515,468.1325378417969
partsupp_deep_sift_10,adaptive_sampling,0.01,0.2,3401984,79974,119054.59850431865,1.4886662978507847,383,383,partsupp_deep_sift_10,1.2167928218841553,536.9682006835938
partsupp_deep_sift_10,adaptive_sampling,0.01,0.2,1227788,81395,81587.57643722433,1.0023659492256813,383,383,partsupp_deep_sift_10,1.1407045125961304,487.0450744628906
partsupp_deep_sift_10,adaptive_sampling,0.01,0.2,6908906,79969,82896.46803782151,1.0366075358929274,383,383,partsupp_deep_sift_10,1.2414016723632812,527.527099609375
partsupp_deep_sift_10,adaptive_sampling,0.01,0.2,6867890,78203,84750.73113866751,1.0837273651735548,383,383,partsupp_deep_sift_10,1.3219497203826904,492.1336975097656
partsupp_deep_sift_10,adaptive_sampling,0.01,0.2,1544377,81109,78697.10748590555,1.0306477911469163,383,383,partsupp_deep_sift_10,1.2852576971054077,477.5601501464844
partsupp_deep_sift_10,adaptive_sampling,0.01,0.2,6309693,83087,65935.41438008304,1.2601270619313483,383,383,partsupp_deep_sift_10,1.2117139101028442,479.8338317871094
partsupp_deep_sift_10,adaptive_sampling,0.01,0.2,2552747,79738,44175.09152015489,1.8050443645061724,383,383,partsupp_deep_sift_10,1.2629334926605225,575.3642578125
partsupp_deep_sift_10,adaptive_sampling,0.01,0.2,481105,79552,100621.04179590834,1.2648461609501753,383,383,partsupp_deep_sift_10,1.1562559604644775,504.13916015625
partsupp_deep_sift_10,adaptive_sampling,0.01,0.2,7176724,81540,62172.35102836614,1.3115154671052631,383,383,partsupp_deep_sift_10,1.2092878818511963,459.1042175292969
partsupp_deep_sift_10,adaptive_sampling,0.01,0.2,5591179,81147,76352.0100348356,1.0628010966964285,383,383,partsupp_deep_sift_10,1.2739864587783813,471.8622741699219
partsupp_deep_sift_10,adaptive_sampling,0.01,0.2,5278949,79256,52192.05257381262,1.5185453740856845,383,383,partsupp_deep_sift_10,1.1804161071777344,466.27630615234375
partsupp_deep_sift_10,adaptive_sampling,0.01,0.2,6922681,80200,80714.9820368262,1.0064212224043168,383,383,partsupp_deep_sift_10,1.2243480682373047,489.2940673828125
partsupp_deep_sift_10,adaptive_sampling,0.01,0.2,3447240,82385,107874.48274921774,1.3093947047304453,383,383,partsupp_deep_sift_10,1.1817381381988525,440.7603759765625
partsupp_deep_sift_10,adaptive_sampling,0.01,0.2,4147711,81842,78697.10748590555,1.0399619835412335,383,383,partsupp_deep_sift_10,1.2463845014572144,611.0465087890625
partsupp_deep_sift_10,adaptive_sampling,0.01,0.2,3626284,76939,72643.48383314359,1.0591314725037537,383,383,partsupp_deep_sift_10,1.2457784414291382,510.17633056640625
partsupp_deep_sift_10,adaptive_sampling,0.01,0.2,1298658,80033,80987.66778695062,1.0119284268608026,383,383,partsupp_deep_sift_10,1.15007746219635,462.96099853515625
partsupp_deep_sift_10,adaptive_sampling,0.01,0.2,2109177,81444,104711.32804777453,1.2856849865892457,383,383,partsupp_deep_sift_10,1.1113593578338623,478.6725158691406
partsupp_deep_sift_10,adaptive_sampling,0.01,0.2,7938046,79981,110601.34025046187,1.3828451788607528,383,383,partsupp_deep_sift_10,1.2188935279846191,555.1898803710938
partsupp_deep_sift_10,adaptive_sampling,0.01,0.2,6347870,79923,68607.73473130228,1.1649269621422893,383,383,partsupp_deep_sift_10,1.2269318103790283,442.0709228515625
partsupp_deep_sift_10,adaptive_sampling,0.01,0.2,3511592,78137,74334.13548391496,1.051159060253118,383,383,partsupp_deep_sift_10,1.2054859399795532,458.1462707519531
partsupp_deep_sift_10,adaptive_sampling,0.01,0.2,6110214,79614,100893.72754603278,1.267286250483995,383,383,partsupp_deep_sift_10,1.3537731170654297,498.2738037109375
partsupp_deep_sift_10,adaptive_sampling,0.01,0.3,1458649,81998,102007.08382526562,1.2440191690683386,385,385,partsupp_deep_sift_10,1.1585617065429688,572.3234252929688
partsupp_deep_sift_10,adaptive_sampling,0.01,0.3,3590985,78419,67896.77854612921,1.1549737952106516,385,385,partsupp_deep_sift_10,1.2515356540679932,578.5886840820312
partsupp_deep_sift_10,adaptive_sampling,0.01,0.3,2861019,79434,71782.7626918536,1.106588782894737,385,385,partsupp_deep_sift_10,1.2202587127685547,531.1737060546875
partsupp_deep_sift_10,adaptive_sampling,0.01,0.3,7811320,82115,65629.9544611233,1.251181730571546,385,385,partsupp_deep_sift_10,1.1162461042404175,496.4654235839844
partsupp_deep_sift_10,adaptive_sampling,0.01,0.3,1427886,77500,100495.86776859504,1.2967208744334844,385,385,partsupp_deep_sift_10,1.2062091827392578,590.193359375
partsupp_deep_sift_10,adaptive_sampling,0.01,0.3,4288339,78390,92292.12346095464,1.177345623943802,385,385,partsupp_deep_sift_10,1.1372402906417847,552.8969116210938
partsupp_deep_sift_10,adaptive_sampling,0.01,0.3,3227404,79293,73401.9227525721,1.0802578056066177,385,385,partsupp_deep_sift_10,1.2433892488479614,569.2608642578125
partsupp_deep_sift_10,adaptive_sampling,0.01,0.3,5886013,80901,111722.04418957666,1.3809723512636018,385,385,partsupp_deep_sift_10,1.243363618850708,532.3810424804688
partsupp_deep_sift_10,adaptive_sampling,0.01,0.3,2636413,77978,84412.2111654579,1.0825131596791133,385,385,partsupp_deep_sift_10,1.0980408191680908,541.2767333984375
partsupp_deep_sift_10,adaptive_sampling,0.01,0.3,6936640,82318,83872.49114521842,1.018883976107515,385,385,partsupp_deep_sift_10,1.329702615737915,472.79803466796875
partsupp_deep_sift_10,adaptive_sampling,0.01,0.3,5469472,77702,83116.88311688312,1.0696878216375785,385,385,partsupp_deep_sift_10,1.141785740852356,487.6527404785156
partsupp_deep_sift_10,adaptive_sampling,0.01,0.3,4444886,80178,93857.31151964919,1.1706117827789317,385,385,partsupp_deep_sift_10,1.1260658502578735,478.550537109375
partsupp_deep_sift_10,adaptive_sampling,0.01,0.3,6631898,83542,70811.26665542249,1.1797840081935977,385,385,partsupp_deep_sift_10,1.2197622060775757,434.9550476074219
partsupp_deep_sift_10,adaptive_sampling,0.01,0.3,7640583,79974,60556.58627087199,1.320649080882353,385,385,partsupp_deep_sift_10,1.2964671850204468,513.2020874023438
partsupp_deep_sift_10,adaptive_sampling,0.01,0.3,7822107,80684,99740.25974025973,1.2361838746252012,385,385,partsupp_deep_sift_10,1.2597941160202026,474.6644287109375
partsupp_deep_sift_10,adaptive_sampling,0.01,0.3,6733700,81716,77881.59892055998,1.049233723146223,385,385,partsupp_deep_sift_10,1.1525179147720337,595.0745239257812
partsupp_deep_sift_10,adaptive_sampling,0.01,0.3,839131,79645,95854.27559453534,1.2035190607638313,385,385,partsupp_deep_sift_10,1.1870739459991455,454.89306640625
partsupp_deep_sift_10,adaptive_sampling,0.01,0.3,6952719,78947,92292.12346095464,1.1690390193541824,385,385,partsupp_deep_sift_10,1.2008575201034546,458.9126281738281
partsupp_deep_sift_10,adaptive_sampling,0.01,0.3,3862714,79134,86355.20323832013,1.0912528526084886,385,385,partsupp_deep_sift_10,1.1932599544525146,582.0686645507812
partsupp_deep_sift_10,adaptive_sampling,0.01,0.3,695062,81532,87866.41929499073,1.0776924311312213,385,385,partsupp_deep_sift_10,1.1563990116119385,546.825927734375
partsupp_deep_sift_10,adaptive_sampling,0.01,0.3,6815544,78310,97851.23966942148,1.2495369642372811,385,385,partsupp_deep_sift_10,1.2705234289169312,542.8360595703125
partsupp_deep_sift_10,adaptive_sampling,0.01,0.3,6963267,78860,71890.7066959015,1.096942896021021,385,385,partsupp_deep_sift_10,1.2207585573196411,487.38897705078125
partsupp_deep_sift_10,adaptive_sampling,0.01,0.3,3402371,78971,56130.88210490807,1.4069082301682694,385,385,partsupp_deep_sift_10,1.2719320058822632,482.260009765625
partsupp_deep_sift_10,adaptive_sampling,0.01,0.3,6909999,79060,95152.63956822398,1.2035497036203389,385,385,partsupp_deep_sift_10,1.2934293746948242,556.494140625
partsupp_deep_sift_10,adaptive_sampling,0.01,0.3,6366790,82611,86247.25923427222,1.0440166471084023,385,385,partsupp_deep_sift_10,1.275483250617981,505.9660949707031
partsupp_deep_sift_10,adaptive_sampling,0.01,0.3,481095,79159,62175.74633159049,1.2731491726345485,385,385,partsupp_deep_sift_10,1.2758615016937256,509.6593933105469
partsupp_deep_sift_10,adaptive_sampling,0.01,0.3,3528014,77806,69084.1625906561,1.1262494482421876,385,385,partsupp_deep_sift_10,1.192535400390625,492.5322265625
partsupp_deep_sift_10,adaptive_sampling,0.01,0.3,5369867,77241,99740.25974025973,1.2912864895620166,385,385,partsupp_deep_sift_10,1.248127818107605,488.4177551269531
partsupp_deep_sift_10,adaptive_sampling,0.01,0.3,7520880,80807,100495.86776859504,1.243652997495205,385,385,partsupp_deep_sift_10,1.2978402376174927,550.653076171875
partsupp_deep_sift_10,adaptive_sampling,0.01,0.3,6025740,80332,124189.57665710912,1.5459539991175264,385,385,partsupp_deep_sift_10,1.1894699335098267,454.29901123046875
partsupp_deep_sift_10,adaptive_sampling,0.01,0.3,3454116,76835,60880.418283015686,1.262064259197695,385,385,partsupp_deep_sift_10,1.2314070463180542,528.7625122070312
partsupp_deep_sift_10,adaptive_sampling,0.01,0.3,6288378,79815,48358.91381345927,1.6504713134765623,385,385,partsupp_deep_sift_10,1.2452954053878784,492.21063232421875
partsupp_deep_sift_10,adaptive_sampling,0.01,0.3,1370862,79848,81227.86304604486,1.0172811222077556,385,385,partsupp_deep_sift_10,1.2117983102798462,497.7179870605469
partsupp_deep_sift_10,adaptive_sampling,0.01,0.3,2964065,78857,87434.64327879914,1.1087746589243712,385,385,partsupp_deep_sift_10,1.2284141778945923,512.8976440429688
partsupp_deep_sift_10,adaptive_sampling,0.01,0.3,7031696,78774,67896.77854612921,1.1602023201510332,385,385,partsupp_deep_sift_10,1.2324044704437256,485.07708740234375
partsupp_deep_sift_10,adaptive_sampling,0.01,0.3,4389879,80734,84196.32315736213,1.0428855644135324,385,385,partsupp_deep_sift_10,1.2300347089767456,601.8147583007812
partsupp_deep_sift_10,adaptive_sampling,0.01,0.3,332506,79899,68490.47056839263,1.1665710475768325,385,385,partsupp_deep_sift_10,1.2145559787750244,513.7750854492188
partsupp_deep_sift_10,adaptive_sampling,0.01,0.3,7799146,79058,101845.16781919378,1.2882335477648534,385,385,partsupp_deep_sift_10,1.2312073707580566,519.1454467773438
partsupp_deep_sift_10,adaptive_sampling,0.01,0.3,3041529,79571,55213.35807050093,1.441154872311828,385,385,partsupp_deep_sift_10,1.1483227014541626,488.72784423828125
partsupp_deep_sift_10,adaptive_sampling,0.01,0.3,737452,80194,99308.48372406814,1.2383530404278142,385,385,partsupp_deep_sift_10,1.2798588275909424,434.2889404296875
partsupp_deep_sift_10,adaptive_sampling,0.01,0.3,5167757,81537,64766.4024287401,1.2589397734374999,385,385,partsupp_deep_sift_10,1.252101182937622,513.8399658203125
partsupp_deep_sift_10,adaptive_sampling,0.01,0.3,1813464,78991,88082.30730308652,1.1150929511347687,385,385,partsupp_deep_sift_10,1.2436870336532593,476.1165771484375
partsupp_deep_sift_10,adaptive_sampling,0.01,0.3,6207689,80740,81929.49907235622,1.0147324631205874,385,385,partsupp_deep_sift_10,1.1708049774169922,599.5791625976562
partsupp_deep_sift_10,adaptive_sampling,0.01,0.3,7385883,80429,77881.59892055998,1.0327086386867634,385,385,partsupp_deep_sift_10,1.1777342557907104,450.46942138671875
partsupp_deep_sift_10,adaptive_sampling,0.01,0.3,1110231,78307,63579.01838421319,1.2316484587224108,385,385,partsupp_deep_sift_10,1.2301665544509888,546.38427734375
partsupp_deep_sift_10,adaptive_sampling,0.01,0.3,4260736,79280,104597.73992241525,1.319345861786267,385,385,partsupp_deep_sift_10,1.2347526550292969,567.0369262695312
partsupp_deep_sift_10,adaptive_sampling,0.01,0.3,7241835,79963,83872.49114521842,1.0488912515190578,385,385,partsupp_deep_sift_10,1.2067705392837524,531.5641479492188
partsupp_deep_sift_10,adaptive_sampling,0.01,0.3,5886526,80481,67680.8905380334,1.189124424342105,385,385,partsupp_deep_sift_10,1.0852018594741821,548.0302734375
partsupp_deep_sift_10,adaptive_sampling,0.01,0.3,7903428,80402,89053.80333951762,1.1076068174861025,385,385,partsupp_deep_sift_10,1.1325520277023315,483.0943908691406
partsupp_deep_sift_10,adaptive_sampling,0.01,0.3,2010126,78819,70811.26665542249,1.1130855826028965,385,385,partsupp_deep_sift_10,1.1659375429153442,469.8636779785156
partsupp_deep_sift_10,adaptive_sampling,0.01,0.3,64433,80315,82951.00518784639,1.0328208328188555,383,383,partsupp_deep_sift_10,1.2458291053771973,515.2754516601562
partsupp_deep_sift_10,adaptive_sampling,0.01,0.3,6427842,80597,87150.36573976236,1.0813102936804393,383,383,partsupp_deep_sift_10,1.127610683441162,518.9891967773438
partsupp_deep_sift_10,adaptive_sampling,0.01,0.3,1934109,80308,61681.516678142194,1.3019783611847922,383,383,partsupp_deep_sift_10,1.1786408424377441,476.6014099121094
partsupp_deep_sift_10,adaptive_sampling,0.01,0.3,2037726,78032,77879.05023553233,1.0019639397759101,383,383,partsupp_deep_sift_10,1.253166913986206,593.3135986328125
partsupp_deep_sift_10,adaptive_sampling,0.01,0.3,944719,78844,84968.87973876705,1.0776835236513502,383,383,partsupp_deep_sift_10,1.0694438219070435,531.5699462890625
partsupp_deep_sift_10,adaptive_sampling,0.01,0.3,5909334,78622,117582.09545364683,1.495536814805612,383,383,partsupp_deep_sift_10,1.2997132539749146,477.7635498046875
partsupp_deep_sift_10,adaptive_sampling,0.01,0.3,7834709,80309,79733.31333637833,1.0072201522742819,383,383,partsupp_deep_sift_10,1.269679069519043,541.9563598632812
partsupp_deep_sift_10,adaptive_sampling,0.01,0.3,7376316,80487,102529.84204677925,1.2738683519919893,383,383,partsupp_deep_sift_10,1.1346229314804077,478.3782043457031
partsupp_deep_sift_10,adaptive_sampling,0.01,0.3,5165847,79564,78697.10748590555,1.0110155575190576,383,383,partsupp_deep_sift_10,1.2349876165390015,512.4940795898438
partsupp_deep_sift_10,adaptive_sampling,0.01,0.3,1376518,80834,82896.46803782151,1.025514858077313,383,383,partsupp_deep_sift_10,1.1538054943084717,573.1790161132812
partsupp_deep_sift_10,adaptive_sampling,0.01,0.3,378067,81406,76024.7871346863,1.0707823470229556,383,383,partsupp_deep_sift_10,1.1999801397323608,473.1714172363281
partsupp_deep_sift_10,adaptive_sampling,0.01,0.3,2548244,78194,88350.18304030977,1.1298844289882826,383,383,partsupp_deep_sift_10,1.2704721689224243,543.5182495117188
partsupp_deep_sift_10,adaptive_sampling,0.01,0.3,6059356,79555,71170.98078247176,1.1178010914750958,383,383,partsupp_deep_sift_10,1.0709707736968994,486.2569274902344
partsupp_deep_sift_10,adaptive_sampling,0.01,0.3,2093515,79778,74170.5240338403,1.0756024854779414,383,383,partsupp_deep_sift_10,1.2240983247756958,503.2249755859375
partsupp_deep_sift_10,adaptive_sampling,0.01,0.3,7666555,82559,87204.90288978723,1.0562737301782632,383,383,partsupp_deep_sift_10,1.2897976636886597,471.37298583984375
partsupp_deep_sift_10,adaptive_sampling,0.01,0.3,4888112,78772,68389.58613120274,1.1518127898724084,383,383,partsupp_deep_sift_10,1.1825072765350342,454.7341003417969
partsupp_deep_sift_10,adaptive_sampling,0.01,0.3,3745676,76591,93912.97234284779,1.226161981732159,383,383,partsupp_deep_sift_10,1.1852964162826538,509.7596740722656
partsupp_deep_sift_10,adaptive_sampling,0.01,0.3,1117872,78707,90804.35479142948,1.1537011293967434,383,383,partsupp_deep_sift_10,1.280386209487915,492.3041687011719
partsupp_deep_sift_10,adaptive_sampling,0.01,0.3,1782015,78758,63263.094028863794,1.2449280454741378,383,383,partsupp_deep_sift_10,1.308508276939392,498.5712585449219
partsupp_deep_sift_10,adaptive_sampling,0.01,0.3,5399003,81376,84587.11968859288,1.0394602793033927,383,383,partsupp_deep_sift_10,1.1544610261917114,484.9765930175781
partsupp_deep_sift_10,adaptive_sampling,0.01,0.3,7813502,79785,84750.73113866751,1.062238906294009,383,383,partsupp_deep_sift_10,1.2021015882492065,481.955078125
partsupp_deep_sift_10,adaptive_sampling,0.01,0.3,7712554,76330,78533.4960358309,1.0288680209069947,383,383,partsupp_deep_sift_10,1.1845875978469849,521.2858276367188
partsupp_deep_sift_10,adaptive_sampling,0.01,0.3,1407909,81029,74170.5240338403,1.0924690239889707,383,383,partsupp_deep_sift_10,1.2321441173553467,459.9862060546875
partsupp_deep_sift_10,adaptive_sampling,0.01,0.3,25058,80164,100839.19039600789,1.2579111620678596,383,383,partsupp_deep_sift_10,1.2523014545440674,463.5052490234375
partsupp_deep_sift_10,adaptive_sampling,0.01,0.3,5261130,78267,59336.41922707224,1.3190381391314339,383,383,partsupp_deep_sift_10,1.2228223085403442,552.2269287109375
partsupp_deep_sift_10,adaptive_sampling,0.01,0.3,6080832,78997,76352.0100348356,1.0346420475892857,383,383,partsupp_deep_sift_10,1.2412508726119995,500.3233947753906
partsupp_deep_sift_10,adaptive_sampling,0.01,0.3,2248413,81510,82732.85658774686,1.0150025345079974,383,383,partsupp_deep_sift_10,1.1413836479187012,483.84698486328125
partsupp_deep_sift_10,adaptive_sampling,0.01,0.3,3861353,79171,78533.49603583092,1.008117605815972,383,383,partsupp_deep_sift_10,1.2959778308868408,504.97998046875
partsupp_deep_sift_10,adaptive_sampling,0.01,0.3,4878920,78985,105365.77384807315,1.3339972633800488,383,383,partsupp_deep_sift_10,1.2274802923202515,468.1325378417969
partsupp_deep_sift_10,adaptive_sampling,0.01,0.3,3401984,79974,121945.06745563744,1.5248089060899472,383,383,partsupp_deep_sift_10,1.2167928218841553,536.9682006835938
partsupp_deep_sift_10,adaptive_sampling,0.01,0.3,1227788,81395,102911.60209695341,1.2643479586823934,383,383,partsupp_deep_sift_10,1.1407045125961304,487.0450744628906
partsupp_deep_sift_10,adaptive_sampling,0.01,0.3,6908906,79969,64571.98562946097,1.2384472805109796,383,383,partsupp_deep_sift_10,1.2414016723632812,527.527099609375
partsupp_deep_sift_10,adaptive_sampling,0.01,0.3,6867890,78203,87204.90288978723,1.1151094317326347,383,383,partsupp_deep_sift_10,1.3219497203826904,492.1336975097656
partsupp_deep_sift_10,adaptive_sampling,0.01,0.3,1544377,81109,91622.41204180272,1.1296207824261515,383,383,partsupp_deep_sift_10,1.2852576971054077,477.5601501464844
partsupp_deep_sift_10,adaptive_sampling,0.01,0.3,6309693,83087,96148.99549386797,1.1572086547097375,383,383,partsupp_deep_sift_10,1.2117139101028442,479.8338317871094
partsupp_deep_sift_10,adaptive_sampling,0.01,0.3,2552747,79738,78260.81028570648,1.0188752162020909,383,383,partsupp_deep_sift_10,1.2629334926605225,575.3642578125
partsupp_deep_sift_10,adaptive_sampling,0.01,0.3,481105,79552,52355.664023887264,1.5194535583333335,383,383,partsupp_deep_sift_10,1.1562559604644775,504.13916015625
partsupp_deep_sift_10,adaptive_sampling,0.01,0.3,7176724,81540,76352.0100348356,1.0679483089285715,383,383,partsupp_deep_sift_10,1.2092878818511963,459.1042175292969
partsupp_deep_sift_10,adaptive_sampling,0.01,0.3,5591179,81147,73297.92963344218,1.1070844757254463,383,383,partsupp_deep_sift_10,1.2739864587783813,471.8622741699219
partsupp_deep_sift_10,adaptive_sampling,0.01,0.3,5278949,79256,107874.48274921774,1.361089163586577,383,383,partsupp_deep_sift_10,1.1804161071777344,466.27630615234375
partsupp_deep_sift_10,adaptive_sampling,0.01,0.3,6922681,80200,62608.648228565195,1.280973192508711,383,383,partsupp_deep_sift_10,1.2243480682373047,489.2940673828125
partsupp_deep_sift_10,adaptive_sampling,0.01,0.3,3447240,82385,83987.21103831918,1.0194478489812366,383,383,partsupp_deep_sift_10,1.1817381381988525,440.7603759765625
partsupp_deep_sift_10,adaptive_sampling,0.01,0.3,4147711,81842,70625.60928222293,1.1588147816602319,383,383,partsupp_deep_sift_10,1.2463845014572144,611.0465087890625
partsupp_deep_sift_10,adaptive_sampling,0.01,0.3,3626284,76939,70625.60928222293,1.0893923717181468,383,383,partsupp_deep_sift_10,1.2457784414291382,510.17633056640625
partsupp_deep_sift_10,adaptive_sampling,0.01,0.3,1298658,80033,96148.99549386797,1.2013668798354176,383,383,partsupp_deep_sift_10,1.15007746219635,462.96099853515625
partsupp_deep_sift_10,adaptive_sampling,0.01,0.3,2109177,81444,47447.320521647845,1.7165142120689654,383,383,partsupp_deep_sift_10,1.1113593578338623,478.6725158691406
partsupp_deep_sift_10,adaptive_sampling,0.01,0.3,7938046,79981,96203.53264389288,1.2028298301333176,383,383,partsupp_deep_sift_10,1.2188935279846191,555.1898803710938
partsupp_deep_sift_10,adaptive_sampling,0.01,0.3,6347870,79923,89113.70314065812,1.1149944714369846,383,383,partsupp_deep_sift_10,1.2269318103790283,442.0709228515625
partsupp_deep_sift_10,adaptive_sampling,0.01,0.3,3511592,78137,74606.82123403937,1.0473171046235379,383,383,partsupp_deep_sift_10,1.2054859399795532,458.1462707519531
partsupp_deep_sift_10,adaptive_sampling,0.01,0.3,6110214,79614,87259.4400398121,1.0960313517699414,383,383,partsupp_deep_sift_10,1.3537731170654297,498.2738037109375
partsupp_deep_sift_10,adaptive_sampling,0.01,0.4,1458649,81998,88514.08331927813,1.079466368927024,385,385,partsupp_deep_sift_10,1.1585617065429688,572.3234252929688
partsupp_deep_sift_10,adaptive_sampling,0.01,0.4,3590985,78419,83872.49114521842,1.0695429825070253,385,385,partsupp_deep_sift_10,1.2515356540679932,578.5886840820312
partsupp_deep_sift_10,adaptive_sampling,0.01,0.4,2861019,79434,90511.04739416428,1.139449699047817,385,385,partsupp_deep_sift_10,1.2202587127685547,531.1737060546875
partsupp_deep_sift_10,adaptive_sampling,0.01,0.4,7811320,82115,90241.18738404453,1.0989610592954335,385,385,partsupp_deep_sift_10,1.1162461042404175,496.4654235839844
partsupp_deep_sift_10,adaptive_sampling,0.01,0.4,1427886,77500,62175.74633159049,1.2464667426215277,385,385,partsupp_deep_sift_10,1.2062091827392578,590.193359375
partsupp_deep_sift_10,adaptive_sampling,0.01,0.4,4288339,78390,82091.41507842806,1.0472179497184344,385,385,partsupp_deep_sift_10,1.1372402906417847,552.8969116210938
partsupp_deep_sift_10,adaptive_sampling,0.01,0.4,3227404,79293,97149.60364311014,1.2251977304820114,385,385,partsupp_deep_sift_10,1.2433892488479614,569.2608642578125
partsupp_deep_sift_10,adaptive_sampling,0.01,0.4,5886013,80901,77881.59892055998,1.038769120322245,385,385,partsupp_deep_sift_10,1.243363618850708,532.3810424804688
partsupp_deep_sift_10,adaptive_sampling,0.01,0.4,2636413,77978,87434.64327879914,1.1212732216625092,385,385,partsupp_deep_sift_10,1.0980408191680908,541.2767333984375
partsupp_deep_sift_10,adaptive_sampling,0.01,0.4,6936640,82318,79662.67498735031,1.033332109586721,385,385,partsupp_deep_sift_10,1.329702615737915,472.79803466796875
partsupp_deep_sift_10,adaptive_sampling,0.01,0.4,5469472,77702,78367.3469387755,1.008562803258288,385,385,partsupp_deep_sift_10,1.141785740852356,487.6527404785156
partsupp_deep_sift_10,adaptive_sampling,0.01,0.4,4444886,80178,77719.6829144881,1.0316305598958333,385,385,partsupp_deep_sift_10,1.1260658502578735,478.550537109375
partsupp_deep_sift_10,adaptive_sampling,0.01,0.4,6631898,83542,84088.3791533142,1.0065401732459627,385,385,partsupp_deep_sift_10,1.2197622060775757,434.9550476074219
partsupp_deep_sift_10,adaptive_sampling,0.01,0.4,7640583,79974,77881.59892055998,1.026866437110187,385,385,partsupp_deep_sift_10,1.2964671850204468,513.2020874023438
partsupp_deep_sift_10,adaptive_sampling,0.01,0.4,7822107,80684,124297.52066115702,1.540547328604891,385,385,partsupp_deep_sift_10,1.2597941160202026,474.6644287109375
partsupp_deep_sift_10,adaptive_sampling,0.01,0.4,6733700,81716,70271.546635183,1.1628604166666667,385,385,partsupp_deep_sift_10,1.1525179147720337,595.0745239257812
partsupp_deep_sift_10,adaptive_sampling,0.01,0.4,839131,79645,83872.49114521842,1.0530791781683522,385,385,partsupp_deep_sift_10,1.1870739459991455,454.89306640625
partsupp_deep_sift_10,adaptive_sampling,0.01,0.4,6952719,78947,89863.38336987689,1.1382748346343354,385,385,partsupp_deep_sift_10,1.2008575201034546,458.9126281738281
partsupp_deep_sift_10,adaptive_sampling,0.01,0.4,3862714,79134,64766.4024287401,1.221837203125,385,385,partsupp_deep_sift_10,1.1932599544525146,582.0686645507812
partsupp_deep_sift_10,adaptive_sampling,0.01,0.4,695062,81532,67303.08652386574,1.2114154671210906,385,385,partsupp_deep_sift_10,1.1563990116119385,546.825927734375
partsupp_deep_sift_10,adaptive_sampling,0.01,0.4,6815544,78310,66061.7304773149,1.1854064287173203,385,385,partsupp_deep_sift_10,1.2705234289169312,542.8360595703125
partsupp_deep_sift_10,adaptive_sampling,0.01,0.4,6963267,78860,97473.43565525384,1.2360313930415145,385,385,partsupp_deep_sift_10,1.2207585573196411,487.38897705078125
partsupp_deep_sift_10,adaptive_sampling,0.01,0.4,3402371,78971,99740.25974025973,1.2629985658059253,385,385,partsupp_deep_sift_10,1.2719320058822632,482.260009765625
partsupp_deep_sift_10,adaptive_sampling,0.01,0.4,6909999,79060,58721.53820205769,1.346354377297794,385,385,partsupp_deep_sift_10,1.2934293746948242,556.494140625
partsupp_deep_sift_10,adaptive_sampling,0.01,0.4,6366790,82611,44041.15365154326,1.8757683019301472,385,385,partsupp_deep_sift_10,1.275483250617981,505.9660949707031
partsupp_deep_sift_10,adaptive_sampling,0.01,0.4,481095,79159,100495.86776859504,1.2695444329589187,385,385,partsupp_deep_sift_10,1.2758615016937256,509.6593933105469
partsupp_deep_sift_10,adaptive_sampling,0.01,0.4,3528014,77806,65737.89846517118,1.1835790589080462,385,385,partsupp_deep_sift_10,1.192535400390625,492.5322265625
partsupp_deep_sift_10,adaptive_sampling,0.01,0.4,5369867,77241,84196.32315736213,1.090047036643261,385,385,partsupp_deep_sift_10,1.248127818107605,488.4177551269531
partsupp_deep_sift_10,adaptive_sampling,0.01,0.4,7520880,80807,85005.90318772137,1.051962121941433,385,385,partsupp_deep_sift_10,1.2978402376174927,550.653076171875
partsupp_deep_sift_10,adaptive_sampling,0.01,0.4,6025740,80332,71782.7626918536,1.11909875,385,385,partsupp_deep_sift_10,1.1894699335098267,454.29901123046875
partsupp_deep_sift_10,adaptive_sampling,0.01,0.4,3454116,76835,79986.50699949403,1.0410165549488388,385,385,partsupp_deep_sift_10,1.2314070463180542,528.7625122070312
partsupp_deep_sift_10,adaptive_sampling,0.01,0.4,6288378,79815,94990.72356215214,1.1901362345693434,385,385,partsupp_deep_sift_10,1.2452954053878784,492.21063232421875
partsupp_deep_sift_10,adaptive_sampling,0.01,0.4,1370862,79848,94720.86355203237,1.1862646973253228,385,385,partsupp_deep_sift_10,1.2117983102798462,497.7179870605469
partsupp_deep_sift_10,adaptive_sampling,0.01,0.4,2964065,78857,80148.42300556587,1.0163767706806734,385,385,partsupp_deep_sift_10,1.2284141778945923,512.8976440429688
partsupp_deep_sift_10,adaptive_sampling,0.01,0.4,7031696,78774,61743.97031539888,1.2758168870192308,385,385,partsupp_deep_sift_10,1.2324044704437256,485.07708740234375
partsupp_deep_sift_10,adaptive_sampling,0.01,0.4,4389879,80734,86355.20323832011,1.0696262199113151,385,385,partsupp_deep_sift_10,1.2300347089767456,601.8147583007812
partsupp_deep_sift_10,adaptive_sampling,0.01,0.4,332506,79899,45876.20172035757,1.7416219522058822,385,385,partsupp_deep_sift_10,1.2145559787750244,513.7750854492188
partsupp_deep_sift_10,adaptive_sampling,0.01,0.4,7799146,79058,102115.02782931353,1.2916469911876538,385,385,partsupp_deep_sift_10,1.2312073707580566,519.1454467773438
partsupp_deep_sift_10,adaptive_sampling,0.01,0.4,3041529,79571,92831.84348119414,1.1666542268061748,385,385,partsupp_deep_sift_10,1.1483227014541626,488.72784423828125
partsupp_deep_sift_10,adaptive_sampling,0.01,0.4,737452,80194,77719.68291448812,1.0318364279513887,385,385,partsupp_deep_sift_10,1.2798588275909424,434.2889404296875
partsupp_deep_sift_10,adaptive_sampling,0.01,0.4,5167757,81537,75560.80283353012,1.0790912343749999,385,385,partsupp_deep_sift_10,1.252101182937622,513.8399658203125
partsupp_deep_sift_10,adaptive_sampling,0.01,0.4,1813464,78991,101845.16781919378,1.2893262247495763,385,385,partsupp_deep_sift_10,1.2436870336532593,476.1165771484375
partsupp_deep_sift_10,adaptive_sampling,0.01,0.4,6207689,80740,101035.58778883454,1.251369677840408,385,385,partsupp_deep_sift_10,1.1708049774169922,599.5791625976562
partsupp_deep_sift_10,adaptive_sampling,0.01,0.4,7385883,80429,87866.41929499073,1.0924718608336637,385,385,partsupp_deep_sift_10,1.1777342557907104,450.46942138671875
partsupp_deep_sift_10,adaptive_sampling,0.01,0.4,1110231,78307,71566.87468375781,1.0941793999811462,385,385,partsupp_deep_sift_10,1.2301665544509888,546.38427734375
partsupp_deep_sift_10,adaptive_sampling,0.01,0.4,4260736,79280,70811.26665542249,1.1195958460365856,385,385,partsupp_deep_sift_10,1.2347526550292969,567.0369262695312
partsupp_deep_sift_10,adaptive_sampling,0.01,0.4,7241835,79963,46631.80974869287,1.7147736798321758,385,385,partsupp_deep_sift_10,1.2067705392837524,531.5641479492188
partsupp_deep_sift_10,adaptive_sampling,0.01,0.4,5886526,80481,63471.07438016528,1.2679949218750002,385,385,partsupp_deep_sift_10,1.0852018594741821,548.0302734375
partsupp_deep_sift_10,adaptive_sampling,0.01,0.4,7903428,80402,86301.23123629617,1.0733716976728958,385,385,partsupp_deep_sift_10,1.1325520277023315,483.0943908691406
partsupp_deep_sift_10,adaptive_sampling,0.01,0.4,2010126,78819,76100.5228537696,1.0357221875000002,385,385,partsupp_deep_sift_10,1.1659375429153442,469.8636779785156
partsupp_deep_sift_10,adaptive_sampling,0.01,0.4,64433,80315,88350.18304030977,1.1000458574402012,383,383,partsupp_deep_sift_10,1.2458291053771973,515.2754516601562
partsupp_deep_sift_10,adaptive_sampling,0.01,0.4,6427842,80597,80169.61053657738,1.0053310657312926,383,383,partsupp_deep_sift_10,1.127610683441162,518.9891967773438
partsupp_deep_sift_10,adaptive_sampling,0.01,0.4,1934109,80308,95440.01254354452,1.1884247216160846,383,383,partsupp_deep_sift_10,1.1786408424377441,476.6014099121094
partsupp_deep_sift_10,adaptive_sampling,0.01,0.4,2037726,78032,71989.03803284501,1.0839428075757573,383,383,partsupp_deep_sift_10,1.253166913986206,593.3135986328125
partsupp_deep_sift_10,adaptive_sampling,0.01,0.4,944719,78844,122981.27330611019,1.5598051000216908,383,383,partsupp_deep_sift_10,1.0694438219070435,531.5699462890625
partsupp_deep_sift_10,adaptive_sampling,0.01,0.4,5909334,78622,103184.28784707784,1.3124098578906391,383,383,partsupp_deep_sift_10,1.2997132539749146,477.7635498046875
partsupp_deep_sift_10,adaptive_sampling,0.01,0.4,7834709,80309,76352.0100348356,1.0518256161607142,383,383,partsupp_deep_sift_10,1.269679069519043,541.9563598632812
partsupp_deep_sift_10,adaptive_sampling,0.01,0.4,7376316,80487,70461.99783214828,1.1422753040828175,383,383,partsupp_deep_sift_10,1.1346229314804077,478.3782043457031
partsupp_deep_sift_10,adaptive_sampling,0.01,0.4,5165847,79564,75261.26703433796,1.05717061557971,383,383,partsupp_deep_sift_10,1.2349876165390015,512.4940795898438
partsupp_deep_sift_10,adaptive_sampling,0.01,0.4,1376518,80834,43193.42281970699,1.8714423336489903,383,383,partsupp_deep_sift_10,1.1538054943084717,573.1790161132812
partsupp_deep_sift_10,adaptive_sampling,0.01,0.4,378067,81406,82732.85658774686,1.0162992480621436,383,383,partsupp_deep_sift_10,1.1999801397323608,473.1714172363281
partsupp_deep_sift_10,adaptive_sampling,0.01,0.4,2548244,78194,72643.48383314359,1.0764076263138138,383,383,partsupp_deep_sift_10,1.2704721689224243,543.5182495117188
partsupp_deep_sift_10,adaptive_sampling,0.01,0.4,6059356,79555,87804.81154006095,1.1036994725669154,383,383,partsupp_deep_sift_10,1.0709707736968994,486.2569274902344
partsupp_deep_sift_10,adaptive_sampling,0.01,0.4,2093515,79778,58518.361976699,1.3632985836439888,383,383,partsupp_deep_sift_10,1.2240983247756958,503.2249755859375
partsupp_deep_sift_10,adaptive_sampling,0.01,0.4,7666555,82559,99475.7616453858,1.2049051181020338,383,383,partsupp_deep_sift_10,1.2897976636886597,471.37298583984375
partsupp_deep_sift_10,adaptive_sampling,0.01,0.4,4888112,78772,89113.70314065812,1.1312865376105485,383,383,partsupp_deep_sift_10,1.1825072765350342,454.7341003417969
partsupp_deep_sift_10,adaptive_sampling,0.01,0.4,3745676,76591,78260.81028570648,1.0218016514434658,383,383,partsupp_deep_sift_10,1.1852964162826538,509.7596740722656
partsupp_deep_sift_10,adaptive_sampling,0.01,0.4,1117872,78707,66589.86018038163,1.1819667406838656,383,383,partsupp_deep_sift_10,1.280386209487915,492.3041687011719
partsupp_deep_sift_10,adaptive_sampling,0.01,0.4,1782015,78758,89440.92604080742,1.135642424144943,383,383,partsupp_deep_sift_10,1.308508276939392,498.5712585449219
partsupp_deep_sift_10,adaptive_sampling,0.01,0.4,5399003,81376,70352.92353209853,1.1566825643410852,383,383,partsupp_deep_sift_10,1.1544610261917114,484.9765930175781
partsupp_deep_sift_10,adaptive_sampling,0.01,0.4,7813502,79785,76570.15863493513,1.0419855649038463,383,383,partsupp_deep_sift_10,1.2021015882492065,481.955078125
partsupp_deep_sift_10,adaptive_sampling,0.01,0.4,7712554,76330,57591.230426276,1.3253753989109849,383,383,partsupp_deep_sift_10,1.1845875978469849,521.2858276367188
partsupp_deep_sift_10,adaptive_sampling,0.01,0.4,1407909,81029,96857.97844419144,1.1953495470040534,383,383,partsupp_deep_sift_10,1.2321441173553467,459.9862060546875
partsupp_deep_sift_10,adaptive_sampling,0.01,0.4,25058,80164,92822.22934235014,1.1579041632447251,383,383,partsupp_deep_sift_10,1.2523014545440674,463.5052490234375
partsupp_deep_sift_10,adaptive_sampling,0.01,0.4,5261130,78267,82732.85658774686,1.057059253424136,383,383,partsupp_deep_sift_10,1.2228223085403442,552.2269287109375
partsupp_deep_sift_10,adaptive_sampling,0.01,0.4,6080832,78997,80987.66778695062,1.0251992833519072,383,383,partsupp_deep_sift_10,1.2412508726119995,500.3233947753906
partsupp_deep_sift_10,adaptive_sampling,0.01,0.4,2248413,81510,76570.15863493513,1.0645139236111112,383,383,partsupp_deep_sift_10,1.1413836479187012,483.84698486328125
partsupp_deep_sift_10,adaptive_sampling,0.01,0.4,3861353,79171,62990.40827873938,1.256873898160173,383,383,partsupp_deep_sift_10,1.2959778308868408,504.97998046875
partsupp_deep_sift_10,adaptive_sampling,0.01,0.4,4878920,78985,78042.66168560697,1.0120746562718377,383,383,partsupp_deep_sift_10,1.2274802923202515,468.1325378417969
partsupp_deep_sift_10,adaptive_sampling,0.01,0.4,3401984,79974,100784.65324598302,1.260217736339098,383,383,partsupp_deep_sift_10,1.2167928218841553,536.9682006835938
partsupp_deep_sift_10,adaptive_sampling,0.01,0.4,1227788,81395,53010.10982418586,1.5354618254886832,383,383,partsupp_deep_sift_10,1.1407045125961304,487.0450744628906
partsupp_deep_sift_10,adaptive_sampling,0.01,0.4,6908906,79969,62608.648228565195,1.277283606380662,383,383,partsupp_deep_sift_10,1.2414016723632812,527.527099609375
partsupp_deep_sift_10,adaptive_sampling,0.01,0.4,6867890,78203,85077.95403881681,1.0879116407147655,383,383,partsupp_deep_sift_10,1.3219497203826904,492.1336975097656
partsupp_deep_sift_10,adaptive_sampling,0.01,0.4,1544377,81109,70625.60928222293,1.1484361101351352,383,383,partsupp_deep_sift_10,1.2852576971054077,477.5601501464844
partsupp_deep_sift_10,adaptive_sampling,0.01,0.4,6309693,83087,109565.1343999891,1.3186796297855152,383,383,partsupp_deep_sift_10,1.2117139101028442,479.8338317871094
partsupp_deep_sift_10,adaptive_sampling,0.01,0.4,2552747,79738,91676.9491918276,1.149727221548416,383,383,partsupp_deep_sift_10,1.2629334926605225,575.3642578125
partsupp_deep_sift_10,adaptive_sampling,0.01,0.4,481105,79552,75588.48993448725,1.052435365079365,383,383,partsupp_deep_sift_10,1.1562559604644775,504.13916015625
partsupp_deep_sift_10,adaptive_sampling,0.01,0.4,7176724,81540,84968.87973876705,1.0420515052583645,383,383,partsupp_deep_sift_10,1.2092878818511963,459.1042175292969
partsupp_deep_sift_10,adaptive_sampling,0.01,0.4,5591179,81147,84423.50823851823,1.0403774414151876,383,383,partsupp_deep_sift_10,1.2739864587783813,471.8622741699219
partsupp_deep_sift_10,adaptive_sampling,0.01,0.4,5278949,79256,89113.70314065812,1.1243780047019547,383,383,partsupp_deep_sift_10,1.1804161071777344,466.27630615234375
partsupp_deep_sift_10,adaptive_sampling,0.01,0.4,6922681,80200,53991.77852463375,1.4854113383838383,383,383,partsupp_deep_sift_10,1.2243480682373047,489.2940673828125
partsupp_deep_sift_10,adaptive_sampling,0.01,0.4,3447240,82385,74170.5240338403,1.110751219209559,383,383,partsupp_deep_sift_10,1.1817381381988525,440.7603759765625
partsupp_deep_sift_10,adaptive_sampling,0.01,0.4,4147711,81842,70461.99783214828,1.1615055280572757,383,383,partsupp_deep_sift_10,1.2463845014572144,611.0465087890625
partsupp_deep_sift_10,adaptive_sampling,0.01,0.4,3626284,76939,89113.70314065812,1.1582383854827607,383,383,partsupp_deep_sift_10,1.2457784414291382,510.17633056640625
partsupp_deep_sift_10,adaptive_sampling,0.01,0.4,1298658,80033,87150.36573976236,1.0889303879619951,383,383,partsupp_deep_sift_10,1.15007746219635,462.96099853515625
partsupp_deep_sift_10,adaptive_sampling,0.01,0.4,2109177,81444,81587.57643722433,1.0017628853841207,383,383,partsupp_deep_sift_10,1.1113593578338623,478.6725158691406
partsupp_deep_sift_10,adaptive_sampling,0.01,0.4,7938046,79981,74661.35838406424,1.0712502656135867,383,383,partsupp_deep_sift_10,1.2188935279846191,555.1898803710938
partsupp_deep_sift_10,adaptive_sampling,0.01,0.4,6347870,79923,63263.094028863794,1.2633432054956895,383,383,partsupp_deep_sift_10,1.2269318103790283,442.0709228515625
partsupp_deep_sift_10,adaptive_sampling,0.01,0.4,3511592,78137,82841.93088779664,1.0602138665139005,383,383,partsupp_deep_sift_10,1.2054859399795532,458.1462707519531
partsupp_deep_sift_10,adaptive_sampling,0.01,0.4,6110214,79614,70461.99783214828,1.129885646865325,383,383,partsupp_deep_sift_10,1.3537731170654297,498.2738037109375
partsupp_deep_sift_10,adaptive_sampling,0.01,0.5,1458649,81998,81929.49907235622,1.0008360960144926,385,385,partsupp_deep_sift_10,1.1585617065429688,572.3234252929688
partsupp_deep_sift_10,adaptive_sampling,0.01,0.5,3590985,78419,58289.76218586608,1.3453305873842594,385,385,partsupp_deep_sift_10,1.2515356540679932,578.5886840820312
partsupp_deep_sift_10,adaptive_sampling,0.01,0.5,2861019,79434,64226.68240850059,1.2367756985294118,385,385,partsupp_deep_sift_10,1.2202587127685547,531.1737060546875
partsupp_deep_sift_10,adaptive_sampling,0.01,0.5,7811320,82115,57426.210153482876,1.4299219777960528,385,385,partsupp_deep_sift_10,1.1162461042404175,496.4654235839844
partsupp_deep_sift_10,adaptive_sampling,0.01,0.5,1427886,77500,64118.73840445269,1.2086950231481481,385,385,partsupp_deep_sift_10,1.2062091827392578,590.193359375
partsupp_deep_sift_10,adaptive_sampling,0.01,0.5,4288339,78390,54727.610052285374,1.4323665865384616,385,385,partsupp_deep_sift_10,1.1372402906417847,552.8969116210938
partsupp_deep_sift_10,adaptive_sampling,0.01,0.5,3227404,79293,101467.36380502615,1.2796509629478787,385,385,partsupp_deep_sift_10,1.2433892488479614,569.2608642578125
partsupp_deep_sift_10,adaptive_sampling,0.01,0.5,5886013,80901,116579.52437173216,1.4410146274054976,385,385,partsupp_deep_sift_10,1.243363618850708,532.3810424804688
partsupp_deep_sift_10,adaptive_sampling,0.01,0.5,2636413,77978,88190.25130713443,1.1309632371583578,385,385,partsupp_deep_sift_10,1.0980408191680908,541.2767333984375
partsupp_deep_sift_10,adaptive_sampling,0.01,0.5,6936640,82318,62337.66233766234,1.3205179166666667,385,385,partsupp_deep_sift_10,1.329702615737915,472.79803466796875
partsupp_deep_sift_10,adaptive_sampling,0.01,0.5,5469472,77702,104435.82391634339,1.3440558018628013,385,385,partsupp_deep_sift_10,1.141785740852356,487.6527404785156
partsupp_deep_sift_10,adaptive_sampling,0.01,0.5,4444886,80178,116039.80435149265,1.4472773622626238,385,385,partsupp_deep_sift_10,1.1260658502578735,478.550537109375
partsupp_deep_sift_10,adaptive_sampling,0.01,0.5,6631898,83542,96825.77163096644,1.1590071057787272,385,385,partsupp_deep_sift_10,1.2197622060775757,434.9550476074219
partsupp_deep_sift_10,adaptive_sampling,0.01,0.5,7640583,79974,90672.96340023613,1.1337805211723326,385,385,partsupp_deep_sift_10,1.2964671850204468,513.2020874023438
partsupp_deep_sift_10,adaptive_sampling,0.01,0.5,7822107,80684,65252.150446955646,1.2364956472291149,385,385,partsupp_deep_sift_10,1.2597941160202026,474.6644287109375
partsupp_deep_sift_10,adaptive_sampling,0.01,0.5,6733700,81716,75992.5788497217,1.07531552734375,385,385,partsupp_deep_sift_10,1.1525179147720337,595.0745239257812
partsupp_deep_sift_10,adaptive_sampling,0.01,0.5,839131,79645,54781.58205430932,1.4538645474137932,385,385,partsupp_deep_sift_10,1.1870739459991455,454.89306640625
partsupp_deep_sift_10,adaptive_sampling,0.01,0.5,6952719,78947,60232.75425872829,1.3106988211245518,385,385,partsupp_deep_sift_10,1.2008575201034546,458.9126281738281
partsupp_deep_sift_10,adaptive_sampling,0.01,0.5,3862714,79134,60448.642266824085,1.3091112890625,385,385,partsupp_deep_sift_10,1.1932599544525146,582.0686645507812
partsupp_deep_sift_10,adaptive_sampling,0.01,0.5,695062,81532,79878.56299544612,1.020699383445946,385,385,partsupp_deep_sift_10,1.1563990116119385,546.825927734375
partsupp_deep_sift_10,adaptive_sampling,0.01,0.5,6815544,78310,66061.7304773149,1.1854064287173203,385,385,partsupp_deep_sift_10,1.2705234289169312,542.8360595703125
partsupp_deep_sift_10,adaptive_sampling,0.01,0.5,6963267,78860,60556.58627087199,1.30225306372549,385,385,partsupp_deep_sift_10,1.2207585573196411,487.38897705078125
partsupp_deep_sift_10,adaptive_sampling,0.01,0.5,3402371,78971,78907.066959015,1.000810232130643,385,385,partsupp_deep_sift_10,1.2719320058822632,482.260009765625
partsupp_deep_sift_10,adaptive_sampling,0.01,0.5,6909999,79060,69731.82661494351,1.1337721071981424,385,385,partsupp_deep_sift_10,1.2934293746948242,556.494140625
partsupp_deep_sift_10,adaptive_sampling,0.01,0.5,6366790,82611,81929.49907235622,1.0083181385869564,385,385,partsupp_deep_sift_10,1.275483250617981,505.9660949707031
partsupp_deep_sift_10,adaptive_sampling,0.01,0.5,481095,79159,69623.8826108956,1.1369518192829458,385,385,partsupp_deep_sift_10,1.2758615016937256,509.6593933105469
partsupp_deep_sift_10,adaptive_sampling,0.01,0.5,3528014,77806,64226.68240850059,1.2114279779411765,385,385,partsupp_deep_sift_10,1.192535400390625,492.5322265625
partsupp_deep_sift_10,adaptive_sampling,0.01,0.5,5369867,77241,94451.00354191264,1.2228091757216069,385,385,partsupp_deep_sift_10,1.248127818107605,488.4177551269531
partsupp_deep_sift_10,adaptive_sampling,0.01,0.5,7520880,80807,48520.829819531114,1.665408450361513,385,385,partsupp_deep_sift_10,1.2978402376174927,550.653076171875
partsupp_deep_sift_10,adaptive_sampling,0.01,0.5,6025740,80332,64118.73840445269,1.2528630787037036,385,385,partsupp_deep_sift_10,1.1894699335098267,454.29901123046875
partsupp_deep_sift_10,adaptive_sampling,0.01,0.5,3454116,76835,72538.3707201889,1.0592325032552083,385,385,partsupp_deep_sift_10,1.2314070463180542,528.7625122070312
partsupp_deep_sift_10,adaptive_sampling,0.01,0.5,6288378,79815,101467.36380502615,1.271281886926344,385,385,partsupp_deep_sift_10,1.2452954053878784,492.21063232421875
partsupp_deep_sift_10,adaptive_sampling,0.01,0.5,1370862,79848,80148.42300556587,1.0037624361983501,385,385,partsupp_deep_sift_10,1.2117983102798462,497.7179870605469
partsupp_deep_sift_10,adaptive_sampling,0.01,0.5,2964065,78857,69461.96660482374,1.1352543536324788,385,385,partsupp_deep_sift_10,1.2284141778945923,512.8976440429688
partsupp_deep_sift_10,adaptive_sampling,0.01,0.5,7031696,78774,64226.68240850059,1.2264995955882354,385,385,partsupp_deep_sift_10,1.2324044704437256,485.07708740234375
partsupp_deep_sift_10,adaptive_sampling,0.01,0.5,4389879,80734,97149.60364311014,1.2033294974002295,385,385,partsupp_deep_sift_10,1.2300347089767456,601.8147583007812
partsupp_deep_sift_10,adaptive_sampling,0.01,0.5,332506,79899,76100.5228537696,1.049913942819149,385,385,partsupp_deep_sift_10,1.2145559787750244,513.7750854492188
partsupp_deep_sift_10,adaptive_sampling,0.01,0.5,7799146,79058,68004.72255017709,1.1625369097222225,385,385,partsupp_deep_sift_10,1.2312073707580566,519.1454467773438
partsupp_deep_sift_10,adaptive_sampling,0.01,0.5,3041529,79571,71890.7066959015,1.1068329086899398,385,385,partsupp_deep_sift_10,1.1483227014541626,488.72784423828125
partsupp_deep_sift_10,adaptive_sampling,0.01,0.5,737452,80194,75560.80283353012,1.0613174687499998,385,385,partsupp_deep_sift_10,1.2798588275909424,434.2889404296875
partsupp_deep_sift_10,adaptive_sampling,0.01,0.5,5167757,81537,85005.90318772137,1.0425439148818496,385,385,partsupp_deep_sift_10,1.252101182937622,513.8399658203125
partsupp_deep_sift_10,adaptive_sampling,0.01,0.5,1813464,78991,90672.96340023613,1.1478898026387325,385,385,partsupp_deep_sift_10,1.2436870336532593,476.1165771484375
partsupp_deep_sift_10,adaptive_sampling,0.01,0.5,6207689,80740,99578.34373418787,1.2333210767177096,385,385,partsupp_deep_sift_10,1.1708049774169922,599.5791625976562
partsupp_deep_sift_10,adaptive_sampling,0.01,0.5,7385883,80429,90726.93540226006,1.1280375909467986,385,385,partsupp_deep_sift_10,1.1777342557907104,450.46942138671875
partsupp_deep_sift_10,adaptive_sampling,0.01,0.5,1110231,78307,75776.69084162591,1.0333916555377491,385,385,partsupp_deep_sift_10,1.2301665544509888,546.38427734375
partsupp_deep_sift_10,adaptive_sampling,0.01,0.5,4260736,79280,58559.62219598583,1.353833870967742,385,385,partsupp_deep_sift_10,1.2347526550292969,567.0369262695312
partsupp_deep_sift_10,adaptive_sampling,0.01,0.5,7241835,79963,101035.58778883454,1.2635292296291352,385,385,partsupp_deep_sift_10,1.2067705392837524,531.5641479492188
partsupp_deep_sift_10,adaptive_sampling,0.01,0.5,5886526,80481,77881.59892055998,1.0333763188669436,385,385,partsupp_deep_sift_10,1.0852018594741821,548.0302734375
partsupp_deep_sift_10,adaptive_sampling,0.01,0.5,7903428,80402,67896.77854612921,1.1841798936804449,385,385,partsupp_deep_sift_10,1.1325520277023315,483.0943908691406
partsupp_deep_sift_10,adaptive_sampling,0.01,0.5,2010126,78819,58775.510204081635,1.3410177083333332,385,385,partsupp_deep_sift_10,1.1659375429153442,469.8636779785156
partsupp_deep_sift_10,adaptive_sampling,0.01,0.5,64433,80315,59336.41922707224,1.3535531979549633,383,383,partsupp_deep_sift_10,1.2458291053771973,515.2754516601562
partsupp_deep_sift_10,adaptive_sampling,0.01,0.5,6427842,80597,82078.41078744827,1.0183804705813897,383,383,partsupp_deep_sift_10,1.127610683441162,518.9891967773438
partsupp_deep_sift_10,adaptive_sampling,0.01,0.5,1934109,80308,117800.24405374636,1.4668556563947097,383,383,partsupp_deep_sift_10,1.1786408424377441,476.6014099121094
partsupp_deep_sift_10,adaptive_sampling,0.01,0.5,2037726,78032,68716.80903135204,1.1355591317460318,383,383,partsupp_deep_sift_10,1.253166913986206,593.3135986328125
partsupp_deep_sift_10,adaptive_sampling,0.01,0.5,944719,78844,61081.60802786848,1.2907977138392857,383,383,partsupp_deep_sift_10,1.0694438219070435,531.5699462890625
partsupp_deep_sift_10,adaptive_sampling,0.01,0.5,5909334,78622,79187.9418361295,1.007198263032351,383,383,partsupp_deep_sift_10,1.2997132539749146,477.7635498046875
partsupp_deep_sift_10,adaptive_sampling,0.01,0.5,7834709,80309,70243.84923204877,1.1432887132181675,383,383,partsupp_deep_sift_10,1.269679069519043,541.9563598632812
partsupp_deep_sift_10,adaptive_sampling,0.01,0.5,7376316,80487,108965.22574971539,1.3538239187659546,383,383,partsupp_deep_sift_10,1.1346229314804077,478.3782043457031
partsupp_deep_sift_10,adaptive_sampling,0.01,0.5,5165847,79564,86386.845639414,1.085752923928083,383,383,partsupp_deep_sift_10,1.2349876165390015,512.4940795898438
partsupp_deep_sift_10,adaptive_sampling,0.01,0.5,1376518,80834,71770.88943274546,1.126278364931611,383,383,partsupp_deep_sift_10,1.1538054943084717,573.1790161132812
partsupp_deep_sift_10,adaptive_sampling,0.01,0.5,378067,81406,73788.76398366611,1.1032302969327423,383,383,partsupp_deep_sift_10,1.1999801397323608,473.1714172363281
partsupp_deep_sift_10,adaptive_sampling,0.01,0.5,2548244,78194,61190.68232791825,1.2778742943404635,383,383,partsupp_deep_sift_10,1.2704721689224243,543.5182495117188
partsupp_deep_sift_10,adaptive_sampling,0.01,0.5,6059356,79555,85077.95403881681,1.0694230914312968,383,383,partsupp_deep_sift_10,1.0709707736968994,486.2569274902344
partsupp_deep_sift_10,adaptive_sampling,0.01,0.5,2093515,79778,78260.81028570648,1.0193863277003485,383,383,partsupp_deep_sift_10,1.2240983247756958,503.2249755859375
partsupp_deep_sift_10,adaptive_sampling,0.01,0.5,7666555,82559,112782.82625145718,1.3660876010060343,383,383,partsupp_deep_sift_10,1.2897976636886597,471.37298583984375
partsupp_deep_sift_10,adaptive_sampling,0.01,0.5,4888112,78772,80987.66778695062,1.02812760609037,383,383,partsupp_deep_sift_10,1.1825072765350342,454.7341003417969
partsupp_deep_sift_10,adaptive_sampling,0.01,0.5,3745676,76591,68716.80903135205,1.1145890078373015,383,383,partsupp_deep_sift_10,1.1852964162826538,509.7596740722656
partsupp_deep_sift_10,adaptive_sampling,0.01,0.5,1117872,78707,85296.10263891635,1.0837168566825865,383,383,partsupp_deep_sift_10,1.280386209487915,492.3041687011719
partsupp_deep_sift_10,adaptive_sampling,0.01,0.5,1782015,78758,53446.40702438493,1.4735882987244897,383,383,partsupp_deep_sift_10,1.308508276939392,498.5712585449219
partsupp_deep_sift_10,adaptive_sampling,0.01,0.5,5399003,81376,51046.772423290095,1.5941458418803418,383,383,partsupp_deep_sift_10,1.1544610261917114,484.9765930175781
partsupp_deep_sift_10,adaptive_sampling,0.01,0.5,7813502,79785,84423.50823851823,1.0581375977754996,383,383,partsupp_deep_sift_10,1.2021015882492065,481.955078125
partsupp_deep_sift_10,adaptive_sampling,0.01,0.5,7712554,76330,89113.70314065812,1.1674794070569647,383,383,partsupp_deep_sift_10,1.1845875978469849,521.2858276367188
partsupp_deep_sift_10,adaptive_sampling,0.01,0.5,1407909,81029,74661.35838406424,1.0852869778122718,383,383,partsupp_deep_sift_10,1.2321441173553467,459.9862060546875
partsupp_deep_sift_10,adaptive_sampling,0.01,0.5,25058,80164,89331.85174075766,1.114363701172068,383,383,partsupp_deep_sift_10,1.2523014545440674,463.5052490234375
partsupp_deep_sift_10,adaptive_sampling,0.01,0.5,5261130,78267,81587.57643722433,1.0424262644182647,383,383,partsupp_deep_sift_10,1.2228223085403442,552.2269287109375
partsupp_deep_sift_10,adaptive_sampling,0.01,0.5,6080832,78997,93803.89804279803,1.1874362069799869,383,383,partsupp_deep_sift_10,1.2412508726119995,500.3233947753906
partsupp_deep_sift_10,adaptive_sampling,0.01,0.5,2248413,81510,93803.89804279803,1.150826868394038,383,383,partsupp_deep_sift_10,1.1413836479187012,483.84698486328125
partsupp_deep_sift_10,adaptive_sampling,0.01,0.5,3861353,79171,88186.57159023514,1.113874671157812,383,383,partsupp_deep_sift_10,1.2959778308868408,504.97998046875
partsupp_deep_sift_10,adaptive_sampling,0.01,0.5,4878920,78985,56500.48742577835,1.3979525416264478,383,383,partsupp_deep_sift_10,1.2274802923202515,468.1325378417969
partsupp_deep_sift_10,adaptive_sampling,0.01,0.5,3401984,79974,62172.35102836614,1.2863274217105263,383,383,partsupp_deep_sift_10,1.2167928218841553,536.9682006835938
partsupp_deep_sift_10,adaptive_sampling,0.01,0.5,1227788,81395,60536.23652761966,1.344566571509009,383,383,partsupp_deep_sift_10,1.1407045125961304,487.0450744628906
partsupp_deep_sift_10,adaptive_sampling,0.01,0.5,6908906,79969,104220.4936975506,1.3032611849285423,383,383,partsupp_deep_sift_10,1.2414016723632812,527.527099609375
partsupp_deep_sift_10,adaptive_sampling,0.01,0.5,6867890,78203,128271.3768585238,1.6402360121545696,383,383,partsupp_deep_sift_10,1.3219497203826904,492.1336975097656
partsupp_deep_sift_10,adaptive_sampling,0.01,0.5,1544377,81109,74606.82123403937,1.0871526042580408,383,383,partsupp_deep_sift_10,1.2852576971054077,477.5601501464844
partsupp_deep_sift_10,adaptive_sampling,0.01,0.5,6309693,83087,78260.81028570648,1.0616680263937284,383,383,partsupp_deep_sift_10,1.2117139101028442,479.8338317871094
partsupp_deep_sift_10,adaptive_sampling,0.01,0.5,2552747,79738,76570.15863493513,1.0413717487535614,383,383,partsupp_deep_sift_10,1.2629334926605225,575.3642578125
partsupp_deep_sift_10,adaptive_sampling,0.01,0.5,481105,79552,74606.82123403937,1.0662831988304093,383,383,partsupp_deep_sift_10,1.1562559604644775,504.13916015625
partsupp_deep_sift_10,adaptive_sampling,0.01,0.5,7176724,81540,84532.58253856801,1.0367007914958057,383,383,partsupp_deep_sift_10,1.2092878818511963,459.1042175292969
partsupp_deep_sift_10,adaptive_sampling,0.01,0.5,5591179,81147,83987.21103831918,1.0350008138109748,383,383,partsupp_deep_sift_10,1.2739864587783813,471.8622741699219
partsupp_deep_sift_10,adaptive_sampling,0.01,0.5,5278949,79256,93258.52654254921,1.1766746560834411,383,383,partsupp_deep_sift_10,1.1804161071777344,466.27630615234375
partsupp_deep_sift_10,adaptive_sampling,0.01,0.5,6922681,80200,91622.41204180273,1.1424240902967921,383,383,partsupp_deep_sift_10,1.2243480682373047,489.2940673828125
partsupp_deep_sift_10,adaptive_sampling,0.01,0.5,3447240,82385,78533.4960358309,1.0490428181423612,383,383,partsupp_deep_sift_10,1.1817381381988525,440.7603759765625
partsupp_deep_sift_10,adaptive_sampling,0.01,0.5,4147711,81842,72534.40953309383,1.1283196558270676,383,383,partsupp_deep_sift_10,1.2463845014572144,611.0465087890625
partsupp_deep_sift_10,adaptive_sampling,0.01,0.5,3626284,76939,96148.99549386797,1.2496782580208734,383,383,partsupp_deep_sift_10,1.2457784414291382,510.17633056640625
partsupp_deep_sift_10,adaptive_sampling,0.01,0.5,1298658,80033,78260.81028570648,1.0226446635017423,383,383,partsupp_deep_sift_10,1.15007746219635,462.96099853515625
partsupp_deep_sift_10,adaptive_sampling,0.01,0.5,2109177,81444,119981.73005474168,1.4731807138001778,383,383,partsupp_deep_sift_10,1.1113593578338623,478.6725158691406
partsupp_deep_sift_10,adaptive_sampling,0.01,0.5,7938046,79981,89440.92604080742,1.1182771663370978,383,383,partsupp_deep_sift_10,1.2188935279846191,555.1898803710938
partsupp_deep_sift_10,adaptive_sampling,0.01,0.5,6347870,79923,68007.82608102859,1.175202981856455,383,383,partsupp_deep_sift_10,1.2269318103790283,442.0709228515625
partsupp_deep_sift_10,adaptive_sampling,0.01,0.5,3511592,78137,82896.46803782151,1.060911834826286,383,383,partsupp_deep_sift_10,1.2054859399795532,458.1462707519531
partsupp_deep_sift_10,adaptive_sampling,0.01,0.5,6110214,79614,57427.61897620135,1.3863364252136752,383,383,partsupp_deep_sift_10,1.3537731170654297,498.2738037109375
partsupp_deep_sift_10,adaptive_sampling,0.05,0.1,1458649,399980,304617.9794231742,1.3130544715627215,385,385,partsupp_deep_sift_10,1.2874683141708374,597.3064575195312
partsupp_deep_sift_10,adaptive_sampling,0.05,0.1,3590985,394113,457682.57716309663,1.1612978439257184,385,385,partsupp_deep_sift_10,1.340354561805725,616.490234375
partsupp_deep_sift_10,adaptive_sampling,0.05,0.1,2861019,404220,355459.6053297352,1.137175628226541,385,385,partsupp_deep_sift_10,1.3185440301895142,586.3526000976562
partsupp_deep_sift_10,adaptive_sampling,0.05,0.1,7811320,402932,323832.0121437005,1.2442624104166664,385,385,partsupp_deep_sift_10,1.2558953762054443,532.8656616210938
partsupp_deep_sift_10,adaptive_sampling,0.05,0.1,1427886,391508,313469.387755102,1.2489513020833334,385,385,partsupp_deep_sift_10,1.2673259973526,629.3386840820312
partsupp_deep_sift_10,adaptive_sampling,0.05,0.1,4288339,395447,375968.96609883616,1.0518075576909276,385,385,partsupp_deep_sift_10,1.220333218574524,610.163330078125
partsupp_deep_sift_10,adaptive_sampling,0.05,0.1,3227404,396837,461676.5053128689,1.163390775842144,385,385,partsupp_deep_sift_10,1.3129791021347046,629.3305053710938
partsupp_deep_sift_10,adaptive_sampling,0.05,0.1,5886013,396256,438144.7124304266,1.1057112382662386,385,385,partsupp_deep_sift_10,1.2981808185577393,586.176025390625
partsupp_deep_sift_10,adaptive_sampling,0.05,0.1,2636413,396004,389731.8266149435,1.0160935621797536,385,385,partsupp_deep_sift_10,1.253771424293518,577.1610107421875
partsupp_deep_sift_10,adaptive_sampling,0.05,0.1,6936640,407601,422384.8878394333,1.036270489619587,385,385,partsupp_deep_sift_10,1.3769145011901855,506.77410888671875
partsupp_deep_sift_10,adaptive_sampling,0.05,0.1,5469472,394081,466318.09748692863,1.1833052024505841,385,385,partsupp_deep_sift_10,1.2401282787322998,533.3386840820312
partsupp_deep_sift_10,adaptive_sampling,0.05,0.1,4444886,400619,394427.3907910271,1.0156977161159004,385,385,partsupp_deep_sift_10,1.2576053142547607,516.70458984375
partsupp_deep_sift_10,adaptive_sampling,0.05,0.1,6631898,397184,408298.1953111823,1.0279824849721597,385,385,partsupp_deep_sift_10,1.2919423580169678,462.7765197753906
partsupp_deep_sift_10,adaptive_sampling,0.05,0.1,7640583,401924,324911.45218417945,1.2370262645348837,385,385,partsupp_deep_sift_10,1.361274242401123,572.66650390625
partsupp_deep_sift_10,adaptive_sampling,0.05,0.1,7822107,401922,403818.5191431944,1.0047186248655073,385,385,partsupp_deep_sift_10,1.3154183626174927,512.9801025390625
partsupp_deep_sift_10,adaptive_sampling,0.05,0.1,6733700,401864,411590.48743464326,1.024203430600012,385,385,partsupp_deep_sift_10,1.246549129486084,630.165283203125
partsupp_deep_sift_10,adaptive_sampling,0.05,0.1,839131,400625,432207.7922077922,1.0788338027027575,385,385,partsupp_deep_sift_10,1.2508076429367065,501.2117614746094
partsupp_deep_sift_10,adaptive_sampling,0.05,0.1,6952719,400845,480350.8180131556,1.1983455400794711,385,385,partsupp_deep_sift_10,1.3183941841125488,497.21636962890625
partsupp_deep_sift_10,adaptive_sampling,0.05,0.1,3862714,400860,453364.81700118067,1.1309804345686292,385,385,partsupp_deep_sift_10,1.3243881464004517,618.3810424804688
partsupp_deep_sift_10,adaptive_sampling,0.05,0.1,695062,395677,398961.0389610389,1.008299797463686,385,385,partsupp_deep_sift_10,1.2843838930130005,580.4609985351562
partsupp_deep_sift_10,adaptive_sampling,0.05,0.1,6815544,395324,384712.4304267161,1.0275831211419755,385,385,partsupp_deep_sift_10,1.3181325197219849,609.1431274414062
partsupp_deep_sift_10,adaptive_sampling,0.05,0.1,6963267,400226,404142.35115533817,1.0097853491660667,385,385,partsupp_deep_sift_10,1.3239836692810059,525.3175659179688
partsupp_deep_sift_10,adaptive_sampling,0.05,0.1,3402371,395462,408028.3353010625,1.0317763408394802,385,385,partsupp_deep_sift_10,1.3329368829727173,542.8759765625
partsupp_deep_sift_10,adaptive_sampling,0.05,0.1,6909999,394200,379477.146230393,1.0387977350305788,385,385,partsupp_deep_sift_10,1.3634721040725708,601.5208740234375
partsupp_deep_sift_10,adaptive_sampling,0.05,0.1,6366790,402364,370949.5699106089,1.0846865251709588,385,385,partsupp_deep_sift_10,1.335853934288025,544.6246337890625
partsupp_deep_sift_10,adaptive_sampling,0.05,0.1,481095,404509,334896.2725586102,1.2078635480459308,385,385,partsupp_deep_sift_10,1.3372807502746582,547.6680297851562
partsupp_deep_sift_10,adaptive_sampling,0.05,0.1,3528014,393573,332683.4204756283,1.183025590627028,385,385,partsupp_deep_sift_10,1.2592573165893555,529.9794311523438
partsupp_deep_sift_10,adaptive_sampling,0.05,0.1,5369867,400223,323076.4041153651,1.2387874660666556,385,385,partsupp_deep_sift_10,1.3111584186553955,530.2484130859375
partsupp_deep_sift_10,adaptive_sampling,0.05,0.1,7520880,398992,292906.05498397705,1.3621841993735029,385,385,partsupp_deep_sift_10,1.3529937267303467,589.5253295898438
partsupp_deep_sift_10,adaptive_sampling,0.05,0.1,6025740,403232,399176.9269691347,1.0101585857220121,385,385,partsupp_deep_sift_10,1.269242525100708,486.06402587890625
partsupp_deep_sift_10,adaptive_sampling,0.05,0.1,3454116,400508,495462.97857986164,1.2370863467892317,385,385,partsupp_deep_sift_10,1.2952616214752197,592.29296875
partsupp_deep_sift_10,adaptive_sampling,0.05,0.1,6288378,401622,381474.11030527914,1.052815877016129,385,385,partsupp_deep_sift_10,1.306634545326233,531.07470703125
partsupp_deep_sift_10,adaptive_sampling,0.05,0.1,1370862,396188,528763.7038286388,1.3346282669556846,385,385,partsupp_deep_sift_10,1.2865097522735596,532.203857421875
partsupp_deep_sift_10,adaptive_sampling,0.05,0.1,2964065,400402,374673.6380502614,1.0686687274920772,385,385,partsupp_deep_sift_10,1.2919609546661377,579.1445922851562
partsupp_deep_sift_10,adaptive_sampling,0.05,0.1,7031696,395421,432207.7922077922,1.0930319639265296,385,385,partsupp_deep_sift_10,1.2941935062408447,521.0323486328125
partsupp_deep_sift_10,adaptive_sampling,0.05,0.1,4389879,397376,345204.92494518467,1.151130737961226,385,385,partsupp_deep_sift_10,1.2936030626296997,630.5452270507812
partsupp_deep_sift_10,adaptive_sampling,0.05,0.1,332506,400506,555371.9008264461,1.3866756074227256,385,385,partsupp_deep_sift_10,1.2828394174575806,559.6328735351562
partsupp_deep_sift_10,adaptive_sampling,0.05,0.1,7799146,393172,323508.18013155676,1.2153386657490823,385,385,partsupp_deep_sift_10,1.2940263748168945,563.2017211914062
partsupp_deep_sift_10,adaptive_sampling,0.05,0.1,3041529,398799,413587.45150952943,1.0370824688866558,385,385,partsupp_deep_sift_10,1.2539540529251099,526.2205810546875
partsupp_deep_sift_10,adaptive_sampling,0.05,0.1,737452,395924,492116.7144543767,1.242957523298352,385,385,partsupp_deep_sift_10,1.3371254205703735,470.7792663574219
partsupp_deep_sift_10,adaptive_sampling,0.05,0.1,5167757,398694,358536.0094451003,1.1120054596944153,385,385,partsupp_deep_sift_10,1.324217677116394,550.3037109375
partsupp_deep_sift_10,adaptive_sampling,0.05,0.1,1813464,398707,464860.85343228193,1.1659209731263358,385,385,partsupp_deep_sift_10,1.3283417224884033,512.7138061523438
partsupp_deep_sift_10,adaptive_sampling,0.05,0.1,6207689,403362,461460.6173047731,1.1440359213430444,385,385,partsupp_deep_sift_10,1.2774027585983276,625.630615234375
partsupp_deep_sift_10,adaptive_sampling,0.05,0.1,7385883,396398,370949.5699106089,1.068603476465881,385,385,partsupp_deep_sift_10,1.2493783235549927,507.2220764160156
partsupp_deep_sift_10,adaptive_sampling,0.05,0.1,1110231,397584,385252.1504469556,1.032009813673298,385,385,partsupp_deep_sift_10,1.3100616931915283,599.0711669921875
partsupp_deep_sift_10,adaptive_sampling,0.05,0.1,4260736,395973,370949.5699106089,1.067457768168922,385,385,partsupp_deep_sift_10,1.3001575469970703,602.0936279296875
partsupp_deep_sift_10,adaptive_sampling,0.05,0.1,7241835,400402,336785.29262944846,1.188893959334936,385,385,partsupp_deep_sift_10,1.3017319440841675,556.1287841796875
partsupp_deep_sift_10,adaptive_sampling,0.05,0.1,5886526,401840,286429.4147411031,1.40292853778029,385,385,partsupp_deep_sift_10,1.2316131591796875,582.700927734375
partsupp_deep_sift_10,adaptive_sampling,0.05,0.1,7903428,406703,362421.9935908248,1.1221807925353686,385,385,partsupp_deep_sift_10,1.2262922525405884,545.5012817382812
partsupp_deep_sift_10,adaptive_sampling,0.05,0.1,2010126,404397,491145.2184179456,1.214512517199548,385,385,partsupp_deep_sift_10,1.2743977308273315,502.064453125
partsupp_deep_sift_10,adaptive_sampling,0.05,0.1,64433,395396,363544.64206586726,1.0876133334083409,383,383,partsupp_deep_sift_10,1.334740400314331,554.4074096679688
partsupp_deep_sift_10,adaptive_sampling,0.05,0.1,6427842,402664,329131.7004001664,1.2234129970173984,383,383,partsupp_deep_sift_10,1.20938241481781,566.8768310546875
partsupp_deep_sift_10,adaptive_sampling,0.05,0.1,1934109,402590,422281.1526426657,1.0489111817051235,383,383,partsupp_deep_sift_10,1.2798904180526733,505.5464782714844
partsupp_deep_sift_10,adaptive_sampling,0.05,0.1,2037726,399513,393812.760329677,1.0144744920544246,383,383,partsupp_deep_sift_10,1.3250298500061035,615.4520263671875
partsupp_deep_sift_10,adaptive_sampling,0.05,0.1,944719,402523,393976.37177975173,1.0216932507440475,383,383,partsupp_deep_sift_10,1.1776694059371948,581.3955688476562
partsupp_deep_sift_10,adaptive_sampling,0.05,0.1,5909334,393742,429316.4449958756,1.0903496324899948,383,383,partsupp_deep_sift_10,1.358309268951416,521.673583984375
partsupp_deep_sift_10,adaptive_sampling,0.05,0.1,7834709,398429,456585.0200083169,1.145963320963878,383,383,partsupp_deep_sift_10,1.337336778640747,608.1433715820312
partsupp_deep_sift_10,adaptive_sampling,0.05,0.1,7376316,399214,282666.0485789664,1.4123167674609298,383,383,partsupp_deep_sift_10,1.2568628787994385,522.5633544921875
partsupp_deep_sift_10,adaptive_sampling,0.05,0.1,5165847,401651,457184.9286585906,1.138264136423389,383,383,partsupp_deep_sift_10,1.3102415800094604,564.3408203125
partsupp_deep_sift_10,adaptive_sampling,0.05,0.1,1376518,402930,380123.9356734315,1.0599963911406027,383,383,partsupp_deep_sift_10,1.231980323791504,603.9149169921875
partsupp_deep_sift_10,adaptive_sampling,0.05,0.1,378067,405802,352309.9891607414,1.1518322286764708,383,383,partsupp_deep_sift_10,1.2980505228042603,513.3580932617188
partsupp_deep_sift_10,adaptive_sampling,0.05,0.1,2548244,395504,375706.42652141606,1.0526942636086514,383,383,partsupp_deep_sift_10,1.3378641605377197,605.9083862304688
partsupp_deep_sift_10,adaptive_sampling,0.05,0.1,6059356,406549,389068.02827751223,1.0449303732303057,383,383,partsupp_deep_sift_10,1.1986961364746094,527.79638671875
partsupp_deep_sift_10,adaptive_sampling,0.05,0.1,2093515,401040,496724.3624266305,1.2385905705830602,383,383,partsupp_deep_sift_10,1.2870118618011475,538.3657836914062
partsupp_deep_sift_10,adaptive_sampling,0.05,0.1,7666555,402909,452658.3452065254,1.1234753882552273,383,383,partsupp_deep_sift_10,1.3465135097503662,522.6072387695312
partsupp_deep_sift_10,adaptive_sampling,0.05,0.1,4888112,397851,542317.4198474323,1.3631168951377082,383,383,partsupp_deep_sift_10,1.275146245956421,496.27044677734375
partsupp_deep_sift_10,adaptive_sampling,0.05,0.1,3745676,385813,281847.9913285931,1.3688690779073145,383,383,partsupp_deep_sift_10,1.2729002237319946,539.89697265625
partsupp_deep_sift_10,adaptive_sampling,0.05,0.1,1117872,398578,435751.8286988118,1.0932661328493087,383,383,partsupp_deep_sift_10,1.3280774354934692,550.6089477539062
partsupp_deep_sift_10,adaptive_sampling,0.05,0.1,1782015,398924,344674.7881572579,1.157392457199367,383,383,partsupp_deep_sift_10,1.362056016921997,536.2875366210938
partsupp_deep_sift_10,adaptive_sampling,0.05,0.1,5399003,400521,407392.51068587287,1.0171564304640028,383,383,partsupp_deep_sift_10,1.2387514114379883,535.1766967773438
partsupp_deep_sift_10,adaptive_sampling,0.05,0.1,7813502,398748,326895.67724914616,1.2198019972472471,383,383,partsupp_deep_sift_10,1.272877812385559,528.5340576171875
partsupp_deep_sift_10,adaptive_sampling,0.05,0.1,7712554,399897,356945.64691285643,1.120330233632544,383,383,partsupp_deep_sift_10,1.2719537019729614,568.2291259765625
partsupp_deep_sift_10,adaptive_sampling,0.05,0.1,1407909,403856,422281.1526426657,1.0456230751621016,383,383,partsupp_deep_sift_10,1.2944639921188354,494.7236022949219
partsupp_deep_sift_10,adaptive_sampling,0.05,0.1,25058,395417,440878.32080115075,1.1149705773933614,383,383,partsupp_deep_sift_10,1.31178617477417,502.63848876953125
partsupp_deep_sift_10,adaptive_sampling,0.05,0.1,5261130,391022,392667.48017915455,1.0042081524291588,383,383,partsupp_deep_sift_10,1.293652892112732,588.9188232421875
partsupp_deep_sift_10,adaptive_sampling,0.05,0.1,6080832,405125,486744.0639720769,1.2014663720384497,383,383,partsupp_deep_sift_10,1.3094019889831543,539.7361450195312
partsupp_deep_sift_10,adaptive_sampling,0.05,0.1,2248413,403274,412300.8541881123,1.0223839230600344,383,383,partsupp_deep_sift_10,1.236426830291748,524.451171875
partsupp_deep_sift_10,adaptive_sampling,0.05,0.1,3861353,399125,412573.53993823664,1.0336950577844952,383,383,partsupp_deep_sift_10,1.3584873676300049,555.0057983398438
partsupp_deep_sift_10,adaptive_sampling,0.05,0.1,4878920,403853,343038.67365651135,1.1772812543124007,383,383,partsupp_deep_sift_10,1.2990585565567017,506.8971252441406
partsupp_deep_sift_10,adaptive_sampling,0.05,0.1,3401984,401792,427025.8846948306,1.0628033527169047,383,383,partsupp_deep_sift_10,1.308633804321289,591.42822265625
partsupp_deep_sift_10,adaptive_sampling,0.05,0.1,1227788,399820,392067.57152888086,1.0197731948115176,383,383,partsupp_deep_sift_10,1.233915090560913,524.4754028320312
partsupp_deep_sift_10,adaptive_sampling,0.05,0.1,6908906,402846,460239.009059984,1.1424688567342955,383,383,partsupp_deep_sift_10,1.3026199340820312,576.8661499023438
partsupp_deep_sift_10,adaptive_sampling,0.05,0.1,6867890,395250,456257.7971081676,1.1543524278511514,383,383,partsupp_deep_sift_10,1.3620142936706543,527.079833984375
partsupp_deep_sift_10,adaptive_sampling,0.05,0.1,1544377,398406,403138.6129839321,1.011878869755807,383,383,partsupp_deep_sift_10,1.3341903686523438,517.5020141601562
partsupp_deep_sift_10,adaptive_sampling,0.05,0.1,6309693,407313,412737.15138831135,1.0133169120266512,383,383,partsupp_deep_sift_10,1.2995883226394653,517.1334228515625
partsupp_deep_sift_10,adaptive_sampling,0.05,0.1,2552747,396500,482108.406219962,1.2159102300629558,383,383,partsupp_deep_sift_10,1.3331602811813354,599.02099609375
partsupp_deep_sift_10,adaptive_sampling,0.05,0.1,481105,407440,361908.52756512084,1.1258093384569015,383,383,partsupp_deep_sift_10,1.2784607410430908,563.3963623046875
partsupp_deep_sift_10,adaptive_sampling,0.05,0.1,7176724,397485,380123.9356734315,1.0456721155846487,383,383,partsupp_deep_sift_10,1.3014264106750488,499.9975891113281
partsupp_deep_sift_10,adaptive_sampling,0.05,0.1,5591179,403116,481835.72046983754,1.1952780848932751,383,383,partsupp_deep_sift_10,1.3329461812973022,508.25091552734375
partsupp_deep_sift_10,adaptive_sampling,0.05,0.1,5278949,402054,442732.5839019967,1.1011769162898435,383,383,partsupp_deep_sift_10,1.2452218532562256,515.6239013671875
partsupp_deep_sift_10,adaptive_sampling,0.05,0.1,6922681,400832,420372.3523917949,1.048749482056809,383,383,partsupp_deep_sift_10,1.2838356494903564,526.29296875
partsupp_deep_sift_10,adaptive_sampling,0.05,0.1,3447240,405566,359181.67006387666,1.1291389115927724,383,383,partsupp_deep_sift_10,1.258987307548523,483.9381408691406
partsupp_deep_sift_10,adaptive_sampling,0.05,0.1,4147711,403376,446550.18440373853,1.1070321100009384,383,383,partsupp_deep_sift_10,1.3231295347213745,632.2097778320312
partsupp_deep_sift_10,adaptive_sampling,0.05,0.1,3626284,395837,486907.6754221516,1.2300711540915872,383,383,partsupp_deep_sift_10,1.3116008043289185,572.877685546875
partsupp_deep_sift_10,adaptive_sampling,0.05,0.1,1298658,404233,446659.25870378833,1.104954960885896,383,383,partsupp_deep_sift_10,1.2348995208740234,499.2214050292969
partsupp_deep_sift_10,adaptive_sampling,0.05,0.1,2109177,396371,431934.22819707,1.089722074009123,383,383,partsupp_deep_sift_10,1.2204952239990234,520.1207275390625
partsupp_deep_sift_10,adaptive_sampling,0.05,0.1,7938046,394099,388740.805377363,1.013783463296156,383,383,partsupp_deep_sift_10,1.279809832572937,605.8815307617188
partsupp_deep_sift_10,adaptive_sampling,0.05,0.1,6347870,401716,383341.62752489967,1.0479321084791577,383,383,partsupp_deep_sift_10,1.2868249416351318,482.830810546875
partsupp_deep_sift_10,adaptive_sampling,0.05,0.1,3511592,394740,329131.7004001664,1.199337528169014,383,383,partsupp_deep_sift_10,1.2821288108825684,525.7716674804688
partsupp_deep_sift_10,adaptive_sampling,0.05,0.1,6110214,403760,398666.5666818917,1.01277617373461,383,383,partsupp_deep_sift_10,1.388867974281311,549.5634155273438
partsupp_deep_sift_10,adaptive_sampling,0.05,0.2,1458649,399980,502263.45083487936,1.2557214131578562,385,385,partsupp_deep_sift_10,1.2874683141708374,597.3064575195312
partsupp_deep_sift_10,adaptive_sampling,0.05,0.2,3590985,394113,398691.17895091913,1.0116164119197264,385,385,partsupp_deep_sift_10,1.340354561805725,616.490234375
partsupp_deep_sift_10,adaptive_sampling,0.05,0.2,2861019,404220,486611.57024793385,1.2038285345800155,385,385,partsupp_deep_sift_10,1.3185440301895142,586.3526000976562
partsupp_deep_sift_10,adaptive_sampling,0.05,0.2,7811320,402932,401983.47107438016,1.0023596217105264,385,385,partsupp_deep_sift_10,1.2558953762054443,532.8656616210938
partsupp_deep_sift_10,adaptive_sampling,0.05,0.2,1427886,391508,374673.6380502614,1.0449307350187267,385,385,partsupp_deep_sift_10,1.2673259973526,629.3386840820312
partsupp_deep_sift_10,adaptive_sampling,0.05,0.2,4288339,395447,390649.3506493507,1.012281216755319,385,385,partsupp_deep_sift_10,1.220333218574524,610.163330078125
partsupp_deep_sift_10,adaptive_sampling,0.05,0.2,3227404,396837,394427.3907910271,1.0061091325431035,385,385,partsupp_deep_sift_10,1.3129791021347046,629.3305053710938
partsupp_deep_sift_10,adaptive_sampling,0.05,0.2,5886013,396256,436309.6643616124,1.1010802722523128,385,385,partsupp_deep_sift_10,1.2981808185577393,586.176025390625
partsupp_deep_sift_10,adaptive_sampling,0.05,0.2,2636413,396004,397881.59892056,1.0047413635229947,385,385,partsupp_deep_sift_10,1.253771424293518,577.1610107421875
partsupp_deep_sift_10,adaptive_sampling,0.05,0.2,6936640,407601,334194.6365322989,1.2196515307049418,385,385,partsupp_deep_sift_10,1.3769145011901855,506.77410888671875
partsupp_deep_sift_10,adaptive_sampling,0.05,0.2,5469472,394081,306560.97149603645,1.2854897936839789,385,385,partsupp_deep_sift_10,1.2401282787322998,533.3386840820312
partsupp_deep_sift_10,adaptive_sampling,0.05,0.2,4444886,400619,501939.6188227356,1.2529101685709754,385,385,partsupp_deep_sift_10,1.2576053142547607,516.70458984375
partsupp_deep_sift_10,adaptive_sampling,0.05,0.2,6631898,397184,435230.2243211334,1.0957899218526763,385,385,partsupp_deep_sift_10,1.2919423580169678,462.7765197753906
partsupp_deep_sift_10,adaptive_sampling,0.05,0.2,7640583,401924,371597.23393489624,1.0816119262890342,385,385,partsupp_deep_sift_10,1.361274242401123,572.66650390625
partsupp_deep_sift_10,adaptive_sampling,0.05,0.2,7822107,401922,382337.66233766236,1.0512226222826087,385,385,partsupp_deep_sift_10,1.3154183626174927,512.9801025390625
partsupp_deep_sift_10,adaptive_sampling,0.05,0.2,6733700,401864,491145.2184179456,1.2221677443561643,385,385,partsupp_deep_sift_10,1.246549129486084,630.165283203125
partsupp_deep_sift_10,adaptive_sampling,0.05,0.2,839131,400625,379423.1742283691,1.0558791007290182,385,385,partsupp_deep_sift_10,1.2508076429367065,501.2117614746094
partsupp_deep_sift_10,adaptive_sampling,0.05,0.2,6952719,400845,366254.0057345252,1.0944453677608312,385,385,partsupp_deep_sift_10,1.3183941841125488,497.21636962890625
partsupp_deep_sift_10,adaptive_sampling,0.05,0.2,3862714,400860,347471.7490301906,1.153647745806151,385,385,partsupp_deep_sift_10,1.3243881464004517,618.3810424804688
partsupp_deep_sift_10,adaptive_sampling,0.05,0.2,695062,395677,409755.439365829,1.0355806361396518,385,385,partsupp_deep_sift_10,1.2843838930130005,580.4609985351562
partsupp_deep_sift_10,adaptive_sampling,0.05,0.2,6815544,395324,362691.8536009445,1.0899720963541666,385,385,partsupp_deep_sift_10,1.3181325197219849,609.1431274414062
partsupp_deep_sift_10,adaptive_sampling,0.05,0.2,6963267,400226,354056.3332771125,1.1304020360137195,385,385,partsupp_deep_sift_10,1.3239836692810059,525.3175659179688
partsupp_deep_sift_10,adaptive_sampling,0.05,0.2,3402371,395462,362044.18957665714,1.0923031259317233,385,385,partsupp_deep_sift_10,1.3329368829727173,542.8759765625
partsupp_deep_sift_10,adaptive_sampling,0.05,0.2,6909999,394200,431991.90419969644,1.0958698736674186,385,385,partsupp_deep_sift_10,1.3634721040725708,601.5208740234375
partsupp_deep_sift_10,adaptive_sampling,0.05,0.2,6366790,402364,441706.86456400744,1.097779285830759,385,385,partsupp_deep_sift_10,1.335853934288025,544.6246337890625
partsupp_deep_sift_10,adaptive_sampling,0.05,0.2,481095,404509,292906.05498397705,1.3810195901280635,385,385,partsupp_deep_sift_10,1.3372807502746582,547.6680297851562
partsupp_deep_sift_10,adaptive_sampling,0.05,0.2,3528014,393573,491576.9944341372,1.2490109698433003,385,385,partsupp_deep_sift_10,1.2592573165893555,529.9794311523438
partsupp_deep_sift_10,adaptive_sampling,0.05,0.2,5369867,400223,378181.8181818182,1.0582819711538463,385,385,partsupp_deep_sift_10,1.3111584186553955,530.2484130859375
partsupp_deep_sift_10,adaptive_sampling,0.05,0.2,7520880,398992,324047.9001517963,1.2312747584943369,385,385,partsupp_deep_sift_10,1.3529937267303467,589.5253295898438
partsupp_deep_sift_10,adaptive_sampling,0.05,0.2,6025740,403232,436309.6643616124,1.0820313476152994,385,385,partsupp_deep_sift_10,1.269242525100708,486.06402587890625
partsupp_deep_sift_10,adaptive_sampling,0.05,0.2,3454116,400508,389084.162590656,1.0293608388819533,385,385,partsupp_deep_sift_10,1.2952616214752197,592.29296875
partsupp_deep_sift_10,adaptive_sampling,0.05,0.2,6288378,401622,417905.2116714454,1.04054362478013,385,385,partsupp_deep_sift_10,1.306634545326233,531.07470703125
partsupp_deep_sift_10,adaptive_sampling,0.05,0.2,1370862,396188,403818.5191431944,1.0192598441729543,385,385,partsupp_deep_sift_10,1.2865097522735596,532.203857421875
partsupp_deep_sift_10,adaptive_sampling,0.05,0.2,2964065,400402,398313.3749367515,1.0052436729336045,385,385,partsupp_deep_sift_10,1.2919609546661377,579.1445922851562
partsupp_deep_sift_10,adaptive_sampling,0.05,0.2,7031696,395421,397827.62691853597,1.0060862395232828,385,385,partsupp_deep_sift_10,1.2941935062408447,521.0323486328125
partsupp_deep_sift_10,adaptive_sampling,0.05,0.2,4389879,397376,427296.3400236127,1.075294783841029,385,385,partsupp_deep_sift_10,1.2936030626296997,630.5452270507812
partsupp_deep_sift_10,adaptive_sampling,0.05,0.2,332506,400506,380772.47427896777,1.05182497962438,385,385,partsupp_deep_sift_10,1.2828394174575806,559.6328735351562
partsupp_deep_sift_10,adaptive_sampling,0.05,0.2,7799146,393172,371759.1499409681,1.0575987169715448,385,385,partsupp_deep_sift_10,1.2940263748168945,563.2017211914062
partsupp_deep_sift_10,adaptive_sampling,0.05,0.2,3041529,398799,451529.7689323663,1.1322239246647214,385,385,partsupp_deep_sift_10,1.2539540529251099,526.2205810546875
partsupp_deep_sift_10,adaptive_sampling,0.05,0.2,737452,395924,466749.87350312027,1.178887547870602,385,385,partsupp_deep_sift_10,1.3371254205703735,470.7792663574219
partsupp_deep_sift_10,adaptive_sampling,0.05,0.2,5167757,398694,578040.1416765052,1.4498340624050154,385,385,partsupp_deep_sift_10,1.324217677116394,550.3037109375
partsupp_deep_sift_10,adaptive_sampling,0.05,0.2,1813464,398707,375213.35807050095,1.0626140872231011,385,385,partsupp_deep_sift_10,1.3283417224884033,512.7138061523438
partsupp_deep_sift_10,adaptive_sampling,0.05,0.2,6207689,403362,417905.2116714454,1.036054987012771,385,385,partsupp_deep_sift_10,1.2774027585983276,625.630615234375
partsupp_deep_sift_10,adaptive_sampling,0.05,0.2,7385883,396398,371597.23393489624,1.0667409867465505,385,385,partsupp_deep_sift_10,1.2493783235549927,507.2220764160156
partsupp_deep_sift_10,adaptive_sampling,0.05,0.2,1110231,397584,294687.13105076744,1.3491732692307692,385,385,partsupp_deep_sift_10,1.3100616931915283,599.0711669921875
partsupp_deep_sift_10,adaptive_sampling,0.05,0.2,4260736,395973,542094.7883285545,1.3690195753966925,385,385,partsupp_deep_sift_10,1.3001575469970703,602.0936279296875
partsupp_deep_sift_10,adaptive_sampling,0.05,0.2,7241835,400402,330308.6523865745,1.2122056055964052,385,385,partsupp_deep_sift_10,1.3017319440841675,556.1287841796875
partsupp_deep_sift_10,adaptive_sampling,0.05,0.2,5886526,401840,478947.5459605329,1.1918861884345333,385,385,partsupp_deep_sift_10,1.2316131591796875,582.700927734375
partsupp_deep_sift_10,adaptive_sampling,0.05,0.2,7903428,406703,393887.67077078763,1.0325354921725132,385,385,partsupp_deep_sift_10,1.2262922525405884,545.5012817382812
partsupp_deep_sift_10,adaptive_sampling,0.05,0.2,2010126,404397,384550.5144206443,1.051609567105263,385,385,partsupp_deep_sift_10,1.2743977308273315,502.064453125
partsupp_deep_sift_10,adaptive_sampling,0.05,0.2,64433,395396,379578.5641731827,1.0416710460488505,383,383,partsupp_deep_sift_10,1.334740400314331,554.4074096679688
partsupp_deep_sift_10,adaptive_sampling,0.05,0.2,6427842,402664,357818.2413132546,1.1253311137021795,383,383,partsupp_deep_sift_10,1.20938241481781,566.8768310546875
partsupp_deep_sift_10,adaptive_sampling,0.05,0.2,1934109,402590,304317.2971388448,1.3229284164426522,383,383,partsupp_deep_sift_10,1.2798904180526733,505.5464782714844
partsupp_deep_sift_10,adaptive_sampling,0.05,0.2,2037726,399513,370089.1000688532,1.0795049082117594,383,383,partsupp_deep_sift_10,1.3250298500061035,615.4520263671875
partsupp_deep_sift_10,adaptive_sampling,0.05,0.2,944719,402523,401393.42418313574,1.002814136328125,383,383,partsupp_deep_sift_10,1.1776694059371948,581.3955688476562
partsupp_deep_sift_10,adaptive_sampling,0.05,0.2,5909334,393742,325259.56274839974,1.2105470371814215,383,383,partsupp_deep_sift_10,1.358309268951416,521.673583984375
partsupp_deep_sift_10,adaptive_sampling,0.05,0.2,7834709,398429,362235.7504652701,1.0999162823885877,383,383,partsupp_deep_sift_10,1.337336778640747,608.1433715820312
partsupp_deep_sift_10,adaptive_sampling,0.05,0.2,7376316,399214,361145.00746477244,1.1054119307988521,383,383,partsupp_deep_sift_10,1.2568628787994385,522.5633544921875
partsupp_deep_sift_10,adaptive_sampling,0.05,0.2,5165847,401651,383450.7018249494,1.0474645060979946,383,383,partsupp_deep_sift_10,1.3102415800094604,564.3408203125
partsupp_deep_sift_10,adaptive_sampling,0.05,0.2,1376518,402930,481672.1090197629,1.1954237932637504,383,383,partsupp_deep_sift_10,1.231980323791504,603.9149169921875
partsupp_deep_sift_10,adaptive_sampling,0.05,0.2,378067,405802,408046.95648617146,1.005532147417143,383,383,partsupp_deep_sift_10,1.2980505228042603,513.3580932617188
partsupp_deep_sift_10,adaptive_sampling,0.05,0.2,2548244,395504,460729.84341020795,1.1649182901063149,383,383,partsupp_deep_sift_10,1.3378641605377197,605.9083862304688
partsupp_deep_sift_10,adaptive_sampling,0.05,0.2,6059356,406549,461111.60346038215,1.1342091690309954,383,383,partsupp_deep_sift_10,1.1986961364746094,527.79638671875
partsupp_deep_sift_10,adaptive_sampling,0.05,0.2,2093515,401040,417427.34629045124,1.0408621242031997,383,383,partsupp_deep_sift_10,1.2870118618011475,538.3657836914062
partsupp_deep_sift_10,adaptive_sampling,0.05,0.2,7666555,402909,470328.38181458734,1.167331535941335,383,383,partsupp_deep_sift_10,1.3465135097503662,522.6072387695312
partsupp_deep_sift_10,adaptive_sampling,0.05,0.2,4888112,397851,436842.57169930945,1.0980054636014724,383,383,partsupp_deep_sift_10,1.275146245956421,496.27044677734375
partsupp_deep_sift_10,adaptive_sampling,0.05,0.2,3745676,385813,402865.92723380757,1.0441999809073503,383,383,partsupp_deep_sift_10,1.2729002237319946,539.89697265625
partsupp_deep_sift_10,adaptive_sampling,0.05,0.2,1117872,398578,398339.3437817423,1.0005991279093647,383,383,partsupp_deep_sift_10,1.3280774354934692,550.6089477539062
partsupp_deep_sift_10,adaptive_sampling,0.05,0.2,1782015,398924,398557.4923818419,1.0009195853174602,383,383,partsupp_deep_sift_10,1.362056016921997,536.2875366210938
partsupp_deep_sift_10,adaptive_sampling,0.05,0.2,5399003,400521,410337.5167872165,1.0245093685155497,383,383,partsupp_deep_sift_10,1.2387514114379883,535.1766967773438
partsupp_deep_sift_10,adaptive_sampling,0.05,0.2,7813502,398748,306771.4688899645,1.2998210082666666,383,383,partsupp_deep_sift_10,1.272877812385559,528.5340576171875
partsupp_deep_sift_10,adaptive_sampling,0.05,0.2,7712554,399897,450749.5449556544,1.1271641071467264,383,383,partsupp_deep_sift_10,1.2719537019729614,568.2291259765625
partsupp_deep_sift_10,adaptive_sampling,0.05,0.2,1407909,403856,408046.95648617146,1.0103773535274243,383,383,partsupp_deep_sift_10,1.2944639921188354,494.7236022949219
partsupp_deep_sift_10,adaptive_sampling,0.05,0.2,25058,395417,384595.9819754719,1.0281360662400738,383,383,partsupp_deep_sift_10,1.31178617477417,502.63848876953125
partsupp_deep_sift_10,adaptive_sampling,0.05,0.2,5261130,391022,340311.81615526724,1.1490109406650642,383,383,partsupp_deep_sift_10,1.293652892112732,588.9188232421875
partsupp_deep_sift_10,adaptive_sampling,0.05,0.2,6080832,405125,412573.53993823664,1.0183857820135431,383,383,partsupp_deep_sift_10,1.3094019889831543,539.7361450195312
partsupp_deep_sift_10,adaptive_sampling,0.05,0.2,2248413,403274,431770.61674699537,1.0706631638712025,383,383,partsupp_deep_sift_10,1.236426830291748,524.451171875
partsupp_deep_sift_10,adaptive_sampling,0.05,0.2,3861353,399125,421463.0953922926,1.0559676677539434,383,383,partsupp_deep_sift_10,1.3584873676300049,555.0057983398438
partsupp_deep_sift_10,adaptive_sampling,0.05,0.2,4878920,403853,339002.92455467005,1.1912965073399293,383,383,partsupp_deep_sift_10,1.2990585565567017,506.8971252441406
partsupp_deep_sift_10,adaptive_sampling,0.05,0.2,3401984,401792,424135.41574351175,1.0556094092055386,383,383,partsupp_deep_sift_10,1.308633804321289,591.42822265625
partsupp_deep_sift_10,adaptive_sampling,0.05,0.2,1227788,399820,384814.1305755715,1.038995110189909,383,383,partsupp_deep_sift_10,1.233915090560913,524.4754028320312
partsupp_deep_sift_10,adaptive_sampling,0.05,0.2,6908906,402846,427134.9589948804,1.0602934098759336,383,383,partsupp_deep_sift_10,1.3026199340820312,576.8661499023438
partsupp_deep_sift_10,adaptive_sampling,0.05,0.2,6867890,395250,440387.4864509268,1.1141998392180312,383,383,partsupp_deep_sift_10,1.3620142936706543,527.079833984375
partsupp_deep_sift_10,adaptive_sampling,0.05,0.2,1544377,398406,364744.45936641464,1.0922880108776916,383,383,partsupp_deep_sift_10,1.3341903686523438,517.5020141601562
partsupp_deep_sift_10,adaptive_sampling,0.05,0.2,6309693,407313,352746.28636094055,1.1546911073167903,383,383,partsupp_deep_sift_10,1.2995883226394653,517.1334228515625
partsupp_deep_sift_10,adaptive_sampling,0.05,0.2,2552747,396500,327550.12304944475,1.2105017586580087,383,383,partsupp_deep_sift_10,1.3331602811813354,599.02099609375
partsupp_deep_sift_10,adaptive_sampling,0.05,0.2,481105,407440,513140.0445841201,1.2594248099944043,383,383,partsupp_deep_sift_10,1.2784607410430908,563.3963623046875
partsupp_deep_sift_10,adaptive_sampling,0.05,0.2,7176724,397485,340748.11335546634,1.1665068254841549,383,383,partsupp_deep_sift_10,1.3014264106750488,499.9975891113281
partsupp_deep_sift_10,adaptive_sampling,0.05,0.2,5591179,403116,370525.3972690523,1.0879578106417425,383,383,partsupp_deep_sift_10,1.3329461812973022,508.25091552734375
partsupp_deep_sift_10,adaptive_sampling,0.05,0.2,5278949,402054,290573.93533257436,1.3836547298704955,383,383,partsupp_deep_sift_10,1.2452218532562256,515.6239013671875
partsupp_deep_sift_10,adaptive_sampling,0.05,0.2,6922681,400832,373743.0891205203,1.0724800315190428,383,383,partsupp_deep_sift_10,1.2838356494903564,526.29296875
partsupp_deep_sift_10,adaptive_sampling,0.05,0.2,3447240,405566,424844.39869383525,1.0475345534236973,383,383,partsupp_deep_sift_10,1.258987307548523,483.9381408691406
partsupp_deep_sift_10,adaptive_sampling,0.05,0.2,4147711,403376,416881.9747902024,1.033482345975473,383,383,partsupp_deep_sift_10,1.3231295347213745,632.2097778320312
partsupp_deep_sift_10,adaptive_sampling,0.05,0.2,3626284,395837,357327.40696303063,1.1077711708829365,383,383,partsupp_deep_sift_10,1.3116008043289185,572.877685546875
partsupp_deep_sift_10,adaptive_sampling,0.05,0.2,1298658,404233,413609.7457887094,1.0231963886884776,383,383,partsupp_deep_sift_10,1.2348995208740234,499.2214050292969
partsupp_deep_sift_10,adaptive_sampling,0.05,0.2,2109177,396371,359945.19016422506,1.1011982124810604,383,383,partsupp_deep_sift_10,1.2204952239990234,520.1207275390625
partsupp_deep_sift_10,adaptive_sampling,0.05,0.2,7938046,394099,547771.1348499205,1.3899328210676012,383,383,partsupp_deep_sift_10,1.279809832572937,605.8815307617188
partsupp_deep_sift_10,adaptive_sampling,0.05,0.2,6347870,401716,384323.2962253475,1.045255398112672,383,383,partsupp_deep_sift_10,1.2868249416351318,482.830810546875
partsupp_deep_sift_10,adaptive_sampling,0.05,0.2,3511592,394740,338675.7016545208,1.1655397717391303,383,383,partsupp_deep_sift_10,1.2821288108825684,525.7716674804688
partsupp_deep_sift_10,adaptive_sampling,0.05,0.2,6110214,403760,406083.6190852757,1.0057549511721708,383,383,partsupp_deep_sift_10,1.388867974281311,549.5634155273438
partsupp_deep_sift_10,adaptive_sampling,0.05,0.3,1458649,399980,463349.63737561135,1.1584320150397804,385,385,partsupp_deep_sift_10,1.2874683141708374,597.3064575195312
partsupp_deep_sift_10,adaptive_sampling,0.05,0.3,3590985,394113,358158.2054309327,1.1003880241297468,385,385,partsupp_deep_sift_10,1.340354561805725,616.490234375
partsupp_deep_sift_10,adaptive_sampling,0.05,0.3,2861019,404220,441922.7525721032,1.0932728528328712,385,385,partsupp_deep_sift_10,1.3185440301895142,586.3526000976562
partsupp_deep_sift_10,adaptive_sampling,0.05,0.3,7811320,402932,389731.8266149435,1.0338698881733832,385,385,partsupp_deep_sift_10,1.2558953762054443,532.8656616210938
partsupp_deep_sift_10,adaptive_sampling,0.05,0.3,1427886,391508,434528.58829482197,1.1098843147389632,385,385,partsupp_deep_sift_10,1.2673259973526,629.3386840820312
partsupp_deep_sift_10,adaptive_sampling,0.05,0.3,4288339,395447,412885.81548321806,1.044098995524604,385,385,partsupp_deep_sift_10,1.220333218574524,610.163330078125
partsupp_deep_sift_10,adaptive_sampling,0.05,0.3,3227404,396837,360964.74953617813,1.099378818873355,385,385,partsupp_deep_sift_10,1.3129791021347046,629.3305053710938
partsupp_deep_sift_10,adaptive_sampling,0.05,0.3,5886013,396256,474845.67380671273,1.1983305585447608,385,385,partsupp_deep_sift_10,1.2981808185577393,586.176025390625
partsupp_deep_sift_10,adaptive_sampling,0.05,0.3,2636413,396004,421089.5597908585,1.0633467333432451,385,385,partsupp_deep_sift_10,1.253771424293518,577.1610107421875
partsupp_deep_sift_10,adaptive_sampling,0.05,0.3,6936640,407601,439008.26446280984,1.077053943593882,385,385,partsupp_deep_sift_10,1.3769145011901855,506.77410888671875
partsupp_deep_sift_10,adaptive_sampling,0.05,0.3,5469472,394081,403116.8831168831,1.0229289996647468,385,385,partsupp_deep_sift_10,1.2401282787322998,533.3386840820312
partsupp_deep_sift_10,adaptive_sampling,0.05,0.3,4444886,400619,431991.90419969644,1.0783110741120527,385,385,partsupp_deep_sift_10,1.2576053142547607,516.70458984375
partsupp_deep_sift_10,adaptive_sampling,0.05,0.3,6631898,397184,421629.279811098,1.0615464867947804,385,385,partsupp_deep_sift_10,1.2919423580169678,462.7765197753906
partsupp_deep_sift_10,adaptive_sampling,0.05,0.3,7640583,401924,336623.3766233766,1.1939871913580247,385,385,partsupp_deep_sift_10,1.361274242401123,572.66650390625
partsupp_deep_sift_10,adaptive_sampling,0.05,0.3,7822107,401922,481969.97807387414,1.1991629671276371,385,385,partsupp_deep_sift_10,1.3154183626174927,512.9801025390625
partsupp_deep_sift_10,adaptive_sampling,0.05,0.3,6733700,401864,380610.5582728959,1.0558403892512762,385,385,partsupp_deep_sift_10,1.246549129486084,630.165283203125
partsupp_deep_sift_10,adaptive_sampling,0.05,0.3,839131,400625,403818.5191431944,1.0079713426351187,385,385,partsupp_deep_sift_10,1.2508076429367065,501.2117614746094
partsupp_deep_sift_10,adaptive_sampling,0.05,0.3,6952719,400845,384712.4304267161,1.0419341001157407,385,385,partsupp_deep_sift_10,1.3183941841125488,497.21636962890625
partsupp_deep_sift_10,adaptive_sampling,0.05,0.3,3862714,400860,456603.1371226176,1.1390588662441192,385,385,partsupp_deep_sift_10,1.3243881464004517,618.3810424804688
partsupp_deep_sift_10,adaptive_sampling,0.05,0.3,695062,395677,379962.89424860856,1.0413569482421874,385,385,partsupp_deep_sift_10,1.2843838930130005,580.4609985351562
partsupp_deep_sift_10,adaptive_sampling,0.05,0.3,6815544,395324,370463.82189239335,1.067105548878205,385,385,partsupp_deep_sift_10,1.3181325197219849,609.1431274414062
partsupp_deep_sift_10,adaptive_sampling,0.05,0.3,6963267,400226,348713.1050767415,1.1477228534669555,385,385,partsupp_deep_sift_10,1.3239836692810059,525.3175659179688
partsupp_deep_sift_10,adaptive_sampling,0.05,0.3,3402371,395462,375213.35807050095,1.0539656744462025,385,385,partsupp_deep_sift_10,1.3329368829727173,542.8759765625
partsupp_deep_sift_10,adaptive_sampling,0.05,0.3,6909999,394200,455469.7250801146,1.1554280189754302,385,385,partsupp_deep_sift_10,1.3634721040725708,601.5208740234375
partsupp_deep_sift_10,adaptive_sampling,0.05,0.3,6366790,402364,389677.8546129196,1.0325554691828254,385,385,partsupp_deep_sift_10,1.335853934288025,544.6246337890625
partsupp_deep_sift_10,adaptive_sampling,0.05,0.3,481095,404509,273638.0502614269,1.4782629813856016,385,385,partsupp_deep_sift_10,1.3372807502746582,547.6680297851562
partsupp_deep_sift_10,adaptive_sampling,0.05,0.3,3528014,393573,376454.7141170518,1.0454723642473118,385,385,partsupp_deep_sift_10,1.2592573165893555,529.9794311523438
partsupp_deep_sift_10,adaptive_sampling,0.05,0.3,5369867,400223,471175.5776690841,1.1772826091181268,385,385,partsupp_deep_sift_10,1.3111584186553955,530.2484130859375
partsupp_deep_sift_10,adaptive_sampling,0.05,0.3,7520880,398992,367441.3897790521,1.0858656947708578,385,385,partsupp_deep_sift_10,1.3529937267303467,589.5253295898438
partsupp_deep_sift_10,adaptive_sampling,0.05,0.3,6025740,403232,403170.85511890706,1.0001516599732263,385,385,partsupp_deep_sift_10,1.269242525100708,486.06402587890625
partsupp_deep_sift_10,adaptive_sampling,0.05,0.3,3454116,400508,319136.4479676168,1.2549741734314224,385,385,partsupp_deep_sift_10,1.2952616214752197,592.29296875
partsupp_deep_sift_10,adaptive_sampling,0.05,0.3,6288378,401622,349738.57311519654,1.148349169560185,385,385,partsupp_deep_sift_10,1.306634545326233,531.07470703125
partsupp_deep_sift_10,adaptive_sampling,0.05,0.3,1370862,396188,440951.25653567206,1.112984887315295,385,385,partsupp_deep_sift_10,1.2865097522735596,532.203857421875
partsupp_deep_sift_10,adaptive_sampling,0.05,0.3,2964065,400402,441706.86456400744,1.1031584871304525,385,385,partsupp_deep_sift_10,1.2919609546661377,579.1445922851562
partsupp_deep_sift_10,adaptive_sampling,0.05,0.3,7031696,395421,374673.6380502614,1.0553744908707865,385,385,partsupp_deep_sift_10,1.2941935062408447,521.0323486328125
partsupp_deep_sift_10,adaptive_sampling,0.05,0.3,4389879,397376,441706.86456400744,1.1115589883737504,385,385,partsupp_deep_sift_10,1.2936030626296997,630.5452270507812
partsupp_deep_sift_10,adaptive_sampling,0.05,0.3,332506,400506,425569.23595884634,1.0625789275537603,385,385,partsupp_deep_sift_10,1.2828394174575806,559.6328735351562
partsupp_deep_sift_10,adaptive_sampling,0.05,0.3,7799146,393172,416771.79962894245,1.060024110640998,385,385,partsupp_deep_sift_10,1.2940263748168945,563.2017211914062
partsupp_deep_sift_10,adaptive_sampling,0.05,0.3,3041529,398799,356862.8773823579,1.1175132670712342,385,385,partsupp_deep_sift_10,1.2539540529251099,526.2205810546875
partsupp_deep_sift_10,adaptive_sampling,0.05,0.3,737452,395924,375968.96609883616,1.0530762794286537,385,385,partsupp_deep_sift_10,1.3371254205703735,470.7792663574219
partsupp_deep_sift_10,adaptive_sampling,0.05,0.3,5167757,398694,382175.74633159046,1.0432216168267194,385,385,partsupp_deep_sift_10,1.324217677116394,550.3037109375
partsupp_deep_sift_10,adaptive_sampling,0.05,0.3,1813464,398707,354056.3332771125,1.126111758288872,385,385,partsupp_deep_sift_10,1.3283417224884033,512.7138061523438
partsupp_deep_sift_10,adaptive_sampling,0.05,0.3,6207689,403362,378181.8181818182,1.0665822115384616,385,385,partsupp_deep_sift_10,1.2774027585983276,625.630615234375
partsupp_deep_sift_10,adaptive_sampling,0.05,0.3,7385883,396398,394535.334795075,1.0047211619357046,385,385,partsupp_deep_sift_10,1.2493783235549927,507.2220764160156
partsupp_deep_sift_10,adaptive_sampling,0.05,0.3,1110231,397584,410942.8234103559,1.0336000025412388,385,385,partsupp_deep_sift_10,1.3100616931915283,599.0711669921875
partsupp_deep_sift_10,adaptive_sampling,0.05,0.3,4260736,395973,440411.53651543264,1.1122261783390095,385,385,partsupp_deep_sift_10,1.3001575469970703,602.0936279296875
partsupp_deep_sift_10,adaptive_sampling,0.05,0.3,7241835,400402,389461.9666048237,1.0280901200457317,385,385,partsupp_deep_sift_10,1.3017319440841675,556.1287841796875
partsupp_deep_sift_10,adaptive_sampling,0.05,0.3,5886526,401840,328149.77230561647,1.2245627878289473,385,385,partsupp_deep_sift_10,1.2316131591796875,582.700927734375
partsupp_deep_sift_10,adaptive_sampling,0.05,0.3,7903428,406703,460165.2892561983,1.1314529011494832,385,385,partsupp_deep_sift_10,1.2262922525405884,545.5012817382812
partsupp_deep_sift_10,adaptive_sampling,0.05,0.3,2010126,404397,375968.96609883616,1.0756127139857883,385,385,partsupp_deep_sift_10,1.2743977308273315,502.064453125
partsupp_deep_sift_10,adaptive_sampling,0.05,0.3,64433,395396,427571.25619507936,1.081374764021587,383,383,partsupp_deep_sift_10,1.334740400314331,554.4074096679688
partsupp_deep_sift_10,adaptive_sampling,0.05,0.3,6427842,402664,436842.57169930945,1.08488112098253,383,383,partsupp_deep_sift_10,1.20938241481781,566.8768310546875
partsupp_deep_sift_10,adaptive_sampling,0.05,0.3,1934109,402590,398666.5666818917,1.0098413903898766,383,383,partsupp_deep_sift_10,1.2798904180526733,505.5464782714844
partsupp_deep_sift_10,adaptive_sampling,0.05,0.3,2037726,399513,416445.67759000335,1.042383295637447,383,383,partsupp_deep_sift_10,1.3250298500061035,615.4520263671875
partsupp_deep_sift_10,adaptive_sampling,0.05,0.3,944719,402523,379578.5641731827,1.0604471326688218,383,383,partsupp_deep_sift_10,1.1776694059371948,581.3955688476562
partsupp_deep_sift_10,adaptive_sampling,0.05,0.3,5909334,393742,471200.9762149854,1.196725206391458,383,383,partsupp_deep_sift_10,1.358309268951416,521.673583984375
partsupp_deep_sift_10,adaptive_sampling,0.05,0.3,7834709,398429,398339.3437817423,1.0002250749760406,383,383,partsupp_deep_sift_10,1.337336778640747,608.1433715820312
partsupp_deep_sift_10,adaptive_sampling,0.05,0.3,7376316,399214,541881.1226472333,1.3573700387442156,383,383,partsupp_deep_sift_10,1.2568628787994385,522.5633544921875
partsupp_deep_sift_10,adaptive_sampling,0.05,0.3,5165847,401651,422117.54119259113,1.0509560319595648,383,383,partsupp_deep_sift_10,1.3102415800094604,564.3408203125
partsupp_deep_sift_10,adaptive_sampling,0.05,0.3,1376518,402930,351110.171860194,1.1475885129310346,383,383,partsupp_deep_sift_10,1.231980323791504,603.9149169921875
partsupp_deep_sift_10,adaptive_sampling,0.05,0.3,378067,405802,353291.65786118933,1.1486317068925593,383,383,partsupp_deep_sift_10,1.2980505228042603,513.3580932617188
partsupp_deep_sift_10,adaptive_sampling,0.05,0.3,2548244,395504,348819.61155914894,1.1338353317698562,383,383,partsupp_deep_sift_10,1.3378641605377197,605.9083862304688
partsupp_deep_sift_10,adaptive_sampling,0.05,0.3,6059356,406549,410064.83103709214,1.0086479884026087,383,383,partsupp_deep_sift_10,1.1986961364746094,527.79638671875
partsupp_deep_sift_10,adaptive_sampling,0.05,0.3,2093515,401040,317624.36174491607,1.262623552541209,383,383,partsupp_deep_sift_10,1.2870118618011475,538.3657836914062
partsupp_deep_sift_10,adaptive_sampling,0.05,0.3,7666555,402909,404992.876084778,1.0051720762871468,383,383,partsupp_deep_sift_10,1.3465135097503662,522.6072387695312
partsupp_deep_sift_10,adaptive_sampling,0.05,0.3,4888112,397851,379360.4155730832,1.0487414702954283,383,383,partsupp_deep_sift_10,1.275146245956421,496.27044677734375
partsupp_deep_sift_10,adaptive_sampling,0.05,0.3,3745676,385813,384595.9819754719,1.0031644064981566,383,383,partsupp_deep_sift_10,1.2729002237319946,539.89697265625
partsupp_deep_sift_10,adaptive_sampling,0.05,0.3,1117872,398578,435751.8286988118,1.0932661328493087,383,383,partsupp_deep_sift_10,1.3280774354934692,550.6089477539062
partsupp_deep_sift_10,adaptive_sampling,0.05,0.3,1782015,398924,361145.00746477244,1.1046089292509815,383,383,partsupp_deep_sift_10,1.362056016921997,536.2875366210938
partsupp_deep_sift_10,adaptive_sampling,0.05,0.3,5399003,400521,456257.7971081676,1.1391607359118938,383,383,partsupp_deep_sift_10,1.2387514114379883,535.1766967773438
partsupp_deep_sift_10,adaptive_sampling,0.05,0.3,7813502,398748,439460.35490050376,1.102100461696369,383,383,partsupp_deep_sift_10,1.272877812385559,528.5340576171875
partsupp_deep_sift_10,adaptive_sampling,0.05,0.3,7712554,399897,382850.79317467567,1.0445244129807691,383,383,partsupp_deep_sift_10,1.2719537019729614,568.2291259765625
partsupp_deep_sift_10,adaptive_sampling,0.05,0.3,1407909,403856,403138.6129839321,1.001779504599567,383,383,partsupp_deep_sift_10,1.2944639921188354,494.7236022949219
partsupp_deep_sift_10,adaptive_sampling,0.05,0.3,25058,395417,379142.2669729837,1.0429251350870252,383,383,partsupp_deep_sift_10,1.31178617477417,502.63848876953125
partsupp_deep_sift_10,adaptive_sampling,0.05,0.3,5261130,391022,366489.6481672109,1.0669387306175595,383,383,partsupp_deep_sift_10,1.293652892112732,588.9188232421875
partsupp_deep_sift_10,adaptive_sampling,0.05,0.3,6080832,405125,471473.6619651098,1.163773309386263,383,383,partsupp_deep_sift_10,1.3094019889831543,539.7361450195312
partsupp_deep_sift_10,adaptive_sampling,0.05,0.3,2248413,403274,384759.59342554654,1.048119415060241,383,383,partsupp_deep_sift_10,1.236426830291748,524.451171875
partsupp_deep_sift_10,adaptive_sampling,0.05,0.3,3861353,399125,389286.17687761184,1.02527401101499,383,383,partsupp_deep_sift_10,1.3584873676300049,555.0057983398438
partsupp_deep_sift_10,adaptive_sampling,0.05,0.3,4878920,403853,407392.51068587287,1.0087643540740638,383,383,partsupp_deep_sift_10,1.2990585565567017,506.8971252441406
partsupp_deep_sift_10,adaptive_sampling,0.05,0.3,3401984,401792,486907.6754221516,1.2118401447070912,383,383,partsupp_deep_sift_10,1.308633804321289,591.42822265625
partsupp_deep_sift_10,adaptive_sampling,0.05,0.3,1227788,399820,424135.41574351175,1.060815906516712,383,383,partsupp_deep_sift_10,1.233915090560913,524.4754028320312
partsupp_deep_sift_10,adaptive_sampling,0.05,0.3,6908906,402846,347401.645658502,1.1595972702904238,383,383,partsupp_deep_sift_10,1.3026199340820312,576.8661499023438
partsupp_deep_sift_10,adaptive_sampling,0.05,0.3,6867890,395250,343584.04515676026,1.150373556547619,383,383,partsupp_deep_sift_10,1.3620142936706543,527.079833984375
partsupp_deep_sift_10,adaptive_sampling,0.05,0.3,1544377,398406,538772.5050958149,1.3523202589715388,383,383,partsupp_deep_sift_10,1.3341903686523438,517.5020141601562
partsupp_deep_sift_10,adaptive_sampling,0.05,0.3,6309693,407313,436515.34879916016,1.0716951062184614,383,383,partsupp_deep_sift_10,1.2995883226394653,517.1334228515625
partsupp_deep_sift_10,adaptive_sampling,0.05,0.3,2552747,396500,412628.07708826155,1.0406761086715297,383,383,partsupp_deep_sift_10,1.3331602811813354,599.02099609375
partsupp_deep_sift_10,adaptive_sampling,0.05,0.3,481105,407440,365344.3680166883,1.1152217898193761,383,383,partsupp_deep_sift_10,1.2784607410430908,563.3963623046875
partsupp_deep_sift_10,adaptive_sampling,0.05,0.3,7176724,397485,481672.1090197629,1.2117994616646235,383,383,partsupp_deep_sift_10,1.3014264106750488,499.9975891113281
partsupp_deep_sift_10,adaptive_sampling,0.05,0.3,5591179,403116,420972.2610420686,1.0442955899593878,383,383,partsupp_deep_sift_10,1.3329461812973022,508.25091552734375
partsupp_deep_sift_10,adaptive_sampling,0.05,0.3,5278949,402054,529119.4295414108,1.3160407048342033,383,383,partsupp_deep_sift_10,1.2452218532562256,515.6239013671875
partsupp_deep_sift_10,adaptive_sampling,0.05,0.3,6922681,400832,334421.80395257997,1.19858213568167,383,383,partsupp_deep_sift_10,1.2838356494903564,526.29296875
partsupp_deep_sift_10,adaptive_sampling,0.05,0.3,3447240,405566,356945.64691285643,1.1362122034759359,383,383,partsupp_deep_sift_10,1.258987307548523,483.9381408691406
partsupp_deep_sift_10,adaptive_sampling,0.05,0.3,4147711,403376,411428.2597877141,1.0199621687649094,383,383,partsupp_deep_sift_10,1.3231295347213745,632.2097778320312
partsupp_deep_sift_10,adaptive_sampling,0.05,0.3,3626284,395837,412573.53993823664,1.0422813934479007,383,383,partsupp_deep_sift_10,1.3116008043289185,572.877685546875
partsupp_deep_sift_10,adaptive_sampling,0.05,0.3,1298658,404233,407937.88218612166,1.0091652145819903,383,383,partsupp_deep_sift_10,1.2348995208740234,499.2214050292969
partsupp_deep_sift_10,adaptive_sampling,0.05,0.3,2109177,396371,378215.1354225606,1.0480040666726749,383,383,partsupp_deep_sift_10,1.2204952239990234,520.1207275390625
partsupp_deep_sift_10,adaptive_sampling,0.05,0.3,7938046,394099,417536.420590501,1.0594708958675383,383,383,partsupp_deep_sift_10,1.279809832572937,605.8815307617188
partsupp_deep_sift_10,adaptive_sampling,0.05,0.3,6347870,401716,451403.99075595307,1.1236893495801836,383,383,partsupp_deep_sift_10,1.2868249416351318,482.830810546875
partsupp_deep_sift_10,adaptive_sampling,0.05,0.3,3511592,394740,431497.930996871,1.0931193469039646,383,383,partsupp_deep_sift_10,1.2821288108825684,525.7716674804688
partsupp_deep_sift_10,adaptive_sampling,0.05,0.3,6110214,403760,377942.4496724363,1.0683107979797979,383,383,partsupp_deep_sift_10,1.388867974281311,549.5634155273438
partsupp_deep_sift_10,adaptive_sampling,0.05,0.4,1458649,399980,432315.7362118401,1.0808433826987351,385,385,partsupp_deep_sift_10,1.2874683141708374,597.3064575195312
partsupp_deep_sift_10,adaptive_sampling,0.05,0.4,3590985,394113,417851.23966942145,1.0602320645840697,385,385,partsupp_deep_sift_10,1.340354561805725,616.490234375
partsupp_deep_sift_10,adaptive_sampling,0.05,0.4,2861019,404220,427296.3400236127,1.0570885656909919,385,385,partsupp_deep_sift_10,1.3185440301895142,586.3526000976562
partsupp_deep_sift_10,adaptive_sampling,0.05,0.4,7811320,402932,466587.9574970484,1.15798188651447,385,385,partsupp_deep_sift_10,1.2558953762054443,532.8656616210938
partsupp_deep_sift_10,adaptive_sampling,0.05,0.4,1427886,391508,312821.72373081464,1.251537122584541,385,385,partsupp_deep_sift_10,1.2673259973526,629.3386840820312
partsupp_deep_sift_10,adaptive_sampling,0.05,0.4,4288339,395447,424867.59993253497,1.0743983389241414,385,385,partsupp_deep_sift_10,1.220333218574524,610.163330078125
partsupp_deep_sift_10,adaptive_sampling,0.05,0.4,3227404,396837,480350.8180131556,1.2104486678741035,385,385,partsupp_deep_sift_10,1.3129791021347046,629.3305053710938
partsupp_deep_sift_10,adaptive_sampling,0.05,0.4,5886013,396256,297925.4511722044,1.3300508514492755,385,385,partsupp_deep_sift_10,1.2981808185577393,586.176025390625
partsupp_deep_sift_10,adaptive_sampling,0.05,0.4,2636413,396004,398691.17895091913,1.0067857368888171,385,385,partsupp_deep_sift_10,1.253771424293518,577.1610107421875
partsupp_deep_sift_10,adaptive_sampling,0.05,0.4,6936640,407601,380340.6982627762,1.0716733756385697,385,385,partsupp_deep_sift_10,1.3769145011901855,506.77410888671875
partsupp_deep_sift_10,adaptive_sampling,0.05,0.4,5469472,394081,332575.47647158045,1.1849370379949689,385,385,partsupp_deep_sift_10,1.2401282787322998,533.3386840820312
partsupp_deep_sift_10,adaptive_sampling,0.05,0.4,4444886,400619,518293.13543599244,1.2937307901921586,385,385,partsupp_deep_sift_10,1.2576053142547607,516.70458984375
partsupp_deep_sift_10,adaptive_sampling,0.05,0.4,6631898,397184,417851.23966942145,1.05203442150092,385,385,partsupp_deep_sift_10,1.2919423580169678,462.7765197753906
partsupp_deep_sift_10,adaptive_sampling,0.05,0.4,7640583,401924,399122.95496711077,1.0070180003380664,385,385,partsupp_deep_sift_10,1.361274242401123,572.66650390625
partsupp_deep_sift_10,adaptive_sampling,0.05,0.4,7822107,401922,446456.400742115,1.1108035906024427,385,385,partsupp_deep_sift_10,1.3154183626174927,512.9801025390625
partsupp_deep_sift_10,adaptive_sampling,0.05,0.4,6733700,401864,308719.85157699446,1.3017109134615383,385,385,partsupp_deep_sift_10,1.246549129486084,630.165283203125
partsupp_deep_sift_10,adaptive_sampling,0.05,0.4,839131,400625,427512.2280317085,1.0671132056953723,385,385,partsupp_deep_sift_10,1.2508076429367065,501.2117614746094
partsupp_deep_sift_10,adaptive_sampling,0.05,0.4,6952719,400845,470204.08163265296,1.173032173614871,385,385,partsupp_deep_sift_10,1.3183941841125488,497.21636962890625
partsupp_deep_sift_10,adaptive_sampling,0.05,0.4,3862714,400860,385575.9824590994,1.0396394439389696,385,385,partsupp_deep_sift_10,1.3243881464004517,618.3810424804688
partsupp_deep_sift_10,adaptive_sampling,0.05,0.4,695062,395677,371759.1499409681,1.0643369505843496,385,385,partsupp_deep_sift_10,1.2843838930130005,580.4609985351562
partsupp_deep_sift_10,adaptive_sampling,0.05,0.4,6815544,395324,367333.44577500416,1.0761993075962388,385,385,partsupp_deep_sift_10,1.3181325197219849,609.1431274414062
partsupp_deep_sift_10,adaptive_sampling,0.05,0.4,6963267,400226,461136.7852926294,1.1521909753305117,385,385,partsupp_deep_sift_10,1.3239836692810059,525.3175659179688
partsupp_deep_sift_10,adaptive_sampling,0.05,0.4,3402371,395462,434528.58829482197,1.098787211653261,385,385,partsupp_deep_sift_10,1.3329368829727173,542.8759765625
partsupp_deep_sift_10,adaptive_sampling,0.05,0.4,6909999,394200,295334.79507505486,1.334756373355263,385,385,partsupp_deep_sift_10,1.3634721040725708,601.5208740234375
partsupp_deep_sift_10,adaptive_sampling,0.05,0.4,6366790,402364,332575.47647158045,1.2098426626906846,385,385,partsupp_deep_sift_10,1.335853934288025,544.6246337890625
partsupp_deep_sift_10,adaptive_sampling,0.05,0.4,481095,404509,408460.11131725414,1.0097676722081688,385,385,partsupp_deep_sift_10,1.3372807502746582,547.6680297851562
partsupp_deep_sift_10,adaptive_sampling,0.05,0.4,3528014,393573,372406.81396525557,1.056836194293478,385,385,partsupp_deep_sift_10,1.2592573165893555,529.9794311523438
partsupp_deep_sift_10,adaptive_sampling,0.05,0.4,5369867,400223,411590.48743464326,1.02840288397879,385,385,partsupp_deep_sift_10,1.3111584186553955,530.2484130859375
partsupp_deep_sift_10,adaptive_sampling,0.05,0.4,7520880,398992,380826.4462809917,1.0477003472222224,385,385,partsupp_deep_sift_10,1.3529937267303467,589.5253295898438
partsupp_deep_sift_10,adaptive_sampling,0.05,0.4,6025740,403232,394535.334795075,1.0220428043775651,385,385,partsupp_deep_sift_10,1.269242525100708,486.06402587890625
partsupp_deep_sift_10,adaptive_sampling,0.05,0.4,3454116,400508,398691.17895091913,1.0045569632462437,385,385,partsupp_deep_sift_10,1.2952616214752197,592.29296875
partsupp_deep_sift_10,adaptive_sampling,0.05,0.4,6288378,401622,356215.21335807047,1.1274700937500002,385,385,partsupp_deep_sift_10,1.306634545326233,531.07470703125
partsupp_deep_sift_10,adaptive_sampling,0.05,0.4,1370862,396188,426162.92798110977,1.0756583439708163,385,385,partsupp_deep_sift_10,1.2865097522735596,532.203857421875
partsupp_deep_sift_10,adaptive_sampling,0.05,0.4,2964065,400402,408460.11131725414,1.020125052615257,385,385,partsupp_deep_sift_10,1.2919609546661377,579.1445922851562
partsupp_deep_sift_10,adaptive_sampling,0.05,0.4,7031696,395421,378883.4542081295,1.043648107638889,385,385,partsupp_deep_sift_10,1.2941935062408447,521.0323486328125
partsupp_deep_sift_10,adaptive_sampling,0.05,0.4,4389879,397376,476033.05785123963,1.197941138496637,385,385,partsupp_deep_sift_10,1.2936030626296997,630.5452270507812
partsupp_deep_sift_10,adaptive_sampling,0.05,0.4,332506,400506,309097.6555911621,1.2957264241749606,385,385,partsupp_deep_sift_10,1.2828394174575806,559.6328735351562
partsupp_deep_sift_10,adaptive_sampling,0.05,0.4,7799146,393172,489202.22634508344,1.2442448250259008,385,385,partsupp_deep_sift_10,1.2940263748168945,563.2017211914062
partsupp_deep_sift_10,adaptive_sampling,0.05,0.4,3041529,398799,432801.4842300556,1.0852622103617502,385,385,partsupp_deep_sift_10,1.2539540529251099,526.2205810546875
partsupp_deep_sift_10,adaptive_sampling,0.05,0.4,737452,395924,401551.69505818863,1.014214079111619,385,385,partsupp_deep_sift_10,1.3371254205703735,470.7792663574219
partsupp_deep_sift_10,adaptive_sampling,0.05,0.4,5167757,398694,358482.0374430764,1.1121728799683832,385,385,partsupp_deep_sift_10,1.324217677116394,550.3037109375
partsupp_deep_sift_10,adaptive_sampling,0.05,0.4,1813464,398707,440411.5365154326,1.104599459039928,385,385,partsupp_deep_sift_10,1.3283417224884033,512.7138061523438
partsupp_deep_sift_10,adaptive_sampling,0.05,0.4,6207689,403362,452447.29296677344,1.121690424399853,385,385,partsupp_deep_sift_10,1.2774027585983276,625.630615234375
partsupp_deep_sift_10,adaptive_sampling,0.05,0.4,7385883,396398,441383.0325518637,1.1134845093866863,385,385,partsupp_deep_sift_10,1.2493783235549927,507.2220764160156
partsupp_deep_sift_10,adaptive_sampling,0.05,0.4,1110231,397584,344557.2609208973,1.1538981907894736,385,385,partsupp_deep_sift_10,1.3100616931915283,599.0711669921875
partsupp_deep_sift_10,adaptive_sampling,0.05,0.4,4260736,395973,334194.6365322989,1.1848574355014534,385,385,partsupp_deep_sift_10,1.3001575469970703,602.0936279296875
partsupp_deep_sift_10,adaptive_sampling,0.05,0.4,7241835,400402,264246.9219092596,1.5152570069955065,385,385,partsupp_deep_sift_10,1.3017319440841675,556.1287841796875
partsupp_deep_sift_10,adaptive_sampling,0.05,0.4,5886526,401840,437119.2443919716,1.0877942573959078,385,385,partsupp_deep_sift_10,1.2316131591796875,582.700927734375
partsupp_deep_sift_10,adaptive_sampling,0.05,0.4,7903428,406703,376292.7981109799,1.080815264181727,385,385,partsupp_deep_sift_10,1.2262922525405884,545.5012817382812
partsupp_deep_sift_10,adaptive_sampling,0.05,0.4,2010126,404397,414504.9755439366,1.0249951793508276,385,385,partsupp_deep_sift_10,1.2743977308273315,502.064453125
partsupp_deep_sift_10,adaptive_sampling,0.05,0.4,64433,395396,361145.00746477244,1.0948400000755059,383,383,partsupp_deep_sift_10,1.334740400314331,554.4074096679688
partsupp_deep_sift_10,adaptive_sampling,0.05,0.4,6427842,402664,430625.33659647283,1.069440865328097,383,383,partsupp_deep_sift_10,1.20938241481781,566.8768310546875
partsupp_deep_sift_10,adaptive_sampling,0.05,0.4,1934109,402590,446332.035803639,1.1086515705895303,383,383,partsupp_deep_sift_10,1.2798904180526733,505.5464782714844
partsupp_deep_sift_10,adaptive_sampling,0.05,0.4,2037726,399513,370852.6201692015,1.0772823981066175,383,383,partsupp_deep_sift_10,1.3250298500061035,615.4520263671875
partsupp_deep_sift_10,adaptive_sampling,0.05,0.4,944719,402523,479926.9202189667,1.1922968879268183,383,383,partsupp_deep_sift_10,1.1776694059371948,581.3955688476562
partsupp_deep_sift_10,adaptive_sampling,0.05,0.4,5909334,393742,416445.67759000335,1.0576613050931913,383,383,partsupp_deep_sift_10,1.358309268951416,521.673583984375
partsupp_deep_sift_10,adaptive_sampling,0.05,0.4,7834709,398429,387104.69087661646,1.0292538669519584,383,383,partsupp_deep_sift_10,1.337336778640747,608.1433715820312
partsupp_deep_sift_10,adaptive_sampling,0.05,0.4,7376316,399214,326459.3800489471,1.22285964011861,383,383,partsupp_deep_sift_10,1.2568628787994385,522.5633544921875
partsupp_deep_sift_10,adaptive_sampling,0.05,0.4,5165847,401651,407719.73358602216,1.0151094696291612,383,383,partsupp_deep_sift_10,1.3102415800094604,564.3408203125
partsupp_deep_sift_10,adaptive_sampling,0.05,0.4,1376518,402930,327441.04874939495,1.2305421129663558,383,383,partsupp_deep_sift_10,1.231980323791504,603.9149169921875
partsupp_deep_sift_10,adaptive_sampling,0.05,0.4,378067,405802,339493.758904894,1.1953150517670683,383,383,partsupp_deep_sift_10,1.2980505228042603,513.3580932617188
partsupp_deep_sift_10,adaptive_sampling,0.05,0.4,2548244,395504,320351.21924616024,1.2345949577800477,383,383,partsupp_deep_sift_10,1.3378641605377197,605.9083862304688
partsupp_deep_sift_10,adaptive_sampling,0.05,0.4,6059356,406549,436733.49739925965,1.0742456564873106,383,383,partsupp_deep_sift_10,1.1986961364746094,527.79638671875
partsupp_deep_sift_10,adaptive_sampling,0.05,0.4,2093515,401040,298645.43353625695,1.3428633254200146,383,383,partsupp_deep_sift_10,1.2870118618011475,538.3657836914062
partsupp_deep_sift_10,adaptive_sampling,0.05,0.4,7666555,402909,514503.47333474224,1.2769719051566042,383,383,partsupp_deep_sift_10,1.3465135097503662,522.6072387695312
partsupp_deep_sift_10,adaptive_sampling,0.05,0.4,4888112,397851,456148.7228081178,1.1465315477606386,383,383,partsupp_deep_sift_10,1.275146245956421,496.27044677734375
partsupp_deep_sift_10,adaptive_sampling,0.05,0.4,3745676,385813,411919.0941379381,1.067665149017628,383,383,partsupp_deep_sift_10,1.2729002237319946,539.89697265625
partsupp_deep_sift_10,adaptive_sampling,0.05,0.4,1117872,398578,402865.92723380757,1.0107580629984785,383,383,partsupp_deep_sift_10,1.3280774354934692,550.6089477539062
partsupp_deep_sift_10,adaptive_sampling,0.05,0.4,1782015,398924,366707.7967673104,1.0878525177721594,383,383,partsupp_deep_sift_10,1.362056016921997,536.2875366210938
partsupp_deep_sift_10,adaptive_sampling,0.05,0.4,5399003,400521,372216.04891982354,1.0760444133516485,383,383,partsupp_deep_sift_10,1.2387514114379883,535.1766967773438
partsupp_deep_sift_10,adaptive_sampling,0.05,0.4,7813502,398748,436515.34879916016,1.0947148294139661,383,383,partsupp_deep_sift_10,1.272877812385559,528.5340576171875
partsupp_deep_sift_10,adaptive_sampling,0.05,0.4,7712554,399897,320351.21924616024,1.2483080318564863,383,383,partsupp_deep_sift_10,1.2719537019729614,568.2291259765625
partsupp_deep_sift_10,adaptive_sampling,0.05,0.4,1407909,403856,446332.035803639,1.1051761910275915,383,383,partsupp_deep_sift_10,1.2944639921188354,494.7236022949219
partsupp_deep_sift_10,adaptive_sampling,0.05,0.4,25058,395417,388740.805377363,1.017173897183642,383,383,partsupp_deep_sift_10,1.31178617477417,502.63848876953125
partsupp_deep_sift_10,adaptive_sampling,0.05,0.4,5261130,391022,382850.79317467567,1.0213430583689458,383,383,partsupp_deep_sift_10,1.293652892112732,588.9188232421875
partsupp_deep_sift_10,adaptive_sampling,0.05,0.4,6080832,405125,361908.52756512084,1.1194126944883964,383,383,partsupp_deep_sift_10,1.3094019889831543,539.7361450195312
partsupp_deep_sift_10,adaptive_sampling,0.05,0.4,2248413,403274,410119.368187117,1.016974484313685,383,383,partsupp_deep_sift_10,1.236426830291748,524.451171875
partsupp_deep_sift_10,adaptive_sampling,0.05,0.4,3861353,399125,371179.84306935075,1.0752873774059655,383,383,partsupp_deep_sift_10,1.3584873676300049,555.0057983398438
partsupp_deep_sift_10,adaptive_sampling,0.05,0.4,4878920,403853,446168.4243535643,1.1047792745220768,383,383,partsupp_deep_sift_10,1.2990585565567017,506.8971252441406
partsupp_deep_sift_10,adaptive_sampling,0.05,0.4,3401984,401792,496724.3624266305,1.2362724056890892,383,383,partsupp_deep_sift_10,1.308633804321289,591.42822265625
partsupp_deep_sift_10,adaptive_sampling,0.05,0.4,1227788,399820,286538.18623073306,1.3953463070993528,383,383,partsupp_deep_sift_10,1.233915090560913,524.4754028320312
partsupp_deep_sift_10,adaptive_sampling,0.05,0.4,6908906,402846,358854.4471637273,1.1225888467705167,383,383,partsupp_deep_sift_10,1.3026199340820312,576.8661499023438
partsupp_deep_sift_10,adaptive_sampling,0.05,0.4,6867890,395250,398666.5666818917,1.008644064976323,383,383,partsupp_deep_sift_10,1.3620142936706543,527.079833984375
partsupp_deep_sift_10,adaptive_sampling,0.05,0.4,1544377,398406,331313.18640116166,1.202505714691358,383,383,partsupp_deep_sift_10,1.3341903686523438,517.5020141601562
partsupp_deep_sift_10,adaptive_sampling,0.05,0.4,6309693,407313,461384.2892105066,1.1327511992264097,383,383,partsupp_deep_sift_10,1.2995883226394653,517.1334228515625
partsupp_deep_sift_10,adaptive_sampling,0.05,0.4,2552747,396500,528464.9837411122,1.3328246752613169,383,383,partsupp_deep_sift_10,1.3331602811813354,599.02099609375
partsupp_deep_sift_10,adaptive_sampling,0.05,0.4,481105,407440,362126.67616522027,1.125131140060241,383,383,partsupp_deep_sift_10,1.2784607410430908,563.3963623046875
partsupp_deep_sift_10,adaptive_sampling,0.05,0.4,7176724,397485,393812.760329677,1.0093248366742835,383,383,partsupp_deep_sift_10,1.3014264106750488,499.9975891113281
partsupp_deep_sift_10,adaptive_sampling,0.05,0.4,5591179,403116,481399.42326963844,1.1941957731016344,383,383,partsupp_deep_sift_10,1.3329461812973022,508.25091552734375
partsupp_deep_sift_10,adaptive_sampling,0.05,0.4,5278949,402054,422117.54119259113,1.049902603114485,383,383,partsupp_deep_sift_10,1.2452218532562256,515.6239013671875
partsupp_deep_sift_10,adaptive_sampling,0.05,0.4,6922681,400832,389395.2511776616,1.0293705400560225,383,383,partsupp_deep_sift_10,1.2838356494903564,526.29296875
partsupp_deep_sift_10,adaptive_sampling,0.05,0.4,3447240,405566,347074.4227583527,1.1685274782762414,383,383,partsupp_deep_sift_10,1.258987307548523,483.9381408691406
partsupp_deep_sift_10,adaptive_sampling,0.05,0.4,4147711,403376,417427.34629045124,1.0348343636965294,383,383,partsupp_deep_sift_10,1.3231295347213745,632.2097778320312
partsupp_deep_sift_10,adaptive_sampling,0.05,0.4,3626284,395837,377942.4496724363,1.0473472888347761,383,383,partsupp_deep_sift_10,1.3116008043289185,572.877685546875
partsupp_deep_sift_10,adaptive_sampling,0.05,0.4,1298658,404233,422226.6154926409,1.0445129801194877,383,383,partsupp_deep_sift_10,1.2348995208740234,499.2214050292969
partsupp_deep_sift_10,adaptive_sampling,0.05,0.4,2109177,396371,344565.7138572081,1.1503495097143084,383,383,partsupp_deep_sift_10,1.2204952239990234,520.1207275390625
partsupp_deep_sift_10,adaptive_sampling,0.05,0.4,7938046,394099,427134.9589948804,1.0838265486461025,383,383,partsupp_deep_sift_10,1.279809832572937,605.8815307617188
partsupp_deep_sift_10,adaptive_sampling,0.05,0.4,6347870,401716,347401.645658502,1.156344551098901,383,383,partsupp_deep_sift_10,1.2868249416351318,482.830810546875
partsupp_deep_sift_10,adaptive_sampling,0.05,0.4,3511592,394740,433788.491297916,1.0989220532449613,383,383,partsupp_deep_sift_10,1.2821288108825684,525.7716674804688
partsupp_deep_sift_10,adaptive_sampling,0.05,0.4,6110214,403760,352309.9891607414,1.1460361965944275,383,383,partsupp_deep_sift_10,1.388867974281311,549.5634155273438
partsupp_deep_sift_10,adaptive_sampling,0.05,0.5,1458649,399980,364311.01366166305,1.0979080648148147,385,385,partsupp_deep_sift_10,1.2874683141708374,597.3064575195312
partsupp_deep_sift_10,adaptive_sampling,0.05,0.5,3590985,394113,436309.6643616124,1.1070674257423947,385,385,partsupp_deep_sift_10,1.340354561805725,616.490234375
partsupp_deep_sift_10,adaptive_sampling,0.05,0.5,2861019,404220,394427.3907910271,1.0248274066091956,385,385,partsupp_deep_sift_10,1.3185440301895142,586.3526000976562
partsupp_deep_sift_10,adaptive_sampling,0.05,0.5,7811320,402932,295064.93506493507,1.3655705985915494,385,385,partsupp_deep_sift_10,1.2558953762054443,532.8656616210938
partsupp_deep_sift_10,adaptive_sampling,0.05,0.5,1427886,391508,367009.61376286054,1.0667513474264705,385,385,partsupp_deep_sift_10,1.2673259973526,629.3386840820312
partsupp_deep_sift_10,adaptive_sampling,0.05,0.5,4288339,395447,360263.11350986676,1.0976616399812733,385,385,partsupp_deep_sift_10,1.220333218574524,610.163330078125
partsupp_deep_sift_10,adaptive_sampling,0.05,0.5,3227404,396837,366685.7817507168,1.0822263085994996,385,385,partsupp_deep_sift_10,1.3129791021347046,629.3305053710938
partsupp_deep_sift_10,adaptive_sampling,0.05,0.5,5886013,396256,372406.81396525557,1.06404068115942,385,385,partsupp_deep_sift_10,1.2981808185577393,586.176025390625
partsupp_deep_sift_10,adaptive_sampling,0.05,0.5,2636413,396004,384280.6544105246,1.0305072489466292,385,385,partsupp_deep_sift_10,1.253771424293518,577.1610107421875
partsupp_deep_sift_10,adaptive_sampling,0.05,0.5,6936640,407601,380340.6982627762,1.0716733756385697,385,385,partsupp_deep_sift_10,1.3769145011901855,506.77410888671875
partsupp_deep_sift_10,adaptive_sampling,0.05,0.5,5469472,394081,461784.4493169168,1.1718008463156477,385,385,partsupp_deep_sift_10,1.2401282787322998,533.3386840820312
partsupp_deep_sift_10,adaptive_sampling,0.05,0.5,4444886,400619,497351.9986506999,1.241458839073284,385,385,partsupp_deep_sift_10,1.2576053142547607,516.70458984375
partsupp_deep_sift_10,adaptive_sampling,0.05,0.5,6631898,397184,509171.86709394504,1.2819546283182228,385,385,partsupp_deep_sift_10,1.2919423580169678,462.7765197753906
partsupp_deep_sift_10,adaptive_sampling,0.05,0.5,7640583,401924,389084.162590656,1.033000154320988,385,385,partsupp_deep_sift_10,1.361274242401123,572.66650390625
partsupp_deep_sift_10,adaptive_sampling,0.05,0.5,7822107,401922,380502.6142688481,1.0562923484042552,385,385,partsupp_deep_sift_10,1.3154183626174927,512.9801025390625
partsupp_deep_sift_10,adaptive_sampling,0.05,0.5,6733700,401864,345852.5889694721,1.1619516892946318,385,385,partsupp_deep_sift_10,1.246549129486084,630.165283203125
partsupp_deep_sift_10,adaptive_sampling,0.05,0.5,839131,400625,301649.51931185694,1.3281141667784937,385,385,partsupp_deep_sift_10,1.2508076429367065,501.2117614746094
partsupp_deep_sift_10,adaptive_sampling,0.05,0.5,6952719,400845,458762.0172035756,1.1444873135590454,385,385,partsupp_deep_sift_10,1.3183941841125488,497.21636962890625
partsupp_deep_sift_10,adaptive_sampling,0.05,0.5,3862714,400860,403494.68713105074,1.0065725867660797,385,385,partsupp_deep_sift_10,1.3243881464004517,618.3810424804688
partsupp_deep_sift_10,adaptive_sampling,0.05,0.5,695062,395677,389893.74262101535,1.014832906371124,385,385,partsupp_deep_sift_10,1.2843838930130005,580.4609985351562
partsupp_deep_sift_10,adaptive_sampling,0.05,0.5,6815544,395324,408298.1953111823,1.0328191440721592,385,385,partsupp_deep_sift_10,1.3181325197219849,609.1431274414062
partsupp_deep_sift_10,adaptive_sampling,0.05,0.5,6963267,400226,451529.7689323663,1.1281869966777927,385,385,partsupp_deep_sift_10,1.3239836692810059,525.3175659179688
partsupp_deep_sift_10,adaptive_sampling,0.05,0.5,3402371,395462,435230.2243211334,1.100561430228779,385,385,partsupp_deep_sift_10,1.3329368829727173,542.8759765625
partsupp_deep_sift_10,adaptive_sampling,0.05,0.5,6909999,394200,371327.37392477656,1.0615969295058139,385,385,partsupp_deep_sift_10,1.3634721040725708,601.5208740234375
partsupp_deep_sift_10,adaptive_sampling,0.05,0.5,6366790,402364,378235.7901838421,1.063791450841895,385,385,partsupp_deep_sift_10,1.335853934288025,544.6246337890625
partsupp_deep_sift_10,adaptive_sampling,0.05,0.5,481095,404509,439008.26446280984,1.0852867660863166,385,385,partsupp_deep_sift_10,1.3372807502746582,547.6680297851562
partsupp_deep_sift_10,adaptive_sampling,0.05,0.5,3528014,393573,437119.2443919716,1.1106433733817402,385,385,partsupp_deep_sift_10,1.2592573165893555,529.9794311523438
partsupp_deep_sift_10,adaptive_sampling,0.05,0.5,5369867,400223,489202.22634508344,1.2223241201657162,385,385,partsupp_deep_sift_10,1.3111584186553955,530.2484130859375
partsupp_deep_sift_10,adaptive_sampling,0.05,0.5,7520880,398992,380772.47427896777,1.0478488518781006,385,385,partsupp_deep_sift_10,1.3529937267303467,589.5253295898438
partsupp_deep_sift_10,adaptive_sampling,0.05,0.5,6025740,403232,409323.66334963735,1.0151070930621513,385,385,partsupp_deep_sift_10,1.269242525100708,486.06402587890625
partsupp_deep_sift_10,adaptive_sampling,0.05,0.5,3454116,400508,388004.7225501771,1.0322245496592015,385,385,partsupp_deep_sift_10,1.2952616214752197,592.29296875
partsupp_deep_sift_10,adaptive_sampling,0.05,0.5,6288378,401622,400796.0870298533,1.0020606812213841,385,385,partsupp_deep_sift_10,1.306634545326233,531.07470703125
partsupp_deep_sift_10,adaptive_sampling,0.05,0.5,1370862,396188,456603.1371226176,1.1524910828258748,385,385,partsupp_deep_sift_10,1.2865097522735596,532.203857421875
partsupp_deep_sift_10,adaptive_sampling,0.05,0.5,2964065,400402,378883.4542081295,1.0567946305199432,385,385,partsupp_deep_sift_10,1.2919609546661377,579.1445922851562
partsupp_deep_sift_10,adaptive_sampling,0.05,0.5,7031696,395421,371597.23393489624,1.0641117960239652,385,385,partsupp_deep_sift_10,1.2941935062408447,521.0323486328125
partsupp_deep_sift_10,adaptive_sampling,0.05,0.5,4389879,397376,355459.6053297352,1.117921682356514,385,385,partsupp_deep_sift_10,1.2936030626296997,630.5452270507812
partsupp_deep_sift_10,adaptive_sampling,0.05,0.5,332506,400506,453364.8170011806,1.1319800876920212,385,385,partsupp_deep_sift_10,1.2828394174575806,559.6328735351562
partsupp_deep_sift_10,adaptive_sampling,0.05,0.5,7799146,393172,352761.0052285377,1.1145562978121175,385,385,partsupp_deep_sift_10,1.2940263748168945,563.2017211914062
partsupp_deep_sift_10,adaptive_sampling,0.05,0.5,3041529,398799,345204.92494518467,1.1552529271224203,385,385,partsupp_deep_sift_10,1.2539540529251099,526.2205810546875
partsupp_deep_sift_10,adaptive_sampling,0.05,0.5,737452,395924,402739.0791027154,1.017213099238024,385,385,partsupp_deep_sift_10,1.3371254205703735,470.7792663574219
partsupp_deep_sift_10,adaptive_sampling,0.05,0.5,5167757,398694,378181.8181818182,1.0542389423076923,385,385,partsupp_deep_sift_10,1.324217677116394,550.3037109375
partsupp_deep_sift_10,adaptive_sampling,0.05,0.5,1813464,398707,441544.94855793554,1.1074421782359867,385,385,partsupp_deep_sift_10,1.3283417224884033,512.7138061523438
partsupp_deep_sift_10,adaptive_sampling,0.05,0.5,6207689,403362,461676.5053128689,1.1445711428267138,385,385,partsupp_deep_sift_10,1.2774027585983276,625.630615234375
partsupp_deep_sift_10,adaptive_sampling,0.05,0.5,7385883,396398,417095.63164108613,1.0522142685913807,385,385,partsupp_deep_sift_10,1.2493783235549927,507.2220764160156
partsupp_deep_sift_10,adaptive_sampling,0.05,0.5,1110231,397584,427026.480013493,1.0740534830714843,385,385,partsupp_deep_sift_10,1.3100616931915283,599.0711669921875
partsupp_deep_sift_10,adaptive_sampling,0.05,0.5,4260736,395973,278495.5304435824,1.4218289226017442,385,385,partsupp_deep_sift_10,1.3001575469970703,602.0936279296875
partsupp_deep_sift_10,adaptive_sampling,0.05,0.5,7241835,400402,465940.29347276094,1.1636812340416904,385,385,partsupp_deep_sift_10,1.3017319440841675,556.1287841796875
partsupp_deep_sift_10,adaptive_sampling,0.05,0.5,5886526,401840,379477.146230393,1.0589306997582137,385,385,partsupp_deep_sift_10,1.2316131591796875,582.700927734375
partsupp_deep_sift_10,adaptive_sampling,0.05,0.5,7903428,406703,398961.0389610389,1.0194053059895833,385,385,partsupp_deep_sift_10,1.2262922525405884,545.5012817382812
partsupp_deep_sift_10,adaptive_sampling,0.05,0.5,2010126,404397,371597.23393489624,1.0882669812091503,385,385,partsupp_deep_sift_10,1.2743977308273315,502.064453125
partsupp_deep_sift_10,adaptive_sampling,0.05,0.5,64433,395396,366489.6481672109,1.078873583407738,383,383,partsupp_deep_sift_10,1.334740400314331,554.4074096679688
partsupp_deep_sift_10,adaptive_sampling,0.05,0.5,6427842,402664,470819.2161648113,1.1692607637256156,383,383,partsupp_deep_sift_10,1.20938241481781,566.8768310546875
partsupp_deep_sift_10,adaptive_sampling,0.05,0.5,1934109,402590,466292.63271274604,1.1582320293915547,383,383,partsupp_deep_sift_10,1.2798904180526733,505.5464782714844
partsupp_deep_sift_10,adaptive_sampling,0.05,0.5,2037726,399513,393540.07457955263,1.0151774261536863,383,383,partsupp_deep_sift_10,1.3250298500061035,615.4520263671875
partsupp_deep_sift_10,adaptive_sampling,0.05,0.5,944719,402523,335730.69555317715,1.1989460759218649,383,383,partsupp_deep_sift_10,1.1776694059371948,581.3955688476562
partsupp_deep_sift_10,adaptive_sampling,0.05,0.5,5909334,393742,494324.7278255357,1.255453387816224,383,383,partsupp_deep_sift_10,1.358309268951416,521.673583984375
partsupp_deep_sift_10,adaptive_sampling,0.05,0.5,7834709,398429,372216.04891982354,1.0704240216300367,383,383,partsupp_deep_sift_10,1.337336778640747,608.1433715820312
partsupp_deep_sift_10,adaptive_sampling,0.05,0.5,7376316,399214,436188.12589901086,1.0926173077572703,383,383,partsupp_deep_sift_10,1.2568628787994385,522.5633544921875
partsupp_deep_sift_10,adaptive_sampling,0.05,0.5,5165847,401651,359181.67006387666,1.1182391348883995,383,383,partsupp_deep_sift_10,1.3102415800094604,564.3408203125
partsupp_deep_sift_10,adaptive_sampling,0.05,0.5,1376518,402930,486362.3039219028,1.2070640158883745,383,383,partsupp_deep_sift_10,1.231980323791504,603.9149169921875
partsupp_deep_sift_10,adaptive_sampling,0.05,0.5,378067,405802,334421.80395257997,1.213443606857469,383,383,partsupp_deep_sift_10,1.2980505228042603,513.3580932617188
partsupp_deep_sift_10,adaptive_sampling,0.05,0.5,2548244,395504,316097.32154421945,1.251209589717046,383,383,partsupp_deep_sift_10,1.3378641605377197,605.9083862304688
partsupp_deep_sift_10,adaptive_sampling,0.05,0.5,6059356,406549,491979.63037446566,1.2101361222742293,383,383,partsupp_deep_sift_10,1.1986961364746094,527.79638671875
partsupp_deep_sift_10,adaptive_sampling,0.05,0.5,2093515,401040,326895.67724914616,1.2268134084084084,383,383,partsupp_deep_sift_10,1.2870118618011475,538.3657836914062
partsupp_deep_sift_10,adaptive_sampling,0.05,0.5,7666555,402909,471691.81056520937,1.1707154979541519,383,383,partsupp_deep_sift_10,1.3465135097503662,522.6072387695312
partsupp_deep_sift_10,adaptive_sampling,0.05,0.5,4888112,397851,484726.1894211563,1.2183611186629073,383,383,partsupp_deep_sift_10,1.275146245956421,496.27044677734375
partsupp_deep_sift_10,adaptive_sampling,0.05,0.5,3745676,385813,359945.19016422506,1.0718659688825756,383,383,partsupp_deep_sift_10,1.2729002237319946,539.89697265625
partsupp_deep_sift_10,adaptive_sampling,0.05,0.5,1117872,398578,370252.7115189278,1.0765025821549565,383,383,partsupp_deep_sift_10,1.3280774354934692,550.6089477539062
partsupp_deep_sift_10,adaptive_sampling,0.05,0.5,1782015,398924,402484.16718363337,1.0089244246614226,383,383,partsupp_deep_sift_10,1.362056016921997,536.2875366210938
partsupp_deep_sift_10,adaptive_sampling,0.05,0.5,5399003,400521,347674.3314086264,1.1520004895882354,383,383,partsupp_deep_sift_10,1.2387514114379883,535.1766967773438
partsupp_deep_sift_10,adaptive_sampling,0.05,0.5,7813502,398748,380123.9356734315,1.0489947161406028,383,383,partsupp_deep_sift_10,1.272877812385559,528.5340576171875
partsupp_deep_sift_10,adaptive_sampling,0.05,0.5,7712554,399897,380123.9356734315,1.0520174145086085,383,383,partsupp_deep_sift_10,1.2719537019729614,568.2291259765625
partsupp_deep_sift_10,adaptive_sampling,0.05,0.5,1407909,403856,379142.2669729837,1.0651832707134636,383,383,partsupp_deep_sift_10,1.2944639921188354,494.7236022949219
partsupp_deep_sift_10,adaptive_sampling,0.05,0.5,25058,395417,352746.28636094055,1.120967151998299,383,383,partsupp_deep_sift_10,1.31178617477417,502.63848876953125
partsupp_deep_sift_10,adaptive_sampling,0.05,0.5,5261130,391022,311516.2009421293,1.255222036020658,383,383,partsupp_deep_sift_10,1.293652892112732,588.9188232421875
partsupp_deep_sift_10,adaptive_sampling,0.05,0.5,6080832,405125,439460.35490050376,1.0847524958975718,383,383,partsupp_deep_sift_10,1.3094019889831543,539.7361450195312
partsupp_deep_sift_10,adaptive_sampling,0.05,0.5,2248413,403274,476654.69121747365,1.181962366077341,383,383,partsupp_deep_sift_10,1.236426830291748,524.451171875
partsupp_deep_sift_10,adaptive_sampling,0.05,0.5,3861353,399125,424080.87859348685,1.062526473143719,383,383,partsupp_deep_sift_10,1.3584873676300049,555.0057983398438
partsupp_deep_sift_10,adaptive_sampling,0.05,0.5,4878920,403853,271431.39567384054,1.487863992289532,383,383,partsupp_deep_sift_10,1.2990585565567017,506.8971252441406
partsupp_deep_sift_10,adaptive_sampling,0.05,0.5,3401984,401792,384486.90767542215,1.0450082746099292,383,383,partsupp_deep_sift_10,1.308633804321289,591.42822265625
partsupp_deep_sift_10,adaptive_sampling,0.05,0.5,1227788,399820,359945.19016422506,1.1107802268939393,383,383,partsupp_deep_sift_10,1.233915090560913,524.4754028320312
partsupp_deep_sift_10,adaptive_sampling,0.05,0.5,6908906,402846,435206.4571985629,1.0803295979072969,383,383,partsupp_deep_sift_10,1.3026199340820312,576.8661499023438
partsupp_deep_sift_10,adaptive_sampling,0.05,0.5,6867890,395250,545371.5002488259,1.379814042375271,383,383,partsupp_deep_sift_10,1.3620142936706543,527.079833984375
partsupp_deep_sift_10,adaptive_sampling,0.05,0.5,1544377,398406,285992.8147304842,1.3930629703947368,383,383,partsupp_deep_sift_10,1.3341903686523438,517.5020141601562
partsupp_deep_sift_10,adaptive_sampling,0.05,0.5,6309693,407313,377942.4496724363,1.0777117001623375,383,383,partsupp_deep_sift_10,1.2995883226394653,517.1334228515625
partsupp_deep_sift_10,adaptive_sampling,0.05,0.5,2552747,396500,398012.120881593,1.003813671832517,383,383,partsupp_deep_sift_10,1.3331602811813354,599.02099609375
partsupp_deep_sift_10,adaptive_sampling,0.05,0.5,481105,407440,446004.8129034897,1.0946515140965287,383,383,partsupp_deep_sift_10,1.2784607410430908,563.3963623046875
partsupp_deep_sift_10,adaptive_sampling,0.05,0.5,7176724,397485,347401.645658502,1.1441655644623234,383,383,partsupp_deep_sift_10,1.3014264106750488,499.9975891113281
partsupp_deep_sift_10,adaptive_sampling,0.05,0.5,5591179,403116,339493.758904894,1.1874032715662652,383,383,partsupp_deep_sift_10,1.3329461812973022,508.25091552734375
partsupp_deep_sift_10,adaptive_sampling,0.05,0.5,5278949,402054,415245.8602894559,1.0328111653893655,383,383,partsupp_deep_sift_10,1.2452218532562256,515.6239013671875
partsupp_deep_sift_10,adaptive_sampling,0.05,0.5,6922681,400832,426807.736094731,1.0648045467795262,383,383,partsupp_deep_sift_10,1.2838356494903564,526.29296875
partsupp_deep_sift_10,adaptive_sampling,0.05,0.5,3447240,405566,384595.9819754719,1.0545247974688032,383,383,partsupp_deep_sift_10,1.258987307548523,483.9381408691406
partsupp_deep_sift_10,adaptive_sampling,0.05,0.5,4147711,403376,397030.45218114514,1.0159825217032967,383,383,partsupp_deep_sift_10,1.3231295347213745,632.2097778320312
partsupp_deep_sift_10,adaptive_sampling,0.05,0.5,3626284,395837,371070.76876930107,1.0667426089983831,383,383,partsupp_deep_sift_10,1.3116008043289185,572.877685546875
partsupp_deep_sift_10,adaptive_sampling,0.05,0.5,1298658,404233,389395.2511776616,1.0381045962359945,383,383,partsupp_deep_sift_10,1.2348995208740234,499.2214050292969
partsupp_deep_sift_10,adaptive_sampling,0.05,0.5,2109177,396371,473709.68511613004,1.1951169109650557,383,383,partsupp_deep_sift_10,1.2204952239990234,520.1207275390625
partsupp_deep_sift_10,adaptive_sampling,0.05,0.5,7938046,394099,433788.491297916,1.1007094443221526,383,383,partsupp_deep_sift_10,1.279809832572937,605.8815307617188
partsupp_deep_sift_10,adaptive_sampling,0.05,0.5,6347870,401716,306553.32028986496,1.3104278225404733,383,383,partsupp_deep_sift_10,1.2868249416351318,482.830810546875
partsupp_deep_sift_10,adaptive_sampling,0.05,0.5,3511592,394740,403356.76158403157,1.0218289547145756,383,383,partsupp_deep_sift_10,1.2821288108825684,525.7716674804688
partsupp_deep_sift_10,adaptive_sampling,0.05,0.5,6110214,403760,407610.65928597236,1.0095370004110669,383,383,partsupp_deep_sift_10,1.388867974281311,549.5634155273438
partsupp_deep_sift_10,adaptive_sampling,0.1,0.1,1458649,795484,605026.1426884803,1.3147927731935771,385,385,partsupp_deep_sift_10,1.3347949981689453,610.9035034179688
partsupp_deep_sift_10,adaptive_sampling,0.1,0.1,3590985,791153,801484.2300556586,1.0130584476778304,385,385,partsupp_deep_sift_10,1.3777989149093628,632.1812744140625
partsupp_deep_sift_10,adaptive_sampling,0.1,0.1,2861019,809880,670871.9851576994,1.2072049778761063,385,385,partsupp_deep_sift_10,1.3568108081817627,612.220703125
partsupp_deep_sift_10,adaptive_sampling,0.1,0.1,7811320,805139,790150.1096306291,1.0189696744791668,385,385,partsupp_deep_sift_10,1.3173130750656128,553.2496948242188
partsupp_deep_sift_10,adaptive_sampling,0.1,0.1,1427886,791864,693648.1700118063,1.1415931508714598,385,385,partsupp_deep_sift_10,1.2990801334381104,647.8644409179688
partsupp_deep_sift_10,adaptive_sampling,0.1,0.1,4288339,797496,876289.4248608535,1.098801028294629,385,385,partsupp_deep_sift_10,1.2626646757125854,629.6444091796875
partsupp_deep_sift_10,adaptive_sampling,0.1,0.1,3227404,794646,816326.530612245,1.0272832564591592,385,385,partsupp_deep_sift_10,1.3479390144348145,652.8438720703125
partsupp_deep_sift_10,adaptive_sampling,0.1,0.1,5886013,792192,724897.9591836734,1.0928324324324326,385,385,partsupp_deep_sift_10,1.3278565406799316,604.5913696289062
partsupp_deep_sift_10,adaptive_sampling,0.1,0.1,2636413,800851,782594.0293472761,1.0233287885775861,385,385,partsupp_deep_sift_10,1.311769962310791,597.7836303710938
partsupp_deep_sift_10,adaptive_sampling,0.1,0.1,6936640,802647,816326.530612245,1.0170430221657154,385,385,partsupp_deep_sift_10,1.3941254615783691,527.1727294921875
partsupp_deep_sift_10,adaptive_sampling,0.1,0.1,5469472,794518,925727.7787147918,1.1651438717748266,385,385,partsupp_deep_sift_10,1.2808152437210083,557.5244140625
partsupp_deep_sift_10,adaptive_sampling,0.1,0.1,4444886,806960,770720.188902007,1.047020710784314,385,385,partsupp_deep_sift_10,1.3111402988433838,541.2664184570312
partsupp_deep_sift_10,adaptive_sampling,0.1,0.1,6631898,802523,757551.0204081632,1.0593649515086208,385,385,partsupp_deep_sift_10,1.3243225812911987,481.07135009765625
partsupp_deep_sift_10,adaptive_sampling,0.1,0.1,7640583,807693,572211.1654579188,1.4115296043788905,385,385,partsupp_deep_sift_10,1.391295313835144,594.9845581054688
partsupp_deep_sift_10,adaptive_sampling,0.1,0.1,7822107,802025,763811.7726429414,1.0500296391411108,385,385,partsupp_deep_sift_10,1.33879816532135,535.2683715820312
partsupp_deep_sift_10,adaptive_sampling,0.1,0.1,6733700,808932,829009.9510878731,1.0248203199871844,385,385,partsupp_deep_sift_10,1.289414644241333,647.6226196289062
partsupp_deep_sift_10,adaptive_sampling,0.1,0.1,839131,797015,868571.4285714285,1.0897805293142897,385,385,partsupp_deep_sift_10,1.2846053838729858,524.1398315429688
partsupp_deep_sift_10,adaptive_sampling,0.1,0.1,6952719,799699,1055206.6115702481,1.3195047281167642,385,385,partsupp_deep_sift_10,1.3563987016677856,519.6178588867188
partsupp_deep_sift_10,adaptive_sampling,0.1,0.1,3862714,809138,848439.8718164952,1.0485725201591016,385,385,partsupp_deep_sift_10,1.3653942346572876,635.3731689453125
partsupp_deep_sift_10,adaptive_sampling,0.1,0.1,695062,788562,693000.5059875189,1.1378952730724299,385,385,partsupp_deep_sift_10,1.3310644626617432,596.0296630859375
partsupp_deep_sift_10,adaptive_sampling,0.1,0.1,6815544,796566,898094.1136785293,1.1274572523538906,385,385,partsupp_deep_sift_10,1.3406383991241455,631.215576171875
partsupp_deep_sift_10,adaptive_sampling,0.1,0.1,6963267,801919,787559.4535334795,1.018232968193188,385,385,partsupp_deep_sift_10,1.3666590452194214,547.0770874023438
partsupp_deep_sift_10,adaptive_sampling,0.1,0.1,3402371,801018,815678.8665879575,1.0183027929309423,385,385,partsupp_deep_sift_10,1.361109733581543,565.5166015625
partsupp_deep_sift_10,adaptive_sampling,0.1,0.1,6909999,786735,757551.0204081632,1.0385241109913794,385,385,partsupp_deep_sift_10,1.3932421207427979,618.1504516601562
partsupp_deep_sift_10,adaptive_sampling,0.1,0.1,6366790,808344,726193.2872322482,1.1131251337792643,385,385,partsupp_deep_sift_10,1.3635601997375488,566.0697021484375
partsupp_deep_sift_10,adaptive_sampling,0.1,0.1,481095,805892,702715.4663518299,1.1468254771505377,385,385,partsupp_deep_sift_10,1.3620941638946533,569.0011596679688
partsupp_deep_sift_10,adaptive_sampling,0.1,0.1,3528014,783896,662560.2968460111,1.1831315636200719,385,385,partsupp_deep_sift_10,1.2938764095306396,552.4672241210938
partsupp_deep_sift_10,adaptive_sampling,0.1,0.1,5369867,801247,706493.5064935064,1.1341179963235295,385,385,partsupp_deep_sift_10,1.3404202461242676,551.3106079101562
partsupp_deep_sift_10,adaptive_sampling,0.1,0.1,7520880,796536,633091.5837409344,1.2581686764705882,385,385,partsupp_deep_sift_10,1.3802138566970825,608.49169921875
partsupp_deep_sift_10,adaptive_sampling,0.1,0.1,6025740,807306,796626.7498735031,1.013405588160569,385,385,partsupp_deep_sift_10,1.3072186708450317,506.7082214355469
partsupp_deep_sift_10,adaptive_sampling,0.1,0.1,3454116,803436,925997.6387249115,1.1525468596439685,385,385,partsupp_deep_sift_10,1.3239885568618774,615.220458984375
partsupp_deep_sift_10,adaptive_sampling,0.1,0.1,6288378,794379,846173.0477314893,1.0652006759134989,385,385,partsupp_deep_sift_10,1.3360987901687622,552.6112060546875
partsupp_deep_sift_10,adaptive_sampling,0.1,0.1,1370862,801763,954656.771799629,1.1906969663100304,385,385,partsupp_deep_sift_10,1.320529580116272,550.99462890625
partsupp_deep_sift_10,adaptive_sampling,0.1,0.1,2964065,804172,796626.7498735031,1.0094714998306233,385,385,partsupp_deep_sift_10,1.3225163221359253,602.3387451171875
partsupp_deep_sift_10,adaptive_sampling,0.1,0.1,7031696,804074,875102.0408163265,1.0883352039940684,385,385,partsupp_deep_sift_10,1.3256630897521973,542.0
partsupp_deep_sift_10,adaptive_sampling,0.1,0.1,4389879,792467,777196.8291448811,1.0196477523871528,385,385,partsupp_deep_sift_10,1.323013186454773,643.0156860351562
partsupp_deep_sift_10,adaptive_sampling,0.1,0.1,332506,795061,949313.543599258,1.1940134701604757,385,385,partsupp_deep_sift_10,1.3168305158615112,583.8169555664062
partsupp_deep_sift_10,adaptive_sampling,0.1,0.1,7799146,794414,686523.8657446449,1.1571542369300316,385,385,partsupp_deep_sift_10,1.3244168758392334,582.3092651367188
partsupp_deep_sift_10,adaptive_sampling,0.1,0.1,3041529,805836,733425.5355034575,1.0987291292589596,385,385,partsupp_deep_sift_10,1.3106414079666138,548.4207763671875
partsupp_deep_sift_10,adaptive_sampling,0.1,0.1,737452,796310,884061.3931523022,1.1101975275361382,385,385,partsupp_deep_sift_10,1.3628592491149902,492.26153564453125
partsupp_deep_sift_10,adaptive_sampling,0.1,0.1,5167757,801484,820914.1507842806,1.0242427182380192,385,385,partsupp_deep_sift_10,1.3576877117156982,569.7183227539062
partsupp_deep_sift_10,adaptive_sampling,0.1,0.1,1813464,802250,911910.9461966605,1.1366917372348526,385,385,partsupp_deep_sift_10,1.3626320362091064,535.3795166015625
partsupp_deep_sift_10,adaptive_sampling,0.1,0.1,6207689,806056,836458.0873671783,1.0377170908313793,385,385,partsupp_deep_sift_10,1.3219995498657227,635.7445068359375
partsupp_deep_sift_10,adaptive_sampling,0.1,0.1,7385883,794248,796626.7498735031,1.0029949711846968,385,385,partsupp_deep_sift_10,1.283722162246704,535.7155151367188
partsupp_deep_sift_10,adaptive_sampling,0.1,0.1,1110231,794946,751290.2681733851,1.0581076764547415,385,385,partsupp_deep_sift_10,1.3444823026657104,617.4130249023438
partsupp_deep_sift_10,adaptive_sampling,0.1,0.1,4260736,792601,787559.4535334795,1.0064014804773165,385,385,partsupp_deep_sift_10,1.3329147100448608,618.4482421875
partsupp_deep_sift_10,adaptive_sampling,0.1,0.1,7241835,798323,673570.5852588969,1.1852106037159456,385,385,partsupp_deep_sift_10,1.3390611410140991,569.3621215820312
partsupp_deep_sift_10,adaptive_sampling,0.1,0.1,5886526,806771,693648.1700118063,1.1630838728894337,385,385,partsupp_deep_sift_10,1.2909647226333618,599.5682983398438
partsupp_deep_sift_10,adaptive_sampling,0.1,0.1,7903428,803962,801969.9780738741,1.002483910845279,385,385,partsupp_deep_sift_10,1.2724732160568237,562.7736206054688
partsupp_deep_sift_10,adaptive_sampling,0.1,0.1,2010126,808343,961889.0200708383,1.1899515676771348,385,385,partsupp_deep_sift_10,1.3289860486984253,521.8298950195312
partsupp_deep_sift_10,adaptive_sampling,0.1,0.1,64433,792299,803550.3684666198,1.0142009121135074,383,383,partsupp_deep_sift_10,1.3650949001312256,570.1052856445312
partsupp_deep_sift_10,adaptive_sampling,0.1,0.1,6427842,808916,754957.7677944495,1.0714718551253342,383,383,partsupp_deep_sift_10,1.251146674156189,589.0673828125
partsupp_deep_sift_10,adaptive_sampling,0.1,0.1,1934109,802941,797605.8191139079,1.0066889944358972,383,383,partsupp_deep_sift_10,1.322859525680542,523.7473754882812
partsupp_deep_sift_10,adaptive_sampling,0.1,0.1,2037726,804712,798260.2649142062,1.0080822450638793,383,383,partsupp_deep_sift_10,1.353069543838501,626.4286499023438
partsupp_deep_sift_10,adaptive_sampling,0.1,0.1,944719,799601,700257.0063194922,1.1418679039038162,383,383,partsupp_deep_sift_10,1.2368788719177246,597.9633178710938
partsupp_deep_sift_10,adaptive_sampling,0.1,0.1,5909334,791533,833109.5037801063,1.0525265576799783,383,383,partsupp_deep_sift_10,1.385378122329712,548.0261840820312
partsupp_deep_sift_10,adaptive_sampling,0.1,0.1,7834709,801876,906189.2848134489,1.1300865530499091,383,383,partsupp_deep_sift_10,1.3659065961837769,631.3272705078125
partsupp_deep_sift_10,adaptive_sampling,0.1,0.1,7376316,800045,677896.7748092903,1.1801870575724056,383,383,partsupp_deep_sift_10,1.3089756965637207,544.8831787109375
partsupp_deep_sift_10,adaptive_sampling,0.1,0.1,5165847,803409,883501.8304030977,1.0996912287553384,383,383,partsupp_deep_sift_10,1.3460979461669922,581.6566162109375
partsupp_deep_sift_10,adaptive_sampling,0.1,0.1,1376518,803821,702547.5666205372,1.144151710419578,383,383,partsupp_deep_sift_10,1.2752434015274048,617.7947387695312
partsupp_deep_sift_10,adaptive_sampling,0.1,0.1,378067,807941,738542.0856369598,1.0939674470997638,383,383,partsupp_deep_sift_10,1.3386248350143433,535.8815307617188
partsupp_deep_sift_10,adaptive_sampling,0.1,0.1,2548244,793260,768810.2039007696,1.0318021222600555,383,383,partsupp_deep_sift_10,1.3704386949539185,626.9927978515625
partsupp_deep_sift_10,adaptive_sampling,0.1,0.1,6059356,810802,727525.5813319336,1.1144652790292353,383,383,partsupp_deep_sift_10,1.2654802799224854,550.0428466796875
partsupp_deep_sift_10,adaptive_sampling,0.1,0.1,2093515,804459,977905.6370961694,1.2156065593102563,383,383,partsupp_deep_sift_10,1.3167835474014282,559.4703979492188
partsupp_deep_sift_10,adaptive_sampling,0.1,0.1,7666555,798956,848652.5915371978,1.062201912917855,383,383,partsupp_deep_sift_10,1.3707655668258667,548.0255737304688
partsupp_deep_sift_10,adaptive_sampling,0.1,0.1,4888112,803696,981668.7004478864,1.2214428097786805,383,383,partsupp_deep_sift_10,1.318967342376709,522.3467407226562
partsupp_deep_sift_10,adaptive_sampling,0.1,0.1,3745676,775655,606889.4054768934,1.2780829472389466,383,383,partsupp_deep_sift_10,1.3090025186538696,554.119140625
partsupp_deep_sift_10,adaptive_sampling,0.1,0.1,1117872,805632,804750.1857671672,1.0010957614529683,383,383,partsupp_deep_sift_10,1.351989507675171,570.0886840820312
partsupp_deep_sift_10,adaptive_sampling,0.1,0.1,1782015,798522,772300.5815023622,1.0339523485099922,383,383,partsupp_deep_sift_10,1.386362910270691,556.5322875976562
partsupp_deep_sift_10,adaptive_sampling,0.1,0.1,5399003,800866,784462.365957911,1.020910670484566,383,383,partsupp_deep_sift_10,1.2826462984085083,561.477294921875
partsupp_deep_sift_10,adaptive_sampling,0.1,0.1,7813502,805299,752285.4474432302,1.0704699961124402,383,383,partsupp_deep_sift_10,1.30314040184021,553.4630737304688
partsupp_deep_sift_10,adaptive_sampling,0.1,0.1,7712554,803711,689894.9478147646,1.1649759177766799,383,383,partsupp_deep_sift_10,1.311025857925415,585.8106079101562
partsupp_deep_sift_10,adaptive_sampling,0.1,0.1,1407909,810240,838563.2187825945,1.0349565792636681,383,383,partsupp_deep_sift_10,1.3206892013549805,516.3026123046875
partsupp_deep_sift_10,adaptive_sampling,0.1,0.1,25058,787970,845325.8253856801,1.0727893516068887,383,383,partsupp_deep_sift_10,1.341101884841919,524.2967529296875
partsupp_deep_sift_10,adaptive_sampling,0.1,0.1,5261130,786380,784844.1260080852,1.001956915954416,383,383,partsupp_deep_sift_10,1.325787901878357,605.73681640625
partsupp_deep_sift_10,adaptive_sampling,0.1,0.1,6080832,813278,898226.860909816,1.1044524269804619,383,383,partsupp_deep_sift_10,1.3435630798339844,555.3539428710938
partsupp_deep_sift_10,adaptive_sampling,0.1,0.1,2248413,811006,893318.5174075767,1.1014943383989473,383,383,partsupp_deep_sift_10,1.2823227643966675,549.4027099609375
partsupp_deep_sift_10,adaptive_sampling,0.1,0.1,3861353,803778,893045.8316574522,1.1110603072707292,383,383,partsupp_deep_sift_10,1.3841391801834106,571.8719482421875
partsupp_deep_sift_10,adaptive_sampling,0.1,0.1,4878920,811002,665789.5275037664,1.2181056722845678,383,383,partsupp_deep_sift_10,1.335260272026062,529.1852416992188
partsupp_deep_sift_10,adaptive_sampling,0.1,0.1,3401984,798710,818384.4732733878,1.0246328120010864,383,383,partsupp_deep_sift_10,1.3502408266067505,610.616943359375
partsupp_deep_sift_10,adaptive_sampling,0.1,0.1,1227788,809661,878757.0983509328,1.0853395413030056,383,383,partsupp_deep_sift_10,1.2814021110534668,546.479736328125
partsupp_deep_sift_10,adaptive_sampling,0.1,0.1,6908906,795703,928767.6649237502,1.167229060244526,383,383,partsupp_deep_sift_10,1.3321423530578613,591.6123657226562
partsupp_deep_sift_10,adaptive_sampling,0.1,0.1,6867890,803981,893482.1288576513,1.1113224427662485,383,383,partsupp_deep_sift_10,1.3788877725601196,548.0848999023438
partsupp_deep_sift_10,adaptive_sampling,0.1,0.1,1544377,800534,818057.2503732387,1.0218894517575003,383,383,partsupp_deep_sift_10,1.358201026916504,542.1200561523438
partsupp_deep_sift_10,adaptive_sampling,0.1,0.1,6309693,804147,818275.3989733382,1.0175694232190609,383,383,partsupp_deep_sift_10,1.3399221897125244,538.2918701171875
partsupp_deep_sift_10,adaptive_sampling,0.1,0.1,2552747,800493,851761.2090886161,1.0640457931407472,383,383,partsupp_deep_sift_10,1.366588830947876,610.82666015625
partsupp_deep_sift_10,adaptive_sampling,0.1,0.1,481105,805793,735269.8566354668,1.0959146396769768,383,383,partsupp_deep_sift_10,1.3282979726791382,580.929443359375
partsupp_deep_sift_10,adaptive_sampling,0.1,0.1,7176724,792237,727416.5070318838,1.089110560925551,383,383,partsupp_deep_sift_10,1.3363215923309326,523.8716430664062
partsupp_deep_sift_10,adaptive_sampling,0.1,0.1,5591179,801577,852088.4319887653,1.0630150715262106,383,383,partsupp_deep_sift_10,1.3587878942489624,528.7842407226562
partsupp_deep_sift_10,adaptive_sampling,0.1,0.1,5278949,801804,879575.1556013061,1.0969952202799014,383,383,partsupp_deep_sift_10,1.277585506439209,540.8290405273438
partsupp_deep_sift_10,adaptive_sampling,0.1,0.1,6922681,802828,789588.8580602498,1.0167671336855921,383,383,partsupp_deep_sift_10,1.3135424852371216,547.341796875
partsupp_deep_sift_10,adaptive_sampling,0.1,0.1,3447240,806148,760902.3171471616,1.0594631949899658,383,383,partsupp_deep_sift_10,1.2935158014297485,507.2012939453125
partsupp_deep_sift_10,adaptive_sampling,0.1,0.1,4147711,796339,851652.1347885663,1.0694592815227764,383,383,partsupp_deep_sift_10,1.3569071292877197,642.780029296875
partsupp_deep_sift_10,adaptive_sampling,0.1,0.1,3626284,789724,797605.8191139079,1.0099804730689557,383,383,partsupp_deep_sift_10,1.3396490812301636,592.2559814453125
partsupp_deep_sift_10,adaptive_sampling,0.1,0.1,1298658,804613,824874.3941263491,1.025181539605188,383,383,partsupp_deep_sift_10,1.2763007879257202,513.4920043945312
partsupp_deep_sift_10,adaptive_sampling,0.1,0.1,2109177,796252,837690.6243821965,1.0520420977054958,383,383,partsupp_deep_sift_10,1.271804690361023,544.1316528320312
partsupp_deep_sift_10,adaptive_sampling,0.1,0.1,7938046,795119,806931.6717681626,1.0148564828260458,383,383,partsupp_deep_sift_10,1.311934471130371,625.8411254882812
partsupp_deep_sift_10,adaptive_sampling,0.1,0.1,6347870,801243,802514.162616147,1.0015864882640435,383,383,partsupp_deep_sift_10,1.3160370588302612,498.665283203125
partsupp_deep_sift_10,adaptive_sampling,0.1,0.1,3511592,801596,608361.9085275651,1.3176301618556703,383,383,partsupp_deep_sift_10,1.3218002319335938,545.9982299804688
partsupp_deep_sift_10,adaptive_sampling,0.1,0.1,6110214,801758,746504.5095405927,1.0740162849028345,383,383,partsupp_deep_sift_10,1.406653881072998,568.2869262695312
partsupp_deep_sift_10,adaptive_sampling,0.1,0.2,1458649,795484,883791.5331421825,1.1110110739401202,385,385,partsupp_deep_sift_10,1.3347949981689453,610.9035034179688
partsupp_deep_sift_10,adaptive_sampling,0.1,0.2,3590985,791153,809580.0303592511,1.0232913612907377,385,385,partsupp_deep_sift_10,1.3777989149093628,632.1812744140625
partsupp_deep_sift_10,adaptive_sampling,0.1,0.2,2861019,809880,912126.8342047563,1.1262493631213961,385,385,partsupp_deep_sift_10,1.3568108081817627,612.220703125
partsupp_deep_sift_10,adaptive_sampling,0.1,0.2,7811320,805139,775253.8370720189,1.0385488745735867,385,385,partsupp_deep_sift_10,1.3173130750656128,553.2496948242188
partsupp_deep_sift_10,adaptive_sampling,0.1,0.2,1427886,791864,683771.2936414235,1.1580831300813008,385,385,partsupp_deep_sift_10,1.2990801334381104,647.8644409179688
partsupp_deep_sift_10,adaptive_sampling,0.1,0.2,4288339,797496,799865.0699949401,1.00297063558305,385,385,partsupp_deep_sift_10,1.2626646757125854,629.6444091796875
partsupp_deep_sift_10,adaptive_sampling,0.1,0.2,3227404,794646,738606.8476977567,1.0758714226342712,385,385,partsupp_deep_sift_10,1.3479390144348145,652.8438720703125
partsupp_deep_sift_10,adaptive_sampling,0.1,0.2,5886013,792192,808824.4223309158,1.020995443441635,385,385,partsupp_deep_sift_10,1.3278565406799316,604.5913696289062
partsupp_deep_sift_10,adaptive_sampling,0.1,0.2,2636413,800851,802779.5581042334,1.0024081359756476,385,385,partsupp_deep_sift_10,1.311769962310791,597.7836303710938
partsupp_deep_sift_10,adaptive_sampling,0.1,0.2,6936640,802647,736879.7436329904,1.0892510032135794,385,385,partsupp_deep_sift_10,1.3941254615783691,527.1727294921875
partsupp_deep_sift_10,adaptive_sampling,0.1,0.2,5469472,794518,701420.1383032551,1.1327276714950756,385,385,partsupp_deep_sift_10,1.2808152437210083,557.5244140625
partsupp_deep_sift_10,adaptive_sampling,0.1,0.2,4444886,806960,1020394.6702648001,1.2644922552106672,385,385,partsupp_deep_sift_10,1.3111402988433838,541.2664184570312
partsupp_deep_sift_10,adaptive_sampling,0.1,0.2,6631898,802523,862580.5363467701,1.0748359066927304,385,385,partsupp_deep_sift_10,1.3243225812911987,481.07135009765625
partsupp_deep_sift_10,adaptive_sampling,0.1,0.2,7640583,807693,764243.548659133,1.0568528859904662,385,385,partsupp_deep_sift_10,1.391295313835144,594.9845581054688
partsupp_deep_sift_10,adaptive_sampling,0.1,0.2,7822107,802025,859773.9922415247,1.0720039802269565,385,385,partsupp_deep_sift_10,1.33879816532135,535.2683715820312
partsupp_deep_sift_10,adaptive_sampling,0.1,0.2,6733700,808932,855995.9520998482,1.0581803564451007,385,385,partsupp_deep_sift_10,1.289414644241333,647.6226196289062
partsupp_deep_sift_10,adaptive_sampling,0.1,0.2,839131,797015,826419.2949907235,1.0368930258410738,385,385,partsupp_deep_sift_10,1.2846053838729858,524.1398315429688
partsupp_deep_sift_10,adaptive_sampling,0.1,0.2,6952719,799699,795655.253837072,1.0050822842473883,385,385,partsupp_deep_sift_10,1.3563987016677856,519.6178588867188
partsupp_deep_sift_10,adaptive_sampling,0.1,0.2,3862714,809138,780651.0372744139,1.0364912891489215,385,385,partsupp_deep_sift_10,1.3653942346572876,635.3731689453125
partsupp_deep_sift_10,adaptive_sampling,0.1,0.2,695062,788562,882766.0651037275,1.1194631051251867,385,385,partsupp_deep_sift_10,1.3310644626617432,596.0296630859375
partsupp_deep_sift_10,adaptive_sampling,0.1,0.2,6815544,796566,685714.2857142856,1.1616587500000002,385,385,partsupp_deep_sift_10,1.3406383991241455,631.215576171875
partsupp_deep_sift_10,adaptive_sampling,0.1,0.2,6963267,801919,689114.5218417946,1.1636948207922149,385,385,partsupp_deep_sift_10,1.3666590452194214,547.0770874023438
partsupp_deep_sift_10,adaptive_sampling,0.1,0.2,3402371,801018,676808.9053803339,1.1835216611842105,385,385,partsupp_deep_sift_10,1.361109733581543,565.5166015625
partsupp_deep_sift_10,adaptive_sampling,0.1,0.2,6909999,786735,762354.5285882948,1.031980490044248,385,385,partsupp_deep_sift_10,1.3932421207427979,618.1504516601562
partsupp_deep_sift_10,adaptive_sampling,0.1,0.2,6366790,808344,821561.8148085681,1.016351720070376,385,385,partsupp_deep_sift_10,1.3635601997375488,566.0697021484375
partsupp_deep_sift_10,adaptive_sampling,0.1,0.2,481095,805892,617439.7031539888,1.3052157091346155,385,385,partsupp_deep_sift_10,1.3620941638946533,569.0011596679688
partsupp_deep_sift_10,adaptive_sampling,0.1,0.2,3528014,783896,981696.744813628,1.2523303407768736,385,385,partsupp_deep_sift_10,1.2938764095306396,552.4672241210938
partsupp_deep_sift_10,adaptive_sampling,0.1,0.2,5369867,801247,760843.3125316242,1.0531038215134425,385,385,partsupp_deep_sift_10,1.3404202461242676,551.3106079101562
partsupp_deep_sift_10,adaptive_sampling,0.1,0.2,7520880,796536,719338.8429752066,1.1073168198529413,385,385,partsupp_deep_sift_10,1.3802138566970825,608.49169921875
partsupp_deep_sift_10,adaptive_sampling,0.1,0.2,6025740,807306,869165.120593692,1.0766241308669724,385,385,partsupp_deep_sift_10,1.3072186708450317,506.7082214355469
partsupp_deep_sift_10,adaptive_sampling,0.1,0.2,3454116,803436,822857.1428571428,1.024172607223404,385,385,partsupp_deep_sift_10,1.3239885568618774,615.220458984375
partsupp_deep_sift_10,adaptive_sampling,0.1,0.2,6288378,794379,796734.693877551,1.002965453363635,385,385,partsupp_deep_sift_10,1.3360987901687622,552.6112060546875
partsupp_deep_sift_10,adaptive_sampling,0.1,0.2,1370862,801763,796626.7498735031,1.0064474989413956,385,385,partsupp_deep_sift_10,1.320529580116272,550.99462890625
partsupp_deep_sift_10,adaptive_sampling,0.1,0.2,2964065,804172,742870.6358576488,1.082519568257774,385,385,partsupp_deep_sift_10,1.3225163221359253,602.3387451171875
partsupp_deep_sift_10,adaptive_sampling,0.1,0.2,7031696,804074,757766.908416259,1.0611099416844731,385,385,partsupp_deep_sift_10,1.3256630897521973,542.0
partsupp_deep_sift_10,adaptive_sampling,0.1,0.2,4389879,792467,788261.0895597908,1.00533568191544,385,385,partsupp_deep_sift_10,1.323013186454773,643.0156860351562
partsupp_deep_sift_10,adaptive_sampling,0.1,0.2,332506,795061,809256.1983471074,1.0178542254583074,385,385,partsupp_deep_sift_10,1.3168305158615112,583.8169555664062
partsupp_deep_sift_10,adaptive_sampling,0.1,0.2,7799146,794414,834946.8713105078,1.0510223527159739,385,385,partsupp_deep_sift_10,1.3244168758392334,582.3092651367188
partsupp_deep_sift_10,adaptive_sampling,0.1,0.2,3041529,805836,961889.0200708383,1.1936535722787742,385,385,partsupp_deep_sift_10,1.3106414079666138,548.4207763671875
partsupp_deep_sift_10,adaptive_sampling,0.1,0.2,737452,796310,846173.0477314893,1.0626176334988753,385,385,partsupp_deep_sift_10,1.3628592491149902,492.26153564453125
partsupp_deep_sift_10,adaptive_sampling,0.1,0.2,5167757,801484,976029.6846011132,1.2177781273252033,385,385,partsupp_deep_sift_10,1.3576877117156982,569.7183227539062
partsupp_deep_sift_10,adaptive_sampling,0.1,0.2,1813464,802250,710325.518637207,1.1294117681977054,385,385,partsupp_deep_sift_10,1.3626320362091064,535.3795166015625
partsupp_deep_sift_10,adaptive_sampling,0.1,0.2,6207689,806056,905110.4739416428,1.1228878315422783,385,385,partsupp_deep_sift_10,1.3219995498657227,635.7445068359375
partsupp_deep_sift_10,adaptive_sampling,0.1,0.2,7385883,794248,676161.2413560465,1.1746428979086847,385,385,partsupp_deep_sift_10,1.283722162246704,535.7155151367188
partsupp_deep_sift_10,adaptive_sampling,0.1,0.2,1110231,794946,652197.6724574127,1.2188727951216485,385,385,partsupp_deep_sift_10,1.3444823026657104,617.4130249023438
partsupp_deep_sift_10,adaptive_sampling,0.1,0.2,4260736,792601,941595.5473098331,1.1879817806309014,385,385,partsupp_deep_sift_10,1.3329147100448608,618.4482421875
partsupp_deep_sift_10,adaptive_sampling,0.1,0.2,7241835,798323,716964.0748861528,1.1134769899409065,385,385,partsupp_deep_sift_10,1.3390611410140991,569.3621215820312
partsupp_deep_sift_10,adaptive_sampling,0.1,0.2,5886526,806771,918063.7544273909,1.137948382412594,385,385,partsupp_deep_sift_10,1.2909647226333618,599.5682983398438
partsupp_deep_sift_10,adaptive_sampling,0.1,0.2,7903428,803962,796626.7498735031,1.0092078882960704,385,385,partsupp_deep_sift_10,1.2724732160568237,562.7736206054688
partsupp_deep_sift_10,adaptive_sampling,0.1,0.2,2010126,808343,706007.7584752908,1.144949174136152,385,385,partsupp_deep_sift_10,1.3289860486984253,521.8298950195312
partsupp_deep_sift_10,adaptive_sampling,0.1,0.2,64433,792299,857323.998391154,1.0820712867126603,383,383,partsupp_deep_sift_10,1.3650949001312256,570.1052856445312
partsupp_deep_sift_10,adaptive_sampling,0.1,0.2,6427842,808916,765810.660649401,1.0562872020011396,383,383,partsupp_deep_sift_10,1.251146674156189,589.0673828125
partsupp_deep_sift_10,adaptive_sampling,0.1,0.2,1934109,802941,676696.957508743,1.186559199196083,383,383,partsupp_deep_sift_10,1.322859525680542,523.7473754882812
partsupp_deep_sift_10,adaptive_sampling,0.1,0.2,2037726,804712,650846.3483969487,1.2364085655270656,383,383,partsupp_deep_sift_10,1.353069543838501,626.4286499023438
partsupp_deep_sift_10,adaptive_sampling,0.1,0.2,944719,799601,816093.9129723429,1.0206264286467162,383,383,partsupp_deep_sift_10,1.2368788719177246,597.9633178710938
partsupp_deep_sift_10,adaptive_sampling,0.1,0.2,5909334,791533,751849.1502430311,1.0527816647051358,383,383,partsupp_deep_sift_10,1.385378122329712,548.0261840820312
partsupp_deep_sift_10,adaptive_sampling,0.1,0.2,7834709,801876,758884.4425962411,1.0566509932087673,383,383,partsupp_deep_sift_10,1.3659065961837769,631.3272705078125
partsupp_deep_sift_10,adaptive_sampling,0.1,0.2,7376316,800045,683241.415511729,1.1709550706916505,383,383,partsupp_deep_sift_10,1.3089756965637207,544.8831787109375
partsupp_deep_sift_10,adaptive_sampling,0.1,0.2,5165847,803409,727525.5813319336,1.1043034370408544,383,383,partsupp_deep_sift_10,1.3460979461669922,581.6566162109375
partsupp_deep_sift_10,adaptive_sampling,0.1,0.2,1376518,803821,921187.0010702916,1.1460101204998272,383,383,partsupp_deep_sift_10,1.2752434015274048,617.7947387695312
partsupp_deep_sift_10,adaptive_sampling,0.1,0.2,378067,807941,790788.6753607974,1.0216901495603448,383,383,partsupp_deep_sift_10,1.3386248350143433,535.8815307617188
partsupp_deep_sift_10,adaptive_sampling,0.1,0.2,2548244,793260,899862.9754105626,1.1343859206446343,383,383,partsupp_deep_sift_10,1.3704386949539185,626.9927978515625
partsupp_deep_sift_10,adaptive_sampling,0.1,0.2,6059356,810802,1016027.1049635623,1.2531137132907446,383,383,partsupp_deep_sift_10,1.2654802799224854,550.0428466796875
partsupp_deep_sift_10,adaptive_sampling,0.1,0.2,2093515,804459,811676.4038203274,1.0089717484922505,383,383,partsupp_deep_sift_10,1.3167835474014282,559.4703979492188
partsupp_deep_sift_10,adaptive_sampling,0.1,0.2,7666555,798956,870412.914397126,1.0894378594029284,383,383,partsupp_deep_sift_10,1.3707655668258667,548.0255737304688
partsupp_deep_sift_10,adaptive_sampling,0.1,0.2,4888112,803696,798478.413514306,1.0065344114473054,383,383,partsupp_deep_sift_10,1.318967342376709,522.3467407226562
partsupp_deep_sift_10,adaptive_sampling,0.1,0.2,3745676,775655,838508.6816325696,1.0810330386996405,383,383,partsupp_deep_sift_10,1.3090025186538696,554.119140625
partsupp_deep_sift_10,adaptive_sampling,0.1,0.2,1117872,805632,752939.8932435288,1.069981823554976,383,383,partsupp_deep_sift_10,1.351989507675171,570.0886840820312
partsupp_deep_sift_10,adaptive_sampling,0.1,0.2,1782015,798522,688586.0562141674,1.159654618030255,383,383,partsupp_deep_sift_10,1.386362910270691,556.5322875976562
partsupp_deep_sift_10,adaptive_sampling,0.1,0.2,5399003,800866,963453.2923395757,1.2030143523880097,383,383,partsupp_deep_sift_10,1.2826462984085083,561.477294921875
partsupp_deep_sift_10,adaptive_sampling,0.1,0.2,7813502,805299,606889.4054768934,1.3269287496742448,383,383,partsupp_deep_sift_10,1.30314040184021,553.4630737304688
partsupp_deep_sift_10,adaptive_sampling,0.1,0.2,7712554,803711,838072.3844323705,1.0427534081683223,383,383,partsupp_deep_sift_10,1.311025857925415,585.8106079101562
partsupp_deep_sift_10,adaptive_sampling,0.1,0.2,1407909,810240,811240.1066201284,1.0012343338024887,383,383,partsupp_deep_sift_10,1.3206892013549805,516.3026123046875
partsupp_deep_sift_10,adaptive_sampling,0.1,0.2,25058,787970,772246.0443523373,1.0203613288312148,383,383,partsupp_deep_sift_10,1.341101884841919,524.2967529296875
partsupp_deep_sift_10,adaptive_sampling,0.1,0.2,5261130,786380,764719.9176489034,1.0283242032163742,383,383,partsupp_deep_sift_10,1.325787901878357,605.73681640625
partsupp_deep_sift_10,adaptive_sampling,0.1,0.2,6080832,813278,831691.5378794592,1.02264113609302,383,383,partsupp_deep_sift_10,1.3435630798339844,555.3539428710938
partsupp_deep_sift_10,adaptive_sampling,0.1,0.2,2248413,811006,914478.931617231,1.1275859014819014,383,383,partsupp_deep_sift_10,1.2823227643966675,549.4027099609375
partsupp_deep_sift_10,adaptive_sampling,0.1,0.2,3861353,803778,847725.4599867748,1.0546761170208376,383,383,partsupp_deep_sift_10,1.3841391801834106,571.8719482421875
partsupp_deep_sift_10,adaptive_sampling,0.1,0.2,4878920,811002,751849.1502430311,1.0786764868163354,383,383,partsupp_deep_sift_10,1.335260272026062,529.1852416992188
partsupp_deep_sift_10,adaptive_sampling,0.1,0.2,3401984,798710,894518.3347081239,1.1199538439585381,383,383,partsupp_deep_sift_10,1.3502408266067505,610.616943359375
partsupp_deep_sift_10,adaptive_sampling,0.1,0.2,1227788,809661,783371.6229574132,1.0335592664734754,383,383,partsupp_deep_sift_10,1.2814021110534668,546.479736328125
partsupp_deep_sift_10,adaptive_sampling,0.1,0.2,6908906,795703,817730.0274730893,1.0276824738289152,383,383,partsupp_deep_sift_10,1.3321423530578613,591.6123657226562
partsupp_deep_sift_10,adaptive_sampling,0.1,0.2,6867890,803981,866704.3881954339,1.078016008084064,383,383,partsupp_deep_sift_10,1.3788877725601196,548.0848999023438
partsupp_deep_sift_10,adaptive_sampling,0.1,0.2,1544377,800534,751303.7787427824,1.0655263857977642,383,383,partsupp_deep_sift_10,1.358201026916504,542.1200561523438
partsupp_deep_sift_10,adaptive_sampling,0.1,0.2,6309693,804147,613542.937779929,1.3106613253666666,383,383,partsupp_deep_sift_10,1.3399221897125244,538.2918701171875
partsupp_deep_sift_10,adaptive_sampling,0.1,0.2,2552747,800493,653573.2058981928,1.224794702071512,383,383,partsupp_deep_sift_10,1.366588830947876,610.82666015625
partsupp_deep_sift_10,adaptive_sampling,0.1,0.2,481105,805793,942401.9524299708,1.1695335556774145,383,383,partsupp_deep_sift_10,1.3282979726791382,580.929443359375
partsupp_deep_sift_10,adaptive_sampling,0.1,0.2,7176724,792237,769628.2611511429,1.0293761806707058,383,383,partsupp_deep_sift_10,1.3363215923309326,523.8716430664062
partsupp_deep_sift_10,adaptive_sampling,0.1,0.2,5591179,801577,746068.2123403937,1.0744017594389619,383,383,partsupp_deep_sift_10,1.3587878942489624,528.7842407226562
partsupp_deep_sift_10,adaptive_sampling,0.1,0.2,5278949,801804,745195.6179399955,1.075964459126171,383,383,partsupp_deep_sift_10,1.277585506439209,540.8290405273438
partsupp_deep_sift_10,adaptive_sampling,0.1,0.2,6922681,802828,900517.4212108611,1.121681631944652,383,383,partsupp_deep_sift_10,1.3135424852371216,547.341796875
partsupp_deep_sift_10,adaptive_sampling,0.1,0.2,3447240,806148,843035.2650846348,1.0457574354642507,383,383,partsupp_deep_sift_10,1.2935158014297485,507.2012939453125
partsupp_deep_sift_10,adaptive_sampling,0.1,0.2,4147711,796339,829346.4404283894,1.0414489814367869,383,383,partsupp_deep_sift_10,1.3569071292877197,642.780029296875
partsupp_deep_sift_10,adaptive_sampling,0.1,0.2,3626284,789724,720762.9747288481,1.0956778132188256,383,383,partsupp_deep_sift_10,1.3396490812301636,592.2559814453125
partsupp_deep_sift_10,adaptive_sampling,0.1,0.2,1298658,804613,843035.2650846348,1.0477524786259167,383,383,partsupp_deep_sift_10,1.2763007879257202,513.4920043945312
partsupp_deep_sift_10,adaptive_sampling,0.1,0.2,2109177,796252,713891.2938257129,1.1153686939266616,383,383,partsupp_deep_sift_10,1.271804690361023,544.1316528320312
partsupp_deep_sift_10,adaptive_sampling,0.1,0.2,7938046,795119,984286.4836490807,1.2379109084917865,383,383,partsupp_deep_sift_10,1.311934471130371,625.8411254882812
partsupp_deep_sift_10,adaptive_sampling,0.1,0.2,6347870,801243,879411.5441512315,1.0975590977409244,383,383,partsupp_deep_sift_10,1.3160370588302612,498.665283203125
partsupp_deep_sift_10,adaptive_sampling,0.1,0.2,3511592,801596,765156.2148491024,1.0476239811475412,383,383,partsupp_deep_sift_10,1.3218002319335938,545.9982299804688
partsupp_deep_sift_10,adaptive_sampling,0.1,0.2,6110214,801758,831964.2236295836,1.0376749887492032,383,383,partsupp_deep_sift_10,1.406653881072998,568.2869262695312
partsupp_deep_sift_10,adaptive_sampling,0.1,0.3,1458649,795484,820158.5427559454,1.0310182766164315,385,385,partsupp_deep_sift_10,1.3347949981689453,610.9035034179688
partsupp_deep_sift_10,adaptive_sampling,0.1,0.3,3590985,791153,713725.7547647158,1.108483188000983,385,385,partsupp_deep_sift_10,1.3777989149093628,632.1812744140625
partsupp_deep_sift_10,adaptive_sampling,0.1,0.3,2861019,809880,695159.386068477,1.165027785326087,385,385,partsupp_deep_sift_10,1.3568108081817627,612.220703125
partsupp_deep_sift_10,adaptive_sampling,0.1,0.3,7811320,805139,855510.2040816327,1.0625621216729442,385,385,partsupp_deep_sift_10,1.3173130750656128,553.2496948242188
partsupp_deep_sift_10,adaptive_sampling,0.1,0.3,1427886,791864,802455.7260920897,1.0133756883657923,385,385,partsupp_deep_sift_10,1.2990801334381104,647.8644409179688
partsupp_deep_sift_10,adaptive_sampling,0.1,0.3,4288339,797496,751290.2681733851,1.0615018372844827,385,385,partsupp_deep_sift_10,1.2626646757125854,629.6444091796875
partsupp_deep_sift_10,adaptive_sampling,0.1,0.3,3227404,794646,766834.2047562826,1.0362683290223818,385,385,partsupp_deep_sift_10,1.3479390144348145,652.8438720703125
partsupp_deep_sift_10,adaptive_sampling,0.1,0.3,5886013,792192,895503.4575813796,1.1304121445071138,385,385,partsupp_deep_sift_10,1.3278565406799316,604.5913696289062
partsupp_deep_sift_10,adaptive_sampling,0.1,0.3,2636413,800851,802779.5581042334,1.0024081359756476,385,385,partsupp_deep_sift_10,1.311769962310791,597.7836303710938
partsupp_deep_sift_10,adaptive_sampling,0.1,0.3,6936640,802647,904031.0339011638,1.126312107191784,385,385,partsupp_deep_sift_10,1.3941254615783691,527.1727294921875
partsupp_deep_sift_10,adaptive_sampling,0.1,0.3,5469472,794518,813358.0705009275,1.0237125785708159,385,385,partsupp_deep_sift_10,1.2808152437210083,557.5244140625
partsupp_deep_sift_10,adaptive_sampling,0.1,0.3,4444886,806960,829009.9510878731,1.027324713849352,385,385,partsupp_deep_sift_10,1.3111402988433838,541.2664184570312
partsupp_deep_sift_10,adaptive_sampling,0.1,0.3,6631898,802523,863552.0323832012,1.0760464589590593,385,385,partsupp_deep_sift_10,1.3243225812911987,481.07135009765625
partsupp_deep_sift_10,adaptive_sampling,0.1,0.3,7640583,807693,706493.5064935064,1.143241930147059,385,385,partsupp_deep_sift_10,1.391295313835144,594.9845581054688
partsupp_deep_sift_10,adaptive_sampling,0.1,0.3,7822107,802025,933175.9149940968,1.1635247217905886,385,385,partsupp_deep_sift_10,1.33879816532135,535.2683715820312
partsupp_deep_sift_10,adaptive_sampling,0.1,0.3,6733700,808932,775847.5290942823,1.0426430060869565,385,385,partsupp_deep_sift_10,1.289414644241333,647.6226196289062
partsupp_deep_sift_10,adaptive_sampling,0.1,0.3,839131,797015,816488.4466183168,1.0244329738064113,385,385,partsupp_deep_sift_10,1.2846053838729858,524.1398315429688
partsupp_deep_sift_10,adaptive_sampling,0.1,0.3,6952719,799699,798947.545960533,1.0009405549128556,385,385,partsupp_deep_sift_10,1.3563987016677856,519.6178588867188
partsupp_deep_sift_10,adaptive_sampling,0.1,0.3,3862714,809138,789988.1936245572,1.0242406235054997,385,385,partsupp_deep_sift_10,1.3653942346572876,635.3731689453125
partsupp_deep_sift_10,adaptive_sampling,0.1,0.3,695062,788562,745029.5159386068,1.0584305495689657,385,385,partsupp_deep_sift_10,1.3310644626617432,596.0296630859375
partsupp_deep_sift_10,adaptive_sampling,0.1,0.3,6815544,796566,756255.6923595885,1.053302484923637,385,385,partsupp_deep_sift_10,1.3406383991241455,631.215576171875
partsupp_deep_sift_10,adaptive_sampling,0.1,0.3,6963267,801919,711135.0986675662,1.127660554938904,385,385,partsupp_deep_sift_10,1.3666590452194214,547.0770874023438
partsupp_deep_sift_10,adaptive_sampling,0.1,0.3,3402371,801018,732184.1794569067,1.0940116195820433,385,385,partsupp_deep_sift_10,1.361109733581543,565.5166015625
partsupp_deep_sift_10,adaptive_sampling,0.1,0.3,6909999,786735,837915.331421825,1.0650540924476792,385,385,partsupp_deep_sift_10,1.3932421207427979,618.1504516601562
partsupp_deep_sift_10,adaptive_sampling,0.1,0.3,6366790,808344,756039.8043514927,1.0691818014705883,385,385,partsupp_deep_sift_10,1.3635601997375488,566.0697021484375
partsupp_deep_sift_10,adaptive_sampling,0.1,0.3,481095,805892,718367.3469387755,1.1218382954545454,385,385,partsupp_deep_sift_10,1.3620941638946533,569.0011596679688
partsupp_deep_sift_10,adaptive_sampling,0.1,0.3,3528014,783896,737959.1836734693,1.0622484513274337,385,385,partsupp_deep_sift_10,1.2938764095306396,552.4672241210938
partsupp_deep_sift_10,adaptive_sampling,0.1,0.3,5369867,801247,925349.9747006241,1.1548872878158971,385,385,partsupp_deep_sift_10,1.3404202461242676,551.3106079101562
partsupp_deep_sift_10,adaptive_sampling,0.1,0.3,7520880,796536,829657.6151121606,1.0415820692500535,385,385,partsupp_deep_sift_10,1.3802138566970825,608.49169921875
partsupp_deep_sift_10,adaptive_sampling,0.1,0.3,6025740,807306,856805.5321302075,1.0613144608490555,385,385,partsupp_deep_sift_10,1.3072186708450317,506.7082214355469
partsupp_deep_sift_10,adaptive_sampling,0.1,0.3,3454116,803436,701204.2502951593,1.145794537984914,385,385,partsupp_deep_sift_10,1.3239885568618774,615.220458984375
partsupp_deep_sift_10,adaptive_sampling,0.1,0.3,6288378,794379,770072.5248777196,1.0315638778648024,385,385,partsupp_deep_sift_10,1.3360987901687622,552.6112060546875
partsupp_deep_sift_10,adaptive_sampling,0.1,0.3,1370862,801763,841369.5395513577,1.049399310708224,385,385,partsupp_deep_sift_10,1.320529580116272,550.99462890625
partsupp_deep_sift_10,adaptive_sampling,0.1,0.3,2964065,804172,757227.1883960195,1.0619956762295082,385,385,partsupp_deep_sift_10,1.3225163221359253,602.3387451171875
partsupp_deep_sift_10,adaptive_sampling,0.1,0.3,7031696,804074,762948.2206105582,1.0539037621144596,385,385,partsupp_deep_sift_10,1.3256630897521973,542.0
partsupp_deep_sift_10,adaptive_sampling,0.1,0.3,4389879,792467,870028.6726260752,1.0978736939532816,385,385,partsupp_deep_sift_10,1.323013186454773,643.0156860351562
partsupp_deep_sift_10,adaptive_sampling,0.1,0.3,332506,795061,789340.5296002697,1.0072471514957266,385,385,partsupp_deep_sift_10,1.3168305158615112,583.8169555664062
partsupp_deep_sift_10,adaptive_sampling,0.1,0.3,7799146,794414,788854.7815820542,1.0070472012691571,385,385,partsupp_deep_sift_10,1.3244168758392334,582.3092651367188
partsupp_deep_sift_10,adaptive_sampling,0.1,0.3,3041529,805836,718907.066959015,1.120918178490991,385,385,partsupp_deep_sift_10,1.3106414079666138,548.4207763671875
partsupp_deep_sift_10,adaptive_sampling,0.1,0.3,737452,796310,719662.6749873502,1.106504516180441,385,385,partsupp_deep_sift_10,1.3628592491149902,492.26153564453125
partsupp_deep_sift_10,adaptive_sampling,0.1,0.3,5167757,801484,861393.1523022433,1.0747477832398942,385,385,partsupp_deep_sift_10,1.3576877117156982,569.7183227539062
partsupp_deep_sift_10,adaptive_sampling,0.1,0.3,1813464,802250,756795.4123798279,1.060061922782057,385,385,partsupp_deep_sift_10,1.3626320362091064,535.3795166015625
partsupp_deep_sift_10,adaptive_sampling,0.1,0.3,6207689,806056,764243.548659133,1.0547108986581921,385,385,partsupp_deep_sift_10,1.3219995498657227,635.7445068359375
partsupp_deep_sift_10,adaptive_sampling,0.1,0.3,7385883,794248,870460.4486422668,1.095955480709132,385,385,partsupp_deep_sift_10,1.283722162246704,535.7155151367188
partsupp_deep_sift_10,adaptive_sampling,0.1,0.3,1110231,794946,789988.1936245572,1.0062757980631278,385,385,partsupp_deep_sift_10,1.3444823026657104,617.4130249023438
partsupp_deep_sift_10,adaptive_sampling,0.1,0.3,4260736,792601,867869.7925451172,1.0949642916740165,385,385,partsupp_deep_sift_10,1.3329147100448608,618.4482421875
partsupp_deep_sift_10,adaptive_sampling,0.1,0.3,7241835,798323,858802.4962050937,1.0757581783377075,385,385,partsupp_deep_sift_10,1.3390611410140991,569.3621215820312
partsupp_deep_sift_10,adaptive_sampling,0.1,0.3,5886526,806771,783025.8053634677,1.0303249196563966,385,385,partsupp_deep_sift_10,1.2909647226333618,599.5682983398438
partsupp_deep_sift_10,adaptive_sampling,0.1,0.3,7903428,803962,998212.1774329566,1.2416161179669645,385,385,partsupp_deep_sift_10,1.2724732160568237,562.7736206054688
partsupp_deep_sift_10,adaptive_sampling,0.1,0.3,2010126,808343,770396.3568898633,1.0492560002014153,385,385,partsupp_deep_sift_10,1.3289860486984253,521.8298950195312
partsupp_deep_sift_10,adaptive_sampling,0.1,0.3,64433,792299,716427.729503029,1.1059021969314355,382,382,partsupp_deep_sift_10,1.3650949001312256,570.1052856445312
partsupp_deep_sift_10,adaptive_sampling,0.1,0.3,6427842,808916,744058.5510265618,1.087167130710286,382,382,partsupp_deep_sift_10,1.251146674156189,589.0673828125
partsupp_deep_sift_10,adaptive_sampling,0.1,0.3,1934109,802941,778926.0162824484,1.0308308917863176,382,382,partsupp_deep_sift_10,1.322859525680542,523.7473754882812
partsupp_deep_sift_10,adaptive_sampling,0.1,0.3,2037726,804712,782763.6303829389,1.0280395878974649,382,382,partsupp_deep_sift_10,1.353069543838501,626.4286499023438
partsupp_deep_sift_10,adaptive_sampling,0.1,0.3,944719,799601,715660.2066829308,1.1172914080358511,382,382,partsupp_deep_sift_10,1.2368788719177246,597.9633178710938
partsupp_deep_sift_10,adaptive_sampling,0.1,0.3,5909334,791533,896850.4152846687,1.1330549898547106,382,382,partsupp_deep_sift_10,1.385378122329712,548.0261840820312
partsupp_deep_sift_10,adaptive_sampling,0.1,0.3,7834709,801876,735012.7463611194,1.0909688355336764,382,382,partsupp_deep_sift_10,1.3659065961837769,631.3272705078125
partsupp_deep_sift_10,adaptive_sampling,0.1,0.3,7376316,800045,615937.0631287518,1.298907060302626,382,382,partsupp_deep_sift_10,1.3089756965637207,544.8831787109375
partsupp_deep_sift_10,adaptive_sampling,0.1,0.3,5165847,803409,781228.5847427427,1.0283917097894737,382,382,partsupp_deep_sift_10,1.3460979461669922,581.6566162109375
partsupp_deep_sift_10,adaptive_sampling,0.1,0.3,1376518,803821,675255.6125106219,1.1903951409028173,382,382,partsupp_deep_sift_10,1.2752434015274048,617.7947387695312
partsupp_deep_sift_10,adaptive_sampling,0.1,0.3,378067,807941,810504.0980236287,1.0031723826660965,382,382,partsupp_deep_sift_10,1.3386248350143433,535.8815307617188
partsupp_deep_sift_10,adaptive_sampling,0.1,0.3,2548244,793260,800745.5935966667,1.009436494461673,382,382,partsupp_deep_sift_10,1.3704386949539185,626.9927978515625
partsupp_deep_sift_10,adaptive_sampling,0.1,0.3,6059356,810802,918724.8156574656,1.133106252398817,382,382,partsupp_deep_sift_10,1.2654802799224854,550.0428466796875
partsupp_deep_sift_10,adaptive_sampling,0.1,0.3,2093515,804459,845810.147748143,1.0514024303887992,382,382,partsupp_deep_sift_10,1.3167835474014282,559.4703979492188
partsupp_deep_sift_10,adaptive_sampling,0.1,0.3,7666555,798956,952550.6428003618,1.1922441821581686,382,382,partsupp_deep_sift_10,1.3707655668258667,548.0255737304688
partsupp_deep_sift_10,adaptive_sampling,0.1,0.3,4888112,803696,686603.9856363586,1.170537918236985,382,382,partsupp_deep_sift_10,1.318967342376709,522.3467407226562
partsupp_deep_sift_10,adaptive_sampling,0.1,0.3,3745676,775655,755790.6855623475,1.0262828251487015,382,382,partsupp_deep_sift_10,1.3090025186538696,554.119140625
partsupp_deep_sift_10,adaptive_sampling,0.1,0.3,1117872,805632,762862.860118966,1.0560639954006468,382,382,partsupp_deep_sift_10,1.351989507675171,570.0886840820312
partsupp_deep_sift_10,adaptive_sampling,0.1,0.3,1782015,798522,775636.6327677422,1.0295052686598811,382,382,partsupp_deep_sift_10,1.386362910270691,556.5322875976562
partsupp_deep_sift_10,adaptive_sampling,0.1,0.3,5399003,800866,940763.6852059977,1.1746830121468481,382,382,partsupp_deep_sift_10,1.2826462984085083,561.477294921875
partsupp_deep_sift_10,adaptive_sampling,0.1,0.3,7813502,805299,910939.9413393274,1.1311822581914635,382,382,partsupp_deep_sift_10,1.30314040184021,553.4630737304688
partsupp_deep_sift_10,adaptive_sampling,0.1,0.3,7712554,803711,869877.4704640772,1.08232619743176,382,382,partsupp_deep_sift_10,1.311025857925415,585.8106079101562
partsupp_deep_sift_10,adaptive_sampling,0.1,0.3,1407909,810240,777939.2012280367,1.0415209809725157,382,382,partsupp_deep_sift_10,1.3206892013549805,516.3026123046875
partsupp_deep_sift_10,adaptive_sampling,0.1,0.3,25058,787970,842465.941174858,1.0691599187467264,382,382,partsupp_deep_sift_10,1.341101884841919,524.2967529296875
partsupp_deep_sift_10,adaptive_sampling,0.1,0.3,5261130,786380,808640.1140319618,1.0283070704137462,382,382,partsupp_deep_sift_10,1.325787901878357,605.73681640625
partsupp_deep_sift_10,adaptive_sampling,0.1,0.3,6080832,813278,815109.2349442176,1.0022516715615295,382,382,partsupp_deep_sift_10,1.3435630798339844,555.3539428710938
partsupp_deep_sift_10,adaptive_sampling,0.1,0.3,2248413,811006,916312.6010800144,1.1298468828590842,382,382,partsupp_deep_sift_10,1.2823227643966675,549.4027099609375
partsupp_deep_sift_10,adaptive_sampling,0.1,0.3,3861353,803778,841588.7722376032,1.0470413126977887,382,382,partsupp_deep_sift_10,1.3841391801834106,571.8719482421875
partsupp_deep_sift_10,adaptive_sampling,0.1,0.3,4878920,811002,809188.3446177462,1.0022413266260164,382,382,partsupp_deep_sift_10,1.335260272026062,529.1852416992188
partsupp_deep_sift_10,adaptive_sampling,0.1,0.3,3401984,798710,789232.7512951947,1.0120081797026952,382,382,partsupp_deep_sift_10,1.3502408266067505,610.616943359375
partsupp_deep_sift_10,adaptive_sampling,0.1,0.3,1227788,809661,740111.2908089142,1.0939719607777778,382,382,partsupp_deep_sift_10,1.2814021110534668,546.479736328125
partsupp_deep_sift_10,adaptive_sampling,0.1,0.3,6908906,795703,671034.2370000823,1.1857859944035947,382,382,partsupp_deep_sift_10,1.3321423530578613,591.6123657226562
partsupp_deep_sift_10,adaptive_sampling,0.1,0.3,6867890,803981,889558.9484937366,1.1064427498830651,382,382,partsupp_deep_sift_10,1.3788877725601196,548.0848999023438
partsupp_deep_sift_10,adaptive_sampling,0.1,0.3,1544377,800534,705901.7022559688,1.134058747048773,382,382,partsupp_deep_sift_10,1.358201026916504,542.1200561523438
partsupp_deep_sift_10,adaptive_sampling,0.1,0.3,6309693,804147,808201.5295633344,1.0050420253552328,382,382,partsupp_deep_sift_10,1.3399221897125244,538.2918701171875
partsupp_deep_sift_10,adaptive_sampling,0.1,0.3,2552747,800493,802609.5775883336,1.0026440925633748,382,382,partsupp_deep_sift_10,1.366588830947876,610.82666015625
partsupp_deep_sift_10,adaptive_sampling,0.1,0.3,481105,805793,877278.5833721664,1.0887145748004343,382,382,partsupp_deep_sift_10,1.3282979726791382,580.929443359375
partsupp_deep_sift_10,adaptive_sampling,0.1,0.3,7176724,792237,822565.1709108851,1.0382816895839062,382,382,partsupp_deep_sift_10,1.3363215923309326,523.8716430664062
partsupp_deep_sift_10,adaptive_sampling,0.1,0.3,5591179,801577,789232.7512951947,1.0156408216518478,382,382,partsupp_deep_sift_10,1.3587878942489624,528.7842407226562
partsupp_deep_sift_10,adaptive_sampling,0.1,0.3,5278949,801804,727392.3412187166,1.1022992057582153,382,382,partsupp_deep_sift_10,1.277585506439209,540.8290405273438
partsupp_deep_sift_10,adaptive_sampling,0.1,0.3,6922681,802828,788081.4670650476,1.0187119397565216,382,382,partsupp_deep_sift_10,1.3135424852371216,547.341796875
partsupp_deep_sift_10,adaptive_sampling,0.1,0.3,3447240,806148,948000.3289383514,1.1759631344844264,382,382,partsupp_deep_sift_10,1.2935158014297485,507.2012939453125
partsupp_deep_sift_10,adaptive_sampling,0.1,0.3,4147711,796339,902168.251966777,1.1328947244411953,382,382,partsupp_deep_sift_10,1.3569071292877197,642.780029296875
partsupp_deep_sift_10,adaptive_sampling,0.1,0.3,3626284,789724,685726.8166991036,1.1516597874960026,382,382,partsupp_deep_sift_10,1.3396490812301636,592.2559814453125
partsupp_deep_sift_10,adaptive_sampling,0.1,0.3,1298658,804613,750253.5566459254,1.07245476262331,382,382,partsupp_deep_sift_10,1.2763007879257202,513.4920043945312
partsupp_deep_sift_10,adaptive_sampling,0.1,0.3,2109177,796252,801787.231709657,1.0069516079201772,382,382,partsupp_deep_sift_10,1.271804690361023,544.1316528320312
partsupp_deep_sift_10,adaptive_sampling,0.1,0.3,7938046,795119,755242.4549765631,1.0527996602424508,382,382,partsupp_deep_sift_10,1.311934471130371,625.8411254882812
partsupp_deep_sift_10,adaptive_sampling,0.1,0.3,6347870,801243,796030.810558921,1.0065477232438018,382,382,partsupp_deep_sift_10,1.3160370588302612,498.665283203125
partsupp_deep_sift_10,adaptive_sampling,0.1,0.3,3511592,801596,614018.2560785066,1.305492128392857,382,382,partsupp_deep_sift_10,1.3218002319335938,545.9982299804688
partsupp_deep_sift_10,adaptive_sampling,0.1,0.3,6110214,801758,862366.7114388312,1.0755947697919213,382,382,partsupp_deep_sift_10,1.406653881072998,568.2869262695312
partsupp_deep_sift_10,adaptive_sampling,0.1,0.4,1458649,795484,836458.0873671783,1.0515083739800906,385,385,partsupp_deep_sift_10,1.3347949981689453,610.9035034179688
partsupp_deep_sift_10,adaptive_sampling,0.1,0.4,3590985,791153,826743.1270028672,1.0449851381501014,385,385,partsupp_deep_sift_10,1.3777989149093628,632.1812744140625
partsupp_deep_sift_10,adaptive_sampling,0.1,0.4,2861019,809880,783025.8053634677,1.0342954145988421,385,385,partsupp_deep_sift_10,1.3568108081817627,612.220703125
partsupp_deep_sift_10,adaptive_sampling,0.1,0.4,7811320,805139,750156.856130882,1.0732941963000937,385,385,partsupp_deep_sift_10,1.3173130750656128,553.2496948242188
partsupp_deep_sift_10,adaptive_sampling,0.1,0.4,1427886,791864,629421.4876033057,1.2580822478991598,385,385,partsupp_deep_sift_10,1.2990801334381104,647.8644409179688
partsupp_deep_sift_10,adaptive_sampling,0.1,0.4,4288339,797496,776333.2771124978,1.0272598425333705,385,385,partsupp_deep_sift_10,1.2626646757125854,629.6444091796875
partsupp_deep_sift_10,adaptive_sampling,0.1,0.4,3227404,794646,990925.9571597234,1.2470030141216635,385,385,partsupp_deep_sift_10,1.3479390144348145,652.8438720703125
partsupp_deep_sift_10,adaptive_sampling,0.1,0.4,5886013,792192,766834.2047562826,1.0330681587837838,385,385,partsupp_deep_sift_10,1.3278565406799316,604.5913696289062
partsupp_deep_sift_10,adaptive_sampling,0.1,0.4,2636413,800851,775847.5290942823,1.0322272997826087,385,385,partsupp_deep_sift_10,1.311769962310791,597.7836303710938
partsupp_deep_sift_10,adaptive_sampling,0.1,0.4,6936640,802647,763811.7726429414,1.0508439758956332,385,385,partsupp_deep_sift_10,1.3941254615783691,527.1727294921875
partsupp_deep_sift_10,adaptive_sampling,0.1,0.4,5469472,794518,713563.838758644,1.1134504817146964,385,385,partsupp_deep_sift_10,1.2808152437210083,557.5244140625
partsupp_deep_sift_10,adaptive_sampling,0.1,0.4,4444886,806960,919143.1944678698,1.1390195232327127,385,385,partsupp_deep_sift_10,1.3111402988433838,541.2664184570312
partsupp_deep_sift_10,adaptive_sampling,0.1,0.4,6631898,802523,808284.7023106763,1.0071794855856795,385,385,partsupp_deep_sift_10,1.3243225812911987,481.07135009765625
partsupp_deep_sift_10,adaptive_sampling,0.1,0.4,7640583,807693,823180.9748692865,1.0191755714971982,385,385,partsupp_deep_sift_10,1.391295313835144,594.9845581054688
partsupp_deep_sift_10,adaptive_sampling,0.1,0.4,7822107,802025,896528.9256198347,1.1178316456716868,385,385,partsupp_deep_sift_10,1.33879816532135,535.2683715820312
partsupp_deep_sift_10,adaptive_sampling,0.1,0.4,6733700,808932,732508.0114690504,1.1043319490495138,385,385,partsupp_deep_sift_10,1.289414644241333,647.6226196289062
partsupp_deep_sift_10,adaptive_sampling,0.1,0.4,839131,797015,854916.5120593691,1.0726479577666281,385,385,partsupp_deep_sift_10,1.2846053838729858,524.1398315429688
partsupp_deep_sift_10,adaptive_sampling,0.1,0.4,6952719,799699,925997.6387249115,1.1579327205922623,385,385,partsupp_deep_sift_10,1.3563987016677856,519.6178588867188
partsupp_deep_sift_10,adaptive_sampling,0.1,0.4,3862714,809138,791175.5776690841,1.0227034590524593,385,385,partsupp_deep_sift_10,1.3653942346572876,635.3731689453125
partsupp_deep_sift_10,adaptive_sampling,0.1,0.4,695062,788562,780651.0372744139,1.0101338015936119,385,385,partsupp_deep_sift_10,1.3310644626617432,596.0296630859375
partsupp_deep_sift_10,adaptive_sampling,0.1,0.4,6815544,796566,704658.4584246922,1.1304284940831801,385,385,partsupp_deep_sift_10,1.3406383991241455,631.215576171875
partsupp_deep_sift_10,adaptive_sampling,0.1,0.4,6963267,801919,926159.5547309833,1.154929057337441,385,385,partsupp_deep_sift_10,1.3666590452194214,547.0770874023438
partsupp_deep_sift_10,adaptive_sampling,0.1,0.4,3402371,801018,909482.2061055828,1.1354079510143127,385,385,partsupp_deep_sift_10,1.361109733581543,565.5166015625
partsupp_deep_sift_10,adaptive_sampling,0.1,0.4,6909999,786735,694619.6660482375,1.1326126201923077,385,385,partsupp_deep_sift_10,1.3932421207427979,618.1504516601562
partsupp_deep_sift_10,adaptive_sampling,0.1,0.4,6366790,808344,629313.5435992578,1.2844853066037738,385,385,partsupp_deep_sift_10,1.3635601997375488,566.0697021484375
partsupp_deep_sift_10,adaptive_sampling,0.1,0.4,481095,805892,829657.6151121606,1.0294898263193586,385,385,partsupp_deep_sift_10,1.3620941638946533,569.0011596679688
partsupp_deep_sift_10,adaptive_sampling,0.1,0.4,3528014,783896,671627.5931860347,1.1671587170523947,385,385,partsupp_deep_sift_10,1.2938764095306396,552.4672241210938
partsupp_deep_sift_10,adaptive_sampling,0.1,0.4,5369867,801247,883791.5331421825,1.1030200838719926,385,385,partsupp_deep_sift_10,1.3404202461242676,551.3106079101562
partsupp_deep_sift_10,adaptive_sampling,0.1,0.4,7520880,796536,815678.8665879575,1.0240326445860042,385,385,partsupp_deep_sift_10,1.3802138566970825,608.49169921875
partsupp_deep_sift_10,adaptive_sampling,0.1,0.4,6025740,807306,764243.548659133,1.0563465029131356,385,385,partsupp_deep_sift_10,1.3072186708450317,506.7082214355469
partsupp_deep_sift_10,adaptive_sampling,0.1,0.4,3454116,803436,682637.8815989204,1.176957830289374,385,385,partsupp_deep_sift_10,1.3239885568618774,615.220458984375
partsupp_deep_sift_10,adaptive_sampling,0.1,0.4,6288378,794379,683771.2936414235,1.1617612605079328,385,385,partsupp_deep_sift_10,1.3360987901687622,552.6112060546875
partsupp_deep_sift_10,adaptive_sampling,0.1,0.4,1370862,801763,822533.3108449992,1.0259057986524687,385,385,partsupp_deep_sift_10,1.320529580116272,550.99462890625
partsupp_deep_sift_10,adaptive_sampling,0.1,0.4,2964065,804172,787559.4535334795,1.02109370459841,385,385,partsupp_deep_sift_10,1.3225163221359253,602.3387451171875
partsupp_deep_sift_10,adaptive_sampling,0.1,0.4,7031696,804074,760843.3125316242,1.056819435429524,385,385,partsupp_deep_sift_10,1.3256630897521973,542.0
partsupp_deep_sift_10,adaptive_sampling,0.1,0.4,4389879,792467,809795.9183673469,1.0218670536026697,385,385,partsupp_deep_sift_10,1.323013186454773,643.0156860351562
partsupp_deep_sift_10,adaptive_sampling,0.1,0.4,332506,795061,651711.9244391972,1.2199577300724638,385,385,partsupp_deep_sift_10,1.3168305158615112,583.8169555664062
partsupp_deep_sift_10,adaptive_sampling,0.1,0.4,7799146,794414,834191.2632821723,1.050071201265552,385,385,partsupp_deep_sift_10,1.3244168758392334,582.3092651367188
partsupp_deep_sift_10,adaptive_sampling,0.1,0.4,3041529,805836,931664.6989374262,1.1561467828905958,385,385,partsupp_deep_sift_10,1.3106414079666138,548.4207763671875
partsupp_deep_sift_10,adaptive_sampling,0.1,0.4,737452,796310,874346.4327879911,1.0979975547060707,385,385,partsupp_deep_sift_10,1.3628592491149902,492.26153564453125
partsupp_deep_sift_10,adaptive_sampling,0.1,0.4,5167757,801484,738336.987687637,1.0855260042032164,385,385,partsupp_deep_sift_10,1.3576877117156982,569.7183227539062
partsupp_deep_sift_10,adaptive_sampling,0.1,0.4,1813464,802250,951256.53567212,1.1857357876872796,385,385,partsupp_deep_sift_10,1.3626320362091064,535.3795166015625
partsupp_deep_sift_10,adaptive_sampling,0.1,0.4,6207689,806056,854214.8760330578,1.0597463154334907,385,385,partsupp_deep_sift_10,1.3219995498657227,635.7445068359375
partsupp_deep_sift_10,adaptive_sampling,0.1,0.4,7385883,794248,870028.6726260752,1.095411851998463,385,385,partsupp_deep_sift_10,1.283722162246704,535.7155151367188
partsupp_deep_sift_10,adaptive_sampling,0.1,0.4,1110231,794946,782594.0293472761,1.0157833693965517,385,385,partsupp_deep_sift_10,1.3444823026657104,617.4130249023438
partsupp_deep_sift_10,adaptive_sampling,0.1,0.4,4260736,792601,754852.4203069657,1.0500078938313313,385,385,partsupp_deep_sift_10,1.3329147100448608,618.4482421875
partsupp_deep_sift_10,adaptive_sampling,0.1,0.4,7241835,798323,664935.0649350649,1.2006029492187502,385,385,partsupp_deep_sift_10,1.3390611410140991,569.3621215820312
partsupp_deep_sift_10,adaptive_sampling,0.1,0.4,5886526,806771,869165.120593692,1.077338080562752,385,385,partsupp_deep_sift_10,1.2909647226333618,599.5682983398438
partsupp_deep_sift_10,adaptive_sampling,0.1,0.4,7903428,803962,770720.188902007,1.04313084252451,385,385,partsupp_deep_sift_10,1.2724732160568237,562.7736206054688
partsupp_deep_sift_10,adaptive_sampling,0.1,0.4,2010126,808343,791877.2136953954,1.0207933578840651,385,385,partsupp_deep_sift_10,1.3289860486984253,521.8298950195312
partsupp_deep_sift_10,adaptive_sampling,0.1,0.4,64433,792299,706801.4643224783,1.1209640047357252,383,383,partsupp_deep_sift_10,1.3650949001312256,570.1052856445312
partsupp_deep_sift_10,adaptive_sampling,0.1,0.4,6427842,808916,891573.3286067804,1.102182833083757,383,383,partsupp_deep_sift_10,1.251146674156189,589.0673828125
partsupp_deep_sift_10,adaptive_sampling,0.1,0.4,1934109,802941,971852.0134434075,1.2103654109622095,383,383,partsupp_deep_sift_10,1.322859525680542,523.7473754882812
partsupp_deep_sift_10,adaptive_sampling,0.1,0.4,2037726,804712,791224.9725609964,1.017045755514199,383,383,partsupp_deep_sift_10,1.353069543838501,626.4286499023438
partsupp_deep_sift_10,adaptive_sampling,0.1,0.4,944719,799601,931494.5224249943,1.1649491714304938,383,383,partsupp_deep_sift_10,1.2368788719177246,597.9633178710938
partsupp_deep_sift_10,adaptive_sampling,0.1,0.4,5909334,791533,777154.3878545767,1.018501616114035,383,383,partsupp_deep_sift_10,1.385378122329712,548.0261840820312
partsupp_deep_sift_10,adaptive_sampling,0.1,0.4,7834709,801876,735269.8566354668,1.0905873439029818,383,383,partsupp_deep_sift_10,1.3659065961837769,631.3272705078125
partsupp_deep_sift_10,adaptive_sampling,0.1,0.4,7376316,800045,720762.9747288481,1.1099973612004388,383,383,partsupp_deep_sift_10,1.3089756965637207,544.8831787109375
partsupp_deep_sift_10,adaptive_sampling,0.1,0.4,5165847,803409,805077.4086673165,1.0020766616596486,383,383,partsupp_deep_sift_10,1.3460979461669922,581.6566162109375
partsupp_deep_sift_10,adaptive_sampling,0.1,0.4,1376518,803821,761883.9858476095,1.0550438320418756,383,383,partsupp_deep_sift_10,1.2752434015274048,617.7947387695312
partsupp_deep_sift_10,adaptive_sampling,0.1,0.4,378067,807941,713345.922325464,1.1326075816991592,383,383,partsupp_deep_sift_10,1.3386248350143433,535.8815307617188
partsupp_deep_sift_10,adaptive_sampling,0.1,0.4,2548244,793260,718090.6543776289,1.1046794651401228,383,383,partsupp_deep_sift_10,1.3704386949539185,626.9927978515625
partsupp_deep_sift_10,adaptive_sampling,0.1,0.4,6059356,810802,774863.8275535316,1.0463799846741273,383,383,partsupp_deep_sift_10,1.2654802799224854,550.0428466796875
partsupp_deep_sift_10,adaptive_sampling,0.1,0.4,2093515,804459,630231.3056875431,1.2764503964498959,383,383,partsupp_deep_sift_10,1.3167835474014282,559.4703979492188
partsupp_deep_sift_10,adaptive_sampling,0.1,0.4,7666555,798956,979050.917246692,1.2254128102757749,383,383,partsupp_deep_sift_10,1.3707655668258667,548.0255737304688
partsupp_deep_sift_10,adaptive_sampling,0.1,0.4,4888112,803696,933239.7112257908,1.1611849644962657,383,383,partsupp_deep_sift_10,1.318967342376709,522.3467407226562
partsupp_deep_sift_10,adaptive_sampling,0.1,0.4,3745676,775655,818275.3989733382,1.0549476235869533,383,383,partsupp_deep_sift_10,1.3090025186538696,554.119140625
partsupp_deep_sift_10,adaptive_sampling,0.1,0.4,1117872,805632,714982.0368262106,1.1267863505720823,383,383,partsupp_deep_sift_10,1.351989507675171,570.0886840820312
partsupp_deep_sift_10,adaptive_sampling,0.1,0.4,1782015,798522,778790.5023553232,1.0253360789390755,383,383,partsupp_deep_sift_10,1.386362910270691,556.5322875976562
partsupp_deep_sift_10,adaptive_sampling,0.1,0.4,5399003,800866,791879.4183612949,1.011348421780303,383,383,partsupp_deep_sift_10,1.2826462984085083,561.477294921875
partsupp_deep_sift_10,adaptive_sampling,0.1,0.4,7813502,805299,885465.1678039934,1.0995483265271575,383,383,partsupp_deep_sift_10,1.30314040184021,553.4630737304688
partsupp_deep_sift_10,adaptive_sampling,0.1,0.4,7712554,803711,661262.9440517012,1.2154181740103092,383,383,partsupp_deep_sift_10,1.311025857925415,585.8106079101562
partsupp_deep_sift_10,adaptive_sampling,0.1,0.4,1407909,810240,808240.5633687597,1.0024738137651823,383,383,partsupp_deep_sift_10,1.3206892013549805,516.3026123046875
partsupp_deep_sift_10,adaptive_sampling,0.1,0.4,25058,787970,733633.7421347203,1.0740645566644367,383,383,partsupp_deep_sift_10,1.341101884841919,524.2967529296875
partsupp_deep_sift_10,adaptive_sampling,0.1,0.4,5261130,786380,677896.7748092903,1.1600291212791636,383,383,partsupp_deep_sift_10,1.325787901878357,605.73681640625
partsupp_deep_sift_10,adaptive_sampling,0.1,0.4,6080832,813278,707892.2073229757,1.1488726554506936,383,383,partsupp_deep_sift_10,1.3435630798339844,555.3539428710938
partsupp_deep_sift_10,adaptive_sampling,0.1,0.4,2248413,811006,801150.733865525,1.0123013881381893,383,383,partsupp_deep_sift_10,1.2823227643966675,549.4027099609375
partsupp_deep_sift_10,adaptive_sampling,0.1,0.4,3861353,803778,739850.977237557,1.086405269073419,383,383,partsupp_deep_sift_10,1.3841391801834106,571.8719482421875
partsupp_deep_sift_10,adaptive_sampling,0.1,0.4,4878920,811002,902098.9985615826,1.1123264783090334,383,383,partsupp_deep_sift_10,1.335260272026062,529.1852416992188
partsupp_deep_sift_10,adaptive_sampling,0.1,0.4,3401984,798710,844235.0823851823,1.0569982626800494,383,383,partsupp_deep_sift_10,1.3502408266067505,610.616943359375
partsupp_deep_sift_10,adaptive_sampling,0.1,0.4,1227788,809661,652809.6857978444,1.2402711197681704,383,383,partsupp_deep_sift_10,1.2814021110534668,546.479736328125
partsupp_deep_sift_10,adaptive_sampling,0.1,0.4,6908906,795703,698293.6689185965,1.1394962254666512,383,383,partsupp_deep_sift_10,1.3321423530578613,591.6123657226562
partsupp_deep_sift_10,adaptive_sampling,0.1,0.4,6867890,803981,817730.0274730893,1.017101184571637,383,383,partsupp_deep_sift_10,1.3788877725601196,548.0848999023438
partsupp_deep_sift_10,adaptive_sampling,0.1,0.4,1544377,800534,739850.977237557,1.0820206022961818,383,383,partsupp_deep_sift_10,1.358201026916504,542.1200561523438
partsupp_deep_sift_10,adaptive_sampling,0.1,0.4,6309693,804147,804750.1857671672,1.000750093909655,383,383,partsupp_deep_sift_10,1.3399221897125244,538.2918701171875
partsupp_deep_sift_10,adaptive_sampling,0.1,0.4,2552747,800493,964489.4981900483,1.2048693719870733,383,383,partsupp_deep_sift_10,1.366588830947876,610.82666015625
partsupp_deep_sift_10,adaptive_sampling,0.1,0.4,481105,805793,684114.0099121272,1.1778636138492504,383,383,partsupp_deep_sift_10,1.3282979726791382,580.929443359375
partsupp_deep_sift_10,adaptive_sampling,0.1,0.4,7176724,792237,749885.8128421354,1.0564768481181819,383,383,partsupp_deep_sift_10,1.3363215923309326,523.8716430664062
partsupp_deep_sift_10,adaptive_sampling,0.1,0.4,5591179,801577,846689.2541363019,1.0562793769485674,383,383,partsupp_deep_sift_10,1.3587878942489624,528.7842407226562
partsupp_deep_sift_10,adaptive_sampling,0.1,0.4,5278949,801804,752939.8932435288,1.0648977523902652,383,383,partsupp_deep_sift_10,1.277585506439209,540.8290405273438
partsupp_deep_sift_10,adaptive_sampling,0.1,0.4,6922681,802828,791552.1954611456,1.014245181307703,383,383,partsupp_deep_sift_10,1.3135424852371216,547.341796875
partsupp_deep_sift_10,adaptive_sampling,0.1,0.4,3447240,806148,754957.7677944495,1.0678054248717763,383,383,partsupp_deep_sift_10,1.2935158014297485,507.2012939453125
partsupp_deep_sift_10,adaptive_sampling,0.1,0.4,4147711,796339,818275.3989733382,1.027546558655721,383,383,partsupp_deep_sift_10,1.3569071292877197,642.780029296875
partsupp_deep_sift_10,adaptive_sampling,0.1,0.4,3626284,789724,696166.720067626,1.1343891875832355,383,383,partsupp_deep_sift_10,1.3396490812301636,592.2559814453125
partsupp_deep_sift_10,adaptive_sampling,0.1,0.4,1298658,804613,820675.033574433,1.0199624335853794,383,383,partsupp_deep_sift_10,1.2763007879257202,513.4920043945312
partsupp_deep_sift_10,adaptive_sampling,0.1,0.4,2109177,796252,717763.4314774795,1.1093515844920598,383,383,partsupp_deep_sift_10,1.271804690361023,544.1316528320312
partsupp_deep_sift_10,adaptive_sampling,0.1,0.4,7938046,795119,831691.5378794592,1.0459963073193563,383,383,partsupp_deep_sift_10,1.311934471130371,625.8411254882812
partsupp_deep_sift_10,adaptive_sampling,0.1,0.4,6347870,801243,829510.051878464,1.035279000101672,383,383,partsupp_deep_sift_10,1.3160370588302612,498.665283203125
partsupp_deep_sift_10,adaptive_sampling,0.1,0.4,3511592,801596,923859.3214215109,1.1525248646718682,383,383,partsupp_deep_sift_10,1.3218002319335938,545.9982299804688
partsupp_deep_sift_10,adaptive_sampling,0.1,0.4,6110214,801758,746068.2123403937,1.0746443646016082,383,383,partsupp_deep_sift_10,1.406653881072998,568.2869262695312
partsupp_deep_sift_10,adaptive_sampling,0.1,0.5,1458649,795484,802779.5581042334,1.0091712191624638,385,385,partsupp_deep_sift_10,1.3347949981689453,610.9035034179688
partsupp_deep_sift_10,adaptive_sampling,0.1,0.5,3590985,791153,787559.4535334795,1.0045628891258909,385,385,partsupp_deep_sift_10,1.3777989149093628,632.1812744140625
partsupp_deep_sift_10,adaptive_sampling,0.1,0.5,2861019,809880,786749.8735031202,1.0293995935377651,385,385,partsupp_deep_sift_10,1.3568108081817627,612.220703125
partsupp_deep_sift_10,adaptive_sampling,0.1,0.5,7811320,805139,676161.2413560465,1.1907500027438538,385,385,partsupp_deep_sift_10,1.3173130750656128,553.2496948242188
partsupp_deep_sift_10,adaptive_sampling,0.1,0.5,1427886,791864,701420.1383032551,1.1289439192828565,385,385,partsupp_deep_sift_10,1.2990801334381104,647.8644409179688
partsupp_deep_sift_10,adaptive_sampling,0.1,0.5,4288339,797496,701420.1383032551,1.1369733437211451,385,385,partsupp_deep_sift_10,1.2626646757125854,629.6444091796875
partsupp_deep_sift_10,adaptive_sampling,0.1,0.5,3227404,794646,670332.26513746,1.1854509193840579,385,385,partsupp_deep_sift_10,1.3479390144348145,652.8438720703125
partsupp_deep_sift_10,adaptive_sampling,0.1,0.5,5886013,792192,801969.9780738741,1.0123429396836552,385,385,partsupp_deep_sift_10,1.3278565406799316,604.5913696289062
partsupp_deep_sift_10,adaptive_sampling,0.1,0.5,2636413,800851,802833.5301062573,1.002475529288541,385,385,partsupp_deep_sift_10,1.311769962310791,597.7836303710938
partsupp_deep_sift_10,adaptive_sampling,0.1,0.5,6936640,802647,719878.562995446,1.1149755545715252,385,385,partsupp_deep_sift_10,1.3941254615783691,527.1727294921875
partsupp_deep_sift_10,adaptive_sampling,0.1,0.5,5469472,794518,909320.2900995109,1.144493000913146,385,385,partsupp_deep_sift_10,1.2808152437210083,557.5244140625
partsupp_deep_sift_10,adaptive_sampling,0.1,0.5,4444886,806960,849735.1998650699,1.0530078316955858,385,385,partsupp_deep_sift_10,1.3111402988433838,541.2664184570312
partsupp_deep_sift_10,adaptive_sampling,0.1,0.5,6631898,802523,982290.4368358915,1.22400284706593,385,385,partsupp_deep_sift_10,1.3243225812911987,481.07135009765625
partsupp_deep_sift_10,adaptive_sampling,0.1,0.5,7640583,807693,757227.1883960195,1.0666455356824662,385,385,partsupp_deep_sift_10,1.391295313835144,594.9845581054688
partsupp_deep_sift_10,adaptive_sampling,0.1,0.5,7822107,802025,716964.0748861528,1.1186404285700844,385,385,partsupp_deep_sift_10,1.33879816532135,535.2683715820312
partsupp_deep_sift_10,adaptive_sampling,0.1,0.5,6733700,808932,693000.5059875189,1.167289191004673,385,385,partsupp_deep_sift_10,1.289414644241333,647.6226196289062
partsupp_deep_sift_10,adaptive_sampling,0.1,0.5,839131,797015,725761.5112160565,1.0981775523815722,385,385,partsupp_deep_sift_10,1.2846053838729858,524.1398315429688
partsupp_deep_sift_10,adaptive_sampling,0.1,0.5,6952719,799699,855995.9520998482,1.0703976772508759,385,385,partsupp_deep_sift_10,1.3563987016677856,519.6178588867188
partsupp_deep_sift_10,adaptive_sampling,0.1,0.5,3862714,809138,803265.306122449,1.0073110264227643,385,385,partsupp_deep_sift_10,1.3653942346572876,635.3731689453125
partsupp_deep_sift_10,adaptive_sampling,0.1,0.5,695062,788562,751452.1841794569,1.0493841346153847,385,385,partsupp_deep_sift_10,1.3310644626617432,596.0296630859375
partsupp_deep_sift_10,adaptive_sampling,0.1,0.5,6815544,796566,808284.7023106763,1.0147115271185017,385,385,partsupp_deep_sift_10,1.3406383991241455,631.215576171875
partsupp_deep_sift_10,adaptive_sampling,0.1,0.5,6963267,801919,843312.53162422,1.0516180956233983,385,385,partsupp_deep_sift_10,1.3666590452194214,547.0770874023438
partsupp_deep_sift_10,adaptive_sampling,0.1,0.5,3402371,801018,770396.3568898633,1.039747907471627,385,385,partsupp_deep_sift_10,1.361109733581543,565.5166015625
partsupp_deep_sift_10,adaptive_sampling,0.1,0.5,6909999,786735,751020.4081632652,1.0475547554347828,385,385,partsupp_deep_sift_10,1.3932421207427979,618.1504516601562
partsupp_deep_sift_10,adaptive_sampling,0.1,0.5,6366790,808344,774552.2010457076,1.0436275294404571,385,385,partsupp_deep_sift_10,1.3635601997375488,566.0697021484375
partsupp_deep_sift_10,adaptive_sampling,0.1,0.5,481095,805892,827228.8750210828,1.0264760973195948,385,385,partsupp_deep_sift_10,1.3620941638946533,569.0011596679688
partsupp_deep_sift_10,adaptive_sampling,0.1,0.5,3528014,783896,861393.1523022433,1.0988615228324208,385,385,partsupp_deep_sift_10,1.2938764095306396,552.4672241210938
partsupp_deep_sift_10,adaptive_sampling,0.1,0.5,5369867,801247,981696.744813628,1.225211133163217,385,385,partsupp_deep_sift_10,1.3404202461242676,551.3106079101562
partsupp_deep_sift_10,adaptive_sampling,0.1,0.5,7520880,796536,924270.5346601451,1.1603625381152203,385,385,partsupp_deep_sift_10,1.3802138566970825,608.49169921875
partsupp_deep_sift_10,adaptive_sampling,0.1,0.5,6025740,807306,782594.0293472761,1.0315769987068966,385,385,partsupp_deep_sift_10,1.3072186708450317,506.7082214355469
partsupp_deep_sift_10,adaptive_sampling,0.1,0.5,3454116,803436,827228.8750210828,1.029613902066976,385,385,partsupp_deep_sift_10,1.3239885568618774,615.220458984375
partsupp_deep_sift_10,adaptive_sampling,0.1,0.5,6288378,794379,925997.6387249115,1.1656874599214122,385,385,partsupp_deep_sift_10,1.3360987901687622,552.6112060546875
partsupp_deep_sift_10,adaptive_sampling,0.1,0.5,1370862,801763,932636.1949738573,1.1632317717004368,385,385,partsupp_deep_sift_10,1.320529580116272,550.99462890625
partsupp_deep_sift_10,adaptive_sampling,0.1,0.5,2964065,804172,829819.5311182324,1.0318930914260038,385,385,partsupp_deep_sift_10,1.3225163221359253,602.3387451171875
partsupp_deep_sift_10,adaptive_sampling,0.1,0.5,7031696,804074,808824.4223309158,1.0059079417204335,385,385,partsupp_deep_sift_10,1.3256630897521973,542.0
partsupp_deep_sift_10,adaptive_sampling,0.1,0.5,4389879,792467,787559.4535334795,1.006231334592585,385,385,partsupp_deep_sift_10,1.323013186454773,643.0156860351562
partsupp_deep_sift_10,adaptive_sampling,0.1,0.5,332506,795061,918441.5584415585,1.1551837638137936,385,385,partsupp_deep_sift_10,1.3168305158615112,583.8169555664062
partsupp_deep_sift_10,adaptive_sampling,0.1,0.5,7799146,794414,710325.518637207,1.1183802061963377,385,385,partsupp_deep_sift_10,1.3244168758392334,582.3092651367188
partsupp_deep_sift_10,adaptive_sampling,0.1,0.5,3041529,805836,829387.7551020407,1.0292264866573853,385,385,partsupp_deep_sift_10,1.3106414079666138,548.4207763671875
partsupp_deep_sift_10,adaptive_sampling,0.1,0.5,737452,796310,866142.6884803508,1.0876953554273472,385,385,partsupp_deep_sift_10,1.3628592491149902,492.26153564453125
partsupp_deep_sift_10,adaptive_sampling,0.1,0.5,5167757,801484,796087.0298532636,1.0067793720338982,385,385,partsupp_deep_sift_10,1.3576877117156982,569.7183227539062
partsupp_deep_sift_10,adaptive_sampling,0.1,0.5,1813464,802250,787559.4535334795,1.0186532539233828,385,385,partsupp_deep_sift_10,1.3626320362091064,535.3795166015625
partsupp_deep_sift_10,adaptive_sampling,0.1,0.5,6207689,806056,893776.3535166132,1.1088266243494413,385,385,partsupp_deep_sift_10,1.3219995498657227,635.7445068359375
partsupp_deep_sift_10,adaptive_sampling,0.1,0.5,7385883,794248,856805.5321302075,1.0787632227342183,385,385,partsupp_deep_sift_10,1.283722162246704,535.7155151367188
partsupp_deep_sift_10,adaptive_sampling,0.1,0.5,1110231,794946,809580.0303592511,1.0184088357690346,385,385,partsupp_deep_sift_10,1.3444823026657104,617.4130249023438
partsupp_deep_sift_10,adaptive_sampling,0.1,0.5,4260736,792601,561092.9330409849,1.4126020010701232,385,385,partsupp_deep_sift_10,1.3329147100448608,618.4482421875
partsupp_deep_sift_10,adaptive_sampling,0.1,0.5,7241835,798323,861393.1523022433,1.0790033010476252,385,385,partsupp_deep_sift_10,1.3390611410140991,569.3621215820312
partsupp_deep_sift_10,adaptive_sampling,0.1,0.5,5886526,806771,753988.8682745825,1.0700038607283464,385,385,partsupp_deep_sift_10,1.2909647226333618,599.5682983398438
partsupp_deep_sift_10,adaptive_sampling,0.1,0.5,7903428,803962,829387.7551020407,1.0316255682507889,385,385,partsupp_deep_sift_10,1.2724732160568237,562.7736206054688
partsupp_deep_sift_10,adaptive_sampling,0.1,0.5,2010126,808343,713563.838758644,1.1328250621643596,385,385,partsupp_deep_sift_10,1.3289860486984253,521.8298950195312
partsupp_deep_sift_10,adaptive_sampling,0.1,0.5,64433,792299,784844.1260080852,1.009498540850184,383,383,partsupp_deep_sift_10,1.3650949001312256,570.1052856445312
partsupp_deep_sift_10,adaptive_sampling,0.1,0.5,6427842,808916,993066.9648030867,1.2276515297052928,383,383,partsupp_deep_sift_10,1.251146674156189,589.0673828125
partsupp_deep_sift_10,adaptive_sampling,0.1,0.5,1934109,802941,897463.3408094677,1.1177201572836208,383,383,partsupp_deep_sift_10,1.322859525680542,523.7473754882812
partsupp_deep_sift_10,adaptive_sampling,0.1,0.5,2037726,804712,811676.4038203274,1.0086545295960883,383,383,partsupp_deep_sift_10,1.353069543838501,626.4286499023438
partsupp_deep_sift_10,adaptive_sampling,0.1,0.5,944719,799601,708710.2645733489,1.1282480866583304,383,383,partsupp_deep_sift_10,1.2368788719177246,597.9633178710938
partsupp_deep_sift_10,adaptive_sampling,0.1,0.5,5909334,791533,837199.7900319725,1.057694107550756,383,383,partsupp_deep_sift_10,1.385378122329712,548.0261840820312
partsupp_deep_sift_10,adaptive_sampling,0.1,0.5,7834709,801876,739523.7543374076,1.0843140538716816,383,383,partsupp_deep_sift_10,1.3659065961837769,631.3272705078125
partsupp_deep_sift_10,adaptive_sampling,0.1,0.5,7376316,800045,798423.8763642809,1.002030404755806,383,383,partsupp_deep_sift_10,1.3089756965637207,544.8831787109375
partsupp_deep_sift_10,adaptive_sampling,0.1,0.5,5165847,803409,700257.0063194922,1.1473059073306076,383,383,partsupp_deep_sift_10,1.3460979461669922,581.6566162109375
partsupp_deep_sift_10,adaptive_sampling,0.1,0.5,1376518,803821,891573.3286067804,1.1091689923587222,383,383,partsupp_deep_sift_10,1.2752434015274048,617.7947387695312
partsupp_deep_sift_10,adaptive_sampling,0.1,0.5,378067,807941,707892.2073229757,1.1413333720050078,383,383,partsupp_deep_sift_10,1.3386248350143433,535.8815307617188
partsupp_deep_sift_10,adaptive_sampling,0.1,0.5,2548244,793260,700911.4521197908,1.1317549422268909,383,383,partsupp_deep_sift_10,1.3704386949539185,626.9927978515625
partsupp_deep_sift_10,adaptive_sampling,0.1,0.5,6059356,810802,886446.8365044413,1.0932963121754034,383,383,partsupp_deep_sift_10,1.2654802799224854,550.0428466796875
partsupp_deep_sift_10,adaptive_sampling,0.1,0.5,2093515,804459,645283.5590944106,1.2466751843623225,383,383,partsupp_deep_sift_10,1.3167835474014282,559.4703979492188
partsupp_deep_sift_10,adaptive_sampling,0.1,0.5,7666555,798956,824601.7083762245,1.0320990246975108,383,383,partsupp_deep_sift_10,1.3707655668258667,548.0255737304688
partsupp_deep_sift_10,adaptive_sampling,0.1,0.5,4888112,803696,898881.3067101147,1.1184344661540118,383,383,partsupp_deep_sift_10,1.318967342376709,522.3467407226562
partsupp_deep_sift_10,adaptive_sampling,0.1,0.5,3745676,775655,818275.3989733382,1.0549476235869533,383,383,partsupp_deep_sift_10,1.3090025186538696,554.119140625
partsupp_deep_sift_10,adaptive_sampling,0.1,0.5,1117872,805632,748685.995541588,1.0760612657342656,383,383,partsupp_deep_sift_10,1.351989507675171,570.0886840820312
partsupp_deep_sift_10,adaptive_sampling,0.1,0.5,1782015,798522,772082.4329022628,1.034244487338419,383,383,partsupp_deep_sift_10,1.386362910270691,556.5322875976562
partsupp_deep_sift_10,adaptive_sampling,0.1,0.5,5399003,800866,727252.8955818091,1.1012207787214099,383,383,partsupp_deep_sift_10,1.2826462984085083,561.477294921875
partsupp_deep_sift_10,adaptive_sampling,0.1,0.5,7813502,805299,805077.4086673165,1.0002752422690016,383,383,partsupp_deep_sift_10,1.30314040184021,553.4630737304688
partsupp_deep_sift_10,adaptive_sampling,0.1,0.5,7712554,803711,733797.3535847951,1.095276503892605,383,383,partsupp_deep_sift_10,1.311025857925415,585.8106079101562
partsupp_deep_sift_10,adaptive_sampling,0.1,0.5,1407909,810240,746340.8980905181,1.085616508586043,383,383,partsupp_deep_sift_10,1.3206892013549805,516.3026123046875
partsupp_deep_sift_10,adaptive_sampling,0.1,0.5,25058,787970,824601.7083762245,1.0464887094384614,383,383,partsupp_deep_sift_10,1.341101884841919,524.2967529296875
partsupp_deep_sift_10,adaptive_sampling,0.1,0.5,5261130,786380,731888.5533339242,1.0744532024962743,383,383,partsupp_deep_sift_10,1.325787901878357,605.73681640625
partsupp_deep_sift_10,adaptive_sampling,0.1,0.5,6080832,813278,919005.5150692962,1.130001690773999,383,383,partsupp_deep_sift_10,1.3435630798339844,555.3539428710938
partsupp_deep_sift_10,adaptive_sampling,0.1,0.5,2248413,811006,950037.1534334545,1.1714304868687215,383,383,partsupp_deep_sift_10,1.2823227643966675,549.4027099609375
partsupp_deep_sift_10,adaptive_sampling,0.1,0.5,3861353,803778,706474.2414223289,1.13773150225799,383,383,partsupp_deep_sift_10,1.3841391801834106,571.8719482421875
partsupp_deep_sift_10,adaptive_sampling,0.1,0.5,4878920,811002,600999.393274206,1.3494223273366606,383,383,partsupp_deep_sift_10,1.335260272026062,529.1852416992188
partsupp_deep_sift_10,adaptive_sampling,0.1,0.5,3401984,798710,747104.4181908665,1.069074122107453,383,383,partsupp_deep_sift_10,1.3502408266067505,610.616943359375
partsupp_deep_sift_10,adaptive_sampling,0.1,0.5,1227788,809661,721035.6604789725,1.1229139477819379,383,383,partsupp_deep_sift_10,1.2814021110534668,546.479736328125
partsupp_deep_sift_10,adaptive_sampling,0.1,0.5,6908906,795703,839326.7388829427,1.05482414780759,383,383,partsupp_deep_sift_10,1.3321423530578613,591.6123657226562
partsupp_deep_sift_10,adaptive_sampling,0.1,0.5,6867890,803981,957454.2058368385,1.1908915830558664,383,383,partsupp_deep_sift_10,1.3788877725601196,548.0848999023438
partsupp_deep_sift_10,adaptive_sampling,0.1,0.5,1544377,800534,644465.5018440374,1.242167342874672,383,383,partsupp_deep_sift_10,1.358201026916504,542.1200561523438
partsupp_deep_sift_10,adaptive_sampling,0.1,0.5,6309693,804147,731179.5703836005,1.0997941307059746,383,383,partsupp_deep_sift_10,1.3399221897125244,538.2918701171875
partsupp_deep_sift_10,adaptive_sampling,0.1,0.5,2552747,800493,928767.6649237502,1.1602445804319965,383,383,partsupp_deep_sift_10,1.366588830947876,610.82666015625
partsupp_deep_sift_10,adaptive_sampling,0.1,0.5,481105,805793,917260.3262685001,1.138332457924678,383,383,partsupp_deep_sift_10,1.3282979726791382,580.929443359375
partsupp_deep_sift_10,adaptive_sampling,0.1,0.5,7176724,792237,722617.2378296941,1.096343898990566,383,383,partsupp_deep_sift_10,1.3363215923309326,523.8716430664062
partsupp_deep_sift_10,adaptive_sampling,0.1,0.5,5591179,801577,687168.0903135204,1.1664933388194445,383,383,partsupp_deep_sift_10,1.3587878942489624,528.7842407226562
partsupp_deep_sift_10,adaptive_sampling,0.1,0.5,5278949,801804,848652.5915371978,1.0584289820669364,383,383,partsupp_deep_sift_10,1.277585506439209,540.8290405273438
partsupp_deep_sift_10,adaptive_sampling,0.1,0.5,6922681,802828,837690.6243821965,1.043424773902002,383,383,partsupp_deep_sift_10,1.3135424852371216,547.341796875
partsupp_deep_sift_10,adaptive_sampling,0.1,0.5,3447240,806148,858632.8899917513,1.0651057746117973,383,383,partsupp_deep_sift_10,1.2935158014297485,507.2012939453125
partsupp_deep_sift_10,adaptive_sampling,0.1,0.5,4147711,796339,852142.9691387903,1.070075645094351,383,383,partsupp_deep_sift_10,1.3569071292877197,642.780029296875
partsupp_deep_sift_10,adaptive_sampling,0.1,0.5,3626284,789724,845543.9739857794,1.0706828891939202,383,383,partsupp_deep_sift_10,1.3396490812301636,592.2559814453125
partsupp_deep_sift_10,adaptive_sampling,0.1,0.5,1298658,804613,772300.5815023622,1.0418391741137631,383,383,partsupp_deep_sift_10,1.2763007879257202,513.4920043945312
partsupp_deep_sift_10,adaptive_sampling,0.1,0.5,2109177,796252,852142.9691387903,1.0701925635838783,383,383,partsupp_deep_sift_10,1.271804690361023,544.1316528320312
partsupp_deep_sift_10,adaptive_sampling,0.1,0.5,7938046,795119,809058.620619133,1.0175314897759116,383,383,partsupp_deep_sift_10,1.311934471130371,625.8411254882812
partsupp_deep_sift_10,adaptive_sampling,0.1,0.5,6347870,801243,726871.1355316349,1.1023178123780764,383,383,partsupp_deep_sift_10,1.3160370588302612,498.665283203125
partsupp_deep_sift_10,adaptive_sampling,0.1,0.5,3511592,801596,851924.8205386907,1.0627857680660715,383,383,partsupp_deep_sift_10,1.3218002319335938,545.9982299804688
partsupp_deep_sift_10,adaptive_sampling,0.1,0.5,6110214,801758,771591.5985520388,1.039096332184761,383,383,partsupp_deep_sift_10,1.406653881072998,568.2869262695312
partsupp_deep_sift_10,adaptive_sampling,0.3,0.1,1458649,2395202,2140961.3762860517,1.1187506820674094,385,385,partsupp_deep_sift_10,1.4035472869873047,641.3131103515625
partsupp_deep_sift_10,adaptive_sampling,0.3,0.1,3590985,2385556,2482172.373081464,1.040500568035906,385,385,partsupp_deep_sift_10,1.4372638463974,656.7921752929688
partsupp_deep_sift_10,adaptive_sampling,0.3,0.1,2861019,2405687,2049640.748861528,1.1737115401009848,385,385,partsupp_deep_sift_10,1.4123557806015015,662.2860107421875
partsupp_deep_sift_10,adaptive_sampling,0.3,0.1,7811320,2417742,2368723.2248271205,1.020694175942171,385,385,partsupp_deep_sift_10,1.3913848400115967,600.6814575195312
partsupp_deep_sift_10,adaptive_sampling,0.3,0.1,1427886,2403436,2354906.3923089895,1.0206078712298314,385,385,partsupp_deep_sift_10,1.364647626876831,676.0657958984375
partsupp_deep_sift_10,adaptive_sampling,0.3,0.1,4288339,2393970,2402833.5301062567,1.0037024399245842,385,385,partsupp_deep_sift_10,1.3423337936401367,665.836181640625
partsupp_deep_sift_10,adaptive_sampling,0.3,0.1,3227404,2384698,2540138.303255186,1.0651823850463187,385,385,partsupp_deep_sift_10,1.413098692893982,689.1660766601562
partsupp_deep_sift_10,adaptive_sampling,0.3,0.1,5886013,2391878,2368831.168831168,1.0097291995614037,385,385,partsupp_deep_sift_10,1.388366460800171,629.3067626953125
partsupp_deep_sift_10,adaptive_sampling,0.3,0.1,2636413,2402140,2434892.899308483,1.0136348836073181,385,385,partsupp_deep_sift_10,1.382886528968811,638.5812377929688
partsupp_deep_sift_10,adaptive_sampling,0.3,0.1,6936640,2394917,2334828.80755608,1.0257355880865697,385,385,partsupp_deep_sift_10,1.4253782033920288,581.8458862304688
partsupp_deep_sift_10,adaptive_sampling,0.3,0.1,5469472,2402620,2380111.317254174,1.0094569874033426,385,385,partsupp_deep_sift_10,1.349165439605713,600.8934936523438
partsupp_deep_sift_10,adaptive_sampling,0.3,0.1,4444886,2406534,2378222.2971833358,1.011904565376498,385,385,partsupp_deep_sift_10,1.374991774559021,599.090087890625
partsupp_deep_sift_10,adaptive_sampling,0.3,0.1,6631898,2395840,2147761.848541069,1.1155054279539631,385,385,partsupp_deep_sift_10,1.3808367252349854,560.74755859375
partsupp_deep_sift_10,adaptive_sampling,0.3,0.1,7640583,2406018,2138262.7761848536,1.1252209161555355,385,385,partsupp_deep_sift_10,1.443469524383545,631.244140625
partsupp_deep_sift_10,adaptive_sampling,0.3,0.1,7822107,2392083,2137129.364142351,1.119297240557997,385,385,partsupp_deep_sift_10,1.3832478523254395,588.9844970703125
partsupp_deep_sift_10,adaptive_sampling,0.3,0.1,6733700,2401423,2635830.6628436497,1.097611983746158,385,385,partsupp_deep_sift_10,1.3609874248504639,685.0531616210938
partsupp_deep_sift_10,adaptive_sampling,0.3,0.1,839131,2402281,2624010.794400404,1.0922996911686869,385,385,partsupp_deep_sift_10,1.3559919595718384,553.9698486328125
partsupp_deep_sift_10,adaptive_sampling,0.3,0.1,6952719,2398480,2600371.0575139145,1.0841745845343362,385,385,partsupp_deep_sift_10,1.4115855693817139,576.322509765625
partsupp_deep_sift_10,adaptive_sampling,0.3,0.1,3862714,2409517,2393766.2337662335,1.0065799099392363,385,385,partsupp_deep_sift_10,1.4180450439453125,665.5347900390625
partsupp_deep_sift_10,adaptive_sampling,0.3,0.1,695062,2390625,2390851.74565694,1.000094847856498,385,385,partsupp_deep_sift_10,1.397594690322876,630.787841796875
partsupp_deep_sift_10,adaptive_sampling,0.3,0.1,6815544,2391938,2399433.2939787484,1.0031335653260027,385,385,partsupp_deep_sift_10,1.385105848312378,662.0575561523438
partsupp_deep_sift_10,adaptive_sampling,0.3,0.1,6963267,2418591,2256785.292629448,1.0716974308096572,385,385,partsupp_deep_sift_10,1.428658127784729,602.0711059570312
partsupp_deep_sift_10,adaptive_sampling,0.3,0.1,3402371,2408539,2425501.770956316,1.0070427636655732,385,385,partsupp_deep_sift_10,1.4162307977676392,592.1015014648438
partsupp_deep_sift_10,adaptive_sampling,0.3,0.1,6909999,2371792,2256785.292629448,1.050960411584637,385,385,partsupp_deep_sift_10,1.4407751560211182,648.430419921875
partsupp_deep_sift_10,adaptive_sampling,0.3,0.1,6366790,2389605,2041113.1725417438,1.1707361611038396,385,385,partsupp_deep_sift_10,1.412670373916626,607.1864013671875
partsupp_deep_sift_10,adaptive_sampling,0.3,0.1,481095,2405827,2279237.6454714113,1.0555402174846082,385,385,partsupp_deep_sift_10,1.4058465957641602,616.6787109375
partsupp_deep_sift_10,adaptive_sampling,0.3,0.1,3528014,2389763,2434137.291280148,1.0185684903817442,385,385,partsupp_deep_sift_10,1.3633357286453247,608.5654296875
partsupp_deep_sift_10,adaptive_sampling,0.3,0.1,5369867,2392550,2137291.2801484223,1.1194309461805558,385,385,partsupp_deep_sift_10,1.3945095539093018,598.6532592773438
partsupp_deep_sift_10,adaptive_sampling,0.3,0.1,7520880,2410553,2290139.9898802494,1.0525788862915961,385,385,partsupp_deep_sift_10,1.4352713823318481,644.2181396484375
partsupp_deep_sift_10,adaptive_sampling,0.3,0.1,6025740,2411001,2341413.391803002,1.0297203426104145,385,385,partsupp_deep_sift_10,1.3733103275299072,578.545654296875
partsupp_deep_sift_10,adaptive_sampling,0.3,0.1,3454116,2398481,2687589.8127846178,1.120538296023449,385,385,partsupp_deep_sift_10,1.3754850625991821,647.937255859375
partsupp_deep_sift_10,adaptive_sampling,0.3,0.1,6288378,2382961,2502573.789846517,1.050195026207528,385,385,partsupp_deep_sift_10,1.390949010848999,598.2658081054688
partsupp_deep_sift_10,adaptive_sampling,0.3,0.1,1370862,2419599,2541433.6313037607,1.0503532326239846,385,385,partsupp_deep_sift_10,1.3811200857162476,590.3129272460938
partsupp_deep_sift_10,adaptive_sampling,0.3,0.1,2964065,2403286,2459072.356215213,1.0232125332628796,385,385,partsupp_deep_sift_10,1.3789807558059692,637.626220703125
partsupp_deep_sift_10,adaptive_sampling,0.3,0.1,7031696,2398390,2576407.4886152805,1.0742237453522072,385,385,partsupp_deep_sift_10,1.3839408159255981,601.7313842773438
partsupp_deep_sift_10,adaptive_sampling,0.3,0.1,4389879,2410614,2354096.8122786297,1.0240080133606166,385,385,partsupp_deep_sift_10,1.377062201499939,666.0590209960938
partsupp_deep_sift_10,adaptive_sampling,0.3,0.1,332506,2397704,2445201.551695058,1.0198095977214277,385,385,partsupp_deep_sift_10,1.3793144226074219,637.6813354492188
partsupp_deep_sift_10,adaptive_sampling,0.3,0.1,7799146,2391478,2423774.6668915497,1.0135048981807693,385,385,partsupp_deep_sift_10,1.3816719055175781,615.9953002929688
partsupp_deep_sift_10,adaptive_sampling,0.3,0.1,3041529,2408510,2169350.6493506487,1.1102446719348662,385,385,partsupp_deep_sift_10,1.3927563428878784,602.4418334960938
partsupp_deep_sift_10,adaptive_sampling,0.3,0.1,737452,2409064,2588551.189070669,1.07450494842423,385,385,partsupp_deep_sift_10,1.4099767208099365,565.5407104492188
partsupp_deep_sift_10,adaptive_sampling,0.3,0.1,5167757,2410701,2730389.6103896103,1.1326123025583057,385,385,partsupp_deep_sift_10,1.4129005670547485,610.7864990234375
partsupp_deep_sift_10,adaptive_sampling,0.3,0.1,1813464,2407687,2621851.9143194463,1.088950479991563,385,385,partsupp_deep_sift_10,1.4231576919555664,597.476806640625
partsupp_deep_sift_10,adaptive_sampling,0.3,0.1,6207689,2403576,2659902.1757463315,1.10664367415315,385,385,partsupp_deep_sift_10,1.3879865407943726,653.5308837890625
partsupp_deep_sift_10,adaptive_sampling,0.3,0.1,7385883,2395073,2647866.41929499,1.1055472711249261,385,385,partsupp_deep_sift_10,1.3473742008209229,592.8945922851562
partsupp_deep_sift_10,adaptive_sampling,0.3,0.1,1110231,2403283,2231202.5636700955,1.0771245242954768,385,385,partsupp_deep_sift_10,1.4026615619659424,655.7239990234375
partsupp_deep_sift_10,adaptive_sampling,0.3,0.1,4260736,2401331,2447792.2077922076,1.019348106442722,385,385,partsupp_deep_sift_10,1.3963934183120728,649.8079833984375
partsupp_deep_sift_10,adaptive_sampling,0.3,0.1,7241835,2383195,2114569.0672963397,1.1270357808870826,385,385,partsupp_deep_sift_10,1.3979389667510986,597.4378051757812
partsupp_deep_sift_10,adaptive_sampling,0.3,0.1,5886526,2419521,2357497.048406139,1.0263092382812502,385,385,partsupp_deep_sift_10,1.3726036548614502,635.2453002929688
partsupp_deep_sift_10,adaptive_sampling,0.3,0.1,7903428,2409958,2335044.695564176,1.032082171522513,385,385,partsupp_deep_sift_10,1.355056881904602,593.8236694335938
partsupp_deep_sift_10,adaptive_sampling,0.3,0.1,2010126,2409012,2839682.914488109,1.1787749145658506,385,385,partsupp_deep_sift_10,1.4148132801055908,578.3564453125
partsupp_deep_sift_10,adaptive_sampling,0.3,0.1,64433,2389858,2597516.515446397,1.0868915707319837,382,382,partsupp_deep_sift_10,1.412253975868225,597.748046875
partsupp_deep_sift_10,adaptive_sampling,0.3,0.1,6427842,2405061,2314519.887064499,1.0391187448600125,382,382,partsupp_deep_sift_10,1.3299076557159424,619.2982788085938
partsupp_deep_sift_10,adaptive_sampling,0.3,0.1,1934109,2408099,2586222.9653792386,1.0739687053477613,382,382,partsupp_deep_sift_10,1.3931721448898315,583.222412109375
partsupp_deep_sift_10,adaptive_sampling,0.3,0.1,2037726,2396163,2268687.810092925,1.0561889517543859,382,382,partsupp_deep_sift_10,1.4033716917037964,649.19482421875
partsupp_deep_sift_10,adaptive_sampling,0.3,0.1,944719,2392228,2383158.356404704,1.0038057242696112,382,382,partsupp_deep_sift_10,1.335619330406189,628.6348266601562
partsupp_deep_sift_10,adaptive_sampling,0.3,0.1,5909334,2393353,2292042.43304734,1.044200999724933,382,382,partsupp_deep_sift_10,1.4337644577026367,604.5247802734375
partsupp_deep_sift_10,adaptive_sampling,0.3,0.1,7834709,2405916,2557824.621035608,1.0631396196025165,382,382,partsupp_deep_sift_10,1.4154365062713623,664.225830078125
partsupp_deep_sift_10,adaptive_sampling,0.3,0.1,7376316,2395892,2322962.638085579,1.0313949784291512,382,382,partsupp_deep_sift_10,1.3896962404251099,587.051513671875
partsupp_deep_sift_10,adaptive_sampling,0.3,0.1,5165847,2400571,2270332.5018502786,1.0573653850453972,382,382,partsupp_deep_sift_10,1.4079920053482056,617.2481689453125
partsupp_deep_sift_10,adaptive_sampling,0.3,0.1,1376518,2400608,2524930.7858885443,1.0517880411498022,382,382,partsupp_deep_sift_10,1.360648512840271,644.5866088867188
partsupp_deep_sift_10,adaptive_sampling,0.3,0.1,378067,2399072,2203558.016501741,1.088726496890083,382,382,partsupp_deep_sift_10,1.398781657218933,593.1264038085938
partsupp_deep_sift_10,adaptive_sampling,0.3,0.1,2548244,2378303,2450700.3645733395,1.030440765778515,382,382,partsupp_deep_sift_10,1.430181860923767,655.1671752929688
partsupp_deep_sift_10,adaptive_sampling,0.3,0.1,6059356,2419065,2555850.9909267835,1.0565449836721144,382,382,partsupp_deep_sift_10,1.3562352657318115,602.2102661132812
partsupp_deep_sift_10,adaptive_sampling,0.3,0.1,2093515,2397611,2247964.6939502754,1.0665696869939518,382,382,partsupp_deep_sift_10,1.3706729412078857,608.7673950195312
partsupp_deep_sift_10,adaptive_sampling,0.3,0.1,7666555,2398328,2337655.2177846003,1.0259545469981237,382,382,partsupp_deep_sift_10,1.414184808731079,595.0599365234375
partsupp_deep_sift_10,adaptive_sampling,0.3,0.1,4888112,2401070,2429100.079493435,1.011673995132768,382,382,partsupp_deep_sift_10,1.387477159500122,589.6567993164062
partsupp_deep_sift_10,adaptive_sampling,0.3,0.1,3745676,2398484,2246977.878895864,1.0674266188942565,382,382,partsupp_deep_sift_10,1.3750402927398682,583.4043579101562
partsupp_deep_sift_10,adaptive_sampling,0.3,0.1,1117872,2403826,2592801.732408651,1.0786145637865017,382,382,partsupp_deep_sift_10,1.3971644639968872,600.7218627929688
partsupp_deep_sift_10,adaptive_sampling,0.3,0.1,1782015,2399199,2565719.141470903,1.0694065567178475,382,382,partsupp_deep_sift_10,1.4331144094467163,599.0137939453125
partsupp_deep_sift_10,adaptive_sampling,0.3,0.1,5399003,2419110,2472519.941887558,1.0220783436419005,382,382,partsupp_deep_sift_10,1.3635681867599487,602.7922973632812
partsupp_deep_sift_10,adaptive_sampling,0.3,0.1,7813502,2406892,2414188.2075600997,1.0030313813665506,382,382,partsupp_deep_sift_10,1.3586989641189575,598.5552978515625
partsupp_deep_sift_10,adaptive_sampling,0.3,0.1,7712554,2405562,2569666.4016885506,1.0682187371136351,382,382,partsupp_deep_sift_10,1.3805737495422363,613.6766357421875
partsupp_deep_sift_10,adaptive_sampling,0.3,0.1,1407909,2406204,2367424.138592692,1.0163806141768752,382,382,partsupp_deep_sift_10,1.3690755367279053,583.1111450195312
partsupp_deep_sift_10,adaptive_sampling,0.3,0.1,25058,2394721,2371809.9832789674,1.009659718477683,382,382,partsupp_deep_sift_10,1.3971093893051147,577.104736328125
partsupp_deep_sift_10,adaptive_sampling,0.3,0.1,5261130,2385031,2473945.341410598,1.0372801617298046,382,382,partsupp_deep_sift_10,1.3811122179031372,637.5606689453125
partsupp_deep_sift_10,adaptive_sampling,0.3,0.1,6080832,2418130,2359365.148981662,1.0249070607166093,382,382,partsupp_deep_sift_10,1.404215693473816,588.0530395507812
partsupp_deep_sift_10,adaptive_sampling,0.3,0.1,2248413,2407133,2521312.4640223677,1.0474337994711418,382,382,partsupp_deep_sift_10,1.3628945350646973,603.505615234375
partsupp_deep_sift_10,adaptive_sampling,0.3,0.1,3861353,2406570,2775417.3405334284,1.1532668239583426,382,382,partsupp_deep_sift_10,1.4299936294555664,597.4467163085938
partsupp_deep_sift_10,adaptive_sampling,0.3,0.1,4878920,2417737,2202790.4936816427,1.097579187369338,382,382,partsupp_deep_sift_10,1.4007762670516968,580.810302734375
partsupp_deep_sift_10,adaptive_sampling,0.3,0.1,3401984,2391647,2157835.585647323,1.108354601206809,382,382,partsupp_deep_sift_10,1.4216514825820923,641.2960205078125
partsupp_deep_sift_10,adaptive_sampling,0.3,0.1,1227788,2406540,2421973.081878238,1.0064129754245672,382,382,partsupp_deep_sift_10,1.3598942756652832,601.5598754882812
partsupp_deep_sift_10,adaptive_sampling,0.3,0.1,6908906,2388530,2322030.646089745,1.0286384479990556,382,382,partsupp_deep_sift_10,1.3864632844924927,618.3062133789062
partsupp_deep_sift_10,adaptive_sampling,0.3,0.1,6867890,2402795,2369891.176228721,1.0138841074650693,382,382,partsupp_deep_sift_10,1.40958833694458,592.8513793945312
partsupp_deep_sift_10,adaptive_sampling,0.3,0.1,1544377,2397047,2247745.4017159613,1.06642282447561,382,382,partsupp_deep_sift_10,1.4043656587600708,594.5242919921875
partsupp_deep_sift_10,adaptive_sampling,0.3,0.1,6309693,2420649,2380965.434061566,1.0166670063205159,382,382,partsupp_deep_sift_10,1.4040950536727905,599.4891967773438
partsupp_deep_sift_10,adaptive_sampling,0.3,0.1,2552747,2393318,2496642.087662071,1.0431719009601195,382,382,partsupp_deep_sift_10,1.424573302268982,634.7078247070312
partsupp_deep_sift_10,adaptive_sampling,0.3,0.1,481105,2391538,2236506.674707382,1.0693185167054786,382,382,partsupp_deep_sift_10,1.395743489265442,609.579833984375
partsupp_deep_sift_10,adaptive_sampling,0.3,0.1,7176724,2387884,2512431.12853266,1.0521579475940457,382,382,partsupp_deep_sift_10,1.3939491510391235,589.5367431640625
partsupp_deep_sift_10,adaptive_sampling,0.3,0.1,5591179,2411049,2539952.3039390366,1.0534635770318383,382,382,partsupp_deep_sift_10,1.4056192636489868,578.4931640625
partsupp_deep_sift_10,adaptive_sampling,0.3,0.1,5278949,2381879,2218689.1806693897,1.0735523572893502,382,382,partsupp_deep_sift_10,1.3400707244873047,588.30517578125
partsupp_deep_sift_10,adaptive_sampling,0.3,0.1,6922681,2411482,2127134.672843398,1.1336762221907215,382,382,partsupp_deep_sift_10,1.3729127645492554,597.4197387695312
partsupp_deep_sift_10,adaptive_sampling,0.3,0.1,3447240,2399067,2510183.3831309453,1.046316498510023,382,382,partsupp_deep_sift_10,1.3603416681289673,572.0692749023438
partsupp_deep_sift_10,adaptive_sampling,0.3,0.1,4147711,2383471,2475480.387050794,1.0386031074222402,382,382,partsupp_deep_sift_10,1.4145060777664185,665.9566040039062
partsupp_deep_sift_10,adaptive_sampling,0.3,0.1,3626284,2394118,2157013.239768646,1.1099227189986023,382,382,partsupp_deep_sift_10,1.390594720840454,624.3858032226562
partsupp_deep_sift_10,adaptive_sampling,0.3,0.1,1298658,2412290,2534195.8827883,1.0505353348014956,382,382,partsupp_deep_sift_10,1.3576560020446777,540.8983154296875
partsupp_deep_sift_10,adaptive_sampling,0.3,0.1,2109177,2403129,2640717.085606206,1.0988661389406087,382,382,partsupp_deep_sift_10,1.3571128845214844,605.0231323242188
partsupp_deep_sift_10,adaptive_sampling,0.3,0.1,7938046,2392290,2616266.0014802227,1.0936241013757624,382,382,partsupp_deep_sift_10,1.3760823011398315,658.1563110351562
partsupp_deep_sift_10,adaptive_sampling,0.3,0.1,6347870,2399312,2515172.281461583,1.0482889601108913,382,382,partsupp_deep_sift_10,1.3725132942199707,530.0473022460938
partsupp_deep_sift_10,adaptive_sampling,0.3,0.1,3511592,2394755,2438091.0611002985,1.0180962399495141,382,382,partsupp_deep_sift_10,1.3880242109298706,584.1927490234375
partsupp_deep_sift_10,adaptive_sampling,0.3,0.1,6110214,2396953,2406184.0410076478,1.0038511564505637,382,382,partsupp_deep_sift_10,1.4413188695907593,600.3450317382812
partsupp_deep_sift_10,adaptive_sampling,0.3,0.2,1458649,2395202,2600263.1135098664,1.085613285856419,385,385,partsupp_deep_sift_10,1.4035472869873047,641.3131103515625
partsupp_deep_sift_10,adaptive_sampling,0.3,0.2,3590985,2385556,2482172.373081464,1.040500568035906,385,385,partsupp_deep_sift_10,1.4372638463974,656.7921752929688
partsupp_deep_sift_10,adaptive_sampling,0.3,0.2,2861019,2405687,2459504.1322314045,1.0223707956319357,385,385,partsupp_deep_sift_10,1.4123557806015015,662.2860107421875
partsupp_deep_sift_10,adaptive_sampling,0.3,0.2,7811320,2417742,2477368.864901332,1.0246622116426534,385,385,partsupp_deep_sift_10,1.3913848400115967,600.6814575195312
partsupp_deep_sift_10,adaptive_sampling,0.3,0.2,1427886,2403436,2013695.3955135772,1.1935449648217638,385,385,partsupp_deep_sift_10,1.364647626876831,676.0657958984375
partsupp_deep_sift_10,adaptive_sampling,0.3,0.2,4288339,2393970,2256461.460617305,1.06093990160376,385,385,partsupp_deep_sift_10,1.3423337936401367,665.836181640625
partsupp_deep_sift_10,adaptive_sampling,0.3,0.2,3227404,2384698,2425717.658964412,1.0172011965307186,385,385,partsupp_deep_sift_10,1.413098692893982,689.1660766601562
partsupp_deep_sift_10,adaptive_sampling,0.3,0.2,5886013,2391878,2380111.317254174,1.0049437531179848,385,385,partsupp_deep_sift_10,1.388366460800171,629.3067626953125
partsupp_deep_sift_10,adaptive_sampling,0.3,0.2,2636413,2402140,2270818.013155675,1.0578302559181445,385,385,partsupp_deep_sift_10,1.382886528968811,638.5812377929688
partsupp_deep_sift_10,adaptive_sampling,0.3,0.2,6936640,2394917,2329647.4953617803,1.0280169015991338,385,385,partsupp_deep_sift_10,1.4253782033920288,581.8458862304688
partsupp_deep_sift_10,adaptive_sampling,0.3,0.2,5469472,2402620,2460151.7962556924,1.0239454413330833,385,385,partsupp_deep_sift_10,1.349165439605713,600.8934936523438
partsupp_deep_sift_10,adaptive_sampling,0.3,0.2,4444886,2406534,2805680.5532130203,1.165859511319192,385,385,partsupp_deep_sift_10,1.374991774559021,599.090087890625
partsupp_deep_sift_10,adaptive_sampling,0.3,0.2,6631898,2395840,2437051.7793894415,1.017201390489115,385,385,partsupp_deep_sift_10,1.3808367252349854,560.74755859375
partsupp_deep_sift_10,adaptive_sampling,0.3,0.2,7640583,2406018,2379301.7372238147,1.011228614831912,385,385,partsupp_deep_sift_10,1.443469524383545,631.244140625
partsupp_deep_sift_10,adaptive_sampling,0.3,0.2,7822107,2392083,2390851.74565694,1.0005149856511582,385,385,partsupp_deep_sift_10,1.3832478523254395,588.9844970703125
partsupp_deep_sift_10,adaptive_sampling,0.3,0.2,6733700,2401423,2300826.4462809917,1.0437219216954023,385,385,partsupp_deep_sift_10,1.3609874248504639,685.0531616210938
partsupp_deep_sift_10,adaptive_sampling,0.3,0.2,839131,2402281,2345191.4319446785,1.0243432443414573,385,385,partsupp_deep_sift_10,1.3559919595718384,553.9698486328125
partsupp_deep_sift_10,adaptive_sampling,0.3,0.2,6952719,2398480,2284958.67768595,1.049682002314815,385,385,partsupp_deep_sift_10,1.4115855693817139,576.322509765625
partsupp_deep_sift_10,adaptive_sampling,0.3,0.2,3862714,2409517,2333317.591499409,1.0326571096785948,385,385,partsupp_deep_sift_10,1.4180450439453125,665.5347900390625
partsupp_deep_sift_10,adaptive_sampling,0.3,0.2,695062,2390625,2471701.8046888174,1.0339144803927078,385,385,partsupp_deep_sift_10,1.397594690322876,630.787841796875
partsupp_deep_sift_10,adaptive_sampling,0.3,0.2,6815544,2391938,2290301.905886321,1.0443767233710384,385,385,partsupp_deep_sift_10,1.385105848312378,662.0575561523438
partsupp_deep_sift_10,adaptive_sampling,0.3,0.2,6963267,2418591,2191371.22617642,1.1036883988935278,385,385,partsupp_deep_sift_10,1.428658127784729,602.0711059570312
partsupp_deep_sift_10,adaptive_sampling,0.3,0.2,3402371,2408539,2379949.401248102,1.012012691839963,385,385,partsupp_deep_sift_10,1.4162307977676392,592.1015014648438
partsupp_deep_sift_10,adaptive_sampling,0.3,0.2,6909999,2371792,2434892.899308483,1.026604735705527,385,385,partsupp_deep_sift_10,1.4407751560211182,648.430419921875
partsupp_deep_sift_10,adaptive_sampling,0.3,0.2,6366790,2389605,2380111.317254174,1.0039887557682716,385,385,partsupp_deep_sift_10,1.412670373916626,607.1864013671875
partsupp_deep_sift_10,adaptive_sampling,0.3,0.2,481095,2405827,2256029.684601113,1.0663986455592105,385,385,partsupp_deep_sift_10,1.4058465957641602,616.6787109375
partsupp_deep_sift_10,adaptive_sampling,0.3,0.2,3528014,2389763,2563616.124135604,1.0727491069765513,385,385,partsupp_deep_sift_10,1.3633357286453247,608.5654296875
partsupp_deep_sift_10,adaptive_sampling,0.3,0.2,5369867,2392550,2136751.560128183,1.1197137021659511,385,385,partsupp_deep_sift_10,1.3945095539093018,598.6532592773438
partsupp_deep_sift_10,adaptive_sampling,0.3,0.2,7520880,2410553,2471485.9166807216,1.0252775677119406,385,385,partsupp_deep_sift_10,1.4352713823318481,644.2181396484375
partsupp_deep_sift_10,adaptive_sampling,0.3,0.2,6025740,2411001,2744476.3029178614,1.1383140458746643,385,385,partsupp_deep_sift_10,1.3733103275299072,578.545654296875
partsupp_deep_sift_10,adaptive_sampling,0.3,0.2,3454116,2398481,2611381.3459268003,1.0887646581010233,385,385,partsupp_deep_sift_10,1.3754850625991821,647.937255859375
partsupp_deep_sift_10,adaptive_sampling,0.3,0.2,6288378,2382961,2308274.582560296,1.0323559501993316,385,385,partsupp_deep_sift_10,1.390949010848999,598.2658081054688
partsupp_deep_sift_10,adaptive_sampling,0.3,0.2,1370862,2419599,2400944.510035419,1.0077696464398114,385,385,partsupp_deep_sift_10,1.3811200857162476,590.3129272460938
partsupp_deep_sift_10,adaptive_sampling,0.3,0.2,2964065,2403286,2663518.299881936,1.108281869025133,385,385,partsupp_deep_sift_10,1.3789807558059692,637.626220703125
partsupp_deep_sift_10,adaptive_sampling,0.3,0.2,7031696,2398390,2435540.5633327705,1.0154897924577615,385,385,partsupp_deep_sift_10,1.3839408159255981,601.7313842773438
partsupp_deep_sift_10,adaptive_sampling,0.3,0.2,4389879,2410614,2434892.899308483,1.0100716661018658,385,385,partsupp_deep_sift_10,1.377062201499939,666.0590209960938
partsupp_deep_sift_10,adaptive_sampling,0.3,0.2,332506,2397704,2460043.8522516442,1.025999811591274,385,385,partsupp_deep_sift_10,1.3793144226074219,637.6813354492188
partsupp_deep_sift_10,adaptive_sampling,0.3,0.2,7799146,2391478,2374768.089053803,1.0070364390625002,385,385,partsupp_deep_sift_10,1.3816719055175781,615.9953002929688
partsupp_deep_sift_10,adaptive_sampling,0.3,0.2,3041529,2408510,2671614.100185529,1.1092393638330458,385,385,partsupp_deep_sift_10,1.3927563428878784,602.4418334960938
partsupp_deep_sift_10,adaptive_sampling,0.3,0.2,737452,2409064,2479365.8289762186,1.0291822172330078,385,385,partsupp_deep_sift_10,1.4099767208099365,565.5407104492188
partsupp_deep_sift_10,adaptive_sampling,0.3,0.2,5167757,2410701,2529667.7348625395,1.049349436061353,385,385,partsupp_deep_sift_10,1.4129005670547485,610.7864990234375
partsupp_deep_sift_10,adaptive_sampling,0.3,0.2,1813464,2407687,2494801.821555068,1.0361819545294166,385,385,partsupp_deep_sift_10,1.4231576919555664,597.476806640625
partsupp_deep_sift_10,adaptive_sampling,0.3,0.2,6207689,2403576,2588065.441052454,1.0767562336503835,385,385,partsupp_deep_sift_10,1.3879865407943726,653.5308837890625
partsupp_deep_sift_10,adaptive_sampling,0.3,0.2,7385883,2395073,2278589.981447124,1.051120657731892,385,385,partsupp_deep_sift_10,1.3473742008209229,592.8945922851562
partsupp_deep_sift_10,adaptive_sampling,0.3,0.2,1110231,2403283,2029347.2761005224,1.1842640381482716,385,385,partsupp_deep_sift_10,1.4026615619659424,655.7239990234375
partsupp_deep_sift_10,adaptive_sampling,0.3,0.2,4260736,2401331,2505380.3339517624,1.0433298591288591,385,385,partsupp_deep_sift_10,1.3963934183120728,649.8079833984375
partsupp_deep_sift_10,adaptive_sampling,0.3,0.2,7241835,2383195,2443258.559622196,1.025202956376711,385,385,partsupp_deep_sift_10,1.3979389667510986,597.4378051757812
partsupp_deep_sift_10,adaptive_sampling,0.3,0.2,5886526,2419521,2436835.8913813457,1.007156330274193,385,385,partsupp_deep_sift_10,1.3726036548614502,635.2453002929688
partsupp_deep_sift_10,adaptive_sampling,0.3,0.2,7903428,2409958,2367212.00877045,1.0180575255072961,385,385,partsupp_deep_sift_10,1.355056881904602,593.8236694335938
partsupp_deep_sift_10,adaptive_sampling,0.3,0.2,2010126,2409012,2374336.313037612,1.0146043703968903,385,385,partsupp_deep_sift_10,1.4148132801055908,578.3564453125
partsupp_deep_sift_10,adaptive_sampling,0.3,0.2,64433,2389858,2266385.241632631,1.0544800398887275,382,382,partsupp_deep_sift_10,1.412253975868225,597.748046875
partsupp_deep_sift_10,adaptive_sampling,0.3,0.2,6427842,2405061,2314081.302595872,1.0393156875266525,382,382,partsupp_deep_sift_10,1.3299076557159424,619.2982788085938
partsupp_deep_sift_10,adaptive_sampling,0.3,0.2,1934109,2408099,2080206.134700255,1.1576251794618384,382,382,partsupp_deep_sift_10,1.3931721448898315,583.222412109375
partsupp_deep_sift_10,adaptive_sampling,0.3,0.2,2037726,2396163,2496642.087662071,1.0419333274330966,382,382,partsupp_deep_sift_10,1.4033716917037964,649.19482421875
partsupp_deep_sift_10,adaptive_sampling,0.3,0.2,944719,2392228,2775362.51747485,1.1601580273597878,382,382,partsupp_deep_sift_10,1.335619330406189,628.6348266601562
partsupp_deep_sift_10,adaptive_sampling,0.3,0.2,5909334,2393353,2677119.5965022887,1.1185644560172647,382,382,partsupp_deep_sift_10,1.4337644577026367,604.5247802734375
partsupp_deep_sift_10,adaptive_sampling,0.3,0.2,7834709,2405916,2394232.614237548,1.0048798039476097,382,382,partsupp_deep_sift_10,1.4154365062713623,664.225830078125
partsupp_deep_sift_10,adaptive_sampling,0.3,0.2,7376316,2395892,2522079.986842466,1.0526684787304545,382,382,partsupp_deep_sift_10,1.3896962404251099,587.051513671875
partsupp_deep_sift_10,adaptive_sampling,0.3,0.2,5165847,2400571,2223623.255941449,1.0795763147312623,382,382,partsupp_deep_sift_10,1.4079920053482056,617.2481689453125
partsupp_deep_sift_10,adaptive_sampling,0.3,0.2,1376518,2400608,2281516.4058002797,1.0521984386774317,382,382,partsupp_deep_sift_10,1.360648512840271,644.5866088867188
partsupp_deep_sift_10,adaptive_sampling,0.3,0.2,378067,2399072,2233162.4681340973,1.0742935340501791,382,382,partsupp_deep_sift_10,1.398781657218933,593.1264038085938
partsupp_deep_sift_10,adaptive_sampling,0.3,0.2,2548244,2378303,2463912.721690743,1.0359961374521005,382,382,partsupp_deep_sift_10,1.430181860923767,655.1671752929688
partsupp_deep_sift_10,adaptive_sampling,0.3,0.2,6059356,2419065,2545873.194265508,1.052420333585707,382,382,partsupp_deep_sift_10,1.3562352657318115,602.2102661132812
partsupp_deep_sift_10,adaptive_sampling,0.3,0.2,2093515,2397611,2347742.6605630326,1.0212409734144405,382,382,partsupp_deep_sift_10,1.3706729412078857,608.7673950195312
partsupp_deep_sift_10,adaptive_sampling,0.3,0.2,7666555,2398328,2335462.2954414627,1.026917884600939,382,382,partsupp_deep_sift_10,1.414184808731079,595.0599365234375
partsupp_deep_sift_10,adaptive_sampling,0.3,0.2,4888112,2401070,2475590.0331679503,1.031036176857797,382,382,partsupp_deep_sift_10,1.387477159500122,589.6567993164062
partsupp_deep_sift_10,adaptive_sampling,0.3,0.2,3745676,2398484,2298456.730901017,1.0435193178771616,382,382,partsupp_deep_sift_10,1.3750402927398682,583.4043579101562
partsupp_deep_sift_10,adaptive_sampling,0.3,0.2,1117872,2403826,2270003.563498807,1.058952522653722,382,382,partsupp_deep_sift_10,1.3971644639968872,600.7218627929688
partsupp_deep_sift_10,adaptive_sampling,0.3,0.2,1782015,2399199,2357391.518872838,1.0177346362674418,382,382,partsupp_deep_sift_10,1.4331144094467163,599.0137939453125
partsupp_deep_sift_10,adaptive_sampling,0.3,0.2,5399003,2419110,2557769.797977029,1.0573185171311057,382,382,partsupp_deep_sift_10,1.3635681867599487,602.7922973632812
partsupp_deep_sift_10,adaptive_sampling,0.3,0.2,7813502,2406892,2106082.618349278,1.1428288610474802,382,382,partsupp_deep_sift_10,1.3586989641189575,598.5552978515625
partsupp_deep_sift_10,adaptive_sampling,0.3,0.2,7712554,2405562,2555850.9909267835,1.0624756256237766,382,382,partsupp_deep_sift_10,1.3805737495422363,613.6766357421875
partsupp_deep_sift_10,adaptive_sampling,0.3,0.2,1407909,2406204,2356514.3499355833,1.0210860799832495,382,382,partsupp_deep_sift_10,1.3690755367279053,583.1111450195312
partsupp_deep_sift_10,adaptive_sampling,0.3,0.2,25058,2394721,2337435.925550286,1.0245076555141197,382,382,partsupp_deep_sift_10,1.3971093893051147,577.104736328125
partsupp_deep_sift_10,adaptive_sampling,0.3,0.2,5261130,2385031,2348893.94479318,1.015384711296534,382,382,partsupp_deep_sift_10,1.3811122179031372,637.5606689453125
partsupp_deep_sift_10,adaptive_sampling,0.3,0.2,6080832,2418130,2440722.5679120636,1.0093429914487904,382,382,partsupp_deep_sift_10,1.404215693473816,588.0530395507812
partsupp_deep_sift_10,adaptive_sampling,0.3,0.2,2248413,2407133,2223623.255941449,1.0825273542036489,382,382,partsupp_deep_sift_10,1.3628945350646973,603.505615234375
partsupp_deep_sift_10,adaptive_sampling,0.3,0.2,3861353,2406570,2653381.212137825,1.1025572545730333,382,382,partsupp_deep_sift_10,1.4299936294555664,597.4467163085938
partsupp_deep_sift_10,adaptive_sampling,0.3,0.2,4878920,2417737,2303445.6292316546,1.049617568271611,382,382,partsupp_deep_sift_10,1.4007762670516968,580.810302734375
partsupp_deep_sift_10,adaptive_sampling,0.3,0.2,3401984,2391647,2510621.967599572,1.0497460401136005,382,382,partsupp_deep_sift_10,1.4216514825820923,641.2960205078125
partsupp_deep_sift_10,adaptive_sampling,0.3,0.2,1227788,2406540,2315068.117650284,1.0395115295538504,382,382,partsupp_deep_sift_10,1.3598942756652832,601.5598754882812
partsupp_deep_sift_10,adaptive_sampling,0.3,0.2,6908906,2388530,2203558.016501741,1.0839424159078468,382,382,partsupp_deep_sift_10,1.3864632844924927,618.3062133789062
partsupp_deep_sift_10,adaptive_sampling,0.3,0.2,6867890,2402795,2711000.2467037635,1.1282694723036146,382,382,partsupp_deep_sift_10,1.40958833694458,592.8513793945312
partsupp_deep_sift_10,adaptive_sampling,0.3,0.2,1544377,2397047,2274882.815712288,1.0537013086757443,382,382,partsupp_deep_sift_10,1.4043656587600708,594.5242919921875
partsupp_deep_sift_10,adaptive_sampling,0.3,0.2,6309693,2420649,2460732.9842931936,1.016559188999807,382,382,partsupp_deep_sift_10,1.4040950536727905,599.4891967773438
partsupp_deep_sift_10,adaptive_sampling,0.3,0.2,2552747,2393318,2738192.4837586693,1.1440988969115968,382,382,partsupp_deep_sift_10,1.424573302268982,634.7078247070312
partsupp_deep_sift_10,adaptive_sampling,0.3,0.2,481105,2391538,2135358.1316301636,1.119970446444159,382,382,partsupp_deep_sift_10,1.395743489265442,609.579833984375
partsupp_deep_sift_10,adaptive_sampling,0.3,0.2,7176724,2387884,2323784.9839642555,1.0275838842569656,382,382,partsupp_deep_sift_10,1.3939491510391235,589.5367431640625
partsupp_deep_sift_10,adaptive_sampling,0.3,0.2,5591179,2411049,1990734.903100244,1.2111351422257104,382,382,partsupp_deep_sift_10,1.4056192636489868,578.4931640625
partsupp_deep_sift_10,adaptive_sampling,0.3,0.2,5278949,2381879,2020777.939201228,1.1786940830032555,382,382,partsupp_deep_sift_10,1.3400707244873047,588.30517578125
partsupp_deep_sift_10,adaptive_sampling,0.3,0.2,6922681,2411482,2320989.007976755,1.038988979143046,382,382,partsupp_deep_sift_10,1.3729127645492554,597.4197387695312
partsupp_deep_sift_10,adaptive_sampling,0.3,0.2,3447240,2399067,2354431.073709602,1.018958264180599,382,382,partsupp_deep_sift_10,1.3603416681289673,572.0692749023438
partsupp_deep_sift_10,adaptive_sampling,0.3,0.2,4147711,2383471,2371809.9832789674,1.0049165054550075,382,382,partsupp_deep_sift_10,1.4145060777664185,665.9566040039062
partsupp_deep_sift_10,adaptive_sampling,0.3,0.2,3626284,2394118,2386118.8015679396,1.0033523890037679,382,382,partsupp_deep_sift_10,1.390594720840454,624.3858032226562
partsupp_deep_sift_10,adaptive_sampling,0.3,0.2,1298658,2412290,2219895.2879581153,1.0866683726415094,382,382,partsupp_deep_sift_10,1.3576560020446777,540.8983154296875
partsupp_deep_sift_10,adaptive_sampling,0.3,0.2,2109177,2403129,2449932.841753241,1.0194762086235243,382,382,partsupp_deep_sift_10,1.3571128845214844,605.0231323242188
partsupp_deep_sift_10,adaptive_sampling,0.3,0.2,7938046,2392290,2157835.585647323,1.1086525849847562,382,382,partsupp_deep_sift_10,1.3760823011398315,658.1563110351562
partsupp_deep_sift_10,adaptive_sampling,0.3,0.2,6347870,2399312,2259203.4209588557,1.062016805455119,382,382,partsupp_deep_sift_10,1.3725132942199707,530.0473022460938
partsupp_deep_sift_10,adaptive_sampling,0.3,0.2,3511592,2394755,2259148.5979002765,1.0600254459692293,382,382,partsupp_deep_sift_10,1.3880242109298706,584.1927490234375
partsupp_deep_sift_10,adaptive_sampling,0.3,0.2,6110214,2396953,2589512.348893945,1.0803350540848924,382,382,partsupp_deep_sift_10,1.4413188695907593,600.3450317382812
partsupp_deep_sift_10,adaptive_sampling,0.3,0.3,1458649,2395202,2304874.346432788,1.0391898385727667,385,385,partsupp_deep_sift_10,1.4035472869873047,641.3131103515625
partsupp_deep_sift_10,adaptive_sampling,0.3,0.3,3590985,2385556,2300826.4462809917,1.0368257040229885,385,385,partsupp_deep_sift_10,1.4372638463974,656.7921752929688
partsupp_deep_sift_10,adaptive_sampling,0.3,0.3,2861019,2405687,2201787.822567043,1.0926061881817628,385,385,partsupp_deep_sift_10,1.4123557806015015,662.2860107421875
partsupp_deep_sift_10,adaptive_sampling,0.3,0.3,7811320,2417742,2435540.5633327705,1.0073616470792874,385,385,partsupp_deep_sift_10,1.3913848400115967,600.6814575195312
partsupp_deep_sift_10,adaptive_sampling,0.3,0.3,1427886,2403436,2447792.2077922076,1.018455331364017,385,385,partsupp_deep_sift_10,1.364647626876831,676.0657958984375
partsupp_deep_sift_10,adaptive_sampling,0.3,0.3,4288339,2393970,2364945.184685444,1.012272933640285,385,385,partsupp_deep_sift_10,1.3423337936401367,665.836181640625
partsupp_deep_sift_10,adaptive_sampling,0.3,0.3,3227404,2384698,2322739.079102715,1.0266749379879638,385,385,partsupp_deep_sift_10,1.413098692893982,689.1660766601562
partsupp_deep_sift_10,adaptive_sampling,0.3,0.3,5886013,2391878,2576731.3206274244,1.0772837580459473,385,385,partsupp_deep_sift_10,1.388366460800171,629.3067626953125
partsupp_deep_sift_10,adaptive_sampling,0.3,0.3,2636413,2402140,2650834.879406308,1.1035305516773826,385,385,partsupp_deep_sift_10,1.382886528968811,638.5812377929688
partsupp_deep_sift_10,adaptive_sampling,0.3,0.3,6936640,2394917,2447306.459773992,1.0218752715747528,385,385,partsupp_deep_sift_10,1.4253782033920288,581.8458862304688
partsupp_deep_sift_10,adaptive_sampling,0.3,0.3,5469472,2402620,2397490.301905886,1.0021396116138765,385,385,partsupp_deep_sift_10,1.349165439605713,600.8934936523438
partsupp_deep_sift_10,adaptive_sampling,0.3,0.3,4444886,2406534,2517631.978411199,1.0461651397450438,385,385,partsupp_deep_sift_10,1.374991774559021,599.090087890625
partsupp_deep_sift_10,adaptive_sampling,0.3,0.3,6631898,2395840,2364945.184685444,1.0130636496417,385,385,partsupp_deep_sift_10,1.3808367252349854,560.74755859375
partsupp_deep_sift_10,adaptive_sampling,0.3,0.3,7640583,2406018,2168055.321302074,1.1097585824309188,385,385,partsupp_deep_sift_10,1.443469524383545,631.244140625
partsupp_deep_sift_10,adaptive_sampling,0.3,0.3,7822107,2392083,2514663.518299882,1.0512442579542105,385,385,partsupp_deep_sift_10,1.3832478523254395,588.9844970703125
partsupp_deep_sift_10,adaptive_sampling,0.3,0.3,6733700,2401423,2512720.5262270197,1.0463464896551002,385,385,partsupp_deep_sift_10,1.3609874248504639,685.0531616210938
partsupp_deep_sift_10,adaptive_sampling,0.3,0.3,839131,2402281,2062701.9733513237,1.1646282550924958,385,385,partsupp_deep_sift_10,1.3559919595718384,553.9698486328125
partsupp_deep_sift_10,adaptive_sampling,0.3,0.3,6952719,2398480,2471485.9166807216,1.03043840960972,385,385,partsupp_deep_sift_10,1.4115855693817139,576.322509765625
partsupp_deep_sift_10,adaptive_sampling,0.3,0.3,3862714,2409517,2245882.94822061,1.0728595637226042,385,385,partsupp_deep_sift_10,1.4180450439453125,665.5347900390625
partsupp_deep_sift_10,adaptive_sampling,0.3,0.3,695062,2390625,2378815.9892055993,1.0049642388684064,385,385,partsupp_deep_sift_10,1.397594690322876,630.787841796875
partsupp_deep_sift_10,adaptive_sampling,0.3,0.3,6815544,2391938,2423774.6668915497,1.0133099883406467,385,385,partsupp_deep_sift_10,1.385105848312378,662.0575561523438
partsupp_deep_sift_10,adaptive_sampling,0.3,0.3,6963267,2418591,2506135.9419800974,1.0361966706979797,385,385,partsupp_deep_sift_10,1.428658127784729,602.0711059570312
partsupp_deep_sift_10,adaptive_sampling,0.3,0.3,3402371,2408539,2425717.658964412,1.0071323980904656,385,385,partsupp_deep_sift_10,1.4162307977676392,592.1015014648438
partsupp_deep_sift_10,adaptive_sampling,0.3,0.3,6909999,2371792,2483143.8691178947,1.0469484124737307,385,385,partsupp_deep_sift_10,1.4407751560211182,648.430419921875
partsupp_deep_sift_10,adaptive_sampling,0.3,0.3,6366790,2389605,2324466.1831674813,1.028023129484188,385,385,partsupp_deep_sift_10,1.412670373916626,607.1864013671875
partsupp_deep_sift_10,adaptive_sampling,0.3,0.3,481095,2405827,2408338.6743127,1.0010439962277837,385,385,partsupp_deep_sift_10,1.4058465957641602,616.6787109375
partsupp_deep_sift_10,adaptive_sampling,0.3,0.3,3528014,2389763,2368831.168831168,1.008836354166667,385,385,partsupp_deep_sift_10,1.3633357286453247,608.5654296875
partsupp_deep_sift_10,adaptive_sampling,0.3,0.3,5369867,2392550,2378815.9892055993,1.0057734649744754,385,385,partsupp_deep_sift_10,1.3945095539093018,598.6532592773438
partsupp_deep_sift_10,adaptive_sampling,0.3,0.3,7520880,2410553,2453027.4919885304,1.0176202273870478,385,385,partsupp_deep_sift_10,1.4352713823318481,644.2181396484375
partsupp_deep_sift_10,adaptive_sampling,0.3,0.3,6025740,2411001,2320796.087029853,1.038868090770349,385,385,partsupp_deep_sift_10,1.3733103275299072,578.545654296875
partsupp_deep_sift_10,adaptive_sampling,0.3,0.3,3454116,2398481,2088068.8143025802,1.148659940501577,385,385,partsupp_deep_sift_10,1.3754850625991821,647.937255859375
partsupp_deep_sift_10,adaptive_sampling,0.3,0.3,6288378,2382961,2323818.519143194,1.0254505592280985,385,385,partsupp_deep_sift_10,1.390949010848999,598.2658081054688
partsupp_deep_sift_10,adaptive_sampling,0.3,0.3,1370862,2419599,2471917.692696913,1.0216228774672635,385,385,partsupp_deep_sift_10,1.3811200857162476,590.3129272460938
partsupp_deep_sift_10,adaptive_sampling,0.3,0.3,2964065,2403286,2301474.110305279,1.0442376862893392,385,385,partsupp_deep_sift_10,1.3789807558059692,637.626220703125
partsupp_deep_sift_10,adaptive_sampling,0.3,0.3,7031696,2398390,2265528.756957328,1.0586446950340673,385,385,partsupp_deep_sift_10,1.3839408159255981,601.7313842773438
partsupp_deep_sift_10,adaptive_sampling,0.3,0.3,4389879,2410614,2391175.5776690836,1.0081292325467228,385,385,partsupp_deep_sift_10,1.377062201499939,666.0590209960938
partsupp_deep_sift_10,adaptive_sampling,0.3,0.3,332506,2397704,2279237.6454714113,1.0519763065356385,385,385,partsupp_deep_sift_10,1.3793144226074219,637.6813354492188
partsupp_deep_sift_10,adaptive_sampling,0.3,0.3,7799146,2391478,2576083.656603137,1.0771931235006706,385,385,partsupp_deep_sift_10,1.3816719055175781,615.9953002929688
partsupp_deep_sift_10,adaptive_sampling,0.3,0.3,3041529,2408510,2234440.883791533,1.0779027619263286,385,385,partsupp_deep_sift_10,1.3927563428878784,602.4418334960938
partsupp_deep_sift_10,adaptive_sampling,0.3,0.3,737452,2409064,2300394.6702648,1.0472394285814837,385,385,partsupp_deep_sift_10,1.4099767208099365,565.5407104492188
partsupp_deep_sift_10,adaptive_sampling,0.3,0.3,5167757,2410701,2346162.9279811094,1.027507924214976,385,385,partsupp_deep_sift_10,1.4129005670547485,610.7864990234375
partsupp_deep_sift_10,adaptive_sampling,0.3,0.3,1813464,2407687,2413951.7625231906,1.0026019837807782,385,385,partsupp_deep_sift_10,1.4231576919555664,597.476806640625
partsupp_deep_sift_10,adaptive_sampling,0.3,0.3,6207689,2403576,2436080.28335301,1.013523301677588,385,385,partsupp_deep_sift_10,1.3879865407943726,653.5308837890625
partsupp_deep_sift_10,adaptive_sampling,0.3,0.3,7385883,2395073,2278913.813459268,1.050971294243203,385,385,partsupp_deep_sift_10,1.3473742008209229,592.8945922851562
partsupp_deep_sift_10,adaptive_sampling,0.3,0.3,1110231,2403283,2311782.762691853,1.0395799461717603,385,385,partsupp_deep_sift_10,1.4026615619659424,655.7239990234375
partsupp_deep_sift_10,adaptive_sampling,0.3,0.3,4260736,2401331,2541001.855287569,1.0581639329553356,385,385,partsupp_deep_sift_10,1.3963934183120728,649.8079833984375
partsupp_deep_sift_10,adaptive_sampling,0.3,0.3,7241835,2383195,2380111.317254174,1.0012956044213022,385,385,partsupp_deep_sift_10,1.3979389667510986,597.4378051757812
partsupp_deep_sift_10,adaptive_sampling,0.3,0.3,5886526,2419521,2448439.871816495,1.0119523127993082,385,385,partsupp_deep_sift_10,1.3726036548614502,635.2453002929688
partsupp_deep_sift_10,adaptive_sampling,0.3,0.3,7903428,2409958,2547262.6075223475,1.0569738590972737,385,385,partsupp_deep_sift_10,1.355056881904602,593.8236694335938
partsupp_deep_sift_10,adaptive_sampling,0.3,0.3,2010126,2409012,2425717.658964412,1.0069346516183446,385,385,partsupp_deep_sift_10,1.4148132801055908,578.3564453125
partsupp_deep_sift_10,adaptive_sampling,0.3,0.3,64433,2389858,2331734.327458129,1.0249272277109,382,382,partsupp_deep_sift_10,1.412253975868225,597.748046875
partsupp_deep_sift_10,adaptive_sampling,0.3,0.3,6427842,2405061,2516378.388750308,1.0462846425726033,382,382,partsupp_deep_sift_10,1.3299076557159424,619.2982788085938
partsupp_deep_sift_10,adaptive_sampling,0.3,0.3,1934109,2408099,2417477.591074806,1.0038946036167142,382,382,partsupp_deep_sift_10,1.3931721448898315,583.222412109375
partsupp_deep_sift_10,adaptive_sampling,0.3,0.3,2037726,2396163,2170993.1197061487,1.1037174545833333,382,382,partsupp_deep_sift_10,1.4033716917037964,649.19482421875
partsupp_deep_sift_10,adaptive_sampling,0.3,0.3,944719,2392228,2201584.386392917,1.0865938252403007,382,382,partsupp_deep_sift_10,1.335619330406189,628.6348266601562
partsupp_deep_sift_10,adaptive_sampling,0.3,0.3,5909334,2393353,2414188.2075600997,1.0087054469441405,382,382,partsupp_deep_sift_10,1.4337644577026367,604.5247802734375
partsupp_deep_sift_10,adaptive_sampling,0.3,0.3,7834709,2405916,2473287.4647076554,1.0280024176686366,382,382,partsupp_deep_sift_10,1.4154365062713623,664.225830078125
partsupp_deep_sift_10,adaptive_sampling,0.3,0.3,7376316,2395892,2041226.9400509854,1.173750920581205,382,382,partsupp_deep_sift_10,1.3896962404251099,587.051513671875
partsupp_deep_sift_10,adaptive_sampling,0.3,0.3,5165847,2400571,2270332.5018502786,1.0573653850453972,382,382,partsupp_deep_sift_10,1.4079920053482056,617.2481689453125
partsupp_deep_sift_10,adaptive_sampling,0.3,0.3,1376518,2400608,2020942.408376963,1.187865616580311,382,382,partsupp_deep_sift_10,1.360648512840271,644.5866088867188
partsupp_deep_sift_10,adaptive_sampling,0.3,0.3,378067,2399072,2593459.6091115926,1.0810261672478327,382,382,partsupp_deep_sift_10,1.398781657218933,593.1264038085938
partsupp_deep_sift_10,adaptive_sampling,0.3,0.3,2548244,2378303,2312107.6724870484,1.0286298636956417,382,382,partsupp_deep_sift_10,1.430181860923767,655.1671752929688
partsupp_deep_sift_10,adaptive_sampling,0.3,0.3,6059356,2419065,2677558.180970917,1.106856649561263,382,382,partsupp_deep_sift_10,1.3562352657318115,602.2102661132812
partsupp_deep_sift_10,adaptive_sampling,0.3,0.3,2093515,2397611,2428442.2027904936,1.0128591346930313,382,382,partsupp_deep_sift_10,1.3706729412078857,608.7673950195312
partsupp_deep_sift_10,adaptive_sampling,0.3,0.3,7666555,2398328,2714070.3379841563,1.1316510243737121,382,382,partsupp_deep_sift_10,1.414184808731079,595.0599365234375
partsupp_deep_sift_10,adaptive_sampling,0.3,0.3,4888112,2401070,2210465.7218826236,1.0862281085069445,382,382,partsupp_deep_sift_10,1.387477159500122,589.6567993164062
partsupp_deep_sift_10,adaptive_sampling,0.3,0.3,3745676,2398484,2386831.5013294592,1.004881994671199,382,382,partsupp_deep_sift_10,1.3750402927398682,583.4043579101562
partsupp_deep_sift_10,adaptive_sampling,0.3,0.3,1117872,2403826,2337106.987198816,1.0285476930096176,382,382,partsupp_deep_sift_10,1.3971644639968872,600.7218627929688
partsupp_deep_sift_10,adaptive_sampling,0.3,0.3,1782015,2399199,2555138.291165264,1.0649963971997587,382,382,partsupp_deep_sift_10,1.4331144094467163,599.0137939453125
partsupp_deep_sift_10,adaptive_sampling,0.3,0.3,5399003,2419110,2735451.330829747,1.1307676504291855,382,382,partsupp_deep_sift_10,1.3635681867599487,602.7922973632812
partsupp_deep_sift_10,adaptive_sampling,0.3,0.3,7813502,2406892,2837312.5736684855,1.1788283702253717,382,382,partsupp_deep_sift_10,1.3586989641189575,598.5552978515625
partsupp_deep_sift_10,adaptive_sampling,0.3,0.3,7712554,2405562,2360461.6101532304,1.0191065974777034,382,382,partsupp_deep_sift_10,1.3805737495422363,613.6766357421875
partsupp_deep_sift_10,adaptive_sampling,0.3,0.3,1407909,2406204,2337435.925550286,1.029420303546299,382,382,partsupp_deep_sift_10,1.3690755367279053,583.1111450195312
partsupp_deep_sift_10,adaptive_sampling,0.3,0.3,25058,2394721,2405526.1643047063,1.0045120764818558,382,382,partsupp_deep_sift_10,1.3971093893051147,577.104736328125
partsupp_deep_sift_10,adaptive_sampling,0.3,0.3,5261130,2385031,2428113.2644390226,1.0180636077430536,382,382,partsupp_deep_sift_10,1.3811122179031372,637.5606689453125
partsupp_deep_sift_10,adaptive_sampling,0.3,0.3,6080832,2418130,2368356.130588526,1.0210162098379627,382,382,partsupp_deep_sift_10,1.404215693473816,588.0530395507812
partsupp_deep_sift_10,adaptive_sampling,0.3,0.3,2248413,2407133,2555138.291165264,1.0614861294183844,382,382,partsupp_deep_sift_10,1.3628945350646973,603.505615234375
partsupp_deep_sift_10,adaptive_sampling,0.3,0.3,3861353,2406570,2568021.709931197,1.0670878926984035,382,382,partsupp_deep_sift_10,1.4299936294555664,597.4467163085938
partsupp_deep_sift_10,adaptive_sampling,0.3,0.3,4878920,2417737,2557331.2135084015,1.0577375510687894,382,382,partsupp_deep_sift_10,1.4007762670516968,580.810302734375
partsupp_deep_sift_10,adaptive_sampling,0.3,0.3,3401984,2391647,2370494.229873085,1.0089233586230022,382,382,partsupp_deep_sift_10,1.4216514825820923,641.2960205078125
partsupp_deep_sift_10,adaptive_sampling,0.3,0.3,1227788,2406540,2213535.8131630165,1.0871927102734298,382,382,partsupp_deep_sift_10,1.3598942756652832,601.5598754882812
partsupp_deep_sift_10,adaptive_sampling,0.3,0.3,6908906,2388530,2073627.367670842,1.151860762082276,382,382,partsupp_deep_sift_10,1.3864632844924927,618.3062133789062
partsupp_deep_sift_10,adaptive_sampling,0.3,0.3,6867890,2402795,2370987.637400291,1.0134152376410468,382,382,partsupp_deep_sift_10,1.40958833694458,592.8513793945312
partsupp_deep_sift_10,adaptive_sampling,0.3,0.3,1544377,2397047,2200816.8635728187,1.089162410410024,382,382,partsupp_deep_sift_10,1.4043656587600708,594.5242919921875
partsupp_deep_sift_10,adaptive_sampling,0.3,0.3,6309693,2420649,2428551.8489076504,1.0032647644940058,382,382,partsupp_deep_sift_10,1.4040950536727905,599.4891967773438
partsupp_deep_sift_10,adaptive_sampling,0.3,0.3,2552747,2393318,2359803.7334502894,1.0142021415063656,382,382,partsupp_deep_sift_10,1.424573302268982,634.7078247070312
partsupp_deep_sift_10,adaptive_sampling,0.3,0.3,481105,2391538,2371864.8063375456,1.0082943992464866,382,382,partsupp_deep_sift_10,1.395743489265442,609.579833984375
partsupp_deep_sift_10,adaptive_sampling,0.3,0.3,7176724,2387884,2510457.4984238376,1.0513314291748834,382,382,partsupp_deep_sift_10,1.3939491510391235,589.5367431640625
partsupp_deep_sift_10,adaptive_sampling,0.3,0.3,5591179,2411049,2268029.9333899836,1.0630587209209572,382,382,partsupp_deep_sift_10,1.4056192636489868,578.4931640625
partsupp_deep_sift_10,adaptive_sampling,0.3,0.3,5278949,2381879,2473945.341410598,1.0386528204877736,382,382,partsupp_deep_sift_10,1.3400707244873047,588.30517578125
partsupp_deep_sift_10,adaptive_sampling,0.3,0.3,6922681,2411482,2533702.475261095,1.0506827234294491,382,382,partsupp_deep_sift_10,1.3729127645492554,597.4197387695312
partsupp_deep_sift_10,adaptive_sampling,0.3,0.3,3447240,2399067,2607384.665990515,1.0868327837407272,382,382,partsupp_deep_sift_10,1.3603416681289673,572.0692749023438
partsupp_deep_sift_10,adaptive_sampling,0.3,0.3,4147711,2383471,2475261.0948164794,1.038511102008994,382,382,partsupp_deep_sift_10,1.4145060777664185,665.9566040039062
partsupp_deep_sift_10,adaptive_sampling,0.3,0.3,3626284,2394118,2303445.6292316546,1.039363799005141,382,382,partsupp_deep_sift_10,1.390594720840454,624.3858032226562
partsupp_deep_sift_10,adaptive_sampling,0.3,0.3,1298658,2412290,2392752.391655931,1.0081653281017298,382,382,partsupp_deep_sift_10,1.3576560020446777,540.8983154296875
partsupp_deep_sift_10,adaptive_sampling,0.3,0.3,2109177,2403129,2647953.7293385593,1.1018774811250496,382,382,partsupp_deep_sift_10,1.3571128845214844,605.0231323242188
partsupp_deep_sift_10,adaptive_sampling,0.3,0.3,7938046,2392290,2266385.241632631,1.055553114296081,382,382,partsupp_deep_sift_10,1.3760823011398315,658.1563110351562
partsupp_deep_sift_10,adaptive_sampling,0.3,0.3,6347870,2399312,2617362.462651791,1.090880411822969,382,382,partsupp_deep_sift_10,1.3725132942199707,530.0473022460938
partsupp_deep_sift_10,adaptive_sampling,0.3,0.3,3511592,2394755,1968586.387434555,1.2164845877659574,382,382,partsupp_deep_sift_10,1.3880242109298706,584.1927490234375
partsupp_deep_sift_10,adaptive_sampling,0.3,0.3,6110214,2396953,2360351.964036073,1.0155066009313887,382,382,partsupp_deep_sift_10,1.4413188695907593,600.3450317382812
partsupp_deep_sift_10,adaptive_sampling,0.3,0.4,1458649,2395202,2707235.6215213356,1.1302744493037897,385,385,partsupp_deep_sift_10,1.4035472869873047,641.3131103515625
partsupp_deep_sift_10,adaptive_sampling,0.3,0.4,3590985,2385556,2374768.089053803,1.004542721875,385,385,partsupp_deep_sift_10,1.4372638463974,656.7921752929688
partsupp_deep_sift_10,adaptive_sampling,0.3,0.4,2861019,2405687,2266824.085005903,1.0612587963541666,385,385,partsupp_deep_sift_10,1.4123557806015015,662.2860107421875
partsupp_deep_sift_10,adaptive_sampling,0.3,0.4,7811320,2417742,2469057.1765896436,1.0212244220390942,385,385,partsupp_deep_sift_10,1.3913848400115967,600.6814575195312
partsupp_deep_sift_10,adaptive_sampling,0.3,0.4,1427886,2403436,2176151.121605667,1.104443517795139,385,385,partsupp_deep_sift_10,1.364647626876831,676.0657958984375
partsupp_deep_sift_10,adaptive_sampling,0.3,0.4,4288339,2393970,2312160.566706021,1.0353822457107844,385,385,partsupp_deep_sift_10,1.3423337936401367,665.836181640625
partsupp_deep_sift_10,adaptive_sampling,0.3,0.4,3227404,2384698,2707883.285545623,1.1355246180210756,385,385,partsupp_deep_sift_10,1.413098692893982,689.1660766601562
partsupp_deep_sift_10,adaptive_sampling,0.3,0.4,5886013,2391878,2490484.061393152,1.0412253724450629,385,385,partsupp_deep_sift_10,1.388366460800171,629.3067626953125
partsupp_deep_sift_10,adaptive_sampling,0.3,0.4,2636413,2402140,2339146.567717996,1.0269300920050763,385,385,partsupp_deep_sift_10,1.382886528968811,638.5812377929688
partsupp_deep_sift_10,adaptive_sampling,0.3,0.4,6936640,2394917,2147006.2405127333,1.1154681131378836,385,385,partsupp_deep_sift_10,1.4253782033920288,581.8458862304688
partsupp_deep_sift_10,adaptive_sampling,0.3,0.4,5469472,2402620,2334181.143531793,1.0293202850420828,385,385,partsupp_deep_sift_10,1.349165439605713,600.8934936523438
partsupp_deep_sift_10,adaptive_sampling,0.3,0.4,4444886,2406534,2755810.423342891,1.1451367083709978,385,385,partsupp_deep_sift_10,1.374991774559021,599.090087890625
partsupp_deep_sift_10,adaptive_sampling,0.3,0.4,6631898,2395840,2369155.0008433126,1.011263509203572,385,385,partsupp_deep_sift_10,1.3808367252349854,560.74755859375
partsupp_deep_sift_10,adaptive_sampling,0.3,0.4,7640583,2406018,2514663.518299882,1.045155737945386,385,385,partsupp_deep_sift_10,1.443469524383545,631.244140625
partsupp_deep_sift_10,adaptive_sampling,0.3,0.4,7822107,2392083,2562050.93607691,1.071054363948454,385,385,partsupp_deep_sift_10,1.3832478523254395,588.9844970703125
partsupp_deep_sift_10,adaptive_sampling,0.3,0.4,6733700,2401423,2266230.392983639,1.0596552792844558,385,385,partsupp_deep_sift_10,1.3609874248504639,685.0531616210938
partsupp_deep_sift_10,adaptive_sampling,0.3,0.4,839131,2402281,2447306.459773992,1.0187427947746297,385,385,partsupp_deep_sift_10,1.3559919595718384,553.9698486328125
partsupp_deep_sift_10,adaptive_sampling,0.3,0.4,6952719,2398480,2612190.9259571596,1.089102650827674,385,385,partsupp_deep_sift_10,1.4115855693817139,576.322509765625
partsupp_deep_sift_10,adaptive_sampling,0.3,0.4,3862714,2409517,2562050.93607691,1.0633047768813872,385,385,partsupp_deep_sift_10,1.4180450439453125,665.5347900390625
partsupp_deep_sift_10,adaptive_sampling,0.3,0.4,695062,2390625,2301474.110305279,1.0387364295325032,385,385,partsupp_deep_sift_10,1.397594690322876,630.787841796875
partsupp_deep_sift_10,adaptive_sampling,0.3,0.4,6815544,2391938,2274757.969303424,1.051513186140176,385,385,partsupp_deep_sift_10,1.385105848312378,662.0575561523438
partsupp_deep_sift_10,adaptive_sampling,0.3,0.4,6963267,2418591,2744152.4709057175,1.1346079063825663,385,385,partsupp_deep_sift_10,1.428658127784729,602.0711059570312
partsupp_deep_sift_10,adaptive_sampling,0.3,0.4,3402371,2408539,2635182.9988193624,1.09410019884227,385,385,partsupp_deep_sift_10,1.4162307977676392,592.1015014648438
partsupp_deep_sift_10,adaptive_sampling,0.3,0.4,6909999,2371792,2391499.4096812275,1.0083090800884849,385,385,partsupp_deep_sift_10,1.4407751560211182,648.430419921875
partsupp_deep_sift_10,adaptive_sampling,0.3,0.4,6366790,2389605,2425663.686962388,1.015089810643344,385,385,partsupp_deep_sift_10,1.412670373916626,607.1864013671875
partsupp_deep_sift_10,adaptive_sampling,0.3,0.4,481095,2405827,2564965.424186203,1.0661470771531798,385,385,partsupp_deep_sift_10,1.4058465957641602,616.6787109375
partsupp_deep_sift_10,adaptive_sampling,0.3,0.4,3528014,2389763,2256785.292629448,1.058923508498948,385,385,partsupp_deep_sift_10,1.3633357286453247,608.5654296875
partsupp_deep_sift_10,adaptive_sampling,0.3,0.4,5369867,2392550,2346162.9279811094,1.0197714623590983,385,385,partsupp_deep_sift_10,1.3945095539093018,598.6532592773438
partsupp_deep_sift_10,adaptive_sampling,0.3,0.4,7520880,2410553,2409418.114353179,1.0004710206335963,385,385,partsupp_deep_sift_10,1.4352713823318481,644.2181396484375
partsupp_deep_sift_10,adaptive_sampling,0.3,0.4,6025740,2411001,2435540.5633327705,1.0101781638965601,385,385,partsupp_deep_sift_10,1.3733103275299072,578.545654296875
partsupp_deep_sift_10,adaptive_sampling,0.3,0.4,3454116,2398481,2118185.1914319447,1.1323282825797534,385,385,partsupp_deep_sift_10,1.3754850625991821,647.937255859375
partsupp_deep_sift_10,adaptive_sampling,0.3,0.4,6288378,2382961,2038738.40445269,1.1688409826368669,385,385,partsupp_deep_sift_10,1.390949010848999,598.2658081054688
partsupp_deep_sift_10,adaptive_sampling,0.3,0.4,1370862,2419599,2647650.5312868943,1.0942517877081674,385,385,partsupp_deep_sift_10,1.3811200857162476,590.3129272460938
partsupp_deep_sift_10,adaptive_sampling,0.3,0.4,2964065,2403286,2462742.452352842,1.0247396491107765,385,385,partsupp_deep_sift_10,1.3789807558059692,637.626220703125
partsupp_deep_sift_10,adaptive_sampling,0.3,0.4,7031696,2398390,2434892.899308483,1.0152197512950283,385,385,partsupp_deep_sift_10,1.3839408159255981,601.7313842773438
partsupp_deep_sift_10,adaptive_sampling,0.3,0.4,4389879,2410614,2525889.6947208634,1.0478200552725834,385,385,partsupp_deep_sift_10,1.377062201499939,666.0590209960938
partsupp_deep_sift_10,adaptive_sampling,0.3,0.4,332506,2397704,2267957.4970484055,1.057208524904215,385,385,partsupp_deep_sift_10,1.3793144226074219,637.6813354492188
partsupp_deep_sift_10,adaptive_sampling,0.3,0.4,7799146,2391478,2466736.3805026137,1.0314694011413084,385,385,partsupp_deep_sift_10,1.3816719055175781,615.9953002929688
partsupp_deep_sift_10,adaptive_sampling,0.3,0.4,3041529,2408510,2457129.3641423504,1.0201864904618831,385,385,partsupp_deep_sift_10,1.3927563428878784,602.4418334960938
partsupp_deep_sift_10,adaptive_sampling,0.3,0.4,737452,2409064,2432302.2432113336,1.0096461709657085,385,385,partsupp_deep_sift_10,1.4099767208099365,565.5407104492188
partsupp_deep_sift_10,adaptive_sampling,0.3,0.4,5167757,2410701,2137345.2521504466,1.127894989157471,385,385,partsupp_deep_sift_10,1.4129005670547485,610.7864990234375
partsupp_deep_sift_10,adaptive_sampling,0.3,0.4,1813464,2407687,2607873.1657952433,1.083144597198574,385,385,partsupp_deep_sift_10,1.4231576919555664,597.476806640625
partsupp_deep_sift_10,adaptive_sampling,0.3,0.4,6207689,2403576,2400242.8740091072,1.0013886619670807,385,385,partsupp_deep_sift_10,1.3879865407943726,653.5308837890625
partsupp_deep_sift_10,adaptive_sampling,0.3,0.4,7385883,2395073,2459504.1322314045,1.0269015316992027,385,385,partsupp_deep_sift_10,1.3473742008209229,592.8945922851562
partsupp_deep_sift_10,adaptive_sampling,0.3,0.4,1110231,2403283,2435540.5633327705,1.013422290813346,385,385,partsupp_deep_sift_10,1.4026615619659424,655.7239990234375
partsupp_deep_sift_10,adaptive_sampling,0.3,0.4,4260736,2401331,2289492.325855962,1.0488486783209572,385,385,partsupp_deep_sift_10,1.3963934183120728,649.8079833984375
partsupp_deep_sift_10,adaptive_sampling,0.3,0.4,7241835,2383195,2202219.5985832345,1.082178635379139,385,385,partsupp_deep_sift_10,1.3979389667510986,597.4378051757812
partsupp_deep_sift_10,adaptive_sampling,0.3,0.4,5886526,2419521,2694390.2850396354,1.1136048354362849,385,385,partsupp_deep_sift_10,1.3726036548614502,635.2453002929688
partsupp_deep_sift_10,adaptive_sampling,0.3,0.4,7903428,2409958,2323494.6871310505,1.0372126148373986,385,385,partsupp_deep_sift_10,1.355056881904602,593.8236694335938
partsupp_deep_sift_10,adaptive_sampling,0.3,0.4,2010126,2409012,2319932.5349974697,1.0383974377093803,385,385,partsupp_deep_sift_10,1.4148132801055908,578.3564453125
partsupp_deep_sift_10,adaptive_sampling,0.3,0.4,64433,2389858,2505633.069268934,1.0484443298593196,382,382,partsupp_deep_sift_10,1.412253975868225,597.748046875
partsupp_deep_sift_10,adaptive_sampling,0.3,0.4,6427842,2405061,2181299.8547188947,1.102581561538655,382,382,partsupp_deep_sift_10,1.3299076557159424,619.2982788085938
partsupp_deep_sift_10,adaptive_sampling,0.3,0.4,1934109,2408099,2453222.225267948,1.018738110546098,382,382,partsupp_deep_sift_10,1.3931721448898315,583.222412109375
partsupp_deep_sift_10,adaptive_sampling,0.3,0.4,2037726,2396163,2580685.836462816,1.0770076311431303,382,382,partsupp_deep_sift_10,1.4033716917037964,649.19482421875
partsupp_deep_sift_10,adaptive_sampling,0.3,0.4,944719,2392228,2416326.3068446587,1.0100735828042555,382,382,partsupp_deep_sift_10,1.335619330406189,628.6348266601562
partsupp_deep_sift_10,adaptive_sampling,0.3,0.4,5909334,2393353,2520764.2334365835,1.053235453957934,382,382,partsupp_deep_sift_10,1.4337644577026367,604.5247802734375
partsupp_deep_sift_10,adaptive_sampling,0.3,0.4,7834709,2405916,2301252.706888518,1.0454810081475125,382,382,partsupp_deep_sift_10,1.4154365062713623,664.225830078125
partsupp_deep_sift_10,adaptive_sampling,0.3,0.4,7376316,2395892,2170993.1197061487,1.1035926269191918,382,382,partsupp_deep_sift_10,1.3896962404251099,587.051513671875
partsupp_deep_sift_10,adaptive_sampling,0.3,0.4,5165847,2400571,2649927.3594473833,1.103873769802011,382,382,partsupp_deep_sift_10,1.4079920053482056,617.2481689453125
partsupp_deep_sift_10,adaptive_sampling,0.3,0.4,1376518,2400608,2545982.840382665,1.0605575089238497,382,382,partsupp_deep_sift_10,1.360648512840271,644.5866088867188
partsupp_deep_sift_10,adaptive_sampling,0.3,0.4,378067,2399072,2047750.88402182,1.171564382523024,382,382,partsupp_deep_sift_10,1.398781657218933,593.1264038085938
partsupp_deep_sift_10,adaptive_sampling,0.3,0.4,2548244,2378303,2507990.460787808,1.0545294105872163,382,382,partsupp_deep_sift_10,1.430181860923767,655.1671752929688
partsupp_deep_sift_10,adaptive_sampling,0.3,0.4,6059356,2419065,2615059.8941914975,1.0810209292398085,382,382,partsupp_deep_sift_10,1.3562352657318115,602.2102661132812
partsupp_deep_sift_10,adaptive_sampling,0.3,0.4,2093515,2397611,2280145.829335819,1.051516516686302,382,382,partsupp_deep_sift_10,1.3706729412078857,608.7673950195312
partsupp_deep_sift_10,adaptive_sampling,0.3,0.4,7666555,2398328,2357391.518872838,1.0173651600930231,382,382,partsupp_deep_sift_10,1.414184808731079,595.0599365234375
partsupp_deep_sift_10,adaptive_sampling,0.3,0.4,4888112,2401070,2292042.43304734,1.047567865839074,382,382,partsupp_deep_sift_10,1.387477159500122,589.6567993164062
partsupp_deep_sift_10,adaptive_sampling,0.3,0.4,3745676,2398484,2721855.212302294,1.1348231684273458,382,382,partsupp_deep_sift_10,1.3750402927398682,583.4043579101562
partsupp_deep_sift_10,adaptive_sampling,0.3,0.4,1117872,2403826,2306625.366629204,1.0421397574036224,382,382,partsupp_deep_sift_10,1.3971644639968872,600.7218627929688
partsupp_deep_sift_10,adaptive_sampling,0.3,0.4,1782015,2399199,2371371.3988103396,1.0117348135360074,382,382,partsupp_deep_sift_10,1.4331144094467163,599.0137939453125
partsupp_deep_sift_10,adaptive_sampling,0.3,0.4,5399003,2419110,2617252.8165346347,1.081907319855085,382,382,partsupp_deep_sift_10,1.3635681867599487,602.7922973632812
partsupp_deep_sift_10,adaptive_sampling,0.3,0.4,7813502,2406892,2368356.130588526,1.016271146435185,382,382,partsupp_deep_sift_10,1.3586989641189575,598.5552978515625
partsupp_deep_sift_10,adaptive_sampling,0.3,0.4,7712554,2405562,2301252.706888518,1.0453271788879357,382,382,partsupp_deep_sift_10,1.3805737495422363,613.6766357421875
partsupp_deep_sift_10,adaptive_sampling,0.3,0.4,1407909,2406204,2617033.524300321,1.0876191396491408,382,382,partsupp_deep_sift_10,1.3690755367279053,583.1111450195312
partsupp_deep_sift_10,adaptive_sampling,0.3,0.4,25058,2394721,2409802.362873825,1.006297753631352,382,382,partsupp_deep_sift_10,1.3971093893051147,577.104736328125
partsupp_deep_sift_10,adaptive_sampling,0.3,0.4,5261130,2385031,2125654.45026178,1.122021972906404,382,382,partsupp_deep_sift_10,1.3811122179031372,637.5606689453125
partsupp_deep_sift_10,adaptive_sampling,0.3,0.4,6080832,2418130,2594665.716400318,1.0730050561385525,382,382,partsupp_deep_sift_10,1.404215693473816,588.0530395507812
partsupp_deep_sift_10,adaptive_sampling,0.3,0.4,2248413,2407133,2452016.117979222,1.0186458820427546,382,382,partsupp_deep_sift_10,1.3628945350646973,603.505615234375
partsupp_deep_sift_10,adaptive_sampling,0.3,0.4,3861353,2406570,2569008.5249856096,1.0674979431247,382,382,partsupp_deep_sift_10,1.4299936294555664,597.4467163085938
partsupp_deep_sift_10,adaptive_sampling,0.3,0.4,4878920,2417737,2510457.4984238376,1.0383501176612004,382,382,partsupp_deep_sift_10,1.4007762670516968,580.810302734375
partsupp_deep_sift_10,adaptive_sampling,0.3,0.4,3401984,2391647,2478111.8938625585,1.036152866147286,382,382,partsupp_deep_sift_10,1.4216514825820923,641.2960205078125
partsupp_deep_sift_10,adaptive_sampling,0.3,0.4,1227788,2406540,2554315.9452865873,1.0614059792426418,382,382,partsupp_deep_sift_10,1.3598942756652832,601.5598754882812
partsupp_deep_sift_10,adaptive_sampling,0.3,0.4,6908906,2388530,2440832.2140292204,1.0218972397370853,382,382,partsupp_deep_sift_10,1.3864632844924927,618.3062133789062
partsupp_deep_sift_10,adaptive_sampling,0.3,0.4,6867890,2402795,2303719.7445245474,1.0430066442374049,382,382,partsupp_deep_sift_10,1.40958833694458,592.8513793945312
partsupp_deep_sift_10,adaptive_sampling,0.3,0.4,1544377,2397047,2713741.399632686,1.1321185607260458,382,382,partsupp_deep_sift_10,1.4043656587600708,594.5242919921875
partsupp_deep_sift_10,adaptive_sampling,0.3,0.4,6309693,2420649,2382171.541350292,1.0161522619096934,382,382,partsupp_deep_sift_10,1.4040950536727905,599.4891967773438
partsupp_deep_sift_10,adaptive_sampling,0.3,0.4,2552747,2393318,2339848.140127738,1.0228518504920336,382,382,partsupp_deep_sift_10,1.424573302268982,634.7078247070312
partsupp_deep_sift_10,adaptive_sampling,0.3,0.4,481105,2391538,1937611.3593377373,1.2342712528364883,382,382,partsupp_deep_sift_10,1.395743489265442,609.579833984375
partsupp_deep_sift_10,adaptive_sampling,0.3,0.4,7176724,2387884,2428551.8489076504,1.0170309147796335,382,382,partsupp_deep_sift_10,1.3939491510391235,589.5367431640625
partsupp_deep_sift_10,adaptive_sampling,0.3,0.4,5591179,2411049,2326416.49077602,1.0363789156238954,382,382,partsupp_deep_sift_10,1.4056192636489868,578.4931640625
partsupp_deep_sift_10,adaptive_sampling,0.3,0.4,5278949,2381879,2459526.8770044683,1.0325994212990954,382,382,partsupp_deep_sift_10,1.3400707244873047,588.30517578125
partsupp_deep_sift_10,adaptive_sampling,0.3,0.4,6922681,2411482,2411063.293221129,1.0001736606334841,382,382,partsupp_deep_sift_10,1.3729127645492554,597.4197387695312
partsupp_deep_sift_10,adaptive_sampling,0.3,0.4,3447240,2399067,2371809.9832789674,1.0114920743707092,382,382,partsupp_deep_sift_10,1.3603416681289673,572.0692749023438
partsupp_deep_sift_10,adaptive_sampling,0.3,0.4,4147711,2383471,2369178.476467202,1.0060326917852598,382,382,partsupp_deep_sift_10,1.4145060777664185,665.9566040039062
partsupp_deep_sift_10,adaptive_sampling,0.3,0.4,3626284,2394118,2423179.1891669636,1.0121385784522583,382,382,partsupp_deep_sift_10,1.390594720840454,624.3858032226562
partsupp_deep_sift_10,adaptive_sampling,0.3,0.4,1298658,2412290,2371809.9832789674,1.0170671415528278,382,382,partsupp_deep_sift_10,1.3576560020446777,540.8983154296875
partsupp_deep_sift_10,adaptive_sampling,0.3,0.4,2109177,2403129,2405526.1643047063,1.0009975179462718,382,382,partsupp_deep_sift_10,1.3571128845214844,605.0231323242188
partsupp_deep_sift_10,adaptive_sampling,0.3,0.4,7938046,2392290,2048737.699076231,1.1676897443136207,382,382,partsupp_deep_sift_10,1.3760823011398315,658.1563110351562
partsupp_deep_sift_10,adaptive_sampling,0.3,0.4,6347870,2399312,2224829.363230174,1.0784251770735798,382,382,partsupp_deep_sift_10,1.3725132942199707,530.0473022460938
partsupp_deep_sift_10,adaptive_sampling,0.3,0.4,3511592,2394755,2416326.3068446587,1.009007730162233,382,382,partsupp_deep_sift_10,1.3880242109298706,584.1927490234375
partsupp_deep_sift_10,adaptive_sampling,0.3,0.4,6110214,2396953,2380197.9112414685,1.0070393678943246,382,382,partsupp_deep_sift_10,1.4413188695907593,600.3450317382812
partsupp_deep_sift_10,adaptive_sampling,0.3,0.5,1458649,2395202,2564101.87215382,1.0705159198071061,385,385,partsupp_deep_sift_10,1.4035472869873047,641.3131103515625
partsupp_deep_sift_10,adaptive_sampling,0.3,0.5,3590985,2385556,2588497.2170686456,1.0850708250272245,385,385,partsupp_deep_sift_10,1.4372638463974,656.7921752929688
partsupp_deep_sift_10,adaptive_sampling,0.3,0.5,2861019,2405687,2333695.395513577,1.0308487579933627,385,385,partsupp_deep_sift_10,1.4123557806015015,662.2860107421875
partsupp_deep_sift_10,adaptive_sampling,0.3,0.5,7811320,2417742,2273300.725248777,1.0635381290064103,385,385,partsupp_deep_sift_10,1.3913848400115967,600.6814575195312
partsupp_deep_sift_10,adaptive_sampling,0.3,0.5,1427886,2403436,2401538.202057682,1.0007902426622621,385,385,partsupp_deep_sift_10,1.364647626876831,676.0657958984375
partsupp_deep_sift_10,adaptive_sampling,0.3,0.5,4288339,2393970,2312160.566706021,1.0353822457107844,385,385,partsupp_deep_sift_10,1.3423337936401367,665.836181640625
partsupp_deep_sift_10,adaptive_sampling,0.3,0.5,3227404,2384698,2126496.8797436324,1.1214208789657363,385,385,partsupp_deep_sift_10,1.413098692893982,689.1660766601562
partsupp_deep_sift_10,adaptive_sampling,0.3,0.5,5886013,2391878,2386641.929499072,1.0021939070273633,385,385,partsupp_deep_sift_10,1.388366460800171,629.3067626953125
partsupp_deep_sift_10,adaptive_sampling,0.3,0.5,2636413,2402140,2517901.8384213187,1.04819112891893,385,385,partsupp_deep_sift_10,1.382886528968811,638.5812377929688
partsupp_deep_sift_10,adaptive_sampling,0.3,0.5,6936640,2394917,2062162.2533310843,1.1613620587475137,385,385,partsupp_deep_sift_10,1.4253782033920288,581.8458862304688
partsupp_deep_sift_10,adaptive_sampling,0.3,0.5,5469472,2402620,2516768.426378816,1.0475099792638103,385,385,partsupp_deep_sift_10,1.349165439605713,600.8934936523438
partsupp_deep_sift_10,adaptive_sampling,0.3,0.5,4444886,2406534,2436080.28335301,1.0122775258330072,385,385,partsupp_deep_sift_10,1.374991774559021,599.090087890625
partsupp_deep_sift_10,adaptive_sampling,0.3,0.5,6631898,2395840,2726935.402260077,1.1381959572676295,385,385,partsupp_deep_sift_10,1.3808367252349854,560.74755859375
partsupp_deep_sift_10,adaptive_sampling,0.3,0.5,7640583,2406018,2191371.22617642,1.0979508954300286,385,385,partsupp_deep_sift_10,1.443469524383545,631.244140625
partsupp_deep_sift_10,adaptive_sampling,0.3,0.5,7822107,2392083,2168055.321302074,1.1033311634148621,385,385,partsupp_deep_sift_10,1.3832478523254395,588.9844970703125
partsupp_deep_sift_10,adaptive_sampling,0.3,0.5,6733700,2401423,2299854.9502445604,1.0441628067651132,385,385,partsupp_deep_sift_10,1.3609874248504639,685.0531616210938
partsupp_deep_sift_10,adaptive_sampling,0.3,0.5,839131,2402281,2343248.4398718164,1.0251926168492032,385,385,partsupp_deep_sift_10,1.3559919595718384,553.9698486328125
partsupp_deep_sift_10,adaptive_sampling,0.3,0.5,6952719,2398480,2541865.4073199523,1.0597817815116042,385,385,partsupp_deep_sift_10,1.4115855693817139,576.322509765625
partsupp_deep_sift_10,adaptive_sampling,0.3,0.5,3862714,2409517,2541487.603305785,1.0547705632729651,385,385,partsupp_deep_sift_10,1.4180450439453125,665.5347900390625
partsupp_deep_sift_10,adaptive_sampling,0.3,0.5,695062,2390625,2368723.2248271205,1.0092462365139676,385,385,partsupp_deep_sift_10,1.397594690322876,630.787841796875
partsupp_deep_sift_10,adaptive_sampling,0.3,0.5,6815544,2391938,2354096.8122786297,1.0160746098138345,385,385,partsupp_deep_sift_10,1.385105848312378,662.0575561523438
partsupp_deep_sift_10,adaptive_sampling,0.3,0.5,6963267,2418591,2671829.9881936247,1.1047051726371364,385,385,partsupp_deep_sift_10,1.428658127784729,602.0711059570312
partsupp_deep_sift_10,adaptive_sampling,0.3,0.5,3402371,2408539,2504300.8939112835,1.0397593287512819,385,385,partsupp_deep_sift_10,1.4162307977676392,592.1015014648438
partsupp_deep_sift_10,adaptive_sampling,0.3,0.5,6909999,2371792,2323818.519143194,1.0206442458658493,385,385,partsupp_deep_sift_10,1.4407751560211182,648.430419921875
partsupp_deep_sift_10,adaptive_sampling,0.3,0.5,6366790,2389605,2167407.6572777866,1.1025175591569554,385,385,partsupp_deep_sift_10,1.412670373916626,607.1864013671875
partsupp_deep_sift_10,adaptive_sampling,0.3,0.5,481095,2405827,2576083.656603137,1.070768453676485,385,385,partsupp_deep_sift_10,1.4058465957641602,616.6787109375
partsupp_deep_sift_10,adaptive_sampling,0.3,0.5,3528014,2389763,2506351.829988193,1.048786775085309,385,385,partsupp_deep_sift_10,1.3633357286453247,608.5654296875
partsupp_deep_sift_10,adaptive_sampling,0.3,0.5,5369867,2392550,2564911.4521841793,1.0720408986997887,385,385,partsupp_deep_sift_10,1.3945095539093018,598.6532592773438
partsupp_deep_sift_10,adaptive_sampling,0.3,0.5,7520880,2410553,2469057.1765896436,1.0242700229323494,385,385,partsupp_deep_sift_10,1.4352713823318481,644.2181396484375
partsupp_deep_sift_10,adaptive_sampling,0.3,0.5,6025740,2411001,2459504.1322314045,1.0201174251820735,385,385,partsupp_deep_sift_10,1.3733103275299072,578.545654296875
partsupp_deep_sift_10,adaptive_sampling,0.3,0.5,3454116,2398481,2425663.686962388,1.0113332925974348,385,385,partsupp_deep_sift_10,1.3754850625991821,647.937255859375
partsupp_deep_sift_10,adaptive_sampling,0.3,0.5,6288378,2382961,2518117.7264294145,1.0567179766808665,385,385,partsupp_deep_sift_10,1.390949010848999,598.2658081054688
partsupp_deep_sift_10,adaptive_sampling,0.3,0.5,1370862,2419599,2493992.2415247085,1.0307461036001042,385,385,partsupp_deep_sift_10,1.3811200857162476,590.3129272460938
partsupp_deep_sift_10,adaptive_sampling,0.3,0.5,2964065,2403286,2585096.9809411364,1.0756509965693373,385,385,partsupp_deep_sift_10,1.3789807558059692,637.626220703125
partsupp_deep_sift_10,adaptive_sampling,0.3,0.5,7031696,2398390,2471216.0566706015,1.0303645598383089,385,385,partsupp_deep_sift_10,1.3839408159255981,601.7313842773438
partsupp_deep_sift_10,adaptive_sampling,0.3,0.5,4389879,2410614,2404128.858154832,1.002697501767915,385,385,partsupp_deep_sift_10,1.377062201499939,666.0590209960938
partsupp_deep_sift_10,adaptive_sampling,0.3,0.5,332506,2397704,2691151.9649181985,1.1223870690119375,385,385,partsupp_deep_sift_10,1.3793144226074219,637.6813354492188
partsupp_deep_sift_10,adaptive_sampling,0.3,0.5,7799146,2391478,2244749.5361781074,1.0653651828220048,385,385,partsupp_deep_sift_10,1.3816719055175781,615.9953002929688
partsupp_deep_sift_10,adaptive_sampling,0.3,0.5,3041529,2408510,2380111.317254174,1.0119316615739586,385,385,partsupp_deep_sift_10,1.3927563428878784,602.4418334960938
partsupp_deep_sift_10,adaptive_sampling,0.3,0.5,737452,2409064,2402833.5301062567,1.0025929677672958,385,385,partsupp_deep_sift_10,1.4099767208099365,565.5407104492188
partsupp_deep_sift_10,adaptive_sampling,0.3,0.5,5167757,2410701,2256461.460617305,1.068354608343499,385,385,partsupp_deep_sift_10,1.4129005670547485,610.7864990234375
partsupp_deep_sift_10,adaptive_sampling,0.3,0.5,1813464,2407687,2469758.8126159552,1.0257806818809734,385,385,partsupp_deep_sift_10,1.4231576919555664,597.476806640625
partsupp_deep_sift_10,adaptive_sampling,0.3,0.5,6207689,2403576,2482927.981109799,1.033014134402157,385,385,partsupp_deep_sift_10,1.3879865407943726,653.5308837890625
partsupp_deep_sift_10,adaptive_sampling,0.3,0.5,7385883,2395073,2506459.7739922414,1.0465066300660737,385,385,partsupp_deep_sift_10,1.3473742008209229,592.8945922851562
partsupp_deep_sift_10,adaptive_sampling,0.3,0.5,1110231,2403283,2311782.762691853,1.0395799461717603,385,385,partsupp_deep_sift_10,1.4026615619659424,655.7239990234375
partsupp_deep_sift_10,adaptive_sampling,0.3,0.5,4260736,2401331,2066857.8175071678,1.161826894748009,385,385,partsupp_deep_sift_10,1.3963934183120728,649.8079833984375
partsupp_deep_sift_10,adaptive_sampling,0.3,0.5,7241835,2383195,2288520.829819531,1.0413691537987595,385,385,partsupp_deep_sift_10,1.3979389667510986,597.4378051757812
partsupp_deep_sift_10,adaptive_sampling,0.3,0.5,5886526,2419521,2230231.0676336647,1.0848745832274578,385,385,partsupp_deep_sift_10,1.3726036548614502,635.2453002929688
partsupp_deep_sift_10,adaptive_sampling,0.3,0.5,7903428,2409958,2505812.109967954,1.0397741827732907,385,385,partsupp_deep_sift_10,1.355056881904602,593.8236694335938
partsupp_deep_sift_10,adaptive_sampling,0.3,0.5,2010126,2409012,2254842.3005565857,1.068372719194313,385,385,partsupp_deep_sift_10,1.4148132801055908,578.3564453125
partsupp_deep_sift_10,adaptive_sampling,0.3,0.5,64433,2389858,2214029.220690222,1.0794157446824317,382,382,partsupp_deep_sift_10,1.412253975868225,597.748046875
partsupp_deep_sift_10,adaptive_sampling,0.3,0.5,6427842,2405061,2370494.229873085,1.0145820941858044,382,382,partsupp_deep_sift_10,1.3299076557159424,619.2982788085938
partsupp_deep_sift_10,adaptive_sampling,0.3,0.5,1934109,2408099,2569337.463337079,1.066956741951672,382,382,partsupp_deep_sift_10,1.3931721448898315,583.222412109375
partsupp_deep_sift_10,adaptive_sampling,0.3,0.5,2037726,2396163,2462596.9682848607,1.0277251456953724,382,382,partsupp_deep_sift_10,1.4033716917037964,649.19482421875
partsupp_deep_sift_10,adaptive_sampling,0.3,0.5,944719,2392228,2521312.4640223677,1.053959933594276,382,382,partsupp_deep_sift_10,1.335619330406189,628.6348266601562
partsupp_deep_sift_10,adaptive_sampling,0.3,0.5,5909334,2393353,2247964.6939502754,1.0646755291313044,382,382,partsupp_deep_sift_10,1.4337644577026367,604.5247802734375
partsupp_deep_sift_10,adaptive_sampling,0.3,0.5,7834709,2405916,2324497.683725775,1.0350261980660376,382,382,partsupp_deep_sift_10,1.4154365062713623,664.225830078125
partsupp_deep_sift_10,adaptive_sampling,0.3,0.5,7376316,2395892,2393355.445300293,1.0010598320047646,382,382,partsupp_deep_sift_10,1.3896962404251099,587.051513671875
partsupp_deep_sift_10,adaptive_sampling,0.3,0.5,5165847,2400571,2559633.781968696,1.066260394701384,382,382,partsupp_deep_sift_10,1.4079920053482056,617.2481689453125
partsupp_deep_sift_10,adaptive_sampling,0.3,0.5,1376518,2400608,2281516.4058002797,1.0521984386774317,382,382,partsupp_deep_sift_10,1.360648512840271,644.5866088867188
partsupp_deep_sift_10,adaptive_sampling,0.3,0.5,378067,2399072,2358159.041692936,1.0173495330822524,382,382,partsupp_deep_sift_10,1.398781657218933,593.1264038085938
partsupp_deep_sift_10,adaptive_sampling,0.3,0.5,2548244,2378303,2416326.3068446587,1.0159875788932944,382,382,partsupp_deep_sift_10,1.430181860923767,655.1671752929688
partsupp_deep_sift_10,adaptive_sampling,0.3,0.5,6059356,2419065,2561114.004550314,1.0587206232781319,382,382,partsupp_deep_sift_10,1.3562352657318115,602.2102661132812
partsupp_deep_sift_10,adaptive_sampling,0.3,0.5,2093515,2397611,2278007.7300512595,1.0525034521924337,382,382,partsupp_deep_sift_10,1.3706729412078857,608.7673950195312
partsupp_deep_sift_10,adaptive_sampling,0.3,0.5,7666555,2398328,2360351.964036073,1.0160891411715522,382,382,partsupp_deep_sift_10,1.414184808731079,595.0599365234375
partsupp_deep_sift_10,adaptive_sampling,0.3,0.5,4888112,2401070,2452016.117979222,1.0212180894264733,382,382,partsupp_deep_sift_10,1.387477159500122,589.6567993164062
partsupp_deep_sift_10,adaptive_sampling,0.3,0.5,3745676,2398484,2569227.8172199223,1.0711882244033823,382,382,partsupp_deep_sift_10,1.3750402927398682,583.4043579101562
partsupp_deep_sift_10,adaptive_sampling,0.3,0.5,1117872,2403826,2611331.926208163,1.0863231890362128,382,382,partsupp_deep_sift_10,1.3971644639968872,600.7218627929688
partsupp_deep_sift_10,adaptive_sampling,0.3,0.5,1782015,2399199,2497848.194950796,1.0411175542132172,382,382,partsupp_deep_sift_10,1.4331144094467163,599.0137939453125
partsupp_deep_sift_10,adaptive_sampling,0.3,0.5,5399003,2419110,2545324.9636797234,1.0521741316764113,382,382,partsupp_deep_sift_10,1.3635681867599487,602.7922973632812
partsupp_deep_sift_10,adaptive_sampling,0.3,0.5,7813502,2406892,2346426.9071571506,1.0257690076168222,382,382,partsupp_deep_sift_10,1.3586989641189575,598.5552978515625
partsupp_deep_sift_10,adaptive_sampling,0.3,0.5,7712554,2405562,2471642.772950303,1.027469993685593,382,382,partsupp_deep_sift_10,1.3805737495422363,613.6766357421875
partsupp_deep_sift_10,adaptive_sampling,0.3,0.5,1407909,2406204,2020120.0624982868,1.191119302594442,382,382,partsupp_deep_sift_10,1.3690755367279053,583.1111450195312
partsupp_deep_sift_10,adaptive_sampling,0.3,0.5,25058,2394721,2677393.711795181,1.1180399352555814,382,382,partsupp_deep_sift_10,1.3971093893051147,577.104736328125
partsupp_deep_sift_10,adaptive_sampling,0.3,0.5,5261130,2385031,2371864.8063375456,1.0055509882465792,382,382,partsupp_deep_sift_10,1.3811122179031372,637.5606689453125
partsupp_deep_sift_10,adaptive_sampling,0.3,0.5,6080832,2418130,2337106.987198816,1.0346680803424817,382,382,partsupp_deep_sift_10,1.404215693473816,588.0530395507812
partsupp_deep_sift_10,adaptive_sampling,0.3,0.5,2248413,2407133,2406184.0410076478,1.0003943833789017,382,382,partsupp_deep_sift_10,1.3628945350646973,603.505615234375
partsupp_deep_sift_10,adaptive_sampling,0.3,0.5,3861353,2406570,2481785.038787314,1.0312540415559548,382,382,partsupp_deep_sift_10,1.4299936294555664,597.4467163085938
partsupp_deep_sift_10,adaptive_sampling,0.3,0.5,4878920,2417737,2337435.925550286,1.0343543425391688,382,382,partsupp_deep_sift_10,1.4007762670516968,580.810302734375
partsupp_deep_sift_10,adaptive_sampling,0.3,0.5,3401984,2391647,2310243.688495381,1.0352358116635028,382,382,partsupp_deep_sift_10,1.4216514825820923,641.2960205078125
partsupp_deep_sift_10,adaptive_sampling,0.3,0.5,1227788,2406540,2615717.770894438,1.0869205460513591,382,382,partsupp_deep_sift_10,1.3598942756652832,601.5598754882812
partsupp_deep_sift_10,adaptive_sampling,0.3,0.5,6908906,2388530,2281022.9982730737,1.047131046819045,382,382,partsupp_deep_sift_10,1.3864632844924927,618.3062133789062
partsupp_deep_sift_10,adaptive_sampling,0.3,0.5,6867890,2402795,2490392.258984129,1.0364564013925985,382,382,partsupp_deep_sift_10,1.40958833694458,592.8513793945312
partsupp_deep_sift_10,adaptive_sampling,0.3,0.5,1544377,2397047,2258326.252021601,1.0614263540771487,382,382,partsupp_deep_sift_10,1.4043656587600708,594.5242919921875
partsupp_deep_sift_10,adaptive_sampling,0.3,0.5,6309693,2420649,2438803.7608618187,1.0074999559464501,382,382,partsupp_deep_sift_10,1.4040950536727905,599.4891967773438
partsupp_deep_sift_10,adaptive_sampling,0.3,0.5,2552747,2393318,2440283.983443436,1.0196237956859207,382,382,partsupp_deep_sift_10,1.424573302268982,634.7078247070312
partsupp_deep_sift_10,adaptive_sampling,0.3,0.5,481105,2391538,2353224.9664208763,1.0162810755987328,382,382,partsupp_deep_sift_10,1.395743489265442,609.579833984375
partsupp_deep_sift_10,adaptive_sampling,0.3,0.5,7176724,2387884,2214029.220690222,1.0785241575337379,382,382,partsupp_deep_sift_10,1.3939491510391235,589.5367431640625
partsupp_deep_sift_10,adaptive_sampling,0.3,0.5,5591179,2411049,2519338.833913544,1.0449139913429981,382,382,partsupp_deep_sift_10,1.4056192636489868,578.4931640625
partsupp_deep_sift_10,adaptive_sampling,0.3,0.5,5278949,2381879,2474493.5719963815,1.038882987757305,382,382,partsupp_deep_sift_10,1.3400707244873047,588.30517578125
partsupp_deep_sift_10,adaptive_sampling,0.3,0.5,6922681,2411482,2218689.1806693897,1.0868949202125031,382,382,partsupp_deep_sift_10,1.3729127645492554,597.4197387695312
partsupp_deep_sift_10,adaptive_sampling,0.3,0.5,3447240,2399067,2280639.2368630245,1.0519274426322116,382,382,partsupp_deep_sift_10,1.3603416681289673,572.0692749023438
partsupp_deep_sift_10,adaptive_sampling,0.3,0.5,4147711,2383471,2314081.302595872,1.02998585111348,382,382,partsupp_deep_sift_10,1.4145060777664185,665.9566040039062
partsupp_deep_sift_10,adaptive_sampling,0.3,0.5,3626284,2394118,2170554.5352375205,1.1029983173115783,382,382,partsupp_deep_sift_10,1.390594720840454,624.3858032226562
partsupp_deep_sift_10,adaptive_sampling,0.3,0.5,1298658,2412290,2221978.5641840952,1.0856495372563537,382,382,partsupp_deep_sift_10,1.3576560020446777,540.8983154296875
partsupp_deep_sift_10,adaptive_sampling,0.3,0.5,2109177,2403129,2534195.8827883,1.0545400945135697,382,382,partsupp_deep_sift_10,1.3571128845214844,605.0231323242188
partsupp_deep_sift_10,adaptive_sampling,0.3,0.5,7938046,2392290,2276034.099942436,1.0510782769293765,382,382,partsupp_deep_sift_10,1.3760823011398315,658.1563110351562
partsupp_deep_sift_10,adaptive_sampling,0.3,0.5,6347870,2399312,2491708.0123900115,1.038509377850822,382,382,partsupp_deep_sift_10,1.3725132942199707,530.0473022460938
partsupp_deep_sift_10,adaptive_sampling,0.3,0.5,3511592,2394755,2710123.077766509,1.1316911658046476,382,382,partsupp_deep_sift_10,1.3880242109298706,584.1927490234375
partsupp_deep_sift_10,adaptive_sampling,0.3,0.5,6110214,2396953,2434143.800882651,1.015515865718957,382,382,partsupp_deep_sift_10,1.4413188695907593,600.3450317382812
partsupp_deep_sift_10,adaptive_sampling,0.5,0.1,1458649,4002500,3587195.1425198177,1.1157742584331367,385,385,partsupp_deep_sift_10,1.4391306638717651,664.3377685546875
partsupp_deep_sift_10,adaptive_sampling,0.5,0.1,3590985,3993499,4050652.7238994776,1.0143116910507497,385,385,partsupp_deep_sift_10,1.4676417112350464,672.9625244140625
partsupp_deep_sift_10,adaptive_sampling,0.5,0.1,2861019,4006018,3452750.8854781585,1.1602395112977348,385,385,partsupp_deep_sift_10,1.4419426918029785,679.1358642578125
partsupp_deep_sift_10,adaptive_sampling,0.5,0.1,7811320,3987246,4170686.456400742,1.046006806803679,385,385,partsupp_deep_sift_10,1.423879861831665,633.5346069335938
partsupp_deep_sift_10,adaptive_sampling,0.5,0.1,1427886,4007070,3973526.7330072527,1.008441686503355,385,385,partsupp_deep_sift_10,1.4084488153457642,692.4059448242188
partsupp_deep_sift_10,adaptive_sampling,0.5,0.1,4288339,3981582,3861696.744813628,1.0310447099056603,385,385,partsupp_deep_sift_10,1.3922011852264404,687.5963134765625
partsupp_deep_sift_10,adaptive_sampling,0.5,0.1,3227404,3996517,4050652.7238994776,1.0135457259157106,385,385,partsupp_deep_sift_10,1.451580286026001,710.3466186523438
partsupp_deep_sift_10,adaptive_sampling,0.5,0.1,5886013,3993625,3888682.745825603,1.0269865815839694,385,385,partsupp_deep_sift_10,1.4272947311401367,643.79052734375
partsupp_deep_sift_10,adaptive_sampling,0.5,0.1,2636413,4018716,3904604.486422668,1.029224858490566,385,385,partsupp_deep_sift_10,1.4194763898849487,656.4693603515625
partsupp_deep_sift_10,adaptive_sampling,0.5,0.1,6936640,3997016,3803838.7586439536,1.0507848133460087,385,385,partsupp_deep_sift_10,1.444796085357666,618.629150390625
partsupp_deep_sift_10,adaptive_sampling,0.5,0.1,5469472,4004377,4066682.408500591,1.0155593263323086,385,385,partsupp_deep_sift_10,1.3885020017623901,620.4680786132812
partsupp_deep_sift_10,adaptive_sampling,0.5,0.1,4444886,4003665,4065710.9124641595,1.0154972787343994,385,385,partsupp_deep_sift_10,1.4074809551239014,633.10205078125
partsupp_deep_sift_10,adaptive_sampling,0.5,0.1,6631898,4026580,3768756.957328386,1.0684106313011972,385,385,partsupp_deep_sift_10,1.4154587984085083,602.7586669921875
partsupp_deep_sift_10,adaptive_sampling,0.5,0.1,7640583,4009466,3603494.6871310505,1.1126604444065842,385,385,partsupp_deep_sift_10,1.4737664461135864,654.9603271484375
partsupp_deep_sift_10,adaptive_sampling,0.5,0.1,7822107,4010090,3841079.4400404794,1.0440007978480497,385,385,partsupp_deep_sift_10,1.4135338068008423,624.0580444335938
partsupp_deep_sift_10,adaptive_sampling,0.5,0.1,6733700,4010016,4150231.0676336656,1.0349662115147833,385,385,partsupp_deep_sift_10,1.4016125202178955,708.0118408203125
partsupp_deep_sift_10,adaptive_sampling,0.5,0.1,839131,3987922,4216292.798110981,1.0572656130463385,385,385,partsupp_deep_sift_10,1.4024919271469116,566.1492919921875
partsupp_deep_sift_10,adaptive_sampling,0.5,0.1,6952719,4004996,4228760.3305785125,1.055871299391688,385,385,partsupp_deep_sift_10,1.4401837587356567,612.8085327148438
partsupp_deep_sift_10,adaptive_sampling,0.5,0.1,3862714,4028211,3946864.5640074215,1.0206103945735558,385,385,partsupp_deep_sift_10,1.4451992511749268,684.5757446289062
partsupp_deep_sift_10,adaptive_sampling,0.5,0.1,695062,3970675,4036566.031371226,1.0165944156525593,385,385,partsupp_deep_sift_10,1.432538628578186,655.345947265625
partsupp_deep_sift_10,adaptive_sampling,0.5,0.1,6815544,4001557,3916964.074886153,1.0215965537330862,385,385,partsupp_deep_sift_10,1.4154349565505981,681.4193115234375
partsupp_deep_sift_10,adaptive_sampling,0.5,0.1,6963267,4025219,3592538.370720189,1.1204386939346933,385,385,partsupp_deep_sift_10,1.4584711790084839,637.5148315429688
partsupp_deep_sift_10,adaptive_sampling,0.5,0.1,3402371,4015064,3949023.4440883794,1.0167232625601355,385,385,partsupp_deep_sift_10,1.4491260051727295,607.5499267578125
partsupp_deep_sift_10,adaptive_sampling,0.5,0.1,6909999,3988984,3919662.67498735,1.0176855333636263,385,385,partsupp_deep_sift_10,1.4679025411605835,668.3507080078125
partsupp_deep_sift_10,adaptive_sampling,0.5,0.1,6366790,3985750,3647158.036768426,1.0928372063448022,385,385,partsupp_deep_sift_10,1.4417033195495605,633.1465454101562
partsupp_deep_sift_10,adaptive_sampling,0.5,0.1,481095,3995820,3904982.290436836,1.0232620029508515,385,385,partsupp_deep_sift_10,1.432680368423462,646.066162109375
partsupp_deep_sift_10,adaptive_sampling,0.5,0.1,3528014,4007674,3933695.3955135774,1.0188063886621206,385,385,partsupp_deep_sift_10,1.4062660932540894,643.4195556640625
partsupp_deep_sift_10,adaptive_sampling,0.5,0.1,5369867,3988499,3875621.521335807,1.0291250004787071,385,385,partsupp_deep_sift_10,1.428285837173462,634.130615234375
partsupp_deep_sift_10,adaptive_sampling,0.5,0.1,7520880,4019053,3973526.7330072527,1.0114573954201869,385,385,partsupp_deep_sift_10,1.4699026346206665,666.4877319335938
partsupp_deep_sift_10,adaptive_sampling,0.5,0.1,6025740,4008491,3787539.214032721,1.058336501216584,385,385,partsupp_deep_sift_10,1.4121990203857422,618.0891723632812
partsupp_deep_sift_10,adaptive_sampling,0.5,0.1,3454116,3994869,4246193.287232248,1.0629117718834455,385,385,partsupp_deep_sift_10,1.4082080125808716,666.1571044921875
partsupp_deep_sift_10,adaptive_sampling,0.5,0.1,6288378,3993060,4130639.2308989717,1.0344545864322028,385,385,partsupp_deep_sift_10,1.4255881309509277,626.3770751953125
partsupp_deep_sift_10,adaptive_sampling,0.5,0.1,1370862,4018531,4125943.666722888,1.026729336347757,385,385,partsupp_deep_sift_10,1.4165623188018799,619.3867797851562
partsupp_deep_sift_10,adaptive_sampling,0.5,0.1,2964065,4011870,3888682.745825603,1.0316784017175573,385,385,partsupp_deep_sift_10,1.4146913290023804,658.9640502929688
partsupp_deep_sift_10,adaptive_sampling,0.5,0.1,7031696,3995063,4231189.0706695905,1.059104467356232,385,385,partsupp_deep_sift_10,1.4201661348342896,640.108154296875
partsupp_deep_sift_10,adaptive_sampling,0.5,0.1,4389879,4012546,3904118.738404453,1.0277725317442215,385,385,partsupp_deep_sift_10,1.4111994504928589,680.759765625
partsupp_deep_sift_10,adaptive_sampling,0.5,0.1,332506,3999163,3661460.617304773,1.0922316031747494,385,385,partsupp_deep_sift_10,1.4159905910491943,661.3389282226562
partsupp_deep_sift_10,adaptive_sampling,0.5,0.1,7799146,3997093,4246409.175240343,1.0623743743866714,385,385,partsupp_deep_sift_10,1.418076753616333,639.6196899414062
partsupp_deep_sift_10,adaptive_sampling,0.5,0.1,3041529,4010971,3775557.4295834037,1.0623520035934328,385,385,partsupp_deep_sift_10,1.427112102508545,635.899658203125
partsupp_deep_sift_10,adaptive_sampling,0.5,0.1,737452,4013865,4141163.771293642,1.0317147615312527,385,385,partsupp_deep_sift_10,1.4392606019973755,611.4957885742188
partsupp_deep_sift_10,adaptive_sampling,0.5,0.1,5167757,4025629,4365471.411705178,1.0844197047728885,385,385,partsupp_deep_sift_10,1.4434117078781128,640.1943359375
partsupp_deep_sift_10,adaptive_sampling,0.5,0.1,1813464,4021627,4185528.7569573284,1.040755086674455,385,385,partsupp_deep_sift_10,1.4582363367080688,636.619873046875
partsupp_deep_sift_10,adaptive_sampling,0.5,0.1,6207689,3996333,4096474.953617811,1.025058460748344,385,385,partsupp_deep_sift_10,1.422332763671875,665.8818969726562
partsupp_deep_sift_10,adaptive_sampling,0.5,0.1,7385883,3996064,4410322.1453870805,1.1036665442262887,385,385,partsupp_deep_sift_10,1.3873482942581177,617.814697265625
partsupp_deep_sift_10,adaptive_sampling,0.5,0.1,1110231,4001096,3774801.8215550687,1.0599486248927652,385,385,partsupp_deep_sift_10,1.4345089197158813,679.2913208007812
partsupp_deep_sift_10,adaptive_sampling,0.5,0.1,4260736,4009288,4216184.854106932,1.0516043881374777,385,385,partsupp_deep_sift_10,1.4356573820114136,670.2698364257812
partsupp_deep_sift_10,adaptive_sampling,0.5,0.1,7241835,3976245,3818789.003204588,1.041231918459826,385,385,partsupp_deep_sift_10,1.4301786422729492,620.0626220703125
partsupp_deep_sift_10,adaptive_sampling,0.5,0.1,5886526,4018758,3887927.1377972676,1.0336505437385475,385,385,partsupp_deep_sift_10,1.412974238395691,662.5717163085938
partsupp_deep_sift_10,adaptive_sampling,0.5,0.1,7903428,4004254,3804378.478664193,1.0525382851513734,385,385,partsupp_deep_sift_10,1.3981387615203857,617.6605834960938
partsupp_deep_sift_10,adaptive_sampling,0.5,0.1,2010126,4021419,4413830.325518638,1.0975803131975648,385,385,partsupp_deep_sift_10,1.4544390439987183,616.2199096679688
partsupp_deep_sift_10,adaptive_sampling,0.5,0.1,64433,3986342,4233436.58342699,1.0619852946453139,382,382,partsupp_deep_sift_10,1.4384466409683228,614.6873779296875
partsupp_deep_sift_10,adaptive_sampling,0.5,0.1,6427842,4023986,3673144.9247553516,1.0955151736268658,382,382,partsupp_deep_sift_10,1.3803032636642456,634.6930541992188
partsupp_deep_sift_10,adaptive_sampling,0.5,0.1,1934109,4001866,4022751.569310052,1.0052189576837536,382,382,partsupp_deep_sift_10,1.4296271800994873,626.2359008789062
partsupp_deep_sift_10,adaptive_sampling,0.5,0.1,2037726,3994670,3977851.4843343114,1.0042280401196284,382,382,partsupp_deep_sift_10,1.4347000122070312,666.9225463867188
partsupp_deep_sift_10,adaptive_sampling,0.5,0.1,944719,3994268,3806474.603218113,1.0493352554153705,382,382,partsupp_deep_sift_10,1.3854999542236328,650.714111328125
partsupp_deep_sift_10,adaptive_sampling,0.5,0.1,5909334,3985472,4056029.1658671633,1.0177035909089722,382,382,partsupp_deep_sift_10,1.4626657962799072,637.1847534179688
partsupp_deep_sift_10,adaptive_sampling,0.5,0.1,7834709,3999257,4130807.817768153,1.0328938144680757,382,382,partsupp_deep_sift_10,1.445945382118225,683.0167236328125
partsupp_deep_sift_10,adaptive_sampling,0.5,0.1,7376316,4023006,4161070.1461034506,1.0343186527943162,382,382,partsupp_deep_sift_10,1.4267233610153198,602.4107055664062
partsupp_deep_sift_10,adaptive_sampling,0.5,0.1,5165847,4001727,3936734.190400482,1.0165093212942848,382,382,partsupp_deep_sift_10,1.4417634010314941,640.8015747070312
partsupp_deep_sift_10,adaptive_sampling,0.5,0.1,1376518,3999356,3814314.3005948304,1.0485124415091627,382,382,partsupp_deep_sift_10,1.4110527038574219,662.2536010742188
partsupp_deep_sift_10,adaptive_sampling,0.5,0.1,378067,3997644,4011074.257832844,1.0033595432291729,382,382,partsupp_deep_sift_10,1.430962085723877,629.2711181640625
partsupp_deep_sift_10,adaptive_sampling,0.5,0.1,2548244,3958107,3925276.171157589,1.008363953875054,382,382,partsupp_deep_sift_10,1.4641916751861572,672.333984375
partsupp_deep_sift_10,adaptive_sampling,0.5,0.1,6059356,4013914,4054658.5894027026,1.0101508376618689,382,382,partsupp_deep_sift_10,1.3995420932769775,636.7247924804688
partsupp_deep_sift_10,adaptive_sampling,0.5,0.1,2093515,4009286,3966557.934267153,1.0107720765562804,382,382,partsupp_deep_sift_10,1.4051294326782227,641.44873046875
partsupp_deep_sift_10,adaptive_sampling,0.5,0.1,7666555,3980759,3888709.1910857707,1.0236710446554447,382,382,partsupp_deep_sift_10,1.4397636651992798,627.90576171875
partsupp_deep_sift_10,adaptive_sampling,0.5,0.1,4888112,3993814,3849894.4656122364,1.0373827219611529,382,382,partsupp_deep_sift_10,1.4243109226226807,626.3706665039062
partsupp_deep_sift_10,adaptive_sampling,0.5,0.1,3745676,4005064,3835421.178147529,1.0442305587764438,382,382,partsupp_deep_sift_10,1.4126018285751343,605.6427612304688
partsupp_deep_sift_10,adaptive_sampling,0.5,0.1,1117872,4007912,4403168.772785833,1.0986191245680625,382,382,partsupp_deep_sift_10,1.4255980253219604,621.9918212890625
partsupp_deep_sift_10,adaptive_sampling,0.5,0.1,1782015,4001420,4129821.0027137417,1.0320888591334432,382,382,partsupp_deep_sift_10,1.4617587327957153,630.8971557617188
partsupp_deep_sift_10,adaptive_sampling,0.5,0.1,5399003,4016593,4055974.342808585,1.0098046635067544,382,382,partsupp_deep_sift_10,1.4091395139694214,627.677001953125
partsupp_deep_sift_10,adaptive_sampling,0.5,0.1,7813502,4001117,4053342.835996821,1.0130528140008954,382,382,partsupp_deep_sift_10,1.3941435813903809,627.0905151367188
partsupp_deep_sift_10,adaptive_sampling,0.5,0.1,7712554,4001741,4372906.444450536,1.0927509912436952,382,382,partsupp_deep_sift_10,1.4220010042190552,630.654052734375
partsupp_deep_sift_10,adaptive_sampling,0.5,0.1,1407909,4003956,3861407.307913708,1.0369162537694865,382,382,partsupp_deep_sift_10,1.4003993272781372,622.4043579101562
partsupp_deep_sift_10,adaptive_sampling,0.5,0.1,25058,4003807,4041007.647816672,1.0092913189413655,382,382,partsupp_deep_sift_10,1.4305391311645508,616.8440551757812
partsupp_deep_sift_10,adaptive_sampling,0.5,0.1,5261130,3992956,4115676.653600504,1.0307342864786149,382,382,partsupp_deep_sift_10,1.4133633375167847,656.5875854492188
partsupp_deep_sift_10,adaptive_sampling,0.5,0.1,6080832,4013060,4115841.1227762396,1.0256116586286375,382,382,partsupp_deep_sift_10,1.439018726348877,615.2765502929688
partsupp_deep_sift_10,adaptive_sampling,0.5,0.1,2248413,4005296,4040459.4172308873,1.008779230606399,382,382,partsupp_deep_sift_10,1.4082839488983154,637.1064453125
partsupp_deep_sift_10,adaptive_sampling,0.5,0.1,3861353,4001887,4435075.792878485,1.1082461331063285,382,382,partsupp_deep_sift_10,1.45749032497406,614.3177490234375
partsupp_deep_sift_10,adaptive_sampling,0.5,0.1,4878920,4003228,4011403.1961843157,1.0020421510301976,382,382,partsupp_deep_sift_10,1.4392833709716797,615.0382690429688
partsupp_deep_sift_10,adaptive_sampling,0.5,0.1,3401984,3990637,3937392.0671034236,1.0135228933235867,382,382,partsupp_deep_sift_10,1.4596662521362305,659.7720336914062
partsupp_deep_sift_10,adaptive_sampling,0.5,0.1,1227788,3997087,4040459.4172308873,1.0108510065532443,382,382,partsupp_deep_sift_10,1.4024406671524048,635.8062133789062
partsupp_deep_sift_10,adaptive_sampling,0.5,0.1,6908906,3976009,3981140.867849017,1.0012907083080087,382,382,partsupp_deep_sift_10,1.4197509288787842,636.4683837890625
partsupp_deep_sift_10,adaptive_sampling,0.5,0.1,6867890,4009045,4009758.504426962,1.0001779736637932,382,382,partsupp_deep_sift_10,1.4297560453414917,621.0199584960938
partsupp_deep_sift_10,adaptive_sampling,0.5,0.1,1544377,4015102,4100764.781667169,1.0213351445784364,382,382,partsupp_deep_sift_10,1.4346429109573364,627.9521484375
partsupp_deep_sift_10,adaptive_sampling,0.5,0.1,6309693,4009567,3748910.3917107536,1.0695286312699248,382,382,partsupp_deep_sift_10,1.4379645586013794,637.111083984375
partsupp_deep_sift_10,adaptive_sampling,0.5,0.1,2552747,3998817,3922260.9029357745,1.0195183591705803,382,382,partsupp_deep_sift_10,1.4579731225967407,651.8260498046875
partsupp_deep_sift_10,adaptive_sampling,0.5,0.1,481105,3989677,3981798.744551959,1.0019785669626875,382,382,partsupp_deep_sift_10,1.4274073839187622,628.44189453125
partsupp_deep_sift_10,adaptive_sampling,0.5,0.1,7176724,4003476,4006469.120912256,1.0007476305371272,382,382,partsupp_deep_sift_10,1.427677035331726,632.1041259765625
partsupp_deep_sift_10,adaptive_sampling,0.5,0.1,5591179,4035842,3977851.4843343114,1.0145783511259956,382,382,partsupp_deep_sift_10,1.434490442276001,612.73291015625
partsupp_deep_sift_10,adaptive_sampling,0.5,0.1,5278949,3987453,3735752.857651928,1.0673760154750376,382,382,partsupp_deep_sift_10,1.3815521001815796,618.9522705078125
partsupp_deep_sift_10,adaptive_sampling,0.5,0.1,6922681,4016794,3747265.6999534005,1.0719266584298923,382,382,partsupp_deep_sift_10,1.4127548933029175,628.6798095703125
partsupp_deep_sift_10,adaptive_sampling,0.5,0.1,3447240,4011466,4252186.069460816,1.0600080044205324,382,382,partsupp_deep_sift_10,1.4038163423538208,612.9969482421875
partsupp_deep_sift_10,adaptive_sampling,0.5,0.1,4147711,3998236,3772703.5991337956,1.0597800476342711,382,382,partsupp_deep_sift_10,1.4483668804168701,683.5108032226562
partsupp_deep_sift_10,adaptive_sampling,0.5,0.1,3626284,3981272,3692004.0569063346,1.0783498443216917,382,382,partsupp_deep_sift_10,1.42202889919281,643.8819580078125
partsupp_deep_sift_10,adaptive_sampling,0.5,0.1,1298658,3997833,3965077.711685535,1.0082609448530937,382,382,partsupp_deep_sift_10,1.4080673456192017,561.0577392578125
partsupp_deep_sift_10,adaptive_sampling,0.5,0.1,2109177,3995181,4206299.169430663,1.0528432052091414,382,382,partsupp_deep_sift_10,1.402542233467102,642.9133911132812
partsupp_deep_sift_10,adaptive_sampling,0.5,0.1,7938046,3983032,4375209.012910831,1.0984619287293778,382,382,partsupp_deep_sift_10,1.418548822402954,676.59130859375
partsupp_deep_sift_10,adaptive_sampling,0.5,0.1,6347870,4006284,3980154.0527946055,1.0065650592561983,382,382,partsupp_deep_sift_10,1.4087820053100586,555.145263671875
partsupp_deep_sift_10,adaptive_sampling,0.5,0.1,3511592,3988006,4221704.448891204,1.0586003252982077,382,382,partsupp_deep_sift_10,1.4253566265106201,607.5328369140625
partsupp_deep_sift_10,adaptive_sampling,0.5,0.1,6110214,3988413,4025383.076121817,1.0092693700782283,382,382,partsupp_deep_sift_10,1.4645493030548096,620.1671142578125
partsupp_deep_sift_10,adaptive_sampling,0.5,0.2,1458649,4002500,4186176.4209816162,1.0458904237305724,385,385,partsupp_deep_sift_10,1.4391306638717651,664.3377685546875
partsupp_deep_sift_10,adaptive_sampling,0.5,0.2,3590985,3993499,3933695.3955135774,1.0152029068022475,385,385,partsupp_deep_sift_10,1.4676417112350464,672.9625244140625
partsupp_deep_sift_10,adaptive_sampling,0.5,0.2,2861019,4006018,4065710.9124641595,1.0149008098476242,385,385,partsupp_deep_sift_10,1.4419426918029785,679.1358642578125
partsupp_deep_sift_10,adaptive_sampling,0.5,0.2,7811320,3987246,3994791.7018046887,1.0018924595584744,385,385,partsupp_deep_sift_10,1.423879861831665,633.5346069335938
partsupp_deep_sift_10,adaptive_sampling,0.5,0.2,1427886,4007070,3711870.4671951425,1.0795285114105622,385,385,partsupp_deep_sift_10,1.4084488153457642,692.4059448242188
partsupp_deep_sift_10,adaptive_sampling,0.5,0.2,4288339,3981582,3934504.9755439367,1.0119651709042647,385,385,partsupp_deep_sift_10,1.3922011852264404,687.5963134765625
partsupp_deep_sift_10,adaptive_sampling,0.5,0.2,3227404,3996517,4125943.666722888,1.0323848658026196,385,385,partsupp_deep_sift_10,1.451580286026001,710.3466186523438
partsupp_deep_sift_10,adaptive_sampling,0.5,0.2,5886013,3993625,4007637.038286389,1.0035086014050865,385,385,partsupp_deep_sift_10,1.4272947311401367,643.79052734375
partsupp_deep_sift_10,adaptive_sampling,0.5,0.2,2636413,4018716,3889870.1298701297,1.0331234375,385,385,partsupp_deep_sift_10,1.4194763898849487,656.4693603515625
partsupp_deep_sift_10,adaptive_sampling,0.5,0.2,6936640,3997016,3869954.4611232923,1.0328328253350627,385,385,partsupp_deep_sift_10,1.444796085357666,618.629150390625
partsupp_deep_sift_10,adaptive_sampling,0.5,0.2,5469472,4004377,4216184.854106932,1.0528940841751244,385,385,partsupp_deep_sift_10,1.3885020017623901,620.4680786132812
partsupp_deep_sift_10,adaptive_sampling,0.5,0.2,4444886,4003665,4461001.8552875705,1.1142295509957927,385,385,partsupp_deep_sift_10,1.4074809551239014,633.10205078125
partsupp_deep_sift_10,adaptive_sampling,0.5,0.2,6631898,4026580,3818627.087198516,1.0544575073849503,385,385,partsupp_deep_sift_10,1.4154587984085083,602.7586669921875
partsupp_deep_sift_10,adaptive_sampling,0.5,0.2,7640583,4009466,3992578.8497217074,1.0042296347583641,385,385,partsupp_deep_sift_10,1.4737664461135864,654.9603271484375
partsupp_deep_sift_10,adaptive_sampling,0.5,0.2,7822107,4010090,4260333.9517625235,1.062403574922888,385,385,partsupp_deep_sift_10,1.4135338068008423,624.0580444335938
partsupp_deep_sift_10,adaptive_sampling,0.5,0.2,6733700,4010016,3898937.4262101534,1.0284894476744186,385,385,partsupp_deep_sift_10,1.4016125202178955,708.0118408203125
partsupp_deep_sift_10,adaptive_sampling,0.5,0.2,839131,3987922,3701399.8988024965,1.0774091179097403,385,385,partsupp_deep_sift_10,1.4024919271469116,566.1492919921875
partsupp_deep_sift_10,adaptive_sampling,0.5,0.2,6952719,4004996,3914049.5867768596,1.0232358868243243,385,385,partsupp_deep_sift_10,1.4401837587356567,612.8085327148438
partsupp_deep_sift_10,adaptive_sampling,0.5,0.2,3862714,4028211,4003858.9981447128,1.0060821327290925,385,385,partsupp_deep_sift_10,1.4451992511749268,684.5757446289062
partsupp_deep_sift_10,adaptive_sampling,0.5,0.2,695062,3970675,3874542.081295328,1.0248114271796818,385,385,partsupp_deep_sift_10,1.432538628578186,655.345947265625
partsupp_deep_sift_10,adaptive_sampling,0.5,0.2,6815544,4001557,3962894.2486085347,1.009756190543071,385,385,partsupp_deep_sift_10,1.4154349565505981,681.4193115234375
partsupp_deep_sift_10,adaptive_sampling,0.5,0.2,6963267,4025219,3818627.087198516,1.0541010965679416,385,385,partsupp_deep_sift_10,1.4584711790084839,637.5148315429688
partsupp_deep_sift_10,adaptive_sampling,0.5,0.2,3402371,4015064,4125943.666722888,1.0276159151442887,385,385,partsupp_deep_sift_10,1.4491260051727295,607.5499267578125
partsupp_deep_sift_10,adaptive_sampling,0.5,0.2,6909999,3988984,4201234.609546298,1.0532091904972039,385,385,partsupp_deep_sift_10,1.4679025411605835,668.3507080078125
partsupp_deep_sift_10,adaptive_sampling,0.5,0.2,6366790,3985750,3818789.003204588,1.043720927407957,385,385,partsupp_deep_sift_10,1.4417033195495605,633.1465454101562
partsupp_deep_sift_10,adaptive_sampling,0.5,0.2,481095,3995820,3889330.4098498905,1.0273799289153784,385,385,partsupp_deep_sift_10,1.432680368423462,646.066162109375
partsupp_deep_sift_10,adaptive_sampling,0.5,0.2,3528014,4007674,3977736.549165121,1.0075262527985074,385,385,partsupp_deep_sift_10,1.4062660932540894,643.4195556640625
partsupp_deep_sift_10,adaptive_sampling,0.5,0.2,5369867,3988499,3961814.8085680557,1.0067353454720387,385,385,partsupp_deep_sift_10,1.428285837173462,634.130615234375
partsupp_deep_sift_10,adaptive_sampling,0.5,0.2,7520880,4019053,4156060.0438522515,1.034089384701384,385,385,partsupp_deep_sift_10,1.4699026346206665,666.4877319335938
partsupp_deep_sift_10,adaptive_sampling,0.5,0.2,6025740,4008491,4214673.638050262,1.0514364727400565,385,385,partsupp_deep_sift_10,1.4121990203857422,618.0891723632812
partsupp_deep_sift_10,adaptive_sampling,0.5,0.2,3454116,3994869,4125943.666722888,1.032810754676283,385,385,partsupp_deep_sift_10,1.4082080125808716,666.1571044921875
partsupp_deep_sift_10,adaptive_sampling,0.5,0.2,6288378,3993060,4066790.352504638,1.018464624249232,385,385,partsupp_deep_sift_10,1.4255881309509277,626.3770751953125
partsupp_deep_sift_10,adaptive_sampling,0.5,0.2,1370862,4018531,4036889.8633833695,1.0045685508916988,385,385,partsupp_deep_sift_10,1.4165623188018799,619.3867797851562
partsupp_deep_sift_10,adaptive_sampling,0.5,0.2,2964065,4011870,4210355.877888346,1.0494746534380093,385,385,partsupp_deep_sift_10,1.4146913290023804,658.9640502929688
partsupp_deep_sift_10,adaptive_sampling,0.5,0.2,7031696,3995063,3978384.213189408,1.0041923519491398,385,385,partsupp_deep_sift_10,1.4201661348342896,640.108154296875
partsupp_deep_sift_10,adaptive_sampling,0.5,0.2,4389879,4012546,4003858.9981447128,1.0021696572879595,385,385,partsupp_deep_sift_10,1.4111994504928589,680.759765625
partsupp_deep_sift_10,adaptive_sampling,0.5,0.2,332506,3999163,4156060.0438522515,1.0392324703574851,385,385,partsupp_deep_sift_10,1.4159905910491943,661.3389282226562
partsupp_deep_sift_10,adaptive_sampling,0.5,0.2,7799146,3997093,3789698.0941136787,1.05472597044299,385,385,partsupp_deep_sift_10,1.418076753616333,639.6196899414062
partsupp_deep_sift_10,adaptive_sampling,0.5,0.2,3041529,4010971,4111371.2261764207,1.0250314016671824,385,385,partsupp_deep_sift_10,1.427112102508545,635.899658203125
partsupp_deep_sift_10,adaptive_sampling,0.5,0.2,737452,4013865,4007421.1502782935,1.0016079791666666,385,385,partsupp_deep_sift_10,1.4392606019973755,611.4957885742188
partsupp_deep_sift_10,adaptive_sampling,0.5,0.2,5167757,4025629,4169822.9043683587,1.0358189749647468,385,385,partsupp_deep_sift_10,1.4434117078781128,640.1943359375
partsupp_deep_sift_10,adaptive_sampling,0.5,0.2,1813464,4021627,4126159.5547309835,1.0259926031755267,385,385,partsupp_deep_sift_10,1.4582363367080688,636.619873046875
partsupp_deep_sift_10,adaptive_sampling,0.5,0.2,6207689,3996333,4199885.3094957,1.0509347718259965,385,385,partsupp_deep_sift_10,1.422332763671875,665.8818969726562
partsupp_deep_sift_10,adaptive_sampling,0.5,0.2,7385883,3996064,3620441.895766571,1.103750347346452,385,385,partsupp_deep_sift_10,1.3873482942581177,617.814697265625
partsupp_deep_sift_10,adaptive_sampling,0.5,0.2,1110231,4001096,3702209.4788328554,1.0807319312632115,385,385,partsupp_deep_sift_10,1.4345089197158813,679.2913208007812
partsupp_deep_sift_10,adaptive_sampling,0.5,0.2,4260736,4009288,3934558.947545961,1.0189929934842248,385,385,partsupp_deep_sift_10,1.4356573820114136,670.2698364257812
partsupp_deep_sift_10,adaptive_sampling,0.5,0.2,7241835,3976245,4199291.617473436,1.0560947872863558,385,385,partsupp_deep_sift_10,1.4301786422729492,620.0626220703125
partsupp_deep_sift_10,adaptive_sampling,0.5,0.2,5886526,4018758,3976117.389104402,1.0107241830969187,385,385,partsupp_deep_sift_10,1.412974238395691,662.5717163085938
partsupp_deep_sift_10,adaptive_sampling,0.5,0.2,7903428,4004254,3771995.277449823,1.0615744998247196,385,385,partsupp_deep_sift_10,1.3981387615203857,617.6605834960938
partsupp_deep_sift_10,adaptive_sampling,0.5,0.2,2010126,4021419,4196862.877382359,1.0436273557623212,385,385,partsupp_deep_sift_10,1.4544390439987183,616.2199096679688
partsupp_deep_sift_10,adaptive_sampling,0.5,0.2,64433,3986342,3774293.46783257,1.056182311729247,382,382,partsupp_deep_sift_10,1.4384466409683228,614.6873779296875
partsupp_deep_sift_10,adaptive_sampling,0.5,0.2,6427842,4023986,4191222.8283215924,1.0415599925848629,382,382,partsupp_deep_sift_10,1.3803032636642456,634.6930541992188
partsupp_deep_sift_10,adaptive_sampling,0.5,0.2,1934109,4001866,3877689.7563115046,1.0320232539197807,382,382,partsupp_deep_sift_10,1.4296271800994873,626.2359008789062
partsupp_deep_sift_10,adaptive_sampling,0.5,0.2,2037726,3994670,4021819.5773142185,1.0067964505989777,382,382,partsupp_deep_sift_10,1.4347000122070312,666.9225463867188
partsupp_deep_sift_10,adaptive_sampling,0.5,0.2,944719,3994268,3893533.620240673,1.0258722254857788,382,382,partsupp_deep_sift_10,1.3854999542236328,650.714111328125
partsupp_deep_sift_10,adaptive_sampling,0.5,0.2,5909334,3985472,4056029.1658671633,1.0177035909089722,382,382,partsupp_deep_sift_10,1.4626657962799072,637.1847534179688
partsupp_deep_sift_10,adaptive_sampling,0.5,0.2,7834709,3999257,4205641.292727721,1.0516056589330771,382,382,partsupp_deep_sift_10,1.445945382118225,683.0167236328125
partsupp_deep_sift_10,adaptive_sampling,0.5,0.2,7376316,4023006,4190674.5977358073,1.041677441628426,382,382,partsupp_deep_sift_10,1.4267233610153198,602.4107055664062
partsupp_deep_sift_10,adaptive_sampling,0.5,0.2,5165847,4001727,3945067.295304405,1.0143621643065592,382,382,partsupp_deep_sift_10,1.4417634010314941,640.8015747070312
partsupp_deep_sift_10,adaptive_sampling,0.5,0.2,1376518,3999356,3994627.3402593127,1.0011837549132632,382,382,partsupp_deep_sift_10,1.4110527038574219,662.2536010742188
partsupp_deep_sift_10,adaptive_sampling,0.5,0.2,378067,3997644,3784161.6183766895,1.056414710351322,382,382,partsupp_deep_sift_10,1.430962085723877,629.2711181640625
partsupp_deep_sift_10,adaptive_sampling,0.5,0.2,2548244,3958107,4026205.4220004934,1.0172047956259125,382,382,partsupp_deep_sift_10,1.4641916751861572,672.333984375
partsupp_deep_sift_10,adaptive_sampling,0.5,0.2,6059356,4013914,4024889.668594611,1.0027344055190548,382,382,partsupp_deep_sift_10,1.3995420932769775,636.7247924804688
partsupp_deep_sift_10,adaptive_sampling,0.5,0.2,2093515,4009286,3878183.1638387106,1.0338052202855528,382,382,partsupp_deep_sift_10,1.4051294326782227,641.44873046875
partsupp_deep_sift_10,adaptive_sampling,0.5,0.2,7666555,3980759,3864367.753076944,1.0301190917532062,382,382,partsupp_deep_sift_10,1.4397636651992798,627.90576171875
partsupp_deep_sift_10,adaptive_sampling,0.5,0.2,4888112,3993814,3980702.28338039,1.003293819955929,382,382,partsupp_deep_sift_10,1.4243109226226807,626.3706665039062
partsupp_deep_sift_10,adaptive_sampling,0.5,0.2,3745676,4005064,4070941.0378004983,1.0164484357304897,382,382,partsupp_deep_sift_10,1.4126018285751343,605.6427612304688
partsupp_deep_sift_10,adaptive_sampling,0.5,0.2,1117872,4007912,4066006.962528439,1.0144950693848664,382,382,partsupp_deep_sift_10,1.4255980253219604,621.9918212890625
partsupp_deep_sift_10,adaptive_sampling,0.5,0.2,1782015,4001420,4069296.3460431457,1.0169630646228454,382,382,partsupp_deep_sift_10,1.4617587327957153,630.8971557617188
partsupp_deep_sift_10,adaptive_sampling,0.5,0.2,5399003,4016593,4085852.909733834,1.017243447303183,382,382,partsupp_deep_sift_10,1.4091395139694214,627.677001953125
partsupp_deep_sift_10,adaptive_sampling,0.5,0.2,7813502,4001117,3647871.494750692,1.0968360606336134,382,382,partsupp_deep_sift_10,1.3941435813903809,627.0905151367188
partsupp_deep_sift_10,adaptive_sampling,0.5,0.2,7712554,4001741,4130259.587182369,1.032115668450899,382,382,partsupp_deep_sift_10,1.4220010042190552,630.654052734375
partsupp_deep_sift_10,adaptive_sampling,0.5,0.2,1407909,4003956,4053342.835996821,1.0123345101686485,382,382,partsupp_deep_sift_10,1.4003993272781372,622.4043579101562
partsupp_deep_sift_10,adaptive_sampling,0.5,0.2,25058,4003807,3966174.172857104,1.009488445414334,382,382,partsupp_deep_sift_10,1.4305391311645508,616.8440551757812
partsupp_deep_sift_10,adaptive_sampling,0.5,0.2,5261130,3992956,3820454.483155615,1.0451520931881126,382,382,partsupp_deep_sift_10,1.4133633375167847,656.5875854492188
partsupp_deep_sift_10,adaptive_sampling,0.5,0.2,6080832,4013060,3892985.389654889,1.0308438379101534,382,382,partsupp_deep_sift_10,1.439018726348877,615.2765502929688
partsupp_deep_sift_10,adaptive_sampling,0.5,0.2,2248413,4005296,3993092.294619117,1.0030562041847437,382,382,partsupp_deep_sift_10,1.4082839488983154,637.1064453125
partsupp_deep_sift_10,adaptive_sampling,0.5,0.2,3861353,4001887,4387215.262739508,1.096286642461296,382,382,partsupp_deep_sift_10,1.45749032497406,614.3177490234375
partsupp_deep_sift_10,adaptive_sampling,0.5,0.2,4878920,4003228,3878183.1638387106,1.0322431486287815,382,382,partsupp_deep_sift_10,1.4392833709716797,615.0382690429688
partsupp_deep_sift_10,adaptive_sampling,0.5,0.2,3401984,3990637,4160960.499986294,1.0426807800324345,382,382,partsupp_deep_sift_10,1.4596662521362305,659.7720336914062
partsupp_deep_sift_10,adaptive_sampling,0.5,0.2,1227788,3997087,3951975.000685288,1.0114150517923037,382,382,partsupp_deep_sift_10,1.4024406671524048,635.8062133789062
partsupp_deep_sift_10,adaptive_sampling,0.5,0.2,6908906,3976009,3677366.3002658924,1.0812110285865497,382,382,partsupp_deep_sift_10,1.4197509288787842,636.4683837890625
partsupp_deep_sift_10,adaptive_sampling,0.5,0.2,6867890,4009045,4233436.58342699,1.0559713306852354,382,382,partsupp_deep_sift_10,1.4297560453414917,621.0199584960938
partsupp_deep_sift_10,adaptive_sampling,0.5,0.2,1544377,4015102,3945067.295304405,1.0177524740272375,382,382,partsupp_deep_sift_10,1.4346429109573364,627.9521484375
partsupp_deep_sift_10,adaptive_sampling,0.5,0.2,6309693,4009567,4005372.6597406873,1.001047178531344,382,382,partsupp_deep_sift_10,1.4379645586013794,637.111083984375
partsupp_deep_sift_10,adaptive_sampling,0.5,0.2,2552747,3998817,4220059.757133851,1.0553270522591685,382,382,partsupp_deep_sift_10,1.4579731225967407,651.8260498046875
partsupp_deep_sift_10,adaptive_sampling,0.5,0.2,481105,3989677,3704065.129793591,1.0771076803993251,382,382,partsupp_deep_sift_10,1.4274073839187622,628.44189453125
partsupp_deep_sift_10,adaptive_sampling,0.5,0.2,7176724,4003476,3792056.138811984,1.0557533573999913,382,382,partsupp_deep_sift_10,1.427677035331726,632.1041259765625
partsupp_deep_sift_10,adaptive_sampling,0.5,0.2,5591179,4035842,3603848.578712206,1.1198700255719851,382,382,partsupp_deep_sift_10,1.434490442276001,612.73291015625
partsupp_deep_sift_10,adaptive_sampling,0.5,0.2,5278949,3987453,3425563.9922151254,1.1640281743566354,382,382,partsupp_deep_sift_10,1.3815521001815796,618.9522705078125
partsupp_deep_sift_10,adaptive_sampling,0.5,0.2,6922681,4016794,3788547.463062964,1.0602464504305045,382,382,partsupp_deep_sift_10,1.4127548933029175,628.6798095703125
partsupp_deep_sift_10,adaptive_sampling,0.5,0.2,3447240,4011466,4129821.0027137417,1.0295041769551934,382,382,partsupp_deep_sift_10,1.4038163423538208,612.9969482421875
partsupp_deep_sift_10,adaptive_sampling,0.5,0.2,4147711,3998236,4130259.587182369,1.033020458817931,382,382,partsupp_deep_sift_10,1.4483668804168701,683.5108032226562
partsupp_deep_sift_10,adaptive_sampling,0.5,0.2,3626284,3981272,3863216.468846797,1.0305588703364696,382,382,partsupp_deep_sift_10,1.42202889919281,643.8819580078125
partsupp_deep_sift_10,adaptive_sampling,0.5,0.2,1298658,3997833,3787615.4710671306,1.0555012858455883,382,382,partsupp_deep_sift_10,1.4080673456192017,561.0577392578125
partsupp_deep_sift_10,adaptive_sampling,0.5,0.2,2109177,3995181,4124886.9274416817,1.0324655947857386,382,382,partsupp_deep_sift_10,1.402542233467102,642.9133911132812
partsupp_deep_sift_10,adaptive_sampling,0.5,0.2,7938046,3983032,3763219.209999726,1.0584108386288478,382,382,partsupp_deep_sift_10,1.418548822402954,676.59130859375
partsupp_deep_sift_10,adaptive_sampling,0.5,0.2,6347870,4006284,3663386.42032839,1.093601258597468,382,382,partsupp_deep_sift_10,1.4087820053100586,555.145263671875
partsupp_deep_sift_10,adaptive_sampling,0.5,0.2,3511592,3988006,3915682.1359063624,1.0184703103018593,382,382,partsupp_deep_sift_10,1.4253566265106201,607.5328369140625
partsupp_deep_sift_10,adaptive_sampling,0.5,0.2,6110214,3988413,4094843.891340698,1.0266850226746072,382,382,partsupp_deep_sift_10,1.4645493030548096,620.1671142578125
partsupp_deep_sift_10,adaptive_sampling,0.5,0.3,1458649,4002500,4306965.761511217,1.0760688973169812,385,385,partsupp_deep_sift_10,1.4391306638717651,664.3377685546875
partsupp_deep_sift_10,adaptive_sampling,0.5,0.3,3590985,3993499,3905252.1504469556,1.0225969658688863,385,385,partsupp_deep_sift_10,1.4676417112350464,672.9625244140625
partsupp_deep_sift_10,adaptive_sampling,0.5,0.3,2861019,4006018,4021615.7868105923,1.003893588798301,385,385,partsupp_deep_sift_10,1.4419426918029785,679.1358642578125
partsupp_deep_sift_10,adaptive_sampling,0.5,0.3,7811320,3987246,4171118.2324169334,1.0461150960881103,385,385,partsupp_deep_sift_10,1.423879861831665,633.5346069335938
partsupp_deep_sift_10,adaptive_sampling,0.5,0.3,1427886,4007070,3934558.947545961,1.0184292708333331,385,385,partsupp_deep_sift_10,1.4084488153457642,692.4059448242188
partsupp_deep_sift_10,adaptive_sampling,0.5,0.3,4288339,3981582,3869954.4611232923,1.0288446647106815,385,385,partsupp_deep_sift_10,1.3922011852264404,687.5963134765625
partsupp_deep_sift_10,adaptive_sampling,0.5,0.3,3227404,3996517,4110507.6741440375,1.0285225045068087,385,385,partsupp_deep_sift_10,1.451580286026001,710.3466186523438
partsupp_deep_sift_10,adaptive_sampling,0.5,0.3,5886013,3993625,4216184.854106932,1.055728781271885,385,385,partsupp_deep_sift_10,1.4272947311401367,643.79052734375
partsupp_deep_sift_10,adaptive_sampling,0.5,0.3,2636413,4018716,4169660.9883622876,1.0375605015040346,385,385,partsupp_deep_sift_10,1.4194763898849487,656.4693603515625
partsupp_deep_sift_10,adaptive_sampling,0.5,0.3,6936640,3997016,3818357.2271883963,1.0467894338275827,385,385,partsupp_deep_sift_10,1.444796085357666,618.629150390625
partsupp_deep_sift_10,adaptive_sampling,0.5,0.3,5469472,4004377,3963703.8286388936,1.01026140527131,385,385,partsupp_deep_sift_10,1.3885020017623901,620.4680786132812
partsupp_deep_sift_10,adaptive_sampling,0.5,0.3,4444886,4003665,4186068.476977568,1.0455591256954735,385,385,partsupp_deep_sift_10,1.4074809551239014,633.10205078125
partsupp_deep_sift_10,adaptive_sampling,0.5,0.3,6631898,4026580,3890841.625906561,1.0348866356290747,385,385,partsupp_deep_sift_10,1.4154587984085083,602.7586669921875
partsupp_deep_sift_10,adaptive_sampling,0.5,0.3,7640583,4009466,3804378.478664193,1.0539082855415107,385,385,partsupp_deep_sift_10,1.4737664461135864,654.9603271484375
partsupp_deep_sift_10,adaptive_sampling,0.5,0.3,7822107,4010090,4194703.997301401,1.0460373700593755,385,385,partsupp_deep_sift_10,1.4135338068008423,624.0580444335938
partsupp_deep_sift_10,adaptive_sampling,0.5,0.3,6733700,4010016,4150231.0676336656,1.0349662115147833,385,385,partsupp_deep_sift_10,1.4016125202178955,708.0118408203125
partsupp_deep_sift_10,adaptive_sampling,0.5,0.3,839131,3987922,3492744.1389779053,1.1417732995371943,385,385,partsupp_deep_sift_10,1.4024919271469116,566.1492919921875
partsupp_deep_sift_10,adaptive_sampling,0.5,0.3,6952719,4004996,4199885.3094957,1.0486615490991,385,385,partsupp_deep_sift_10,1.4401837587356567,612.8085327148438
partsupp_deep_sift_10,adaptive_sampling,0.5,0.3,3862714,4028211,4081416.7650531293,1.0132082865205247,385,385,partsupp_deep_sift_10,1.4451992511749268,684.5757446289062
partsupp_deep_sift_10,adaptive_sampling,0.5,0.3,695062,3970675,3961113.172541744,1.0024139243292864,385,385,partsupp_deep_sift_10,1.432538628578186,655.345947265625
partsupp_deep_sift_10,adaptive_sampling,0.5,0.3,6815544,4001557,4050652.7238994776,1.0122691552062053,385,385,partsupp_deep_sift_10,1.4154349565505981,681.4193115234375
partsupp_deep_sift_10,adaptive_sampling,0.5,0.3,6963267,4025219,4035594.535334795,1.0025776325051619,385,385,partsupp_deep_sift_10,1.4584711790084839,637.5148315429688
partsupp_deep_sift_10,adaptive_sampling,0.5,0.3,3402371,4015064,3992578.8497217074,1.0056317360594793,385,385,partsupp_deep_sift_10,1.4491260051727295,607.5499267578125
partsupp_deep_sift_10,adaptive_sampling,0.5,0.3,6909999,3988984,4243494.687131051,1.063803386308657,385,385,partsupp_deep_sift_10,1.4679025411605835,668.3507080078125
partsupp_deep_sift_10,adaptive_sampling,0.5,0.3,6366790,3985750,3961814.8085680557,1.0060414715448538,385,385,partsupp_deep_sift_10,1.4417033195495605,633.1465454101562
partsupp_deep_sift_10,adaptive_sampling,0.5,0.3,481095,3995820,4017082.1386405802,1.0053210952046339,385,385,partsupp_deep_sift_10,1.432680368423462,646.066162109375
partsupp_deep_sift_10,adaptive_sampling,0.5,0.3,3528014,4007674,3818627.087198516,1.0495065133317785,385,385,partsupp_deep_sift_10,1.4062660932540894,643.4195556640625
partsupp_deep_sift_10,adaptive_sampling,0.5,0.3,5369867,3988499,4066466.5204924946,1.0195480857566956,385,385,partsupp_deep_sift_10,1.428285837173462,634.130615234375
partsupp_deep_sift_10,adaptive_sampling,0.5,0.3,7520880,4019053,3876431.1013661665,1.036792063344959,385,385,partsupp_deep_sift_10,1.4699026346206665,666.4877319335938
partsupp_deep_sift_10,adaptive_sampling,0.5,0.3,6025740,4008491,3889330.4098498905,1.0306378161773888,385,385,partsupp_deep_sift_10,1.4121990203857422,618.0891723632812
partsupp_deep_sift_10,adaptive_sampling,0.5,0.3,3454116,3994869,3798549.5024456065,1.0516827534899829,385,385,partsupp_deep_sift_10,1.4082080125808716,666.1571044921875
partsupp_deep_sift_10,adaptive_sampling,0.5,0.3,6288378,3993060,3905252.1504469556,1.022484553153116,385,385,partsupp_deep_sift_10,1.4255881309509277,626.3770751953125
partsupp_deep_sift_10,adaptive_sampling,0.5,0.3,1370862,4018531,4228760.3305785125,1.0523149704652055,385,385,partsupp_deep_sift_10,1.4165623188018799,619.3867797851562
partsupp_deep_sift_10,adaptive_sampling,0.5,0.3,2964065,4011870,3963541.912632822,1.012193156634258,385,385,partsupp_deep_sift_10,1.4146913290023804,658.9640502929688
partsupp_deep_sift_10,adaptive_sampling,0.5,0.3,7031696,3995063,4066790.352504638,1.0179539978480034,385,385,partsupp_deep_sift_10,1.4201661348342896,640.108154296875
partsupp_deep_sift_10,adaptive_sampling,0.5,0.3,4389879,4012546,4034946.871310508,1.0055827076650357,385,385,partsupp_deep_sift_10,1.4111994504928589,680.759765625
partsupp_deep_sift_10,adaptive_sampling,0.5,0.3,332506,3999163,4066466.5204924946,1.0168294016754242,385,385,partsupp_deep_sift_10,1.4159905910491943,661.3389282226562
partsupp_deep_sift_10,adaptive_sampling,0.5,0.3,7799146,3997093,3847124.3042671615,1.0389820249807098,385,385,partsupp_deep_sift_10,1.418076753616333,639.6196899414062
partsupp_deep_sift_10,adaptive_sampling,0.5,0.3,3041529,4010971,3843238.3201214373,1.0436435802069288,385,385,partsupp_deep_sift_10,1.427112102508545,635.899658203125
partsupp_deep_sift_10,adaptive_sampling,0.5,0.3,737452,4013865,3826075.223477821,1.0490815693768514,385,385,partsupp_deep_sift_10,1.4392606019973755,611.4957885742188
partsupp_deep_sift_10,adaptive_sampling,0.5,0.3,5167757,4025629,3977736.549165121,1.0120401263992538,385,385,partsupp_deep_sift_10,1.4434117078781128,640.1943359375
partsupp_deep_sift_10,adaptive_sampling,0.5,0.3,1813464,4021627,4185096.980941137,1.040647723158099,385,385,partsupp_deep_sift_10,1.4582363367080688,636.619873046875
partsupp_deep_sift_10,adaptive_sampling,0.5,0.3,6207689,3996333,3862020.576825772,1.0347777595956313,385,385,partsupp_deep_sift_10,1.422332763671875,665.8818969726562
partsupp_deep_sift_10,adaptive_sampling,0.5,0.3,7385883,3996064,3992848.7097318266,1.000805262233036,385,385,partsupp_deep_sift_10,1.3873482942581177,617.814697265625
partsupp_deep_sift_10,adaptive_sampling,0.5,0.3,1110231,4001096,3847124.3042671615,1.0400225424382716,385,385,partsupp_deep_sift_10,1.4345089197158813,679.2913208007812
partsupp_deep_sift_10,adaptive_sampling,0.5,0.3,4260736,4009288,4110507.6741440375,1.0252462966352225,385,385,partsupp_deep_sift_10,1.4356573820114136,670.2698364257812
partsupp_deep_sift_10,adaptive_sampling,0.5,0.3,7241835,3976245,3833091.5837409343,1.0373467247342298,385,385,partsupp_deep_sift_10,1.4301786422729492,620.0626220703125
partsupp_deep_sift_10,adaptive_sampling,0.5,0.3,5886526,4018758,3934504.9755439367,1.0214138817919314,385,385,partsupp_deep_sift_10,1.412974238395691,662.5717163085938
partsupp_deep_sift_10,adaptive_sampling,0.5,0.3,7903428,4004254,4301352.673300726,1.0741957611332165,385,385,partsupp_deep_sift_10,1.3981387615203857,617.6605834960938
partsupp_deep_sift_10,adaptive_sampling,0.5,0.3,2010126,4021419,3934558.947545961,1.0220761853137859,385,385,partsupp_deep_sift_10,1.4544390439987183,616.2199096679688
partsupp_deep_sift_10,adaptive_sampling,0.5,0.3,64433,3986342,3813053.370247526,1.0454461590033357,382,382,partsupp_deep_sift_10,1.4384466409683228,614.6873779296875
partsupp_deep_sift_10,adaptive_sampling,0.5,0.3,6427842,4023986,4011403.1961843157,1.0031367586852533,382,382,partsupp_deep_sift_10,1.3803032636642456,634.6930541992188
partsupp_deep_sift_10,adaptive_sampling,0.5,0.3,1934109,4001866,4145993.804994381,1.0360151501810357,382,382,partsupp_deep_sift_10,1.4296271800994873,626.2359008789062
partsupp_deep_sift_10,adaptive_sampling,0.5,0.3,2037726,3994670,3662289.959156821,1.0907574344331008,382,382,partsupp_deep_sift_10,1.4347000122070312,666.9225463867188
partsupp_deep_sift_10,adaptive_sampling,0.5,0.3,944719,3994268,4128614.8954250156,1.0336349227004837,382,382,partsupp_deep_sift_10,1.3854999542236328,650.714111328125
partsupp_deep_sift_10,adaptive_sampling,0.5,0.3,5909334,3985472,4054658.5894027026,1.017359697772987,382,382,partsupp_deep_sift_10,1.4626657962799072,637.1847534179688
partsupp_deep_sift_10,adaptive_sampling,0.5,0.3,7834709,3999257,3987335.873468381,1.0029897472673275,382,382,partsupp_deep_sift_10,1.445945382118225,683.0167236328125
partsupp_deep_sift_10,adaptive_sampling,0.5,0.3,7376316,4023006,3575779.1727200462,1.1250711539157365,382,382,partsupp_deep_sift_10,1.4267233610153198,602.4107055664062
partsupp_deep_sift_10,adaptive_sampling,0.5,0.3,5165847,4001727,3937611.359337737,1.0162828768030185,382,382,partsupp_deep_sift_10,1.4417634010314941,640.8015747070312
partsupp_deep_sift_10,adaptive_sampling,0.5,0.3,1376518,3999356,3473588.9915298373,1.1513613181502527,382,382,partsupp_deep_sift_10,1.4110527038574219,662.2536010742188
partsupp_deep_sift_10,adaptive_sampling,0.5,0.3,378067,3997644,4236890.436117431,1.0598468588292083,382,382,partsupp_deep_sift_10,1.430962085723877,629.2711181640625
partsupp_deep_sift_10,adaptive_sampling,0.5,0.3,2548244,3958107,4010306.7350127464,1.0131880555560389,382,382,partsupp_deep_sift_10,1.4641916751861572,672.333984375
partsupp_deep_sift_10,adaptive_sampling,0.5,0.3,6059356,4013914,4010306.7350127464,1.0008994985235817,382,382,partsupp_deep_sift_10,1.3995420932769775,636.7247924804688
partsupp_deep_sift_10,adaptive_sampling,0.5,0.3,2093515,4009286,3965077.711685535,1.0111494128309713,382,382,partsupp_deep_sift_10,1.4051294326782227,641.44873046875
partsupp_deep_sift_10,adaptive_sampling,0.5,0.3,7666555,3980759,4234258.929305666,1.0636813053253578,382,382,partsupp_deep_sift_10,1.4397636651992798,627.90576171875
partsupp_deep_sift_10,adaptive_sampling,0.5,0.3,4888112,3993814,3875551.6570269456,1.030514970109772,382,382,partsupp_deep_sift_10,1.4243109226226807,626.3706665039062
partsupp_deep_sift_10,adaptive_sampling,0.5,0.3,3745676,4005064,4096927.167566679,1.022936753961155,382,382,partsupp_deep_sift_10,1.4126018285751343,605.6427612304688
partsupp_deep_sift_10,adaptive_sampling,0.5,0.3,1117872,4007912,3792056.138811984,1.0569231713050644,382,382,partsupp_deep_sift_10,1.4255980253219604,621.9918212890625
partsupp_deep_sift_10,adaptive_sampling,0.5,0.3,1782015,4001420,4018365.724623777,1.0042349277565907,382,382,partsupp_deep_sift_10,1.4617587327957153,630.8971557617188
partsupp_deep_sift_10,adaptive_sampling,0.5,0.3,5399003,4016593,4174830.7338066385,1.0393960089575016,382,382,partsupp_deep_sift_10,1.4091395139694214,627.677001953125
partsupp_deep_sift_10,adaptive_sampling,0.5,0.3,7813502,4001117,4344179.161755434,1.085741597097869,382,382,partsupp_deep_sift_10,1.3941435813903809,627.0905151367188
partsupp_deep_sift_10,adaptive_sampling,0.5,0.3,7712554,4001741,3917984.704366656,1.0213773921934908,382,382,partsupp_deep_sift_10,1.4220010042190552,630.654052734375
partsupp_deep_sift_10,adaptive_sampling,0.5,0.3,1407909,4003956,3922918.779638716,1.0206573790877076,382,382,partsupp_deep_sift_10,1.4003993272781372,622.4043579101562
partsupp_deep_sift_10,adaptive_sampling,0.5,0.3,25058,4003807,3922809.1335215596,1.0206479244137294,382,382,partsupp_deep_sift_10,1.4305391311645508,616.8440551757812
partsupp_deep_sift_10,adaptive_sampling,0.5,0.3,5261130,3992956,3734601.573421782,1.0691785780889884,382,382,partsupp_deep_sift_10,1.4133633375167847,656.5875854492188
partsupp_deep_sift_10,adaptive_sampling,0.5,0.3,6080832,4013060,3996600.970368137,1.0041182569272975,382,382,partsupp_deep_sift_10,1.439018726348877,615.2765502929688
partsupp_deep_sift_10,adaptive_sampling,0.5,0.3,2248413,4005296,4006469.120912256,1.0002928924384755,382,382,partsupp_deep_sift_10,1.4082839488983154,637.1064453125
partsupp_deep_sift_10,adaptive_sampling,0.5,0.3,3861353,4001887,4278830.075929936,1.0692031224094873,382,382,partsupp_deep_sift_10,1.45749032497406,614.3177490234375
partsupp_deep_sift_10,adaptive_sampling,0.5,0.3,4878920,4003228,4236945.25917601,1.0583822003583134,382,382,partsupp_deep_sift_10,1.4392833709716797,615.0382690429688
partsupp_deep_sift_10,adaptive_sampling,0.5,0.3,3401984,3990637,4026040.952824758,1.0088717547661583,382,382,partsupp_deep_sift_10,1.4596662521362305,659.7720336914062
partsupp_deep_sift_10,adaptive_sampling,0.5,0.3,1227788,3997087,3949233.8477563662,1.0121170723457715,382,382,partsupp_deep_sift_10,1.4024406671524048,635.8062133789062
partsupp_deep_sift_10,adaptive_sampling,0.5,0.3,6908906,3976009,3777308.736054385,1.052603659862119,382,382,partsupp_deep_sift_10,1.4197509288787842,636.4683837890625
partsupp_deep_sift_10,adaptive_sampling,0.5,0.3,6867890,4009045,4051588.4981223103,1.0106118784204992,382,382,partsupp_deep_sift_10,1.4297560453414917,621.0199584960938
partsupp_deep_sift_10,adaptive_sampling,0.5,0.3,1544377,4015102,3773690.4141882076,1.063972281590493,382,382,partsupp_deep_sift_10,1.4346429109573364,627.9521484375
partsupp_deep_sift_10,adaptive_sampling,0.5,0.3,6309693,4009567,3981689.0984348017,1.0070015264567385,382,382,partsupp_deep_sift_10,1.4379645586013794,637.111083984375
partsupp_deep_sift_10,adaptive_sampling,0.5,0.3,2552747,3998817,3864148.46084263,1.034850767386925,382,382,partsupp_deep_sift_10,1.4579731225967407,651.8260498046875
partsupp_deep_sift_10,adaptive_sampling,0.5,0.3,481105,3989677,3936734.190400482,1.0134484085129791,382,382,partsupp_deep_sift_10,1.4274073839187622,628.44189453125
partsupp_deep_sift_10,adaptive_sampling,0.5,0.3,7176724,4003476,4204544.8315561535,1.0502235636122592,382,382,partsupp_deep_sift_10,1.427677035331726,632.1041259765625
partsupp_deep_sift_10,adaptive_sampling,0.5,0.3,5591179,4035842,3993914.6404977934,1.010497810613444,382,382,partsupp_deep_sift_10,1.434490442276001,612.73291015625
partsupp_deep_sift_10,adaptive_sampling,0.5,0.3,5278949,3987453,3970285.9022504864,1.004323894594035,382,382,partsupp_deep_sift_10,1.3815521001815796,618.9522705078125
partsupp_deep_sift_10,adaptive_sampling,0.5,0.3,6922681,4016794,4145116.636057126,1.0319465315017713,382,382,partsupp_deep_sift_10,1.4127548933029175,628.6798095703125
partsupp_deep_sift_10,adaptive_sampling,0.5,0.3,3447240,4011466,4342644.1161152385,1.0825578768747481,382,382,partsupp_deep_sift_10,1.4038163423538208,612.9969482421875
partsupp_deep_sift_10,adaptive_sampling,0.5,0.3,4147711,3998236,4038814.725473535,1.0101491571466854,382,382,partsupp_deep_sift_10,1.4483668804168701,683.5108032226562
partsupp_deep_sift_10,adaptive_sampling,0.5,0.3,3626284,3981272,3864477.3991941013,1.0302226119449567,382,382,partsupp_deep_sift_10,1.42202889919281,643.8819580078125
partsupp_deep_sift_10,adaptive_sampling,0.5,0.3,1298658,3997833,3892546.8051862614,1.0270481512703866,382,382,partsupp_deep_sift_10,1.4080673456192017,561.0577392578125
partsupp_deep_sift_10,adaptive_sampling,0.5,0.3,2109177,3995181,4371261.752693183,1.0941335956226221,382,382,partsupp_deep_sift_10,1.402542233467102,642.9133911132812
partsupp_deep_sift_10,adaptive_sampling,0.5,0.3,7938046,3983032,3994627.3402593127,1.0029111843086655,382,382,partsupp_deep_sift_10,1.418548822402954,676.59130859375
partsupp_deep_sift_10,adaptive_sampling,0.5,0.3,6347870,4006284,4221046.572188263,1.0536064273496992,382,382,partsupp_deep_sift_10,1.4087820053100586,555.145263671875
partsupp_deep_sift_10,adaptive_sampling,0.5,0.3,3511592,3988006,3465365.5327430717,1.150818279433634,382,382,partsupp_deep_sift_10,1.4253566265106201,607.5328369140625
partsupp_deep_sift_10,adaptive_sampling,0.5,0.3,6110214,3988413,3763054.7408239907,1.059887053125,382,382,partsupp_deep_sift_10,1.4645493030548096,620.1671142578125
partsupp_deep_sift_10,adaptive_sampling,0.5,0.4,1458649,4002500,4304267.161410019,1.0753946686845768,385,385,partsupp_deep_sift_10,1.4391306638717651,664.3377685546875
partsupp_deep_sift_10,adaptive_sampling,0.5,0.4,3590985,3993499,4051786.1359419804,1.0145955053305336,385,385,partsupp_deep_sift_10,1.4676417112350464,672.9625244140625
partsupp_deep_sift_10,adaptive_sampling,0.5,0.4,2861019,4006018,4021130.038792377,1.0037723342212583,385,385,partsupp_deep_sift_10,1.4419426918029785,679.1358642578125
partsupp_deep_sift_10,adaptive_sampling,0.5,0.4,7811320,3987246,4036889.8633833695,1.012450664790527,385,385,partsupp_deep_sift_10,1.423879861831665,633.5346069335938
partsupp_deep_sift_10,adaptive_sampling,0.5,0.4,1427886,4007070,3773614.437510541,1.0618652399060329,385,385,partsupp_deep_sift_10,1.4084488153457642,692.4059448242188
partsupp_deep_sift_10,adaptive_sampling,0.5,0.4,4288339,3981582,3856083.656603137,1.0325455447995688,385,385,partsupp_deep_sift_10,1.3922011852264404,687.5963134765625
partsupp_deep_sift_10,adaptive_sampling,0.5,0.4,3227404,3996517,4244897.959183673,1.0621493563479583,385,385,partsupp_deep_sift_10,1.451580286026001,710.3466186523438
partsupp_deep_sift_10,adaptive_sampling,0.5,0.4,5886013,3993625,4155088.54781582,1.040430322780887,385,385,partsupp_deep_sift_10,1.4272947311401367,643.79052734375
partsupp_deep_sift_10,adaptive_sampling,0.5,0.4,2636413,4018716,4034946.871310508,1.0040388201879675,385,385,partsupp_deep_sift_10,1.4194763898849487,656.4693603515625
partsupp_deep_sift_10,adaptive_sampling,0.5,0.4,6936640,3997016,3703990.554899646,1.0791107430640554,385,385,partsupp_deep_sift_10,1.444796085357666,618.629150390625
partsupp_deep_sift_10,adaptive_sampling,0.5,0.4,5469472,4004377,4007637.038286389,1.0008141187221855,385,385,partsupp_deep_sift_10,1.3885020017623901,620.4680786132812
partsupp_deep_sift_10,adaptive_sampling,0.5,0.4,4444886,4003665,4066142.688480351,1.0156051239252912,385,385,partsupp_deep_sift_10,1.4074809551239014,633.10205078125
partsupp_deep_sift_10,adaptive_sampling,0.5,0.4,6631898,4026580,3867363.805026143,1.041169179575745,385,385,partsupp_deep_sift_10,1.4154587984085083,602.7586669921875
partsupp_deep_sift_10,adaptive_sampling,0.5,0.4,7640583,4009466,4004722.550177096,1.0011844640330188,385,385,partsupp_deep_sift_10,1.4737664461135864,654.9603271484375
partsupp_deep_sift_10,adaptive_sampling,0.5,0.4,7822107,4010090,4164641.5921740597,1.0385406791802827,385,385,partsupp_deep_sift_10,1.4135338068008423,624.0580444335938
partsupp_deep_sift_10,adaptive_sampling,0.5,0.4,6733700,4010016,4020536.346770113,1.0026235174049463,385,385,partsupp_deep_sift_10,1.4016125202178955,708.0118408203125
partsupp_deep_sift_10,adaptive_sampling,0.5,0.4,839131,3987922,4231189.0706695905,1.061000960066318,385,385,partsupp_deep_sift_10,1.4024919271469116,566.1492919921875
partsupp_deep_sift_10,adaptive_sampling,0.5,0.4,6952719,4004996,4037105.751391466,1.008017424085184,385,385,partsupp_deep_sift_10,1.4401837587356567,612.8085327148438
partsupp_deep_sift_10,adaptive_sampling,0.5,0.4,3862714,4028211,4104840.6139315227,1.019023237345691,385,385,partsupp_deep_sift_10,1.4451992511749268,684.5757446289062
partsupp_deep_sift_10,adaptive_sampling,0.5,0.4,695062,3970675,3904118.738404453,1.0170477042465025,385,385,partsupp_deep_sift_10,1.432538628578186,655.345947265625
partsupp_deep_sift_10,adaptive_sampling,0.5,0.4,6815544,4001557,4102249.957834373,1.0251634445877875,385,385,partsupp_deep_sift_10,1.4154349565505981,681.4193115234375
partsupp_deep_sift_10,adaptive_sampling,0.5,0.4,6963267,4025219,4276849.384381852,1.0625134643312208,385,385,partsupp_deep_sift_10,1.4584711790084839,637.5148315429688
partsupp_deep_sift_10,adaptive_sampling,0.5,0.4,3402371,4015064,4231189.0706695905,1.0538285493505435,385,385,partsupp_deep_sift_10,1.4491260051727295,607.5499267578125
partsupp_deep_sift_10,adaptive_sampling,0.5,0.4,6909999,3988984,3934504.9755439367,1.0138464749173515,385,385,partsupp_deep_sift_10,1.4679025411605835,668.3507080078125
partsupp_deep_sift_10,adaptive_sampling,0.5,0.4,6366790,3985750,4183909.59689661,1.0497170160939875,385,385,partsupp_deep_sift_10,1.4417033195495605,633.1465454101562
partsupp_deep_sift_10,adaptive_sampling,0.5,0.4,481095,3995820,4200371.057513915,1.051191259244389,385,385,partsupp_deep_sift_10,1.432680368423462,646.066162109375
partsupp_deep_sift_10,adaptive_sampling,0.5,0.4,3528014,4007674,3761632.6530612246,1.0654081271701388,385,385,partsupp_deep_sift_10,1.4062660932540894,643.4195556640625
partsupp_deep_sift_10,adaptive_sampling,0.5,0.4,5369867,3988499,3890625.7378984652,1.0251561750461256,385,385,partsupp_deep_sift_10,1.428285837173462,634.130615234375
partsupp_deep_sift_10,adaptive_sampling,0.5,0.4,7520880,4019053,4207873.165795243,1.0469812579717768,385,385,partsupp_deep_sift_10,1.4699026346206665,666.4877319335938
partsupp_deep_sift_10,adaptive_sampling,0.5,0.4,6025740,4008491,4006665.5422499576,1.0004556052235438,385,385,partsupp_deep_sift_10,1.4121990203857422,618.0891723632812
partsupp_deep_sift_10,adaptive_sampling,0.5,0.4,3454116,3994869,3603494.6871310505,1.1086096544742086,385,385,partsupp_deep_sift_10,1.4082080125808716,666.1571044921875
partsupp_deep_sift_10,adaptive_sampling,0.5,0.4,6288378,3993060,3645862.7087198514,1.0952304897410845,385,385,partsupp_deep_sift_10,1.4255881309509277,626.3770751953125
partsupp_deep_sift_10,adaptive_sampling,0.5,0.4,1370862,4018531,4319109.461966606,1.0747980946188063,385,385,partsupp_deep_sift_10,1.4165623188018799,619.3867797851562
partsupp_deep_sift_10,adaptive_sampling,0.5,0.4,2964065,4011870,3891651.2059369204,1.0308914616704805,385,385,partsupp_deep_sift_10,1.4146913290023804,658.9640502929688
partsupp_deep_sift_10,adaptive_sampling,0.5,0.4,7031696,3995063,3919986.506999494,1.0191522325055073,385,385,partsupp_deep_sift_10,1.4201661348342896,640.108154296875
partsupp_deep_sift_10,adaptive_sampling,0.5,0.4,4389879,4012546,4381932.872322483,1.0920579782318964,385,385,partsupp_deep_sift_10,1.4111994504928589,680.759765625
partsupp_deep_sift_10,adaptive_sampling,0.5,0.4,332506,3999163,3919878.5629954464,1.020226248270295,385,385,partsupp_deep_sift_10,1.4159905910491943,661.3389282226562
partsupp_deep_sift_10,adaptive_sampling,0.5,0.4,7799146,3997093,4179052.1167144547,1.0455228629192403,385,385,partsupp_deep_sift_10,1.418076753616333,639.6196899414062
partsupp_deep_sift_10,adaptive_sampling,0.5,0.4,3041529,4010971,4022263.450834879,1.0028153907956152,385,385,partsupp_deep_sift_10,1.427112102508545,635.899658203125
partsupp_deep_sift_10,adaptive_sampling,0.5,0.4,737452,4013865,4120330.578512397,1.0265244542385947,385,385,partsupp_deep_sift_10,1.4392606019973755,611.4957885742188
partsupp_deep_sift_10,adaptive_sampling,0.5,0.4,5167757,4025629,3761146.905043009,1.0703195332791624,385,385,partsupp_deep_sift_10,1.4434117078781128,640.1943359375
partsupp_deep_sift_10,adaptive_sampling,0.5,0.4,1813464,4021627,4330713.442401755,1.0768560690491074,385,385,partsupp_deep_sift_10,1.4582363367080688,636.619873046875
partsupp_deep_sift_10,adaptive_sampling,0.5,0.4,6207689,3996333,4050059.0318772136,1.013443832602842,385,385,partsupp_deep_sift_10,1.422332763671875,665.8818969726562
partsupp_deep_sift_10,adaptive_sampling,0.5,0.4,7385883,3996064,3959386.0684769778,1.009263540076336,385,385,partsupp_deep_sift_10,1.3873482942581177,617.814697265625
partsupp_deep_sift_10,adaptive_sampling,0.5,0.4,1110231,4001096,4155844.155844156,1.0386764416160363,385,385,partsupp_deep_sift_10,1.4345089197158813,679.2913208007812
partsupp_deep_sift_10,adaptive_sampling,0.5,0.4,4260736,4009288,4066142.688480351,1.0141807444315178,385,385,partsupp_deep_sift_10,1.4356573820114136,670.2698364257812
partsupp_deep_sift_10,adaptive_sampling,0.5,0.4,7241835,3976245,3790129.8701298703,1.0491052117598685,385,385,partsupp_deep_sift_10,1.4301786422729492,620.0626220703125
partsupp_deep_sift_10,adaptive_sampling,0.5,0.4,5886526,4018758,4110885.478158206,1.0229243657264773,385,385,partsupp_deep_sift_10,1.412974238395691,662.5717163085938
partsupp_deep_sift_10,adaptive_sampling,0.5,0.4,7903428,4004254,3945245.403946703,1.0149568886118634,385,385,partsupp_deep_sift_10,1.3981387615203857,617.6605834960938
partsupp_deep_sift_10,adaptive_sampling,0.5,0.4,2010126,4021419,3886092.0897284537,1.034823392535971,385,385,partsupp_deep_sift_10,1.4544390439987183,616.2199096679688
partsupp_deep_sift_10,adaptive_sampling,0.5,0.4,64433,3986342,3928346.262437981,1.0147633975437862,382,382,partsupp_deep_sift_10,1.4384466409683228,614.6873779296875
partsupp_deep_sift_10,adaptive_sampling,0.5,0.4,6427842,4023986,3588443.2992516654,1.1213737167978,382,382,partsupp_deep_sift_10,1.3803032636642456,634.6930541992188
partsupp_deep_sift_10,adaptive_sampling,0.5,0.4,1934109,4001866,4035086.7574902,1.0083013168082589,382,382,partsupp_deep_sift_10,1.4296271800994873,626.2359008789062
partsupp_deep_sift_10,adaptive_sampling,0.5,0.4,2037726,3994670,4191222.8283215924,1.049203771105396,382,382,partsupp_deep_sift_10,1.4347000122070312,666.9225463867188
partsupp_deep_sift_10,adaptive_sampling,0.5,0.4,944719,3994268,4011403.1961843157,1.00428994653947,382,382,partsupp_deep_sift_10,1.3854999542236328,650.714111328125
partsupp_deep_sift_10,adaptive_sampling,0.5,0.4,5909334,3985472,4022751.569310052,1.0093538655672532,382,382,partsupp_deep_sift_10,1.4626657962799072,637.1847534179688
partsupp_deep_sift_10,adaptive_sampling,0.5,0.4,7834709,3999257,3974562.1008196045,1.0062132377237993,382,382,partsupp_deep_sift_10,1.445945382118225,683.0167236328125
partsupp_deep_sift_10,adaptive_sampling,0.5,0.4,7376316,4023006,3934925.029467394,1.0223844088192267,382,382,partsupp_deep_sift_10,1.4267233610153198,602.4107055664062
partsupp_deep_sift_10,adaptive_sampling,0.5,0.4,5165847,4001727,4095940.352512266,1.023543173362967,382,382,partsupp_deep_sift_10,1.4417634010314941,640.8015747070312
partsupp_deep_sift_10,adaptive_sampling,0.5,0.4,1376518,3999356,4159425.454346098,1.040023807419519,382,382,partsupp_deep_sift_10,1.4110527038574219,662.2536010742188
partsupp_deep_sift_10,adaptive_sampling,0.5,0.4,378067,3997644,3833118.6096872343,1.0429220713121086,382,382,partsupp_deep_sift_10,1.430962085723877,629.2711181640625
partsupp_deep_sift_10,adaptive_sampling,0.5,0.4,2548244,3958107,4025383.076121817,1.0169970332085052,382,382,partsupp_deep_sift_10,1.4641916751861572,672.333984375
partsupp_deep_sift_10,adaptive_sampling,0.5,0.4,6059356,4013914,3936734.190400482,1.0196050344947638,382,382,partsupp_deep_sift_10,1.3995420932769775,636.7247924804688
partsupp_deep_sift_10,adaptive_sampling,0.5,0.4,2093515,4009286,4191003.5360872787,1.0453241639751514,382,382,partsupp_deep_sift_10,1.4051294326782227,641.44873046875
partsupp_deep_sift_10,adaptive_sampling,0.5,0.4,7666555,3980759,3860530.138976454,1.0311430960762873,382,382,partsupp_deep_sift_10,1.4397636651992798,627.90576171875
partsupp_deep_sift_10,adaptive_sampling,0.5,0.4,4888112,3993814,3820454.483155615,1.0453766737985564,382,382,partsupp_deep_sift_10,1.4243109226226807,626.3706665039062
partsupp_deep_sift_10,adaptive_sampling,0.5,0.4,3745676,4005064,4405142.402894658,1.0998931360134714,382,382,partsupp_deep_sift_10,1.4126018285751343,605.6427612304688
partsupp_deep_sift_10,adaptive_sampling,0.5,0.4,1117872,4007912,3618321.8661769135,1.1076714975151516,382,382,partsupp_deep_sift_10,1.4255980253219604,621.9918212890625
partsupp_deep_sift_10,adaptive_sampling,0.5,0.4,1782015,4001420,4145938.981935802,1.0361169239759391,382,382,partsupp_deep_sift_10,1.4617587327957153,630.8971557617188
partsupp_deep_sift_10,adaptive_sampling,0.5,0.4,5399003,4016593,4070831.391683342,1.0135035816880977,382,382,partsupp_deep_sift_10,1.4091395139694214,627.677001953125
partsupp_deep_sift_10,adaptive_sampling,0.5,0.4,7813502,4001117,4234971.629067185,1.0584473358482607,382,382,partsupp_deep_sift_10,1.3941435813903809,627.0905151367188
partsupp_deep_sift_10,adaptive_sampling,0.5,0.4,7712554,4001741,4068638.4693402047,1.0167170912210972,382,382,partsupp_deep_sift_10,1.4220010042190552,630.654052734375
partsupp_deep_sift_10,adaptive_sampling,0.5,0.4,1407909,4003956,4359529.618157397,1.0888055758248585,382,382,partsupp_deep_sift_10,1.4003993272781372,622.4043579101562
partsupp_deep_sift_10,adaptive_sampling,0.5,0.4,25058,4003807,3960417.7517063674,1.0109557251315062,382,382,partsupp_deep_sift_10,1.4305391311645508,616.8440551757812
partsupp_deep_sift_10,adaptive_sampling,0.5,0.4,5261130,3992956,3833776.4863901758,1.0415202905476906,382,382,partsupp_deep_sift_10,1.4133633375167847,656.5875854492188
partsupp_deep_sift_10,adaptive_sampling,0.5,0.4,6080832,4013060,4339354.732600532,1.0813082118384802,382,382,partsupp_deep_sift_10,1.439018726348877,615.2765502929688
partsupp_deep_sift_10,adaptive_sampling,0.5,0.4,2248413,4005296,4128614.8954250156,1.0307889592741748,382,382,partsupp_deep_sift_10,1.4082839488983154,637.1064453125
partsupp_deep_sift_10,adaptive_sampling,0.5,0.4,3861353,4001887,4052520.4901181436,1.012652403758063,382,382,partsupp_deep_sift_10,1.45749032497406,614.3177490234375
partsupp_deep_sift_10,adaptive_sampling,0.5,0.4,4878920,4003228,4115895.9458348188,1.0281442740295628,382,382,partsupp_deep_sift_10,1.4392833709716797,615.0382690429688
partsupp_deep_sift_10,adaptive_sampling,0.5,0.4,3401984,3990637,3990570.4339245087,1.0000166808421487,382,382,partsupp_deep_sift_10,1.4596662521362305,659.7720336914062
partsupp_deep_sift_10,adaptive_sampling,0.5,0.4,1227788,3997087,3966174.172857104,1.007794117402723,382,382,partsupp_deep_sift_10,1.4024406671524048,635.8062133789062
partsupp_deep_sift_10,adaptive_sampling,0.5,0.4,6908906,3976009,3980757.1064389683,1.0011941890571596,382,382,partsupp_deep_sift_10,1.4197509288787842,636.4683837890625
partsupp_deep_sift_10,adaptive_sampling,0.5,0.4,6867890,4009045,3901647.432910282,1.0275262101295526,382,382,partsupp_deep_sift_10,1.4297560453414917,621.0199584960938
partsupp_deep_sift_10,adaptive_sampling,0.5,0.4,1544377,4015102,4175707.902743894,1.0400004539720022,382,382,partsupp_deep_sift_10,1.4346429109573364,627.9521484375
partsupp_deep_sift_10,adaptive_sampling,0.5,0.4,6309693,4009567,3792001.3157534054,1.0573748968236758,382,382,partsupp_deep_sift_10,1.4379645586013794,637.111083984375
partsupp_deep_sift_10,adaptive_sampling,0.5,0.4,2552747,3998817,3847975.658561991,1.0392001807761901,382,382,partsupp_deep_sift_10,1.4579731225967407,651.8260498046875
partsupp_deep_sift_10,adaptive_sampling,0.5,0.4,481105,3989677,3536909.6241879333,1.1280121416492288,382,382,partsupp_deep_sift_10,1.4274073839187622,628.44189453125
partsupp_deep_sift_10,adaptive_sampling,0.5,0.4,7176724,4003476,4039472.602176475,1.008991337072203,382,382,partsupp_deep_sift_10,1.427677035331726,632.1041259765625
partsupp_deep_sift_10,adaptive_sampling,0.5,0.4,5591179,4035842,3632795.153641622,1.1109467584359531,382,382,partsupp_deep_sift_10,1.434490442276001,612.73291015625
partsupp_deep_sift_10,adaptive_sampling,0.5,0.4,5278949,3987453,4025383.076121817,1.0095123569160105,382,382,partsupp_deep_sift_10,1.3815521001815796,618.9522705078125
partsupp_deep_sift_10,adaptive_sampling,0.5,0.4,6922681,4016794,3978728.653271566,1.0095672135613305,382,382,partsupp_deep_sift_10,1.4127548933029175,628.6798095703125
partsupp_deep_sift_10,adaptive_sampling,0.5,0.4,3447240,4011466,3995723.801430882,1.0039397614428407,382,382,partsupp_deep_sift_10,1.4038163423538208,612.9969482421875
partsupp_deep_sift_10,adaptive_sampling,0.5,0.4,4147711,3998236,3878566.92524876,1.0308539409162225,382,382,partsupp_deep_sift_10,1.4483668804168701,683.5108032226562
partsupp_deep_sift_10,adaptive_sampling,0.5,0.4,3626284,3981272,4038047.202653436,1.0142605686457584,382,382,partsupp_deep_sift_10,1.42202889919281,643.8819580078125
partsupp_deep_sift_10,adaptive_sampling,0.5,0.4,1298658,3997833,4084537.1563279517,1.021687788441376,382,382,partsupp_deep_sift_10,1.4080673456192017,561.0577392578125
partsupp_deep_sift_10,adaptive_sampling,0.5,0.4,2109177,3995181,3861407.307913708,1.0346437662279582,382,382,partsupp_deep_sift_10,1.402542233467102,642.9133911132812
partsupp_deep_sift_10,adaptive_sampling,0.5,0.4,7938046,3983032,3490364.84745484,1.1411506172211225,382,382,partsupp_deep_sift_10,1.418548822402954,676.59130859375
partsupp_deep_sift_10,adaptive_sampling,0.5,0.4,6347870,4006284,3966832.049560045,1.0099454552012936,382,382,partsupp_deep_sift_10,1.4087820053100586,555.145263671875
partsupp_deep_sift_10,adaptive_sampling,0.5,0.4,3511592,3988006,4040020.8327622595,1.013042817077572,382,382,partsupp_deep_sift_10,1.4253566265106201,607.5328369140625
partsupp_deep_sift_10,adaptive_sampling,0.5,0.4,6110214,3988413,4024286.614950248,1.0089944584350337,382,382,partsupp_deep_sift_10,1.4645493030548096,620.1671142578125
partsupp_deep_sift_10,adaptive_sampling,0.5,0.5,1458649,4002500,4276741.4403778035,1.0685175366340547,385,385,partsupp_deep_sift_10,1.4391306638717651,664.3377685546875
partsupp_deep_sift_10,adaptive_sampling,0.5,0.5,3590985,3993499,4261197.503794907,1.0670335722620456,385,385,partsupp_deep_sift_10,1.4676417112350464,672.9625244140625
partsupp_deep_sift_10,adaptive_sampling,0.5,0.5,2861019,4006018,3934504.9755439367,1.0181758632662998,385,385,partsupp_deep_sift_10,1.4419426918029785,679.1358642578125
partsupp_deep_sift_10,adaptive_sampling,0.5,0.5,7811320,3987246,3725417.439703154,1.0702816703187252,385,385,partsupp_deep_sift_10,1.423879861831665,633.5346069335938
partsupp_deep_sift_10,adaptive_sampling,0.5,0.5,1427886,4007070,4094855.793557093,1.021907726482715,385,385,partsupp_deep_sift_10,1.4084488153457642,692.4059448242188
partsupp_deep_sift_10,adaptive_sampling,0.5,0.5,4288339,3981582,3704638.2189239333,1.074755958533654,385,385,partsupp_deep_sift_10,1.3922011852264404,687.5963134765625
partsupp_deep_sift_10,adaptive_sampling,0.5,0.5,3227404,3996517,3833091.5837409343,1.0426354060915939,385,385,partsupp_deep_sift_10,1.451580286026001,710.3466186523438
partsupp_deep_sift_10,adaptive_sampling,0.5,0.5,5886013,3993625,4077260.9208972845,1.0209423571059588,385,385,partsupp_deep_sift_10,1.4272947311401367,643.79052734375
partsupp_deep_sift_10,adaptive_sampling,0.5,0.5,2636413,4018716,4214025.974025974,1.0486000936682198,385,385,partsupp_deep_sift_10,1.4194763898849487,656.4693603515625
partsupp_deep_sift_10,adaptive_sampling,0.5,0.5,6936640,3997016,3602631.1350986673,1.1094713419475657,385,385,partsupp_deep_sift_10,1.444796085357666,618.629150390625
partsupp_deep_sift_10,adaptive_sampling,0.5,0.5,5469472,4004377,3919338.8429752067,1.0216970668859648,385,385,partsupp_deep_sift_10,1.3885020017623901,620.4680786132812
partsupp_deep_sift_10,adaptive_sampling,0.5,0.5,4444886,4003665,3949023.4440883794,1.0138367261388175,385,385,partsupp_deep_sift_10,1.4074809551239014,633.10205078125
partsupp_deep_sift_10,adaptive_sampling,0.5,0.5,6631898,4026580,4321700.118063755,1.0732929975472374,385,385,partsupp_deep_sift_10,1.4154587984085083,602.7586669921875
partsupp_deep_sift_10,adaptive_sampling,0.5,0.5,7640583,4009466,3731246.4159217407,1.0745647842745143,385,385,partsupp_deep_sift_10,1.4737664461135864,654.9603271484375
partsupp_deep_sift_10,adaptive_sampling,0.5,0.5,7822107,4010090,3887063.5857648845,1.0316502191231602,385,385,partsupp_deep_sift_10,1.4135338068008423,624.0580444335938
partsupp_deep_sift_10,adaptive_sampling,0.5,0.5,6733700,4010016,3890949.5699106087,1.030600866947789,385,385,partsupp_deep_sift_10,1.4016125202178955,708.0118408203125
partsupp_deep_sift_10,adaptive_sampling,0.5,0.5,839131,3987922,3963272.052622702,1.006219595084568,385,385,partsupp_deep_sift_10,1.4024919271469116,566.1492919921875
partsupp_deep_sift_10,adaptive_sampling,0.5,0.5,6952719,4004996,4275230.224321133,1.0674742807036846,385,385,partsupp_deep_sift_10,1.4401837587356567,612.8085327148438
partsupp_deep_sift_10,adaptive_sampling,0.5,0.5,3862714,4028211,4368493.843818519,1.0844749303893264,385,385,partsupp_deep_sift_10,1.4451992511749268,684.5757446289062
partsupp_deep_sift_10,adaptive_sampling,0.5,0.5,695062,3970675,4051138.4719176935,1.0202644315935436,385,385,partsupp_deep_sift_10,1.432538628578186,655.345947265625
partsupp_deep_sift_10,adaptive_sampling,0.5,0.5,6815544,4001557,4096474.953617811,1.0237202552950793,385,385,partsupp_deep_sift_10,1.4154349565505981,681.4193115234375
partsupp_deep_sift_10,adaptive_sampling,0.5,0.5,6963267,4025219,4351222.803170855,1.0809903270283816,385,385,partsupp_deep_sift_10,1.4584711790084839,637.5148315429688
partsupp_deep_sift_10,adaptive_sampling,0.5,0.5,3402371,4015064,4021130.038792377,1.001510819950162,385,385,partsupp_deep_sift_10,1.4491260051727295,607.5499267578125
partsupp_deep_sift_10,adaptive_sampling,0.5,0.5,6909999,3988984,4036889.8633833695,1.012009540119331,385,385,partsupp_deep_sift_10,1.4679025411605835,668.3507080078125
partsupp_deep_sift_10,adaptive_sampling,0.5,0.5,6366790,3985750,3702209.4788328554,1.0765868389642101,385,385,partsupp_deep_sift_10,1.4417033195495605,633.1465454101562
partsupp_deep_sift_10,adaptive_sampling,0.5,0.5,481095,3995820,4007637.038286389,1.0029573500023496,385,385,partsupp_deep_sift_10,1.432680368423462,646.066162109375
partsupp_deep_sift_10,adaptive_sampling,0.5,0.5,3528014,4007674,4351222.803170855,1.085722741712738,385,385,partsupp_deep_sift_10,1.4062660932540894,643.4195556640625
partsupp_deep_sift_10,adaptive_sampling,0.5,0.5,5369867,3988499,4289424.860853433,1.075448398220341,385,385,partsupp_deep_sift_10,1.428285837173462,634.130615234375
partsupp_deep_sift_10,adaptive_sampling,0.5,0.5,7520880,4019053,4141217.7432956654,1.0303964001708028,385,385,partsupp_deep_sift_10,1.4699026346206665,666.4877319335938
partsupp_deep_sift_10,adaptive_sampling,0.5,0.5,6025740,4008491,4022263.450834879,1.0034358193232513,385,385,partsupp_deep_sift_10,1.4121990203857422,618.0891723632812
partsupp_deep_sift_10,adaptive_sampling,0.5,0.5,3454116,3994869,3832875.6957328385,1.042264168506041,385,385,partsupp_deep_sift_10,1.4082080125808716,666.1571044921875
partsupp_deep_sift_10,adaptive_sampling,0.5,0.5,6288378,3993060,4215968.966098837,1.0558240963318448,385,385,partsupp_deep_sift_10,1.4255881309509277,626.3770751953125
partsupp_deep_sift_10,adaptive_sampling,0.5,0.5,1370862,4018531,3991121.6056670602,1.006867591880443,385,385,partsupp_deep_sift_10,1.4165623188018799,619.3867797851562
partsupp_deep_sift_10,adaptive_sampling,0.5,0.5,2964065,4011870,3856083.656603137,1.0404001461768329,385,385,partsupp_deep_sift_10,1.4146913290023804,658.9640502929688
partsupp_deep_sift_10,adaptive_sampling,0.5,0.5,7031696,3995063,4018107.6066790354,1.0057682711584361,385,385,partsupp_deep_sift_10,1.4201661348342896,640.108154296875
partsupp_deep_sift_10,adaptive_sampling,0.5,0.5,4389879,4012546,3842212.8520829817,1.0443320436619423,385,385,partsupp_deep_sift_10,1.4111994504928589,680.759765625
partsupp_deep_sift_10,adaptive_sampling,0.5,0.5,332506,3999163,4214673.638050262,1.0538889357723757,385,385,partsupp_deep_sift_10,1.4159905910491943,661.3389282226562
partsupp_deep_sift_10,adaptive_sampling,0.5,0.5,7799146,3997093,3774262.1015348285,1.0590395930305305,385,385,partsupp_deep_sift_10,1.418076753616333,639.6196899414062
partsupp_deep_sift_10,adaptive_sampling,0.5,0.5,3041529,4010971,4171118.2324169334,1.0399272975089906,385,385,partsupp_deep_sift_10,1.427112102508545,635.899658203125
partsupp_deep_sift_10,adaptive_sampling,0.5,0.5,737452,4013865,3961113.172541744,1.0133174249662769,385,385,partsupp_deep_sift_10,1.4392606019973755,611.4957885742188
partsupp_deep_sift_10,adaptive_sampling,0.5,0.5,5167757,4025629,3860941.136785293,1.0426548495250643,385,385,partsupp_deep_sift_10,1.4434117078781128,640.1943359375
partsupp_deep_sift_10,adaptive_sampling,0.5,0.5,1813464,4021627,4104840.6139315227,1.0206915295554566,385,385,partsupp_deep_sift_10,1.4582363367080688,636.619873046875
partsupp_deep_sift_10,adaptive_sampling,0.5,0.5,6207689,3996333,4002887.5021082815,1.0016401291154369,385,385,partsupp_deep_sift_10,1.422332763671875,665.8818969726562
partsupp_deep_sift_10,adaptive_sampling,0.5,0.5,7385883,3996064,3919986.506999494,1.0194075905273303,385,385,partsupp_deep_sift_10,1.3873482942581177,617.814697265625
partsupp_deep_sift_10,adaptive_sampling,0.5,0.5,1110231,4001096,3933695.3955135774,1.0171341697080292,385,385,partsupp_deep_sift_10,1.4345089197158813,679.2913208007812
partsupp_deep_sift_10,adaptive_sampling,0.5,0.5,4260736,4009288,3933209.647495362,1.019342562264151,385,385,partsupp_deep_sift_10,1.4356573820114136,670.2698364257812
partsupp_deep_sift_10,adaptive_sampling,0.5,0.5,7241835,3976245,4021130.038792377,1.0112882980783067,385,385,partsupp_deep_sift_10,1.4301786422729492,620.0626220703125
partsupp_deep_sift_10,adaptive_sampling,0.5,0.5,5886526,4018758,3858134.5926800473,1.041632401219154,385,385,partsupp_deep_sift_10,1.412974238395691,662.5717163085938
partsupp_deep_sift_10,adaptive_sampling,0.5,0.5,7903428,4004254,4007744.982290437,1.0008718183937475,385,385,partsupp_deep_sift_10,1.3981387615203857,617.6605834960938
partsupp_deep_sift_10,adaptive_sampling,0.5,0.5,2010126,4021419,3804486.422668241,1.0570202001613704,385,385,partsupp_deep_sift_10,1.4544390439987183,616.2199096679688
partsupp_deep_sift_10,adaptive_sampling,0.5,0.5,64433,3986342,3564650.0918286233,1.1182982613463341,382,382,partsupp_deep_sift_10,1.4384466409683228,614.6873779296875
partsupp_deep_sift_10,adaptive_sampling,0.5,0.5,6427842,4023986,4054658.5894027026,1.0076224393928563,382,382,partsupp_deep_sift_10,1.3803032636642456,634.6930541992188
partsupp_deep_sift_10,adaptive_sampling,0.5,0.5,1934109,4001866,4085030.5638551577,1.020781446419035,382,382,partsupp_deep_sift_10,1.4296271800994873,626.2359008789062
partsupp_deep_sift_10,adaptive_sampling,0.5,0.5,2037726,3994670,4206518.461664976,1.053032781597723,382,382,partsupp_deep_sift_10,1.4347000122070312,666.9225463867188
partsupp_deep_sift_10,adaptive_sampling,0.5,0.5,944719,3994268,4436281.90016721,1.1106620537648475,382,382,partsupp_deep_sift_10,1.3854999542236328,650.714111328125
partsupp_deep_sift_10,adaptive_sampling,0.5,0.5,5909334,3985472,3875551.6570269456,1.0283625023482148,382,382,partsupp_deep_sift_10,1.4626657962799072,637.1847534179688
partsupp_deep_sift_10,adaptive_sampling,0.5,0.5,7834709,3999257,4023573.9151887284,1.006080358223722,382,382,partsupp_deep_sift_10,1.445945382118225,683.0167236328125
partsupp_deep_sift_10,adaptive_sampling,0.5,0.5,7376316,4023006,4175707.902743894,1.0379571650511816,382,382,partsupp_deep_sift_10,1.4267233610153198,602.4107055664062
partsupp_deep_sift_10,adaptive_sampling,0.5,0.5,5165847,4001727,4293687.124804693,1.0729585313552608,382,382,partsupp_deep_sift_10,1.4417634010314941,640.8015747070312
partsupp_deep_sift_10,adaptive_sampling,0.5,0.5,1376518,3999356,4026205.4220004934,1.0067134363633778,382,382,partsupp_deep_sift_10,1.4110527038574219,662.2536010742188
partsupp_deep_sift_10,adaptive_sampling,0.5,0.5,378067,3997644,3936240.782873276,1.0155994565662476,382,382,partsupp_deep_sift_10,1.430962085723877,629.2711181640625
partsupp_deep_sift_10,adaptive_sampling,0.5,0.5,2548244,3958107,3872426.742687974,1.0221257270970483,382,382,partsupp_deep_sift_10,1.4641916751861572,672.333984375
partsupp_deep_sift_10,adaptive_sampling,0.5,0.5,6059356,4013914,4280474.767687289,1.0664091875628847,382,382,partsupp_deep_sift_10,1.3995420932769775,636.7247924804688
partsupp_deep_sift_10,adaptive_sampling,0.5,0.5,2093515,4009286,3805816.7265151725,1.0534627093488906,382,382,partsupp_deep_sift_10,1.4051294326782227,641.44873046875
partsupp_deep_sift_10,adaptive_sampling,0.5,0.5,7666555,3980759,3879005.509717387,1.0262318498975338,382,382,partsupp_deep_sift_10,1.4397636651992798,627.90576171875
partsupp_deep_sift_10,adaptive_sampling,0.5,0.5,4888112,3993814,4127847.3726049177,1.0335602440686817,382,382,partsupp_deep_sift_10,1.4243109226226807,626.3706665039062
partsupp_deep_sift_10,adaptive_sampling,0.5,0.5,3745676,4005064,3989967.3802801454,1.0037836448975668,382,382,partsupp_deep_sift_10,1.4126018285751343,605.6427612304688
partsupp_deep_sift_10,adaptive_sampling,0.5,0.5,1117872,4007912,4115841.1227762396,1.0269290151021877,382,382,partsupp_deep_sift_10,1.4255980253219604,621.9918212890625
partsupp_deep_sift_10,adaptive_sampling,0.5,0.5,1782015,4001420,4128614.8954250156,1.031787439315297,382,382,partsupp_deep_sift_10,1.4617587327957153,630.8971557617188
partsupp_deep_sift_10,adaptive_sampling,0.5,0.5,5399003,4016593,4025383.076121817,1.002188440830778,382,382,partsupp_deep_sift_10,1.4091395139694214,627.677001953125
partsupp_deep_sift_10,adaptive_sampling,0.5,0.5,7813502,4001117,3862832.7074367483,1.035798674971615,382,382,partsupp_deep_sift_10,1.3941435813903809,627.0905151367188
partsupp_deep_sift_10,adaptive_sampling,0.5,0.5,7712554,4001741,4067870.946520107,1.0165252939958151,382,382,partsupp_deep_sift_10,1.4220010042190552,630.654052734375
partsupp_deep_sift_10,adaptive_sampling,0.5,0.5,1407909,4003956,3849949.2886708155,1.0400022701032394,382,382,partsupp_deep_sift_10,1.4003993272781372,622.4043579101562
partsupp_deep_sift_10,adaptive_sampling,0.5,0.5,25058,4003807,4248238.809243168,1.0610498481178459,382,382,partsupp_deep_sift_10,1.4305391311645508,616.8440551757812
partsupp_deep_sift_10,adaptive_sampling,0.5,0.5,5261130,3992956,3893533.620240673,1.0255352565192903,382,382,partsupp_deep_sift_10,1.4133633375167847,656.5875854492188
partsupp_deep_sift_10,adaptive_sampling,0.5,0.5,6080832,4013060,4236725.966941696,1.0557345185324156,382,382,partsupp_deep_sift_10,1.439018726348877,615.2765502929688
partsupp_deep_sift_10,adaptive_sampling,0.5,0.5,2248413,4005296,3951646.062333818,1.0135766049944506,382,382,partsupp_deep_sift_10,1.4082839488983154,637.1064453125
partsupp_deep_sift_10,adaptive_sampling,0.5,0.5,3861353,4001887,4157122.885885803,1.038790671971948,382,382,partsupp_deep_sift_10,1.45749032497406,614.3177490234375
partsupp_deep_sift_10,adaptive_sampling,0.5,0.5,4878920,4003228,3848578.712206355,1.0401834805413104,382,382,partsupp_deep_sift_10,1.4392833709716797,615.0382690429688
partsupp_deep_sift_10,adaptive_sampling,0.5,0.5,3401984,3990637,3820947.8906828207,1.0444102129031796,382,382,partsupp_deep_sift_10,1.4596662521362305,659.7720336914062
partsupp_deep_sift_10,adaptive_sampling,0.5,0.5,1227788,3997087,4328828.705353471,1.0829958680792966,382,382,partsupp_deep_sift_10,1.4024406671524048,635.8062133789062
partsupp_deep_sift_10,adaptive_sampling,0.5,0.5,6908906,3976009,3647871.494750692,1.089953142735839,382,382,partsupp_deep_sift_10,1.4197509288787842,636.4683837890625
partsupp_deep_sift_10,adaptive_sampling,0.5,0.5,6867890,4009045,4160412.26940051,1.0377564405988233,382,382,partsupp_deep_sift_10,1.4297560453414917,621.0199584960938
partsupp_deep_sift_10,adaptive_sampling,0.5,0.5,1544377,4015102,3787615.4710671306,1.0600606187905282,382,382,partsupp_deep_sift_10,1.4346429109573364,627.9521484375
partsupp_deep_sift_10,adaptive_sampling,0.5,0.5,6309693,4009567,4130807.817768153,1.0302378829854077,382,382,partsupp_deep_sift_10,1.4379645586013794,637.111083984375
partsupp_deep_sift_10,adaptive_sampling,0.5,0.5,2552747,3998817,3790685.562347523,1.054906014816904,382,382,partsupp_deep_sift_10,1.4579731225967407,651.8260498046875
partsupp_deep_sift_10,adaptive_sampling,0.5,0.5,481105,3989677,3922589.841287246,1.01710277174703,382,382,partsupp_deep_sift_10,1.4274073839187622,628.44189453125
partsupp_deep_sift_10,adaptive_sampling,0.5,0.5,7176724,4003476,4055535.758339958,1.0130036394223314,382,382,partsupp_deep_sift_10,1.427677035331726,632.1041259765625
partsupp_deep_sift_10,adaptive_sampling,0.5,0.5,5591179,4035842,4189029.9059784547,1.0379568640146108,382,382,partsupp_deep_sift_10,1.434490442276001,612.73291015625
partsupp_deep_sift_10,adaptive_sampling,0.5,0.5,5278949,3987453,4055151.9969299086,1.0169780049896284,382,382,partsupp_deep_sift_10,1.3815521001815796,618.9522705078125
partsupp_deep_sift_10,adaptive_sampling,0.5,0.5,6922681,4016794,3691455.8263205504,1.088132755472718,382,382,partsupp_deep_sift_10,1.4127548933029175,628.6798095703125
partsupp_deep_sift_10,adaptive_sampling,0.5,0.5,3447240,4011466,4011293.5500671584,1.0000429911026678,382,382,partsupp_deep_sift_10,1.4038163423538208,612.9969482421875
partsupp_deep_sift_10,adaptive_sampling,0.5,0.5,4147711,3998236,3863819.52249116,1.0347884979426203,382,382,partsupp_deep_sift_10,1.4483668804168701,683.5108032226562
partsupp_deep_sift_10,adaptive_sampling,0.5,0.5,3626284,3981272,3663276.7742112335,1.0868062244238252,382,382,partsupp_deep_sift_10,1.42202889919281,643.8819580078125
partsupp_deep_sift_10,adaptive_sampling,0.5,0.5,1298658,3997833,3730160.905676928,1.071758860030864,382,382,partsupp_deep_sift_10,1.4080673456192017,561.0577392578125
partsupp_deep_sift_10,adaptive_sampling,0.5,0.5,2109177,3995181,4359255.502864505,1.0911284126712921,382,382,partsupp_deep_sift_10,1.402542233467102,642.9133911132812
partsupp_deep_sift_10,adaptive_sampling,0.5,0.5,7938046,3983032,3951207.4778651902,1.008054378898879,382,382,partsupp_deep_sift_10,1.418548822402954,676.59130859375
partsupp_deep_sift_10,adaptive_sampling,0.5,0.5,6347870,4006284,4100216.5510813845,1.0234463036273476,382,382,partsupp_deep_sift_10,1.4087820053100586,555.145263671875
partsupp_deep_sift_10,adaptive_sampling,0.5,0.5,3511592,3988006,4231462.953318166,1.061047288624482,382,382,partsupp_deep_sift_10,1.4253566265106201,607.5328369140625
partsupp_deep_sift_10,adaptive_sampling,0.5,0.5,6110214,3988413,4080425.4269345687,1.023069934566598,382,382,partsupp_deep_sift_10,1.4645493030548096,620.1671142578125
