dataset,mode,selectivity,seed,query_id,D_target,true_card,est,q_error
SIFT,bernoulli,0.01,0.1,0,372.0482482910156,804072,1454545.4545454546,1.8089741398101844
SIFT,bernoulli,0.01,0.1,1,385.9545593261719,811722,831168.8311688312,1.0239575016678508
SIFT,bernoulli,0.01,0.1,2,394.9783630371094,829692,623376.6233766234,1.33096425
SIFT,bernoulli,0.01,0.1,3,391.8212890625,791172,415584.4155844156,1.903757625
SIFT,bernoulli,0.01,0.1,4,319.7450256347656,803973,1038961.038961039,1.29228349579033
SIFT,bernoulli,0.01,0.1,5,380.0393371582031,794917,415584.4155844156,1.9127690312499999
SIFT,bernoulli,0.01,0.1,6,328.6761169433594,794744,831168.8311688312,1.0458321562274533
SIFT,bernoulli,0.01,0.1,7,397.1687316894531,791648,623376.6233766234,1.2699353333333334
SIFT,bernoulli,0.01,0.1,8,418.513916015625,804886,415584.4155844156,1.9367569375
SIFT,bernoulli,0.01,0.1,9,352.22998046875,776948,1038961.038961039,1.3372336874038404
SIFT,bernoulli,0.01,0.1,10,394.0569763183594,828502,0.0,
SIFT,bernoulli,0.01,0.1,11,432.48583984375,815010,623376.6233766234,1.307411875
SIFT,bernoulli,0.01,0.1,12,406.16253662109375,804376,207792.2077922078,3.8710595
SIFT,bernoulli,0.01,0.1,13,404.9566345214844,809701,831168.8311688312,1.0265132822718894
SIFT,bernoulli,0.01,0.1,14,394.8276672363281,792243,207792.2077922078,3.8126694375
SIFT,bernoulli,0.01,0.1,15,303.80743408203125,816582,1038961.038961039,1.2723290973362615
SIFT,bernoulli,0.01,0.1,16,424.9352722167969,770578,1038961.038961039,1.348287959117752
SIFT,bernoulli,0.01,0.1,17,372.31842041015625,771263,1662337.6623376624,2.1553447557288012
SIFT,bernoulli,0.01,0.1,18,393.0279541015625,784222,0.0,
SIFT,bernoulli,0.01,0.1,19,400.4907531738281,757932,207792.2077922078,3.6475477499999998
SIFT,bernoulli,0.01,0.1,20,291.91400146484375,802853,415584.4155844156,1.9318650312499999
SIFT,bernoulli,0.01,0.1,21,272.52850341796875,793344,1038961.038961039,1.3095971469640395
SIFT,bernoulli,0.01,0.1,22,330.2196044921875,817716,1038961.038961039,1.2705646446456216
SIFT,bernoulli,0.01,0.1,23,409.1575622558594,800505,623376.6233766234,1.2841434375
SIFT,bernoulli,0.01,0.1,24,372.28057861328125,783106,1038961.038961039,1.3267182718061654
SIFT,bernoulli,0.01,0.1,25,365.21484375,810423,1870129.8701298703,2.3075972302487346
SIFT,bernoulli,0.01,0.1,26,356.6326904296875,800950,1662337.6623376624,2.0754574721738717
SIFT,bernoulli,0.01,0.1,27,233.2550506591797,786761,1038961.038961039,1.320554830451737
SIFT,bernoulli,0.01,0.1,28,389.90380859375,819103,1246753.2467532468,1.5220958130457913
SIFT,bernoulli,0.01,0.1,29,417.54730224609375,788421,207792.2077922078,3.7942760625
SIFT,bernoulli,0.01,0.1,30,392.8097839355469,774709,1038961.038961039,1.3410984498192728
SIFT,bernoulli,0.01,0.1,31,379.7194519042969,813563,831168.8311688312,1.0216404029790331
SIFT,bernoulli,0.01,0.1,32,394.81256103515625,796478,623376.6233766234,1.2776834583333334
SIFT,bernoulli,0.01,0.1,33,319.9873352050781,780607,831168.8311688312,1.0647724542168227
SIFT,bernoulli,0.01,0.1,34,315.56451416015625,823847,1038961.038961039,1.2611092095510927
SIFT,bernoulli,0.01,0.1,35,377.76806640625,817178,1662337.6623376624,2.034241820432834
SIFT,bernoulli,0.01,0.1,36,387.8049621582031,802894,207792.2077922078,3.863927375
SIFT,bernoulli,0.01,0.1,37,371.2020263671875,818454,831168.8311688312,1.0155351811694135
SIFT,bernoulli,0.01,0.1,38,414.6022033691406,805071,1246753.2467532468,1.548625210389204
SIFT,bernoulli,0.01,0.1,39,368.1969299316406,818444,831168.8311688312,1.015547589289959
SIFT,bernoulli,0.01,0.1,40,345.3054504394531,827179,1246753.2467532468,1.5072351289784276
SIFT,bernoulli,0.01,0.1,41,437.45843505859375,847465,415584.4155844156,2.0392126562499997
SIFT,bernoulli,0.01,0.1,42,368.06109619140625,760308,415584.4155844156,1.8294911249999999
SIFT,bernoulli,0.01,0.1,43,361.3336181640625,798655,415584.4155844156,1.92176359375
SIFT,bernoulli,0.01,0.1,44,395.9861145019531,781932,415584.4155844156,1.8815238749999998
SIFT,bernoulli,0.01,0.1,45,331.9261779785156,767590,1246753.2467532468,1.6242437326609866
SIFT,bernoulli,0.01,0.1,46,403.52423095703125,809955,415584.4155844156,1.94895421875
SIFT,bernoulli,0.01,0.1,47,412.57000732421875,834769,207792.2077922078,4.0173258125
SIFT,bernoulli,0.01,0.1,48,386.1009521484375,799371,415584.4155844156,1.92348646875
SIFT,bernoulli,0.01,0.1,49,397.4945983886719,798452,623376.6233766234,1.2808500833333334
SIFT,bernoulli,0.01,0.1,50,339.03955078125,828954,831168.8311688312,1.0026718384480093
SIFT,bernoulli,0.01,0.1,51,336.1755065917969,782034,1454545.4545454546,1.8599516831051521
SIFT,bernoulli,0.01,0.1,52,397.7951354980469,806499,415584.4155844156,1.94063821875
SIFT,bernoulli,0.01,0.1,53,401.8307800292969,789522,623376.6233766234,1.266524875
SIFT,bernoulli,0.01,0.1,54,403.9814453125,772257,207792.2077922078,3.7164868125
SIFT,bernoulli,0.01,0.1,55,244.17393493652344,788963,1246753.2467532468,1.580242985733484
SIFT,bernoulli,0.01,0.1,56,363.9601135253906,775961,1246753.2467532468,1.6067215320786055
SIFT,bernoulli,0.01,0.1,57,396.5753479003906,769970,623376.6233766234,1.2351602083333333
SIFT,bernoulli,0.01,0.1,58,402.9453430175781,816855,831168.8311688312,1.017523099165496
SIFT,bernoulli,0.01,0.1,59,409.57037353515625,780856,831168.8311688312,1.0644329187056656
SIFT,bernoulli,0.01,0.1,60,408.1246643066406,786325,415584.4155844156,1.89209453125
SIFT,bernoulli,0.01,0.1,61,401.16558837890625,815251,1662337.6623376624,2.03905013589393
SIFT,bernoulli,0.01,0.1,62,377.992919921875,799650,831168.8311688312,1.0394157833662618
SIFT,bernoulli,0.01,0.1,63,380.0064697265625,770308,0.0,
SIFT,bernoulli,0.01,0.1,64,349.10968017578125,817299,623376.6233766234,1.3110838125
SIFT,bernoulli,0.01,0.1,65,434.93896484375,801986,831168.8311688312,1.036388205241527
SIFT,bernoulli,0.01,0.1,66,400.2998962402344,808007,415584.4155844156,1.94426684375
SIFT,bernoulli,0.01,0.1,67,384.0870361328125,807389,623376.6233766234,1.2951865208333333
SIFT,bernoulli,0.01,0.1,68,346.1543884277344,794528,623376.6233766234,1.2745553333333333
SIFT,bernoulli,0.01,0.1,69,323.6508483886719,806169,831168.8311688312,1.0310106580243488
SIFT,bernoulli,0.01,0.1,70,391.49835205078125,806219,1454545.4545454546,1.8041567546106636
SIFT,bernoulli,0.01,0.1,71,393.2197570800781,804076,831168.8311688312,1.033694366165426
SIFT,bernoulli,0.01,0.1,72,399.030029296875,788169,1662337.6623376624,2.1091132261452334
SIFT,bernoulli,0.01,0.1,73,221.4608154296875,802130,415584.4155844156,1.9301253125
SIFT,bernoulli,0.01,0.1,74,428.41204833984375,783732,831168.8311688312,1.0605268525067642
SIFT,bernoulli,0.01,0.1,75,418.0033874511719,825764,623376.6233766234,1.3246630833333333
SIFT,bernoulli,0.01,0.1,76,349.3450927734375,801385,1662337.6623376624,2.0743308925643262
SIFT,bernoulli,0.01,0.1,77,407.7376403808594,804512,207792.2077922078,3.871714
SIFT,bernoulli,0.01,0.1,78,345.1389465332031,803777,1038961.038961039,1.2925986174785282
SIFT,bernoulli,0.01,0.1,79,404.2498474121094,804003,623376.6233766234,1.2897548125
SIFT,bernoulli,0.01,0.1,80,382.2015075683594,810035,831168.8311688312,1.0260900222445095
SIFT,bernoulli,0.01,0.1,81,394.7402648925781,791987,831168.8311688312,1.0494728211054363
SIFT,bernoulli,0.01,0.1,82,394.92144775390625,791919,623376.6233766234,1.2703700625
SIFT,bernoulli,0.01,0.1,83,381.15850830078125,785082,831168.8311688312,1.0587032070138294
SIFT,bernoulli,0.01,0.1,84,276.85357666015625,803320,207792.2077922078,3.8659774999999996
SIFT,bernoulli,0.01,0.1,85,403.7881774902344,816015,1246753.2467532468,1.527855795240586
SIFT,bernoulli,0.01,0.1,86,281.2809143066406,796697,207792.2077922078,3.8341043124999996
SIFT,bernoulli,0.01,0.1,87,387.8452453613281,809085,415584.4155844156,1.9468607812499998
SIFT,bernoulli,0.01,0.1,88,403.29144287109375,791345,207792.2077922078,3.8083478124999997
SIFT,bernoulli,0.01,0.1,89,357.1758117675781,810232,415584.4155844156,1.94962075
SIFT,bernoulli,0.01,0.1,90,348.5339660644531,835982,1662337.6623376624,1.9884849940999476
SIFT,bernoulli,0.01,0.1,91,386.0309753417969,806115,415584.4155844156,1.9397142187499998
SIFT,bernoulli,0.01,0.1,92,408.19110107421875,799929,623376.6233766234,1.2832194375
SIFT,bernoulli,0.01,0.1,93,376.3376159667969,802649,1454545.4545454546,1.8121812330738025
SIFT,bernoulli,0.01,0.1,94,391.1700439453125,795733,2077922.077922078,2.611330782966244
SIFT,bernoulli,0.01,0.1,95,441.748779296875,805105,415584.4155844156,1.9372839062499998
SIFT,bernoulli,0.01,0.1,96,319.9952087402344,802507,207792.2077922078,3.8620649375
SIFT,bernoulli,0.01,0.1,97,405.0690612792969,792116,207792.2077922078,3.8120582499999998
SIFT,bernoulli,0.01,0.1,98,374.5810546875,770248,623376.6233766234,1.2356061666666667
SIFT,bernoulli,0.01,0.1,99,426.7563171386719,800739,1038961.038961039,1.2975027305539495
SIFT,bernoulli,0.01,0.2,0,372.0482482910156,804072,415584.4155844156,1.9347982499999998
SIFT,bernoulli,0.01,0.2,1,385.9545593261719,811722,831168.8311688312,1.0239575016678508
SIFT,bernoulli,0.01,0.2,2,394.9783630371094,829692,0.0,
SIFT,bernoulli,0.01,0.2,3,391.8212890625,791172,207792.2077922078,3.80751525
SIFT,bernoulli,0.01,0.2,4,319.7450256347656,803973,1246753.2467532468,1.5507401949483959
SIFT,bernoulli,0.01,0.2,5,380.0393371582031,794917,0.0,
SIFT,bernoulli,0.01,0.2,6,328.6761169433594,794744,415584.4155844156,1.91235275
SIFT,bernoulli,0.01,0.2,7,397.1687316894531,791648,415584.4155844156,1.904903
SIFT,bernoulli,0.01,0.2,8,418.513916015625,804886,623376.6233766234,1.2911712916666667
SIFT,bernoulli,0.01,0.2,9,352.22998046875,776948,207792.2077922078,3.73906225
SIFT,bernoulli,0.01,0.2,10,394.0569763183594,828502,0.0,
SIFT,bernoulli,0.01,0.2,11,432.48583984375,815010,623376.6233766234,1.307411875
SIFT,bernoulli,0.01,0.2,12,406.16253662109375,804376,207792.2077922078,3.8710595
SIFT,bernoulli,0.01,0.2,13,404.9566345214844,809701,1038961.038961039,1.283141602839862
SIFT,bernoulli,0.01,0.2,14,394.8276672363281,792243,207792.2077922078,3.8126694375
SIFT,bernoulli,0.01,0.2,15,303.80743408203125,816582,415584.4155844156,1.9649004374999999
SIFT,bernoulli,0.01,0.2,16,424.9352722167969,770578,1038961.038961039,1.348287959117752
SIFT,bernoulli,0.01,0.2,17,372.31842041015625,771263,831168.8311688312,1.0776723778644006
SIFT,bernoulli,0.01,0.2,18,393.0279541015625,784222,831168.8311688312,1.0598642108597198
SIFT,bernoulli,0.01,0.2,19,400.4907531738281,757932,207792.2077922078,3.6475477499999998
SIFT,bernoulli,0.01,0.2,20,291.91400146484375,802853,0.0,
SIFT,bernoulli,0.01,0.2,21,272.52850341796875,793344,207792.2077922078,3.817968
SIFT,bernoulli,0.01,0.2,22,330.2196044921875,817716,1038961.038961039,1.2705646446456216
SIFT,bernoulli,0.01,0.2,23,409.1575622558594,800505,415584.4155844156,1.9262151562499998
SIFT,bernoulli,0.01,0.2,24,372.28057861328125,783106,1246753.2467532468,1.5920619261673985
SIFT,bernoulli,0.01,0.2,25,365.21484375,810423,623376.6233766234,1.3000535625
SIFT,bernoulli,0.01,0.2,26,356.6326904296875,800950,1246753.2467532468,1.5565931041304035
SIFT,bernoulli,0.01,0.2,27,233.2550506591797,786761,623376.6233766234,1.2620957708333334
SIFT,bernoulli,0.01,0.2,28,389.90380859375,819103,415584.4155844156,1.9709665937499998
SIFT,bernoulli,0.01,0.2,29,417.54730224609375,788421,0.0,
SIFT,bernoulli,0.01,0.2,30,392.8097839355469,774709,831168.8311688312,1.0728787598554181
SIFT,bernoulli,0.01,0.2,31,379.7194519042969,813563,1038961.038961039,1.2770505037237916
SIFT,bernoulli,0.01,0.2,32,394.81256103515625,796478,831168.8311688312,1.04355529113024
SIFT,bernoulli,0.01,0.2,33,319.9873352050781,780607,1454545.4545454546,1.8633517948794394
SIFT,bernoulli,0.01,0.2,34,315.56451416015625,823847,1454545.4545454546,1.7655528933715297
SIFT,bernoulli,0.01,0.2,35,377.76806640625,817178,207792.2077922078,3.932669125
SIFT,bernoulli,0.01,0.2,36,387.8049621582031,802894,415584.4155844156,1.9319636875
SIFT,bernoulli,0.01,0.2,37,371.2020263671875,818454,415584.4155844156,1.9694049375
SIFT,bernoulli,0.01,0.2,38,414.6022033691406,805071,415584.4155844156,1.9372020937499999
SIFT,bernoulli,0.01,0.2,39,368.1969299316406,818444,1038961.038961039,1.2694344866124487
SIFT,bernoulli,0.01,0.2,40,345.3054504394531,827179,207792.2077922078,3.9807989375
SIFT,bernoulli,0.01,0.2,41,437.45843505859375,847465,207792.2077922078,4.078425312499999
SIFT,bernoulli,0.01,0.2,42,368.06109619140625,760308,415584.4155844156,1.8294911249999999
SIFT,bernoulli,0.01,0.2,43,361.3336181640625,798655,207792.2077922078,3.8435271875
SIFT,bernoulli,0.01,0.2,44,395.9861145019531,781932,1246753.2467532468,1.5944522627968247
SIFT,bernoulli,0.01,0.2,45,331.9261779785156,767590,1038961.038961039,1.3535364438841557
SIFT,bernoulli,0.01,0.2,46,403.52423095703125,809955,1038961.038961039,1.2827392126242063
SIFT,bernoulli,0.01,0.2,47,412.57000732421875,834769,415584.4155844156,2.00866290625
SIFT,bernoulli,0.01,0.2,48,386.1009521484375,799371,1038961.038961039,1.299723206072073
SIFT,bernoulli,0.01,0.2,49,397.4945983886719,798452,623376.6233766234,1.2808500833333334
SIFT,bernoulli,0.01,0.2,50,339.03955078125,828954,1038961.038961039,1.2533397980600118
SIFT,bernoulli,0.01,0.2,51,336.1755065917969,782034,623376.6233766234,1.254512875
SIFT,bernoulli,0.01,0.2,52,397.7951354980469,806499,1870129.8701298703,2.3188247848166834
SIFT,bernoulli,0.01,0.2,53,401.8307800292969,789522,207792.2077922078,3.799574625
SIFT,bernoulli,0.01,0.2,54,403.9814453125,772257,1246753.2467532468,1.6144278999779176
SIFT,bernoulli,0.01,0.2,55,244.17393493652344,788963,623376.6233766234,1.2656281458333334
SIFT,bernoulli,0.01,0.2,56,363.9601135253906,775961,207792.2077922078,3.7343123124999997
SIFT,bernoulli,0.01,0.2,57,396.5753479003906,769970,1246753.2467532468,1.6192231473346321
SIFT,bernoulli,0.01,0.2,58,402.9453430175781,816855,1038961.038961039,1.27190387395687
SIFT,bernoulli,0.01,0.2,59,409.57037353515625,780856,415584.4155844156,1.87893475
SIFT,bernoulli,0.01,0.2,60,408.1246643066406,786325,623376.6233766234,1.2613963541666666
SIFT,bernoulli,0.01,0.2,61,401.16558837890625,815251,831168.8311688312,1.019525067946965
SIFT,bernoulli,0.01,0.2,62,377.992919921875,799650,1454545.4545454546,1.818977620890958
SIFT,bernoulli,0.01,0.2,63,380.0064697265625,770308,0.0,
SIFT,bernoulli,0.01,0.2,64,349.10968017578125,817299,1454545.4545454546,1.779698071997463
SIFT,bernoulli,0.01,0.2,65,434.93896484375,801986,207792.2077922078,3.859557625
SIFT,bernoulli,0.01,0.2,66,400.2998962402344,808007,415584.4155844156,1.94426684375
SIFT,bernoulli,0.01,0.2,67,384.0870361328125,807389,1038961.038961039,1.2868159449299397
SIFT,bernoulli,0.01,0.2,68,346.1543884277344,794528,831168.8311688312,1.0461164756545158
SIFT,bernoulli,0.01,0.2,69,323.6508483886719,806169,2285714.285714286,2.835279309566959
SIFT,bernoulli,0.01,0.2,70,391.49835205078125,806219,831168.8311688312,1.0309467169203792
SIFT,bernoulli,0.01,0.2,71,393.2197570800781,804076,1246753.2467532468,1.5505415492481391
SIFT,bernoulli,0.01,0.2,72,399.030029296875,788169,1454545.4545454546,1.845474072877079
SIFT,bernoulli,0.01,0.2,73,221.4608154296875,802130,1246753.2467532468,1.5543032261020617
SIFT,bernoulli,0.01,0.2,74,428.41204833984375,783732,415584.4155844156,1.885855125
SIFT,bernoulli,0.01,0.2,75,418.0033874511719,825764,831168.8311688312,1.0065452492102238
SIFT,bernoulli,0.01,0.2,76,349.3450927734375,801385,623376.6233766234,1.2855551041666666
SIFT,bernoulli,0.01,0.2,77,407.7376403808594,804512,1038961.038961039,1.2914177028571843
SIFT,bernoulli,0.01,0.2,78,345.1389465332031,803777,831168.8311688312,1.0340788939828227
SIFT,bernoulli,0.01,0.2,79,404.2498474121094,804003,207792.2077922078,3.8692644374999996
SIFT,bernoulli,0.01,0.2,80,382.2015075683594,810035,1038961.038961039,1.2826125278056368
SIFT,bernoulli,0.01,0.2,81,394.7402648925781,791987,415584.4155844156,1.90571871875
SIFT,bernoulli,0.01,0.2,82,394.92144775390625,791919,831168.8311688312,1.0495629365741082
SIFT,bernoulli,0.01,0.2,83,381.15850830078125,785082,2285714.285714286,2.911433819288031
SIFT,bernoulli,0.01,0.2,84,276.85357666015625,803320,831168.8311688312,1.0346671702046895
SIFT,bernoulli,0.01,0.2,85,403.7881774902344,816015,1038961.038961039,1.2732131627004883
SIFT,bernoulli,0.01,0.2,86,281.2809143066406,796697,623376.6233766234,1.2780347708333333
SIFT,bernoulli,0.01,0.2,87,387.8452453613281,809085,1038961.038961039,1.2841185276714302
SIFT,bernoulli,0.01,0.2,88,403.29144287109375,791345,415584.4155844156,1.9041739062499998
SIFT,bernoulli,0.01,0.2,89,357.1758117675781,810232,207792.2077922078,3.8992415
SIFT,bernoulli,0.01,0.2,90,348.5339660644531,835982,1454545.4545454546,1.7399243698374542
SIFT,bernoulli,0.01,0.2,91,386.0309753417969,806115,831168.8311688312,1.0310797233258668
SIFT,bernoulli,0.01,0.2,92,408.19110107421875,799929,415584.4155844156,1.92482915625
SIFT,bernoulli,0.01,0.2,93,376.3376159667969,802649,831168.8311688312,1.03553213318503
SIFT,bernoulli,0.01,0.2,94,391.1700439453125,795733,415584.4155844156,1.9147325312499999
SIFT,bernoulli,0.01,0.2,95,441.748779296875,805105,831168.8311688312,1.0323732074311192
SIFT,bernoulli,0.01,0.2,96,319.9952087402344,802507,623376.6233766234,1.2873549791666667
SIFT,bernoulli,0.01,0.2,97,405.0690612792969,792116,623376.6233766234,1.2706860833333333
SIFT,bernoulli,0.01,0.2,98,374.5810546875,770248,207792.2077922078,3.7068185
SIFT,bernoulli,0.01,0.2,99,426.7563171386719,800739,831168.8311688312,1.0380021844431597
SIFT,bernoulli,0.01,0.3,0,372.0482482910156,804072,1662337.6623376624,2.067399016925925
SIFT,bernoulli,0.01,0.3,1,385.9545593261719,811722,1038961.038961039,1.2799468770848135
SIFT,bernoulli,0.01,0.3,2,394.9783630371094,829692,415584.4155844156,1.9964463749999999
SIFT,bernoulli,0.01,0.3,3,391.8212890625,791172,1662337.6623376624,2.1011078025229186
SIFT,bernoulli,0.01,0.3,4,319.7450256347656,803973,1870129.8701298703,2.326110292422594
SIFT,bernoulli,0.01,0.3,5,380.0393371582031,794917,831168.8311688312,1.0456045488633796
SIFT,bernoulli,0.01,0.3,6,328.6761169433594,794744,0.0,
SIFT,bernoulli,0.01,0.3,7,397.1687316894531,791648,415584.4155844156,1.904903
SIFT,bernoulli,0.01,0.3,8,418.513916015625,804886,415584.4155844156,1.9367569375
SIFT,bernoulli,0.01,0.3,9,352.22998046875,776948,831168.8311688312,1.0697869499230723
SIFT,bernoulli,0.01,0.3,10,394.0569763183594,828502,1246753.2467532468,1.5048282885898245
SIFT,bernoulli,0.01,0.3,11,432.48583984375,815010,415584.4155844156,1.9611178125
SIFT,bernoulli,0.01,0.3,12,406.16253662109375,804376,1870129.8701298703,2.3249448891188575
SIFT,bernoulli,0.01,0.3,13,404.9566345214844,809701,1038961.038961039,1.283141602839862
SIFT,bernoulli,0.01,0.3,14,394.8276672363281,792243,1246753.2467532468,1.57370055242299
SIFT,bernoulli,0.01,0.3,15,303.80743408203125,816582,1038961.038961039,1.2723290973362615
SIFT,bernoulli,0.01,0.3,16,424.9352722167969,770578,1038961.038961039,1.348287959117752
SIFT,bernoulli,0.01,0.3,17,372.31842041015625,771263,623376.6233766234,1.2372343958333334
SIFT,bernoulli,0.01,0.3,18,393.0279541015625,784222,831168.8311688312,1.0598642108597198
SIFT,bernoulli,0.01,0.3,19,400.4907531738281,757932,415584.4155844156,1.8237738749999999
SIFT,bernoulli,0.01,0.3,20,291.91400146484375,802853,415584.4155844156,1.9318650312499999
SIFT,bernoulli,0.01,0.3,21,272.52850341796875,793344,415584.4155844156,1.908984
SIFT,bernoulli,0.01,0.3,22,330.2196044921875,817716,831168.8311688312,1.0164517157164972
SIFT,bernoulli,0.01,0.3,23,409.1575622558594,800505,831168.8311688312,1.0383056085456446
SIFT,bernoulli,0.01,0.3,24,372.28057861328125,783106,623376.6233766234,1.2562325416666666
SIFT,bernoulli,0.01,0.3,25,365.21484375,810423,623376.6233766234,1.3000535625
SIFT,bernoulli,0.01,0.3,26,356.6326904296875,800950,415584.4155844156,1.9272859375
SIFT,bernoulli,0.01,0.3,27,233.2550506591797,786761,831168.8311688312,1.0564438643613896
SIFT,bernoulli,0.01,0.3,28,389.90380859375,819103,831168.8311688312,1.0147305420305275
SIFT,bernoulli,0.01,0.3,29,417.54730224609375,788421,415584.4155844156,1.89713803125
SIFT,bernoulli,0.01,0.3,30,392.8097839355469,774709,831168.8311688312,1.0728787598554181
SIFT,bernoulli,0.01,0.3,31,379.7194519042969,813563,831168.8311688312,1.0216404029790331
SIFT,bernoulli,0.01,0.3,32,394.81256103515625,796478,831168.8311688312,1.04355529113024
SIFT,bernoulli,0.01,0.3,33,319.9873352050781,780607,1038961.038961039,1.3309655677710281
SIFT,bernoulli,0.01,0.3,34,315.56451416015625,823847,623376.6233766234,1.3215878958333334
SIFT,bernoulli,0.01,0.3,35,377.76806640625,817178,1454545.4545454546,1.7799615928787298
SIFT,bernoulli,0.01,0.3,36,387.8049621582031,802894,623376.6233766234,1.2879757916666668
SIFT,bernoulli,0.01,0.3,37,371.2020263671875,818454,831168.8311688312,1.0155351811694135
SIFT,bernoulli,0.01,0.3,38,414.6022033691406,805071,415584.4155844156,1.9372020937499999
SIFT,bernoulli,0.01,0.3,39,368.1969299316406,818444,415584.4155844156,1.969380875
SIFT,bernoulli,0.01,0.3,40,345.3054504394531,827179,207792.2077922078,3.9807989375
SIFT,bernoulli,0.01,0.3,41,437.45843505859375,847465,623376.6233766234,1.3594751041666666
SIFT,bernoulli,0.01,0.3,42,368.06109619140625,760308,415584.4155844156,1.8294911249999999
SIFT,bernoulli,0.01,0.3,43,361.3336181640625,798655,415584.4155844156,1.92176359375
SIFT,bernoulli,0.01,0.3,44,395.9861145019531,781932,1662337.6623376624,2.1259363503957664
SIFT,bernoulli,0.01,0.3,45,331.9261779785156,767590,831168.8311688312,1.0828291551073246
SIFT,bernoulli,0.01,0.3,46,403.52423095703125,809955,0.0,
SIFT,bernoulli,0.01,0.3,47,412.57000732421875,834769,415584.4155844156,2.00866290625
SIFT,bernoulli,0.01,0.3,48,386.1009521484375,799371,831168.8311688312,1.0397785648576583
SIFT,bernoulli,0.01,0.3,49,397.4945983886719,798452,623376.6233766234,1.2808500833333334
SIFT,bernoulli,0.01,0.3,50,339.03955078125,828954,623376.6233766234,1.329780375
SIFT,bernoulli,0.01,0.3,51,336.1755065917969,782034,623376.6233766234,1.254512875
SIFT,bernoulli,0.01,0.3,52,397.7951354980469,806499,623376.6233766234,1.2937588125
SIFT,bernoulli,0.01,0.3,53,401.8307800292969,789522,415584.4155844156,1.8997873125
SIFT,bernoulli,0.01,0.3,54,403.9814453125,772257,623376.6233766234,1.2388289375
SIFT,bernoulli,0.01,0.3,55,244.17393493652344,788963,623376.6233766234,1.2656281458333334
SIFT,bernoulli,0.01,0.3,56,363.9601135253906,775961,623376.6233766234,1.2447707708333333
SIFT,bernoulli,0.01,0.3,57,396.5753479003906,769970,207792.2077922078,3.705480625
SIFT,bernoulli,0.01,0.3,58,402.9453430175781,816855,415584.4155844156,1.9655573437499998
SIFT,bernoulli,0.01,0.3,59,409.57037353515625,780856,623376.6233766234,1.2526231666666667
SIFT,bernoulli,0.01,0.3,60,408.1246643066406,786325,623376.6233766234,1.2613963541666666
SIFT,bernoulli,0.01,0.3,61,401.16558837890625,815251,1246753.2467532468,1.5292876019204475
SIFT,bernoulli,0.01,0.3,62,377.992919921875,799650,2077922.077922078,2.5985394584156545
SIFT,bernoulli,0.01,0.3,63,380.0064697265625,770308,623376.6233766234,1.2357024166666666
SIFT,bernoulli,0.01,0.3,64,349.10968017578125,817299,623376.6233766234,1.3110838125
SIFT,bernoulli,0.01,0.3,65,434.93896484375,801986,1246753.2467532468,1.5545823078622902
SIFT,bernoulli,0.01,0.3,66,400.2998962402344,808007,1454545.4545454546,1.8001644225179418
SIFT,bernoulli,0.01,0.3,67,384.0870361328125,807389,623376.6233766234,1.2951865208333333
SIFT,bernoulli,0.01,0.3,68,346.1543884277344,794528,415584.4155844156,1.911833
SIFT,bernoulli,0.01,0.3,69,323.6508483886719,806169,1870129.8701298703,2.3197739805547846
SIFT,bernoulli,0.01,0.3,70,391.49835205078125,806219,1038961.038961039,1.288683396150474
SIFT,bernoulli,0.01,0.3,71,393.2197570800781,804076,1038961.038961039,1.2921179577067827
SIFT,bernoulli,0.01,0.3,72,399.030029296875,788169,623376.6233766234,1.2643544375
SIFT,bernoulli,0.01,0.3,73,221.4608154296875,802130,831168.8311688312,1.036202150734708
SIFT,bernoulli,0.01,0.3,74,428.41204833984375,783732,415584.4155844156,1.885855125
SIFT,bernoulli,0.01,0.3,75,418.0033874511719,825764,415584.4155844156,1.986994625
SIFT,bernoulli,0.01,0.3,76,349.3450927734375,801385,1662337.6623376624,2.0743308925643262
SIFT,bernoulli,0.01,0.3,77,407.7376403808594,804512,207792.2077922078,3.871714
SIFT,bernoulli,0.01,0.3,78,345.1389465332031,803777,623376.6233766234,1.2893922708333334
SIFT,bernoulli,0.01,0.3,79,404.2498474121094,804003,1246753.2467532468,1.5506823317241936
SIFT,bernoulli,0.01,0.3,80,382.2015075683594,810035,623376.6233766234,1.2994311458333334
SIFT,bernoulli,0.01,0.3,81,394.7402648925781,791987,207792.2077922078,3.8114374375
SIFT,bernoulli,0.01,0.3,82,394.92144775390625,791919,415584.4155844156,1.9055550937499999
SIFT,bernoulli,0.01,0.3,83,381.15850830078125,785082,831168.8311688312,1.0587032070138294
SIFT,bernoulli,0.01,0.3,84,276.85357666015625,803320,415584.4155844156,1.9329887499999998
SIFT,bernoulli,0.01,0.3,85,403.7881774902344,816015,623376.6233766234,1.3090240625
SIFT,bernoulli,0.01,0.3,86,281.2809143066406,796697,623376.6233766234,1.2780347708333333
SIFT,bernoulli,0.01,0.3,87,387.8452453613281,809085,831168.8311688312,1.027294822137144
SIFT,bernoulli,0.01,0.3,88,403.29144287109375,791345,1038961.038961039,1.312905292838192
SIFT,bernoulli,0.01,0.3,89,357.1758117675781,810232,415584.4155844156,1.94962075
SIFT,bernoulli,0.01,0.3,90,348.5339660644531,835982,1246753.2467532468,1.4913637455749607
SIFT,bernoulli,0.01,0.3,91,386.0309753417969,806115,831168.8311688312,1.0310797233258668
SIFT,bernoulli,0.01,0.3,92,408.19110107421875,799929,831168.8311688312,1.0390532549374147
SIFT,bernoulli,0.01,0.3,93,376.3376159667969,802649,831168.8311688312,1.03553213318503
SIFT,bernoulli,0.01,0.3,94,391.1700439453125,795733,1870129.8701298703,2.350197704669619
SIFT,bernoulli,0.01,0.3,95,441.748779296875,805105,831168.8311688312,1.0323732074311192
SIFT,bernoulli,0.01,0.3,96,319.9952087402344,802507,623376.6233766234,1.2873549791666667
SIFT,bernoulli,0.01,0.3,97,405.0690612792969,792116,831168.8311688312,1.0493019092769635
SIFT,bernoulli,0.01,0.3,98,374.5810546875,770248,1454545.4545454546,1.8884118550719438
SIFT,bernoulli,0.01,0.3,99,426.7563171386719,800739,623376.6233766234,1.2845188125
SIFT,bernoulli,0.01,0.4,0,372.0482482910156,804072,1038961.038961039,1.2921243855787032
SIFT,bernoulli,0.01,0.4,1,385.9545593261719,811722,831168.8311688312,1.0239575016678508
SIFT,bernoulli,0.01,0.4,2,394.9783630371094,829692,415584.4155844156,1.9964463749999999
SIFT,bernoulli,0.01,0.4,3,391.8212890625,791172,623376.6233766234,1.26917175
SIFT,bernoulli,0.01,0.4,4,319.7450256347656,803973,1246753.2467532468,1.5507401949483959
SIFT,bernoulli,0.01,0.4,5,380.0393371582031,794917,415584.4155844156,1.9127690312499999
SIFT,bernoulli,0.01,0.4,6,328.6761169433594,794744,1038961.038961039,1.3072901952843168
SIFT,bernoulli,0.01,0.4,7,397.1687316894531,791648,207792.2077922078,3.809806
SIFT,bernoulli,0.01,0.4,8,418.513916015625,804886,415584.4155844156,1.9367569375
SIFT,bernoulli,0.01,0.4,9,352.22998046875,776948,623376.6233766234,1.2463540833333333
SIFT,bernoulli,0.01,0.4,10,394.0569763183594,828502,623376.6233766234,1.3290552916666667
SIFT,bernoulli,0.01,0.4,11,432.48583984375,815010,831168.8311688312,1.0198265434397507
SIFT,bernoulli,0.01,0.4,12,406.16253662109375,804376,831168.8311688312,1.0333088396083812
SIFT,bernoulli,0.01,0.4,13,404.9566345214844,809701,1870129.8701298703,2.3096548851117515
SIFT,bernoulli,0.01,0.4,14,394.8276672363281,792243,1038961.038961039,1.3114171270191584
SIFT,bernoulli,0.01,0.4,15,303.80743408203125,816582,623376.6233766234,1.309933625
SIFT,bernoulli,0.01,0.4,16,424.9352722167969,770578,623376.6233766234,1.2361355416666666
SIFT,bernoulli,0.01,0.4,17,372.31842041015625,771263,415584.4155844156,1.85585159375
SIFT,bernoulli,0.01,0.4,18,393.0279541015625,784222,623376.6233766234,1.2580227916666666
SIFT,bernoulli,0.01,0.4,19,400.4907531738281,757932,1662337.6623376624,2.193254358356241
SIFT,bernoulli,0.01,0.4,20,291.91400146484375,802853,831168.8311688312,1.0352690108510914
SIFT,bernoulli,0.01,0.4,21,272.52850341796875,793344,415584.4155844156,1.908984
SIFT,bernoulli,0.01,0.4,22,330.2196044921875,817716,1662337.6623376624,2.0329034314329943
SIFT,bernoulli,0.01,0.4,23,409.1575622558594,800505,1662337.6623376624,2.076611217091289
SIFT,bernoulli,0.01,0.4,24,372.28057861328125,783106,1246753.2467532468,1.5920619261673985
SIFT,bernoulli,0.01,0.4,25,365.21484375,810423,415584.4155844156,1.9500803437499998
SIFT,bernoulli,0.01,0.4,26,356.6326904296875,800950,1454545.4545454546,1.8160252881521375
SIFT,bernoulli,0.01,0.4,27,233.2550506591797,786761,1454545.4545454546,1.8487767626324316
SIFT,bernoulli,0.01,0.4,28,389.90380859375,819103,831168.8311688312,1.0147305420305275
SIFT,bernoulli,0.01,0.4,29,417.54730224609375,788421,623376.6233766234,1.2647586875
SIFT,bernoulli,0.01,0.4,30,392.8097839355469,774709,1246753.2467532468,1.6093181397831273
SIFT,bernoulli,0.01,0.4,31,379.7194519042969,813563,1246753.2467532468,1.5324606044685498
SIFT,bernoulli,0.01,0.4,32,394.81256103515625,796478,1246753.2467532468,1.5653329366953597
SIFT,bernoulli,0.01,0.4,33,319.9873352050781,780607,623376.6233766234,1.2522237291666667
SIFT,bernoulli,0.01,0.4,34,315.56451416015625,823847,831168.8311688312,1.008887367640874
SIFT,bernoulli,0.01,0.4,35,377.76806640625,817178,831168.8311688312,1.017120910216417
SIFT,bernoulli,0.01,0.4,36,387.8049621582031,802894,831168.8311688312,1.0352161445581
SIFT,bernoulli,0.01,0.4,37,371.2020263671875,818454,207792.2077922078,3.938809875
SIFT,bernoulli,0.01,0.4,38,414.6022033691406,805071,415584.4155844156,1.9372020937499999
SIFT,bernoulli,0.01,0.4,39,368.1969299316406,818444,1038961.038961039,1.2694344866124487
SIFT,bernoulli,0.01,0.4,40,345.3054504394531,827179,415584.4155844156,1.99039946875
SIFT,bernoulli,0.01,0.4,41,437.45843505859375,847465,623376.6233766234,1.3594751041666666
SIFT,bernoulli,0.01,0.4,42,368.06109619140625,760308,415584.4155844156,1.8294911249999999
SIFT,bernoulli,0.01,0.4,43,361.3336181640625,798655,831168.8311688312,1.0407107338823787
SIFT,bernoulli,0.01,0.4,44,395.9861145019531,781932,1038961.038961039,1.328710218997354
SIFT,bernoulli,0.01,0.4,45,331.9261779785156,767590,831168.8311688312,1.0828291551073246
SIFT,bernoulli,0.01,0.4,46,403.52423095703125,809955,623376.6233766234,1.2993028125
SIFT,bernoulli,0.01,0.4,47,412.57000732421875,834769,831168.8311688312,1.004331453125
SIFT,bernoulli,0.01,0.4,48,386.1009521484375,799371,831168.8311688312,1.0397785648576583
SIFT,bernoulli,0.01,0.4,49,397.4945983886719,798452,623376.6233766234,1.2808500833333334
SIFT,bernoulli,0.01,0.4,50,339.03955078125,828954,415584.4155844156,1.9946705624999999
SIFT,bernoulli,0.01,0.4,51,336.1755065917969,782034,623376.6233766234,1.254512875
SIFT,bernoulli,0.01,0.4,52,397.7951354980469,806499,1246753.2467532468,1.5458831898777887
SIFT,bernoulli,0.01,0.4,53,401.8307800292969,789522,623376.6233766234,1.266524875
SIFT,bernoulli,0.01,0.4,54,403.9814453125,772257,831168.8311688312,1.0762852666519451
SIFT,bernoulli,0.01,0.4,55,244.17393493652344,788963,415584.4155844156,1.8984422187499999
SIFT,bernoulli,0.01,0.4,56,363.9601135253906,775961,831168.8311688312,1.0711476880524036
SIFT,bernoulli,0.01,0.4,57,396.5753479003906,769970,623376.6233766234,1.2351602083333333
SIFT,bernoulli,0.01,0.4,58,402.9453430175781,816855,1246753.2467532468,1.526284648748244
SIFT,bernoulli,0.01,0.4,59,409.57037353515625,780856,415584.4155844156,1.87893475
SIFT,bernoulli,0.01,0.4,60,408.1246643066406,786325,623376.6233766234,1.2613963541666666
SIFT,bernoulli,0.01,0.4,61,401.16558837890625,815251,1454545.4545454546,1.7841688689071888
SIFT,bernoulli,0.01,0.4,62,377.992919921875,799650,831168.8311688312,1.0394157833662618
SIFT,bernoulli,0.01,0.4,63,380.0064697265625,770308,831168.8311688312,1.07900843710416
SIFT,bernoulli,0.01,0.4,64,349.10968017578125,817299,207792.2077922078,3.9332514374999996
SIFT,bernoulli,0.01,0.4,65,434.93896484375,801986,831168.8311688312,1.036388205241527
SIFT,bernoulli,0.01,0.4,66,400.2998962402344,808007,1454545.4545454546,1.8001644225179418
SIFT,bernoulli,0.01,0.4,67,384.0870361328125,807389,831168.8311688312,1.0294527559439517
SIFT,bernoulli,0.01,0.4,68,346.1543884277344,794528,415584.4155844156,1.911833
SIFT,bernoulli,0.01,0.4,69,323.6508483886719,806169,1454545.4545454546,1.8042686515426103
SIFT,bernoulli,0.01,0.4,70,391.49835205078125,806219,831168.8311688312,1.0309467169203792
SIFT,bernoulli,0.01,0.4,71,393.2197570800781,804076,831168.8311688312,1.033694366165426
SIFT,bernoulli,0.01,0.4,72,399.030029296875,788169,623376.6233766234,1.2643544375
SIFT,bernoulli,0.01,0.4,73,221.4608154296875,802130,1454545.4545454546,1.8133537637857386
SIFT,bernoulli,0.01,0.4,74,428.41204833984375,783732,1662337.6623376624,2.1210537050135283
SIFT,bernoulli,0.01,0.4,75,418.0033874511719,825764,831168.8311688312,1.0065452492102238
SIFT,bernoulli,0.01,0.4,76,349.3450927734375,801385,1038961.038961039,1.296456807852704
SIFT,bernoulli,0.01,0.4,77,407.7376403808594,804512,831168.8311688312,1.0331341622857475
SIFT,bernoulli,0.01,0.4,78,345.1389465332031,803777,831168.8311688312,1.0340788939828227
SIFT,bernoulli,0.01,0.4,79,404.2498474121094,804003,415584.4155844156,1.9346322187499998
SIFT,bernoulli,0.01,0.4,80,382.2015075683594,810035,1038961.038961039,1.2826125278056368
SIFT,bernoulli,0.01,0.4,81,394.7402648925781,791987,623376.6233766234,1.2704791458333333
SIFT,bernoulli,0.01,0.4,82,394.92144775390625,791919,1246753.2467532468,1.5743444048611623
SIFT,bernoulli,0.01,0.4,83,381.15850830078125,785082,1662337.6623376624,2.1174064140276587
SIFT,bernoulli,0.01,0.4,84,276.85357666015625,803320,1246753.2467532468,1.5520007553070343
SIFT,bernoulli,0.01,0.4,85,403.7881774902344,816015,415584.4155844156,1.96353609375
SIFT,bernoulli,0.01,0.4,86,281.2809143066406,796697,415584.4155844156,1.9170521562499998
SIFT,bernoulli,0.01,0.4,87,387.8452453613281,809085,1038961.038961039,1.2841185276714302
SIFT,bernoulli,0.01,0.4,88,403.29144287109375,791345,415584.4155844156,1.9041739062499998
SIFT,bernoulli,0.01,0.4,89,357.1758117675781,810232,831168.8311688312,1.025840538473957
SIFT,bernoulli,0.01,0.4,90,348.5339660644531,835982,1246753.2467532468,1.4913637455749607
SIFT,bernoulli,0.01,0.4,91,386.0309753417969,806115,1246753.2467532468,1.5466195849888003
SIFT,bernoulli,0.01,0.4,92,408.19110107421875,799929,831168.8311688312,1.0390532549374147
SIFT,bernoulli,0.01,0.4,93,376.3376159667969,802649,1038961.038961039,1.2944151664812877
SIFT,bernoulli,0.01,0.4,94,391.1700439453125,795733,1454545.4545454546,1.8279315480763705
SIFT,bernoulli,0.01,0.4,95,441.748779296875,805105,1038961.038961039,1.290466509288899
SIFT,bernoulli,0.01,0.4,96,319.9952087402344,802507,207792.2077922078,3.8620649375
SIFT,bernoulli,0.01,0.4,97,405.0690612792969,792116,1038961.038961039,1.3116273865962045
SIFT,bernoulli,0.01,0.4,98,374.5810546875,770248,831168.8311688312,1.0790924886125393
SIFT,bernoulli,0.01,0.4,99,426.7563171386719,800739,831168.8311688312,1.0380021844431597
SIFT,bernoulli,0.01,0.5,0,372.0482482910156,804072,1246753.2467532468,1.5505492626944437
SIFT,bernoulli,0.01,0.5,1,385.9545593261719,811722,1246753.2467532468,1.5359362525017761
SIFT,bernoulli,0.01,0.5,2,394.9783630371094,829692,1246753.2467532468,1.50266996277323
SIFT,bernoulli,0.01,0.5,3,391.8212890625,791172,1246753.2467532468,1.5758308518921889
SIFT,bernoulli,0.01,0.5,4,319.7450256347656,803973,831168.8311688312,1.033826796632264
SIFT,bernoulli,0.01,0.5,5,380.0393371582031,794917,623376.6233766234,1.2751793541666667
SIFT,bernoulli,0.01,0.5,6,328.6761169433594,794744,1246753.2467532468,1.56874823434118
SIFT,bernoulli,0.01,0.5,7,397.1687316894531,791648,623376.6233766234,1.2699353333333334
SIFT,bernoulli,0.01,0.5,8,418.513916015625,804886,415584.4155844156,1.9367569375
SIFT,bernoulli,0.01,0.5,9,352.22998046875,776948,1038961.038961039,1.3372336874038404
SIFT,bernoulli,0.01,0.5,10,394.0569763183594,828502,623376.6233766234,1.3290552916666667
SIFT,bernoulli,0.01,0.5,11,432.48583984375,815010,831168.8311688312,1.0198265434397507
SIFT,bernoulli,0.01,0.5,12,406.16253662109375,804376,623376.6233766234,1.2903531666666668
SIFT,bernoulli,0.01,0.5,13,404.9566345214844,809701,1454545.4545454546,1.7963982439758066
SIFT,bernoulli,0.01,0.5,14,394.8276672363281,792243,1038961.038961039,1.3114171270191584
SIFT,bernoulli,0.01,0.5,15,303.80743408203125,816582,1246753.2467532468,1.5267949168035135
SIFT,bernoulli,0.01,0.5,16,424.9352722167969,770578,1870129.8701298703,2.4269183264119536
SIFT,bernoulli,0.01,0.5,17,372.31842041015625,771263,623376.6233766234,1.2372343958333334
SIFT,bernoulli,0.01,0.5,18,393.0279541015625,784222,1038961.038961039,1.3248302635746498
SIFT,bernoulli,0.01,0.5,19,400.4907531738281,757932,415584.4155844156,1.8237738749999999
SIFT,bernoulli,0.01,0.5,20,291.91400146484375,802853,415584.4155844156,1.9318650312499999
SIFT,bernoulli,0.01,0.5,21,272.52850341796875,793344,623376.6233766234,1.272656
SIFT,bernoulli,0.01,0.5,22,330.2196044921875,817716,415584.4155844156,1.967629125
SIFT,bernoulli,0.01,0.5,23,409.1575622558594,800505,831168.8311688312,1.0383056085456446
SIFT,bernoulli,0.01,0.5,24,372.28057861328125,783106,1246753.2467532468,1.5920619261673985
SIFT,bernoulli,0.01,0.5,25,365.21484375,810423,1038961.038961039,1.281998461249297
SIFT,bernoulli,0.01,0.5,26,356.6326904296875,800950,623376.6233766234,1.2848572916666667
SIFT,bernoulli,0.01,0.5,27,233.2550506591797,786761,415584.4155844156,1.89314365625
SIFT,bernoulli,0.01,0.5,28,389.90380859375,819103,623376.6233766234,1.3139777291666666
SIFT,bernoulli,0.01,0.5,29,417.54730224609375,788421,831168.8311688312,1.0542195491607038
SIFT,bernoulli,0.01,0.5,30,392.8097839355469,774709,1870129.8701298703,2.413977209674691
SIFT,bernoulli,0.01,0.5,31,379.7194519042969,813563,1454545.4545454546,1.787870705213308
SIFT,bernoulli,0.01,0.5,32,394.81256103515625,796478,1038961.038961039,1.3044441139127998
SIFT,bernoulli,0.01,0.5,33,319.9873352050781,780607,831168.8311688312,1.0647724542168227
SIFT,bernoulli,0.01,0.5,34,315.56451416015625,823847,207792.2077922078,3.9647636874999996
SIFT,bernoulli,0.01,0.5,35,377.76806640625,817178,1246753.2467532468,1.5256813653246255
SIFT,bernoulli,0.01,0.5,36,387.8049621582031,802894,1662337.6623376624,2.0704322891162
SIFT,bernoulli,0.01,0.5,37,371.2020263671875,818454,831168.8311688312,1.0155351811694135
SIFT,bernoulli,0.01,0.5,38,414.6022033691406,805071,831168.8311688312,1.032416806926136
SIFT,bernoulli,0.01,0.5,39,368.1969299316406,818444,1454545.4545454546,1.7772082812574281
SIFT,bernoulli,0.01,0.5,40,345.3054504394531,827179,831168.8311688312,1.0048234193189518
SIFT,bernoulli,0.01,0.5,41,437.45843505859375,847465,415584.4155844156,2.0392126562499997
SIFT,bernoulli,0.01,0.5,42,368.06109619140625,760308,623376.6233766234,1.21966075
SIFT,bernoulli,0.01,0.5,43,361.3336181640625,798655,0.0,
SIFT,bernoulli,0.01,0.5,44,395.9861145019531,781932,415584.4155844156,1.8815238749999998
SIFT,bernoulli,0.01,0.5,45,331.9261779785156,767590,415584.4155844156,1.8470134374999998
SIFT,bernoulli,0.01,0.5,46,403.52423095703125,809955,831168.8311688312,1.026191370099365
SIFT,bernoulli,0.01,0.5,47,412.57000732421875,834769,415584.4155844156,2.00866290625
SIFT,bernoulli,0.01,0.5,48,386.1009521484375,799371,831168.8311688312,1.0397785648576583
SIFT,bernoulli,0.01,0.5,49,397.4945983886719,798452,415584.4155844156,1.921275125
SIFT,bernoulli,0.01,0.5,50,339.03955078125,828954,623376.6233766234,1.329780375
SIFT,bernoulli,0.01,0.5,51,336.1755065917969,782034,1038961.038961039,1.3285369165036802
SIFT,bernoulli,0.01,0.5,52,397.7951354980469,806499,623376.6233766234,1.2937588125
SIFT,bernoulli,0.01,0.5,53,401.8307800292969,789522,415584.4155844156,1.8997873125
SIFT,bernoulli,0.01,0.5,54,403.9814453125,772257,207792.2077922078,3.7164868125
SIFT,bernoulli,0.01,0.5,55,244.17393493652344,788963,623376.6233766234,1.2656281458333334
SIFT,bernoulli,0.01,0.5,56,363.9601135253906,775961,831168.8311688312,1.0711476880524036
SIFT,bernoulli,0.01,0.5,57,396.5753479003906,769970,831168.8311688312,1.0794820982230882
SIFT,bernoulli,0.01,0.5,58,402.9453430175781,816855,831168.8311688312,1.017523099165496
SIFT,bernoulli,0.01,0.5,59,409.57037353515625,780856,1454545.4545454546,1.8627576077349148
SIFT,bernoulli,0.01,0.5,60,408.1246643066406,786325,623376.6233766234,1.2613963541666666
SIFT,bernoulli,0.01,0.5,61,401.16558837890625,815251,831168.8311688312,1.019525067946965
SIFT,bernoulli,0.01,0.5,62,377.992919921875,799650,1038961.038961039,1.2992697292078272
SIFT,bernoulli,0.01,0.5,63,380.0064697265625,770308,415584.4155844156,1.853553625
SIFT,bernoulli,0.01,0.5,64,349.10968017578125,817299,623376.6233766234,1.3110838125
SIFT,bernoulli,0.01,0.5,65,434.93896484375,801986,1246753.2467532468,1.5545823078622902
SIFT,bernoulli,0.01,0.5,66,400.2998962402344,808007,0.0,
SIFT,bernoulli,0.01,0.5,67,384.0870361328125,807389,623376.6233766234,1.2951865208333333
SIFT,bernoulli,0.01,0.5,68,346.1543884277344,794528,623376.6233766234,1.2745553333333333
SIFT,bernoulli,0.01,0.5,69,323.6508483886719,806169,831168.8311688312,1.0310106580243488
SIFT,bernoulli,0.01,0.5,70,391.49835205078125,806219,207792.2077922078,3.8799289375
SIFT,bernoulli,0.01,0.5,71,393.2197570800781,804076,1038961.038961039,1.2921179577067827
SIFT,bernoulli,0.01,0.5,72,399.030029296875,788169,623376.6233766234,1.2643544375
SIFT,bernoulli,0.01,0.5,73,221.4608154296875,802130,1038961.038961039,1.2952526884183848
SIFT,bernoulli,0.01,0.5,74,428.41204833984375,783732,0.0,
SIFT,bernoulli,0.01,0.5,75,418.0033874511719,825764,623376.6233766234,1.3246630833333333
SIFT,bernoulli,0.01,0.5,76,349.3450927734375,801385,1454545.4545454546,1.8150395309937852
SIFT,bernoulli,0.01,0.5,77,407.7376403808594,804512,1662337.6623376624,2.066268324571495
SIFT,bernoulli,0.01,0.5,78,345.1389465332031,803777,623376.6233766234,1.2893922708333334
SIFT,bernoulli,0.01,0.5,79,404.2498474121094,804003,415584.4155844156,1.9346322187499998
SIFT,bernoulli,0.01,0.5,80,382.2015075683594,810035,1038961.038961039,1.2826125278056368
SIFT,bernoulli,0.01,0.5,81,394.7402648925781,791987,1246753.2467532468,1.5742092316581544
SIFT,bernoulli,0.01,0.5,82,394.92144775390625,791919,207792.2077922078,3.8111101874999997
SIFT,bernoulli,0.01,0.5,83,381.15850830078125,785082,415584.4155844156,1.8891035624999999
SIFT,bernoulli,0.01,0.5,84,276.85357666015625,803320,623376.6233766234,1.2886591666666667
SIFT,bernoulli,0.01,0.5,85,403.7881774902344,816015,1246753.2467532468,1.527855795240586
SIFT,bernoulli,0.01,0.5,86,281.2809143066406,796697,623376.6233766234,1.2780347708333333
SIFT,bernoulli,0.01,0.5,87,387.8452453613281,809085,831168.8311688312,1.027294822137144
SIFT,bernoulli,0.01,0.5,88,403.29144287109375,791345,623376.6233766234,1.2694492708333334
SIFT,bernoulli,0.01,0.5,89,357.1758117675781,810232,831168.8311688312,1.025840538473957
SIFT,bernoulli,0.01,0.5,90,348.5339660644531,835982,1454545.4545454546,1.7399243698374542
SIFT,bernoulli,0.01,0.5,91,386.0309753417969,806115,415584.4155844156,1.9397142187499998
SIFT,bernoulli,0.01,0.5,92,408.19110107421875,799929,207792.2077922078,3.8496583125
SIFT,bernoulli,0.01,0.5,93,376.3376159667969,802649,1454545.4545454546,1.8121812330738025
SIFT,bernoulli,0.01,0.5,94,391.1700439453125,795733,415584.4155844156,1.9147325312499999
SIFT,bernoulli,0.01,0.5,95,441.748779296875,805105,623376.6233766234,1.2915226041666668
SIFT,bernoulli,0.01,0.5,96,319.9952087402344,802507,831168.8311688312,1.0357153659330463
SIFT,bernoulli,0.01,0.5,97,405.0690612792969,792116,1038961.038961039,1.3116273865962045
SIFT,bernoulli,0.01,0.5,98,374.5810546875,770248,831168.8311688312,1.0790924886125393
SIFT,bernoulli,0.01,0.5,99,426.7563171386719,800739,1038961.038961039,1.2975027305539495
SIFT,bernoulli,0.1,0.1,0,450.61346435546875,7932122,7480519.480519481,1.0603704756944443
SIFT,bernoulli,0.1,0.1,1,450.30413818359375,8071441,9558441.558441559,1.1842298740016262
SIFT,bernoulli,0.1,0.1,2,461.1040954589844,8110755,6025974.025974026,1.3459658081896553
SIFT,bernoulli,0.1,0.1,3,462.1222839355469,8020030,11844155.844155844,1.4768218877181063
SIFT,bernoulli,0.1,0.1,4,431.63616943359375,8033917,9558441.558441559,1.1897610540962222
SIFT,bernoulli,0.1,0.1,5,434.86285400390625,7901252,4779220.779220779,1.6532510978260868
SIFT,bernoulli,0.1,0.1,6,388.046142578125,8028378,7272727.272727273,1.1039019749999999
SIFT,bernoulli,0.1,0.1,7,457.66656494140625,8012448,7064935.064935065,1.1341148823529412
SIFT,bernoulli,0.1,0.1,8,476.9913024902344,7939603,8103896.103896105,1.0206928613302333
SIFT,bernoulli,0.1,0.1,9,433.73712158203125,7865768,8727272.727272728,1.1095258247221031
SIFT,bernoulli,0.1,0.1,10,440.8808288574219,8092144,6857142.857142857,1.1801043333333332
SIFT,bernoulli,0.1,0.1,11,498.6571960449219,8021019,8311688.311688312,1.036238451958325
SIFT,bernoulli,0.1,0.1,12,465.5845642089844,8030901,7480519.480519481,1.0735753072916665
SIFT,bernoulli,0.1,0.1,13,466.43414306640625,7974524,7272727.272727273,1.09649705
SIFT,bernoulli,0.1,0.1,14,463.9320983886719,7954463,5194805.194805195,1.5312341275
SIFT,bernoulli,0.1,0.1,15,408.9007263183594,7956526,8935064.935064936,1.122985701933851
SIFT,bernoulli,0.1,0.1,16,498.0208740234375,8029329,10597402.597402599,1.3198366385787155
SIFT,bernoulli,0.1,0.1,17,441.5086669921875,7973593,8935064.935064936,1.1205820180519543
SIFT,bernoulli,0.1,0.1,18,449.5707702636719,7903798,5818181.818181818,1.35846528125
SIFT,bernoulli,0.1,0.1,19,477.4197082519531,8008849,4571428.571428572,1.7519357187499998
SIFT,bernoulli,0.1,0.1,20,398.1723327636719,8084366,6857142.857142857,1.1789700416666666
SIFT,bernoulli,0.1,0.1,21,401.9685363769531,8028103,9766233.766233766,1.216505788009168
SIFT,bernoulli,0.1,0.1,22,427.27392578125,8088635,5610389.610389611,1.4417242939814814
SIFT,bernoulli,0.1,0.1,23,465.30731201171875,8051639,11636363.636363637,1.4452167610052609
SIFT,bernoulli,0.1,0.1,24,455.15203857421875,8014826,13090909.090909092,1.6333366552073734
SIFT,bernoulli,0.1,0.1,25,440.13507080078125,7992644,9142857.142857144,1.1439089671524396
SIFT,bernoulli,0.1,0.1,26,450.986572265625,8003698,9558441.558441559,1.1942531512860128
SIFT,bernoulli,0.1,0.1,27,386.5642395019531,8026506,9142857.142857144,1.1390830758560628
SIFT,bernoulli,0.1,0.1,28,478.3063049316406,8049606,8727272.727272728,1.0841863225694188
SIFT,bernoulli,0.1,0.1,29,475.7086486816406,7872785,7272727.272727273,1.0825079375
SIFT,bernoulli,0.1,0.1,30,470.4612731933594,7987092,8311688.311688312,1.0406401117813984
SIFT,bernoulli,0.1,0.1,31,443.7033996582031,8031536,9350649.350649351,1.1642417279396309
SIFT,bernoulli,0.1,0.1,32,491.1689147949219,7987644,7896103.896103896,1.011593072368421
SIFT,bernoulli,0.1,0.1,33,395.16693115234375,8045210,10805194.805194806,1.3430593862925648
SIFT,bernoulli,0.1,0.1,34,423.729736328125,8038608,7688311.688311689,1.045562189189189
SIFT,bernoulli,0.1,0.1,35,455.2437744140625,8007695,7480519.480519481,1.0704731163194443
SIFT,bernoulli,0.1,0.1,36,432.60028076171875,7996348,7688311.688311689,1.0400655337837836
SIFT,bernoulli,0.1,0.1,37,430.46441650390625,8022540,8311688.311688312,1.036041990652376
SIFT,bernoulli,0.1,0.1,38,484.6388244628906,7937200,6857142.857142857,1.1575083333333334
SIFT,bernoulli,0.1,0.1,39,428.13665771484375,8023259,10389610.38961039,1.294936432889726
SIFT,bernoulli,0.1,0.1,40,416.060791015625,8100893,8935064.935064936,1.1029728370767193
SIFT,bernoulli,0.1,0.1,41,497.7900390625,8061170,6233766.2337662345,1.2931460208333332
SIFT,bernoulli,0.1,0.1,42,443.74169921875,7938675,5610389.610389611,1.4149953124999999
SIFT,bernoulli,0.1,0.1,43,443.9073181152344,8030231,6649350.64935065,1.207671458984375
SIFT,bernoulli,0.1,0.1,44,448.0622863769531,7991981,9350649.350649351,1.170003951542096
SIFT,bernoulli,0.1,0.1,45,424.8149108886719,8033265,9142857.142857144,1.138124678179687
SIFT,bernoulli,0.1,0.1,46,464.051513671875,8037302,7272727.272727273,1.1051290249999999
SIFT,bernoulli,0.1,0.1,47,461.7054138183594,8004689,4779220.779220779,1.6748941657608696
SIFT,bernoulli,0.1,0.1,48,435.3399658203125,7986856,9142857.142857144,1.1447379473045645
SIFT,bernoulli,0.1,0.1,49,460.3242492675781,8066320,10389610.38961039,1.288023583196599
SIFT,bernoulli,0.1,0.1,50,405.986328125,7998345,6857142.857142857,1.1664253125
SIFT,bernoulli,0.1,0.1,51,404.2448425292969,7965644,8935064.935064936,1.1217002586438631
SIFT,bernoulli,0.1,0.1,52,465.2330627441406,7967048,9766233.766233766,1.2258284079917388
SIFT,bernoulli,0.1,0.1,53,487.79156494140625,7917653,5818181.818181818,1.360846609375
SIFT,bernoulli,0.1,0.1,54,467.514404296875,7999017,5818181.818181818,1.374831046875
SIFT,bernoulli,0.1,0.1,55,395.586669921875,8055063,8727272.727272728,1.0834518274124894
SIFT,bernoulli,0.1,0.1,56,446.0043640136719,8013107,7896103.896103896,1.0148178273026316
SIFT,bernoulli,0.1,0.1,57,461.6609191894531,7929958,6857142.857142857,1.1564522083333333
SIFT,bernoulli,0.1,0.1,58,460.88275146484375,8004151,8103896.103896105,1.0124616719369868
SIFT,bernoulli,0.1,0.1,59,466.2606506347656,7925314,6857142.857142857,1.1557749583333332
SIFT,bernoulli,0.1,0.1,60,493.7353515625,8022659,4779220.779220779,1.6786541929347825
SIFT,bernoulli,0.1,0.1,61,468.54638671875,7993508,9974025.974025974,1.2477658087070125
SIFT,bernoulli,0.1,0.1,62,459.560546875,8066606,9558441.558441559,1.1849396832374803
SIFT,bernoulli,0.1,0.1,63,450.0906677246094,7957435,8519480.519480519,1.0706314936258379
SIFT,bernoulli,0.1,0.1,64,423.4005126953125,8051785,6857142.857142857,1.1742186458333332
SIFT,bernoulli,0.1,0.1,65,503.074462890625,7928451,9766233.766233766,1.2317959417588336
SIFT,bernoulli,0.1,0.1,66,458.9324645996094,8060024,6233766.2337662345,1.2929621833333331
SIFT,bernoulli,0.1,0.1,67,449.2168884277344,7972658,5194805.194805195,1.534736665
SIFT,bernoulli,0.1,0.1,68,433.3220520019531,8016276,6025974.025974026,1.3302871810344827
SIFT,bernoulli,0.1,0.1,69,439.2687072753906,7935577,9142857.142857144,1.1521351431480211
SIFT,bernoulli,0.1,0.1,70,446.07623291015625,8043178,8519480.519480519,1.0592181995077716
SIFT,bernoulli,0.1,0.1,71,459.6553039550781,8029664,7688311.688311689,1.0443988648648648
SIFT,bernoulli,0.1,0.1,72,467.38519287109375,7980988,9142857.142857144,1.1455796128069788
SIFT,bernoulli,0.1,0.1,73,399.5403747558594,8053529,7896103.896103896,1.0199370608552631
SIFT,bernoulli,0.1,0.1,74,504.7834167480469,8000569,7272727.272727273,1.1000782375
SIFT,bernoulli,0.1,0.1,75,477.9005126953125,7956611,5818181.818181818,1.367542515625
SIFT,bernoulli,0.1,0.1,76,427.6597900390625,8081974,9142857.142857144,1.1312653496357628
SIFT,bernoulli,0.1,0.1,77,467.7328186035156,8012863,9558441.558441559,1.1928871813285162
SIFT,bernoulli,0.1,0.1,78,452.9413757324219,8010995,10597402.597402599,1.3228572227797668
SIFT,bernoulli,0.1,0.1,79,476.085693359375,7916321,6857142.857142857,1.1544634791666666
SIFT,bernoulli,0.1,0.1,80,428.4750671386719,7972730,5818181.818181818,1.37031296875
SIFT,bernoulli,0.1,0.1,81,453.38372802734375,8067930,9974025.974025974,1.2362558889363162
SIFT,bernoulli,0.1,0.1,82,458.3464660644531,7986520,5818181.818181818,1.372683125
SIFT,bernoulli,0.1,0.1,83,434.3740234375,7992242,12675324.675324677,1.5859535628831904
SIFT,bernoulli,0.1,0.1,84,391.2173156738281,8015055,9142857.142857144,1.140710468344527
SIFT,bernoulli,0.1,0.1,85,467.4007873535156,8005612,9142857.142857144,1.1420559905797512
SIFT,bernoulli,0.1,0.1,86,389.9203796386719,8009052,7272727.272727273,1.10124465
SIFT,bernoulli,0.1,0.1,87,438.1311340332031,8015590,7688311.688311689,1.042568293918919
SIFT,bernoulli,0.1,0.1,88,467.9649658203125,8117229,8727272.727272728,1.0751541846697596
SIFT,bernoulli,0.1,0.1,89,449.4183044433594,8012957,4779220.779220779,1.6766241548913043
SIFT,bernoulli,0.1,0.1,90,433.1154479980469,7954572,8519480.519480519,1.0710168340270876
SIFT,bernoulli,0.1,0.1,91,451.5870666503906,8059356,9558441.558441559,1.1860056260626233
SIFT,bernoulli,0.1,0.1,92,479.1251525878906,7928766,7480519.480519481,1.05992184375
SIFT,bernoulli,0.1,0.1,93,438.1471252441406,8046569,11220779.220779222,1.3944799604376998
SIFT,bernoulli,0.1,0.1,94,477.37188720703125,7929093,8519480.519480519,1.0744583925904916
SIFT,bernoulli,0.1,0.1,95,494.6036682128906,7956687,9766233.766233766,1.2274246512692741
SIFT,bernoulli,0.1,0.1,96,432.9142150878906,8036597,4155844.155844156,1.933806153125
SIFT,bernoulli,0.1,0.1,97,481.1961975097656,7910053,9142857.142857144,1.1558528296658876
SIFT,bernoulli,0.1,0.1,98,448.08123779296875,7926934,6649350.64935065,1.19213655859375
SIFT,bernoulli,0.1,0.1,99,485.9123229980469,7982147,9350649.350649351,1.1714453956622637
SIFT,bernoulli,0.1,0.2,0,450.61346435546875,7932122,8311688.311688312,1.047851799516991
SIFT,bernoulli,0.1,0.2,1,450.30413818359375,8071441,7688311.688311689,1.049832697635135
SIFT,bernoulli,0.1,0.2,2,461.1040954589844,8110755,4363636.363636364,1.8587146874999998
SIFT,bernoulli,0.1,0.2,3,462.1222839355469,8020030,10805194.805194806,1.3472761080937112
SIFT,bernoulli,0.1,0.2,4,431.63616943359375,8033917,9766233.766233766,1.2156254248374443
SIFT,bernoulli,0.1,0.2,5,434.86285400390625,7901252,5194805.194805195,1.5209910100000001
SIFT,bernoulli,0.1,0.2,6,388.046142578125,8028378,6441558.441558442,1.246340939516129
SIFT,bernoulli,0.1,0.2,7,457.66656494140625,8012448,6857142.857142857,1.168482
SIFT,bernoulli,0.1,0.2,8,476.9913024902344,7939603,6233766.2337662345,1.2736446479166665
SIFT,bernoulli,0.1,0.2,9,433.73712158203125,7865768,6441558.441558442,1.2210970483870967
SIFT,bernoulli,0.1,0.2,10,440.8808288574219,8092144,6857142.857142857,1.1801043333333332
SIFT,bernoulli,0.1,0.2,11,498.6571960449219,8021019,6233766.2337662345,1.2867051312499997
SIFT,bernoulli,0.1,0.2,12,465.5845642089844,8030901,7896103.896103896,1.01707134375
SIFT,bernoulli,0.1,0.2,13,466.43414306640625,7974524,11012987.012987014,1.3810212387582022
SIFT,bernoulli,0.1,0.2,14,463.9320983886719,7954463,3532467.5324675324,2.251814893382353
SIFT,bernoulli,0.1,0.2,15,408.9007263183594,7956526,9350649.350649351,1.1752175950470534
SIFT,bernoulli,0.1,0.2,16,498.0208740234375,8029329,10597402.597402599,1.3198366385787155
SIFT,bernoulli,0.1,0.2,17,441.5086669921875,7973593,7896103.896103896,1.0098135871710525
SIFT,bernoulli,0.1,0.2,18,449.5707702636719,7903798,6441558.441558442,1.2270008991935484
SIFT,bernoulli,0.1,0.2,19,477.4197082519531,8008849,6441558.441558442,1.2433092197580644
SIFT,bernoulli,0.1,0.2,20,398.1723327636719,8084366,7896103.896103896,1.0238424046052632
SIFT,bernoulli,0.1,0.2,21,401.9685363769531,8028103,8727272.727272728,1.0870902786464907
SIFT,bernoulli,0.1,0.2,22,427.27392578125,8088635,8311688.311688312,1.02757613759161
SIFT,bernoulli,0.1,0.2,23,465.30731201171875,8051639,8935064.935064936,1.109720012914754
SIFT,bernoulli,0.1,0.2,24,455.15203857421875,8014826,10181818.181818182,1.2703729540501791
SIFT,bernoulli,0.1,0.2,25,440.13507080078125,7992644,6025974.025974026,1.3263654913793104
SIFT,bernoulli,0.1,0.2,26,450.986572265625,8003698,9974025.974025974,1.2461772013419266
SIFT,bernoulli,0.1,0.2,27,386.5642395019531,8026506,7064935.064935065,1.1361047095588235
SIFT,bernoulli,0.1,0.2,28,478.3063049316406,8049606,8935064.935064936,1.1100002826305952
SIFT,bernoulli,0.1,0.2,29,475.7086486816406,7872785,5194805.194805195,1.5155111125
SIFT,bernoulli,0.1,0.2,30,470.4612731933594,7987092,9142857.142857144,1.1447041229595383
SIFT,bernoulli,0.1,0.2,31,443.7033996582031,8031536,10597402.597402599,1.3194739583315818
SIFT,bernoulli,0.1,0.2,32,491.1689147949219,7987644,9142857.142857144,1.1446250161946556
SIFT,bernoulli,0.1,0.2,33,395.16693115234375,8045210,8103896.103896105,1.0072945397194237
SIFT,bernoulli,0.1,0.2,34,423.729736328125,8038608,9766233.766233766,1.2149160359895352
SIFT,bernoulli,0.1,0.2,35,455.2437744140625,8007695,8727272.727272728,1.0898607810702992
SIFT,bernoulli,0.1,0.2,36,432.60028076171875,7996348,8727272.727272728,1.0914073183499178
SIFT,bernoulli,0.1,0.2,37,430.46441650390625,8022540,11636363.636363637,1.4504587869133263
SIFT,bernoulli,0.1,0.2,38,484.6388244628906,7937200,7480519.480519481,1.0610493055555554
SIFT,bernoulli,0.1,0.2,39,428.13665771484375,8023259,10805194.805194806,1.3467338902053152
SIFT,bernoulli,0.1,0.2,40,416.060791015625,8100893,6233766.2337662345,1.2995182520833333
SIFT,bernoulli,0.1,0.2,41,497.7900390625,8061170,8103896.103896105,1.0053002360570618
SIFT,bernoulli,0.1,0.2,42,443.74169921875,7938675,7688311.688311689,1.0325641469594595
SIFT,bernoulli,0.1,0.2,43,443.9073181152344,8030231,4779220.779220779,1.6802385516304348
SIFT,bernoulli,0.1,0.2,44,448.0622863769531,7991981,9974025.974025974,1.2480042149782355
SIFT,bernoulli,0.1,0.2,45,424.8149108886719,8033265,9558441.558441559,1.1898576180969456
SIFT,bernoulli,0.1,0.2,46,464.051513671875,8037302,8935064.935064936,1.1116995398536644
SIFT,bernoulli,0.1,0.2,47,461.7054138183594,8004689,7272727.272727273,1.1006447375
SIFT,bernoulli,0.1,0.2,48,435.3399658203125,7986856,10181818.181818182,1.2748218049528102
SIFT,bernoulli,0.1,0.2,49,460.3242492675781,8066320,9766233.766233766,1.210742168204803
SIFT,bernoulli,0.1,0.2,50,405.986328125,7998345,6025974.025974026,1.3273115625
SIFT,bernoulli,0.1,0.2,51,404.2448425292969,7965644,11220779.220779222,1.4086468364364793
SIFT,bernoulli,0.1,0.2,52,465.2330627441406,7967048,9766233.766233766,1.2258284079917388
SIFT,bernoulli,0.1,0.2,53,487.79156494140625,7917653,4987012.987012987,1.5876543776041667
SIFT,bernoulli,0.1,0.2,54,467.514404296875,7999017,7272727.272727273,1.0998648375
SIFT,bernoulli,0.1,0.2,55,395.586669921875,8055063,6857142.857142857,1.1746966875
SIFT,bernoulli,0.1,0.2,56,446.0043640136719,8013107,7272727.272727273,1.1018022125
SIFT,bernoulli,0.1,0.2,57,461.6609191894531,7929958,7896103.896103896,1.0042874440789473
SIFT,bernoulli,0.1,0.2,58,460.88275146484375,8004151,8519480.519480519,1.0643827833183706
SIFT,bernoulli,0.1,0.2,59,466.2606506347656,7925314,5402597.402597403,1.4669451394230768
SIFT,bernoulli,0.1,0.2,60,493.7353515625,8022659,5818181.818181818,1.3788945156249999
SIFT,bernoulli,0.1,0.2,61,468.54638671875,7993508,8935064.935064936,1.1177902036333656
SIFT,bernoulli,0.1,0.2,62,459.560546875,8066606,8311688.311688312,1.030382333249983
SIFT,bernoulli,0.1,0.2,63,450.0906677246094,7957435,7064935.064935065,1.1263281158088236
SIFT,bernoulli,0.1,0.2,64,423.4005126953125,8051785,7064935.064935065,1.1396828033088235
SIFT,bernoulli,0.1,0.2,65,503.074462890625,7928451,7480519.480519481,1.059879734375
SIFT,bernoulli,0.1,0.2,66,458.9324645996094,8060024,4987012.987012987,1.6162027291666667
SIFT,bernoulli,0.1,0.2,67,449.2168884277344,7972658,6441558.441558442,1.2376908588709676
SIFT,bernoulli,0.1,0.2,68,433.3220520019531,8016276,7272727.272727273,1.10223795
SIFT,bernoulli,0.1,0.2,69,439.2687072753906,7935577,11220779.220779222,1.4139840393180259
SIFT,bernoulli,0.1,0.2,70,446.07623291015625,8043178,9350649.350649351,1.1625565604353592
SIFT,bernoulli,0.1,0.2,71,459.6553039550781,8029664,9142857.142857144,1.1386350839657977
SIFT,bernoulli,0.1,0.2,72,467.38519287109375,7980988,6025974.025974026,1.324431198275862
SIFT,bernoulli,0.1,0.2,73,399.5403747558594,8053529,7064935.064935065,1.13992965625
SIFT,bernoulli,0.1,0.2,74,504.7834167480469,8000569,8311688.311688312,1.0388871481126296
SIFT,bernoulli,0.1,0.2,75,477.9005126953125,7956611,7272727.272727273,1.0940340124999999
SIFT,bernoulli,0.1,0.2,76,427.6597900390625,8081974,9766233.766233766,1.2083970780200193
SIFT,bernoulli,0.1,0.2,77,467.7328186035156,8012863,9558441.558441559,1.1928871813285162
SIFT,bernoulli,0.1,0.2,78,452.9413757324219,8010995,8311688.311688312,1.037535076690013
SIFT,bernoulli,0.1,0.2,79,476.085693359375,7916321,4987012.987012987,1.5873872838541667
SIFT,bernoulli,0.1,0.2,80,428.4750671386719,7972730,7480519.480519481,1.0657989756944444
SIFT,bernoulli,0.1,0.2,81,453.38372802734375,8067930,10805194.805194806,1.3392772130143427
SIFT,bernoulli,0.1,0.2,82,458.3464660644531,7986520,5610389.610389611,1.4235232407407405
SIFT,bernoulli,0.1,0.2,83,434.3740234375,7992242,12883116.883116884,1.6119528016189806
SIFT,bernoulli,0.1,0.2,84,391.2173156738281,8015055,8311688.311688312,1.0370095166768427
SIFT,bernoulli,0.1,0.2,85,467.4007873535156,8005612,7480519.480519481,1.070194659722222
SIFT,bernoulli,0.1,0.2,86,389.9203796386719,8009052,8727272.727272728,1.0896761223766218
SIFT,bernoulli,0.1,0.2,87,438.1311340332031,8015590,8103896.103896105,1.0110167940096868
SIFT,bernoulli,0.1,0.2,88,467.9649658203125,8117229,6649350.64935065,1.220755142578125
SIFT,bernoulli,0.1,0.2,89,449.4183044433594,8012957,4155844.155844156,1.9281177781249998
SIFT,bernoulli,0.1,0.2,90,433.1154479980469,7954572,11220779.220779222,1.4106075374990912
SIFT,bernoulli,0.1,0.2,91,451.5870666503906,8059356,12051948.051948052,1.4953983980789596
SIFT,bernoulli,0.1,0.2,92,479.1251525878906,7928766,6441558.441558442,1.2308769798387096
SIFT,bernoulli,0.1,0.2,93,438.1471252441406,8046569,8103896.103896105,1.0071244158716721
SIFT,bernoulli,0.1,0.2,94,477.37188720703125,7929093,7896103.896103896,1.0041778963815788
SIFT,bernoulli,0.1,0.2,95,494.6036682128906,7956687,9766233.766233766,1.2274246512692741
SIFT,bernoulli,0.1,0.2,96,432.9142150878906,8036597,6025974.025974026,1.333659415948276
SIFT,bernoulli,0.1,0.2,97,481.1961975097656,7910053,8311688.311688312,1.0507752996962616
SIFT,bernoulli,0.1,0.2,98,448.08123779296875,7926934,7480519.480519481,1.0596769409722222
SIFT,bernoulli,0.1,0.2,99,485.9123229980469,7982147,7896103.896103896,1.01089690625
SIFT,bernoulli,0.1,0.3,0,450.61346435546875,7932122,8103896.103896105,1.021655504529066
SIFT,bernoulli,0.1,0.3,1,450.30413818359375,8071441,11844155.844155844,1.4674152786541887
SIFT,bernoulli,0.1,0.3,2,461.1040954589844,8110755,3740259.7402597405,2.16850046875
SIFT,bernoulli,0.1,0.3,3,462.1222839355469,8020030,10597402.597402599,1.321366952168832
SIFT,bernoulli,0.1,0.3,4,431.63616943359375,8033917,11428571.42857143,1.422540390767222
SIFT,bernoulli,0.1,0.3,5,434.86285400390625,7901252,6857142.857142857,1.1522659166666667
SIFT,bernoulli,0.1,0.3,6,388.046142578125,8028378,6857142.857142857,1.170805125
SIFT,bernoulli,0.1,0.3,7,457.66656494140625,8012448,7480519.480519481,1.0711085
SIFT,bernoulli,0.1,0.3,8,476.9913024902344,7939603,5818181.818181818,1.364619265625
SIFT,bernoulli,0.1,0.3,9,433.73712158203125,7865768,7480519.480519481,1.051500236111111
SIFT,bernoulli,0.1,0.3,10,440.8808288574219,8092144,6857142.857142857,1.1801043333333332
SIFT,bernoulli,0.1,0.3,11,498.6571960449219,8021019,5194805.194805195,1.5440461575
SIFT,bernoulli,0.1,0.3,12,465.5845642089844,8030901,9766233.766233766,1.2160819522284942
SIFT,bernoulli,0.1,0.3,13,466.43414306640625,7974524,7688311.688311689,1.037226939189189
SIFT,bernoulli,0.1,0.3,14,463.9320983886719,7954463,6441558.441558442,1.2348662318548387
SIFT,bernoulli,0.1,0.3,15,408.9007263183594,7956526,8935064.935064936,1.122985701933851
SIFT,bernoulli,0.1,0.3,16,498.0208740234375,8029329,9142857.142857144,1.1386825901463427
SIFT,bernoulli,0.1,0.3,17,441.5086669921875,7973593,6025974.025974026,1.323204010775862
SIFT,bernoulli,0.1,0.3,18,449.5707702636719,7903798,5610389.610389611,1.408778810185185
SIFT,bernoulli,0.1,0.3,19,477.4197082519531,8008849,6649350.64935065,1.204455806640625
SIFT,bernoulli,0.1,0.3,20,398.1723327636719,8084366,7064935.064935065,1.1442944522058824
SIFT,bernoulli,0.1,0.3,21,401.9685363769531,8028103,6649350.64935065,1.2073514277343749
SIFT,bernoulli,0.1,0.3,22,427.27392578125,8088635,8311688.311688312,1.02757613759161
SIFT,bernoulli,0.1,0.3,23,465.30731201171875,8051639,10597402.597402599,1.3161795502012197
SIFT,bernoulli,0.1,0.3,24,455.15203857421875,8014826,8103896.103896105,1.0111131675093263
SIFT,bernoulli,0.1,0.3,25,440.13507080078125,7992644,7064935.064935065,1.131311742647059
SIFT,bernoulli,0.1,0.3,26,450.986572265625,8003698,9350649.350649351,1.1682911262580562
SIFT,bernoulli,0.1,0.3,27,386.5642395019531,8026506,7272727.272727273,1.103644575
SIFT,bernoulli,0.1,0.3,28,478.3063049316406,8049606,8311688.311688312,1.0325584024470653
SIFT,bernoulli,0.1,0.3,29,475.7086486816406,7872785,5610389.610389611,1.4032510300925924
SIFT,bernoulli,0.1,0.3,30,470.4612731933594,7987092,10597402.597402599,1.326816142521283
SIFT,bernoulli,0.1,0.3,31,443.7033996582031,8031536,11220779.220779222,1.397090073527557
SIFT,bernoulli,0.1,0.3,32,491.1689147949219,7987644,8935064.935064936,1.1186108112811408
SIFT,bernoulli,0.1,0.3,33,395.16693115234375,8045210,9558441.558441559,1.1880909955664998
SIFT,bernoulli,0.1,0.3,34,423.729736328125,8038608,7896103.896103896,1.018047394736842
SIFT,bernoulli,0.1,0.3,35,455.2437744140625,8007695,8103896.103896105,1.0120135824224206
SIFT,bernoulli,0.1,0.3,36,432.60028076171875,7996348,7896103.896103896,1.0126953881578946
SIFT,bernoulli,0.1,0.3,37,430.46441650390625,8022540,8103896.103896105,1.0101409408860667
SIFT,bernoulli,0.1,0.3,38,484.6388244628906,7937200,6233766.2337662345,1.2732591666666666
SIFT,bernoulli,0.1,0.3,39,428.13665771484375,8023259,8103896.103896105,1.0100504176539864
SIFT,bernoulli,0.1,0.3,40,416.060791015625,8100893,5402597.402597403,1.4994441370192306
SIFT,bernoulli,0.1,0.3,41,497.7900390625,8061170,7272727.272727273,1.108410875
SIFT,bernoulli,0.1,0.3,42,443.74169921875,7938675,5818181.818181818,1.364459765625
SIFT,bernoulli,0.1,0.3,43,443.9073181152344,8030231,3324675.324675325,2.41534291796875
SIFT,bernoulli,0.1,0.3,44,448.0622863769531,7991981,9142857.142857144,1.1440038637300494
SIFT,bernoulli,0.1,0.3,45,424.8149108886719,8033265,8519480.519480519,1.0605252683037991
SIFT,bernoulli,0.1,0.3,46,464.051513671875,8037302,4779220.779220779,1.681718081521739
SIFT,bernoulli,0.1,0.3,47,461.7054138183594,8004689,6649350.64935065,1.203830181640625
SIFT,bernoulli,0.1,0.3,48,435.3399658203125,7986856,8311688.311688312,1.0406708611859676
SIFT,bernoulli,0.1,0.3,49,460.3242492675781,8066320,11220779.220779222,1.3910654698523268
SIFT,bernoulli,0.1,0.3,50,405.986328125,7998345,5194805.194805195,1.5396814125
SIFT,bernoulli,0.1,0.3,51,404.2448425292969,7965644,10181818.181818182,1.2782165738034716
SIFT,bernoulli,0.1,0.3,52,465.2330627441406,7967048,9142857.142857144,1.1475840415241811
SIFT,bernoulli,0.1,0.3,53,487.79156494140625,7917653,4571428.571428572,1.7319865937499999
SIFT,bernoulli,0.1,0.3,54,467.514404296875,7999017,5610389.610389611,1.4257507152777777
SIFT,bernoulli,0.1,0.3,55,395.586669921875,8055063,7688311.688311689,1.0477024510135136
SIFT,bernoulli,0.1,0.3,56,446.0043640136719,8013107,6233766.2337662345,1.2854359145833332
SIFT,bernoulli,0.1,0.3,57,461.6609191894531,7929958,6025974.025974026,1.3159628577586207
SIFT,bernoulli,0.1,0.3,58,460.88275146484375,8004151,6233766.2337662345,1.2839992229166666
SIFT,bernoulli,0.1,0.3,59,466.2606506347656,7925314,6649350.64935065,1.1918929257812498
SIFT,bernoulli,0.1,0.3,60,493.7353515625,8022659,6233766.2337662345,1.2869682145833332
SIFT,bernoulli,0.1,0.3,61,468.54638671875,7993508,10181818.181818182,1.2737609297217418
SIFT,bernoulli,0.1,0.3,62,459.560546875,8066606,9974025.974025974,1.2364587998999794
SIFT,bernoulli,0.1,0.3,63,450.0906677246094,7957435,7688311.688311689,1.035004214527027
SIFT,bernoulli,0.1,0.3,64,423.4005126953125,8051785,9142857.142857144,1.135506864981758
SIFT,bernoulli,0.1,0.3,65,503.074462890625,7928451,6649350.64935065,1.192364701171875
SIFT,bernoulli,0.1,0.3,66,458.9324645996094,8060024,8311688.311688312,1.0312237670369606
SIFT,bernoulli,0.1,0.3,67,449.2168884277344,7972658,5818181.818181818,1.37030059375
SIFT,bernoulli,0.1,0.3,68,433.3220520019531,8016276,5818181.818181818,1.3777974375
SIFT,bernoulli,0.1,0.3,69,439.2687072753906,7935577,9350649.350649351,1.1783200327650216
SIFT,bernoulli,0.1,0.3,70,446.07623291015625,8043178,10181818.181818182,1.2658949213629465
SIFT,bernoulli,0.1,0.3,71,459.6553039550781,8029664,11012987.012987014,1.3715377147769836
SIFT,bernoulli,0.1,0.3,72,467.38519287109375,7980988,7896103.896103896,1.010750125
SIFT,bernoulli,0.1,0.3,73,399.5403747558594,8053529,9766233.766233766,1.212665126832444
SIFT,bernoulli,0.1,0.3,74,504.7834167480469,8000569,6857142.857142857,1.1667496458333333
SIFT,bernoulli,0.1,0.3,75,477.9005126953125,7956611,7272727.272727273,1.0940340124999999
SIFT,bernoulli,0.1,0.3,76,427.6597900390625,8081974,10805194.805194806,1.3369499586604467
SIFT,bernoulli,0.1,0.3,77,467.7328186035156,8012863,10181818.181818182,1.2706841714151587
SIFT,bernoulli,0.1,0.3,78,452.9413757324219,8010995,9350649.350649351,1.167226961276265
SIFT,bernoulli,0.1,0.3,79,476.085693359375,7916321,7064935.064935065,1.1205086709558825
SIFT,bernoulli,0.1,0.3,80,428.4750671386719,7972730,7064935.064935065,1.1284930330882352
SIFT,bernoulli,0.1,0.3,81,453.38372802734375,8067930,9558441.558441559,1.184745226897303
SIFT,bernoulli,0.1,0.3,82,458.3464660644531,7986520,4779220.779220779,1.6710924999999999
SIFT,bernoulli,0.1,0.3,83,434.3740234375,7992242,10597402.597402599,1.3259611755252905
SIFT,bernoulli,0.1,0.3,84,391.2173156738281,8015055,8727272.727272728,1.088859992510685
SIFT,bernoulli,0.1,0.3,85,467.4007873535156,8005612,10389610.38961039,1.2977908983860809
SIFT,bernoulli,0.1,0.3,86,389.9203796386719,8009052,8935064.935064936,1.1156207919570176
SIFT,bernoulli,0.1,0.3,87,438.1311340332031,8015590,7896103.896103896,1.0151322861842105
SIFT,bernoulli,0.1,0.3,88,467.9649658203125,8117229,5610389.610389611,1.4468209097222222
SIFT,bernoulli,0.1,0.3,89,449.4183044433594,8012957,4987012.987012987,1.6067648151041667
SIFT,bernoulli,0.1,0.3,90,433.1154479980469,7954572,12467532.467532469,1.5673417083323238
SIFT,bernoulli,0.1,0.3,91,451.5870666503906,8059356,8103896.103896105,1.0055265090530936
SIFT,bernoulli,0.1,0.3,92,479.1251525878906,7928766,7480519.480519481,1.05992184375
SIFT,bernoulli,0.1,0.3,93,438.1471252441406,8046569,10181818.181818182,1.2653614455823572
SIFT,bernoulli,0.1,0.3,94,477.37188720703125,7929093,9974025.974025974,1.2579025083986244
SIFT,bernoulli,0.1,0.3,95,494.6036682128906,7956687,7896103.896103896,1.00767253125
SIFT,bernoulli,0.1,0.3,96,432.9142150878906,8036597,7064935.064935065,1.13753303125
SIFT,bernoulli,0.1,0.3,97,481.1961975097656,7910053,10805194.805194806,1.36600788960514
SIFT,bernoulli,0.1,0.3,98,448.08123779296875,7926934,7688311.688311689,1.0310370236486486
SIFT,bernoulli,0.1,0.3,99,485.9123229980469,7982147,7480519.480519481,1.067057845486111
SIFT,bernoulli,0.1,0.4,0,450.61346435546875,7932122,8727272.727272728,1.1002443894928404
SIFT,bernoulli,0.1,0.4,1,450.30413818359375,8071441,9974025.974025974,1.235718129393001
SIFT,bernoulli,0.1,0.4,2,461.1040954589844,8110755,5402597.402597403,1.5012695552884614
SIFT,bernoulli,0.1,0.4,3,462.1222839355469,8020030,11220779.220779222,1.3990944199434692
SIFT,bernoulli,0.1,0.4,4,431.63616943359375,8033917,9350649.350649351,1.163896683355
SIFT,bernoulli,0.1,0.4,5,434.86285400390625,7901252,5610389.610389611,1.4083250092592592
SIFT,bernoulli,0.1,0.4,6,388.046142578125,8028378,7064935.064935065,1.1363696801470589
SIFT,bernoulli,0.1,0.4,7,457.66656494140625,8012448,7272727.272727273,1.1017115999999998
SIFT,bernoulli,0.1,0.4,8,476.9913024902344,7939603,6441558.441558442,1.2325593366935483
SIFT,bernoulli,0.1,0.4,9,433.73712158203125,7865768,7896103.896103896,1.0038566985580932
SIFT,bernoulli,0.1,0.4,10,440.8808288574219,8092144,6857142.857142857,1.1801043333333332
SIFT,bernoulli,0.1,0.4,11,498.6571960449219,8021019,6857142.857142857,1.1697319375
SIFT,bernoulli,0.1,0.4,12,465.5845642089844,8030901,10181818.181818182,1.2678301204084301
SIFT,bernoulli,0.1,0.4,13,466.43414306640625,7974524,9974025.974025974,1.2507362162338433
SIFT,bernoulli,0.1,0.4,14,463.9320983886719,7954463,6025974.025974026,1.3200294202586207
SIFT,bernoulli,0.1,0.4,15,408.9007263183594,7956526,10389610.38961039,1.3057973278300592
SIFT,bernoulli,0.1,0.4,16,498.0208740234375,8029329,7896103.896103896,1.0168722582236842
SIFT,bernoulli,0.1,0.4,17,441.5086669921875,7973593,8103896.103896105,1.016341830326191
SIFT,bernoulli,0.1,0.4,18,449.5707702636719,7903798,6441558.441558442,1.2270008991935484
SIFT,bernoulli,0.1,0.4,19,477.4197082519531,8008849,6649350.64935065,1.204455806640625
SIFT,bernoulli,0.1,0.4,20,398.1723327636719,8084366,6025974.025974026,1.341586599137931
SIFT,bernoulli,0.1,0.4,21,401.9685363769531,8028103,8727272.727272728,1.0870902786464907
SIFT,bernoulli,0.1,0.4,22,427.27392578125,8088635,8727272.727272728,1.0789549444711906
SIFT,bernoulli,0.1,0.4,23,465.30731201171875,8051639,8519480.519480519,1.0581051285931373
SIFT,bernoulli,0.1,0.4,24,455.15203857421875,8014826,9766233.766233766,1.2185209967420088
SIFT,bernoulli,0.1,0.4,25,440.13507080078125,7992644,8311688.311688312,1.0399172428658543
SIFT,bernoulli,0.1,0.4,26,450.986572265625,8003698,8519480.519480519,1.0644430261462288
SIFT,bernoulli,0.1,0.4,27,386.5642395019531,8026506,7480519.480519481,1.07298778125
SIFT,bernoulli,0.1,0.4,28,478.3063049316406,8049606,8935064.935064936,1.1100002826305952
SIFT,bernoulli,0.1,0.4,29,475.7086486816406,7872785,8935064.935064936,1.1349306420872582
SIFT,bernoulli,0.1,0.4,30,470.4612731933594,7987092,11012987.012987014,1.3788481481103527
SIFT,bernoulli,0.1,0.4,31,443.7033996582031,8031536,12467532.467532469,1.552322303919508
SIFT,bernoulli,0.1,0.4,32,491.1689147949219,7987644,8519480.519480519,1.0665824014541108
SIFT,bernoulli,0.1,0.4,33,395.16693115234375,8045210,8727272.727272728,1.0847787350824563
SIFT,bernoulli,0.1,0.4,34,423.729736328125,8038608,8519480.519480519,1.0598203718206585
SIFT,bernoulli,0.1,0.4,35,455.2437744140625,8007695,9350649.350649351,1.1677079797181775
SIFT,bernoulli,0.1,0.4,36,432.60028076171875,7996348,7688311.688311689,1.0400655337837836
SIFT,bernoulli,0.1,0.4,37,430.46441650390625,8022540,7272727.272727273,1.1030992499999999
SIFT,bernoulli,0.1,0.4,38,484.6388244628906,7937200,6233766.2337662345,1.2732591666666666
SIFT,bernoulli,0.1,0.4,39,428.13665771484375,8023259,11012987.012987014,1.3726326188631095
SIFT,bernoulli,0.1,0.4,40,416.060791015625,8100893,5194805.194805195,1.5594219025
SIFT,bernoulli,0.1,0.4,41,497.7900390625,8061170,7064935.064935065,1.1410111948529411
SIFT,bernoulli,0.1,0.4,42,443.74169921875,7938675,7688311.688311689,1.0325641469594595
SIFT,bernoulli,0.1,0.4,43,443.9073181152344,8030231,8311688.311688312,1.0350497154675018
SIFT,bernoulli,0.1,0.4,44,448.0622863769531,7991981,8727272.727272728,1.0920036881059563
SIFT,bernoulli,0.1,0.4,45,424.8149108886719,8033265,10389610.38961039,1.2933234979314623
SIFT,bernoulli,0.1,0.4,46,464.051513671875,8037302,6857142.857142857,1.1721065416666667
SIFT,bernoulli,0.1,0.4,47,461.7054138183594,8004689,4779220.779220779,1.6748941657608696
SIFT,bernoulli,0.1,0.4,48,435.3399658203125,7986856,8935064.935064936,1.1187211757749151
SIFT,bernoulli,0.1,0.4,49,460.3242492675781,8066320,9558441.558441559,1.184981696540871
SIFT,bernoulli,0.1,0.4,50,405.986328125,7998345,4155844.155844156,1.9246017656249998
SIFT,bernoulli,0.1,0.4,51,404.2448425292969,7965644,9142857.142857144,1.1477863111704645
SIFT,bernoulli,0.1,0.4,52,465.2330627441406,7967048,9350649.350649351,1.1736654970133669
SIFT,bernoulli,0.1,0.4,53,487.79156494140625,7917653,5610389.610389611,1.411248335648148
SIFT,bernoulli,0.1,0.4,54,467.514404296875,7999017,7064935.064935065,1.1322138033088236
SIFT,bernoulli,0.1,0.4,55,395.586669921875,8055063,6857142.857142857,1.1746966875
SIFT,bernoulli,0.1,0.4,56,446.0043640136719,8013107,6025974.025974026,1.3297612909482759
SIFT,bernoulli,0.1,0.4,57,461.6609191894531,7929958,7480519.480519481,1.060081190972222
SIFT,bernoulli,0.1,0.4,58,460.88275146484375,8004151,8727272.727272728,1.0903433390090627
SIFT,bernoulli,0.1,0.4,59,466.2606506347656,7925314,7480519.480519481,1.059460378472222
SIFT,bernoulli,0.1,0.4,60,493.7353515625,8022659,5818181.818181818,1.3788945156249999
SIFT,bernoulli,0.1,0.4,61,468.54638671875,7993508,8727272.727272728,1.091795082618636
SIFT,bernoulli,0.1,0.4,62,459.560546875,8066606,9766233.766233766,1.2106992415687299
SIFT,bernoulli,0.1,0.4,63,450.0906677246094,7957435,6857142.857142857,1.1604592708333332
SIFT,bernoulli,0.1,0.4,64,423.4005126953125,8051785,6441558.441558442,1.2499746875
SIFT,bernoulli,0.1,0.4,65,503.074462890625,7928451,8727272.727272728,1.1007538202951281
SIFT,bernoulli,0.1,0.4,66,458.9324645996094,8060024,5194805.194805195,1.55155462
SIFT,bernoulli,0.1,0.4,67,449.2168884277344,7972658,5610389.610389611,1.4210524675925924
SIFT,bernoulli,0.1,0.4,68,433.3220520019531,8016276,6649350.64935065,1.2055727578125
SIFT,bernoulli,0.1,0.4,69,439.2687072753906,7935577,10181818.181818182,1.2830595912330234
SIFT,bernoulli,0.1,0.4,70,446.07623291015625,8043178,8311688.311688312,1.0333836092758748
SIFT,bernoulli,0.1,0.4,71,459.6553039550781,8029664,11844155.844155844,1.4750499951375107
SIFT,bernoulli,0.1,0.4,72,467.38519287109375,7980988,6233766.2337662345,1.2802834916666666
SIFT,bernoulli,0.1,0.4,73,399.5403747558594,8053529,9350649.350649351,1.161062355477872
SIFT,bernoulli,0.1,0.4,74,504.7834167480469,8000569,9974025.974025974,1.2466645777351553
SIFT,bernoulli,0.1,0.4,75,477.9005126953125,7956611,5402597.402597403,1.4727380937499999
SIFT,bernoulli,0.1,0.4,76,427.6597900390625,8081974,9974025.974025974,1.2341076541481046
SIFT,bernoulli,0.1,0.4,77,467.7328186035156,8012863,8727272.727272728,1.0891578612129933
SIFT,bernoulli,0.1,0.4,78,452.9413757324219,8010995,9974025.974025974,1.2450420920280159
SIFT,bernoulli,0.1,0.4,79,476.085693359375,7916321,4987012.987012987,1.5873872838541667
SIFT,bernoulli,0.1,0.4,80,428.4750671386719,7972730,8311688.311688312,1.0425147109820994
SIFT,bernoulli,0.1,0.4,81,453.38372802734375,8067930,9142857.142857144,1.13323456485829
SIFT,bernoulli,0.1,0.4,82,458.3464660644531,7986520,8103896.103896105,1.014696777056353
SIFT,bernoulli,0.1,0.4,83,434.3740234375,7992242,9558441.558441559,1.1959649818463403
SIFT,bernoulli,0.1,0.4,84,391.2173156738281,8015055,9142857.142857144,1.140710468344527
SIFT,bernoulli,0.1,0.4,85,467.4007873535156,8005612,8311688.311688312,1.0382327187088647
SIFT,bernoulli,0.1,0.4,86,389.9203796386719,8009052,7896103.896103896,1.0143042828947368
SIFT,bernoulli,0.1,0.4,87,438.1311340332031,8015590,7272727.272727273,1.1021436249999998
SIFT,bernoulli,0.1,0.4,88,467.9649658203125,8117229,6441558.441558442,1.2601343407258063
SIFT,bernoulli,0.1,0.4,89,449.4183044433594,8012957,3948051.948051948,2.0295976611842104
SIFT,bernoulli,0.1,0.4,90,433.1154479980469,7954572,9350649.350649351,1.1755062812492427
SIFT,bernoulli,0.1,0.4,91,451.5870666503906,8059356,8519480.519480519,1.0570919710558162
SIFT,bernoulli,0.1,0.4,92,479.1251525878906,7928766,7064935.064935065,1.1222701875
SIFT,bernoulli,0.1,0.4,93,438.1471252441406,8046569,9974025.974025974,1.2395377426112886
SIFT,bernoulli,0.1,0.4,94,477.37188720703125,7929093,9558441.558441559,1.205489903882015
SIFT,bernoulli,0.1,0.4,95,494.6036682128906,7956687,7896103.896103896,1.00767253125
SIFT,bernoulli,0.1,0.4,96,432.9142150878906,8036597,4571428.571428572,1.7580055937499999
SIFT,bernoulli,0.1,0.4,97,481.1961975097656,7910053,7896103.896103896,1.0017665805921052
SIFT,bernoulli,0.1,0.4,98,448.08123779296875,7926934,6025974.025974026,1.315461030172414
SIFT,bernoulli,0.1,0.4,99,485.9123229980469,7982147,10181818.181818182,1.275573875276687
SIFT,bernoulli,0.1,0.5,0,450.61346435546875,7932122,8311688.311688312,1.047851799516991
SIFT,bernoulli,0.1,0.5,1,450.30413818359375,8071441,11220779.220779222,1.3901828955671263
SIFT,bernoulli,0.1,0.5,2,461.1040954589844,8110755,7064935.064935065,1.1480296599264705
SIFT,bernoulli,0.1,0.5,3,462.1222839355469,8020030,11428571.42857143,1.4250035758683484
SIFT,bernoulli,0.1,0.5,4,431.63616943359375,8033917,8935064.935064936,1.1121679418725556
SIFT,bernoulli,0.1,0.5,5,434.86285400390625,7901252,5402597.402597403,1.4624913557692307
SIFT,bernoulli,0.1,0.5,6,388.046142578125,8028378,5402597.402597403,1.4860218894230768
SIFT,bernoulli,0.1,0.5,7,457.66656494140625,8012448,7896103.896103896,1.0147343684210526
SIFT,bernoulli,0.1,0.5,8,476.9913024902344,7939603,6857142.857142857,1.1578587708333332
SIFT,bernoulli,0.1,0.5,9,433.73712158203125,7865768,8103896.103896105,1.0302739800990959
SIFT,bernoulli,0.1,0.5,10,440.8808288574219,8092144,6025974.025974026,1.3428773448275861
SIFT,bernoulli,0.1,0.5,11,498.6571960449219,8021019,6857142.857142857,1.1697319375
SIFT,bernoulli,0.1,0.5,12,465.5845642089844,8030901,10181818.181818182,1.2678301204084301
SIFT,bernoulli,0.1,0.5,13,466.43414306640625,7974524,12467532.467532469,1.5634202702923046
SIFT,bernoulli,0.1,0.5,14,463.9320983886719,7954463,7064935.064935065,1.1259074466911765
SIFT,bernoulli,0.1,0.5,15,408.9007263183594,7956526,9766233.766233766,1.2274494881602558
SIFT,bernoulli,0.1,0.5,16,498.0208740234375,8029329,9974025.974025974,1.2421991892505555
SIFT,bernoulli,0.1,0.5,17,441.5086669921875,7973593,9558441.558441559,1.1987621588462765
SIFT,bernoulli,0.1,0.5,18,449.5707702636719,7903798,7480519.480519481,1.0565841076388889
SIFT,bernoulli,0.1,0.5,19,477.4197082519531,8008849,6025974.025974026,1.3290546831896553
SIFT,bernoulli,0.1,0.5,20,398.1723327636719,8084366,8311688.311688312,1.0281187555942313
SIFT,bernoulli,0.1,0.5,21,401.9685363769531,8028103,7272727.272727273,1.1038641624999999
SIFT,bernoulli,0.1,0.5,22,427.27392578125,8088635,7688311.688311689,1.0520690793918919
SIFT,bernoulli,0.1,0.5,23,465.30731201171875,8051639,8935064.935064936,1.109720012914754
SIFT,bernoulli,0.1,0.5,24,455.15203857421875,8014826,9558441.558441559,1.1925950180879235
SIFT,bernoulli,0.1,0.5,25,440.13507080078125,7992644,9974025.974025974,1.247900691439025
SIFT,bernoulli,0.1,0.5,26,450.986572265625,8003698,9350649.350649351,1.1682911262580562
SIFT,bernoulli,0.1,0.5,27,386.5642395019531,8026506,4363636.363636364,1.8394076249999998
SIFT,bernoulli,0.1,0.5,28,478.3063049316406,8049606,9558441.558441559,1.1874421628141252
SIFT,bernoulli,0.1,0.5,29,475.7086486816406,7872785,7688311.688311689,1.0239939949324324
SIFT,bernoulli,0.1,0.5,30,470.4612731933594,7987092,9558441.558441559,1.196736128548608
SIFT,bernoulli,0.1,0.5,31,443.7033996582031,8031536,9558441.558441559,1.1901137663382892
SIFT,bernoulli,0.1,0.5,32,491.1689147949219,7987644,8519480.519480519,1.0665824014541108
SIFT,bernoulli,0.1,0.5,33,395.16693115234375,8045210,8935064.935064936,1.1106068002034672
SIFT,bernoulli,0.1,0.5,34,423.729736328125,8038608,8103896.103896105,1.0081218170976995
SIFT,bernoulli,0.1,0.5,35,455.2437744140625,8007695,8727272.727272728,1.0898607810702992
SIFT,bernoulli,0.1,0.5,36,432.60028076171875,7996348,8519480.519480519,1.0654214298177767
SIFT,bernoulli,0.1,0.5,37,430.46441650390625,8022540,10389610.38961039,1.29505248831547
SIFT,bernoulli,0.1,0.5,38,484.6388244628906,7937200,6649350.64935065,1.19368046875
SIFT,bernoulli,0.1,0.5,39,428.13665771484375,8023259,11428571.42857143,1.4244300761786985
SIFT,bernoulli,0.1,0.5,40,416.060791015625,8100893,8103896.103896105,1.0003707126974897
SIFT,bernoulli,0.1,0.5,41,497.7900390625,8061170,7272727.272727273,1.108410875
SIFT,bernoulli,0.1,0.5,42,443.74169921875,7938675,7272727.272727273,1.0915678125
SIFT,bernoulli,0.1,0.5,43,443.9073181152344,8030231,4571428.571428572,1.75661303125
SIFT,bernoulli,0.1,0.5,44,448.0622863769531,7991981,9142857.142857144,1.1440038637300494
SIFT,bernoulli,0.1,0.5,45,424.8149108886719,8033265,9974025.974025974,1.241590558014204
SIFT,bernoulli,0.1,0.5,46,464.051513671875,8037302,6233766.2337662345,1.2893171958333332
SIFT,bernoulli,0.1,0.5,47,461.7054138183594,8004689,5402597.402597403,1.4816371466346152
SIFT,bernoulli,0.1,0.5,48,435.3399658203125,7986856,8727272.727272728,1.092704404245266
SIFT,bernoulli,0.1,0.5,49,460.3242492675781,8066320,10389610.38961039,1.288023583196599
SIFT,bernoulli,0.1,0.5,50,405.986328125,7998345,6025974.025974026,1.3273115625
SIFT,bernoulli,0.1,0.5,51,404.2448425292969,7965644,8727272.727272728,1.0956142061172616
SIFT,bernoulli,0.1,0.5,52,465.2330627441406,7967048,8727272.727272728,1.0954211305458093
SIFT,bernoulli,0.1,0.5,53,487.79156494140625,7917653,6233766.2337662345,1.2701235020833332
SIFT,bernoulli,0.1,0.5,54,467.514404296875,7999017,4779220.779220779,1.6737073614130433
SIFT,bernoulli,0.1,0.5,55,395.586669921875,8055063,8311688.311688312,1.0318588832499898
SIFT,bernoulli,0.1,0.5,56,446.0043640136719,8013107,5610389.610389611,1.4282621273148148
SIFT,bernoulli,0.1,0.5,57,461.6609191894531,7929958,7688311.688311689,1.031430347972973
SIFT,bernoulli,0.1,0.5,58,460.88275146484375,8004151,7896103.896103896,1.0136835970394737
SIFT,bernoulli,0.1,0.5,59,466.2606506347656,7925314,8103896.103896105,1.0225331266238922
SIFT,bernoulli,0.1,0.5,60,493.7353515625,8022659,7480519.480519481,1.0724735121527778
SIFT,bernoulli,0.1,0.5,61,468.54638671875,7993508,8935064.935064936,1.1177902036333656
SIFT,bernoulli,0.1,0.5,62,459.560546875,8066606,9974025.974025974,1.2364587998999794
SIFT,bernoulli,0.1,0.5,63,450.0906677246094,7957435,6025974.025974026,1.3205226185344827
SIFT,bernoulli,0.1,0.5,64,423.4005126953125,8051785,7480519.480519481,1.0763670920138888
SIFT,bernoulli,0.1,0.5,65,503.074462890625,7928451,8935064.935064936,1.126962244587869
SIFT,bernoulli,0.1,0.5,66,458.9324645996094,8060024,5194805.194805195,1.55155462
SIFT,bernoulli,0.1,0.5,67,449.2168884277344,7972658,5402597.402597403,1.475708331730769
SIFT,bernoulli,0.1,0.5,68,433.3220520019531,8016276,4987012.987012987,1.60743034375
SIFT,bernoulli,0.1,0.5,69,439.2687072753906,7935577,9766233.766233766,1.2306898119990224
SIFT,bernoulli,0.1,0.5,70,446.07623291015625,8043178,11428571.42857143,1.4209024627543279
SIFT,bernoulli,0.1,0.5,71,459.6553039550781,8029664,7272727.272727273,1.1040788
SIFT,bernoulli,0.1,0.5,72,467.38519287109375,7980988,7480519.480519481,1.0669029097222222
SIFT,bernoulli,0.1,0.5,73,399.5403747558594,8053529,8519480.519480519,1.0578568127687278
SIFT,bernoulli,0.1,0.5,74,504.7834167480469,8000569,6025974.025974026,1.3276806314655172
SIFT,bernoulli,0.1,0.5,75,477.9005126953125,7956611,7272727.272727273,1.0940340124999999
SIFT,bernoulli,0.1,0.5,76,427.6597900390625,8081974,8727272.727272728,1.0798441973795918
SIFT,bernoulli,0.1,0.5,77,467.7328186035156,8012863,9350649.350649351,1.1669548512996355
SIFT,bernoulli,0.1,0.5,78,452.9413757324219,8010995,11220779.220779222,1.4006723535315178
SIFT,bernoulli,0.1,0.5,79,476.085693359375,7916321,5818181.818181818,1.360617671875
SIFT,bernoulli,0.1,0.5,80,428.4750671386719,7972730,6857142.857142857,1.1626897916666667
SIFT,bernoulli,0.1,0.5,81,453.38372802734375,8067930,9974025.974025974,1.2362558889363162
SIFT,bernoulli,0.1,0.5,82,458.3464660644531,7986520,4987012.987012987,1.6014636458333333
SIFT,bernoulli,0.1,0.5,83,434.3740234375,7992242,12051948.051948052,1.5079558466758203
SIFT,bernoulli,0.1,0.5,84,391.2173156738281,8015055,8727272.727272728,1.088859992510685
SIFT,bernoulli,0.1,0.5,85,467.4007873535156,8005612,11012987.012987014,1.3756583522892458
SIFT,bernoulli,0.1,0.5,86,389.9203796386719,8009052,8519480.519480519,1.063731452796226
SIFT,bernoulli,0.1,0.5,87,438.1311340332031,8015590,9558441.558441559,1.192481346780656
SIFT,bernoulli,0.1,0.5,88,467.9649658203125,8117229,5610389.610389611,1.4468209097222222
SIFT,bernoulli,0.1,0.5,89,449.4183044433594,8012957,7688311.688311689,1.0422258260135135
SIFT,bernoulli,0.1,0.5,90,433.1154479980469,7954572,11220779.220779222,1.4106075374990912
SIFT,bernoulli,0.1,0.5,91,451.5870666503906,8059356,6649350.64935065,1.2120515859374998
SIFT,bernoulli,0.1,0.5,92,479.1251525878906,7928766,6649350.64935065,1.1924120742187498
SIFT,bernoulli,0.1,0.5,93,438.1471252441406,8046569,9142857.142857144,1.1362429307270148
SIFT,bernoulli,0.1,0.5,94,477.37188720703125,7929093,8311688.311688312,1.048252090332187
SIFT,bernoulli,0.1,0.5,95,494.6036682128906,7956687,9766233.766233766,1.2274246512692741
SIFT,bernoulli,0.1,0.5,96,432.9142150878906,8036597,5194805.194805195,1.5470449225
SIFT,bernoulli,0.1,0.5,97,481.1961975097656,7910053,8935064.935064936,1.1295834471734811
SIFT,bernoulli,0.1,0.5,98,448.08123779296875,7926934,7480519.480519481,1.0596769409722222
SIFT,bernoulli,0.1,0.5,99,485.9123229980469,7982147,6441558.441558442,1.2391639495967741
SIFT,km20_paper_exact,0.01,0.1,0,372.0482482910156,804072,1551719.5263157894,1.9298265905488432
SIFT,km20_paper_exact,0.01,0.1,1,385.9545593261719,811722,1173170.505263158,1.445286077330857
SIFT,km20_paper_exact,0.01,0.1,2,394.9783630371094,829692,1012866.6815789475,1.2207743133342825
SIFT,km20_paper_exact,0.01,0.1,3,391.8212890625,791172,1445505.105263158,1.8270427988644162
SIFT,km20_paper_exact,0.01,0.1,4,319.7450256347656,803973,905318.8421052631,1.1260562756526191
SIFT,km20_paper_exact,0.01,0.1,5,380.0393371582031,794917,586381.3157894737,1.3556315295103913
SIFT,km20_paper_exact,0.01,0.1,6,328.6761169433594,794744,1165944.8342105262,1.4670696906306009
SIFT,km20_paper_exact,0.01,0.1,7,397.1687316894531,791648,331802.0,2.3859048468665045
SIFT,km20_paper_exact,0.01,0.1,8,418.513916015625,804886,2029445.9210526315,2.5214079025509593
SIFT,km20_paper_exact,0.01,0.1,9,352.22998046875,776948,834973.7894736843,1.0746842639065732
SIFT,km20_paper_exact,0.01,0.1,10,394.0569763183594,828502,1025698.844736842,1.238016136034484
SIFT,km20_paper_exact,0.01,0.1,11,432.48583984375,815010,702885.5815789474,1.1595201571345064
SIFT,km20_paper_exact,0.01,0.1,12,406.16253662109375,804376,763921.3105263158,1.052956618589174
SIFT,km20_paper_exact,0.01,0.1,13,404.9566345214844,809701,970778.997368421,1.1989351592358426
SIFT,km20_paper_exact,0.01,0.1,14,394.8276672363281,792243,0.0,
SIFT,km20_paper_exact,0.01,0.1,15,303.80743408203125,816582,912092.0,1.1169631463833394
SIFT,km20_paper_exact,0.01,0.1,16,424.9352722167969,770578,704320.2105263158,1.094073389466095
SIFT,km20_paper_exact,0.01,0.1,17,372.31842041015625,771263,519542.10789473687,1.4845052754728085
SIFT,km20_paper_exact,0.01,0.1,18,393.0279541015625,784222,957464.8973684211,1.2209105296311773
SIFT,km20_paper_exact,0.01,0.1,19,400.4907531738281,757932,797791.8421052631,1.0525902615343634
SIFT,km20_paper_exact,0.01,0.1,20,291.91400146484375,802853,1474248.636842105,1.8362622258895527
SIFT,km20_paper_exact,0.01,0.1,21,272.52850341796875,793344,774907.8,1.0237914755794173
SIFT,km20_paper_exact,0.01,0.1,22,330.2196044921875,817716,733940.2105263157,1.1141452508966743
SIFT,km20_paper_exact,0.01,0.1,23,409.1575622558594,800505,1442358.5263157894,1.8018107648494257
SIFT,km20_paper_exact,0.01,0.1,24,372.28057861328125,783106,979434.294736842,1.2507046233036678
SIFT,km20_paper_exact,0.01,0.1,25,365.21484375,810423,666242.1552631578,1.2164090692818625
SIFT,km20_paper_exact,0.01,0.1,26,356.6326904296875,800950,2040990.6315789474,2.548212287382418
SIFT,km20_paper_exact,0.01,0.1,27,233.2550506591797,786761,649772.95,1.2108244887695003
SIFT,km20_paper_exact,0.01,0.1,28,389.90380859375,819103,499112.89473684214,1.6411176882774647
SIFT,km20_paper_exact,0.01,0.1,29,417.54730224609375,788421,1597351.0499999998,2.026012815488172
SIFT,km20_paper_exact,0.01,0.1,30,392.8097839355469,774709,305304.4210526316,2.5374968280149717
SIFT,km20_paper_exact,0.01,0.1,31,379.7194519042969,813563,382954.24210526317,2.12443919024763
SIFT,km20_paper_exact,0.01,0.1,32,394.81256103515625,796478,581180.8500000001,1.3704477702594637
SIFT,km20_paper_exact,0.01,0.1,33,319.9873352050781,780607,523144.4210526316,1.4921443650862638
SIFT,km20_paper_exact,0.01,0.1,34,315.56451416015625,823847,634374.5263157894,1.2986760436056535
SIFT,km20_paper_exact,0.01,0.1,35,377.76806640625,817178,592019.8421052631,1.3803219788952665
SIFT,km20_paper_exact,0.01,0.1,36,387.8049621582031,802894,1070098.3131578946,1.3328014820859224
SIFT,km20_paper_exact,0.01,0.1,37,371.2020263671875,818454,998748.9473684211,1.2202872090165375
SIFT,km20_paper_exact,0.01,0.1,38,414.6022033691406,805071,1726091.886842105,2.1440244237366706
SIFT,km20_paper_exact,0.01,0.1,39,368.1969299316406,818444,166300.7894736842,4.921467917201393
SIFT,km20_paper_exact,0.01,0.1,40,345.3054504394531,827179,298082.05,2.7750043989565962
SIFT,km20_paper_exact,0.01,0.1,41,437.45843505859375,847465,950570.2105263157,1.12166308995217
SIFT,km20_paper_exact,0.01,0.1,42,368.06109619140625,760308,629884.05,1.2070602518034865
SIFT,km20_paper_exact,0.01,0.1,43,361.3336181640625,798655,1163900.0526315789,1.457325193771502
SIFT,km20_paper_exact,0.01,0.1,44,395.9861145019531,781932,890070.4763157895,1.138296522352058
SIFT,km20_paper_exact,0.01,0.1,45,331.9261779785156,767590,499127.1552631579,1.537864634103706
SIFT,km20_paper_exact,0.01,0.1,46,403.52423095703125,809955,603500.6842105263,1.3420945844652163
SIFT,km20_paper_exact,0.01,0.1,47,412.57000732421875,834769,1173430.5210526315,1.405694894099603
SIFT,km20_paper_exact,0.01,0.1,48,386.1009521484375,799371,655132.052631579,1.2201677460124751
SIFT,km20_paper_exact,0.01,0.1,49,397.4945983886719,798452,924046.4210526316,1.157297396778556
SIFT,km20_paper_exact,0.01,0.1,50,339.03955078125,828954,815096.0526315789,1.0170016126610846
SIFT,km20_paper_exact,0.01,0.1,51,336.1755065917969,782034,581180.8500000001,1.3455949210990001
SIFT,km20_paper_exact,0.01,0.1,52,397.7951354980469,806499,1355191.1894736842,1.680338338266612
SIFT,km20_paper_exact,0.01,0.1,53,401.8307800292969,789522,596164.1,1.324336705279637
SIFT,km20_paper_exact,0.01,0.1,54,403.9814453125,772257,1058689.505263158,1.370903087007509
SIFT,km20_paper_exact,0.01,0.1,55,244.17393493652344,788963,1265249.85,1.6036871817816554
SIFT,km20_paper_exact,0.01,0.1,56,363.9601135253906,775961,841479.4184210526,1.0844351950949245
SIFT,km20_paper_exact,0.01,0.1,57,396.5753479003906,769970,288633.2105263158,2.667641740172512
SIFT,km20_paper_exact,0.01,0.1,58,402.9453430175781,816855,313491.2105263158,2.6056711402804376
SIFT,km20_paper_exact,0.01,0.1,59,409.57037353515625,780856,1025698.844736842,1.313556974316445
SIFT,km20_paper_exact,0.01,0.1,60,408.1246643066406,786325,866278.105263158,1.1016794649326398
SIFT,km20_paper_exact,0.01,0.1,61,401.16558837890625,815251,1057555.6,1.2972147228276936
SIFT,km20_paper_exact,0.01,0.1,62,377.992919921875,799650,0.0,
SIFT,km20_paper_exact,0.01,0.1,63,380.0064697265625,770308,586381.3157894737,1.3136639576636184
SIFT,km20_paper_exact,0.01,0.1,64,349.10968017578125,817299,271698.6842105263,3.008108053135488
SIFT,km20_paper_exact,0.01,0.1,65,434.93896484375,801986,192411.4,4.1680794381206105
SIFT,km20_paper_exact,0.01,0.1,66,400.2998962402344,808007,1572672.4210526315,1.9463598966996962
SIFT,km20_paper_exact,0.01,0.1,67,384.0870361328125,807389,0.0,
SIFT,km20_paper_exact,0.01,0.1,68,346.1543884277344,794528,1630192.1052631577,2.05177426756912
SIFT,km20_paper_exact,0.01,0.1,69,323.6508483886719,806169,1188347.5789473685,1.4740675701340147
SIFT,km20_paper_exact,0.01,0.1,70,391.49835205078125,806219,1066582.0921052631,1.3229433840002074
SIFT,km20_paper_exact,0.01,0.1,71,393.2197570800781,804076,541924.6842105263,1.4837412345801793
SIFT,km20_paper_exact,0.01,0.1,72,399.030029296875,788169,1103605.8,1.4002146747715274
SIFT,km20_paper_exact,0.01,0.1,73,221.4608154296875,802130,1140115.0,1.421359380649022
SIFT,km20_paper_exact,0.01,0.1,74,428.41204833984375,783732,866025.7894736843,1.1050024619049423
SIFT,km20_paper_exact,0.01,0.1,75,418.0033874511719,825764,344306.99736842106,2.398336386746164
SIFT,km20_paper_exact,0.01,0.1,76,349.3450927734375,801385,987509.2605263157,1.2322532372409212
SIFT,km20_paper_exact,0.01,0.1,77,407.7376403808594,804512,709786.4,1.1334564877546258
SIFT,km20_paper_exact,0.01,0.1,78,345.1389465332031,803777,1103600.6842105263,1.373018491709176
SIFT,km20_paper_exact,0.01,0.1,79,404.2498474121094,804003,875600.7868421052,1.0890516414019664
SIFT,km20_paper_exact,0.01,0.1,80,382.2015075683594,810035,1065154.6842105263,1.314948964193555
SIFT,km20_paper_exact,0.01,0.1,81,394.7402648925781,791987,665150.0526315789,1.1906892239827802
SIFT,km20_paper_exact,0.01,0.1,82,394.92144775390625,791919,1582121.2605263158,1.9978321779453654
SIFT,km20_paper_exact,0.01,0.1,83,381.15850830078125,785082,1251991.5263157894,1.5947270811403005
SIFT,km20_paper_exact,0.01,0.1,84,276.85357666015625,803320,1493272.85,1.858876724095006
SIFT,km20_paper_exact,0.01,0.1,85,403.7881774902344,816015,627443.052631579,1.3005403384060519
SIFT,km20_paper_exact,0.01,0.1,86,281.2809143066406,796697,577996.7421052632,1.3783762813232392
SIFT,km20_paper_exact,0.01,0.1,87,387.8452453613281,809085,462241.52631578944,1.7503511777677403
SIFT,km20_paper_exact,0.01,0.1,88,403.29144287109375,791345,1069675.3684210526,1.3517181108379437
SIFT,km20_paper_exact,0.01,0.1,89,357.1758117675781,810232,577518.7368421053,1.4029536157222877
SIFT,km20_paper_exact,0.01,0.1,90,348.5339660644531,835982,1354648.3684210526,1.6204276747837305
SIFT,km20_paper_exact,0.01,0.1,91,386.0309753417969,806115,1236237.2131578948,1.5335742582111669
SIFT,km20_paper_exact,0.01,0.1,92,408.19110107421875,799929,770993.3710526316,1.0375303213150364
SIFT,km20_paper_exact,0.01,0.1,93,376.3376159667969,802649,904574.0105263158,1.1269857814889395
SIFT,km20_paper_exact,0.01,0.1,94,391.1700439453125,795733,724138.105263158,1.098869116562819
SIFT,km20_paper_exact,0.01,0.1,95,441.748779296875,805105,192411.4,4.184289496360403
SIFT,km20_paper_exact,0.01,0.1,96,319.9952087402344,802507,894246.1499999999,1.1143157006730158
SIFT,km20_paper_exact,0.01,0.1,97,405.0690612792969,792116,512679.95,1.545049694258572
SIFT,km20_paper_exact,0.01,0.1,98,374.5810546875,770248,581180.8500000001,1.3253155192570434
SIFT,km20_paper_exact,0.01,0.1,99,426.7563171386719,800739,988150.1578947369,1.2340477457632721
SIFT,km20_paper_exact,0.01,0.2,0,372.0482482910156,804072,815862.5263157894,1.01466352057501
SIFT,km20_paper_exact,0.01,0.2,1,385.9545593261719,811722,1211075.6631578947,1.4919832937359032
SIFT,km20_paper_exact,0.01,0.2,2,394.9783630371094,829692,586841.4184210526,1.413826587483136
SIFT,km20_paper_exact,0.01,0.2,3,391.8212890625,791172,1219462.8947368423,1.5413372752534749
SIFT,km20_paper_exact,0.01,0.2,4,319.7450256347656,803973,1357978.2631578948,1.689084413478929
SIFT,km20_paper_exact,0.01,0.2,5,380.0393371582031,794917,957464.8973684211,1.2044841126412205
SIFT,km20_paper_exact,0.01,0.2,6,328.6761169433594,794744,271698.6842105263,2.9250932970444237
SIFT,km20_paper_exact,0.01,0.2,7,397.1687316894531,791648,1474175.05,1.8621597603985611
SIFT,km20_paper_exact,0.01,0.2,8,418.513916015625,804886,767809.2631578947,1.0482889939222844
SIFT,km20_paper_exact,0.01,0.2,9,352.22998046875,776948,957464.8973684211,1.2323410284451741
SIFT,km20_paper_exact,0.01,0.2,10,394.0569763183594,828502,146967.05,5.637331633179002
SIFT,km20_paper_exact,0.01,0.2,11,432.48583984375,815010,1878133.1578947369,2.3044295872378706
SIFT,km20_paper_exact,0.01,0.2,12,406.16253662109375,804376,864694.047368421,1.0749873782514905
SIFT,km20_paper_exact,0.01,0.2,13,404.9566345214844,809701,1229119.5236842106,1.5179918558631034
SIFT,km20_paper_exact,0.01,0.2,14,394.8276672363281,792243,3021877.034210526,3.8143309997191843
SIFT,km20_paper_exact,0.01,0.2,15,303.80743408203125,816582,228023.0,3.581138744775746
SIFT,km20_paper_exact,0.01,0.2,16,424.9352722167969,770578,544571.5052631579,1.4150171144698933
SIFT,km20_paper_exact,0.01,0.2,17,372.31842041015625,771263,679374.1052631579,1.135255220982037
SIFT,km20_paper_exact,0.01,0.2,18,393.0279541015625,784222,1061819.997368421,1.3539788444705976
SIFT,km20_paper_exact,0.01,0.2,19,400.4907531738281,757932,2242505.942105263,2.9587165367147223
SIFT,km20_paper_exact,0.01,0.2,20,291.91400146484375,802853,930851.2684210526,1.159429270889008
SIFT,km20_paper_exact,0.01,0.2,21,272.52850341796875,793344,774907.8,1.0237914755794173
SIFT,km20_paper_exact,0.01,0.2,22,330.2196044921875,817716,190542.84210526315,4.291507311244273
SIFT,km20_paper_exact,0.01,0.2,23,409.1575622558594,800505,531837.7894736842,1.5051675827552486
SIFT,km20_paper_exact,0.01,0.2,24,372.28057861328125,783106,1239471.789473684,1.5827637503399081
SIFT,km20_paper_exact,0.01,0.2,25,365.21484375,810423,499127.1552631579,1.623680441855975
SIFT,km20_paper_exact,0.01,0.2,26,356.6326904296875,800950,603545.8947368421,1.327073892780316
SIFT,km20_paper_exact,0.01,0.2,27,233.2550506591797,786761,421749.95,1.8654679152896165
SIFT,km20_paper_exact,0.01,0.2,28,389.90380859375,819103,150886.47368421053,5.42860456606797
SIFT,km20_paper_exact,0.01,0.2,29,417.54730224609375,788421,737065.6342105262,1.0696754310686059
SIFT,km20_paper_exact,0.01,0.2,30,392.8097839355469,774709,763261.0526315789,1.0149987312059887
SIFT,km20_paper_exact,0.01,0.2,31,379.7194519042969,813563,521619.76842105266,1.5596859038963609
SIFT,km20_paper_exact,0.01,0.2,32,394.81256103515625,796478,1194694.5815789474,1.4999718530567667
SIFT,km20_paper_exact,0.01,0.2,33,319.9873352050781,780607,1104608.5815789474,1.4150636383979998
SIFT,km20_paper_exact,0.01,0.2,34,315.56451416015625,823847,674030.8947368421,1.2222688995904998
SIFT,km20_paper_exact,0.01,0.2,35,377.76806640625,817178,570759.947368421,1.431736763884236
SIFT,km20_paper_exact,0.01,0.2,36,387.8049621582031,802894,936403.6289473684,1.166285498393771
SIFT,km20_paper_exact,0.01,0.2,37,371.2020263671875,818454,404103.052631579,2.0253596073330953
SIFT,km20_paper_exact,0.01,0.2,38,414.6022033691406,805071,0.0,
SIFT,km20_paper_exact,0.01,0.2,39,368.1969299316406,818444,978690.5263157894,1.1957941243576706
SIFT,km20_paper_exact,0.01,0.2,40,345.3054504394531,827179,659152.5842105263,1.254912777123859
SIFT,km20_paper_exact,0.01,0.2,41,437.45843505859375,847465,1555446.052631579,1.8354103740350092
SIFT,km20_paper_exact,0.01,0.2,42,368.06109619140625,760308,875140.6842105263,1.1510344284296974
SIFT,km20_paper_exact,0.01,0.2,43,361.3336181640625,798655,543338.6842105263,1.4699027019591833
SIFT,km20_paper_exact,0.01,0.2,44,395.9861145019531,781932,176080.05263157896,4.440775592202231
SIFT,km20_paper_exact,0.01,0.2,45,331.9261779785156,767590,1216041.1578947369,1.5842326735558525
SIFT,km20_paper_exact,0.01,0.2,46,403.52423095703125,809955,958928.1894736842,1.1839277360763056
SIFT,km20_paper_exact,0.01,0.2,47,412.57000732421875,834769,288633.2105263158,2.892144665119508
SIFT,km20_paper_exact,0.01,0.2,48,386.1009521484375,799371,327139.7894736842,2.4435150529565988
SIFT,km20_paper_exact,0.01,0.2,49,397.4945983886719,798452,776171.997368421,1.0287049812504423
SIFT,km20_paper_exact,0.01,0.2,50,339.03955078125,828954,271698.6842105263,3.0510048379832537
SIFT,km20_paper_exact,0.01,0.2,51,336.1755065917969,782034,193726.95,4.036784763297001
SIFT,km20_paper_exact,0.01,0.2,52,397.7951354980469,806499,920806.4736842104,1.141732939140917
SIFT,km20_paper_exact,0.01,0.2,53,401.8307800292969,789522,298082.05,2.648673410559274
SIFT,km20_paper_exact,0.01,0.2,54,403.9814453125,772257,288759.36842105264,2.6743963467669674
SIFT,km20_paper_exact,0.01,0.2,55,244.17393493652344,788963,843499.9,1.0691247878544368
SIFT,km20_paper_exact,0.01,0.2,56,363.9601135253906,775961,867862.7842105263,1.118436086621011
SIFT,km20_paper_exact,0.01,0.2,57,396.5753479003906,769970,509158.63157894736,1.512239903725589
SIFT,km20_paper_exact,0.01,0.2,58,402.9453430175781,816855,1606625.8184210528,1.9668433423570313
SIFT,km20_paper_exact,0.01,0.2,59,409.57037353515625,780856,0.0,
SIFT,km20_paper_exact,0.01,0.2,60,408.1246643066406,786325,1698376.1578947369,2.1598908312653635
SIFT,km20_paper_exact,0.01,0.2,61,401.16558837890625,815251,768231.4,1.0612049963071022
SIFT,km20_paper_exact,0.01,0.2,62,377.992919921875,799650,1271937.2,1.5906173951103608
SIFT,km20_paper_exact,0.01,0.2,63,380.0064697265625,770308,1433534.1368421053,1.8609882499495076
SIFT,km20_paper_exact,0.01,0.2,64,349.10968017578125,817299,659152.5842105263,1.239923834902183
SIFT,km20_paper_exact,0.01,0.2,65,434.93896484375,801986,767025.7684210527,1.0455789531698707
SIFT,km20_paper_exact,0.01,0.2,66,400.2998962402344,808007,858080.0,1.0619709977760095
SIFT,km20_paper_exact,0.01,0.2,67,384.0870361328125,807389,935302.6842105263,1.158428817101207
SIFT,km20_paper_exact,0.01,0.2,68,346.1543884277344,794528,797976.6842105263,1.0043405445881408
SIFT,km20_paper_exact,0.01,0.2,69,323.6508483886719,806169,523144.4210526316,1.5410065893045133
SIFT,km20_paper_exact,0.01,0.2,70,391.49835205078125,806219,862767.8921052631,1.0701408576395037
SIFT,km20_paper_exact,0.01,0.2,71,393.2197570800781,804076,801109.6105263158,1.003702850939131
SIFT,km20_paper_exact,0.01,0.2,72,399.030029296875,788169,1108633.2315789473,1.4065932960811036
SIFT,km20_paper_exact,0.01,0.2,73,221.4608154296875,802130,456046.0,1.7588795867083584
SIFT,km20_paper_exact,0.01,0.2,74,428.41204833984375,783732,1330739.052631579,1.6979516628536018
SIFT,km20_paper_exact,0.01,0.2,75,418.0033874511719,825764,1022166.4184210526,1.2378432801878656
SIFT,km20_paper_exact,0.01,0.2,76,349.3450927734375,801385,1041675.0552631578,1.2998434650800275
SIFT,km20_paper_exact,0.01,0.2,77,407.7376403808594,804512,1078277.8526315792,1.3402880909564794
SIFT,km20_paper_exact,0.01,0.2,78,345.1389465332031,803777,190542.84210526315,4.218353159422083
SIFT,km20_paper_exact,0.01,0.2,79,404.2498474121094,804003,1099737.4210526315,1.3678275094155512
SIFT,km20_paper_exact,0.01,0.2,80,382.2015075683594,810035,418565.84210526315,1.9352630303652159
SIFT,km20_paper_exact,0.01,0.2,81,394.7402648925781,791987,473271.89473684214,1.6734291826907999
SIFT,km20_paper_exact,0.01,0.2,82,394.92144775390625,791919,1192328.2,1.50561888273927
SIFT,km20_paper_exact,0.01,0.2,83,381.15850830078125,785082,786358.5263157894,1.0016259783255628
SIFT,km20_paper_exact,0.01,0.2,84,276.85357666015625,803320,228023.0,3.522977945207282
SIFT,km20_paper_exact,0.01,0.2,85,403.7881774902344,816015,861379.3789473685,1.0555925797287653
SIFT,km20_paper_exact,0.01,0.2,86,281.2809143066406,796697,990194.3684210526,1.2428744785295447
SIFT,km20_paper_exact,0.01,0.2,87,387.8452453613281,809085,1503987.7868421052,1.8588748856326656
SIFT,km20_paper_exact,0.01,0.2,88,403.29144287109375,791345,677164.4736842106,1.1686156476794682
SIFT,km20_paper_exact,0.01,0.2,89,357.1758117675781,810232,586841.4184210526,1.380666010555286
SIFT,km20_paper_exact,0.01,0.2,90,348.5339660644531,835982,840331.6842105263,1.0052030835718069
SIFT,km20_paper_exact,0.01,0.2,91,386.0309753417969,806115,1171301.6342105262,1.4530205171849255
SIFT,km20_paper_exact,0.01,0.2,92,408.19110107421875,799929,1041979.6842105264,1.3025902101443083
SIFT,km20_paper_exact,0.01,0.2,93,376.3376159667969,802649,557165.7368421053,1.4405928917116129
SIFT,km20_paper_exact,0.01,0.2,94,391.1700439453125,795733,672195.1578947369,1.1837827015775806
SIFT,km20_paper_exact,0.01,0.2,95,441.748779296875,805105,1152827.6421052632,1.4318972582523561
SIFT,km20_paper_exact,0.01,0.2,96,319.9952087402344,802507,1192328.2,1.4857542675640212
SIFT,km20_paper_exact,0.01,0.2,97,405.0690612792969,792116,387453.9,2.0444135418433005
SIFT,km20_paper_exact,0.01,0.2,98,374.5810546875,770248,642033.2157894737,1.1997011697484645
SIFT,km20_paper_exact,0.01,0.2,99,426.7563171386719,800739,618572.2605263158,1.294495487590547
SIFT,km20_paper_exact,0.01,0.3,0,372.0482482910156,804072,1753186.2105263157,2.1803846055158194
SIFT,km20_paper_exact,0.01,0.3,1,385.9545593261719,811722,528777.8,1.535090920987984
SIFT,km20_paper_exact,0.01,0.3,2,394.9783630371094,829692,0.0,
SIFT,km20_paper_exact,0.01,0.3,3,391.8212890625,791172,507595.7368421053,1.558665572965805
SIFT,km20_paper_exact,0.01,0.3,4,319.7450256347656,803973,603545.8947368421,1.3320826253826945
SIFT,km20_paper_exact,0.01,0.3,5,380.0393371582031,794917,991644.95,1.2474823786634328
SIFT,km20_paper_exact,0.01,0.3,6,328.6761169433594,794744,596164.1,1.3330960384900734
SIFT,km20_paper_exact,0.01,0.3,7,397.1687316894531,791648,663604.0,1.1929524234332523
SIFT,km20_paper_exact,0.01,0.3,8,418.513916015625,804886,918517.2605263158,1.1411768381190823
SIFT,km20_paper_exact,0.01,0.3,9,352.22998046875,776948,448306.26578947366,1.7330741488339085
SIFT,km20_paper_exact,0.01,0.3,10,394.0569763183594,828502,1163900.0526315789,1.4048246746918884
SIFT,km20_paper_exact,0.01,0.3,11,432.48583984375,815010,1154785.1578947369,1.4168969189270522
SIFT,km20_paper_exact,0.01,0.3,12,406.16253662109375,804376,1460535.2368421054,1.8157369648548756
SIFT,km20_paper_exact,0.01,0.3,13,404.9566345214844,809701,1161178.4684210527,1.4340830361096908
SIFT,km20_paper_exact,0.01,0.3,14,394.8276672363281,792243,918517.2605263158,1.1593882944075438
SIFT,km20_paper_exact,0.01,0.3,15,303.80743408203125,816582,1102634.8421052631,1.3503051035967768
SIFT,km20_paper_exact,0.01,0.3,16,424.9352722167969,770578,870386.6631578947,1.1295244130482505
SIFT,km20_paper_exact,0.01,0.3,17,372.31842041015625,771263,706490.3684210526,1.0916822570755054
SIFT,km20_paper_exact,0.01,0.3,18,393.0279541015625,784222,1061819.997368421,1.3539788444705976
SIFT,km20_paper_exact,0.01,0.3,19,400.4907531738281,757932,298082.05,2.542695878534115
SIFT,km20_paper_exact,0.01,0.3,20,291.91400146484375,802853,543397.3684210526,1.4774694296603728
SIFT,km20_paper_exact,0.01,0.3,21,272.52850341796875,793344,968634.75,1.2209517561108423
SIFT,km20_paper_exact,0.01,0.3,22,330.2196044921875,817716,271698.6842105263,3.0096428415766305
SIFT,km20_paper_exact,0.01,0.3,23,409.1575622558594,800505,341294.947368421,2.345493263736691
SIFT,km20_paper_exact,0.01,0.3,24,372.28057861328125,783106,1035410.8947368421,1.3221848571417434
SIFT,km20_paper_exact,0.01,0.3,25,365.21484375,810423,732835.3157894737,1.1058732876798414
SIFT,km20_paper_exact,0.01,0.3,26,356.6326904296875,800950,925223.8947368421,1.1551581181557427
SIFT,km20_paper_exact,0.01,0.3,27,233.2550506591797,786761,809203.8500000001,1.0285256259524813
SIFT,km20_paper_exact,0.01,0.3,28,389.90380859375,819103,862753.6315789474,1.0532907724412528
SIFT,km20_paper_exact,0.01,0.3,29,417.54730224609375,788421,192411.4,4.09757945735024
SIFT,km20_paper_exact,0.01,0.3,30,392.8097839355469,774709,915913.2631578947,1.1822674877378405
SIFT,km20_paper_exact,0.01,0.3,31,379.7194519042969,813563,878571.9263157895,1.0799064440194421
SIFT,km20_paper_exact,0.01,0.3,32,394.81256103515625,796478,1106416.055263158,1.3891357391706463
SIFT,km20_paper_exact,0.01,0.3,33,319.9873352050781,780607,1305205.4210526317,1.672039094003297
SIFT,km20_paper_exact,0.01,0.3,34,315.56451416015625,823847,945729.5789473684,1.1479432211895757
SIFT,km20_paper_exact,0.01,0.3,35,377.76806640625,817178,592019.8421052631,1.3803219788952665
SIFT,km20_paper_exact,0.01,0.3,36,387.8049621582031,802894,1755315.0,2.186235044725705
SIFT,km20_paper_exact,0.01,0.3,37,371.2020263671875,818454,534259.0,1.5319423725196954
SIFT,km20_paper_exact,0.01,0.3,38,414.6022033691406,805071,875348.4710526315,1.087293507097674
SIFT,km20_paper_exact,0.01,0.3,39,368.1969299316406,818444,507323.1026315789,1.6132598648762089
SIFT,km20_paper_exact,0.01,0.3,40,345.3054504394531,827179,815096.0526315789,1.0148239552006304
SIFT,km20_paper_exact,0.01,0.3,41,437.45843505859375,847465,1198080.105263158,1.4137222248271704
SIFT,km20_paper_exact,0.01,0.3,42,368.06109619140625,760308,875600.7868421052,1.1516395813829463
SIFT,km20_paper_exact,0.01,0.3,43,361.3336181640625,798655,586381.3157894737,1.3620062210282602
SIFT,km20_paper_exact,0.01,0.3,44,395.9861145019531,781932,1639377.9473684211,2.0965735477873024
SIFT,km20_paper_exact,0.01,0.3,45,331.9261779785156,767590,808206.105263158,1.0529138019817323
SIFT,km20_paper_exact,0.01,0.3,46,403.52423095703125,809955,1115144.7894736843,1.3767984511160303
SIFT,km20_paper_exact,0.01,0.3,47,412.57000732421875,834769,1480961.4105263157,1.7740972778413138
SIFT,km20_paper_exact,0.01,0.3,48,386.1009521484375,799371,345063.61052631575,2.316590262243944
SIFT,km20_paper_exact,0.01,0.3,49,397.4945983886719,798452,632216.997368421,1.26293978700909
SIFT,km20_paper_exact,0.01,0.3,50,339.03955078125,828954,1340625.0026315788,1.6172489699447483
SIFT,km20_paper_exact,0.01,0.3,51,336.1755065917969,782034,1159679.2657894737,1.482901339058754
SIFT,km20_paper_exact,0.01,0.3,52,397.7951354980469,806499,951845.6315789474,1.1802192334757358
SIFT,km20_paper_exact,0.01,0.3,53,401.8307800292969,789522,0.0,
SIFT,km20_paper_exact,0.01,0.3,54,403.9814453125,772257,740426.3157894737,1.0429896716685267
SIFT,km20_paper_exact,0.01,0.3,55,244.17393493652344,788963,1493272.85,1.89270326998858
SIFT,km20_paper_exact,0.01,0.3,56,363.9601135253906,775961,867862.7842105263,1.118436086621011
SIFT,km20_paper_exact,0.01,0.3,57,396.5753479003906,769970,1173096.5763157895,1.523561406698689
SIFT,km20_paper_exact,0.01,0.3,58,402.9453430175781,816855,331802.0,2.4618748530750265
SIFT,km20_paper_exact,0.01,0.3,59,409.57037353515625,780856,778792.7157894736,1.0026493368115736
SIFT,km20_paper_exact,0.01,0.3,60,408.1246643066406,786325,288759.36842105264,2.7231151124192277
SIFT,km20_paper_exact,0.01,0.3,61,401.16558837890625,815251,721189.2,1.130425968663979
SIFT,km20_paper_exact,0.01,0.3,62,377.992919921875,799650,676762.997368421,1.1815805579049423
SIFT,km20_paper_exact,0.01,0.3,63,380.0064697265625,770308,543338.6842105263,1.4177308231223427
SIFT,km20_paper_exact,0.01,0.3,64,349.10968017578125,817299,271698.6842105263,3.008108053135488
SIFT,km20_paper_exact,0.01,0.3,65,434.93896484375,801986,598507.8394736842,1.3399757649043502
SIFT,km20_paper_exact,0.01,0.3,66,400.2998962402344,808007,1418687.1552631578,1.7557857237166978
SIFT,km20_paper_exact,0.01,0.3,67,384.0870361328125,807389,331802.0,2.433345790561841
SIFT,km20_paper_exact,0.01,0.3,68,346.1543884277344,794528,1280521.6868421051,1.6116759722024965
SIFT,km20_paper_exact,0.01,0.3,69,323.6508483886719,806169,997804.7368421053,1.2377116173433924
SIFT,km20_paper_exact,0.01,0.3,70,391.49835205078125,806219,1394674.6736842105,1.7298955664456066
SIFT,km20_paper_exact,0.01,0.3,71,393.2197570800781,804076,726149.2947368422,1.1073149913219962
SIFT,km20_paper_exact,0.01,0.3,72,399.030029296875,788169,557165.7368421053,1.4146042153761484
SIFT,km20_paper_exact,0.01,0.3,73,221.4608154296875,802130,1140115.0,1.421359380649022
SIFT,km20_paper_exact,0.01,0.3,74,428.41204833984375,783732,288633.2105263158,2.7153216311140476
SIFT,km20_paper_exact,0.01,0.3,75,418.0033874511719,825764,1219506.3657894738,1.4768219076993836
SIFT,km20_paper_exact,0.01,0.3,76,349.3450927734375,801385,1186599.6315789474,1.480686101660185
SIFT,km20_paper_exact,0.01,0.3,77,407.7376403808594,804512,664342.0499999999,1.2109906335147687
SIFT,km20_paper_exact,0.01,0.3,78,345.1389465332031,803777,531972.1578947369,1.5109380971758415
SIFT,km20_paper_exact,0.01,0.3,79,404.2498474121094,804003,288759.36842105264,2.784335636957233
SIFT,km20_paper_exact,0.01,0.3,80,382.2015075683594,810035,608698.2105263157,1.330766192493973
SIFT,km20_paper_exact,0.01,0.3,81,394.7402648925781,791987,629204.947368421,1.25871070040437
SIFT,km20_paper_exact,0.01,0.3,82,394.92144775390625,791919,961686.05,1.214374260498864
SIFT,km20_paper_exact,0.01,0.3,83,381.15850830078125,785082,1619106.6315789474,2.062340789342957
SIFT,km20_paper_exact,0.01,0.3,84,276.85357666015625,803320,649772.95,1.2363087752421829
SIFT,km20_paper_exact,0.01,0.3,85,403.7881774902344,816015,986526.852631579,1.208956762598211
SIFT,km20_paper_exact,0.01,0.3,86,281.2809143066406,796697,381085.6842105263,2.0905980807189652
SIFT,km20_paper_exact,0.01,0.3,87,387.8452453613281,809085,837131.6842105263,1.0346646943281934
SIFT,km20_paper_exact,0.01,0.3,88,403.29144287109375,791345,965982.5263157894,1.2206844376546127
SIFT,km20_paper_exact,0.01,0.3,89,357.1758117675781,810232,331802.0,2.441914153621738
SIFT,km20_paper_exact,0.01,0.3,90,348.5339660644531,835982,840331.6842105263,1.0052030835718069
SIFT,km20_paper_exact,0.01,0.3,91,386.0309753417969,806115,152652.2105263158,5.280729294522947
SIFT,km20_paper_exact,0.01,0.3,92,408.19110107421875,799929,577266.4210526316,1.3857189173438298
SIFT,km20_paper_exact,0.01,0.3,93,376.3376159667969,802649,1247560.8,1.554304309853996
SIFT,km20_paper_exact,0.01,0.3,94,391.1700439453125,795733,1070943.105263158,1.3458573482099623
SIFT,km20_paper_exact,0.01,0.3,95,441.748779296875,805105,689616.8,1.167467207875446
SIFT,km20_paper_exact,0.01,0.3,96,319.9952087402344,802507,1165944.8342105262,1.4528780860609642
SIFT,km20_paper_exact,0.01,0.3,97,405.0690612792969,792116,340694.0,2.325007191203837
SIFT,km20_paper_exact,0.01,0.3,98,374.5810546875,770248,1201652.7394736842,1.560085504244976
SIFT,km20_paper_exact,0.01,0.3,99,426.7563171386719,800739,290922.05,2.752417700892731
SIFT,km20_paper_exact,0.01,0.4,0,372.0482482910156,804072,907288.5789473684,1.1283673339543827
SIFT,km20_paper_exact,0.01,0.4,1,385.9545593261719,811722,556052.1368421052,1.4597947678249712
SIFT,km20_paper_exact,0.01,0.4,2,394.9783630371094,829692,288759.36842105264,2.8732989843300594
SIFT,km20_paper_exact,0.01,0.4,3,391.8212890625,791172,1044679.2631578947,1.3204199126838345
SIFT,km20_paper_exact,0.01,0.4,4,319.7450256347656,803973,1207091.7894736843,1.5014083675368255
SIFT,km20_paper_exact,0.01,0.4,5,380.0393371582031,794917,254579.31578947368,3.1224728432272273
SIFT,km20_paper_exact,0.01,0.4,6,328.6761169433594,794744,867862.7842105263,1.0920029395761732
SIFT,km20_paper_exact,0.01,0.4,7,397.1687316894531,791648,331802.0,2.3859048468665045
SIFT,km20_paper_exact,0.01,0.4,8,418.513916015625,804886,779126.6605263157,1.0330618123839883
SIFT,km20_paper_exact,0.01,0.4,9,352.22998046875,776948,926645.5263157894,1.1926738035438529
SIFT,km20_paper_exact,0.01,0.4,10,394.0569763183594,828502,288759.36842105264,2.869177905916199
SIFT,km20_paper_exact,0.01,0.4,11,432.48583984375,815010,1755382.8973684208,2.1538176186407783
SIFT,km20_paper_exact,0.01,0.4,12,406.16253662109375,804376,1091146.997368421,1.3565136172243093
SIFT,km20_paper_exact,0.01,0.4,13,404.9566345214844,809701,981629.8947368421,1.2123362756583507
SIFT,km20_paper_exact,0.01,0.4,14,394.8276672363281,792243,927966.1,1.171314987951929
SIFT,km20_paper_exact,0.01,0.4,15,303.80743408203125,816582,684069.0,1.1937129149252488
SIFT,km20_paper_exact,0.01,0.4,16,424.9352722167969,770578,368491.45263157896,2.091169264570244
SIFT,km20_paper_exact,0.01,0.4,17,372.31842041015625,771263,970215.7368421053,1.2579570611349244
SIFT,km20_paper_exact,0.01,0.4,18,393.0279541015625,784222,763737.947368421,1.0268207867661414
SIFT,km20_paper_exact,0.01,0.4,19,400.4907531738281,757932,875348.4710526315,1.1549168936693945
SIFT,km20_paper_exact,0.01,0.4,20,291.91400146484375,802853,193726.95,4.144250451473066
SIFT,km20_paper_exact,0.01,0.4,21,272.52850341796875,793344,968634.75,1.2209517561108423
SIFT,km20_paper_exact,0.01,0.4,22,330.2196044921875,817716,1115025.894736842,1.3635857617275948
SIFT,km20_paper_exact,0.01,0.4,23,409.1575622558594,800505,1141440.6315789474,1.4259006896633344
SIFT,km20_paper_exact,0.01,0.4,24,372.28057861328125,783106,1064688.1578947369,1.3595709366225477
SIFT,km20_paper_exact,0.01,0.4,25,365.21484375,810423,798782.9473684211,1.0145722347603023
SIFT,km20_paper_exact,0.01,0.4,26,356.6326904296875,800950,1242411.1578947369,1.551171930700714
SIFT,km20_paper_exact,0.01,0.4,27,233.2550506591797,786761,1299545.9,1.6517670550522965
SIFT,km20_paper_exact,0.01,0.4,28,389.90380859375,819103,940246.2631578947,1.1478974721834674
SIFT,km20_paper_exact,0.01,0.4,29,417.54730224609375,788421,190542.84210526315,4.137762359839506
SIFT,km20_paper_exact,0.01,0.4,30,392.8097839355469,774709,1068565.4736842106,1.3793120690274807
SIFT,km20_paper_exact,0.01,0.4,31,379.7194519042969,813563,1312078.9263157896,1.612756389260315
SIFT,km20_paper_exact,0.01,0.4,32,394.81256103515625,796478,193726.95,4.111343310778392
SIFT,km20_paper_exact,0.01,0.4,33,319.9873352050781,780607,720338.7894736843,1.0836664794496915
SIFT,km20_paper_exact,0.01,0.4,34,315.56451416015625,823847,921487.5263157894,1.1185177907011732
SIFT,km20_paper_exact,0.01,0.4,35,377.76806640625,817178,628739.4736842106,1.299708439191197
SIFT,km20_paper_exact,0.01,0.4,36,387.8049621582031,802894,865556.5578947368,1.0780458664465506
SIFT,km20_paper_exact,0.01,0.4,37,371.2020263671875,818454,965111.4210526316,1.1791883490735358
SIFT,km20_paper_exact,0.01,0.4,38,414.6022033691406,805071,577266.4210526316,1.394626416225583
SIFT,km20_paper_exact,0.01,0.4,39,368.1969299316406,818444,642857.3684210526,1.273134664397194
SIFT,km20_paper_exact,0.01,0.4,40,345.3054504394531,827179,1359671.7842105262,1.643745530544811
SIFT,km20_paper_exact,0.01,0.4,41,437.45843505859375,847465,288759.36842105264,2.9348485025229527
SIFT,km20_paper_exact,0.01,0.4,42,368.06109619140625,760308,629884.05,1.2070602518034865
SIFT,km20_paper_exact,0.01,0.4,43,361.3336181640625,798655,331802.0,2.4070228630327724
SIFT,km20_paper_exact,0.01,0.4,44,395.9861145019531,781932,798650.6315789474,1.021381183503102
SIFT,km20_paper_exact,0.01,0.4,45,331.9261779785156,767590,829466.0,1.0806107427142093
SIFT,km20_paper_exact,0.01,0.4,46,403.52423095703125,809955,1115144.7894736843,1.3767984511160303
SIFT,km20_paper_exact,0.01,0.4,47,412.57000732421875,834769,577266.4210526316,1.446072332559754
SIFT,km20_paper_exact,0.01,0.4,48,386.1009521484375,799371,160839.0,4.9700072743551
SIFT,km20_paper_exact,0.01,0.4,49,397.4945983886719,798452,492181.4210526316,1.622271719018458
SIFT,km20_paper_exact,0.01,0.4,50,339.03955078125,828954,1656575.4710526315,1.9983925176217636
SIFT,km20_paper_exact,0.01,0.4,51,336.1755065917969,782034,982374.5289473685,1.2561787965067612
SIFT,km20_paper_exact,0.01,0.4,52,397.7951354980469,806499,965439.8421052631,1.197075064079761
SIFT,km20_paper_exact,0.01,0.4,53,401.8307800292969,789522,894246.1499999999,1.1326424722806963
SIFT,km20_paper_exact,0.01,0.4,54,403.9814453125,772257,577518.7368421053,1.3371981733834837
SIFT,km20_paper_exact,0.01,0.4,55,244.17393493652344,788963,1561864.95,1.9796428349618422
SIFT,km20_paper_exact,0.01,0.4,56,363.9601135253906,775961,271698.6842105263,2.8559615673322325
SIFT,km20_paper_exact,0.01,0.4,57,396.5753479003906,769970,770993.3710526316,1.0013291050984217
SIFT,km20_paper_exact,0.01,0.4,58,402.9453430175781,816855,736411.9473684211,1.1092364849851273
SIFT,km20_paper_exact,0.01,0.4,59,409.57037353515625,780856,543338.6842105263,1.4371441288679592
SIFT,km20_paper_exact,0.01,0.4,60,408.1246643066406,786325,1120857.4210526317,1.4254378546436037
SIFT,km20_paper_exact,0.01,0.4,61,401.16558837890625,815251,1031444.9894736842,1.2651870276438597
SIFT,km20_paper_exact,0.01,0.4,62,377.992919921875,799650,1121583.5710526316,1.4025930982962942
SIFT,km20_paper_exact,0.01,0.4,63,380.0064697265625,770308,331802.0,2.3215893816191584
SIFT,km20_paper_exact,0.01,0.4,64,349.10968017578125,817299,271698.6842105263,3.008108053135488
SIFT,km20_paper_exact,0.01,0.4,65,434.93896484375,801986,331802.0,2.4170619827487476
SIFT,km20_paper_exact,0.01,0.4,66,400.2998962402344,808007,1529503.6315789474,1.8929336399052823
SIFT,km20_paper_exact,0.01,0.4,67,384.0870361328125,807389,271698.6842105263,2.9716338242344706
SIFT,km20_paper_exact,0.01,0.4,68,346.1543884277344,794528,1086794.7368421052,1.3678495117127467
SIFT,km20_paper_exact,0.01,0.4,69,323.6508483886719,806169,1366660.2131578948,1.69525274868904
SIFT,km20_paper_exact,0.01,0.4,70,391.49835205078125,806219,743534.9894736842,1.084305394384583
SIFT,km20_paper_exact,0.01,0.4,71,393.2197570800781,804076,228023.0,3.52629340022717
SIFT,km20_paper_exact,0.01,0.4,72,399.030029296875,788169,751445.6947368421,1.0488702051530396
SIFT,km20_paper_exact,0.01,0.4,73,221.4608154296875,802130,421749.95,1.9019089391711843
SIFT,km20_paper_exact,0.01,0.4,74,428.41204833984375,783732,1154785.1578947369,1.473443929678432
SIFT,km20_paper_exact,0.01,0.4,75,418.0033874511719,825764,620561.3684210526,1.3306725845681662
SIFT,km20_paper_exact,0.01,0.4,76,349.3450927734375,801385,777724.0,1.0304233892743442
SIFT,km20_paper_exact,0.01,0.4,77,407.7376403808594,804512,1254357.905263158,1.5591537544041083
SIFT,km20_paper_exact,0.01,0.4,78,345.1389465332031,803777,737929.3157894737,1.089233050919083
SIFT,km20_paper_exact,0.01,0.4,79,404.2498474121094,804003,288759.36842105264,2.784335636957233
SIFT,km20_paper_exact,0.01,0.4,80,382.2015075683594,810035,1065154.6842105263,1.314948964193555
SIFT,km20_paper_exact,0.01,0.4,81,394.7402648925781,791987,504311.0526315789,1.5704335565664886
SIFT,km20_paper_exact,0.01,0.4,82,394.92144775390625,791919,0.0,
SIFT,km20_paper_exact,0.01,0.4,83,381.15850830078125,785082,1091067.4184210526,1.3897496292375224
SIFT,km20_paper_exact,0.01,0.4,84,276.85357666015625,803320,456046.0,1.761488972603641
SIFT,km20_paper_exact,0.01,0.4,85,403.7881774902344,816015,1128241.6842105263,1.382623706930052
SIFT,km20_paper_exact,0.01,0.4,86,281.2809143066406,796697,799651.5263157894,1.0037084692370994
SIFT,km20_paper_exact,0.01,0.4,87,387.8452453613281,809085,565532.8921052632,1.430659491772592
SIFT,km20_paper_exact,0.01,0.4,88,403.29144287109375,791345,815096.0526315789,1.0300135246088353
SIFT,km20_paper_exact,0.01,0.4,89,357.1758117675781,810232,1505484.8368421053,1.8580910613776118
SIFT,km20_paper_exact,0.01,0.4,90,348.5339660644531,835982,1467774.7368421054,1.755749210918543
SIFT,km20_paper_exact,0.01,0.4,91,386.0309753417969,806115,1650855.8394736843,2.047916041102925
SIFT,km20_paper_exact,0.01,0.4,92,408.19110107421875,799929,288633.2105263158,2.7714378346876596
SIFT,km20_paper_exact,0.01,0.4,93,376.3376159667969,802649,550790.3684210526,1.457267675723795
SIFT,km20_paper_exact,0.01,0.4,94,391.1700439453125,795733,548058.052631579,1.4519137091028484
SIFT,km20_paper_exact,0.01,0.4,95,441.748779296875,805105,480321.4,1.6761797413148778
SIFT,km20_paper_exact,0.01,0.4,96,319.9952087402344,802507,1173682.8368421053,1.4625203728342622
SIFT,km20_paper_exact,0.01,0.4,97,405.0690612792969,792116,843499.9,1.0648691605774911
SIFT,km20_paper_exact,0.01,0.4,98,374.5810546875,770248,581180.8500000001,1.3253155192570434
SIFT,km20_paper_exact,0.01,0.4,99,426.7563171386719,800739,593566.9473684211,1.3490289571379876
SIFT,km20_paper_exact,0.01,0.5,0,372.0482482910156,804072,632677.7368421053,1.270902946598655
SIFT,km20_paper_exact,0.01,0.5,1,385.9545593261719,811722,162907.57894736843,4.982714771436436
SIFT,km20_paper_exact,0.01,0.5,2,394.9783630371094,829692,1164107.839473684,1.403060219302686
SIFT,km20_paper_exact,0.01,0.5,3,391.8212890625,791172,606566.9473684211,1.3043440685854781
SIFT,km20_paper_exact,0.01,0.5,4,319.7450256347656,803973,603545.8947368421,1.3320826253826945
SIFT,km20_paper_exact,0.01,0.5,5,380.0393371582031,794917,586841.4184210526,1.3545686705938251
SIFT,km20_paper_exact,0.01,0.5,6,328.6761169433594,794744,841479.4184210526,1.058805625989064
SIFT,km20_paper_exact,0.01,0.5,7,397.1687316894531,791648,146967.05,5.386567941589629
SIFT,km20_paper_exact,0.01,0.5,8,418.513916015625,804886,773087.4210526315,1.0411319316308003
SIFT,km20_paper_exact,0.01,0.5,9,352.22998046875,776948,162907.57894736843,4.769256317111026
SIFT,km20_paper_exact,0.01,0.5,10,394.0569763183594,828502,577392.5789473684,1.4349024047216257
SIFT,km20_paper_exact,0.01,0.5,11,432.48583984375,815010,577392.5789473684,1.4115352876301712
SIFT,km20_paper_exact,0.01,0.5,12,406.16253662109375,804376,485954.68157894735,1.6552489985001255
SIFT,km20_paper_exact,0.01,0.5,13,404.9566345214844,809701,1145201.8421052631,1.4143515224820806
SIFT,km20_paper_exact,0.01,0.5,14,394.8276672363281,792243,2154014.25,2.718880760069827
SIFT,km20_paper_exact,0.01,0.5,15,303.80743408203125,816582,781861.1578947369,1.0444079383592269
SIFT,km20_paper_exact,0.01,0.5,16,424.9352722167969,770578,507882.052631579,1.5172380988996719
SIFT,km20_paper_exact,0.01,0.5,17,372.31842041015625,771263,228023.0,3.382391250005482
SIFT,km20_paper_exact,0.01,0.5,18,393.0279541015625,784222,586381.3157894737,1.3373925445495543
SIFT,km20_paper_exact,0.01,0.5,19,400.4907531738281,757932,642033.2157894737,1.1805183616053443
SIFT,km20_paper_exact,0.01,0.5,20,291.91400146484375,802853,852879.5342105264,1.0623109513329667
SIFT,km20_paper_exact,0.01,0.5,21,272.52850341796875,793344,968634.75,1.2209517561108423
SIFT,km20_paper_exact,0.01,0.5,22,330.2196044921875,817716,1308752.844736842,1.6004980271106863
SIFT,km20_paper_exact,0.01,0.5,23,409.1575622558594,800505,504311.0526315789,1.5873239260231
SIFT,km20_paper_exact,0.01,0.5,24,372.28057861328125,783106,452659.4210526316,1.7300114911536255
SIFT,km20_paper_exact,0.01,0.5,25,365.21484375,810423,549500.052631579,1.4748369833976356
SIFT,km20_paper_exact,0.01,0.5,26,356.6326904296875,800950,940638.2105263157,1.1744031594061
SIFT,km20_paper_exact,0.01,0.5,27,233.2550506591797,786761,456046.0,1.7251790389565964
SIFT,km20_paper_exact,0.01,0.5,28,389.90380859375,819103,1392905.6842105263,1.7005256777359212
SIFT,km20_paper_exact,0.01,0.5,29,417.54730224609375,788421,1306720.2105263157,1.6573888956868421
SIFT,km20_paper_exact,0.01,0.5,30,392.8097839355469,774709,757575.8921052632,1.0226156984049806
SIFT,km20_paper_exact,0.01,0.5,31,379.7194519042969,813563,519751.2105263158,1.5652931316430443
SIFT,km20_paper_exact,0.01,0.5,32,394.81256103515625,796478,387453.9,2.055671655389196
SIFT,km20_paper_exact,0.01,0.5,33,319.9873352050781,780607,720338.7894736843,1.0836664794496915
SIFT,km20_paper_exact,0.01,0.5,34,315.56451416015625,823847,1129585.9973684212,1.3711113803514745
SIFT,km20_paper_exact,0.01,0.5,35,377.76806640625,817178,545566.3684210526,1.497852593745891
SIFT,km20_paper_exact,0.01,0.5,36,387.8049621582031,802894,298082.05,2.693533542190816
SIFT,km20_paper_exact,0.01,0.5,37,371.2020263671875,818454,542702.9473684211,1.5081067902223526
SIFT,km20_paper_exact,0.01,0.5,38,414.6022033691406,805071,1462189.8894736841,1.8162247670996523
SIFT,km20_paper_exact,0.01,0.5,39,368.1969299316406,818444,495617.6842105263,1.6513615758156543
SIFT,km20_paper_exact,0.01,0.5,40,345.3054504394531,827179,543397.3684210526,1.5222359328009454
SIFT,km20_paper_exact,0.01,0.5,41,437.45843505859375,847465,577518.7368421053,1.4674242512614764
SIFT,km20_paper_exact,0.01,0.5,42,368.06109619140625,760308,1111054.8184210525,1.4613220147901278
SIFT,km20_paper_exact,0.01,0.5,43,361.3336181640625,798655,995406.0,1.2463529308650168
SIFT,km20_paper_exact,0.01,0.5,44,395.9861145019531,781932,1004149.5763157894,1.284190410823178
SIFT,km20_paper_exact,0.01,0.5,45,331.9261779785156,767590,981922.5236842105,1.2792278738443836
SIFT,km20_paper_exact,0.01,0.5,46,403.52423095703125,809955,0.0,
SIFT,km20_paper_exact,0.01,0.5,47,412.57000732421875,834769,724233.4710526315,1.1526241652249398
SIFT,km20_paper_exact,0.01,0.5,48,386.1009521484375,799371,1166045.2947368422,1.4587035240668502
SIFT,km20_paper_exact,0.01,0.5,49,397.4945983886719,798452,913429.5263157894,1.1440005489569685
SIFT,km20_paper_exact,0.01,0.5,50,339.03955078125,828954,271698.6842105263,3.0510048379832537
SIFT,km20_paper_exact,0.01,0.5,51,336.1755065917969,782034,1519707.005263158,1.9432748515578069
SIFT,km20_paper_exact,0.01,0.5,52,397.7951354980469,806499,930585.7368421053,1.1538585129579892
SIFT,km20_paper_exact,0.01,0.5,53,401.8307800292969,789522,894246.1499999999,1.1326424722806963
SIFT,km20_paper_exact,0.01,0.5,54,403.9814453125,772257,1058689.505263158,1.370903087007509
SIFT,km20_paper_exact,0.01,0.5,55,244.17393493652344,788963,1105818.95,1.4016106585479926
SIFT,km20_paper_exact,0.01,0.5,56,363.9601135253906,775961,1113178.102631579,1.4345799629512037
SIFT,km20_paper_exact,0.01,0.5,57,396.5753479003906,769970,1786053.4684210527,2.3196403345858316
SIFT,km20_paper_exact,0.01,0.5,58,402.9453430175781,816855,812972.7684210527,1.00477535254531
SIFT,km20_paper_exact,0.01,0.5,59,409.57037353515625,780856,417486.89473684214,1.870372483170288
SIFT,km20_paper_exact,0.01,0.5,60,408.1246643066406,786325,331802.0,2.3698621467019487
SIFT,km20_paper_exact,0.01,0.5,61,401.16558837890625,815251,1660571.0315789473,2.0368831581671745
SIFT,km20_paper_exact,0.01,0.5,62,377.992919921875,799650,668924.1499999999,1.1954270151556048
SIFT,km20_paper_exact,0.01,0.5,63,380.0064697265625,770308,832098.052631579,1.0802147357051712
SIFT,km20_paper_exact,0.01,0.5,64,349.10968017578125,817299,1012435.9999999999,1.238758398089316
SIFT,km20_paper_exact,0.01,0.5,65,434.93896484375,801986,749288.8947368421,1.0703294892441528
SIFT,km20_paper_exact,0.01,0.5,66,400.2998962402344,808007,0.0,
SIFT,km20_paper_exact,0.01,0.5,67,384.0870361328125,807389,1069675.3684210526,1.3248574954836547
SIFT,km20_paper_exact,0.01,0.5,68,346.1543884277344,794528,543397.3684210526,1.4621491493575993
SIFT,km20_paper_exact,0.01,0.5,69,323.6508483886719,806169,831503.9473684211,1.0314263477861603
SIFT,km20_paper_exact,0.01,0.5,70,391.49835205078125,806219,389751.34736842103,2.0685470504298316
SIFT,km20_paper_exact,0.01,0.5,71,393.2197570800781,804076,960490.5263157894,1.1945270426126255
SIFT,km20_paper_exact,0.01,0.5,72,399.030029296875,788169,1317277.0947368422,1.6713129985280342
SIFT,km20_paper_exact,0.01,0.5,73,221.4608154296875,802130,456046.0,1.7588795867083584
SIFT,km20_paper_exact,0.01,0.5,74,428.41204833984375,783732,288759.36842105264,2.714135317186337
SIFT,km20_paper_exact,0.01,0.5,75,418.0033874511719,825764,1267883.155263158,1.535406187800822
SIFT,km20_paper_exact,0.01,0.5,76,349.3450927734375,801385,1765870.105263158,2.203522782761292
SIFT,km20_paper_exact,0.01,0.5,77,407.7376403808594,804512,879099.2394736841,1.0927111584086802
SIFT,km20_paper_exact,0.01,0.5,78,345.1389465332031,803777,531972.1578947369,1.5109380971758415
SIFT,km20_paper_exact,0.01,0.5,79,404.2498474121094,804003,577518.7368421053,1.3921678184786166
SIFT,km20_paper_exact,0.01,0.5,80,382.2015075683594,810035,646588.8421052631,1.2527822122054624
SIFT,km20_paper_exact,0.01,0.5,81,394.7402648925781,791987,843962.1368421052,1.0656262499789835
SIFT,km20_paper_exact,0.01,0.5,82,394.92144775390625,791919,298082.05,2.6567148206341176
SIFT,km20_paper_exact,0.01,0.5,83,381.15850830078125,785082,904939.8947368421,1.1526692686074094
SIFT,km20_paper_exact,0.01,0.5,84,276.85357666015625,803320,649772.95,1.2363087752421829
SIFT,km20_paper_exact,0.01,0.5,85,403.7881774902344,816015,819854.452631579,1.004705125067038
SIFT,km20_paper_exact,0.01,0.5,86,281.2809143066406,796697,765355.4763157894,1.040950283435718
SIFT,km20_paper_exact,0.01,0.5,87,387.8452453613281,809085,865562.6263157894,1.0698043176128458
SIFT,km20_paper_exact,0.01,0.5,88,403.29144287109375,791345,422585.15789473685,1.8726284755062759
SIFT,km20_paper_exact,0.01,0.5,89,357.1758117675781,810232,1775598.8421052631,2.1914696557347315
SIFT,km20_paper_exact,0.01,0.5,90,348.5339660644531,835982,1166001.7894736843,1.3947690135357989
SIFT,km20_paper_exact,0.01,0.5,91,386.0309753417969,806115,718033.4236842105,1.1226705796839447
SIFT,km20_paper_exact,0.01,0.5,92,408.19110107421875,799929,753346.4736842106,1.061834133354311
SIFT,km20_paper_exact,0.01,0.5,93,376.3376159667969,802649,389751.34736842103,2.0593873643271294
SIFT,km20_paper_exact,0.01,0.5,94,391.1700439453125,795733,932343.2105263158,1.1716784531071551
SIFT,km20_paper_exact,0.01,0.5,95,441.748779296875,805105,1159985.6736842105,1.44078806327648
SIFT,km20_paper_exact,0.01,0.5,96,319.9952087402344,802507,596164.1,1.3461176209704677
SIFT,km20_paper_exact,0.01,0.5,97,405.0690612792969,792116,720055.4789473685,1.1000763457254363
SIFT,km20_paper_exact,0.01,0.5,98,374.5810546875,770248,387453.9,1.9879732788855653
SIFT,km20_paper_exact,0.01,0.5,99,426.7563171386719,800739,430659.36842105264,1.8593325925679691
SIFT,km20_paper_exact,0.1,0.1,0,450.61346435546875,7932122,7070081.2,1.1219279914352327
SIFT,km20_paper_exact,0.1,0.1,1,450.30413818359375,8071441,8591950.236842105,1.064487770751481
SIFT,km20_paper_exact,0.1,0.1,2,461.1040954589844,8110755,9753337.292105263,1.2025190370200138
SIFT,km20_paper_exact,0.1,0.1,3,462.1222839355469,8020030,7900970.671052631,1.0150689496144538
SIFT,km20_paper_exact,0.1,0.1,4,431.63616943359375,8033917,5727708.260526315,1.402640748197215
SIFT,km20_paper_exact,0.1,0.1,5,434.86285400390625,7901252,5847648.160526316,1.3511845759353707
SIFT,km20_paper_exact,0.1,0.1,6,388.046142578125,8028378,10474479.068421055,1.3046818508571787
SIFT,km20_paper_exact,0.1,0.1,7,457.66656494140625,8012448,8800178.763157897,1.0983133697913419
SIFT,km20_paper_exact,0.1,0.1,8,476.9913024902344,7939603,9037288.257894736,1.1382544263100731
SIFT,km20_paper_exact,0.1,0.1,9,433.73712158203125,7865768,7163866.492105262,1.0979780274616018
SIFT,km20_paper_exact,0.1,0.1,10,440.8808288574219,8092144,6482058.321052631,1.2483911126991996
SIFT,km20_paper_exact,0.1,0.1,11,498.6571960449219,8021019,8071230.0,1.0062599278221382
SIFT,km20_paper_exact,0.1,0.1,12,465.5845642089844,8030901,8577791.510526314,1.0680982757135613
SIFT,km20_paper_exact,0.1,0.1,13,466.43414306640625,7974524,7733295.957894736,1.0311934320655347
SIFT,km20_paper_exact,0.1,0.1,14,463.9320983886719,7954463,6126142.39736842,1.2984456586280078
SIFT,km20_paper_exact,0.1,0.1,15,408.9007263183594,7956526,6909395.478947368,1.1515516841152302
SIFT,km20_paper_exact,0.1,0.1,16,498.0208740234375,8029329,8748900.634210527,1.0896179038386056
SIFT,km20_paper_exact,0.1,0.1,17,441.5086669921875,7973593,8022489.778947368,1.0061323394544177
SIFT,km20_paper_exact,0.1,0.1,18,449.5707702636719,7903798,6733702.447368421,1.1737670415016423
SIFT,km20_paper_exact,0.1,0.1,19,477.4197082519531,8008849,9523166.152631579,1.1890804974137457
SIFT,km20_paper_exact,0.1,0.1,20,398.1723327636719,8084366,6798382.35,1.1891602419213743
SIFT,km20_paper_exact,0.1,0.1,21,401.9685363769531,8028103,9237978.097368421,1.150704979416485
SIFT,km20_paper_exact,0.1,0.1,22,427.27392578125,8088635,6042782.957894737,1.3385612318629467
SIFT,km20_paper_exact,0.1,0.1,23,465.30731201171875,8051639,7793839.778947369,1.0330773057138016
SIFT,km20_paper_exact,0.1,0.1,24,455.15203857421875,8014826,9156501.768421052,1.1424454839594835
SIFT,km20_paper_exact,0.1,0.1,25,440.13507080078125,7992644,7359536.7105263155,1.0860254271940997
SIFT,km20_paper_exact,0.1,0.1,26,450.986572265625,8003698,8377646.463157894,1.0467219606684177
SIFT,km20_paper_exact,0.1,0.1,27,386.5642395019531,8026506,7056228.447368422,1.1375065390624417
SIFT,km20_paper_exact,0.1,0.1,28,478.3063049316406,8049606,9860465.794736842,1.2249625378853128
SIFT,km20_paper_exact,0.1,0.1,29,475.7086486816406,7872785,9260803.992105264,1.1763059695019316
SIFT,km20_paper_exact,0.1,0.1,30,470.4612731933594,7987092,8700131.739473684,1.0892740110510413
SIFT,km20_paper_exact,0.1,0.1,31,443.7033996582031,8031536,9114244.568421055,1.1348071612230903
SIFT,km20_paper_exact,0.1,0.1,32,491.1689147949219,7987644,6148473.505263158,1.299126359276411
SIFT,km20_paper_exact,0.1,0.1,33,395.16693115234375,8045210,7189657.381578947,1.118997689738751
SIFT,km20_paper_exact,0.1,0.1,34,423.729736328125,8038608,6131789.786842106,1.310972534846129
SIFT,km20_paper_exact,0.1,0.1,35,455.2437744140625,8007695,7584338.876315789,1.055819779494065
SIFT,km20_paper_exact,0.1,0.1,36,432.60028076171875,7996348,8017843.17631579,1.0026881241681564
SIFT,km20_paper_exact,0.1,0.1,37,430.46441650390625,8022540,9014576.226315789,1.123656127151225
SIFT,km20_paper_exact,0.1,0.1,38,484.6388244628906,7937200,9240808.205263158,1.164240312107942
SIFT,km20_paper_exact,0.1,0.1,39,428.13665771484375,8023259,8979210.818421053,1.1191475706344582
SIFT,km20_paper_exact,0.1,0.1,40,416.060791015625,8100893,7483123.992105262,1.0825549608086793
SIFT,km20_paper_exact,0.1,0.1,41,497.7900390625,8061170,10070557.836842103,1.249267517846926
SIFT,km20_paper_exact,0.1,0.1,42,443.74169921875,7938675,8392737.889473684,1.057196306622161
SIFT,km20_paper_exact,0.1,0.1,43,443.9073181152344,8030231,8566272.278947368,1.0667529089695387
SIFT,km20_paper_exact,0.1,0.1,44,448.0622863769531,7991981,9732910.289473685,1.2178345130542334
SIFT,km20_paper_exact,0.1,0.1,45,424.8149108886719,8033265,10693698.565789474,1.3311771198621574
SIFT,km20_paper_exact,0.1,0.1,46,464.051513671875,8037302,8292733.628947368,1.0317807678431603
SIFT,km20_paper_exact,0.1,0.1,47,461.7054138183594,8004689,8143598.407894737,1.017353504663921
SIFT,km20_paper_exact,0.1,0.1,48,435.3399658203125,7986856,8785718.65526316,1.1000221683304618
SIFT,km20_paper_exact,0.1,0.1,49,460.3242492675781,8066320,8326886.842105263,1.0323030628719494
SIFT,km20_paper_exact,0.1,0.1,50,405.986328125,7998345,9099883.560526315,1.137720811058577
SIFT,km20_paper_exact,0.1,0.1,51,404.2448425292969,7965644,7130107.821052632,1.117184227772872
SIFT,km20_paper_exact,0.1,0.1,52,465.2330627441406,7967048,8322766.305263158,1.0446486961372843
SIFT,km20_paper_exact,0.1,0.1,53,487.79156494140625,7917653,8151279.581578947,1.029507049826375
SIFT,km20_paper_exact,0.1,0.1,54,467.514404296875,7999017,7982198.178947369,1.0021070412780517
SIFT,km20_paper_exact,0.1,0.1,55,395.586669921875,8055063,6562457.560526316,1.2274461092825681
SIFT,km20_paper_exact,0.1,0.1,56,446.0043640136719,8013107,8523140.494736841,1.0636499044299348
SIFT,km20_paper_exact,0.1,0.1,57,461.6609191894531,7929958,8456383.184210526,1.0663843596915048
SIFT,km20_paper_exact,0.1,0.1,58,460.88275146484375,8004151,7363000.155263159,1.0870773911743759
SIFT,km20_paper_exact,0.1,0.1,59,466.2606506347656,7925314,8402548.178947369,1.0602164379792862
SIFT,km20_paper_exact,0.1,0.1,60,493.7353515625,8022659,6101260.871052632,1.3149182061798768
SIFT,km20_paper_exact,0.1,0.1,61,468.54638671875,7993508,7671403.105263158,1.0419877420488899
SIFT,km20_paper_exact,0.1,0.1,62,459.560546875,8066606,6676152.602631578,1.2082716618581095
SIFT,km20_paper_exact,0.1,0.1,63,450.0906677246094,7957435,8383949.678947369,1.0535995178028308
SIFT,km20_paper_exact,0.1,0.1,64,423.4005126953125,8051785,7737047.544736842,1.0406792711875295
SIFT,km20_paper_exact,0.1,0.1,65,503.074462890625,7928451,7527088.415789474,1.0533224219033475
SIFT,km20_paper_exact,0.1,0.1,66,458.9324645996094,8060024,9600710.234210527,1.1911515690537058
SIFT,km20_paper_exact,0.1,0.1,67,449.2168884277344,7972658,6348899.602631579,1.2557543037371992
SIFT,km20_paper_exact,0.1,0.1,68,433.3220520019531,8016276,8648353.228947368,1.0788492348501184
SIFT,km20_paper_exact,0.1,0.1,69,439.2687072753906,7935577,6763490.734210527,1.173296055520698
SIFT,km20_paper_exact,0.1,0.1,70,446.07623291015625,8043178,7310151.921052631,1.1002750814023872
SIFT,km20_paper_exact,0.1,0.1,71,459.6553039550781,8029664,9521160.460526315,1.185748302858789
SIFT,km20_paper_exact,0.1,0.1,72,467.38519287109375,7980988,9438240.418421052,1.182590478574965
SIFT,km20_paper_exact,0.1,0.1,73,399.5403747558594,8053529,7833671.136842106,1.028065750950904
SIFT,km20_paper_exact,0.1,0.1,74,504.7834167480469,8000569,7263483.418421052,1.101478249363055
SIFT,km20_paper_exact,0.1,0.1,75,477.9005126953125,7956611,6985520.776315789,1.1390147212755655
SIFT,km20_paper_exact,0.1,0.1,76,427.6597900390625,8081974,10095283.67631579,1.249111130067455
SIFT,km20_paper_exact,0.1,0.1,77,467.7328186035156,8012863,7788251.644736841,1.02883976603593
SIFT,km20_paper_exact,0.1,0.1,78,452.9413757324219,8010995,8630781.771052632,1.0773670150902144
SIFT,km20_paper_exact,0.1,0.1,79,476.085693359375,7916321,4660336.4605263155,1.698658684207099
SIFT,km20_paper_exact,0.1,0.1,80,428.4750671386719,7972730,7599968.428947368,1.0490477788871897
SIFT,km20_paper_exact,0.1,0.1,81,453.38372802734375,8067930,8389740.331578948,1.0398875958986937
SIFT,km20_paper_exact,0.1,0.1,82,458.3464660644531,7986520,7579416.244736841,1.0537117559080955
SIFT,km20_paper_exact,0.1,0.1,83,434.3740234375,7992242,7976730.242105263,1.0019446261091867
SIFT,km20_paper_exact,0.1,0.1,84,391.2173156738281,8015055,7602659.502631579,1.0542435837387791
SIFT,km20_paper_exact,0.1,0.1,85,467.4007873535156,8005612,8943502.147368422,1.1171540848305441
SIFT,km20_paper_exact,0.1,0.1,86,389.9203796386719,8009052,6751819.663157894,1.186206445012497
SIFT,km20_paper_exact,0.1,0.1,87,438.1311340332031,8015590,6535514.831578947,1.2264664998187258
SIFT,km20_paper_exact,0.1,0.1,88,467.9649658203125,8117229,7552767.244736842,1.074735754058422
SIFT,km20_paper_exact,0.1,0.1,89,449.4183044433594,8012957,8183148.447368421,1.0212395308459064
SIFT,km20_paper_exact,0.1,0.1,90,433.1154479980469,7954572,7160609.3263157895,1.1108792055958614
SIFT,km20_paper_exact,0.1,0.1,91,451.5870666503906,8059356,9041022.852631578,1.121804627147824
SIFT,km20_paper_exact,0.1,0.1,92,479.1251525878906,7928766,8283005.873684211,1.0446778065696745
SIFT,km20_paper_exact,0.1,0.1,93,438.1471252441406,8046569,8892961.692105263,1.1051867811119576
SIFT,km20_paper_exact,0.1,0.1,94,477.37188720703125,7929093,7666010.326315789,1.0343180693066776
SIFT,km20_paper_exact,0.1,0.1,95,494.6036682128906,7956687,7016979.636842106,1.1339190665773111
SIFT,km20_paper_exact,0.1,0.1,96,432.9142150878906,8036597,7966276.178947369,1.0088273139761925
SIFT,km20_paper_exact,0.1,0.1,97,481.1961975097656,7910053,9458337.218421053,1.195736263514423
SIFT,km20_paper_exact,0.1,0.1,98,448.08123779296875,7926934,8835652.928947369,1.1146368733418708
SIFT,km20_paper_exact,0.1,0.1,99,485.9123229980469,7982147,6803690.542105262,1.173208415433029
SIFT,km20_paper_exact,0.1,0.2,0,450.61346435546875,7932122,9033118.328947367,1.1388022434535636
SIFT,km20_paper_exact,0.1,0.2,1,450.30413818359375,8071441,8890717.931578947,1.1015031803588662
SIFT,km20_paper_exact,0.1,0.2,2,461.1040954589844,8110755,7246341.292105263,1.119289676410425
SIFT,km20_paper_exact,0.1,0.2,3,462.1222839355469,8020030,8902683.955263156,1.1100561912191296
SIFT,km20_paper_exact,0.1,0.2,4,431.63616943359375,8033917,7102362.05,1.1311612873917065
SIFT,km20_paper_exact,0.1,0.2,5,434.86285400390625,7901252,6314194.842105263,1.2513475110574168
SIFT,km20_paper_exact,0.1,0.2,6,388.046142578125,8028378,7756862.078947368,1.0350033194208188
SIFT,km20_paper_exact,0.1,0.2,7,457.66656494140625,8012448,8770725.74736842,1.0946374625293567
SIFT,km20_paper_exact,0.1,0.2,8,476.9913024902344,7939603,6586917.260526314,1.2053594551095974
SIFT,km20_paper_exact,0.1,0.2,9,433.73712158203125,7865768,9168955.489473684,1.1656783532737913
SIFT,km20_paper_exact,0.1,0.2,10,440.8808288574219,8092144,7330948.45,1.1038331609056669
SIFT,km20_paper_exact,0.1,0.2,11,498.6571960449219,8021019,9375153.576315789,1.168823260026661
SIFT,km20_paper_exact,0.1,0.2,12,465.5845642089844,8030901,7718867.910526317,1.0404247220046556
SIFT,km20_paper_exact,0.1,0.2,13,466.43414306640625,7974524,8227557.402631578,1.0317302202152225
SIFT,km20_paper_exact,0.1,0.2,14,463.9320983886719,7954463,9993970.415789476,1.256397875732086
SIFT,km20_paper_exact,0.1,0.2,15,408.9007263183594,7956526,8820620.584210526,1.1086019934089986
SIFT,km20_paper_exact,0.1,0.2,16,498.0208740234375,8029329,8003545.17368421,1.0032215506698916
SIFT,km20_paper_exact,0.1,0.2,17,441.5086669921875,7973593,9248467.265789473,1.159887050391144
SIFT,km20_paper_exact,0.1,0.2,18,449.5707702636719,7903798,9137962.607894737,1.1561482983111078
SIFT,km20_paper_exact,0.1,0.2,19,477.4197082519531,8008849,7950969.052631579,1.0072796091879221
SIFT,km20_paper_exact,0.1,0.2,20,398.1723327636719,8084366,8185895.2526315795,1.0125587155049116
SIFT,km20_paper_exact,0.1,0.2,21,401.9685363769531,8028103,7765893.565789473,1.033764232279157
SIFT,km20_paper_exact,0.1,0.2,22,427.27392578125,8088635,8134596.64736842,1.0056822501408977
SIFT,km20_paper_exact,0.1,0.2,23,465.30731201171875,8051639,7367300.947368421,1.092888570389679
SIFT,km20_paper_exact,0.1,0.2,24,455.15203857421875,8014826,7852103.442105263,1.0207234353309933
SIFT,km20_paper_exact,0.1,0.2,25,440.13507080078125,7992644,7049982.768421053,1.1337111398061006
SIFT,km20_paper_exact,0.1,0.2,26,450.986572265625,8003698,7718289.678947369,1.0369781820746014
SIFT,km20_paper_exact,0.1,0.2,27,386.5642395019531,8026506,7484743.139473684,1.0723822916071923
SIFT,km20_paper_exact,0.1,0.2,28,478.3063049316406,8049606,8271672.765789473,1.0275872838732074
SIFT,km20_paper_exact,0.1,0.2,29,475.7086486816406,7872785,6959708.468421052,1.131194652149862
SIFT,km20_paper_exact,0.1,0.2,30,470.4612731933594,7987092,7317913.028947368,1.091443963382124
SIFT,km20_paper_exact,0.1,0.2,31,443.7033996582031,8031536,10015423.252631579,1.2470121845474613
SIFT,km20_paper_exact,0.1,0.2,32,491.1689147949219,7987644,7885560.378947368,1.0129456393898362
SIFT,km20_paper_exact,0.1,0.2,33,395.16693115234375,8045210,9590135.70263158,1.1920305004632048
SIFT,km20_paper_exact,0.1,0.2,34,423.729736328125,8038608,8763317.228947368,1.0901535724776439
SIFT,km20_paper_exact,0.1,0.2,35,455.2437744140625,8007695,9158898.271052632,1.143762127685012
SIFT,km20_paper_exact,0.1,0.2,36,432.60028076171875,7996348,7675245.47368421,1.0418361246447088
SIFT,km20_paper_exact,0.1,0.2,37,430.46441650390625,8022540,7156984.628947369,1.1209385538641201
SIFT,km20_paper_exact,0.1,0.2,38,484.6388244628906,7937200,5838476.210526315,1.3594643043487702
SIFT,km20_paper_exact,0.1,0.2,39,428.13665771484375,8023259,8056190.79736842,1.0041045412304925
SIFT,km20_paper_exact,0.1,0.2,40,416.060791015625,8100893,9020563.934210526,1.1135271054944837
SIFT,km20_paper_exact,0.1,0.2,41,497.7900390625,8061170,8181963.860526316,1.0149846561387883
SIFT,km20_paper_exact,0.1,0.2,42,443.74169921875,7938675,7019795.413157894,1.1308983428661978
SIFT,km20_paper_exact,0.1,0.2,43,443.9073181152344,8030231,5957180.365789474,1.347991920156642
SIFT,km20_paper_exact,0.1,0.2,44,448.0622863769531,7991981,8819018.04736842,1.1034833600540868
SIFT,km20_paper_exact,0.1,0.2,45,424.8149108886719,8033265,10015095.20263158,1.246702953609968
SIFT,km20_paper_exact,0.1,0.2,46,464.051513671875,8037302,6811093.8631578935,1.1800310143242672
SIFT,km20_paper_exact,0.1,0.2,47,461.7054138183594,8004689,9200783.647368422,1.1494242496327367
SIFT,km20_paper_exact,0.1,0.2,48,435.3399658203125,7986856,7249764.984210527,1.101671022080689
SIFT,km20_paper_exact,0.1,0.2,49,460.3242492675781,8066320,7419200.181578947,1.087222315422595
SIFT,km20_paper_exact,0.1,0.2,50,405.986328125,7998345,6773512.202631579,1.1808268385332739
SIFT,km20_paper_exact,0.1,0.2,51,404.2448425292969,7965644,6741993.755263157,1.1814967929600344
SIFT,km20_paper_exact,0.1,0.2,52,465.2330627441406,7967048,8573885.965789473,1.0761684837080776
SIFT,km20_paper_exact,0.1,0.2,53,487.79156494140625,7917653,8144297.1,1.0286251620271816
SIFT,km20_paper_exact,0.1,0.2,54,467.514404296875,7999017,6085541.036842104,1.3144298841423692
SIFT,km20_paper_exact,0.1,0.2,55,395.586669921875,8055063,7135855.863157894,1.128815261192134
SIFT,km20_paper_exact,0.1,0.2,56,446.0043640136719,8013107,6263829.668421051,1.2792664271185228
SIFT,km20_paper_exact,0.1,0.2,57,461.6609191894531,7929958,6998455.947368421,1.1331010811008742
SIFT,km20_paper_exact,0.1,0.2,58,460.88275146484375,8004151,9464714.394736843,1.1824757422413499
SIFT,km20_paper_exact,0.1,0.2,59,466.2606506347656,7925314,7717734.755263157,1.026896395292062
SIFT,km20_paper_exact,0.1,0.2,60,493.7353515625,8022659,7164722.984210527,1.1197444782834138
SIFT,km20_paper_exact,0.1,0.2,61,468.54638671875,7993508,6899765.315789475,1.1585188240689281
SIFT,km20_paper_exact,0.1,0.2,62,459.560546875,8066606,9145368.549999999,1.1337319003804076
SIFT,km20_paper_exact,0.1,0.2,63,450.0906677246094,7957435,8754581.655263158,1.1001763326075749
SIFT,km20_paper_exact,0.1,0.2,64,423.4005126953125,8051785,8333213.602631579,1.0349523245630106
SIFT,km20_paper_exact,0.1,0.2,65,503.074462890625,7928451,6744697.792105263,1.175508709861001
SIFT,km20_paper_exact,0.1,0.2,66,458.9324645996094,8060024,5983449.342105263,1.3470531025109505
SIFT,km20_paper_exact,0.1,0.2,67,449.2168884277344,7972658,10101307.22894737,1.2669936712382959
SIFT,km20_paper_exact,0.1,0.2,68,433.3220520019531,8016276,7041352.007894736,1.1384569314262636
SIFT,km20_paper_exact,0.1,0.2,69,439.2687072753906,7935577,8135458.77368421,1.025188057993037
SIFT,km20_paper_exact,0.1,0.2,70,446.07623291015625,8043178,8867858.260526314,1.102531643652088
SIFT,km20_paper_exact,0.1,0.2,71,459.6553039550781,8029664,7885359.199999999,1.0183003457851356
SIFT,km20_paper_exact,0.1,0.2,72,467.38519287109375,7980988,7121231.484210526,1.1207314377710877
SIFT,km20_paper_exact,0.1,0.2,73,399.5403747558594,8053529,7266179.236842105,1.108358153232135
SIFT,km20_paper_exact,0.1,0.2,74,504.7834167480469,8000569,10322467.384210527,1.2902166563666317
SIFT,km20_paper_exact,0.1,0.2,75,477.9005126953125,7956611,10188497.939473685,1.280507233478385
SIFT,km20_paper_exact,0.1,0.2,76,427.6597900390625,8081974,9830110.899999999,1.216300732964496
SIFT,km20_paper_exact,0.1,0.2,77,467.7328186035156,8012863,7411312.360526315,1.081166547867774
SIFT,km20_paper_exact,0.1,0.2,78,452.9413757324219,8010995,8209930.578947368,1.0248328177645059
SIFT,km20_paper_exact,0.1,0.2,79,476.085693359375,7916321,8134442.992105262,1.0275534547051923
SIFT,km20_paper_exact,0.1,0.2,80,428.4750671386719,7972730,8581819.521052632,1.076396607065915
SIFT,km20_paper_exact,0.1,0.2,81,453.38372802734375,8067930,9841972.507894736,1.2198881879112407
SIFT,km20_paper_exact,0.1,0.2,82,458.3464660644531,7986520,9351372.747368421,1.170894550739048
SIFT,km20_paper_exact,0.1,0.2,83,434.3740234375,7992242,8426398.857894737,1.0543222862739563
SIFT,km20_paper_exact,0.1,0.2,84,391.2173156738281,8015055,7691195.352631578,1.042107843127091
SIFT,km20_paper_exact,0.1,0.2,85,467.4007873535156,8005612,9211218.757894738,1.1505952022024972
SIFT,km20_paper_exact,0.1,0.2,86,389.9203796386719,8009052,7724031.018421053,1.036900548547669
SIFT,km20_paper_exact,0.1,0.2,87,438.1311340332031,8015590,7274902.439473683,1.1018140884621819
SIFT,km20_paper_exact,0.1,0.2,88,467.9649658203125,8117229,6431449.2105263155,1.2621150745798597
SIFT,km20_paper_exact,0.1,0.2,89,449.4183044433594,8012957,8002921.549999999,1.0012539733067858
SIFT,km20_paper_exact,0.1,0.2,90,433.1154479980469,7954572,8802565.997368421,1.1066046039143804
SIFT,km20_paper_exact,0.1,0.2,91,451.5870666503906,8059356,9032584.692105263,1.1207576253121545
SIFT,km20_paper_exact,0.1,0.2,92,479.1251525878906,7928766,8358458.036842106,1.0541940620825618
SIFT,km20_paper_exact,0.1,0.2,93,438.1471252441406,8046569,8173051.684210527,1.0157188342274237
SIFT,km20_paper_exact,0.1,0.2,94,477.37188720703125,7929093,8700530.67368421,1.0972920450906818
SIFT,km20_paper_exact,0.1,0.2,95,494.6036682128906,7956687,8369614.907894736,1.0518969651432482
SIFT,km20_paper_exact,0.1,0.2,96,432.9142150878906,8036597,9013646.07368421,1.1215749742937478
SIFT,km20_paper_exact,0.1,0.2,97,481.1961975097656,7910053,7581588.802631578,1.0433239266754235
SIFT,km20_paper_exact,0.1,0.2,98,448.08123779296875,7926934,8820076.513157895,1.1126718745429058
SIFT,km20_paper_exact,0.1,0.2,99,485.9123229980469,7982147,8721846.789473683,1.0926692767589576
SIFT,km20_paper_exact,0.1,0.3,0,450.61346435546875,7932122,7556951.231578947,1.0496457839840612
SIFT,km20_paper_exact,0.1,0.3,1,450.30413818359375,8071441,7535688.97368421,1.0710952944298415
SIFT,km20_paper_exact,0.1,0.3,2,461.1040954589844,8110755,6204183.199999999,1.3073042395008583
SIFT,km20_paper_exact,0.1,0.3,3,462.1222839355469,8020030,7215652.513157895,1.1114767493827211
SIFT,km20_paper_exact,0.1,0.3,4,431.63616943359375,8033917,8441524.786842104,1.0507358722827362
SIFT,km20_paper_exact,0.1,0.3,5,434.86285400390625,7901252,4803536.331578948,1.6448823230619383
SIFT,km20_paper_exact,0.1,0.3,6,388.046142578125,8028378,7354378.344736841,1.0916460404495654
SIFT,km20_paper_exact,0.1,0.3,7,457.66656494140625,8012448,7972806.663157895,1.0049720679952376
SIFT,km20_paper_exact,0.1,0.3,8,476.9913024902344,7939603,6658158.360526316,1.192462325178518
SIFT,km20_paper_exact,0.1,0.3,9,433.73712158203125,7865768,6794900.939473685,1.1575986272743606
SIFT,km20_paper_exact,0.1,0.3,10,440.8808288574219,8092144,10229081.184210526,1.2640755261165058
SIFT,km20_paper_exact,0.1,0.3,11,498.6571960449219,8021019,6430467.321052631,1.247346203555079
SIFT,km20_paper_exact,0.1,0.3,12,465.5845642089844,8030901,8722753.37631579,1.0861487865826998
SIFT,km20_paper_exact,0.1,0.3,13,466.43414306640625,7974524,7956757.876315789,1.0022328345238571
SIFT,km20_paper_exact,0.1,0.3,14,463.9320983886719,7954463,8594969.786842104,1.0805216878678177
SIFT,km20_paper_exact,0.1,0.3,15,408.9007263183594,7956526,8924283.271052632,1.1216306301333814
SIFT,km20_paper_exact,0.1,0.3,16,498.0208740234375,8029329,8859484.931578947,1.1033904491370259
SIFT,km20_paper_exact,0.1,0.3,17,441.5086669921875,7973593,8018612.357894737,1.0056460566641334
SIFT,km20_paper_exact,0.1,0.3,18,449.5707702636719,7903798,9358195.434210528,1.1840124752948553
SIFT,km20_paper_exact,0.1,0.3,19,477.4197082519531,8008849,8427052.589473685,1.0522176893925312
SIFT,km20_paper_exact,0.1,0.3,20,398.1723327636719,8084366,8036945.510526316,1.005900312427349
SIFT,km20_paper_exact,0.1,0.3,21,401.9685363769531,8028103,7508711.0394736845,1.069171920159911
SIFT,km20_paper_exact,0.1,0.3,22,427.27392578125,8088635,7796869.799999999,1.0374208121315558
SIFT,km20_paper_exact,0.1,0.3,23,465.30731201171875,8051639,8754482.221052632,1.0872919440442663
SIFT,km20_paper_exact,0.1,0.3,24,455.15203857421875,8014826,8467812.747368421,1.0565186003250004
SIFT,km20_paper_exact,0.1,0.3,25,440.13507080078125,7992644,9376475.500000002,1.1731381380179078
SIFT,km20_paper_exact,0.1,0.3,26,450.986572265625,8003698,8125054.257894737,1.0151625233604187
SIFT,km20_paper_exact,0.1,0.3,27,386.5642395019531,8026506,9535030.828947369,1.1879429017990355
SIFT,km20_paper_exact,0.1,0.3,28,478.3063049316406,8049606,6571520.471052632,1.224922913267682
SIFT,km20_paper_exact,0.1,0.3,29,475.7086486816406,7872785,8370012.5578947365,1.0631577717281415
SIFT,km20_paper_exact,0.1,0.3,30,470.4612731933594,7987092,7652196.352631579,1.0437646437618202
SIFT,km20_paper_exact,0.1,0.3,31,443.7033996582031,8031536,7742832.673684209,1.037286525291579
SIFT,km20_paper_exact,0.1,0.3,32,491.1689147949219,7987644,8912806.910526317,1.1158242543766743
SIFT,km20_paper_exact,0.1,0.3,33,395.16693115234375,8045210,7885096.328947369,1.0203058611300448
SIFT,km20_paper_exact,0.1,0.3,34,423.729736328125,8038608,7265692.771052632,1.1063787381743904
SIFT,km20_paper_exact,0.1,0.3,35,455.2437744140625,8007695,9464880.8,1.181973189538313
SIFT,km20_paper_exact,0.1,0.3,36,432.60028076171875,7996348,9599324.67368421,1.200463595842028
SIFT,km20_paper_exact,0.1,0.3,37,430.46441650390625,8022540,6872954.792105262,1.1672621518208193
SIFT,km20_paper_exact,0.1,0.3,38,484.6388244628906,7937200,6145494.29736842,1.2915478586317801
SIFT,km20_paper_exact,0.1,0.3,39,428.13665771484375,8023259,9206078.910526317,1.1474238723349597
SIFT,km20_paper_exact,0.1,0.3,40,416.060791015625,8100893,7816465.7526315795,1.0363882164100395
SIFT,km20_paper_exact,0.1,0.3,41,497.7900390625,8061170,6673933.944736841,1.2078588231094425
SIFT,km20_paper_exact,0.1,0.3,42,443.74169921875,7938675,7264186.660526315,1.092851184997608
SIFT,km20_paper_exact,0.1,0.3,43,443.9073181152344,8030231,6724932.913157895,1.1940983060646122
SIFT,km20_paper_exact,0.1,0.3,44,448.0622863769531,7991981,8043726.447368421,1.0064746709693655
SIFT,km20_paper_exact,0.1,0.3,45,424.8149108886719,8033265,8269843.47368421,1.0294498530403529
SIFT,km20_paper_exact,0.1,0.3,46,464.051513671875,8037302,5711158.0947368415,1.4072981112896932
SIFT,km20_paper_exact,0.1,0.3,47,461.7054138183594,8004689,5837353.89736842,1.3712872545912715
SIFT,km20_paper_exact,0.1,0.3,48,435.3399658203125,7986856,7240586.934210527,1.103067482314656
SIFT,km20_paper_exact,0.1,0.3,49,460.3242492675781,8066320,7938478.550000001,1.0161040241142931
SIFT,km20_paper_exact,0.1,0.3,50,405.986328125,7998345,7992961.676315789,1.0006735080064455
SIFT,km20_paper_exact,0.1,0.3,51,404.2448425292969,7965644,9524454.17368421,1.1956916695855615
SIFT,km20_paper_exact,0.1,0.3,52,465.2330627441406,7967048,6831105.373684211,1.166289723869849
SIFT,km20_paper_exact,0.1,0.3,53,487.79156494140625,7917653,8728806.37368421,1.102448714749713
SIFT,km20_paper_exact,0.1,0.3,54,467.514404296875,7999017,7429446.955263156,1.0766638550845766
SIFT,km20_paper_exact,0.1,0.3,55,395.586669921875,8055063,7693921.5,1.0469385475274215
SIFT,km20_paper_exact,0.1,0.3,56,446.0043640136719,8013107,8337594.4973684205,1.04049459184414
SIFT,km20_paper_exact,0.1,0.3,57,461.6609191894531,7929958,7647276.828947368,1.0369649454800163
SIFT,km20_paper_exact,0.1,0.3,58,460.88275146484375,8004151,8559757.7,1.069414819885332
SIFT,km20_paper_exact,0.1,0.3,59,466.2606506347656,7925314,9361233.481578948,1.1811813994472582
SIFT,km20_paper_exact,0.1,0.3,60,493.7353515625,8022659,5975713.05,1.3425442173800497
SIFT,km20_paper_exact,0.1,0.3,61,468.54638671875,7993508,7244473.586842106,1.103393904909577
SIFT,km20_paper_exact,0.1,0.3,62,459.560546875,8066606,7385902.542105262,1.0921625290902786
SIFT,km20_paper_exact,0.1,0.3,63,450.0906677246094,7957435,7235471.828947368,1.0997810769111467
SIFT,km20_paper_exact,0.1,0.3,64,423.4005126953125,8051785,8837672.757894736,1.0976041657712838
SIFT,km20_paper_exact,0.1,0.3,65,503.074462890625,7928451,8145430.2894736845,1.0273671729160823
SIFT,km20_paper_exact,0.1,0.3,66,458.9324645996094,8060024,8153878.581578948,1.011644454356333
SIFT,km20_paper_exact,0.1,0.3,67,449.2168884277344,7972658,11190113.815789472,1.4035612484305073
SIFT,km20_paper_exact,0.1,0.3,68,433.3220520019531,8016276,8063099.271052631,1.0058410253155743
SIFT,km20_paper_exact,0.1,0.3,69,439.2687072753906,7935577,8601829.29736842,1.0839576375313882
SIFT,km20_paper_exact,0.1,0.3,70,446.07623291015625,8043178,7924313.534210526,1.014999970063819
SIFT,km20_paper_exact,0.1,0.3,71,459.6553039550781,8029664,7418875.757894737,1.082328948756865
SIFT,km20_paper_exact,0.1,0.3,72,467.38519287109375,7980988,6802857.378947369,1.1731817316497861
SIFT,km20_paper_exact,0.1,0.3,73,399.5403747558594,8053529,7833157.334210527,1.0281331851751556
SIFT,km20_paper_exact,0.1,0.3,74,504.7834167480469,8000569,7584645.536842105,1.0548375611144336
SIFT,km20_paper_exact,0.1,0.3,75,477.9005126953125,7956611,7231874.697368421,1.10021416755123
SIFT,km20_paper_exact,0.1,0.3,76,427.6597900390625,8081974,7564386.731578947,1.0684242208638393
SIFT,km20_paper_exact,0.1,0.3,77,467.7328186035156,8012863,5987622.815789474,1.3382377692312097
SIFT,km20_paper_exact,0.1,0.3,78,452.9413757324219,8010995,8050563.315789473,1.0049392510904667
SIFT,km20_paper_exact,0.1,0.3,79,476.085693359375,7916321,8705864.826315789,1.0997362065428864
SIFT,km20_paper_exact,0.1,0.3,80,428.4750671386719,7972730,7001030.905263158,1.1387937159377983
SIFT,km20_paper_exact,0.1,0.3,81,453.38372802734375,8067930,9428611.831578948,1.1686531528631194
SIFT,km20_paper_exact,0.1,0.3,82,458.3464660644531,7986520,7766344.657894737,1.0283499318925342
SIFT,km20_paper_exact,0.1,0.3,83,434.3740234375,7992242,9016723.913157895,1.1281845461083255
SIFT,km20_paper_exact,0.1,0.3,84,391.2173156738281,8015055,8748851.252631579,1.0915522417040904
SIFT,km20_paper_exact,0.1,0.3,85,467.4007873535156,8005612,9069508.228947368,1.132893803615185
SIFT,km20_paper_exact,0.1,0.3,86,389.9203796386719,8009052,5954294.12368421,1.3450884073970488
SIFT,km20_paper_exact,0.1,0.3,87,438.1311340332031,8015590,6929414.834210526,1.1567484689222278
SIFT,km20_paper_exact,0.1,0.3,88,467.9649658203125,8117229,7643560.628947368,1.0619695968994836
SIFT,km20_paper_exact,0.1,0.3,89,449.4183044433594,8012957,4598652.565789473,1.7424575754233733
SIFT,km20_paper_exact,0.1,0.3,90,433.1154479980469,7954572,9103374.444736842,1.1444203968154216
SIFT,km20_paper_exact,0.1,0.3,91,451.5870666503906,8059356,6746378.586842106,1.1946195868282101
SIFT,km20_paper_exact,0.1,0.3,92,479.1251525878906,7928766,7179526.47368421,1.1043577914312381
SIFT,km20_paper_exact,0.1,0.3,93,438.1471252441406,8046569,8283007.876315787,1.029383812692812
SIFT,km20_paper_exact,0.1,0.3,94,477.37188720703125,7929093,7660088.971052632,1.0351176115530683
SIFT,km20_paper_exact,0.1,0.3,95,494.6036682128906,7956687,7087997.902631579,1.122557753162695
SIFT,km20_paper_exact,0.1,0.3,96,432.9142150878906,8036597,7166719.713157895,1.1213773276559198
SIFT,km20_paper_exact,0.1,0.3,97,481.1961975097656,7910053,7494776.168421051,1.055408837068237
SIFT,km20_paper_exact,0.1,0.3,98,448.08123779296875,7926934,10187056.08157895,1.2851193262841534
SIFT,km20_paper_exact,0.1,0.3,99,485.9123229980469,7982147,7561121.078947369,1.0556830021178876
SIFT,km20_paper_exact,0.1,0.4,0,450.61346435546875,7932122,7533813.184210526,1.0528694840249364
SIFT,km20_paper_exact,0.1,0.4,1,450.30413818359375,8071441,7694632.002631579,1.0489703727533106
SIFT,km20_paper_exact,0.1,0.4,2,461.1040954589844,8110755,6923540.665789474,1.1714750286766968
SIFT,km20_paper_exact,0.1,0.4,3,462.1222839355469,8020030,8116271.642105263,1.0120001598629011
SIFT,km20_paper_exact,0.1,0.4,4,431.63616943359375,8033917,8424025.05,1.0485576400652385
SIFT,km20_paper_exact,0.1,0.4,5,434.86285400390625,7901252,7797995.684210526,1.0132413917589809
SIFT,km20_paper_exact,0.1,0.4,6,388.046142578125,8028378,8602792.860526316,1.0715480587145145
SIFT,km20_paper_exact,0.1,0.4,7,457.66656494140625,8012448,9345972.428947369,1.1664315860704955
SIFT,km20_paper_exact,0.1,0.4,8,476.9913024902344,7939603,6100844.944736842,1.3013939990147498
SIFT,km20_paper_exact,0.1,0.4,9,433.73712158203125,7865768,7584821.415789474,1.0370406327070105
SIFT,km20_paper_exact,0.1,0.4,10,440.8808288574219,8092144,9896847.289473685,1.2230191763114553
SIFT,km20_paper_exact,0.1,0.4,11,498.6571960449219,8021019,9800435.613157894,1.2218442087168593
SIFT,km20_paper_exact,0.1,0.4,12,465.5845642089844,8030901,8897235.307894737,1.1078751074001207
SIFT,km20_paper_exact,0.1,0.4,13,466.43414306640625,7974524,6795700.336842105,1.1734661042611074
SIFT,km20_paper_exact,0.1,0.4,14,463.9320983886719,7954463,8072121.6,1.014791520181815
SIFT,km20_paper_exact,0.1,0.4,15,408.9007263183594,7956526,7758564.168421052,1.025515266392291
SIFT,km20_paper_exact,0.1,0.4,16,498.0208740234375,8029329,7350848.334210527,1.092299641475645
SIFT,km20_paper_exact,0.1,0.4,17,441.5086669921875,7973593,6131911.365789474,1.3003438119613806
SIFT,km20_paper_exact,0.1,0.4,18,449.5707702636719,7903798,10233329.899999999,1.2947357586820916
SIFT,km20_paper_exact,0.1,0.4,19,477.4197082519531,8008849,6450951.897368421,1.2414987938860778
SIFT,km20_paper_exact,0.1,0.4,20,398.1723327636719,8084366,8354856.726315789,1.0334584958567918
SIFT,km20_paper_exact,0.1,0.4,21,401.9685363769531,8028103,7346919.1552631585,1.0927169375817696
SIFT,km20_paper_exact,0.1,0.4,22,427.27392578125,8088635,8674639.37105263,1.0724478692699857
SIFT,km20_paper_exact,0.1,0.4,23,465.30731201171875,8051639,6709207.5026315795,1.2000879383804828
SIFT,km20_paper_exact,0.1,0.4,24,455.15203857421875,8014826,7388057.431578948,1.0848353676491522
SIFT,km20_paper_exact,0.1,0.4,25,440.13507080078125,7992644,8581480.931578947,1.0736723581807155
SIFT,km20_paper_exact,0.1,0.4,26,450.986572265625,8003698,7368812.415789474,1.0861584673875169
SIFT,km20_paper_exact,0.1,0.4,27,386.5642395019531,8026506,7193555.089473683,1.115791274295678
SIFT,km20_paper_exact,0.1,0.4,28,478.3063049316406,8049606,7523948.997368421,1.0698645090251717
SIFT,km20_paper_exact,0.1,0.4,29,475.7086486816406,7872785,10190258.621052634,1.2943651606201152
SIFT,km20_paper_exact,0.1,0.4,30,470.4612731933594,7987092,8701683.536842104,1.0894682992060318
SIFT,km20_paper_exact,0.1,0.4,31,443.7033996582031,8031536,8491396.273684211,1.0572568277953571
SIFT,km20_paper_exact,0.1,0.4,32,491.1689147949219,7987644,8366468.0578947365,1.047426257090919
SIFT,km20_paper_exact,0.1,0.4,33,395.16693115234375,8045210,7999628.497368421,1.0056979524294876
SIFT,km20_paper_exact,0.1,0.4,34,423.729736328125,8038608,9273739.544736842,1.1536499285369857
SIFT,km20_paper_exact,0.1,0.4,35,455.2437744140625,8007695,8805158.34736842,1.0995871280522571
SIFT,km20_paper_exact,0.1,0.4,36,432.60028076171875,7996348,7911991.307894736,1.0106618787638317
SIFT,km20_paper_exact,0.1,0.4,37,430.46441650390625,8022540,8023009.128947368,1.0000584763612732
SIFT,km20_paper_exact,0.1,0.4,38,484.6388244628906,7937200,5882111.578947368,1.349379367166034
SIFT,km20_paper_exact,0.1,0.4,39,428.13665771484375,8023259,6568682.85,1.2214410686611243
SIFT,km20_paper_exact,0.1,0.4,40,416.060791015625,8100893,8700072.097368421,1.0739645737042103
SIFT,km20_paper_exact,0.1,0.4,41,497.7900390625,8061170,7205002.157894737,1.1188296440920749
SIFT,km20_paper_exact,0.1,0.4,42,443.74169921875,7938675,5838603.813157895,1.3596872221590681
SIFT,km20_paper_exact,0.1,0.4,43,443.9073181152344,8030231,6204768.521052631,1.2942031556461162
SIFT,km20_paper_exact,0.1,0.4,44,448.0622863769531,7991981,9929559.042105263,1.2424402713301324
SIFT,km20_paper_exact,0.1,0.4,45,424.8149108886719,8033265,7266860.726315789,1.1054656615213223
SIFT,km20_paper_exact,0.1,0.4,46,464.051513671875,8037302,8216022.302631578,1.0222363552634426
SIFT,km20_paper_exact,0.1,0.4,47,461.7054138183594,8004689,6577279.255263158,1.217021307647022
SIFT,km20_paper_exact,0.1,0.4,48,435.3399658203125,7986856,8343752.5947368415,1.0446854926064575
SIFT,km20_paper_exact,0.1,0.4,49,460.3242492675781,8066320,7903852.392105263,1.020555496210559
SIFT,km20_paper_exact,0.1,0.4,50,405.986328125,7998345,7168643.831578946,1.1157403252155027
SIFT,km20_paper_exact,0.1,0.4,51,404.2448425292969,7965644,7678971.9236842105,1.0373320906971424
SIFT,km20_paper_exact,0.1,0.4,52,465.2330627441406,7967048,7970358.863157894,1.0004155696260264
SIFT,km20_paper_exact,0.1,0.4,53,487.79156494140625,7917653,6551911.381578947,1.2084493423187788
SIFT,km20_paper_exact,0.1,0.4,54,467.514404296875,7999017,6657819.721052631,1.2014469203343523
SIFT,km20_paper_exact,0.1,0.4,55,395.586669921875,8055063,9363754.410526317,1.1624681781540773
SIFT,km20_paper_exact,0.1,0.4,56,446.0043640136719,8013107,8143867.54736842,1.0163183328724326
SIFT,km20_paper_exact,0.1,0.4,57,461.6609191894531,7929958,6629397.736842105,1.1961807565007274
SIFT,km20_paper_exact,0.1,0.4,58,460.88275146484375,8004151,8608275.668421052,1.075476420724828
SIFT,km20_paper_exact,0.1,0.4,59,466.2606506347656,7925314,8689871.760526314,1.0964703430711156
SIFT,km20_paper_exact,0.1,0.4,60,493.7353515625,8022659,7028966.084210526,1.1413711353682086
SIFT,km20_paper_exact,0.1,0.4,61,468.54638671875,7993508,6287974.168421052,1.271237410634468
SIFT,km20_paper_exact,0.1,0.4,62,459.560546875,8066606,7652374.55,1.0541310997381852
SIFT,km20_paper_exact,0.1,0.4,63,450.0906677246094,7957435,8798955.752631579,1.105752764883606
SIFT,km20_paper_exact,0.1,0.4,64,423.4005126953125,8051785,8124347.69736842,1.0090120013597506
SIFT,km20_paper_exact,0.1,0.4,65,503.074462890625,7928451,6087071.431578946,1.3025066469350455
SIFT,km20_paper_exact,0.1,0.4,66,458.9324645996094,8060024,8448236.905263158,1.048165229441396
SIFT,km20_paper_exact,0.1,0.4,67,449.2168884277344,7972658,8177654.313157894,1.025712417760538
SIFT,km20_paper_exact,0.1,0.4,68,433.3220520019531,8016276,6971661.163157894,1.1498372930632985
SIFT,km20_paper_exact,0.1,0.4,69,439.2687072753906,7935577,8417850.60263158,1.0607736025536114
SIFT,km20_paper_exact,0.1,0.4,70,446.07623291015625,8043178,8426226.844736842,1.0476240665986558
SIFT,km20_paper_exact,0.1,0.4,71,459.6553039550781,8029664,6041236.157894736,1.329142544693733
SIFT,km20_paper_exact,0.1,0.4,72,467.38519287109375,7980988,7314879.663157895,1.0910621045752844
SIFT,km20_paper_exact,0.1,0.4,73,399.5403747558594,8053529,8471557.721052632,1.0519062787322964
SIFT,km20_paper_exact,0.1,0.4,74,504.7834167480469,8000569,9484011.552631577,1.1854171312854844
SIFT,km20_paper_exact,0.1,0.4,75,477.9005126953125,7956611,8750671.039473685,1.099798776071079
SIFT,km20_paper_exact,0.1,0.4,76,427.6597900390625,8081974,6487347.842105264,1.2458055582506349
SIFT,km20_paper_exact,0.1,0.4,77,467.7328186035156,8012863,9296494.807894735,1.1601964001998704
SIFT,km20_paper_exact,0.1,0.4,78,452.9413757324219,8010995,7905129.313157895,1.0133920246776855
SIFT,km20_paper_exact,0.1,0.4,79,476.085693359375,7916321,6400285.092105264,1.2368700590798312
SIFT,km20_paper_exact,0.1,0.4,80,428.4750671386719,7972730,7594545.7,1.0497968298485583
SIFT,km20_paper_exact,0.1,0.4,81,453.38372802734375,8067930,8083527.639473685,1.001933288894882
SIFT,km20_paper_exact,0.1,0.4,82,458.3464660644531,7986520,6424111.036842105,1.243210142881641
SIFT,km20_paper_exact,0.1,0.4,83,434.3740234375,7992242,8011555.302631579,1.0024165062358696
SIFT,km20_paper_exact,0.1,0.4,84,391.2173156738281,8015055,8042755.144736842,1.0034560143051847
SIFT,km20_paper_exact,0.1,0.4,85,467.4007873535156,8005612,6584375.905263158,1.2158497806300506
SIFT,km20_paper_exact,0.1,0.4,86,389.9203796386719,8009052,8051709.5578947365,1.0053261681775492
SIFT,km20_paper_exact,0.1,0.4,87,438.1311340332031,8015590,6960167.992105263,1.1516374330464256
SIFT,km20_paper_exact,0.1,0.4,88,467.9649658203125,8117229,9513355.421052631,1.1719954458661486
SIFT,km20_paper_exact,0.1,0.4,89,449.4183044433594,8012957,8453002.768421054,1.0549167764685439
SIFT,km20_paper_exact,0.1,0.4,90,433.1154479980469,7954572,6626455.063157896,1.2004264609332729
SIFT,km20_paper_exact,0.1,0.4,91,451.5870666503906,8059356,9995423.318421053,1.240226057568502
SIFT,km20_paper_exact,0.1,0.4,92,479.1251525878906,7928766,6718232.763157894,1.180186260214226
SIFT,km20_paper_exact,0.1,0.4,93,438.1471252441406,8046569,6894202.863157894,1.1671500186047996
SIFT,km20_paper_exact,0.1,0.4,94,477.37188720703125,7929093,8499911.205263158,1.0719903531542836
SIFT,km20_paper_exact,0.1,0.4,95,494.6036682128906,7956687,8471046.715789475,1.064644960369746
SIFT,km20_paper_exact,0.1,0.4,96,432.9142150878906,8036597,8707910.59736842,1.083532071767244
SIFT,km20_paper_exact,0.1,0.4,97,481.1961975097656,7910053,8741547.168421052,1.1051186595615796
SIFT,km20_paper_exact,0.1,0.4,98,448.08123779296875,7926934,9253316.60263158,1.1673260560301852
SIFT,km20_paper_exact,0.1,0.4,99,485.9123229980469,7982147,9293990.807894737,1.1643472373904835
SIFT,km20_paper_exact,0.1,0.5,0,450.61346435546875,7932122,7492508.85,1.058673691122834
SIFT,km20_paper_exact,0.1,0.5,1,450.30413818359375,8071441,7699647.802631579,1.0482870394722925
SIFT,km20_paper_exact,0.1,0.5,2,461.1040954589844,8110755,7378820.242105263,1.0991940085107572
SIFT,km20_paper_exact,0.1,0.5,3,462.1222839355469,8020030,8418165.755263157,1.0496426765564664
SIFT,km20_paper_exact,0.1,0.5,4,431.63616943359375,8033917,6686612.05,1.2014929144872402
SIFT,km20_paper_exact,0.1,0.5,5,434.86285400390625,7901252,6957625.6921052635,1.1356247590274162
SIFT,km20_paper_exact,0.1,0.5,6,388.046142578125,8028378,7829450.805263157,1.0254075540781378
SIFT,km20_paper_exact,0.1,0.5,7,457.66656494140625,8012448,9346087.713157896,1.166445974208868
SIFT,km20_paper_exact,0.1,0.5,8,476.9913024902344,7939603,7470536.739473683,1.0627888298906036
SIFT,km20_paper_exact,0.1,0.5,9,433.73712158203125,7865768,8658616.56842105,1.1007973497846684
SIFT,km20_paper_exact,0.1,0.5,10,440.8808288574219,8092144,10714731.936842104,1.3240906163857322
SIFT,km20_paper_exact,0.1,0.5,11,498.6571960449219,8021019,7419418.905263158,1.081084529990628
SIFT,km20_paper_exact,0.1,0.5,12,465.5845642089844,8030901,7896508.413157894,1.017019241899137
SIFT,km20_paper_exact,0.1,0.5,13,466.43414306640625,7974524,7810623.381578947,1.0209843197417003
SIFT,km20_paper_exact,0.1,0.5,14,463.9320983886719,7954463,9131604.968421055,1.147985095715582
SIFT,km20_paper_exact,0.1,0.5,15,408.9007263183594,7956526,6865711.847368421,1.1588785222685511
SIFT,km20_paper_exact,0.1,0.5,16,498.0208740234375,8029329,9956313.686842106,1.2399932406359369
SIFT,km20_paper_exact,0.1,0.5,17,441.5086669921875,7973593,6071657.097368421,1.313248240493673
SIFT,km20_paper_exact,0.1,0.5,18,449.5707702636719,7903798,7934240.6368421065,1.0038516466187657
SIFT,km20_paper_exact,0.1,0.5,19,477.4197082519531,8008849,9190322.950000001,1.147521067009754
SIFT,km20_paper_exact,0.1,0.5,20,398.1723327636719,8084366,8348060.613157895,1.032617846984896
SIFT,km20_paper_exact,0.1,0.5,21,401.9685363769531,8028103,7681302.521052632,1.0451486551918598
SIFT,km20_paper_exact,0.1,0.5,22,427.27392578125,8088635,8261415.278947368,1.0213608697817824
SIFT,km20_paper_exact,0.1,0.5,23,465.30731201171875,8051639,7294491.32631579,1.1037971860975013
SIFT,km20_paper_exact,0.1,0.5,24,455.15203857421875,8014826,7942586.652631579,1.0090951915953585
SIFT,km20_paper_exact,0.1,0.5,25,440.13507080078125,7992644,8176534.294736842,1.0230074421851945
SIFT,km20_paper_exact,0.1,0.5,26,450.986572265625,8003698,9119264.836842105,1.1393814255413066
SIFT,km20_paper_exact,0.1,0.5,27,386.5642395019531,8026506,7211179.028947368,1.113064308593604
SIFT,km20_paper_exact,0.1,0.5,28,478.3063049316406,8049606,8119363.9789473675,1.0086660115970107
SIFT,km20_paper_exact,0.1,0.5,29,475.7086486816406,7872785,8789277.410526317,1.1164127320289219
SIFT,km20_paper_exact,0.1,0.5,30,470.4612731933594,7987092,8215094.992105262,1.0285464336839067
SIFT,km20_paper_exact,0.1,0.5,31,443.7033996582031,8031536,7398459.378947369,1.0855687094605233
SIFT,km20_paper_exact,0.1,0.5,32,491.1689147949219,7987644,8236645.005263157,1.0311732727776999
SIFT,km20_paper_exact,0.1,0.5,33,395.16693115234375,8045210,7089552.481578948,1.1347980032455043
SIFT,km20_paper_exact,0.1,0.5,34,423.729736328125,8038608,5849343.360526316,1.3742752826321853
SIFT,km20_paper_exact,0.1,0.5,35,455.2437744140625,8007695,8209968.747368421,1.0252599215340272
SIFT,km20_paper_exact,0.1,0.5,36,432.60028076171875,7996348,8311941.352631579,1.0394671858492877
SIFT,km20_paper_exact,0.1,0.5,37,430.46441650390625,8022540,7176997.792105264,1.1178128003362127
SIFT,km20_paper_exact,0.1,0.5,38,484.6388244628906,7937200,6809634.149999999,1.165583910260436
SIFT,km20_paper_exact,0.1,0.5,39,428.13665771484375,8023259,6581425.97368421,1.2190760835236847
SIFT,km20_paper_exact,0.1,0.5,40,416.060791015625,8100893,9898933.631578946,1.2219558549383316
SIFT,km20_paper_exact,0.1,0.5,41,497.7900390625,8061170,8448017.902631579,1.0479890515435824
SIFT,km20_paper_exact,0.1,0.5,42,443.74169921875,7938675,7097609.371052631,1.1184998476215988
SIFT,km20_paper_exact,0.1,0.5,43,443.9073181152344,8030231,10080982.510526316,1.2553788938981103
SIFT,km20_paper_exact,0.1,0.5,44,448.0622863769531,7991981,7292230.005263158,1.0959584371628155
SIFT,km20_paper_exact,0.1,0.5,45,424.8149108886719,8033265,8628222.042105263,1.0740616725708991
SIFT,km20_paper_exact,0.1,0.5,46,464.051513671875,8037302,7408391.868421052,1.0848915854815584
SIFT,km20_paper_exact,0.1,0.5,47,461.7054138183594,8004689,6289472.260526315,1.2727123466683596
SIFT,km20_paper_exact,0.1,0.5,48,435.3399658203125,7986856,7519270.9789473675,1.0621848876522455
SIFT,km20_paper_exact,0.1,0.5,49,460.3242492675781,8066320,8193132.373684211,1.0157212178148414
SIFT,km20_paper_exact,0.1,0.5,50,405.986328125,7998345,8668599.310526317,1.0837991247597243
SIFT,km20_paper_exact,0.1,0.5,51,404.2448425292969,7965644,8794943.810526315,1.1041095748851335
SIFT,km20_paper_exact,0.1,0.5,52,465.2330627441406,7967048,7430128.368421053,1.072262497356159
SIFT,km20_paper_exact,0.1,0.5,53,487.79156494140625,7917653,7683968.4789473675,1.0304119572708925
SIFT,km20_paper_exact,0.1,0.5,54,467.514404296875,7999017,6928220.089473684,1.1545558450363347
SIFT,km20_paper_exact,0.1,0.5,55,395.586669921875,8055063,7363162.765789473,1.0939678038118639
SIFT,km20_paper_exact,0.1,0.5,56,446.0043640136719,8013107,10436774.592105264,1.302462901357147
SIFT,km20_paper_exact,0.1,0.5,57,461.6609191894531,7929958,7264656.02631579,1.0915806572636326
SIFT,km20_paper_exact,0.1,0.5,58,460.88275146484375,8004151,8613664.113157894,1.0761496270070234
SIFT,km20_paper_exact,0.1,0.5,59,466.2606506347656,7925314,6944767.9236842105,1.1411920581207282
SIFT,km20_paper_exact,0.1,0.5,60,493.7353515625,8022659,7709134.0947368415,1.040669276394765
SIFT,km20_paper_exact,0.1,0.5,61,468.54638671875,7993508,9294559.557894738,1.162763527339278
SIFT,km20_paper_exact,0.1,0.5,62,459.560546875,8066606,7634429.755263158,1.0566088442216526
SIFT,km20_paper_exact,0.1,0.5,63,450.0906677246094,7957435,9453230.721052632,1.1879746075277564
SIFT,km20_paper_exact,0.1,0.5,64,423.4005126953125,8051785,8851638.702631578,1.0993386811286663
SIFT,km20_paper_exact,0.1,0.5,65,503.074462890625,7928451,8564509.0,1.080224750080438
SIFT,km20_paper_exact,0.1,0.5,66,458.9324645996094,8060024,7902092.549999999,1.0199860288905376
SIFT,km20_paper_exact,0.1,0.5,67,449.2168884277344,7972658,9328114.09736842,1.1700130743559325
SIFT,km20_paper_exact,0.1,0.5,68,433.3220520019531,8016276,6647564.544736842,1.2058966778061335
SIFT,km20_paper_exact,0.1,0.5,69,439.2687072753906,7935577,7977354.634210526,1.0052645994375111
SIFT,km20_paper_exact,0.1,0.5,70,446.07623291015625,8043178,6478207.14736842,1.241574685253358
SIFT,km20_paper_exact,0.1,0.5,71,459.6553039550781,8029664,8712230.642105265,1.0850056293893822
SIFT,km20_paper_exact,0.1,0.5,72,467.38519287109375,7980988,7480568.168421052,1.0668959656956876
SIFT,km20_paper_exact,0.1,0.5,73,399.5403747558594,8053529,8517802.821052633,1.0576484943498228
SIFT,km20_paper_exact,0.1,0.5,74,504.7834167480469,8000569,7069338.628947367,1.131728075274178
SIFT,km20_paper_exact,0.1,0.5,75,477.9005126953125,7956611,7572386.294736843,1.0507402409634345
SIFT,km20_paper_exact,0.1,0.5,76,427.6597900390625,8081974,8999573.134210527,1.1135365115268283
SIFT,km20_paper_exact,0.1,0.5,77,467.7328186035156,8012863,6508141.278947368,1.2312060627694312
SIFT,km20_paper_exact,0.1,0.5,78,452.9413757324219,8010995,9009530.87894737,1.1246456749688858
SIFT,km20_paper_exact,0.1,0.5,79,476.085693359375,7916321,7911464.294736842,1.000613881967007
SIFT,km20_paper_exact,0.1,0.5,80,428.4750671386719,7972730,7727460.694736841,1.0317399615413394
SIFT,km20_paper_exact,0.1,0.5,81,453.38372802734375,8067930,7752362.286842104,1.0407060069539709
SIFT,km20_paper_exact,0.1,0.5,82,458.3464660644531,7986520,6051640.828947368,1.3197280251328445
SIFT,km20_paper_exact,0.1,0.5,83,434.3740234375,7992242,7261819.694736842,1.1005839219324802
SIFT,km20_paper_exact,0.1,0.5,84,391.2173156738281,8015055,6791122.763157895,1.18022531465371
SIFT,km20_paper_exact,0.1,0.5,85,467.4007873535156,8005612,6144035.810526317,1.3029891502722564
SIFT,km20_paper_exact,0.1,0.5,86,389.9203796386719,8009052,8607246.239473684,1.0746897684611967
SIFT,km20_paper_exact,0.1,0.5,87,438.1311340332031,8015590,5749354.77368421,1.3941720967870586
SIFT,km20_paper_exact,0.1,0.5,88,467.9649658203125,8117229,8324470.005263157,1.0255310039008578
SIFT,km20_paper_exact,0.1,0.5,89,449.4183044433594,8012957,8262963.82368421,1.0312003201420161
SIFT,km20_paper_exact,0.1,0.5,90,433.1154479980469,7954572,8061311.760526316,1.0134186679718677
SIFT,km20_paper_exact,0.1,0.5,91,451.5870666503906,8059356,6372672.82368421,1.264674371803176
SIFT,km20_paper_exact,0.1,0.5,92,479.1251525878906,7928766,7614956.5763157895,1.0412096143345357
SIFT,km20_paper_exact,0.1,0.5,93,438.1471252441406,8046569,8784917.628947368,1.0917594354745939
SIFT,km20_paper_exact,0.1,0.5,94,477.37188720703125,7929093,7608123.555263157,1.0421877276841545
SIFT,km20_paper_exact,0.1,0.5,95,494.6036682128906,7956687,7464281.04736842,1.0659683028421312
SIFT,km20_paper_exact,0.1,0.5,96,432.9142150878906,8036597,6823589.286842104,1.1777668118884197
SIFT,km20_paper_exact,0.1,0.5,97,481.1961975097656,7910053,9013895.649999999,1.1395493367743552
SIFT,km20_paper_exact,0.1,0.5,98,448.08123779296875,7926934,7043945.02368421,1.1253543253598477
SIFT,km20_paper_exact,0.1,0.5,99,485.9123229980469,7982147,9600437.736842107,1.2027387790330228
SIFT,km20_paper_exact_prop,0.01,0.1,0,372.0482482910156,804072,1657363.7708683475,2.0612131387094035
SIFT,km20_paper_exact_prop,0.01,0.1,1,385.9545593261719,811722,1025379.5093567251,1.2632151270468523
SIFT,km20_paper_exact_prop,0.01,0.1,2,394.9783630371094,829692,632865.0,1.3110094569931976
SIFT,km20_paper_exact_prop,0.01,0.1,3,391.8212890625,791172,1034149.9444444444,1.3071114049087231
SIFT,km20_paper_exact_prop,0.01,0.1,4,319.7450256347656,803973,819098.0,1.01881282082856
SIFT,km20_paper_exact_prop,0.01,0.1,5,380.0393371582031,794917,210304.65217391305,3.779835547064538
SIFT,km20_paper_exact_prop,0.01,0.1,6,328.6761169433594,794744,1238927.5770114942,1.5589014538159385
SIFT,km20_paper_exact_prop,0.01,0.1,7,397.1687316894531,791648,841348.0692307693,1.0627805151162755
SIFT,km20_paper_exact_prop,0.01,0.1,8,418.513916015625,804886,632957.1923076923,1.2716278601171656
SIFT,km20_paper_exact_prop,0.01,0.1,9,352.22998046875,776948,414227.75743707095,1.8756541203495594
SIFT,km20_paper_exact_prop,0.01,0.1,10,394.0569763183594,828502,421065.53589743585,1.967631946495399
SIFT,km20_paper_exact_prop,0.01,0.1,11,432.48583984375,815010,1042627.5359846104,1.2792818934548171
SIFT,km20_paper_exact_prop,0.01,0.1,12,406.16253662109375,804376,1453937.6652777777,1.8075348658808539
SIFT,km20_paper_exact_prop,0.01,0.1,13,404.9566345214844,809701,203729.4,3.9743944663853132
SIFT,km20_paper_exact_prop,0.01,0.1,14,394.8276672363281,792243,831430.1885057471,1.049463597034934
SIFT,km20_paper_exact_prop,0.01,0.1,15,303.80743408203125,816582,825226.0952380953,1.0105857038706403
SIFT,km20_paper_exact_prop,0.01,0.1,16,424.9352722167969,770578,829823.5032894737,1.0768844987651784
SIFT,km20_paper_exact_prop,0.01,0.1,17,372.31842041015625,771263,623473.3857142858,1.237042378507301
SIFT,km20_paper_exact_prop,0.01,0.1,18,393.0279541015625,784222,415878.4797601199,1.8856998814950507
SIFT,km20_paper_exact_prop,0.01,0.1,19,400.4907531738281,757932,1240314.9794111042,1.6364462503378987
SIFT,km20_paper_exact_prop,0.01,0.1,20,291.91400146484375,802853,827296.8575851392,1.030446243067086
SIFT,km20_paper_exact_prop,0.01,0.1,21,272.52850341796875,793344,407846.2105263158,1.945203803600893
SIFT,km20_paper_exact_prop,0.01,0.1,22,330.2196044921875,817716,1669617.4411764706,2.0418060074359197
SIFT,km20_paper_exact_prop,0.01,0.1,23,409.1575622558594,800505,623093.6222222223,1.2847266790262621
SIFT,km20_paper_exact_prop,0.01,0.1,24,372.28057861328125,783106,616074.5,1.2711222425209938
SIFT,km20_paper_exact_prop,0.01,0.1,25,365.21484375,810423,835588.4652777778,1.0310522594716311
SIFT,km20_paper_exact_prop,0.01,0.1,26,356.6326904296875,800950,815962.7,1.018743616954866
SIFT,km20_paper_exact_prop,0.01,0.1,27,233.2550506591797,786761,616536.1528822056,1.2760987272555244
SIFT,km20_paper_exact_prop,0.01,0.1,28,389.90380859375,819103,1449881.0,1.7700838600273714
SIFT,km20_paper_exact_prop,0.01,0.1,29,417.54730224609375,788421,212959.64705882352,3.702208427224821
SIFT,km20_paper_exact_prop,0.01,0.1,30,392.8097839355469,774709,414341.71428571426,1.8697345048531373
SIFT,km20_paper_exact_prop,0.01,0.1,31,379.7194519042969,813563,828434.7333333333,1.0182797562491575
SIFT,km20_paper_exact_prop,0.01,0.1,32,394.81256103515625,796478,1046202.4636648023,1.3135359214752977
SIFT,km20_paper_exact_prop,0.01,0.1,33,319.9873352050781,780607,827963.7761315051,1.0606666044904864
SIFT,km20_paper_exact_prop,0.01,0.1,34,315.56451416015625,823847,204774.5,4.0231913641591115
SIFT,km20_paper_exact_prop,0.01,0.1,35,377.76806640625,817178,833213.1111111111,1.019622543816783
SIFT,km20_paper_exact_prop,0.01,0.1,36,387.8049621582031,802894,1032626.8727252914,1.2861310119708098
SIFT,km20_paper_exact_prop,0.01,0.1,37,371.2020263671875,818454,621708.1101190476,1.3164602273618058
SIFT,km20_paper_exact_prop,0.01,0.1,38,414.6022033691406,805071,411147.6551724138,1.958106752821916
SIFT,km20_paper_exact_prop,0.01,0.1,39,368.1969299316406,818444,415422.1666666666,1.970150044151873
SIFT,km20_paper_exact_prop,0.01,0.1,40,345.3054504394531,827179,407846.2105263158,2.0281639957682707
SIFT,km20_paper_exact_prop,0.01,0.1,41,437.45843505859375,847465,1050361.5084249084,1.2394157970239579
SIFT,km20_paper_exact_prop,0.01,0.1,42,368.06109619140625,760308,1256281.4919748271,1.6523323337053235
SIFT,km20_paper_exact_prop,0.01,0.1,43,361.3336181640625,798655,422032.92307692306,1.892399754448614
SIFT,km20_paper_exact_prop,0.01,0.1,44,395.9861145019531,781932,623430.3095238095,1.254241232828827
SIFT,km20_paper_exact_prop,0.01,0.1,45,331.9261779785156,767590,212959.64705882352,3.6043917737522215
SIFT,km20_paper_exact_prop,0.01,0.1,46,403.52423095703125,809955,1255707.7362637362,1.5503425946672793
SIFT,km20_paper_exact_prop,0.01,0.1,47,412.57000732421875,834769,836592.2920550713,1.0021841875477784
SIFT,km20_paper_exact_prop,0.01,0.1,48,386.1009521484375,799371,1026990.5666666667,1.2847483417170082
SIFT,km20_paper_exact_prop,0.01,0.1,49,397.4945983886719,798452,411300.0,1.9412885971310478
SIFT,km20_paper_exact_prop,0.01,0.1,50,339.03955078125,828954,619473.0,1.3381600166593217
SIFT,km20_paper_exact_prop,0.01,0.1,51,336.1755065917969,782034,840490.0660474716,1.0747487526724817
SIFT,km20_paper_exact_prop,0.01,0.1,52,397.7951354980469,806499,416606.55555555556,1.935876882504916
SIFT,km20_paper_exact_prop,0.01,0.1,53,401.8307800292969,789522,416498.0968169761,1.8956197063895437
SIFT,km20_paper_exact_prop,0.01,0.1,54,403.9814453125,772257,422032.92307692306,1.8298501319984515
SIFT,km20_paper_exact_prop,0.01,0.1,55,244.17393493652344,788963,1029149.2005012531,1.3044327813867738
SIFT,km20_paper_exact_prop,0.01,0.1,56,363.9601135253906,775961,824129.6551724138,1.062076129048256
SIFT,km20_paper_exact_prop,0.01,0.1,57,396.5753479003906,769970,842294.4573021182,1.0939315262959832
SIFT,km20_paper_exact_prop,0.01,0.1,58,402.9453430175781,816855,1467661.2807081805,1.7967219160171395
SIFT,km20_paper_exact_prop,0.01,0.1,59,409.57037353515625,780856,843098.4589743589,1.079710547110298
SIFT,km20_paper_exact_prop,0.01,0.1,60,408.1246643066406,786325,1474653.0316610925,1.875373454565342
SIFT,km20_paper_exact_prop,0.01,0.1,61,401.16558837890625,815251,1021568.2251461988,1.2530720295297997
SIFT,km20_paper_exact_prop,0.01,0.1,62,377.992919921875,799650,829454.8571428572,1.0372723780939876
SIFT,km20_paper_exact_prop,0.01,0.1,63,380.0064697265625,770308,631625.7658862877,1.2195639278887167
SIFT,km20_paper_exact_prop,0.01,0.1,64,349.10968017578125,817299,825964.0,1.0106019951082774
SIFT,km20_paper_exact_prop,0.01,0.1,65,434.93896484375,801986,1257642.9740145726,1.5681607584353998
SIFT,km20_paper_exact_prop,0.01,0.1,66,400.2998962402344,808007,1051652.7214046824,1.3015391220678563
SIFT,km20_paper_exact_prop,0.01,0.1,67,384.0870361328125,807389,626773.5333333333,1.2881670285375804
SIFT,km20_paper_exact_prop,0.01,0.1,68,346.1543884277344,794528,825964.0,1.0395656289016875
SIFT,km20_paper_exact_prop,0.01,0.1,69,323.6508483886719,806169,1263886.0,1.5677680486349637
SIFT,km20_paper_exact_prop,0.01,0.1,70,391.49835205078125,806219,629598.6111111111,1.2805285554508936
SIFT,km20_paper_exact_prop,0.01,0.1,71,393.2197570800781,804076,638878.9411764706,1.2585733355357205
SIFT,km20_paper_exact_prop,0.01,0.1,72,399.030029296875,788169,1249186.0506965944,1.5849215722726908
SIFT,km20_paper_exact_prop,0.01,0.1,73,221.4608154296875,802130,1235455.724310777,1.5402188227728384
SIFT,km20_paper_exact_prop,0.01,0.1,74,428.41204833984375,783732,632865.0,1.238387333791567
SIFT,km20_paper_exact_prop,0.01,0.1,75,418.0033874511719,825764,1256100.3694665488,1.5211372371119942
SIFT,km20_paper_exact_prop,0.01,0.1,76,349.3450927734375,801385,619501.9285714286,1.2935956500538968
SIFT,km20_paper_exact_prop,0.01,0.1,77,407.7376403808594,804512,209095.0625,3.847589657933697
SIFT,km20_paper_exact_prop,0.01,0.1,78,345.1389465332031,803777,849526.6078431372,1.0569182843539155
SIFT,km20_paper_exact_prop,0.01,0.1,79,404.2498474121094,804003,1255213.50132626,1.561204997153319
SIFT,km20_paper_exact_prop,0.01,0.1,80,382.2015075683594,810035,826090.4285714286,1.0198206603065654
SIFT,km20_paper_exact_prop,0.01,0.1,81,394.7402648925781,791987,202538.31578947368,3.9103070296250637
SIFT,km20_paper_exact_prop,0.01,0.1,82,394.92144775390625,791919,1257846.1660477454,1.588352048691527
SIFT,km20_paper_exact_prop,0.01,0.1,83,381.15850830078125,785082,1441948.657142857,1.8366854126611705
SIFT,km20_paper_exact_prop,0.01,0.1,84,276.85357666015625,803320,1029149.2005012531,1.2811198532356385
SIFT,km20_paper_exact_prop,0.01,0.1,85,403.7881774902344,816015,205650.0,3.9679795769511306
SIFT,km20_paper_exact_prop,0.01,0.1,86,281.2809143066406,796697,842802.0464396285,1.0578702398021185
SIFT,km20_paper_exact_prop,0.01,0.1,87,387.8452453613281,809085,633053.8422969187,1.2780666444806412
SIFT,km20_paper_exact_prop,0.01,0.1,88,403.29144287109375,791345,619473.0,1.2774487346502592
SIFT,km20_paper_exact_prop,0.01,0.1,89,357.1758117675781,810232,1465354.7679929268,1.8085619526171846
SIFT,km20_paper_exact_prop,0.01,0.1,90,348.5339660644531,835982,626945.3333333333,1.3334208830541314
SIFT,km20_paper_exact_prop,0.01,0.1,91,386.0309753417969,806115,1034970.3640873015,1.2838991509738704
SIFT,km20_paper_exact_prop,0.01,0.1,92,408.19110107421875,799929,632772.8076923076,1.2641646263487571
SIFT,km20_paper_exact_prop,0.01,0.1,93,376.3376159667969,802649,1642290.1900584796,2.046087629908565
SIFT,km20_paper_exact_prop,0.01,0.1,94,391.1700439453125,795733,1461296.4208683474,1.8364155072974822
SIFT,km20_paper_exact_prop,0.01,0.1,95,441.748779296875,805105,1029260.4824561403,1.2784177001212764
SIFT,km20_paper_exact_prop,0.01,0.1,96,319.9952087402344,802507,205573.8275862069,3.903741100814356
SIFT,km20_paper_exact_prop,0.01,0.1,97,405.0690612792969,792116,1026340.0877192982,1.2956941757511504
SIFT,km20_paper_exact_prop,0.01,0.1,98,374.5810546875,770248,1021998.9448621554,1.3268440098022394
SIFT,km20_paper_exact_prop,0.01,0.1,99,426.7563171386719,800739,612617.3157894737,1.3070786270023984
SIFT,km20_paper_exact_prop,0.01,0.2,0,372.0482482910156,804072,832008.4470588235,1.0347437133227169
SIFT,km20_paper_exact_prop,0.01,0.2,1,385.9545593261719,811722,824973.7333333334,1.0163254578948622
SIFT,km20_paper_exact_prop,0.01,0.2,2,394.9783630371094,829692,632957.1923076923,1.3108185041314315
SIFT,km20_paper_exact_prop,0.01,0.2,3,391.8212890625,791172,408503.9,1.9367550713714115
SIFT,km20_paper_exact_prop,0.01,0.2,4,319.7450256347656,803973,614323.5,1.3087127547619455
SIFT,km20_paper_exact_prop,0.01,0.2,5,380.0393371582031,794917,622164.1167108753,1.2776644918102924
SIFT,km20_paper_exact_prop,0.01,0.2,6,328.6761169433594,794744,1235277.3103448276,1.5543084444108135
SIFT,km20_paper_exact_prop,0.01,0.2,7,397.1687316894531,791648,833034.217696097,1.0522785602895441
SIFT,km20_paper_exact_prop,0.01,0.2,8,418.513916015625,804886,1047441.6977785146,1.301354102044904
SIFT,km20_paper_exact_prop,0.01,0.2,9,352.22998046875,776948,1253917.8086956523,1.6139018424600517
SIFT,km20_paper_exact_prop,0.01,0.2,10,394.0569763183594,828502,211016.46153846153,3.9262434502011145
SIFT,km20_paper_exact_prop,0.01,0.2,11,432.48583984375,815010,843881.4615384615,1.035424671523615
SIFT,km20_paper_exact_prop,0.01,0.2,12,406.16253662109375,804376,827627.0111111111,1.0289056499834792
SIFT,km20_paper_exact_prop,0.01,0.2,13,404.9566345214844,809701,819803.9,1.012477321875606
SIFT,km20_paper_exact_prop,0.01,0.2,14,394.8276672363281,792243,622206.0942528736,1.2732806819439815
SIFT,km20_paper_exact_prop,0.01,0.2,15,303.80743408203125,816582,618962.6476190477,1.319275085727921
SIFT,km20_paper_exact_prop,0.01,0.2,16,424.9352722167969,770578,834672.209508547,1.0831767965196866
SIFT,km20_paper_exact_prop,0.01,0.2,17,372.31842041015625,771263,620828.780952381,1.2423119282853572
SIFT,km20_paper_exact_prop,0.01,0.2,18,393.0279541015625,784222,841218.6086956522,1.0726791759165801
SIFT,km20_paper_exact_prop,0.01,0.2,19,400.4907531738281,757932,1047000.5651293786,1.3813911605914233
SIFT,km20_paper_exact_prop,0.01,0.2,20,291.91400146484375,802853,203923.1052631579,3.937037928899412
SIFT,km20_paper_exact_prop,0.01,0.2,21,272.52850341796875,793344,815692.4210526316,1.0281698998828144
SIFT,km20_paper_exact_prop,0.01,0.2,22,330.2196044921875,817716,836333.399380805,1.0227675615749294
SIFT,km20_paper_exact_prop,0.01,0.2,23,409.1575622558594,800505,1443205.3977689322,1.8028686863529049
SIFT,km20_paper_exact_prop,0.01,0.2,24,372.28057861328125,783106,410424.5,1.9080391155986058
SIFT,km20_paper_exact_prop,0.01,0.2,25,365.21484375,810423,617852.2777777778,1.3116776115398314
SIFT,km20_paper_exact_prop,0.01,0.2,26,356.6326904296875,800950,1021782.3,1.2757129658530495
SIFT,km20_paper_exact_prop,0.01,0.2,27,233.2550506591797,786761,1024382.3634085213,1.3020248377951136
SIFT,km20_paper_exact_prop,0.01,0.2,28,389.90380859375,819103,827872.0555555555,1.0107056811604347
SIFT,km20_paper_exact_prop,0.01,0.2,29,417.54730224609375,788421,823964.9492577597,1.0450824486635437
SIFT,km20_paper_exact_prop,0.01,0.2,30,392.8097839355469,774709,414341.71428571426,1.8697345048531373
SIFT,km20_paper_exact_prop,0.01,0.2,31,379.7194519042969,813563,1049752.943240454,1.290315492765101
SIFT,km20_paper_exact_prop,0.01,0.2,32,394.81256103515625,796478,823724.6902864358,1.0342089678389557
SIFT,km20_paper_exact_prop,0.01,0.2,33,319.9873352050781,780607,837000.3179271708,1.0722429057479255
SIFT,km20_paper_exact_prop,0.01,0.2,34,315.56451416015625,823847,421295.3333333333,1.9555094367688226
SIFT,km20_paper_exact_prop,0.01,0.2,35,377.76806640625,817178,418256.2063492064,1.953773757795072
SIFT,km20_paper_exact_prop,0.01,0.2,36,387.8049621582031,802894,416882.7523219814,1.9259467932601848
SIFT,km20_paper_exact_prop,0.01,0.2,37,371.2020263671875,818454,621751.1863095238,1.3163690203118528
SIFT,km20_paper_exact_prop,0.01,0.2,38,414.6022033691406,805071,1254936.924403183,1.5587903730269541
SIFT,km20_paper_exact_prop,0.01,0.2,39,368.1969299316406,818444,418950.94444444444,1.953555686776906
SIFT,km20_paper_exact_prop,0.01,0.2,40,345.3054504394531,827179,617638.6551724138,1.3392604123346086
SIFT,km20_paper_exact_prop,0.01,0.2,41,437.45843505859375,847465,422032.92307692306,2.008054238568336
SIFT,km20_paper_exact_prop,0.01,0.2,42,368.06109619140625,760308,626731.5557913351,1.2131318312830224
SIFT,km20_paper_exact_prop,0.01,0.2,43,361.3336181640625,798655,1052620.1085841695,1.3179910081126012
SIFT,km20_paper_exact_prop,0.01,0.2,44,395.9861145019531,781932,823402.449122807,1.053035876678288
SIFT,km20_paper_exact_prop,0.01,0.2,45,331.9261779785156,767590,823694.0714285715,1.0730911963790193
SIFT,km20_paper_exact_prop,0.01,0.2,46,403.52423095703125,809955,416628.3333333334,1.9440708545186156
SIFT,km20_paper_exact_prop,0.01,0.2,47,412.57000732421875,834769,1042091.2561339522,1.2483588347602177
SIFT,km20_paper_exact_prop,0.01,0.2,48,386.1009521484375,799371,834309.3904761905,1.0437073530015355
SIFT,km20_paper_exact_prop,0.01,0.2,49,397.4945983886719,798452,619603.2777777778,1.2886503810368266
SIFT,km20_paper_exact_prop,0.01,0.2,50,339.03955078125,828954,206491.0,4.014480049977965
SIFT,km20_paper_exact_prop,0.01,0.2,51,336.1755065917969,782034,627530.4189886481,1.2462089108928867
SIFT,km20_paper_exact_prop,0.01,0.2,52,397.7951354980469,806499,831351.6180555555,1.0308154356738886
SIFT,km20_paper_exact_prop,0.01,0.2,53,401.8307800292969,789522,822295.3103448276,1.0415103193385715
SIFT,km20_paper_exact_prop,0.01,0.2,54,403.9814453125,772257,1050556.846153846,1.3603720602776614
SIFT,km20_paper_exact_prop,0.01,0.2,55,244.17393493652344,788963,616536.1528822056,1.2796702939669105
SIFT,km20_paper_exact_prop,0.01,0.2,56,363.9601135253906,775961,1236194.4827586208,1.593114193572384
SIFT,km20_paper_exact_prop,0.01,0.2,57,396.5753479003906,769970,632153.1906354515,1.2180117278630085
SIFT,km20_paper_exact_prop,0.01,0.2,58,402.9453430175781,816855,1246152.7170490327,1.5255494757931733
SIFT,km20_paper_exact_prop,0.01,0.2,59,409.57037353515625,780856,829471.30129672,1.0622589841106684
SIFT,km20_paper_exact_prop,0.01,0.2,60,408.1246643066406,786325,632174.1897435897,1.2438423028927106
SIFT,km20_paper_exact_prop,0.01,0.2,61,401.16558837890625,815251,821374.298245614,1.0075109361970902
SIFT,km20_paper_exact_prop,0.01,0.2,62,377.992919921875,799650,1658327.3571428573,2.0738164911434467
SIFT,km20_paper_exact_prop,0.01,0.2,63,380.0064697265625,770308,631298.9948717948,1.220195194760979
SIFT,km20_paper_exact_prop,0.01,0.2,64,349.10968017578125,817299,1031537.8275862068,1.2621302945264914
SIFT,km20_paper_exact_prop,0.01,0.2,65,434.93896484375,801986,630913.9565217391,1.2711495628047123
SIFT,km20_paper_exact_prop,0.01,0.2,66,400.2998962402344,808007,210924.26923076922,3.8307919849468397
SIFT,km20_paper_exact_prop,0.01,0.2,67,384.0870361328125,807389,832347.3609195403,1.0309124361609339
SIFT,km20_paper_exact_prop,0.01,0.2,68,346.1543884277344,794528,825964.0,1.0395656289016875
SIFT,km20_paper_exact_prop,0.01,0.2,69,323.6508483886719,806169,1263886.0,1.5677680486349637
SIFT,km20_paper_exact_prop,0.01,0.2,70,391.49835205078125,806219,620272.4628482972,1.2997820285263584
SIFT,km20_paper_exact_prop,0.01,0.2,71,393.2197570800781,804076,1665710.7226890756,2.0715836844888735
SIFT,km20_paper_exact_prop,0.01,0.2,72,399.030029296875,788169,607614.947368421,1.2971520918199235
SIFT,km20_paper_exact_prop,0.01,0.2,73,221.4608154296875,802130,412613.04761904763,1.9440248063618697
SIFT,km20_paper_exact_prop,0.01,0.2,74,428.41204833984375,783732,422032.92307692306,1.8570399538643358
SIFT,km20_paper_exact_prop,0.01,0.2,75,418.0033874511719,825764,1885499.4874152667,2.2833394134586475
SIFT,km20_paper_exact_prop,0.01,0.2,76,349.3450927734375,801385,1030649.8015873015,1.2860857160881494
SIFT,km20_paper_exact_prop,0.01,0.2,77,407.7376403808594,804512,623747.9402777777,1.2898030567310914
SIFT,km20_paper_exact_prop,0.01,0.2,78,345.1389465332031,803777,1695492.0294117646,2.1094060036698794
SIFT,km20_paper_exact_prop,0.01,0.2,79,404.2498474121094,804003,838531.0198938991,1.0429451381324437
SIFT,km20_paper_exact_prop,0.01,0.2,80,382.2015075683594,810035,615151.3634085213,1.3168059898488054
SIFT,km20_paper_exact_prop,0.01,0.2,81,394.7402648925781,791987,620356.8395989975,1.276663606243054
SIFT,km20_paper_exact_prop,0.01,0.2,82,394.92144775390625,791919,1457613.3204397801,1.8406091032539693
SIFT,km20_paper_exact_prop,0.01,0.2,83,381.15850830078125,785082,1435324.8666666665,1.8282483443343072
SIFT,km20_paper_exact_prop,0.01,0.2,84,276.85357666015625,803320,410229.6290726817,1.958220330930005
SIFT,km20_paper_exact_prop,0.01,0.2,85,403.7881774902344,816015,621847.5628482972,1.3122428208327175
SIFT,km20_paper_exact_prop,0.01,0.2,86,281.2809143066406,796697,845185.4649859944,1.0608618646561923
SIFT,km20_paper_exact_prop,0.01,0.2,87,387.8452453613281,809085,829425.9285714286,1.0251406571267896
SIFT,km20_paper_exact_prop,0.01,0.2,88,403.29144287109375,791345,412982.0,1.9161731019753887
SIFT,km20_paper_exact_prop,0.01,0.2,89,357.1758117675781,810232,1248895.6725022104,1.5414050204166343
SIFT,km20_paper_exact_prop,0.01,0.2,90,348.5339660644531,835982,634254.9803921569,1.3180535050479483
SIFT,km20_paper_exact_prop,0.01,0.2,91,386.0309753417969,806115,617572.0238095238,1.3052971457927116
SIFT,km20_paper_exact_prop,0.01,0.2,92,408.19110107421875,799929,210924.26923076922,3.792493879046271
SIFT,km20_paper_exact_prop,0.01,0.2,93,376.3376159667969,802649,206487.06666666668,3.887163554392107
SIFT,km20_paper_exact_prop,0.01,0.2,94,391.1700439453125,795733,209095.0625,3.805603970203744
SIFT,km20_paper_exact_prop,0.01,0.2,95,441.748779296875,805105,817076.2315789474,1.0148691556740392
SIFT,km20_paper_exact_prop,0.01,0.2,96,319.9952087402344,802507,616721.4827586208,1.3012470336047852
SIFT,km20_paper_exact_prop,0.01,0.2,97,405.0690612792969,792116,1035448.0676691729,1.3071924663422692
SIFT,km20_paper_exact_prop,0.01,0.2,98,374.5810546875,770248,618770.479757085,1.2448040512572314
SIFT,km20_paper_exact_prop,0.01,0.2,99,426.7563171386719,800739,624875.4241037376,1.2814378180234958
SIFT,km20_paper_exact_prop,0.01,0.3,0,372.0482482910156,804072,1657277.6184873949,2.0611059936018106
SIFT,km20_paper_exact_prop,0.01,0.3,1,385.9545593261719,811722,208303.27777777778,3.8968277823547344
SIFT,km20_paper_exact_prop,0.01,0.3,2,394.9783630371094,829692,1471580.4045092838,1.7736466116453862
SIFT,km20_paper_exact_prop,0.01,0.3,3,391.8212890625,791172,622256.5555555555,1.2714562714307371
SIFT,km20_paper_exact_prop,0.01,0.3,4,319.7450256347656,803973,204774.5,3.9261382642858362
SIFT,km20_paper_exact_prop,0.01,0.3,5,380.0393371582031,794917,626894.9412985814,1.2680226743469476
SIFT,km20_paper_exact_prop,0.01,0.3,6,328.6761169433594,794744,416632.26666666666,1.9075430867572427
SIFT,km20_paper_exact_prop,0.01,0.3,7,397.1687316894531,791648,1050706.3333333333,1.3272392949054799
SIFT,km20_paper_exact_prop,0.01,0.3,8,418.513916015625,804886,1054805.7307692308,1.310503264771944
SIFT,km20_paper_exact_prop,0.01,0.3,9,352.22998046875,776948,833308.5043478261,1.0725408963634968
SIFT,km20_paper_exact_prop,0.01,0.3,10,394.0569763183594,828502,625863.8360323886,1.3237735627164833
SIFT,km20_paper_exact_prop,0.01,0.3,11,432.48583984375,815010,632245.3829431438,1.2890722842546907
SIFT,km20_paper_exact_prop,0.01,0.3,12,406.16253662109375,804376,624605.8063492064,1.2878138368606313
SIFT,km20_paper_exact_prop,0.01,0.3,13,404.9566345214844,809701,1038633.6349206349,1.2827372510601258
SIFT,km20_paper_exact_prop,0.01,0.3,14,394.8276672363281,792243,411147.6551724138,1.9269062830183836
SIFT,km20_paper_exact_prop,0.01,0.3,15,303.80743408203125,816582,1031532.619047619,1.2632321298383005
SIFT,km20_paper_exact_prop,0.01,0.3,16,424.9352722167969,770578,408887.9157894737,1.8845702458879994
SIFT,km20_paper_exact_prop,0.01,0.3,17,372.31842041015625,771263,413477.38095238095,1.8653088065507124
SIFT,km20_paper_exact_prop,0.01,0.3,18,393.0279541015625,784222,630750.5710144928,1.2433155609176307
SIFT,km20_paper_exact_prop,0.01,0.3,19,400.4907531738281,757932,836517.4285477453,1.1036840093144837
SIFT,km20_paper_exact_prop,0.01,0.3,20,291.91400146484375,802853,818260.3157894737,1.0191907058819905
SIFT,km20_paper_exact_prop,0.01,0.3,21,272.52850341796875,793344,611769.3157894737,1.2968025357339286
SIFT,km20_paper_exact_prop,0.01,0.3,22,330.2196044921875,817716,1249315.399380805,1.5278108773471535
SIFT,km20_paper_exact_prop,0.01,0.3,23,409.1575622558594,800505,203729.4,3.929256160377442
SIFT,km20_paper_exact_prop,0.01,0.3,24,372.28057861328125,783106,1452792.0,1.8551664781013042
SIFT,km20_paper_exact_prop,0.01,0.3,25,365.21484375,810423,1248340.1428571427,1.5403562619238875
SIFT,km20_paper_exact_prop,0.01,0.3,26,356.6326904296875,800950,817007.8,1.0200484424745615
SIFT,km20_paper_exact_prop,0.01,0.3,27,233.2550506591797,786761,616536.1528822056,1.2760987272555244
SIFT,km20_paper_exact_prop,0.01,0.3,28,389.90380859375,819103,614323.5,1.3333414723675718
SIFT,km20_paper_exact_prop,0.01,0.3,29,417.54730224609375,788421,1049995.8550240716,1.3317705325252265
SIFT,km20_paper_exact_prop,0.01,0.3,30,392.8097839355469,774709,827862.1714285713,1.0686104994631163
SIFT,km20_paper_exact_prop,0.01,0.3,31,379.7194519042969,813563,1038982.2961816305,1.2770766322726457
SIFT,km20_paper_exact_prop,0.01,0.3,32,394.81256103515625,796478,822416.9824561403,1.032567104748832
SIFT,km20_paper_exact_prop,0.01,0.3,33,319.9873352050781,780607,836220.3613445378,1.0712437389679286
SIFT,km20_paper_exact_prop,0.01,0.3,34,315.56451416015625,823847,838434.0,1.0177059575382321
SIFT,km20_paper_exact_prop,0.01,0.3,35,377.76806640625,817178,1031721.8402777778,1.2625423595321676
SIFT,km20_paper_exact_prop,0.01,0.3,36,387.8049621582031,802894,1465066.6045898795,1.8247322866902473
SIFT,km20_paper_exact_prop,0.01,0.3,37,371.2020263671875,818454,0.0,
SIFT,km20_paper_exact_prop,0.01,0.3,38,414.6022033691406,805071,1036919.2988971102,1.2879849092777036
SIFT,km20_paper_exact_prop,0.01,0.3,39,368.1969299316406,818444,1452997.2444444443,1.775316630636237
SIFT,km20_paper_exact_prop,0.01,0.3,40,345.3054504394531,827179,1650258.8546884453,1.9950444277338344
SIFT,km20_paper_exact_prop,0.01,0.3,41,437.45843505859375,847465,1681324.0895496658,1.9839451653456672
SIFT,km20_paper_exact_prop,0.01,0.3,42,368.06109619140625,760308,411147.6551724138,1.8492334577006566
SIFT,km20_paper_exact_prop,0.01,0.3,43,361.3336181640625,798655,421321.1137123746,1.8955969069834508
SIFT,km20_paper_exact_prop,0.01,0.3,44,395.9861145019531,781932,833657.7926587302,1.0661512671929658
SIFT,km20_paper_exact_prop,0.01,0.3,45,331.9261779785156,767590,621708.1101190476,1.2346469146960593
SIFT,km20_paper_exact_prop,0.01,0.3,46,403.52423095703125,809955,632772.8076923076,1.2800091757322307
SIFT,km20_paper_exact_prop,0.01,0.3,47,412.57000732421875,834769,1053838.3435897436,1.2624310960154768
SIFT,km20_paper_exact_prop,0.01,0.3,48,386.1009521484375,799371,617191.1935672514,1.2951756414082691
SIFT,km20_paper_exact_prop,0.01,0.3,49,397.4945983886719,798452,825985.9555555556,1.034484171315941
SIFT,km20_paper_exact_prop,0.01,0.3,50,339.03955078125,828954,1651010.8275862068,1.9916796680952222
SIFT,km20_paper_exact_prop,0.01,0.3,51,336.1755065917969,782034,1051968.5470938375,1.3451698354468444
SIFT,km20_paper_exact_prop,0.01,0.3,52,397.7951354980469,806499,830899.549157821,1.0302549031775874
SIFT,km20_paper_exact_prop,0.01,0.3,53,401.8307800292969,789522,205573.8275862069,3.840576445310947
SIFT,km20_paper_exact_prop,0.01,0.3,54,403.9814453125,772257,211016.46153846153,3.659700263996903
SIFT,km20_paper_exact_prop,0.01,0.3,55,244.17393493652344,788963,1029149.2005012531,1.3044327813867738
SIFT,km20_paper_exact_prop,0.01,0.3,56,363.9601135253906,775961,1236194.4827586208,1.593114193572384
SIFT,km20_paper_exact_prop,0.01,0.3,57,396.5753479003906,769970,630323.9839046823,1.2215464105145568
SIFT,km20_paper_exact_prop,0.01,0.3,58,402.9453430175781,816855,1247725.931135531,1.527475416243435
SIFT,km20_paper_exact_prop,0.01,0.3,59,409.57037353515625,780856,631298.9948717948,1.2369036008976657
SIFT,km20_paper_exact_prop,0.01,0.3,60,408.1246643066406,786325,842315.4564102564,1.0712052349985774
SIFT,km20_paper_exact_prop,0.01,0.3,61,401.16558837890625,815251,610726.6315789474,1.3348869327873973
SIFT,km20_paper_exact_prop,0.01,0.3,62,377.992919921875,799650,626212.380952381,1.2769629351368696
SIFT,km20_paper_exact_prop,0.01,0.3,63,380.0064697265625,770308,632174.1897435897,1.2185059315889462
SIFT,km20_paper_exact_prop,0.01,0.3,64,349.10968017578125,817299,206491.0,3.9580369120203787
SIFT,km20_paper_exact_prop,0.01,0.3,65,434.93896484375,801986,1463097.761598918,1.8243432698312911
SIFT,km20_paper_exact_prop,0.01,0.3,66,400.2998962402344,808007,1262049.5658862877,1.5619290004743618
SIFT,km20_paper_exact_prop,0.01,0.3,67,384.0870361328125,807389,834047.5358974359,1.0330182054715087
SIFT,km20_paper_exact_prop,0.01,0.3,68,346.1543884277344,794528,1862232.652173913,2.3438225615383135
SIFT,km20_paper_exact_prop,0.01,0.3,69,323.6508483886719,806169,631943.0,1.2756989158832364
SIFT,km20_paper_exact_prop,0.01,0.3,70,391.49835205078125,806219,416297.6666666666,1.9366406889941734
SIFT,km20_paper_exact_prop,0.01,0.3,71,393.2197570800781,804076,203729.4,3.9467843129170364
SIFT,km20_paper_exact_prop,0.01,0.3,72,399.030029296875,788169,202538.31578947368,3.8914562754597704
SIFT,km20_paper_exact_prop,0.01,0.3,73,221.4608154296875,802130,1439378.829573935,1.7944458249584667
SIFT,km20_paper_exact_prop,0.01,0.3,74,428.41204833984375,783732,1265822.1923076923,1.6151212306090503
SIFT,km20_paper_exact_prop,0.01,0.3,75,418.0033874511719,825764,419319.7393162393,1.9692943655515147
SIFT,km20_paper_exact_prop,0.01,0.3,76,349.3450927734375,801385,411265.5,1.9485830929168626
SIFT,km20_paper_exact_prop,0.01,0.3,77,407.7376403808594,804512,1024221.5029239766,1.2730966137534017
SIFT,km20_paper_exact_prop,0.01,0.3,78,345.1389465332031,803777,1269572.7352941176,1.5795086638384994
SIFT,km20_paper_exact_prop,0.01,0.3,79,404.2498474121094,804003,627422.3660477453,1.2814382201013492
SIFT,km20_paper_exact_prop,0.01,0.3,80,382.2015075683594,810035,1042455.4469998525,1.2869264254011896
SIFT,km20_paper_exact_prop,0.01,0.3,81,394.7402648925781,791987,1023551.0940789474,1.2923837058928334
SIFT,km20_paper_exact_prop,0.01,0.3,82,394.92144775390625,791919,210304.65217391305,3.7655800374074295
SIFT,km20_paper_exact_prop,0.01,0.3,83,381.15850830078125,785082,825510.0587301587,1.0514953326278766
SIFT,km20_paper_exact_prop,0.01,0.3,84,276.85357666015625,803320,1026765.7819548873,1.278152892937917
SIFT,km20_paper_exact_prop,0.01,0.3,85,403.7881774902344,816015,618835.9824561403,1.318628882504961
SIFT,km20_paper_exact_prop,0.01,0.3,86,281.2809143066406,796697,425919.29411764705,1.8705351248538111
SIFT,km20_paper_exact_prop,0.01,0.3,87,387.8452453613281,809085,1245045.6946778712,1.5388317601708983
SIFT,km20_paper_exact_prop,0.01,0.3,88,403.29144287109375,791345,821485.9,1.0380881916231226
SIFT,km20_paper_exact_prop,0.01,0.3,89,357.1758117675781,810232,1048764.4788682582,1.294400219774408
SIFT,km20_paper_exact_prop,0.01,0.3,90,348.5339660644531,835982,1895455.294117647,2.26733983999374
SIFT,km20_paper_exact_prop,0.01,0.3,91,386.0309753417969,806115,0.0,
SIFT,km20_paper_exact_prop,0.01,0.3,92,408.19110107421875,799929,421848.53846153844,1.8962469395231356
SIFT,km20_paper_exact_prop,0.01,0.3,93,376.3376159667969,802649,422054.7095588235,1.9017652968237557
SIFT,km20_paper_exact_prop,0.01,0.3,94,391.1700439453125,795733,1248013.6282894737,1.5683823949609652
SIFT,km20_paper_exact_prop,0.01,0.3,95,441.748779296875,805105,411999.6,1.9541402467381037
SIFT,km20_paper_exact_prop,0.01,0.3,96,319.9952087402344,802507,1027869.1379310344,1.2808226444517423
SIFT,km20_paper_exact_prop,0.01,0.3,97,405.0690612792969,792116,407846.2105263158,1.9421928647511355
SIFT,km20_paper_exact_prop,0.01,0.3,98,374.5810546875,770248,829075.1319309981,1.076374274170135
SIFT,km20_paper_exact_prop,0.01,0.3,99,426.7563171386719,800739,1638420.6140350879,2.046135649737415
SIFT,km20_paper_exact_prop,0.01,0.4,0,372.0482482910156,804072,1462291.0794656323,1.8186071389945582
SIFT,km20_paper_exact_prop,0.01,0.4,1,385.9545593261719,811722,819729.5093567251,1.009864842097079
SIFT,km20_paper_exact_prop,0.01,0.4,2,394.9783630371094,829692,422032.92307692306,1.9659414103310935
SIFT,km20_paper_exact_prop,0.01,0.4,3,391.8212890625,791172,1233051.2777777778,1.5585122802346112
SIFT,km20_paper_exact_prop,0.01,0.4,4,319.7450256347656,803973,204774.5,3.9261382642858362
SIFT,km20_paper_exact_prop,0.01,0.4,5,380.0393371582031,794917,626894.9412985814,1.2680226743469476
SIFT,km20_paper_exact_prop,0.01,0.4,6,328.6761169433594,794744,1240459.5042952208,1.5608290270769214
SIFT,km20_paper_exact_prop,0.01,0.4,7,397.1687316894531,791648,1046138.8942528735,1.3214697621327578
SIFT,km20_paper_exact_prop,0.01,0.4,8,418.513916015625,804886,421065.53589743585,1.9115456654140794
SIFT,km20_paper_exact_prop,0.01,0.4,9,352.22998046875,776948,1460495.9088437208,1.8797859172605127
SIFT,km20_paper_exact_prop,0.01,0.4,10,394.0569763183594,828502,1681206.179221169,2.029211974408232
SIFT,km20_paper_exact_prop,0.01,0.4,11,432.48583984375,815010,1261976.5879120878,1.548418532180081
SIFT,km20_paper_exact_prop,0.01,0.4,12,406.16253662109375,804376,1665919.0259920633,2.071070029429102
SIFT,km20_paper_exact_prop,0.01,0.4,13,404.9566345214844,809701,615762.0777777778,1.3149575610796427
SIFT,km20_paper_exact_prop,0.01,0.4,14,394.8276672363281,792243,822295.3103448276,1.0379331976992257
SIFT,km20_paper_exact_prop,0.01,0.4,15,303.80743408203125,816582,1031575.6952380952,1.2632848816629503
SIFT,km20_paper_exact_prop,0.01,0.4,16,424.9352722167969,770578,1044683.5277777778,1.3557141882817545
SIFT,km20_paper_exact_prop,0.01,0.4,17,372.31842041015625,771263,620007.5238095238,1.2439574850013342
SIFT,km20_paper_exact_prop,0.01,0.4,18,393.0279541015625,784222,1037211.9920671242,1.3225999679518354
SIFT,km20_paper_exact_prop,0.01,0.4,19,400.4907531738281,757932,2077010.8923665695,2.740365748334375
SIFT,km20_paper_exact_prop,0.01,0.4,20,291.91400146484375,802853,823396.1052631579,1.0255876296945492
SIFT,km20_paper_exact_prop,0.01,0.4,21,272.52850341796875,793344,815692.4210526316,1.0281698998828144
SIFT,km20_paper_exact_prop,0.01,0.4,22,330.2196044921875,817716,845369.9411764706,1.0338185154460358
SIFT,km20_paper_exact_prop,0.01,0.4,23,409.1575622558594,800505,826823.0222222223,1.0328767743139922
SIFT,km20_paper_exact_prop,0.01,0.4,24,372.28057861328125,783106,1229522.5,1.5700588426087911
SIFT,km20_paper_exact_prop,0.01,0.4,25,365.21484375,810423,626212.380952381,1.29416636376218
SIFT,km20_paper_exact_prop,0.01,0.4,26,356.6326904296875,800950,408503.9,1.9606911953594566
SIFT,km20_paper_exact_prop,0.01,0.4,27,233.2550506591797,786761,1233072.305764411,1.5672768550606997
SIFT,km20_paper_exact_prop,0.01,0.4,28,389.90380859375,819103,826155.5555555555,1.008610096111912
SIFT,km20_paper_exact_prop,0.01,0.4,29,417.54730224609375,788421,1254458.4293016195,1.5911022528593475
SIFT,km20_paper_exact_prop,0.01,0.4,30,392.8097839355469,774709,1035854.2857142857,1.3370882301797007
SIFT,km20_paper_exact_prop,0.01,0.4,31,379.7194519042969,813563,1249184.2765737874,1.5354487317808054
SIFT,km20_paper_exact_prop,0.01,0.4,32,394.81256103515625,796478,407846.2105263158,1.9528880726197362
SIFT,km20_paper_exact_prop,0.01,0.4,33,319.9873352050781,780607,629913.837535014,1.23922821421844
SIFT,km20_paper_exact_prop,0.01,0.4,34,315.56451416015625,823847,1049081.6666666665,1.2733938057268723
SIFT,km20_paper_exact_prop,0.01,0.4,35,377.76806640625,817178,409549.0,1.9953119162786381
SIFT,km20_paper_exact_prop,0.01,0.4,36,387.8049621582031,802894,1661486.0902274647,2.069371660801382
SIFT,km20_paper_exact_prop,0.01,0.4,37,371.2020263671875,818454,621708.1101190476,1.3164602273618058
SIFT,km20_paper_exact_prop,0.01,0.4,38,414.6022033691406,805071,1464210.4713109033,1.8187345852861465
SIFT,km20_paper_exact_prop,0.01,0.4,39,368.1969299316406,818444,621909.2333333333,1.3160184093316512
SIFT,km20_paper_exact_prop,0.01,0.4,40,345.3054504394531,827179,1035146.1167108753,1.2514173071498131
SIFT,km20_paper_exact_prop,0.01,0.4,41,437.45843505859375,847465,1050269.3161172161,1.239307011047319
SIFT,km20_paper_exact_prop,0.01,0.4,42,368.06109619140625,760308,839691.2028501586,1.1044092694673193
SIFT,km20_paper_exact_prop,0.01,0.4,43,361.3336181640625,798655,631298.9948717948,1.2650978482267219
SIFT,km20_paper_exact_prop,0.01,0.4,44,395.9861145019531,781932,840731.0994397759,1.0751972031324666
SIFT,km20_paper_exact_prop,0.01,0.4,45,331.9261779785156,767590,1462237.2058239963,1.9049716721478867
SIFT,km20_paper_exact_prop,0.01,0.4,46,403.52423095703125,809955,1044971.8051282051,1.290160323879975
SIFT,km20_paper_exact_prop,0.01,0.4,47,412.57000732421875,834769,837563.632714412,1.003347791681785
SIFT,km20_paper_exact_prop,0.01,0.4,48,386.1009521484375,799371,410079.0,1.9493097671424287
SIFT,km20_paper_exact_prop,0.01,0.4,49,397.4945983886719,798452,618382.2777777778,1.2911948299510165
SIFT,km20_paper_exact_prop,0.01,0.4,50,339.03955078125,828954,1246058.1952380952,1.5031692895360844
SIFT,km20_paper_exact_prop,0.01,0.4,51,336.1755065917969,782034,616536.1528822056,1.2684316991698201
SIFT,km20_paper_exact_prop,0.01,0.4,52,397.7951354980469,806499,1256059.6053921569,1.5574223965462535
SIFT,km20_paper_exact_prop,0.01,0.4,53,401.8307800292969,789522,205573.8275862069,3.840576445310947
SIFT,km20_paper_exact_prop,0.01,0.4,54,403.9814453125,772257,1054207.1128205128,1.3650988114326097
SIFT,km20_paper_exact_prop,0.01,0.4,55,244.17393493652344,788963,1849608.4586466167,2.3443538653227294
SIFT,km20_paper_exact_prop,0.01,0.4,56,363.9601135253906,775961,619473.0,1.252614722514137
SIFT,km20_paper_exact_prop,0.01,0.4,57,396.5753479003906,769970,415526.7561576355,1.852997402910685
SIFT,km20_paper_exact_prop,0.01,0.4,58,402.9453430175781,816855,627648.7282051282,1.301452489732498
SIFT,km20_paper_exact_prop,0.01,0.4,59,409.57037353515625,780856,829307.9157894737,1.0620497451379942
SIFT,km20_paper_exact_prop,0.01,0.4,60,408.1246643066406,786325,633049.3846153846,1.2421226828578935
SIFT,km20_paper_exact_prop,0.01,0.4,61,401.16558837890625,815251,1013882.6631578947,1.2436447954775827
SIFT,km20_paper_exact_prop,0.01,0.4,62,377.992919921875,799650,1245714.3095238095,1.557824435095116
SIFT,km20_paper_exact_prop,0.01,0.4,63,380.0064697265625,770308,841440.2615384615,1.0923426233902043
SIFT,km20_paper_exact_prop,0.01,0.4,64,349.10968017578125,817299,1032455.0,1.2632524938853467
SIFT,km20_paper_exact_prop,0.01,0.4,65,434.93896484375,801986,412842.96796338673,1.9425933399236794
SIFT,km20_paper_exact_prop,0.01,0.4,66,400.2998962402344,808007,417273.8692307692,1.9363949184968965
SIFT,km20_paper_exact_prop,0.01,0.4,67,384.0870361328125,807389,412064.8275862069,1.9593737342969135
SIFT,km20_paper_exact_prop,0.01,0.4,68,346.1543884277344,794528,616905.1052631579,1.2879257980221646
SIFT,km20_paper_exact_prop,0.01,0.4,69,323.6508483886719,806169,631943.0,1.2756989158832364
SIFT,km20_paper_exact_prop,0.01,0.4,70,391.49835205078125,806219,825586.6560672515,1.0240228226663617
SIFT,km20_paper_exact_prop,0.01,0.4,71,393.2197570800781,804076,1036653.4946778711,1.289248149028041
SIFT,km20_paper_exact_prop,0.01,0.4,72,399.030029296875,788169,1445167.6197755418,1.8335758191143547
SIFT,km20_paper_exact_prop,0.01,0.4,73,221.4608154296875,802130,410229.6290726817,1.9553195165673516
SIFT,km20_paper_exact_prop,0.01,0.4,74,428.41204833984375,783732,0.0,
SIFT,km20_paper_exact_prop,0.01,0.4,75,418.0033874511719,825764,1254543.6695037095,1.5192520738415691
SIFT,km20_paper_exact_prop,0.01,0.4,76,349.3450927734375,801385,1439456.1492063494,1.7962104970848585
SIFT,km20_paper_exact_prop,0.01,0.4,77,407.7376403808594,804512,626559.4841269841,1.284015357489905
SIFT,km20_paper_exact_prop,0.01,0.4,78,345.1389465332031,803777,1481487.282352941,1.8431570974946299
SIFT,km20_paper_exact_prop,0.01,0.4,79,404.2498474121094,804003,416590.28912466846,1.9299609736207624
SIFT,km20_paper_exact_prop,0.01,0.4,80,382.2015075683594,810035,1035802.323750553,1.278713047893675
SIFT,km20_paper_exact_prop,0.01,0.4,81,394.7402648925781,791987,413185.98245614034,1.9167809016465591
SIFT,km20_paper_exact_prop,0.01,0.4,82,394.92144775390625,791919,827026.1349325338,1.0443317244977501
SIFT,km20_paper_exact_prop,0.01,0.4,83,381.15850830078125,785082,1441235.0285714287,1.8357764266298664
SIFT,km20_paper_exact_prop,0.01,0.4,84,276.85357666015625,803320,616536.1528822056,1.3029568440465502
SIFT,km20_paper_exact_prop,0.01,0.4,85,403.7881774902344,816015,829291.7291666666,1.0162702023451367
SIFT,km20_paper_exact_prop,0.01,0.4,86,281.2809143066406,796697,845185.4649859944,1.0608618646561923
SIFT,km20_paper_exact_prop,0.01,0.4,87,387.8452453613281,809085,1466470.7427637721,1.8125051666558794
SIFT,km20_paper_exact_prop,0.01,0.4,88,403.29144287109375,791345,832234.8901098901,1.051671382405765
SIFT,km20_paper_exact_prop,0.01,0.4,89,357.1758117675781,810232,1249812.8449160035,1.54253700781505
SIFT,km20_paper_exact_prop,0.01,0.4,90,348.5339660644531,835982,1893143.3137254901,2.2645742536627465
SIFT,km20_paper_exact_prop,0.01,0.4,91,386.0309753417969,806115,1449235.5964285715,1.7978025423526067
SIFT,km20_paper_exact_prop,0.01,0.4,92,408.19110107421875,799929,1050962.9326923075,1.3138202674141175
SIFT,km20_paper_exact_prop,0.01,0.4,93,376.3376159667969,802649,622956.1555555556,1.2884518321906513
SIFT,km20_paper_exact_prop,0.01,0.4,94,391.1700439453125,795733,1669971.9613095238,2.0986586723304472
SIFT,km20_paper_exact_prop,0.01,0.4,95,441.748779296875,805105,202538.31578947368,3.975075021542383
SIFT,km20_paper_exact_prop,0.01,0.4,96,319.9952087402344,802507,1037879.2109637489,1.2932961469043247
SIFT,km20_paper_exact_prop,0.01,0.4,97,405.0690612792969,792116,1024382.3634085213,1.2932226636105335
SIFT,km20_paper_exact_prop,0.01,0.4,98,374.5810546875,770248,1044551.7413417533,1.356123925465244
SIFT,km20_paper_exact_prop,0.01,0.4,99,426.7563171386719,800739,836053.9668478261,1.0441029684426837
SIFT,km20_paper_exact_prop,0.01,0.5,0,372.0482482910156,804072,825542.1679633867,1.026701797803414
SIFT,km20_paper_exact_prop,0.01,0.5,1,385.9545593261719,811722,820325.3824561404,1.0105989272880869
SIFT,km20_paper_exact_prop,0.01,0.5,2,394.9783630371094,829692,633049.3846153846,1.3106276068873957
SIFT,km20_paper_exact_prop,0.01,0.5,3,391.8212890625,791172,827906.5555555555,1.0464305556257747
SIFT,km20_paper_exact_prop,0.01,0.5,4,319.7450256347656,803973,409549.0,1.9630691321429181
SIFT,km20_paper_exact_prop,0.01,0.5,5,380.0393371582031,794917,837199.5934724945,1.0531912054623245
SIFT,km20_paper_exact_prop,0.01,0.5,6,328.6761169433594,794744,616721.4827586208,1.2886595038737376
SIFT,km20_paper_exact_prop,0.01,0.5,7,397.1687316894531,791648,1051987.8545787546,1.3288580967535504
SIFT,km20_paper_exact_prop,0.01,0.5,8,418.513916015625,804886,1053838.3435897436,1.3093013713615886
SIFT,km20_paper_exact_prop,0.01,0.5,9,352.22998046875,776948,620577.3574370709,1.2519760682354346
SIFT,km20_paper_exact_prop,0.01,0.5,10,394.0569763183594,828502,631462.3803790412,1.312036988652727
SIFT,km20_paper_exact_prop,0.01,0.5,11,432.48583984375,815010,0.0,
SIFT,km20_paper_exact_prop,0.01,0.5,12,406.16253662109375,804376,1658683.357571011,2.0620746486357264
SIFT,km20_paper_exact_prop,0.01,0.5,13,404.9566345214844,809701,417818.5238095238,1.937925089144991
SIFT,km20_paper_exact_prop,0.01,0.5,14,394.8276672363281,792243,1452719.1103448276,1.8336786949772073
SIFT,km20_paper_exact_prop,0.01,0.5,15,303.80743408203125,816582,1033690.0761904763,1.265874188006197
SIFT,km20_paper_exact_prop,0.01,0.5,16,424.9352722167969,770578,418190.125,1.8426499191007917
SIFT,km20_paper_exact_prop,0.01,0.5,17,372.31842041015625,771263,416259.4523809524,1.8528420089645323
SIFT,km20_paper_exact_prop,0.01,0.5,18,393.0279541015625,784222,420282.5333333333,1.8659400232034387
SIFT,km20_paper_exact_prop,0.01,0.5,19,400.4907531738281,757932,414847.3744939271,1.8270140938570536
SIFT,km20_paper_exact_prop,0.01,0.5,20,291.91400146484375,802853,616905.1052631579,1.3014205801677081
SIFT,km20_paper_exact_prop,0.01,0.5,21,272.52850341796875,793344,611769.3157894737,1.2968025357339286
SIFT,km20_paper_exact_prop,0.01,0.5,22,330.2196044921875,817716,206491.0,3.9600563704955665
SIFT,km20_paper_exact_prop,0.01,0.5,23,409.1575622558594,800505,1035900.9444444444,1.2940593056188836
SIFT,km20_paper_exact_prop,0.01,0.5,24,372.28057861328125,783106,204774.5,3.8242359278132776
SIFT,km20_paper_exact_prop,0.01,0.5,25,365.21484375,810423,1048548.1123366012,1.2938281765653261
SIFT,km20_paper_exact_prop,0.01,0.5,26,356.6326904296875,800950,613278.4,1.3060137125325137
SIFT,km20_paper_exact_prop,0.01,0.5,27,233.2550506591797,786761,412613.04761904763,1.906776832530975
SIFT,km20_paper_exact_prop,0.01,0.5,28,389.90380859375,819103,833213.1111111111,1.0172262964622412
SIFT,km20_paper_exact_prop,0.01,0.5,29,417.54730224609375,788421,421157.7282051282,1.8720326072610813
SIFT,km20_paper_exact_prop,0.01,0.5,30,392.8097839355469,774709,623473.3857142858,1.2425694789079895
SIFT,km20_paper_exact_prop,0.01,0.5,31,379.7194519042969,813563,413185.98245614034,1.9689995172727324
SIFT,km20_paper_exact_prop,0.01,0.5,32,394.81256103515625,796478,1651590.2325435209,2.0736168890333704
SIFT,km20_paper_exact_prop,0.01,0.5,33,319.9873352050781,780607,842873.4845938375,1.0797667515072726
SIFT,km20_paper_exact_prop,0.01,0.5,34,315.56451416015625,823847,1043208.5,1.2662648525757816
SIFT,km20_paper_exact_prop,0.01,0.5,35,377.76806640625,817178,1037987.6111111111,1.270209931142433
SIFT,km20_paper_exact_prop,0.01,0.5,36,387.8049621582031,802894,620555.3719298246,1.293831358679778
SIFT,km20_paper_exact_prop,0.01,0.5,37,371.2020263671875,818454,204774.5,3.9968550771702533
SIFT,km20_paper_exact_prop,0.01,0.5,38,414.6022033691406,805071,416590.28912466846,1.932524643557102
SIFT,km20_paper_exact_prop,0.01,0.5,39,368.1969299316406,818444,1034573.7333333333,1.2640739419353473
SIFT,km20_paper_exact_prop,0.01,0.5,40,345.3054504394531,827179,1649176.4827586208,1.9937359178105594
SIFT,km20_paper_exact_prop,0.01,0.5,41,437.45843505859375,847465,632957.1923076923,1.338897812204702
SIFT,km20_paper_exact_prop,0.01,0.5,42,368.06109619140625,760308,1042446.6500442086,1.371084678898826
SIFT,km20_paper_exact_prop,0.01,0.5,43,361.3336181640625,798655,840728.4521739131,1.0526803841131818
SIFT,km20_paper_exact_prop,0.01,0.5,44,395.9861145019531,781932,623430.3095238095,1.254241232828827
SIFT,km20_paper_exact_prop,0.01,0.5,45,331.9261779785156,767590,1032789.1339285715,1.3454958166841302
SIFT,km20_paper_exact_prop,0.01,0.5,46,403.52423095703125,809955,1668575.6568151147,2.0600843958184276
SIFT,km20_paper_exact_prop,0.01,0.5,47,412.57000732421875,834769,421848.53846153844,1.9788358235028214
SIFT,km20_paper_exact_prop,0.01,0.5,48,386.1009521484375,799371,1029752.049122807,1.288202910942237
SIFT,km20_paper_exact_prop,0.01,0.5,49,397.4945983886719,798452,412032.6777777778,1.9378365917633125
SIFT,km20_paper_exact_prop,0.01,0.5,50,339.03955078125,828954,206491.0,4.014480049977965
SIFT,km20_paper_exact_prop,0.01,0.5,51,336.1755065917969,782034,1447989.6771340114,1.8515687005091996
SIFT,km20_paper_exact_prop,0.01,0.5,52,397.7951354980469,806499,1670765.783518232,2.07162784271057
SIFT,km20_paper_exact_prop,0.01,0.5,53,401.8307800292969,789522,205573.8275862069,3.840576445310947
SIFT,km20_paper_exact_prop,0.01,0.5,54,403.9814453125,772257,0.0,
SIFT,km20_paper_exact_prop,0.01,0.5,55,244.17393493652344,788963,825226.0952380953,1.0459629858917279
SIFT,km20_paper_exact_prop,0.01,0.5,56,363.9601135253906,775961,412064.8275862069,1.883104181799315
SIFT,km20_paper_exact_prop,0.01,0.5,57,396.5753479003906,769970,0.0,
SIFT,km20_paper_exact_prop,0.01,0.5,58,402.9453430175781,816855,420877.19780219777,1.9408392858191912
SIFT,km20_paper_exact_prop,0.01,0.5,59,409.57037353515625,780856,421157.7282051282,1.8540702157546016
SIFT,km20_paper_exact_prop,0.01,0.5,60,408.1246643066406,786325,631298.9948717948,1.2455666908826428
SIFT,km20_paper_exact_prop,0.01,0.5,61,401.16558837890625,815251,405076.63157894736,2.012584623364312
SIFT,km20_paper_exact_prop,0.01,0.5,62,377.992919921875,799650,830986.880952381,1.0391882460481223
SIFT,km20_paper_exact_prop,0.01,0.5,63,380.0064697265625,770308,631298.9948717948,1.220195194760979
SIFT,km20_paper_exact_prop,0.01,0.5,64,349.10968017578125,817299,1458374.294117647,1.7843828196506382
SIFT,km20_paper_exact_prop,0.01,0.5,65,434.93896484375,801986,824476.3462528604,1.0280433152858783
SIFT,km20_paper_exact_prop,0.01,0.5,66,400.2998962402344,808007,632081.9974358974,1.278326235010267
SIFT,km20_paper_exact_prop,0.01,0.5,67,384.0870361328125,807389,1453520.5358974359,1.8002728993055837
SIFT,km20_paper_exact_prop,0.01,0.5,68,346.1543884277344,794528,412982.0,1.9238804596810515
SIFT,km20_paper_exact_prop,0.01,0.5,69,323.6508483886719,806169,631943.0,1.2756989158832364
SIFT,km20_paper_exact_prop,0.01,0.5,70,391.49835205078125,806219,618036.2786377709,1.3044849111074956
SIFT,km20_paper_exact_prop,0.01,0.5,71,393.2197570800781,804076,1478275.6162464984,1.838477477559955
SIFT,km20_paper_exact_prop,0.01,0.5,72,399.030029296875,788169,410841.59356725146,1.9184255254111293
SIFT,km20_paper_exact_prop,0.01,0.5,73,221.4608154296875,802130,616536.1528822056,1.3010267058146934
SIFT,km20_paper_exact_prop,0.01,0.5,74,428.41204833984375,783732,421940.73076923075,1.8574457094274726
SIFT,km20_paper_exact_prop,0.01,0.5,75,418.0033874511719,825764,623081.2891246685,1.3252909602855656
SIFT,km20_paper_exact_prop,0.01,0.5,76,349.3450927734375,801385,1253689.3649859945,1.5644033329623022
SIFT,km20_paper_exact_prop,0.01,0.5,77,407.7376403808594,804512,418950.94444444444,1.9203011967590478
SIFT,km20_paper_exact_prop,0.01,0.5,78,345.1389465332031,803777,425919.29411764705,1.8871579923730373
SIFT,km20_paper_exact_prop,0.01,0.5,79,404.2498474121094,804003,211016.46153846153,3.8101435032046354
SIFT,km20_paper_exact_prop,0.01,0.5,80,382.2015075683594,810035,412613.04761904763,1.9631831922772334
SIFT,km20_paper_exact_prop,0.01,0.5,81,394.7402648925781,791987,619603.2777777778,1.2782162851695695
SIFT,km20_paper_exact_prop,0.01,0.5,82,394.92144775390625,791919,626639.3634836428,1.2637555923673975
SIFT,km20_paper_exact_prop,0.01,0.5,83,381.15850830078125,785082,819458.3999999999,1.0437870184261007
SIFT,km20_paper_exact_prop,0.01,0.5,84,276.85357666015625,803320,412613.04761904763,1.9469088644566557
SIFT,km20_paper_exact_prop,0.01,0.5,85,403.7881774902344,816015,1044679.4803921568,1.2802209277919607
SIFT,km20_paper_exact_prop,0.01,0.5,86,281.2809143066406,796697,425919.29411764705,1.8705351248538111
SIFT,km20_paper_exact_prop,0.01,0.5,87,387.8452453613281,809085,1035066.740626075,1.2793053148013804
SIFT,km20_paper_exact_prop,0.01,0.5,88,403.29144287109375,791345,829425.9285714286,1.048121778202211
SIFT,km20_paper_exact_prop,0.01,0.5,89,357.1758117675781,810232,1043321.8449160035,1.2876828425883
SIFT,km20_paper_exact_prop,0.01,0.5,90,348.5339660644531,835982,1260324.8137254901,1.5075980269018832
SIFT,km20_paper_exact_prop,0.01,0.5,91,386.0309753417969,806115,1044652.5625,1.2959100903717211
SIFT,km20_paper_exact_prop,0.01,0.5,92,408.19110107421875,799929,632772.8076923076,1.2641646263487571
SIFT,km20_paper_exact_prop,0.01,0.5,93,376.3376159667969,802649,821374.298245614,1.023329373419283
SIFT,km20_paper_exact_prop,0.01,0.5,94,391.1700439453125,795733,1251781.8363095238,1.5731179130556654
SIFT,km20_paper_exact_prop,0.01,0.5,95,441.748779296875,805105,828297.2666666666,1.028806511780037
SIFT,km20_paper_exact_prop,0.01,0.5,96,319.9952087402344,802507,1033311.7718832891,1.2876046836766397
SIFT,km20_paper_exact_prop,0.01,0.5,97,405.0690612792969,792116,203923.1052631579,3.884385729502271
SIFT,km20_paper_exact_prop,0.01,0.5,98,374.5810546875,770248,624532.409610984,1.2333195013526697
SIFT,km20_paper_exact_prop,0.01,0.5,99,426.7563171386719,800739,829977.7012967201,1.0365146462164576
SIFT,km20_paper_exact_prop,0.1,0.1,0,450.61346435546875,7932122,9561109.270869678,1.2053658870690185
SIFT,km20_paper_exact_prop,0.1,0.1,1,450.30413818359375,8071441,7874141.259692711,1.0250566676162207
SIFT,km20_paper_exact_prop,0.1,0.1,2,461.1040954589844,8110755,9215645.473436909,1.1362253542903107
SIFT,km20_paper_exact_prop,0.1,0.1,3,462.1222839355469,8020030,7838559.020384294,1.0231510637534
SIFT,km20_paper_exact_prop,0.1,0.1,4,431.63616943359375,8033917,7238439.835947713,1.1098962182571124
SIFT,km20_paper_exact_prop,0.1,0.1,5,434.86285400390625,7901252,6242701.464854213,1.265678335650561
SIFT,km20_paper_exact_prop,0.1,0.1,6,388.046142578125,8028378,7462985.206808135,1.0757596025617313
SIFT,km20_paper_exact_prop,0.1,0.1,7,457.66656494140625,8012448,8344024.907718901,1.041382721949509
SIFT,km20_paper_exact_prop,0.1,0.1,8,476.9913024902344,7939603,5634373.647379449,1.4091367553681349
SIFT,km20_paper_exact_prop,0.1,0.1,9,433.73712158203125,7865768,8319075.474899872,1.0576304150974034
SIFT,km20_paper_exact_prop,0.1,0.1,10,440.8808288574219,8092144,6685723.040319228,1.2103618338957725
SIFT,km20_paper_exact_prop,0.1,0.1,11,498.6571960449219,8021019,10005386.068025121,1.2473958817483317
SIFT,km20_paper_exact_prop,0.1,0.1,12,465.5845642089844,8030901,7464470.374237679,1.075883565392296
SIFT,km20_paper_exact_prop,0.1,0.1,13,466.43414306640625,7974524,6827925.520586393,1.1679277953393867
SIFT,km20_paper_exact_prop,0.1,0.1,14,463.9320983886719,7954463,8735300.643795071,1.0981634641829463
SIFT,km20_paper_exact_prop,0.1,0.1,15,408.9007263183594,7956526,6823462.044069013,1.166054115727932
SIFT,km20_paper_exact_prop,0.1,0.1,16,498.0208740234375,8029329,10417658.829786876,1.2974507371396633
SIFT,km20_paper_exact_prop,0.1,0.1,17,441.5086669921875,7973593,7247353.903710871,1.10020748343989
SIFT,km20_paper_exact_prop,0.1,0.1,18,449.5707702636719,7903798,7090960.968370797,1.114630024795632
SIFT,km20_paper_exact_prop,0.1,0.1,19,477.4197082519531,8008849,8549844.109235452,1.0675496702753982
SIFT,km20_paper_exact_prop,0.1,0.1,20,398.1723327636719,8084366,8647591.296813644,1.069668455982033
SIFT,km20_paper_exact_prop,0.1,0.1,21,401.9685363769531,8028103,9483893.110885922,1.181336750523246
SIFT,km20_paper_exact_prop,0.1,0.1,22,427.27392578125,8088635,8522726.121492881,1.0536667956327466
SIFT,km20_paper_exact_prop,0.1,0.1,23,465.30731201171875,8051639,8108481.641995213,1.0070597603786275
SIFT,km20_paper_exact_prop,0.1,0.1,24,455.15203857421875,8014826,7426558.983149049,1.0792112495417778
SIFT,km20_paper_exact_prop,0.1,0.1,25,440.13507080078125,7992644,9357016.22672856,1.1707034902003093
SIFT,km20_paper_exact_prop,0.1,0.1,26,450.986572265625,8003698,8267354.60681606,1.0329418484825463
SIFT,km20_paper_exact_prop,0.1,0.1,27,386.5642395019531,8026506,6375169.04860617,1.2590263785640112
SIFT,km20_paper_exact_prop,0.1,0.1,28,478.3063049316406,8049606,7045704.395833333,1.1424842070808918
SIFT,km20_paper_exact_prop,0.1,0.1,29,475.7086486816406,7872785,9564495.60350196,1.2148808335934438
SIFT,km20_paper_exact_prop,0.1,0.1,30,470.4612731933594,7987092,7663365.847901632,1.042243337787013
SIFT,km20_paper_exact_prop,0.1,0.1,31,443.7033996582031,8031536,9114232.988232622,1.1348057193832688
SIFT,km20_paper_exact_prop,0.1,0.1,32,491.1689147949219,7987644,8284490.553677639,1.0371632177995964
SIFT,km20_paper_exact_prop,0.1,0.1,33,395.16693115234375,8045210,8730027.155609613,1.0851211038132769
SIFT,km20_paper_exact_prop,0.1,0.1,34,423.729736328125,8038608,8084039.651008079,1.005651681361758
SIFT,km20_paper_exact_prop,0.1,0.1,35,455.2437744140625,8007695,7882002.987447787,1.0159467095803414
SIFT,km20_paper_exact_prop,0.1,0.1,36,432.60028076171875,7996348,8934772.113278186,1.1173565874419404
SIFT,km20_paper_exact_prop,0.1,0.1,37,430.46441650390625,8022540,8332532.984639976,1.0386402541638902
SIFT,km20_paper_exact_prop,0.1,0.1,38,484.6388244628906,7937200,7296760.176154086,1.087770436246333
SIFT,km20_paper_exact_prop,0.1,0.1,39,428.13665771484375,8023259,9920031.210342117,1.2364091961062351
SIFT,km20_paper_exact_prop,0.1,0.1,40,416.060791015625,8100893,6196954.627174412,1.307237746178838
SIFT,km20_paper_exact_prop,0.1,0.1,41,497.7900390625,8061170,8587634.327677276,1.0653086745072087
SIFT,km20_paper_exact_prop,0.1,0.1,42,443.74169921875,7938675,10016323.58168497,1.2617122607595057
SIFT,km20_paper_exact_prop,0.1,0.1,43,443.9073181152344,8030231,8168843.973543998,1.0172613930463517
SIFT,km20_paper_exact_prop,0.1,0.1,44,448.0622863769531,7991981,8069487.482572496,1.0096980313857724
SIFT,km20_paper_exact_prop,0.1,0.1,45,424.8149108886719,8033265,7466806.05534363,1.0758636209990995
SIFT,km20_paper_exact_prop,0.1,0.1,46,464.051513671875,8037302,8357643.963644302,1.0398569026825548
SIFT,km20_paper_exact_prop,0.1,0.1,47,461.7054138183594,8004689,6261775.778738007,1.2783416849865643
SIFT,km20_paper_exact_prop,0.1,0.1,48,435.3399658203125,7986856,7424562.738345865,1.0757341922306134
SIFT,km20_paper_exact_prop,0.1,0.1,49,460.3242492675781,8066320,7219385.250189787,1.1173139707134965
SIFT,km20_paper_exact_prop,0.1,0.1,50,405.986328125,7998345,8076679.836269894,1.0097938806427946
SIFT,km20_paper_exact_prop,0.1,0.1,51,404.2448425292969,7965644,8328794.181339298,1.0455895570200349
SIFT,km20_paper_exact_prop,0.1,0.1,52,465.2330627441406,7967048,9340256.491518162,1.172361016466596
SIFT,km20_paper_exact_prop,0.1,0.1,53,487.79156494140625,7917653,8066789.490449183,1.0188359467697288
SIFT,km20_paper_exact_prop,0.1,0.1,54,467.514404296875,7999017,6290977.546777025,1.271506207186836
SIFT,km20_paper_exact_prop,0.1,0.1,55,395.586669921875,8055063,8668937.981202366,1.0762098299172043
SIFT,km20_paper_exact_prop,0.1,0.1,56,446.0043640136719,8013107,8691921.021526052,1.0847129610931254
SIFT,km20_paper_exact_prop,0.1,0.1,57,461.6609191894531,7929958,8326165.003155447,1.0499633167231714
SIFT,km20_paper_exact_prop,0.1,0.1,58,460.88275146484375,8004151,5864329.736362153,1.364887610321389
SIFT,km20_paper_exact_prop,0.1,0.1,59,466.2606506347656,7925314,8587831.445404084,1.0835951036645468
SIFT,km20_paper_exact_prop,0.1,0.1,60,493.7353515625,8022659,8823231.596920935,1.099788934930543
SIFT,km20_paper_exact_prop,0.1,0.1,61,468.54638671875,7993508,7823811.608811244,1.021689733811796
SIFT,km20_paper_exact_prop,0.1,0.1,62,459.560546875,8066606,8314335.634499853,1.0307105162319632
SIFT,km20_paper_exact_prop,0.1,0.1,63,450.0906677246094,7957435,8795607.307568245,1.1053319703608318
SIFT,km20_paper_exact_prop,0.1,0.1,64,423.4005126953125,8051785,7663303.679132674,1.0506937134600536
SIFT,km20_paper_exact_prop,0.1,0.1,65,503.074462890625,7928451,9162575.275362983,1.1556576783236705
SIFT,km20_paper_exact_prop,0.1,0.1,66,458.9324645996094,8060024,8596178.113501472,1.0665201634016812
SIFT,km20_paper_exact_prop,0.1,0.1,67,449.2168884277344,7972658,7913981.227460561,1.0074143178828676
SIFT,km20_paper_exact_prop,0.1,0.1,68,433.3220520019531,8016276,8281940.994443796,1.0331406995522354
SIFT,km20_paper_exact_prop,0.1,0.1,69,439.2687072753906,7935577,7509094.064189886,1.056795524488629
SIFT,km20_paper_exact_prop,0.1,0.1,70,446.07623291015625,8043178,8129288.0066202,1.010705968041513
SIFT,km20_paper_exact_prop,0.1,0.1,71,459.6553039550781,8029664,8361430.242901372,1.0413175747953305
SIFT,km20_paper_exact_prop,0.1,0.1,72,467.38519287109375,7980988,7912683.475663696,1.0086322831623913
SIFT,km20_paper_exact_prop,0.1,0.1,73,399.5403747558594,8053529,9054564.644552559,1.1242977636949663
SIFT,km20_paper_exact_prop,0.1,0.1,74,504.7834167480469,8000569,6100091.747664241,1.3115489620403598
SIFT,km20_paper_exact_prop,0.1,0.1,75,477.9005126953125,7956611,8749936.792197103,1.0997064946617476
SIFT,km20_paper_exact_prop,0.1,0.1,76,427.6597900390625,8081974,7829297.805204187,1.0322731617933678
SIFT,km20_paper_exact_prop,0.1,0.1,77,467.7328186035156,8012863,8479133.099248119,1.0581901998384495
SIFT,km20_paper_exact_prop,0.1,0.1,78,452.9413757324219,8010995,8577167.092191877,1.0706743784251365
SIFT,km20_paper_exact_prop,0.1,0.1,79,476.085693359375,7916321,7317077.096313722,1.081896622899897
SIFT,km20_paper_exact_prop,0.1,0.1,80,428.4750671386719,7972730,7465124.148749944,1.0679969738125596
SIFT,km20_paper_exact_prop,0.1,0.1,81,453.38372802734375,8067930,6815073.174681897,1.1838361516017883
SIFT,km20_paper_exact_prop,0.1,0.1,82,458.3464660644531,7986520,6464009.257772213,1.2355365967951155
SIFT,km20_paper_exact_prop,0.1,0.1,83,434.3740234375,7992242,7828080.337200845,1.0209708709834033
SIFT,km20_paper_exact_prop,0.1,0.1,84,391.2173156738281,8015055,8650848.129381638,1.0793248616985958
SIFT,km20_paper_exact_prop,0.1,0.1,85,467.4007873535156,8005612,7896023.292993513,1.0138789746357169
SIFT,km20_paper_exact_prop,0.1,0.1,86,389.9203796386719,8009052,7676384.188341035,1.043336524527293
SIFT,km20_paper_exact_prop,0.1,0.1,87,438.1311340332031,8015590,6872957.699381419,1.1662504485836453
SIFT,km20_paper_exact_prop,0.1,0.1,88,467.9649658203125,8117229,6808336.724020196,1.192248463763838
SIFT,km20_paper_exact_prop,0.1,0.1,89,449.4183044433594,8012957,8358119.424977556,1.0430755369057336
SIFT,km20_paper_exact_prop,0.1,0.1,90,433.1154479980469,7954572,8729028.305818468,1.0973598963990103
SIFT,km20_paper_exact_prop,0.1,0.1,91,451.5870666503906,8059356,8061326.681965943,1.00024452102202
SIFT,km20_paper_exact_prop,0.1,0.1,92,479.1251525878906,7928766,5051414.57135711,1.5696130040401461
SIFT,km20_paper_exact_prop,0.1,0.1,93,438.1471252441406,8046569,8500490.92877107,1.0564118606043233
SIFT,km20_paper_exact_prop,0.1,0.1,94,477.37188720703125,7929093,8747339.448121475,1.1031954661297925
SIFT,km20_paper_exact_prop,0.1,0.1,95,494.6036682128906,7956687,9728917.731945246,1.2227347553001955
SIFT,km20_paper_exact_prop,0.1,0.1,96,432.9142150878906,8036597,8935803.557111893,1.1118889695616059
SIFT,km20_paper_exact_prop,0.1,0.1,97,481.1961975097656,7910053,9122175.502858432,1.1532382277158486
SIFT,km20_paper_exact_prop,0.1,0.1,98,448.08123779296875,7926934,7029974.877714353,1.1275906582723485
SIFT,km20_paper_exact_prop,0.1,0.1,99,485.9123229980469,7982147,8699284.949226288,1.0898427389556078
SIFT,km20_paper_exact_prop,0.1,0.2,0,450.61346435546875,7932122,7704122.8593889875,1.0295944320686878
SIFT,km20_paper_exact_prop,0.1,0.2,1,450.30413818359375,8071441,9089185.332339518,1.1260920240065582
SIFT,km20_paper_exact_prop,0.1,0.2,2,461.1040954589844,8110755,6906728.625224201,1.1743265792112565
SIFT,km20_paper_exact_prop,0.1,0.2,3,462.1222839355469,8020030,7823259.329824561,1.0251520065844284
SIFT,km20_paper_exact_prop,0.1,0.2,4,431.63616943359375,8033917,7040509.404201681,1.1410988237875894
SIFT,km20_paper_exact_prop,0.1,0.2,5,434.86285400390625,7901252,7093588.599430621,1.1138582241200465
SIFT,km20_paper_exact_prop,0.1,0.2,6,388.046142578125,8028378,10384447.24439813,1.2934676524197204
SIFT,km20_paper_exact_prop,0.1,0.2,7,457.66656494140625,8012448,9181702.619881934,1.1459297607774719
SIFT,km20_paper_exact_prop,0.1,0.2,8,476.9913024902344,7939603,10020645.578100322,1.2621091480393065
SIFT,km20_paper_exact_prop,0.1,0.2,9,433.73712158203125,7865768,8539957.607123949,1.0857118601926663
SIFT,km20_paper_exact_prop,0.1,0.2,10,440.8808288574219,8092144,9411492.236659259,1.1630406276333267
SIFT,km20_paper_exact_prop,0.1,0.2,11,498.6571960449219,8021019,7728972.633597054,1.0377859232071092
SIFT,km20_paper_exact_prop,0.1,0.2,12,465.5845642089844,8030901,7677845.5699483175,1.0459836586754974
SIFT,km20_paper_exact_prop,0.1,0.2,13,466.43414306640625,7974524,6807712.290309107,1.1713955672527274
SIFT,km20_paper_exact_prop,0.1,0.2,14,463.9320983886719,7954463,8737151.637007741,1.0983961628846273
SIFT,km20_paper_exact_prop,0.1,0.2,15,408.9007263183594,7956526,8683007.9867732,1.0913064303155926
SIFT,km20_paper_exact_prop,0.1,0.2,16,498.0208740234375,8029329,8536338.848065972,1.0631447345184102
SIFT,km20_paper_exact_prop,0.1,0.2,17,441.5086669921875,7973593,8686614.534370854,1.089422865497506
SIFT,km20_paper_exact_prop,0.1,0.2,18,449.5707702636719,7903798,7297094.837442175,1.0831431105218432
SIFT,km20_paper_exact_prop,0.1,0.2,19,477.4197082519531,8008849,7291709.513527946,1.09834998022639
SIFT,km20_paper_exact_prop,0.1,0.2,20,398.1723327636719,8084366,7837849.528039386,1.031452054683969
SIFT,km20_paper_exact_prop,0.1,0.2,21,401.9685363769531,8028103,7825528.612485451,1.0258863519061634
SIFT,km20_paper_exact_prop,0.1,0.2,22,427.27392578125,8088635,8130831.17264673,1.0052167235444214
SIFT,km20_paper_exact_prop,0.1,0.2,23,465.30731201171875,8051639,8295085.343317921,1.0302356257301055
SIFT,km20_paper_exact_prop,0.1,0.2,24,455.15203857421875,8014826,9503432.556825701,1.1857316124923611
SIFT,km20_paper_exact_prop,0.1,0.2,25,440.13507080078125,7992644,7468051.386904762,1.0702449120817663
SIFT,km20_paper_exact_prop,0.1,0.2,26,450.986572265625,8003698,8254125.714752568,1.0312890010033573
SIFT,km20_paper_exact_prop,0.1,0.2,27,386.5642395019531,8026506,8037065.201222366,1.0013155414351358
SIFT,km20_paper_exact_prop,0.1,0.2,28,478.3063049316406,8049606,6413713.737388816,1.2550616272557866
SIFT,km20_paper_exact_prop,0.1,0.2,29,475.7086486816406,7872785,7687000.402867201,1.024168672745679
SIFT,km20_paper_exact_prop,0.1,0.2,30,470.4612731933594,7987092,8717387.452711666,1.09143446109193
SIFT,km20_paper_exact_prop,0.1,0.2,31,443.7033996582031,8031536,8941937.954319067,1.1133534051667162
SIFT,km20_paper_exact_prop,0.1,0.2,32,491.1689147949219,7987644,8708933.234252507,1.0903006235947055
SIFT,km20_paper_exact_prop,0.1,0.2,33,395.16693115234375,8045210,8514920.883237505,1.0583839182864718
SIFT,km20_paper_exact_prop,0.1,0.2,34,423.729736328125,8038608,8735236.419392021,1.0866603296730009
SIFT,km20_paper_exact_prop,0.1,0.2,35,455.2437744140625,8007695,9547303.133364663,1.1922660807341767
SIFT,km20_paper_exact_prop,0.1,0.2,36,432.60028076171875,7996348,7062826.370634074,1.1321739457233915
SIFT,km20_paper_exact_prop,0.1,0.2,37,430.46441650390625,8022540,8908604.805846699,1.110446916543476
SIFT,km20_paper_exact_prop,0.1,0.2,38,484.6388244628906,7937200,7730521.018694698,1.0267354529928179
SIFT,km20_paper_exact_prop,0.1,0.2,39,428.13665771484375,8023259,8303535.267433289,1.0349329701849697
SIFT,km20_paper_exact_prop,0.1,0.2,40,416.060791015625,8100893,8267713.431058589,1.0205928446479406
SIFT,km20_paper_exact_prop,0.1,0.2,41,497.7900390625,8061170,9414913.655712053,1.1679338924389453
SIFT,km20_paper_exact_prop,0.1,0.2,42,443.74169921875,7938675,7073886.604126074,1.1222508140531273
SIFT,km20_paper_exact_prop,0.1,0.2,43,443.9073181152344,8030231,8801152.786956089,1.0960024421409655
SIFT,km20_paper_exact_prop,0.1,0.2,44,448.0622863769531,7991981,7444510.8953869995,1.0735401038840902
SIFT,km20_paper_exact_prop,0.1,0.2,45,424.8149108886719,8033265,8298489.40659369,1.0330157671374827
SIFT,km20_paper_exact_prop,0.1,0.2,46,464.051513671875,8037302,5000257.211370187,1.6073777128352147
SIFT,km20_paper_exact_prop,0.1,0.2,47,461.7054138183594,8004689,9385464.83548689,1.1724958752909564
SIFT,km20_paper_exact_prop,0.1,0.2,48,435.3399658203125,7986856,7682712.428522901,1.0395880457985038
SIFT,km20_paper_exact_prop,0.1,0.2,49,460.3242492675781,8066320,8272653.39320544,1.0255796191082724
SIFT,km20_paper_exact_prop,0.1,0.2,50,405.986328125,7998345,10372775.099152852,1.2968651763774697
SIFT,km20_paper_exact_prop,0.1,0.2,51,404.2448425292969,7965644,7257153.640600862,1.0976264792625332
SIFT,km20_paper_exact_prop,0.1,0.2,52,465.2330627441406,7967048,7077929.304734877,1.1256184763911579
SIFT,km20_paper_exact_prop,0.1,0.2,53,487.79156494140625,7917653,8298743.735993542,1.048131780464936
SIFT,km20_paper_exact_prop,0.1,0.2,54,467.514404296875,7999017,7947537.87681851,1.0064773674538432
SIFT,km20_paper_exact_prop,0.1,0.2,55,395.586669921875,8055063,5152537.826551033,1.5633195274166163
SIFT,km20_paper_exact_prop,0.1,0.2,56,446.0043640136719,8013107,9523290.037211508,1.1884641047737796
SIFT,km20_paper_exact_prop,0.1,0.2,57,461.6609191894531,7929958,9380444.506350195,1.1829122558215561
SIFT,km20_paper_exact_prop,0.1,0.2,58,460.88275146484375,8004151,8339488.338238668,1.0418954287892204
SIFT,km20_paper_exact_prop,0.1,0.2,59,466.2606506347656,7925314,7486990.911751661,1.0585446267285221
SIFT,km20_paper_exact_prop,0.1,0.2,60,493.7353515625,8022659,7352848.391437848,1.0910953922757505
SIFT,km20_paper_exact_prop,0.1,0.2,61,468.54638671875,7993508,9500956.663454592,1.1885841189443473
SIFT,km20_paper_exact_prop,0.1,0.2,62,459.560546875,8066606,8501764.987896826,1.053945734785711
SIFT,km20_paper_exact_prop,0.1,0.2,63,450.0906677246094,7957435,7122919.824274097,1.1171591420813092
SIFT,km20_paper_exact_prop,0.1,0.2,64,423.4005126953125,8051785,8086697.637787174,1.0043360121745892
SIFT,km20_paper_exact_prop,0.1,0.2,65,503.074462890625,7928451,7315598.661321885,1.0837733679839916
SIFT,km20_paper_exact_prop,0.1,0.2,66,458.9324645996094,8060024,8166274.44938799,1.013182398636529
SIFT,km20_paper_exact_prop,0.1,0.2,67,449.2168884277344,7972658,10416868.341211379,1.3065740862346509
SIFT,km20_paper_exact_prop,0.1,0.2,68,433.3220520019531,8016276,6615400.670708649,1.2117597102612514
SIFT,km20_paper_exact_prop,0.1,0.2,69,439.2687072753906,7935577,7092693.242729542,1.118838321132028
SIFT,km20_paper_exact_prop,0.1,0.2,70,446.07623291015625,8043178,6643026.67680334,1.2107700888942419
SIFT,km20_paper_exact_prop,0.1,0.2,71,459.6553039550781,8029664,9575545.416393926,1.192521308039032
SIFT,km20_paper_exact_prop,0.1,0.2,72,467.38519287109375,7980988,7681308.903368322,1.0390140665349712
SIFT,km20_paper_exact_prop,0.1,0.2,73,399.5403747558594,8053529,7201635.190460807,1.1182917194511048
SIFT,km20_paper_exact_prop,0.1,0.2,74,504.7834167480469,8000569,7769131.134558561,1.029789414212866
SIFT,km20_paper_exact_prop,0.1,0.2,75,477.9005126953125,7956611,8960508.819883512,1.1261715345746464
SIFT,km20_paper_exact_prop,0.1,0.2,76,427.6597900390625,8081974,7226096.088363679,1.1184426419425224
SIFT,km20_paper_exact_prop,0.1,0.2,77,467.7328186035156,8012863,8095721.390220886,1.010340672269186
SIFT,km20_paper_exact_prop,0.1,0.2,78,452.9413757324219,8010995,8357992.483134306,1.0433151541268353
SIFT,km20_paper_exact_prop,0.1,0.2,79,476.085693359375,7916321,7332351.456403255,1.0796428740587403
SIFT,km20_paper_exact_prop,0.1,0.2,80,428.4750671386719,7972730,7877840.27080505,1.0120451451074233
SIFT,km20_paper_exact_prop,0.1,0.2,81,453.38372802734375,8067930,8282708.77547361,1.0266212988305066
SIFT,km20_paper_exact_prop,0.1,0.2,82,458.3464660644531,7986520,8117829.973556744,1.0164414505387507
SIFT,km20_paper_exact_prop,0.1,0.2,83,434.3740234375,7992242,7419161.460150376,1.0772433034282567
SIFT,km20_paper_exact_prop,0.1,0.2,84,391.2173156738281,8015055,5771058.184047075,1.3888362834663495
SIFT,km20_paper_exact_prop,0.1,0.2,85,467.4007873535156,8005612,8698216.254007569,1.086514841589571
SIFT,km20_paper_exact_prop,0.1,0.2,86,389.9203796386719,8009052,7276505.306427835,1.1006728728590436
SIFT,km20_paper_exact_prop,0.1,0.2,87,438.1311340332031,8015590,6893546.134202137,1.162767296244073
SIFT,km20_paper_exact_prop,0.1,0.2,88,467.9649658203125,8117229,6597668.116146554,1.2303178724820374
SIFT,km20_paper_exact_prop,0.1,0.2,89,449.4183044433594,8012957,8557968.380584367,1.068016261735133
SIFT,km20_paper_exact_prop,0.1,0.2,90,433.1154479980469,7954572,7689484.000289941,1.034474094711695
SIFT,km20_paper_exact_prop,0.1,0.2,91,451.5870666503906,8059356,10141795.11941085,1.2583877817794438
SIFT,km20_paper_exact_prop,0.1,0.2,92,479.1251525878906,7928766,9839400.502610816,1.2409750146001048
SIFT,km20_paper_exact_prop,0.1,0.2,93,438.1471252441406,8046569,7220140.666742319,1.1144615280231873
SIFT,km20_paper_exact_prop,0.1,0.2,94,477.37188720703125,7929093,7911411.455659343,1.0022349418229295
SIFT,km20_paper_exact_prop,0.1,0.2,95,494.6036682128906,7956687,8052980.155141477,1.012102167037798
SIFT,km20_paper_exact_prop,0.1,0.2,96,432.9142150878906,8036597,9331409.901603853,1.1611145739426592
SIFT,km20_paper_exact_prop,0.1,0.2,97,481.1961975097656,7910053,9520262.036565447,1.2035648859199106
SIFT,km20_paper_exact_prop,0.1,0.2,98,448.08123779296875,7926934,7044407.784788159,1.1252803986046331
SIFT,km20_paper_exact_prop,0.1,0.2,99,485.9123229980469,7982147,9564590.666340299,1.198247873202573
SIFT,km20_paper_exact_prop,0.1,0.3,0,450.61346435546875,7932122,9946424.420136364,1.253942440640268
SIFT,km20_paper_exact_prop,0.1,0.3,1,450.30413818359375,8071441,6818117.001212043,1.1838226006630799
SIFT,km20_paper_exact_prop,0.1,0.3,2,461.1040954589844,8110755,6292595.113755209,1.288936417070663
SIFT,km20_paper_exact_prop,0.1,0.3,3,462.1222839355469,8020030,9275446.993316626,1.1565351991596822
SIFT,km20_paper_exact_prop,0.1,0.3,4,431.63616943359375,8033917,8678995.381979458,1.0802943796879478
SIFT,km20_paper_exact_prop,0.1,0.3,5,434.86285400390625,7901252,8773572.78065071,1.1104028552248062
SIFT,km20_paper_exact_prop,0.1,0.3,6,388.046142578125,8028378,8299456.044582654,1.033764982737815
SIFT,km20_paper_exact_prop,0.1,0.3,7,457.66656494140625,8012448,9410800.147493402,1.174522461486602
SIFT,km20_paper_exact_prop,0.1,0.3,8,476.9913024902344,7939603,7092604.224468685,1.1194199970455514
SIFT,km20_paper_exact_prop,0.1,0.3,9,433.73712158203125,7865768,9156635.36650268,1.164112057017532
SIFT,km20_paper_exact_prop,0.1,0.3,10,440.8808288574219,8092144,6687237.424623973,1.2100877367091578
SIFT,km20_paper_exact_prop,0.1,0.3,11,498.6571960449219,8021019,8773849.795011662,1.0938572511811357
SIFT,km20_paper_exact_prop,0.1,0.3,12,465.5845642089844,8030901,6457958.654424941,1.243566493646919
SIFT,km20_paper_exact_prop,0.1,0.3,13,466.43414306640625,7974524,6820534.457738095,1.1691934186994204
SIFT,km20_paper_exact_prop,0.1,0.3,14,463.9320983886719,7954463,8729715.553231614,1.097461331234002
SIFT,km20_paper_exact_prop,0.1,0.3,15,408.9007263183594,7956526,8283083.504672167,1.0410427245096876
SIFT,km20_paper_exact_prop,0.1,0.3,16,498.0208740234375,8029329,7685418.707019392,1.0447484133384302
SIFT,km20_paper_exact_prop,0.1,0.3,17,441.5086669921875,7973593,7455517.722423065,1.0694888399257347
SIFT,km20_paper_exact_prop,0.1,0.3,18,449.5707702636719,7903798,7307379.75469685,1.0816186191664392
SIFT,km20_paper_exact_prop,0.1,0.3,19,477.4197082519531,8008849,8539032.839582508,1.0661997547440973
SIFT,km20_paper_exact_prop,0.1,0.3,20,398.1723327636719,8084366,8652225.205439407,1.0702416498015315
SIFT,km20_paper_exact_prop,0.1,0.3,21,401.9685363769531,8028103,8020972.91539458,1.0008889301435908
SIFT,km20_paper_exact_prop,0.1,0.3,22,427.27392578125,8088635,7692261.8453358235,1.0515288172235733
SIFT,km20_paper_exact_prop,0.1,0.3,23,465.30731201171875,8051639,9530682.335271485,1.1836946906426735
SIFT,km20_paper_exact_prop,0.1,0.3,24,455.15203857421875,8014826,8059433.50113746,1.0055656231510777
SIFT,km20_paper_exact_prop,0.1,0.3,25,440.13507080078125,7992644,8525058.292006336,1.0666130371884868
SIFT,km20_paper_exact_prop,0.1,0.3,26,450.986572265625,8003698,7426455.651820729,1.077727838856447
SIFT,km20_paper_exact_prop,0.1,0.3,27,386.5642395019531,8026506,8883276.627818909,1.1067426633480257
SIFT,km20_paper_exact_prop,0.1,0.3,28,478.3063049316406,8049606,7265990.631851073,1.1078470105251559
SIFT,km20_paper_exact_prop,0.1,0.3,29,475.7086486816406,7872785,8547963.654401256,1.0857610939967566
SIFT,km20_paper_exact_prop,0.1,0.3,30,470.4612731933594,7987092,6230346.5183997825,1.2819659350265842
SIFT,km20_paper_exact_prop,0.1,0.3,31,443.7033996582031,8031536,7689971.05673233,1.0444169348295065
SIFT,km20_paper_exact_prop,0.1,0.3,32,491.1689147949219,7987644,9306744.833805634,1.1651426670750016
SIFT,km20_paper_exact_prop,0.1,0.3,33,395.16693115234375,8045210,8745059.535559487,1.0869895920130719
SIFT,km20_paper_exact_prop,0.1,0.3,34,423.729736328125,8038608,8507873.50966666,1.0583764638935822
SIFT,km20_paper_exact_prop,0.1,0.3,35,455.2437744140625,8007695,7667458.471658313,1.0443740947015656
SIFT,km20_paper_exact_prop,0.1,0.3,36,432.60028076171875,7996348,8087163.158557822,1.0113570793264404
SIFT,km20_paper_exact_prop,0.1,0.3,37,430.46441650390625,8022540,7271662.573082829,1.103260763184565
SIFT,km20_paper_exact_prop,0.1,0.3,38,484.6388244628906,7937200,8145037.196472496,1.0261852034057974
SIFT,km20_paper_exact_prop,0.1,0.3,39,428.13665771484375,8023259,10775430.70759251,1.3430241635715001
SIFT,km20_paper_exact_prop,0.1,0.3,40,416.060791015625,8100893,9717490.697675684,1.1995579620266166
SIFT,km20_paper_exact_prop,0.1,0.3,41,497.7900390625,8061170,7519149.863891597,1.0720852950027353
SIFT,km20_paper_exact_prop,0.1,0.3,42,443.74169921875,7938675,9178152.026029555,1.1561314735808628
SIFT,km20_paper_exact_prop,0.1,0.3,43,443.9073181152344,8030231,7542728.3242141735,1.0646321403650205
SIFT,km20_paper_exact_prop,0.1,0.3,44,448.0622863769531,7991981,7841246.4558952255,1.0192232886636854
SIFT,km20_paper_exact_prop,0.1,0.3,45,424.8149108886719,8033265,7243216.987952726,1.1090741880798711
SIFT,km20_paper_exact_prop,0.1,0.3,46,464.051513671875,8037302,7498681.25337947,1.0718287294019582
SIFT,km20_paper_exact_prop,0.1,0.3,47,461.7054138183594,8004689,9189763.306115596,1.1480475139153559
SIFT,km20_paper_exact_prop,0.1,0.3,48,435.3399658203125,7986856,9519797.58266868,1.191933043824589
SIFT,km20_paper_exact_prop,0.1,0.3,49,460.3242492675781,8066320,9719092.51791037,1.204897960645049
SIFT,km20_paper_exact_prop,0.1,0.3,50,405.986328125,7998345,8901792.26069435,1.1129542750024348
SIFT,km20_paper_exact_prop,0.1,0.3,51,404.2448425292969,7965644,8716362.73220856,1.0942445748527752
SIFT,km20_paper_exact_prop,0.1,0.3,52,465.2330627441406,7967048,8301211.947623348,1.0419432577315146
SIFT,km20_paper_exact_prop,0.1,0.3,53,487.79156494140625,7917653,8084822.647900089,1.0211135355262586
SIFT,km20_paper_exact_prop,0.1,0.3,54,467.514404296875,7999017,7352993.500846944,1.0878585706731068
SIFT,km20_paper_exact_prop,0.1,0.3,55,395.586669921875,8055063,8465662.237842048,1.0509740566699537
SIFT,km20_paper_exact_prop,0.1,0.3,56,446.0043640136719,8013107,7448605.665752954,1.0757861752357893
SIFT,km20_paper_exact_prop,0.1,0.3,57,461.6609191894531,7929958,9798772.038748724,1.2356650613721691
SIFT,km20_paper_exact_prop,0.1,0.3,58,460.88275146484375,8004151,9187064.336787514,1.1477874838677473
SIFT,km20_paper_exact_prop,0.1,0.3,59,466.2606506347656,7925314,8788590.53924201,1.1089264777700936
SIFT,km20_paper_exact_prop,0.1,0.3,60,493.7353515625,8022659,7548257.909021401,1.0628490834171964
SIFT,km20_paper_exact_prop,0.1,0.3,61,468.54638671875,7993508,9280958.458772544,1.161062009167007
SIFT,km20_paper_exact_prop,0.1,0.3,62,459.560546875,8066606,7246692.718988648,1.1131431002811694
SIFT,km20_paper_exact_prop,0.1,0.3,63,450.0906677246094,7957435,6888944.1086855,1.155102273215914
SIFT,km20_paper_exact_prop,0.1,0.3,64,423.4005126953125,8051785,8065333.1642913325,1.0016826286707026
SIFT,km20_paper_exact_prop,0.1,0.3,65,503.074462890625,7928451,9409986.752140874,1.1868632034354345
SIFT,km20_paper_exact_prop,0.1,0.3,66,458.9324645996094,8060024,7549390.93823397,1.0676389745800452
SIFT,km20_paper_exact_prop,0.1,0.3,67,449.2168884277344,7972658,11037276.968847156,1.3843911238694995
SIFT,km20_paper_exact_prop,0.1,0.3,68,433.3220520019531,8016276,6836787.396725315,1.1725208836886807
SIFT,km20_paper_exact_prop,0.1,0.3,69,439.2687072753906,7935577,9760880.97809229,1.2300152815721264
SIFT,km20_paper_exact_prop,0.1,0.3,70,446.07623291015625,8043178,6870500.321384342,1.1706830105175476
SIFT,km20_paper_exact_prop,0.1,0.3,71,459.6553039550781,8029664,9967811.420055654,1.2413734148845648
SIFT,km20_paper_exact_prop,0.1,0.3,72,467.38519287109375,7980988,8056837.027953982,1.0095037140707368
SIFT,km20_paper_exact_prop,0.1,0.3,73,399.5403747558594,8053529,7837192.218206001,1.0276038631911366
SIFT,km20_paper_exact_prop,0.1,0.3,74,504.7834167480469,8000569,7137203.636634263,1.1209668950643643
SIFT,km20_paper_exact_prop,0.1,0.3,75,477.9005126953125,7956611,8747785.232635746,1.0994360831057024
SIFT,km20_paper_exact_prop,0.1,0.3,76,427.6597900390625,8081974,7038753.892530345,1.148210908265558
SIFT,km20_paper_exact_prop,0.1,0.3,77,467.7328186035156,8012863,8687767.879861392,1.0842276823978385
SIFT,km20_paper_exact_prop,0.1,0.3,78,452.9413757324219,8010995,7325791.913352008,1.0935329715548074
SIFT,km20_paper_exact_prop,0.1,0.3,79,476.085693359375,7916321,7733146.271493211,1.0236869602715297
SIFT,km20_paper_exact_prop,0.1,0.3,80,428.4750671386719,7972730,6429453.708221629,1.2400322580758167
SIFT,km20_paper_exact_prop,0.1,0.3,81,453.38372802734375,8067930,9705732.970013978,1.203001633630185
SIFT,km20_paper_exact_prop,0.1,0.3,82,458.3464660644531,7986520,8574063.741905421,1.0735669280118776
SIFT,km20_paper_exact_prop,0.1,0.3,83,434.3740234375,7992242,8882507.38863332,1.1113911951907012
SIFT,km20_paper_exact_prop,0.1,0.3,84,391.2173156738281,8015055,7418576.908595017,1.0804033035923528
SIFT,km20_paper_exact_prop,0.1,0.3,85,467.4007873535156,8005612,8493852.867659343,1.0609873258483353
SIFT,km20_paper_exact_prop,0.1,0.3,86,389.9203796386719,8009052,7512027.406226965,1.066163841915837
SIFT,km20_paper_exact_prop,0.1,0.3,87,438.1311340332031,8015590,7476071.254775767,1.0721660785241425
SIFT,km20_paper_exact_prop,0.1,0.3,88,467.9649658203125,8117229,8048754.33338457,1.0085074862244723
SIFT,km20_paper_exact_prop,0.1,0.3,89,449.4183044433594,8012957,7305663.184854131,1.0968144571203622
SIFT,km20_paper_exact_prop,0.1,0.3,90,433.1154479980469,7954572,9173442.745584551,1.153228953812292
SIFT,km20_paper_exact_prop,0.1,0.3,91,451.5870666503906,8059356,5795098.2074217405,1.3907194859404524
SIFT,km20_paper_exact_prop,0.1,0.3,92,479.1251525878906,7928766,7750514.1750605395,1.0229987096227804
SIFT,km20_paper_exact_prop,0.1,0.3,93,438.1471252441406,8046569,8514331.810527544,1.0581319579223822
SIFT,km20_paper_exact_prop,0.1,0.3,94,477.37188720703125,7929093,6666834.162869797,1.189334068658887
SIFT,km20_paper_exact_prop,0.1,0.3,95,494.6036682128906,7956687,9310221.104695793,1.170112774914458
SIFT,km20_paper_exact_prop,0.1,0.3,96,432.9142150878906,8036597,7885259.27823052,1.0191924851713234
SIFT,km20_paper_exact_prop,0.1,0.3,97,481.1961975097656,7910053,6036487.1733507225,1.3103735289823042
SIFT,km20_paper_exact_prop,0.1,0.3,98,448.08123779296875,7926934,7897295.213792003,1.0037530300445443
SIFT,km20_paper_exact_prop,0.1,0.3,99,485.9123229980469,7982147,9746973.533771459,1.2210967216929804
SIFT,km20_paper_exact_prop,0.1,0.4,0,450.61346435546875,7932122,8108803.811180864,1.0222742175650934
SIFT,km20_paper_exact_prop,0.1,0.4,1,450.30413818359375,8071441,10756564.704076452,1.3326696811729717
SIFT,km20_paper_exact_prop,0.1,0.4,2,461.1040954589844,8110755,9001802.383486278,1.1098599801727802
SIFT,km20_paper_exact_prop,0.1,0.4,3,462.1222839355469,8020030,7626557.882372599,1.051592359711429
SIFT,km20_paper_exact_prop,0.1,0.4,4,431.63616943359375,8033917,7009744.438011697,1.1461069759454467
SIFT,km20_paper_exact_prop,0.1,0.4,5,434.86285400390625,7901252,11455941.553646198,1.4498894040648491
SIFT,km20_paper_exact_prop,0.1,0.4,6,388.046142578125,8028378,9325482.511346756,1.161564952640092
SIFT,km20_paper_exact_prop,0.1,0.4,7,457.66656494140625,8012448,7923637.067521299,1.0112083544112254
SIFT,km20_paper_exact_prop,0.1,0.4,8,476.9913024902344,7939603,7077530.376797383,1.1218041572846924
SIFT,km20_paper_exact_prop,0.1,0.4,9,433.73712158203125,7865768,9159760.491647895,1.164509364075815
SIFT,km20_paper_exact_prop,0.1,0.4,10,440.8808288574219,8092144,10658244.706882179,1.317110114066455
SIFT,km20_paper_exact_prop,0.1,0.4,11,498.6571960449219,8021019,7733692.131530841,1.0371526126955204
SIFT,km20_paper_exact_prop,0.1,0.4,12,465.5845642089844,8030901,9373178.51432228,1.1671390936486803
SIFT,km20_paper_exact_prop,0.1,0.4,13,466.43414306640625,7974524,6812618.132799948,1.1705520322071121
SIFT,km20_paper_exact_prop,0.1,0.4,14,463.9320983886719,7954463,6431266.613793103,1.2368423636706503
SIFT,km20_paper_exact_prop,0.1,0.4,15,408.9007263183594,7956526,8480166.802717552,1.065812743239644
SIFT,km20_paper_exact_prop,0.1,0.4,16,498.0208740234375,8029329,9363701.266113704,1.166187269959134
SIFT,km20_paper_exact_prop,0.1,0.4,17,441.5086669921875,7973593,8296430.599036754,1.0404883468515078
SIFT,km20_paper_exact_prop,0.1,0.4,18,449.5707702636719,7903798,6231111.790008916,1.2684410529551247
SIFT,km20_paper_exact_prop,0.1,0.4,19,477.4197082519531,8008849,8114802.654741668,1.013229573280963
SIFT,km20_paper_exact_prop,0.1,0.4,20,398.1723327636719,8084366,7810032.089353819,1.0351258365532372
SIFT,km20_paper_exact_prop,0.1,0.4,21,401.9685363769531,8028103,6982971.649288137,1.1496685656483234
SIFT,km20_paper_exact_prop,0.1,0.4,22,427.27392578125,8088635,7912328.692946023,1.0222824801516597
SIFT,km20_paper_exact_prop,0.1,0.4,23,465.30731201171875,8051639,8071342.384327948,1.002447127141188
SIFT,km20_paper_exact_prop,0.1,0.4,24,455.15203857421875,8014826,8476629.308923893,1.057618631885944
SIFT,km20_paper_exact_prop,0.1,0.4,25,440.13507080078125,7992644,7266192.611563836,1.0999768967423251
SIFT,km20_paper_exact_prop,0.1,0.4,26,450.986572265625,8003698,7829686.447100679,1.022224587673464
SIFT,km20_paper_exact_prop,0.1,0.4,27,386.5642395019531,8026506,8858415.830500163,1.1036453259363617
SIFT,km20_paper_exact_prop,0.1,0.4,28,478.3063049316406,8049606,6635898.765277778,1.2130393010392835
SIFT,km20_paper_exact_prop,0.1,0.4,29,475.7086486816406,7872785,7707996.01164294,1.0213789664795032
SIFT,km20_paper_exact_prop,0.1,0.4,30,470.4612731933594,7987092,8708074.134904118,1.0902684149505375
SIFT,km20_paper_exact_prop,0.1,0.4,31,443.7033996582031,8031536,7862709.063924519,1.0214718533654117
SIFT,km20_paper_exact_prop,0.1,0.4,32,491.1689147949219,7987644,8520359.415280337,1.0666924333733871
SIFT,km20_paper_exact_prop,0.1,0.4,33,395.16693115234375,8045210,7056313.450464397,1.1401435121154546
SIFT,km20_paper_exact_prop,0.1,0.4,34,423.729736328125,8038608,8732248.355634756,1.0862886155954807
SIFT,km20_paper_exact_prop,0.1,0.4,35,455.2437744140625,8007695,8068696.318170426,1.0076178373639888
SIFT,km20_paper_exact_prop,0.1,0.4,36,432.60028076171875,7996348,8302670.373912775,1.0383077842426036
SIFT,km20_paper_exact_prop,0.1,0.4,37,430.46441650390625,8022540,7051546.0833198195,1.137699435727582
SIFT,km20_paper_exact_prop,0.1,0.4,38,484.6388244628906,7937200,7929529.442474888,1.0009673408215152
SIFT,km20_paper_exact_prop,0.1,0.4,39,428.13665771484375,8023259,7046737.831185808,1.1385777635280445
SIFT,km20_paper_exact_prop,0.1,0.4,40,416.060791015625,8100893,8467930.306631386,1.045308252637257
SIFT,km20_paper_exact_prop,0.1,0.4,41,497.7900390625,8061170,9001578.428736344,1.116659049336057
SIFT,km20_paper_exact_prop,0.1,0.4,42,443.74169921875,7938675,7725888.046151752,1.0275420705784415
SIFT,km20_paper_exact_prop,0.1,0.4,43,443.9073181152344,8030231,7763096.79531813,1.03441077854948
SIFT,km20_paper_exact_prop,0.1,0.4,44,448.0622863769531,7991981,7276911.2936435845,1.098265552169233
SIFT,km20_paper_exact_prop,0.1,0.4,45,424.8149108886719,8033265,8915641.7107708,1.1098403589039825
SIFT,km20_paper_exact_prop,0.1,0.4,46,464.051513671875,8037302,7510319.3141684905,1.0701678136157724
SIFT,km20_paper_exact_prop,0.1,0.4,47,461.7054138183594,8004689,7512762.6706224205,1.0654787527497955
SIFT,km20_paper_exact_prop,0.1,0.4,48,435.3399658203125,7986856,8897442.732315443,1.1140106610555447
SIFT,km20_paper_exact_prop,0.1,0.4,49,460.3242492675781,8066320,6836348.641014274,1.1799164178969141
SIFT,km20_paper_exact_prop,0.1,0.4,50,405.986328125,7998345,8504002.256193487,1.0632202357104485
SIFT,km20_paper_exact_prop,0.1,0.4,51,404.2448425292969,7965644,7868439.626910387,1.012353703872515
SIFT,km20_paper_exact_prop,0.1,0.4,52,465.2330627441406,7967048,7066776.00555617,1.1273950092285367
SIFT,km20_paper_exact_prop,0.1,0.4,53,487.79156494140625,7917653,7667494.5688234465,1.0326258374141815
SIFT,km20_paper_exact_prop,0.1,0.4,54,467.514404296875,7999017,8595202.459099917,1.0745323405488345
SIFT,km20_paper_exact_prop,0.1,0.4,55,395.586669921875,8055063,9895461.829440609,1.2284772731685163
SIFT,km20_paper_exact_prop,0.1,0.4,56,446.0043640136719,8013107,8673103.367933914,1.0823646018871225
SIFT,km20_paper_exact_prop,0.1,0.4,57,461.6609191894531,7929958,7290907.545791088,1.0876503302497402
SIFT,km20_paper_exact_prop,0.1,0.4,58,460.88275146484375,8004151,8136941.283011242,1.0165901771482375
SIFT,km20_paper_exact_prop,0.1,0.4,59,466.2606506347656,7925314,8572600.134938775,1.0816732478913484
SIFT,km20_paper_exact_prop,0.1,0.4,60,493.7353515625,8022659,7768507.933997929,1.0327155572423128
SIFT,km20_paper_exact_prop,0.1,0.4,61,468.54638671875,7993508,8231703.230351001,1.0297985853458833
SIFT,km20_paper_exact_prop,0.1,0.4,62,459.560546875,8066606,7891283.383636174,1.0222172500771403
SIFT,km20_paper_exact_prop,0.1,0.4,63,450.0906677246094,7957435,6494659.083238102,1.2252275135637434
SIFT,km20_paper_exact_prop,0.1,0.4,64,423.4005126953125,8051785,8083697.944761646,1.003963462109538
SIFT,km20_paper_exact_prop,0.1,0.4,65,503.074462890625,7928451,7948752.9185486715,1.0025606412335362
SIFT,km20_paper_exact_prop,0.1,0.4,66,458.9324645996094,8060024,5440052.7476590695,1.4816076927688506
SIFT,km20_paper_exact_prop,0.1,0.4,67,449.2168884277344,7972658,6443335.251570369,1.2373495540305628
SIFT,km20_paper_exact_prop,0.1,0.4,68,433.3220520019531,8016276,9352190.169707961,1.1666502213381826
SIFT,km20_paper_exact_prop,0.1,0.4,69,439.2687072753906,7935577,8575988.380578898,1.0807013000540349
SIFT,km20_paper_exact_prop,0.1,0.4,70,446.07623291015625,8043178,8084925.156094875,1.0051903807294673
SIFT,km20_paper_exact_prop,0.1,0.4,71,459.6553039550781,8029664,6666858.082559341,1.2044150183736162
SIFT,km20_paper_exact_prop,0.1,0.4,72,467.38519287109375,7980988,8515077.876341704,1.0669202705657124
SIFT,km20_paper_exact_prop,0.1,0.4,73,399.5403747558594,8053529,8871514.823410189,1.1015686195964762
SIFT,km20_paper_exact_prop,0.1,0.4,74,504.7834167480469,8000569,9223896.666174904,1.1529050828978418
SIFT,km20_paper_exact_prop,0.1,0.4,75,477.9005126953125,7956611,7935303.315394729,1.0026851758223196
SIFT,km20_paper_exact_prop,0.1,0.4,76,427.6597900390625,8081974,8674961.651201533,1.0733716355931773
SIFT,km20_paper_exact_prop,0.1,0.4,77,467.7328186035156,8012863,6001873.464364437,1.3350603020166327
SIFT,km20_paper_exact_prop,0.1,0.4,78,452.9413757324219,8010995,8554463.688898718,1.0678403480340104
SIFT,km20_paper_exact_prop,0.1,0.4,79,476.085693359375,7916321,7729353.9999442585,1.024189214267724
SIFT,km20_paper_exact_prop,0.1,0.4,80,428.4750671386719,7972730,7869257.408302704,1.0131489651854728
SIFT,km20_paper_exact_prop,0.1,0.4,81,453.38372802734375,8067930,8069846.871445857,1.00023759148206
SIFT,km20_paper_exact_prop,0.1,0.4,82,458.3464660644531,7986520,6872203.895933139,1.162148289099265
SIFT,km20_paper_exact_prop,0.1,0.4,83,434.3740234375,7992242,8891135.36379672,1.1124707389737098
SIFT,km20_paper_exact_prop,0.1,0.4,84,391.2173156738281,8015055,8235683.226944173,1.0275267265095713
SIFT,km20_paper_exact_prop,0.1,0.4,85,467.4007873535156,8005612,7884907.960436631,1.0153082369723292
SIFT,km20_paper_exact_prop,0.1,0.4,86,389.9203796386719,8009052,7696844.287916482,1.0405630801929646
SIFT,km20_paper_exact_prop,0.1,0.4,87,438.1311340332031,8015590,6644676.717654487,1.2063175291437553
SIFT,km20_paper_exact_prop,0.1,0.4,88,467.9649658203125,8117229,8069147.191934408,1.0059587223930744
SIFT,km20_paper_exact_prop,0.1,0.4,89,449.4183044433594,8012957,7500265.975443048,1.0683563791251638
SIFT,km20_paper_exact_prop,0.1,0.4,90,433.1154479980469,7954572,8943644.083940243,1.1243400756118926
SIFT,km20_paper_exact_prop,0.1,0.4,91,451.5870666503906,8059356,8093669.392044025,1.0042575848546738
SIFT,km20_paper_exact_prop,0.1,0.4,92,479.1251525878906,7928766,8780350.003896253,1.1074043557214646
SIFT,km20_paper_exact_prop,0.1,0.4,93,438.1471252441406,8046569,6842055.924066267,1.1760454882715845
SIFT,km20_paper_exact_prop,0.1,0.4,94,477.37188720703125,7929093,6673522.760958769,1.1881420479130644
SIFT,km20_paper_exact_prop,0.1,0.4,95,494.6036682128906,7956687,7834886.630686492,1.0155459006689975
SIFT,km20_paper_exact_prop,0.1,0.4,96,432.9142150878906,8036597,7267130.466536367,1.10588313186434
SIFT,km20_paper_exact_prop,0.1,0.4,97,481.1961975097656,7910053,9727125.571113857,1.2297168642376803
SIFT,km20_paper_exact_prop,0.1,0.4,98,448.08123779296875,7926934,9109536.384159392,1.149187868116398
SIFT,km20_paper_exact_prop,0.1,0.4,99,485.9123229980469,7982147,6010793.595374307,1.3279689068250118
SIFT,km20_paper_exact_prop,0.1,0.5,0,450.61346435546875,7932122,8098617.174815179,1.0209899916838368
SIFT,km20_paper_exact_prop,0.1,0.5,1,450.30413818359375,8071441,8261259.78299342,1.023517335131784
SIFT,km20_paper_exact_prop,0.1,0.5,2,461.1040954589844,8110755,5669734.645050956,1.4305352027505875
SIFT,km20_paper_exact_prop,0.1,0.5,3,462.1222839355469,8020030,7442956.044360902,1.0775328985150079
SIFT,km20_paper_exact_prop,0.1,0.5,4,431.63616943359375,8033917,7030678.408403362,1.142694421977476
SIFT,km20_paper_exact_prop,0.1,0.5,5,434.86285400390625,7901252,7100059.603800674,1.1128430521583856
SIFT,km20_paper_exact_prop,0.1,0.5,6,388.046142578125,8028378,8889605.482447691,1.1072729114707467
SIFT,km20_paper_exact_prop,0.1,0.5,7,457.66656494140625,8012448,8773664.235330367,1.0950042028766198
SIFT,km20_paper_exact_prop,0.1,0.5,8,476.9913024902344,7939603,8121657.4172790265,1.0229299144149937
SIFT,km20_paper_exact_prop,0.1,0.5,9,433.73712158203125,7865768,9137803.323615057,1.1617178797563135
SIFT,km20_paper_exact_prop,0.1,0.5,10,440.8808288574219,8092144,6900078.674919943,1.172761120740973
SIFT,km20_paper_exact_prop,0.1,0.5,11,498.6571960449219,8021019,10231866.10654875,1.2756317004795463
SIFT,km20_paper_exact_prop,0.1,0.5,12,465.5845642089844,8030901,8716021.039378302,1.085310482519745
SIFT,km20_paper_exact_prop,0.1,0.5,13,466.43414306640625,7974524,8279336.363875375,1.038223267479711
SIFT,km20_paper_exact_prop,0.1,0.5,14,463.9320983886719,7954463,8523203.62433557,1.0714995624890795
SIFT,km20_paper_exact_prop,0.1,0.5,15,408.9007263183594,7956526,8308609.912633246,1.0442509598577627
SIFT,km20_paper_exact_prop,0.1,0.5,16,498.0208740234375,8029329,9151180.876119072,1.1397192562565404
SIFT,km20_paper_exact_prop,0.1,0.5,17,441.5086669921875,7973593,7681338.515816543,1.0380473381796258
SIFT,km20_paper_exact_prop,0.1,0.5,18,449.5707702636719,7903798,7481863.337966269,1.056394328922402
SIFT,km20_paper_exact_prop,0.1,0.5,19,477.4197082519531,8008849,7246517.702478474,1.105199673666814
SIFT,km20_paper_exact_prop,0.1,0.5,20,398.1723327636719,8084366,9472259.549340744,1.17167623897047
SIFT,km20_paper_exact_prop,0.1,0.5,21,401.9685363769531,8028103,7822646.091503844,1.0262643747515694
SIFT,km20_paper_exact_prop,0.1,0.5,22,427.27392578125,8088635,9340414.324553816,1.1547577959141209
SIFT,km20_paper_exact_prop,0.1,0.5,23,465.30731201171875,8051639,10170929.753213918,1.2632123413896124
SIFT,km20_paper_exact_prop,0.1,0.5,24,455.15203857421875,8014826,6822374.069691197,1.174785480556738
SIFT,km20_paper_exact_prop,0.1,0.5,25,440.13507080078125,7992644,7278123.441900094,1.0981737344528149
SIFT,km20_paper_exact_prop,0.1,0.5,26,450.986572265625,8003698,9284290.230625585,1.160000068796397
SIFT,km20_paper_exact_prop,0.1,0.5,27,386.5642395019531,8026506,8447847.79199277,1.0524937989198253
SIFT,km20_paper_exact_prop,0.1,0.5,28,478.3063049316406,8049606,7050251.400793651,1.1417473707524601
SIFT,km20_paper_exact_prop,0.1,0.5,29,475.7086486816406,7872785,10205904.101479178,1.2963524472571242
SIFT,km20_paper_exact_prop,0.1,0.5,30,470.4612731933594,7987092,8709889.783493485,1.0904957378096416
SIFT,km20_paper_exact_prop,0.1,0.5,31,443.7033996582031,8031536,8096669.276007906,1.0081096910986773
SIFT,km20_paper_exact_prop,0.1,0.5,32,491.1689147949219,7987644,8930733.524895128,1.1180685474834793
SIFT,km20_paper_exact_prop,0.1,0.5,33,395.16693115234375,8045210,9155705.629795076,1.1380319009441737
SIFT,km20_paper_exact_prop,0.1,0.5,34,423.729736328125,8038608,8102090.189216279,1.0078971619484716
SIFT,km20_paper_exact_prop,0.1,0.5,35,455.2437744140625,8007695,7684701.083531747,1.0420307716536206
SIFT,km20_paper_exact_prop,0.1,0.5,36,432.60028076171875,7996348,6424186.274604112,1.2447254264109537
SIFT,km20_paper_exact_prop,0.1,0.5,37,430.46441650390625,8022540,6846544.737254875,1.1717647817805161
SIFT,km20_paper_exact_prop,0.1,0.5,38,484.6388244628906,7937200,9799416.737104377,1.2346188501114217
SIFT,km20_paper_exact_prop,0.1,0.5,39,428.13665771484375,8023259,8470819.676023392,1.0557829026862267
SIFT,km20_paper_exact_prop,0.1,0.5,40,416.060791015625,8100893,9074001.586326558,1.1201236192511812
SIFT,km20_paper_exact_prop,0.1,0.5,41,497.7900390625,8061170,7330294.455254356,1.0997061644940813
SIFT,km20_paper_exact_prop,0.1,0.5,42,443.74169921875,7938675,7309977.596327111,1.0860053803706289
SIFT,km20_paper_exact_prop,0.1,0.5,43,443.9073181152344,8030231,6710648.713375296,1.1966400482258273
SIFT,km20_paper_exact_prop,0.1,0.5,44,448.0622863769531,7991981,7224662.6930429125,1.1062081843206308
SIFT,km20_paper_exact_prop,0.1,0.5,45,424.8149108886719,8033265,10387335.799203893,1.2930403514889517
SIFT,km20_paper_exact_prop,0.1,0.5,46,464.051513671875,8037302,9787233.26662516,1.2177262054636195
SIFT,km20_paper_exact_prop,0.1,0.5,47,461.7054138183594,8004689,6884347.197124158,1.1627375509683546
SIFT,km20_paper_exact_prop,0.1,0.5,48,435.3399658203125,7986856,7641329.713638264,1.0452180836726677
SIFT,km20_paper_exact_prop,0.1,0.5,49,460.3242492675781,8066320,7626532.033166249,1.0576655241099364
SIFT,km20_paper_exact_prop,0.1,0.5,50,405.986328125,7998345,8710631.60792458,1.0890542490883528
SIFT,km20_paper_exact_prop,0.1,0.5,51,404.2448425292969,7965644,7470190.384112216,1.0663240948907444
SIFT,km20_paper_exact_prop,0.1,0.5,52,465.2330627441406,7967048,9968963.219543427,1.2512744017035453
SIFT,km20_paper_exact_prop,0.1,0.5,53,487.79156494140625,7917653,8308313.820954907,1.0493404827105843
SIFT,km20_paper_exact_prop,0.1,0.5,54,467.514404296875,7999017,7740374.564747458,1.0334147182528473
SIFT,km20_paper_exact_prop,0.1,0.5,55,395.586669921875,8055063,7419426.376057151,1.0856719363095346
SIFT,km20_paper_exact_prop,0.1,0.5,56,446.0043640136719,8013107,8065707.73760706,1.006564337354669
SIFT,km20_paper_exact_prop,0.1,0.5,57,461.6609191894531,7929958,8319492.724691093,1.0491219152347455
SIFT,km20_paper_exact_prop,0.1,0.5,58,460.88275146484375,8004151,9365344.394051304,1.170060933889341
SIFT,km20_paper_exact_prop,0.1,0.5,59,466.2606506347656,7925314,6475897.433589231,1.223817097363668
SIFT,km20_paper_exact_prop,0.1,0.5,60,493.7353515625,8022659,6701946.905703424,1.197063944683393
SIFT,km20_paper_exact_prop,0.1,0.5,61,468.54638671875,7993508,8246462.912114232,1.0316450439674585
SIFT,km20_paper_exact_prop,0.1,0.5,62,459.560546875,8066606,8481067.669256475,1.0513799321866564
SIFT,km20_paper_exact_prop,0.1,0.5,63,450.0906677246094,7957435,8790071.80419264,1.1046363312037912
SIFT,km20_paper_exact_prop,0.1,0.5,64,423.4005126953125,8051785,7046046.39515897,1.1427380048947775
SIFT,km20_paper_exact_prop,0.1,0.5,65,503.074462890625,7928451,7084498.520906084,1.1191266363601382
SIFT,km20_paper_exact_prop,0.1,0.5,66,458.9324645996094,8060024,6477397.795241552,1.2443305560021467
SIFT,km20_paper_exact_prop,0.1,0.5,67,449.2168884277344,7972658,11446212.988902513,1.4356834306579453
SIFT,km20_paper_exact_prop,0.1,0.5,68,433.3220520019531,8016276,8906461.371175358,1.1110472457753897
SIFT,km20_paper_exact_prop,0.1,0.5,69,439.2687072753906,7935577,7343851.159035011,1.0805743237643097
SIFT,km20_paper_exact_prop,0.1,0.5,70,446.07623291015625,8043178,6242677.226409424,1.2884180469836917
SIFT,km20_paper_exact_prop,0.1,0.5,71,459.6553039550781,8029664,7740716.75807165,1.0373282282454077
SIFT,km20_paper_exact_prop,0.1,0.5,72,467.38519287109375,7980988,7061146.991536959,1.13026793091342
SIFT,km20_paper_exact_prop,0.1,0.5,73,399.5403747558594,8053529,9275217.548789252,1.1516960513570202
SIFT,km20_paper_exact_prop,0.1,0.5,74,504.7834167480469,8000569,8377508.432475299,1.0471140780706096
SIFT,km20_paper_exact_prop,0.1,0.5,75,477.9005126953125,7956611,8358742.834496968,1.0505405925332996
SIFT,km20_paper_exact_prop,0.1,0.5,76,427.6597900390625,8081974,9314558.55963991,1.152510334683075
SIFT,km20_paper_exact_prop,0.1,0.5,77,467.7328186035156,8012863,8929894.83900926,1.1144449666753644
SIFT,km20_paper_exact_prop,0.1,0.5,78,452.9413757324219,8010995,9170195.831839403,1.1447012302266326
SIFT,km20_paper_exact_prop,0.1,0.5,79,476.085693359375,7916321,8545968.828927752,1.0795379354788357
SIFT,km20_paper_exact_prop,0.1,0.5,80,428.4750671386719,7972730,5995429.218972131,1.32980137181352
SIFT,km20_paper_exact_prop,0.1,0.5,81,453.38372802734375,8067930,8902216.803384261,1.1034077890343943
SIFT,km20_paper_exact_prop,0.1,0.5,82,458.3464660644531,7986520,5000521.511711727,1.5971374148265862
SIFT,km20_paper_exact_prop,0.1,0.5,83,434.3740234375,7992242,7446948.250040638,1.0732237866640721
SIFT,km20_paper_exact_prop,0.1,0.5,84,391.2173156738281,8015055,6810111.570351711,1.176934462409411
SIFT,km20_paper_exact_prop,0.1,0.5,85,467.4007873535156,8005612,7699754.3823142415,1.0397230356319276
SIFT,km20_paper_exact_prop,0.1,0.5,86,389.9203796386719,8009052,7897282.3260290045,1.0141529287363336
SIFT,km20_paper_exact_prop,0.1,0.5,87,438.1311340332031,8015590,6677282.215551217,1.2004270212410522
SIFT,km20_paper_exact_prop,0.1,0.5,88,467.9649658203125,8117229,8661188.272577487,1.0670129267731003
SIFT,km20_paper_exact_prop,0.1,0.5,89,449.4183044433594,8012957,7911172.62869375,1.0128659019444322
SIFT,km20_paper_exact_prop,0.1,0.5,90,433.1154479980469,7954572,8125032.047171852,1.0214291915607592
SIFT,km20_paper_exact_prop,0.1,0.5,91,451.5870666503906,8059356,8075554.360883922,1.0020098827851658
SIFT,km20_paper_exact_prop,0.1,0.5,92,479.1251525878906,7928766,7322179.518266496,1.082842339527495
SIFT,km20_paper_exact_prop,0.1,0.5,93,438.1471252441406,8046569,9716435.592016192,1.207525293328895
SIFT,km20_paper_exact_prop,0.1,0.5,94,477.37188720703125,7929093,8347801.479205178,1.0528066046400488
SIFT,km20_paper_exact_prop,0.1,0.5,95,494.6036682128906,7956687,6613960.009587269,1.2030140775672034
SIFT,km20_paper_exact_prop,0.1,0.5,96,432.9142150878906,8036597,8084642.851135327,1.0059783825337174
SIFT,km20_paper_exact_prop,0.1,0.5,97,481.1961975097656,7910053,9341170.339343425,1.1809238622476266
SIFT,km20_paper_exact_prop,0.1,0.5,98,448.08123779296875,7926934,7676066.414094811,1.032681789392096
SIFT,km20_paper_exact_prop,0.1,0.5,99,485.9123229980469,7982147,9365976.848736491,1.1733656181396424
SIFT,km20_paper_exact_neyman,0.01,0.1,0,372.0482482910156,804072,2465747.7296918766,3.0665757913369407
SIFT,km20_paper_exact_neyman,0.01,0.1,1,385.9545593261719,811722,1071060.8422574159,1.319492193457139
SIFT,km20_paper_exact_neyman,0.01,0.1,2,394.9783630371094,829692,392305.5542784163,2.1149127024879535
SIFT,km20_paper_exact_neyman,0.01,0.1,3,391.8212890625,791172,896758.1111111111,1.1334553183266232
SIFT,km20_paper_exact_neyman,0.01,0.1,4,319.7450256347656,803973,1194517.9166666667,1.4857686970416504
SIFT,km20_paper_exact_neyman,0.01,0.1,5,380.0393371582031,794917,179148.40740740742,4.437198250901849
SIFT,km20_paper_exact_neyman,0.01,0.1,6,328.6761169433594,794744,1204686.0510855683,1.5158164781181969
SIFT,km20_paper_exact_neyman,0.01,0.1,7,397.1687316894531,791648,623879.551724138,1.2689115997025728
SIFT,km20_paper_exact_neyman,0.01,0.1,8,418.513916015625,804886,189104.5172413793,4.256302344023949
SIFT,km20_paper_exact_neyman,0.01,0.1,9,352.22998046875,776948,179148.40740740742,4.336895935854548
SIFT,km20_paper_exact_neyman,0.01,0.1,10,394.0569763183594,828502,1195243.5530012771,1.442656207228561
SIFT,km20_paper_exact_neyman,0.01,0.1,11,432.48583984375,815010,786706.1283524905,1.03597769310223
SIFT,km20_paper_exact_neyman,0.01,0.1,12,406.16253662109375,804376,628122.3807189543,1.2806039470832171
SIFT,km20_paper_exact_neyman,0.01,0.1,13,404.9566345214844,809701,712879.5512820513,1.1358174021737948
SIFT,km20_paper_exact_neyman,0.01,0.1,14,394.8276672363281,792243,628535.1724137932,1.2604592945173012
SIFT,km20_paper_exact_neyman,0.01,0.1,15,303.80743408203125,816582,1257582.4285714286,1.5400565143138456
SIFT,km20_paper_exact_neyman,0.01,0.1,16,424.9352722167969,770578,1062746.6029411764,1.3791551315261743
SIFT,km20_paper_exact_neyman,0.01,0.1,17,372.31842041015625,771263,624641.8214285715,1.2347284052100487
SIFT,km20_paper_exact_neyman,0.01,0.1,18,393.0279541015625,784222,988429.0167852581,1.2603943995262286
SIFT,km20_paper_exact_neyman,0.01,0.1,19,400.4907531738281,757932,984696.6366538953,1.2991886299218074
SIFT,km20_paper_exact_neyman,0.01,0.1,20,291.91400146484375,802853,597642.9074074074,1.3433657290150067
SIFT,km20_paper_exact_neyman,0.01,0.1,21,272.52850341796875,793344,1076260.8333333333,1.35661306234538
SIFT,km20_paper_exact_neyman,0.01,0.1,22,330.2196044921875,817716,608660.3657407407,1.3434684530589376
SIFT,km20_paper_exact_neyman,0.01,0.1,23,409.1575622558594,800505,1103345.7225992961,1.378312093739947
SIFT,km20_paper_exact_neyman,0.01,0.1,24,372.28057861328125,783106,903311.2756410257,1.1534980904769288
SIFT,km20_paper_exact_neyman,0.01,0.1,25,365.21484375,810423,417398.34027777775,1.9416057080166278
SIFT,km20_paper_exact_neyman,0.01,0.1,26,356.6326904296875,800950,1421927.903846154,1.7753017090282215
SIFT,km20_paper_exact_neyman,0.01,0.1,27,233.2550506591797,786761,627865.2142857143,1.2530730833608168
SIFT,km20_paper_exact_neyman,0.01,0.1,28,389.90380859375,819103,1313364.6666666667,1.6034182107337742
SIFT,km20_paper_exact_neyman,0.01,0.1,29,417.54730224609375,788421,189104.5172413793,4.1692340907627985
SIFT,km20_paper_exact_neyman,0.01,0.1,30,392.8097839355469,774709,207170.85714285713,3.7394690097062746
SIFT,km20_paper_exact_neyman,0.01,0.1,31,379.7194519042969,813563,625569.6474358974,1.3005154635213763
SIFT,km20_paper_exact_neyman,0.01,0.1,32,394.81256103515625,796478,420825.9942528736,1.8926539968474423
SIFT,km20_paper_exact_neyman,0.01,0.1,33,319.9873352050781,780607,421558.6904761905,1.8517160661976402
SIFT,km20_paper_exact_neyman,0.01,0.1,34,315.56451416015625,823847,477807.1666666667,1.724224870353905
SIFT,km20_paper_exact_neyman,0.01,0.1,35,377.76806640625,817178,833213.1111111111,1.019622543816783
SIFT,km20_paper_exact_neyman,0.01,0.1,36,387.8049621582031,802894,1235496.0753968253,1.5388034726835988
SIFT,km20_paper_exact_neyman,0.01,0.1,37,371.2020263671875,818454,621708.1101190476,1.3164602273618058
SIFT,km20_paper_exact_neyman,0.01,0.1,38,414.6022033691406,805071,791447.5427841635,1.0172133419833636
SIFT,km20_paper_exact_neyman,0.01,0.1,39,368.1969299316406,818444,432116.89743589744,1.8940337784902577
SIFT,km20_paper_exact_neyman,0.01,0.1,40,345.3054504394531,827179,215252.16666666666,3.842837044613566
SIFT,km20_paper_exact_neyman,0.01,0.1,41,437.45843505859375,847465,424437.1798941799,1.9966794619907917
SIFT,km20_paper_exact_neyman,0.01,0.1,42,368.06109619140625,760308,411147.6551724138,1.8492334577006566
SIFT,km20_paper_exact_neyman,0.01,0.1,43,361.3336181640625,798655,826990.6283524905,1.035479184820092
SIFT,km20_paper_exact_neyman,0.01,0.1,44,395.9861145019531,781932,416259.4523809524,1.8784726581641473
SIFT,km20_paper_exact_neyman,0.01,0.1,45,331.9261779785156,767590,209095.0625,3.671009687280397
SIFT,km20_paper_exact_neyman,0.01,0.1,46,403.52423095703125,809955,596858.4285714286,1.3570303462725906
SIFT,km20_paper_exact_neyman,0.01,0.1,47,412.57000732421875,834769,793735.7906403941,1.0516963073146794
SIFT,km20_paper_exact_neyman,0.01,0.1,48,386.1009521484375,799371,900062.3976550832,1.1259632857022375
SIFT,km20_paper_exact_neyman,0.01,0.1,49,397.4945983886719,798452,221469.23076923078,3.605250251814803
SIFT,km20_paper_exact_neyman,0.01,0.1,50,339.03955078125,828954,382390.74074074073,2.1678192269881014
SIFT,km20_paper_exact_neyman,0.01,0.1,51,336.1755065917969,782034,820300.4074074073,1.0489318973438588
SIFT,km20_paper_exact_neyman,0.01,0.1,52,397.7951354980469,806499,416606.55555555556,1.935876882504916
SIFT,km20_paper_exact_neyman,0.01,0.1,53,401.8307800292969,789522,205573.8275862069,3.840576445310947
SIFT,km20_paper_exact_neyman,0.01,0.1,54,403.9814453125,772257,814984.9616858237,1.0553286816251892
SIFT,km20_paper_exact_neyman,0.01,0.1,55,244.17393493652344,788963,825226.0952380953,1.0459629858917279
SIFT,km20_paper_exact_neyman,0.01,0.1,56,363.9601135253906,775961,793538.3959131546,1.022652421852586
SIFT,km20_paper_exact_neyman,0.01,0.1,57,396.5753479003906,769970,790936.4987228608,1.0272302800406001
SIFT,km20_paper_exact_neyman,0.01,0.1,58,402.9453430175781,816855,1377875.3123517607,1.6868052620743714
SIFT,km20_paper_exact_neyman,0.01,0.1,59,409.57037353515625,780856,850155.9442566298,1.0887486863860043
SIFT,km20_paper_exact_neyman,0.01,0.1,60,408.1246643066406,786325,585550.4814814816,1.3428816555842387
SIFT,km20_paper_exact_neyman,0.01,0.1,61,401.16558837890625,815251,1330340.7981397687,1.631817437991206
SIFT,km20_paper_exact_neyman,0.01,0.1,62,377.992919921875,799650,658809.4404761905,1.2137804209696954
SIFT,km20_paper_exact_neyman,0.01,0.1,63,380.0064697265625,770308,623789.5913154534,1.2348843435741965
SIFT,km20_paper_exact_neyman,0.01,0.1,64,349.10968017578125,817299,764781.4814814815,1.0686699662455021
SIFT,km20_paper_exact_neyman,0.01,0.1,65,434.93896484375,801986,848615.3810496421,1.0581423878342542
SIFT,km20_paper_exact_neyman,0.01,0.1,66,400.2998962402344,808007,807376.191890166,1.0007813063057471
SIFT,km20_paper_exact_neyman,0.01,0.1,67,384.0870361328125,807389,408582.8876117497,1.9760715009856467
SIFT,km20_paper_exact_neyman,0.01,0.1,68,346.1543884277344,794528,1338367.5925925926,1.6844813431277343
SIFT,km20_paper_exact_neyman,0.01,0.1,69,323.6508483886719,806169,1263886.0,1.5677680486349637
SIFT,km20_paper_exact_neyman,0.01,0.1,70,391.49835205078125,806219,1291426.379493464,1.6018307426312999
SIFT,km20_paper_exact_neyman,0.01,0.1,71,393.2197570800781,804076,226269.625,3.5536188297479168
SIFT,km20_paper_exact_neyman,0.01,0.1,72,399.030029296875,788169,1699388.1221210705,2.156121494401671
SIFT,km20_paper_exact_neyman,0.01,0.1,73,221.4608154296875,802130,1246784.7857142857,1.5543425451164845
SIFT,km20_paper_exact_neyman,0.01,0.1,74,428.41204833984375,783732,798797.588761175,1.0192228832830292
SIFT,km20_paper_exact_neyman,0.01,0.1,75,418.0033874511719,825764,1188573.4003831418,1.4393620942341174
SIFT,km20_paper_exact_neyman,0.01,0.1,76,349.3450927734375,801385,687760.0952380953,1.1652100864074835
SIFT,km20_paper_exact_neyman,0.01,0.1,77,407.7376403808594,804512,419819.1029411765,1.9163301392522036
SIFT,km20_paper_exact_neyman,0.01,0.1,78,345.1389465332031,803777,1115726.1666666667,1.3881041217485282
SIFT,km20_paper_exact_neyman,0.01,0.1,79,404.2498474121094,804003,1006654.2464878673,1.25205284866831
SIFT,km20_paper_exact_neyman,0.01,0.1,80,382.2015075683594,810035,826090.4285714286,1.0198206603065654
SIFT,km20_paper_exact_neyman,0.01,0.1,81,394.7402648925781,791987,890540.9573367808,1.12443885737617
SIFT,km20_paper_exact_neyman,0.01,0.1,82,394.92144775390625,791919,422961.3448275862,1.8723200351152982
SIFT,km20_paper_exact_neyman,0.01,0.1,83,381.15850830078125,785082,621977.8846153846,1.2622345897161196
SIFT,km20_paper_exact_neyman,0.01,0.1,84,276.85357666015625,803320,1255730.4285714286,1.56317585591225
SIFT,km20_paper_exact_neyman,0.01,0.1,85,403.7881774902344,816015,226366.35294117648,3.6048422806548883
SIFT,km20_paper_exact_neyman,0.01,0.1,86,281.2809143066406,796697,894061.0416666666,1.1222096250728528
SIFT,km20_paper_exact_neyman,0.01,0.1,87,387.8452453613281,809085,436222.5535714286,1.854752793902752
SIFT,km20_paper_exact_neyman,0.01,0.1,88,403.29144287109375,791345,382390.74074074073,2.0694669501334197
SIFT,km20_paper_exact_neyman,0.01,0.1,89,357.1758117675781,810232,1644540.3575989786,2.02971538719648
SIFT,km20_paper_exact_neyman,0.01,0.1,90,348.5339660644531,835982,421295.3333333333,1.9843134586505429
SIFT,km20_paper_exact_neyman,0.01,0.1,91,386.0309753417969,806115,1262406.0023148148,1.5660371067587315
SIFT,km20_paper_exact_neyman,0.01,0.1,92,408.19110107421875,799929,189104.5172413793,4.230089326628533
SIFT,km20_paper_exact_neyman,0.01,0.1,93,376.3376159667969,802649,1308600.941993464,1.630352672205988
SIFT,km20_paper_exact_neyman,0.01,0.1,94,391.1700439453125,795733,415401.5863095238,1.9155752559093115
SIFT,km20_paper_exact_neyman,0.01,0.1,95,441.748779296875,805105,663380.3725490196,1.213640067321268
SIFT,km20_paper_exact_neyman,0.01,0.1,96,319.9952087402344,802507,205573.8275862069,3.903741100814356
SIFT,km20_paper_exact_neyman,0.01,0.1,97,405.0690612792969,792116,1082770.5196078431,1.3669342869072751
SIFT,km20_paper_exact_neyman,0.01,0.1,98,374.5810546875,770248,1640864.1719576719,2.130306306485277
SIFT,km20_paper_exact_neyman,0.01,0.1,99,426.7563171386719,800739,235072.38461538462,3.406350777060159
SIFT,km20_paper_exact_neyman,0.01,0.2,0,372.0482482910156,804072,566053.9074074074,1.4204866170480883
SIFT,km20_paper_exact_neyman,0.01,0.2,1,385.9545593261719,811722,1055977.22656755,1.3009099501646502
SIFT,km20_paper_exact_neyman,0.01,0.2,2,394.9783630371094,829692,987812.1455938697,1.190576919620618
SIFT,km20_paper_exact_neyman,0.01,0.2,3,391.8212890625,791172,678010.8461538462,1.166901686732717
SIFT,km20_paper_exact_neyman,0.01,0.2,4,319.7450256347656,803973,1194517.9166666667,1.4857686970416504
SIFT,km20_paper_exact_neyman,0.01,0.2,5,380.0393371582031,794917,1034937.2464878673,1.3019437834237628
SIFT,km20_paper_exact_neyman,0.01,0.2,6,328.6761169433594,794744,1395881.4214559388,1.7563912674470508
SIFT,km20_paper_exact_neyman,0.01,0.2,7,397.1687316894531,791648,850301.7906403941,1.0740907456854487
SIFT,km20_paper_exact_neyman,0.01,0.2,8,418.513916015625,804886,394678.3448275862,2.0393467504572906
SIFT,km20_paper_exact_neyman,0.01,0.2,9,352.22998046875,776948,895742.0370370371,1.152898311131552
SIFT,km20_paper_exact_neyman,0.01,0.2,10,394.0569763183594,828502,203201.03703703705,4.077252813670388
SIFT,km20_paper_exact_neyman,0.01,0.2,11,432.48583984375,815010,812804.1481481482,1.0027138786839087
SIFT,km20_paper_exact_neyman,0.01,0.2,12,406.16253662109375,804376,844228.3134920634,1.049544384084139
SIFT,km20_paper_exact_neyman,0.01,0.2,13,404.9566345214844,809701,938179.9807692308,1.1586745981161326
SIFT,km20_paper_exact_neyman,0.01,0.2,14,394.8276672363281,792243,205573.8275862069,3.8538125660367673
SIFT,km20_paper_exact_neyman,0.01,0.2,15,303.80743408203125,816582,412613.04761904763,1.9790503589550177
SIFT,km20_paper_exact_neyman,0.01,0.2,16,424.9352722167969,770578,1447231.3402777778,1.8781114180235845
SIFT,km20_paper_exact_neyman,0.01,0.2,17,372.31842041015625,771263,221236.14285714287,3.4861528050505823
SIFT,km20_paper_exact_neyman,0.01,0.2,18,393.0279541015625,784222,358296.81481481483,2.1887495717909857
SIFT,km20_paper_exact_neyman,0.01,0.2,19,400.4907531738281,757932,1239217.7011494252,1.6349985238114042
SIFT,km20_paper_exact_neyman,0.01,0.2,20,291.91400146484375,802853,1195285.8148148148,1.4887978432101703
SIFT,km20_paper_exact_neyman,0.01,0.2,21,272.52850341796875,793344,645756.5,1.2285497706953008
SIFT,km20_paper_exact_neyman,0.01,0.2,22,330.2196044921875,817716,406447.537037037,2.0118611271729434
SIFT,km20_paper_exact_neyman,0.01,0.2,23,409.1575622558594,800505,1126283.6307189544,1.4069663908644598
SIFT,km20_paper_exact_neyman,0.01,0.2,24,372.28057861328125,783106,681842.0448717949,1.1485152696138672
SIFT,km20_paper_exact_neyman,0.01,0.2,25,365.21484375,810423,208303.27777777778,3.8905916826934233
SIFT,km20_paper_exact_neyman,0.01,0.2,26,356.6326904296875,800950,947951.935897436,1.183534472685481
SIFT,km20_paper_exact_neyman,0.01,0.2,27,233.2550506591797,786761,843117.380952381,1.0716308776774408
SIFT,km20_paper_exact_neyman,0.01,0.2,28,389.90380859375,819103,655510.1388888889,1.2495657220320138
SIFT,km20_paper_exact_neyman,0.01,0.2,29,417.54730224609375,788421,851092.8876117497,1.079490383452178
SIFT,km20_paper_exact_neyman,0.01,0.2,30,392.8097839355469,774709,621512.5714285714,1.2464896699020915
SIFT,km20_paper_exact_neyman,0.01,0.2,31,379.7194519042969,813563,1326664.0171568627,1.63068381570556
SIFT,km20_paper_exact_neyman,0.01,0.2,32,394.81256103515625,796478,609930.5114942528,1.3058503960536905
SIFT,km20_paper_exact_neyman,0.01,0.2,33,319.9873352050781,780607,421558.6904761905,1.8517160661976402
SIFT,km20_paper_exact_neyman,0.01,0.2,34,315.56451416015625,823847,851394.2870370371,1.0334373822287841
SIFT,km20_paper_exact_neyman,0.01,0.2,35,377.76806640625,817178,418256.2063492064,1.953773757795072
SIFT,km20_paper_exact_neyman,0.01,0.2,36,387.8049621582031,802894,981261.5231481481,1.2221557554897011
SIFT,km20_paper_exact_neyman,0.01,0.2,37,371.2020263671875,818454,445210.10714285716,1.83835449121414
SIFT,km20_paper_exact_neyman,0.01,0.2,38,414.6022033691406,805071,1167565.7241379311,1.450264292389033
SIFT,km20_paper_exact_neyman,0.01,0.2,39,368.1969299316406,818444,640187.0873015873,1.2784450299517478
SIFT,km20_paper_exact_neyman,0.01,0.2,40,345.3054504394531,827179,1224042.7292464878,1.4797797444646055
SIFT,km20_paper_exact_neyman,0.01,0.2,41,437.45843505859375,847465,821872.9442566298,1.031138700844469
SIFT,km20_paper_exact_neyman,0.01,0.2,42,368.06109619140625,760308,640348.8620689656,1.1873340377984694
SIFT,km20_paper_exact_neyman,0.01,0.2,43,361.3336181640625,798655,826990.6283524905,1.035479184820092
SIFT,km20_paper_exact_neyman,0.01,0.2,44,395.9861145019531,781932,652890.9084249084,1.1976457167804675
SIFT,km20_paper_exact_neyman,0.01,0.2,45,331.9261779785156,767590,618919.5714285715,1.240209609510767
SIFT,km20_paper_exact_neyman,0.01,0.2,46,403.52423095703125,809955,792731.4008392629,1.0217269041474861
SIFT,km20_paper_exact_neyman,0.01,0.2,47,412.57000732421875,834769,789356.6896551724,1.0575307854357525
SIFT,km20_paper_exact_neyman,0.01,0.2,48,386.1009521484375,799371,847854.2868492225,1.0606517960361614
SIFT,km20_paper_exact_neyman,0.01,0.2,49,397.4945983886719,798452,651241.7393162394,1.2260454940101377
SIFT,km20_paper_exact_neyman,0.01,0.2,50,339.03955078125,828954,1147172.2222222222,1.383879228789803
SIFT,km20_paper_exact_neyman,0.01,0.2,51,336.1755065917969,782034,436917.2916666666,1.7898902490602961
SIFT,km20_paper_exact_neyman,0.01,0.2,52,397.7951354980469,806499,642876.1805555555,1.2545168484902431
SIFT,km20_paper_exact_neyman,0.01,0.2,53,401.8307800292969,789522,1011399.8275862068,1.2810280493592412
SIFT,km20_paper_exact_neyman,0.01,0.2,54,403.9814453125,772257,802937.9987228608,1.0397290004789348
SIFT,km20_paper_exact_neyman,0.01,0.2,55,244.17393493652344,788963,627865.2142857143,1.2565802055104411
SIFT,km20_paper_exact_neyman,0.01,0.2,56,363.9601135253906,775961,999112.2234993614,1.2875804628059417
SIFT,km20_paper_exact_neyman,0.01,0.2,57,396.5753479003906,769970,1050362.1314655172,1.3641598133245674
SIFT,km20_paper_exact_neyman,0.01,0.2,58,402.9453430175781,816855,1210391.8639846744,1.4817707720276847
SIFT,km20_paper_exact_neyman,0.01,0.2,59,409.57037353515625,780856,1213278.658821383,1.5537802857650873
SIFT,km20_paper_exact_neyman,0.01,0.2,60,408.1246643066406,786325,609603.1111111111,1.2898966321985816
SIFT,km20_paper_exact_neyman,0.01,0.2,61,401.16558837890625,815251,856833.1225490196,1.0510053008815932
SIFT,km20_paper_exact_neyman,0.01,0.2,62,377.992919921875,799650,1487681.9404761905,1.8604163577517545
SIFT,km20_paper_exact_neyman,0.01,0.2,63,380.0064697265625,770308,561497.8518518519,1.3718805823735216
SIFT,km20_paper_exact_neyman,0.01,0.2,64,349.10968017578125,817299,623038.8229565773,1.311794658511933
SIFT,km20_paper_exact_neyman,0.01,0.2,65,434.93896484375,801986,1076522.2971978064,1.342320560705307
SIFT,km20_paper_exact_neyman,0.01,0.2,66,400.2998962402344,808007,396535.9246487867,2.037664054563668
SIFT,km20_paper_exact_neyman,0.01,0.2,67,384.0870361328125,807389,1228080.1570881226,1.5210513855008212
SIFT,km20_paper_exact_neyman,0.01,0.2,68,346.1543884277344,794528,943929.8888888889,1.1880385447572508
SIFT,km20_paper_exact_neyman,0.01,0.2,69,323.6508483886719,806169,1263886.0,1.5677680486349637
SIFT,km20_paper_exact_neyman,0.01,0.2,70,391.49835205078125,806219,452635.9779411765,1.7811642010144724
SIFT,km20_paper_exact_neyman,0.01,0.2,71,393.2197570800781,804076,865152.2976190476,1.0759583641584223
SIFT,km20_paper_exact_neyman,0.01,0.2,72,399.030029296875,788169,435461.4154411765,1.8099628854636567
SIFT,km20_paper_exact_neyman,0.01,0.2,73,221.4608154296875,802130,412613.04761904763,1.9440248063618697
SIFT,km20_paper_exact_neyman,0.01,0.2,74,428.41204833984375,783732,973715.6257982121,1.2424089175868946
SIFT,km20_paper_exact_neyman,0.01,0.2,75,418.0033874511719,825764,999468.8831417625,1.210356570571934
SIFT,km20_paper_exact_neyman,0.01,0.2,76,349.3450927734375,801385,414609.8015873016,1.9328655447410057
SIFT,km20_paper_exact_neyman,0.01,0.2,77,407.7376403808594,804512,854488.7336601308,1.0621205571329337
SIFT,km20_paper_exact_neyman,0.01,0.2,78,345.1389465332031,803777,917712.4583333334,1.1417500853263198
SIFT,km20_paper_exact_neyman,0.01,0.2,79,404.2498474121094,804003,786983.8991060026,1.0216257294632465
SIFT,km20_paper_exact_neyman,0.01,0.2,80,382.2015075683594,810035,638882.6726190476,1.2678932059298578
SIFT,km20_paper_exact_neyman,0.01,0.2,81,394.7402648925781,791987,437014.01960784313,1.8122690908421972
SIFT,km20_paper_exact_neyman,0.01,0.2,82,394.92144775390625,791919,1665419.9591315454,2.1030180600939556
SIFT,km20_paper_exact_neyman,0.01,0.2,83,381.15850830078125,785082,1283199.8896011396,1.6344788055274986
SIFT,km20_paper_exact_neyman,0.01,0.2,84,276.85357666015625,803320,206306.52380952382,3.8938177289133113
SIFT,km20_paper_exact_neyman,0.01,0.2,85,403.7881774902344,816015,669304.814479638,1.219197863733319
SIFT,km20_paper_exact_neyman,0.01,0.2,86,281.2809143066406,796697,885115.3988095238,1.1109812121917413
SIFT,km20_paper_exact_neyman,0.01,0.2,87,387.8452453613281,809085,592343.6693121693,1.3659046967438873
SIFT,km20_paper_exact_neyman,0.01,0.2,88,403.29144287109375,791345,1003685.0648148148,1.2683280551653386
SIFT,km20_paper_exact_neyman,0.01,0.2,89,357.1758117675781,810232,1023123.5568326949,1.2627538246239285
SIFT,km20_paper_exact_neyman,0.01,0.2,90,348.5339660644531,835982,886468.5416666666,1.06039190038382
SIFT,km20_paper_exact_neyman,0.01,0.2,91,386.0309753417969,806115,878650.5892857143,1.089981689071304
SIFT,km20_paper_exact_neyman,0.01,0.2,92,408.19110107421875,799929,756418.0689655172,1.0575223316571332
SIFT,km20_paper_exact_neyman,0.01,0.2,93,376.3376159667969,802649,656697.5582983193,1.2222506233765817
SIFT,km20_paper_exact_neyman,0.01,0.2,94,391.1700439453125,795733,418190.125,1.902801985101872
SIFT,km20_paper_exact_neyman,0.01,0.2,95,441.748779296875,805105,1084226.7952488689,1.3466899289519614
SIFT,km20_paper_exact_neyman,0.01,0.2,96,319.9952087402344,802507,819922.5197956578,1.0217013930042453
SIFT,km20_paper_exact_neyman,0.01,0.2,97,405.0690612792969,792116,1273358.357142857,1.607540255647982
SIFT,km20_paper_exact_neyman,0.01,0.2,98,374.5810546875,770248,1591357.4117975733,2.0660325139404105
SIFT,km20_paper_exact_neyman,0.01,0.2,99,426.7563171386719,800739,814143.3032407407,1.016739915553933
SIFT,km20_paper_exact_neyman,0.01,0.3,0,372.0482482910156,804072,1586183.3214285714,1.9726881690054763
SIFT,km20_paper_exact_neyman,0.01,0.3,1,385.9545593261719,811722,429772.50854700856,1.8887248110501553
SIFT,km20_paper_exact_neyman,0.01,0.3,2,394.9783630371094,829692,611975.901660281,1.3557592672343122
SIFT,km20_paper_exact_neyman,0.01,0.3,3,391.8212890625,791172,638075.7863247864,1.2399342162112483
SIFT,km20_paper_exact_neyman,0.01,0.3,4,319.7450256347656,803973,955614.3333333334,1.1886149576333203
SIFT,km20_paper_exact_neyman,0.01,0.3,5,380.0393371582031,794917,563870.6424010217,1.4097506417698182
SIFT,km20_paper_exact_neyman,0.01,0.3,6,328.6761169433594,794744,0.0,
SIFT,km20_paper_exact_neyman,0.01,0.3,7,397.1687316894531,791648,841177.1085568327,1.0625645596993014
SIFT,km20_paper_exact_neyman,0.01,0.3,8,418.513916015625,804886,378209.0344827586,2.1281511720119743
SIFT,km20_paper_exact_neyman,0.01,0.3,9,352.22998046875,776948,566053.9074074074,1.3725689193782127
SIFT,km20_paper_exact_neyman,0.01,0.3,10,394.0569763183594,828502,812939.5715197956,1.0191434013368428
SIFT,km20_paper_exact_neyman,0.01,0.3,11,432.48583984375,815010,0.0,
SIFT,km20_paper_exact_neyman,0.01,0.3,12,406.16253662109375,804376,627351.2688492064,1.2821780076662987
SIFT,km20_paper_exact_neyman,0.01,0.3,13,404.9566345214844,809701,1088581.949023199,1.344424607383712
SIFT,km20_paper_exact_neyman,0.01,0.3,14,394.8276672363281,792243,411147.6551724138,1.9269062830183836
SIFT,km20_paper_exact_neyman,0.01,0.3,15,303.80743408203125,816582,1031532.619047619,1.2632321298383005
SIFT,km20_paper_exact_neyman,0.01,0.3,16,424.9352722167969,770578,644556.4779411765,1.1955166480699375
SIFT,km20_paper_exact_neyman,0.01,0.3,17,372.31842041015625,771263,206306.52380952382,3.7384324342165853
SIFT,km20_paper_exact_neyman,0.01,0.3,18,393.0279541015625,784222,1207565.4453459545,1.5398260254697707
SIFT,km20_paper_exact_neyman,0.01,0.3,19,400.4907531738281,757932,583782.8620689656,1.2983114943008744
SIFT,km20_paper_exact_neyman,0.01,0.3,20,291.91400146484375,802853,406447.537037037,1.97529306205844
SIFT,km20_paper_exact_neyman,0.01,0.3,21,272.52850341796875,793344,430504.3333333333,1.8428246560429513
SIFT,km20_paper_exact_neyman,0.01,0.3,22,330.2196044921875,817716,1015107.9027777778,1.2413942038284413
SIFT,km20_paper_exact_neyman,0.01,0.3,23,409.1575622558594,800505,461438.73755656113,1.7348023363597158
SIFT,km20_paper_exact_neyman,0.01,0.3,24,372.28057861328125,783106,1348653.75,1.7221854384974704
SIFT,km20_paper_exact_neyman,0.01,0.3,25,365.21484375,810423,1459359.410714286,1.800737899484943
SIFT,km20_paper_exact_neyman,0.01,0.3,26,356.6326904296875,800950,473975.967948718,1.6898536089632694
SIFT,km20_paper_exact_neyman,0.01,0.3,27,233.2550506591797,786761,412613.04761904763,1.906776832530975
SIFT,km20_paper_exact_neyman,0.01,0.3,28,389.90380859375,819103,477807.1666666667,1.7142961787583066
SIFT,km20_paper_exact_neyman,0.01,0.3,29,417.54730224609375,788421,1008511.8263090677,1.279153937184661
SIFT,km20_paper_exact_neyman,0.01,0.3,30,392.8097839355469,774709,621512.5714285714,1.2464896699020915
SIFT,km20_paper_exact_neyman,0.01,0.3,31,379.7194519042969,813563,879622.6652930403,1.0811979715068658
SIFT,km20_paper_exact_neyman,0.01,0.3,32,394.81256103515625,796478,820300.4074074073,1.0299096866547568
SIFT,km20_paper_exact_neyman,0.01,0.3,33,319.9873352050781,780607,1291052.1309523808,1.6539079600264677
SIFT,km20_paper_exact_neyman,0.01,0.3,34,315.56451416015625,823847,631943.0,1.3036729578458817
SIFT,km20_paper_exact_neyman,0.01,0.3,35,377.76806640625,817178,447206.8611111111,1.8272930741037254
SIFT,km20_paper_exact_neyman,0.01,0.3,36,387.8049621582031,802894,1266397.324502023,1.5772908061363304
SIFT,km20_paper_exact_neyman,0.01,0.3,37,371.2020263671875,818454,447998.6458333334,1.8269117721942518
SIFT,km20_paper_exact_neyman,0.01,0.3,38,414.6022033691406,805071,1193713.3735632184,1.4827429798902436
SIFT,km20_paper_exact_neyman,0.01,0.3,39,368.1969299316406,818444,850834.753968254,1.03957601737963
SIFT,km20_paper_exact_neyman,0.01,0.3,40,345.3054504394531,827179,1214364.3901660282,1.468079327649793
SIFT,km20_paper_exact_neyman,0.01,0.3,41,437.45843505859375,847465,203201.03703703705,4.170574187795775
SIFT,km20_paper_exact_neyman,0.01,0.3,42,368.06109619140625,760308,602343.0255427841,1.262250856669039
SIFT,km20_paper_exact_neyman,0.01,0.3,43,361.3336181640625,798655,575684.3320561941,1.3873141156150852
SIFT,km20_paper_exact_neyman,0.01,0.3,44,395.9861145019531,781932,1232118.1375661376,1.5757356618812604
SIFT,km20_paper_exact_neyman,0.01,0.3,45,331.9261779785156,767590,412613.04761904763,1.8603144142661507
SIFT,km20_paper_exact_neyman,0.01,0.3,46,403.52423095703125,809955,1004179.4393358876,1.2397965804716158
SIFT,km20_paper_exact_neyman,0.01,0.3,47,412.57000732421875,834769,567313.551724138,1.4714420226046618
SIFT,km20_paper_exact_neyman,0.01,0.3,48,386.1009521484375,799371,434669.63071895426,1.8390311710478155
SIFT,km20_paper_exact_neyman,0.01,0.3,49,397.4945983886719,798452,873148.170940171,1.0935512353155494
SIFT,km20_paper_exact_neyman,0.01,0.3,50,339.03955078125,828954,958308.3461047255,1.156045264399141
SIFT,km20_paper_exact_neyman,0.01,0.3,51,336.1755065917969,782034,632206.3571428572,1.2369916739437135
SIFT,km20_paper_exact_neyman,0.01,0.3,52,397.7951354980469,806499,1089410.0670787545,1.3507891108095045
SIFT,km20_paper_exact_neyman,0.01,0.3,53,401.8307800292969,789522,205573.8275862069,3.840576445310947
SIFT,km20_paper_exact_neyman,0.01,0.3,54,403.9814453125,772257,788751.5185185185,1.0213588462370928
SIFT,km20_paper_exact_neyman,0.01,0.3,55,244.17393493652344,788963,825226.0952380953,1.0459629858917279
SIFT,km20_paper_exact_neyman,0.01,0.3,56,363.9601135253906,775961,616721.4827586208,1.2582032922367068
SIFT,km20_paper_exact_neyman,0.01,0.3,57,396.5753479003906,769970,577347.9871487867,1.3336324316335986
SIFT,km20_paper_exact_neyman,0.01,0.3,58,402.9453430175781,816855,1647288.1054638773,2.0166224182552317
SIFT,km20_paper_exact_neyman,0.01,0.3,59,409.57037353515625,780856,599854.8240740742,1.301741635912183
SIFT,km20_paper_exact_neyman,0.01,0.3,60,408.1246643066406,786325,1398354.6296296297,1.7783418174795786
SIFT,km20_paper_exact_neyman,0.01,0.3,61,401.16558837890625,815251,442938.46153846156,1.8405513875863984
SIFT,km20_paper_exact_neyman,0.01,0.3,62,377.992919921875,799650,1104019.5476190476,1.3806284594748297
SIFT,km20_paper_exact_neyman,0.01,0.3,63,380.0064697265625,770308,179148.40740740742,4.299831693441833
SIFT,km20_paper_exact_neyman,0.01,0.3,64,349.10968017578125,817299,226269.625,3.612057959613448
SIFT,km20_paper_exact_neyman,0.01,0.3,65,434.93896484375,801986,1603448.1205132436,1.999346772279371
SIFT,km20_paper_exact_neyman,0.01,0.3,66,400.2998962402344,808007,1137182.183908046,1.4073915002073571
SIFT,km20_paper_exact_neyman,0.01,0.3,67,384.0870361328125,807389,843357.9220945083,1.0445496806304126
SIFT,km20_paper_exact_neyman,0.01,0.3,68,346.1543884277344,794528,1326320.6296296297,1.669318928508032
SIFT,km20_paper_exact_neyman,0.01,0.3,69,323.6508483886719,806169,631943.0,1.2756989158832364
SIFT,km20_paper_exact_neyman,0.01,0.3,70,391.49835205078125,806219,856833.1225490196,1.0627796201144102
SIFT,km20_paper_exact_neyman,0.01,0.3,71,393.2197570800781,804076,668512.8667582418,1.2027831325059337
SIFT,km20_paper_exact_neyman,0.01,0.3,72,399.030029296875,788169,418190.125,1.884714518306715
SIFT,km20_paper_exact_neyman,0.01,0.3,73,221.4608154296875,802130,1031532.619047619,1.2859918205872103
SIFT,km20_paper_exact_neyman,0.01,0.3,74,428.41204833984375,783732,987812.1455938697,1.260395320841652
SIFT,km20_paper_exact_neyman,0.01,0.3,75,418.0033874511719,825764,1174153.646871009,1.4218997762932375
SIFT,km20_paper_exact_neyman,0.01,0.3,76,349.3450927734375,801385,638934.2261396011,1.2542527340285337
SIFT,km20_paper_exact_neyman,0.01,0.3,77,407.7376403808594,804512,852067.9709967321,1.0591115744659274
SIFT,km20_paper_exact_neyman,0.01,0.3,78,345.1389465332031,803777,905078.5,1.1260318471416824
SIFT,km20_paper_exact_neyman,0.01,0.3,79,404.2498474121094,804003,1230551.0809386973,1.5305304593872129
SIFT,km20_paper_exact_neyman,0.01,0.3,80,382.2015075683594,810035,1053224.386904762,1.3002208384881664
SIFT,km20_paper_exact_neyman,0.01,0.3,81,394.7402648925781,791987,892003.0308257919,1.1262849400631474
SIFT,km20_paper_exact_neyman,0.01,0.3,82,394.92144775390625,791919,0.0,
SIFT,km20_paper_exact_neyman,0.01,0.3,83,381.15850830078125,785082,1746446.2118437118,2.2245398720690472
SIFT,km20_paper_exact_neyman,0.01,0.3,84,276.85357666015625,803320,834171.7380952381,1.038405290662797
SIFT,km20_paper_exact_neyman,0.01,0.3,85,403.7881774902344,816015,879952.4811463046,1.0783533159884373
SIFT,km20_paper_exact_neyman,0.01,0.3,86,281.2809143066406,796697,452539.25,1.7605036469212338
SIFT,km20_paper_exact_neyman,0.01,0.3,87,387.8452453613281,809085,1021273.4133597882,1.262257257716789
SIFT,km20_paper_exact_neyman,0.01,0.3,88,403.29144287109375,791345,796611.5327635328,1.0066551665373924
SIFT,km20_paper_exact_neyman,0.01,0.3,89,357.1758117675781,810232,626162.3818646233,1.293964670294059
SIFT,km20_paper_exact_neyman,0.01,0.3,90,348.5339660644531,835982,1724258.814102564,2.0625549522628046
SIFT,km20_paper_exact_neyman,0.01,0.3,91,386.0309753417969,806115,0.0,
SIFT,km20_paper_exact_neyman,0.01,0.3,92,408.19110107421875,799929,378209.0344827586,2.1150446633142663
SIFT,km20_paper_exact_neyman,0.01,0.3,93,376.3376159667969,802649,661827.768382353,1.212776251383111
SIFT,km20_paper_exact_neyman,0.01,0.3,94,391.1700439453125,795733,853651.5404411765,1.0727864000125376
SIFT,km20_paper_exact_neyman,0.01,0.3,95,441.748779296875,805105,1092392.0616515838,1.356831794177882
SIFT,km20_paper_exact_neyman,0.01,0.3,96,319.9952087402344,802507,1027869.1379310344,1.2808226444517423
SIFT,km20_paper_exact_neyman,0.01,0.3,97,405.0690612792969,792116,215252.16666666666,3.679944375317941
SIFT,km20_paper_exact_neyman,0.01,0.3,98,374.5810546875,770248,1187000.7278895273,1.5410630444863567
SIFT,km20_paper_exact_neyman,0.01,0.3,99,426.7563171386719,800739,680792.4358974359,1.176186687421766
SIFT,km20_paper_exact_neyman,0.01,0.4,0,372.0482482910156,804072,1008134.0045787545,1.2537857363255462
SIFT,km20_paper_exact_neyman,0.01,0.4,1,385.9545593261719,811722,628122.3807189543,1.2922991202301948
SIFT,km20_paper_exact_neyman,0.01,0.4,2,394.9783630371094,829692,189104.5172413793,4.387478480701513
SIFT,km20_paper_exact_neyman,0.01,0.4,3,391.8212890625,791172,890145.3226495726,1.125097099808351
SIFT,km20_paper_exact_neyman,0.01,0.4,4,319.7450256347656,803973,716710.75,1.1217537897959533
SIFT,km20_paper_exact_neyman,0.01,0.4,5,380.0393371582031,794917,611975.901660281,1.2989351342812727
SIFT,km20_paper_exact_neyman,0.01,0.4,6,328.6761169433594,794744,793538.3959131546,1.0015192763110827
SIFT,km20_paper_exact_neyman,0.01,0.4,7,397.1687316894531,791648,1455423.7841634736,1.8384733924212195
SIFT,km20_paper_exact_neyman,0.01,0.4,8,418.513916015625,804886,859224.7403651115,1.067511101404561
SIFT,km20_paper_exact_neyman,0.01,0.4,9,352.22998046875,776948,0.0,
SIFT,km20_paper_exact_neyman,0.01,0.4,10,394.0569763183594,828502,427340.4458128079,1.938739962757742
SIFT,km20_paper_exact_neyman,0.01,0.4,11,432.48583984375,815010,189104.5172413793,4.30983887581963
SIFT,km20_paper_exact_neyman,0.01,0.4,12,406.16253662109375,804376,1473497.2450396826,1.8318513295270902
SIFT,km20_paper_exact_neyman,0.01,0.4,13,404.9566345214844,809701,678448.047008547,1.193460580467703
SIFT,km20_paper_exact_neyman,0.01,0.4,14,394.8276672363281,792243,822295.3103448276,1.0379331976992257
SIFT,km20_paper_exact_neyman,0.01,0.4,15,303.80743408203125,816582,1018678.8452380953,1.247491183050931
SIFT,km20_paper_exact_neyman,0.01,0.4,16,424.9352722167969,770578,610851.0902777778,1.2614825646780596
SIFT,km20_paper_exact_neyman,0.01,0.4,17,372.31842041015625,771263,621859.75,1.240252323775578
SIFT,km20_paper_exact_neyman,0.01,0.4,18,393.0279541015625,784222,970084.9061302682,1.2370029228079145
SIFT,km20_paper_exact_neyman,0.01,0.4,19,400.4907531738281,757932,600252.1724137932,1.2626893076490322
SIFT,km20_paper_exact_neyman,0.01,0.4,20,291.91400146484375,802853,191195.37037037036,4.199123642192638
SIFT,km20_paper_exact_neyman,0.01,0.4,21,272.52850341796875,793344,645756.5,1.2285497706953008
SIFT,km20_paper_exact_neyman,0.01,0.4,22,330.2196044921875,817716,1513738.8657407407,1.8511792183847946
SIFT,km20_paper_exact_neyman,0.01,0.4,23,409.1575622558594,800505,1082243.233440171,1.3519506229694642
SIFT,km20_paper_exact_neyman,0.01,0.4,24,372.28057861328125,783106,477807.1666666667,1.6389582547771189
SIFT,km20_paper_exact_neyman,0.01,0.4,25,365.21484375,810423,852482.005952381,1.0518975966284039
SIFT,km20_paper_exact_neyman,0.01,0.4,26,356.6326904296875,800950,951783.1346153846,1.188317790892546
SIFT,km20_paper_exact_neyman,0.01,0.4,27,233.2550506591797,786761,825226.0952380953,1.0488904447959357
SIFT,km20_paper_exact_neyman,0.01,0.4,28,389.90380859375,819103,416606.55555555556,1.966130847143548
SIFT,km20_paper_exact_neyman,0.01,0.4,29,417.54730224609375,788421,226269.625,3.4844314609174782
SIFT,km20_paper_exact_neyman,0.01,0.4,30,392.8097839355469,774709,207170.85714285713,3.7394690097062746
SIFT,km20_paper_exact_neyman,0.01,0.4,31,379.7194519042969,813563,1318271.8601055809,1.6203685026305041
SIFT,km20_paper_exact_neyman,0.01,0.4,32,394.81256103515625,796478,824904.9074074074,1.0356907628426741
SIFT,km20_paper_exact_neyman,0.01,0.4,33,319.9873352050781,780607,1108397.0238095238,1.419916838831222
SIFT,km20_paper_exact_neyman,0.01,0.4,34,315.56451416015625,823847,1655080.361111111,2.0089656952214563
SIFT,km20_paper_exact_neyman,0.01,0.4,35,377.76806640625,817178,238903.58333333334,3.4205347136205226
SIFT,km20_paper_exact_neyman,0.01,0.4,36,387.8049621582031,802894,817298.383803138,1.017940579706833
SIFT,km20_paper_exact_neyman,0.01,0.4,37,371.2020263671875,818454,412613.04761904763,1.983587297403286
SIFT,km20_paper_exact_neyman,0.01,0.4,38,414.6022033691406,805071,799035.0287356322,1.0075540759131911
SIFT,km20_paper_exact_neyman,0.01,0.4,39,368.1969299316406,818444,210647.66666666666,3.8853694083168895
SIFT,km20_paper_exact_neyman,0.01,0.4,40,345.3054504394531,827179,602343.0255427841,1.373268992787974
SIFT,km20_paper_exact_neyman,0.01,0.4,41,437.45843505859375,847465,1019975.0052910054,1.2035600352710796
SIFT,km20_paper_exact_neyman,0.01,0.4,42,368.06109619140625,760308,422961.3448275862,1.7975827089114444
SIFT,km20_paper_exact_neyman,0.01,0.4,43,361.3336181640625,798655,599736.9616858237,1.331675469450857
SIFT,km20_paper_exact_neyman,0.01,0.4,44,395.9861145019531,781932,1069293.244047619,1.367501578203244
SIFT,km20_paper_exact_neyman,0.01,0.4,45,331.9261779785156,767590,827222.8492063492,1.077688413353938
SIFT,km20_paper_exact_neyman,0.01,0.4,46,403.52423095703125,809955,571495.25798212,1.4172558541602815
SIFT,km20_paper_exact_neyman,0.01,0.4,47,412.57000732421875,834769,801170.3793103448,1.041936923227962
SIFT,km20_paper_exact_neyman,0.01,0.4,48,386.1009521484375,799371,428525.1346153846,1.8654004991269921
SIFT,km20_paper_exact_neyman,0.01,0.4,49,397.4945983886719,798452,443375.6623931624,1.800847605595398
SIFT,km20_paper_exact_neyman,0.01,0.4,50,339.03955078125,828954,974734.41005291,1.1758606750831893
SIFT,km20_paper_exact_neyman,0.01,0.4,51,336.1755065917969,782034,638882.6726190476,1.2240651273169065
SIFT,km20_paper_exact_neyman,0.01,0.4,52,397.7951354980469,806499,1060274.5208333335,1.3146631562262736
SIFT,km20_paper_exact_neyman,0.01,0.4,53,401.8307800292969,789522,205573.8275862069,3.840576445310947
SIFT,km20_paper_exact_neyman,0.01,0.4,54,403.9814453125,772257,0.0,
SIFT,km20_paper_exact_neyman,0.01,0.4,55,244.17393493652344,788963,1453091.3095238097,1.841773707415696
SIFT,km20_paper_exact_neyman,0.01,0.4,56,363.9601135253906,775961,573586.1111111111,1.352823900315268
SIFT,km20_paper_exact_neyman,0.01,0.4,57,396.5753479003906,769970,1027314.8474730889,1.3342271094628217
SIFT,km20_paper_exact_neyman,0.01,0.4,58,402.9453430175781,816855,378209.0344827586,2.159797692609688
SIFT,km20_paper_exact_neyman,0.01,0.4,59,409.57037353515625,780856,1302966.0845594944,1.6686381158107184
SIFT,km20_paper_exact_neyman,0.01,0.4,60,408.1246643066406,786325,406402.0740740741,1.9348449482978725
SIFT,km20_paper_exact_neyman,0.01,0.4,61,401.16558837890625,815251,687805.0904977375,1.185293640979067
SIFT,km20_paper_exact_neyman,0.01,0.4,62,377.992919921875,799650,1075068.892857143,1.3444243017034239
SIFT,km20_paper_exact_neyman,0.01,0.4,63,380.0064697265625,770308,420588.5542784163,1.8315001494074907
SIFT,km20_paper_exact_neyman,0.01,0.4,64,349.10968017578125,817299,382390.74074074073,2.1373399324910043
SIFT,km20_paper_exact_neyman,0.01,0.4,65,434.93896484375,801986,577347.9871487867,1.3890859894750487
SIFT,km20_paper_exact_neyman,0.01,0.4,66,400.2998962402344,808007,217387.5172413793,3.716896950908262
SIFT,km20_paper_exact_neyman,0.01,0.4,67,384.0870361328125,807389,970355.3090676884,1.2018436083073816
SIFT,km20_paper_exact_neyman,0.01,0.4,68,346.1543884277344,794528,382390.74074074073,2.077790896455536
SIFT,km20_paper_exact_neyman,0.01,0.4,69,323.6508483886719,806169,631943.0,1.2756989158832364
SIFT,km20_paper_exact_neyman,0.01,0.4,70,391.49835205078125,806219,660939.2557189543,1.2198080126486266
SIFT,km20_paper_exact_neyman,0.01,0.4,71,393.2197570800781,804076,888884.6762820513,1.105473458083628
SIFT,km20_paper_exact_neyman,0.01,0.4,72,399.030029296875,788169,435461.4154411765,1.8099628854636567
SIFT,km20_paper_exact_neyman,0.01,0.4,73,221.4608154296875,802130,206306.52380952382,3.8880496127237394
SIFT,km20_paper_exact_neyman,0.01,0.4,74,428.41204833984375,783732,798707.6283524905,1.0191080986261765
SIFT,km20_paper_exact_neyman,0.01,0.4,75,418.0033874511719,825764,803171.2720306513,1.028129402477541
SIFT,km20_paper_exact_neyman,0.01,0.4,76,349.3450927734375,801385,1957567.395858771,2.4427302680469074
SIFT,km20_paper_exact_neyman,0.01,0.4,77,407.7376403808594,804512,1044749.6091269841,1.2986128350192219
SIFT,km20_paper_exact_neyman,0.01,0.4,78,345.1389465332031,803777,913881.2596153846,1.1369835907414427
SIFT,km20_paper_exact_neyman,0.01,0.4,79,404.2498474121094,804003,1004281.4559386973,1.249101627653998
SIFT,km20_paper_exact_neyman,0.01,0.4,80,382.2015075683594,810035,834171.7380952381,1.0297971545615165
SIFT,km20_paper_exact_neyman,0.01,0.4,81,394.7402648925781,791987,879719.3932342167,1.1107750420577822
SIFT,km20_paper_exact_neyman,0.01,0.4,82,394.92144775390625,791919,984974.4074074074,1.2437817597600354
SIFT,km20_paper_exact_neyman,0.01,0.4,83,381.15850830078125,785082,901566.9285714286,1.148372945210091
SIFT,km20_paper_exact_neyman,0.01,0.4,84,276.85357666015625,803320,412613.04761904763,1.9469088644566557
SIFT,km20_paper_exact_neyman,0.01,0.4,85,403.7881774902344,816015,1320377.3529411764,1.6180797570402214
SIFT,km20_paper_exact_neyman,0.01,0.4,86,281.2809143066406,796697,885115.3988095238,1.1109812121917413
SIFT,km20_paper_exact_neyman,0.01,0.4,87,387.8452453613281,809085,797000.5423280423,1.0151624208895254
SIFT,km20_paper_exact_neyman,0.01,0.4,88,403.29144287109375,791345,986740.0767195767,1.2469151592789198
SIFT,km20_paper_exact_neyman,0.01,0.4,89,357.1758117675781,810232,817549.7292464878,1.0090316467955942
SIFT,km20_paper_exact_neyman,0.01,0.4,90,348.5339660644531,835982,2400079.689102564,2.870970534177248
SIFT,km20_paper_exact_neyman,0.01,0.4,91,386.0309753417969,806115,1075863.8601190476,1.3346282603835031
SIFT,km20_paper_exact_neyman,0.01,0.4,92,408.19110107421875,799929,1154617.6487068965,1.4434001626480555
SIFT,km20_paper_exact_neyman,0.01,0.4,93,376.3376159667969,802649,1043499.7876984128,1.3000698782386981
SIFT,km20_paper_exact_neyman,0.01,0.4,94,391.1700439453125,795733,1042686.7738095238,1.3103475334182744
SIFT,km20_paper_exact_neyman,0.01,0.4,95,441.748779296875,805105,442938.46153846156,1.8176452710916604
SIFT,km20_paper_exact_neyman,0.01,0.4,96,319.9952087402344,802507,819922.5197956578,1.0217013930042453
SIFT,km20_paper_exact_neyman,0.01,0.4,97,405.0690612792969,792116,627865.2142857143,1.2616019839562926
SIFT,km20_paper_exact_neyman,0.01,0.4,98,374.5810546875,770248,756496.3945561941,1.0181780184846398
SIFT,km20_paper_exact_neyman,0.01,0.4,99,426.7563171386719,800739,656697.5582983193,1.2193421307594488
SIFT,km20_paper_exact_neyman,0.01,0.5,0,372.0482482910156,804072,1146412.1574074074,1.4257580880908767
SIFT,km20_paper_exact_neyman,0.01,0.5,1,385.9545593261719,811722,885643.8351648352,1.0910679212400738
SIFT,km20_paper_exact_neyman,0.01,0.5,2,394.9783630371094,829692,784611.1085568327,1.0574563512439767
SIFT,km20_paper_exact_neyman,0.01,0.5,3,391.8212890625,791172,655510.1388888889,1.2069561598865006
SIFT,km20_paper_exact_neyman,0.01,0.5,4,319.7450256347656,803973,955614.3333333334,1.1886149576333203
SIFT,km20_paper_exact_neyman,0.01,0.5,5,380.0393371582031,794917,815226.5683269476,1.0255492942369424
SIFT,km20_paper_exact_neyman,0.01,0.5,6,328.6761169433594,794744,807916.8531289911,1.016574963924221
SIFT,km20_paper_exact_neyman,0.01,0.5,7,397.1687316894531,791648,1478560.4433497535,1.8676993352471725
SIFT,km20_paper_exact_neyman,0.01,0.5,8,418.513916015625,804886,670023.4951825558,1.2012802622402061
SIFT,km20_paper_exact_neyman,0.01,0.5,9,352.22998046875,776948,1534003.462962963,1.974396565745665
SIFT,km20_paper_exact_neyman,0.01,0.5,10,394.0569763183594,828502,203201.03703703705,4.077252813670388
SIFT,km20_paper_exact_neyman,0.01,0.5,11,432.48583984375,815010,559448.295019157,1.4568102311797946
SIFT,km20_paper_exact_neyman,0.01,0.5,12,406.16253662109375,804376,838162.0634920634,1.0420028239182464
SIFT,km20_paper_exact_neyman,0.01,0.5,13,404.9566345214844,809701,210647.66666666666,3.843864082678343
SIFT,km20_paper_exact_neyman,0.01,0.5,14,394.8276672363281,792243,1039682.8275862068,1.3123281967605984
SIFT,km20_paper_exact_neyman,0.01,0.5,15,303.80743408203125,816582,622565.9761904762,1.3116392980495355
SIFT,km20_paper_exact_neyman,0.01,0.5,16,424.9352722167969,770578,1080017.893382353,1.4015685542311784
SIFT,km20_paper_exact_neyman,0.01,0.5,17,372.31842041015625,771263,803164.9523809524,1.0413632604973302
SIFT,km20_paper_exact_neyman,0.01,0.5,18,393.0279541015625,784222,358296.81481481483,2.1887495717909857
SIFT,km20_paper_exact_neyman,0.01,0.5,19,400.4907531738281,757932,215252.16666666666,3.52113528861111
SIFT,km20_paper_exact_neyman,0.01,0.5,20,291.91400146484375,802853,1410537.9814814813,1.7569069075926493
SIFT,km20_paper_exact_neyman,0.01,0.5,21,272.52850341796875,793344,215252.16666666666,3.6856493120859026
SIFT,km20_paper_exact_neyman,0.01,0.5,22,330.2196044921875,817716,834929.9907407407,1.0210513072273757
SIFT,km20_paper_exact_neyman,0.01,0.5,23,409.1575622558594,800505,640187.0873015873,1.2504235338050298
SIFT,km20_paper_exact_neyman,0.01,0.5,24,372.28057861328125,783106,1363684.0897435897,1.7413786763778973
SIFT,km20_paper_exact_neyman,0.01,0.5,25,365.21484375,810423,1270953.1527777778,1.5682589866992642
SIFT,km20_paper_exact_neyman,0.01,0.5,26,356.6326904296875,800950,712879.5512820513,1.1235418361482832
SIFT,km20_paper_exact_neyman,0.01,0.5,27,233.2550506591797,786761,412613.04761904763,1.906776832530975
SIFT,km20_paper_exact_neyman,0.01,0.5,28,389.90380859375,819103,1281211.7569444445,1.5641644053854575
SIFT,km20_paper_exact_neyman,0.01,0.5,29,417.54730224609375,788421,179148.40740740742,4.400937811336639
SIFT,km20_paper_exact_neyman,0.01,0.5,30,392.8097839355469,774709,1434911.7315270936,1.852194477574281
SIFT,km20_paper_exact_neyman,0.01,0.5,31,379.7194519042969,813563,663380.3725490196,1.2263899169550465
SIFT,km20_paper_exact_neyman,0.01,0.5,32,394.81256103515625,796478,636078.1609195402,1.2521700145286851
SIFT,km20_paper_exact_neyman,0.01,0.5,33,319.9873352050781,780607,869493.4404761904,1.1138683620262058
SIFT,km20_paper_exact_neyman,0.01,0.5,34,315.56451416015625,823847,823138.3703703703,1.000860887616393
SIFT,km20_paper_exact_neyman,0.01,0.5,35,377.76806640625,817178,833213.1111111111,1.019622543816783
SIFT,km20_paper_exact_neyman,0.01,0.5,36,387.8049621582031,802894,1272277.889790399,1.584615017412509
SIFT,km20_paper_exact_neyman,0.01,0.5,37,371.2020263671875,818454,193452.75,4.230769528993514
SIFT,km20_paper_exact_neyman,0.01,0.5,38,414.6022033691406,805071,597879.3818646233,1.3465441766685486
SIFT,km20_paper_exact_neyman,0.01,0.5,39,368.1969299316406,818444,1134174.8846153847,1.3857696856661967
SIFT,km20_paper_exact_neyman,0.01,0.5,40,345.3054504394531,827179,1214364.3901660282,1.468079327649793
SIFT,km20_paper_exact_neyman,0.01,0.5,41,437.45843505859375,847465,406402.0740740741,2.0852870938978874
SIFT,km20_paper_exact_neyman,0.01,0.5,42,368.06109619140625,760308,1049123.7266922095,1.3798667470185892
SIFT,km20_paper_exact_neyman,0.01,0.5,43,361.3336181640625,798655,817124.4789272031,1.0231257287905329
SIFT,km20_paper_exact_neyman,0.01,0.5,44,395.9861145019531,781932,816644.0026455027,1.0443926104130572
SIFT,km20_paper_exact_neyman,0.01,0.5,45,331.9261779785156,767590,618919.5714285715,1.240209609510767
SIFT,km20_paper_exact_neyman,0.01,0.5,46,403.52423095703125,809955,852336.7577943054,1.052326064774346
SIFT,km20_paper_exact_neyman,0.01,0.5,47,412.57000732421875,834769,758508.9220945083,1.1005394606234966
SIFT,km20_paper_exact_neyman,0.01,0.5,48,386.1009521484375,799371,1095596.282051282,1.3705729655582728
SIFT,km20_paper_exact_neyman,0.01,0.5,49,397.4945983886719,798452,872710.9700854701,1.0930036747174159
SIFT,km20_paper_exact_neyman,0.01,0.5,50,339.03955078125,828954,191195.37037037036,4.335638453976203
SIFT,km20_paper_exact_neyman,0.01,0.5,51,336.1755065917969,782034,1053765.0476190476,1.3474670508175444
SIFT,km20_paper_exact_neyman,0.01,0.5,52,397.7951354980469,806499,833213.1111111111,1.0331235514378954
SIFT,km20_paper_exact_neyman,0.01,0.5,53,401.8307800292969,789522,205573.8275862069,3.840576445310947
SIFT,km20_paper_exact_neyman,0.01,0.5,54,403.9814453125,772257,812804.1481481482,1.052504733719666
SIFT,km20_paper_exact_neyman,0.01,0.5,55,244.17393493652344,788963,1040478.2619047619,1.3187922144698319
SIFT,km20_paper_exact_neyman,0.01,0.5,56,363.9601135253906,775961,779159.9386973181,1.0041225508721676
SIFT,km20_paper_exact_neyman,0.01,0.5,57,396.5753479003906,769970,368252.9246487867,2.090872735727333
SIFT,km20_paper_exact_neyman,0.01,0.5,58,402.9453430175781,816855,590252.8161831782,1.383906993078197
SIFT,km20_paper_exact_neyman,0.01,0.5,59,409.57037353515625,780856,637976.0715197957,1.2239581308117617
SIFT,km20_paper_exact_neyman,0.01,0.5,60,408.1246643066406,786325,609603.1111111111,1.2898966321985816
SIFT,km20_paper_exact_neyman,0.01,0.5,61,401.16558837890625,815251,1084226.7952488689,1.329930040256153
SIFT,km20_paper_exact_neyman,0.01,0.5,62,377.992919921875,799650,626212.380952381,1.2769629351368696
SIFT,km20_paper_exact_neyman,0.01,0.5,63,380.0064697265625,770308,811916.834422658,1.054015840965767
SIFT,km20_paper_exact_neyman,0.01,0.5,64,349.10968017578125,817299,573586.1111111111,1.4248932883273362
SIFT,km20_paper_exact_neyman,0.01,0.5,65,434.93896484375,801986,968009.515491453,1.2070154784390912
SIFT,km20_paper_exact_neyman,0.01,0.5,66,400.2998962402344,808007,841177.1085568327,1.0410517589041093
SIFT,km20_paper_exact_neyman,0.01,0.5,67,384.0870361328125,807389,752734.5185185185,1.07260791173633
SIFT,km20_paper_exact_neyman,0.01,0.5,68,346.1543884277344,794528,382390.74074074073,2.077790896455536
SIFT,km20_paper_exact_neyman,0.01,0.5,69,323.6508483886719,806169,631943.0,1.2756989158832364
SIFT,km20_paper_exact_neyman,0.01,0.5,70,391.49835205078125,806219,1081646.8713235294,1.3416290999387628
SIFT,km20_paper_exact_neyman,0.01,0.5,71,393.2197570800781,804076,1468430.4345238095,1.826233384062961
SIFT,km20_paper_exact_neyman,0.01,0.5,72,399.030029296875,788169,1079226.1086601308,1.3692826140842012
SIFT,km20_paper_exact_neyman,0.01,0.5,73,221.4608154296875,802130,412613.04761904763,1.9440248063618697
SIFT,km20_paper_exact_neyman,0.01,0.5,74,428.41204833984375,783732,804601.6538154534,1.026628559016926
SIFT,km20_paper_exact_neyman,0.01,0.5,75,418.0033874511719,825764,1197567.6794380588,1.4502541639476396
SIFT,km20_paper_exact_neyman,0.01,0.5,76,349.3450927734375,801385,1128021.3475274725,1.4075897945774785
SIFT,km20_paper_exact_neyman,0.01,0.5,77,407.7376403808594,804512,628046.0069444444,1.2809762200608426
SIFT,km20_paper_exact_neyman,0.01,0.5,78,345.1389465332031,803777,917712.4583333334,1.1417500853263198
SIFT,km20_paper_exact_neyman,0.01,0.5,79,404.2498474121094,804003,406402.0740740741,1.9783437420485603
SIFT,km20_paper_exact_neyman,0.01,0.5,80,382.2015075683594,810035,638882.6726190476,1.2678932059298578
SIFT,km20_paper_exact_neyman,0.01,0.5,81,394.7402648925781,791987,434669.63071895426,1.8220435568273634
SIFT,km20_paper_exact_neyman,0.01,0.5,82,394.92144775390625,791919,408774.8646232439,1.937298666173834
SIFT,km20_paper_exact_neyman,0.01,0.5,83,381.15850830078125,785082,1285690.357142857,1.6376510442767214
SIFT,km20_paper_exact_neyman,0.01,0.5,84,276.85357666015625,803320,412613.04761904763,1.9469088644566557
SIFT,km20_paper_exact_neyman,0.01,0.5,85,403.7881774902344,816015,886565.2696078431,1.086457074450645
SIFT,km20_paper_exact_neyman,0.01,0.5,86,281.2809143066406,796697,226269.625,3.5210072938424677
SIFT,km20_paper_exact_neyman,0.01,0.5,87,387.8452453613281,809085,1090941.4814814816,1.3483644876391003
SIFT,km20_paper_exact_neyman,0.01,0.5,88,403.29144287109375,791345,1010395.6600529101,1.2768080420712964
SIFT,km20_paper_exact_neyman,0.01,0.5,89,357.1758117675781,810232,831736.2094508302,1.0265408049186286
SIFT,km20_paper_exact_neyman,0.01,0.5,90,348.5339660644531,835982,1068860.2916666665,1.2785685477279014
SIFT,km20_paper_exact_neyman,0.01,0.5,91,386.0309753417969,806115,1474751.5162037038,1.829455494816129
SIFT,km20_paper_exact_neyman,0.01,0.5,92,408.19110107421875,799929,776408.614224138,1.0302938238254427
SIFT,km20_paper_exact_neyman,0.01,0.5,93,376.3376159667969,802649,437014.01960784313,1.8366664774742498
SIFT,km20_paper_exact_neyman,0.01,0.5,94,391.1700439453125,795733,850766.2738095238,1.069160476955868
SIFT,km20_paper_exact_neyman,0.01,0.5,95,441.748779296875,805105,851936.0003770739,1.058167568673743
SIFT,km20_paper_exact_neyman,0.01,0.5,96,319.9952087402344,802507,822295.3103448276,1.024658115561394
SIFT,km20_paper_exact_neyman,0.01,0.5,97,405.0690612792969,792116,215252.16666666666,3.679944375317941
SIFT,km20_paper_exact_neyman,0.01,0.5,98,374.5810546875,770248,179148.40740740742,4.299496775588706
SIFT,km20_paper_exact_neyman,0.01,0.5,99,426.7563171386719,800739,658250.162464986,1.2164660879101468
SIFT,km20_paper_exact_neyman,0.1,0.1,0,450.61346435546875,7932122,11181461.29894479,1.4096431319317566
SIFT,km20_paper_exact_neyman,0.1,0.1,1,450.30413818359375,8071441,6181255.843999137,1.30579306272137
SIFT,km20_paper_exact_neyman,0.1,0.1,2,461.1040954589844,8110755,7725529.492359971,1.0498639618191856
SIFT,km20_paper_exact_neyman,0.1,0.1,3,462.1222839355469,8020030,8174592.5041837245,1.0192720606012353
SIFT,km20_paper_exact_neyman,0.1,0.1,4,431.63616943359375,8033917,7043206.451923077,1.1406618640017885
SIFT,km20_paper_exact_neyman,0.1,0.1,5,434.86285400390625,7901252,4533863.720945083,1.7427193418934495
SIFT,km20_paper_exact_neyman,0.1,0.1,6,388.046142578125,8028378,8066872.296296296,1.0047947787580873
SIFT,km20_paper_exact_neyman,0.1,0.1,7,457.66656494140625,8012448,5634518.8204653505,1.422028793461064
SIFT,km20_paper_exact_neyman,0.1,0.1,8,476.9913024902344,7939603,5736225.693552273,1.384116215811453
SIFT,km20_paper_exact_neyman,0.1,0.1,9,433.73712158203125,7865768,8002705.849634298,1.0174093425631545
SIFT,km20_paper_exact_neyman,0.1,0.1,10,440.8808288574219,8092144,8613030.010217113,1.064369345159591
SIFT,km20_paper_exact_neyman,0.1,0.1,11,498.6571960449219,8021019,8806696.980523627,1.0979523899050267
SIFT,km20_paper_exact_neyman,0.1,0.1,12,465.5845642089844,8030901,7794910.872284892,1.0302748975044962
SIFT,km20_paper_exact_neyman,0.1,0.1,13,466.43414306640625,7974524,7728490.978806053,1.0318345485384723
SIFT,km20_paper_exact_neyman,0.1,0.1,14,463.9320983886719,7954463,7660132.057151978,1.0384237426524803
SIFT,km20_paper_exact_neyman,0.1,0.1,15,408.9007263183594,7956526,8353531.504298942,1.0498968399398108
SIFT,km20_paper_exact_neyman,0.1,0.1,16,498.0208740234375,8029329,9862396.516309327,1.2282964761201498
SIFT,km20_paper_exact_neyman,0.1,0.1,17,441.5086669921875,7973593,7394182.82997558,1.0783602709518523
SIFT,km20_paper_exact_neyman,0.1,0.1,18,449.5707702636719,7903798,9720279.532676384,1.2298238812120936
SIFT,km20_paper_exact_neyman,0.1,0.1,19,477.4197082519531,8008849,7848558.746243038,1.0204228902323869
SIFT,km20_paper_exact_neyman,0.1,0.1,20,398.1723327636719,8084366,8502581.641229142,1.051731408650863
SIFT,km20_paper_exact_neyman,0.1,0.1,21,401.9685363769531,8028103,7837334.825807334,1.0243409498806266
SIFT,km20_paper_exact_neyman,0.1,0.1,22,427.27392578125,8088635,10268745.745073892,1.26952764527932
SIFT,km20_paper_exact_neyman,0.1,0.1,23,465.30731201171875,8051639,9842560.633595612,1.2224294499040025
SIFT,km20_paper_exact_neyman,0.1,0.1,24,455.15203857421875,8014826,9394421.567077257,1.1721304451372065
SIFT,km20_paper_exact_neyman,0.1,0.1,25,440.13507080078125,7992644,8139382.021494709,1.0183591339104694
SIFT,km20_paper_exact_neyman,0.1,0.1,26,450.986572265625,8003698,8959621.337962965,1.1194352083203245
SIFT,km20_paper_exact_neyman,0.1,0.1,27,386.5642395019531,8026506,6895949.7698412705,1.163944963042379
SIFT,km20_paper_exact_neyman,0.1,0.1,28,478.3063049316406,8049606,8730678.671851432,1.0846094419840464
SIFT,km20_paper_exact_neyman,0.1,0.1,29,475.7086486816406,7872785,9220332.594297681,1.1711652984677825
SIFT,km20_paper_exact_neyman,0.1,0.1,30,470.4612731933594,7987092,8807085.096891431,1.1026647867448416
SIFT,km20_paper_exact_neyman,0.1,0.1,31,443.7033996582031,8031536,7984206.799911417,1.0059278524811142
SIFT,km20_paper_exact_neyman,0.1,0.1,32,491.1689147949219,7987644,9958632.69108659,1.2467546990184577
SIFT,km20_paper_exact_neyman,0.1,0.1,33,395.16693115234375,8045210,7834009.909340659,1.0269593851812113
SIFT,km20_paper_exact_neyman,0.1,0.1,34,423.729736328125,8038608,9097003.7831372,1.1316640621283187
SIFT,km20_paper_exact_neyman,0.1,0.1,35,455.2437744140625,8007695,7229741.862628385,1.107604552438168
SIFT,km20_paper_exact_neyman,0.1,0.1,36,432.60028076171875,7996348,7249891.676550358,1.1029610312474105
SIFT,km20_paper_exact_neyman,0.1,0.1,37,430.46441650390625,8022540,9906707.788685987,1.2348592576273831
SIFT,km20_paper_exact_neyman,0.1,0.1,38,484.6388244628906,7937200,6875050.355808702,1.1544933621168159
SIFT,km20_paper_exact_neyman,0.1,0.1,39,428.13665771484375,8023259,9996597.30834646,1.2459522132273755
SIFT,km20_paper_exact_neyman,0.1,0.1,40,416.060791015625,8100893,7198833.743021346,1.1253063050460255
SIFT,km20_paper_exact_neyman,0.1,0.1,41,497.7900390625,8061170,8410793.356100589,1.0433712917728555
SIFT,km20_paper_exact_neyman,0.1,0.1,42,443.74169921875,7938675,9096230.776198795,1.1458122137760767
SIFT,km20_paper_exact_neyman,0.1,0.1,43,443.9073181152344,8030231,8570375.265804598,1.067263851538592
SIFT,km20_paper_exact_neyman,0.1,0.1,44,448.0622863769531,7991981,7506172.579695663,1.0647211898136284
SIFT,km20_paper_exact_neyman,0.1,0.1,45,424.8149108886719,8033265,8176393.863705739,1.0178170225563006
SIFT,km20_paper_exact_neyman,0.1,0.1,46,464.051513671875,8037302,7500975.767164189,1.071500861952334
SIFT,km20_paper_exact_neyman,0.1,0.1,47,461.7054138183594,8004689,7209922.756613757,1.1102322826769806
SIFT,km20_paper_exact_neyman,0.1,0.1,48,435.3399658203125,7986856,7712630.424163979,1.0355553891156073
SIFT,km20_paper_exact_neyman,0.1,0.1,49,460.3242492675781,8066320,7381235.487730134,1.092814341638156
SIFT,km20_paper_exact_neyman,0.1,0.1,50,405.986328125,7998345,7902385.613391717,1.0121430908719091
SIFT,km20_paper_exact_neyman,0.1,0.1,51,404.2448425292969,7965644,7739876.11441799,1.0291694443482688
SIFT,km20_paper_exact_neyman,0.1,0.1,52,465.2330627441406,7967048,7247861.644391856,1.0992273846955434
SIFT,km20_paper_exact_neyman,0.1,0.1,53,487.79156494140625,7917653,6152774.051085568,1.2868428020045761
SIFT,km20_paper_exact_neyman,0.1,0.1,54,467.514404296875,7999017,8570832.810337605,1.0714857601049734
SIFT,km20_paper_exact_neyman,0.1,0.1,55,395.586669921875,8055063,7525227.28042328,1.0704079358446856
SIFT,km20_paper_exact_neyman,0.1,0.1,56,446.0043640136719,8013107,10250192.225409703,1.2791782545034907
SIFT,km20_paper_exact_neyman,0.1,0.1,57,461.6609191894531,7929958,9337602.756727785,1.1775097367133325
SIFT,km20_paper_exact_neyman,0.1,0.1,58,460.88275146484375,8004151,7913982.632269765,1.0113935513786152
SIFT,km20_paper_exact_neyman,0.1,0.1,59,466.2606506347656,7925314,7660423.014734054,1.0345791589780948
SIFT,km20_paper_exact_neyman,0.1,0.1,60,493.7353515625,8022659,6705257.24465265,1.1964729625247352
SIFT,km20_paper_exact_neyman,0.1,0.1,61,468.54638671875,7993508,6661841.322050991,1.1998946858042285
SIFT,km20_paper_exact_neyman,0.1,0.1,62,459.560546875,8066606,7226338.968655705,1.1162783859142171
SIFT,km20_paper_exact_neyman,0.1,0.1,63,450.0906677246094,7957435,8796805.930744043,1.1054825997000344
SIFT,km20_paper_exact_neyman,0.1,0.1,64,423.4005126953125,8051785,7329288.587552454,1.0985766086049036
SIFT,km20_paper_exact_neyman,0.1,0.1,65,503.074462890625,7928451,5592104.792888235,1.4177937098179947
SIFT,km20_paper_exact_neyman,0.1,0.1,66,458.9324645996094,8060024,7659790.288298284,1.0522512623241325
SIFT,km20_paper_exact_neyman,0.1,0.1,67,449.2168884277344,7972658,8157882.7782285325,1.0232325001559746
SIFT,km20_paper_exact_neyman,0.1,0.1,68,433.3220520019531,8016276,5684972.140416894,1.4100818442026957
SIFT,km20_paper_exact_neyman,0.1,0.1,69,439.2687072753906,7935577,7768627.001373626,1.0214902837524384
SIFT,km20_paper_exact_neyman,0.1,0.1,70,446.07623291015625,8043178,10128922.005346317,1.25931839446377
SIFT,km20_paper_exact_neyman,0.1,0.1,71,459.6553039550781,8029664,8035108.549954811,1.000678054518198
SIFT,km20_paper_exact_neyman,0.1,0.1,72,467.38519287109375,7980988,7639143.911115404,1.0447490049751769
SIFT,km20_paper_exact_neyman,0.1,0.1,73,399.5403747558594,8053529,8314444.235805861,1.0323976278977651
SIFT,km20_paper_exact_neyman,0.1,0.1,74,504.7834167480469,8000569,6770030.853665708,1.1817625610477098
SIFT,km20_paper_exact_neyman,0.1,0.1,75,477.9005126953125,7956611,6972908.6913830675,1.141074887418584
SIFT,km20_paper_exact_neyman,0.1,0.1,76,427.6597900390625,8081974,8226551.93533332,1.0178889384367384
SIFT,km20_paper_exact_neyman,0.1,0.1,77,467.7328186035156,8012863,7705547.440810542,1.0398823784487832
SIFT,km20_paper_exact_neyman,0.1,0.1,78,452.9413757324219,8010995,7094401.26635184,1.129199589822398
SIFT,km20_paper_exact_neyman,0.1,0.1,79,476.085693359375,7916321,7882761.156312717,1.0042573716267438
SIFT,km20_paper_exact_neyman,0.1,0.1,80,428.4750671386719,7972730,7705574.74545886,1.0346703864885074
SIFT,km20_paper_exact_neyman,0.1,0.1,81,453.38372802734375,8067930,6776689.664956368,1.1905414588661034
SIFT,km20_paper_exact_neyman,0.1,0.1,82,458.3464660644531,7986520,6756949.769197334,1.1819711959985058
SIFT,km20_paper_exact_neyman,0.1,0.1,83,434.3740234375,7992242,7631810.80945049,1.0472274797618393
SIFT,km20_paper_exact_neyman,0.1,0.1,84,391.2173156738281,8015055,8084036.596611721,1.0086065032132308
SIFT,km20_paper_exact_neyman,0.1,0.1,85,467.4007873535156,8005612,9094060.982964339,1.135960746406938
SIFT,km20_paper_exact_neyman,0.1,0.1,86,389.9203796386719,8009052,8181471.1830756245,1.0215280389084282
SIFT,km20_paper_exact_neyman,0.1,0.1,87,438.1311340332031,8015590,7712643.124435886,1.0392792549423544
SIFT,km20_paper_exact_neyman,0.1,0.1,88,467.9649658203125,8117229,7209719.859651421,1.1258730100495826
SIFT,km20_paper_exact_neyman,0.1,0.1,89,449.4183044433594,8012957,7749892.200989783,1.0339443171837435
SIFT,km20_paper_exact_neyman,0.1,0.1,90,433.1154479980469,7954572,8479287.272956619,1.0659639856118743
SIFT,km20_paper_exact_neyman,0.1,0.1,91,451.5870666503906,8059356,8140378.175260061,1.010053182321275
SIFT,km20_paper_exact_neyman,0.1,0.1,92,479.1251525878906,7928766,6900006.6375554055,1.1490954163500735
SIFT,km20_paper_exact_neyman,0.1,0.1,93,438.1471252441406,8046569,8444722.408757092,1.0494811401924338
SIFT,km20_paper_exact_neyman,0.1,0.1,94,477.37188720703125,7929093,7227662.921537205,1.0970479788663985
SIFT,km20_paper_exact_neyman,0.1,0.1,95,494.6036682128906,7956687,10111185.451393222,1.2707783341726553
SIFT,km20_paper_exact_neyman,0.1,0.1,96,432.9142150878906,8036597,7297118.9923371645,1.101338351264297
SIFT,km20_paper_exact_neyman,0.1,0.1,97,481.1961975097656,7910053,8480054.574652893,1.0720603989193112
SIFT,km20_paper_exact_neyman,0.1,0.1,98,448.08123779296875,7926934,7657145.946462779,1.035233500239322
SIFT,km20_paper_exact_neyman,0.1,0.1,99,485.9123229980469,7982147,7386776.7750846,1.0805994607720606
SIFT,km20_paper_exact_neyman,0.1,0.2,0,450.61346435546875,7932122,7754220.093728304,1.0229425917914794
SIFT,km20_paper_exact_neyman,0.1,0.2,1,450.30413818359375,8071441,9265043.072353043,1.1478796750608773
SIFT,km20_paper_exact_neyman,0.1,0.2,2,461.1040954589844,8110755,8629548.690932313,1.0639636742735186
SIFT,km20_paper_exact_neyman,0.1,0.2,3,462.1222839355469,8020030,7761233.077519337,1.0333448203263316
SIFT,km20_paper_exact_neyman,0.1,0.2,4,431.63616943359375,8033917,7884450.183353684,1.0189571641865254
SIFT,km20_paper_exact_neyman,0.1,0.2,5,434.86285400390625,7901252,6908998.829501916,1.1436175045016788
SIFT,km20_paper_exact_neyman,0.1,0.2,6,388.046142578125,8028378,10147814.52800047,1.2639931164178455
SIFT,km20_paper_exact_neyman,0.1,0.2,7,457.66656494140625,8012448,9147252.97381328,1.1416302450653384
SIFT,km20_paper_exact_neyman,0.1,0.2,8,476.9913024902344,7939603,9249209.590579005,1.1649461050607952
SIFT,km20_paper_exact_neyman,0.1,0.2,9,433.73712158203125,7865768,7474923.657351269,1.0522874025963265
SIFT,km20_paper_exact_neyman,0.1,0.2,10,440.8808288574219,8092144,7049725.085682357,1.147866604959496
SIFT,km20_paper_exact_neyman,0.1,0.2,11,498.6571960449219,8021019,9273694.125025436,1.1561740627999306
SIFT,km20_paper_exact_neyman,0.1,0.2,12,465.5845642089844,8030901,6956993.861565944,1.1543636748577397
SIFT,km20_paper_exact_neyman,0.1,0.2,13,466.43414306640625,7974524,8123050.550111926,1.0186251304920426
SIFT,km20_paper_exact_neyman,0.1,0.2,14,463.9320983886719,7954463,8969036.576651158,1.1275477146164559
SIFT,km20_paper_exact_neyman,0.1,0.2,15,408.9007263183594,7956526,8268104.386853887,1.0391601041527279
SIFT,km20_paper_exact_neyman,0.1,0.2,16,498.0208740234375,8029329,9723378.546315853,1.210982704322597
SIFT,km20_paper_exact_neyman,0.1,0.2,17,441.5086669921875,7973593,8780611.228861418,1.1012113646710358
SIFT,km20_paper_exact_neyman,0.1,0.2,18,449.5707702636719,7903798,8349146.267983247,1.0563461095517934
SIFT,km20_paper_exact_neyman,0.1,0.2,19,477.4197082519531,8008849,8149764.468094327,1.01759497127419
SIFT,km20_paper_exact_neyman,0.1,0.2,20,398.1723327636719,8084366,6705171.711845467,1.2056911213351964
SIFT,km20_paper_exact_neyman,0.1,0.2,21,401.9685363769531,8028103,6811159.930852035,1.178668990524751
SIFT,km20_paper_exact_neyman,0.1,0.2,22,427.27392578125,8088635,9256724.581964971,1.1444112117761491
SIFT,km20_paper_exact_neyman,0.1,0.2,23,465.30731201171875,8051639,6354107.675504684,1.2671549509680737
SIFT,km20_paper_exact_neyman,0.1,0.2,24,455.15203857421875,8014826,7514626.670646891,1.0665634303972749
SIFT,km20_paper_exact_neyman,0.1,0.2,25,440.13507080078125,7992644,6259201.139880952,1.2769431467978063
SIFT,km20_paper_exact_neyman,0.1,0.2,26,450.986572265625,8003698,8531586.821602145,1.065955614717365
SIFT,km20_paper_exact_neyman,0.1,0.2,27,386.5642395019531,8026506,7876634.583333334,1.0190273415734923
SIFT,km20_paper_exact_neyman,0.1,0.2,28,478.3063049316406,8049606,7012071.436914938,1.1479640606088206
SIFT,km20_paper_exact_neyman,0.1,0.2,29,475.7086486816406,7872785,9529999.977627257,1.21049920423678
SIFT,km20_paper_exact_neyman,0.1,0.2,30,470.4612731933594,7987092,6955358.95899538,1.1483364190241077
SIFT,km20_paper_exact_neyman,0.1,0.2,31,443.7033996582031,8031536,10343849.874914197,1.2879043155523673
SIFT,km20_paper_exact_neyman,0.1,0.2,32,491.1689147949219,7987644,9250047.76966486,1.158044571048091
SIFT,km20_paper_exact_neyman,0.1,0.2,33,395.16693115234375,8045210,7118039.744047619,1.1302564033486489
SIFT,km20_paper_exact_neyman,0.1,0.2,34,423.729736328125,8038608,7732007.025907681,1.0396534784649043
SIFT,km20_paper_exact_neyman,0.1,0.2,35,455.2437744140625,8007695,9366090.911835756,1.169636320044127
SIFT,km20_paper_exact_neyman,0.1,0.2,36,432.60028076171875,7996348,7905573.974759731,1.0114822814295439
SIFT,km20_paper_exact_neyman,0.1,0.2,37,430.46441650390625,8022540,8371065.689484128,1.0434433096605473
SIFT,km20_paper_exact_neyman,0.1,0.2,38,484.6388244628906,7937200,7898164.548679528,1.0049423446523407
SIFT,km20_paper_exact_neyman,0.1,0.2,39,428.13665771484375,8023259,10048987.045625944,1.2524819460054752
SIFT,km20_paper_exact_neyman,0.1,0.2,40,416.060791015625,8100893,8646343.843367998,1.06733218712653
SIFT,km20_paper_exact_neyman,0.1,0.2,41,497.7900390625,8061170,10285798.467513444,1.275968434794632
SIFT,km20_paper_exact_neyman,0.1,0.2,42,443.74169921875,7938675,8789562.680687025,1.1071825815626695
SIFT,km20_paper_exact_neyman,0.1,0.2,43,443.9073181152344,8030231,8510517.11799854,1.0598097511763411
SIFT,km20_paper_exact_neyman,0.1,0.2,44,448.0622863769531,7991981,7955926.460579524,1.0045317838970886
SIFT,km20_paper_exact_neyman,0.1,0.2,45,424.8149108886719,8033265,7746535.446428571,1.0370139084180685
SIFT,km20_paper_exact_neyman,0.1,0.2,46,464.051513671875,8037302,6877938.991157286,1.1685625607225165
SIFT,km20_paper_exact_neyman,0.1,0.2,47,461.7054138183594,8004689,8392762.38195048,1.0484807569601369
SIFT,km20_paper_exact_neyman,0.1,0.2,48,435.3399658203125,7986856,8543704.775087334,1.0697206479104335
SIFT,km20_paper_exact_neyman,0.1,0.2,49,460.3242492675781,8066320,8237592.468092365,1.0212330366378182
SIFT,km20_paper_exact_neyman,0.1,0.2,50,405.986328125,7998345,9942050.058109833,1.2430134056620255
SIFT,km20_paper_exact_neyman,0.1,0.2,51,404.2448425292969,7965644,7498417.261904761,1.0623100478108833
SIFT,km20_paper_exact_neyman,0.1,0.2,52,465.2330627441406,7967048,8627780.652907958,1.0829331833959026
SIFT,km20_paper_exact_neyman,0.1,0.2,53,487.79156494140625,7917653,8311481.178719667,1.0497405201667296
SIFT,km20_paper_exact_neyman,0.1,0.2,54,467.514404296875,7999017,6287848.97736566,1.2721388552419157
SIFT,km20_paper_exact_neyman,0.1,0.2,55,395.586669921875,8055063,6353768.404761905,1.2677615057487837
SIFT,km20_paper_exact_neyman,0.1,0.2,56,446.0043640136719,8013107,8077204.138660829,1.0079990369105054
SIFT,km20_paper_exact_neyman,0.1,0.2,57,461.6609191894531,7929958,8208295.194820744,1.035099453845877
SIFT,km20_paper_exact_neyman,0.1,0.2,58,460.88275146484375,8004151,9730865.147457827,1.2157273329123635
SIFT,km20_paper_exact_neyman,0.1,0.2,59,466.2606506347656,7925314,9769694.67355544,1.2327202018185575
SIFT,km20_paper_exact_neyman,0.1,0.2,60,493.7353515625,8022659,7154073.871037783,1.1214112608591527
SIFT,km20_paper_exact_neyman,0.1,0.2,61,468.54638671875,7993508,8733578.085034551,1.0925838924580487
SIFT,km20_paper_exact_neyman,0.1,0.2,62,459.560546875,8066606,9824883.441788416,1.2179699171855445
SIFT,km20_paper_exact_neyman,0.1,0.2,63,450.0906677246094,7957435,7605558.12849263,1.046265752698561
SIFT,km20_paper_exact_neyman,0.1,0.2,64,423.4005126953125,8051785,5296661.989167123,1.520162135410515
SIFT,km20_paper_exact_neyman,0.1,0.2,65,503.074462890625,7928451,6966680.928156328,1.1380528377518497
SIFT,km20_paper_exact_neyman,0.1,0.2,66,458.9324645996094,8060024,6989425.7287507905,1.15317399637646
SIFT,km20_paper_exact_neyman,0.1,0.2,67,449.2168884277344,7972658,8328187.507140928,1.0445935981627368
SIFT,km20_paper_exact_neyman,0.1,0.2,68,433.3220520019531,8016276,8210463.308292283,1.024224129544976
SIFT,km20_paper_exact_neyman,0.1,0.2,69,439.2687072753906,7935577,7893405.082777216,1.0053426774352174
SIFT,km20_paper_exact_neyman,0.1,0.2,70,446.07623291015625,8043178,5810892.224631255,1.3841554255483375
SIFT,km20_paper_exact_neyman,0.1,0.2,71,459.6553039550781,8029664,8858799.557530705,1.1032590600965002
SIFT,km20_paper_exact_neyman,0.1,0.2,72,467.38519287109375,7980988,8181185.284586212,1.02508427334889
SIFT,km20_paper_exact_neyman,0.1,0.2,73,399.5403747558594,8053529,7248739.967948718,1.1110246795456542
SIFT,km20_paper_exact_neyman,0.1,0.2,74,504.7834167480469,8000569,8242746.420341074,1.0302700245871355
SIFT,km20_paper_exact_neyman,0.1,0.2,75,477.9005126953125,7956611,8719260.7758179,1.095851082303496
SIFT,km20_paper_exact_neyman,0.1,0.2,76,427.6597900390625,8081974,6833688.698412699,1.182666398291928
SIFT,km20_paper_exact_neyman,0.1,0.2,77,467.7328186035156,8012863,8735103.66737809,1.0901351573561273
SIFT,km20_paper_exact_neyman,0.1,0.2,78,452.9413757324219,8010995,7763433.4564000815,1.0318881516780223
SIFT,km20_paper_exact_neyman,0.1,0.2,79,476.085693359375,7916321,5202734.196782066,1.5215693711387968
SIFT,km20_paper_exact_neyman,0.1,0.2,80,428.4750671386719,7972730,7484616.402920652,1.0652155796373046
SIFT,km20_paper_exact_neyman,0.1,0.2,81,453.38372802734375,8067930,8327821.456147925,1.0322129041957386
SIFT,km20_paper_exact_neyman,0.1,0.2,82,458.3464660644531,7986520,7802501.389978213,1.0235845661313365
SIFT,km20_paper_exact_neyman,0.1,0.2,83,434.3740234375,7992242,8135767.94296009,1.0179581577935315
SIFT,km20_paper_exact_neyman,0.1,0.2,84,391.2173156738281,8015055,7176662.526455026,1.116822056276778
SIFT,km20_paper_exact_neyman,0.1,0.2,85,467.4007873535156,8005612,8133548.610177404,1.0159808656948905
SIFT,km20_paper_exact_neyman,0.1,0.2,86,389.9203796386719,8009052,7943962.657407407,1.0081935609971555
SIFT,km20_paper_exact_neyman,0.1,0.2,87,438.1311340332031,8015590,6471910.678429227,1.2385198743109713
SIFT,km20_paper_exact_neyman,0.1,0.2,88,467.9649658203125,8117229,7245567.92847484,1.120302656759253
SIFT,km20_paper_exact_neyman,0.1,0.2,89,449.4183044433594,8012957,8570096.65820562,1.0695298450004935
SIFT,km20_paper_exact_neyman,0.1,0.2,90,433.1154479980469,7954572,7758144.515873016,1.0253188740845312
SIFT,km20_paper_exact_neyman,0.1,0.2,91,451.5870666503906,8059356,9874240.005712919,1.2251897056927277
SIFT,km20_paper_exact_neyman,0.1,0.2,92,479.1251525878906,7928766,7172247.17031027,1.1054786333663127
SIFT,km20_paper_exact_neyman,0.1,0.2,93,438.1471252441406,8046569,6824841.308729262,1.1790118826218121
SIFT,km20_paper_exact_neyman,0.1,0.2,94,477.37188720703125,7929093,8223625.875707762,1.037145847035438
SIFT,km20_paper_exact_neyman,0.1,0.2,95,494.6036682128906,7956687,7853587.5064072125,1.0131276940008214
SIFT,km20_paper_exact_neyman,0.1,0.2,96,432.9142150878906,8036597,8735939.008301403,1.0870196686858136
SIFT,km20_paper_exact_neyman,0.1,0.2,97,481.1961975097656,7910053,9219183.36863711,1.1655020982333633
SIFT,km20_paper_exact_neyman,0.1,0.2,98,448.08123779296875,7926934,6826897.416199142,1.1611327249755719
SIFT,km20_paper_exact_neyman,0.1,0.2,99,485.9123229980469,7982147,11375827.67497282,1.425158879556192
SIFT,km20_paper_exact_neyman,0.1,0.3,0,450.61346435546875,7932122,6983660.244852642,1.1358115546709806
SIFT,km20_paper_exact_neyman,0.1,0.3,1,450.30413818359375,8071441,6596653.308109008,1.2235660452366193
SIFT,km20_paper_exact_neyman,0.1,0.3,2,461.1040954589844,8110755,6464502.163473818,1.2546604200750298
SIFT,km20_paper_exact_neyman,0.1,0.3,3,462.1222839355469,8020030,6538953.769404342,1.2265004896541079
SIFT,km20_paper_exact_neyman,0.1,0.3,4,431.63616943359375,8033917,7893050.06013431,1.0178469588805943
SIFT,km20_paper_exact_neyman,0.1,0.3,5,434.86285400390625,7901252,7065172.104428937,1.118338220670796
SIFT,km20_paper_exact_neyman,0.1,0.3,6,388.046142578125,8028378,7538143.381129462,1.0650338676361293
SIFT,km20_paper_exact_neyman,0.1,0.3,7,457.66656494140625,8012448,9129037.051587302,1.1393567922796257
SIFT,km20_paper_exact_neyman,0.1,0.3,8,476.9913024902344,7939603,7380027.221065821,1.0758229966058803
SIFT,km20_paper_exact_neyman,0.1,0.3,9,433.73712158203125,7865768,7906989.81797949,1.0052406602863815
SIFT,km20_paper_exact_neyman,0.1,0.3,10,440.8808288574219,8092144,7015947.035768566,1.1533929715752966
SIFT,km20_paper_exact_neyman,0.1,0.3,11,498.6571960449219,8021019,7761342.532475825,1.0334576739059782
SIFT,km20_paper_exact_neyman,0.1,0.3,12,465.5845642089844,8030901,8704589.844002854,1.0838870811634778
SIFT,km20_paper_exact_neyman,0.1,0.3,13,466.43414306640625,7974524,7463116.350799935,1.0685246785875515
SIFT,km20_paper_exact_neyman,0.1,0.3,14,463.9320983886719,7954463,7194062.902139208,1.105698283182189
SIFT,km20_paper_exact_neyman,0.1,0.3,15,408.9007263183594,7956526,9558861.368666057,1.201386304609079
SIFT,km20_paper_exact_neyman,0.1,0.3,16,498.0208740234375,8029329,8377195.0570863485,1.0433244243804618
SIFT,km20_paper_exact_neyman,0.1,0.3,17,441.5086669921875,7973593,8032551.158211656,1.0073941770305628
SIFT,km20_paper_exact_neyman,0.1,0.3,18,449.5707702636719,7903798,8130653.033845634,1.0287020282964765
SIFT,km20_paper_exact_neyman,0.1,0.3,19,477.4197082519531,8008849,8789997.861270754,1.0975357209594978
SIFT,km20_paper_exact_neyman,0.1,0.3,20,398.1723327636719,8084366,8824164.238300493,1.0915097409370744
SIFT,km20_paper_exact_neyman,0.1,0.3,21,401.9685363769531,8028103,7770939.786170407,1.0330929361062937
SIFT,km20_paper_exact_neyman,0.1,0.3,22,427.27392578125,8088635,8646455.982042862,1.0689635497266055
SIFT,km20_paper_exact_neyman,0.1,0.3,23,465.30731201171875,8051639,9551918.172706455,1.1863321458781815
SIFT,km20_paper_exact_neyman,0.1,0.3,24,455.15203857421875,8014826,7884976.608253131,1.016467948885347
SIFT,km20_paper_exact_neyman,0.1,0.3,25,440.13507080078125,7992644,8381054.838293651,1.0485960388444238
SIFT,km20_paper_exact_neyman,0.1,0.3,26,450.986572265625,8003698,7661391.7118646605,1.044679387376217
SIFT,km20_paper_exact_neyman,0.1,0.3,27,386.5642395019531,8026506,9373479.355820104,1.1678156542610327
SIFT,km20_paper_exact_neyman,0.1,0.3,28,478.3063049316406,8049606,6860958.595161783,1.1732480073085456
SIFT,km20_paper_exact_neyman,0.1,0.3,29,475.7086486816406,7872785,8505937.13303377,1.0804228913953282
SIFT,km20_paper_exact_neyman,0.1,0.3,30,470.4612731933594,7987092,7387746.43917351,1.081126980434583
SIFT,km20_paper_exact_neyman,0.1,0.3,31,443.7033996582031,8031536,8348289.175525634,1.0394386796654629
SIFT,km20_paper_exact_neyman,0.1,0.3,32,491.1689147949219,7987644,11205909.261722315,1.4029054451753626
SIFT,km20_paper_exact_neyman,0.1,0.3,33,395.16693115234375,8045210,8736640.29070004,1.0859431003914182
SIFT,km20_paper_exact_neyman,0.1,0.3,34,423.729736328125,8038608,7972619.496852765,1.008276891073666
SIFT,km20_paper_exact_neyman,0.1,0.3,35,455.2437744140625,8007695,8478314.508949522,1.05877090835122
SIFT,km20_paper_exact_neyman,0.1,0.3,36,432.60028076171875,7996348,7056454.430291222,1.133196292698228
SIFT,km20_paper_exact_neyman,0.1,0.3,37,430.46441650390625,8022540,7197176.710643658,1.114678758427001
SIFT,km20_paper_exact_neyman,0.1,0.3,38,484.6388244628906,7937200,8070295.936245667,1.0167686257427893
SIFT,km20_paper_exact_neyman,0.1,0.3,39,428.13665771484375,8023259,9159164.582175177,1.1415765815580896
SIFT,km20_paper_exact_neyman,0.1,0.3,40,416.060791015625,8100893,9857564.651614666,1.2168491364612106
SIFT,km20_paper_exact_neyman,0.1,0.3,41,497.7900390625,8061170,7395603.182127111,1.0899949336764523
SIFT,km20_paper_exact_neyman,0.1,0.3,42,443.74169921875,7938675,10279027.852091987,1.2948039631414545
SIFT,km20_paper_exact_neyman,0.1,0.3,43,443.9073181152344,8030231,7896969.637292465,1.0168750000099056
SIFT,km20_paper_exact_neyman,0.1,0.3,44,448.0622863769531,7991981,7390877.160506297,1.0813305141513847
SIFT,km20_paper_exact_neyman,0.1,0.3,45,424.8149108886719,8033265,8523853.670660358,1.06106964859996
SIFT,km20_paper_exact_neyman,0.1,0.3,46,464.051513671875,8037302,8200047.580952628,1.0202487826079731
SIFT,km20_paper_exact_neyman,0.1,0.3,47,461.7054138183594,8004689,8555976.69713556,1.0688705953642372
SIFT,km20_paper_exact_neyman,0.1,0.3,48,435.3399658203125,7986856,7637191.001563659,1.0457845035386375
SIFT,km20_paper_exact_neyman,0.1,0.3,49,460.3242492675781,8066320,9112761.850795448,1.1297297715433368
SIFT,km20_paper_exact_neyman,0.1,0.3,50,405.986328125,7998345,9863762.922733078,1.2332254888646437
SIFT,km20_paper_exact_neyman,0.1,0.3,51,404.2448425292969,7965644,7594253.3591725975,1.0489041678309066
SIFT,km20_paper_exact_neyman,0.1,0.3,52,465.2330627441406,7967048,8829766.608087037,1.1082858554494759
SIFT,km20_paper_exact_neyman,0.1,0.3,53,487.79156494140625,7917653,8458989.15362764,1.0683707853359625
SIFT,km20_paper_exact_neyman,0.1,0.3,54,467.514404296875,7999017,7385305.780669555,1.0830989586019288
SIFT,km20_paper_exact_neyman,0.1,0.3,55,395.586669921875,8055063,8482872.145502646,1.053110589638175
SIFT,km20_paper_exact_neyman,0.1,0.3,56,446.0043640136719,8013107,8009226.036210653,1.0004845616507514
SIFT,km20_paper_exact_neyman,0.1,0.3,57,461.6609191894531,7929958,9643506.072842546,1.216085390722441
SIFT,km20_paper_exact_neyman,0.1,0.3,58,460.88275146484375,8004151,10023692.465389075,1.2523117649066184
SIFT,km20_paper_exact_neyman,0.1,0.3,59,466.2606506347656,7925314,8127495.633963451,1.0255108673250612
SIFT,km20_paper_exact_neyman,0.1,0.3,60,493.7353515625,8022659,7899732.477992825,1.0155608461868328
SIFT,km20_paper_exact_neyman,0.1,0.3,61,468.54638671875,7993508,8768105.886280743,1.0969033728721787
SIFT,km20_paper_exact_neyman,0.1,0.3,62,459.560546875,8066606,6610945.225529101,1.2201895076742821
SIFT,km20_paper_exact_neyman,0.1,0.3,63,450.0906677246094,7957435,8855830.722941285,1.1129001648070371
SIFT,km20_paper_exact_neyman,0.1,0.3,64,423.4005126953125,8051785,8637888.304170422,1.0727917230987194
SIFT,km20_paper_exact_neyman,0.1,0.3,65,503.074462890625,7928451,9174355.864874782,1.157143541011325
SIFT,km20_paper_exact_neyman,0.1,0.3,66,458.9324645996094,8060024,7396357.027145245,1.0897288990267833
SIFT,km20_paper_exact_neyman,0.1,0.3,67,449.2168884277344,7972658,9284294.799359119,1.1645168774778898
SIFT,km20_paper_exact_neyman,0.1,0.3,68,433.3220520019531,8016276,7531968.47842547,1.0643002586855983
SIFT,km20_paper_exact_neyman,0.1,0.3,69,439.2687072753906,7935577,8685638.145604396,1.0945187912113254
SIFT,km20_paper_exact_neyman,0.1,0.3,70,446.07623291015625,8043178,7534606.734290083,1.0674980504815736
SIFT,km20_paper_exact_neyman,0.1,0.3,71,459.6553039550781,8029664,9516855.114357362,1.1852121227435373
SIFT,km20_paper_exact_neyman,0.1,0.3,72,467.38519287109375,7980988,6289016.613109325,1.269035922621638
SIFT,km20_paper_exact_neyman,0.1,0.3,73,399.5403747558594,8053529,7832669.4765466,1.0281972224303246
SIFT,km20_paper_exact_neyman,0.1,0.3,74,504.7834167480469,8000569,9664017.958396386,1.2079163317504527
SIFT,km20_paper_exact_neyman,0.1,0.3,75,477.9005126953125,7956611,9450351.59378991,1.1877357827082298
SIFT,km20_paper_exact_neyman,0.1,0.3,76,427.6597900390625,8081974,6937164.8491554735,1.165025507644365
SIFT,km20_paper_exact_neyman,0.1,0.3,77,467.7328186035156,8012863,8706850.600869488,1.0866091933519253
SIFT,km20_paper_exact_neyman,0.1,0.3,78,452.9413757324219,8010995,8331645.723595849,1.0400263292632
SIFT,km20_paper_exact_neyman,0.1,0.3,79,476.085693359375,7916321,6685139.193885696,1.1841669665218575
SIFT,km20_paper_exact_neyman,0.1,0.3,80,428.4750671386719,7972730,7506009.638650199,1.0621795579566735
SIFT,km20_paper_exact_neyman,0.1,0.3,81,453.38372802734375,8067930,8844774.669992998,1.0962879784520934
SIFT,km20_paper_exact_neyman,0.1,0.3,82,458.3464660644531,7986520,7253073.403849662,1.1011221802554834
SIFT,km20_paper_exact_neyman,0.1,0.3,83,434.3740234375,7992242,9042885.801303001,1.1314579565162068
SIFT,km20_paper_exact_neyman,0.1,0.3,84,391.2173156738281,8015055,7401463.642857144,1.0829013539416639
SIFT,km20_paper_exact_neyman,0.1,0.3,85,467.4007873535156,8005612,7415082.931390504,1.0796389027706743
SIFT,km20_paper_exact_neyman,0.1,0.3,86,389.9203796386719,8009052,6482935.641203703,1.2354051379280604
SIFT,km20_paper_exact_neyman,0.1,0.3,87,438.1311340332031,8015590,8027727.153490028,1.0015141934018617
SIFT,km20_paper_exact_neyman,0.1,0.3,88,467.9649658203125,8117229,7153607.481934094,1.1347042761990311
SIFT,km20_paper_exact_neyman,0.1,0.3,89,449.4183044433594,8012957,7533534.188378034,1.063638499492253
SIFT,km20_paper_exact_neyman,0.1,0.3,90,433.1154479980469,7954572,9093268.98976514,1.1431500010013285
SIFT,km20_paper_exact_neyman,0.1,0.3,91,451.5870666503906,8059356,6232548.5947195925,1.2931076071878742
SIFT,km20_paper_exact_neyman,0.1,0.3,92,479.1251525878906,7928766,8517476.500022806,1.0742499526436782
SIFT,km20_paper_exact_neyman,0.1,0.3,93,438.1471252441406,8046569,9432222.666311264,1.172204285616797
SIFT,km20_paper_exact_neyman,0.1,0.3,94,477.37188720703125,7929093,8263562.72629522,1.0421825959533102
SIFT,km20_paper_exact_neyman,0.1,0.3,95,494.6036682128906,7956687,9214328.024017358,1.1580608894150741
SIFT,km20_paper_exact_neyman,0.1,0.3,96,432.9142150878906,8036597,7965661.177362707,1.0089052020990903
SIFT,km20_paper_exact_neyman,0.1,0.3,97,481.1961975097656,7910053,6095782.594576718,1.297627150784117
SIFT,km20_paper_exact_neyman,0.1,0.3,98,448.08123779296875,7926934,7015086.747696589,1.1299837457609228
SIFT,km20_paper_exact_neyman,0.1,0.3,99,485.9123229980469,7982147,7875164.353505962,1.0135848144485278
SIFT,km20_paper_exact_neyman,0.1,0.4,0,450.61346435546875,7932122,8399574.756421454,1.0589316145693994
SIFT,km20_paper_exact_neyman,0.1,0.4,1,450.30413818359375,8071441,10555414.282468963,1.307748428374681
SIFT,km20_paper_exact_neyman,0.1,0.4,2,461.1040954589844,8110755,7821750.552453932,1.0369488192710772
SIFT,km20_paper_exact_neyman,0.1,0.4,3,462.1222839355469,8020030,8621997.925500968,1.0750580640597316
SIFT,km20_paper_exact_neyman,0.1,0.4,4,431.63616943359375,8033917,7288382.367165242,1.1022908232961888
SIFT,km20_paper_exact_neyman,0.1,0.4,5,434.86285400390625,7901252,10265987.04378763,1.2992861186793727
SIFT,km20_paper_exact_neyman,0.1,0.4,6,388.046142578125,8028378,8374093.892401021,1.0430617358077834
SIFT,km20_paper_exact_neyman,0.1,0.4,7,457.66656494140625,8012448,8458304.255696148,1.0556454476454822
SIFT,km20_paper_exact_neyman,0.1,0.4,8,476.9913024902344,7939603,6977955.791154872,1.1378121670051413
SIFT,km20_paper_exact_neyman,0.1,0.4,9,433.73712158203125,7865768,6841593.385832877,1.149698258345478
SIFT,km20_paper_exact_neyman,0.1,0.4,10,440.8808288574219,8092144,8715047.35323425,1.0769763060610698
SIFT,km20_paper_exact_neyman,0.1,0.4,11,498.6571960449219,8021019,5982436.824074074,1.3407611707193323
SIFT,km20_paper_exact_neyman,0.1,0.4,12,465.5845642089844,8030901,7447803.28249404,1.078291235064777
SIFT,km20_paper_exact_neyman,0.1,0.4,13,466.43414306640625,7974524,8325779.611305634,1.0440472197846082
SIFT,km20_paper_exact_neyman,0.1,0.4,14,463.9320983886719,7954463,7010121.67624521,1.134711117348337
SIFT,km20_paper_exact_neyman,0.1,0.4,15,408.9007263183594,7956526,8864457.21957672,1.114111512936264
SIFT,km20_paper_exact_neyman,0.1,0.4,16,498.0208740234375,8029329,9429928.27275926,1.1744354070880967
SIFT,km20_paper_exact_neyman,0.1,0.4,17,441.5086669921875,7973593,7439705.170726145,1.0717619605914768
SIFT,km20_paper_exact_neyman,0.1,0.4,18,449.5707702636719,7903798,7903641.280544122,1.000019828766301
SIFT,km20_paper_exact_neyman,0.1,0.4,19,477.4197082519531,8008849,6641966.204074639,1.205794903787198
SIFT,km20_paper_exact_neyman,0.1,0.4,20,398.1723327636719,8084366,9072686.562830688,1.1222508435207768
SIFT,km20_paper_exact_neyman,0.1,0.4,21,401.9685363769531,8028103,8317115.566548075,1.0360001069428326
SIFT,km20_paper_exact_neyman,0.1,0.4,22,427.27392578125,8088635,8551491.97258712,1.0572231251116067
SIFT,km20_paper_exact_neyman,0.1,0.4,23,465.30731201171875,8051639,8950947.333848018,1.1116925800881061
SIFT,km20_paper_exact_neyman,0.1,0.4,24,455.15203857421875,8014826,9057933.09986623,1.1301471921993353
SIFT,km20_paper_exact_neyman,0.1,0.4,25,440.13507080078125,7992644,5228389.69047619,1.5287008951454129
SIFT,km20_paper_exact_neyman,0.1,0.4,26,450.986572265625,8003698,8155187.354855236,1.018927420156937
SIFT,km20_paper_exact_neyman,0.1,0.4,27,386.5642395019531,8026506,8645467.596560847,1.0771146992926743
SIFT,km20_paper_exact_neyman,0.1,0.4,28,478.3063049316406,8049606,8266356.471373807,1.0269268423043074
SIFT,km20_paper_exact_neyman,0.1,0.4,29,475.7086486816406,7872785,6514002.038257161,1.2085941873770714
SIFT,km20_paper_exact_neyman,0.1,0.4,30,470.4612731933594,7987092,8607206.568763565,1.0776395925780704
SIFT,km20_paper_exact_neyman,0.1,0.4,31,443.7033996582031,8031536,9097591.482011903,1.1327336990099905
SIFT,km20_paper_exact_neyman,0.1,0.4,32,491.1689147949219,7987644,8446951.690578816,1.0575022735839024
SIFT,km20_paper_exact_neyman,0.1,0.4,33,395.16693115234375,8045210,7307664.458333333,1.100927669280929
SIFT,km20_paper_exact_neyman,0.1,0.4,34,423.729736328125,8038608,8633753.56004835,1.0740358977634372
SIFT,km20_paper_exact_neyman,0.1,0.4,35,455.2437744140625,8007695,6006608.988997522,1.3331473739455864
SIFT,km20_paper_exact_neyman,0.1,0.4,36,432.60028076171875,7996348,7724917.393735176,1.0351370237932838
SIFT,km20_paper_exact_neyman,0.1,0.4,37,430.46441650390625,8022540,6050461.91612799,1.3259384343227214
SIFT,km20_paper_exact_neyman,0.1,0.4,38,484.6388244628906,7937200,7993621.719588122,1.007108516805438
SIFT,km20_paper_exact_neyman,0.1,0.4,39,428.13665771484375,8023259,7057918.991668463,1.1367740277936138
SIFT,km20_paper_exact_neyman,0.1,0.4,40,416.060791015625,8100893,8205701.286808977,1.0129378683077257
SIFT,km20_paper_exact_neyman,0.1,0.4,41,497.7900390625,8061170,7734365.43569832,1.042253571675486
SIFT,km20_paper_exact_neyman,0.1,0.4,42,443.74169921875,7938675,8066979.276791751,1.0161619258619041
SIFT,km20_paper_exact_neyman,0.1,0.4,43,443.9073181152344,8030231,7587238.876277139,1.058386473781385
SIFT,km20_paper_exact_neyman,0.1,0.4,44,448.0622863769531,7991981,9440248.39879002,1.1812150703048494
SIFT,km20_paper_exact_neyman,0.1,0.4,45,424.8149108886719,8033265,9689593.356837608,1.2061837069781225
SIFT,km20_paper_exact_neyman,0.1,0.4,46,464.051513671875,8037302,7139788.934746606,1.1257058259643422
SIFT,km20_paper_exact_neyman,0.1,0.4,47,461.7054138183594,8004689,6818913.306433589,1.1738951120624515
SIFT,km20_paper_exact_neyman,0.1,0.4,48,435.3399658203125,7986856,9676275.668780973,1.2115249941630315
SIFT,km20_paper_exact_neyman,0.1,0.4,49,460.3242492675781,8066320,8320474.367507901,1.0315080938405494
SIFT,km20_paper_exact_neyman,0.1,0.4,50,405.986328125,7998345,8368506.779328589,1.0462797965489847
SIFT,km20_paper_exact_neyman,0.1,0.4,51,404.2448425292969,7965644,8532978.244403746,1.071222646204594
SIFT,km20_paper_exact_neyman,0.1,0.4,52,465.2330627441406,7967048,7801718.640167473,1.021191402491923
SIFT,km20_paper_exact_neyman,0.1,0.4,53,487.79156494140625,7917653,6928170.501915708,1.1428201713296013
SIFT,km20_paper_exact_neyman,0.1,0.4,54,467.514404296875,7999017,5549126.349144845,1.4414912360452377
SIFT,km20_paper_exact_neyman,0.1,0.4,55,395.586669921875,8055063,9641377.371031746,1.1969338254749524
SIFT,km20_paper_exact_neyman,0.1,0.4,56,446.0043640136719,8013107,8849135.814814813,1.104332665820488
SIFT,km20_paper_exact_neyman,0.1,0.4,57,461.6609191894531,7929958,7839285.504378763,1.0115664234413442
SIFT,km20_paper_exact_neyman,0.1,0.4,58,460.88275146484375,8004151,6951337.823078502,1.1514547564392783
SIFT,km20_paper_exact_neyman,0.1,0.4,59,466.2606506347656,7925314,7363972.316731865,1.0762281088418404
SIFT,km20_paper_exact_neyman,0.1,0.4,60,493.7353515625,8022659,7902873.588203098,1.0151571969942315
SIFT,km20_paper_exact_neyman,0.1,0.4,61,468.54638671875,7993508,7513324.424249991,1.0639109332481598
SIFT,km20_paper_exact_neyman,0.1,0.4,62,459.560546875,8066606,7399076.324730187,1.090217973970441
SIFT,km20_paper_exact_neyman,0.1,0.4,63,450.0906677246094,7957435,6830459.476433912,1.164992637384691
SIFT,km20_paper_exact_neyman,0.1,0.4,64,423.4005126953125,8051785,8382904.688412243,1.0411237618009228
SIFT,km20_paper_exact_neyman,0.1,0.4,65,503.074462890625,7928451,7890316.604675211,1.0048330627572275
SIFT,km20_paper_exact_neyman,0.1,0.4,66,458.9324645996094,8060024,6552197.745935156,1.2301252667473699
SIFT,km20_paper_exact_neyman,0.1,0.4,67,449.2168884277344,7972658,8139305.874447391,1.02090242356406
SIFT,km20_paper_exact_neyman,0.1,0.4,68,433.3220520019531,8016276,8505749.05847473,1.0610599059307253
SIFT,km20_paper_exact_neyman,0.1,0.4,69,439.2687072753906,7935577,7717056.378052504,1.0283165771043183
SIFT,km20_paper_exact_neyman,0.1,0.4,70,446.07623291015625,8043178,9341763.624850834,1.1614518073391928
SIFT,km20_paper_exact_neyman,0.1,0.4,71,459.6553039550781,8029664,7298819.587131005,1.1001318643575726
SIFT,km20_paper_exact_neyman,0.1,0.4,72,467.38519287109375,7980988,7892230.9300164655,1.0112461318948442
SIFT,km20_paper_exact_neyman,0.1,0.4,73,399.5403747558594,8053529,7964590.186507937,1.0111667783789713
SIFT,km20_paper_exact_neyman,0.1,0.4,74,504.7834167480469,8000569,9470393.286113393,1.1837149690370012
SIFT,km20_paper_exact_neyman,0.1,0.4,75,477.9005126953125,7956611,7013135.694786536,1.1345297376628305
SIFT,km20_paper_exact_neyman,0.1,0.4,76,427.6597900390625,8081974,7671222.830789581,1.0535444189630119
SIFT,km20_paper_exact_neyman,0.1,0.4,77,467.7328186035156,8012863,7340210.063488245,1.0916394668127651
SIFT,km20_paper_exact_neyman,0.1,0.4,78,452.9413757324219,8010995,8437927.991529305,1.0532933788536012
SIFT,km20_paper_exact_neyman,0.1,0.4,79,476.085693359375,7916321,7394002.974451849,1.070640764867541
SIFT,km20_paper_exact_neyman,0.1,0.4,80,428.4750671386719,7972730,9068768.371638738,1.137473408937558
SIFT,km20_paper_exact_neyman,0.1,0.4,81,453.38372802734375,8067930,8835721.3811307,1.0951658456544244
SIFT,km20_paper_exact_neyman,0.1,0.4,82,458.3464660644531,7986520,9124321.412841285,1.1424652305185843
SIFT,km20_paper_exact_neyman,0.1,0.4,83,434.3740234375,7992242,9975672.160620017,1.2481694323845571
SIFT,km20_paper_exact_neyman,0.1,0.4,84,391.2173156738281,8015055,7703966.998677249,1.040380235452224
SIFT,km20_paper_exact_neyman,0.1,0.4,85,467.4007873535156,8005612,7685998.914749874,1.0415838056699136
SIFT,km20_paper_exact_neyman,0.1,0.4,86,389.9203796386719,8009052,9007651.512896825,1.1246838593252766
SIFT,km20_paper_exact_neyman,0.1,0.4,87,438.1311340332031,8015590,7770020.503111066,1.0316047424573216
SIFT,km20_paper_exact_neyman,0.1,0.4,88,467.9649658203125,8117229,8961282.185851723,1.1039829214934953
SIFT,km20_paper_exact_neyman,0.1,0.4,89,449.4183044433594,8012957,6727994.925925925,1.190987372645385
SIFT,km20_paper_exact_neyman,0.1,0.4,90,433.1154479980469,7954572,10000332.746103572,1.2571804926906907
SIFT,km20_paper_exact_neyman,0.1,0.4,91,451.5870666503906,8059356,8205206.3994910745,1.0180970290295
SIFT,km20_paper_exact_neyman,0.1,0.4,92,479.1251525878906,7928766,8980226.010063509,1.1326133234432076
SIFT,km20_paper_exact_neyman,0.1,0.4,93,438.1471252441406,8046569,7939578.200975129,1.0134756275858243
SIFT,km20_paper_exact_neyman,0.1,0.4,94,477.37188720703125,7929093,6511810.857901494,1.2176479282070611
SIFT,km20_paper_exact_neyman,0.1,0.4,95,494.6036682128906,7956687,4601393.948215132,1.7291905647605716
SIFT,km20_paper_exact_neyman,0.1,0.4,96,432.9142150878906,8036597,7686577.841634738,1.0455364097751492
SIFT,km20_paper_exact_neyman,0.1,0.4,97,481.1961975097656,7910053,9725588.797653256,1.229522583180322
SIFT,km20_paper_exact_neyman,0.1,0.4,98,448.08123779296875,7926934,8653621.401557654,1.0916731994435243
SIFT,km20_paper_exact_neyman,0.1,0.4,99,485.9123229980469,7982147,6585157.569704754,1.2121421417039653
SIFT,km20_paper_exact_neyman,0.1,0.5,0,450.61346435546875,7932122,7354234.114031938,1.078578935210323
SIFT,km20_paper_exact_neyman,0.1,0.5,1,450.30413818359375,8071441,8549513.470090682,1.0592301263294475
SIFT,km20_paper_exact_neyman,0.1,0.5,2,461.1040954589844,8110755,7736826.24201788,1.0483310269980413
SIFT,km20_paper_exact_neyman,0.1,0.5,3,462.1222839355469,8020030,7141331.578151559,1.123044058693026
SIFT,km20_paper_exact_neyman,0.1,0.5,4,431.63616943359375,8033917,5845384.055809931,1.3744036188716822
SIFT,km20_paper_exact_neyman,0.1,0.5,5,434.86285400390625,7901252,9367197.204387886,1.1855332805975416
SIFT,km20_paper_exact_neyman,0.1,0.5,6,388.046142578125,8028378,10685357.02592512,1.3309484214526421
SIFT,km20_paper_exact_neyman,0.1,0.5,7,457.66656494140625,8012448,6876372.322170543,1.1652143927935033
SIFT,km20_paper_exact_neyman,0.1,0.5,8,476.9913024902344,7939603,10256017.230514238,1.2917544152414469
SIFT,km20_paper_exact_neyman,0.1,0.5,9,433.73712158203125,7865768,7110319.106955042,1.1062468338876672
SIFT,km20_paper_exact_neyman,0.1,0.5,10,440.8808288574219,8092144,6751763.388717844,1.1985230426649613
SIFT,km20_paper_exact_neyman,0.1,0.5,11,498.6571960449219,8021019,7546196.1922094505,1.0629221392733927
SIFT,km20_paper_exact_neyman,0.1,0.5,12,465.5845642089844,8030901,8185569.92157678,1.019259224036852
SIFT,km20_paper_exact_neyman,0.1,0.5,13,466.43414306640625,7974524,8559778.288227338,1.0733904980695197
SIFT,km20_paper_exact_neyman,0.1,0.5,14,463.9320983886719,7954463,7446288.0604762975,1.0682454043405887
SIFT,km20_paper_exact_neyman,0.1,0.5,15,408.9007263183594,7956526,8568911.904431218,1.0769664932196814
SIFT,km20_paper_exact_neyman,0.1,0.5,16,498.0208740234375,8029329,8401527.539743787,1.046354874702953
SIFT,km20_paper_exact_neyman,0.1,0.5,17,441.5086669921875,7973593,7289850.548961974,1.093793754267759
SIFT,km20_paper_exact_neyman,0.1,0.5,18,449.5707702636719,7903798,7942748.114117589,1.0049280249972974
SIFT,km20_paper_exact_neyman,0.1,0.5,19,477.4197082519531,8008849,8635339.18915344,1.0782247472955777
SIFT,km20_paper_exact_neyman,0.1,0.5,20,398.1723327636719,8084366,8295764.934879935,1.0261491049366067
SIFT,km20_paper_exact_neyman,0.1,0.5,21,401.9685363769531,8028103,7573730.734833972,1.0599931897599986
SIFT,km20_paper_exact_neyman,0.1,0.5,22,427.27392578125,8088635,9313275.209359607,1.1514025802078605
SIFT,km20_paper_exact_neyman,0.1,0.5,23,465.30731201171875,8051639,9291607.769233763,1.1540020322860678
SIFT,km20_paper_exact_neyman,0.1,0.5,24,455.15203857421875,8014826,7908035.8562301,1.0135040034859943
SIFT,km20_paper_exact_neyman,0.1,0.5,25,440.13507080078125,7992644,8613052.614392553,1.0776224506424348
SIFT,km20_paper_exact_neyman,0.1,0.5,26,450.986572265625,8003698,8820756.396998972,1.1020851107824123
SIFT,km20_paper_exact_neyman,0.1,0.5,27,386.5642395019531,8026506,7931537.811507937,1.0119734899774762
SIFT,km20_paper_exact_neyman,0.1,0.5,28,478.3063049316406,8049606,7851314.806127152,1.0252557945731715
SIFT,km20_paper_exact_neyman,0.1,0.5,29,475.7086486816406,7872785,8187853.097610596,1.0400199037075946
SIFT,km20_paper_exact_neyman,0.1,0.5,30,470.4612731933594,7987092,8151826.350722848,1.0206250723946648
SIFT,km20_paper_exact_neyman,0.1,0.5,31,443.7033996582031,8031536,7232734.440349261,1.1104425395732027
SIFT,km20_paper_exact_neyman,0.1,0.5,32,491.1689147949219,7987644,8045326.890274692,1.0072215149141215
SIFT,km20_paper_exact_neyman,0.1,0.5,33,395.16693115234375,8045210,8692469.673403122,1.080452800287764
SIFT,km20_paper_exact_neyman,0.1,0.5,34,423.729736328125,8038608,7154342.103288635,1.123598492208654
SIFT,km20_paper_exact_neyman,0.1,0.5,35,455.2437744140625,8007695,8412725.565319076,1.0505801688649576
SIFT,km20_paper_exact_neyman,0.1,0.5,36,432.60028076171875,7996348,7186860.001005479,1.112634446598552
SIFT,km20_paper_exact_neyman,0.1,0.5,37,430.46441650390625,8022540,8254638.678664201,1.02893082224136
SIFT,km20_paper_exact_neyman,0.1,0.5,38,484.6388244628906,7937200,8628337.223088853,1.0870756971084077
SIFT,km20_paper_exact_neyman,0.1,0.5,39,428.13665771484375,8023259,8999912.952443797,1.1217278355894778
SIFT,km20_paper_exact_neyman,0.1,0.5,40,416.060791015625,8100893,10874317.596515235,1.3423603541628355
SIFT,km20_paper_exact_neyman,0.1,0.5,41,497.7900390625,8061170,10869173.896388058,1.3483370151464438
SIFT,km20_paper_exact_neyman,0.1,0.5,42,443.74169921875,7938675,8420422.417464878,1.0606836049422452
SIFT,km20_paper_exact_neyman,0.1,0.5,43,443.9073181152344,8030231,9002662.828590345,1.1210963705266193
SIFT,km20_paper_exact_neyman,0.1,0.5,44,448.0622863769531,7991981,6717836.949643348,1.1896658195052348
SIFT,km20_paper_exact_neyman,0.1,0.5,45,424.8149108886719,8033265,9163839.142857144,1.1407365676169208
SIFT,km20_paper_exact_neyman,0.1,0.5,46,464.051513671875,8037302,8093187.584229477,1.0069532766380405
SIFT,km20_paper_exact_neyman,0.1,0.5,47,461.7054138183594,8004689,6739313.349217752,1.1877603229309888
SIFT,km20_paper_exact_neyman,0.1,0.5,48,435.3399658203125,7986856,7929356.689093587,1.0072514471426794
SIFT,km20_paper_exact_neyman,0.1,0.5,49,460.3242492675781,8066320,8272494.648067347,1.0255599391131702
SIFT,km20_paper_exact_neyman,0.1,0.5,50,405.986328125,7998345,8008250.23802682,1.0012384109496177
SIFT,km20_paper_exact_neyman,0.1,0.5,51,404.2448425292969,7965644,7671118.410714286,1.0383940872134563
SIFT,km20_paper_exact_neyman,0.1,0.5,52,465.2330627441406,7967048,7716360.06174611,1.0324878487068891
SIFT,km20_paper_exact_neyman,0.1,0.5,53,487.79156494140625,7917653,8101066.376676245,1.023165119344867
SIFT,km20_paper_exact_neyman,0.1,0.5,54,467.514404296875,7999017,7540336.9020890035,1.0608301862193878
SIFT,km20_paper_exact_neyman,0.1,0.5,55,395.586669921875,8055063,6083041.889550265,1.3241833849340023
SIFT,km20_paper_exact_neyman,0.1,0.5,56,446.0043640136719,8013107,7832907.462415618,1.023005447013006
SIFT,km20_paper_exact_neyman,0.1,0.5,57,461.6609191894531,7929958,6422609.20508347,1.2346941479365534
SIFT,km20_paper_exact_neyman,0.1,0.5,58,460.88275146484375,8004151,7525269.639053794,1.063636438814227
SIFT,km20_paper_exact_neyman,0.1,0.5,59,466.2606506347656,7925314,7892686.501214862,1.0041338901247523
SIFT,km20_paper_exact_neyman,0.1,0.5,60,493.7353515625,8022659,7985133.674017699,1.00469939859672
SIFT,km20_paper_exact_neyman,0.1,0.5,61,468.54638671875,7993508,8145961.765263908,1.0190721977464596
SIFT,km20_paper_exact_neyman,0.1,0.5,62,459.560546875,8066606,8301003.150864701,1.0290577165743189
SIFT,km20_paper_exact_neyman,0.1,0.5,63,450.0906677246094,7957435,6680795.941138908,1.1910908625422643
SIFT,km20_paper_exact_neyman,0.1,0.5,64,423.4005126953125,8051785,8716579.284186281,1.0825648330384232
SIFT,km20_paper_exact_neyman,0.1,0.5,65,503.074462890625,7928451,9693036.613501156,1.2225637282113688
SIFT,km20_paper_exact_neyman,0.1,0.5,66,458.9324645996094,8060024,6675285.929963371,1.207442510263261
SIFT,km20_paper_exact_neyman,0.1,0.5,67,449.2168884277344,7972658,9060506.371961428,1.13644738956085
SIFT,km20_paper_exact_neyman,0.1,0.5,68,433.3220520019531,8016276,9208637.690863892,1.1487425945493759
SIFT,km20_paper_exact_neyman,0.1,0.5,69,439.2687072753906,7935577,8153373.526509411,1.0274455816520223
SIFT,km20_paper_exact_neyman,0.1,0.5,70,446.07623291015625,8043178,7590086.383037226,1.0596951858117676
SIFT,km20_paper_exact_neyman,0.1,0.5,71,459.6553039550781,8029664,8713686.851028875,1.0851869830454768
SIFT,km20_paper_exact_neyman,0.1,0.5,72,467.38519287109375,7980988,7493261.499074445,1.0650886801409236
SIFT,km20_paper_exact_neyman,0.1,0.5,73,399.5403747558594,8053529,9263734.911706349,1.1502702618574228
SIFT,km20_paper_exact_neyman,0.1,0.5,74,504.7834167480469,8000569,7809083.6690042885,1.0245208450968137
SIFT,km20_paper_exact_neyman,0.1,0.5,75,477.9005126953125,7956611,7227867.972148541,1.1008240646701843
SIFT,km20_paper_exact_neyman,0.1,0.5,76,427.6597900390625,8081974,7833429.659137159,1.031728674626309
SIFT,km20_paper_exact_neyman,0.1,0.5,77,467.7328186035156,8012863,10609254.790685749,1.3240279773516344
SIFT,km20_paper_exact_neyman,0.1,0.5,78,452.9413757324219,8010995,7848471.8192409435,1.0207076211142943
SIFT,km20_paper_exact_neyman,0.1,0.5,79,476.085693359375,7916321,9548370.213521712,1.20616258657547
SIFT,km20_paper_exact_neyman,0.1,0.5,80,428.4750671386719,7972730,7411500.650579624,1.075724117945869
SIFT,km20_paper_exact_neyman,0.1,0.5,81,453.38372802734375,8067930,9832235.721798712,1.2186813373193264
SIFT,km20_paper_exact_neyman,0.1,0.5,82,458.3464660644531,7986520,8866296.88741857,1.1101577266968055
SIFT,km20_paper_exact_neyman,0.1,0.5,83,434.3740234375,7992242,7243016.550229361,1.1034410793589742
SIFT,km20_paper_exact_neyman,0.1,0.5,84,391.2173156738281,8015055,6522483.507275132,1.228834843516287
SIFT,km20_paper_exact_neyman,0.1,0.5,85,467.4007873535156,8005612,8548138.926564857,1.0677683263396798
SIFT,km20_paper_exact_neyman,0.1,0.5,86,389.9203796386719,8009052,6837146.114623245,1.171402784982215
SIFT,km20_paper_exact_neyman,0.1,0.5,87,438.1311340332031,8015590,7703718.986453202,1.0404831762548992
SIFT,km20_paper_exact_neyman,0.1,0.5,88,467.9649658203125,8117229,8549891.433251934,1.0533017404402332
SIFT,km20_paper_exact_neyman,0.1,0.5,89,449.4183044433594,8012957,7985767.658365263,1.0034047248552562
SIFT,km20_paper_exact_neyman,0.1,0.5,90,433.1154479980469,7954572,8733362.749066293,1.097904796017472
SIFT,km20_paper_exact_neyman,0.1,0.5,91,451.5870666503906,8059356,6992471.924038286,1.152576097201627
SIFT,km20_paper_exact_neyman,0.1,0.5,92,479.1251525878906,7928766,5936310.983157726,1.335638584719566
SIFT,km20_paper_exact_neyman,0.1,0.5,93,438.1471252441406,8046569,7250997.378088415,1.109718922849938
SIFT,km20_paper_exact_neyman,0.1,0.5,94,477.37188720703125,7929093,8074668.017390288,1.0183596052398791
SIFT,km20_paper_exact_neyman,0.1,0.5,95,494.6036682128906,7956687,6610193.57051638,1.20369954602985
SIFT,km20_paper_exact_neyman,0.1,0.5,96,432.9142150878906,8036597,5973257.279054916,1.3454295746108467
SIFT,km20_paper_exact_neyman,0.1,0.5,97,481.1961975097656,7910053,8881046.022001704,1.1227543003822735
SIFT,km20_paper_exact_neyman,0.1,0.5,98,448.08123779296875,7926934,7304464.360483944,1.0852176982180273
SIFT,km20_paper_exact_neyman,0.1,0.5,99,485.9123229980469,7982147,8610607.450577209,1.0787332594322316
SIFT,km20_paper_exact_anti,0.01,0.1,0,372.0482482910156,804072,1913925.3508771928,2.380291007368983
SIFT,km20_paper_exact_anti,0.01,0.1,1,385.9545593261719,811722,1053540.0587301587,1.2979074840033396
SIFT,km20_paper_exact_anti,0.01,0.1,2,394.9783630371094,829692,0.0,
SIFT,km20_paper_exact_anti,0.01,0.1,3,391.8212890625,791172,802485.2111111111,1.014299306738751
SIFT,km20_paper_exact_anti,0.01,0.1,4,319.7450256347656,803973,955614.3333333334,1.1886149576333203
SIFT,km20_paper_exact_anti,0.01,0.1,5,380.0393371582031,794917,853797.3543016193,1.0740710719504292
SIFT,km20_paper_exact_anti,0.01,0.1,6,328.6761169433594,794744,874724.9782608696,1.10063741061382
SIFT,km20_paper_exact_anti,0.01,0.1,7,397.1687316894531,791648,197007.4375,4.018366057880429
SIFT,km20_paper_exact_anti,0.01,0.1,8,418.513916015625,804886,190542.84210526315,4.22417337280689
SIFT,km20_paper_exact_anti,0.01,0.1,9,352.22998046875,776948,1150563.012406015,1.480875183932535
SIFT,km20_paper_exact_anti,0.01,0.1,10,394.0569763183594,828502,1075382.978205128,1.2979847703507392
SIFT,km20_paper_exact_anti,0.01,0.1,11,432.48583984375,815010,626006.0219298245,1.3019203832696724
SIFT,km20_paper_exact_anti,0.01,0.1,12,406.16253662109375,804376,1058393.054563492,1.3157939254322506
SIFT,km20_paper_exact_anti,0.01,0.1,13,404.9566345214844,809701,370884.1019607843,2.183164486477812
SIFT,km20_paper_exact_anti,0.01,0.1,14,394.8276672363281,792243,835754.6875,1.0549221482550177
SIFT,km20_paper_exact_anti,0.01,0.1,15,303.80743408203125,816582,825226.0952380953,1.0105857038706403
SIFT,km20_paper_exact_anti,0.01,0.1,16,424.9352722167969,770578,1012107.9875,1.313440024890407
SIFT,km20_paper_exact_anti,0.01,0.1,17,372.31842041015625,771263,221088.85714285713,3.4884752219857305
SIFT,km20_paper_exact_anti,0.01,0.1,18,393.0279541015625,784222,649874.2490384615,1.2067288420187694
SIFT,km20_paper_exact_anti,0.01,0.1,19,400.4907531738281,757932,889426.9802631579,1.1734917911674898
SIFT,km20_paper_exact_anti,0.01,0.1,20,291.91400146484375,802853,1060662.7940503433,1.3211170588517989
SIFT,km20_paper_exact_anti,0.01,0.1,21,272.52850341796875,793344,1427461.7368421052,1.7992973247949253
SIFT,km20_paper_exact_anti,0.01,0.1,22,330.2196044921875,817716,1177740.974218154,1.440281190802374
SIFT,km20_paper_exact_anti,0.01,0.1,23,409.1575622558594,800505,1411190.338888889,1.762875108698745
SIFT,km20_paper_exact_anti,0.01,0.1,24,372.28057861328125,783106,587895.7333333334,1.332049129800341
SIFT,km20_paper_exact_anti,0.01,0.1,25,365.21484375,810423,607941.1823830409,1.3330615254970224
SIFT,km20_paper_exact_anti,0.01,0.1,26,356.6326904296875,800950,1303775.1725490196,1.6277859698470811
SIFT,km20_paper_exact_anti,0.01,0.1,27,233.2550506591797,786761,616536.1528822056,1.2760987272555244
SIFT,km20_paper_exact_anti,0.01,0.1,28,389.90380859375,819103,1580524.1666666667,1.9295792674018613
SIFT,km20_paper_exact_anti,0.01,0.1,29,417.54730224609375,788421,197007.4375,4.001985965631373
SIFT,km20_paper_exact_anti,0.01,0.1,30,392.8097839355469,774709,828683.4285714285,1.0696705841437604
SIFT,km20_paper_exact_anti,0.01,0.1,31,379.7194519042969,813563,789052.0916666667,1.0310637391272361
SIFT,km20_paper_exact_anti,0.01,0.1,32,394.81256103515625,796478,853619.6657894737,1.0717429304883168
SIFT,km20_paper_exact_anti,0.01,0.1,33,319.9873352050781,780607,206306.52380952382,3.7837242641958784
SIFT,km20_paper_exact_anti,0.01,0.1,34,315.56451416015625,823847,401770.5333333333,2.050541121482611
SIFT,km20_paper_exact_anti,0.01,0.1,35,377.76806640625,817178,1215458.8444444444,1.487385666824663
SIFT,km20_paper_exact_anti,0.01,0.1,36,387.8049621582031,802894,1503714.7288547456,1.872868309957162
SIFT,km20_paper_exact_anti,0.01,0.1,37,371.2020263671875,818454,621708.1101190476,1.3164602273618058
SIFT,km20_paper_exact_anti,0.01,0.1,38,414.6022033691406,805071,1335782.1141304348,1.6592103232266904
SIFT,km20_paper_exact_anti,0.01,0.1,39,368.1969299316406,818444,813070.5333333333,1.0066088567305929
SIFT,km20_paper_exact_anti,0.01,0.1,40,345.3054504394531,827179,212915.75,3.8850061585392344
SIFT,km20_paper_exact_anti,0.01,0.1,41,437.45843505859375,847465,649874.2490384615,1.3040445920943768
SIFT,km20_paper_exact_anti,0.01,0.1,42,368.06109619140625,760308,636847.9615384615,1.1938610876029039
SIFT,km20_paper_exact_anti,0.01,0.1,43,361.3336181640625,798655,619040.360576923,1.2901501272965186
SIFT,km20_paper_exact_anti,0.01,0.1,44,395.9861145019531,781932,1230030.1022869674,1.5730653078361896
SIFT,km20_paper_exact_anti,0.01,0.1,45,331.9261779785156,767590,399637.90460526315,1.9207137039670361
SIFT,km20_paper_exact_anti,0.01,0.1,46,403.52423095703125,809955,882511.3125,1.089580671148397
SIFT,km20_paper_exact_anti,0.01,0.1,47,412.57000732421875,834769,1063933.2083333333,1.2745240998807255
SIFT,km20_paper_exact_anti,0.01,0.1,48,386.1009521484375,799371,1203140.7841036413,1.5051093723735804
SIFT,km20_paper_exact_anti,0.01,0.1,49,397.4945983886719,798452,411300.0,1.9412885971310478
SIFT,km20_paper_exact_anti,0.01,0.1,50,339.03955078125,828954,690743.8282608696,1.2000888984952802
SIFT,km20_paper_exact_anti,0.01,0.1,51,336.1755065917969,782034,414570.77192982455,1.8863703207045597
SIFT,km20_paper_exact_anti,0.01,0.1,52,397.7951354980469,806499,607149.3976608186,1.3283369844509787
SIFT,km20_paper_exact_anti,0.01,0.1,53,401.8307800292969,789522,638747.25,1.2360475915943279
SIFT,km20_paper_exact_anti,0.01,0.1,54,403.9814453125,772257,857496.1237458194,1.1103766281766554
SIFT,km20_paper_exact_anti,0.01,0.1,55,244.17393493652344,788963,825226.0952380953,1.0459629858917279
SIFT,km20_paper_exact_anti,0.01,0.1,56,363.9601135253906,775961,1316142.0199275364,1.6961445484084077
SIFT,km20_paper_exact_anti,0.01,0.1,57,396.5753479003906,769970,851340.2291666666,1.1056797396868276
SIFT,km20_paper_exact_anti,0.01,0.1,58,402.9453430175781,816855,625427.0634920634,1.3060755564991084
SIFT,km20_paper_exact_anti,0.01,0.1,59,409.57037353515625,780856,438857.7875,1.7792916572091138
SIFT,km20_paper_exact_anti,0.01,0.1,60,408.1246643066406,786325,633049.3846153846,1.2421226828578935
SIFT,km20_paper_exact_anti,0.01,0.1,61,401.16558837890625,815251,1196837.4777777777,1.4680601161823508
SIFT,km20_paper_exact_anti,0.01,0.1,62,377.992919921875,799650,629858.7857142857,1.2695702880339506
SIFT,km20_paper_exact_anti,0.01,0.1,63,380.0064697265625,770308,408023.8990384615,1.887899218196012
SIFT,km20_paper_exact_anti,0.01,0.1,64,349.10968017578125,817299,673340.2173913043,1.2137979863529162
SIFT,km20_paper_exact_anti,0.01,0.1,65,434.93896484375,801986,640136.8482142857,1.2528352370859541
SIFT,km20_paper_exact_anti,0.01,0.1,66,400.2998962402344,808007,438857.7875,1.841159079352101
SIFT,km20_paper_exact_anti,0.01,0.1,67,384.0870361328125,807389,421454.1766304348,1.9157219094496818
SIFT,km20_paper_exact_anti,0.01,0.1,68,346.1543884277344,794528,1122233.6956521738,1.4124533001381623
SIFT,km20_paper_exact_anti,0.01,0.1,69,323.6508483886719,806169,421295.3333333333,1.9135483738248547
SIFT,km20_paper_exact_anti,0.01,0.1,70,391.49835205078125,806219,1013726.673015873,1.2573837543097757
SIFT,km20_paper_exact_anti,0.01,0.1,71,393.2197570800781,804076,190542.84210526315,4.2199223603256515
SIFT,km20_paper_exact_anti,0.01,0.1,72,399.030029296875,788169,2191516.728853383,2.780516271070523
SIFT,km20_paper_exact_anti,0.01,0.1,73,221.4608154296875,802130,1031532.619047619,1.2859918205872103
SIFT,km20_paper_exact_anti,0.01,0.1,74,428.41204833984375,783732,1496154.467948718,1.9090128614739708
SIFT,km20_paper_exact_anti,0.01,0.1,75,418.0033874511719,825764,629757.4544082126,1.3112413266723077
SIFT,km20_paper_exact_anti,0.01,0.1,76,349.3450927734375,801385,190542.84210526315,4.20579955219354
SIFT,km20_paper_exact_anti,0.01,0.1,77,407.7376403808594,804512,627285.1875,1.282529885977899
SIFT,km20_paper_exact_anti,0.01,0.1,78,345.1389465332031,803777,1143257.0526315789,1.422356017442125
SIFT,km20_paper_exact_anti,0.01,0.1,79,404.2498474121094,804003,423932.2115384615,1.896536705909304
SIFT,km20_paper_exact_anti,0.01,0.1,80,382.2015075683594,810035,809462.4135338346,1.000707366341651
SIFT,km20_paper_exact_anti,0.01,0.1,81,394.7402648925781,791987,825970.4821428572,1.0429091413657765
SIFT,km20_paper_exact_anti,0.01,0.1,82,394.92144775390625,791919,898419.625,1.1344842401811297
SIFT,km20_paper_exact_anti,0.01,0.1,83,381.15850830078125,785082,647827.7142857143,1.211868499429081
SIFT,km20_paper_exact_anti,0.01,0.1,84,276.85357666015625,803320,825226.0952380953,1.0272694508266884
SIFT,km20_paper_exact_anti,0.01,0.1,85,403.7881774902344,816015,1982197.57127193,2.429119037360747
SIFT,km20_paper_exact_anti,0.01,0.1,86,281.2809143066406,796697,585008.7894736842,1.3618547521598192
SIFT,km20_paper_exact_anti,0.01,0.1,87,387.8452453613281,809085,381085.6842105263,2.123105205791542
SIFT,km20_paper_exact_anti,0.01,0.1,88,403.29144287109375,791345,640016.3449275362,1.2364449849942465
SIFT,km20_paper_exact_anti,0.01,0.1,89,357.1758117675781,810232,620939.6490384615,1.3048482268037833
SIFT,km20_paper_exact_anti,0.01,0.1,90,348.5339660644531,835982,1053238.3333333333,1.2598815923468845
SIFT,km20_paper_exact_anti,0.01,0.1,91,386.0309753417969,806115,842979.6459808942,1.0457312492397415
SIFT,km20_paper_exact_anti,0.01,0.1,92,408.19110107421875,799929,685503.875,1.1669211935526986
SIFT,km20_paper_exact_anti,0.01,0.1,93,376.3376159667969,802649,1170360.2777777778,1.4581221402852027
SIFT,km20_paper_exact_anti,0.01,0.1,94,391.1700439453125,795733,1651419.740914787,2.0753440424297938
SIFT,km20_paper_exact_anti,0.01,0.1,95,441.748779296875,805105,192411.4,4.184289496360403
SIFT,km20_paper_exact_anti,0.01,0.1,96,319.9952087402344,802507,1064578.75,1.326566310325019
SIFT,km20_paper_exact_anti,0.01,0.1,97,405.0690612792969,792116,600257.6105263158,1.3196267504304688
SIFT,km20_paper_exact_anti,0.01,0.1,98,374.5810546875,770248,1707502.8198621552,2.2168221402225714
SIFT,km20_paper_exact_anti,0.01,0.1,99,426.7563171386719,800739,593261.4924369748,1.349723537104621
SIFT,km20_paper_exact_anti,0.01,0.2,0,372.0482482910156,804072,431736.5238095238,1.8624136612420252
SIFT,km20_paper_exact_anti,0.01,0.2,1,385.9545593261719,811722,431736.5238095238,1.8801328014539733
SIFT,km20_paper_exact_anti,0.01,0.2,2,394.9783630371094,829692,1054018.7747252746,1.2703735539516767
SIFT,km20_paper_exact_anti,0.01,0.2,3,391.8212890625,791172,1012356.5686274508,1.2795657184878266
SIFT,km20_paper_exact_anti,0.01,0.2,4,319.7450256347656,803973,764491.4666666667,1.0516441779337062
SIFT,km20_paper_exact_anti,0.01,0.2,5,380.0393371582031,794917,1091614.0615384616,1.3732428184810006
SIFT,km20_paper_exact_anti,0.01,0.2,6,328.6761169433594,794744,1523103.9289297657,1.9164711264630696
SIFT,km20_paper_exact_anti,0.01,0.2,7,397.1687316894531,791648,0.0,
SIFT,km20_paper_exact_anti,0.01,0.2,8,418.513916015625,804886,425508.7291666666,1.8915851657763192
SIFT,km20_paper_exact_anti,0.01,0.2,9,352.22998046875,776948,1409579.1142857142,1.8142515513080852
SIFT,km20_paper_exact_anti,0.01,0.2,10,394.0569763183594,828502,840220.2417582418,1.014143890730791
SIFT,km20_paper_exact_anti,0.01,0.2,11,432.48583984375,815010,1113792.5001349528,1.3665997964871017
SIFT,km20_paper_exact_anti,0.01,0.2,12,406.16253662109375,804376,1042021.7509920634,1.2954411257820515
SIFT,km20_paper_exact_anti,0.01,0.2,13,404.9566345214844,809701,756295.337254902,1.0706148248102951
SIFT,km20_paper_exact_anti,0.01,0.2,14,394.8276672363281,792243,638747.25,1.2403074925175803
SIFT,km20_paper_exact_anti,0.01,0.2,15,303.80743408203125,816582,633701.9047619047,1.288590098694444
SIFT,km20_paper_exact_anti,0.01,0.2,16,424.9352722167969,770578,1434102.3652777777,1.8610735905745786
SIFT,km20_paper_exact_anti,0.01,0.2,17,372.31842041015625,771263,605213.3242481203,1.2743655321174059
SIFT,km20_paper_exact_anti,0.01,0.2,18,393.0279541015625,784222,483700.7,1.6212959791044337
SIFT,km20_paper_exact_anti,0.01,0.2,19,400.4907531738281,757932,1297273.1907894737,1.7115957510561286
SIFT,km20_paper_exact_anti,0.01,0.2,20,291.91400146484375,802853,1081186.4279176202,1.3466804357928788
SIFT,km20_paper_exact_anti,0.01,0.2,21,272.52850341796875,793344,407846.2105263158,1.945203803600893
SIFT,km20_paper_exact_anti,0.01,0.2,22,330.2196044921875,817716,618912.6864988558,1.3212138284412298
SIFT,km20_paper_exact_anti,0.01,0.2,23,409.1575622558594,800505,400714.6777777778,1.99769323259961
SIFT,km20_paper_exact_anti,0.01,0.2,24,372.28057861328125,783106,1386439.1333333333,1.7704361010301712
SIFT,km20_paper_exact_anti,0.01,0.2,25,365.21484375,810423,628209.1349206349,1.2900528740359454
SIFT,km20_paper_exact_anti,0.01,0.2,26,356.6326904296875,800950,932891.0705882353,1.1647307205046948
SIFT,km20_paper_exact_anti,0.01,0.2,27,233.2550506591797,786761,412613.04761904763,1.906776832530975
SIFT,km20_paper_exact_anti,0.01,0.2,28,389.90380859375,819103,1563343.7555555555,1.9086046022973369
SIFT,km20_paper_exact_anti,0.01,0.2,29,417.54730224609375,788421,1233284.8845647774,1.56424662022546
SIFT,km20_paper_exact_anti,0.01,0.2,30,392.8097839355469,774709,621512.5714285714,1.2464896699020915
SIFT,km20_paper_exact_anti,0.01,0.2,31,379.7194519042969,813563,613706.7333333333,1.3256543489121462
SIFT,km20_paper_exact_anti,0.01,0.2,32,394.81256103515625,796478,416838.85526315786,1.9107575744040683
SIFT,km20_paper_exact_anti,0.01,0.2,33,319.9873352050781,780607,1001962.9799498746,1.283569043000991
SIFT,km20_paper_exact_anti,0.01,0.2,34,315.56451416015625,823847,435094.40579710144,1.893490215050447
SIFT,km20_paper_exact_anti,0.01,0.2,35,377.76806640625,817178,208303.27777777778,3.923020361070757
SIFT,km20_paper_exact_anti,0.01,0.2,36,387.8049621582031,802894,639436.3203661328,1.2556277684387298
SIFT,km20_paper_exact_anti,0.01,0.2,37,371.2020263671875,818454,427395.38095238095,1.914980920421294
SIFT,km20_paper_exact_anti,0.01,0.2,38,414.6022033691406,805071,898419.625,1.1159507981283638
SIFT,km20_paper_exact_anti,0.01,0.2,39,368.1969299316406,818444,1237019.1444444444,1.5114279589616937
SIFT,km20_paper_exact_anti,0.01,0.2,40,345.3054504394531,827179,1058124.4496567505,1.2791964612940494
SIFT,km20_paper_exact_anti,0.01,0.2,41,437.45843505859375,847465,1009629.423076923,1.1913523544652853
SIFT,km20_paper_exact_anti,0.01,0.2,42,368.06109619140625,760308,828276.625,1.089396172340683
SIFT,km20_paper_exact_anti,0.01,0.2,43,361.3336181640625,798655,591022.3125,1.3513110810008548
SIFT,km20_paper_exact_anti,0.01,0.2,44,395.9861145019531,781932,1010982.405952381,1.2929288044898801
SIFT,km20_paper_exact_anti,0.01,0.2,45,331.9261779785156,767590,809462.4135338346,1.0545504937972545
SIFT,km20_paper_exact_anti,0.01,0.2,46,403.52423095703125,809955,870976.3949275363,1.075339240979482
SIFT,km20_paper_exact_anti,0.01,0.2,47,412.57000732421875,834769,1108372.5535714286,1.3277596000467538
SIFT,km20_paper_exact_anti,0.01,0.2,48,386.1009521484375,799371,599684.125,1.332986761989072
SIFT,km20_paper_exact_anti,0.01,0.2,49,397.4945983886719,798452,796199.0111111111,1.0028296805917214
SIFT,km20_paper_exact_anti,0.01,0.2,50,339.03955078125,828954,673340.2173913043,1.231107215326576
SIFT,km20_paper_exact_anti,0.01,0.2,51,336.1755065917969,782034,203923.1052631579,3.8349455251321514
SIFT,km20_paper_exact_anti,0.01,0.2,52,397.7951354980469,806499,607149.3976608186,1.3283369844509787
SIFT,km20_paper_exact_anti,0.01,0.2,53,401.8307800292969,789522,1490410.25,1.8877374538011606
SIFT,km20_paper_exact_anti,0.01,0.2,54,403.9814453125,772257,408023.8990384615,1.8926758991811037
SIFT,km20_paper_exact_anti,0.01,0.2,55,244.17393493652344,788963,820459.2581453634,1.0399210839359556
SIFT,km20_paper_exact_anti,0.01,0.2,56,363.9601135253906,775961,874724.9782608696,1.127279564644189
SIFT,km20_paper_exact_anti,0.01,0.2,57,396.5753479003906,769970,832469.0952380953,1.0811708186527984
SIFT,km20_paper_exact_anti,0.01,0.2,58,402.9453430175781,816855,1431493.3714052287,1.7524448909601198
SIFT,km20_paper_exact_anti,0.01,0.2,59,409.57037353515625,780856,389418.8375,2.0051829156826546
SIFT,km20_paper_exact_anti,0.01,0.2,60,408.1246643066406,786325,1055082.3076923077,1.341789091905138
SIFT,km20_paper_exact_anti,0.01,0.2,61,401.16558837890625,815251,782884.2,1.0413430236553505
SIFT,km20_paper_exact_anti,0.01,0.2,62,377.992919921875,799650,1229948.2952380953,1.5381082914251176
SIFT,km20_paper_exact_anti,0.01,0.2,63,380.0064697265625,770308,1116750.0846153847,1.4497448872598813
SIFT,km20_paper_exact_anti,0.01,0.2,64,349.10968017578125,817299,437362.4891304348,1.868699351937922
SIFT,km20_paper_exact_anti,0.01,0.2,65,434.93896484375,801986,462939.20714285714,1.7323786528033633
SIFT,km20_paper_exact_anti,0.01,0.2,66,400.2998962402344,808007,425508.7291666666,1.89891991542085
SIFT,km20_paper_exact_anti,0.01,0.2,67,384.0870361328125,807389,452948.03079710144,1.782520168106594
SIFT,km20_paper_exact_anti,0.01,0.2,68,346.1543884277344,794528,673340.2173913043,1.179980015271045
SIFT,km20_paper_exact_anti,0.01,0.2,69,323.6508483886719,806169,1244361.2,1.5435488092447116
SIFT,km20_paper_exact_anti,0.01,0.2,70,391.49835205078125,806219,592049.3046052632,1.3617430064165519
SIFT,km20_paper_exact_anti,0.01,0.2,71,393.2197570800781,804076,1177823.198934837,1.4648157623593254
SIFT,km20_paper_exact_anti,0.01,0.2,72,399.030029296875,788169,382954.24210526317,2.0581283958811842
SIFT,km20_paper_exact_anti,0.01,0.2,73,221.4608154296875,802130,616536.1528822056,1.3010267058146934
SIFT,km20_paper_exact_anti,0.01,0.2,74,428.41204833984375,783732,1494600.060897436,1.9070295214402833
SIFT,km20_paper_exact_anti,0.01,0.2,75,418.0033874511719,825764,1264706.1274851356,1.5315588079465023
SIFT,km20_paper_exact_anti,0.01,0.2,76,349.3450927734375,801385,796275.5103592314,1.0064167358838696
SIFT,km20_paper_exact_anti,0.01,0.2,77,407.7376403808594,804512,1489271.7123015872,1.8511491591195497
SIFT,km20_paper_exact_anti,0.01,0.2,78,345.1389465332031,803777,572208.550877193,1.404692395399918
SIFT,km20_paper_exact_anti,0.01,0.2,79,404.2498474121094,804003,1267998.0576923077,1.5771061273307534
SIFT,km20_paper_exact_anti,0.01,0.2,80,382.2015075683594,810035,814977.3761904761,1.0061014353583193
SIFT,km20_paper_exact_anti,0.01,0.2,81,394.7402648925781,791987,1173180.1535714285,1.481312387162199
SIFT,km20_paper_exact_anti,0.01,0.2,82,394.92144775390625,791919,1668304.5791666668,2.10666062964352
SIFT,km20_paper_exact_anti,0.01,0.2,83,381.15850830078125,785082,1400324.6204329557,1.7836667003357047
SIFT,km20_paper_exact_anti,0.01,0.2,84,276.85357666015625,803320,206306.52380952382,3.8938177289133113
SIFT,km20_paper_exact_anti,0.01,0.2,85,403.7881774902344,816015,1838988.9904761906,2.253621551657985
SIFT,km20_paper_exact_anti,0.01,0.2,86,281.2809143066406,796697,777935.0501253132,1.0241176302207549
SIFT,km20_paper_exact_anti,0.01,0.2,87,387.8452453613281,809085,1040512.115604228,1.2860356026922115
SIFT,km20_paper_exact_anti,0.01,0.2,88,403.29144287109375,791345,448893.47826086957,1.7628792538173577
SIFT,km20_paper_exact_anti,0.01,0.2,89,357.1758117675781,810232,849763.7115384615,1.0487906075524807
SIFT,km20_paper_exact_anti,0.01,0.2,90,348.5339660644531,835982,631943.0,1.322875639100362
SIFT,km20_paper_exact_anti,0.01,0.2,91,386.0309753417969,806115,606524.4529761905,1.3290725477669152
SIFT,km20_paper_exact_anti,0.01,0.2,92,408.19110107421875,799929,437596.3541666666,1.82800654617733
SIFT,km20_paper_exact_anti,0.01,0.2,93,376.3376159667969,802649,764039.9263157895,1.0505327959369664
SIFT,km20_paper_exact_anti,0.01,0.2,94,391.1700439453125,795733,209095.0625,3.805603970203744
SIFT,km20_paper_exact_anti,0.01,0.2,95,441.748779296875,805105,814359.0666666667,1.0114942357415078
SIFT,km20_paper_exact_anti,0.01,0.2,96,319.9952087402344,802507,638747.25,1.2563764462391032
SIFT,km20_paper_exact_anti,0.01,0.2,97,405.0690612792969,792116,1223094.1248120302,1.544084609845061
SIFT,km20_paper_exact_anti,0.01,0.2,98,374.5810546875,770248,407846.2105263158,1.8885746149412872
SIFT,km20_paper_exact_anti,0.01,0.2,99,426.7563171386719,800739,646028.6446428571,1.2394790953002883
SIFT,km20_paper_exact_anti,0.01,0.3,0,372.0482482910156,804072,1282186.1428571427,1.5946160827104323
SIFT,km20_paper_exact_anti,0.01,0.3,1,385.9545593261719,811722,815385.1599206349,1.0045128257219034
SIFT,km20_paper_exact_anti,0.01,0.3,2,394.9783630371094,829692,634948.673076923,1.3067071956845937
SIFT,km20_paper_exact_anti,0.01,0.3,3,391.8212890625,791172,1019029.4222222222,1.2879998561908437
SIFT,km20_paper_exact_anti,0.01,0.3,4,319.7450256347656,803973,382245.73333333334,2.1032883558674125
SIFT,km20_paper_exact_anti,0.01,0.3,5,380.0393371582031,794917,663883.2730769231,1.1973746473770461
SIFT,km20_paper_exact_anti,0.01,0.3,6,328.6761169433594,794744,409923.1875,1.938763222561056
SIFT,km20_paper_exact_anti,0.01,0.3,7,397.1687316894531,791648,985037.1875,1.2442868389738875
SIFT,km20_paper_exact_anti,0.01,0.3,8,418.513916015625,804886,828967.3212719298,1.0299189217751703
SIFT,km20_paper_exact_anti,0.01,0.3,9,352.22998046875,776948,925878.4142857143,1.1916864632970472
SIFT,km20_paper_exact_anti,0.01,0.3,10,394.0569763183594,828502,591473.384868421,1.400742655875054
SIFT,km20_paper_exact_anti,0.01,0.3,11,432.48583984375,815010,909869.3948717949,1.1163904674443195
SIFT,km20_paper_exact_anti,0.01,0.3,12,406.16253662109375,804376,650480.9920634921,1.236586479565396
SIFT,km20_paper_exact_anti,0.01,0.3,13,404.9566345214844,809701,1025676.7396825397,1.2667351771611246
SIFT,km20_paper_exact_anti,0.01,0.3,14,394.8276672363281,792243,622838.9375,1.2719869492745064
SIFT,km20_paper_exact_anti,0.01,0.3,15,303.80743408203125,816582,1252621.4761904762,1.5339812489014897
SIFT,km20_paper_exact_anti,0.01,0.3,16,424.9352722167969,770578,1442291.907142857,1.8717013814861794
SIFT,km20_paper_exact_anti,0.01,0.3,17,372.31842041015625,771263,620977.005952381,1.2420153928519917
SIFT,km20_paper_exact_anti,0.01,0.3,18,393.0279541015625,784222,651773.5375,1.2032123964529629
SIFT,km20_paper_exact_anti,0.01,0.3,19,400.4907531738281,757932,1102342.7302631577,1.4544084829023682
SIFT,km20_paper_exact_anti,0.01,0.3,20,291.91400146484375,802853,632292.9496567505,1.2697484614304817
SIFT,km20_paper_exact_anti,0.01,0.3,21,272.52850341796875,793344,611769.3157894737,1.2968025357339286
SIFT,km20_paper_exact_anti,0.01,0.3,22,330.2196044921875,817716,1224445.109839817,1.4973965409015073
SIFT,km20_paper_exact_anti,0.01,0.3,23,409.1575622558594,800505,592313.3754385965,1.3514889806552852
SIFT,km20_paper_exact_anti,0.01,0.3,24,372.28057861328125,783106,779018.6,1.0052468580339418
SIFT,km20_paper_exact_anti,0.01,0.3,25,365.21484375,810423,1247482.2767857143,1.5392977208022407
SIFT,km20_paper_exact_anti,0.01,0.3,26,356.6326904296875,800950,932891.0705882353,1.1647307205046948
SIFT,km20_paper_exact_anti,0.01,0.3,27,233.2550506591797,786761,820459.2581453634,1.0428316326627316
SIFT,km20_paper_exact_anti,0.01,0.3,28,389.90380859375,819103,191122.86666666667,4.285740446895766
SIFT,km20_paper_exact_anti,0.01,0.3,29,417.54730224609375,788421,840417.0911437246,1.065949652715649
SIFT,km20_paper_exact_anti,0.01,0.3,30,392.8097839355469,774709,1657366.857142857,2.1393411682875207
SIFT,km20_paper_exact_anti,0.01,0.3,31,379.7194519042969,813563,808404.565914787,1.006381005628507
SIFT,km20_paper_exact_anti,0.01,0.3,32,394.81256103515625,796478,1449903.504385965,1.8203936635863953
SIFT,km20_paper_exact_anti,0.01,0.3,33,319.9873352050781,780607,1569830.3879699246,2.0110380613675316
SIFT,km20_paper_exact_anti,0.01,0.3,34,315.56451416015625,823847,1224836.4,1.486727996824653
SIFT,km20_paper_exact_anti,0.01,0.3,35,377.76806640625,817178,609379.073015873,1.3410010881333865
SIFT,km20_paper_exact_anti,0.01,0.3,36,387.8049621582031,802894,1188164.679197995,1.479852482641538
SIFT,km20_paper_exact_anti,0.01,0.3,37,371.2020263671875,818454,781303.613377193,1.047549231805321
SIFT,km20_paper_exact_anti,0.01,0.3,38,414.6022033691406,805071,873841.4385964912,1.0854215821914976
SIFT,km20_paper_exact_anti,0.01,0.3,39,368.1969299316406,818444,612532.5694444444,1.3361640520475726
SIFT,km20_paper_exact_anti,0.01,0.3,40,345.3054504394531,827179,652816.5835240275,1.267092504811583
SIFT,km20_paper_exact_anti,0.01,0.3,41,437.45843505859375,847465,1054712.5093864468,1.244549933491586
SIFT,km20_paper_exact_anti,0.01,0.3,42,368.06109619140625,760308,636847.9615384615,1.1938610876029039
SIFT,km20_paper_exact_anti,0.01,0.3,43,361.3336181640625,798655,832872.6625,1.0428441097845753
SIFT,km20_paper_exact_anti,0.01,0.3,44,395.9861145019531,781932,2031438.0199456974,2.5979727392480387
SIFT,km20_paper_exact_anti,0.01,0.3,45,331.9261779785156,767590,1021926.0392857143,1.3313436069851279
SIFT,km20_paper_exact_anti,0.01,0.3,46,403.52423095703125,809955,649955.4682971014,1.2461699908796846
SIFT,km20_paper_exact_anti,0.01,0.3,47,412.57000732421875,834769,927354.225,1.1109111921980812
SIFT,km20_paper_exact_anti,0.01,0.3,48,386.1009521484375,799371,1605355.6209850605,2.0082735312953064
SIFT,km20_paper_exact_anti,0.01,0.3,49,397.4945983886719,798452,622256.5555555555,1.2831556258770722
SIFT,km20_paper_exact_anti,0.01,0.3,50,339.03955078125,828954,673340.2173913043,1.231107215326576
SIFT,km20_paper_exact_anti,0.01,0.3,51,336.1755065917969,782034,811420.1378446114,1.037576547624031
SIFT,km20_paper_exact_anti,0.01,0.3,52,397.7951354980469,806499,622604.1904761904,1.295363912316684
SIFT,km20_paper_exact_anti,0.01,0.3,53,401.8307800292969,789522,425831.5,1.8540713873914918
SIFT,km20_paper_exact_anti,0.01,0.3,54,403.9814453125,772257,619040.360576923,1.2475067042159975
SIFT,km20_paper_exact_anti,0.01,0.3,55,244.17393493652344,788963,825226.0952380953,1.0459629858917279
SIFT,km20_paper_exact_anti,0.01,0.3,56,363.9601135253906,775961,212915.75,3.644450915444254
SIFT,km20_paper_exact_anti,0.01,0.3,57,396.5753479003906,769970,457002.5833333333,1.684826362214218
SIFT,km20_paper_exact_anti,0.01,0.3,58,402.9453430175781,816855,1069861.3254399586,1.3097322357578256
SIFT,km20_paper_exact_anti,0.01,0.3,59,409.57037353515625,780856,241850.35,3.2286742607567036
SIFT,km20_paper_exact_anti,0.01,0.3,60,408.1246643066406,786325,422032.92307692306,1.8631840242868403
SIFT,km20_paper_exact_anti,0.01,0.3,61,401.16558837890625,815251,782884.2,1.0413430236553505
SIFT,km20_paper_exact_anti,0.01,0.3,62,377.992919921875,799650,626212.380952381,1.2769629351368696
SIFT,km20_paper_exact_anti,0.01,0.3,63,380.0064697265625,770308,241850.35,3.1850605136606167
SIFT,km20_paper_exact_anti,0.01,0.3,64,349.10968017578125,817299,203923.1052631579,4.007878356625136
SIFT,km20_paper_exact_anti,0.01,0.3,65,434.93896484375,801986,1472293.4032051282,1.83580935727697
SIFT,km20_paper_exact_anti,0.01,0.3,66,400.2998962402344,808007,1527589.8240384615,1.890565086736206
SIFT,km20_paper_exact_anti,0.01,0.3,67,384.0870361328125,807389,394014.875,2.0491332973152345
SIFT,km20_paper_exact_anti,0.01,0.3,68,346.1543884277344,794528,1122233.6956521738,1.4124533001381623
SIFT,km20_paper_exact_anti,0.01,0.3,69,323.6508483886719,806169,1033713.5333333333,1.2822541344722178
SIFT,km20_paper_exact_anti,0.01,0.3,70,391.49835205078125,806219,787881.8666666666,1.0232739628986682
SIFT,km20_paper_exact_anti,0.01,0.3,71,393.2197570800781,804076,751389.761609907,1.0701183873961881
SIFT,km20_paper_exact_anti,0.01,0.3,72,399.030029296875,788169,192411.4,4.096269763641863
SIFT,km20_paper_exact_anti,0.01,0.3,73,221.4608154296875,802130,1031532.619047619,1.2859918205872103
SIFT,km20_paper_exact_anti,0.01,0.3,74,428.41204833984375,783732,1318553.2596153845,1.682403244496058
SIFT,km20_paper_exact_anti,0.01,0.3,75,418.0033874511719,825764,1491483.9204796413,1.8061866592387672
SIFT,km20_paper_exact_anti,0.01,0.3,76,349.3450927734375,801385,606692.4724637681,1.320908098209277
SIFT,km20_paper_exact_anti,0.01,0.3,77,407.7376403808594,804512,626559.4841269841,1.284015357489905
SIFT,km20_paper_exact_anti,0.01,0.3,78,345.1389465332031,803777,953294.2350877193,1.186018304937463
SIFT,km20_paper_exact_anti,0.01,0.3,79,404.2498474121094,804003,1074466.4262820513,1.3363960411616016
SIFT,km20_paper_exact_anti,0.01,0.3,80,382.2015075683594,810035,603155.8897243107,1.342994429467064
SIFT,km20_paper_exact_anti,0.01,0.3,81,394.7402648925781,791987,590472.8,1.3412760079719166
SIFT,km20_paper_exact_anti,0.01,0.3,82,394.92144775390625,791919,409923.1875,1.9318716875463406
SIFT,km20_paper_exact_anti,0.01,0.3,83,381.15850830078125,785082,1239410.0587301587,1.5787014079168273
SIFT,km20_paper_exact_anti,0.01,0.3,84,276.85357666015625,803320,618919.5714285715,1.2979392429711036
SIFT,km20_paper_exact_anti,0.01,0.3,85,403.7881774902344,816015,1004193.3999999999,1.2306065452228205
SIFT,km20_paper_exact_anti,0.01,0.3,86,281.2809143066406,796697,762171.3684210526,1.0452990403594826
SIFT,km20_paper_exact_anti,0.01,0.3,87,387.8452453613281,809085,861506.5258799172,1.0647911231575387
SIFT,km20_paper_exact_anti,0.01,0.3,88,403.29144287109375,791345,448893.47826086957,1.7628792538173577
SIFT,km20_paper_exact_anti,0.01,0.3,89,357.1758117675781,810232,620939.6490384615,1.3048482268037833
SIFT,km20_paper_exact_anti,0.01,0.3,90,348.5339660644531,835982,811704.2352941176,1.0299096193542534
SIFT,km20_paper_exact_anti,0.01,0.3,91,386.0309753417969,806115,769177.825770308,1.0480216316593638
SIFT,km20_paper_exact_anti,0.01,0.3,92,408.19110107421875,799929,654010.0208333333,1.2231142865070144
SIFT,km20_paper_exact_anti,0.01,0.3,93,376.3376159667969,802649,610601.525,1.3145217742454869
SIFT,km20_paper_exact_anti,0.01,0.3,94,391.1700439453125,795733,0.0,
SIFT,km20_paper_exact_anti,0.01,0.3,95,441.748779296875,805105,1020656.7196428572,1.2677311898980346
SIFT,km20_paper_exact_anti,0.01,0.3,96,319.9952087402344,802507,1900333.4375,2.3679960891306866
SIFT,km20_paper_exact_anti,0.01,0.3,97,405.0690612792969,792116,623665.8344298245,1.2700968311406349
SIFT,km20_paper_exact_anti,0.01,0.3,98,374.5810546875,770248,1310622.249122807,1.7015587825256373
SIFT,km20_paper_exact_anti,0.01,0.3,99,426.7563171386719,800739,816559.3238095237,1.0197571540908132
SIFT,km20_paper_exact_anti,0.01,0.4,0,372.0482482910156,804072,1697162.044817927,2.1107090469733145
SIFT,km20_paper_exact_anti,0.01,0.4,1,385.9545593261719,811722,1004426.0777777778,1.2374015707074315
SIFT,km20_paper_exact_anti,0.01,0.4,2,394.9783630371094,829692,863449.9647435897,1.0406873451155245
SIFT,km20_paper_exact_anti,0.01,0.4,3,391.8212890625,791172,605076.1444444444,1.3075577466806612
SIFT,km20_paper_exact_anti,0.01,0.4,4,319.7450256347656,803973,573368.6,1.4021922372449416
SIFT,km20_paper_exact_anti,0.01,0.4,5,380.0393371582031,794917,907632.9115384615,1.141795824643908
SIFT,km20_paper_exact_anti,0.01,0.4,6,328.6761169433594,794744,858816.6657608696,1.0806205089448546
SIFT,km20_paper_exact_anti,0.01,0.4,7,397.1687316894531,791648,1406491.3641304348,1.7766625623135974
SIFT,km20_paper_exact_anti,0.01,0.4,8,418.513916015625,804886,841054.9462719298,1.0449367317507445
SIFT,km20_paper_exact_anti,0.01,0.4,9,352.22998046875,776948,221088.85714285713,3.5141888652397033
SIFT,km20_paper_exact_anti,0.01,0.4,10,394.0569763183594,828502,631127.985576923,1.3127321540695975
SIFT,km20_paper_exact_anti,0.01,0.4,11,432.48583984375,815010,1127141.5584682862,1.3829788081965695
SIFT,km20_paper_exact_anti,0.01,0.4,12,406.16253662109375,804376,1460289.8253968256,1.8154318694203029
SIFT,km20_paper_exact_anti,0.01,0.4,13,404.9566345214844,809701,1431055.4634920633,1.7673875461337745
SIFT,km20_paper_exact_anti,0.01,0.4,14,394.8276672363281,792243,835754.6875,1.0549221482550177
SIFT,km20_paper_exact_anti,0.01,0.4,15,303.80743408203125,816582,825226.0952380953,1.0105857038706403
SIFT,km20_paper_exact_anti,0.01,0.4,16,424.9352722167969,770578,818904.8027777778,1.0627150045521385
SIFT,km20_paper_exact_anti,0.01,0.4,17,372.31842041015625,771263,607923.3392857143,1.2686846353130696
SIFT,km20_paper_exact_anti,0.01,0.4,18,393.0279541015625,784222,197007.4375,3.980672049500669
SIFT,km20_paper_exact_anti,0.01,0.4,19,400.4907531738281,757932,889426.9802631579,1.1734917911674898
SIFT,km20_paper_exact_anti,0.01,0.4,20,291.91400146484375,802853,632292.9496567505,1.2697484614304817
SIFT,km20_paper_exact_anti,0.01,0.4,21,272.52850341796875,793344,1019615.5263157894,1.285212374853518
SIFT,km20_paper_exact_anti,0.01,0.4,22,330.2196044921875,817716,829979.1624713959,1.0149968478926619
SIFT,km20_paper_exact_anti,0.01,0.4,23,409.1575622558594,800505,1175360.651143791,1.4682739659887083
SIFT,km20_paper_exact_anti,0.01,0.4,24,372.28057861328125,783106,573368.6,1.3657985456475992
SIFT,km20_paper_exact_anti,0.01,0.4,25,365.21484375,810423,624496.6488095238,1.2977219358100753
SIFT,km20_paper_exact_anti,0.01,0.4,26,356.6326904296875,800950,191122.86666666667,4.190759661411525
SIFT,km20_paper_exact_anti,0.01,0.4,27,233.2550506591797,786761,1029149.2005012531,1.3080836499283177
SIFT,km20_paper_exact_anti,0.01,0.4,28,389.90380859375,819103,416606.55555555556,1.966130847143548
SIFT,km20_paper_exact_anti,0.01,0.4,29,417.54730224609375,788421,1031313.9089068825,1.3080751386719565
SIFT,km20_paper_exact_anti,0.01,0.4,30,392.8097839355469,774709,621512.5714285714,1.2464896699020915
SIFT,km20_paper_exact_anti,0.01,0.4,31,379.7194519042969,813563,595470.4666666667,1.3662524768930606
SIFT,km20_paper_exact_anti,0.01,0.4,32,394.81256103515625,796478,862612.3105263157,1.0830334428902189
SIFT,km20_paper_exact_anti,0.01,0.4,33,319.9873352050781,780607,416954.1904761905,1.872164899238674
SIFT,km20_paper_exact_anti,0.01,0.4,34,315.56451416015625,823847,1719853.989321129,2.08758906607796
SIFT,km20_paper_exact_anti,0.01,0.4,35,377.76806640625,817178,191122.86666666667,4.275668392025653
SIFT,km20_paper_exact_anti,0.01,0.4,36,387.8049621582031,802894,858080.0613095238,1.0687339316392
SIFT,km20_paper_exact_anti,0.01,0.4,37,371.2020263671875,818454,621708.1101190476,1.3164602273618058
SIFT,km20_paper_exact_anti,0.01,0.4,38,414.6022033691406,805071,643440.8584682861,1.2511965775945209
SIFT,km20_paper_exact_anti,0.01,0.4,39,368.1969299316406,818444,0.0,
SIFT,km20_paper_exact_anti,0.01,0.4,40,345.3054504394531,827179,437362.4891304348,1.891289309342919
SIFT,km20_paper_exact_anti,0.01,0.4,41,437.45843505859375,847465,408023.8990384615,2.0769984356237807
SIFT,km20_paper_exact_anti,0.01,0.4,42,368.06109619140625,760308,409923.1875,1.854757240342741
SIFT,km20_paper_exact_anti,0.01,0.4,43,361.3336181640625,798655,605031.3365384615,1.3200225372941985
SIFT,km20_paper_exact_anti,0.01,0.4,44,395.9861145019531,781932,603505.362406015,1.295650459314306
SIFT,km20_paper_exact_anti,0.01,0.4,45,331.9261779785156,767590,1208308.5334168756,1.5741587741071088
SIFT,km20_paper_exact_anti,0.01,0.4,46,403.52423095703125,809955,1509863.8651656315,1.8641330261133415
SIFT,km20_paper_exact_anti,0.01,0.4,47,412.57000732421875,834769,898419.625,1.07624938755512
SIFT,km20_paper_exact_anti,0.01,0.4,48,386.1009521484375,799371,611723.461904762,1.3067522332901014
SIFT,km20_paper_exact_anti,0.01,0.4,49,397.4945983886719,798452,1212713.6634920635,1.518831017383717
SIFT,km20_paper_exact_anti,0.01,0.4,50,339.03955078125,828954,1298717.499284897,1.5666942909798336
SIFT,km20_paper_exact_anti,0.01,0.4,51,336.1755065917969,782034,807078.9949874687,1.032025455398958
SIFT,km20_paper_exact_anti,0.01,0.4,52,397.7951354980469,806499,834004.8958333334,1.0341053068055055
SIFT,km20_paper_exact_anti,0.01,0.4,53,401.8307800292969,789522,851663.0,1.0787071164578061
SIFT,km20_paper_exact_anti,0.01,0.4,54,403.9814453125,772257,825460.7846153846,1.0688938845687181
SIFT,km20_paper_exact_anti,0.01,0.4,55,244.17393493652344,788963,1645685.3533834587,2.0858840698276837
SIFT,km20_paper_exact_anti,0.01,0.4,56,363.9601135253906,775961,886255.9673913043,1.1421398335629036
SIFT,km20_paper_exact_anti,0.01,0.4,57,396.5753479003906,769970,683267.3916666666,1.1268941111353832
SIFT,km20_paper_exact_anti,0.01,0.4,58,402.9453430175781,816855,0.0,
SIFT,km20_paper_exact_anti,0.01,0.4,59,409.57037353515625,780856,1407070.110576923,1.80195850525183
SIFT,km20_paper_exact_anti,0.01,0.4,60,408.1246643066406,786325,1041073.2836538461,1.3239732726974802
SIFT,km20_paper_exact_anti,0.01,0.4,61,401.16558837890625,815251,1141818.2352941176,1.4005726276865869
SIFT,km20_paper_exact_anti,0.01,0.4,62,377.992919921875,799650,206306.52380952382,3.8760286646984135
SIFT,km20_paper_exact_anti,0.01,0.4,63,380.0064697265625,770308,922558.4875,1.1976488463056336
SIFT,km20_paper_exact_anti,0.01,0.4,64,349.10968017578125,817299,448893.47826086957,1.8206969795293741
SIFT,km20_paper_exact_anti,0.01,0.4,65,434.93896484375,801986,844960.2875,1.0535848350220578
SIFT,km20_paper_exact_anti,0.01,0.4,66,400.2998962402344,808007,685503.875,1.178705226137489
SIFT,km20_paper_exact_anti,0.01,0.4,67,384.0870361328125,807389,870347.6548913043,1.0779780934485166
SIFT,km20_paper_exact_anti,0.01,0.4,68,346.1543884277344,794528,466297.0891304348,1.7039094142355904
SIFT,km20_paper_exact_anti,0.01,0.4,69,323.6508483886719,806169,401770.5333333333,2.006540881212792
SIFT,km20_paper_exact_anti,0.01,0.4,70,391.49835205078125,806219,815459.7402777778,1.011461823992957
SIFT,km20_paper_exact_anti,0.01,0.4,71,393.2197570800781,804076,767153.4433141677,1.0481292980010932
SIFT,km20_paper_exact_anti,0.01,0.4,72,399.030029296875,788169,1184098.6092105263,1.5023410070816365
SIFT,km20_paper_exact_anti,0.01,0.4,73,221.4608154296875,802130,410229.6290726817,1.9553195165673516
SIFT,km20_paper_exact_anti,0.01,0.4,74,428.41204833984375,783732,648612.8157051281,1.2083202505765775
SIFT,km20_paper_exact_anti,0.01,0.4,75,418.0033874511719,825764,1262823.2737458195,1.5292786725333383
SIFT,km20_paper_exact_anti,0.01,0.4,76,349.3450927734375,801385,1231430.8236309018,1.5366282418948467
SIFT,km20_paper_exact_anti,0.01,0.4,77,407.7376403808594,804512,625701.6180555555,1.2857758023706567
SIFT,km20_paper_exact_anti,0.01,0.4,78,345.1389465332031,803777,1143837.0771929824,1.4230776411778172
SIFT,km20_paper_exact_anti,0.01,0.4,79,404.2498474121094,804003,425831.5,1.8880777960296502
SIFT,km20_paper_exact_anti,0.01,0.4,80,382.2015075683594,810035,822842.6766917293,1.0158112633302627
SIFT,km20_paper_exact_anti,0.01,0.4,81,394.7402648925781,791987,430183.91964285716,1.8410427815561197
SIFT,km20_paper_exact_anti,0.01,0.4,82,394.92144775390625,791919,880597.6,1.111979381729697
SIFT,km20_paper_exact_anti,0.01,0.4,83,381.15850830078125,785082,1600837.380112045,2.039070288341912
SIFT,km20_paper_exact_anti,0.01,0.4,84,276.85357666015625,803320,616536.1528822056,1.3029568440465502
SIFT,km20_paper_exact_anti,0.01,0.4,85,403.7881774902344,816015,1825706.6625,2.2373444881527913
SIFT,km20_paper_exact_anti,0.01,0.4,86,281.2809143066406,796697,777935.0501253132,1.0241176302207549
SIFT,km20_paper_exact_anti,0.01,0.4,87,387.8452453613281,809085,1043264.5151422888,1.2894374696630004
SIFT,km20_paper_exact_anti,0.01,0.4,88,403.29144287109375,791345,884356.6789297658,1.1175361933540564
SIFT,km20_paper_exact_anti,0.01,0.4,89,357.1758117675781,810232,634948.673076923,1.2760590491096935
SIFT,km20_paper_exact_anti,0.01,0.4,90,348.5339660644531,835982,1423542.410732714,1.7028385907025678
SIFT,km20_paper_exact_anti,0.01,0.4,91,386.0309753417969,806115,810117.7778822056,1.004965517180806
SIFT,km20_paper_exact_anti,0.01,0.4,92,408.19110107421875,799929,645340.1469298245,1.2395463133753954
SIFT,km20_paper_exact_anti,0.01,0.4,93,376.3376159667969,802649,1039201.8751984127,1.2947152182316464
SIFT,km20_paper_exact_anti,0.01,0.4,94,391.1700439453125,795733,1634736.0784147868,2.0543776347277123
SIFT,km20_paper_exact_anti,0.01,0.4,95,441.748779296875,805105,603711.4,1.333592507943365
SIFT,km20_paper_exact_anti,0.01,0.4,96,319.9952087402344,802507,425831.5,1.8845646693586549
SIFT,km20_paper_exact_anti,0.01,0.4,97,405.0690612792969,792116,796297.3881763231,1.005278757374328
SIFT,km20_paper_exact_anti,0.01,0.4,98,374.5810546875,770248,1105813.930263158,1.4356595930961948
SIFT,km20_paper_exact_anti,0.01,0.4,99,426.7563171386719,800739,694717.1615384616,1.1526115149174543
SIFT,km20_paper_exact_anti,0.01,0.5,0,372.0482482910156,804072,1297855.6857142856,1.6141038187056453
SIFT,km20_paper_exact_anti,0.01,0.5,1,385.9545593261719,811722,824800.2571428572,1.016111744098173
SIFT,km20_paper_exact_anti,0.01,0.5,2,394.9783630371094,829692,0.0,
SIFT,km20_paper_exact_anti,0.01,0.5,3,391.8212890625,791172,607729.4222222222,1.30184909775637
SIFT,km20_paper_exact_anti,0.01,0.5,4,319.7450256347656,803973,573368.6,1.4021922372449416
SIFT,km20_paper_exact_anti,0.01,0.5,5,380.0393371582031,794917,900539.5552631579,1.1328724322956458
SIFT,km20_paper_exact_anti,0.01,0.5,6,328.6761169433594,794744,1273117.1766304348,1.6019210923648808
SIFT,km20_paper_exact_anti,0.01,0.5,7,397.1687316894531,791648,394014.875,2.0091830289402144
SIFT,km20_paper_exact_anti,0.01,0.5,8,418.513916015625,804886,387550.27960526315,2.0768556813320105
SIFT,km20_paper_exact_anti,0.01,0.5,9,352.22998046875,776948,0.0,
SIFT,km20_paper_exact_anti,0.01,0.5,10,394.0569763183594,828502,0.0,
SIFT,km20_paper_exact_anti,0.01,0.5,11,432.48583984375,815010,1293396.3267653876,1.5869698859711998
SIFT,km20_paper_exact_anti,0.01,0.5,12,406.16253662109375,804376,815385.1599206349,1.013686584284756
SIFT,km20_paper_exact_anti,0.01,0.5,13,404.9566345214844,809701,1164839.56302521,1.4386045750532728
SIFT,km20_paper_exact_anti,0.01,0.5,14,394.8276672363281,792243,835754.6875,1.0549221482550177
SIFT,km20_paper_exact_anti,0.01,0.5,15,303.80743408203125,816582,1045913.6285714286,1.2808433550720302
SIFT,km20_paper_exact_anti,0.01,0.5,16,424.9352722167969,770578,627285.1875,1.228433279400528
SIFT,km20_paper_exact_anti,0.01,0.5,17,372.31842041015625,771263,427395.38095238095,1.8045655951670936
SIFT,km20_paper_exact_anti,0.01,0.5,18,393.0279541015625,784222,635865.225,1.2333148113265668
SIFT,km20_paper_exact_anti,0.01,0.5,19,400.4907531738281,757932,470351.64166666666,1.6114156576860394
SIFT,km20_paper_exact_anti,0.01,0.5,20,291.91400146484375,802853,1285109.533180778,1.6006784967868064
SIFT,km20_paper_exact_anti,0.01,0.5,21,272.52850341796875,793344,815692.4210526316,1.0281698998828144
SIFT,km20_paper_exact_anti,0.01,0.5,22,330.2196044921875,817716,1056275.1756292905,1.2917384221774926
SIFT,km20_paper_exact_anti,0.01,0.5,23,409.1575622558594,800505,1009305.4361111111,1.2608358924817598
SIFT,km20_paper_exact_anti,0.01,0.5,24,372.28057861328125,783106,607420.5333333333,1.289232018059317
SIFT,km20_paper_exact_anti,0.01,0.5,25,365.21484375,810423,627351.2688492064,1.2918169456907527
SIFT,km20_paper_exact_anti,0.01,0.5,26,356.6326904296875,800950,952415.8705882353,1.1891077727551473
SIFT,km20_paper_exact_anti,0.01,0.5,27,233.2550506591797,786761,616536.1528822056,1.2760987272555244
SIFT,km20_paper_exact_anti,0.01,0.5,28,389.90380859375,819103,1024335.9777777778,1.2505582054732773
SIFT,km20_paper_exact_anti,0.01,0.5,29,417.54730224609375,788421,1320651.0793016194,1.6750582230833773
SIFT,km20_paper_exact_anti,0.01,0.5,30,392.8097839355469,774709,828683.4285714285,1.0696705841437604
SIFT,km20_paper_exact_anti,0.01,0.5,31,379.7194519042969,813563,824354.4,1.0132643692006642
SIFT,km20_paper_exact_anti,0.01,0.5,32,394.81256103515625,796478,203923.1052631579,3.9057761452394724
SIFT,km20_paper_exact_anti,0.01,0.5,33,319.9873352050781,780607,1001962.9799498746,1.283569043000991
SIFT,km20_paper_exact_anti,0.01,0.5,34,315.56451416015625,823847,645742.0724637681,1.2758143462089893
SIFT,km20_paper_exact_anti,0.01,0.5,35,377.76806640625,817178,1024335.9777777778,1.253504105320723
SIFT,km20_paper_exact_anti,0.01,0.5,36,387.8049621582031,802894,432393.1921052631,1.8568608726025941
SIFT,km20_paper_exact_anti,0.01,0.5,37,371.2020263671875,818454,190542.84210526315,4.2953804559494015
SIFT,km20_paper_exact_anti,0.01,0.5,38,414.6022033691406,805071,865349.2532051281,1.0748732139216641
SIFT,km20_paper_exact_anti,0.01,0.5,39,368.1969299316406,818444,1243666.4619047618,1.5195498554632472
SIFT,km20_paper_exact_anti,0.01,0.5,40,345.3054504394531,827179,661809.2282608696,1.249875288342074
SIFT,km20_paper_exact_anti,0.01,0.5,41,437.45843505859375,847465,211016.46153846153,4.016108477136672
SIFT,km20_paper_exact_anti,0.01,0.5,42,368.06109619140625,760308,1030862.8365384615,1.3558489934848266
SIFT,km20_paper_exact_anti,0.01,0.5,43,361.3336181640625,798655,619040.360576923,1.2901501272965186
SIFT,km20_paper_exact_anti,0.01,0.5,44,395.9861145019531,781932,803886.2829131653,1.0280769720553262
SIFT,km20_paper_exact_anti,0.01,0.5,45,331.9261779785156,767590,1037967.5625,1.3522421637853541
SIFT,km20_paper_exact_anti,0.01,0.5,46,403.52423095703125,809955,645359.4307971015,1.2550448034819945
SIFT,km20_paper_exact_anti,0.01,0.5,47,412.57000732421875,834769,421454.1766304348,1.9806874537916683
SIFT,km20_paper_exact_anti,0.01,0.5,48,386.1009521484375,799371,1201513.5995798318,1.5030737912431547
SIFT,km20_paper_exact_anti,0.01,0.5,49,397.4945983886719,798452,619603.2777777778,1.2886503810368266
SIFT,km20_paper_exact_anti,0.01,0.5,50,339.03955078125,828954,641285.5943935927,1.2926440376130215
SIFT,km20_paper_exact_anti,0.01,0.5,51,336.1755065917969,782034,2057515.872180451,2.6309800752658465
SIFT,km20_paper_exact_anti,0.01,0.5,52,397.7951354980469,806499,1996890.9420321635,2.4759992784022837
SIFT,km20_paper_exact_anti,0.01,0.5,53,401.8307800292969,789522,638747.25,1.2360475915943279
SIFT,km20_paper_exact_anti,0.01,0.5,54,403.9814453125,772257,211016.46153846153,3.659700263996903
SIFT,km20_paper_exact_anti,0.01,0.5,55,244.17393493652344,788963,825226.0952380953,1.0459629858917279
SIFT,km20_paper_exact_anti,0.01,0.5,56,363.9601135253906,775961,661809.2282608696,1.1724844061771444
SIFT,km20_paper_exact_anti,0.01,0.5,57,396.5753479003906,769970,909209.4291666666,1.1808374731050126
SIFT,km20_paper_exact_anti,0.01,0.5,58,402.9453430175781,816855,645416.1292403248,1.2656253275874343
SIFT,km20_paper_exact_anti,0.01,0.5,59,409.57037353515625,780856,667359.0791666666,1.1700687446630043
SIFT,km20_paper_exact_anti,0.01,0.5,60,408.1246643066406,786325,452866.81153846154,1.7363272820296265
SIFT,km20_paper_exact_anti,0.01,0.5,61,401.16558837890625,815251,1360706.8352941177,1.669064907978178
SIFT,km20_paper_exact_anti,0.01,0.5,62,377.992919921875,799650,1027288.1761904762,1.28467226435375
SIFT,km20_paper_exact_anti,0.01,0.5,63,380.0064697265625,770308,830056.8221153846,1.0775648469383476
SIFT,km20_paper_exact_anti,0.01,0.5,64,349.10968017578125,817299,863883.0594965675,1.0569975730994012
SIFT,km20_paper_exact_anti,0.01,0.5,65,434.93896484375,801986,840364.25,1.047854014907991
SIFT,km20_paper_exact_anti,0.01,0.5,66,400.2998962402344,808007,1124361.6625,1.3915246557269927
SIFT,km20_paper_exact_anti,0.01,0.5,67,384.0870361328125,807389,1506212.8798913043,1.8655355471666129
SIFT,km20_paper_exact_anti,0.01,0.5,68,346.1543884277344,794528,466297.0891304348,1.7039094142355904
SIFT,km20_paper_exact_anti,0.01,0.5,69,323.6508483886719,806169,1455008.8666666667,1.8048434840172056
SIFT,km20_paper_exact_anti,0.01,0.5,70,391.49835205078125,806219,996976.9291666666,1.236608079401089
SIFT,km20_paper_exact_anti,0.01,0.5,71,393.2197570800781,804076,1556734.4335839597,1.9360538476262936
SIFT,km20_paper_exact_anti,0.01,0.5,72,399.030029296875,788169,607941.1823830409,1.296456010613547
SIFT,km20_paper_exact_anti,0.01,0.5,73,221.4608154296875,802130,616536.1528822056,1.3010267058146934
SIFT,km20_paper_exact_anti,0.01,0.5,74,428.41204833984375,783732,439517.7532051282,1.7831634656045916
SIFT,km20_paper_exact_anti,0.01,0.5,75,418.0033874511719,825764,1312343.4430044594,1.5892475852718928
SIFT,km20_paper_exact_anti,0.01,0.5,76,349.3450927734375,801385,973383.4678755712,1.2146265126943618
SIFT,km20_paper_exact_anti,0.01,0.5,77,407.7376403808594,804512,803773.7444444444,1.000918486776482
SIFT,km20_paper_exact_anti,0.01,0.5,78,345.1389465332031,803777,591733.3508771929,1.3583432449911281
SIFT,km20_paper_exact_anti,0.01,0.5,79,404.2498474121094,804003,1301068.4294871795,1.6182382770800352
SIFT,km20_paper_exact_anti,0.01,0.5,80,382.2015075683594,810035,807078.9949874687,1.0036625968844317
SIFT,km20_paper_exact_anti,0.01,0.5,81,394.7402648925781,791987,598017.441643324,1.32435434963846
SIFT,km20_paper_exact_anti,0.01,0.5,82,394.92144775390625,791919,620939.6490384615,1.275355827617553
SIFT,km20_paper_exact_anti,0.01,0.5,83,381.15850830078125,785082,1804618.8222173082,2.2986373680931522
SIFT,km20_paper_exact_anti,0.01,0.5,84,276.85357666015625,803320,412613.04761904763,1.9469088644566557
SIFT,km20_paper_exact_anti,0.01,0.5,85,403.7881774902344,816015,823065.8666666667,1.0086406091391293
SIFT,km20_paper_exact_anti,0.01,0.5,86,281.2809143066406,796697,775551.6315789473,1.0272649396378715
SIFT,km20_paper_exact_anti,0.01,0.5,87,387.8452453613281,809085,814415.7256801424,1.006588585476362
SIFT,km20_paper_exact_anti,0.01,0.5,88,403.29144287109375,791345,640016.3449275362,1.2364449849942465
SIFT,km20_paper_exact_anti,0.01,0.5,89,357.1758117675781,810232,605031.3365384615,1.3391570833926452
SIFT,km20_paper_exact_anti,0.01,0.5,90,348.5339660644531,835982,1013608.7087719298,1.212476714536832
SIFT,km20_paper_exact_anti,0.01,0.5,91,386.0309753417969,806115,849356.5724637682,1.053641940000829
SIFT,km20_paper_exact_anti,0.01,0.5,92,408.19110107421875,799929,894598.9375,1.1183479252533661
SIFT,km20_paper_exact_anti,0.01,0.5,93,376.3376159667969,802649,782592.1467105263,1.025628743367511
SIFT,km20_paper_exact_anti,0.01,0.5,94,391.1700439453125,795733,624496.6488095238,1.2741989913267007
SIFT,km20_paper_exact_anti,0.01,0.5,95,441.748779296875,805105,605911.6571428571,1.3287498111464435
SIFT,km20_paper_exact_anti,0.01,0.5,96,319.9952087402344,802507,851663.0,1.061253048260015
SIFT,km20_paper_exact_anti,0.01,0.5,97,405.0690612792969,792116,1008208.0410585286,1.2728035301124185
SIFT,km20_paper_exact_anti,0.01,0.5,98,374.5810546875,770248,1106699.143859649,1.4368088509929906
SIFT,km20_paper_exact_anti,0.01,0.5,99,426.7563171386719,800739,850527.6696428572,1.0621783997567962
SIFT,km20_paper_exact_anti,0.1,0.1,0,450.61346435546875,7932122,9155045.837290341,1.1541736041490966
SIFT,km20_paper_exact_anti,0.1,0.1,1,450.30413818359375,8071441,7433778.8000907255,1.0857790118669515
SIFT,km20_paper_exact_anti,0.1,0.1,2,461.1040954589844,8110755,7666365.718141822,1.0579660947828993
SIFT,km20_paper_exact_anti,0.1,0.1,3,462.1222839355469,8020030,9123003.169724556,1.1375273122076297
SIFT,km20_paper_exact_anti,0.1,0.1,4,431.63616943359375,8033917,7349642.031383873,1.0931031696093754
SIFT,km20_paper_exact_anti,0.1,0.1,5,434.86285400390625,7901252,7067818.705528243,1.1179194500022855
SIFT,km20_paper_exact_anti,0.1,0.1,6,388.046142578125,8028378,8594952.386789298,1.0705714637239674
SIFT,km20_paper_exact_anti,0.1,0.1,7,457.66656494140625,8012448,5990998.220248048,1.3374145184887498
SIFT,km20_paper_exact_anti,0.1,0.1,8,476.9913024902344,7939603,5726625.617136592,1.3864365388652617
SIFT,km20_paper_exact_anti,0.1,0.1,9,433.73712158203125,7865768,7538842.513375295,1.0433654750108758
SIFT,km20_paper_exact_anti,0.1,0.1,10,440.8808288574219,8092144,8528756.149583604,1.053955064267715
SIFT,km20_paper_exact_anti,0.1,0.1,11,498.6571960449219,8021019,7365053.6152020255,1.0890645769969702
SIFT,km20_paper_exact_anti,0.1,0.1,12,465.5845642089844,8030901,8366249.904738562,1.0417573202232928
SIFT,km20_paper_exact_anti,0.1,0.1,13,466.43414306640625,7974524,8782597.904221471,1.1013319295573594
SIFT,km20_paper_exact_anti,0.1,0.1,14,463.9320983886719,7954463,6722748.040906823,1.183215993162081
SIFT,km20_paper_exact_anti,0.1,0.1,15,408.9007263183594,7956526,6021438.725689223,1.3213662651842868
SIFT,km20_paper_exact_anti,0.1,0.1,16,498.0208740234375,8029329,9541643.820809992,1.1883488422021307
SIFT,km20_paper_exact_anti,0.1,0.1,17,441.5086669921875,7973593,8000113.296582756,1.003326015835365
SIFT,km20_paper_exact_anti,0.1,0.1,18,449.5707702636719,7903798,9336917.832338056,1.1813204022089197
SIFT,km20_paper_exact_anti,0.1,0.1,19,477.4197082519531,8008849,9095501.987645954,1.135681542709315
SIFT,km20_paper_exact_anti,0.1,0.1,20,398.1723327636719,8084366,7891496.3562765615,1.0244401866282353
SIFT,km20_paper_exact_anti,0.1,0.1,21,401.9685363769531,8028103,7573965.121995205,1.0599603867577834
SIFT,km20_paper_exact_anti,0.1,0.1,22,427.27392578125,8088635,7113370.9051215,1.1371029442843095
SIFT,km20_paper_exact_anti,0.1,0.1,23,465.30731201171875,8051639,10270970.64549815,1.2756372516823158
SIFT,km20_paper_exact_anti,0.1,0.1,24,455.15203857421875,8014826,8699296.756484427,1.0854005759431866
SIFT,km20_paper_exact_anti,0.1,0.1,25,440.13507080078125,7992644,7446326.8489557225,1.0733673342744676
SIFT,km20_paper_exact_anti,0.1,0.1,26,450.986572265625,8003698,7474574.364227011,1.0707898015310882
SIFT,km20_paper_exact_anti,0.1,0.1,27,386.5642395019531,8026506,7623838.709649123,1.0528168689929445
SIFT,km20_paper_exact_anti,0.1,0.1,28,478.3063049316406,8049606,9475247.045444494,1.1771069348542642
SIFT,km20_paper_exact_anti,0.1,0.1,29,475.7086486816406,7872785,8363566.137748218,1.0623389483833507
SIFT,km20_paper_exact_anti,0.1,0.1,30,470.4612731933594,7987092,7081002.123699379,1.1279606841619256
SIFT,km20_paper_exact_anti,0.1,0.1,31,443.7033996582031,8031536,8937201.131680116,1.1127636272414287
SIFT,km20_paper_exact_anti,0.1,0.1,32,491.1689147949219,7987644,7475683.799602372,1.0684833941779157
SIFT,km20_paper_exact_anti,0.1,0.1,33,395.16693115234375,8045210,7822488.4302373575,1.028471958987082
SIFT,km20_paper_exact_anti,0.1,0.1,34,423.729736328125,8038608,8717462.997618407,1.0844493222730114
SIFT,km20_paper_exact_anti,0.1,0.1,35,455.2437744140625,8007695,8925261.475723624,1.1145855924487165
SIFT,km20_paper_exact_anti,0.1,0.1,36,432.60028076171875,7996348,7581459.702792307,1.05472406547975
SIFT,km20_paper_exact_anti,0.1,0.1,37,430.46441650390625,8022540,7802043.892293233,1.0282613262307547
SIFT,km20_paper_exact_anti,0.1,0.1,38,484.6388244628906,7937200,9294874.332895365,1.171052050206038
SIFT,km20_paper_exact_anti,0.1,0.1,39,428.13665771484375,8023259,8657175.731607819,1.0790098801008192
SIFT,km20_paper_exact_anti,0.1,0.1,40,416.060791015625,8100893,6085360.907439796,1.3312099517542286
SIFT,km20_paper_exact_anti,0.1,0.1,41,497.7900390625,8061170,9118000.620939879,1.131101393586772
SIFT,km20_paper_exact_anti,0.1,0.1,42,443.74169921875,7938675,8111483.587101638,1.0217679382392701
SIFT,km20_paper_exact_anti,0.1,0.1,43,443.9073181152344,8030231,9563514.428067766,1.1909388942942944
SIFT,km20_paper_exact_anti,0.1,0.1,44,448.0622863769531,7991981,8230878.862420891,1.0298921959925695
SIFT,km20_paper_exact_anti,0.1,0.1,45,424.8149108886719,8033265,8330436.878769841,1.036992664722232
SIFT,km20_paper_exact_anti,0.1,0.1,46,464.051513671875,8037302,6659357.974309869,1.206918449346903
SIFT,km20_paper_exact_anti,0.1,0.1,47,461.7054138183594,8004689,7464838.622977385,1.0723190954672364
SIFT,km20_paper_exact_anti,0.1,0.1,48,435.3399658203125,7986856,7814821.099684874,1.0220139268859352
SIFT,km20_paper_exact_anti,0.1,0.1,49,460.3242492675781,8066320,8396833.992608493,1.0409745698916597
SIFT,km20_paper_exact_anti,0.1,0.1,50,405.986328125,7998345,6935234.465263912,1.1532912174867085
SIFT,km20_paper_exact_anti,0.1,0.1,51,404.2448425292969,7965644,5714833.7053884715,1.3938540315686276
SIFT,km20_paper_exact_anti,0.1,0.1,52,465.2330627441406,7967048,6940127.609620519,1.1479685170278349
SIFT,km20_paper_exact_anti,0.1,0.1,53,487.79156494140625,7917653,7656116.961729156,1.034160402666024
SIFT,km20_paper_exact_anti,0.1,0.1,54,467.514404296875,7999017,10376271.495329008,1.297193329546494
SIFT,km20_paper_exact_anti,0.1,0.1,55,395.586669921875,8055063,7588479.571837202,1.0614857592678262
SIFT,km20_paper_exact_anti,0.1,0.1,56,446.0043640136719,8013107,8942152.289472427,1.1159407068285032
SIFT,km20_paper_exact_anti,0.1,0.1,57,461.6609191894531,7929958,8240074.600888195,1.039106966378409
SIFT,km20_paper_exact_anti,0.1,0.1,58,460.88275146484375,8004151,6960914.029346381,1.1498706874205682
SIFT,km20_paper_exact_anti,0.1,0.1,59,466.2606506347656,7925314,6538576.543877077,1.2120855276094467
SIFT,km20_paper_exact_anti,0.1,0.1,60,493.7353515625,8022659,8171708.139285714,1.0185785210720928
SIFT,km20_paper_exact_anti,0.1,0.1,61,468.54638671875,7993508,6708147.979180181,1.1916117570466753
SIFT,km20_paper_exact_anti,0.1,0.1,62,459.560546875,8066606,7550048.749496848,1.0684177371089922
SIFT,km20_paper_exact_anti,0.1,0.1,63,450.0906677246094,7957435,7743583.642105263,1.0276165878459598
SIFT,km20_paper_exact_anti,0.1,0.1,64,423.4005126953125,8051785,7992046.086361285,1.007474795940011
SIFT,km20_paper_exact_anti,0.1,0.1,65,503.074462890625,7928451,6392255.751396072,1.2403213057094002
SIFT,km20_paper_exact_anti,0.1,0.1,66,458.9324645996094,8060024,7643057.646135929,1.0545549141677448
SIFT,km20_paper_exact_anti,0.1,0.1,67,449.2168884277344,7972658,8236682.431381548,1.0331162369415003
SIFT,km20_paper_exact_anti,0.1,0.1,68,433.3220520019531,8016276,6341927.800800915,1.2640124977436094
SIFT,km20_paper_exact_anti,0.1,0.1,69,439.2687072753906,7935577,5347146.716202269,1.48407691450743
SIFT,km20_paper_exact_anti,0.1,0.1,70,446.07623291015625,8043178,7186473.547149124,1.1192106875827479
SIFT,km20_paper_exact_anti,0.1,0.1,71,459.6553039550781,8029664,8510272.454308566,1.0598541177200647
SIFT,km20_paper_exact_anti,0.1,0.1,72,467.38519287109375,7980988,9528137.969580201,1.1938544412772205
SIFT,km20_paper_exact_anti,0.1,0.1,73,399.5403747558594,8053529,8897040.806610275,1.1047381597074122
SIFT,km20_paper_exact_anti,0.1,0.1,74,504.7834167480469,8000569,8117698.770617004,1.0146401800443199
SIFT,km20_paper_exact_anti,0.1,0.1,75,477.9005126953125,7956611,7657584.396684716,1.039049730022531
SIFT,km20_paper_exact_anti,0.1,0.1,76,427.6597900390625,8081974,6665596.267449314,1.2124907773768727
SIFT,km20_paper_exact_anti,0.1,0.1,77,467.7328186035156,8012863,8427223.337572295,1.0517118959318654
SIFT,km20_paper_exact_anti,0.1,0.1,78,452.9413757324219,8010995,7987599.518590114,1.00292897526415
SIFT,km20_paper_exact_anti,0.1,0.1,79,476.085693359375,7916321,7873790.444644219,1.0054015350871714
SIFT,km20_paper_exact_anti,0.1,0.1,80,428.4750671386719,7972730,7579052.51393066,1.0519428365677297
SIFT,km20_paper_exact_anti,0.1,0.1,81,453.38372802734375,8067930,8896492.577065825,1.1026982853180216
SIFT,km20_paper_exact_anti,0.1,0.1,82,458.3464660644531,7986520,7806532.918123788,1.02305595630787
SIFT,km20_paper_exact_anti,0.1,0.1,83,434.3740234375,7992242,8049238.358597609,1.007131460558578
SIFT,km20_paper_exact_anti,0.1,0.1,84,391.2173156738281,8015055,8361647.745319181,1.0432427157791409
SIFT,km20_paper_exact_anti,0.1,0.1,85,467.4007873535156,8005612,8915817.303696742,1.1136959052845357
SIFT,km20_paper_exact_anti,0.1,0.1,86,389.9203796386719,8009052,7443796.5613108855,1.0759364437264485
SIFT,km20_paper_exact_anti,0.1,0.1,87,438.1311340332031,8015590,8032901.483837308,1.002159726712233
SIFT,km20_paper_exact_anti,0.1,0.1,88,467.9649658203125,8117229,9095398.961107826,1.1205054041357987
SIFT,km20_paper_exact_anti,0.1,0.1,89,449.4183044433594,8012957,7790691.779542921,1.028529587197983
SIFT,km20_paper_exact_anti,0.1,0.1,90,433.1154479980469,7954572,7335559.602206497,1.0843851636904847
SIFT,km20_paper_exact_anti,0.1,0.1,91,451.5870666503906,8059356,7504786.739460223,1.0738954056647403
SIFT,km20_paper_exact_anti,0.1,0.1,92,479.1251525878906,7928766,6368878.517740421,1.2449234159380704
SIFT,km20_paper_exact_anti,0.1,0.1,93,438.1471252441406,8046569,8389175.340371763,1.042577941029495
SIFT,km20_paper_exact_anti,0.1,0.1,94,477.37188720703125,7929093,8844250.04231412,1.1154176199363686
SIFT,km20_paper_exact_anti,0.1,0.1,95,494.6036682128906,7956687,6697752.585970441,1.1879637084037125
SIFT,km20_paper_exact_anti,0.1,0.1,96,432.9142150878906,8036597,8942322.151500616,1.1127000833189242
SIFT,km20_paper_exact_anti,0.1,0.1,97,481.1961975097656,7910053,8450044.532186605,1.0682664872392897
SIFT,km20_paper_exact_anti,0.1,0.1,98,448.08123779296875,7926934,7601919.1446442185,1.0427543162682498
SIFT,km20_paper_exact_anti,0.1,0.1,99,485.9123229980469,7982147,8377677.34331171,1.0495518741150358
SIFT,km20_paper_exact_anti,0.1,0.2,0,450.61346435546875,7932122,8413823.361466164,1.0607279315000657
SIFT,km20_paper_exact_anti,0.1,0.2,1,450.30413818359375,8071441,8946897.728571428,1.108463498472135
SIFT,km20_paper_exact_anti,0.1,0.2,2,461.1040954589844,8110755,9262810.988875618,1.1420405361616297
SIFT,km20_paper_exact_anti,0.1,0.2,3,462.1222839355469,8020030,7338327.534803921,1.092896162233551
SIFT,km20_paper_exact_anti,0.1,0.2,4,431.63616943359375,8033917,8661029.23914005,1.0780580928506045
SIFT,km20_paper_exact_anti,0.1,0.2,5,434.86285400390625,7901252,6941591.939591768,1.1382478354762913
SIFT,km20_paper_exact_anti,0.1,0.2,6,388.046142578125,8028378,10509079.58765989,1.3089916279053988
SIFT,km20_paper_exact_anti,0.1,0.2,7,457.66656494140625,8012448,10325468.193838589,1.2886783407316451
SIFT,km20_paper_exact_anti,0.1,0.2,8,476.9913024902344,7939603,7301909.95313203,1.087332362486125
SIFT,km20_paper_exact_anti,0.1,0.2,9,433.73712158203125,7865768,8640754.690676525,1.098526512691008
SIFT,km20_paper_exact_anti,0.1,0.2,10,440.8808288574219,8092144,6512832.095049706,1.242492341565308
SIFT,km20_paper_exact_anti,0.1,0.2,11,498.6571960449219,8021019,7353039.883204562,1.0908439403846024
SIFT,km20_paper_exact_anti,0.1,0.2,12,465.5845642089844,8030901,8326911.771580299,1.0368589740528864
SIFT,km20_paper_exact_anti,0.1,0.2,13,466.43414306640625,7974524,8869580.031020701,1.1122394303435166
SIFT,km20_paper_exact_anti,0.1,0.2,14,463.9320983886719,7954463,8000006.804132823,1.005725566154852
SIFT,km20_paper_exact_anti,0.1,0.2,15,408.9007263183594,7956526,8783099.754341736,1.1038862632186128
SIFT,km20_paper_exact_anti,0.1,0.2,16,498.0208740234375,8029329,9397861.309765356,1.1704416782230938
SIFT,km20_paper_exact_anti,0.1,0.2,17,441.5086669921875,7973593,8672293.356597377,1.087626789653971
SIFT,km20_paper_exact_anti,0.1,0.2,18,449.5707702636719,7903798,9311654.754510231,1.1781240809178362
SIFT,km20_paper_exact_anti,0.1,0.2,19,477.4197082519531,8008849,8148508.238322278,1.0174381160541643
SIFT,km20_paper_exact_anti,0.1,0.2,20,398.1723327636719,8084366,6533488.891800152,1.2373734973585513
SIFT,km20_paper_exact_anti,0.1,0.2,21,401.9685363769531,8028103,6544815.921493952,1.2266354159228157
SIFT,km20_paper_exact_anti,0.1,0.2,22,427.27392578125,8088635,8034272.604876322,1.0067663119982615
SIFT,km20_paper_exact_anti,0.1,0.2,23,465.30731201171875,8051639,7194187.752086098,1.1191866653278915
SIFT,km20_paper_exact_anti,0.1,0.2,24,455.15203857421875,8014826,9069835.957433356,1.1316322971245234
SIFT,km20_paper_exact_anti,0.1,0.2,25,440.13507080078125,7992644,7637795.233683473,1.0464595809994495
SIFT,km20_paper_exact_anti,0.1,0.2,26,450.986572265625,8003698,7983365.5151059115,1.0025468563171278
SIFT,km20_paper_exact_anti,0.1,0.2,27,386.5642395019531,8026506,7210961.509681813,1.11309788427288
SIFT,km20_paper_exact_anti,0.1,0.2,28,478.3063049316406,8049606,8049611.896333491,1.0000007324996394
SIFT,km20_paper_exact_anti,0.1,0.2,29,475.7086486816406,7872785,7448003.530323406,1.057032930764219
SIFT,km20_paper_exact_anti,0.1,0.2,30,470.4612731933594,7987092,9031884.196365915,1.1308100866205015
SIFT,km20_paper_exact_anti,0.1,0.2,31,443.7033996582031,8031536,10288412.633170975,1.281001869775716
SIFT,km20_paper_exact_anti,0.1,0.2,32,491.1689147949219,7987644,7227066.19239822,1.1052401883909397
SIFT,km20_paper_exact_anti,0.1,0.2,33,395.16693115234375,8045210,8216294.647324193,1.021265404796667
SIFT,km20_paper_exact_anti,0.1,0.2,34,423.729736328125,8038608,9162331.76921107,1.139790840554866
SIFT,km20_paper_exact_anti,0.1,0.2,35,455.2437744140625,8007695,9732997.436239496,1.2154555632100743
SIFT,km20_paper_exact_anti,0.1,0.2,36,432.60028076171875,7996348,9210222.502067879,1.1518036111069552
SIFT,km20_paper_exact_anti,0.1,0.2,37,430.46441650390625,8022540,8537978.354999632,1.0642487734557424
SIFT,km20_paper_exact_anti,0.1,0.2,38,484.6388244628906,7937200,7185204.387508591,1.1046589034820982
SIFT,km20_paper_exact_anti,0.1,0.2,39,428.13665771484375,8023259,9121532.06838788,1.1368861541660167
SIFT,km20_paper_exact_anti,0.1,0.2,40,416.060791015625,8100893,8429726.314659035,1.04059223034535
SIFT,km20_paper_exact_anti,0.1,0.2,41,497.7900390625,8061170,9106927.535195362,1.1297277610068217
SIFT,km20_paper_exact_anti,0.1,0.2,42,443.74169921875,7938675,9361248.848807428,1.179195375652414
SIFT,km20_paper_exact_anti,0.1,0.2,43,443.9073181152344,8030231,8338616.021023713,1.038403007463137
SIFT,km20_paper_exact_anti,0.1,0.2,44,448.0622863769531,7991981,7567117.017781586,1.0561460832732
SIFT,km20_paper_exact_anti,0.1,0.2,45,424.8149108886719,8033265,9793036.820206767,1.2190605961843368
SIFT,km20_paper_exact_anti,0.1,0.2,46,464.051513671875,8037302,6746161.676387445,1.1913888794174228
SIFT,km20_paper_exact_anti,0.1,0.2,47,461.7054138183594,8004689,8165454.340585263,1.0200838958996736
SIFT,km20_paper_exact_anti,0.1,0.2,48,435.3399658203125,7986856,7463738.173010959,1.0700879123655016
SIFT,km20_paper_exact_anti,0.1,0.2,49,460.3242492675781,8066320,8637158.210773658,1.070768108725374
SIFT,km20_paper_exact_anti,0.1,0.2,50,405.986328125,7998345,10259497.069124421,1.2827024927187338
SIFT,km20_paper_exact_anti,0.1,0.2,51,404.2448425292969,7965644,6781519.797086465,1.1746104469712333
SIFT,km20_paper_exact_anti,0.1,0.2,52,465.2330627441406,7967048,7458859.064951595,1.0681322613315396
SIFT,km20_paper_exact_anti,0.1,0.2,53,487.79156494140625,7917653,8537743.060632663,1.0783174080289528
SIFT,km20_paper_exact_anti,0.1,0.2,54,467.514404296875,7999017,5589810.225788342,1.4309997436222235
SIFT,km20_paper_exact_anti,0.1,0.2,55,395.586669921875,8055063,6604593.241353383,1.219615304931238
SIFT,km20_paper_exact_anti,0.1,0.2,56,446.0043640136719,8013107,7312755.431048182,1.0957712281718455
SIFT,km20_paper_exact_anti,0.1,0.2,57,461.6609191894531,7929958,7049354.794205623,1.1249196886101136
SIFT,km20_paper_exact_anti,0.1,0.2,58,460.88275146484375,8004151,8855943.475224603,1.106418841326782
SIFT,km20_paper_exact_anti,0.1,0.2,59,466.2606506347656,7925314,8156722.391941392,1.0291986401979016
SIFT,km20_paper_exact_anti,0.1,0.2,60,493.7353515625,8022659,6711872.650759109,1.1952936858974286
SIFT,km20_paper_exact_anti,0.1,0.2,61,468.54638671875,7993508,8606377.893195745,1.0766709551295557
SIFT,km20_paper_exact_anti,0.1,0.2,62,459.560546875,8066606,9166965.909568653,1.1364092791402793
SIFT,km20_paper_exact_anti,0.1,0.2,63,450.0906677246094,7957435,7350222.285027472,1.0826114764188057
SIFT,km20_paper_exact_anti,0.1,0.2,64,423.4005126953125,8051785,6289697.101708076,1.2801546512968642
SIFT,km20_paper_exact_anti,0.1,0.2,65,503.074462890625,7928451,7491937.242746998,1.0582644706047952
SIFT,km20_paper_exact_anti,0.1,0.2,66,458.9324645996094,8060024,8023716.741051102,1.0045249926088669
SIFT,km20_paper_exact_anti,0.1,0.2,67,449.2168884277344,7972658,9765699.069331147,1.2248987814767855
SIFT,km20_paper_exact_anti,0.1,0.2,68,433.3220520019531,8016276,8806392.153517155,1.0985639907504625
SIFT,km20_paper_exact_anti,0.1,0.2,69,439.2687072753906,7935577,8904116.078132352,1.1220502400937389
SIFT,km20_paper_exact_anti,0.1,0.2,70,446.07623291015625,8043178,5910385.668661237,1.3608550187591841
SIFT,km20_paper_exact_anti,0.1,0.2,71,459.6553039550781,8029664,8201239.201791242,1.021367668907596
SIFT,km20_paper_exact_anti,0.1,0.2,72,467.38519287109375,7980988,7360868.986555236,1.0842453539897834
SIFT,km20_paper_exact_anti,0.1,0.2,73,399.5403747558594,8053529,7769696.764285714,1.0365306709290063
SIFT,km20_paper_exact_anti,0.1,0.2,74,504.7834167480469,8000569,10250016.183258895,1.2811609003383253
SIFT,km20_paper_exact_anti,0.1,0.2,75,477.9005126953125,7956611,10113448.581551602,1.2710749063328095
SIFT,km20_paper_exact_anti,0.1,0.2,76,427.6597900390625,8081974,7346479.268810961,1.1001152666844836
SIFT,km20_paper_exact_anti,0.1,0.2,77,467.7328186035156,8012863,8172670.479341736,1.0199438676714847
SIFT,km20_paper_exact_anti,0.1,0.2,78,452.9413757324219,8010995,8822032.118501658,1.1012404974040875
SIFT,km20_paper_exact_anti,0.1,0.2,79,476.085693359375,7916321,9836957.791516207,1.2426173460520622
SIFT,km20_paper_exact_anti,0.1,0.2,80,428.4750671386719,7972730,7978891.670676691,1.0007728432640628
SIFT,km20_paper_exact_anti,0.1,0.2,81,453.38372802734375,8067930,7682972.757492997,1.0501052463229894
SIFT,km20_paper_exact_anti,0.1,0.2,82,458.3464660644531,7986520,8165998.029835563,1.0224726200943044
SIFT,km20_paper_exact_anti,0.1,0.2,83,434.3740234375,7992242,8317785.462994763,1.0407324331513939
SIFT,km20_paper_exact_anti,0.1,0.2,84,391.2173156738281,8015055,7401127.408837311,1.0829505502674672
SIFT,km20_paper_exact_anti,0.1,0.2,85,467.4007873535156,8005612,9651291.338769104,1.2055657129984696
SIFT,km20_paper_exact_anti,0.1,0.2,86,389.9203796386719,8009052,7806364.502588712,1.025964390638443
SIFT,km20_paper_exact_anti,0.1,0.2,87,438.1311340332031,8015590,5597600.009114272,1.4319690558361877
SIFT,km20_paper_exact_anti,0.1,0.2,88,467.9649658203125,8117229,8365484.515017847,1.0305837761898606
SIFT,km20_paper_exact_anti,0.1,0.2,89,449.4183044433594,8012957,8967735.059963766,1.119154272257266
SIFT,km20_paper_exact_anti,0.1,0.2,90,433.1154479980469,7954572,8950439.109367782,1.125194304529242
SIFT,km20_paper_exact_anti,0.1,0.2,91,451.5870666503906,8059356,8239090.492416277,1.0223013467101187
SIFT,km20_paper_exact_anti,0.1,0.2,92,479.1251525878906,7928766,7807413.188209864,1.0155432803240634
SIFT,km20_paper_exact_anti,0.1,0.2,93,438.1471252441406,8046569,7115506.046072715,1.1308498577471056
SIFT,km20_paper_exact_anti,0.1,0.2,94,477.37188720703125,7929093,8166639.042063491,1.0299587912594153
SIFT,km20_paper_exact_anti,0.1,0.2,95,494.6036682128906,7956687,7781419.311343923,1.0225238714999676
SIFT,km20_paper_exact_anti,0.1,0.2,96,432.9142150878906,8036597,8087286.507877448,1.0063073347932523
SIFT,km20_paper_exact_anti,0.1,0.2,97,481.1961975097656,7910053,7799628.69489324,1.0141576361422255
SIFT,km20_paper_exact_anti,0.1,0.2,98,448.08123779296875,7926934,6820766.8119674185,1.162176367925634
SIFT,km20_paper_exact_anti,0.1,0.2,99,485.9123229980469,7982147,7463144.751231445,1.0695420316861626
SIFT,km20_paper_exact_anti,0.1,0.3,0,450.61346435546875,7932122,8788000.639793346,1.107900337361597
SIFT,km20_paper_exact_anti,0.1,0.3,1,450.30413818359375,8071441,8859483.136351295,1.0976333886788363
SIFT,km20_paper_exact_anti,0.1,0.3,2,461.1040954589844,8110755,8539764.160742156,1.0528938626234126
SIFT,km20_paper_exact_anti,0.1,0.3,3,462.1222839355469,8020030,7011354.1315440675,1.1438632038164926
SIFT,km20_paper_exact_anti,0.1,0.3,4,431.63616943359375,8033917,8053037.7840530565,1.0023800076666285
SIFT,km20_paper_exact_anti,0.1,0.3,5,434.86285400390625,7901252,7382495.885237131,1.0702683919946683
SIFT,km20_paper_exact_anti,0.1,0.3,6,388.046142578125,8028378,9370540.8678233,1.167177338663339
SIFT,km20_paper_exact_anti,0.1,0.3,7,457.66656494140625,8012448,10416899.190981843,1.3000894596734784
SIFT,km20_paper_exact_anti,0.1,0.3,8,476.9913024902344,7939603,6818770.149039824,1.1643746344959296
SIFT,km20_paper_exact_anti,0.1,0.3,9,433.73712158203125,7865768,8422540.120791318,1.0707842032451653
SIFT,km20_paper_exact_anti,0.1,0.3,10,440.8808288574219,8092144,7510574.849222974,1.0774333739363764
SIFT,km20_paper_exact_anti,0.1,0.3,11,498.6571960449219,8021019,7116179.937472443,1.1271523584954404
SIFT,km20_paper_exact_anti,0.1,0.3,12,465.5845642089844,8030901,7060806.3321266975,1.137391485085686
SIFT,km20_paper_exact_anti,0.1,0.3,13,466.43414306640625,7974524,8601893.484017454,1.0786717155804477
SIFT,km20_paper_exact_anti,0.1,0.3,14,463.9320983886719,7954463,7930037.931207094,1.003080069604306
SIFT,km20_paper_exact_anti,0.1,0.3,15,408.9007263183594,7956526,7203533.619379331,1.1045309733260533
SIFT,km20_paper_exact_anti,0.1,0.3,16,498.0208740234375,8029329,6571065.275793652,1.2219219659220657
SIFT,km20_paper_exact_anti,0.1,0.3,17,441.5086669921875,7973593,8365306.933145363,1.0491264017545618
SIFT,km20_paper_exact_anti,0.1,0.3,18,449.5707702636719,7903798,7231647.17222142,1.0929457441397972
SIFT,km20_paper_exact_anti,0.1,0.3,19,477.4197082519531,8008849,9591282.254302982,1.1975856024134033
SIFT,km20_paper_exact_anti,0.1,0.3,20,398.1723327636719,8084366,8738886.014547238,1.0809612051887851
SIFT,km20_paper_exact_anti,0.1,0.3,21,401.9685363769531,8028103,7327347.934902473,1.0956355657358112
SIFT,km20_paper_exact_anti,0.1,0.3,22,427.27392578125,8088635,7414278.148173528,1.0909538107890646
SIFT,km20_paper_exact_anti,0.1,0.3,23,465.30731201171875,8051639,8319505.034786053,1.0332685102730081
SIFT,km20_paper_exact_anti,0.1,0.3,24,455.15203857421875,8014826,7913853.265863189,1.0127589848768568
SIFT,km20_paper_exact_anti,0.1,0.3,25,440.13507080078125,7992644,7639949.58904227,1.0461644945227895
SIFT,km20_paper_exact_anti,0.1,0.3,26,450.986572265625,8003698,7981575.89804242,1.002771645880484
SIFT,km20_paper_exact_anti,0.1,0.3,27,386.5642395019531,8026506,8335650.793549091,1.0385154877538358
SIFT,km20_paper_exact_anti,0.1,0.3,28,478.3063049316406,8049606,6552965.711495036,1.228391289440077
SIFT,km20_paper_exact_anti,0.1,0.3,29,475.7086486816406,7872785,9307743.706981396,1.182268245224707
SIFT,km20_paper_exact_anti,0.1,0.3,30,470.4612731933594,7987092,7198336.127449137,1.1095747487454957
SIFT,km20_paper_exact_anti,0.1,0.3,31,443.7033996582031,8031536,8274744.119036081,1.0302816446363536
SIFT,km20_paper_exact_anti,0.1,0.3,32,491.1689147949219,7987644,9385082.791324781,1.174950059282159
SIFT,km20_paper_exact_anti,0.1,0.3,33,395.16693115234375,8045210,8763059.464160401,1.0892269392794471
SIFT,km20_paper_exact_anti,0.1,0.3,34,423.729736328125,8038608,7630626.829475223,1.0534662721218193
SIFT,km20_paper_exact_anti,0.1,0.3,35,455.2437744140625,8007695,8091460.5434779925,1.0104606311151951
SIFT,km20_paper_exact_anti,0.1,0.3,36,432.60028076171875,7996348,7383972.785047577,1.0829330270816373
SIFT,km20_paper_exact_anti,0.1,0.3,37,430.46441650390625,8022540,8574476.300168445,1.06879819859651
SIFT,km20_paper_exact_anti,0.1,0.3,38,484.6388244628906,7937200,4293977.061902864,1.8484495575024456
SIFT,km20_paper_exact_anti,0.1,0.3,39,428.13665771484375,8023259,9622599.185894884,1.1993379729976166
SIFT,km20_paper_exact_anti,0.1,0.3,40,416.060791015625,8100893,8653965.809090871,1.0682730668200249
SIFT,km20_paper_exact_anti,0.1,0.3,41,497.7900390625,8061170,7651159.387807123,1.0535880369772808
SIFT,km20_paper_exact_anti,0.1,0.3,42,443.74169921875,7938675,10078908.876433874,1.2695958552823832
SIFT,km20_paper_exact_anti,0.1,0.3,43,443.9073181152344,8030231,7120897.052591974,1.1276993531421764
SIFT,km20_paper_exact_anti,0.1,0.3,44,448.0622863769531,7991981,9497355.886680549,1.1883606688605177
SIFT,km20_paper_exact_anti,0.1,0.3,45,424.8149108886719,8033265,8837600.171158422,1.1001255617931716
SIFT,km20_paper_exact_anti,0.1,0.3,46,464.051513671875,8037302,8820540.401507286,1.0974504132739178
SIFT,km20_paper_exact_anti,0.1,0.3,47,461.7054138183594,8004689,9409011.06479692,1.1754374298360524
SIFT,km20_paper_exact_anti,0.1,0.3,48,435.3399658203125,7986856,7957450.652287582,1.0036953226601493
SIFT,km20_paper_exact_anti,0.1,0.3,49,460.3242492675781,8066320,9594377.30711105,1.189436732873361
SIFT,km20_paper_exact_anti,0.1,0.3,50,405.986328125,7998345,9361884.722414942,1.170477732882858
SIFT,km20_paper_exact_anti,0.1,0.3,51,404.2448425292969,7965644,6548622.818139099,1.2163846080638328
SIFT,km20_paper_exact_anti,0.1,0.3,52,465.2330627441406,7967048,9081355.36233238,1.1398645222587311
SIFT,km20_paper_exact_anti,0.1,0.3,53,487.79156494140625,7917653,7934916.395972687,1.002180367840405
SIFT,km20_paper_exact_anti,0.1,0.3,54,467.514404296875,7999017,7354784.581150013,1.087593648969832
SIFT,km20_paper_exact_anti,0.1,0.3,55,395.586669921875,8055063,9300492.625438597,1.1546145108286052
SIFT,km20_paper_exact_anti,0.1,0.3,56,446.0043640136719,8013107,9703658.753939616,1.210973315836119
SIFT,km20_paper_exact_anti,0.1,0.3,57,461.6609191894531,7929958,7848008.69330538,1.010442050958038
SIFT,km20_paper_exact_anti,0.1,0.3,58,460.88275146484375,8004151,8709533.148116503,1.0881270415958548
SIFT,km20_paper_exact_anti,0.1,0.3,59,466.2606506347656,7925314,8467191.031362059,1.068372941609892
SIFT,km20_paper_exact_anti,0.1,0.3,60,493.7353515625,8022659,7172037.782215154,1.118602445164772
SIFT,km20_paper_exact_anti,0.1,0.3,61,468.54638671875,7993508,8840309.575054483,1.1059361640789604
SIFT,km20_paper_exact_anti,0.1,0.3,62,459.560546875,8066606,7304261.51174075,1.1043698239765745
SIFT,km20_paper_exact_anti,0.1,0.3,63,450.0906677246094,7957435,6941037.89684066,1.1464330145239479
SIFT,km20_paper_exact_anti,0.1,0.3,64,423.4005126953125,8051785,8988005.323255708,1.1162748785835326
SIFT,km20_paper_exact_anti,0.1,0.3,65,503.074462890625,7928451,9302288.737176834,1.1732794636905537
SIFT,km20_paper_exact_anti,0.1,0.3,66,458.9324645996094,8060024,7354031.452589563,1.096000751691351
SIFT,km20_paper_exact_anti,0.1,0.3,67,449.2168884277344,7972658,8048082.916451665,1.009460448002619
SIFT,km20_paper_exact_anti,0.1,0.3,68,433.3220520019531,8016276,7730775.610354691,1.0369303681849085
SIFT,km20_paper_exact_anti,0.1,0.3,69,439.2687072753906,7935577,8611562.073094502,1.0851841111357752
SIFT,km20_paper_exact_anti,0.1,0.3,70,446.07623291015625,8043178,5333961.282215154,1.5079183320692813
SIFT,km20_paper_exact_anti,0.1,0.3,71,459.6553039550781,8029664,8867946.847397907,1.1043982472240317
SIFT,km20_paper_exact_anti,0.1,0.3,72,467.38519287109375,7980988,7190479.43728954,1.1099382272913423
SIFT,km20_paper_exact_anti,0.1,0.3,73,399.5403747558594,8053529,7352868.785213033,1.0952907273683474
SIFT,km20_paper_exact_anti,0.1,0.3,74,504.7834167480469,8000569,8120070.5520370975,1.014936631636712
SIFT,km20_paper_exact_anti,0.1,0.3,75,477.9005126953125,7956611,10226581.031747244,1.2852935793577498
SIFT,km20_paper_exact_anti,0.1,0.3,76,427.6597900390625,8081974,7873509.321627306,1.0264767170339246
SIFT,km20_paper_exact_anti,0.1,0.3,77,467.7328186035156,8012863,8574990.778566515,1.0701531747849071
SIFT,km20_paper_exact_anti,0.1,0.3,78,452.9413757324219,8010995,8105174.497774862,1.0117562796849657
SIFT,km20_paper_exact_anti,0.1,0.3,79,476.085693359375,7916321,8296670.742470515,1.0480462758484042
SIFT,km20_paper_exact_anti,0.1,0.3,80,428.4750671386719,7972730,7175344.906077694,1.1111284689948355
SIFT,km20_paper_exact_anti,0.1,0.3,81,453.38372802734375,8067930,8176548.452135855,1.0134629889123796
SIFT,km20_paper_exact_anti,0.1,0.3,82,458.3464660644531,7986520,8148223.699185778,1.0202470787258755
SIFT,km20_paper_exact_anti,0.1,0.3,83,434.3740234375,7992242,8083309.573996265,1.0113944965625747
SIFT,km20_paper_exact_anti,0.1,0.3,84,391.2173156738281,8015055,7357577.732926065,1.089360560083741
SIFT,km20_paper_exact_anti,0.1,0.3,85,467.4007873535156,8005612,8264257.95321146,1.032308080033289
SIFT,km20_paper_exact_anti,0.1,0.3,86,389.9203796386719,8009052,7836278.734117904,1.022047871412469
SIFT,km20_paper_exact_anti,0.1,0.3,87,438.1311340332031,8015590,7734366.839308229,1.036360204595225
SIFT,km20_paper_exact_anti,0.1,0.3,88,467.9649658203125,8117229,5154656.636017683,1.5747370917553691
SIFT,km20_paper_exact_anti,0.1,0.3,89,449.4183044433594,8012957,6780964.946181716,1.181683884756255
SIFT,km20_paper_exact_anti,0.1,0.3,90,433.1154479980469,7954572,9546269.589985995,1.2000984578411
SIFT,km20_paper_exact_anti,0.1,0.3,91,451.5870666503906,8059356,6971388.496664028,1.156061809474051
SIFT,km20_paper_exact_anti,0.1,0.3,92,479.1251525878906,7928766,8715364.815476503,1.0992082267879395
SIFT,km20_paper_exact_anti,0.1,0.3,93,438.1471252441406,8046569,8367309.994120718,1.0398605907835647
SIFT,km20_paper_exact_anti,0.1,0.3,94,477.37188720703125,7929093,7091394.542336366,1.1181288747456493
SIFT,km20_paper_exact_anti,0.1,0.3,95,494.6036682128906,7956687,7935900.717040149,1.0026192720525369
SIFT,km20_paper_exact_anti,0.1,0.3,96,432.9142150878906,8036597,8078953.406015666,1.005270440463254
SIFT,km20_paper_exact_anti,0.1,0.3,97,481.1961975097656,7910053,7538332.91173522,1.0493106490012014
SIFT,km20_paper_exact_anti,0.1,0.3,98,448.08123779296875,7926934,7145469.814570393,1.109364983088462
SIFT,km20_paper_exact_anti,0.1,0.3,99,485.9123229980469,7982147,8631411.014952445,1.0813395211780046
SIFT,km20_paper_exact_anti,0.1,0.4,0,450.61346435546875,7932122,8328030.16169411,1.0499120111483549
SIFT,km20_paper_exact_anti,0.1,0.4,1,450.30413818359375,8071441,9267424.203748152,1.1481746820361014
SIFT,km20_paper_exact_anti,0.1,0.4,2,461.1040954589844,8110755,7237898.371059861,1.1205953143014806
SIFT,km20_paper_exact_anti,0.1,0.4,3,462.1222839355469,8020030,7769405.50841148,1.0322578724095663
SIFT,km20_paper_exact_anti,0.1,0.4,4,431.63616943359375,8033917,8643237.619920433,1.075843529366862
SIFT,km20_paper_exact_anti,0.1,0.4,5,434.86285400390625,7901252,8468741.867537992,1.0718227779012734
SIFT,km20_paper_exact_anti,0.1,0.4,6,388.046142578125,8028378,9954561.127866594,1.2399218282779652
SIFT,km20_paper_exact_anti,0.1,0.4,7,457.66656494140625,8012448,8498641.933317408,1.0606798238587518
SIFT,km20_paper_exact_anti,0.1,0.4,8,476.9913024902344,7939603,7811173.795172179,1.0164417292708554
SIFT,km20_paper_exact_anti,0.1,0.4,9,433.73712158203125,7865768,8092061.779533281,1.0287694449586209
SIFT,km20_paper_exact_anti,0.1,0.4,10,440.8808288574219,8092144,8291586.844325068,1.0246464774137816
SIFT,km20_paper_exact_anti,0.1,0.4,11,498.6571960449219,8021019,6730143.988131386,1.1918049619956235
SIFT,km20_paper_exact_anti,0.1,0.4,12,465.5845642089844,8030901,9342281.621028196,1.1632918424754826
SIFT,km20_paper_exact_anti,0.1,0.4,13,466.43414306640625,7974524,9286810.84308531,1.164559896375672
SIFT,km20_paper_exact_anti,0.1,0.4,14,463.9320983886719,7954463,8970269.434413584,1.1277027040560228
SIFT,km20_paper_exact_anti,0.1,0.4,15,408.9007263183594,7956526,8751809.210902255,1.0999535740726865
SIFT,km20_paper_exact_anti,0.1,0.4,16,498.0208740234375,8029329,8540981.739334669,1.0637229760213673
SIFT,km20_paper_exact_anti,0.1,0.4,17,441.5086669921875,7973593,6125167.669097375,1.301775466527762
SIFT,km20_paper_exact_anti,0.1,0.4,18,449.5707702636719,7903798,6060409.900698863,1.3041688812317076
SIFT,km20_paper_exact_anti,0.1,0.4,19,477.4197082519531,8008849,7207180.79501775,1.111231871071756
SIFT,km20_paper_exact_anti,0.1,0.4,20,398.1723327636719,8084366,9068284.972191349,1.1217063863995456
SIFT,km20_paper_exact_anti,0.1,0.4,21,401.9685363769531,8028103,7406518.022376593,1.0839240484861405
SIFT,km20_paper_exact_anti,0.1,0.4,22,427.27392578125,8088635,6648765.211039025,1.2165619845577254
SIFT,km20_paper_exact_anti,0.1,0.4,23,465.30731201171875,8051639,7806650.588108752,1.0313820132111997
SIFT,km20_paper_exact_anti,0.1,0.4,24,455.15203857421875,8014826,7644623.07749283,1.0484265762686344
SIFT,km20_paper_exact_anti,0.1,0.4,25,440.13507080078125,7992644,6726636.303013046,1.1882081385045113
SIFT,km20_paper_exact_anti,0.1,0.4,26,450.986572265625,8003698,7539057.122267198,1.0616311655684965
SIFT,km20_paper_exact_anti,0.1,0.4,27,386.5642395019531,8026506,9317422.12785224,1.1608316405484829
SIFT,km20_paper_exact_anti,0.1,0.4,28,478.3063049316406,8049606,7044861.0567334,1.14262097366793
SIFT,km20_paper_exact_anti,0.1,0.4,29,475.7086486816406,7872785,9072654.170851564,1.152407206706593
SIFT,km20_paper_exact_anti,0.1,0.4,30,470.4612731933594,7987092,8985329.812151324,1.1249813839819705
SIFT,km20_paper_exact_anti,0.1,0.4,31,443.7033996582031,8031536,7761218.72332344,1.034829230603207
SIFT,km20_paper_exact_anti,0.1,0.4,32,491.1689147949219,7987644,7506234.425980818,1.0641346308547082
SIFT,km20_paper_exact_anti,0.1,0.4,33,395.16693115234375,8045210,7733375.554798761,1.0403231994866378
SIFT,km20_paper_exact_anti,0.1,0.4,34,423.729736328125,8038608,8235874.559845265,1.0245398904692535
SIFT,km20_paper_exact_anti,0.1,0.4,35,455.2437744140625,8007695,8090200.563865546,1.0103032850109235
SIFT,km20_paper_exact_anti,0.1,0.4,36,432.60028076171875,7996348,8189168.577146776,1.0241135799926135
SIFT,km20_paper_exact_anti,0.1,0.4,37,430.46441650390625,8022540,7879657.680405805,1.018133061788902
SIFT,km20_paper_exact_anti,0.1,0.4,38,484.6388244628906,7937200,7848634.705815333,1.01128416565483
SIFT,km20_paper_exact_anti,0.1,0.4,39,428.13665771484375,8023259,6799529.079715219,1.179972746044353
SIFT,km20_paper_exact_anti,0.1,0.4,40,416.060791015625,8100893,6711883.944993127,1.2069477163774611
SIFT,km20_paper_exact_anti,0.1,0.4,41,497.7900390625,8061170,8548933.071585722,1.0605077267426095
SIFT,km20_paper_exact_anti,0.1,0.4,42,443.74169921875,7938675,7016830.701079622,1.1313761637114235
SIFT,km20_paper_exact_anti,0.1,0.4,43,443.9073181152344,8030231,7103959.102884615,1.130388123537939
SIFT,km20_paper_exact_anti,0.1,0.4,44,448.0622863769531,7991981,7042003.176530174,1.1349016465422714
SIFT,km20_paper_exact_anti,0.1,0.4,45,424.8149108886719,8033265,7974430.13290518,1.007377940005023
SIFT,km20_paper_exact_anti,0.1,0.4,46,464.051513671875,8037302,9800800.945951218,1.2194142942434187
SIFT,km20_paper_exact_anti,0.1,0.4,47,461.7054138183594,8004689,8441184.6697374,1.0545299973224944
SIFT,km20_paper_exact_anti,0.1,0.4,48,435.3399658203125,7986856,8588085.323757924,1.075277346149464
SIFT,km20_paper_exact_anti,0.1,0.4,49,460.3242492675781,8066320,8767907.99050629,1.0869774557054876
SIFT,km20_paper_exact_anti,0.1,0.4,50,405.986328125,7998345,8322978.443217298,1.0405875769571453
SIFT,km20_paper_exact_anti,0.1,0.4,51,404.2448425292969,7965644,8380320.239066416,1.0520580933652592
SIFT,km20_paper_exact_anti,0.1,0.4,52,465.2330627441406,7967048,8044432.138856757,1.0097130253083397
SIFT,km20_paper_exact_anti,0.1,0.4,53,487.79156494140625,7917653,8067612.037263101,1.0189398344765932
SIFT,km20_paper_exact_anti,0.1,0.4,54,467.514404296875,7999017,7913694.954501661,1.0107815686589998
SIFT,km20_paper_exact_anti,0.1,0.4,55,395.586669921875,8055063,9522036.449188188,1.182118184449729
SIFT,km20_paper_exact_anti,0.1,0.4,56,446.0043640136719,8013107,7726100.5026061535,1.037147652596162
SIFT,km20_paper_exact_anti,0.1,0.4,57,461.6609191894531,7929958,9607323.78336225,1.211522656660004
SIFT,km20_paper_exact_anti,0.1,0.4,58,460.88275146484375,8004151,6983292.478913605,1.1461858463137449
SIFT,km20_paper_exact_anti,0.1,0.4,59,466.2606506347656,7925314,7557771.4613360325,1.0486310733983208
SIFT,km20_paper_exact_anti,0.1,0.4,60,493.7353515625,8022659,8392358.014835164,1.0460818557581923
SIFT,km20_paper_exact_anti,0.1,0.4,61,468.54638671875,7993508,8140095.578356563,1.018338328848431
SIFT,km20_paper_exact_anti,0.1,0.4,62,459.560546875,8066606,6940472.185285037,1.162256080660125
SIFT,km20_paper_exact_anti,0.1,0.4,63,450.0906677246094,7957435,6739737.156940428,1.180674381612288
SIFT,km20_paper_exact_anti,0.1,0.4,64,423.4005126953125,8051785,7080653.397626313,1.1371528230289092
SIFT,km20_paper_exact_anti,0.1,0.4,65,503.074462890625,7928451,8820046.470906992,1.1124551909202682
SIFT,km20_paper_exact_anti,0.1,0.4,66,458.9324645996094,8060024,5368835.591435319,1.5012610952098855
SIFT,km20_paper_exact_anti,0.1,0.4,67,449.2168884277344,7972658,7564926.065488764,1.0538976760620717
SIFT,km20_paper_exact_anti,0.1,0.4,68,433.3220520019531,8016276,10002168.482299684,1.2477325484177046
SIFT,km20_paper_exact_anti,0.1,0.4,69,439.2687072753906,7935577,6393645.711730307,1.2411662074801453
SIFT,km20_paper_exact_anti,0.1,0.4,70,446.07623291015625,8043178,9718747.51334506,1.2083218242024558
SIFT,km20_paper_exact_anti,0.1,0.4,71,459.6553039550781,8029664,8849727.261263452,1.1021292125378412
SIFT,km20_paper_exact_anti,0.1,0.4,72,467.38519287109375,7980988,7572430.812139229,1.0539532414354742
SIFT,km20_paper_exact_anti,0.1,0.4,73,399.5403747558594,8053529,8406970.087437343,1.0438864859662569
SIFT,km20_paper_exact_anti,0.1,0.4,74,504.7834167480469,8000569,6388719.065867707,1.2522962611932247
SIFT,km20_paper_exact_anti,0.1,0.4,75,477.9005126953125,7956611,7056067.959387775,1.1276267527177222
SIFT,km20_paper_exact_anti,0.1,0.4,76,427.6597900390625,8081974,7410551.618381792,1.0906035631615807
SIFT,km20_paper_exact_anti,0.1,0.4,77,467.7328186035156,8012863,7653948.838813087,1.0468926783736603
SIFT,km20_paper_exact_anti,0.1,0.4,78,452.9413757324219,8010995,6842537.3915597815,1.170763788573739
SIFT,km20_paper_exact_anti,0.1,0.4,79,476.085693359375,7916321,7648085.257969443,1.0350722740376161
SIFT,km20_paper_exact_anti,0.1,0.4,80,428.4750671386719,7972730,7377555.772556392,1.080673633082868
SIFT,km20_paper_exact_anti,0.1,0.4,81,453.38372802734375,8067930,6659007.747812547,1.2115814105562916
SIFT,km20_paper_exact_anti,0.1,0.4,82,458.3464660644531,7986520,10558055.005565755,1.32198441944248
SIFT,km20_paper_exact_anti,0.1,0.4,83,434.3740234375,7992242,9283200.925669832,1.1615265060379594
SIFT,km20_paper_exact_anti,0.1,0.4,84,391.2173156738281,8015055,6191475.582605064,1.2945306644700785
SIFT,km20_paper_exact_anti,0.1,0.4,85,467.4007873535156,8005612,9232466.731756475,1.153249337059612
SIFT,km20_paper_exact_anti,0.1,0.4,86,389.9203796386719,8009052,8468705.804546691,1.0573917867616156
SIFT,km20_paper_exact_anti,0.1,0.4,87,438.1311340332031,8015590,7164463.198126574,1.1187984051751407
SIFT,km20_paper_exact_anti,0.1,0.4,88,467.9649658203125,8117229,8144299.402815134,1.003334931516055
SIFT,km20_paper_exact_anti,0.1,0.4,89,449.4183044433594,8012957,5756782.711566333,1.3919158324146295
SIFT,km20_paper_exact_anti,0.1,0.4,90,433.1154479980469,7954572,7896836.425632709,1.0073112283521393
SIFT,km20_paper_exact_anti,0.1,0.4,91,451.5870666503906,8059356,7864044.422708306,1.0248360216185592
SIFT,km20_paper_exact_anti,0.1,0.4,92,479.1251525878906,7928766,9685907.089106582,1.2216159600506034
SIFT,km20_paper_exact_anti,0.1,0.4,93,438.1471252441406,8046569,8441986.496282373,1.0491411303727556
SIFT,km20_paper_exact_anti,0.1,0.4,94,477.37188720703125,7929093,7754646.400730994,1.0224957516119062
SIFT,km20_paper_exact_anti,0.1,0.4,95,494.6036682128906,7956687,7779920.970909504,1.0227208000892882
SIFT,km20_paper_exact_anti,0.1,0.4,96,432.9142150878906,8036597,9393452.723699613,1.168834610432701
SIFT,km20_paper_exact_anti,0.1,0.4,97,481.1961975097656,7910053,8080706.77174984,1.0215742892936166
SIFT,km20_paper_exact_anti,0.1,0.4,98,448.08123779296875,7926934,8267896.1469952045,1.0430131179337692
SIFT,km20_paper_exact_anti,0.1,0.4,99,485.9123229980469,7982147,7146539.41981603,1.1169247843042724
SIFT,km20_paper_exact_anti,0.1,0.5,0,450.61346435546875,7932122,8609804.50166096,1.0854352090980144
SIFT,km20_paper_exact_anti,0.1,0.5,1,450.30413818359375,8071441,9638595.440755688,1.1941604282005762
SIFT,km20_paper_exact_anti,0.1,0.5,2,461.1040954589844,8110755,6279654.923432734,1.291592467881389
SIFT,km20_paper_exact_anti,0.1,0.5,3,462.1222839355469,8020030,8629549.076735476,1.0759996005919523
SIFT,km20_paper_exact_anti,0.1,0.5,4,431.63616943359375,8033917,5730184.979643482,1.402034494268604
SIFT,km20_paper_exact_anti,0.1,0.5,5,434.86285400390625,7901252,7826300.444851783,1.0095768819094495
SIFT,km20_paper_exact_anti,0.1,0.5,6,388.046142578125,8028378,11938752.14600014,1.4870690126947361
SIFT,km20_paper_exact_anti,0.1,0.5,7,457.66656494140625,8012448,6008071.455578119,1.3336139656862676
SIFT,km20_paper_exact_anti,0.1,0.5,8,476.9913024902344,7939603,8689031.822482243,1.0943912211331275
SIFT,km20_paper_exact_anti,0.1,0.5,9,433.73712158203125,7865768,7018859.585473299,1.1206618260720758
SIFT,km20_paper_exact_anti,0.1,0.5,10,440.8808288574219,8092144,7214851.248127845,1.1215954039384803
SIFT,km20_paper_exact_anti,0.1,0.5,11,498.6571960449219,8021019,9088871.980238011,1.1331318352740483
SIFT,km20_paper_exact_anti,0.1,0.5,12,465.5845642089844,8030901,8137310.420436509,1.0132499977818814
SIFT,km20_paper_exact_anti,0.1,0.5,13,466.43414306640625,7974524,8435699.965157513,1.0578311589704303
SIFT,km20_paper_exact_anti,0.1,0.5,14,463.9320983886719,7954463,8706857.837004196,1.0945877599787939
SIFT,km20_paper_exact_anti,0.1,0.5,15,408.9007263183594,7956526,8798591.169254018,1.1058332706075513
SIFT,km20_paper_exact_anti,0.1,0.5,16,498.0208740234375,8029329,9192398.260095706,1.1448526097380873
SIFT,km20_paper_exact_anti,0.1,0.5,17,441.5086669921875,7973593,7942595.0200187955,1.0039027521739528
SIFT,km20_paper_exact_anti,0.1,0.5,18,449.5707702636719,7903798,9030144.145563742,1.142506949894689
SIFT,km20_paper_exact_anti,0.1,0.5,19,477.4197082519531,8008849,7754464.350583188,1.0328049286083416
SIFT,km20_paper_exact_anti,0.1,0.5,20,398.1723327636719,8084366,8678107.635915875,1.0734431909584345
SIFT,km20_paper_exact_anti,0.1,0.5,21,401.9685363769531,8028103,6951015.317925248,1.1549540078407197
SIFT,km20_paper_exact_anti,0.1,0.5,22,427.27392578125,8088635,8526512.312602611,1.0541348834015394
SIFT,km20_paper_exact_anti,0.1,0.5,23,465.30731201171875,8051639,9871770.671923814,1.226057287457102
SIFT,km20_paper_exact_anti,0.1,0.5,24,455.15203857421875,8014826,8965850.835282579,1.1186582010991355
SIFT,km20_paper_exact_anti,0.1,0.5,25,440.13507080078125,7992644,7857190.196287901,1.0172394711503985
SIFT,km20_paper_exact_anti,0.1,0.5,26,450.986572265625,8003698,7956091.058953757,1.005983709926581
SIFT,km20_paper_exact_anti,0.1,0.5,27,386.5642395019531,8026506,7381064.842481203,1.087445534119143
SIFT,km20_paper_exact_anti,0.1,0.5,28,478.3063049316406,8049606,8351984.833221187,1.0375644265348125
SIFT,km20_paper_exact_anti,0.1,0.5,29,475.7086486816406,7872785,8045954.8209768785,1.0219960053496797
SIFT,km20_paper_exact_anti,0.1,0.5,30,470.4612731933594,7987092,9073041.435079545,1.1359630557754368
SIFT,km20_paper_exact_anti,0.1,0.5,31,443.7033996582031,8031536,8366253.37728451,1.0416753877819274
SIFT,km20_paper_exact_anti,0.1,0.5,32,491.1689147949219,7987644,7465971.115528406,1.0698734131701328
SIFT,km20_paper_exact_anti,0.1,0.5,33,395.16693115234375,8045210,8852915.560890717,1.1003958331591988
SIFT,km20_paper_exact_anti,0.1,0.5,34,423.729736328125,8038608,8272974.2896189755,1.0291550837681072
SIFT,km20_paper_exact_anti,0.1,0.5,35,455.2437744140625,8007695,9166977.569176003,1.1447710694745497
SIFT,km20_paper_exact_anti,0.1,0.5,36,432.60028076171875,7996348,4976017.9839312965,1.6069773111395582
SIFT,km20_paper_exact_anti,0.1,0.5,37,430.46441650390625,8022540,6358704.952589808,1.2616625649115134
SIFT,km20_paper_exact_anti,0.1,0.5,38,484.6388244628906,7937200,8290774.834644618,1.0445465447065234
SIFT,km20_paper_exact_anti,0.1,0.5,39,428.13665771484375,8023259,8313318.662950267,1.0361523494318539
SIFT,km20_paper_exact_anti,0.1,0.5,40,416.060791015625,8100893,11563677.398288047,1.4274571208739637
SIFT,km20_paper_exact_anti,0.1,0.5,41,497.7900390625,8061170,6555873.636719713,1.2296103382543955
SIFT,km20_paper_exact_anti,0.1,0.5,42,443.74169921875,7938675,9067651.393572874,1.1422121945504602
SIFT,km20_paper_exact_anti,0.1,0.5,43,443.9073181152344,8030231,8848742.198286582,1.1019287238793731
SIFT,km20_paper_exact_anti,0.1,0.5,44,448.0622863769531,7991981,6812677.836490123,1.173104202461077
SIFT,km20_paper_exact_anti,0.1,0.5,45,424.8149108886719,8033265,8737447.569786599,1.0876583269426066
SIFT,km20_paper_exact_anti,0.1,0.5,46,464.051513671875,8037302,8076402.1170027545,1.0048648311339743
SIFT,km20_paper_exact_anti,0.1,0.5,47,461.7054138183594,8004689,7325615.058083533,1.0926985565760974
SIFT,km20_paper_exact_anti,0.1,0.5,48,435.3399658203125,7986856,6415153.982201215,1.2449983308521444
SIFT,km20_paper_exact_anti,0.1,0.5,49,460.3242492675781,8066320,8728986.366242945,1.0821522535980403
SIFT,km20_paper_exact_anti,0.1,0.5,50,405.986328125,7998345,9728825.329757819,1.2163547996188986
SIFT,km20_paper_exact_anti,0.1,0.5,51,404.2448425292969,7965644,9719687.835213032,1.220201133168019
SIFT,km20_paper_exact_anti,0.1,0.5,52,465.2330627441406,7967048,9677667.79152872,1.2147118721424448
SIFT,km20_paper_exact_anti,0.1,0.5,53,487.79156494140625,7917653,8076789.254598662,1.0200989175199597
SIFT,km20_paper_exact_anti,0.1,0.5,54,467.514404296875,7999017,8261344.899185779,1.0327950170859468
SIFT,km20_paper_exact_anti,0.1,0.5,55,395.586669921875,8055063,6771151.20914787,1.1896149932551436
SIFT,km20_paper_exact_anti,0.1,0.5,56,446.0043640136719,8013107,8654767.523345502,1.0800763702950056
SIFT,km20_paper_exact_anti,0.1,0.5,57,461.6609191894531,7929958,7567694.58435648,1.0478697193187962
SIFT,km20_paper_exact_anti,0.1,0.5,58,460.88275146484375,8004151,9497818.431454485,1.1866116008374261
SIFT,km20_paper_exact_anti,0.1,0.5,59,466.2606506347656,7925314,6799503.8648656905,1.1655723943259422
SIFT,km20_paper_exact_anti,0.1,0.5,60,493.7353515625,8022659,7229299.33246337,1.1097422628461415
SIFT,km20_paper_exact_anti,0.1,0.5,61,468.54638671875,7993508,8282509.961826748,1.0361545846738063
SIFT,km20_paper_exact_anti,0.1,0.5,62,459.560546875,8066606,7564777.796751202,1.0663374677659818
SIFT,km20_paper_exact_anti,0.1,0.5,63,450.0906677246094,7957435,7887074.537482083,1.0089209835894843
SIFT,km20_paper_exact_anti,0.1,0.5,64,423.4005126953125,8051785,7330529.055407541,1.0983907081113617
SIFT,km20_paper_exact_anti,0.1,0.5,65,503.074462890625,7928451,9876212.607201252,1.2456673576214639
SIFT,km20_paper_exact_anti,0.1,0.5,66,458.9324645996094,8060024,9334084.235266363,1.1580715188027186
SIFT,km20_paper_exact_anti,0.1,0.5,67,449.2168884277344,7972658,9778082.44493707,1.2264520119810822
SIFT,km20_paper_exact_anti,0.1,0.5,68,433.3220520019531,8016276,8805723.582097908,1.0984805890039102
SIFT,km20_paper_exact_anti,0.1,0.5,69,439.2687072753906,7935577,8516139.509265812,1.073159457625553
SIFT,km20_paper_exact_anti,0.1,0.5,70,446.07623291015625,8043178,7430170.289368453,1.0825025116192393
SIFT,km20_paper_exact_anti,0.1,0.5,71,459.6553039550781,8029664,7814100.996376972,1.0275864112484565
SIFT,km20_paper_exact_anti,0.1,0.5,72,467.38519287109375,7980988,7404277.317039346,1.0778888550856245
SIFT,km20_paper_exact_anti,0.1,0.5,73,399.5403747558594,8053529,8773331.295114145,1.0893772525204968
SIFT,km20_paper_exact_anti,0.1,0.5,74,504.7834167480469,8000569,9132352.486087767,1.1414628742140425
SIFT,km20_paper_exact_anti,0.1,0.5,75,477.9005126953125,7956611,8165648.054544912,1.026272121955555
SIFT,km20_paper_exact_anti,0.1,0.5,76,427.6597900390625,8081974,7830254.453632162,1.032147045521755
SIFT,km20_paper_exact_anti,0.1,0.5,77,467.7328186035156,8012863,9864120.001713974,1.2310356487704799
SIFT,km20_paper_exact_anti,0.1,0.5,78,452.9413757324219,8010995,8223574.54168563,1.0265359723337275
SIFT,km20_paper_exact_anti,0.1,0.5,79,476.085693359375,7916321,8718066.006276665,1.1012774755188257
SIFT,km20_paper_exact_anti,0.1,0.5,80,428.4750671386719,7972730,7064070.258727701,1.128631186835896
SIFT,km20_paper_exact_anti,0.1,0.5,81,453.38372802734375,8067930,9449778.772747433,1.171276742949856
SIFT,km20_paper_exact_anti,0.1,0.5,82,458.3464660644531,7986520,7781530.234386448,1.026343117541034
SIFT,km20_paper_exact_anti,0.1,0.5,83,434.3740234375,7992242,8309493.412257493,1.0396949206815174
SIFT,km20_paper_exact_anti,0.1,0.5,84,391.2173156738281,8015055,7597312.102632941,1.0549856175083665
SIFT,km20_paper_exact_anti,0.1,0.5,85,467.4007873535156,8005612,6662235.776647502,1.201640450501813
SIFT,km20_paper_exact_anti,0.1,0.5,86,389.9203796386719,8009052,7433521.126724419,1.0774237220106198
SIFT,km20_paper_exact_anti,0.1,0.5,87,438.1311340332031,8015590,7381337.280307921,1.0859265327685474
SIFT,km20_paper_exact_anti,0.1,0.5,88,467.9649658203125,8117229,8909461.422992552,1.0975988755513182
SIFT,km20_paper_exact_anti,0.1,0.5,89,449.4183044433594,8012957,8150774.263461538,1.0171993015139775
SIFT,km20_paper_exact_anti,0.1,0.5,90,433.1154479980469,7954572,6628473.138429408,1.2000609844644865
SIFT,km20_paper_exact_anti,0.1,0.5,91,451.5870666503906,8059356,5833976.73999219,1.3814515139823456
SIFT,km20_paper_exact_anti,0.1,0.5,92,479.1251525878906,7928766,6737388.967122132,1.1768306741219312
SIFT,km20_paper_exact_anti,0.1,0.5,93,438.1471252441406,8046569,7633816.917585632,1.0540688998531695
SIFT,km20_paper_exact_anti,0.1,0.5,94,477.37188720703125,7929093,7558603.873610307,1.0490155500387046
SIFT,km20_paper_exact_anti,0.1,0.5,95,494.6036682128906,7956687,6409583.708480146,1.2413734435627968
SIFT,km20_paper_exact_anti,0.1,0.5,96,432.9142150878906,8036597,7891852.233017954,1.0183410386697893
SIFT,km20_paper_exact_anti,0.1,0.5,97,481.1961975097656,7910053,8241566.724914002,1.0419104302985078
SIFT,km20_paper_exact_anti,0.1,0.5,98,448.08123779296875,7926934,7437258.308118122,1.0658408880793309
SIFT,km20_paper_exact_anti,0.1,0.5,99,485.9123229980469,7982147,8021415.114956368,1.0049194928327387
