cell,cell_kind,baseline,selectivity,seed,query_id,true_card,est,q_error,sample_size_used,sample_size_total,wall_clock_ms,D1_target,D2_target,reused_from
partsupp_yfcc_wiki_1,4way,B3,0.01,0.1,145860,8141,12358.674272302109,1.518078156528941,385,385,1.857064664363861,364.46563720703125,2.7791433334350586,
partsupp_yfcc_wiki_1,4way,B3,0.01,0.1,359095,8021,2133.3333333333335,3.75984375,385,385,1.4015696942806244,383.42626953125,2.330082654953003,
partsupp_yfcc_wiki_1,4way,B3,0.01,0.1,286093,8295,10379.235087719298,1.2512640250415068,385,385,1.2824228033423424,385.6861267089844,2.1552388668060303,
partsupp_yfcc_wiki_1,4way,B3,0.01,0.1,781121,7996,16770.463312693497,2.0973565923828787,385,385,1.2617576867341995,408.2724609375,2.2795467376708984,
partsupp_yfcc_wiki_1,4way,B3,0.01,0.1,142780,8214,8290.808172302737,1.0093508853546065,385,385,1.2597106397151947,357.7455749511719,2.7598116397857666,
partsupp_yfcc_wiki_1,4way,B3,0.01,0.1,428790,8003,6253.385087719299,1.2797868494804006,385,385,1.250741071999073,373.8810119628906,2.257038116455078,
partsupp_yfcc_wiki_1,4way,B3,0.01,0.1,322723,8230,6171.429824561404,1.3335645440292918,385,385,1.2722844257950783,378.48870849609375,2.8452041149139404,
partsupp_yfcc_wiki_1,4way,B3,0.01,0.1,588557,8065,8359.146686656673,1.036472000825378,385,385,1.304488629102707,372.0467529296875,2.8811392784118652,
partsupp_yfcc_wiki_1,4way,B3,0.01,0.1,263638,8119,6211.500000000001,1.3070916847782337,385,385,1.302863471210003,368.9966125488281,3.1491057872772217,
partsupp_yfcc_wiki_1,4way,B3,0.01,0.1,693614,7984,12548.646929824561,1.5717243148577857,385,385,1.297198235988617,392.36932373046875,2.3145997524261475,
partsupp_yfcc_wiki_1,4way,B3,0.01,0.1,546912,8033,6261.026470588235,1.2830164570834797,385,385,1.3038301840424538,361.6460876464844,3.094848394393921,
partsupp_yfcc_wiki_1,4way,B3,0.01,0.1,444449,8133,4071.644927536232,1.9974728014707583,385,385,1.2660752981901169,391.6747131347656,2.622706890106201,
partsupp_yfcc_wiki_1,4way,B3,0.01,0.1,663176,8132,8353.693363844393,1.0272618499562707,385,385,1.2568878009915352,337.7731628417969,2.3369600772857666,
partsupp_yfcc_wiki_1,4way,B3,0.01,0.1,763999,8127,12553.364147548356,1.5446492121998716,385,385,1.3302788138389587,372.2793273925781,2.7435648441314697,
partsupp_yfcc_wiki_1,4way,B3,0.01,0.1,782168,7746,14408.402631578949,1.86010878280131,385,385,1.2530731037259102,349.2619323730469,2.321883201599121,
partsupp_yfcc_wiki_1,4way,B3,0.01,0.1,673362,8301,14595.487581998475,1.758280638718043,385,385,1.2383563444018364,369.7781677246094,2.6439919471740723,
partsupp_yfcc_wiki_1,4way,B3,0.01,0.1,83904,7982,8344.518260869565,1.04541697079298,385,385,1.2580957263708115,319.8409118652344,2.928945541381836,
partsupp_yfcc_wiki_1,4way,B3,0.01,0.1,695261,8056,0.0,,385,385,1.2545408681035042,324.0319519042969,2.5670652389526367,
partsupp_yfcc_wiki_1,4way,B3,0.01,0.1,386245,8226,10511.607774936061,1.277851662404092,385,385,1.2545902281999588,381.8100280761719,2.7859504222869873,
partsupp_yfcc_wiki_1,4way,B3,0.01,0.1,69504,8210,4102.943469785575,2.0010024657807595,385,385,1.2498702853918076,352.2740478515625,3.0938942432403564,
partsupp_yfcc_wiki_1,4way,B3,0.01,0.1,681535,8136,2111.52,3.8531484428279157,385,385,1.2663891538977623,364.0436706542969,3.186352491378784,
partsupp_yfcc_wiki_1,4way,B3,0.01,0.1,696279,8138,14568.972807017544,1.7902399615406175,385,385,1.2245597317814827,371.8330078125,2.6614370346069336,
partsupp_yfcc_wiki_1,4way,B3,0.01,0.1,340223,8023,8191.231846978558,1.0209686958716886,385,385,1.221533864736557,387.0399169921875,2.7366652488708496,
partsupp_yfcc_wiki_1,4way,B3,0.01,0.1,690943,8117,8230.800925925927,1.0140200721850348,385,385,1.2933500111103058,385.08843994140625,3.105254888534546,
partsupp_yfcc_wiki_1,4way,B3,0.01,0.1,636616,7950,8441.834986015763,1.0618660359768255,385,385,1.2138336896896362,376.94268798828125,2.822864055633545,
partsupp_yfcc_wiki_1,4way,B3,0.01,0.1,48106,8045,8265.015732265445,1.027348133283461,385,385,1.237235963344574,391.63043212890625,2.8765604496002197,
partsupp_yfcc_wiki_1,4way,B3,0.01,0.1,352770,8107,10460.733008880175,1.2903334166621654,385,385,1.2631379067897797,365.34051513671875,3.0234601497650146,
partsupp_yfcc_wiki_1,4way,B3,0.01,0.1,536954,8142,6213.982391640867,1.3102708515802568,385,385,1.2526912614703178,408.37432861328125,2.944667100906372,
partsupp_yfcc_wiki_1,4way,B3,0.01,0.1,752067,7984,8389.180096618358,1.0507490100974897,385,385,1.260397955775261,351.4053039550781,2.5798802375793457,
partsupp_yfcc_wiki_1,4way,B3,0.01,0.1,602570,8029,10448.460130258758,1.3013401582088377,385,385,1.268644817173481,386.77215576171875,2.6612396240234375,
partsupp_yfcc_wiki_1,4way,B3,0.01,0.1,345404,8017,10420.35,1.2997817138580516,385,385,1.2627551332116127,380.667724609375,2.7372653484344482,
partsupp_yfcc_wiki_1,4way,B3,0.01,0.1,628777,7851,6186.131111111111,1.2691292601119566,385,385,1.2258710339665413,390.7913818359375,2.7295992374420166,
partsupp_yfcc_wiki_1,4way,B3,0.01,0.1,137071,8113,14481.920175438598,1.7850265223023047,385,385,1.2215375900268555,387.11431884765625,2.437206745147705,
partsupp_yfcc_wiki_1,4way,B3,0.01,0.1,296404,8012,14502.514832014676,1.8100992051940434,385,385,1.2242896482348442,364.69561767578125,3.154475212097168,
partsupp_yfcc_wiki_1,4way,B3,0.01,0.1,703153,7997,2133.3333333333335,3.74859375,385,385,1.2377416715025902,385.7873840332031,3.1921608448028564,
partsupp_yfcc_wiki_1,4way,B3,0.01,0.1,438962,7968,10494.440966183574,1.3170734144306695,385,385,1.245051622390747,364.2394714355469,2.468273162841797,
partsupp_yfcc_wiki_1,4way,B3,0.01,0.1,33248,7959,4182.0526315789475,1.9031324330786945,385,385,1.2702858075499535,350.9059753417969,2.1035821437835693,
partsupp_yfcc_wiki_1,4way,B3,0.01,0.1,779894,8233,4041.5669515669515,2.037081186248317,385,385,1.2521836906671524,347.6433410644531,2.428924083709717,
partsupp_yfcc_wiki_1,4way,B3,0.01,0.1,304120,8030,12555.287719298245,1.563547661182845,385,385,1.2502232566475868,353.7880859375,2.57894229888916,
partsupp_yfcc_wiki_1,4way,B3,0.01,0.1,73745,7731,8198.957420075389,1.0605299987162577,385,385,1.2658853083848953,394.4474792480469,2.5097620487213135,
partsupp_yfcc_wiki_1,4way,B3,0.01,0.1,516733,7872,4168.379862700229,1.888503509586722,385,385,1.2651225551962852,336.5292053222656,2.8653626441955566,
partsupp_yfcc_wiki_1,4way,B3,0.01,0.1,181346,8087,8477.955263157895,1.0483436704782856,385,385,1.232953742146492,428.6324768066406,3.1206812858581543,
partsupp_yfcc_wiki_1,4way,B3,0.01,0.1,620747,7963,4123.12865497076,1.931300395004645,385,385,1.2420546263456345,350.1796875,2.927414894104004,
partsupp_yfcc_wiki_1,4way,B3,0.01,0.1,738510,8145,8285.219298245614,1.0172153834555697,385,385,1.2317895889282227,380.28765869140625,2.402500629425049,
partsupp_yfcc_wiki_1,4way,B3,0.01,0.1,111011,7878,2040.2592592592594,3.861273984787699,385,385,1.2105898931622505,377.218505859375,2.744110584259033,
partsupp_yfcc_wiki_1,4way,B3,0.01,0.1,426052,8136,12574.81730994152,1.5455773488128712,385,385,1.2336000800132751,360.2164611816406,2.700775384902954,
partsupp_yfcc_wiki_1,4way,B3,0.01,0.1,724169,8440,6212.12865497076,1.3586325185404142,385,385,1.2472476810216904,380.0748596191406,2.68540358543396,
partsupp_yfcc_wiki_1,4way,B3,0.01,0.1,588630,8235,10260.211201079623,1.2459272861056008,385,385,1.2512141838669777,370.726318359375,2.7094972133636475,
partsupp_yfcc_wiki_1,4way,B3,0.01,0.1,790256,8167,6317.086956521739,1.2928427384664092,385,385,1.2490451335906982,412.1048278808594,2.567054033279419,
partsupp_yfcc_wiki_1,4way,B3,0.01,0.1,201003,8325,10471.257246376812,1.257808678243461,385,385,1.254471018910408,397.5360412597656,2.689554452896118,
partsupp_yfcc_wiki_1,4way,B3,0.01,0.1,6443,8234,12554.806140350876,1.5247517780362978,385,385,1.2477990239858627,392.9132385253906,2.4705615043640137,
partsupp_yfcc_wiki_1,4way,B3,0.01,0.1,642763,8040,12343.92105263158,1.5353135637601467,385,385,1.2118080630898476,369.4332275390625,2.4056813716888428,
partsupp_yfcc_wiki_1,4way,B3,0.01,0.1,193392,8153,6154.725,1.3246733200914744,385,385,1.211879774928093,329.56744384765625,2.846799373626709,
partsupp_yfcc_wiki_1,4way,B3,0.01,0.1,203755,8062,2111.52,3.8181025990755475,385,385,1.208205707371235,362.5753479003906,2.872863292694092,
partsupp_yfcc_wiki_1,4way,B3,0.01,0.1,94462,8390,6279.959259259259,1.335995928258558,385,385,1.211046241223812,375.15423583984375,2.8380818367004395,
partsupp_yfcc_wiki_1,4way,B3,0.01,0.1,590890,8205,10410.814929480566,1.2688378951225554,385,385,1.22901052236557,373.388427734375,2.8598101139068604,
partsupp_yfcc_wiki_1,4way,B3,0.01,0.1,783383,8028,6192.316467497245,1.2964453677614907,385,385,1.2095095589756966,360.99334716796875,2.81827974319458,
partsupp_yfcc_wiki_1,4way,B3,0.01,0.1,737605,8104,6245.055087719299,1.2976666956767533,385,385,1.2367451563477516,343.82684326171875,2.8511314392089844,
partsupp_yfcc_wiki_1,4way,B3,0.01,0.1,516560,7958,6316.483562753037,1.2598782092819234,385,385,1.2502428144216537,350.1656799316406,3.073276996612549,
partsupp_yfcc_wiki_1,4way,B3,0.01,0.1,137642,8105,10336.899470543365,1.275373161078762,385,385,1.2542018666863441,339.3409729003906,2.7730391025543213,
partsupp_yfcc_wiki_1,4way,B3,0.01,0.1,37803,7912,8415.111842105263,1.0635884532488957,385,385,1.2446623295545578,351.4440002441406,2.835411787033081,
partsupp_yfcc_wiki_1,4way,B3,0.01,0.1,254800,8086,2119.3684210526317,3.8152875732591633,385,385,1.2734802439808846,340.35260009765625,2.7787673473358154,
partsupp_yfcc_wiki_1,4way,B3,0.01,0.1,605930,8107,16661.426716920178,2.055190171076869,385,385,1.2341104447841644,357.8030090332031,2.638248920440674,
partsupp_yfcc_wiki_1,4way,B3,0.01,0.1,209329,8090,10451.049623098666,1.2918479138564483,385,385,1.2855064123868942,371.36248779296875,2.5807759761810303,
partsupp_yfcc_wiki_1,4way,B3,0.01,0.1,766585,8067,8238.275925925927,1.0212316754587738,385,385,1.28827802836895,358.3327941894531,2.9337518215179443,
partsupp_yfcc_wiki_1,4way,B3,0.01,0.1,488782,8215,8391.204169844903,1.0214490772787466,385,385,1.253741793334484,433.1639404296875,3.0121567249298096,
partsupp_yfcc_wiki_1,4way,B3,0.01,0.1,374559,8155,2077.176470588235,3.9260024920706846,385,385,1.2365560978651047,353.9023742675781,2.954691171646118,
partsupp_yfcc_wiki_1,4way,B3,0.01,0.1,111780,7850,10385.76782256645,1.323027748097637,385,385,1.2256428599357605,363.0238037109375,3.104321241378784,
partsupp_yfcc_wiki_1,4way,B3,0.01,0.1,178188,7954,2062.684210526316,3.8561404404072364,385,385,1.2699859216809273,377.47821044921875,2.789363145828247,
partsupp_yfcc_wiki_1,4way,B3,0.01,0.1,539857,8214,6246.0526315789475,1.315070570886876,385,385,1.2036627158522606,362.4388122558594,2.654690980911255,
partsupp_yfcc_wiki_1,4way,B3,0.01,0.1,781264,7852,4168.379862700229,1.883705482377406,385,385,1.1955853551626205,361.4816589355469,2.5626325607299805,
partsupp_yfcc_wiki_1,4way,B3,0.01,0.1,771184,7897,2062.684210526316,3.8285065448699958,385,385,1.214832067489624,351.8717041015625,2.5855629444122314,
partsupp_yfcc_wiki_1,4way,B3,0.01,0.1,140785,7866,8378.52,1.0651563691838293,385,385,1.2153172865509987,359.9602966308594,2.6899919509887695,
partsupp_yfcc_wiki_1,4way,B3,0.01,0.1,2505,7913,12594.382066276805,1.5916064787409079,385,385,1.2534745037555695,359.88861083984375,2.455249309539795,
partsupp_yfcc_wiki_1,4way,B3,0.01,0.1,526089,7980,10557.48987854251,1.3229937191156027,385,385,1.2585902586579323,383.97265625,2.6229450702667236,
partsupp_yfcc_wiki_1,4way,B3,0.01,0.1,608072,8101,8278.86992753623,1.02195653962921,385,385,1.2444807216525078,346.11370849609375,2.957862377166748,
partsupp_yfcc_wiki_1,4way,B3,0.01,0.1,224837,7969,6261.299455535391,1.2727389987640492,385,385,1.2441901490092278,397.8076171875,3.115856409072876,
partsupp_yfcc_wiki_1,4way,B3,0.01,0.1,386133,8022,4239.7,1.8921150081373683,385,385,1.2584887444972992,342.8289794921875,2.7471389770507812,
partsupp_yfcc_wiki_1,4way,B3,0.01,0.1,487850,8029,4182.0526315789475,1.919870625102254,385,385,1.2314282357692719,380.78839111328125,2.3273634910583496,
partsupp_yfcc_wiki_1,4way,B3,0.01,0.1,340195,7980,6303.218421052632,1.2660199071234703,385,385,1.2346701696515083,371.31103515625,2.8599026203155518,
partsupp_yfcc_wiki_1,4way,B3,0.01,0.1,122774,7737,10429.06842105263,1.3479473208029766,385,385,1.2427931651473045,329.8543701171875,2.306730031967163,
partsupp_yfcc_wiki_1,4way,B3,0.01,0.1,690833,7825,4150.643874643874,1.885249671214297,385,385,1.2358743697404861,366.0273132324219,3.103199005126953,
partsupp_yfcc_wiki_1,4way,B3,0.01,0.1,686759,8095,8253.714303118908,1.0196064611635465,385,385,1.212981529533863,337.1468505859375,3.090532064437866,
partsupp_yfcc_wiki_1,4way,B3,0.01,0.1,154430,7904,8210.385964912282,1.0387634064919387,385,385,1.2195408344268799,364.3690490722656,2.479921579360962,
partsupp_yfcc_wiki_1,4way,B3,0.01,0.1,630926,7916,4170.82905982906,1.897944002606627,385,385,1.2489845976233482,366.92559814453125,3.065295457839966,
partsupp_yfcc_wiki_1,4way,B3,0.01,0.1,255248,7806,10274.867543859651,1.3162781890673394,385,385,1.2265732511878014,371.5652160644531,2.471759796142578,
partsupp_yfcc_wiki_1,4way,B3,0.01,0.1,48107,8140,10359.693363844393,1.2726896024378862,385,385,1.2420639395713806,411.21636962890625,2.8765604496002197,
partsupp_yfcc_wiki_1,4way,B3,0.01,0.1,717611,8057,6240.526113360324,1.2910770428074634,385,385,1.2490618973970413,345.2961120605469,2.2551217079162598,
partsupp_yfcc_wiki_1,4way,B3,0.01,0.1,559097,8418,2057.478260869565,4.091416254596171,385,385,1.2290775775909424,372.0413818359375,3.0143213272094727,
partsupp_yfcc_wiki_1,4way,B3,0.01,0.1,527854,8192,10495.128036437247,1.2811435591354061,385,385,1.2248773127794266,369.9187927246094,2.7587831020355225,
partsupp_yfcc_wiki_1,4way,B3,0.01,0.1,692258,8211,12601.808947193073,1.5347471620013484,385,385,1.2509124353528023,347.03875732421875,3.455446243286133,
partsupp_yfcc_wiki_1,4way,B3,0.01,0.1,344709,8089,2014.1666666666667,4.0160529582126605,385,385,1.2282049283385277,361.9986267089844,2.3495209217071533,
partsupp_yfcc_wiki_1,4way,B3,0.01,0.1,414737,8009,4168.998260869565,1.9210849942473933,385,385,1.2191012501716614,366.08441162109375,3.0020830631256104,
partsupp_yfcc_wiki_1,4way,B3,0.01,0.1,362610,8086,10551.033333333333,1.3048520075851264,385,385,1.235523261129856,413.45880126953125,2.879486083984375,
partsupp_yfcc_wiki_1,4way,B3,0.01,0.1,129857,8023,8317.018148820327,1.0366469087399137,385,385,1.2181587517261505,367.2027893066406,2.723562479019165,
partsupp_yfcc_wiki_1,4way,B3,0.01,0.1,210898,8022,4179.812865497076,1.9192246777885353,385,385,1.2291409075260162,366.9675598144531,2.4897570610046387,
partsupp_yfcc_wiki_1,4way,B3,0.01,0.1,793779,7865,6190.541666666667,1.2704865621613617,385,385,1.2354366481304169,355.618896484375,2.6217916011810303,
partsupp_yfcc_wiki_1,4way,B3,0.01,0.1,634727,8085,10399.263157894737,1.2862415779709013,385,385,1.2625856325030327,372.3201599121094,2.382875442504883,
partsupp_yfcc_wiki_1,4way,B3,0.01,0.1,351141,8257,10484.503654970762,1.269771545957462,385,385,1.245180144906044,348.8105773925781,2.7925963401794434,
partsupp_yfcc_wiki_1,4way,B3,0.01,0.1,611020,8228,2111.52,3.8967189512768052,385,385,1.2367404997348785,378.19769287109375,2.54848575592041,
partsupp_yfcc_wiki_1,4way,B3,0.01,0.2,145860,8141,4058.7859531772574,2.0057721924525596,385,385,1.3559656217694283,364.46563720703125,2.7791433334350586,
partsupp_yfcc_wiki_1,4way,B3,0.01,0.2,359095,8021,0.0,,385,385,1.2550847604870796,383.42626953125,2.330082654953003,
partsupp_yfcc_wiki_1,4way,B3,0.01,0.2,286093,8295,2119.85,3.9130127131636674,385,385,1.238078810274601,385.6861267089844,2.1552388668060303,
partsupp_yfcc_wiki_1,4way,B3,0.01,0.2,781121,7996,8259.385087719298,1.0329396057677962,385,385,1.236841082572937,408.2724609375,2.2795467376708984,
partsupp_yfcc_wiki_1,4way,B3,0.01,0.2,142780,8214,8302.215102974827,1.0107396034787957,385,385,1.2297732755541801,357.7455749511719,2.7598116397857666,
partsupp_yfcc_wiki_1,4way,B3,0.01,0.2,428790,8003,6221.391666666666,1.2863681357466912,385,385,1.2310417369008064,373.8810119628906,2.257038116455078,
partsupp_yfcc_wiki_1,4way,B3,0.01,0.2,322723,8230,4076.850877192983,2.018714995449274,385,385,1.257050782442093,378.48870849609375,2.8452041149139404,
partsupp_yfcc_wiki_1,4way,B3,0.01,0.2,588557,8065,12451.432280701756,1.5438849697088353,385,385,1.2193545699119568,372.0467529296875,2.8811392784118652,
partsupp_yfcc_wiki_1,4way,B3,0.01,0.2,263638,8119,8478.918421052631,1.0443303881084653,385,385,1.209791749715805,368.9966125488281,3.1491057872772217,
partsupp_yfcc_wiki_1,4way,B3,0.01,0.2,693614,7984,14546.17105263158,1.8219152120029534,385,385,1.2172674760222435,392.36932373046875,2.3145997524261475,
partsupp_yfcc_wiki_1,4way,B3,0.01,0.2,546912,8033,10437.038941984116,1.29927037744107,385,385,1.210181973874569,361.6460876464844,3.094848394393921,
partsupp_yfcc_wiki_1,4way,B3,0.01,0.2,444449,8133,12358.6615942029,1.5195698505106234,385,385,1.2428797781467438,391.6747131347656,2.622706890106201,
partsupp_yfcc_wiki_1,4way,B3,0.01,0.2,663176,8132,8412.716209587514,1.0345199470717552,385,385,1.258406788110733,337.7731628417969,2.3369600772857666,
partsupp_yfcc_wiki_1,4way,B3,0.01,0.2,763999,8127,12487.71992753623,1.5365719118415444,385,385,1.2630531564354897,372.2793273925781,2.7435648441314697,
partsupp_yfcc_wiki_1,4way,B3,0.01,0.2,782168,7746,4134.016666666666,1.8737224894271514,385,385,1.2493934482336044,349.2619323730469,2.321883201599121,
partsupp_yfcc_wiki_1,4way,B3,0.01,0.2,673362,8301,4208.368421052632,1.9724984054327843,385,385,1.2448262423276901,369.7781677246094,2.6439919471740723,
partsupp_yfcc_wiki_1,4way,B3,0.01,0.2,83904,7982,10418.99549909256,1.3053113880095915,385,385,1.268027350306511,319.8409118652344,2.928945541381836,
partsupp_yfcc_wiki_1,4way,B3,0.01,0.2,695261,8056,8321.998260869565,1.033018652044385,385,385,1.2547709047794342,324.0319519042969,2.5670652389526367,
partsupp_yfcc_wiki_1,4way,B3,0.01,0.2,386245,8226,6330.759725400458,1.2993701161955973,385,385,1.2782607227563858,381.8100280761719,2.7859504222869873,
partsupp_yfcc_wiki_1,4way,B3,0.01,0.2,69504,8210,6068.592592592593,1.35286722163904,385,385,1.2825960293412209,352.2740478515625,3.0938942432403564,
partsupp_yfcc_wiki_1,4way,B3,0.01,0.2,681535,8136,14537.167779049072,1.7867708676314003,385,385,1.2790802866220474,364.0436706542969,3.186352491378784,
partsupp_yfcc_wiki_1,4way,B3,0.01,0.2,696279,8138,2119.3684210526317,3.8398231846627593,385,385,1.3046041131019592,371.8330078125,2.6614370346069336,
partsupp_yfcc_wiki_1,4way,B3,0.01,0.2,340223,8023,8301.285729847494,1.0346859939981918,385,385,1.2905392795801163,387.0399169921875,2.7366652488708496,
partsupp_yfcc_wiki_1,4way,B3,0.01,0.2,690943,8117,12411.813221622433,1.5291133696713606,385,385,1.2648161500692368,385.08843994140625,3.105254888534546,
partsupp_yfcc_wiki_1,4way,B3,0.01,0.2,636616,7950,4190.815517241379,1.897005479552371,385,385,1.2751035392284393,376.94268798828125,2.822864055633545,
partsupp_yfcc_wiki_1,4way,B3,0.01,0.2,48106,8045,10493.013421052632,1.304290046122142,385,385,1.2790001928806305,391.63043212890625,2.8765604496002197,
partsupp_yfcc_wiki_1,4way,B3,0.01,0.2,352770,8107,8465.72405982906,1.0442486813653706,385,385,1.2737112119793892,365.34051513671875,3.0234601497650146,
partsupp_yfcc_wiki_1,4way,B3,0.01,0.2,536954,8142,6381.508517670989,1.2758738748767704,385,385,1.2594247236847878,408.37432861328125,2.944667100906372,
partsupp_yfcc_wiki_1,4way,B3,0.01,0.2,752067,7984,4159.9655172413795,1.9192466781057533,385,385,1.276850700378418,351.4053039550781,2.5798802375793457,
partsupp_yfcc_wiki_1,4way,B3,0.01,0.2,602570,8029,18627.753834499752,2.32005901538171,385,385,1.2647686526179314,386.77215576171875,2.6612396240234375,
partsupp_yfcc_wiki_1,4way,B3,0.01,0.2,345404,8017,12520.578703703704,1.5617536115384438,385,385,1.2521585449576378,380.667724609375,2.7372653484344482,
partsupp_yfcc_wiki_1,4way,B3,0.01,0.2,628777,7851,14610.472280701753,1.8609695937717174,385,385,7.300534285604954,390.7913818359375,2.7295992374420166,
partsupp_yfcc_wiki_1,4way,B3,0.01,0.2,137071,8113,6350.084615384615,1.277620770649937,385,385,1.279863528907299,387.11431884765625,2.437206745147705,
partsupp_yfcc_wiki_1,4way,B3,0.01,0.2,296404,8012,10288.865554408898,1.2841819214189838,385,385,1.2821527197957039,364.69561767578125,3.154475212097168,
partsupp_yfcc_wiki_1,4way,B3,0.01,0.2,703153,7997,10462.716423164937,1.308330176711884,385,385,1.26558355987072,385.7873840332031,3.1921608448028564,
partsupp_yfcc_wiki_1,4way,B3,0.01,0.2,438962,7968,6328.735652173913,1.2590192477486402,385,385,1.2655984610319138,364.2394714355469,2.468273162841797,
partsupp_yfcc_wiki_1,4way,B3,0.01,0.2,33248,7959,4238.736842105263,1.8776820303963444,385,385,1.2720637023448944,350.9059753417969,2.1035821437835693,
partsupp_yfcc_wiki_1,4way,B3,0.01,0.2,779894,8233,4121.157692307692,1.9977396194683907,385,385,1.2718774378299713,347.6433410644531,2.428924083709717,
partsupp_yfcc_wiki_1,4way,B3,0.01,0.2,304120,8030,14492.767539658535,1.8048278380645746,385,385,1.2659309431910515,353.7880859375,2.57894229888916,
partsupp_yfcc_wiki_1,4way,B3,0.01,0.2,73745,7731,8342.580728744939,1.0791075835913775,385,385,1.273137517273426,394.4474792480469,2.5097620487213135,
partsupp_yfcc_wiki_1,4way,B3,0.01,0.2,516733,7872,6228.595614035088,1.2638483035022818,385,385,1.2601455673575401,336.5292053222656,2.8653626441955566,
partsupp_yfcc_wiki_1,4way,B3,0.01,0.2,181346,8087,6316.394891640866,1.280318938054737,385,385,1.2824740260839462,428.6324768066406,3.1206812858581543,
partsupp_yfcc_wiki_1,4way,B3,0.01,0.2,620747,7963,8365.63157894737,1.0505628003199008,385,385,2.402162179350853,350.1796875,2.927414894104004,
partsupp_yfcc_wiki_1,4way,B3,0.01,0.2,738510,8145,4239.218421052632,1.921344736461475,385,385,1.2733014300465584,380.28765869140625,2.402500629425049,
partsupp_yfcc_wiki_1,4way,B3,0.01,0.2,111011,7878,6175.224776500639,1.2757430352947063,385,385,1.2888750061392784,377.218505859375,2.744110584259033,
partsupp_yfcc_wiki_1,4way,B3,0.01,0.2,426052,8136,14699.53103448276,1.8067270199708407,385,385,1.263265497982502,360.2164611816406,2.700775384902954,
partsupp_yfcc_wiki_1,4way,B3,0.01,0.2,724169,8440,4002.6153846153848,2.108621286082177,385,385,7.323041558265686,380.0748596191406,2.68540358543396,
partsupp_yfcc_wiki_1,4way,B3,0.01,0.2,588630,8235,10380.868373422243,1.26057903745261,385,385,1.2755049392580986,370.726318359375,2.7094972133636475,
partsupp_yfcc_wiki_1,4way,B3,0.01,0.2,790256,8167,6322.911304347826,1.2916518367708436,385,385,1.2652939185500145,412.1048278808594,2.567054033279419,
partsupp_yfcc_wiki_1,4way,B3,0.01,0.2,201003,8325,12457.480263157895,1.496394025604552,385,385,1.28074549138546,397.5360412597656,2.689554452896118,
partsupp_yfcc_wiki_1,4way,B3,0.01,0.2,6443,8234,10387.401754385965,1.2615255956261797,385,385,1.2669246643781662,392.9132385253906,2.4705615043640137,
partsupp_yfcc_wiki_1,4way,B3,0.01,0.2,642763,8040,12489.707659672056,1.5534462263273703,385,385,1.3175541535019875,369.4332275390625,2.4056813716888428,
partsupp_yfcc_wiki_1,4way,B3,0.01,0.2,193392,8153,8256.1875,1.0126563841530725,385,385,1.2544048950076103,329.56744384765625,2.846799373626709,
partsupp_yfcc_wiki_1,4way,B3,0.01,0.2,203755,8062,6336.584073226545,1.2722943319041113,385,385,1.1913273483514786,362.5753479003906,2.872863292694092,
partsupp_yfcc_wiki_1,4way,B3,0.01,0.2,94462,8390,6210.711558307534,1.350891910086763,385,385,1.1915136128664017,375.15423583984375,2.8380818367004395,
partsupp_yfcc_wiki_1,4way,B3,0.01,0.2,590890,8205,14464.533729802624,1.7628925935164685,385,385,1.223272643983364,373.388427734375,2.8598101139068604,
partsupp_yfcc_wiki_1,4way,B3,0.01,0.2,783383,8028,8427.387543859648,1.0497493203611918,385,385,1.297062262892723,360.99334716796875,2.81827974319458,
partsupp_yfcc_wiki_1,4way,B3,0.01,0.2,737605,8104,10425.349532163742,1.2864449077201063,385,385,1.263822428882122,343.82684326171875,2.8511314392089844,
partsupp_yfcc_wiki_1,4way,B3,0.01,0.2,516560,7958,4189.1578947368425,1.8996658039550718,385,385,1.2699756771326065,350.1656799316406,3.073276996612549,
partsupp_yfcc_wiki_1,4way,B3,0.01,0.2,137642,8105,10455.773993808049,1.2900399745599074,385,385,1.2780288234353065,339.3409729003906,2.7730391025543213,
partsupp_yfcc_wiki_1,4way,B3,0.01,0.2,37803,7912,6323.667271627344,1.2511727230651577,385,385,1.2731635943055153,351.4440002441406,2.835411787033081,
partsupp_yfcc_wiki_1,4way,B3,0.01,0.2,254800,8086,6214.368421052632,1.3011780847441836,385,385,1.2925481423735619,340.35260009765625,2.7787673473358154,
partsupp_yfcc_wiki_1,4way,B3,0.01,0.2,605930,8107,8306.000777732908,1.0245467839808695,385,385,1.2751556932926178,357.8030090332031,2.638248920440674,
partsupp_yfcc_wiki_1,4way,B3,0.01,0.2,209329,8090,12331.564073226546,1.5242971660354196,385,385,1.268927939236164,371.36248779296875,2.5807759761810303,
partsupp_yfcc_wiki_1,4way,B3,0.01,0.2,766585,8067,4133.535087719299,1.9515982878594633,385,385,1.3093678280711174,358.3327941894531,2.9337518215179443,
partsupp_yfcc_wiki_1,4way,B3,0.01,0.2,488782,8215,6196.333938294011,1.325783936406399,385,385,1.2755915522575378,433.1639404296875,3.0121567249298096,
partsupp_yfcc_wiki_1,4way,B3,0.01,0.2,374559,8155,8373.867192134927,1.0268384049215116,385,385,1.259567216038704,353.9023742675781,2.954691171646118,
partsupp_yfcc_wiki_1,4way,B3,0.01,0.2,111780,7850,6196.003344481605,1.2669457331703196,385,385,1.2555653229355812,363.0238037109375,3.104321241378784,
partsupp_yfcc_wiki_1,4way,B3,0.01,0.2,178188,7954,2062.684210526316,3.8561404404072364,385,385,1.2705158442258835,377.47821044921875,2.789363145828247,
partsupp_yfcc_wiki_1,4way,B3,0.01,0.2,539857,8214,4102.943469785575,2.0019773756301045,385,385,1.293896697461605,362.4388122558594,2.654690980911255,
partsupp_yfcc_wiki_1,4way,B3,0.01,0.2,781264,7852,6255.754862700229,1.2551642723114584,385,385,1.3509085401892662,361.4816589355469,2.5626325607299805,
partsupp_yfcc_wiki_1,4way,B3,0.01,0.2,771184,7897,16550.66447368421,2.095816699212892,385,385,1.2691980227828026,351.8717041015625,2.5855629444122314,
partsupp_yfcc_wiki_1,4way,B3,0.01,0.2,140785,7866,10443.375,1.3276601830663615,385,385,1.2520048767328262,359.9602966308594,2.6899919509887695,
partsupp_yfcc_wiki_1,4way,B3,0.01,0.2,2505,7913,4133.535087719299,1.9143420418782613,385,385,1.2517515569925308,359.88861083984375,2.455249309539795,
partsupp_yfcc_wiki_1,4way,B3,0.01,0.2,526089,7980,4124.551282051282,1.9347559175046236,385,385,1.2629730626940727,383.97265625,2.6229450702667236,
partsupp_yfcc_wiki_1,4way,B3,0.01,0.2,608072,8101,12486.714999152471,1.5413794592213887,385,385,1.2641260400414467,346.11370849609375,2.957862377166748,
partsupp_yfcc_wiki_1,4way,B3,0.01,0.2,224837,7969,2070.9655172413795,3.847963635152685,385,385,1.2535080313682556,397.8076171875,3.115856409072876,
partsupp_yfcc_wiki_1,4way,B3,0.01,0.2,386133,8022,10318.211201079623,1.2862392422188509,385,385,1.290084794163704,342.8289794921875,2.7471389770507812,
partsupp_yfcc_wiki_1,4way,B3,0.01,0.2,487850,8029,12456.636833629967,1.5514555777344585,385,385,1.2234579771757126,380.78839111328125,2.3273634910583496,
partsupp_yfcc_wiki_1,4way,B3,0.01,0.2,340195,7980,2040.2592592592594,3.9112676312015537,385,385,1.2315372005105019,371.31103515625,2.8599026203155518,
partsupp_yfcc_wiki_1,4way,B3,0.01,0.2,122774,7737,6358.586842105264,1.2167797959079785,385,385,1.2315073981881142,329.8543701171875,2.306730031967163,
partsupp_yfcc_wiki_1,4way,B3,0.01,0.2,690833,7825,4108.745614035088,1.9044741960345604,385,385,17.82357133924961,366.0273132324219,3.103199005126953,
partsupp_yfcc_wiki_1,4way,B3,0.01,0.2,686759,8095,16631.53843546063,2.0545445874565322,385,385,1.3401107862591743,337.1468505859375,3.090532064437866,
partsupp_yfcc_wiki_1,4way,B3,0.01,0.2,154430,7904,6327.736842105263,1.2491037786853203,385,385,1.3171220198273659,364.3690490722656,2.479921579360962,
partsupp_yfcc_wiki_1,4way,B3,0.01,0.2,630926,7916,2070.9655172413795,3.8223717073495616,385,385,1.2818193063139915,366.92559814453125,3.065295457839966,
partsupp_yfcc_wiki_1,4way,B3,0.01,0.2,255248,7806,8210.86754385965,1.0518661982910131,385,385,1.2727268040180206,371.5652160644531,2.471759796142578,
partsupp_yfcc_wiki_1,4way,B3,0.01,0.2,48107,8140,10248.238425925927,1.2589973496223497,385,385,2.4793390184640884,411.21636962890625,2.8765604496002197,
partsupp_yfcc_wiki_1,4way,B3,0.01,0.2,717611,8057,10299.16276803119,1.2782875472298858,385,385,1.2867804616689682,345.2961120605469,2.2551217079162598,
partsupp_yfcc_wiki_1,4way,B3,0.01,0.2,559097,8418,2087.375,4.0328163363075635,385,385,1.2932009994983673,372.0413818359375,3.0143213272094727,
partsupp_yfcc_wiki_1,4way,B3,0.01,0.2,527854,8192,10311.217780026991,1.258693576663451,385,385,1.338612288236618,369.9187927246094,2.7587831020355225,
partsupp_yfcc_wiki_1,4way,B3,0.01,0.2,692258,8211,2105.695652173913,3.899423922694142,385,385,1.3256445527076721,347.03875732421875,3.455446243286133,
partsupp_yfcc_wiki_1,4way,B3,0.01,0.2,344709,8089,10386.438596491229,1.2840201009384633,385,385,1.3406472280621529,361.9986267089844,2.3495209217071533,
partsupp_yfcc_wiki_1,4way,B3,0.01,0.2,414737,8009,6091.615384615385,1.3147579901756512,385,385,1.339494250714779,366.08441162109375,3.0020830631256104,
partsupp_yfcc_wiki_1,4way,B3,0.01,0.2,362610,8086,12561.995321637427,1.5535487659704956,385,385,1.3254852965474129,413.45880126953125,2.879486083984375,
partsupp_yfcc_wiki_1,4way,B3,0.01,0.2,129857,8023,4223.04,1.8998162461165418,385,385,1.3464419171214104,367.2027893066406,2.723562479019165,
partsupp_yfcc_wiki_1,4way,B3,0.01,0.2,210898,8022,10456.365915032678,1.3034612210212764,385,385,1.253405585885048,366.9675598144531,2.4897570610046387,
partsupp_yfcc_wiki_1,4way,B3,0.01,0.2,793779,7865,6134.329138062548,1.2821287907750027,385,385,1.2568319216370583,355.618896484375,2.6217916011810303,
partsupp_yfcc_wiki_1,4way,B3,0.01,0.2,634727,8085,12504.418825910929,1.5466195208300468,385,385,1.2558158487081528,372.3201599121094,2.382875442504883,
partsupp_yfcc_wiki_1,4way,B3,0.01,0.2,351141,8257,12563.832142752153,1.5215976919888765,385,385,1.2752637267112732,348.8105773925781,2.7925963401794434,
partsupp_yfcc_wiki_1,4way,B3,0.01,0.2,611020,8228,8340.874727767696,1.0137183674972892,385,385,1.2581953778862953,378.19769287109375,2.54848575592041,
partsupp_yfcc_wiki_1,4way,B3,0.01,0.3,145860,8141,8227.915760869564,1.0106763003156325,385,385,1.3601351529359818,364.46563720703125,2.7791433334350586,
partsupp_yfcc_wiki_1,4way,B3,0.01,0.3,359095,8021,12631.25350877193,1.5747729097085064,385,385,1.3453513383865356,383.42626953125,2.330082654953003,
partsupp_yfcc_wiki_1,4way,B3,0.01,0.3,286093,8295,6261.026470588235,1.3248626305872606,385,385,1.327255740761757,385.6861267089844,2.1552388668060303,
partsupp_yfcc_wiki_1,4way,B3,0.01,0.3,781121,7996,2119.3684210526317,3.7728220919837088,385,385,1.335998997092247,408.2724609375,2.2795467376708984,
partsupp_yfcc_wiki_1,4way,B3,0.01,0.3,142780,8214,8149.009446693658,1.0079752703357965,385,385,1.2507550418376923,357.7455749511719,2.7598116397857666,
partsupp_yfcc_wiki_1,4way,B3,0.01,0.3,428790,8003,4088.6826923076924,1.9573541412388322,385,385,1.2588640674948692,373.8810119628906,2.257038116455078,
partsupp_yfcc_wiki_1,4way,B3,0.01,0.3,322723,8230,10492.60350877193,1.2749214469953742,385,385,1.248626969754696,378.48870849609375,2.8452041149139404,
partsupp_yfcc_wiki_1,4way,B3,0.01,0.3,588557,8065,8270.374812593704,1.0254649488646874,385,385,1.2658676132559776,372.0467529296875,2.8811392784118652,
partsupp_yfcc_wiki_1,4way,B3,0.01,0.3,263638,8119,16914.358966861597,2.083305698591156,385,385,1.2493589892983437,368.9966125488281,3.1491057872772217,
partsupp_yfcc_wiki_1,4way,B3,0.01,0.3,693614,7984,8210.385964912282,1.0283549555250855,385,385,1.2628305703401566,392.36932373046875,2.3145997524261475,
partsupp_yfcc_wiki_1,4way,B3,0.01,0.3,546912,8033,6333.797368421054,1.2682754961582452,385,385,1.2936023995280266,361.6460876464844,3.094848394393921,
partsupp_yfcc_wiki_1,4way,B3,0.01,0.3,444449,8133,8192.802619843924,1.0073530824841908,385,385,1.2558773159980774,391.6747131347656,2.622706890106201,
partsupp_yfcc_wiki_1,4way,B3,0.01,0.3,663176,8132,12637.594770307154,1.5540573992015685,385,385,1.2545567005872726,337.7731628417969,2.3369600772857666,
partsupp_yfcc_wiki_1,4way,B3,0.01,0.3,763999,8127,8181.333333333334,1.0066855338173168,385,385,1.263548620045185,372.2793273925781,2.7435648441314697,
partsupp_yfcc_wiki_1,4way,B3,0.01,0.3,782168,7746,2014.1666666666667,3.84575920562681,385,385,1.2589730322360992,349.2619323730469,2.321883201599121,
partsupp_yfcc_wiki_1,4way,B3,0.01,0.3,673362,8301,10413.116704805492,1.2544412365745683,385,385,1.2613534927368164,369.7781677246094,2.6439919471740723,
partsupp_yfcc_wiki_1,4way,B3,0.01,0.3,83904,7982,10419.547173913044,1.3053805028705894,385,385,1.2693684548139572,319.8409118652344,2.928945541381836,
partsupp_yfcc_wiki_1,4way,B3,0.01,0.3,695261,8056,8317.515096618357,1.0324621520132022,385,385,1.2564733624458313,324.0319519042969,2.5670652389526367,
partsupp_yfcc_wiki_1,4way,B3,0.01,0.3,386245,8226,8364.924754341097,1.0168884943278746,385,385,1.261129043996334,381.8100280761719,2.7859504222869873,
partsupp_yfcc_wiki_1,4way,B3,0.01,0.3,69504,8210,8186.08547008547,1.0029213633307301,385,385,1.2580575421452522,352.2740478515625,3.0938942432403564,
partsupp_yfcc_wiki_1,4way,B3,0.01,0.3,681535,8136,10288.091987660016,1.2645147477458232,385,385,1.2438632547855377,364.0436706542969,3.186352491378784,
partsupp_yfcc_wiki_1,4way,B3,0.01,0.3,696279,8138,14507.221978557503,1.7826520003142667,385,385,1.24302227050066,371.8330078125,2.6614370346069336,
partsupp_yfcc_wiki_1,4way,B3,0.01,0.3,340223,8023,6120.380969785575,1.3108661110488165,385,385,1.2714480981230736,387.0399169921875,2.7366652488708496,
partsupp_yfcc_wiki_1,4way,B3,0.01,0.3,690943,8117,6120.777777777778,1.326138653402799,385,385,1.2642312794923782,385.08843994140625,3.105254888534546,
partsupp_yfcc_wiki_1,4way,B3,0.01,0.3,636616,7950,6257.148148148148,1.2705468708380934,385,385,1.2506023049354553,376.94268798828125,2.822864055633545,
partsupp_yfcc_wiki_1,4way,B3,0.01,0.3,48106,8045,4114.95652173913,1.9550631841426822,385,385,1.262282021343708,391.63043212890625,2.8765604496002197,
partsupp_yfcc_wiki_1,4way,B3,0.01,0.3,352770,8107,6191.12798863726,1.3094544346165982,385,385,1.2503089383244514,365.34051513671875,3.0234601497650146,
partsupp_yfcc_wiki_1,4way,B3,0.01,0.3,536954,8142,6302.24054381478,1.291921490999073,385,385,1.2597637251019478,408.37432861328125,2.944667100906372,
partsupp_yfcc_wiki_1,4way,B3,0.01,0.3,752067,7984,12473.952962115434,1.56236885798039,385,385,1.2576403096318245,351.4053039550781,2.5798802375793457,
partsupp_yfcc_wiki_1,4way,B3,0.01,0.3,602570,8029,8265.05968945352,1.0294008829808843,385,385,1.2717442587018013,386.77215576171875,2.6612396240234375,
partsupp_yfcc_wiki_1,4way,B3,0.01,0.3,345404,8017,4065.3076923076924,1.9720524513235822,385,385,1.2520765885710716,380.667724609375,2.7372653484344482,
partsupp_yfcc_wiki_1,4way,B3,0.01,0.3,628777,7851,4176.846681922197,1.8796476380088118,385,385,1.249406486749649,390.7913818359375,2.7295992374420166,
partsupp_yfcc_wiki_1,4way,B3,0.01,0.3,137071,8113,10478.449160945842,1.2915628202817504,385,385,1.2709954753518105,387.11431884765625,2.437206745147705,
partsupp_yfcc_wiki_1,4way,B3,0.01,0.3,296404,8012,12441.146410962047,1.552814080249881,385,385,1.254446804523468,364.69561767578125,3.154475212097168,
partsupp_yfcc_wiki_1,4way,B3,0.01,0.3,703153,7997,8340.75367882622,1.0429853293517846,385,385,1.2629758566617966,385.7873840332031,3.1921608448028564,
partsupp_yfcc_wiki_1,4way,B3,0.01,0.3,438962,7968,16715.47221754845,2.0978253285075867,385,385,1.2614093720912933,364.2394714355469,2.468273162841797,
partsupp_yfcc_wiki_1,4way,B3,0.01,0.3,33248,7959,10321.587719298246,1.2968447944840114,385,385,1.2507131323218346,350.9059753417969,2.1035821437835693,
partsupp_yfcc_wiki_1,4way,B3,0.01,0.3,779894,8233,16570.69230769231,2.01271617972699,385,385,1.259729266166687,347.6433410644531,2.428924083709717,
partsupp_yfcc_wiki_1,4way,B3,0.01,0.3,304120,8030,8366.384210526316,1.041890935308383,385,385,1.2655891478061676,353.7880859375,2.57894229888916,
partsupp_yfcc_wiki_1,4way,B3,0.01,0.3,73745,7731,6294.888421052632,1.2281393223975876,385,385,1.2492509558796883,394.4474792480469,2.5097620487213135,
partsupp_yfcc_wiki_1,4way,B3,0.01,0.3,516733,7872,8303.21032388664,1.0547777342335671,385,385,1.277412287890911,336.5292053222656,2.8653626441955566,
partsupp_yfcc_wiki_1,4way,B3,0.01,0.3,181346,8087,6244.736842105263,1.2950105351875263,385,385,1.291343942284584,428.6324768066406,3.1206812858581543,
partsupp_yfcc_wiki_1,4way,B3,0.01,0.3,620747,7963,12483.087099542334,1.5676362048904098,385,385,1.2528523802757263,350.1796875,2.927414894104004,
partsupp_yfcc_wiki_1,4way,B3,0.01,0.3,738510,8145,6271.534210526316,1.298725276237704,385,385,1.2533077970147133,380.28765869140625,2.402500629425049,
partsupp_yfcc_wiki_1,4way,B3,0.01,0.3,111011,7878,6246.485517241379,1.2611891884252928,385,385,1.2558773159980774,377.218505859375,2.744110584259033,
partsupp_yfcc_wiki_1,4way,B3,0.01,0.3,426052,8136,12652.823421052632,1.5551651205816903,385,385,1.2512961402535439,360.2164611816406,2.700775384902954,
partsupp_yfcc_wiki_1,4way,B3,0.01,0.3,724169,8440,10343.692780026991,1.2255560165908757,385,385,1.241929829120636,380.0748596191406,2.68540358543396,
partsupp_yfcc_wiki_1,4way,B3,0.01,0.3,588630,8235,4134.016666666666,1.9920093855451317,385,385,1.2484155595302582,370.726318359375,2.7094972133636475,
partsupp_yfcc_wiki_1,4way,B3,0.01,0.3,790256,8167,2105.695652173913,3.878528215399228,385,385,1.2513240799307823,412.1048278808594,2.567054033279419,
partsupp_yfcc_wiki_1,4way,B3,0.01,0.3,201003,8325,6279.899862700228,1.3256580808631588,385,385,1.253700815141201,397.5360412597656,2.689554452896118,
partsupp_yfcc_wiki_1,4way,B3,0.01,0.3,6443,8234,4239.7,1.9421185461235466,385,385,1.2451522052288055,392.9132385253906,2.4705615043640137,
partsupp_yfcc_wiki_1,4way,B3,0.01,0.3,642763,8040,16851.190350877194,2.095919197870298,385,385,1.254245638847351,369.4332275390625,2.4056813716888428,
partsupp_yfcc_wiki_1,4way,B3,0.01,0.3,193392,8153,12296.597044159545,1.5082297368035749,385,385,1.2470381334424019,329.56744384765625,2.846799373626709,
partsupp_yfcc_wiki_1,4way,B3,0.01,0.3,203755,8062,4100.7037037037035,1.9660040282155729,385,385,1.242191530764103,362.5753479003906,2.872863292694092,
partsupp_yfcc_wiki_1,4way,B3,0.01,0.3,94462,8390,6257.986111111111,1.34068690007213,385,385,1.3106027618050575,375.15423583984375,2.8380818367004395,
partsupp_yfcc_wiki_1,4way,B3,0.01,0.3,590890,8205,6310.797385620915,1.3001526587899979,385,385,1.2533850967884064,373.388427734375,2.8598101139068604,
partsupp_yfcc_wiki_1,4way,B3,0.01,0.3,783383,8028,0.0,,385,385,1.2492723762989044,360.99334716796875,2.81827974319458,
partsupp_yfcc_wiki_1,4way,B3,0.01,0.3,737605,8104,6350.256842105264,1.276168854504683,385,385,1.2394683435559273,343.82684326171875,2.8511314392089844,
partsupp_yfcc_wiki_1,4way,B3,0.01,0.3,516560,7958,2087.375,3.8124438589137073,385,385,1.2407423928380013,350.1656799316406,3.073276996612549,
partsupp_yfcc_wiki_1,4way,B3,0.01,0.3,137642,8105,6134.873229847494,1.3211356936549903,385,385,1.214396208524704,339.3409729003906,2.7730391025543213,
partsupp_yfcc_wiki_1,4way,B3,0.01,0.3,37803,7912,4208.368421052632,1.8800635325604371,385,385,1.2424765154719353,351.4440002441406,2.835411787033081,
partsupp_yfcc_wiki_1,4way,B3,0.01,0.3,254800,8086,4176.375,1.9361288198497502,385,385,1.1440087109804153,340.35260009765625,2.7787673473358154,
partsupp_yfcc_wiki_1,4way,B3,0.01,0.3,605930,8107,14690.770673486786,1.8121093713441208,385,385,1.2043928727507591,357.8030090332031,2.638248920440674,
partsupp_yfcc_wiki_1,4way,B3,0.01,0.3,209329,8090,10419.338361426442,1.287928104008213,385,385,1.233372837305069,371.36248779296875,2.5807759761810303,
partsupp_yfcc_wiki_1,4way,B3,0.01,0.3,766585,8067,8226.30865449628,1.0197481907147987,385,385,1.2212153524160385,358.3327941894531,2.9337518215179443,
partsupp_yfcc_wiki_1,4way,B3,0.01,0.3,488782,8215,4200.274599542334,1.9558245074965135,385,385,1.2114616110920906,433.1639404296875,3.0121567249298096,
partsupp_yfcc_wiki_1,4way,B3,0.01,0.3,374559,8155,4168.379862700229,1.9563955945985412,385,385,1.2352531775832176,353.9023742675781,2.954691171646118,
partsupp_yfcc_wiki_1,4way,B3,0.01,0.3,111780,7850,6171.003344481605,1.2720783901405321,385,385,1.268964260816574,363.0238037109375,3.104321241378784,
partsupp_yfcc_wiki_1,4way,B3,0.01,0.3,178188,7954,6279.959259259259,1.2665687262656222,385,385,1.2508518993854523,377.47821044921875,2.789363145828247,
partsupp_yfcc_wiki_1,4way,B3,0.01,0.3,539857,8214,8379.913312693498,1.0201988449833816,385,385,1.2442497536540031,362.4388122558594,2.654690980911255,
partsupp_yfcc_wiki_1,4way,B3,0.01,0.3,781264,7852,8342.515096618357,1.062470083624345,385,385,1.245860941708088,361.4816589355469,2.5626325607299805,
partsupp_yfcc_wiki_1,4way,B3,0.01,0.3,771184,7897,6326.111842105263,1.2483181134167178,385,385,1.2538917362689972,351.8717041015625,2.5855629444122314,
partsupp_yfcc_wiki_1,4way,B3,0.01,0.3,140785,7866,6295.743421052632,1.2494155930333046,385,385,1.253603957593441,359.9602966308594,2.6899919509887695,
partsupp_yfcc_wiki_1,4way,B3,0.01,0.3,2505,7913,4139.860681114551,1.9114169798268739,385,385,1.2703752145171165,359.88861083984375,2.455249309539795,
partsupp_yfcc_wiki_1,4way,B3,0.01,0.3,526089,7980,18580.45394736842,2.328377687640153,385,385,1.2207664549350739,383.97265625,2.6229450702667236,
partsupp_yfcc_wiki_1,4way,B3,0.01,0.3,608072,8101,10351.22320014082,1.277771040629653,385,385,1.21275894343853,346.11370849609375,2.957862377166748,
partsupp_yfcc_wiki_1,4way,B3,0.01,0.3,224837,7969,8286.784295352325,1.0398775624736258,385,385,1.2317532673478127,397.8076171875,3.115856409072876,
partsupp_yfcc_wiki_1,4way,B3,0.01,0.3,386133,8022,8333.30504385965,1.0388064128471266,385,385,1.2433761730790138,342.8289794921875,2.7471389770507812,
partsupp_yfcc_wiki_1,4way,B3,0.01,0.3,487850,8029,14530.437719298247,1.8097443914931182,385,385,1.234595663845539,380.78839111328125,2.3273634910583496,
partsupp_yfcc_wiki_1,4way,B3,0.01,0.3,340195,7980,12408.52606153064,1.5549531405426866,385,385,1.2505268678069115,371.31103515625,2.8599026203155518,
partsupp_yfcc_wiki_1,4way,B3,0.01,0.3,122774,7737,4065.3076923076924,1.9031769759125055,385,385,1.2518661096692085,329.8543701171875,2.306730031967163,
partsupp_yfcc_wiki_1,4way,B3,0.01,0.3,690833,7825,4216.080267558528,1.8559893321317968,385,385,1.2381980195641518,366.0273132324219,3.103199005126953,
partsupp_yfcc_wiki_1,4way,B3,0.01,0.3,686759,8095,6168.8125,1.312246076534179,385,385,1.220126636326313,337.1468505859375,3.090532064437866,
partsupp_yfcc_wiki_1,4way,B3,0.01,0.3,154430,7904,6252.90350877193,1.2640527698711195,385,385,1.237909309566021,364.3690490722656,2.479921579360962,
partsupp_yfcc_wiki_1,4way,B3,0.01,0.3,630926,7916,0.0,,385,385,1.2174593284726143,366.92559814453125,3.065295457839966,
partsupp_yfcc_wiki_1,4way,B3,0.01,0.3,255248,7806,6359.549999999999,1.227445338113546,385,385,1.2134639546275139,371.5652160644531,2.471759796142578,
partsupp_yfcc_wiki_1,4way,B3,0.01,0.3,48107,8140,10292.597254004577,1.2644468371012993,385,385,1.2240074574947357,411.21636962890625,2.8765604496002197,
partsupp_yfcc_wiki_1,4way,B3,0.01,0.3,717611,8057,12400.47616209327,1.5390934792222004,385,385,1.2476909905672073,345.2961120605469,2.2551217079162598,
partsupp_yfcc_wiki_1,4way,B3,0.01,0.3,559097,8418,10452.96868861116,1.241740162581511,385,385,1.306425780057907,372.0413818359375,3.0143213272094727,
partsupp_yfcc_wiki_1,4way,B3,0.01,0.3,527854,8192,2014.1666666666667,4.067190732312785,385,385,1.2780744582414627,369.9187927246094,2.7587831020355225,
partsupp_yfcc_wiki_1,4way,B3,0.01,0.3,692258,8211,8442.16865497076,1.0281535324528996,385,385,1.2330086901783943,347.03875732421875,3.455446243286133,
partsupp_yfcc_wiki_1,4way,B3,0.01,0.3,344709,8089,4207.225,1.9226449738247893,385,385,1.2286566197872162,361.9986267089844,2.3495209217071533,
partsupp_yfcc_wiki_1,4way,B3,0.01,0.3,414737,8009,6218.523344481605,1.2879263381888382,385,385,1.2431666254997253,366.08441162109375,3.0020830631256104,
partsupp_yfcc_wiki_1,4way,B3,0.01,0.3,362610,8086,8376.920652173914,1.0359783146393662,385,385,1.2345686554908752,413.45880126953125,2.879486083984375,
partsupp_yfcc_wiki_1,4way,B3,0.01,0.3,129857,8023,4175.52,1.9214373299612981,385,385,1.2302519753575325,367.2027893066406,2.723562479019165,
partsupp_yfcc_wiki_1,4way,B3,0.01,0.3,210898,8022,6358.586842105264,1.2616010757107152,385,385,1.2127552181482315,366.9675598144531,2.4897570610046387,
partsupp_yfcc_wiki_1,4way,B3,0.01,0.3,793779,7865,4152.057208237986,1.8942417229693425,385,385,1.256665214896202,355.618896484375,2.6217916011810303,
partsupp_yfcc_wiki_1,4way,B3,0.01,0.3,634727,8085,8276.743421052632,1.0237159457084268,385,385,1.2447182089090347,372.3201599121094,2.382875442504883,
partsupp_yfcc_wiki_1,4way,B3,0.01,0.3,351141,8257,10482.08746503941,1.2694789227370002,385,385,1.2384084984660149,348.8105773925781,2.7925963401794434,
partsupp_yfcc_wiki_1,4way,B3,0.01,0.3,611020,8228,10463.297309941521,1.2716695806929412,385,385,1.26557145267725,378.19769287109375,2.54848575592041,
partsupp_yfcc_wiki_1,4way,B3,0.01,0.4,145860,8141,12545.229558176377,1.540993681141921,385,385,1.2855175882577896,364.46563720703125,2.7791433334350586,
partsupp_yfcc_wiki_1,4way,B3,0.01,0.4,359095,8021,6303.7,1.2724273045988863,385,385,1.2443345040082932,383.42626953125,2.330082654953003,
partsupp_yfcc_wiki_1,4way,B3,0.01,0.4,286093,8295,6246.0526315789475,1.3280387613229407,385,385,1.232861541211605,385.6861267089844,2.1552388668060303,
partsupp_yfcc_wiki_1,4way,B3,0.01,0.4,781121,7996,2119.85,3.7719649975234097,385,385,1.2343693524599075,408.2724609375,2.2795467376708984,
partsupp_yfcc_wiki_1,4way,B3,0.01,0.4,142780,8214,2014.1666666666667,4.0781133636739755,385,385,1.2178579345345497,357.7455749511719,2.7598116397857666,
partsupp_yfcc_wiki_1,4way,B3,0.01,0.4,428790,8003,6252.90350877193,1.2798854146354464,385,385,1.2576775625348091,373.8810119628906,2.257038116455078,
partsupp_yfcc_wiki_1,4way,B3,0.01,0.4,322723,8230,12555.627680311893,1.5255926707547864,385,385,1.2641148641705513,378.48870849609375,2.8452041149139404,
partsupp_yfcc_wiki_1,4way,B3,0.01,0.4,588557,8065,6228.824307144673,1.294786881490488,385,385,1.2617697939276695,372.0467529296875,2.8811392784118652,
partsupp_yfcc_wiki_1,4way,B3,0.01,0.4,263638,8119,8336.955941181455,1.0268451707330282,385,385,1.2574801221489906,368.9966125488281,3.1491057872772217,
partsupp_yfcc_wiki_1,4way,B3,0.01,0.4,693614,7984,10434.956140350878,1.3069834845128856,385,385,1.2642955407500267,392.36932373046875,2.3145997524261475,
partsupp_yfcc_wiki_1,4way,B3,0.01,0.4,546912,8033,8356.654150900125,1.0402905702601923,385,385,1.247284933924675,361.6460876464844,3.094848394393921,
partsupp_yfcc_wiki_1,4way,B3,0.01,0.4,444449,8133,4194.695652173913,1.9388772569912311,385,385,1.2312494218349457,391.6747131347656,2.622706890106201,
partsupp_yfcc_wiki_1,4way,B3,0.01,0.4,663176,8132,6296.507246376811,1.2915096706478633,385,385,1.2251818552613258,337.7731628417969,2.3369600772857666,
partsupp_yfcc_wiki_1,4way,B3,0.01,0.4,763999,8127,12445.551754385966,1.5313832600450308,385,385,1.213948242366314,372.2793273925781,2.7435648441314697,
partsupp_yfcc_wiki_1,4way,B3,0.01,0.4,782168,7746,4182.0526315789475,1.8522005059212927,385,385,1.2314822524785995,349.2619323730469,2.321883201599121,
partsupp_yfcc_wiki_1,4way,B3,0.01,0.4,673362,8301,8420.78947368421,1.014430728067005,385,385,1.2239115312695503,369.7781677246094,2.6439919471740723,
partsupp_yfcc_wiki_1,4way,B3,0.01,0.4,83904,7982,8310.929295352325,1.0412088819033232,385,385,1.2442469596862793,319.8409118652344,2.928945541381836,
partsupp_yfcc_wiki_1,4way,B3,0.01,0.4,695261,8056,8344.754862700229,1.0358434536618952,385,385,1.2604929506778717,324.0319519042969,2.5670652389526367,
partsupp_yfcc_wiki_1,4way,B3,0.01,0.4,386245,8226,8393.590652173913,1.0203732861869574,385,385,1.2552747502923012,381.8100280761719,2.7859504222869873,
partsupp_yfcc_wiki_1,4way,B3,0.01,0.4,69504,8210,12326.419891640868,1.5013909734032727,385,385,1.249188557267189,352.2740478515625,3.0938942432403564,
partsupp_yfcc_wiki_1,4way,B3,0.01,0.4,681535,8136,4159.9655172413795,1.9557854425185883,385,385,1.2498768046498299,364.0436706542969,3.186352491378784,
partsupp_yfcc_wiki_1,4way,B3,0.01,0.4,696279,8138,10397.394989106753,1.2776351670074653,385,385,1.2465687468647957,371.8330078125,2.6614370346069336,
partsupp_yfcc_wiki_1,4way,B3,0.01,0.4,340223,8023,2077.176470588235,3.8624546896239242,385,385,1.2556323781609535,387.0399169921875,2.7366652488708496,
partsupp_yfcc_wiki_1,4way,B3,0.01,0.4,690943,8117,8239.65070662768,1.015110349467498,385,385,1.2408718466758728,385.08843994140625,3.105254888534546,
partsupp_yfcc_wiki_1,4way,B3,0.01,0.4,636616,7950,4165.5444646098,1.9085140172053598,385,385,1.2605590745806694,376.94268798828125,2.822864055633545,
partsupp_yfcc_wiki_1,4way,B3,0.01,0.4,48106,8045,10487.026697177727,1.3035458915074862,385,385,1.233881339430809,391.63043212890625,2.8765604496002197,
partsupp_yfcc_wiki_1,4way,B3,0.01,0.4,352770,8107,18786.24471835944,2.317286877804298,385,385,1.2395093217492104,365.34051513671875,3.0234601497650146,
partsupp_yfcc_wiki_1,4way,B3,0.01,0.4,536954,8142,4183.368421052632,1.9462784963011424,385,385,1.2200977653265,408.37432861328125,2.944667100906372,
partsupp_yfcc_wiki_1,4way,B3,0.01,0.4,752067,7984,4124.444444444444,1.9357758620689656,385,385,1.23650673776865,351.4053039550781,2.5798802375793457,
partsupp_yfcc_wiki_1,4way,B3,0.01,0.4,602570,8029,14618.00440376303,1.8206506917129195,385,385,1.2305472046136856,386.77215576171875,2.6612396240234375,
partsupp_yfcc_wiki_1,4way,B3,0.01,0.4,345404,8017,10410.1375,1.2985078583011103,385,385,1.2131258845329285,380.667724609375,2.7372653484344482,
partsupp_yfcc_wiki_1,4way,B3,0.01,0.4,628777,7851,8308.071131101116,1.0582182054644143,385,385,1.2264121323823929,390.7913818359375,2.7295992374420166,
partsupp_yfcc_wiki_1,4way,B3,0.01,0.4,137071,8113,8373.235087719298,1.0320763081128188,385,385,1.2261848896741867,387.11431884765625,2.437206745147705,
partsupp_yfcc_wiki_1,4way,B3,0.01,0.4,296404,8012,8079.466261808368,1.0084206517484233,385,385,1.241796649992466,364.69561767578125,3.154475212097168,
partsupp_yfcc_wiki_1,4way,B3,0.01,0.4,703153,7997,4252.701754385966,1.8804516427121662,385,385,1.2358110398054123,385.7873840332031,3.1921608448028564,
partsupp_yfcc_wiki_1,4way,B3,0.01,0.4,438962,7968,12501.929594158028,1.569017268343126,385,385,1.1400692164897919,364.2394714355469,2.468273162841797,
partsupp_yfcc_wiki_1,4way,B3,0.01,0.4,33248,7959,6202.544891640867,1.283182973931603,385,385,1.2482646852731705,350.9059753417969,2.1035821437835693,
partsupp_yfcc_wiki_1,4way,B3,0.01,0.4,779894,8233,10290.363668368245,1.2498923440262657,385,385,1.280483789741993,347.6433410644531,2.428924083709717,
partsupp_yfcc_wiki_1,4way,B3,0.01,0.4,304120,8030,10585.095652173914,1.3181937300341113,385,385,1.2729670852422714,353.7880859375,2.57894229888916,
partsupp_yfcc_wiki_1,4way,B3,0.01,0.4,73745,7731,10287.008569500675,1.330618104967103,385,385,1.2608813121914864,394.4474792480469,2.5097620487213135,
partsupp_yfcc_wiki_1,4way,B3,0.01,0.4,516733,7872,4214.428947368421,1.8678687191809091,385,385,1.2636268511414528,336.5292053222656,2.8653626441955566,
partsupp_yfcc_wiki_1,4way,B3,0.01,0.4,181346,8087,10356.81013645224,1.2806739379809868,385,385,1.2124571949243546,428.6324768066406,3.1206812858581543,
partsupp_yfcc_wiki_1,4way,B3,0.01,0.4,620747,7963,4103.166666666667,1.9406962102441203,385,385,1.245969906449318,350.1796875,2.927414894104004,
partsupp_yfcc_wiki_1,4way,B3,0.01,0.4,738510,8145,8136.150472334683,1.001087679940951,385,385,1.2177396565675735,380.28765869140625,2.402500629425049,
partsupp_yfcc_wiki_1,4way,B3,0.01,0.4,111011,7878,2119.3684210526317,3.71714512764478,385,385,1.2739496305584908,377.218505859375,2.744110584259033,
partsupp_yfcc_wiki_1,4way,B3,0.01,0.4,426052,8136,8453.928421052631,1.03907674791699,385,385,1.22158695012331,360.2164611816406,2.700775384902954,
partsupp_yfcc_wiki_1,4way,B3,0.01,0.4,724169,8440,10421.593421052632,1.2347859503616863,385,385,1.2195724993944168,380.0748596191406,2.68540358543396,
partsupp_yfcc_wiki_1,4way,B3,0.01,0.4,588630,8235,6301.902631578948,1.3067482126325256,385,385,1.2315064668655396,370.726318359375,2.7094972133636475,
partsupp_yfcc_wiki_1,4way,B3,0.01,0.4,790256,8167,2105.695652173913,3.878528215399228,385,385,1.215207390487194,412.1048278808594,2.567054033279419,
partsupp_yfcc_wiki_1,4way,B3,0.01,0.4,201003,8325,10383.150696033565,1.2472253088328606,385,385,1.2200046330690384,397.5360412597656,2.689554452896118,
partsupp_yfcc_wiki_1,4way,B3,0.01,0.4,6443,8234,2156.4444444444443,3.8183223413025558,385,385,9.477182291448116,392.9132385253906,2.4705615043640137,
partsupp_yfcc_wiki_1,4way,B3,0.01,0.4,642763,8040,2119.85,3.792721183102578,385,385,2.3408671841025352,369.4332275390625,2.4056813716888428,
partsupp_yfcc_wiki_1,4way,B3,0.01,0.4,193392,8153,4151.375,1.963927614344645,385,385,8.18556547164917,329.56744384765625,2.846799373626709,
partsupp_yfcc_wiki_1,4way,B3,0.01,0.4,203755,8062,2111.52,3.8181025990755475,385,385,2.0991358906030655,362.5753479003906,2.872863292694092,
partsupp_yfcc_wiki_1,4way,B3,0.01,0.4,94462,8390,4182.534210526315,2.005960878666485,385,385,1.9763018935918808,375.15423583984375,2.8380818367004395,
partsupp_yfcc_wiki_1,4way,B3,0.01,0.4,590890,8205,4111.224776500639,1.9957556314845597,385,385,1.8788781017065048,373.388427734375,2.8598101139068604,
partsupp_yfcc_wiki_1,4way,B3,0.01,0.4,783383,8028,10358.709035759897,1.290322500717476,385,385,7.876197807490826,360.99334716796875,2.81827974319458,
partsupp_yfcc_wiki_1,4way,B3,0.01,0.4,737605,8104,10470.900892448513,1.2920657567187208,385,385,1.7344774678349495,343.82684326171875,2.8511314392089844,
partsupp_yfcc_wiki_1,4way,B3,0.01,0.4,516560,7958,2119.3684210526317,3.7548922221118506,385,385,1.657792367041111,350.1656799316406,3.073276996612549,
partsupp_yfcc_wiki_1,4way,B3,0.01,0.4,137642,8105,12271.137484233459,1.5140206643101122,385,385,7.6721059158444405,339.3409729003906,2.7730391025543213,
partsupp_yfcc_wiki_1,4way,B3,0.01,0.4,37803,7912,4117.435729847494,1.9215843352806998,385,385,1.6413507983088493,351.4440002441406,2.835411787033081,
partsupp_yfcc_wiki_1,4way,B3,0.01,0.4,254800,8086,0.0,,385,385,1.5836134552955627,340.35260009765625,2.7787673473358154,
partsupp_yfcc_wiki_1,4way,B3,0.01,0.4,605930,8107,18785.029915320978,2.3171370316172415,385,385,1.566021703183651,357.8030090332031,2.638248920440674,
partsupp_yfcc_wiki_1,4way,B3,0.01,0.4,209329,8090,10498.929102167182,1.2977662672641757,385,385,7.60840717703104,371.36248779296875,2.5807759761810303,
partsupp_yfcc_wiki_1,4way,B3,0.01,0.4,766585,8067,2040.2592592592594,3.9539092707898416,385,385,1.5325285494327545,358.3327941894531,2.9337518215179443,
partsupp_yfcc_wiki_1,4way,B3,0.01,0.4,488782,8215,8346.356821589205,1.0159898748130498,385,385,1.5355395153164864,433.1639404296875,3.0121567249298096,
partsupp_yfcc_wiki_1,4way,B3,0.01,0.4,374559,8155,8260.206627680313,1.0129008740257894,385,385,1.4849407598376274,353.9023742675781,2.954691171646118,
partsupp_yfcc_wiki_1,4way,B3,0.01,0.4,111780,7850,12590.739482485478,1.6039158576414623,385,385,1.4491407200694084,363.0238037109375,3.104321241378784,
partsupp_yfcc_wiki_1,4way,B3,0.01,0.4,178188,7954,4239.218421052632,1.8762892613645885,385,385,1.4225011691451073,377.47821044921875,2.789363145828247,
partsupp_yfcc_wiki_1,4way,B3,0.01,0.4,539857,8214,14541.494346978558,1.770330453734911,385,385,1.3916557654738426,362.4388122558594,2.654690980911255,
partsupp_yfcc_wiki_1,4way,B3,0.01,0.4,781264,7852,10519.535535117056,1.3397268893424676,385,385,1.3652322813868523,361.4816589355469,2.5626325607299805,
partsupp_yfcc_wiki_1,4way,B3,0.01,0.4,771184,7897,8445.961842105264,1.0695152389648301,385,385,1.3587567955255508,351.8717041015625,2.5855629444122314,
partsupp_yfcc_wiki_1,4way,B3,0.01,0.4,140785,7866,6174.1321839080465,1.274025201550034,385,385,7.094146683812141,359.9602966308594,2.6899919509887695,
partsupp_yfcc_wiki_1,4way,B3,0.01,0.4,2505,7913,12418.531189083822,1.5693834435844587,385,385,1.3718465343117714,359.88861083984375,2.455249309539795,
partsupp_yfcc_wiki_1,4way,B3,0.01,0.4,526089,7980,10398.910087719298,1.303121564877105,385,385,1.3339510187506676,383.97265625,2.6229450702667236,
partsupp_yfcc_wiki_1,4way,B3,0.01,0.4,608072,8101,6231.86287625418,1.2999323253513742,385,385,1.3280240818858147,346.11370849609375,2.957862377166748,
partsupp_yfcc_wiki_1,4way,B3,0.01,0.4,224837,7969,4190.333938294011,1.901757739919978,385,385,1.3473257422447205,397.8076171875,3.115856409072876,
partsupp_yfcc_wiki_1,4way,B3,0.01,0.4,386133,8022,4121.157692307692,1.9465404138680227,385,385,1.3836249709129333,342.8289794921875,2.7471389770507812,
partsupp_yfcc_wiki_1,4way,B3,0.01,0.4,487850,8029,6160.121578099839,1.3033833664167125,385,385,1.3413801789283752,380.78839111328125,2.3273634910583496,
partsupp_yfcc_wiki_1,4way,B3,0.01,0.4,340195,7980,8266.117382829052,1.0358543086251946,385,385,1.3688262552022934,371.31103515625,2.8599026203155518,
partsupp_yfcc_wiki_1,4way,B3,0.01,0.4,122774,7737,2062.684210526316,3.750937715291776,385,385,1.3285279273986816,329.8543701171875,2.306730031967163,
partsupp_yfcc_wiki_1,4way,B3,0.01,0.4,690833,7825,8261.868651144514,1.055829859571184,385,385,1.330466940999031,366.0273132324219,3.103199005126953,
partsupp_yfcc_wiki_1,4way,B3,0.01,0.4,686759,8095,10433.703195186034,1.2889071272620178,385,385,1.3176510110497475,337.1468505859375,3.090532064437866,
partsupp_yfcc_wiki_1,4way,B3,0.01,0.4,154430,7904,10500.861842105263,1.3285503342744513,385,385,1.294751651585102,364.3690490722656,2.479921579360962,
partsupp_yfcc_wiki_1,4way,B3,0.01,0.4,630926,7916,6327.600267558529,1.251027192818289,385,385,1.3236813247203827,366.92559814453125,3.065295457839966,
partsupp_yfcc_wiki_1,4way,B3,0.01,0.4,255248,7806,12620.576470588236,1.6167789483202966,385,385,1.2846644967794418,371.5652160644531,2.471759796142578,
partsupp_yfcc_wiki_1,4way,B3,0.01,0.4,48107,8140,14459.299914187643,1.7763267707847226,385,385,1.2671221047639847,411.21636962890625,2.8765604496002197,
partsupp_yfcc_wiki_1,4way,B3,0.01,0.4,717611,8057,8311.48425925926,1.0315854858209332,385,385,1.2661376968026161,345.2961120605469,2.2551217079162598,
partsupp_yfcc_wiki_1,4way,B3,0.01,0.4,559097,8418,2111.52,3.986701523073426,385,385,1.275327056646347,372.0413818359375,3.0143213272094727,
partsupp_yfcc_wiki_1,4way,B3,0.01,0.4,527854,8192,12413.076754385966,1.5152681584943806,385,385,1.2594135478138924,369.9187927246094,2.7587831020355225,
partsupp_yfcc_wiki_1,4way,B3,0.01,0.4,692258,8211,4117.922705314009,1.9939665184594269,385,385,1.2835944071412086,347.03875732421875,3.455446243286133,
partsupp_yfcc_wiki_1,4way,B3,0.01,0.4,344709,8089,10395.277631578949,1.2851128237827851,385,385,1.2998590245842934,361.9986267089844,2.3495209217071533,
partsupp_yfcc_wiki_1,4way,B3,0.01,0.4,414737,8009,6317.086956521739,1.267831210037648,385,385,1.2881243601441383,366.08441162109375,3.0020830631256104,
partsupp_yfcc_wiki_1,4way,B3,0.01,0.4,362610,8086,6309.708333333334,1.2815172386467941,385,385,1.2855054810643196,413.45880126953125,2.879486083984375,
partsupp_yfcc_wiki_1,4way,B3,0.01,0.4,129857,8023,10533.455,1.3129072666085007,385,385,1.3232911005616188,367.2027893066406,2.723562479019165,
partsupp_yfcc_wiki_1,4way,B3,0.01,0.4,210898,8022,2111.52,3.7991588997499433,385,385,1.2728702276945114,366.9675598144531,2.4897570610046387,
partsupp_yfcc_wiki_1,4way,B3,0.01,0.4,793779,7865,2062.684210526316,3.8129927789543516,385,385,1.234482042491436,355.618896484375,2.6217916011810303,
partsupp_yfcc_wiki_1,4way,B3,0.01,0.4,634727,8085,10366.630060728745,1.2822053260023185,385,385,1.2512970715761185,372.3201599121094,2.382875442504883,
partsupp_yfcc_wiki_1,4way,B3,0.01,0.4,351141,8257,10417.747122762148,1.2616867049487888,385,385,1.256410963833332,348.8105773925781,2.7925963401794434,
partsupp_yfcc_wiki_1,4way,B3,0.01,0.4,611020,8228,14651.818382738456,1.7807265900265503,385,385,1.227913424372673,378.19769287109375,2.54848575592041,
partsupp_yfcc_wiki_1,4way,B3,0.01,0.5,145860,8141,10413.904615384616,1.2791923124167321,385,385,1.2648878619074821,364.46563720703125,2.7791433334350586,
partsupp_yfcc_wiki_1,4way,B3,0.01,0.5,359095,8021,6358.586842105264,1.2614438080622845,385,385,1.2688105925917625,383.42626953125,2.330082654953003,
partsupp_yfcc_wiki_1,4way,B3,0.01,0.5,286093,8295,4239.7,1.9565063565818337,385,385,1.2873392552137375,385.6861267089844,2.1552388668060303,
partsupp_yfcc_wiki_1,4way,B3,0.01,0.5,781121,7996,4238.736842105263,1.8864110459918544,385,385,1.2678587809205055,408.2724609375,2.2795467376708984,
partsupp_yfcc_wiki_1,4way,B3,0.01,0.5,142780,8214,8379.079102167183,1.020097285386801,385,385,1.2844447046518326,357.7455749511719,2.7598116397857666,
partsupp_yfcc_wiki_1,4way,B3,0.01,0.5,428790,8003,12474.295175438598,1.5587023835359988,385,385,1.2641558423638344,373.8810119628906,2.257038116455078,
partsupp_yfcc_wiki_1,4way,B3,0.01,0.5,322723,8230,6199.88693957115,1.3274435615061835,385,385,1.2361444532871246,378.48870849609375,2.8452041149139404,
partsupp_yfcc_wiki_1,4way,B3,0.01,0.5,588557,8065,4114.95652173913,1.9599235028105322,385,385,1.2400634586811066,372.0467529296875,2.8811392784118652,
partsupp_yfcc_wiki_1,4way,B3,0.01,0.5,263638,8119,12576.939783281734,1.549074982544862,385,385,1.2445254251360893,368.9966125488281,3.1491057872772217,
partsupp_yfcc_wiki_1,4way,B3,0.01,0.5,693614,7984,8384.071681922196,1.0501091785974694,385,385,1.2426134198904037,392.36932373046875,2.3145997524261475,
partsupp_yfcc_wiki_1,4way,B3,0.01,0.5,546912,8033,10161.947921352526,1.2650252609675745,385,385,1.2457044795155525,361.6460876464844,3.094848394393921,
partsupp_yfcc_wiki_1,4way,B3,0.01,0.5,444449,8133,2014.1666666666667,4.037898220935043,385,385,1.2398865073919296,391.6747131347656,2.622706890106201,
partsupp_yfcc_wiki_1,4way,B3,0.01,0.5,663176,8132,10403.064891640866,1.2792750727546565,385,385,1.2382371351122856,337.7731628417969,2.3369600772857666,
partsupp_yfcc_wiki_1,4way,B3,0.01,0.5,763999,8127,14611.619703103914,1.797910631611162,385,385,1.2476751580834389,372.2793273925781,2.7435648441314697,
partsupp_yfcc_wiki_1,4way,B3,0.01,0.5,782168,7746,6196.700877192982,1.2500199950766107,385,385,1.2689894065260887,349.2619323730469,2.321883201599121,
partsupp_yfcc_wiki_1,4way,B3,0.01,0.5,673362,8301,14670.718148820328,1.7673434705240727,385,385,1.260208897292614,369.7781677246094,2.6439919471740723,
partsupp_yfcc_wiki_1,4way,B3,0.01,0.5,83904,7982,10484.346439007217,1.3134986768989247,385,385,1.3083433732390404,319.8409118652344,2.928945541381836,
partsupp_yfcc_wiki_1,4way,B3,0.01,0.5,695261,8056,6274.693913043478,1.2838873276756408,385,385,1.2593502178788185,324.0319519042969,2.5670652389526367,
partsupp_yfcc_wiki_1,4way,B3,0.01,0.5,386245,8226,6330.759725400458,1.2993701161955973,385,385,1.2661004438996315,381.8100280761719,2.7859504222869873,
partsupp_yfcc_wiki_1,4way,B3,0.01,0.5,69504,8210,14541.273116615068,1.7711660312564028,385,385,1.2546814978122711,352.2740478515625,3.0938942432403564,
partsupp_yfcc_wiki_1,4way,B3,0.01,0.5,681535,8136,14625.714257038147,1.797654161386203,385,385,1.260107383131981,364.0436706542969,3.186352491378784,
partsupp_yfcc_wiki_1,4way,B3,0.01,0.5,696279,8138,6246.0526315789475,1.302902886033284,385,385,1.2353342026472092,371.8330078125,2.6614370346069336,
partsupp_yfcc_wiki_1,4way,B3,0.01,0.5,340223,8023,2119.85,3.784701747765172,385,385,1.2248018756508827,387.0399169921875,2.7366652488708496,
partsupp_yfcc_wiki_1,4way,B3,0.01,0.5,690943,8117,4183.368421052632,1.9403024508077096,385,385,1.2272093445062637,385.08843994140625,3.105254888534546,
partsupp_yfcc_wiki_1,4way,B3,0.01,0.5,636616,7950,10377.264789676556,1.3053163257454787,385,385,1.2186188250780106,376.94268798828125,2.822864055633545,
partsupp_yfcc_wiki_1,4way,B3,0.01,0.5,48106,8045,8229.91304347826,1.0229848407058124,385,385,1.2208828702569008,391.63043212890625,2.8765604496002197,
partsupp_yfcc_wiki_1,4way,B3,0.01,0.5,352770,8107,4158.3405172413795,1.9495757902429163,385,385,1.2291865423321724,365.34051513671875,3.0234601497650146,
partsupp_yfcc_wiki_1,4way,B3,0.01,0.5,536954,8142,4141.176470588235,1.9661079545454547,385,385,1.2169098481535912,408.37432861328125,2.944667100906372,
partsupp_yfcc_wiki_1,4way,B3,0.01,0.5,752067,7984,6337.6321839080465,1.259776485652207,385,385,1.2480337172746658,351.4053039550781,2.5798802375793457,
partsupp_yfcc_wiki_1,4way,B3,0.01,0.5,602570,8029,10547.97537757437,1.3137346341480098,385,385,1.2567397207021713,386.77215576171875,2.6612396240234375,
partsupp_yfcc_wiki_1,4way,B3,0.01,0.5,345404,8017,4151.684210526316,1.931023554169519,385,385,1.255321316421032,380.667724609375,2.7372653484344482,
partsupp_yfcc_wiki_1,4way,B3,0.01,0.5,628777,7851,8292.853333333333,1.0562798794208805,385,385,1.268831081688404,390.7913818359375,2.7295992374420166,
partsupp_yfcc_wiki_1,4way,B3,0.01,0.5,137071,8113,4134.016666666666,1.9624981353889075,385,385,1.2614689767360687,387.11431884765625,2.437206745147705,
partsupp_yfcc_wiki_1,4way,B3,0.01,0.5,296404,8012,8299.488361426442,1.035882221845537,385,385,1.2520896270871162,364.69561767578125,3.154475212097168,
partsupp_yfcc_wiki_1,4way,B3,0.01,0.5,703153,7997,4227.912280701755,1.8914772750849616,385,385,1.214718446135521,385.7873840332031,3.1921608448028564,
partsupp_yfcc_wiki_1,4way,B3,0.01,0.5,438962,7968,6232.9982608695655,1.278357488084456,385,385,1.2211818248033524,364.2394714355469,2.468273162841797,
partsupp_yfcc_wiki_1,4way,B3,0.01,0.5,33248,7959,12522.812719298247,1.573415343547964,385,385,1.2283148244023323,350.9059753417969,2.1035821437835693,
partsupp_yfcc_wiki_1,4way,B3,0.01,0.5,779894,8233,2119.85,3.8837653607566573,385,385,1.2183170765638351,347.6433410644531,2.428924083709717,
partsupp_yfcc_wiki_1,4way,B3,0.01,0.5,304120,8030,10428.586842105264,1.298703218194927,385,385,1.2584812939167023,353.7880859375,2.57894229888916,
partsupp_yfcc_wiki_1,4way,B3,0.01,0.5,73745,7731,16639.530051654336,2.152312773464537,385,385,1.2706760317087173,394.4474792480469,2.5097620487213135,
partsupp_yfcc_wiki_1,4way,B3,0.01,0.5,516733,7872,14475.121727395413,1.8388111950451491,385,385,1.2499531731009483,336.5292053222656,2.8653626441955566,
partsupp_yfcc_wiki_1,4way,B3,0.01,0.5,181346,8087,4134.016666666666,1.9562088525687287,385,385,1.2603551149368286,428.6324768066406,3.1206812858581543,
partsupp_yfcc_wiki_1,4way,B3,0.01,0.5,620747,7963,12482.179181922198,1.5675221878591232,385,385,1.274838112294674,350.1796875,2.927414894104004,
partsupp_yfcc_wiki_1,4way,B3,0.01,0.5,738510,8145,6191.494927536231,1.3155142813370797,385,385,1.2539690360426903,380.28765869140625,2.402500629425049,
partsupp_yfcc_wiki_1,4way,B3,0.01,0.5,111011,7878,6308.853333333334,1.2487213735618092,385,385,1.2192334979772568,377.218505859375,2.744110584259033,
partsupp_yfcc_wiki_1,4way,B3,0.01,0.5,426052,8136,16661.335966183575,2.047853486502406,385,385,1.2246817350387573,360.2164611816406,2.700775384902954,
partsupp_yfcc_wiki_1,4way,B3,0.01,0.5,724169,8440,12562.828036437246,1.4884867341750292,385,385,1.2207059189677238,380.0748596191406,2.68540358543396,
partsupp_yfcc_wiki_1,4way,B3,0.01,0.5,588630,8235,4015.4743589743593,2.0508162333536606,385,385,1.2293756008148193,370.726318359375,2.7094972133636475,
partsupp_yfcc_wiki_1,4way,B3,0.01,0.5,790256,8167,12590.280970969623,1.5416041350519925,385,385,1.2484043836593628,412.1048278808594,2.567054033279419,
partsupp_yfcc_wiki_1,4way,B3,0.01,0.5,201003,8325,6283.39254385965,1.3249212017058334,385,385,1.2591900303959846,397.5360412597656,2.689554452896118,
partsupp_yfcc_wiki_1,4way,B3,0.01,0.5,6443,8234,10374.54278002699,1.2599639033309435,385,385,1.2599192559719086,392.9132385253906,2.4705615043640137,
partsupp_yfcc_wiki_1,4way,B3,0.01,0.5,642763,8040,14569.454385964913,1.812121192284193,385,385,1.2657670304179192,369.4332275390625,2.4056813716888428,
partsupp_yfcc_wiki_1,4way,B3,0.01,0.5,193392,8153,4253.183333333333,1.9169171326574996,385,385,1.2743016704916954,329.56744384765625,2.846799373626709,
partsupp_yfcc_wiki_1,4way,B3,0.01,0.5,203755,8062,6271.147680311891,1.2855701078943562,385,385,1.2569278478622437,362.5753479003906,2.872863292694092,
partsupp_yfcc_wiki_1,4way,B3,0.01,0.5,94462,8390,6231.064073226545,1.3464794939358606,385,385,1.235014759004116,375.15423583984375,2.8380818367004395,
partsupp_yfcc_wiki_1,4way,B3,0.01,0.5,590890,8205,4139.860681114551,1.981950754388917,385,385,1.202436164021492,373.388427734375,2.8598101139068604,
partsupp_yfcc_wiki_1,4way,B3,0.01,0.5,783383,8028,12477.127408079585,1.5542012217338794,385,385,1.2131016701459885,360.99334716796875,2.81827974319458,
partsupp_yfcc_wiki_1,4way,B3,0.01,0.5,737605,8104,10471.145730994152,1.2920959687801274,385,385,1.1822301894426346,343.82684326171875,2.8511314392089844,
partsupp_yfcc_wiki_1,4way,B3,0.01,0.5,516560,7958,4151.77925925926,1.916768571511152,385,385,1.2376625090837479,350.1656799316406,3.073276996612549,
partsupp_yfcc_wiki_1,4way,B3,0.01,0.5,137642,8105,14525.527911388304,1.7921687737678351,385,385,1.3139760121703148,339.3409729003906,2.7730391025543213,
partsupp_yfcc_wiki_1,4way,B3,0.01,0.5,37803,7912,6264.52,1.262985831316685,385,385,1.2512551620602608,351.4440002441406,2.835411787033081,
partsupp_yfcc_wiki_1,4way,B3,0.01,0.5,254800,8086,6117.333333333334,1.3218177855274629,385,385,1.2476490810513496,340.35260009765625,2.7787673473358154,
partsupp_yfcc_wiki_1,4way,B3,0.01,0.5,605930,8107,6322.029803921569,1.2823413130654984,385,385,1.2372899800539017,357.8030090332031,2.638248920440674,
partsupp_yfcc_wiki_1,4way,B3,0.01,0.5,209329,8090,6198.334162895927,1.3051893924060827,385,385,1.2312652543187141,371.36248779296875,2.5807759761810303,
partsupp_yfcc_wiki_1,4way,B3,0.01,0.5,766585,8067,14425.696124508595,1.788235542891855,385,385,1.213887706398964,358.3327941894531,2.9337518215179443,
partsupp_yfcc_wiki_1,4way,B3,0.01,0.5,488782,8215,8318.777716404955,1.0126327104570851,385,385,1.191488467156887,433.1639404296875,3.0121567249298096,
partsupp_yfcc_wiki_1,4way,B3,0.01,0.5,374559,8155,6302.722122762148,1.2938853785967162,385,385,1.2061726301908493,353.9023742675781,2.954691171646118,
partsupp_yfcc_wiki_1,4way,B3,0.01,0.5,111780,7850,16638.848851679082,2.11959857983173,385,385,1.2176306918263435,363.0238037109375,3.104321241378784,
partsupp_yfcc_wiki_1,4way,B3,0.01,0.5,178188,7954,10399.339999152471,1.3074352525964887,385,385,1.22069101780653,377.47821044921875,2.789363145828247,
partsupp_yfcc_wiki_1,4way,B3,0.01,0.5,539857,8214,6328.218421052632,1.297995652721748,385,385,1.2540854513645172,362.4388122558594,2.654690980911255,
partsupp_yfcc_wiki_1,4way,B3,0.01,0.5,781264,7852,6268.869565217391,1.2525384231260057,385,385,1.2252498418092728,361.4816589355469,2.5626325607299805,
partsupp_yfcc_wiki_1,4way,B3,0.01,0.5,771184,7897,6235.753036437247,1.266406792227919,385,385,1.237603835761547,351.8717041015625,2.5855629444122314,
partsupp_yfcc_wiki_1,4way,B3,0.01,0.5,140785,7866,4151.684210526316,1.8946527724956264,385,385,1.2114997953176498,359.9602966308594,2.6899919509887695,
partsupp_yfcc_wiki_1,4way,B3,0.01,0.5,2505,7913,0.0,,385,385,1.2427037581801414,359.88861083984375,2.455249309539795,
partsupp_yfcc_wiki_1,4way,B3,0.01,0.5,526089,7980,10146.75925925926,1.2715237166991553,385,385,1.2995349243283272,383.97265625,2.6229450702667236,
partsupp_yfcc_wiki_1,4way,B3,0.01,0.5,608072,8101,8360.052631578947,1.0319778584840078,385,385,1.245127059519291,346.11370849609375,2.957862377166748,
partsupp_yfcc_wiki_1,4way,B3,0.01,0.5,224837,7969,8399.701169415293,1.054047078606512,385,385,1.2618284672498703,397.8076171875,3.115856409072876,
partsupp_yfcc_wiki_1,4way,B3,0.01,0.5,386133,8022,8254.692780026991,1.0290068287243819,385,385,1.2683728709816933,342.8289794921875,2.7471389770507812,
partsupp_yfcc_wiki_1,4way,B3,0.01,0.5,487850,8029,14609.323684210527,1.819569521012645,385,385,1.2238826602697372,380.78839111328125,2.3273634910583496,
partsupp_yfcc_wiki_1,4way,B3,0.01,0.5,340195,7980,6372.070175438597,1.2523402568225368,385,385,1.2124739587306976,371.31103515625,2.8599026203155518,
partsupp_yfcc_wiki_1,4way,B3,0.01,0.5,122774,7737,10348.996101364522,1.3375980485155128,385,385,1.2294640764594078,329.8543701171875,2.306730031967163,
partsupp_yfcc_wiki_1,4way,B3,0.01,0.5,690833,7825,8427.894736842107,1.0770472507146462,385,385,1.2180861085653305,366.0273132324219,3.103199005126953,
partsupp_yfcc_wiki_1,4way,B3,0.01,0.5,686759,8095,8302.215102974827,1.0255979126590276,385,385,1.23674888163805,337.1468505859375,3.090532064437866,
partsupp_yfcc_wiki_1,4way,B3,0.01,0.5,154430,7904,20915.504385964912,2.6461923565239007,385,385,1.177358441054821,364.3690490722656,2.479921579360962,
partsupp_yfcc_wiki_1,4way,B3,0.01,0.5,630926,7916,4120.888888888889,1.920944779982744,385,385,1.309727318584919,366.92559814453125,3.065295457839966,
partsupp_yfcc_wiki_1,4way,B3,0.01,0.5,255248,7806,8259.385087719298,1.05808161513186,385,385,1.2852568179368973,371.5652160644531,2.471759796142578,
partsupp_yfcc_wiki_1,4way,B3,0.01,0.5,48107,8140,8356.659547419273,1.0266166520171096,385,385,1.2646662071347237,411.21636962890625,2.8765604496002197,
partsupp_yfcc_wiki_1,4way,B3,0.01,0.5,717611,8057,4238.736842105263,1.9008021257574252,385,385,1.2621963396668434,345.2961120605469,2.2551217079162598,
partsupp_yfcc_wiki_1,4way,B3,0.01,0.5,559097,8418,16599.22017017807,1.97187219888074,385,385,1.2514898553490639,372.0413818359375,3.0143213272094727,
partsupp_yfcc_wiki_1,4way,B3,0.01,0.5,527854,8192,6243.919703103914,1.3119963723953203,385,385,1.2517990544438362,369.9187927246094,2.7587831020355225,
partsupp_yfcc_wiki_1,4way,B3,0.01,0.5,692258,8211,12511.96551724138,1.523805324228642,385,385,1.2713363394141197,347.03875732421875,3.455446243286133,
partsupp_yfcc_wiki_1,4way,B3,0.01,0.5,344709,8089,8308.766666666666,1.0271685828491366,385,385,1.2489445507526398,361.9986267089844,2.3495209217071533,
partsupp_yfcc_wiki_1,4way,B3,0.01,0.5,414737,8009,4174.204210526315,1.9186890712733398,385,385,1.2555299326777458,366.08441162109375,3.0020830631256104,
partsupp_yfcc_wiki_1,4way,B3,0.01,0.5,362610,8086,8383.118421052632,1.0367447960737857,385,385,1.2376382946968079,413.45880126953125,2.879486083984375,
partsupp_yfcc_wiki_1,4way,B3,0.01,0.5,129857,8023,10452.346034482758,1.3027977108915316,385,385,1.2121303007006645,367.2027893066406,2.723562479019165,
partsupp_yfcc_wiki_1,4way,B3,0.01,0.5,210898,8022,6282.34905982906,1.2769109012574151,385,385,1.2076310813426971,366.9675598144531,2.4897570610046387,
partsupp_yfcc_wiki_1,4way,B3,0.01,0.5,793779,7865,6332.289230769231,1.2420468669976685,385,385,1.2095766142010689,355.618896484375,2.6217916011810303,
partsupp_yfcc_wiki_1,4way,B3,0.01,0.5,634727,8085,12495.152716404957,1.5454734343110645,385,385,1.2151356786489487,372.3201599121094,2.382875442504883,
partsupp_yfcc_wiki_1,4way,B3,0.01,0.5,351141,8257,8389.088196033561,1.0159971171168174,385,385,1.2312764301896095,348.8105773925781,2.7925963401794434,
partsupp_yfcc_wiki_1,4way,B3,0.01,0.5,611020,8228,8377.366681922198,1.0181534615850993,385,385,1.2762481346726418,378.19769287109375,2.54848575592041,
partsupp_yfcc_wiki_1,4way,B3,0.05,0.1,145860,39368,47796.27007478211,1.2140893638178751,385,385,1.2548677623271942,390.98895263671875,2.8995752334594727,
partsupp_yfcc_wiki_1,4way,B3,0.05,0.1,359095,40580,49855.32293774897,1.2285688254743463,385,385,1.232462003827095,418.8973693847656,2.541745185852051,
partsupp_yfcc_wiki_1,4way,B3,0.05,0.1,286093,40727,45775.10956885679,1.1239499489001592,385,385,1.2514032423496246,399.58367919921875,2.442873239517212,
partsupp_yfcc_wiki_1,4way,B3,0.05,0.1,781121,39769,41515.263419861876,1.0439101667092932,385,385,1.2401444837450981,423.21759033203125,2.5712718963623047,
partsupp_yfcc_wiki_1,4way,B3,0.05,0.1,142780,39735,45332.16666993118,1.1408623800158848,385,385,1.2091957032680511,379.4232482910156,2.896462917327881,
partsupp_yfcc_wiki_1,4way,B3,0.05,0.1,428790,40179,43873.65268691764,1.0919548193563213,385,385,1.2069903314113617,399.5513000488281,2.4774093627929688,
partsupp_yfcc_wiki_1,4way,B3,0.05,0.1,322723,40683,39474.10707067744,1.0306249594742718,385,385,1.260504126548767,399.7113037109375,2.986773729324341,
partsupp_yfcc_wiki_1,4way,B3,0.05,0.1,588557,40304,54085.61129446847,1.3419415267583483,385,385,1.197541132569313,384.9740295410156,3.0205342769622803,
partsupp_yfcc_wiki_1,4way,B3,0.05,0.1,263638,40440,35366.234028556755,1.1434635637864747,385,385,1.2171659618616104,388.78143310546875,3.283975601196289,
partsupp_yfcc_wiki_1,4way,B3,0.05,0.1,693614,40343,23106.618387314444,1.7459499838430856,385,385,1.2530311942100525,416.12274169921875,2.5495686531066895,
partsupp_yfcc_wiki_1,4way,B3,0.05,0.1,546912,39082,26983.596203192694,1.4483614306152353,385,385,1.2351078912615776,379.59613037109375,3.211322069168091,
partsupp_yfcc_wiki_1,4way,B3,0.05,0.1,444449,40176,29095.91089227316,1.380812587334027,385,385,1.2653162702918053,415.7320251464844,2.7807583808898926,
partsupp_yfcc_wiki_1,4way,B3,0.05,0.1,663176,40226,35438.30227623804,1.1350995227266343,385,385,1.2628035619854927,364.0056457519531,2.5044238567352295,
partsupp_yfcc_wiki_1,4way,B3,0.05,0.1,763999,40721,45617.52555695724,1.12024571000116,385,385,1.2437300756573677,402.105712890625,2.9056854248046875,
partsupp_yfcc_wiki_1,4way,B3,0.05,0.1,782168,39799,43483.876111746766,1.0925871532386935,385,385,1.2028543278574944,375.2125549316406,2.5348682403564453,
partsupp_yfcc_wiki_1,4way,B3,0.05,0.1,673362,40057,45780.71256118904,1.142889196924109,385,385,1.2817839160561562,388.6646728515625,2.8160996437072754,
partsupp_yfcc_wiki_1,4way,B3,0.05,0.1,83904,39832,35351.90750125136,1.1267284516002443,385,385,1.2019211426377296,346.9309997558594,3.0482594966888428,
partsupp_yfcc_wiki_1,4way,B3,0.05,0.1,695261,40130,31524.530078644886,1.272976945251424,385,385,1.1903606355190277,344.1124267578125,2.6969356536865234,
partsupp_yfcc_wiki_1,4way,B3,0.05,0.1,386245,40330,31431.317774760715,1.2831151493236121,385,385,1.1976296082139015,397.34130859375,2.934922456741333,
partsupp_yfcc_wiki_1,4way,B3,0.05,0.1,69504,40914,41207.75935990156,1.0071799227624179,385,385,1.1041797697544098,379.5235900878906,3.2390849590301514,
partsupp_yfcc_wiki_1,4way,B3,0.05,0.1,681535,40098,45722.33543835538,1.1402647373523713,385,385,1.0041482746601105,383.6977844238281,3.3210012912750244,
partsupp_yfcc_wiki_1,4way,B3,0.05,0.1,696279,39738,45821.18962848297,1.1530824306327185,385,385,1.2681139633059502,391.0321350097656,2.8524117469787598,
partsupp_yfcc_wiki_1,4way,B3,0.05,0.1,340223,40134,41267.33428362573,1.028238757253843,385,385,1.2660659849643707,407.8204040527344,2.9147491455078125,
partsupp_yfcc_wiki_1,4way,B3,0.05,0.1,690943,40739,39409.924816023035,1.0337243775567062,385,385,1.2557962909340858,410.8652038574219,3.2163867950439453,
partsupp_yfcc_wiki_1,4way,B3,0.05,0.1,636616,40266,33353.87971297514,1.207235870204807,385,385,1.2400569394230843,396.9837646484375,2.938859224319458,
partsupp_yfcc_wiki_1,4way,B3,0.05,0.1,48106,39874,56348.098656006296,1.4131539011889025,385,385,1.2741461396217346,414.3175048828125,3.032061815261841,
partsupp_yfcc_wiki_1,4way,B3,0.05,0.1,352770,40214,47854.24464339961,1.1899896713433036,385,385,1.233997754752636,386.66796875,3.1356277465820312,
partsupp_yfcc_wiki_1,4way,B3,0.05,0.1,536954,40173,39505.187222808,1.0169044326616035,385,385,1.1952044442296028,424.83935546875,3.0945534706115723,
partsupp_yfcc_wiki_1,4way,B3,0.05,0.1,752067,40085,35445.31342456739,1.1308970390488018,385,385,1.2086136266589165,381.3480529785156,2.7386274337768555,
partsupp_yfcc_wiki_1,4way,B3,0.05,0.1,602570,39606,39599.3520426966,1.0001678804566356,385,385,1.2200511991977692,401.6769104003906,2.794548749923706,
partsupp_yfcc_wiki_1,4way,B3,0.05,0.1,345404,40211,39543.33757000267,1.0168843216335843,385,385,1.2056371197104454,393.2314758300781,2.874479293823242,
partsupp_yfcc_wiki_1,4way,B3,0.05,0.1,628777,39950,39549.590792427676,1.0101242313649674,385,385,1.2442972511053085,403.8093566894531,2.908341407775879,
partsupp_yfcc_wiki_1,4way,B3,0.05,0.1,137071,40107,43432.407462746094,1.0829133932417307,385,385,1.257898285984993,407.1412658691406,2.6718127727508545,
partsupp_yfcc_wiki_1,4way,B3,0.05,0.1,296404,39655,45796.84645806149,1.1548820188642412,385,385,1.2388098984956741,386.0415954589844,3.2837841510772705,
partsupp_yfcc_wiki_1,4way,B3,0.05,0.1,703153,40145,23027.96041541982,1.7433154858611963,385,385,1.2512030079960823,401.27313232421875,3.3179731369018555,
partsupp_yfcc_wiki_1,4way,B3,0.05,0.1,438962,40025,33557.498914139425,1.1927289367544462,385,385,1.2519853189587593,383.7845458984375,2.6289570331573486,
partsupp_yfcc_wiki_1,4way,B3,0.05,0.1,33248,39753,20827.6116451793,1.9086681986026526,385,385,1.2881271541118622,370.56536865234375,2.337841033935547,
partsupp_yfcc_wiki_1,4way,B3,0.05,0.1,779894,39894,26952.961337531862,1.4801342049360569,385,385,1.2533050030469894,371.1859436035156,2.5691866874694824,
partsupp_yfcc_wiki_1,4way,B3,0.05,0.1,304120,39806,39458.01496961358,1.0088191215562772,385,385,1.3014525175094604,373.7254333496094,2.7490689754486084,
partsupp_yfcc_wiki_1,4way,B3,0.05,0.1,73745,39649,24838.224663098612,1.5962896115882752,385,385,1.250418834388256,409.2041015625,2.654064178466797,
partsupp_yfcc_wiki_1,4way,B3,0.05,0.1,516733,39425,49875.197660226215,1.265065254539663,385,385,1.271975226700306,351.90386962890625,3.0097391605377197,
partsupp_yfcc_wiki_1,4way,B3,0.05,0.1,181346,40217,33263.53343528614,1.2090417296840024,385,385,1.2561790645122528,450.21923828125,3.273480176925659,
partsupp_yfcc_wiki_1,4way,B3,0.05,0.1,620747,39855,27254.410112460642,1.4623321449829656,385,385,1.2083007022738457,368.0314025878906,3.0532097816467285,
partsupp_yfcc_wiki_1,4way,B3,0.05,0.1,738510,40353,43609.9700984323,1.0807119693314573,385,385,1.2026233598589897,396.4117126464844,2.6115403175354004,
partsupp_yfcc_wiki_1,4way,B3,0.05,0.1,111011,40275,37390.43278486713,1.0771472005079419,385,385,1.216457225382328,395.4302978515625,2.8725788593292236,
partsupp_yfcc_wiki_1,4way,B3,0.05,0.1,426052,40739,43807.112903635905,1.075311443669111,385,385,1.2330710887908936,380.6536865234375,2.85752534866333,
partsupp_yfcc_wiki_1,4way,B3,0.05,0.1,724169,40800,29068.356531616104,1.4035881235880678,385,385,1.3804929330945015,401.85101318359375,2.819596529006958,
partsupp_yfcc_wiki_1,4way,B3,0.05,0.1,588630,41165,47660.635479787954,1.1577951045739816,385,385,1.2894989922642708,402.3707580566406,2.9160590171813965,
partsupp_yfcc_wiki_1,4way,B3,0.05,0.1,790256,40185,27273.316839211973,1.4734181484748627,385,385,1.2835944071412086,431.37213134765625,2.7123072147369385,
partsupp_yfcc_wiki_1,4way,B3,0.05,0.1,201003,40961,43734.66922403608,1.0677148805946164,385,385,1.249019056558609,415.375732421875,2.859617233276367,
partsupp_yfcc_wiki_1,4way,B3,0.05,0.1,6443,40305,35475.070662768034,1.136149956772351,385,385,1.2441594153642654,405.20751953125,2.739042282104492,
partsupp_yfcc_wiki_1,4way,B3,0.05,0.1,642763,39549,45723.813503387624,1.1561307113552206,385,385,1.2391377240419388,388.4662170410156,2.7092697620391846,
partsupp_yfcc_wiki_1,4way,B3,0.05,0.1,193392,39643,35209.89388638369,1.1259051256422752,385,385,1.2065302580595016,353.18707275390625,2.984983205795288,
partsupp_yfcc_wiki_1,4way,B3,0.05,0.1,203755,40082,45769.55530241951,1.1418979916775487,385,385,1.2116264551877975,380.0079040527344,2.994408130645752,
partsupp_yfcc_wiki_1,4way,B3,0.05,0.1,94462,40322,27124.42981706403,1.4865565938876752,385,385,1.23495701700449,399.1404724121094,2.962696075439453,
partsupp_yfcc_wiki_1,4way,B3,0.05,0.1,590890,40317,29292.646604396457,1.376352247869229,385,385,1.227961853146553,386.57598876953125,2.9903500080108643,
partsupp_yfcc_wiki_1,4way,B3,0.05,0.1,783383,40004,39202.36603121909,1.0204486119062948,385,385,1.2129992246627808,386.79742431640625,2.9504549503326416,
partsupp_yfcc_wiki_1,4way,B3,0.05,0.1,737605,40564,37723.62492690058,1.0752943302400921,385,385,1.222086139023304,364.5066833496094,2.988215684890747,
partsupp_yfcc_wiki_1,4way,B3,0.05,0.1,516560,39595,52020.26958787645,1.3138090563928893,385,385,1.2027528136968613,376.8502502441406,3.1861371994018555,
partsupp_yfcc_wiki_1,4way,B3,0.05,0.1,137642,39503,31128.522118971472,1.2690290868619378,385,385,1.2123659253120422,362.8982238769531,2.908339023590088,
partsupp_yfcc_wiki_1,4way,B3,0.05,0.1,37803,40186,41748.60552631578,1.0388843260418001,385,385,1.2202495709061623,378.5651550292969,2.9570248126983643,
partsupp_yfcc_wiki_1,4way,B3,0.05,0.1,254800,40399,33071.73183362997,1.2215568329844486,385,385,1.2597758322954178,363.9730224609375,2.9208061695098877,
partsupp_yfcc_wiki_1,4way,B3,0.05,0.1,605930,40555,35496.59761173592,1.1425038659646543,385,385,1.250014640390873,378.93402099609375,2.785029649734497,
partsupp_yfcc_wiki_1,4way,B3,0.05,0.1,209329,39864,37509.4380939868,1.062772518748839,385,385,1.2580892071127892,393.9214782714844,2.7756268978118896,
partsupp_yfcc_wiki_1,4way,B3,0.05,0.1,766585,39745,31057.030638688226,1.2797424345677477,385,385,1.257273368537426,377.1371765136719,3.071518898010254,
partsupp_yfcc_wiki_1,4way,B3,0.05,0.1,488782,41305,48221.145524644904,1.1674408794248856,385,385,1.2455033138394356,452.28680419921875,3.142624616622925,
partsupp_yfcc_wiki_1,4way,B3,0.05,0.1,374559,40063,24975.25265737874,1.6041078963084565,385,385,1.2682592496275902,374.6746826171875,3.0959250926971436,
partsupp_yfcc_wiki_1,4way,B3,0.05,0.1,111780,39441,62072.73404338191,1.5738123790822218,385,385,1.2762406840920448,383.554443359375,3.20689058303833,
partsupp_yfcc_wiki_1,4way,B3,0.05,0.1,178188,40094,39403.17389952039,1.0175322450481081,385,385,1.2876130640506744,390.0411682128906,2.985353708267212,
partsupp_yfcc_wiki_1,4way,B3,0.05,0.1,539857,41081,43755.97152822599,1.0651145670316202,385,385,1.2594051659107208,382.7663879394531,2.8438801765441895,
partsupp_yfcc_wiki_1,4way,B3,0.05,0.1,781264,39591,39522.848534485434,1.001724356114036,385,385,1.2509198859333992,381.34906005859375,2.6980855464935303,
partsupp_yfcc_wiki_1,4way,B3,0.05,0.1,771184,40446,35178.0677462888,1.1497504721323688,385,385,1.2509608641266823,381.6242980957031,2.8078548908233643,
partsupp_yfcc_wiki_1,4way,B3,0.05,0.1,140785,39681,29054.921317354143,1.3657238843148762,385,385,1.230788417160511,378.0095520019531,2.836686372756958,
partsupp_yfcc_wiki_1,4way,B3,0.05,0.1,2505,39814,43804.09801054925,1.1002184661312415,385,385,1.2244638055562973,383.0123596191406,2.726055383682251,
partsupp_yfcc_wiki_1,4way,B3,0.05,0.1,526089,39735,37466.454032364025,1.060548723550843,385,385,1.2158490717411041,401.1810607910156,2.778130531311035,
partsupp_yfcc_wiki_1,4way,B3,0.05,0.1,608072,39990,43491.41503549844,1.087557265203762,385,385,1.5744948759675026,370.3761291503906,3.105651617050171,
partsupp_yfcc_wiki_1,4way,B3,0.05,0.1,224837,40427,22848.09372541112,1.7693817473725622,385,385,1.2441175058484077,410.1109619140625,3.241783380508423,
partsupp_yfcc_wiki_1,4way,B3,0.05,0.1,386133,39828,29527.22105263158,1.3488570403902054,385,385,1.123826950788498,368.23663330078125,2.921837329864502,
partsupp_yfcc_wiki_1,4way,B3,0.05,0.1,487850,40075,33117.86242690058,1.210072059706618,385,385,1.079196110367775,410.7374267578125,2.5421645641326904,
partsupp_yfcc_wiki_1,4way,B3,0.05,0.1,340195,40049,29006.200412235834,1.3807047952101277,385,385,1.222759485244751,392.4921875,3.0128531455993652,
partsupp_yfcc_wiki_1,4way,B3,0.05,0.1,122774,39671,29317.87416094584,1.353133579270406,385,385,1.2163864448666573,350.9120178222656,2.5227179527282715,
partsupp_yfcc_wiki_1,4way,B3,0.05,0.1,690833,39977,35241.11064079958,1.1343853605373477,385,385,1.217384822666645,383.1605529785156,3.2076144218444824,
partsupp_yfcc_wiki_1,4way,B3,0.05,0.1,686759,39710,45711.574129412766,1.1511350825840536,385,385,1.2146634981036186,361.51519775390625,3.245149850845337,
partsupp_yfcc_wiki_1,4way,B3,0.05,0.1,154430,40193,31098.743431174087,1.2924316408138092,385,385,1.2745866551995277,385.8101501464844,2.6717138290405273,
partsupp_yfcc_wiki_1,4way,B3,0.05,0.1,630926,38981,29145.86287377229,1.3374453921238383,385,385,1.4941003173589706,385.1778869628906,3.197935104370117,
partsupp_yfcc_wiki_1,4way,B3,0.05,0.1,255248,39281,41583.057708405,1.0586048651614013,385,385,1.205488108098507,388.968017578125,2.75639271736145,
partsupp_yfcc_wiki_1,4way,B3,0.05,0.1,48107,40107,47811.85160643082,1.192107402858125,385,385,1.2272605672478676,429.646484375,3.032061815261841,
partsupp_yfcc_wiki_1,4way,B3,0.05,0.1,717611,39475,51838.28817522412,1.3131928606769885,385,385,1.2190602719783783,371.3143310546875,2.4548850059509277,
partsupp_yfcc_wiki_1,4way,B3,0.05,0.1,559097,40038,48179.90216004108,1.2033543673520426,385,385,1.216171309351921,398.3103332519531,3.1344034671783447,
partsupp_yfcc_wiki_1,4way,B3,0.05,0.1,527854,39710,37365.40078561091,1.062747867414605,385,385,1.2407181784510612,392.1648254394531,2.896984577178955,
partsupp_yfcc_wiki_1,4way,B3,0.05,0.1,692258,40562,45919.3727596721,1.1320786144586583,385,385,1.227119006216526,371.93548583984375,3.5499489307403564,
partsupp_yfcc_wiki_1,4way,B3,0.05,0.1,344709,40185,27069.41271082295,1.4845168762724263,385,385,1.2128259986639023,382.4437561035156,2.6828415393829346,
partsupp_yfcc_wiki_1,4way,B3,0.05,0.1,414737,39728,27125.794112636664,1.4645838508924074,385,385,1.2296587228775024,382.7923583984375,3.1229937076568604,
partsupp_yfcc_wiki_1,4way,B3,0.05,0.1,362610,39989,35851.709064327486,1.1154001034720302,385,385,1.2232884764671326,430.5520935058594,3.019996404647827,
partsupp_yfcc_wiki_1,4way,B3,0.05,0.1,129857,40279,48011.82723931893,1.191981609258396,385,385,1.0776901617646217,396.3171081542969,2.8648459911346436,
partsupp_yfcc_wiki_1,4way,B3,0.05,0.1,210898,40213,29125.616693013144,1.3806746282438913,385,385,1.0119732469320297,389.0685729980469,2.6272644996643066,
partsupp_yfcc_wiki_1,4way,B3,0.05,0.1,793779,39310,31085.08816017655,1.264593486029114,385,385,0.997631810605526,369.3700256347656,2.7579474449157715,
partsupp_yfcc_wiki_1,4way,B3,0.05,0.1,634727,39967,47898.91042662878,1.1984614913961213,385,385,0.9966744109988213,390.2039489746094,2.536240339279175,
partsupp_yfcc_wiki_1,4way,B3,0.05,0.1,351141,40168,37733.527578857625,1.0645174882219712,385,385,0.9924406185746193,371.2911376953125,2.9031050205230713,
partsupp_yfcc_wiki_1,4way,B3,0.05,0.1,611020,40256,41591.35099125876,1.033171477326579,385,385,1.1522574350237846,402.24163818359375,2.6832292079925537,
partsupp_yfcc_wiki_1,4way,B3,0.05,0.2,145860,39368,35095.404896784064,1.1217422940633306,385,385,1.2374501675367355,390.98895263671875,2.8995752334594727,
partsupp_yfcc_wiki_1,4way,B3,0.05,0.2,359095,40580,31024.110711875845,1.308014929964333,385,385,1.2102685868740082,418.8973693847656,2.541745185852051,
partsupp_yfcc_wiki_1,4way,B3,0.05,0.2,286093,40727,47995.075987621094,1.178458417944388,385,385,1.2071533128619194,399.58367919921875,2.442873239517212,
partsupp_yfcc_wiki_1,4way,B3,0.05,0.2,781121,39769,41432.081140350885,1.0418185305225398,385,385,1.2185294181108475,423.21759033203125,2.5712718963623047,
partsupp_yfcc_wiki_1,4way,B3,0.05,0.2,142780,39735,35410.27110602593,1.122132046970917,385,385,1.2258738279342651,379.4232482910156,2.896462917327881,
partsupp_yfcc_wiki_1,4way,B3,0.05,0.2,428790,40179,47542.948636580135,1.1832785444281873,385,385,1.2566177174448967,399.5513000488281,2.4774093627929688,
partsupp_yfcc_wiki_1,4way,B3,0.05,0.2,322723,40683,25015.502646573703,1.6263115146947578,385,385,1.8044309690594673,399.7113037109375,2.986773729324341,
partsupp_yfcc_wiki_1,4way,B3,0.05,0.2,588557,40304,43633.45460566612,1.0826085402358605,385,385,1.2508314102888107,384.9740295410156,3.0205342769622803,
partsupp_yfcc_wiki_1,4way,B3,0.05,0.2,263638,40440,43717.03714488516,1.0810345485876647,385,385,1.2212367728352547,388.78143310546875,3.283975601196289,
partsupp_yfcc_wiki_1,4way,B3,0.05,0.2,693614,40343,41576.88121704079,1.0305847660570804,385,385,1.2367116287350655,416.12274169921875,2.5495686531066895,
partsupp_yfcc_wiki_1,4way,B3,0.05,0.2,546912,39082,43626.142358587225,1.1162720013967358,385,385,1.2110136449337006,379.59613037109375,3.211322069168091,
partsupp_yfcc_wiki_1,4way,B3,0.05,0.2,444449,40176,43738.76984157718,1.0886790581834225,385,385,1.2296177446842194,415.7320251464844,2.7807583808898926,
partsupp_yfcc_wiki_1,4way,B3,0.05,0.2,663176,40226,35515.21104808425,1.1326414460986247,385,385,1.237388700246811,364.0056457519531,2.5044238567352295,
partsupp_yfcc_wiki_1,4way,B3,0.05,0.2,763999,40721,31349.197491638795,1.2989487214420967,385,385,1.2490255758166313,402.105712890625,2.9056854248046875,
partsupp_yfcc_wiki_1,4way,B3,0.05,0.2,782168,39799,39911.84521357742,1.0028353781144608,385,385,1.250184141099453,375.2125549316406,2.5348682403564453,
partsupp_yfcc_wiki_1,4way,B3,0.05,0.2,673362,40057,47986.95337499266,1.1979667317820273,385,385,1.274101436138153,388.6646728515625,2.8160996437072754,
partsupp_yfcc_wiki_1,4way,B3,0.05,0.2,83904,39832,52073.21121533462,1.3073210287039219,385,385,1.2509217485785484,346.9309997558594,3.0482594966888428,
partsupp_yfcc_wiki_1,4way,B3,0.05,0.2,695261,40130,33456.70537053336,1.199460603055795,385,385,1.2503303587436676,344.1124267578125,2.6969356536865234,
partsupp_yfcc_wiki_1,4way,B3,0.05,0.2,386245,40330,43944.95035017579,1.08963427597758,385,385,1.2705139815807343,397.34130859375,2.934922456741333,
partsupp_yfcc_wiki_1,4way,B3,0.05,0.2,69504,40914,37348.13249757362,1.0954764606411858,385,385,1.254354603588581,379.5235900878906,3.2390849590301514,
partsupp_yfcc_wiki_1,4way,B3,0.05,0.2,681535,40098,51824.25525846725,1.2924399036976222,385,385,1.2434087693691254,383.6977844238281,3.3210012912750244,
partsupp_yfcc_wiki_1,4way,B3,0.05,0.2,696279,39738,37164.202981309485,1.0692547347237589,385,385,1.2898072600364685,391.0321350097656,2.8524117469787598,
partsupp_yfcc_wiki_1,4way,B3,0.05,0.2,340223,40134,51632.91936417842,1.2865131650017048,385,385,1.2476928532123566,407.8204040527344,2.9147491455078125,
partsupp_yfcc_wiki_1,4way,B3,0.05,0.2,690943,40739,56139.54663685463,1.3780295696225886,385,385,1.2198146432638168,410.8652038574219,3.2163867950439453,
partsupp_yfcc_wiki_1,4way,B3,0.05,0.2,636616,40266,33494.748849513475,1.2021585885270754,385,385,1.2141745537519455,396.9837646484375,2.938859224319458,
partsupp_yfcc_wiki_1,4way,B3,0.05,0.2,48106,39874,43753.15637309494,1.0972853582057216,385,385,1.244499348104,414.3175048828125,3.032061815261841,
partsupp_yfcc_wiki_1,4way,B3,0.05,0.2,352770,40214,50396.41093797062,1.2532056233642668,385,385,1.2229867279529572,386.66796875,3.1356277465820312,
partsupp_yfcc_wiki_1,4way,B3,0.05,0.2,536954,40173,48075.292992240116,1.1967065688955298,385,385,1.2508397921919823,424.83935546875,3.0945534706115723,
partsupp_yfcc_wiki_1,4way,B3,0.05,0.2,752067,40085,50021.68312419126,1.2478903111934954,385,385,1.2717517092823982,381.3480529785156,2.7386274337768555,
partsupp_yfcc_wiki_1,4way,B3,0.05,0.2,602570,39606,53913.96944241443,1.3612576236533462,385,385,1.2590326368808746,401.6769104003906,2.794548749923706,
partsupp_yfcc_wiki_1,4way,B3,0.05,0.2,345404,40211,41588.92301461731,1.0342673152773447,385,385,1.255958341062069,393.2314758300781,2.874479293823242,
partsupp_yfcc_wiki_1,4way,B3,0.05,0.2,628777,39950,49874.63913516926,1.2484265115186297,385,385,7.384283468127251,403.8093566894531,2.908341407775879,
partsupp_yfcc_wiki_1,4way,B3,0.05,0.2,137071,40107,33308.65305363711,1.2041015268739772,385,385,1.2672040611505508,407.1412658691406,2.6718127727508545,
partsupp_yfcc_wiki_1,4way,B3,0.05,0.2,296404,39655,49455.883287740275,1.2471537835768574,385,385,1.3018148019909859,386.0415954589844,3.2837841510772705,
partsupp_yfcc_wiki_1,4way,B3,0.05,0.2,703153,40145,47743.25838934334,1.189270354697804,385,385,1.2638559564948082,401.27313232421875,3.3179731369018555,
partsupp_yfcc_wiki_1,4way,B3,0.05,0.2,438962,40025,45930.244072576716,1.147538890008163,385,385,1.2718625366687775,383.7845458984375,2.6289570331573486,
partsupp_yfcc_wiki_1,4way,B3,0.05,0.2,33248,39753,37338.74202869213,1.064658256816812,385,385,1.2885946780443192,370.56536865234375,2.337841033935547,
partsupp_yfcc_wiki_1,4way,B3,0.05,0.2,779894,39894,37457.435744000475,1.0650488803518747,385,385,1.2565618380904198,371.1859436035156,2.5691866874694824,
partsupp_yfcc_wiki_1,4way,B3,0.05,0.2,304120,39806,41347.79811224435,1.0387328069196693,385,385,1.2530311942100525,373.7254333496094,2.7490689754486084,
partsupp_yfcc_wiki_1,4way,B3,0.05,0.2,73745,39649,43419.19552109573,1.0950892966051031,385,385,1.2906501069664955,409.2041015625,2.654064178466797,
partsupp_yfcc_wiki_1,4way,B3,0.05,0.2,516733,39425,20874.28150097466,1.8886877614522528,385,385,1.2645106762647629,351.90386962890625,3.0097391605377197,
partsupp_yfcc_wiki_1,4way,B3,0.05,0.2,181346,40217,37386.97009517257,1.075695620629949,385,385,1.2636855244636536,450.21923828125,3.273480176925659,
partsupp_yfcc_wiki_1,4way,B3,0.05,0.2,620747,39855,39492.02164487932,1.009191181914784,385,385,1.2886794283986092,368.0314025878906,3.0532097816467285,
partsupp_yfcc_wiki_1,4way,B3,0.05,0.2,738510,40353,54267.017421554636,1.344807509269562,385,385,1.2560002505779266,396.4117126464844,2.6115403175354004,
partsupp_yfcc_wiki_1,4way,B3,0.05,0.2,111011,40275,41724.53937539314,1.0359910459439639,385,385,1.2665577232837677,395.4302978515625,2.8725788593292236,
partsupp_yfcc_wiki_1,4way,B3,0.05,0.2,426052,40739,58389.724142621664,1.4332635593073386,385,385,1.2632058933377266,380.6536865234375,2.85752534866333,
partsupp_yfcc_wiki_1,4way,B3,0.05,0.2,724169,40800,28890.105653318755,1.4122482101519451,385,385,1.2660827487707138,401.85101318359375,2.819596529006958,
partsupp_yfcc_wiki_1,4way,B3,0.05,0.2,588630,41165,39495.64779862854,1.0422667380943536,385,385,1.0430263355374336,402.3707580566406,2.9160590171813965,
partsupp_yfcc_wiki_1,4way,B3,0.05,0.2,790256,40185,37597.581121908675,1.0688187591031912,385,385,0.9893840178847313,431.37213134765625,2.7123072147369385,
partsupp_yfcc_wiki_1,4way,B3,0.05,0.2,201003,40961,47912.604868231516,1.1697127723500773,385,385,1.1971266940236092,415.375732421875,2.859617233276367,
partsupp_yfcc_wiki_1,4way,B3,0.05,0.2,6443,40305,70699.64798337845,1.7541160645919478,385,385,1.2534521520137787,405.20751953125,2.739042282104492,
partsupp_yfcc_wiki_1,4way,B3,0.05,0.2,642763,39549,39611.833740396745,1.0015887567421868,385,385,1.2532565742731094,388.4662170410156,2.7092697620391846,
partsupp_yfcc_wiki_1,4way,B3,0.05,0.2,193392,39643,51713.50822675651,1.304480191376952,385,385,1.2552859261631966,353.18707275390625,2.984983205795288,
partsupp_yfcc_wiki_1,4way,B3,0.05,0.2,203755,40082,39740.032012870084,1.0086051261111004,385,385,1.2577492743730545,380.0079040527344,2.994408130645752,
partsupp_yfcc_wiki_1,4way,B3,0.05,0.2,94462,40322,43346.21236765138,1.0750015467400273,385,385,1.221981830894947,399.1404724121094,2.962696075439453,
partsupp_yfcc_wiki_1,4way,B3,0.05,0.2,590890,40317,39518.14579328,1.0202148706798853,385,385,1.2243902310729027,386.57598876953125,2.9903500080108643,
partsupp_yfcc_wiki_1,4way,B3,0.05,0.2,783383,40004,39386.50066695496,1.0156779435235057,385,385,1.2069512158632278,386.79742431640625,2.9504549503326416,
partsupp_yfcc_wiki_1,4way,B3,0.05,0.2,737605,40564,41670.260949432406,1.0272719886952077,385,385,1.2794723734259605,364.5066833496094,2.988215684890747,
partsupp_yfcc_wiki_1,4way,B3,0.05,0.2,516560,39595,39498.30958333698,1.0024479634111687,385,385,1.257411204278469,376.8502502441406,3.1861371994018555,
partsupp_yfcc_wiki_1,4way,B3,0.05,0.2,137642,39503,41419.65422859606,1.0485192068601388,385,385,1.2797005474567413,362.8982238769531,2.908339023590088,
partsupp_yfcc_wiki_1,4way,B3,0.05,0.2,37803,40186,45841.48236175884,1.140732652211189,385,385,1.269359141588211,378.5651550292969,2.9570248126983643,
partsupp_yfcc_wiki_1,4way,B3,0.05,0.2,254800,40399,28955.627212475636,1.3952037613812747,385,385,1.2399815022945404,363.9730224609375,2.9208061695098877,
partsupp_yfcc_wiki_1,4way,B3,0.05,0.2,605930,40555,41672.71969509371,1.0275605892021626,385,385,1.2351227924227715,378.93402099609375,2.785029649734497,
partsupp_yfcc_wiki_1,4way,B3,0.05,0.2,209329,39864,48007.437195014034,1.2042804835193166,385,385,1.2067398056387901,393.9214782714844,2.7756268978118896,
partsupp_yfcc_wiki_1,4way,B3,0.05,0.2,766585,39745,41520.219117576315,1.0446652187086756,385,385,1.2094434350728989,377.1371765136719,3.071518898010254,
partsupp_yfcc_wiki_1,4way,B3,0.05,0.2,488782,41305,50022.67529203277,1.2110561746043522,385,385,1.2117624282836914,452.28680419921875,3.142624616622925,
partsupp_yfcc_wiki_1,4way,B3,0.05,0.2,374559,40063,35418.98508148746,1.131116544074546,385,385,1.2133978307247162,374.6746826171875,3.0959250926971436,
partsupp_yfcc_wiki_1,4way,B3,0.05,0.2,111780,39441,33350.36488201805,1.1826257415632029,385,385,1.235002651810646,383.554443359375,3.20689058303833,
partsupp_yfcc_wiki_1,4way,B3,0.05,0.2,178188,40094,39393.05340401959,1.0177936599326642,385,385,1.2535760179162025,390.0411682128906,2.985353708267212,
partsupp_yfcc_wiki_1,4way,B3,0.05,0.2,539857,41081,39503.97794834308,1.0399205885979153,385,385,1.2349551543593407,382.7663879394531,2.8438801765441895,
partsupp_yfcc_wiki_1,4way,B3,0.05,0.2,781264,39591,31199.56435371383,1.2689600262090615,385,385,1.2245140969753265,381.34906005859375,2.6980855464935303,
partsupp_yfcc_wiki_1,4way,B3,0.05,0.2,771184,40446,43524.7899524934,1.0761209996660583,385,385,1.3519944623112679,381.6242980957031,2.8078548908233643,
partsupp_yfcc_wiki_1,4way,B3,0.05,0.2,140785,39681,31247.680491990846,1.2698862563629552,385,385,1.3095233589410782,378.0095520019531,2.836686372756958,
partsupp_yfcc_wiki_1,4way,B3,0.05,0.2,2505,39814,41563.386549707604,1.0439389799996885,385,385,1.284690573811531,383.0123596191406,2.726055383682251,
partsupp_yfcc_wiki_1,4way,B3,0.05,0.2,526089,39735,39434.41802470222,1.007622325632129,385,385,1.3057878240942955,401.1810607910156,2.778130531311035,
partsupp_yfcc_wiki_1,4way,B3,0.05,0.2,608072,39990,41338.527046946605,1.033721606575309,385,385,1.2401416897773743,370.3761291503906,3.105651617050171,
partsupp_yfcc_wiki_1,4way,B3,0.05,0.2,224837,40427,39459.81582061196,1.0245106105863482,385,385,1.258297823369503,410.1109619140625,3.241783380508423,
partsupp_yfcc_wiki_1,4way,B3,0.05,0.2,386133,39828,41729.43382066277,1.0477411323858283,385,385,8.057314902544022,368.23663330078125,2.921837329864502,
partsupp_yfcc_wiki_1,4way,B3,0.05,0.2,487850,40075,70761.09761394285,1.7657167214957668,385,385,1.3274773955345154,410.7374267578125,2.5421645641326904,
partsupp_yfcc_wiki_1,4way,B3,0.05,0.2,340195,40049,47713.42119259857,1.1913760940996923,385,385,1.301618292927742,392.4921875,3.0128531455993652,
partsupp_yfcc_wiki_1,4way,B3,0.05,0.2,122774,39671,33424.518908382066,1.186883201183532,385,385,4.366192035377026,350.9120178222656,2.5227179527282715,
partsupp_yfcc_wiki_1,4way,B3,0.05,0.2,690833,39977,29037.490585043735,1.3767374244312576,385,385,1.2868382036685944,383.1605529785156,3.2076144218444824,
partsupp_yfcc_wiki_1,4way,B3,0.05,0.2,686759,39710,45880.32518327824,1.1553846684280595,385,385,1.276814378798008,361.51519775390625,3.245149850845337,
partsupp_yfcc_wiki_1,4way,B3,0.05,0.2,154430,40193,22960.83965802187,1.750502185400598,385,385,1.2280559167265892,385.8101501464844,2.6717138290405273,
partsupp_yfcc_wiki_1,4way,B3,0.05,0.2,630926,38981,33289.165670469716,1.1709815855967642,385,385,1.2274319306015968,385.1778869628906,3.197935104370117,
partsupp_yfcc_wiki_1,4way,B3,0.05,0.2,255248,39281,43294.17913513359,1.102165910621766,385,385,1.243002712726593,388.968017578125,2.75639271736145,
partsupp_yfcc_wiki_1,4way,B3,0.05,0.2,48107,40107,39301.998764090175,1.0204824502881351,385,385,1.268833875656128,429.646484375,3.032061815261841,
partsupp_yfcc_wiki_1,4way,B3,0.05,0.2,717611,39475,37634.11978557505,1.0489151925144944,385,385,1.2676594778895378,371.3143310546875,2.4548850059509277,
partsupp_yfcc_wiki_1,4way,B3,0.05,0.2,559097,40038,33381.248773201114,1.1994158838102849,385,385,1.261584460735321,398.3103332519531,3.1344034671783447,
partsupp_yfcc_wiki_1,4way,B3,0.05,0.2,527854,39710,37236.15137433813,1.0664367431744506,385,385,1.262056641280651,392.1648254394531,2.896984577178955,
partsupp_yfcc_wiki_1,4way,B3,0.05,0.2,692258,40562,33510.55002918905,1.2104247756204793,385,385,1.2632757425308228,371.93548583984375,3.5499489307403564,
partsupp_yfcc_wiki_1,4way,B3,0.05,0.2,344709,40185,47758.75938252495,1.1884723001748152,385,385,1.232042908668518,382.4437561035156,2.6828415393829346,
partsupp_yfcc_wiki_1,4way,B3,0.05,0.2,414737,39728,37114.50407143581,1.0704171049553535,385,385,1.2364378198981285,382.7923583984375,3.1229937076568604,
partsupp_yfcc_wiki_1,4way,B3,0.05,0.2,362610,39989,43808.35783100915,1.0955102110832766,385,385,1.231856644153595,430.5520935058594,3.019996404647827,
partsupp_yfcc_wiki_1,4way,B3,0.05,0.2,129857,40279,35397.57555266227,1.1379027905477723,385,385,1.2047793716192245,396.3171081542969,2.8648459911346436,
partsupp_yfcc_wiki_1,4way,B3,0.05,0.2,210898,40213,45960.58544204818,1.1429285415673582,385,385,1.2250328436493874,389.0685729980469,2.6272644996643066,
partsupp_yfcc_wiki_1,4way,B3,0.05,0.2,793779,39310,58104.84135391987,1.47811857934164,385,385,1.2168530374765396,369.3700256347656,2.7579474449157715,
partsupp_yfcc_wiki_1,4way,B3,0.05,0.2,634727,39967,43861.84656087611,1.0974515615601899,385,385,1.2557236477732658,390.2039489746094,2.536240339279175,
partsupp_yfcc_wiki_1,4way,B3,0.05,0.2,351141,40168,46186.64040742985,1.1498366960622846,385,385,1.252111978828907,371.2911376953125,2.9031050205230713,
partsupp_yfcc_wiki_1,4way,B3,0.05,0.2,611020,40256,35138.3789737149,1.145641921333745,385,385,1.252603717148304,402.24163818359375,2.6832292079925537,
partsupp_yfcc_wiki_1,4way,B3,0.05,0.3,145860,39368,43677.19829480728,1.1094594161452773,385,385,1.2561855837702751,390.98895263671875,2.8995752334594727,
partsupp_yfcc_wiki_1,4way,B3,0.05,0.3,359095,40580,31494.10705568268,1.2884950168059421,385,385,1.2602191418409348,418.8973693847656,2.541745185852051,
partsupp_yfcc_wiki_1,4way,B3,0.05,0.3,286093,40727,35567.81081527347,1.1450521993473683,385,385,1.2303609400987625,399.58367919921875,2.442873239517212,
partsupp_yfcc_wiki_1,4way,B3,0.05,0.3,781121,39769,31381.59512047382,1.2672714642874898,385,385,1.2124665081501007,423.21759033203125,2.5712718963623047,
partsupp_yfcc_wiki_1,4way,B3,0.05,0.3,142780,39735,28949.39880892774,1.372567363566323,385,385,1.2168576940894127,379.4232482910156,2.896462917327881,
partsupp_yfcc_wiki_1,4way,B3,0.05,0.3,428790,40179,39382.88067738792,1.0202148575451766,385,385,1.2396648526191711,399.5513000488281,2.4774093627929688,
partsupp_yfcc_wiki_1,4way,B3,0.05,0.3,322723,40683,45914.57269068837,1.128593581857001,385,385,1.2096734717488289,399.7113037109375,2.986773729324341,
partsupp_yfcc_wiki_1,4way,B3,0.05,0.3,588557,40304,50013.9210372614,1.2409170563036276,385,385,1.0645007714629173,384.9740295410156,3.0205342769622803,
partsupp_yfcc_wiki_1,4way,B3,0.05,0.3,263638,40440,39911.42165692008,1.0132437863933688,385,385,0.9961705654859543,388.78143310546875,3.283975601196289,
partsupp_yfcc_wiki_1,4way,B3,0.05,0.3,693614,40343,29197.29975209763,1.3817373641581916,385,385,0.9965654462575912,416.12274169921875,2.5495686531066895,
partsupp_yfcc_wiki_1,4way,B3,0.05,0.3,546912,39082,26932.43056415549,1.4511129957952786,385,385,1.0081706568598747,379.59613037109375,3.211322069168091,
partsupp_yfcc_wiki_1,4way,B3,0.05,0.3,444449,40176,54336.963381832335,1.3524732024550064,385,385,0.9784316644072533,415.7320251464844,2.7807583808898926,
partsupp_yfcc_wiki_1,4way,B3,0.05,0.3,663176,40226,52397.12801887518,1.3025686873881364,385,385,1.187874935567379,364.0056457519531,2.5044238567352295,
partsupp_yfcc_wiki_1,4way,B3,0.05,0.3,763999,40721,39425.202658569506,1.0328672334966131,385,385,1.2152185663580894,402.105712890625,2.9056854248046875,
partsupp_yfcc_wiki_1,4way,B3,0.05,0.3,782168,39799,27031.915768664247,1.4722966859099023,385,385,1.2115519493818283,375.2125549316406,2.5348682403564453,
partsupp_yfcc_wiki_1,4way,B3,0.05,0.3,673362,40057,44097.97986710086,1.100880741620712,385,385,1.2620054185390472,388.6646728515625,2.8160996437072754,
partsupp_yfcc_wiki_1,4way,B3,0.05,0.3,83904,39832,46022.96703170681,1.1554269690627337,385,385,1.2467466294765472,346.9309997558594,3.0482594966888428,
partsupp_yfcc_wiki_1,4way,B3,0.05,0.3,695261,40130,37476.556113184975,1.0708027674368268,385,385,1.244732178747654,344.1124267578125,2.6969356536865234,
partsupp_yfcc_wiki_1,4way,B3,0.05,0.3,386245,40330,41687.6891957169,1.0336644977861864,385,385,1.2615537270903587,397.34130859375,2.934922456741333,
partsupp_yfcc_wiki_1,4way,B3,0.05,0.3,69504,40914,39361.83189261294,1.0394333300244176,385,385,1.2651868164539337,379.5235900878906,3.2390849590301514,
partsupp_yfcc_wiki_1,4way,B3,0.05,0.3,681535,40098,39311.10032878804,1.0200172385059318,385,385,1.2137005105614662,383.6977844238281,3.3210012912750244,
partsupp_yfcc_wiki_1,4way,B3,0.05,0.3,696279,39738,43573.4380910703,1.0965181461339346,385,385,1.2360559776425362,391.0321350097656,2.8524117469787598,
partsupp_yfcc_wiki_1,4way,B3,0.05,0.3,340223,40134,24824.506330409356,1.616708887009645,385,385,1.2098737061023712,407.8204040527344,2.9147491455078125,
partsupp_yfcc_wiki_1,4way,B3,0.05,0.3,690943,40739,28970.331853795324,1.4062317340925763,385,385,1.243523322045803,410.8652038574219,3.2163867950439453,
partsupp_yfcc_wiki_1,4way,B3,0.05,0.3,636616,40266,39452.752312206474,1.02061320541994,385,385,1.2427866458892822,396.9837646484375,2.938859224319458,
partsupp_yfcc_wiki_1,4way,B3,0.05,0.3,48106,39874,33255.893751413765,1.1990055145730338,385,385,1.2571513652801514,414.3175048828125,3.032061815261841,
partsupp_yfcc_wiki_1,4way,B3,0.05,0.3,352770,40214,35460.65982975885,1.134045451863028,385,385,1.2378431856632233,386.66796875,3.1356277465820312,
partsupp_yfcc_wiki_1,4way,B3,0.05,0.3,536954,40173,27171.329235777703,1.478506982540347,385,385,1.2787925079464912,424.83935546875,3.0945534706115723,
partsupp_yfcc_wiki_1,4way,B3,0.05,0.3,752067,40085,41652.27915550997,1.0390988937385548,385,385,1.2707198038697243,381.3480529785156,2.7386274337768555,
partsupp_yfcc_wiki_1,4way,B3,0.05,0.3,602570,39606,45720.025061065964,1.1543711826760077,385,385,1.2575183063745499,401.6769104003906,2.794548749923706,
partsupp_yfcc_wiki_1,4way,B3,0.05,0.3,345404,40211,22630.14754008891,1.7768775006334765,385,385,1.2323325499892235,393.2314758300781,2.874479293823242,
partsupp_yfcc_wiki_1,4way,B3,0.05,0.3,628777,39950,27051.97116161218,1.4767870245511217,385,385,1.2204032391309738,403.8093566894531,2.908341407775879,
partsupp_yfcc_wiki_1,4way,B3,0.05,0.3,137071,40107,41741.39976590652,1.0407509852620869,385,385,1.2309644371271133,407.1412658691406,2.6718127727508545,
partsupp_yfcc_wiki_1,4way,B3,0.05,0.3,296404,39655,43649.0916052832,1.100721008833267,385,385,1.2219250202178955,386.0415954589844,3.2837841510772705,
partsupp_yfcc_wiki_1,4way,B3,0.05,0.3,703153,40145,41742.91014296988,1.0398034660099609,385,385,1.217864453792572,401.27313232421875,3.3179731369018555,
partsupp_yfcc_wiki_1,4way,B3,0.05,0.3,438962,40025,41845.820453228174,1.0454920787814659,385,385,1.217186450958252,383.7845458984375,2.6289570331573486,
partsupp_yfcc_wiki_1,4way,B3,0.05,0.3,33248,39753,47951.65011441648,1.2062397835236707,385,385,1.230296678841114,370.56536865234375,2.337841033935547,
partsupp_yfcc_wiki_1,4way,B3,0.05,0.3,779894,39894,51851.09365721998,1.2997216036802521,385,385,1.2786518782377243,371.1859436035156,2.5691866874694824,
partsupp_yfcc_wiki_1,4way,B3,0.05,0.3,304120,39806,49706.072320953645,1.2487080420276753,385,385,1.245289109647274,373.7254333496094,2.7490689754486084,
partsupp_yfcc_wiki_1,4way,B3,0.05,0.3,73745,39649,33133.38321089343,1.196648098011446,385,385,1.2672832235693932,409.2041015625,2.654064178466797,
partsupp_yfcc_wiki_1,4way,B3,0.05,0.3,516733,39425,41771.13750207386,1.0595088776683288,385,385,1.2535806745290756,351.90386962890625,3.0097391605377197,
partsupp_yfcc_wiki_1,4way,B3,0.05,0.3,181346,40217,33468.121967963394,1.2016509333417877,385,385,9.672830812633038,450.21923828125,3.273480176925659,
partsupp_yfcc_wiki_1,4way,B3,0.05,0.3,620747,39855,33389.03659738113,1.1936552851341038,385,385,1.3065868988633156,368.0314025878906,3.0532097816467285,
partsupp_yfcc_wiki_1,4way,B3,0.05,0.3,738510,40353,45651.65086032389,1.1313074829708794,385,385,1.2654857710003853,396.4117126464844,2.6115403175354004,
partsupp_yfcc_wiki_1,4way,B3,0.05,0.3,111011,40275,29174.414884660553,1.3804904111779106,385,385,1.2554721906781197,395.4302978515625,2.8725788593292236,
partsupp_yfcc_wiki_1,4way,B3,0.05,0.3,426052,40739,54294.91038091954,1.3327501995856437,385,385,1.252179965376854,380.6536865234375,2.85752534866333,
partsupp_yfcc_wiki_1,4way,B3,0.05,0.3,724169,40800,48109.21097830976,1.179147327899749,385,385,1.2441864237189293,401.85101318359375,2.819596529006958,
partsupp_yfcc_wiki_1,4way,B3,0.05,0.3,588630,41165,43631.5676350937,1.0599190485872392,385,385,1.2297676876187325,402.3707580566406,2.9160590171813965,
partsupp_yfcc_wiki_1,4way,B3,0.05,0.3,790256,40185,31228.6503381585,1.2867991272391839,385,385,1.2191571295261383,431.37213134765625,2.7123072147369385,
partsupp_yfcc_wiki_1,4way,B3,0.05,0.3,201003,40961,39583.01529060299,1.0348125250004423,385,385,1.2213094159960747,415.375732421875,2.859617233276367,
partsupp_yfcc_wiki_1,4way,B3,0.05,0.3,6443,40305,41352.5891583534,1.0259915434401043,385,385,1.2323465198278427,405.20751953125,2.739042282104492,
partsupp_yfcc_wiki_1,4way,B3,0.05,0.3,642763,39549,41802.965153951234,1.0569917103833533,385,385,1.2168576940894127,388.4662170410156,2.7092697620391846,
partsupp_yfcc_wiki_1,4way,B3,0.05,0.3,193392,39643,35190.08814192206,1.126538809454506,385,385,1.2582605704665184,353.18707275390625,2.984983205795288,
partsupp_yfcc_wiki_1,4way,B3,0.05,0.3,203755,40082,26838.582442828294,1.493446983848082,385,385,1.2879353016614914,380.0079040527344,2.994408130645752,
partsupp_yfcc_wiki_1,4way,B3,0.05,0.3,94462,40322,23089.972133853094,1.7462992058306717,385,385,1.2556295841932297,399.1404724121094,2.962696075439453,
partsupp_yfcc_wiki_1,4way,B3,0.05,0.3,590890,40317,22913.425253997095,1.7595361476114082,385,385,1.2859497219324112,386.57598876953125,2.9903500080108643,
partsupp_yfcc_wiki_1,4way,B3,0.05,0.3,783383,40004,37356.534270141,1.0708702180645038,385,385,1.2770136818289757,386.79742431640625,2.9504549503326416,
partsupp_yfcc_wiki_1,4way,B3,0.05,0.3,737605,40564,43955.738372816515,1.0836144949417343,385,385,1.2243501842021942,364.5066833496094,2.988215684890747,
partsupp_yfcc_wiki_1,4way,B3,0.05,0.3,516560,39595,39656.38754311777,1.0015503862386101,385,385,1.2370850890874863,376.8502502441406,3.1861371994018555,
partsupp_yfcc_wiki_1,4way,B3,0.05,0.3,137642,39503,39609.13821725919,1.0026868394111634,385,385,1.2420602142810822,362.8982238769531,2.908339023590088,
partsupp_yfcc_wiki_1,4way,B3,0.05,0.3,37803,40186,45289.91946910823,1.1270074023069783,385,385,1.2192418798804283,378.5651550292969,2.9570248126983643,
partsupp_yfcc_wiki_1,4way,B3,0.05,0.3,254800,40399,41449.26546537517,1.0259973134328861,385,385,1.2201610952615738,363.9730224609375,2.9208061695098877,
partsupp_yfcc_wiki_1,4way,B3,0.05,0.3,605930,40555,41945.681621397765,1.0342912494488414,385,385,1.2342855334281921,378.93402099609375,2.785029649734497,
partsupp_yfcc_wiki_1,4way,B3,0.05,0.3,209329,39864,56486.37485193162,1.4169770934159047,385,385,1.265103928744793,393.9214782714844,2.7756268978118896,
partsupp_yfcc_wiki_1,4way,B3,0.05,0.3,766585,39745,47510.07477270996,1.1953723681647996,385,385,1.2691877782344818,377.1371765136719,3.071518898010254,
partsupp_yfcc_wiki_1,4way,B3,0.05,0.3,488782,41305,29043.350584868385,1.4221843956778164,385,385,1.2514172121882439,452.28680419921875,3.142624616622925,
partsupp_yfcc_wiki_1,4way,B3,0.05,0.3,374559,40063,35383.456900366196,1.1322522870733236,385,385,1.278737559914589,374.6746826171875,3.0959250926971436,
partsupp_yfcc_wiki_1,4way,B3,0.05,0.3,111780,39441,49933.88692105015,1.2660400831888174,385,385,1.2470753863453865,383.554443359375,3.20689058303833,
partsupp_yfcc_wiki_1,4way,B3,0.05,0.3,178188,40094,41255.558036947295,1.0289708693806379,385,385,1.2359442189335823,390.0411682128906,2.985353708267212,
partsupp_yfcc_wiki_1,4way,B3,0.05,0.3,539857,41081,39365.04514390552,1.0435908265777805,385,385,1.218029297888279,382.7663879394531,2.8438801765441895,
partsupp_yfcc_wiki_1,4way,B3,0.05,0.3,781264,39591,39819.92000870348,1.0057821224193244,385,385,1.1944351717829704,381.34906005859375,2.6980855464935303,
partsupp_yfcc_wiki_1,4way,B3,0.05,0.3,771184,40446,35746.80559588627,1.1314577435879898,385,385,1.2168800458312035,381.6242980957031,2.8078548908233643,
partsupp_yfcc_wiki_1,4way,B3,0.05,0.3,140785,39681,45963.4420376238,1.1583236823069931,385,385,1.2313909828662872,378.0095520019531,2.836686372756958,
partsupp_yfcc_wiki_1,4way,B3,0.05,0.3,2505,39814,33093.28884158927,1.2030838092454754,385,385,1.2641847133636475,383.0123596191406,2.726055383682251,
partsupp_yfcc_wiki_1,4way,B3,0.05,0.3,526089,39735,64469.52043159594,1.6224869870792988,385,385,1.3117101043462753,401.1810607910156,2.778130531311035,
partsupp_yfcc_wiki_1,4way,B3,0.05,0.3,608072,39990,33168.74515462917,1.2056530873739981,385,385,1.2878626585006714,370.3761291503906,3.105651617050171,
partsupp_yfcc_wiki_1,4way,B3,0.05,0.3,224837,40427,39700.50737170888,1.0182993285574184,385,385,1.2634051963686943,410.1109619140625,3.241783380508423,
partsupp_yfcc_wiki_1,4way,B3,0.05,0.3,386133,39828,45444.282986579696,1.1410134324239152,385,385,1.2599555775523186,368.23663330078125,2.921837329864502,
partsupp_yfcc_wiki_1,4way,B3,0.05,0.3,487850,40075,47952.90781447082,1.1965791095313991,385,385,1.2537157163023949,410.7374267578125,2.5421645641326904,
partsupp_yfcc_wiki_1,4way,B3,0.05,0.3,340195,40049,26895.041314170157,1.4890849035022464,385,385,1.247631385922432,392.4921875,3.0128531455993652,
partsupp_yfcc_wiki_1,4way,B3,0.05,0.3,122774,39671,35310.244331983806,1.1234983147388262,385,385,1.2396033853292465,350.9120178222656,2.5227179527282715,
partsupp_yfcc_wiki_1,4way,B3,0.05,0.3,690833,39977,48091.34388846724,1.202975308013789,385,385,1.242361031472683,383.1605529785156,3.2076144218444824,
partsupp_yfcc_wiki_1,4way,B3,0.05,0.3,686759,39710,56005.72448461485,1.4103682821610388,385,385,1.2509608641266823,361.51519775390625,3.245149850845337,
partsupp_yfcc_wiki_1,4way,B3,0.05,0.3,154430,40193,31334.37460526316,1.2827126919344634,385,385,1.230977475643158,385.8101501464844,2.6717138290405273,
partsupp_yfcc_wiki_1,4way,B3,0.05,0.3,630926,38981,10368.61662835249,3.759517918080634,385,385,1.2089153751730919,385.1778869628906,3.197935104370117,
partsupp_yfcc_wiki_1,4way,B3,0.05,0.3,255248,39281,41372.44795321638,1.0532432461805041,385,385,1.2296559289097786,388.968017578125,2.75639271736145,
partsupp_yfcc_wiki_1,4way,B3,0.05,0.3,48107,40107,26942.52007274871,1.4886135332443025,385,385,1.2087048962712288,429.646484375,3.032061815261841,
partsupp_yfcc_wiki_1,4way,B3,0.05,0.3,717611,39475,39502.0992466767,1.0006864913660976,385,385,1.2614978477358818,371.3143310546875,2.4548850059509277,
partsupp_yfcc_wiki_1,4way,B3,0.05,0.3,559097,40038,51829.23176005789,1.2945010180343146,385,385,1.2357216328382492,398.3103332519531,3.1344034671783447,
partsupp_yfcc_wiki_1,4way,B3,0.05,0.3,527854,39710,35551.000863110945,1.1169868368236178,385,385,1.2074830010533333,392.1648254394531,2.896984577178955,
partsupp_yfcc_wiki_1,4way,B3,0.05,0.3,692258,40562,52307.37943501051,1.2895660824172996,385,385,1.2132227420806885,371.93548583984375,3.5499489307403564,
partsupp_yfcc_wiki_1,4way,B3,0.05,0.3,344709,40185,43499.86658640065,1.0824901477267799,385,385,1.2215133756399155,382.4437561035156,2.6828415393829346,
partsupp_yfcc_wiki_1,4way,B3,0.05,0.3,414737,39728,39597.83868267481,1.0032870813573505,385,385,1.2356983497738838,382.7923583984375,3.1229937076568604,
partsupp_yfcc_wiki_1,4way,B3,0.05,0.3,362610,39989,33314.589663644896,1.2003449660866952,385,385,1.1495938524603844,430.5520935058594,3.019996404647827,
partsupp_yfcc_wiki_1,4way,B3,0.05,0.3,129857,40279,35526.15116825627,1.133784512969999,385,385,1.2709200382232666,396.3171081542969,2.8648459911346436,
partsupp_yfcc_wiki_1,4way,B3,0.05,0.3,210898,40213,37743.9041083483,1.065417077273296,385,385,1.2722322717308998,389.0685729980469,2.6272644996643066,
partsupp_yfcc_wiki_1,4way,B3,0.05,0.3,793779,39310,29081.564853458898,1.351715432029943,385,385,1.2657567858695984,369.3700256347656,2.7579474449157715,
partsupp_yfcc_wiki_1,4way,B3,0.05,0.3,634727,39967,49998.15293554809,1.250985886745267,385,385,1.2990552932024002,390.2039489746094,2.536240339279175,
partsupp_yfcc_wiki_1,4way,B3,0.05,0.3,351141,40168,33328.76835113145,1.2052050521883857,385,385,1.274801790714264,371.2911376953125,2.9031050205230713,
partsupp_yfcc_wiki_1,4way,B3,0.05,0.3,611020,40256,41618.69650847204,1.0338507677978945,385,385,1.228146255016327,402.24163818359375,2.6832292079925537,
partsupp_yfcc_wiki_1,4way,B3,0.05,0.4,145860,39368,39585.22219550032,1.0055177351021214,385,385,1.2611933052539825,390.98895263671875,2.8995752334594727,
partsupp_yfcc_wiki_1,4way,B3,0.05,0.4,359095,40580,37271.76094914574,1.0887599342399754,385,385,1.2458404526114464,418.8973693847656,2.541745185852051,
partsupp_yfcc_wiki_1,4way,B3,0.05,0.4,286093,40727,39415.035291251006,1.0332858945591306,385,385,1.2572463601827621,399.58367919921875,2.442873239517212,
partsupp_yfcc_wiki_1,4way,B3,0.05,0.4,781121,39769,27039.121524966267,1.4707948245759295,385,385,1.2697577476501465,423.21759033203125,2.5712718963623047,
partsupp_yfcc_wiki_1,4way,B3,0.05,0.4,142780,39735,31046.64487350623,1.279848439723289,385,385,1.2766560539603233,379.4232482910156,2.896462917327881,
partsupp_yfcc_wiki_1,4way,B3,0.05,0.4,428790,40179,50070.54547811888,1.246186950350155,385,385,1.266942359507084,399.5513000488281,2.4774093627929688,
partsupp_yfcc_wiki_1,4way,B3,0.05,0.4,322723,40683,45707.204514196885,1.1234964116264012,385,385,1.2674396857619286,399.7113037109375,2.986773729324341,
partsupp_yfcc_wiki_1,4way,B3,0.05,0.4,588557,40304,35330.08553631079,1.1407841047703444,385,385,1.2858808040618896,384.9740295410156,3.0205342769622803,
partsupp_yfcc_wiki_1,4way,B3,0.05,0.4,263638,40440,22872.353280998388,1.768073424853762,385,385,1.2464700266718864,388.78143310546875,3.283975601196289,
partsupp_yfcc_wiki_1,4way,B3,0.05,0.4,693614,40343,45633.159568607516,1.1311295532956775,385,385,1.2667309492826462,416.12274169921875,2.5495686531066895,
partsupp_yfcc_wiki_1,4way,B3,0.05,0.4,546912,39082,31249.063486437037,1.2506614803660492,385,385,1.288912259042263,379.59613037109375,3.211322069168091,
partsupp_yfcc_wiki_1,4way,B3,0.05,0.4,444449,40176,35415.76426167146,1.1344100808656072,385,385,1.271757297217846,415.7320251464844,2.7807583808898926,
partsupp_yfcc_wiki_1,4way,B3,0.05,0.4,663176,40226,49761.10718297327,1.2370384125434613,385,385,1.2882295995950699,364.0056457519531,2.5044238567352295,
partsupp_yfcc_wiki_1,4way,B3,0.05,0.4,763999,40721,37343.40167908624,1.0904469911428918,385,385,1.282871700823307,402.105712890625,2.9056854248046875,
partsupp_yfcc_wiki_1,4way,B3,0.05,0.4,782168,39799,35278.385719253376,1.1281411886791484,385,385,1.2855157256126404,375.2125549316406,2.5348682403564453,
partsupp_yfcc_wiki_1,4way,B3,0.05,0.4,673362,40057,39550.03571811247,1.0128183014928445,385,385,1.261129043996334,388.6646728515625,2.8160996437072754,
partsupp_yfcc_wiki_1,4way,B3,0.05,0.4,83904,39832,31159.751953102405,1.278315695835767,385,385,1.291203312575817,346.9309997558594,3.0482594966888428,
partsupp_yfcc_wiki_1,4way,B3,0.05,0.4,695261,40130,31248.806281875928,1.2842090554759877,385,385,1.2680292129516602,344.1124267578125,2.6969356536865234,
partsupp_yfcc_wiki_1,4way,B3,0.05,0.4,386245,40330,37531.63100444042,1.074560282105206,385,385,1.3046972453594208,397.34130859375,2.934922456741333,
partsupp_yfcc_wiki_1,4way,B3,0.05,0.4,69504,40914,45852.41500714178,1.1207023270064473,385,385,1.2356899678707123,379.5235900878906,3.2390849590301514,
partsupp_yfcc_wiki_1,4way,B3,0.05,0.4,681535,40098,39765.11285959247,1.0083713364924407,385,385,1.2365756556391716,383.6977844238281,3.3210012912750244,
partsupp_yfcc_wiki_1,4way,B3,0.05,0.4,696279,39738,41423.691375371556,1.0424201362769026,385,385,1.2462912127375603,391.0321350097656,2.8524117469787598,
partsupp_yfcc_wiki_1,4way,B3,0.05,0.4,340223,40134,27254.254638229562,1.4725774207636562,385,385,1.2390371412038803,407.8204040527344,2.9147491455078125,
partsupp_yfcc_wiki_1,4way,B3,0.05,0.4,690943,40739,53695.726039319525,1.3180423191369333,385,385,1.2759063392877579,410.8652038574219,3.2163867950439453,
partsupp_yfcc_wiki_1,4way,B3,0.05,0.4,636616,40266,33237.989835059845,1.211445102420933,385,385,1.267705112695694,396.9837646484375,2.938859224319458,
partsupp_yfcc_wiki_1,4way,B3,0.05,0.4,48106,39874,54034.25337892457,1.3551249781543004,385,385,1.2637404724955559,414.3175048828125,3.032061815261841,
partsupp_yfcc_wiki_1,4way,B3,0.05,0.4,352770,40214,52082.0302452967,1.2951218542123812,385,385,1.2695258483290672,386.66796875,3.1356277465820312,
partsupp_yfcc_wiki_1,4way,B3,0.05,0.4,536954,40173,43642.04209906968,1.0863525775787142,385,385,1.2640561908483505,424.83935546875,3.0945534706115723,
partsupp_yfcc_wiki_1,4way,B3,0.05,0.4,752067,40085,39524.541233776814,1.0141800195202324,385,385,1.3594990596175194,381.3480529785156,2.7386274337768555,
partsupp_yfcc_wiki_1,4way,B3,0.05,0.4,602570,39606,52182.525415655866,1.3175409133882712,385,385,1.497441902756691,401.6769104003906,2.794548749923706,
partsupp_yfcc_wiki_1,4way,B3,0.05,0.4,345404,40211,54182.372118561034,1.347451496320933,385,385,1.2761252000927925,393.2314758300781,2.874479293823242,
partsupp_yfcc_wiki_1,4way,B3,0.05,0.4,628777,39950,35417.21905259584,1.127982407107481,385,385,1.2646960094571114,403.8093566894531,2.908341407775879,
partsupp_yfcc_wiki_1,4way,B3,0.05,0.4,137071,40107,29185.743459191453,1.3741983326920912,385,385,1.2420052662491798,407.1412658691406,2.6718127727508545,
partsupp_yfcc_wiki_1,4way,B3,0.05,0.4,296404,39655,20618.992535470643,1.92322684688798,385,385,1.2172646820545197,386.0415954589844,3.2837841510772705,
partsupp_yfcc_wiki_1,4way,B3,0.05,0.4,703153,40145,46006.306352651256,1.1460033965039547,385,385,1.237981952726841,401.27313232421875,3.3179731369018555,
partsupp_yfcc_wiki_1,4way,B3,0.05,0.4,438962,40025,45837.37640158765,1.145218648384451,385,385,1.271299086511135,383.7845458984375,2.6289570331573486,
partsupp_yfcc_wiki_1,4way,B3,0.05,0.4,33248,39753,24992.518175393725,1.5905960224183668,385,385,1.2570247054100037,370.56536865234375,2.337841033935547,
partsupp_yfcc_wiki_1,4way,B3,0.05,0.4,779894,39894,41621.5792761715,1.0433042381353461,385,385,1.2532677501440048,371.1859436035156,2.5691866874694824,
partsupp_yfcc_wiki_1,4way,B3,0.05,0.4,304120,39806,39895.01394422757,1.0022361941473037,385,385,1.3158135116100311,373.7254333496094,2.7490689754486084,
partsupp_yfcc_wiki_1,4way,B3,0.05,0.4,73745,39649,47818.382067778395,1.206042575292653,385,385,1.2806179001927376,409.2041015625,2.654064178466797,
partsupp_yfcc_wiki_1,4way,B3,0.05,0.4,516733,39425,29020.863999022753,1.3585053843099777,385,385,1.2849485501646996,351.90386962890625,3.0097391605377197,
partsupp_yfcc_wiki_1,4way,B3,0.05,0.4,181346,40217,33258.13391812865,1.2092380197578718,385,385,1.280020922422409,450.21923828125,3.273480176925659,
partsupp_yfcc_wiki_1,4way,B3,0.05,0.4,620747,39855,47742.42540434729,1.197903033605502,385,385,1.2239553034305573,368.0314025878906,3.0532097816467285,
partsupp_yfcc_wiki_1,4way,B3,0.05,0.4,738510,40353,49585.86635118437,1.2288024769207833,385,385,1.2540342286229134,396.4117126464844,2.6115403175354004,
partsupp_yfcc_wiki_1,4way,B3,0.05,0.4,111011,40275,31237.81893513995,1.2893025625004175,385,385,1.2231720611453056,395.4302978515625,2.8725788593292236,
partsupp_yfcc_wiki_1,4way,B3,0.05,0.4,426052,40739,43860.87296575396,1.0766310652140199,385,385,1.2271543964743614,380.6536865234375,2.85752534866333,
partsupp_yfcc_wiki_1,4way,B3,0.05,0.4,724169,40800,39505.21652364607,1.0327750001212859,385,385,1.2051807716488838,401.85101318359375,2.819596529006958,
partsupp_yfcc_wiki_1,4way,B3,0.05,0.4,588630,41165,45985.671748995905,1.1171060791690977,385,385,1.0233055800199509,402.3707580566406,2.9160590171813965,
partsupp_yfcc_wiki_1,4way,B3,0.05,0.4,790256,40185,33215.953471763765,1.2098102206868904,385,385,1.032710075378418,431.37213134765625,2.7123072147369385,
partsupp_yfcc_wiki_1,4way,B3,0.05,0.4,201003,40961,35469.39127489618,1.1548266978291946,385,385,1.0272236540913582,415.375732421875,2.859617233276367,
partsupp_yfcc_wiki_1,4way,B3,0.05,0.4,6443,40305,23026.19436417842,1.7503978018487507,385,385,1.0885531082749367,405.20751953125,2.739042282104492,
partsupp_yfcc_wiki_1,4way,B3,0.05,0.4,642763,39549,29170.979979360167,1.3557652169376129,385,385,1.2244386598467827,388.4662170410156,2.7092697620391846,
partsupp_yfcc_wiki_1,4way,B3,0.05,0.4,193392,39643,29183.649033941063,1.3583976408808418,385,385,1.2186821550130844,353.18707275390625,2.984983205795288,
partsupp_yfcc_wiki_1,4way,B3,0.05,0.4,203755,40082,41460.57950066633,1.0343939798579496,385,385,1.2272801250219345,380.0079040527344,2.994408130645752,
partsupp_yfcc_wiki_1,4way,B3,0.05,0.4,94462,40322,41829.856394983624,1.037395377089024,385,385,1.2223785743117332,399.1404724121094,2.962696075439453,
partsupp_yfcc_wiki_1,4way,B3,0.05,0.4,590890,40317,28860.786516446,1.39694737622711,385,385,1.237829215824604,386.57598876953125,2.9903500080108643,
partsupp_yfcc_wiki_1,4way,B3,0.05,0.4,783383,40004,58246.01765571935,1.4560048409088928,385,385,1.2731319293379784,386.79742431640625,2.9504549503326416,
partsupp_yfcc_wiki_1,4way,B3,0.05,0.4,737605,40564,43821.59488709749,1.0803075359209517,385,385,1.247175969183445,364.5066833496094,2.988215684890747,
partsupp_yfcc_wiki_1,4way,B3,0.05,0.4,516560,39595,29082.314661281598,1.3614803519306646,385,385,1.276112161576748,376.8502502441406,3.1861371994018555,
partsupp_yfcc_wiki_1,4way,B3,0.05,0.4,137642,39503,60191.26970381167,1.5237138876493346,385,385,1.255575567483902,362.8982238769531,2.908339023590088,
partsupp_yfcc_wiki_1,4way,B3,0.05,0.4,37803,40186,33125.42782337563,1.213146595849909,385,385,1.2483811005949974,378.5651550292969,2.9570248126983643,
partsupp_yfcc_wiki_1,4way,B3,0.05,0.4,254800,40399,27126.95424103738,1.4892567606755058,385,385,1.228933222591877,363.9730224609375,2.9208061695098877,
partsupp_yfcc_wiki_1,4way,B3,0.05,0.4,605930,40555,43678.84770447465,1.0770274369245383,385,385,1.222739927470684,378.93402099609375,2.785029649734497,
partsupp_yfcc_wiki_1,4way,B3,0.05,0.4,209329,39864,41587.33711796459,1.043230411347697,385,385,1.2336429208517075,393.9214782714844,2.7756268978118896,
partsupp_yfcc_wiki_1,4way,B3,0.05,0.4,766585,39745,22811.9386538241,1.7422894477816468,385,385,1.2023551389575005,377.1371765136719,3.071518898010254,
partsupp_yfcc_wiki_1,4way,B3,0.05,0.4,488782,41305,43656.085085126,1.0569201085855464,385,385,7.31487013399601,452.28680419921875,3.142624616622925,
partsupp_yfcc_wiki_1,4way,B3,0.05,0.4,374559,40063,35146.366653186735,1.1398902309114638,385,385,1.3555381447076797,374.6746826171875,3.0959250926971436,
partsupp_yfcc_wiki_1,4way,B3,0.05,0.4,111780,39441,39576.18008685941,1.003427400087711,385,385,1.3688290491700172,383.554443359375,3.20689058303833,
partsupp_yfcc_wiki_1,4way,B3,0.05,0.4,178188,40094,37512.71596147231,1.0688109077780135,385,385,1.2722956016659737,390.0411682128906,2.985353708267212,
partsupp_yfcc_wiki_1,4way,B3,0.05,0.4,539857,41081,47847.73410556305,1.1647168789845197,385,385,7.5213126838207245,382.7663879394531,2.8438801765441895,
partsupp_yfcc_wiki_1,4way,B3,0.05,0.4,781264,39591,31434.72638457762,1.2594669829677276,385,385,13.288442976772785,381.34906005859375,2.6980855464935303,
partsupp_yfcc_wiki_1,4way,B3,0.05,0.4,771184,40446,37679.68855364209,1.0734165157023443,385,385,1.3816868886351585,381.6242980957031,2.8078548908233643,
partsupp_yfcc_wiki_1,4way,B3,0.05,0.4,140785,39681,49716.937236324484,1.2529154314741182,385,385,1.3152463361620903,378.0095520019531,2.836686372756958,
partsupp_yfcc_wiki_1,4way,B3,0.05,0.4,2505,39814,35348.83087375302,1.126317307132283,385,385,1.309574581682682,383.0123596191406,2.726055383682251,
partsupp_yfcc_wiki_1,4way,B3,0.05,0.4,526089,39735,46042.289259259254,1.1587338431926326,385,385,7.560933008790016,401.1810607910156,2.778130531311035,
partsupp_yfcc_wiki_1,4way,B3,0.05,0.4,608072,39990,43553.64550919646,1.0891134160839324,385,385,2.1069301292300224,370.3761291503906,3.105651617050171,
partsupp_yfcc_wiki_1,4way,B3,0.05,0.4,224837,40427,41728.28786741583,1.0321885835559361,385,385,1.9807536154985428,410.1109619140625,3.241783380508423,
partsupp_yfcc_wiki_1,4way,B3,0.05,0.4,386133,39828,29098.574643874643,1.36872683584809,385,385,1.9700909033417702,368.23663330078125,2.921837329864502,
partsupp_yfcc_wiki_1,4way,B3,0.05,0.4,487850,40075,37447.91207517587,1.0701531214757798,385,385,1.8892446532845497,410.7374267578125,2.5421645641326904,
partsupp_yfcc_wiki_1,4way,B3,0.05,0.4,340195,40049,41308.75692537503,1.0314553902812813,385,385,1.8720990046858788,392.4921875,3.0128531455993652,
partsupp_yfcc_wiki_1,4way,B3,0.05,0.4,122774,39671,33218.371189083824,1.194248802091676,385,385,1.8536094576120377,350.9120178222656,2.5227179527282715,
partsupp_yfcc_wiki_1,4way,B3,0.05,0.4,690833,39977,43599.294413230724,1.0906094607707113,385,385,1.8842993304133415,383.1605529785156,3.2076144218444824,
partsupp_yfcc_wiki_1,4way,B3,0.05,0.4,686759,39710,37434.49758115095,1.0607862417257288,385,385,1.9055390730500221,361.51519775390625,3.245149850845337,
partsupp_yfcc_wiki_1,4way,B3,0.05,0.4,154430,40193,29167.70307457607,1.3779967485692795,385,385,1.881948672235012,385.8101501464844,2.6717138290405273,
partsupp_yfcc_wiki_1,4way,B3,0.05,0.4,630926,38981,31333.070424848305,1.2440849068237692,385,385,1.8997220322489738,385.1778869628906,3.197935104370117,
partsupp_yfcc_wiki_1,4way,B3,0.05,0.4,255248,39281,43792.14663026029,1.1148429681082532,385,385,1.6125915572047234,388.968017578125,2.75639271736145,
partsupp_yfcc_wiki_1,4way,B3,0.05,0.4,48107,40107,43609.018644576165,1.0873168934244937,385,385,1.2647490948438644,429.646484375,3.032061815261841,
partsupp_yfcc_wiki_1,4way,B3,0.05,0.4,717611,39475,35409.618140650775,1.114810101684833,385,385,1.2534558773040771,371.3143310546875,2.4548850059509277,
partsupp_yfcc_wiki_1,4way,B3,0.05,0.4,559097,40038,39742.87290206548,1.0074259125318337,385,385,7.219103164970875,398.3103332519531,3.1344034671783447,
partsupp_yfcc_wiki_1,4way,B3,0.05,0.4,527854,39710,41585.94532163743,1.0472411312424434,385,385,1.2973984703421593,392.1648254394531,2.896984577178955,
partsupp_yfcc_wiki_1,4way,B3,0.05,0.4,692258,40562,37463.27423128504,1.082713693138099,385,385,1.2827692553400993,371.93548583984375,3.5499489307403564,
partsupp_yfcc_wiki_1,4way,B3,0.05,0.4,344709,40185,41432.51554381478,1.031044308667781,385,385,1.294311136007309,382.4437561035156,2.6828415393829346,
partsupp_yfcc_wiki_1,4way,B3,0.05,0.4,414737,39728,39315.77537842583,1.0104849673599563,385,385,1.2846151366829872,382.7923583984375,3.1229937076568604,
partsupp_yfcc_wiki_1,4way,B3,0.05,0.4,362610,39989,39818.11601269808,1.0042916140795668,385,385,1.2841932475566864,430.5520935058594,3.019996404647827,
partsupp_yfcc_wiki_1,4way,B3,0.05,0.4,129857,40279,33415.19534756675,1.2054096820634947,385,385,1.2635951861739159,396.3171081542969,2.8648459911346436,
partsupp_yfcc_wiki_1,4way,B3,0.05,0.4,210898,40213,35532.38854829432,1.1317280273839165,385,385,1.2963488698005676,389.0685729980469,2.6272644996643066,
partsupp_yfcc_wiki_1,4way,B3,0.05,0.4,793779,39310,35425.9572729762,1.1096383281076965,385,385,1.2690462172031403,369.3700256347656,2.7579474449157715,
partsupp_yfcc_wiki_1,4way,B3,0.05,0.4,634727,39967,41636.56107504614,1.041773490005408,385,385,1.2662280350923538,390.2039489746094,2.536240339279175,
partsupp_yfcc_wiki_1,4way,B3,0.05,0.4,351141,40168,35297.14954394191,1.1379955752516022,385,385,1.2788521125912666,371.2911376953125,2.9031050205230713,
partsupp_yfcc_wiki_1,4way,B3,0.05,0.4,611020,40256,41882.33622067846,1.0403998464993656,385,385,7.2772931307554245,402.24163818359375,2.6832292079925537,
partsupp_yfcc_wiki_1,4way,B3,0.05,0.5,145860,39368,43578.045456879074,1.1069408010790254,385,385,1.29756610840559,390.98895263671875,2.8995752334594727,
partsupp_yfcc_wiki_1,4way,B3,0.05,0.5,359095,40580,39588.75163255361,1.0250386366472666,385,385,7.319317199289799,418.8973693847656,2.541745185852051,
partsupp_yfcc_wiki_1,4way,B3,0.05,0.5,286093,40727,35087.27967196775,1.16073404324183,385,385,1.3065971434116364,399.58367919921875,2.442873239517212,
partsupp_yfcc_wiki_1,4way,B3,0.05,0.5,781121,39769,23199.217698658413,1.7142388384199612,385,385,1.2605870142579079,423.21759033203125,2.5712718963623047,
partsupp_yfcc_wiki_1,4way,B3,0.05,0.5,142780,39735,20983.405792988437,1.8936392114800245,385,385,1.262027770280838,379.4232482910156,2.896462917327881,
partsupp_yfcc_wiki_1,4way,B3,0.05,0.5,428790,40179,41606.11494927862,1.035518926535718,385,385,1.2741591781377792,399.5513000488281,2.4774093627929688,
partsupp_yfcc_wiki_1,4way,B3,0.05,0.5,322723,40683,31308.532513473227,1.2994221298137365,385,385,1.2709163129329681,399.7113037109375,2.986773729324341,
partsupp_yfcc_wiki_1,4way,B3,0.05,0.5,588557,40304,29074.261913110022,1.3862432731895533,385,385,1.2692147865891457,384.9740295410156,3.0205342769622803,
partsupp_yfcc_wiki_1,4way,B3,0.05,0.5,263638,40440,41651.67980256303,1.0299624085698078,385,385,1.3047540560364723,388.78143310546875,3.283975601196289,
partsupp_yfcc_wiki_1,4way,B3,0.05,0.5,693614,40343,41673.41984942738,1.0329777123522639,385,385,9.23149473965168,416.12274169921875,2.5495686531066895,
partsupp_yfcc_wiki_1,4way,B3,0.05,0.5,546912,39082,43346.34231943213,1.1091126943204577,385,385,1.381167210638523,379.59613037109375,3.211322069168091,
partsupp_yfcc_wiki_1,4way,B3,0.05,0.5,444449,40176,43668.5138650968,1.086930353073895,385,385,1.389659009873867,415.7320251464844,2.7807583808898926,
partsupp_yfcc_wiki_1,4way,B3,0.05,0.5,663176,40226,37392.5448385746,1.0757759380555019,385,385,1.3389457017183304,364.0056457519531,2.5044238567352295,
partsupp_yfcc_wiki_1,4way,B3,0.05,0.5,763999,40721,41778.14529865634,1.0259606910109362,385,385,1.3309493660926819,402.105712890625,2.9056854248046875,
partsupp_yfcc_wiki_1,4way,B3,0.05,0.5,782168,39799,31178.29896911081,1.276496836451211,385,385,1.3485625386238098,375.2125549316406,2.5348682403564453,
partsupp_yfcc_wiki_1,4way,B3,0.05,0.5,673362,40057,43683.50583205361,1.0905336353709367,385,385,1.3328790664672852,388.6646728515625,2.8160996437072754,
partsupp_yfcc_wiki_1,4way,B3,0.05,0.5,83904,39832,50021.14559723274,1.2558030125836699,385,385,1.3246480375528336,346.9309997558594,3.0482594966888428,
partsupp_yfcc_wiki_1,4way,B3,0.05,0.5,695261,40130,35535.048518936535,1.1293075899028202,385,385,1.367572695016861,344.1124267578125,2.6969356536865234,
partsupp_yfcc_wiki_1,4way,B3,0.05,0.5,386245,40330,31119.03858410063,1.2959911949402398,385,385,1.307929866015911,397.34130859375,2.934922456741333,
partsupp_yfcc_wiki_1,4way,B3,0.05,0.5,69504,40914,54230.20567458359,1.3254681936399175,385,385,1.268576830625534,379.5235900878906,3.2390849590301514,
partsupp_yfcc_wiki_1,4way,B3,0.05,0.5,681535,40098,47973.6304187626,1.196409557054282,385,385,1.289818435907364,383.6977844238281,3.3210012912750244,
partsupp_yfcc_wiki_1,4way,B3,0.05,0.5,696279,39738,35278.770208404996,1.1263998083054667,385,385,1.245378516614437,391.0321350097656,2.8524117469787598,
partsupp_yfcc_wiki_1,4way,B3,0.05,0.5,340223,40134,33269.62388024485,1.206325630384753,385,385,7.412918843328953,407.8204040527344,2.9147491455078125,
partsupp_yfcc_wiki_1,4way,B3,0.05,0.5,690943,40739,51781.844366335594,1.2710632162383857,385,385,1.2703100219368935,410.8652038574219,3.2163867950439453,
partsupp_yfcc_wiki_1,4way,B3,0.05,0.5,636616,40266,45759.02049078687,1.1364183303726934,385,385,1.2949416413903236,396.9837646484375,2.938859224319458,
partsupp_yfcc_wiki_1,4way,B3,0.05,0.5,48106,39874,31033.63624687881,1.2848639354664828,385,385,1.2750746682286263,414.3175048828125,3.032061815261841,
partsupp_yfcc_wiki_1,4way,B3,0.05,0.5,352770,40214,29362.713406717692,1.3695600758341264,385,385,1.2565646320581436,386.66796875,3.1356277465820312,
partsupp_yfcc_wiki_1,4way,B3,0.05,0.5,536954,40173,20920.51687909743,1.920268042714496,385,385,1.2503080070018768,424.83935546875,3.0945534706115723,
partsupp_yfcc_wiki_1,4way,B3,0.05,0.5,752067,40085,29401.55640285894,1.3633631992387392,385,385,7.2735510766506195,381.3480529785156,2.7386274337768555,
partsupp_yfcc_wiki_1,4way,B3,0.05,0.5,602570,39606,48120.984973082515,1.2149922984669626,385,385,1.295710913836956,401.6769104003906,2.794548749923706,
partsupp_yfcc_wiki_1,4way,B3,0.05,0.5,345404,40211,49994.962559526575,1.2433155743335549,385,385,1.2851106002926826,393.2314758300781,2.874479293823242,
partsupp_yfcc_wiki_1,4way,B3,0.05,0.5,628777,39950,47865.107346429984,1.1981253403361698,385,385,1.2865383177995682,403.8093566894531,2.908341407775879,
partsupp_yfcc_wiki_1,4way,B3,0.05,0.5,137071,40107,45713.15436473832,1.139779947758205,385,385,1.2485599145293236,407.1412658691406,2.6718127727508545,
partsupp_yfcc_wiki_1,4way,B3,0.05,0.5,296404,39655,45649.61652601235,1.1511692479135633,385,385,1.0866867378354073,386.0415954589844,3.2837841510772705,
partsupp_yfcc_wiki_1,4way,B3,0.05,0.5,703153,40145,49802.55940676411,1.2405669300476798,385,385,7.0471977815032005,401.27313232421875,3.3179731369018555,
partsupp_yfcc_wiki_1,4way,B3,0.05,0.5,438962,40025,41790.839850732526,1.0441184222544042,385,385,1.2775994837284088,383.7845458984375,2.6289570331573486,
partsupp_yfcc_wiki_1,4way,B3,0.05,0.5,33248,39753,29170.13130048323,1.3627981166934773,385,385,1.2569958344101906,370.56536865234375,2.337841033935547,
partsupp_yfcc_wiki_1,4way,B3,0.05,0.5,779894,39894,22908.373519920202,1.741459295017596,385,385,1.249430701136589,371.1859436035156,2.5691866874694824,
partsupp_yfcc_wiki_1,4way,B3,0.05,0.5,304120,39806,43698.61348211215,1.0977896166937686,385,385,1.270853914320469,373.7254333496094,2.7490689754486084,
partsupp_yfcc_wiki_1,4way,B3,0.05,0.5,73745,39649,52158.22068397202,1.3154990210086512,385,385,7.3087988421320915,409.2041015625,2.654064178466797,
partsupp_yfcc_wiki_1,4way,B3,0.05,0.5,516733,39425,49519.07578909882,1.256032359901048,385,385,1.25871691852808,351.90386962890625,3.0097391605377197,
partsupp_yfcc_wiki_1,4way,B3,0.05,0.5,181346,40217,39415.349294805645,1.020338541191109,385,385,1.2465408071875572,450.21923828125,3.273480176925659,
partsupp_yfcc_wiki_1,4way,B3,0.05,0.5,620747,39855,35351.30679379608,1.127398209986237,385,385,1.2595588341355324,368.0314025878906,3.0532097816467285,
partsupp_yfcc_wiki_1,4way,B3,0.05,0.5,738510,40353,45762.86926587076,1.134063620198517,385,385,1.2587476521730423,396.4117126464844,2.6115403175354004,
partsupp_yfcc_wiki_1,4way,B3,0.05,0.5,111011,40275,50055.81793573973,1.2428508488079386,385,385,7.375473156571388,395.4302978515625,2.8725788593292236,
partsupp_yfcc_wiki_1,4way,B3,0.05,0.5,426052,40739,41647.15996503098,1.0222921516245116,385,385,1.246209256350994,380.6536865234375,2.85752534866333,
partsupp_yfcc_wiki_1,4way,B3,0.05,0.5,724169,40800,50049.56998376655,1.2267051466609449,385,385,1.2509580701589584,401.85101318359375,2.819596529006958,
partsupp_yfcc_wiki_1,4way,B3,0.05,0.5,588630,41165,43673.4419467368,1.0609362795271906,385,385,1.2543462216854095,402.3707580566406,2.9160590171813965,
partsupp_yfcc_wiki_1,4way,B3,0.05,0.5,790256,40185,43890.56591849011,1.0922126643894514,385,385,1.254499889910221,431.37213134765625,2.7123072147369385,
partsupp_yfcc_wiki_1,4way,B3,0.05,0.5,201003,40961,39668.53539350295,1.0325816063960036,385,385,7.319837808609009,415.375732421875,2.859617233276367,
partsupp_yfcc_wiki_1,4way,B3,0.05,0.5,6443,40305,37657.07720268494,1.070316737092019,385,385,1.2486949563026428,405.20751953125,2.739042282104492,
partsupp_yfcc_wiki_1,4way,B3,0.05,0.5,642763,39549,39627.09362458433,1.001974604277841,385,385,1.2500276789069176,388.4662170410156,2.7092697620391846,
partsupp_yfcc_wiki_1,4way,B3,0.05,0.5,193392,39643,29160.116224199825,1.3594938955387457,385,385,1.249752938747406,353.18707275390625,2.984983205795288,
partsupp_yfcc_wiki_1,4way,B3,0.05,0.5,203755,40082,39628.862511054416,1.011434531809213,385,385,7.236995734274387,380.0079040527344,2.994408130645752,
partsupp_yfcc_wiki_1,4way,B3,0.05,0.5,94462,40322,35531.09149139106,1.1348370766985794,385,385,1.2874044477939606,399.1404724121094,2.962696075439453,
partsupp_yfcc_wiki_1,4way,B3,0.05,0.5,590890,40317,45894.531447355104,1.1383419264170227,385,385,1.2478074058890343,386.57598876953125,2.9903500080108643,
partsupp_yfcc_wiki_1,4way,B3,0.05,0.5,783383,40004,33205.64763471222,1.204734822222861,385,385,1.2649809941649437,386.79742431640625,2.9504549503326416,
partsupp_yfcc_wiki_1,4way,B3,0.05,0.5,737605,40564,43946.053078125544,1.083375729171816,385,385,1.2638112530112267,364.5066833496094,2.988215684890747,
partsupp_yfcc_wiki_1,4way,B3,0.05,0.5,516560,39595,31262.438347741332,1.2665358843597907,385,385,7.396611385047436,376.8502502441406,3.1861371994018555,
partsupp_yfcc_wiki_1,4way,B3,0.05,0.5,137642,39503,41569.576405029344,1.052314416753901,385,385,1.31993368268013,362.8982238769531,2.908339023590088,
partsupp_yfcc_wiki_1,4way,B3,0.05,0.5,37803,40186,39479.5745674666,1.0178934408557567,385,385,1.3194810599088669,378.5651550292969,2.9570248126983643,
partsupp_yfcc_wiki_1,4way,B3,0.05,0.5,254800,40399,37431.13654351412,1.0792886278789773,385,385,1.2919474393129349,363.9730224609375,2.9208061695098877,
partsupp_yfcc_wiki_1,4way,B3,0.05,0.5,605930,40555,39869.20160466088,1.0172012071407759,385,385,1.2769997119903564,378.93402099609375,2.785029649734497,
partsupp_yfcc_wiki_1,4way,B3,0.05,0.5,209329,39864,45837.440473040326,1.1498454864800403,385,385,7.294410839676857,393.9214782714844,2.7756268978118896,
partsupp_yfcc_wiki_1,4way,B3,0.05,0.5,766585,39745,49800.13385574617,1.2529911650709817,385,385,1.2791771441698074,377.1371765136719,3.071518898010254,
partsupp_yfcc_wiki_1,4way,B3,0.05,0.5,488782,41305,45782.189903951534,1.108393412515471,385,385,1.268519088625908,452.28680419921875,3.142624616622925,
partsupp_yfcc_wiki_1,4way,B3,0.05,0.5,374559,40063,56449.550184075924,1.4090195488125183,385,385,1.278948038816452,374.6746826171875,3.0959250926971436,
partsupp_yfcc_wiki_1,4way,B3,0.05,0.5,111780,39441,51836.50417169538,1.3142796625768967,385,385,7.0820339024066925,383.554443359375,3.20689058303833,
partsupp_yfcc_wiki_1,4way,B3,0.05,0.5,178188,40094,39433.790022627305,1.0167422400178594,385,385,1.8475186079740524,390.0411682128906,2.985353708267212,
partsupp_yfcc_wiki_1,4way,B3,0.05,0.5,539857,41081,35376.19400695051,1.1612611574871126,385,385,1.4744652435183525,382.7663879394531,2.8438801765441895,
partsupp_yfcc_wiki_1,4way,B3,0.05,0.5,781264,39591,41712.20270647066,1.0535779017067177,385,385,1.7413636669516563,381.34906005859375,2.6980855464935303,
partsupp_yfcc_wiki_1,4way,B3,0.05,0.5,771184,40446,41631.69106749019,1.029315409867235,385,385,1.4419173821806908,381.6242980957031,2.8078548908233643,
partsupp_yfcc_wiki_1,4way,B3,0.05,0.5,140785,39681,43751.19923608258,1.1025730005817036,385,385,1.668168231844902,378.0095520019531,2.836686372756958,
partsupp_yfcc_wiki_1,4way,B3,0.05,0.5,2505,39814,31183.933040935677,1.276747225814508,385,385,1.4949673786759377,383.0123596191406,2.726055383682251,
partsupp_yfcc_wiki_1,4way,B3,0.05,0.5,526089,39735,37168.480741412925,1.0690509595063291,385,385,1.575656235218048,401.1810607910156,2.778130531311035,
partsupp_yfcc_wiki_1,4way,B3,0.05,0.5,608072,39990,55798.59739266768,1.3953137632575063,385,385,1.5592649579048157,370.3761291503906,3.105651617050171,
partsupp_yfcc_wiki_1,4way,B3,0.05,0.5,224837,40427,29282.84965986305,1.3805691887771372,385,385,1.7140880227088928,410.1109619140625,3.241783380508423,
partsupp_yfcc_wiki_1,4way,B3,0.05,0.5,386133,39828,35190.34986830696,1.1317875539472764,385,385,1.461266539990902,368.23663330078125,2.921837329864502,
partsupp_yfcc_wiki_1,4way,B3,0.05,0.5,487850,40075,31313.702241913103,1.2797911818411551,385,385,4.546093754470348,410.7374267578125,2.5421645641326904,
partsupp_yfcc_wiki_1,4way,B3,0.05,0.5,340195,40049,35441.766227559165,1.1299944743966597,385,385,1.2910440564155579,392.4921875,3.0128531455993652,
partsupp_yfcc_wiki_1,4way,B3,0.05,0.5,122774,39671,51937.980600050854,1.3092178316667302,385,385,1.2953216210007668,350.9120178222656,2.5227179527282715,
partsupp_yfcc_wiki_1,4way,B3,0.05,0.5,690833,39977,31238.763599745205,1.2797241437662426,385,385,1.308041624724865,383.1605529785156,3.2076144218444824,
partsupp_yfcc_wiki_1,4way,B3,0.05,0.5,686759,39710,47829.712596406476,1.2044752605491431,385,385,1.2989547103643417,361.51519775390625,3.245149850845337,
partsupp_yfcc_wiki_1,4way,B3,0.05,0.5,154430,40193,43669.37615149915,1.0864920795038726,385,385,1.310296356678009,385.8101501464844,2.6717138290405273,
partsupp_yfcc_wiki_1,4way,B3,0.05,0.5,630926,38981,31255.314497364318,1.2471798997027264,385,385,1.2808777391910553,385.1778869628906,3.197935104370117,
partsupp_yfcc_wiki_1,4way,B3,0.05,0.5,255248,39281,41314.736583445796,1.0517740531922761,385,385,1.2849308550357819,388.968017578125,2.75639271736145,
partsupp_yfcc_wiki_1,4way,B3,0.05,0.5,48107,40107,45838.70026377936,1.1429102217512994,385,385,1.2729018926620483,429.646484375,3.032061815261841,
partsupp_yfcc_wiki_1,4way,B3,0.05,0.5,717611,39475,27105.054981517344,1.4563704086532048,385,385,1.2894170358777046,371.3143310546875,2.4548850059509277,
partsupp_yfcc_wiki_1,4way,B3,0.05,0.5,559097,40038,43681.77039854229,1.0910078025511338,385,385,1.29702128469944,398.3103332519531,3.1344034671783447,
partsupp_yfcc_wiki_1,4way,B3,0.05,0.5,527854,39710,41164.13181679741,1.036618781586437,385,385,1.2756651267409325,392.1648254394531,2.896984577178955,
partsupp_yfcc_wiki_1,4way,B3,0.05,0.5,692258,40562,52078.45850599667,1.2839223535820885,385,385,1.285279169678688,371.93548583984375,3.5499489307403564,
partsupp_yfcc_wiki_1,4way,B3,0.05,0.5,344709,40185,31060.13026426045,1.2937807941597446,385,385,1.2655453756451607,382.4437561035156,2.6828415393829346,
partsupp_yfcc_wiki_1,4way,B3,0.05,0.5,414737,39728,43847.31876175372,1.10368804776867,385,385,1.2692222371697426,382.7923583984375,3.1229937076568604,
partsupp_yfcc_wiki_1,4way,B3,0.05,0.5,362610,39989,45756.93665090013,1.144238081744983,385,385,1.271575689315796,430.5520935058594,3.019996404647827,
partsupp_yfcc_wiki_1,4way,B3,0.05,0.5,129857,40279,39607.149893781185,1.016962849082062,385,385,1.2800609692931175,396.3171081542969,2.8648459911346436,
partsupp_yfcc_wiki_1,4way,B3,0.05,0.5,210898,40213,56341.72987073939,1.4010824825489119,385,385,1.298774965107441,389.0685729980469,2.6272644996643066,
partsupp_yfcc_wiki_1,4way,B3,0.05,0.5,793779,39310,23008.91423076923,1.708468274762472,385,385,1.291058026254177,369.3700256347656,2.7579474449157715,
partsupp_yfcc_wiki_1,4way,B3,0.05,0.5,634727,39967,47983.252849780685,1.2005717929737205,385,385,1.280335709452629,390.2039489746094,2.536240339279175,
partsupp_yfcc_wiki_1,4way,B3,0.05,0.5,351141,40168,48134.88738314478,1.1983391601061735,385,385,1.3036392629146576,371.2911376953125,2.9031050205230713,
partsupp_yfcc_wiki_1,4way,B3,0.05,0.5,611020,40256,49983.72039646843,1.241646472487789,385,385,1.285606063902378,402.24163818359375,2.6832292079925537,
partsupp_yfcc_wiki_1,4way,B3,0.1,0.1,145860,79388,87363.39436330924,1.100460955853646,385,385,1.292574219405651,402.2340393066406,2.9678664207458496,
partsupp_yfcc_wiki_1,4way,B3,0.1,0.1,359095,80675,89345.36718611498,1.1074727881762005,385,385,1.303045079112053,433.9372253417969,2.6484692096710205,
partsupp_yfcc_wiki_1,4way,B3,0.1,0.1,286093,81202,81445.73803472971,1.00300162600342,385,385,1.3123657554388046,408.4643859863281,2.591614246368408,
partsupp_yfcc_wiki_1,4way,B3,0.1,0.1,781121,80064,70845.57232595062,1.1301200254496735,385,385,1.2742960825562477,430.0372009277344,2.7154462337493896,
partsupp_yfcc_wiki_1,4way,B3,0.1,0.1,142780,79869,86935.79574420382,1.088479832528313,385,385,1.276819035410881,391.00274658203125,2.9726316928863525,
partsupp_yfcc_wiki_1,4way,B3,0.1,0.1,428790,80552,79367.45245854497,1.0149248527546444,385,385,1.2833932414650917,409.8734130859375,2.586446523666382,
partsupp_yfcc_wiki_1,4way,B3,0.1,0.1,322723,80552,68300.47643485584,1.1793768390009625,385,385,1.2861760333180428,409.2359619140625,3.0675809383392334,
partsupp_yfcc_wiki_1,4way,B3,0.1,0.1,588557,80712,95798.99140820041,1.186923771040247,385,385,1.274576410651207,392.5137023925781,3.088820695877075,
partsupp_yfcc_wiki_1,4way,B3,0.1,0.1,263638,80138,66795.45641417768,1.1997522631343274,385,385,1.174398697912693,400.8641662597656,3.3490371704101562,
partsupp_yfcc_wiki_1,4way,B3,0.1,0.1,693614,80733,58339.493256794914,1.3838481531650408,385,385,1.037929207086563,426.4012145996094,2.6586174964904785,
partsupp_yfcc_wiki_1,4way,B3,0.1,0.1,546912,79173,70751.65389015444,1.1190268445585756,385,385,0.9869066998362541,389.6872253417969,3.273282766342163,
partsupp_yfcc_wiki_1,4way,B3,0.1,0.1,444449,80237,52050.59280031124,1.541519427220053,385,385,1.0948320850729942,426.49853515625,2.858152389526367,
partsupp_yfcc_wiki_1,4way,B3,0.1,0.1,663176,80531,77219.18295942646,1.0428885273535422,385,385,1.2560980394482613,377.50628662109375,2.5874252319335938,
partsupp_yfcc_wiki_1,4way,B3,0.1,0.1,763999,80987,84964.4873990625,1.0491126649840408,385,385,1.270744949579239,412.6561279296875,2.991096258163452,
partsupp_yfcc_wiki_1,4way,B3,0.1,0.1,782168,79448,85163.5632824758,1.0719409334719037,385,385,1.2722741812467575,387.3293151855469,2.6463067531585693,
partsupp_yfcc_wiki_1,4way,B3,0.1,0.1,673362,80053,78834.88562336002,1.0154514637397918,385,385,1.2890510261058807,399.927490234375,2.910238742828369,
partsupp_yfcc_wiki_1,4way,B3,0.1,0.1,83904,79104,68811.21710845405,1.1495800150624191,385,385,1.2696189805865288,361.90478515625,3.108832836151123,
partsupp_yfcc_wiki_1,4way,B3,0.1,0.1,695261,79625,64682.79667444717,1.2310073789907066,385,385,1.2744888663291931,355.1128845214844,2.7686617374420166,
partsupp_yfcc_wiki_1,4way,B3,0.1,0.1,386245,80906,60669.48205884674,1.3335534976468848,385,385,1.2355158105492592,405.989013671875,3.005084276199341,
partsupp_yfcc_wiki_1,4way,B3,0.1,0.1,69504,81679,78945.84285890879,1.0346206594560765,385,385,7.367068901658058,394.9341735839844,3.3213181495666504,
partsupp_yfcc_wiki_1,4way,B3,0.1,0.1,681535,80343,83236.77533867289,1.0360177655635574,385,385,1.3077566400170326,394.721435546875,3.38594388961792,
partsupp_yfcc_wiki_1,4way,B3,0.1,0.1,696279,79662,74873.36545605138,1.0639564485285413,385,385,1.2549739331007004,403.06585693359375,2.9636666774749756,
partsupp_yfcc_wiki_1,4way,B3,0.1,0.1,340223,79614,74390.47631689205,1.070217639968543,385,385,1.3066157698631287,417.17041015625,3.0076568126678467,
partsupp_yfcc_wiki_1,4way,B3,0.1,0.1,690943,80850,72859.58851319578,1.1096686331869285,385,385,1.2913383543491364,422.7907409667969,3.272429943084717,
partsupp_yfcc_wiki_1,4way,B3,0.1,0.1,636616,80757,73015.00069676996,1.1060329963616988,385,385,1.3173874467611313,408.0700378417969,2.9986581802368164,
partsupp_yfcc_wiki_1,4way,B3,0.1,0.1,48106,80092,87341.19521122285,1.090510852659727,385,385,1.2756595388054848,424.15234375,3.1095659732818604,
partsupp_yfcc_wiki_1,4way,B3,0.1,0.1,352770,80393,95759.60624751028,1.1911435852314292,385,385,1.2861983850598335,395.7828674316406,3.1966798305511475,
partsupp_yfcc_wiki_1,4way,B3,0.1,0.1,536954,79927,76776.64596433722,1.0410327124360983,385,385,1.26687902957201,432.210693359375,3.1714894771575928,
partsupp_yfcc_wiki_1,4way,B3,0.1,0.1,752067,79742,81342.34614750415,1.0200690495285314,385,385,1.2733172625303268,394.6697692871094,2.8197593688964844,
partsupp_yfcc_wiki_1,4way,B3,0.1,0.1,602570,79709,77033.66074944058,1.0347294835080112,385,385,7.356579415500164,408.853271484375,2.864469289779663,
partsupp_yfcc_wiki_1,4way,B3,0.1,0.1,345404,80320,68581.15290604811,1.171167246342933,385,385,7.379348389804363,401.0014343261719,2.9514834880828857,
partsupp_yfcc_wiki_1,4way,B3,0.1,0.1,628777,80363,95981.76874247761,1.1943527337515722,385,385,1.255704089999199,409.9804992675781,2.9850518703460693,
partsupp_yfcc_wiki_1,4way,B3,0.1,0.1,137071,79890,86847.21267517685,1.0870849001774547,385,385,1.2581171467900276,415.9568176269531,2.7972004413604736,
partsupp_yfcc_wiki_1,4way,B3,0.1,0.1,296404,79140,79000.76098420528,1.0017625022095997,385,385,1.2396331876516342,398.64654541015625,3.3583366870880127,
partsupp_yfcc_wiki_1,4way,B3,0.1,0.1,703153,79988,73051.63853549806,1.094951483684125,385,385,1.239001750946045,409.31414794921875,3.377227544784546,
partsupp_yfcc_wiki_1,4way,B3,0.1,0.1,438962,80044,73115.93637287518,1.0947544949953623,385,385,1.263342797756195,394.1766357421875,2.7042746543884277,
partsupp_yfcc_wiki_1,4way,B3,0.1,0.1,33248,79381,57809.749973838865,1.373142074406531,385,385,1.2769214808940887,382.3808898925781,2.451692581176758,
partsupp_yfcc_wiki_1,4way,B3,0.1,0.1,779894,80335,71045.94224621383,1.1307471962521716,385,385,7.298555225133896,383.4449157714844,2.650587320327759,
partsupp_yfcc_wiki_1,4way,B3,0.1,0.1,304120,80150,91608.9675805011,1.1429690278290843,385,385,1.230684109032154,384.2877502441406,2.839334011077881,
partsupp_yfcc_wiki_1,4way,B3,0.1,0.1,73745,79509,72638.53615274964,1.094584282822036,385,385,1.2273164466023445,415.6717529296875,2.7303755283355713,
partsupp_yfcc_wiki_1,4way,B3,0.1,0.1,516733,79365,87396.0813240387,1.1011917258746136,385,385,1.25901959836483,360.6786193847656,3.0889196395874023,
partsupp_yfcc_wiki_1,4way,B3,0.1,0.1,181346,80862,70347.76758758795,1.1494607828076575,385,385,1.2252433225512505,460.47613525390625,3.357656955718994,
partsupp_yfcc_wiki_1,4way,B3,0.1,0.1,620747,80204,72827.25179945382,1.1012910417223996,385,385,1.2634582817554474,377.78564453125,3.118633985519409,
partsupp_yfcc_wiki_1,4way,B3,0.1,0.1,738510,80641,76601.62446638144,1.0527322437579811,385,385,1.277039758861065,406.49371337890625,2.7311203479766846,
partsupp_yfcc_wiki_1,4way,B3,0.1,0.1,111011,80060,60167.29980706483,1.3306231168213298,385,385,1.2647239491343498,403.2555847167969,2.941718101501465,
partsupp_yfcc_wiki_1,4way,B3,0.1,0.1,426052,81092,74907.87957723737,1.082556340636851,385,385,1.2596100568771362,392.1812744140625,2.933866500854492,
partsupp_yfcc_wiki_1,4way,B3,0.1,0.1,724169,80396,58223.06511861577,1.380827337691894,385,385,7.042977958917618,414.1463928222656,2.892995834350586,
partsupp_yfcc_wiki_1,4way,B3,0.1,0.1,588630,81868,84976.11548809453,1.0379649617444486,385,385,1.8433630466461182,415.3184814453125,3.023313045501709,
partsupp_yfcc_wiki_1,4way,B3,0.1,0.1,790256,80341,50189.634603164006,1.6007488525316982,385,385,1.7327489331364632,441.68890380859375,2.7825469970703125,
partsupp_yfcc_wiki_1,4way,B3,0.1,0.1,201003,81171,87507.955367551,1.0780692041190942,385,385,1.7004050314426422,423.641357421875,2.9440114498138428,
partsupp_yfcc_wiki_1,4way,B3,0.1,0.1,6443,79795,68395.41630744457,1.1666717494826424,385,385,1.725880429148674,411.00616455078125,2.884660482406616,
partsupp_yfcc_wiki_1,4way,B3,0.1,0.1,642763,79779,91172.30145595416,1.1428107829874299,385,385,1.6718022525310516,397.9861755371094,2.840625047683716,
partsupp_yfcc_wiki_1,4way,B3,0.1,0.1,193392,79245,81081.4521689899,1.0231743601361587,385,385,1.7019417136907578,365.0972595214844,3.056194543838501,
partsupp_yfcc_wiki_1,4way,B3,0.1,0.1,203755,80446,83297.43263288889,1.035445300361595,385,385,1.6690539196133614,388.9460144042969,3.056774854660034,
partsupp_yfcc_wiki_1,4way,B3,0.1,0.1,94462,79891,73148.68577828705,1.0921727321547354,385,385,1.7052525654435158,410.7262878417969,3.031524658203125,
partsupp_yfcc_wiki_1,4way,B3,0.1,0.1,590890,80433,73032.82506404065,1.1013266969950886,385,385,1.6907807439565659,394.77734375,3.05781626701355,
partsupp_yfcc_wiki_1,4way,B3,0.1,0.1,783383,79896,81060.14429059313,1.0145707456016964,385,385,1.6972385346889496,402.0063171386719,3.0183515548706055,
partsupp_yfcc_wiki_1,4way,B3,0.1,0.1,737605,80401,66804.1376738166,1.2035332361084063,385,385,1.675233244895935,374.6307678222656,3.0597891807556152,
partsupp_yfcc_wiki_1,4way,B3,0.1,0.1,516560,79823,91376.565870628,1.144739810212946,385,385,1.7035780474543571,391.37896728515625,3.2459254264831543,
partsupp_yfcc_wiki_1,4way,B3,0.1,0.1,137642,79286,78733.4843322747,1.0070175437097835,385,385,1.7310194671154022,375.74859619140625,2.9834916591644287,
partsupp_yfcc_wiki_1,4way,B3,0.1,0.1,37803,80809,79229.99174800477,1.019929425930238,385,385,1.688007265329361,391.6224365234375,3.024467945098877,
partsupp_yfcc_wiki_1,4way,B3,0.1,0.1,254800,80981,70472.30649686164,1.149118058220591,385,385,1.7077997326850891,376.4917907714844,2.9951040744781494,
partsupp_yfcc_wiki_1,4way,B3,0.1,0.1,605930,80645,64741.81262558796,1.2456401316160648,385,385,1.7099510878324509,388.9281921386719,2.853085517883301,
partsupp_yfcc_wiki_1,4way,B3,0.1,0.1,209329,80000,70448.18364678213,1.135586410589511,385,385,1.6888445243239403,404.4440612792969,2.887873649597168,
partsupp_yfcc_wiki_1,4way,B3,0.1,0.1,766585,79960,64090.21707206484,1.2476163079630505,385,385,1.6794810071587563,387.6983337402344,3.1483452320098877,
partsupp_yfcc_wiki_1,4way,B3,0.1,0.1,488782,80468,96138.11169472174,1.194737183659613,385,385,1.6774460673332214,462.8974914550781,3.20609712600708,
partsupp_yfcc_wiki_1,4way,B3,0.1,0.1,374559,79389,50040.23562783237,1.586503320856544,385,385,1.6820868477225304,383.64080810546875,3.171335220336914,
partsupp_yfcc_wiki_1,4way,B3,0.1,0.1,111780,79611,99721.96025745099,1.252615345334828,385,385,1.7039226368069649,394.7646789550781,3.261101484298706,
partsupp_yfcc_wiki_1,4way,B3,0.1,0.1,178188,80270,86671.01752851016,1.0797435845086603,385,385,1.6821669414639473,397.3576965332031,3.1019976139068604,
partsupp_yfcc_wiki_1,4way,B3,0.1,0.1,539857,81519,85075.73966238415,1.0436308058536556,385,385,1.7511667683720589,393.9913024902344,2.945296287536621,
partsupp_yfcc_wiki_1,4way,B3,0.1,0.1,781264,79003,87392.24350385398,1.1061889232542306,385,385,1.6660494729876518,392.1608581542969,2.770949125289917,
partsupp_yfcc_wiki_1,4way,B3,0.1,0.1,771184,80191,70429.30269310452,1.1386027822741913,385,385,1.6945842653512955,394.2817077636719,2.9144299030303955,
partsupp_yfcc_wiki_1,4way,B3,0.1,0.1,140785,79170,54095.654581988696,1.463518661744041,385,385,1.6632508486509323,389.1658630371094,2.912421226501465,
partsupp_yfcc_wiki_1,4way,B3,0.1,0.1,2505,80199,85433.74199236151,1.0652719110258422,385,385,1.6821501776576042,392.6145935058594,2.8755288124084473,
partsupp_yfcc_wiki_1,4way,B3,0.1,0.1,526089,80044,83410.92239821344,1.0420633951103573,385,385,1.704283058643341,409.1528625488281,2.8621973991394043,
partsupp_yfcc_wiki_1,4way,B3,0.1,0.1,608072,80577,82854.32773144468,1.028262751547522,385,385,1.6610436141490936,379.7530517578125,3.1877126693725586,
partsupp_yfcc_wiki_1,4way,B3,0.1,0.1,224837,80462,60284.26552220166,1.3347098003602154,385,385,1.6669444739818573,416.9052734375,3.304277181625366,
partsupp_yfcc_wiki_1,4way,B3,0.1,0.1,386133,80821,83486.08010895067,1.0329750944550387,385,385,1.6780085861682892,379.9435119628906,3.026334762573242,
partsupp_yfcc_wiki_1,4way,B3,0.1,0.1,487850,79711,66537.83795703025,1.197980013289234,385,385,1.751406118273735,422.08538818359375,2.6472816467285156,
partsupp_yfcc_wiki_1,4way,B3,0.1,0.1,340195,79958,64357.50581671926,1.242403647955355,385,385,1.6808202490210533,402.8139343261719,3.089376926422119,
partsupp_yfcc_wiki_1,4way,B3,0.1,0.1,122774,78762,62799.53686850331,1.2541812237392878,385,385,1.6682492569088936,361.5801696777344,2.6376986503601074,
partsupp_yfcc_wiki_1,4way,B3,0.1,0.1,690833,79905,84922.89465671829,1.0627982561381426,385,385,1.700109802186489,392.712646484375,3.261147975921631,
partsupp_yfcc_wiki_1,4way,B3,0.1,0.1,686759,79917,86889.28126521288,1.08724403149784,385,385,1.6613444313406944,371.432373046875,3.326615810394287,
partsupp_yfcc_wiki_1,4way,B3,0.1,0.1,154430,79720,68771.24657393794,1.1592053942819074,385,385,1.7130877822637558,394.34014892578125,2.7680890560150146,
partsupp_yfcc_wiki_1,4way,B3,0.1,0.1,630926,78421,68669.15930761678,1.142011942343694,385,385,1.7314376309514046,393.74267578125,3.259998083114624,
partsupp_yfcc_wiki_1,4way,B3,0.1,0.1,255248,79039,70529.33567797946,1.120654253158908,385,385,1.6995640471577644,398.664306640625,2.897630214691162,
partsupp_yfcc_wiki_1,4way,B3,0.1,0.1,48107,80335,98012.78377532207,1.2200508343227991,385,385,1.6879960894584656,439.12420654296875,3.1095659732818604,
partsupp_yfcc_wiki_1,4way,B3,0.1,0.1,717611,79194,93305.52782318217,1.1781893555469123,385,385,1.6971370205283165,385.1277160644531,2.5639750957489014,
partsupp_yfcc_wiki_1,4way,B3,0.1,0.1,559097,80226,79189.22260850611,1.0130924052205876,385,385,1.652425155043602,412.5897216796875,3.201744794845581,
partsupp_yfcc_wiki_1,4way,B3,0.1,0.1,527854,80206,89524.15903269575,1.116177829996456,385,385,1.661364920437336,402.7357482910156,2.9701809883117676,
partsupp_yfcc_wiki_1,4way,B3,0.1,0.1,692258,80529,99941.14770139208,1.241057851226168,385,385,1.6322610899806023,382.93109130859375,3.59883189201355,
partsupp_yfcc_wiki_1,4way,B3,0.1,0.1,344709,80373,68571.46222976848,1.1721056746710032,385,385,1.6894862055778503,393.9825134277344,2.836334466934204,
partsupp_yfcc_wiki_1,4way,B3,0.1,0.1,414737,80064,56472.48589090408,1.417752357398805,385,385,1.668563112616539,391.3221130371094,3.186657428741455,
partsupp_yfcc_wiki_1,4way,B3,0.1,0.1,362610,80849,75602.29859140606,1.0693987022398597,385,385,1.6696304082870483,437.93621826171875,3.099379777908325,
partsupp_yfcc_wiki_1,4way,B3,0.1,0.1,129857,80232,102310.15982956933,1.2751789788310066,385,385,1.7265798524022102,409.33135986328125,2.9371519088745117,
partsupp_yfcc_wiki_1,4way,B3,0.1,0.1,210898,79641,62400.98243059982,1.2762779831002489,385,385,1.6445470973849297,399.1053466796875,2.6989400386810303,
partsupp_yfcc_wiki_1,4way,B3,0.1,0.1,793779,79050,74851.09525710267,1.0560967709086246,385,385,1.3502147048711777,376.6127014160156,2.8342809677124023,
partsupp_yfcc_wiki_1,4way,B3,0.1,0.1,634727,79920,81565.35386958104,1.0205875108806437,385,385,1.320156268775463,398.7883605957031,2.6199212074279785,
partsupp_yfcc_wiki_1,4way,B3,0.1,0.1,351141,79827,81593.67638539734,1.0221313137835235,385,385,1.3321088626980782,381.5683898925781,2.959737777709961,
partsupp_yfcc_wiki_1,4way,B3,0.1,0.1,611020,80403,85238.66402842973,1.06014283084499,385,385,1.3452190905809402,416.7373352050781,2.7526907920837402,
partsupp_yfcc_wiki_1,4way,B3,0.1,0.2,145860,79388,82784.36679528082,1.0427818662175747,385,385,1.7019817605614662,402.2340393066406,2.9678664207458496,
partsupp_yfcc_wiki_1,4way,B3,0.1,0.2,359095,80675,58141.49730832221,1.3875631646048512,385,385,1.677987165749073,433.9372253417969,2.6484692096710205,
partsupp_yfcc_wiki_1,4way,B3,0.1,0.2,286093,81202,95511.86543820254,1.176225529398322,385,385,1.6642725095152855,408.4643859863281,2.591614246368408,
partsupp_yfcc_wiki_1,4way,B3,0.1,0.2,781121,80064,87268.89539757185,1.089989201108761,385,385,1.683979295194149,430.0372009277344,2.7154462337493896,
partsupp_yfcc_wiki_1,4way,B3,0.1,0.2,142780,79869,76745.0524219947,1.0407055240620307,385,385,1.6860458999872208,391.00274658203125,2.9726316928863525,
partsupp_yfcc_wiki_1,4way,B3,0.1,0.2,428790,80552,78832.99416856785,1.0218056646149507,385,385,1.721113920211792,409.8734130859375,2.586446523666382,
partsupp_yfcc_wiki_1,4way,B3,0.1,0.2,322723,80552,66280.8386538241,1.2153135300642808,385,385,1.7019091174006462,409.2359619140625,3.0675809383392334,
partsupp_yfcc_wiki_1,4way,B3,0.1,0.2,588557,80712,72942.6880086475,1.1065125539441518,385,385,1.7607053741812706,392.5137023925781,3.088820695877075,
partsupp_yfcc_wiki_1,4way,B3,0.1,0.2,263638,80138,83062.46160915356,1.0364928199999197,385,385,1.7361212521791458,400.8641662597656,3.3490371704101562,
partsupp_yfcc_wiki_1,4way,B3,0.1,0.2,693614,80733,83341.11771355261,1.0323054725273755,385,385,1.6806498169898987,426.4012145996094,2.6586174964904785,
partsupp_yfcc_wiki_1,4way,B3,0.1,0.2,546912,79173,101762.17305965524,1.2853140977309845,385,385,1.6927504912018776,389.6872253417969,3.273282766342163,
partsupp_yfcc_wiki_1,4way,B3,0.1,0.2,444449,80237,83137.54131356048,1.0361496730132043,385,385,1.6804784536361694,426.49853515625,2.858152389526367,
partsupp_yfcc_wiki_1,4way,B3,0.1,0.2,663176,80531,83561.4636613417,1.0376310198723684,385,385,1.6907677054405212,377.50628662109375,2.5874252319335938,
partsupp_yfcc_wiki_1,4way,B3,0.1,0.2,763999,80987,62493.6899139634,1.2959228381536887,385,385,1.6908589750528336,412.6561279296875,2.991096258163452,
partsupp_yfcc_wiki_1,4way,B3,0.1,0.2,782168,79448,69119.91034853412,1.1494227871446439,385,385,1.6405479982495308,387.3293151855469,2.6463067531585693,
partsupp_yfcc_wiki_1,4way,B3,0.1,0.2,673362,80053,83296.33882319959,1.0405148941726055,385,385,1.6673654317855835,399.927490234375,2.910238742828369,
partsupp_yfcc_wiki_1,4way,B3,0.1,0.2,83904,79104,87390.68257659729,1.1047568084622432,385,385,1.614835113286972,361.90478515625,3.108832836151123,
partsupp_yfcc_wiki_1,4way,B3,0.1,0.2,695261,79625,83614.55980930012,1.0501043618122463,385,385,1.7017191275954247,355.1128845214844,2.7686617374420166,
partsupp_yfcc_wiki_1,4way,B3,0.1,0.2,386245,80906,85538.44405436215,1.0572571138650055,385,385,1.733260229229927,405.989013671875,3.005084276199341,
partsupp_yfcc_wiki_1,4way,B3,0.1,0.2,69504,81679,76859.55295282157,1.062704593795084,385,385,1.6734637320041656,394.9341735839844,3.3213181495666504,
partsupp_yfcc_wiki_1,4way,B3,0.1,0.2,681535,80343,108154.70254591215,1.3461621117696894,385,385,1.6934368759393692,394.721435546875,3.38594388961792,
partsupp_yfcc_wiki_1,4way,B3,0.1,0.2,696279,79662,66208.50651817453,1.2031988665706033,385,385,1.6619740054011345,403.06585693359375,2.9636666774749756,
partsupp_yfcc_wiki_1,4way,B3,0.1,0.2,340223,79614,101533.7329713069,1.275325105776709,385,385,1.6800295561552048,417.17041015625,3.0076568126678467,
partsupp_yfcc_wiki_1,4way,B3,0.1,0.2,690943,80850,103935.29683308848,1.285532428362257,385,385,1.6785506159067154,422.7907409667969,3.272429943084717,
partsupp_yfcc_wiki_1,4way,B3,0.1,0.2,636616,80757,85691.13083182178,1.061098490927372,385,385,1.684047281742096,408.0700378417969,2.9986581802368164,
partsupp_yfcc_wiki_1,4way,B3,0.1,0.2,48106,80092,93470.15442146618,1.167034840202095,385,385,1.6824351623654366,424.15234375,3.1095659732818604,
partsupp_yfcc_wiki_1,4way,B3,0.1,0.2,352770,80393,92231.95676708473,1.1472635275096679,385,385,1.665719784796238,395.7828674316406,3.1966798305511475,
partsupp_yfcc_wiki_1,4way,B3,0.1,0.2,536954,79927,85644.80000278344,1.0715377782574529,385,385,1.6498798504471779,432.210693359375,3.1714894771575928,
partsupp_yfcc_wiki_1,4way,B3,0.1,0.2,752067,79742,91684.91704449763,1.1497694695956664,385,385,1.643800176680088,394.6697692871094,2.8197593688964844,
partsupp_yfcc_wiki_1,4way,B3,0.1,0.2,602570,79709,95269.34160746975,1.1952143623363705,385,385,1.6540074720978737,408.853271484375,2.864469289779663,
partsupp_yfcc_wiki_1,4way,B3,0.1,0.2,345404,80320,95711.74791680339,1.1916303276494447,385,385,1.674245111644268,401.0014343261719,2.9514834880828857,
partsupp_yfcc_wiki_1,4way,B3,0.1,0.2,628777,80363,81092.72551293884,1.009080366747618,385,385,1.6734180971980095,409.9804992675781,2.9850518703460693,
partsupp_yfcc_wiki_1,4way,B3,0.1,0.2,137071,79890,85293.40551404195,1.0676355678312923,385,385,1.6955723986029625,415.9568176269531,2.7972004413604736,
partsupp_yfcc_wiki_1,4way,B3,0.1,0.2,296404,79140,103513.14121099218,1.3079749963481448,385,385,1.645481213927269,398.64654541015625,3.3583366870880127,
partsupp_yfcc_wiki_1,4way,B3,0.1,0.2,703153,79988,102022.96936935057,1.2754784388827145,385,385,1.6576917842030525,409.31414794921875,3.377227544784546,
partsupp_yfcc_wiki_1,4way,B3,0.1,0.2,438962,80044,85639.50149155043,1.0699053207179854,385,385,1.6132006421685219,394.1766357421875,2.7042746543884277,
partsupp_yfcc_wiki_1,4way,B3,0.1,0.2,33248,79381,78965.7046983592,1.0052591856582194,385,385,1.6322210431098938,382.3808898925781,2.451692581176758,
partsupp_yfcc_wiki_1,4way,B3,0.1,0.2,779894,80335,73128.94893066048,1.0985389667800662,385,385,1.650203950703144,383.4449157714844,2.650587320327759,
partsupp_yfcc_wiki_1,4way,B3,0.1,0.2,304120,80150,74532.6761402926,1.0753672637372356,385,385,1.6496330499649048,384.2877502441406,2.839334011077881,
partsupp_yfcc_wiki_1,4way,B3,0.1,0.2,73745,79509,68250.25147753271,1.1649627404841658,385,385,1.6785413026809692,415.6717529296875,2.7303755283355713,
partsupp_yfcc_wiki_1,4way,B3,0.1,0.2,516733,79365,59995.72947451756,1.3228441539944822,385,385,1.7148172482848167,360.6786193847656,3.0889196395874023,
partsupp_yfcc_wiki_1,4way,B3,0.1,0.2,181346,80862,86859.00656864565,1.0741634707111578,385,385,1.6770344227552414,460.47613525390625,3.357656955718994,
partsupp_yfcc_wiki_1,4way,B3,0.1,0.2,620747,80204,76773.13312227857,1.044688379100759,385,385,1.6684504225850105,377.78564453125,3.118633985519409,
partsupp_yfcc_wiki_1,4way,B3,0.1,0.2,738510,80641,99975.56285956438,1.2397609511236762,385,385,1.686127856373787,406.49371337890625,2.7311203479766846,
partsupp_yfcc_wiki_1,4way,B3,0.1,0.2,111011,80060,66810.90979334981,1.1983072861547677,385,385,1.5591997653245926,403.2555847167969,2.941718101501465,
partsupp_yfcc_wiki_1,4way,B3,0.1,0.2,426052,81092,97854.92038334746,1.2067148471285387,385,385,1.6850801184773445,392.1812744140625,2.933866500854492,
partsupp_yfcc_wiki_1,4way,B3,0.1,0.2,724169,80396,74480.16819659165,1.079428282006472,385,385,1.6470439732074738,414.1463928222656,2.892995834350586,
partsupp_yfcc_wiki_1,4way,B3,0.1,0.2,588630,81868,72893.54166378085,1.1231173315410239,385,385,1.6006119549274445,415.3184814453125,3.023313045501709,
partsupp_yfcc_wiki_1,4way,B3,0.1,0.2,790256,80341,83573.06314989366,1.0402293119315624,385,385,1.6582151874899864,441.68890380859375,2.7825469970703125,
partsupp_yfcc_wiki_1,4way,B3,0.1,0.2,201003,81171,89472.70411752473,1.102274261959625,385,385,1.6945404931902885,423.641357421875,2.9440114498138428,
partsupp_yfcc_wiki_1,4way,B3,0.1,0.2,6443,79795,103704.5432276788,1.2996371104414914,385,385,1.7359443008899689,411.00616455078125,2.884660482406616,
partsupp_yfcc_wiki_1,4way,B3,0.1,0.2,642763,79779,72978.34757635157,1.093187262379892,385,385,1.7405711114406586,397.9861755371094,2.840625047683716,
partsupp_yfcc_wiki_1,4way,B3,0.1,0.2,193392,79245,110110.54023323176,1.3894951130447568,385,385,1.6564065590500832,365.0972595214844,3.056194543838501,
partsupp_yfcc_wiki_1,4way,B3,0.1,0.2,203755,80446,77148.14159688768,1.0427470880678396,385,385,1.6263891011476517,388.9460144042969,3.056774854660034,
partsupp_yfcc_wiki_1,4way,B3,0.1,0.2,94462,79891,97722.03404704547,1.2231920247217518,385,385,1.6407296061515808,410.7262878417969,3.031524658203125,
partsupp_yfcc_wiki_1,4way,B3,0.1,0.2,590890,80433,70495.94844665714,1.1409591866242075,385,385,1.6589835286140442,394.77734375,3.05781626701355,
partsupp_yfcc_wiki_1,4way,B3,0.1,0.2,783383,79896,91297.40943242602,1.1427031319768952,385,385,1.6109505668282509,402.0063171386719,3.0183515548706055,
partsupp_yfcc_wiki_1,4way,B3,0.1,0.2,737605,80401,79264.71813765203,1.0143352791638607,385,385,1.7025703564286232,374.6307678222656,3.0597891807556152,
partsupp_yfcc_wiki_1,4way,B3,0.1,0.2,516560,79823,95817.84811193202,1.2003789398034654,385,385,1.6390131786465645,391.37896728515625,3.2459254264831543,
partsupp_yfcc_wiki_1,4way,B3,0.1,0.2,137642,79286,68461.03049899198,1.1581187052270183,385,385,1.6527576372027397,375.74859619140625,2.9834916591644287,
partsupp_yfcc_wiki_1,4way,B3,0.1,0.2,37803,80809,93810.35317864685,1.1608899154629664,385,385,1.6532400622963905,391.6224365234375,3.024467945098877,
partsupp_yfcc_wiki_1,4way,B3,0.1,0.2,254800,80981,70504.40572560985,1.1485948880295953,385,385,1.6908729448914528,376.4917907714844,2.9951040744781494,
partsupp_yfcc_wiki_1,4way,B3,0.1,0.2,605930,80645,85498.65751239963,1.0601854735247025,385,385,1.7026383429765701,388.9281921386719,2.853085517883301,
partsupp_yfcc_wiki_1,4way,B3,0.1,0.2,209329,80000,87188.43629985419,1.0898554537481775,385,385,1.650734804570675,404.4440612792969,2.887873649597168,
partsupp_yfcc_wiki_1,4way,B3,0.1,0.2,766585,79960,101770.94616041385,1.2727732136119791,385,385,1.6215834766626358,387.6983337402344,3.1483452320098877,
partsupp_yfcc_wiki_1,4way,B3,0.1,0.2,488782,80468,74981.3071909225,1.0731741418578755,385,385,1.6837939620018005,462.8974914550781,3.20609712600708,
partsupp_yfcc_wiki_1,4way,B3,0.1,0.2,374559,79389,77276.50052016939,1.0273368936948593,385,385,1.6930419951677322,383.64080810546875,3.171335220336914,
partsupp_yfcc_wiki_1,4way,B3,0.1,0.2,111780,79611,68747.6173887494,1.158018314290386,385,385,1.6911886632442474,394.7646789550781,3.261101484298706,
partsupp_yfcc_wiki_1,4way,B3,0.1,0.2,178188,80270,74772.528466313,1.0735226111306877,385,385,1.6801012679934502,397.3576965332031,3.1019976139068604,
partsupp_yfcc_wiki_1,4way,B3,0.1,0.2,539857,81519,91580.12146702458,1.1234205702599955,385,385,1.6946569085121155,393.9913024902344,2.945296287536621,
partsupp_yfcc_wiki_1,4way,B3,0.1,0.2,781264,79003,62694.656795694595,1.2601233348712635,385,385,1.6804039478302002,392.1608581542969,2.770949125289917,
partsupp_yfcc_wiki_1,4way,B3,0.1,0.2,771184,80191,82907.61071912693,1.0338767532407243,385,385,1.6822917386889458,394.2817077636719,2.9144299030303955,
partsupp_yfcc_wiki_1,4way,B3,0.1,0.2,140785,79170,68803.440046826,1.1506692099423919,385,385,1.7151879146695137,389.1658630371094,2.912421226501465,
partsupp_yfcc_wiki_1,4way,B3,0.1,0.2,2505,80199,70372.66088804213,1.139632905562444,385,385,1.6932394355535507,392.6145935058594,2.8755288124084473,
partsupp_yfcc_wiki_1,4way,B3,0.1,0.2,526089,80044,79044.98808238255,1.0126385232239679,385,385,1.6545113176107407,409.1528625488281,2.8621973991394043,
partsupp_yfcc_wiki_1,4way,B3,0.1,0.2,608072,80577,86960.95870539302,1.0792280514959978,385,385,1.6600778326392174,379.7530517578125,3.1877126693725586,
partsupp_yfcc_wiki_1,4way,B3,0.1,0.2,224837,80462,76849.19581542717,1.0470116069041229,385,385,1.7182063311338425,416.9052734375,3.304277181625366,
partsupp_yfcc_wiki_1,4way,B3,0.1,0.2,386133,80821,76978.03730879487,1.0499228458604266,385,385,1.7406046390533447,379.9435119628906,3.026334762573242,
partsupp_yfcc_wiki_1,4way,B3,0.1,0.2,487850,79711,105969.7463553616,1.3294243749966954,385,385,1.748664304614067,422.08538818359375,2.6472816467285156,
partsupp_yfcc_wiki_1,4way,B3,0.1,0.2,340195,79958,82857.25804342839,1.0362597619178617,385,385,1.7204489558935165,402.8139343261719,3.089376926422119,
partsupp_yfcc_wiki_1,4way,B3,0.1,0.2,122774,78762,78871.73117209488,1.001393199412088,385,385,1.5952764078974724,361.5801696777344,2.6376986503601074,
partsupp_yfcc_wiki_1,4way,B3,0.1,0.2,690833,79905,72515.46317888767,1.1019029114229493,385,385,1.6259700059890747,392.712646484375,3.261147975921631,
partsupp_yfcc_wiki_1,4way,B3,0.1,0.2,686759,79917,87170.50099732846,1.090762929005449,385,385,1.6246484592556953,371.432373046875,3.326615810394287,
partsupp_yfcc_wiki_1,4way,B3,0.1,0.2,154430,79720,77167.38956677364,1.0330788749957334,385,385,1.6583511605858803,394.34014892578125,2.7680890560150146,
partsupp_yfcc_wiki_1,4way,B3,0.1,0.2,630926,78421,54120.651252371754,1.4490032581890506,385,385,1.682410016655922,393.74267578125,3.259998083114624,
partsupp_yfcc_wiki_1,4way,B3,0.1,0.2,255248,79039,87145.58515508541,1.1025643689202218,385,385,1.6910135746002197,398.664306640625,2.897630214691162,
partsupp_yfcc_wiki_1,4way,B3,0.1,0.2,48107,80335,85020.63862033164,1.0583262416173727,385,385,1.7117122188210487,439.12420654296875,3.1095659732818604,
partsupp_yfcc_wiki_1,4way,B3,0.1,0.2,717611,79194,66532.44041570745,1.1903065557971526,385,385,1.703568734228611,385.1277160644531,2.5639750957489014,
partsupp_yfcc_wiki_1,4way,B3,0.1,0.2,559097,80226,72682.37690914157,1.1037888881962201,385,385,1.6938354820013046,412.5897216796875,3.201744794845581,
partsupp_yfcc_wiki_1,4way,B3,0.1,0.2,527854,80206,85089.28583995845,1.0608842959374418,385,385,1.6956506296992302,402.7357482910156,2.9701809883117676,
partsupp_yfcc_wiki_1,4way,B3,0.1,0.2,692258,80529,60627.91405151493,1.3282495573173658,385,385,1.7060162499547005,382.93109130859375,3.59883189201355,
partsupp_yfcc_wiki_1,4way,B3,0.1,0.2,344709,80373,76862.70844910164,1.0456696312389624,385,385,1.7048399895429611,393.9825134277344,2.836334466934204,
partsupp_yfcc_wiki_1,4way,B3,0.1,0.2,414737,80064,72847.3893250101,1.0990647810698178,385,385,1.6618501394987106,391.3221130371094,3.186657428741455,
partsupp_yfcc_wiki_1,4way,B3,0.1,0.2,362610,80849,83397.44314316077,1.0315210224388769,385,385,1.6488032415509224,437.93621826171875,3.099379777908325,
partsupp_yfcc_wiki_1,4way,B3,0.1,0.2,129857,80232,68523.05098280312,1.1708760606724213,385,385,1.674693077802658,409.33135986328125,2.9371519088745117,
partsupp_yfcc_wiki_1,4way,B3,0.1,0.2,210898,79641,77172.8119011432,1.0319826119854036,385,385,1.6888054087758064,399.1053466796875,2.6989400386810303,
partsupp_yfcc_wiki_1,4way,B3,0.1,0.2,793779,79050,106027.76082494683,1.3412746467418954,385,385,1.676781103014946,376.6127014160156,2.8342809677124023,
partsupp_yfcc_wiki_1,4way,B3,0.1,0.2,634727,79920,91717.28425869612,1.147613666900602,385,385,1.6697738319635391,398.7883605957031,2.6199212074279785,
partsupp_yfcc_wiki_1,4way,B3,0.1,0.2,351141,79827,79409.79053484504,1.005253879431553,385,385,1.7352225258946419,381.5683898925781,2.959737777709961,
partsupp_yfcc_wiki_1,4way,B3,0.1,0.2,611020,80403,84944.33883070429,1.05648220626972,385,385,1.6477135941386223,416.7373352050781,2.7526907920837402,
partsupp_yfcc_wiki_1,4way,B3,0.1,0.3,145860,79388,83139.1007091253,1.047250223070556,385,385,1.761801540851593,402.2340393066406,2.9678664207458496,
partsupp_yfcc_wiki_1,4way,B3,0.1,0.3,359095,80675,56439.68799003319,1.429401948753625,385,385,1.645013689994812,433.9372253417969,2.6484692096710205,
partsupp_yfcc_wiki_1,4way,B3,0.1,0.3,286093,81202,100011.1740585942,1.2316343693331964,385,385,1.5773624181747437,408.4643859863281,2.591614246368408,
partsupp_yfcc_wiki_1,4way,B3,0.1,0.3,781121,80064,104223.72276454231,1.3017551304524169,385,385,1.5863068401813507,430.0372009277344,2.7154462337493896,
partsupp_yfcc_wiki_1,4way,B3,0.1,0.3,142780,79869,55895.78691296025,1.4288912351188532,385,385,1.5193251892924309,391.00274658203125,2.9726316928863525,
partsupp_yfcc_wiki_1,4way,B3,0.1,0.3,428790,80552,78725.18299588442,1.0232049889831452,385,385,1.7344392836093903,409.8734130859375,2.586446523666382,
partsupp_yfcc_wiki_1,4way,B3,0.1,0.3,322723,80552,83292.18915085123,1.034017642651346,385,385,1.7472309991717339,409.2359619140625,3.0675809383392334,
partsupp_yfcc_wiki_1,4way,B3,0.1,0.3,588557,80712,93828.76210114692,1.1625131591479199,385,385,1.7212145030498505,392.5137023925781,3.088820695877075,
partsupp_yfcc_wiki_1,4way,B3,0.1,0.3,263638,80138,73055.58272034528,1.0969455997191346,385,385,1.653481274843216,400.8641662597656,3.3490371704101562,
partsupp_yfcc_wiki_1,4way,B3,0.1,0.3,693614,80733,58012.07528408354,1.3916585401341481,385,385,1.6629816964268684,426.4012145996094,2.6586174964904785,
partsupp_yfcc_wiki_1,4way,B3,0.1,0.3,546912,79173,70568.16194659405,1.121936547814836,385,385,1.7035864293575287,389.6872253417969,3.273282766342163,
partsupp_yfcc_wiki_1,4way,B3,0.1,0.3,444449,80237,81425.12164045272,1.0148076528341379,385,385,1.6873320564627647,426.49853515625,2.858152389526367,
partsupp_yfcc_wiki_1,4way,B3,0.1,0.3,663176,80531,102392.49370299836,1.2714668103338882,385,385,1.7186254262924194,377.50628662109375,2.5874252319335938,
partsupp_yfcc_wiki_1,4way,B3,0.1,0.3,763999,80987,82989.41434088287,1.0247251329334692,385,385,1.6623763367533684,412.6561279296875,2.991096258163452,
partsupp_yfcc_wiki_1,4way,B3,0.1,0.3,782168,79448,76969.66535453682,1.0321988491706116,385,385,1.688903197646141,387.3293151855469,2.6463067531585693,
partsupp_yfcc_wiki_1,4way,B3,0.1,0.3,673362,80053,93973.65873003205,1.1738930299930304,385,385,1.6690585762262344,399.927490234375,2.910238742828369,
partsupp_yfcc_wiki_1,4way,B3,0.1,0.3,83904,79104,81479.0069971069,1.0300238546357567,385,385,1.6737719997763634,361.90478515625,3.108832836151123,
partsupp_yfcc_wiki_1,4way,B3,0.1,0.3,695261,79625,79336.27841926372,1.0036392125580997,385,385,1.6953013837337494,355.1128845214844,2.7686617374420166,
partsupp_yfcc_wiki_1,4way,B3,0.1,0.3,386245,80906,79059.40058082085,1.0233571138360884,385,385,1.6943374648690224,405.989013671875,3.005084276199341,
partsupp_yfcc_wiki_1,4way,B3,0.1,0.3,69504,81679,88985.66624510044,1.089455872930624,385,385,1.6800668090581894,394.9341735839844,3.3213181495666504,
partsupp_yfcc_wiki_1,4way,B3,0.1,0.3,681535,80343,81010.33937606263,1.0083061296698235,385,385,1.6364678740501404,394.721435546875,3.38594388961792,
partsupp_yfcc_wiki_1,4way,B3,0.1,0.3,696279,79662,89253.48644943556,1.1204022802520093,385,385,1.6857553273439407,403.06585693359375,2.9636666774749756,
partsupp_yfcc_wiki_1,4way,B3,0.1,0.3,340223,79614,64289.94499283339,1.2383585023890569,385,385,1.6599548980593681,417.17041015625,3.0076568126678467,
partsupp_yfcc_wiki_1,4way,B3,0.1,0.3,690943,80850,55887.67259033495,1.4466517615189072,385,385,1.6063349321484566,422.7907409667969,3.272429943084717,
partsupp_yfcc_wiki_1,4way,B3,0.1,0.3,636616,80757,89820.8459099575,1.1122360403427256,385,385,1.618850976228714,408.0700378417969,2.9986581802368164,
partsupp_yfcc_wiki_1,4way,B3,0.1,0.3,48106,80092,76647.85706634229,1.0449346278615024,385,385,1.659768633544445,424.15234375,3.1095659732818604,
partsupp_yfcc_wiki_1,4way,B3,0.1,0.3,352770,80393,73080.58902474806,1.1000595516926617,385,385,1.6992995515465736,395.7828674316406,3.1966798305511475,
partsupp_yfcc_wiki_1,4way,B3,0.1,0.3,536954,79927,75096.62637916551,1.0643221121072173,385,385,1.6601793467998505,432.210693359375,3.1714894771575928,
partsupp_yfcc_wiki_1,4way,B3,0.1,0.3,752067,79742,97872.86396187365,1.2273690647572628,385,385,1.6551986336708069,394.6697692871094,2.8197593688964844,
partsupp_yfcc_wiki_1,4way,B3,0.1,0.3,602570,79709,87642.6097540858,1.0995321701951575,385,385,1.6898252069950104,408.853271484375,2.864469289779663,
partsupp_yfcc_wiki_1,4way,B3,0.1,0.3,345404,80320,68474.05522620311,1.1729990247351931,385,385,1.686934381723404,401.0014343261719,2.9514834880828857,
partsupp_yfcc_wiki_1,4way,B3,0.1,0.3,628777,80363,68718.78453451679,1.1694473431734584,385,385,1.6812337562441826,409.9804992675781,2.9850518703460693,
partsupp_yfcc_wiki_1,4way,B3,0.1,0.3,137071,79890,83362.85817496336,1.0434704991233366,385,385,1.6833795234560966,415.9568176269531,2.7972004413604736,
partsupp_yfcc_wiki_1,4way,B3,0.1,0.3,296404,79140,82762.04157750485,1.045767520564883,385,385,1.7043473199009895,398.64654541015625,3.3583366870880127,
partsupp_yfcc_wiki_1,4way,B3,0.1,0.3,703153,79988,79021.99416547504,1.0122245185625423,385,385,1.6639260575175285,409.31414794921875,3.377227544784546,
partsupp_yfcc_wiki_1,4way,B3,0.1,0.3,438962,80044,74952.35376158751,1.067931772424496,385,385,1.6816118732094765,394.1766357421875,2.7042746543884277,
partsupp_yfcc_wiki_1,4way,B3,0.1,0.3,33248,79381,89798.60799371093,1.1312355348724623,385,385,1.3355016708374023,382.3808898925781,2.451692581176758,
partsupp_yfcc_wiki_1,4way,B3,0.1,0.3,779894,80335,91299.3389895312,1.1364827159959072,385,385,1.3162968680262566,383.4449157714844,2.650587320327759,
partsupp_yfcc_wiki_1,4way,B3,0.1,0.3,304120,80150,82960.68837781138,1.0350678524992063,385,385,1.3011228293180466,384.2877502441406,2.839334011077881,
partsupp_yfcc_wiki_1,4way,B3,0.1,0.3,73745,79509,77042.59559760157,1.032013516461473,385,385,1.3073273003101349,415.6717529296875,2.7303755283355713,
partsupp_yfcc_wiki_1,4way,B3,0.1,0.3,516733,79365,83349.78803740759,1.050208379479715,385,385,1.3754460960626602,360.6786193847656,3.0889196395874023,
partsupp_yfcc_wiki_1,4way,B3,0.1,0.3,181346,80862,85436.80325107311,1.05657544026951,385,385,1.6344543546438217,460.47613525390625,3.357656955718994,
partsupp_yfcc_wiki_1,4way,B3,0.1,0.3,620747,80204,76988.45944024995,1.041766526868168,385,385,1.6690492630004883,377.78564453125,3.118633985519409,
partsupp_yfcc_wiki_1,4way,B3,0.1,0.3,738510,80641,87391.6055736902,1.0837118286441165,385,385,1.6700578853487968,406.49371337890625,2.7311203479766846,
partsupp_yfcc_wiki_1,4way,B3,0.1,0.3,111011,80060,58422.08500079443,1.3703721802963953,385,385,1.6502002254128456,403.2555847167969,2.941718101501465,
partsupp_yfcc_wiki_1,4way,B3,0.1,0.3,426052,81092,97919.40999403232,1.2075101118979963,385,385,1.7010783776640892,392.1812744140625,2.933866500854492,
partsupp_yfcc_wiki_1,4way,B3,0.1,0.3,724169,80396,77367.09791928259,1.039149744040774,385,385,1.7034448683261871,414.1463928222656,2.892995834350586,
partsupp_yfcc_wiki_1,4way,B3,0.1,0.3,588630,81868,87238.5434441296,1.065600032297474,385,385,1.6448544338345528,415.3184814453125,3.023313045501709,
partsupp_yfcc_wiki_1,4way,B3,0.1,0.3,790256,80341,66599.1931675417,1.2063359356004273,385,385,1.702464185655117,441.68890380859375,2.7825469970703125,
partsupp_yfcc_wiki_1,4way,B3,0.1,0.3,201003,81171,81187.06556773094,1.0001979225059558,385,385,1.6761589795351028,423.641357421875,2.9440114498138428,
partsupp_yfcc_wiki_1,4way,B3,0.1,0.3,6443,79795,72620.14460067653,1.0987997949987094,385,385,1.6817431896924973,411.00616455078125,2.884660482406616,
partsupp_yfcc_wiki_1,4way,B3,0.1,0.3,642763,79779,83383.6329903697,1.0451827296703355,385,385,1.6855662688612938,397.9861755371094,2.840625047683716,
partsupp_yfcc_wiki_1,4way,B3,0.1,0.3,193392,79245,74697.1884586862,1.0608833027742286,385,385,1.6908729448914528,365.0972595214844,3.056194543838501,
partsupp_yfcc_wiki_1,4way,B3,0.1,0.3,203755,80446,89178.6132780055,1.1085524858663638,385,385,1.6734926030039787,388.9460144042969,3.056774854660034,
partsupp_yfcc_wiki_1,4way,B3,0.1,0.3,94462,79891,72963.82675847328,1.0949398290807475,385,385,1.6221757978200912,410.7262878417969,3.031524658203125,
partsupp_yfcc_wiki_1,4way,B3,0.1,0.3,590890,80433,81179.94161960213,1.0092865070257497,385,385,1.6326634213328362,394.77734375,3.05781626701355,
partsupp_yfcc_wiki_1,4way,B3,0.1,0.3,783383,79896,91504.19505729397,1.1452913169281813,385,385,1.6201548278331757,402.0063171386719,3.0183515548706055,
partsupp_yfcc_wiki_1,4way,B3,0.1,0.3,737605,80401,87275.03938708897,1.0854969389322144,385,385,1.5998147428035736,374.6307678222656,3.0597891807556152,
partsupp_yfcc_wiki_1,4way,B3,0.1,0.3,516560,79823,87558.18275291784,1.0969041849206098,385,385,1.6384702175855637,391.37896728515625,3.2459254264831543,
partsupp_yfcc_wiki_1,4way,B3,0.1,0.3,137642,79286,93657.56863333125,1.1812623746100352,385,385,1.67804304510355,375.74859619140625,2.9834916591644287,
partsupp_yfcc_wiki_1,4way,B3,0.1,0.3,37803,80809,82578.52989324782,1.0218976833427937,385,385,1.6944212839007378,391.6224365234375,3.024467945098877,
partsupp_yfcc_wiki_1,4way,B3,0.1,0.3,254800,80981,78657.80524671257,1.0295354637216314,385,385,1.6370667144656181,376.4917907714844,2.9951040744781494,
partsupp_yfcc_wiki_1,4way,B3,0.1,0.3,605930,80645,77411.66610871819,1.0417680441955721,385,385,1.7500640824437141,388.9281921386719,2.853085517883301,
partsupp_yfcc_wiki_1,4way,B3,0.1,0.3,209329,80000,104324.72960119328,1.3040591200149159,385,385,1.7440440133213997,404.4440612792969,2.887873649597168,
partsupp_yfcc_wiki_1,4way,B3,0.1,0.3,766585,79960,80966.16217147333,1.0125833188028182,385,385,1.696399413049221,387.6983337402344,3.1483452320098877,
partsupp_yfcc_wiki_1,4way,B3,0.1,0.3,488782,80468,83087.05155480276,1.032547740155127,385,385,1.6840510070323944,462.8974914550781,3.20609712600708,
partsupp_yfcc_wiki_1,4way,B3,0.1,0.3,374559,79389,72546.25040629641,1.0943225811862178,385,385,1.6969889402389526,383.64080810546875,3.171335220336914,
partsupp_yfcc_wiki_1,4way,B3,0.1,0.3,111780,79611,77045.91131293538,1.033292989119774,385,385,1.6803182661533356,394.7646789550781,3.261101484298706,
partsupp_yfcc_wiki_1,4way,B3,0.1,0.3,178188,80270,68561.65735044845,1.1707709979895193,385,385,1.6322899609804153,397.3576965332031,3.1019976139068604,
partsupp_yfcc_wiki_1,4way,B3,0.1,0.3,539857,81519,66328.83864665749,1.229012925045507,385,385,1.6588857397437096,393.9913024902344,2.945296287536621,
partsupp_yfcc_wiki_1,4way,B3,0.1,0.3,781264,79003,81235.4093904531,1.0282572736535713,385,385,1.6881823539733887,392.1608581542969,2.770949125289917,
partsupp_yfcc_wiki_1,4way,B3,0.1,0.3,771184,80191,62727.026301155405,1.2784122686607082,385,385,1.6637016087770462,394.2817077636719,2.9144299030303955,
partsupp_yfcc_wiki_1,4way,B3,0.1,0.3,140785,79170,98049.62911964806,1.2384694849014533,385,385,1.6674129292368889,389.1658630371094,2.912421226501465,
partsupp_yfcc_wiki_1,4way,B3,0.1,0.3,2505,80199,74579.83289239941,1.0753443241916039,385,385,1.6320683062076569,392.6145935058594,2.8755288124084473,
partsupp_yfcc_wiki_1,4way,B3,0.1,0.3,526089,80044,97843.03066719678,1.2223655822697115,385,385,1.6213543713092804,409.1528625488281,2.8621973991394043,
partsupp_yfcc_wiki_1,4way,B3,0.1,0.3,608072,80577,85023.34063246705,1.055181263046118,385,385,1.627618446946144,379.7530517578125,3.1877126693725586,
partsupp_yfcc_wiki_1,4way,B3,0.1,0.3,224837,80462,74954.13271336442,1.0734831701368417,385,385,1.5929369255900383,416.9052734375,3.304277181625366,
partsupp_yfcc_wiki_1,4way,B3,0.1,0.3,386133,80821,82791.38439983505,1.0243796092579287,385,385,1.6276715323328972,379.9435119628906,3.026334762573242,
partsupp_yfcc_wiki_1,4way,B3,0.1,0.3,487850,79711,87435.080891252,1.0969010662424508,385,385,1.6499757766723633,422.08538818359375,2.6472816467285156,
partsupp_yfcc_wiki_1,4way,B3,0.1,0.3,340195,79958,74777.48589086572,1.069279062373065,385,385,1.6769357025623322,402.8139343261719,3.089376926422119,
partsupp_yfcc_wiki_1,4way,B3,0.1,0.3,122774,78762,78374.93530940193,1.0049386285177786,385,385,1.6760490834712982,361.5801696777344,2.6376986503601074,
partsupp_yfcc_wiki_1,4way,B3,0.1,0.3,690833,79905,110316.894956597,1.3806006502296102,385,385,1.6971081495285034,392.712646484375,3.261147975921631,
partsupp_yfcc_wiki_1,4way,B3,0.1,0.3,686759,79917,74762.95928670523,1.0689384256919228,385,385,1.670747995376587,371.432373046875,3.326615810394287,
partsupp_yfcc_wiki_1,4way,B3,0.1,0.3,154430,79720,79078.99912869083,1.008105829339924,385,385,1.6368459910154343,394.34014892578125,2.7680890560150146,
partsupp_yfcc_wiki_1,4way,B3,0.1,0.3,630926,78421,49993.93089076343,1.568610401357509,385,385,1.623205840587616,393.74267578125,3.259998083114624,
partsupp_yfcc_wiki_1,4way,B3,0.1,0.3,255248,79039,86847.106582674,1.0987880234146938,385,385,1.6458714380860329,398.664306640625,2.897630214691162,
partsupp_yfcc_wiki_1,4way,B3,0.1,0.3,48107,80335,80783.8714211231,1.0055874951281893,385,385,1.6457457095384598,439.12420654296875,3.1095659732818604,
partsupp_yfcc_wiki_1,4way,B3,0.1,0.3,717611,79194,68546.21419709624,1.1553373286566542,385,385,1.691773533821106,385.1277160644531,2.5639750957489014,
partsupp_yfcc_wiki_1,4way,B3,0.1,0.3,559097,80226,89507.27472825666,1.115689112360789,385,385,1.6380548477172852,412.5897216796875,3.201744794845581,
partsupp_yfcc_wiki_1,4way,B3,0.1,0.3,527854,80206,81249.62730136844,1.0130118357899465,385,385,1.6403933987021446,402.7357482910156,2.9701809883117676,
partsupp_yfcc_wiki_1,4way,B3,0.1,0.3,692258,80529,98115.3995414023,1.2183859173887952,385,385,1.6911495476961136,382.93109130859375,3.59883189201355,
partsupp_yfcc_wiki_1,4way,B3,0.1,0.3,344709,80373,82947.55944793535,1.0320326409109446,385,385,1.6490994021296501,393.9825134277344,2.836334466934204,
partsupp_yfcc_wiki_1,4way,B3,0.1,0.3,414737,80064,77065.32004676772,1.038910886912719,385,385,1.6502570360898972,391.3221130371094,3.186657428741455,
partsupp_yfcc_wiki_1,4way,B3,0.1,0.3,362610,80849,75016.87710871846,1.0777441439321624,385,385,1.5657125040888786,437.93621826171875,3.099379777908325,
partsupp_yfcc_wiki_1,4way,B3,0.1,0.3,129857,80232,73101.93381220981,1.0975359448917792,385,385,1.6596652567386627,409.33135986328125,2.9371519088745117,
partsupp_yfcc_wiki_1,4way,B3,0.1,0.3,210898,79641,75057.66591166491,1.061064170230516,385,385,1.6886238008737564,399.1053466796875,2.6989400386810303,
partsupp_yfcc_wiki_1,4way,B3,0.1,0.3,793779,79050,66720.2723152081,1.1847973225670045,385,385,1.653118059039116,376.6127014160156,2.8342809677124023,
partsupp_yfcc_wiki_1,4way,B3,0.1,0.3,634727,79920,89436.85699987558,1.1190797922907356,385,385,1.6749193891882896,398.7883605957031,2.6199212074279785,
partsupp_yfcc_wiki_1,4way,B3,0.1,0.3,351141,79827,68967.1128057752,1.1574647212622682,385,385,1.6990164294838905,381.5683898925781,2.959737777709961,
partsupp_yfcc_wiki_1,4way,B3,0.1,0.3,611020,80403,83025.06552934284,1.032611538491634,385,385,1.6684550791978836,416.7373352050781,2.7526907920837402,
partsupp_yfcc_wiki_1,4way,B3,0.1,0.4,145860,79388,70878.18015073321,1.1200626177360842,385,385,1.6950657591223717,402.2340393066406,2.9678664207458496,
partsupp_yfcc_wiki_1,4way,B3,0.1,0.4,359095,80675,72285.18887452403,1.11606542441273,385,385,1.6645994037389755,433.9372253417969,2.6484692096710205,
partsupp_yfcc_wiki_1,4way,B3,0.1,0.4,286093,81202,99483.79261207907,1.225139683900385,385,385,1.7062220722436905,408.4643859863281,2.591614246368408,
partsupp_yfcc_wiki_1,4way,B3,0.1,0.4,781121,80064,66454.28246445266,1.2047982015730496,385,385,1.6751177608966827,430.0372009277344,2.7154462337493896,
partsupp_yfcc_wiki_1,4way,B3,0.1,0.4,142780,79869,70608.19273725091,1.1311576872844014,385,385,1.6685128211975098,391.00274658203125,2.9726316928863525,
partsupp_yfcc_wiki_1,4way,B3,0.1,0.4,428790,80552,89710.05754354817,1.113691249671618,385,385,1.6847457736730576,409.8734130859375,2.586446523666382,
partsupp_yfcc_wiki_1,4way,B3,0.1,0.4,322723,80552,91297.4695768691,1.133397924035022,385,385,1.6797836869955063,409.2359619140625,3.0675809383392334,
partsupp_yfcc_wiki_1,4way,B3,0.1,0.4,588557,80712,82884.72714794424,1.0269195057481446,385,385,1.6871094703674316,392.5137023925781,3.088820695877075,
partsupp_yfcc_wiki_1,4way,B3,0.1,0.4,263638,80138,51894.26108999594,1.544255536484531,385,385,1.6727913171052933,400.8641662597656,3.3490371704101562,
partsupp_yfcc_wiki_1,4way,B3,0.1,0.4,693614,80733,95675.54663338696,1.1850859826017484,385,385,1.6387710347771645,426.4012145996094,2.6586174964904785,
partsupp_yfcc_wiki_1,4way,B3,0.1,0.4,546912,79173,53870.39942498866,1.469693947791193,385,385,1.648792065680027,389.6872253417969,3.273282766342163,
partsupp_yfcc_wiki_1,4way,B3,0.1,0.4,444449,80237,70834.93511495828,1.1327320321502812,385,385,1.6452493146061897,426.49853515625,2.858152389526367,
partsupp_yfcc_wiki_1,4way,B3,0.1,0.4,663176,80531,70691.13080835356,1.1391952438605448,385,385,1.6323765739798546,377.50628662109375,2.5874252319335938,
partsupp_yfcc_wiki_1,4way,B3,0.1,0.4,763999,80987,70825.96791155703,1.1434647825940256,385,385,1.5998538583517075,412.6561279296875,2.991096258163452,
partsupp_yfcc_wiki_1,4way,B3,0.1,0.4,782168,79448,89465.59285993167,1.126089931274943,385,385,1.6474779695272446,387.3293151855469,2.6463067531585693,
partsupp_yfcc_wiki_1,4way,B3,0.1,0.4,673362,80053,68541.51865221054,1.1679490267235013,385,385,1.6384562477469444,399.927490234375,2.910238742828369,
partsupp_yfcc_wiki_1,4way,B3,0.1,0.4,83904,79104,66618.80043935352,1.1874125543886427,385,385,1.6762660816311836,361.90478515625,3.108832836151123,
partsupp_yfcc_wiki_1,4way,B3,0.1,0.4,695261,79625,58363.5229213767,1.3642939290567722,385,385,1.698576845228672,355.1128845214844,2.7686617374420166,
partsupp_yfcc_wiki_1,4way,B3,0.1,0.4,386245,80906,87507.63967329485,1.0815964164993306,385,385,1.7054816707968712,405.989013671875,3.005084276199341,
partsupp_yfcc_wiki_1,4way,B3,0.1,0.4,69504,81679,70872.29675466027,1.1524813465937114,385,385,1.6750534996390343,394.9341735839844,3.3213181495666504,
partsupp_yfcc_wiki_1,4way,B3,0.1,0.4,681535,80343,81388.59972387963,1.013014198173825,385,385,1.7136065289378166,394.721435546875,3.38594388961792,
partsupp_yfcc_wiki_1,4way,B3,0.1,0.4,696279,79662,78655.32337337814,1.0127985822630612,385,385,1.6822023317217827,403.06585693359375,2.9636666774749756,
partsupp_yfcc_wiki_1,4way,B3,0.1,0.4,340223,79614,54205.27408703629,1.4687500679761427,385,385,1.6537634655833244,417.17041015625,3.0076568126678467,
partsupp_yfcc_wiki_1,4way,B3,0.1,0.4,690943,80850,95242.6382471214,1.1780165522216623,385,385,1.6613751649856567,422.7907409667969,3.272429943084717,
partsupp_yfcc_wiki_1,4way,B3,0.1,0.4,636616,80757,83263.84693374795,1.0310418531365448,385,385,1.6726776957511902,408.0700378417969,2.9986581802368164,
partsupp_yfcc_wiki_1,4way,B3,0.1,0.4,48106,80092,110386.51609231821,1.3782464677161042,385,385,1.6973167657852173,424.15234375,3.1095659732818604,
partsupp_yfcc_wiki_1,4way,B3,0.1,0.4,352770,80393,85382.67504349476,1.06206603862892,385,385,1.687919721007347,395.7828674316406,3.1966798305511475,
partsupp_yfcc_wiki_1,4way,B3,0.1,0.4,536954,79927,85248.84247041222,1.0665837885872385,385,385,2.187647856771946,432.210693359375,3.1714894771575928,
partsupp_yfcc_wiki_1,4way,B3,0.1,0.4,752067,79742,79093.7811361232,1.008195573085085,385,385,1.695290207862854,394.6697692871094,2.8197593688964844,
partsupp_yfcc_wiki_1,4way,B3,0.1,0.4,602570,79709,91508.34584089536,1.148030283166209,385,385,1.6767019405961037,408.853271484375,2.864469289779663,
partsupp_yfcc_wiki_1,4way,B3,0.1,0.4,345404,80320,70738.3977628464,1.1354512194250757,385,385,1.6592787578701973,401.0014343261719,2.9514834880828857,
partsupp_yfcc_wiki_1,4way,B3,0.1,0.4,628777,80363,77131.22732593725,1.0418996661417832,385,385,1.6766497865319252,409.9804992675781,2.9850518703460693,
partsupp_yfcc_wiki_1,4way,B3,0.1,0.4,137071,79890,76746.85258292568,1.0409547403090975,385,385,1.694958657026291,415.9568176269531,2.7972004413604736,
partsupp_yfcc_wiki_1,4way,B3,0.1,0.4,296404,79140,62142.16394643269,1.2735314474761397,385,385,1.6478290781378746,398.64654541015625,3.3583366870880127,
partsupp_yfcc_wiki_1,4way,B3,0.1,0.4,703153,79988,77174.99010287426,1.036449760387089,385,385,1.6597537323832512,409.31414794921875,3.377227544784546,
partsupp_yfcc_wiki_1,4way,B3,0.1,0.4,438962,80044,81089.40434369045,1.01306037109203,385,385,1.6632117331027985,394.1766357421875,2.7042746543884277,
partsupp_yfcc_wiki_1,4way,B3,0.1,0.4,33248,79381,68564.88510064317,1.1577500623457673,385,385,1.693488098680973,382.3808898925781,2.451692581176758,
partsupp_yfcc_wiki_1,4way,B3,0.1,0.4,779894,80335,74849.83588359652,1.0732822464024343,385,385,1.6555963084101677,383.4449157714844,2.650587320327759,
partsupp_yfcc_wiki_1,4way,B3,0.1,0.4,304120,80150,79369.89081983529,1.0098287798068857,385,385,1.613374799489975,384.2877502441406,2.839334011077881,
partsupp_yfcc_wiki_1,4way,B3,0.1,0.4,73745,79509,74795.71376270692,1.0630154590441667,385,385,1.5798946842551231,415.6717529296875,2.7303755283355713,
partsupp_yfcc_wiki_1,4way,B3,0.1,0.4,516733,79365,66300.15968603743,1.1970559403752685,385,385,1.6491338610649109,360.6786193847656,3.0889196395874023,
partsupp_yfcc_wiki_1,4way,B3,0.1,0.4,181346,80862,72741.26053432321,1.1116386959206597,385,385,1.7145425081253052,460.47613525390625,3.357656955718994,
partsupp_yfcc_wiki_1,4way,B3,0.1,0.4,620747,80204,80730.6303497921,1.0065661357262992,385,385,1.6918517649173737,377.78564453125,3.118633985519409,
partsupp_yfcc_wiki_1,4way,B3,0.1,0.4,738510,80641,87141.07062654092,1.080605034988913,385,385,1.6786707565188408,406.49371337890625,2.7311203479766846,
partsupp_yfcc_wiki_1,4way,B3,0.1,0.4,111011,80060,70785.86287487822,1.131016798389741,385,385,1.7093149945139885,403.2555847167969,2.941718101501465,
partsupp_yfcc_wiki_1,4way,B3,0.1,0.4,426052,81092,89517.50886219901,1.1039006173506514,385,385,1.6909725964069366,392.1812744140625,2.933866500854492,
partsupp_yfcc_wiki_1,4way,B3,0.1,0.4,724169,80396,79142.57327785667,1.01583757856524,385,385,1.6954028978943825,414.1463928222656,2.892995834350586,
partsupp_yfcc_wiki_1,4way,B3,0.1,0.4,588630,81868,81363.90074517694,1.0061956131675869,385,385,1.6539832577109337,415.3184814453125,3.023313045501709,
partsupp_yfcc_wiki_1,4way,B3,0.1,0.4,790256,80341,74893.98405570975,1.0727296860084048,385,385,1.6440534964203835,441.68890380859375,2.7825469970703125,
partsupp_yfcc_wiki_1,4way,B3,0.1,0.4,201003,81171,75110.20752210883,1.0806919948411429,385,385,1.5038400888442993,423.641357421875,2.9440114498138428,
partsupp_yfcc_wiki_1,4way,B3,0.1,0.4,6443,79795,54217.01007321649,1.4717705733356032,385,385,1.722283661365509,411.00616455078125,2.884660482406616,
partsupp_yfcc_wiki_1,4way,B3,0.1,0.4,642763,79779,66378.49326246319,1.2018802488413027,385,385,1.8862886354327202,397.9861755371094,2.840625047683716,
partsupp_yfcc_wiki_1,4way,B3,0.1,0.4,193392,79245,60415.76121230364,1.3116610369524202,385,385,1.8778536468744278,365.0972595214844,3.056194543838501,
partsupp_yfcc_wiki_1,4way,B3,0.1,0.4,203755,80446,83119.71830444584,1.0332361870626985,385,385,1.804872415959835,388.9460144042969,3.056774854660034,
partsupp_yfcc_wiki_1,4way,B3,0.1,0.4,94462,79891,81372.36319496168,1.018542303825984,385,385,1.7642723396420479,410.7262878417969,3.031524658203125,
partsupp_yfcc_wiki_1,4way,B3,0.1,0.4,590890,80433,82985.84905823422,1.0317388268277228,385,385,1.8862057477235794,394.77734375,3.05781626701355,
partsupp_yfcc_wiki_1,4way,B3,0.1,0.4,783383,79896,97820.50529074996,1.224347968493416,385,385,1.8916204571723938,402.0063171386719,3.0183515548706055,
partsupp_yfcc_wiki_1,4way,B3,0.1,0.4,737605,80401,81402.95704430921,1.0124619972924367,385,385,1.9011441618204117,374.6307678222656,3.0597891807556152,
partsupp_yfcc_wiki_1,4way,B3,0.1,0.4,516560,79823,74840.57543526313,1.066573840938017,385,385,1.843131147325039,391.37896728515625,3.2459254264831543,
partsupp_yfcc_wiki_1,4way,B3,0.1,0.4,137642,79286,95550.7097890623,1.2051397445836882,385,385,1.8509821966290474,375.74859619140625,2.9834916591644287,
partsupp_yfcc_wiki_1,4way,B3,0.1,0.4,37803,80809,83042.4763611208,1.0276389555757504,385,385,1.8282029777765274,391.6224365234375,3.024467945098877,
partsupp_yfcc_wiki_1,4way,B3,0.1,0.4,254800,80981,56278.912643544274,1.4389226123275018,385,385,1.888803206384182,376.4917907714844,2.9951040744781494,
partsupp_yfcc_wiki_1,4way,B3,0.1,0.4,605930,80645,74853.6079549685,1.0773695778100045,385,385,1.913880929350853,388.9281921386719,2.853085517883301,
partsupp_yfcc_wiki_1,4way,B3,0.1,0.4,209329,80000,81157.08784912174,1.0144635981140218,385,385,1.8485989421606064,404.4440612792969,2.887873649597168,
partsupp_yfcc_wiki_1,4way,B3,0.1,0.4,766585,79960,72647.2014867933,1.10066180614729,385,385,1.8223514780402184,387.6983337402344,3.1483452320098877,
partsupp_yfcc_wiki_1,4way,B3,0.1,0.4,488782,80468,78938.18204001339,1.01937994922674,385,385,1.8391264602541924,462.8974914550781,3.20609712600708,
partsupp_yfcc_wiki_1,4way,B3,0.1,0.4,374559,79389,62151.40505678352,1.277348435284249,385,385,1.8717208877205849,383.64080810546875,3.171335220336914,
partsupp_yfcc_wiki_1,4way,B3,0.1,0.4,111780,79611,72817.56521336766,1.0932939019140016,385,385,1.8924539908766747,394.7646789550781,3.261101484298706,
partsupp_yfcc_wiki_1,4way,B3,0.1,0.4,178188,80270,66637.07640409457,1.2045846596455385,385,385,1.8467865884304047,397.3576965332031,3.1019976139068604,
partsupp_yfcc_wiki_1,4way,B3,0.1,0.4,539857,81519,76984.06271937792,1.0589074818921005,385,385,1.7946092411875725,393.9913024902344,2.945296287536621,
partsupp_yfcc_wiki_1,4way,B3,0.1,0.4,781264,79003,75204.41801910548,1.0505100907759104,385,385,1.8311357125639915,392.1608581542969,2.770949125289917,
partsupp_yfcc_wiki_1,4way,B3,0.1,0.4,771184,80191,73064.08331951208,1.0975433668184358,385,385,1.900521107017994,394.2817077636719,2.9144299030303955,
partsupp_yfcc_wiki_1,4way,B3,0.1,0.4,140785,79170,78755.19132569063,1.0052670645239619,385,385,1.892385073006153,389.1658630371094,2.912421226501465,
partsupp_yfcc_wiki_1,4way,B3,0.1,0.4,2505,80199,80809.49283082315,1.0076122249756623,385,385,1.7947172746062279,392.6145935058594,2.8755288124084473,
partsupp_yfcc_wiki_1,4way,B3,0.1,0.4,526089,80044,91736.54578628704,1.1460764802644425,385,385,1.794903539121151,409.1528625488281,2.8621973991394043,
partsupp_yfcc_wiki_1,4way,B3,0.1,0.4,608072,80577,87433.96777917368,1.0850983255665223,385,385,1.8895920366048813,379.7530517578125,3.1877126693725586,
partsupp_yfcc_wiki_1,4way,B3,0.1,0.4,224837,80462,71009.22903233267,1.1331203154362257,385,385,1.9212393090128899,416.9052734375,3.304277181625366,
partsupp_yfcc_wiki_1,4way,B3,0.1,0.4,386133,80821,70620.37127078316,1.144443147857494,385,385,1.9217533990740776,379.9435119628906,3.026334762573242,
partsupp_yfcc_wiki_1,4way,B3,0.1,0.4,487850,79711,103937.64888197069,1.3039310619860582,385,385,1.8151886761188507,422.08538818359375,2.6472816467285156,
partsupp_yfcc_wiki_1,4way,B3,0.1,0.4,340195,79958,78564.62715537871,1.0177353714396886,385,385,1.5085302293300629,402.8139343261719,3.089376926422119,
partsupp_yfcc_wiki_1,4way,B3,0.1,0.4,122774,78762,78791.90071327571,1.0003796337481998,385,385,1.286790706217289,361.5801696777344,2.6376986503601074,
partsupp_yfcc_wiki_1,4way,B3,0.1,0.4,690833,79905,93361.32249925236,1.1684040110037215,385,385,1.297484152019024,392.712646484375,3.261147975921631,
partsupp_yfcc_wiki_1,4way,B3,0.1,0.4,686759,79917,66576.7022523469,1.200374865325848,385,385,1.2878598645329475,371.432373046875,3.326615810394287,
partsupp_yfcc_wiki_1,4way,B3,0.1,0.4,154430,79720,76681.59772497017,1.039623617206406,385,385,1.4737658202648163,394.34014892578125,2.7680890560150146,
partsupp_yfcc_wiki_1,4way,B3,0.1,0.4,630926,78421,75137.11699078123,1.0437052037759404,385,385,1.8442906439304352,393.74267578125,3.259998083114624,
partsupp_yfcc_wiki_1,4way,B3,0.1,0.4,255248,79039,76787.04217669733,1.0293273156442282,385,385,1.8689986318349838,398.664306640625,2.897630214691162,
partsupp_yfcc_wiki_1,4way,B3,0.1,0.4,48107,80335,74757.06194485584,1.0746141957700088,385,385,1.89996138215065,439.12420654296875,3.1095659732818604,
partsupp_yfcc_wiki_1,4way,B3,0.1,0.4,717611,79194,68599.77647108506,1.1544352485372955,385,385,1.9266698509454727,385.1277160644531,2.5639750957489014,
partsupp_yfcc_wiki_1,4way,B3,0.1,0.4,559097,80226,74842.6324297797,1.071929158494942,385,385,1.8254630267620087,412.5897216796875,3.201744794845581,
partsupp_yfcc_wiki_1,4way,B3,0.1,0.4,527854,80206,87420.26643630164,1.0899467176558069,385,385,1.9413838163018227,402.7357482910156,2.9701809883117676,
partsupp_yfcc_wiki_1,4way,B3,0.1,0.4,692258,80529,70786.76746431077,1.1376278771396229,385,385,1.8472475931048393,382.93109130859375,3.59883189201355,
partsupp_yfcc_wiki_1,4way,B3,0.1,0.4,344709,80373,66636.76440032305,1.2061359929956377,385,385,1.8842210993170738,393.9825134277344,2.836334466934204,
partsupp_yfcc_wiki_1,4way,B3,0.1,0.4,414737,80064,91321.66552291937,1.1406083323705956,385,385,1.916828565299511,391.3221130371094,3.186657428741455,
partsupp_yfcc_wiki_1,4way,B3,0.1,0.4,362610,80849,83582.58409090692,1.0338109820889179,385,385,1.8583014607429504,437.93621826171875,3.099379777908325,
partsupp_yfcc_wiki_1,4way,B3,0.1,0.4,129857,80232,75081.96135411575,1.068592223125268,385,385,1.77697092294693,409.33135986328125,2.9371519088745117,
partsupp_yfcc_wiki_1,4way,B3,0.1,0.4,210898,79641,58136.337284794834,1.369900542751075,385,385,1.8930966034531593,399.1053466796875,2.6989400386810303,
partsupp_yfcc_wiki_1,4way,B3,0.1,0.4,793779,79050,75149.74217850926,1.051899816398919,385,385,1.916562207043171,376.6127014160156,2.8342809677124023,
partsupp_yfcc_wiki_1,4way,B3,0.1,0.4,634727,79920,72981.25416047712,1.0950757275870513,385,385,1.859600655734539,398.7883605957031,2.6199212074279785,
partsupp_yfcc_wiki_1,4way,B3,0.1,0.4,351141,79827,72898.17942339926,1.0950479234379438,385,385,1.858031377196312,381.5683898925781,2.959737777709961,
partsupp_yfcc_wiki_1,4way,B3,0.1,0.4,611020,80403,79383.45985870862,1.0128432313621252,385,385,1.8216371536254883,416.7373352050781,2.7526907920837402,
partsupp_yfcc_wiki_1,4way,B3,0.1,0.5,145860,79388,89235.32991136741,1.1240405339770168,385,385,1.8908148631453514,402.2340393066406,2.9678664207458496,
partsupp_yfcc_wiki_1,4way,B3,0.1,0.5,359095,80675,64406.439840071966,1.2525921352014582,385,385,1.915985718369484,433.9372253417969,2.6484692096710205,
partsupp_yfcc_wiki_1,4way,B3,0.1,0.5,286093,81202,86771.61406059988,1.0685896167655955,385,385,1.8627466633915901,408.4643859863281,2.591614246368408,
partsupp_yfcc_wiki_1,4way,B3,0.1,0.5,781121,80064,60649.84126421482,1.3201023833056609,385,385,1.8279636278748512,430.0372009277344,2.7154462337493896,
partsupp_yfcc_wiki_1,4way,B3,0.1,0.5,142780,79869,62532.535540573466,1.2772391093621653,385,385,1.895807683467865,391.00274658203125,2.9726316928863525,
partsupp_yfcc_wiki_1,4way,B3,0.1,0.5,428790,80552,77076.27411785224,1.0450946276519966,385,385,1.918531022965908,409.8734130859375,2.586446523666382,
partsupp_yfcc_wiki_1,4way,B3,0.1,0.5,322723,80552,70730.74893647518,1.138854051614037,385,385,1.9332841038703918,409.2359619140625,3.0675809383392334,
partsupp_yfcc_wiki_1,4way,B3,0.1,0.5,588557,80712,85399.37442604484,1.0580753100659734,385,385,1.825639046728611,392.5137023925781,3.088820695877075,
partsupp_yfcc_wiki_1,4way,B3,0.1,0.5,263638,80138,89672.45291010369,1.1189754287616822,385,385,1.839146949350834,400.8641662597656,3.3490371704101562,
partsupp_yfcc_wiki_1,4way,B3,0.1,0.5,693614,80733,74926.97421475247,1.0774891265274713,385,385,1.893782988190651,426.4012145996094,2.6586174964904785,
partsupp_yfcc_wiki_1,4way,B3,0.1,0.5,546912,79173,80764.4013466802,1.0201003037232415,385,385,1.9563492387533188,389.6872253417969,3.273282766342163,
partsupp_yfcc_wiki_1,4way,B3,0.1,0.5,444449,80237,68567.20808446486,1.1701949407238463,385,385,1.9042519852519035,426.49853515625,2.858152389526367,
partsupp_yfcc_wiki_1,4way,B3,0.1,0.5,663176,80531,87615.24328758995,1.087969145889036,385,385,1.7894404008984566,377.50628662109375,2.5874252319335938,
partsupp_yfcc_wiki_1,4way,B3,0.1,0.5,763999,80987,66772.72049701084,1.2128755485352056,385,385,1.8580621108412743,412.6561279296875,2.991096258163452,
partsupp_yfcc_wiki_1,4way,B3,0.1,0.5,782168,79448,66603.82091419092,1.1928444781322214,385,385,1.9402746111154556,387.3293151855469,2.6463067531585693,
partsupp_yfcc_wiki_1,4way,B3,0.1,0.5,673362,80053,87229.79055134025,1.0896504884431595,385,385,1.9057262688875198,399.927490234375,2.910238742828369,
partsupp_yfcc_wiki_1,4way,B3,0.1,0.5,83904,79104,97816.60024340577,1.2365569407793002,385,385,1.8967706710100174,361.90478515625,3.108832836151123,
partsupp_yfcc_wiki_1,4way,B3,0.1,0.5,695261,79625,70851.93393181376,1.1238225349872486,385,385,1.8964987248182297,355.1128845214844,2.7686617374420166,
partsupp_yfcc_wiki_1,4way,B3,0.1,0.5,386245,80906,66515.57757946759,1.2163466505773008,385,385,1.90681591629982,405.989013671875,3.005084276199341,
partsupp_yfcc_wiki_1,4way,B3,0.1,0.5,69504,81679,91428.79238972723,1.1193671860542762,385,385,1.894141547381878,394.9341735839844,3.3213181495666504,
partsupp_yfcc_wiki_1,4way,B3,0.1,0.5,681535,80343,70893.80377394398,1.1332866304675409,385,385,1.9050035625696182,394.721435546875,3.38594388961792,
partsupp_yfcc_wiki_1,4way,B3,0.1,0.5,696279,79662,74572.35353970579,1.068251117454463,385,385,1.8885768949985504,403.06585693359375,2.9636666774749756,
partsupp_yfcc_wiki_1,4way,B3,0.1,0.5,340223,79614,88984.14694596319,1.1176947138187152,385,385,1.8806224688887596,417.17041015625,3.0076568126678467,
partsupp_yfcc_wiki_1,4way,B3,0.1,0.5,690943,80850,101666.48513829612,1.257470440795252,385,385,1.8478892743587494,422.7907409667969,3.272429943084717,
partsupp_yfcc_wiki_1,4way,B3,0.1,0.5,636616,80757,91643.17134813107,1.13480158188307,385,385,1.8722442910075188,408.0700378417969,2.9986581802368164,
partsupp_yfcc_wiki_1,4way,B3,0.1,0.5,48106,80092,72729.17048564435,1.101236264145333,385,385,1.914381980895996,424.15234375,3.1095659732818604,
partsupp_yfcc_wiki_1,4way,B3,0.1,0.5,352770,80393,62643.80606488184,1.2833351778902906,385,385,1.9064629450440407,395.7828674316406,3.1966798305511475,
partsupp_yfcc_wiki_1,4way,B3,0.1,0.5,536954,79927,68557.43337006951,1.1658400274199028,385,385,1.9194241613149643,432.210693359375,3.1714894771575928,
partsupp_yfcc_wiki_1,4way,B3,0.1,0.5,752067,79742,66907.16452862062,1.191830509659232,385,385,1.8978537991642952,394.6697692871094,2.8197593688964844,
partsupp_yfcc_wiki_1,4way,B3,0.1,0.5,602570,79709,83470.6117202014,1.0471918066993866,385,385,1.9295662641525269,408.853271484375,2.864469289779663,
partsupp_yfcc_wiki_1,4way,B3,0.1,0.5,345404,80320,68899.47737264635,1.165756302701473,385,385,1.9567962735891342,401.0014343261719,2.9514834880828857,
partsupp_yfcc_wiki_1,4way,B3,0.1,0.5,628777,80363,89720.396969267,1.1164391196106045,385,385,1.9041532650589943,409.9804992675781,2.9850518703460693,
partsupp_yfcc_wiki_1,4way,B3,0.1,0.5,137071,79890,70694.393936991,1.1300754635679449,385,385,1.9165677949786186,415.9568176269531,2.7972004413604736,
partsupp_yfcc_wiki_1,4way,B3,0.1,0.5,296404,79140,86895.37470144835,1.0979956368643966,385,385,1.8873531371355057,398.64654541015625,3.3583366870880127,
partsupp_yfcc_wiki_1,4way,B3,0.1,0.5,703153,79988,87303.37628020324,1.0914559218908242,385,385,1.8416251987218857,409.31414794921875,3.377227544784546,
partsupp_yfcc_wiki_1,4way,B3,0.1,0.5,438962,80044,87542.34854180903,1.0936778339639326,385,385,1.8330048769712448,394.1766357421875,2.7042746543884277,
partsupp_yfcc_wiki_1,4way,B3,0.1,0.5,33248,79381,79304.77882527346,1.0009611170456003,385,385,1.826716586947441,382.3808898925781,2.451692581176758,
partsupp_yfcc_wiki_1,4way,B3,0.1,0.5,779894,80335,62788.43653487009,1.2794553333938372,385,385,1.8831277266144753,383.4449157714844,2.650587320327759,
partsupp_yfcc_wiki_1,4way,B3,0.1,0.5,304120,80150,70743.53028523106,1.132965794565849,385,385,1.9185850396752357,384.2877502441406,2.839334011077881,
partsupp_yfcc_wiki_1,4way,B3,0.1,0.5,73745,79509,87447.12705551731,1.0998393522182057,385,385,1.8889959901571274,415.6717529296875,2.7303755283355713,
partsupp_yfcc_wiki_1,4way,B3,0.1,0.5,516733,79365,101343.1327898149,1.2769247500764178,385,385,1.9077090546488762,360.6786193847656,3.0889196395874023,
partsupp_yfcc_wiki_1,4way,B3,0.1,0.5,181346,80862,72390.73379459453,1.1170214164349033,385,385,1.9127074629068375,460.47613525390625,3.357656955718994,
partsupp_yfcc_wiki_1,4way,B3,0.1,0.5,620747,80204,74850.63803769437,1.071520592244113,385,385,1.897932030260563,377.78564453125,3.118633985519409,
partsupp_yfcc_wiki_1,4way,B3,0.1,0.5,738510,80641,100069.89820339478,1.2409307697498144,385,385,1.8036691471934319,406.49371337890625,2.7311203479766846,
partsupp_yfcc_wiki_1,4way,B3,0.1,0.5,111011,80060,83076.88654158851,1.037682819655115,385,385,1.8111681565642357,403.2555847167969,2.941718101501465,
partsupp_yfcc_wiki_1,4way,B3,0.1,0.5,426052,81092,74964.6094577846,1.0817371101715132,385,385,1.8329545855522156,392.1812744140625,2.933866500854492,
partsupp_yfcc_wiki_1,4way,B3,0.1,0.5,724169,80396,93867.3534939163,1.167562484376291,385,385,2.0387135446071625,414.1463928222656,2.892995834350586,
partsupp_yfcc_wiki_1,4way,B3,0.1,0.5,588630,81868,76836.35830752586,1.0654851661805178,385,385,1.9485317170619965,415.3184814453125,3.023313045501709,
partsupp_yfcc_wiki_1,4way,B3,0.1,0.5,790256,80341,79229.75606591528,1.0140255882292535,385,385,1.9387835636734962,441.68890380859375,2.7825469970703125,
partsupp_yfcc_wiki_1,4way,B3,0.1,0.5,201003,81171,87529.06388848832,1.0783292541485052,385,385,1.857011578977108,423.641357421875,2.9440114498138428,
partsupp_yfcc_wiki_1,4way,B3,0.1,0.5,6443,79795,56119.905760189824,1.421866250826899,385,385,1.8130932003259659,411.00616455078125,2.884660482406616,
partsupp_yfcc_wiki_1,4way,B3,0.1,0.5,642763,79779,76898.07247346485,1.0374642358887378,385,385,1.8665501847863197,397.9861755371094,2.840625047683716,
partsupp_yfcc_wiki_1,4way,B3,0.1,0.5,193392,79245,64453.94608841977,1.2294825190577074,385,385,1.9443966448307037,365.0972595214844,3.056194543838501,
partsupp_yfcc_wiki_1,4way,B3,0.1,0.5,203755,80446,85092.48602993938,1.0577590685669813,385,385,1.8970239907503128,388.9460144042969,3.056774854660034,
partsupp_yfcc_wiki_1,4way,B3,0.1,0.5,94462,79891,77045.1071839089,1.0369380083967938,385,385,1.9349362701177597,410.7262878417969,3.031524658203125,
partsupp_yfcc_wiki_1,4way,B3,0.1,0.5,590890,80433,91804.40825002454,1.1413773979588544,385,385,1.858995296061039,394.77734375,3.05781626701355,
partsupp_yfcc_wiki_1,4way,B3,0.1,0.5,783383,79896,72744.07442798493,1.0983162632592889,385,385,1.8016714602708817,402.0063171386719,3.0183515548706055,
partsupp_yfcc_wiki_1,4way,B3,0.1,0.5,737605,80401,77084.18827550422,1.0430284316238925,385,385,1.8695779144763947,374.6307678222656,3.0597891807556152,
partsupp_yfcc_wiki_1,4way,B3,0.1,0.5,516560,79823,60437.63488358273,1.320749896215464,385,385,1.9413502886891365,391.37896728515625,3.2459254264831543,
partsupp_yfcc_wiki_1,4way,B3,0.1,0.5,137642,79286,99727.92844764254,1.2578251954650574,385,385,1.8882248550653458,375.74859619140625,2.9834916591644287,
partsupp_yfcc_wiki_1,4way,B3,0.1,0.5,37803,80809,74646.19187434216,1.0825602481641956,385,385,1.8609054386615753,391.6224365234375,3.024467945098877,
partsupp_yfcc_wiki_1,4way,B3,0.1,0.5,254800,80981,74587.64501393534,1.0857160054439334,385,385,1.831933856010437,376.4917907714844,2.9951040744781494,
partsupp_yfcc_wiki_1,4way,B3,0.1,0.5,605930,80645,77259.92718187156,1.0438140824305968,385,385,1.8702782690525055,388.9281921386719,2.853085517883301,
partsupp_yfcc_wiki_1,4way,B3,0.1,0.5,209329,80000,95646.06233938166,1.1955757792422708,385,385,1.9038142636418343,404.4440612792969,2.887873649597168,
partsupp_yfcc_wiki_1,4way,B3,0.1,0.5,766585,79960,85155.01821733043,1.064970212823042,385,385,1.8933676183223724,387.6983337402344,3.1483452320098877,
partsupp_yfcc_wiki_1,4way,B3,0.1,0.5,488782,80468,79107.33640427636,1.0172002200752912,385,385,1.9225897267460823,462.8974914550781,3.20609712600708,
partsupp_yfcc_wiki_1,4way,B3,0.1,0.5,374559,79389,118730.74739268512,1.495556656371602,385,385,1.7948318272829056,383.64080810546875,3.171335220336914,
partsupp_yfcc_wiki_1,4way,B3,0.1,0.5,111780,79611,78982.47185410136,1.0079578181227309,385,385,1.8077343702316284,394.7646789550781,3.261101484298706,
partsupp_yfcc_wiki_1,4way,B3,0.1,0.5,178188,80270,80840.76881573866,1.0071106118816326,385,385,1.9199596717953682,397.3576965332031,3.1019976139068604,
partsupp_yfcc_wiki_1,4way,B3,0.1,0.5,539857,81519,74570.48781473159,1.0931804576970423,385,385,1.904364675283432,393.9913024902344,2.945296287536621,
partsupp_yfcc_wiki_1,4way,B3,0.1,0.5,781264,79003,91764.24641396747,1.16152863073513,385,385,1.8755663186311722,392.1608581542969,2.770949125289917,
partsupp_yfcc_wiki_1,4way,B3,0.1,0.5,771184,80191,93914.68174191174,1.1711374311570095,385,385,1.8245652318000793,394.2817077636719,2.9144299030303955,
partsupp_yfcc_wiki_1,4way,B3,0.1,0.5,140785,79170,89760.42425238517,1.133768147687068,385,385,1.7962660640478134,389.1658630371094,2.912421226501465,
partsupp_yfcc_wiki_1,4way,B3,0.1,0.5,2505,80199,62395.914823414736,1.2853245316936113,385,385,1.8952488899230957,392.6145935058594,2.8755288124084473,
partsupp_yfcc_wiki_1,4way,B3,0.1,0.5,526089,80044,79014.22239374465,1.013032813271562,385,385,1.9249916076660156,409.1528625488281,2.8621973991394043,
partsupp_yfcc_wiki_1,4way,B3,0.1,0.5,608072,80577,95288.63037986099,1.182578532085595,385,385,1.92312803119421,379.7530517578125,3.1877126693725586,
partsupp_yfcc_wiki_1,4way,B3,0.1,0.5,224837,80462,77178.51847507758,1.0425439823126783,385,385,1.894516870379448,416.9052734375,3.304277181625366,
partsupp_yfcc_wiki_1,4way,B3,0.1,0.5,386133,80821,72873.86655247262,1.109053270033436,385,385,1.7888061702251434,379.9435119628906,3.026334762573242,
partsupp_yfcc_wiki_1,4way,B3,0.1,0.5,487850,79711,66679.66650455096,1.1954318936877053,385,385,1.787697896361351,422.08538818359375,2.6472816467285156,
partsupp_yfcc_wiki_1,4way,B3,0.1,0.5,340195,79958,74828.94399635062,1.0685437443016639,385,385,1.8752645701169968,402.8139343261719,3.089376926422119,
partsupp_yfcc_wiki_1,4way,B3,0.1,0.5,122774,78762,101634.56560550994,1.2904010259453789,385,385,1.913529820740223,361.5801696777344,2.6376986503601074,
partsupp_yfcc_wiki_1,4way,B3,0.1,0.5,690833,79905,87415.02332121797,1.0939869009601149,385,385,1.9018547609448433,392.712646484375,3.261147975921631,
partsupp_yfcc_wiki_1,4way,B3,0.1,0.5,686759,79917,99763.22027954858,1.2483354014733858,385,385,1.879020594060421,371.432373046875,3.326615810394287,
partsupp_yfcc_wiki_1,4way,B3,0.1,0.5,154430,79720,81030.14371649815,1.0164343165642016,385,385,1.8118992447853088,394.34014892578125,2.7680890560150146,
partsupp_yfcc_wiki_1,4way,B3,0.1,0.5,630926,78421,60413.81043921795,1.2980641252367122,385,385,1.8177777528762817,393.74267578125,3.259998083114624,
partsupp_yfcc_wiki_1,4way,B3,0.1,0.5,255248,79039,86948.71198660722,1.1000735331495493,385,385,1.8702372908592224,398.664306640625,2.897630214691162,
partsupp_yfcc_wiki_1,4way,B3,0.1,0.5,48107,80335,91537.4742827556,1.1394469942460397,385,385,1.8785130232572556,439.12420654296875,3.1095659732818604,
partsupp_yfcc_wiki_1,4way,B3,0.1,0.5,717611,79194,64206.07506059261,1.2334346855069862,385,385,1.8746843561530113,385.1277160644531,2.5639750957489014,
partsupp_yfcc_wiki_1,4way,B3,0.1,0.5,559097,80226,64329.22306076269,1.2471159479762701,385,385,1.924990676343441,412.5897216796875,3.201744794845581,
partsupp_yfcc_wiki_1,4way,B3,0.1,0.5,527854,80206,78829.30808867834,1.0174642140683634,385,385,1.8799901008605957,402.7357482910156,2.9701809883117676,
partsupp_yfcc_wiki_1,4way,B3,0.1,0.5,692258,80529,99979.11372032596,1.2415293089486514,385,385,1.831481233239174,382.93109130859375,3.59883189201355,
partsupp_yfcc_wiki_1,4way,B3,0.1,0.5,344709,80373,66611.65057682348,1.2065907285588953,385,385,1.7715096473693848,393.9825134277344,2.836334466934204,
partsupp_yfcc_wiki_1,4way,B3,0.1,0.5,414737,80064,93621.2931489326,1.169330699801816,385,385,1.888916827738285,391.3221130371094,3.186657428741455,
partsupp_yfcc_wiki_1,4way,B3,0.1,0.5,362610,80849,91776.61366457546,1.1351607770606373,385,385,1.9024154171347618,437.93621826171875,3.099379777908325,
partsupp_yfcc_wiki_1,4way,B3,0.1,0.5,129857,80232,73027.623393128,1.0986527600397022,385,385,1.8416214734315872,409.33135986328125,2.9371519088745117,
partsupp_yfcc_wiki_1,4way,B3,0.1,0.5,210898,79641,100011.51678131345,1.2557792692371197,385,385,1.8098196014761925,399.1053466796875,2.6989400386810303,
partsupp_yfcc_wiki_1,4way,B3,0.1,0.5,793779,79050,64636.459921904774,1.2229939587581062,385,385,1.8338439986109734,376.6127014160156,2.8342809677124023,
partsupp_yfcc_wiki_1,4way,B3,0.1,0.5,634727,79920,89485.46093728553,1.1196879496657348,385,385,1.9141724333167076,398.7883605957031,2.6199212074279785,
partsupp_yfcc_wiki_1,4way,B3,0.1,0.5,351141,79827,77292.29853200355,1.0327937131659621,385,385,1.9161850214004517,381.5683898925781,2.959737777709961,
partsupp_yfcc_wiki_1,4way,B3,0.1,0.5,611020,80403,87319.73995104677,1.0860258939473248,385,385,1.8999017775058746,416.7373352050781,2.7526907920837402,
partsupp_yfcc_wiki_1,4way,B3,0.3,0.1,145860,240999,251571.8424506997,1.0438708975999889,385,385,1.9420245662331581,424.551025390625,3.1162526607513428,
partsupp_yfcc_wiki_1,4way,B3,0.3,0.1,359095,240414,269772.86242330185,1.122117939983952,385,385,1.901892013847828,457.84295654296875,2.8506760597229004,
partsupp_yfcc_wiki_1,4way,B3,0.3,0.1,286093,240431,241418.77986106183,1.0041083714706582,385,385,1.866346225142479,430.0592956542969,2.8322665691375732,
partsupp_yfcc_wiki_1,4way,B3,0.3,0.1,781121,239340,220592.9391600602,1.084984863574156,385,385,3.0765626579523087,442.4676208496094,2.9669148921966553,
partsupp_yfcc_wiki_1,4way,B3,0.3,0.1,142780,239878,246960.65341712066,1.029526064987705,385,385,1.8962984904646873,413.254150390625,3.127220392227173,
partsupp_yfcc_wiki_1,4way,B3,0.3,0.1,428790,240501,243205.21714034234,1.0112440993606777,385,385,1.2849187478423119,431.5230712890625,2.7914769649505615,
partsupp_yfcc_wiki_1,4way,B3,0.3,0.1,322723,241524,203091.187250746,1.1892391948145098,385,385,1.308106817305088,433.58428955078125,3.2379202842712402,
partsupp_yfcc_wiki_1,4way,B3,0.3,0.1,588557,239504,229230.4153007646,1.0448177205706137,385,385,1.4982810243964195,408.18133544921875,3.222794771194458,
partsupp_yfcc_wiki_1,4way,B3,0.3,0.1,263638,238982,226411.13593642064,1.0555222869740357,385,385,1.8207645043730736,422.840576171875,3.473875045776367,
partsupp_yfcc_wiki_1,4way,B3,0.3,0.1,693614,240682,251598.91912779323,1.045358269948701,385,385,1.8331920728087425,443.9696044921875,2.864917039871216,
partsupp_yfcc_wiki_1,4way,B3,0.3,0.1,546912,239028,207695.60008496148,1.1508573118651597,385,385,1.8371166661381721,410.3951416015625,3.3955962657928467,
partsupp_yfcc_wiki_1,4way,B3,0.3,0.1,444449,239588,212460.66107206015,1.1276817025375776,385,385,1.897594891488552,447.8995361328125,3.01845121383667,
partsupp_yfcc_wiki_1,4way,B3,0.3,0.1,663176,238724,216308.90566558467,1.1036253882633444,385,385,1.8801242113113403,408.12274169921875,2.7545394897460938,
partsupp_yfcc_wiki_1,4way,B3,0.3,0.1,763999,239427,258150.6175176843,1.0782017797394792,385,385,1.8697138875722885,434.49395751953125,3.168591022491455,
partsupp_yfcc_wiki_1,4way,B3,0.3,0.1,782168,238518,237044.7043853793,1.0062152648313352,385,385,1.901230774819851,416.7886047363281,2.863349199295044,
partsupp_yfcc_wiki_1,4way,B3,0.3,0.1,673362,240710,237127.37319369076,1.0151084489237052,385,385,1.7666732892394066,424.4129333496094,3.1067605018615723,
partsupp_yfcc_wiki_1,4way,B3,0.3,0.1,83904,238675,243641.610236781,1.0208090928533822,385,385,1.415749080479145,398.8899230957031,3.23327898979187,
partsupp_yfcc_wiki_1,4way,B3,0.3,0.1,695261,239523,219086.9391385931,1.0932783165521298,385,385,1.3979822397232056,376.3761291503906,2.9276514053344727,
partsupp_yfcc_wiki_1,4way,B3,0.3,0.1,386245,241633,239815.77635976902,1.007577581707989,385,385,1.4139125123620033,423.1973571777344,3.1456527709960938,
partsupp_yfcc_wiki_1,4way,B3,0.3,0.1,69504,240554,253121.7560276674,1.0522450511222736,385,385,1.4116736128926277,422.7126770019531,3.4792094230651855,
partsupp_yfcc_wiki_1,4way,B3,0.3,0.1,681535,238526,287069.169743205,1.2035131169902025,385,385,1.454225741326809,418.3903503417969,3.5131537914276123,
partsupp_yfcc_wiki_1,4way,B3,0.3,0.1,696279,239325,232846.79476697402,1.0278217496595097,385,385,1.4087045565247536,429.7052307128906,3.1599717140197754,
partsupp_yfcc_wiki_1,4way,B3,0.3,0.1,340223,242088,258661.65477257106,1.0684612817346215,385,385,1.39722041785717,433.58294677734375,3.186086893081665,
partsupp_yfcc_wiki_1,4way,B3,0.3,0.1,690943,240499,224267.26202882608,1.0723767607645185,385,385,1.4028633013367653,444.6061096191406,3.3907504081726074,
partsupp_yfcc_wiki_1,4way,B3,0.3,0.1,636616,240470,241234.3039318742,1.0031783753976553,385,385,1.407841220498085,429.5113525390625,3.1242752075195312,
partsupp_yfcc_wiki_1,4way,B3,0.3,0.1,48106,239317,222414.52518414627,1.075995373062346,385,385,1.3887714594602585,440.9126892089844,3.2600338459014893,
partsupp_yfcc_wiki_1,4way,B3,0.3,0.1,352770,241032,277122.23807459447,1.149732143759312,385,385,1.3958737254142761,418.4549865722656,3.3219220638275146,
partsupp_yfcc_wiki_1,4way,B3,0.3,0.1,536954,239122,203372.4175449628,1.1757838299145629,385,385,1.4197686687111855,446.292236328125,3.3249423503875732,
partsupp_yfcc_wiki_1,4way,B3,0.3,0.1,752067,240544,231266.82857542284,1.0401145788253485,385,385,1.3991910964250565,415.6813659667969,2.98663592338562,
partsupp_yfcc_wiki_1,4way,B3,0.3,0.1,602570,239333,254068.94895723183,1.0615709031233964,385,385,1.4052968472242355,423.0763244628906,3.009899854660034,
partsupp_yfcc_wiki_1,4way,B3,0.3,0.1,345404,241268,240791.92858716694,1.0019771070219272,385,385,1.413131132721901,418.1437072753906,3.121225357055664,
partsupp_yfcc_wiki_1,4way,B3,0.3,0.1,628777,239296,243510.49164800206,1.0176120438620038,385,385,1.3870904222130775,421.3739318847656,3.125771999359131,
partsupp_yfcc_wiki_1,4way,B3,0.3,0.1,137071,239343,267788.21504055994,1.1188470731985474,385,385,1.4100046828389168,432.3690490722656,3.0246407985687256,
partsupp_yfcc_wiki_1,4way,B3,0.3,0.1,296404,238282,220175.09773189004,1.082238647579296,385,385,1.412695273756981,432.2679443359375,3.5045063495635986,
partsupp_yfcc_wiki_1,4way,B3,0.3,0.1,703153,240825,219344.68262876198,1.0979295103660807,385,385,1.4071380719542503,424.7870178222656,3.4914815425872803,
partsupp_yfcc_wiki_1,4way,B3,0.3,0.1,438962,239228,204201.70901073818,1.1715279032626507,385,385,1.4069350436329842,413.8764953613281,2.8561418056488037,
partsupp_yfcc_wiki_1,4way,B3,0.3,0.1,33248,238493,195372.2394904456,1.2207107858415227,385,385,1.4221062883734703,408.7879333496094,2.670750141143799,
partsupp_yfcc_wiki_1,4way,B3,0.3,0.1,779894,240258,228633.28590034606,1.0508443643884853,385,385,1.4009680598974228,406.853271484375,2.8263583183288574,
partsupp_yfcc_wiki_1,4way,B3,0.3,0.1,304120,239418,249791.26106425133,1.0433269890494923,385,385,1.411575824022293,407.2272033691406,3.010188102722168,
partsupp_yfcc_wiki_1,4way,B3,0.3,0.1,73745,238502,205584.7943394918,1.1601149820747465,385,385,1.400836743414402,427.8609619140625,2.8961117267608643,
partsupp_yfcc_wiki_1,4way,B3,0.3,0.1,516733,239367,249251.55168236344,1.0412945463759142,385,385,1.3867923989892006,382.1219177246094,3.2464287281036377,
partsupp_yfcc_wiki_1,4way,B3,0.3,0.1,181346,241147,247493.3230115524,1.026317238081139,385,385,1.408010721206665,478.6587219238281,3.5127456188201904,
partsupp_yfcc_wiki_1,4way,B3,0.3,0.1,620747,240595,238988.32300468153,1.0067228263503358,385,385,1.4077723026275635,397.3721008300781,3.2536380290985107,
partsupp_yfcc_wiki_1,4way,B3,0.3,0.1,738510,241221,227752.36421777098,1.0591371941559766,385,385,1.4041848480701447,425.9847412109375,2.9687752723693848,
partsupp_yfcc_wiki_1,4way,B3,0.3,0.1,111011,239273,211977.24608773107,1.1287673767635042,385,385,1.4167092740535736,417.3077392578125,3.0964415073394775,
partsupp_yfcc_wiki_1,4way,B3,0.3,0.1,426052,240433,245260.35388508832,1.0200777509122638,385,385,1.3989796862006187,414.2445983886719,3.0850300788879395,
partsupp_yfcc_wiki_1,4way,B3,0.3,0.1,724169,241862,205799.27229233357,1.175232532680874,385,385,1.3943668454885483,436.5622253417969,3.0649054050445557,
partsupp_yfcc_wiki_1,4way,B3,0.3,0.1,588630,240781,247196.448040593,1.0266443284170803,385,385,1.399288885295391,441.3742370605469,3.2115602493286133,
partsupp_yfcc_wiki_1,4way,B3,0.3,0.1,790256,241473,187663.67564298306,1.2867327636669836,385,385,1.3910075649619102,460.1905517578125,2.92677640914917,
partsupp_yfcc_wiki_1,4way,B3,0.3,0.1,201003,239312,268767.2493328784,1.1230830436120145,385,385,1.3924557715654373,442.0690002441406,3.108808755874634,
partsupp_yfcc_wiki_1,4way,B3,0.3,0.1,6443,239086,253225.526363708,1.059139917702032,385,385,1.4082128182053566,425.3052978515625,3.1072123050689697,
partsupp_yfcc_wiki_1,4way,B3,0.3,0.1,642763,240583,232987.72423235292,1.0325994676014454,385,385,1.3931803405284882,415.4331970214844,3.0508289337158203,
partsupp_yfcc_wiki_1,4way,B3,0.3,0.1,193392,239823,212443.25824908892,1.1288802571405134,385,385,1.4080042019486427,395.172119140625,3.203829765319824,
partsupp_yfcc_wiki_1,4way,B3,0.3,0.1,203755,241216,237131.75277695287,1.017223535756887,385,385,1.4105960726737976,410.82720947265625,3.1911702156066895,
partsupp_yfcc_wiki_1,4way,B3,0.3,0.1,94462,241365,208289.03826395297,1.1587983794621575,385,385,1.3982607051730156,435.7070007324219,3.1797454357147217,
partsupp_yfcc_wiki_1,4way,B3,0.3,0.1,590890,240063,239418.22784593652,1.0026930788013284,385,385,1.4092745259404182,411.1960144042969,3.2003183364868164,
partsupp_yfcc_wiki_1,4way,B3,0.3,0.1,783383,238648,245190.46666075086,1.0274147139751888,385,385,1.4277072623372078,436.21392822265625,3.1497702598571777,
partsupp_yfcc_wiki_1,4way,B3,0.3,0.1,737605,241848,226871.61811638298,1.0660125845972248,385,385,1.3965805992484093,398.2601623535156,3.21191143989563,
partsupp_yfcc_wiki_1,4way,B3,0.3,0.1,516560,239738,230302.8330447056,1.0409685231855696,385,385,1.4072684571146965,419.1053771972656,3.3689675331115723,
partsupp_yfcc_wiki_1,4way,B3,0.3,0.1,137642,240134,230799.2578336823,1.0404452867567038,385,385,1.408127136528492,401.0089416503906,3.1390323638916016,
partsupp_yfcc_wiki_1,4way,B3,0.3,0.1,37803,240623,230846.02849971043,1.0423527819119567,385,385,1.412196084856987,419.6958312988281,3.166006565093994,
partsupp_yfcc_wiki_1,4way,B3,0.3,0.1,254800,239612,249186.93242167326,1.0399601540059482,385,385,1.3882294297218323,404.8648986816406,3.1417458057403564,
partsupp_yfcc_wiki_1,4way,B3,0.3,0.1,605930,238863,257807.6921670145,1.0793119577624601,385,385,1.3951947912573814,413.02581787109375,2.994133234024048,
partsupp_yfcc_wiki_1,4way,B3,0.3,0.1,209329,239031,240969.20838516083,1.0081086067713427,385,385,1.420830376446247,423.5936584472656,3.0829358100891113,
partsupp_yfcc_wiki_1,4way,B3,0.3,0.1,766585,239714,238841.78631453475,1.0036518471031557,385,385,1.3980930671095848,408.5493469238281,3.306943655014038,
partsupp_yfcc_wiki_1,4way,B3,0.3,0.1,488782,239153,254136.88971036556,1.0626539901668202,385,385,1.4034751802682877,481.4966125488281,3.3307135105133057,
partsupp_yfcc_wiki_1,4way,B3,0.3,0.1,374559,238234,226787.86396568856,1.0504706726107846,385,385,1.394416205585003,402.8977355957031,3.3245937824249268,
partsupp_yfcc_wiki_1,4way,B3,0.3,0.1,111780,238501,274042.9173934773,1.1490220896074954,385,385,1.4264453202486038,428.5323791503906,3.373533010482788,
partsupp_yfcc_wiki_1,4way,B3,0.3,0.1,178188,239073,234327.8073925281,1.020250232613337,385,385,1.389242708683014,413.9275207519531,3.3087639808654785,
partsupp_yfcc_wiki_1,4way,B3,0.3,0.1,539857,240173,253462.55956527797,1.055333278783535,385,385,1.3975650072097778,416.9714050292969,3.136941432952881,
partsupp_yfcc_wiki_1,4way,B3,0.3,0.1,781264,238584,249777.86148768105,1.0469179051725221,385,385,1.4131134375929832,412.2523498535156,2.9334139823913574,
partsupp_yfcc_wiki_1,4way,B3,0.3,0.1,771184,239728,234665.01519405222,1.021575371180749,385,385,1.4033038169145584,425.8616638183594,3.119675874710083,
partsupp_yfcc_wiki_1,4way,B3,0.3,0.1,140785,238543,241190.2420057271,1.0110975463783347,385,385,1.4079101383686066,414.0555419921875,3.075209140777588,
partsupp_yfcc_wiki_1,4way,B3,0.3,0.1,2505,242348,262231.15899550996,1.082043833642159,385,385,1.4096004888415337,410.19384765625,3.1343371868133545,
partsupp_yfcc_wiki_1,4way,B3,0.3,0.1,526089,240113,249536.81225319544,1.0392474054016043,385,385,1.4038188382983208,424.7865295410156,3.0387539863586426,
partsupp_yfcc_wiki_1,4way,B3,0.3,0.1,608072,240188,207680.4074682642,1.1565270067023694,385,385,1.4102095738053322,394.3855895996094,3.3516080379486084,
partsupp_yfcc_wiki_1,4way,B3,0.3,0.1,224837,239576,216382.4885787128,1.1071875620510305,385,385,1.3834163546562195,429.3984069824219,3.4280149936676025,
partsupp_yfcc_wiki_1,4way,B3,0.3,0.1,386133,240238,218669.45637999676,1.0986353740346897,385,385,1.390106976032257,406.8495788574219,3.221763849258423,
partsupp_yfcc_wiki_1,4way,B3,0.3,0.1,487850,240657,239182.01771477232,1.0061667774999148,385,385,1.407942734658718,440.60479736328125,2.8483076095581055,
partsupp_yfcc_wiki_1,4way,B3,0.3,0.1,340195,238201,222208.03536443965,1.0719729356741332,385,385,1.3858508318662643,429.46661376953125,3.2380805015563965,
partsupp_yfcc_wiki_1,4way,B3,0.3,0.1,122774,238182,228454.45352116573,1.0425798067356697,385,385,1.4035068452358246,383.14825439453125,2.8582229614257812,
partsupp_yfcc_wiki_1,4way,B3,0.3,0.1,690833,238731,245037.77242625525,1.0264179031054,385,385,1.3975230976939201,419.6947326660156,3.3686435222625732,
partsupp_yfcc_wiki_1,4way,B3,0.3,0.1,686759,239028,253238.5982508606,1.0594516050456875,385,385,1.3909777626395226,386.7430114746094,3.4815328121185303,
partsupp_yfcc_wiki_1,4way,B3,0.3,0.1,154430,240095,243213.0807562124,1.0129868625178051,385,385,1.4096591621637344,410.4521789550781,2.9615893363952637,
partsupp_yfcc_wiki_1,4way,B3,0.3,0.1,630926,239492,235274.46050977573,1.017926040425663,385,385,1.4701290056109428,415.25244140625,3.386004686355591,
partsupp_yfcc_wiki_1,4way,B3,0.3,0.1,255248,239192,247026.75026646192,1.0327550681731075,385,385,1.4467593282461166,423.3128356933594,3.1301348209381104,
partsupp_yfcc_wiki_1,4way,B3,0.3,0.1,48107,239649,260556.27147898066,1.0872412214487883,385,385,1.4564283192157745,456.1448974609375,3.2600338459014893,
partsupp_yfcc_wiki_1,4way,B3,0.3,0.1,717611,238414,245276.5415170158,1.028784138167288,385,385,1.8672384321689606,418.3584899902344,2.774536371231079,
partsupp_yfcc_wiki_1,4way,B3,0.3,0.1,559097,238490,259824.94161878337,1.0894584327174446,385,385,1.7615510150790215,439.0888366699219,3.3397130966186523,
partsupp_yfcc_wiki_1,4way,B3,0.3,0.1,527854,241647,239476.61210133674,1.0090630474500986,385,385,1.9518304616212845,422.574951171875,3.1289029121398926,
partsupp_yfcc_wiki_1,4way,B3,0.3,0.1,692258,239457,232857.5494441701,1.0283411492201253,385,385,1.7745532095432281,402.27850341796875,3.7014622688293457,
partsupp_yfcc_wiki_1,4way,B3,0.3,0.1,344709,240479,224961.77683867794,1.0689771541609472,385,385,1.8383068963885307,416.7320251464844,3.0800623893737793,
partsupp_yfcc_wiki_1,4way,B3,0.3,0.1,414737,240841,210209.00929997722,1.1457215882517653,385,385,1.762019470334053,407.9644470214844,3.3149447441101074,
partsupp_yfcc_wiki_1,4way,B3,0.3,0.1,362610,240086,240011.0872175143,1.0003121221746636,385,385,1.7506899312138557,451.0261535644531,3.2579312324523926,
partsupp_yfcc_wiki_1,4way,B3,0.3,0.1,129857,240673,258648.69570379262,1.0746892908792953,385,385,1.726255752146244,433.4189758300781,3.086696147918701,
partsupp_yfcc_wiki_1,4way,B3,0.3,0.1,210898,240545,226504.96252445562,1.0619855623429375,385,385,1.7219046130776405,420.5545654296875,2.8536884784698486,
partsupp_yfcc_wiki_1,4way,B3,0.3,0.1,793779,239767,282952.10053986666,1.1801127784051462,385,385,1.3914098963141441,393.6427001953125,2.997621774673462,
partsupp_yfcc_wiki_1,4way,B3,0.3,0.1,634727,240357,245327.36790056396,1.0206791060820528,385,385,1.6014967113733292,415.6064758300781,2.794663429260254,
partsupp_yfcc_wiki_1,4way,B3,0.3,0.1,351141,240218,248054.215804313,1.0326212681993563,385,385,1.8687881529331207,405.8410949707031,3.0803444385528564,
partsupp_yfcc_wiki_1,4way,B3,0.3,0.1,611020,241641,255367.58092732972,1.056805678371343,385,385,1.6661016270518303,442.6332092285156,2.904170274734497,
partsupp_yfcc_wiki_1,4way,B3,0.3,0.2,145860,240999,240274.00609379806,1.0030173630430872,385,385,1.8143299967050552,424.551025390625,3.1162526607513428,
partsupp_yfcc_wiki_1,4way,B3,0.3,0.2,359095,240414,222257.7643767643,1.0816899948316667,385,385,1.7928360030055046,457.84295654296875,2.8506760597229004,
partsupp_yfcc_wiki_1,4way,B3,0.3,0.2,286093,240431,253232.84604097772,1.0532454052970612,385,385,1.6850018873810768,430.0592956542969,2.8322665691375732,
partsupp_yfcc_wiki_1,4way,B3,0.3,0.2,781121,239340,252147.4079096899,1.0535113558523017,385,385,1.8540732562541962,442.4676208496094,2.9669148921966553,
partsupp_yfcc_wiki_1,4way,B3,0.3,0.2,142780,239878,219660.1646106118,1.0920414287462092,385,385,1.641380600631237,413.254150390625,3.127220392227173,
partsupp_yfcc_wiki_1,4way,B3,0.3,0.2,428790,240501,234250.81895089798,1.0266815760862382,385,385,1.8808534368872643,431.5230712890625,2.7914769649505615,
partsupp_yfcc_wiki_1,4way,B3,0.3,0.2,322723,241524,257083.07516970867,1.0644204102685806,385,385,1.6584387049078941,433.58428955078125,3.2379202842712402,
partsupp_yfcc_wiki_1,4way,B3,0.3,0.2,588557,239504,210470.22436416498,1.1379471881286138,385,385,1.8471842631697655,408.18133544921875,3.222794771194458,
partsupp_yfcc_wiki_1,4way,B3,0.3,0.2,263638,238982,216175.48894840063,1.1054999859722445,385,385,1.6284603625535965,422.840576171875,3.473875045776367,
partsupp_yfcc_wiki_1,4way,B3,0.3,0.2,693614,240682,222873.28628584457,1.0799051066681675,385,385,1.8306095153093338,443.9696044921875,2.864917039871216,
partsupp_yfcc_wiki_1,4way,B3,0.3,0.2,546912,239028,234640.4618564629,1.0186989835803388,385,385,1.6323160380125046,410.3951416015625,3.3955962657928467,
partsupp_yfcc_wiki_1,4way,B3,0.3,0.2,444449,239588,257820.0510009492,1.0760975132350084,385,385,1.8851934000849724,447.8995361328125,3.01845121383667,
partsupp_yfcc_wiki_1,4way,B3,0.3,0.2,663176,238724,221001.4362160762,1.0801920751618836,385,385,1.6461675986647606,408.12274169921875,2.7545394897460938,
partsupp_yfcc_wiki_1,4way,B3,0.3,0.2,763999,239427,203718.8755785445,1.1752813740015373,385,385,1.8293289467692375,434.49395751953125,3.168591022491455,
partsupp_yfcc_wiki_1,4way,B3,0.3,0.2,782168,238518,228643.09228933672,1.043189180183791,385,385,1.6960706561803818,416.7886047363281,2.863349199295044,
partsupp_yfcc_wiki_1,4way,B3,0.3,0.2,673362,240710,245280.24022175322,1.0189864991971802,385,385,1.8539391458034515,424.4129333496094,3.1067605018615723,
partsupp_yfcc_wiki_1,4way,B3,0.3,0.2,83904,238675,264240.1897606334,1.1071129768959187,385,385,1.6735848039388657,398.8899230957031,3.23327898979187,
partsupp_yfcc_wiki_1,4way,B3,0.3,0.2,695261,239523,227520.73314378952,1.0527524093754799,385,385,1.8777986988425255,376.3761291503906,2.9276514053344727,
partsupp_yfcc_wiki_1,4way,B3,0.3,0.2,386245,241633,243952.43356891075,1.0095989933862957,385,385,1.676294021308422,423.1973571777344,3.1456527709960938,
partsupp_yfcc_wiki_1,4way,B3,0.3,0.2,69504,240554,253536.9313146645,1.0539709641688124,385,385,1.8915720283985138,422.7126770019531,3.4792094230651855,
partsupp_yfcc_wiki_1,4way,B3,0.3,0.2,681535,238526,274092.15641522035,1.1491080905864366,385,385,1.6540372744202614,418.3903503417969,3.5131537914276123,
partsupp_yfcc_wiki_1,4way,B3,0.3,0.2,696279,239325,207431.7710111125,1.1537528645367394,385,385,1.803005114197731,429.7052307128906,3.1599717140197754,
partsupp_yfcc_wiki_1,4way,B3,0.3,0.2,340223,242088,269431.68446406553,1.1129493591754467,385,385,1.7132274806499481,433.58294677734375,3.186086893081665,
partsupp_yfcc_wiki_1,4way,B3,0.3,0.2,690943,240499,236907.8795952543,1.015158298706151,385,385,1.7383778467774391,444.6061096191406,3.3907504081726074,
partsupp_yfcc_wiki_1,4way,B3,0.3,0.2,636616,240470,250161.90516596392,1.0403040095062333,385,385,1.8257517367601395,429.5113525390625,3.1242752075195312,
partsupp_yfcc_wiki_1,4way,B3,0.3,0.2,48106,239317,253459.30421223686,1.0590944404795182,385,385,1.6717063263058662,440.9126892089844,3.2600338459014893,
partsupp_yfcc_wiki_1,4way,B3,0.3,0.2,352770,241032,241630.67410700308,1.0024837951268009,385,385,1.8403325229883194,418.4549865722656,3.3219220638275146,
partsupp_yfcc_wiki_1,4way,B3,0.3,0.2,536954,239122,231373.7478529401,1.0334880349173607,385,385,1.7182109877467155,446.292236328125,3.3249423503875732,
partsupp_yfcc_wiki_1,4way,B3,0.3,0.2,752067,240544,250265.94099129926,1.0404164767830386,385,385,1.7578266561031342,415.6813659667969,2.98663592338562,
partsupp_yfcc_wiki_1,4way,B3,0.3,0.2,602570,239333,230423.62538892432,1.038665195880144,385,385,1.7624730244278908,423.0763244628906,3.009899854660034,
partsupp_yfcc_wiki_1,4way,B3,0.3,0.2,345404,241268,261703.8462228205,1.0847018511481858,385,385,1.7588799819350243,418.1437072753906,3.121225357055664,
partsupp_yfcc_wiki_1,4way,B3,0.3,0.2,628777,239296,278672.31559050013,1.1645506635735663,385,385,1.8078209832310677,421.3739318847656,3.125771999359131,
partsupp_yfcc_wiki_1,4way,B3,0.3,0.2,137071,239343,247363.42704726828,1.033510180148441,385,385,1.7626015469431877,432.3690490722656,3.0246407985687256,
partsupp_yfcc_wiki_1,4way,B3,0.3,0.2,296404,238282,249168.68916509673,1.0456882566249097,385,385,1.8498068675398827,432.2679443359375,3.5045063495635986,
partsupp_yfcc_wiki_1,4way,B3,0.3,0.2,703153,240825,249725.2238361227,1.0369572255211157,385,385,4.15133498609066,424.7870178222656,3.4914815425872803,
partsupp_yfcc_wiki_1,4way,B3,0.3,0.2,438962,239228,275094.3187802356,1.1499252544862457,385,385,3.2503968104720116,413.8764953613281,2.8561418056488037,
partsupp_yfcc_wiki_1,4way,B3,0.3,0.2,33248,238493,226866.48685239788,1.051248261957556,385,385,3.055897541344166,408.7879333496094,2.670750141143799,
partsupp_yfcc_wiki_1,4way,B3,0.3,0.2,779894,240258,247614.02250642015,1.0306171803079196,385,385,2.9143579304218292,406.853271484375,2.8263583183288574,
partsupp_yfcc_wiki_1,4way,B3,0.3,0.2,304120,239418,219717.10675581804,1.0896648127907331,385,385,2.971750684082508,407.2272033691406,3.010188102722168,
partsupp_yfcc_wiki_1,4way,B3,0.3,0.2,73745,238502,245330.88220766274,1.0286323896976242,385,385,2.7175256982445717,427.8609619140625,2.8961117267608643,
partsupp_yfcc_wiki_1,4way,B3,0.3,0.2,516733,239367,211522.38730795367,1.1316390810751753,385,385,2.688450738787651,382.1219177246094,3.2464287281036377,
partsupp_yfcc_wiki_1,4way,B3,0.3,0.2,181346,241147,243204.43676031308,1.0085318779015002,385,385,2.483721822500229,478.6587219238281,3.5127456188201904,
partsupp_yfcc_wiki_1,4way,B3,0.3,0.2,620747,240595,247623.74533664275,1.0292140124966966,385,385,2.4344148114323616,397.3721008300781,3.2536380290985107,
partsupp_yfcc_wiki_1,4way,B3,0.3,0.2,738510,241221,258255.01631058656,1.0706158100272636,385,385,2.3403149098157883,425.9847412109375,2.9687752723693848,
partsupp_yfcc_wiki_1,4way,B3,0.3,0.2,111011,239273,216749.28730075093,1.1039159712114588,385,385,2.3335739970207214,417.3077392578125,3.0964415073394775,
partsupp_yfcc_wiki_1,4way,B3,0.3,0.2,426052,240433,245535.66689262632,1.021222822543604,385,385,2.2568823769688606,414.2445983886719,3.0850300788879395,
partsupp_yfcc_wiki_1,4way,B3,0.3,0.2,724169,241862,205641.9175641252,1.1761318065154702,385,385,2.182597294449806,436.5622253417969,3.0649054050445557,
partsupp_yfcc_wiki_1,4way,B3,0.3,0.2,588630,240781,234045.72711340158,1.0287775938901675,385,385,2.22576130181551,441.3742370605469,3.2115602493286133,
partsupp_yfcc_wiki_1,4way,B3,0.3,0.2,790256,241473,264540.33943629696,1.0955276135894985,385,385,2.1714745089411736,460.1905517578125,2.92677640914917,
partsupp_yfcc_wiki_1,4way,B3,0.3,0.2,201003,239312,238957.61734930068,1.0014830355886135,385,385,2.1584713831543922,442.0690002441406,3.108808755874634,
partsupp_yfcc_wiki_1,4way,B3,0.3,0.2,6443,239086,259402.9123243509,1.0849774237067453,385,385,2.0949384197592735,425.3052978515625,3.1072123050689697,
partsupp_yfcc_wiki_1,4way,B3,0.3,0.2,642763,240583,228895.29991921273,1.0510613371480864,385,385,1.674584113061428,415.4331970214844,3.0508289337158203,
partsupp_yfcc_wiki_1,4way,B3,0.3,0.2,193392,239823,246923.13629160682,1.029605735444919,385,385,1.986529678106308,395.172119140625,3.203829765319824,
partsupp_yfcc_wiki_1,4way,B3,0.3,0.2,203755,241216,243747.65533443555,1.0104953872646738,385,385,2.0586755126714706,410.82720947265625,3.1911702156066895,
partsupp_yfcc_wiki_1,4way,B3,0.3,0.2,94462,241365,257436.37587131187,1.0665853618847467,385,385,2.013075165450573,435.7070007324219,3.1797454357147217,
partsupp_yfcc_wiki_1,4way,B3,0.3,0.2,590890,240063,188898.6549299683,1.27085605818104,385,385,1.9984440878033638,411.1960144042969,3.2003183364868164,
partsupp_yfcc_wiki_1,4way,B3,0.3,0.2,783383,238648,257279.92080097212,1.0780728135202144,385,385,2.0372774451971054,436.21392822265625,3.1497702598571777,
partsupp_yfcc_wiki_1,4way,B3,0.3,0.2,737605,241848,241315.04276125485,1.0022085537339354,385,385,2.016313374042511,398.2601623535156,3.21191143989563,
partsupp_yfcc_wiki_1,4way,B3,0.3,0.2,516560,239738,228824.02761793882,1.0476959194175357,385,385,1.9774939864873886,419.1053771972656,3.3689675331115723,
partsupp_yfcc_wiki_1,4way,B3,0.3,0.2,137642,240134,234959.81376234558,1.0220215795833407,385,385,1.943366602063179,401.0089416503906,3.1390323638916016,
partsupp_yfcc_wiki_1,4way,B3,0.3,0.2,37803,240623,239137.21693949867,1.006213098402317,385,385,1.8722396343946457,419.6958312988281,3.166006565093994,
partsupp_yfcc_wiki_1,4way,B3,0.3,0.2,254800,239612,201708.9790971409,1.1879094380057589,385,385,1.8815221264958382,404.8648986816406,3.1417458057403564,
partsupp_yfcc_wiki_1,4way,B3,0.3,0.2,605930,238863,241588.38993587118,1.0114098455427218,385,385,1.896803267300129,413.02581787109375,2.994133234024048,
partsupp_yfcc_wiki_1,4way,B3,0.3,0.2,209329,239031,237254.16980393455,1.0074891421193306,385,385,1.9872244447469711,423.5936584472656,3.0829358100891113,
partsupp_yfcc_wiki_1,4way,B3,0.3,0.2,766585,239714,247359.112782818,1.0318926419934504,385,385,1.9000405445694923,408.5493469238281,3.306943655014038,
partsupp_yfcc_wiki_1,4way,B3,0.3,0.2,488782,239153,249744.64945450073,1.0442881730712168,385,385,1.946781761944294,481.4966125488281,3.3307135105133057,
partsupp_yfcc_wiki_1,4way,B3,0.3,0.2,374559,238234,241465.0452873206,1.0135624859899115,385,385,1.8694661557674408,402.8977355957031,3.3245937824249268,
partsupp_yfcc_wiki_1,4way,B3,0.3,0.2,111780,238501,222707.34566008596,1.0709166295934378,385,385,1.8140040338039398,428.5323791503906,3.373533010482788,
partsupp_yfcc_wiki_1,4way,B3,0.3,0.2,178188,239073,222385.83538386403,1.075036994093315,385,385,1.8590567633509636,413.9275207519531,3.3087639808654785,
partsupp_yfcc_wiki_1,4way,B3,0.3,0.2,539857,240173,224640.08895059855,1.0691457661095272,385,385,1.7394442111253738,416.9714050292969,3.136941432952881,
partsupp_yfcc_wiki_1,4way,B3,0.3,0.2,781264,238584,211046.44226817627,1.130481032685838,385,385,1.5042591840028763,412.2523498535156,2.9334139823913574,
partsupp_yfcc_wiki_1,4way,B3,0.3,0.2,771184,239728,238900.1284554539,1.0034653457488636,385,385,1.4618048444390297,425.8616638183594,3.119675874710083,
partsupp_yfcc_wiki_1,4way,B3,0.3,0.2,140785,238543,237425.76593345168,1.0047056142460187,385,385,1.4795316383242607,414.0555419921875,3.075209140777588,
partsupp_yfcc_wiki_1,4way,B3,0.3,0.2,2505,242348,232333.78731797877,1.0431026963302392,385,385,1.4351336285471916,410.19384765625,3.1343371868133545,
partsupp_yfcc_wiki_1,4way,B3,0.3,0.2,526089,240113,210075.01796425186,1.1429869307013918,385,385,1.4715055003762245,424.7865295410156,3.0387539863586426,
partsupp_yfcc_wiki_1,4way,B3,0.3,0.2,608072,240188,232777.73555437662,1.0318340773784713,385,385,1.4309678226709366,394.3855895996094,3.3516080379486084,
partsupp_yfcc_wiki_1,4way,B3,0.3,0.2,224837,239576,208051.11085787436,1.1515247335721326,385,385,1.4591393992304802,429.3984069824219,3.4280149936676025,
partsupp_yfcc_wiki_1,4way,B3,0.3,0.2,386133,240238,252985.97681772365,1.0530639483250928,385,385,1.4317426830530167,406.8495788574219,3.221763849258423,
partsupp_yfcc_wiki_1,4way,B3,0.3,0.2,487850,240657,234953.2448617283,1.0242761283915376,385,385,1.4357101172208786,440.60479736328125,2.8483076095581055,
partsupp_yfcc_wiki_1,4way,B3,0.3,0.2,340195,238201,236411.60025425843,1.0075690014526237,385,385,1.451004296541214,429.46661376953125,3.2380805015563965,
partsupp_yfcc_wiki_1,4way,B3,0.3,0.2,122774,238182,228493.1550066827,1.0424032176939126,385,385,1.4352770522236824,383.14825439453125,2.8582229614257812,
partsupp_yfcc_wiki_1,4way,B3,0.3,0.2,690833,238731,239216.7525539397,1.0020347275969175,385,385,1.416277140378952,419.6947326660156,3.3686435222625732,
partsupp_yfcc_wiki_1,4way,B3,0.3,0.2,686759,239028,255566.11911856686,1.0691890452941364,385,385,1.4230795204639435,386.7430114746094,3.4815328121185303,
partsupp_yfcc_wiki_1,4way,B3,0.3,0.2,154430,240095,249682.50567335795,1.0399321338360148,385,385,1.4419499784708023,410.4521789550781,2.9615893363952637,
partsupp_yfcc_wiki_1,4way,B3,0.3,0.2,630926,239492,197457.03274678046,1.2128815908376651,385,385,1.4057671651244164,415.25244140625,3.386004686355591,
partsupp_yfcc_wiki_1,4way,B3,0.3,0.2,255248,239192,232413.4089156158,1.0291660929376298,385,385,1.4189546927809715,423.3128356933594,3.1301348209381104,
partsupp_yfcc_wiki_1,4way,B3,0.3,0.2,48107,239649,228124.20462681548,1.0505198270917273,385,385,1.4606043696403503,456.1448974609375,3.2600338459014893,
partsupp_yfcc_wiki_1,4way,B3,0.3,0.2,717611,238414,226677.52553465342,1.0517760833927594,385,385,1.4910809695720673,418.3584899902344,2.774536371231079,
partsupp_yfcc_wiki_1,4way,B3,0.3,0.2,559097,238490,234934.22845619434,1.015135178756929,385,385,1.5146071091294289,439.0888366699219,3.3397130966186523,
partsupp_yfcc_wiki_1,4way,B3,0.3,0.2,527854,241647,246034.9602525559,1.0181585546377812,385,385,1.714884303510189,422.574951171875,3.1289029121398926,
partsupp_yfcc_wiki_1,4way,B3,0.3,0.2,692258,239457,235664.4787369121,1.01609288461042,385,385,1.60164013504982,402.27850341796875,3.7014622688293457,
partsupp_yfcc_wiki_1,4way,B3,0.3,0.2,344709,240479,226336.19483662836,1.0624858307509324,385,385,1.573704183101654,416.7320251464844,3.0800623893737793,
partsupp_yfcc_wiki_1,4way,B3,0.3,0.2,414737,240841,224763.47279361438,1.0715308720165067,385,385,1.6363607719540596,407.9644470214844,3.3149447441101074,
partsupp_yfcc_wiki_1,4way,B3,0.3,0.2,362610,240086,256026.61728677302,1.0663954469930483,385,385,1.710774376988411,451.0261535644531,3.2579312324523926,
partsupp_yfcc_wiki_1,4way,B3,0.3,0.2,129857,240673,234967.87292975152,1.0242804558730212,385,385,1.7589153721928596,433.4189758300781,3.086696147918701,
partsupp_yfcc_wiki_1,4way,B3,0.3,0.2,210898,240545,233247.2355335745,1.031287678285795,385,385,1.7169350758194923,420.5545654296875,2.8536884784698486,
partsupp_yfcc_wiki_1,4way,B3,0.3,0.2,793779,239767,255442.2504939718,1.0653770139092194,385,385,1.7174109816551208,393.6427001953125,2.997621774673462,
partsupp_yfcc_wiki_1,4way,B3,0.3,0.2,634727,240357,270202.6318689097,1.1241720934647617,385,385,1.659977249801159,415.6064758300781,2.794663429260254,
partsupp_yfcc_wiki_1,4way,B3,0.3,0.2,351141,240218,241506.1325228111,1.0053623480455716,385,385,1.619662158191204,405.8410949707031,3.0803444385528564,
partsupp_yfcc_wiki_1,4way,B3,0.3,0.2,611020,241641,236840.32906160955,1.020269651530258,385,385,1.62595696747303,442.6332092285156,2.904170274734497,
partsupp_yfcc_wiki_1,4way,B3,0.3,0.3,145860,240999,227010.91373936666,1.0616185628709163,385,385,1.764911226928234,424.551025390625,3.1162526607513428,
partsupp_yfcc_wiki_1,4way,B3,0.3,0.3,359095,240414,215917.49328058367,1.1134530896372683,385,385,1.6432879492640495,457.84295654296875,2.8506760597229004,
partsupp_yfcc_wiki_1,4way,B3,0.3,0.3,286093,240431,251699.21272595125,1.0468667215373693,385,385,1.6373666003346443,430.0592956542969,2.8322665691375732,
partsupp_yfcc_wiki_1,4way,B3,0.3,0.3,781121,239340,262271.1079570573,1.0958097599943901,385,385,1.637658104300499,442.4676208496094,2.9669148921966553,
partsupp_yfcc_wiki_1,4way,B3,0.3,0.3,142780,239878,178716.3872369045,1.3422272221853966,385,385,1.63985975086689,413.254150390625,3.127220392227173,
partsupp_yfcc_wiki_1,4way,B3,0.3,0.3,428790,240501,219612.05188004786,1.095117494423128,385,385,1.6421061009168625,431.5230712890625,2.7914769649505615,
partsupp_yfcc_wiki_1,4way,B3,0.3,0.3,322723,241524,245120.82906659812,1.0148922221667334,385,385,1.5992717817425728,433.58428955078125,3.2379202842712402,
partsupp_yfcc_wiki_1,4way,B3,0.3,0.3,588557,239504,236917.09304275634,1.0109190389094331,385,385,1.625584438443184,408.18133544921875,3.222794771194458,
partsupp_yfcc_wiki_1,4way,B3,0.3,0.3,263638,238982,222103.4025478371,1.075994321827319,385,385,1.6557425260543823,422.840576171875,3.473875045776367,
partsupp_yfcc_wiki_1,4way,B3,0.3,0.3,693614,240682,220734.44235833065,1.0903690308977125,385,385,1.6154060140252113,443.9696044921875,2.864917039871216,
partsupp_yfcc_wiki_1,4way,B3,0.3,0.3,546912,239028,228358.68745979664,1.0467217282551675,385,385,1.6237478703260422,410.3951416015625,3.3955962657928467,
partsupp_yfcc_wiki_1,4way,B3,0.3,0.3,444449,239588,227303.4593262993,1.0540446709878972,385,385,1.6392553225159645,447.8995361328125,3.01845121383667,
partsupp_yfcc_wiki_1,4way,B3,0.3,0.3,663176,238724,253695.54958020122,1.0627148907533437,385,385,1.6459589824080467,408.12274169921875,2.7545394897460938,
partsupp_yfcc_wiki_1,4way,B3,0.3,0.3,763999,239427,259739.83138575536,1.084839351392096,385,385,1.6787191852927208,434.49395751953125,3.168591022491455,
partsupp_yfcc_wiki_1,4way,B3,0.3,0.3,782168,238518,251106.3584948362,1.0527773941372818,385,385,1.6712024807929993,416.7886047363281,2.863349199295044,
partsupp_yfcc_wiki_1,4way,B3,0.3,0.3,673362,240710,235392.27965015153,1.0225908868283695,385,385,1.6781976446509361,424.4129333496094,3.1067605018615723,
partsupp_yfcc_wiki_1,4way,B3,0.3,0.3,83904,238675,238953.771729693,1.001167997191549,385,385,1.6500335186719894,398.8899230957031,3.23327898979187,
partsupp_yfcc_wiki_1,4way,B3,0.3,0.3,695261,239523,248030.31033899577,1.0355177178767625,385,385,1.6600443050265312,376.3761291503906,2.9276514053344727,
partsupp_yfcc_wiki_1,4way,B3,0.3,0.3,386245,241633,254241.9981251366,1.0521824342086412,385,385,1.652514562010765,423.1973571777344,3.1456527709960938,
partsupp_yfcc_wiki_1,4way,B3,0.3,0.3,69504,240554,262186.27173589816,1.089926884341554,385,385,1.6599399968981743,422.7126770019531,3.4792094230651855,
partsupp_yfcc_wiki_1,4way,B3,0.3,0.3,681535,238526,243295.9440342777,1.0199975853126186,385,385,1.6608787700533867,418.3903503417969,3.5131537914276123,
partsupp_yfcc_wiki_1,4way,B3,0.3,0.3,696279,239325,249314.60518184144,1.0417407507859247,385,385,1.681854948401451,429.7052307128906,3.1599717140197754,
partsupp_yfcc_wiki_1,4way,B3,0.3,0.3,340223,242088,238869.18055263913,1.0134752396266187,385,385,1.4261333271861076,433.58294677734375,3.186086893081665,
partsupp_yfcc_wiki_1,4way,B3,0.3,0.3,690943,240499,238672.28806154776,1.0076536407024395,385,385,1.6148844733834267,444.6061096191406,3.3907504081726074,
partsupp_yfcc_wiki_1,4way,B3,0.3,0.3,636616,240470,206587.8088469129,1.164008667027369,385,385,1.7033843323588371,429.5113525390625,3.1242752075195312,
partsupp_yfcc_wiki_1,4way,B3,0.3,0.3,48106,239317,242957.51222162764,1.0152120920019374,385,385,1.6669342294335365,440.9126892089844,3.2600338459014893,
partsupp_yfcc_wiki_1,4way,B3,0.3,0.3,352770,241032,231489.91573017434,1.0412203021445996,385,385,1.6152579337358475,418.4549865722656,3.3219220638275146,
partsupp_yfcc_wiki_1,4way,B3,0.3,0.3,536954,239122,212064.71786814585,1.1275897396033479,385,385,1.704285852611065,446.292236328125,3.3249423503875732,
partsupp_yfcc_wiki_1,4way,B3,0.3,0.3,752067,240544,232875.96230503355,1.0329275620337424,385,385,1.6443580389022827,415.6813659667969,2.98663592338562,
partsupp_yfcc_wiki_1,4way,B3,0.3,0.3,602570,239333,249815.77759378398,1.043799967383453,385,385,1.6807299107313156,423.0763244628906,3.009899854660034,
partsupp_yfcc_wiki_1,4way,B3,0.3,0.3,345404,241268,231987.27797439255,1.0400053059229908,385,385,1.6494886949658394,418.1437072753906,3.121225357055664,
partsupp_yfcc_wiki_1,4way,B3,0.3,0.3,628777,239296,258433.8823494745,1.0799757720541694,385,385,1.6720322892069817,421.3739318847656,3.125771999359131,
partsupp_yfcc_wiki_1,4way,B3,0.3,0.3,137071,239343,230963.83023661855,1.0362791427332891,385,385,1.657792367041111,432.3690490722656,3.0246407985687256,
partsupp_yfcc_wiki_1,4way,B3,0.3,0.3,296404,238282,238750.6838454629,1.0019669292916078,385,385,1.6446467489004135,432.2679443359375,3.5045063495635986,
partsupp_yfcc_wiki_1,4way,B3,0.3,0.3,703153,240825,235284.6658999299,1.023547365821224,385,385,1.6640936955809593,424.7870178222656,3.4914815425872803,
partsupp_yfcc_wiki_1,4way,B3,0.3,0.3,438962,239228,218394.0564968973,1.0953961103030232,385,385,1.6788765788078308,413.8764953613281,2.8561418056488037,
partsupp_yfcc_wiki_1,4way,B3,0.3,0.3,33248,238493,260366.79647903994,1.0917167232540994,385,385,1.6415230929851532,408.7879333496094,2.670750141143799,
partsupp_yfcc_wiki_1,4way,B3,0.3,0.3,779894,240258,224062.0301929533,1.0722834198775195,385,385,1.5867594629526138,406.853271484375,2.8263583183288574,
partsupp_yfcc_wiki_1,4way,B3,0.3,0.3,304120,239418,217454.11302668817,1.1010046978077448,385,385,1.6111647710204124,407.2272033691406,3.010188102722168,
partsupp_yfcc_wiki_1,4way,B3,0.3,0.3,73745,238502,249611.236923636,1.0465792191412902,385,385,1.5750564634799957,427.8609619140625,2.8961117267608643,
partsupp_yfcc_wiki_1,4way,B3,0.3,0.3,516733,239367,226547.97785433943,1.0565841384552221,385,385,1.592366024851799,382.1219177246094,3.2464287281036377,
partsupp_yfcc_wiki_1,4way,B3,0.3,0.3,181346,241147,239236.29665387238,1.0079866783295515,385,385,1.6161194071173668,478.6587219238281,3.5127456188201904,
partsupp_yfcc_wiki_1,4way,B3,0.3,0.3,620747,240595,250095.76842091314,1.039488636176617,385,385,1.6818316653370857,397.3721008300781,3.2536380290985107,
partsupp_yfcc_wiki_1,4way,B3,0.3,0.3,738510,241221,259626.84049663565,1.076302811515729,385,385,1.694737933576107,425.9847412109375,2.9687752723693848,
partsupp_yfcc_wiki_1,4way,B3,0.3,0.3,111011,239273,252051.27345217013,1.0534045774164662,385,385,1.66415236890316,417.3077392578125,3.0964415073394775,
partsupp_yfcc_wiki_1,4way,B3,0.3,0.3,426052,240433,254104.29446766555,1.0568611399752346,385,385,1.666300930082798,414.2445983886719,3.0850300788879395,
partsupp_yfcc_wiki_1,4way,B3,0.3,0.3,724169,241862,260385.5304856742,1.0765871880893823,385,385,1.6776341944932938,436.5622253417969,3.0649054050445557,
partsupp_yfcc_wiki_1,4way,B3,0.3,0.3,588630,240781,228894.4233122971,1.051930390071082,385,385,1.6346089541912079,441.3742370605469,3.2115602493286133,
partsupp_yfcc_wiki_1,4way,B3,0.3,0.3,790256,241473,206071.29462171358,1.1717934826549887,385,385,1.9568270072340965,460.1905517578125,2.92677640914917,
partsupp_yfcc_wiki_1,4way,B3,0.3,0.3,201003,239312,234840.10102399,1.019042314138475,385,385,1.6683228313922882,442.0690002441406,3.108808755874634,
partsupp_yfcc_wiki_1,4way,B3,0.3,0.3,6443,239086,226329.29779164025,1.0563634594938902,385,385,1.615452580153942,425.3052978515625,3.1072123050689697,
partsupp_yfcc_wiki_1,4way,B3,0.3,0.3,642763,240583,230944.60428141055,1.0417346651097545,385,385,1.637771725654602,415.4331970214844,3.0508289337158203,
partsupp_yfcc_wiki_1,4way,B3,0.3,0.3,193392,239823,207813.78578423732,1.154028348480193,385,385,1.6328981146216393,395.172119140625,3.203829765319824,
partsupp_yfcc_wiki_1,4way,B3,0.3,0.3,203755,241216,228439.09684514833,1.0559313328204616,385,385,1.6647977754473686,410.82720947265625,3.1911702156066895,
partsupp_yfcc_wiki_1,4way,B3,0.3,0.3,94462,241365,253677.24163092117,1.0510108824018445,385,385,1.6317600384354591,435.7070007324219,3.1797454357147217,
partsupp_yfcc_wiki_1,4way,B3,0.3,0.3,590890,240063,247488.25895469575,1.0309304597322193,385,385,1.6692252829670906,411.1960144042969,3.2003183364868164,
partsupp_yfcc_wiki_1,4way,B3,0.3,0.3,783383,238648,226640.6934919583,1.0529794818531464,385,385,1.668248325586319,436.21392822265625,3.1497702598571777,
partsupp_yfcc_wiki_1,4way,B3,0.3,0.3,737605,241848,233123.93814714905,1.0374224196888107,385,385,1.6576088964939117,398.2601623535156,3.21191143989563,
partsupp_yfcc_wiki_1,4way,B3,0.3,0.3,516560,239738,276429.6229688218,1.1530488406878416,385,385,1.670357771217823,419.1053771972656,3.3689675331115723,
partsupp_yfcc_wiki_1,4way,B3,0.3,0.3,137642,240134,270381.7789479591,1.1259620834532347,385,385,1.6686972230672836,401.0089416503906,3.1390323638916016,
partsupp_yfcc_wiki_1,4way,B3,0.3,0.3,37803,240623,248668.2103130909,1.0334349181628144,385,385,1.6772588714957237,419.6958312988281,3.166006565093994,
partsupp_yfcc_wiki_1,4way,B3,0.3,0.3,254800,239612,245159.62975184288,1.0231525539281958,385,385,1.651255413889885,404.8648986816406,3.1417458057403564,
partsupp_yfcc_wiki_1,4way,B3,0.3,0.3,605930,238863,235915.7214804456,1.0124929296829364,385,385,1.6482416540384293,413.02581787109375,2.994133234024048,
partsupp_yfcc_wiki_1,4way,B3,0.3,0.3,209329,239031,232686.1621995145,1.0272677916920783,385,385,1.6322331503033638,423.5936584472656,3.0829358100891113,
partsupp_yfcc_wiki_1,4way,B3,0.3,0.3,766585,239714,238551.76088374766,1.004872062616292,385,385,1.6764318570494652,408.5493469238281,3.306943655014038,
partsupp_yfcc_wiki_1,4way,B3,0.3,0.3,488782,239153,230905.28133958107,1.0357190559374405,385,385,1.6577206552028656,481.4966125488281,3.3307135105133057,
partsupp_yfcc_wiki_1,4way,B3,0.3,0.3,374559,238234,237225.72244093698,1.0042502876529928,385,385,1.6657132655382156,402.8977355957031,3.3245937824249268,
partsupp_yfcc_wiki_1,4way,B3,0.3,0.3,111780,238501,247681.55322422142,1.0384927242410784,385,385,2.620385028421879,428.5323791503906,3.373533010482788,
partsupp_yfcc_wiki_1,4way,B3,0.3,0.3,178188,239073,232670.8461458343,1.0275159262976716,385,385,1.8521873280405998,413.9275207519531,3.3087639808654785,
partsupp_yfcc_wiki_1,4way,B3,0.3,0.3,539857,240173,205944.3635932018,1.1662033172920887,385,385,1.6731591895222664,416.9714050292969,3.136941432952881,
partsupp_yfcc_wiki_1,4way,B3,0.3,0.3,781264,238584,233275.79997439613,1.022755039426235,385,385,1.6615139320492744,412.2523498535156,2.9334139823913574,
partsupp_yfcc_wiki_1,4way,B3,0.3,0.3,771184,239728,225378.88521535485,1.0636666330607423,385,385,1.6924934461712837,425.8616638183594,3.119675874710083,
partsupp_yfcc_wiki_1,4way,B3,0.3,0.3,140785,238543,260291.23502642734,1.091171130682633,385,385,1.6565490514039993,414.0555419921875,3.075209140777588,
partsupp_yfcc_wiki_1,4way,B3,0.3,0.3,2505,242348,249068.83673562642,1.0277321733029627,385,385,1.684894785284996,410.19384765625,3.1343371868133545,
partsupp_yfcc_wiki_1,4way,B3,0.3,0.3,526089,240113,272374.9966995341,1.1343617242695485,385,385,1.6809860244393349,424.7865295410156,3.0387539863586426,
partsupp_yfcc_wiki_1,4way,B3,0.3,0.3,608072,240188,234382.29499170155,1.0247702370543987,385,385,1.669272780418396,394.3855895996094,3.3516080379486084,
partsupp_yfcc_wiki_1,4way,B3,0.3,0.3,224837,239576,254230.60439539555,1.061168916733711,385,385,1.6766488552093506,429.3984069824219,3.4280149936676025,
partsupp_yfcc_wiki_1,4way,B3,0.3,0.3,386133,240238,238513.79066158904,1.0072289712625353,385,385,1.6356846317648888,406.8495788574219,3.221763849258423,
partsupp_yfcc_wiki_1,4way,B3,0.3,0.3,487850,240657,244865.74749464187,1.0174885729259564,385,385,1.676294021308422,440.60479736328125,2.8483076095581055,
partsupp_yfcc_wiki_1,4way,B3,0.3,0.3,340195,238201,215813.49521750023,1.1037354256272867,385,385,1.6770409420132637,429.46661376953125,3.2380805015563965,
partsupp_yfcc_wiki_1,4way,B3,0.3,0.3,122774,238182,242787.9140049306,1.0193377921292566,385,385,1.6744546592235565,383.14825439453125,2.8582229614257812,
partsupp_yfcc_wiki_1,4way,B3,0.3,0.3,690833,238731,253610.2257692621,1.0623263244792762,385,385,1.6788039356470108,419.6947326660156,3.3686435222625732,
partsupp_yfcc_wiki_1,4way,B3,0.3,0.3,686759,239028,238921.43548112587,1.0004460232655958,385,385,1.657143235206604,386.7430114746094,3.4815328121185303,
partsupp_yfcc_wiki_1,4way,B3,0.3,0.3,154430,240095,244639.39568122415,1.0189274898736922,385,385,1.6897879540920258,410.4521789550781,2.9615893363952637,
partsupp_yfcc_wiki_1,4way,B3,0.3,0.3,630926,239492,243284.33497701923,1.0158349129700333,385,385,1.6619963571429253,415.25244140625,3.386004686355591,
partsupp_yfcc_wiki_1,4way,B3,0.3,0.3,255248,239192,209394.7070289857,1.1423020352032565,385,385,1.6535427421331406,423.3128356933594,3.1301348209381104,
partsupp_yfcc_wiki_1,4way,B3,0.3,0.3,48107,239649,220423.15609305105,1.0872224327412898,385,385,1.4195963740348816,456.1448974609375,3.2600338459014893,
partsupp_yfcc_wiki_1,4way,B3,0.3,0.3,717611,238414,239471.35681042843,1.0044349610779084,385,385,1.4813346788287163,418.3584899902344,2.774536371231079,
partsupp_yfcc_wiki_1,4way,B3,0.3,0.3,559097,238490,230828.23954223786,1.0331924745124617,385,385,1.606656238436699,439.0888366699219,3.3397130966186523,
partsupp_yfcc_wiki_1,4way,B3,0.3,0.3,527854,241647,272725.2263114472,1.1286100233458194,385,385,1.6343547031283379,422.574951171875,3.1289029121398926,
partsupp_yfcc_wiki_1,4way,B3,0.3,0.3,692258,239457,243669.09006653074,1.017590173043723,385,385,1.6778577119112015,402.27850341796875,3.7014622688293457,
partsupp_yfcc_wiki_1,4way,B3,0.3,0.3,344709,240479,212639.31857805105,1.1309244292547436,385,385,1.6573620960116386,416.7320251464844,3.0800623893737793,
partsupp_yfcc_wiki_1,4way,B3,0.3,0.3,414737,240841,225062.4863075719,1.070107257550088,385,385,1.6384460031986237,407.9644470214844,3.3149447441101074,
partsupp_yfcc_wiki_1,4way,B3,0.3,0.3,362610,240086,224556.4409492354,1.0691565959324911,385,385,1.6740430146455765,451.0261535644531,3.2579312324523926,
partsupp_yfcc_wiki_1,4way,B3,0.3,0.3,129857,240673,202039.4674905746,1.191217750617105,385,385,1.6424190253019333,433.4189758300781,3.086696147918701,
partsupp_yfcc_wiki_1,4way,B3,0.3,0.3,210898,240545,231060.15897271284,1.041049227480222,385,385,1.7034877091646194,420.5545654296875,2.8536884784698486,
partsupp_yfcc_wiki_1,4way,B3,0.3,0.3,793779,239767,243109.2990342055,1.0139397791781417,385,385,1.682310365140438,393.6427001953125,2.997621774673462,
partsupp_yfcc_wiki_1,4way,B3,0.3,0.3,634727,240357,239059.1907895302,1.0054288195579664,385,385,1.6601243987679482,415.6064758300781,2.794663429260254,
partsupp_yfcc_wiki_1,4way,B3,0.3,0.3,351141,240218,187332.08606635567,1.2823110287412878,385,385,1.6371514648199081,405.8410949707031,3.0803444385528564,
partsupp_yfcc_wiki_1,4way,B3,0.3,0.3,611020,241641,245350.72042670788,1.015352197792212,385,385,1.6560247167944908,442.6332092285156,2.904170274734497,
partsupp_yfcc_wiki_1,4way,B3,0.3,0.4,145860,240999,244822.07646796817,1.015863453657352,385,385,1.7404910176992416,424.551025390625,3.1162526607513428,
partsupp_yfcc_wiki_1,4way,B3,0.3,0.4,359095,240414,219726.1891682636,1.0941526857132808,385,385,1.6452567651867867,457.84295654296875,2.8506760597229004,
partsupp_yfcc_wiki_1,4way,B3,0.3,0.4,286093,240431,261693.13236857482,1.0884334065431447,385,385,1.6968538984656334,430.0592956542969,2.8322665691375732,
partsupp_yfcc_wiki_1,4way,B3,0.3,0.4,781121,239340,211410.2498576516,1.1321116178669401,385,385,1.6598207876086235,442.4676208496094,2.9669148921966553,
partsupp_yfcc_wiki_1,4way,B3,0.3,0.4,142780,239878,211467.51247140227,1.13434918298592,385,385,1.6853082925081253,413.254150390625,3.127220392227173,
partsupp_yfcc_wiki_1,4way,B3,0.3,0.4,428790,240501,270187.24759038317,1.1234350276729959,385,385,1.641497015953064,431.5230712890625,2.7914769649505615,
partsupp_yfcc_wiki_1,4way,B3,0.3,0.4,322723,241524,232377.67766722434,1.039359728630534,385,385,1.66231207549572,433.58428955078125,3.2379202842712402,
partsupp_yfcc_wiki_1,4way,B3,0.3,0.4,588557,239504,239522.8617119438,1.0000787532230937,385,385,1.646166667342186,408.18133544921875,3.222794771194458,
partsupp_yfcc_wiki_1,4way,B3,0.3,0.4,263638,238982,211485.29105489195,1.1300171222686648,385,385,1.679915003478527,422.840576171875,3.473875045776367,
partsupp_yfcc_wiki_1,4way,B3,0.3,0.4,693614,240682,262528.18251571245,1.0907678285692841,385,385,1.674603670835495,443.9696044921875,2.864917039871216,
partsupp_yfcc_wiki_1,4way,B3,0.3,0.4,546912,239028,245740.15226535744,1.0280810292742166,385,385,1.6658622771501541,410.3951416015625,3.3955962657928467,
partsupp_yfcc_wiki_1,4way,B3,0.3,0.4,444449,239588,222519.67822771263,1.076704774643889,385,385,1.667245291173458,447.8995361328125,3.01845121383667,
partsupp_yfcc_wiki_1,4way,B3,0.3,0.4,663176,238724,233283.97298136025,1.0233193345822964,385,385,1.6927635297179222,408.12274169921875,2.7545394897460938,
partsupp_yfcc_wiki_1,4way,B3,0.3,0.4,763999,239427,224610.48427571065,1.0659653790074286,385,385,1.6604270786046982,434.49395751953125,3.168591022491455,
partsupp_yfcc_wiki_1,4way,B3,0.3,0.4,782168,238518,226251.36548583774,1.0542168419086517,385,385,1.6202349215745926,416.7886047363281,2.863349199295044,
partsupp_yfcc_wiki_1,4way,B3,0.3,0.4,673362,240710,208114.83030681015,1.1566210809923392,385,385,1.674201339483261,424.4129333496094,3.1067605018615723,
partsupp_yfcc_wiki_1,4way,B3,0.3,0.4,83904,238675,235214.46631769402,1.0147122485129465,385,385,1.599918119609356,398.8899230957031,3.23327898979187,
partsupp_yfcc_wiki_1,4way,B3,0.3,0.4,695261,239523,239588.9767779372,1.0002754506996707,385,385,1.6358699649572372,376.3761291503906,2.9276514053344727,
partsupp_yfcc_wiki_1,4way,B3,0.3,0.4,386245,241633,239060.7931851442,1.0107596347380297,385,385,1.6386928036808968,423.1973571777344,3.1456527709960938,
partsupp_yfcc_wiki_1,4way,B3,0.3,0.4,69504,240554,272396.97445295856,1.1323734980626328,385,385,1.6557611525058746,422.7126770019531,3.4792094230651855,
partsupp_yfcc_wiki_1,4way,B3,0.3,0.4,681535,238526,232731.75842384677,1.0248966519025773,385,385,1.6867686063051224,418.3903503417969,3.5131537914276123,
partsupp_yfcc_wiki_1,4way,B3,0.3,0.4,696279,239325,216214.68481640835,1.1068859647679112,385,385,1.6682324931025505,429.7052307128906,3.1599717140197754,
partsupp_yfcc_wiki_1,4way,B3,0.3,0.4,340223,242088,220580.5157691257,1.097504007350248,385,385,1.6611218452453613,433.58294677734375,3.186086893081665,
partsupp_yfcc_wiki_1,4way,B3,0.3,0.4,690943,240499,290348.89943461755,1.207276950983653,385,385,1.6458332538604736,444.6061096191406,3.3907504081726074,
partsupp_yfcc_wiki_1,4way,B3,0.3,0.4,636616,240470,267902.12765236874,1.1140771308369806,385,385,1.6396576538681984,429.5113525390625,3.1242752075195312,
partsupp_yfcc_wiki_1,4way,B3,0.3,0.4,48106,239317,271819.3335439149,1.1358128906175278,385,385,1.6926610842347145,440.9126892089844,3.2600338459014893,
partsupp_yfcc_wiki_1,4way,B3,0.3,0.4,352770,241032,220313.05830339066,1.094043184984875,385,385,1.6548819839954376,418.4549865722656,3.3219220638275146,
partsupp_yfcc_wiki_1,4way,B3,0.3,0.4,536954,239122,236889.11997595674,1.0094258445650433,385,385,1.6825012862682343,446.292236328125,3.3249423503875732,
partsupp_yfcc_wiki_1,4way,B3,0.3,0.4,752067,240544,233537.5169063902,1.0300015311733328,385,385,1.6460567712783813,415.6813659667969,2.98663592338562,
partsupp_yfcc_wiki_1,4way,B3,0.3,0.4,602570,239333,229094.73141158992,1.0446901093068617,385,385,1.6846191138029099,423.0763244628906,3.009899854660034,
partsupp_yfcc_wiki_1,4way,B3,0.3,0.4,345404,241268,226341.3248138209,1.0659476354945663,385,385,1.5946906059980392,418.1437072753906,3.121225357055664,
partsupp_yfcc_wiki_1,4way,B3,0.3,0.4,628777,239296,239614.42444221885,1.0013306718132307,385,385,1.6130097210407257,421.3739318847656,3.125771999359131,
partsupp_yfcc_wiki_1,4way,B3,0.3,0.4,137071,239343,216265.49219829726,1.1067091544153638,385,385,1.6294382512569427,432.3690490722656,3.0246407985687256,
partsupp_yfcc_wiki_1,4way,B3,0.3,0.4,296404,238282,203177.1303513416,1.1727796311915308,385,385,1.5618372708559036,432.2679443359375,3.5045063495635986,
partsupp_yfcc_wiki_1,4way,B3,0.3,0.4,703153,240825,241265.79341497467,1.0018303474098398,385,385,1.67009886354208,424.7870178222656,3.4914815425872803,
partsupp_yfcc_wiki_1,4way,B3,0.3,0.4,438962,239228,237348.30939071573,1.00791954496794,385,385,1.684499904513359,413.8764953613281,2.8561418056488037,
partsupp_yfcc_wiki_1,4way,B3,0.3,0.4,33248,238493,264223.44170486374,1.1078876181056205,385,385,1.660216599702835,408.7879333496094,2.670750141143799,
partsupp_yfcc_wiki_1,4way,B3,0.3,0.4,779894,240258,245519.49914374267,1.0218993712748075,385,385,1.6042953357100487,406.853271484375,2.8263583183288574,
partsupp_yfcc_wiki_1,4way,B3,0.3,0.4,304120,239418,243615.61885517326,1.0175325951063547,385,385,1.6282880678772926,407.2272033691406,3.010188102722168,
partsupp_yfcc_wiki_1,4way,B3,0.3,0.4,73745,238502,230446.12409381365,1.034957740937777,385,385,1.62454042583704,427.8609619140625,2.8961117267608643,
partsupp_yfcc_wiki_1,4way,B3,0.3,0.4,516733,239367,188668.31689439274,1.2687185847636828,385,385,1.6387095674872398,382.1219177246094,3.2464287281036377,
partsupp_yfcc_wiki_1,4way,B3,0.3,0.4,181346,241147,234416.32759314598,1.028712472701713,385,385,1.6809403896331787,478.6587219238281,3.5127456188201904,
partsupp_yfcc_wiki_1,4way,B3,0.3,0.4,620747,240595,253276.36145225674,1.052708333308077,385,385,1.6826773062348366,397.3721008300781,3.2536380290985107,
partsupp_yfcc_wiki_1,4way,B3,0.3,0.4,738510,241221,234739.12557306935,1.0276130977786784,385,385,1.6548670828342438,425.9847412109375,2.9687752723693848,
partsupp_yfcc_wiki_1,4way,B3,0.3,0.4,111011,239273,226319.14277659438,1.0572371256999356,385,385,1.6520218923687935,417.3077392578125,3.0964415073394775,
partsupp_yfcc_wiki_1,4way,B3,0.3,0.4,426052,240433,249340.9148520981,1.037049468467715,385,385,1.6668625175952911,414.2445983886719,3.0850300788879395,
partsupp_yfcc_wiki_1,4way,B3,0.3,0.4,724169,241862,233044.10757911784,1.0378378690303873,385,385,1.6832482069730759,436.5622253417969,3.0649054050445557,
partsupp_yfcc_wiki_1,4way,B3,0.3,0.4,588630,240781,263965.5724984944,1.0962890448104061,385,385,1.6448618844151497,441.3742370605469,3.2115602493286133,
partsupp_yfcc_wiki_1,4way,B3,0.3,0.4,790256,241473,239134.98090255584,1.0097769849004101,385,385,1.6830861568450928,460.1905517578125,2.92677640914917,
partsupp_yfcc_wiki_1,4way,B3,0.3,0.4,201003,239312,216379.50370640986,1.1059827566880163,385,385,1.6919886693358421,442.0690002441406,3.108808755874634,
partsupp_yfcc_wiki_1,4way,B3,0.3,0.4,6443,239086,221775.6019801602,1.0780536626449486,385,385,1.677611842751503,425.3052978515625,3.1072123050689697,
partsupp_yfcc_wiki_1,4way,B3,0.3,0.4,642763,240583,226247.09630798656,1.0633639234534007,385,385,1.7009321600198746,415.4331970214844,3.0508289337158203,
partsupp_yfcc_wiki_1,4way,B3,0.3,0.4,193392,239823,224302.49124900455,1.0691945446730045,385,385,1.6452977433800697,395.172119140625,3.203829765319824,
partsupp_yfcc_wiki_1,4way,B3,0.3,0.4,203755,241216,243781.6964286392,1.0106365101346477,385,385,1.6634808853268623,410.82720947265625,3.1911702156066895,
partsupp_yfcc_wiki_1,4way,B3,0.3,0.4,94462,241365,264347.5574857833,1.0952190975733156,385,385,1.418733038008213,435.7070007324219,3.1797454357147217,
partsupp_yfcc_wiki_1,4way,B3,0.3,0.4,590890,240063,238853.10716308886,1.005065426409065,385,385,1.680893823504448,411.1960144042969,3.2003183364868164,
partsupp_yfcc_wiki_1,4way,B3,0.3,0.4,783383,238648,255794.5983749812,1.071848908748371,385,385,1.6896240413188934,436.21392822265625,3.1497702598571777,
partsupp_yfcc_wiki_1,4way,B3,0.3,0.4,737605,241848,230916.87619080846,1.047337916524382,385,385,1.64125207811594,398.2601623535156,3.21191143989563,
partsupp_yfcc_wiki_1,4way,B3,0.3,0.4,516560,239738,227055.18769978313,1.055857839799663,385,385,1.672450453042984,419.1053771972656,3.3689675331115723,
partsupp_yfcc_wiki_1,4way,B3,0.3,0.4,137642,240134,280580.3380876515,1.1684323672934755,385,385,1.6484810039401054,401.0089416503906,3.1390323638916016,
partsupp_yfcc_wiki_1,4way,B3,0.3,0.4,37803,240623,225991.94392958452,1.0647414939488917,385,385,1.6470886766910553,419.6958312988281,3.166006565093994,
partsupp_yfcc_wiki_1,4way,B3,0.3,0.4,254800,239612,224282.88036317306,1.068347256874912,385,385,1.6544843092560768,404.8648986816406,3.1417458057403564,
partsupp_yfcc_wiki_1,4way,B3,0.3,0.4,605930,238863,247792.31298898708,1.0373825707162143,385,385,1.637919805943966,413.02581787109375,2.994133234024048,
partsupp_yfcc_wiki_1,4way,B3,0.3,0.4,209329,239031,232865.8060964407,1.026475307847499,385,385,1.6313455998897552,423.5936584472656,3.0829358100891113,
partsupp_yfcc_wiki_1,4way,B3,0.3,0.4,766585,239714,217618.1953693206,1.1015347296359137,385,385,1.6304943710565567,408.5493469238281,3.306943655014038,
partsupp_yfcc_wiki_1,4way,B3,0.3,0.4,488782,239153,220631.0854511646,1.083949705051581,385,385,1.6305092722177505,481.4966125488281,3.3307135105133057,
partsupp_yfcc_wiki_1,4way,B3,0.3,0.4,374559,238234,232339.73532036183,1.0253691632708062,385,385,1.644296571612358,402.8977355957031,3.3245937824249268,
partsupp_yfcc_wiki_1,4way,B3,0.3,0.4,111780,238501,212142.09620327209,1.124251170646825,385,385,1.6320860013365746,428.5323791503906,3.373533010482788,
partsupp_yfcc_wiki_1,4way,B3,0.3,0.4,178188,239073,250939.1238031709,1.049633893426572,385,385,1.6514882445335388,413.9275207519531,3.3087639808654785,
partsupp_yfcc_wiki_1,4way,B3,0.3,0.4,539857,240173,259442.8721630297,1.0802332991761343,385,385,1.6571581363677979,416.9714050292969,3.136941432952881,
partsupp_yfcc_wiki_1,4way,B3,0.3,0.4,781264,238584,248052.5539196496,1.0396864581013379,385,385,1.6659609973430634,412.2523498535156,2.9334139823913574,
partsupp_yfcc_wiki_1,4way,B3,0.3,0.4,771184,239728,234645.15307980822,1.0216618449325607,385,385,1.6433801501989365,425.8616638183594,3.119675874710083,
partsupp_yfcc_wiki_1,4way,B3,0.3,0.4,140785,238543,241077.12200813717,1.0106233341918949,385,385,1.6206707805395126,414.0555419921875,3.075209140777588,
partsupp_yfcc_wiki_1,4way,B3,0.3,0.4,2505,242348,253007.96608251374,1.043986193748303,385,385,2.8870105743408203,410.19384765625,3.1343371868133545,
partsupp_yfcc_wiki_1,4way,B3,0.3,0.4,526089,240113,252132.58661431036,1.0500580418982328,385,385,1.699233427643776,424.7865295410156,3.0387539863586426,
partsupp_yfcc_wiki_1,4way,B3,0.3,0.4,608072,240188,261379.17739398577,1.0882274609638523,385,385,1.7043417319655418,394.3855895996094,3.3516080379486084,
partsupp_yfcc_wiki_1,4way,B3,0.3,0.4,224837,239576,214364.854637383,1.1176085762998038,385,385,1.705637201666832,429.3984069824219,3.4280149936676025,
partsupp_yfcc_wiki_1,4way,B3,0.3,0.4,386133,240238,224286.856483705,1.0711193859790615,385,385,1.7146049067378044,406.8495788574219,3.221763849258423,
partsupp_yfcc_wiki_1,4way,B3,0.3,0.4,487850,240657,243476.40904920557,1.0117154666151642,385,385,1.7107129096984863,440.60479736328125,2.8483076095581055,
partsupp_yfcc_wiki_1,4way,B3,0.3,0.4,340195,238201,232793.33804138112,1.023229453231422,385,385,1.717173494398594,429.46661376953125,3.2380805015563965,
partsupp_yfcc_wiki_1,4way,B3,0.3,0.4,122774,238182,226634.04573549854,1.0509541901660218,385,385,1.7040548846125603,383.14825439453125,2.8582229614257812,
partsupp_yfcc_wiki_1,4way,B3,0.3,0.4,690833,238731,238957.31222366582,1.0009479800430854,385,385,1.6833003610372543,419.6947326660156,3.3686435222625732,
partsupp_yfcc_wiki_1,4way,B3,0.3,0.4,686759,239028,242815.9384930105,1.0158472584509368,385,385,1.6714707016944885,386.7430114746094,3.4815328121185303,
partsupp_yfcc_wiki_1,4way,B3,0.3,0.4,154430,240095,247400.98812555012,1.0304295721508159,385,385,1.6740020364522934,410.4521789550781,2.9615893363952637,
partsupp_yfcc_wiki_1,4way,B3,0.3,0.4,630926,239492,243698.44026105848,1.017564011578919,385,385,1.6758209094405174,415.25244140625,3.386004686355591,
partsupp_yfcc_wiki_1,4way,B3,0.3,0.4,255248,239192,269944.0646711002,1.128566443154872,385,385,1.6582421958446503,423.3128356933594,3.1301348209381104,
partsupp_yfcc_wiki_1,4way,B3,0.3,0.4,48107,239649,201794.9237107131,1.187586860923981,385,385,1.6762567684054375,456.1448974609375,3.2600338459014893,
partsupp_yfcc_wiki_1,4way,B3,0.3,0.4,717611,238414,233222.50799182634,1.022259824117643,385,385,1.6911141574382782,418.3584899902344,2.774536371231079,
partsupp_yfcc_wiki_1,4way,B3,0.3,0.4,559097,238490,230586.17674852873,1.0342770905130665,385,385,1.685621216893196,439.0888366699219,3.3397130966186523,
partsupp_yfcc_wiki_1,4way,B3,0.3,0.4,527854,241647,245135.68826729935,1.0144371263342784,385,385,1.6675451770424843,422.574951171875,3.1289029121398926,
partsupp_yfcc_wiki_1,4way,B3,0.3,0.4,692258,239457,214352.00933014083,1.1171203887862462,385,385,1.6864528879523277,402.27850341796875,3.7014622688293457,
partsupp_yfcc_wiki_1,4way,B3,0.3,0.4,344709,240479,218732.18890871882,1.0994220887185313,385,385,1.684221439063549,416.7320251464844,3.0800623893737793,
partsupp_yfcc_wiki_1,4way,B3,0.3,0.4,414737,240841,251821.57940762793,1.045592649954235,385,385,1.6646794974803925,407.9644470214844,3.3149447441101074,
partsupp_yfcc_wiki_1,4way,B3,0.3,0.4,362610,240086,228759.79894575485,1.0495113263188822,385,385,1.674245111644268,451.0261535644531,3.2579312324523926,
partsupp_yfcc_wiki_1,4way,B3,0.3,0.4,129857,240673,235574.4444141449,1.0216430759224957,385,385,1.6832314431667328,433.4189758300781,3.086696147918701,
partsupp_yfcc_wiki_1,4way,B3,0.3,0.4,210898,240545,222599.66368670005,1.0806170863697138,385,385,1.6887839883565903,420.5545654296875,2.8536884784698486,
partsupp_yfcc_wiki_1,4way,B3,0.3,0.4,793779,239767,220766.9930645682,1.086063621520971,385,385,1.690709963440895,393.6427001953125,2.997621774673462,
partsupp_yfcc_wiki_1,4way,B3,0.3,0.4,634727,240357,217977.8867514052,1.102666897005554,385,385,1.6870470717549324,415.6064758300781,2.794663429260254,
partsupp_yfcc_wiki_1,4way,B3,0.3,0.4,351141,240218,241797.49129477624,1.0065752412174618,385,385,1.6842158511281013,405.8410949707031,3.0803444385528564,
partsupp_yfcc_wiki_1,4way,B3,0.3,0.4,611020,241641,225258.48795947598,1.0727276125704583,385,385,1.648545265197754,442.6332092285156,2.904170274734497,
partsupp_yfcc_wiki_1,4way,B3,0.3,0.5,145860,240999,247162.4795225917,1.0255747099473096,385,385,1.7042318359017372,424.551025390625,3.1162526607513428,
partsupp_yfcc_wiki_1,4way,B3,0.3,0.5,359095,240414,205529.44544691566,1.1697302032671244,385,385,1.6648424789309502,457.84295654296875,2.8506760597229004,
partsupp_yfcc_wiki_1,4way,B3,0.3,0.5,286093,240431,246889.17730655862,1.0268608345286532,385,385,1.6562417149543762,430.0592956542969,2.8322665691375732,
partsupp_yfcc_wiki_1,4way,B3,0.3,0.5,781121,239340,213993.16673425434,1.118446928248052,385,385,1.6442351043224335,442.4676208496094,2.9669148921966553,
partsupp_yfcc_wiki_1,4way,B3,0.3,0.5,142780,239878,234582.84006848285,1.0225726652894616,385,385,1.6443748027086258,413.254150390625,3.127220392227173,
partsupp_yfcc_wiki_1,4way,B3,0.3,0.5,428790,240501,241766.82331861233,1.0052632767373622,385,385,1.6755089163780212,431.5230712890625,2.7914769649505615,
partsupp_yfcc_wiki_1,4way,B3,0.3,0.5,322723,241524,220218.02395334636,1.096749465208022,385,385,1.664857380092144,433.58428955078125,3.2379202842712402,
partsupp_yfcc_wiki_1,4way,B3,0.3,0.5,588557,239504,230748.24067416386,1.037945075118471,385,385,1.6799839213490486,408.18133544921875,3.222794771194458,
partsupp_yfcc_wiki_1,4way,B3,0.3,0.5,263638,238982,226473.29761445444,1.055232570538361,385,385,1.6929274424910545,422.840576171875,3.473875045776367,
partsupp_yfcc_wiki_1,4way,B3,0.3,0.5,693614,240682,251565.67320263415,1.0452201377861001,385,385,1.672632060945034,443.9696044921875,2.864917039871216,
partsupp_yfcc_wiki_1,4way,B3,0.3,0.5,546912,239028,253608.41578614843,1.0609987774911243,385,385,1.638246700167656,410.3951416015625,3.3955962657928467,
partsupp_yfcc_wiki_1,4way,B3,0.3,0.5,444449,239588,243593.1585869505,1.0167168580519497,385,385,1.6522472724318504,447.8995361328125,3.01845121383667,
partsupp_yfcc_wiki_1,4way,B3,0.3,0.5,663176,238724,233527.66855887667,1.0222514594231613,385,385,1.6624070703983307,408.12274169921875,2.7545394897460938,
partsupp_yfcc_wiki_1,4way,B3,0.3,0.5,763999,239427,237022.64284391617,1.0101439977515867,385,385,1.6482044011354446,434.49395751953125,3.168591022491455,
partsupp_yfcc_wiki_1,4way,B3,0.3,0.5,782168,238518,234839.53711320175,1.0156637290807855,385,385,1.6359416767954826,416.7886047363281,2.863349199295044,
partsupp_yfcc_wiki_1,4way,B3,0.3,0.5,673362,240710,234787.25821844087,1.025225993209771,385,385,1.6268705949187279,424.4129333496094,3.1067605018615723,
partsupp_yfcc_wiki_1,4way,B3,0.3,0.5,83904,238675,243035.98724975673,1.0182716549691284,385,385,1.6283048316836357,398.8899230957031,3.23327898979187,
partsupp_yfcc_wiki_1,4way,B3,0.3,0.5,695261,239523,230750.49053511946,1.0380172949775177,385,385,1.6549769788980484,376.3761291503906,2.9276514053344727,
partsupp_yfcc_wiki_1,4way,B3,0.3,0.5,386245,241633,225095.79766488273,1.073467397022389,385,385,1.375456340610981,423.1973571777344,3.1456527709960938,
partsupp_yfcc_wiki_1,4way,B3,0.3,0.5,69504,240554,245231.17416402593,1.0194433439644568,385,385,1.347341574728489,422.7126770019531,3.4792094230651855,
partsupp_yfcc_wiki_1,4way,B3,0.3,0.5,681535,238526,197423.25937011285,1.2081960391142723,385,385,1.6492987051606178,418.3903503417969,3.5131537914276123,
partsupp_yfcc_wiki_1,4way,B3,0.3,0.5,696279,239325,217293.36153087893,1.1013912174486298,385,385,1.625065691769123,429.7052307128906,3.1599717140197754,
partsupp_yfcc_wiki_1,4way,B3,0.3,0.5,340223,242088,255266.07902528794,1.0544350774317106,385,385,1.6836430877447128,433.58294677734375,3.186086893081665,
partsupp_yfcc_wiki_1,4way,B3,0.3,0.5,690943,240499,245540.26186750786,1.0209616749654171,385,385,1.6473103314638138,444.6061096191406,3.3907504081726074,
partsupp_yfcc_wiki_1,4way,B3,0.3,0.5,636616,240470,268043.87434085325,1.1146665876860034,385,385,1.643679104745388,429.5113525390625,3.1242752075195312,
partsupp_yfcc_wiki_1,4way,B3,0.3,0.5,48106,239317,228729.3094697717,1.0462891727989392,385,385,1.6603702679276466,440.9126892089844,3.2600338459014893,
partsupp_yfcc_wiki_1,4way,B3,0.3,0.5,352770,241032,232975.71208990322,1.0345799475740542,385,385,1.642211340367794,418.4549865722656,3.3219220638275146,
partsupp_yfcc_wiki_1,4way,B3,0.3,0.5,536954,239122,226533.5125307112,1.0555700890727246,385,385,1.6573388129472733,446.292236328125,3.3249423503875732,
partsupp_yfcc_wiki_1,4way,B3,0.3,0.5,752067,240544,196071.50827758992,1.226817716215289,385,385,1.6556670889258385,415.6813659667969,2.98663592338562,
partsupp_yfcc_wiki_1,4way,B3,0.3,0.5,602570,239333,243100.57721136342,1.0157419879889669,385,385,1.6536945477128029,423.0763244628906,3.009899854660034,
partsupp_yfcc_wiki_1,4way,B3,0.3,0.5,345404,241268,224673.12483106094,1.0738623063235413,385,385,1.6651805490255356,418.1437072753906,3.121225357055664,
partsupp_yfcc_wiki_1,4way,B3,0.3,0.5,628777,239296,239489.24211337176,1.0008075442689044,385,385,1.6368050128221512,421.3739318847656,3.125771999359131,
partsupp_yfcc_wiki_1,4way,B3,0.3,0.5,137071,239343,243350.80208981564,1.0167450148523902,385,385,1.6414280980825424,432.3690490722656,3.0246407985687256,
partsupp_yfcc_wiki_1,4way,B3,0.3,0.5,296404,238282,221514.43355522846,1.075695141737078,385,385,1.6482798382639885,432.2679443359375,3.5045063495635986,
partsupp_yfcc_wiki_1,4way,B3,0.3,0.5,703153,240825,251701.98445104362,1.0451655120981775,385,385,1.6699200496077538,424.7870178222656,3.4914815425872803,
partsupp_yfcc_wiki_1,4way,B3,0.3,0.5,438962,239228,255738.81210314072,1.0690170552909388,385,385,1.6405470669269562,413.8764953613281,2.8561418056488037,
partsupp_yfcc_wiki_1,4way,B3,0.3,0.5,33248,238493,249754.65130992734,1.0472200496866884,385,385,1.6398783773183823,408.7879333496094,2.670750141143799,
partsupp_yfcc_wiki_1,4way,B3,0.3,0.5,779894,240258,245659.97755940125,1.0224840694561732,385,385,1.6605108976364136,406.853271484375,2.8263583183288574,
partsupp_yfcc_wiki_1,4way,B3,0.3,0.5,304120,239418,232609.68067938805,1.0292692862168364,385,385,1.6432665288448334,407.2272033691406,3.010188102722168,
partsupp_yfcc_wiki_1,4way,B3,0.3,0.5,73745,238502,245288.27935258625,1.0284537628723711,385,385,1.6392460092902184,427.8609619140625,2.8961117267608643,
partsupp_yfcc_wiki_1,4way,B3,0.3,0.5,516733,239367,230630.10998866602,1.0378826945526034,385,385,1.63266621530056,382.1219177246094,3.2464287281036377,
partsupp_yfcc_wiki_1,4way,B3,0.3,0.5,181346,241147,249315.75037369158,1.0338745676856507,385,385,1.642480492591858,478.6587219238281,3.5127456188201904,
partsupp_yfcc_wiki_1,4way,B3,0.3,0.5,620747,240595,207689.67204850793,1.158435071069912,385,385,1.6526002436876297,397.3721008300781,3.2536380290985107,
partsupp_yfcc_wiki_1,4way,B3,0.3,0.5,738510,241221,239188.1410123464,1.008498995723825,385,385,1.678217202425003,425.9847412109375,2.9687752723693848,
partsupp_yfcc_wiki_1,4way,B3,0.3,0.5,111011,239273,227084.10859959066,1.0536756687888784,385,385,1.700524240732193,417.3077392578125,3.0964415073394775,
partsupp_yfcc_wiki_1,4way,B3,0.3,0.5,426052,240433,216516.75713935302,1.1104590849070133,385,385,1.6380706802010536,414.2445983886719,3.0850300788879395,
partsupp_yfcc_wiki_1,4way,B3,0.3,0.5,724169,241862,259896.03791830793,1.0745633374333625,385,385,1.660062000155449,436.5622253417969,3.0649054050445557,
partsupp_yfcc_wiki_1,4way,B3,0.3,0.5,588630,240781,247016.09324986485,1.0258952876259542,385,385,1.637279987335205,441.3742370605469,3.2115602493286133,
partsupp_yfcc_wiki_1,4way,B3,0.3,0.5,790256,241473,224821.07469351828,1.0740674571064213,385,385,1.6373544931411743,460.1905517578125,2.92677640914917,
partsupp_yfcc_wiki_1,4way,B3,0.3,0.5,201003,239312,253817.12904608235,1.0606117914942934,385,385,1.669619232416153,442.0690002441406,3.108808755874634,
partsupp_yfcc_wiki_1,4way,B3,0.3,0.5,6443,239086,224231.7497634081,1.0662450801559769,385,385,1.63994450122118,425.3052978515625,3.1072123050689697,
partsupp_yfcc_wiki_1,4way,B3,0.3,0.5,642763,240583,245353.86284700618,1.019830423791399,385,385,1.6420921310782433,415.4331970214844,3.0508289337158203,
partsupp_yfcc_wiki_1,4way,B3,0.3,0.5,193392,239823,257651.14499386176,1.0743387623116287,385,385,1.6492046415805817,395.172119140625,3.203829765319824,
partsupp_yfcc_wiki_1,4way,B3,0.3,0.5,203755,241216,236743.60825107206,1.0188912882673684,385,385,1.6590496525168419,410.82720947265625,3.1911702156066895,
partsupp_yfcc_wiki_1,4way,B3,0.3,0.5,94462,241365,243451.1846891568,1.0086432775636767,385,385,1.6572745516896248,435.7070007324219,3.1797454357147217,
partsupp_yfcc_wiki_1,4way,B3,0.3,0.5,590890,240063,241310.29488224012,1.0051956981385726,385,385,1.6616163775324821,411.1960144042969,3.2003183364868164,
partsupp_yfcc_wiki_1,4way,B3,0.3,0.5,783383,238648,241272.48517511896,1.010997306388987,385,385,1.7173411324620247,436.21392822265625,3.1497702598571777,
partsupp_yfcc_wiki_1,4way,B3,0.3,0.5,737605,241848,241286.70736542123,1.0023262476441717,385,385,1.7299819737672806,398.2601623535156,3.21191143989563,
partsupp_yfcc_wiki_1,4way,B3,0.3,0.5,516560,239738,220202.44500722486,1.0887163400575965,385,385,1.7537213861942291,419.1053771972656,3.3689675331115723,
partsupp_yfcc_wiki_1,4way,B3,0.3,0.5,137642,240134,272803.1458608413,1.1360454823591883,385,385,1.6935374587774277,401.0089416503906,3.1390323638916016,
partsupp_yfcc_wiki_1,4way,B3,0.3,0.5,37803,240623,255520.21471459715,1.061911017295093,385,385,1.664680428802967,419.6958312988281,3.166006565093994,
partsupp_yfcc_wiki_1,4way,B3,0.3,0.5,254800,239612,255215.35698391343,1.0651192635757534,385,385,1.6607902944087982,404.8648986816406,3.1417458057403564,
partsupp_yfcc_wiki_1,4way,B3,0.3,0.5,605930,238863,225130.80015948284,1.0609965399260752,385,385,1.6673766076564789,413.02581787109375,2.994133234024048,
partsupp_yfcc_wiki_1,4way,B3,0.3,0.5,209329,239031,230447.1849197218,1.0372485135076328,385,385,1.676567830145359,423.5936584472656,3.0829358100891113,
partsupp_yfcc_wiki_1,4way,B3,0.3,0.5,766585,239714,253491.37661119926,1.0574742259993128,385,385,1.6687195748090744,408.5493469238281,3.306943655014038,
partsupp_yfcc_wiki_1,4way,B3,0.3,0.5,488782,239153,245321.26136359465,1.02579211368285,385,385,1.683301292359829,481.4966125488281,3.3307135105133057,
partsupp_yfcc_wiki_1,4way,B3,0.3,0.5,374559,238234,258475.68387278274,1.0849655543406178,385,385,1.680184155702591,402.8977355957031,3.3245937824249268,
partsupp_yfcc_wiki_1,4way,B3,0.3,0.5,111780,238501,258044.22938441264,1.081941917997881,385,385,1.6649793833494186,428.5323791503906,3.373533010482788,
partsupp_yfcc_wiki_1,4way,B3,0.3,0.5,178188,239073,263491.7878015118,1.102139462848217,385,385,1.640617847442627,413.9275207519531,3.3087639808654785,
partsupp_yfcc_wiki_1,4way,B3,0.3,0.5,539857,240173,227845.10942438286,1.0541064524349975,385,385,1.6577672213315964,416.9714050292969,3.136941432952881,
partsupp_yfcc_wiki_1,4way,B3,0.3,0.5,781264,238584,253833.63719341625,1.0639172668469647,385,385,1.6873255372047424,412.2523498535156,2.9334139823913574,
partsupp_yfcc_wiki_1,4way,B3,0.3,0.5,771184,239728,258750.52276823492,1.0793504420352855,385,385,1.6527976840734482,425.8616638183594,3.119675874710083,
partsupp_yfcc_wiki_1,4way,B3,0.3,0.5,140785,238543,257912.72143823036,1.081200125085332,385,385,1.7009228467941284,414.0555419921875,3.075209140777588,
partsupp_yfcc_wiki_1,4way,B3,0.3,0.5,2505,242348,224162.6181093413,1.0811258453529853,385,385,1.6806581988930702,410.19384765625,3.1343371868133545,
partsupp_yfcc_wiki_1,4way,B3,0.3,0.5,526089,240113,251904.95984659242,1.0491100433820426,385,385,1.6626184806227684,424.7865295410156,3.0387539863586426,
partsupp_yfcc_wiki_1,4way,B3,0.3,0.5,608072,240188,249113.35464772044,1.0371598691346797,385,385,1.746700145304203,394.3855895996094,3.3516080379486084,
partsupp_yfcc_wiki_1,4way,B3,0.3,0.5,224837,239576,233289.50394477643,1.0269471877170766,385,385,1.6795191913843155,429.3984069824219,3.4280149936676025,
partsupp_yfcc_wiki_1,4way,B3,0.3,0.5,386133,240238,230776.97066004155,1.0409964188059975,385,385,1.6830991953611374,406.8495788574219,3.221763849258423,
partsupp_yfcc_wiki_1,4way,B3,0.3,0.5,487850,240657,228344.07165572201,1.0539226976859832,385,385,1.6565844416618347,440.60479736328125,2.8483076095581055,
partsupp_yfcc_wiki_1,4way,B3,0.3,0.5,340195,238201,220375.38964666586,1.0808874819548338,385,385,1.6644084826111794,429.46661376953125,3.2380805015563965,
partsupp_yfcc_wiki_1,4way,B3,0.3,0.5,122774,238182,242596.43685763414,1.0185338810558067,385,385,1.6681710258126259,383.14825439453125,2.8582229614257812,
partsupp_yfcc_wiki_1,4way,B3,0.3,0.5,690833,238731,230733.173085057,1.0346626660050946,385,385,1.6825534403324127,419.6947326660156,3.3686435222625732,
partsupp_yfcc_wiki_1,4way,B3,0.3,0.5,686759,239028,276543.64874634804,1.156950854068762,385,385,1.3855835422873497,386.7430114746094,3.4815328121185303,
partsupp_yfcc_wiki_1,4way,B3,0.3,0.5,154430,240095,249423.16172702087,1.038851961627776,385,385,1.280173659324646,410.4521789550781,2.9615893363952637,
partsupp_yfcc_wiki_1,4way,B3,0.3,0.5,630926,239492,228836.9026278055,1.0465619716480983,385,385,1.5985341742634773,415.25244140625,3.386004686355591,
partsupp_yfcc_wiki_1,4way,B3,0.3,0.5,255248,239192,240809.15040567648,1.0067608883477561,385,385,1.6612811014056206,423.3128356933594,3.1301348209381104,
partsupp_yfcc_wiki_1,4way,B3,0.3,0.5,48107,239649,253834.77407078934,1.0591939631327039,385,385,1.64865143597126,456.1448974609375,3.2600338459014893,
partsupp_yfcc_wiki_1,4way,B3,0.3,0.5,717611,238414,229973.13159157278,1.0367037155602075,385,385,1.6771415248513222,418.3584899902344,2.774536371231079,
partsupp_yfcc_wiki_1,4way,B3,0.3,0.5,559097,238490,216238.01885981535,1.1029050361149042,385,385,1.6526738181710243,439.0888366699219,3.3397130966186523,
partsupp_yfcc_wiki_1,4way,B3,0.3,0.5,527854,241647,245144.2260599741,1.0144724580068203,385,385,1.6508577391505241,422.574951171875,3.1289029121398926,
partsupp_yfcc_wiki_1,4way,B3,0.3,0.5,692258,239457,233773.61522549356,1.0243114894254612,385,385,1.6615288332104683,402.27850341796875,3.7014622688293457,
partsupp_yfcc_wiki_1,4way,B3,0.3,0.5,344709,240479,263779.0103097669,1.0968899999990307,385,385,1.6490882262587547,416.7320251464844,3.0800623893737793,
partsupp_yfcc_wiki_1,4way,B3,0.3,0.5,414737,240841,265952.5974111491,1.1042662894239317,385,385,1.665058545768261,407.9644470214844,3.3149447441101074,
partsupp_yfcc_wiki_1,4way,B3,0.3,0.5,362610,240086,262246.62500478636,1.0923028623276092,385,385,1.4781029894948006,451.0261535644531,3.2579312324523926,
partsupp_yfcc_wiki_1,4way,B3,0.3,0.5,129857,240673,229666.84717504465,1.0479222533000891,385,385,1.847873441874981,433.4189758300781,3.086696147918701,
partsupp_yfcc_wiki_1,4way,B3,0.3,0.5,210898,240545,270653.90229092684,1.1251695204262273,385,385,1.7725303769111633,420.5545654296875,2.8536884784698486,
partsupp_yfcc_wiki_1,4way,B3,0.3,0.5,793779,239767,234568.59395885418,1.0221615603069936,385,385,1.88516266644001,393.6427001953125,2.997621774673462,
partsupp_yfcc_wiki_1,4way,B3,0.3,0.5,634727,240357,241479.65140409168,1.0046707664186676,385,385,1.8672887235879898,415.6064758300781,2.794663429260254,
partsupp_yfcc_wiki_1,4way,B3,0.3,0.5,351141,240218,222920.54440832013,1.0775947126703422,385,385,1.8776562064886093,405.8410949707031,3.0803444385528564,
partsupp_yfcc_wiki_1,4way,B3,0.3,0.5,611020,241641,238867.49910842866,1.0116110433689112,385,385,1.862354576587677,442.6332092285156,2.904170274734497,
partsupp_yfcc_wiki_1,4way,B3,0.5,0.1,145860,399615,371670.7655089775,1.0751854519759034,385,385,1.9175708293914795,439.1873474121094,3.2196497917175293,
partsupp_yfcc_wiki_1,4way,B3,0.5,0.1,359095,401783,409038.96608053276,1.0180594153573763,385,385,1.868722029030323,473.7404479980469,2.9822144508361816,
partsupp_yfcc_wiki_1,4way,B3,0.5,0.1,286093,401388,390687.4112434095,1.0273891311791556,385,385,1.8286937847733498,445.08160400390625,2.9649856090545654,
partsupp_yfcc_wiki_1,4way,B3,0.5,0.1,781121,400386,364039.96397322544,1.0998407856930998,385,385,1.8028169870376587,450.5244445800781,3.111022710800171,
partsupp_yfcc_wiki_1,4way,B3,0.5,0.1,142780,397935,411152.8147433815,1.033216014533483,385,385,1.750248484313488,429.25823974609375,3.2252681255340576,
partsupp_yfcc_wiki_1,4way,B3,0.5,0.1,428790,400238,403178.22278129944,1.007346185972595,385,385,1.8846942111849785,446.4836120605469,2.9219067096710205,
partsupp_yfcc_wiki_1,4way,B3,0.5,0.1,322723,400201,371366.14074616414,1.0776453642109096,385,385,1.8498487770557404,448.7043762207031,3.350651979446411,
partsupp_yfcc_wiki_1,4way,B3,0.5,0.1,588557,402989,393647.75174067065,1.023729967256318,385,385,1.8734373152256012,419.34906005859375,3.320391893386841,
partsupp_yfcc_wiki_1,4way,B3,0.5,0.1,263638,397449,422121.93777986726,1.0620782484793452,385,385,1.8588965758681297,435.5628662109375,3.5575485229492188,
partsupp_yfcc_wiki_1,4way,B3,0.5,0.1,693614,402525,413983.83662248345,1.028467391149577,385,385,1.868004910647869,454.668701171875,2.99692440032959,
partsupp_yfcc_wiki_1,4way,B3,0.5,0.1,546912,400649,368964.31677145633,1.0858746545080395,385,385,1.8123621121048927,427.34295654296875,3.4822041988372803,
partsupp_yfcc_wiki_1,4way,B3,0.5,0.1,444449,399848,363980.0823172318,1.0985436275919818,385,385,1.7976481467485428,461.8314208984375,3.1300487518310547,
partsupp_yfcc_wiki_1,4way,B3,0.5,0.1,663176,398941,387097.93258389004,1.0305944992706553,385,385,1.7927046865224838,430.5004577636719,2.868075370788574,
partsupp_yfcc_wiki_1,4way,B3,0.5,0.1,763999,400874,428668.6881987549,1.0693352230345567,385,385,1.8023652955889702,447.8592529296875,3.2920217514038086,
partsupp_yfcc_wiki_1,4way,B3,0.5,0.1,782168,398418,392935.3480847654,1.013953063632371,385,385,1.787722110748291,436.89190673828125,3.004382610321045,
partsupp_yfcc_wiki_1,4way,B3,0.5,0.1,673362,401193,378660.3733176347,1.059506165075964,385,385,1.824364997446537,440.9338073730469,3.2434425354003906,
partsupp_yfcc_wiki_1,4way,B3,0.5,0.1,83904,399494,417428.1822376166,1.0448922442830597,385,385,1.8265899270772934,427.1029052734375,3.318498134613037,
partsupp_yfcc_wiki_1,4way,B3,0.5,0.1,695261,399284,393967.71951260616,1.0134942032661225,385,385,1.8263915553689003,390.8486328125,3.045443058013916,
partsupp_yfcc_wiki_1,4way,B3,0.5,0.1,386245,401289,384557.19714578585,1.0435092698261765,385,385,1.8371818587183952,434.8009948730469,3.2378246784210205,
partsupp_yfcc_wiki_1,4way,B3,0.5,0.1,69504,400159,424002.1377642001,1.0595841597070168,385,385,1.8692109733819962,441.9433288574219,3.583242416381836,
partsupp_yfcc_wiki_1,4way,B3,0.5,0.1,681535,399300,436584.2565148573,1.0933740458674113,385,385,1.8340088427066803,437.4378967285156,3.599292039871216,
partsupp_yfcc_wiki_1,4way,B3,0.5,0.1,696279,398868,356780.31312711135,1.1179652725342328,385,385,1.819634810090065,446.739990234375,3.277513027191162,
partsupp_yfcc_wiki_1,4way,B3,0.5,0.1,340223,400322,410478.6818614591,1.0253712807726258,385,385,1.803855411708355,443.9110412597656,3.294217109680176,
partsupp_yfcc_wiki_1,4way,B3,0.5,0.1,690943,399862,374704.799230103,1.0671387204583098,385,385,1.7955461516976357,456.0880126953125,3.474707841873169,
partsupp_yfcc_wiki_1,4way,B3,0.5,0.1,636616,399004,405269.3815772522,1.0157025533008495,385,385,1.7502764239907265,443.0145568847656,3.2147040367126465,
partsupp_yfcc_wiki_1,4way,B3,0.5,0.1,48106,398279,363878.16832700156,1.09453942189267,385,385,1.785801723599434,450.49932861328125,3.3630759716033936,
partsupp_yfcc_wiki_1,4way,B3,0.5,0.1,352770,401195,430894.0570800595,1.074026488565559,385,385,1.8430361524224281,435.24591064453125,3.4078516960144043,
partsupp_yfcc_wiki_1,4way,B3,0.5,0.1,536954,400242,371982.7992998413,1.0759691059730427,385,385,1.8531503155827522,455.6474914550781,3.425676107406616,
partsupp_yfcc_wiki_1,4way,B3,0.5,0.1,752067,399625,393508.1450665444,1.015544417593748,385,385,1.8477709963917732,427.1381530761719,3.1004648208618164,
partsupp_yfcc_wiki_1,4way,B3,0.5,0.1,602570,399945,405898.0196113542,1.0148845956602888,385,385,1.8438035622239113,432.95452880859375,3.1115832328796387,
partsupp_yfcc_wiki_1,4way,B3,0.5,0.1,345404,400849,396466.5751768835,1.0110537056526425,385,385,1.8506217747926712,431.9100036621094,3.236467123031616,
partsupp_yfcc_wiki_1,4way,B3,0.5,0.1,628777,397939,409989.2785071229,1.030281722844765,385,385,1.8334630876779556,428.9432067871094,3.219736337661743,
partsupp_yfcc_wiki_1,4way,B3,0.5,0.1,137071,398516,396551.5167205145,1.0049539169481225,385,385,1.7885519191622734,442.3421936035156,3.162165880203247,
partsupp_yfcc_wiki_1,4way,B3,0.5,0.1,296404,398916,398502.490693563,1.0010376580224563,385,385,1.7558373510837555,455.28302001953125,3.6013643741607666,
partsupp_yfcc_wiki_1,4way,B3,0.5,0.1,703153,400899,397503.52323854866,1.0085420041910262,385,385,1.7568748444318771,435.5555419921875,3.570199489593506,
partsupp_yfcc_wiki_1,4way,B3,0.5,0.1,438962,399192,366432.8946319007,1.0894000125207302,385,385,1.7899936065077782,429.833984375,2.9620509147644043,
partsupp_yfcc_wiki_1,4way,B3,0.5,0.1,33248,399042,385055.11231570673,1.0363243786069394,385,385,1.887992024421692,425.6045837402344,2.8117189407348633,
partsupp_yfcc_wiki_1,4way,B3,0.5,0.1,779894,400667,392742.6140550487,1.0201770463946664,385,385,1.8399907276034355,427.0380859375,2.9568333625793457,
partsupp_yfcc_wiki_1,4way,B3,0.5,0.1,304120,399162,394334.5860016059,1.012241923913756,385,385,1.7975233495235443,423.22247314453125,3.120129108428955,
partsupp_yfcc_wiki_1,4way,B3,0.5,0.1,73745,398772,390540.2627112779,1.0210778198170256,385,385,1.8145227804780006,436.4401550292969,3.0156612396240234,
partsupp_yfcc_wiki_1,4way,B3,0.5,0.1,516733,399715,406686.6618887801,1.0174415818490177,385,385,1.8800869584083557,397.6190185546875,3.3524067401885986,
partsupp_yfcc_wiki_1,4way,B3,0.5,0.1,181346,399389,407263.71156509,1.0197168964720862,385,385,1.8783686682581902,489.1304931640625,3.606886386871338,
partsupp_yfcc_wiki_1,4way,B3,0.5,0.1,620747,399050,406809.48003591015,1.0194448816837742,385,385,1.8096165731549263,410.5248107910156,3.348391532897949,
partsupp_yfcc_wiki_1,4way,B3,0.5,0.1,738510,400716,400690.29641219415,1.0000641482662196,385,385,1.8229614943265915,438.73455810546875,3.110562801361084,
partsupp_yfcc_wiki_1,4way,B3,0.5,0.1,111011,398389,369735.46982492117,1.0774973799204253,385,385,5.112487822771072,426.3363037109375,3.2114758491516113,
partsupp_yfcc_wiki_1,4way,B3,0.5,0.1,426052,402211,409883.2193773188,1.019075110768524,385,385,8.000503294169903,429.0536193847656,3.1900951862335205,
partsupp_yfcc_wiki_1,4way,B3,0.5,0.1,724169,399697,380181.82742452587,1.05133115569378,385,385,11.839277110993862,449.85443115234375,3.185068130493164,
partsupp_yfcc_wiki_1,4way,B3,0.5,0.1,588630,400278,407604.96412816073,1.0183046885618514,385,385,1.311473548412323,458.0417785644531,3.3296051025390625,
partsupp_yfcc_wiki_1,4way,B3,0.5,0.1,790256,401182,345872.87929733907,1.1599117017067793,385,385,1.299331896007061,471.0289306640625,3.026947259902954,
partsupp_yfcc_wiki_1,4way,B3,0.5,0.1,201003,399524,387492.45867597434,1.0310497431747092,385,385,1.276504248380661,455.64447021484375,3.2214205265045166,
partsupp_yfcc_wiki_1,4way,B3,0.5,0.1,6443,399610,394408.8161397649,1.0131872910731081,385,385,1.2790197506546974,436.6886901855469,3.2246556282043457,
partsupp_yfcc_wiki_1,4way,B3,0.5,0.1,642763,399211,393050.43167206756,1.015673735051568,385,385,1.2720422819256783,427.51715087890625,3.1688320636749268,
partsupp_yfcc_wiki_1,4way,B3,0.5,0.1,193392,399487,357503.9154074637,1.117433915499041,385,385,1.2798160314559937,417.566650390625,3.302262783050537,
partsupp_yfcc_wiki_1,4way,B3,0.5,0.1,203755,402627,403294.1717083906,1.0016570466173171,385,385,1.284262165427208,427.8919677734375,3.2884509563446045,
partsupp_yfcc_wiki_1,4way,B3,0.5,0.1,94462,399758,358086.72257546417,1.1163720260969852,385,385,1.2789508327841759,451.7583923339844,3.2820208072662354,
partsupp_yfcc_wiki_1,4way,B3,0.5,0.1,590890,400359,397149.8881075083,1.008080354517494,385,385,1.2634256854653358,422.11846923828125,3.3000500202178955,
partsupp_yfcc_wiki_1,4way,B3,0.5,0.1,783383,398066,375844.0394173397,1.0591254835838566,385,385,1.3032285496592522,457.0229797363281,3.240548849105835,
partsupp_yfcc_wiki_1,4way,B3,0.5,0.1,737605,402420,390500.3138077376,1.0305241398554446,385,385,1.2529687955975533,413.2887878417969,3.3159680366516113,
partsupp_yfcc_wiki_1,4way,B3,0.5,0.1,516560,399767,377724.64919131546,1.0583556060105577,385,385,1.2715067714452744,438.1680603027344,3.455428123474121,
partsupp_yfcc_wiki_1,4way,B3,0.5,0.1,137642,400530,393263.3361132935,1.0184778575051632,385,385,1.2639574706554413,419.0437316894531,3.242206335067749,
partsupp_yfcc_wiki_1,4way,B3,0.5,0.1,37803,401453,407135.6452387302,1.014155194353337,385,385,1.2538991868495941,438.13653564453125,3.2687647342681885,
partsupp_yfcc_wiki_1,4way,B3,0.5,0.1,254800,400732,402619.27495388,1.0047095688736611,385,385,1.3223160058259964,421.6297302246094,3.2437825202941895,
partsupp_yfcc_wiki_1,4way,B3,0.5,0.1,605930,398612,388754.5921002989,1.0253563767477192,385,385,1.3422323390841484,431.44439697265625,3.087928295135498,
partsupp_yfcc_wiki_1,4way,B3,0.5,0.1,209329,399698,392350.9256047575,1.0187257730663384,385,385,1.2387679889798164,435.7575378417969,3.1931419372558594,
partsupp_yfcc_wiki_1,4way,B3,0.5,0.1,766585,397396,390610.6225457873,1.017371205652292,385,385,1.2479862198233604,422.872314453125,3.410522222518921,
partsupp_yfcc_wiki_1,4way,B3,0.5,0.1,488782,398748,434775.18146803597,1.090350751522355,385,385,1.2949500232934952,492.1089782714844,3.4162635803222656,
partsupp_yfcc_wiki_1,4way,B3,0.5,0.1,374559,398695,397225.84001466323,1.00369855089307,385,385,1.2649474665522575,417.078125,3.4265925884246826,
partsupp_yfcc_wiki_1,4way,B3,0.5,0.1,111780,397115,423501.8430731428,1.0664463519966327,385,385,1.2488141655921936,450.9600830078125,3.453725576400757,
partsupp_yfcc_wiki_1,4way,B3,0.5,0.1,178188,397617,401049.45572455385,1.0086325678342571,385,385,1.2521389871835709,426.2264709472656,3.4229471683502197,
partsupp_yfcc_wiki_1,4way,B3,0.5,0.1,539857,399397,388330.38716020103,1.0284979316728917,385,385,1.2326976284384727,432.03662109375,3.2578957080841064,
partsupp_yfcc_wiki_1,4way,B3,0.5,0.1,781264,400010,399739.25772508036,1.0006772971873226,385,385,1.2667784467339516,427.9248046875,3.049591064453125,
partsupp_yfcc_wiki_1,4way,B3,0.5,0.1,771184,397642,406757.15674208093,1.0229230230762367,385,385,1.263028010725975,446.5933532714844,3.250993251800537,
partsupp_yfcc_wiki_1,4way,B3,0.5,0.1,140785,396739,378204.90349548013,1.049005436823326,385,385,1.2710243463516235,431.33038330078125,3.1912899017333984,
partsupp_yfcc_wiki_1,4way,B3,0.5,0.1,2505,399305,392845.510265747,1.0164428243812265,385,385,1.275511458516121,421.6029052734375,3.262022018432617,
partsupp_yfcc_wiki_1,4way,B3,0.5,0.1,526089,401016,415978.8957427883,1.0373124656941077,385,385,1.2600887566804886,435.79541015625,3.1631457805633545,
partsupp_yfcc_wiki_1,4way,B3,0.5,0.1,608072,401395,390866.11833031394,1.0269373096718204,385,385,1.271815039217472,402.75909423828125,3.4596242904663086,
partsupp_yfcc_wiki_1,4way,B3,0.5,0.1,224837,398648,380502.8419079232,1.0476873129280535,385,385,1.2474153190851212,437.2459411621094,3.5153305530548096,
partsupp_yfcc_wiki_1,4way,B3,0.5,0.1,386133,400299,378392.0481408988,1.0578948526184246,385,385,1.2407051399350166,423.341796875,3.3409440517425537,
partsupp_yfcc_wiki_1,4way,B3,0.5,0.1,487850,400152,382582.67065621377,1.0459229617317767,385,385,1.2428788468241692,451.381103515625,2.9737961292266846,
partsupp_yfcc_wiki_1,4way,B3,0.5,0.1,340195,398037,411114.4155806258,1.0328547737537612,385,385,1.2861210852861404,445.21075439453125,3.3361666202545166,
partsupp_yfcc_wiki_1,4way,B3,0.5,0.1,122774,399320,396563.05730382696,1.0069520915914787,385,385,1.262814737856388,399.5509948730469,2.9925975799560547,
partsupp_yfcc_wiki_1,4way,B3,0.5,0.1,690833,398609,398653.2124449908,1.0001109168257385,385,385,1.283702440559864,440.4053649902344,3.4445395469665527,
partsupp_yfcc_wiki_1,4way,B3,0.5,0.1,686759,401250,425782.91221862886,1.0611412142520344,385,385,1.2572798877954483,395.3150634765625,3.5822367668151855,
partsupp_yfcc_wiki_1,4way,B3,0.5,0.1,154430,398601,400876.56720562896,1.005708884838796,385,385,1.2642396613955498,420.52886962890625,3.0902206897735596,
partsupp_yfcc_wiki_1,4way,B3,0.5,0.1,630926,397926,384405.0412219395,1.0351737290829495,385,385,1.2653553858399391,429.1429138183594,3.4742069244384766,
partsupp_yfcc_wiki_1,4way,B3,0.5,0.1,255248,398528,394630.6106476111,1.0098760441973649,385,385,1.199048012495041,442.417236328125,3.2602715492248535,
partsupp_yfcc_wiki_1,4way,B3,0.5,0.1,48107,399282,418114.1440193222,1.0471650212614698,385,385,1.260293647646904,466.3829040527344,3.3630759716033936,
partsupp_yfcc_wiki_1,4way,B3,0.5,0.1,717611,399714,421590.421985549,1.0547301870476116,385,385,1.2688422575592995,441.1711730957031,2.9142706394195557,
partsupp_yfcc_wiki_1,4way,B3,0.5,0.1,559097,398793,424175.0337713247,1.0636471396722729,385,385,1.2516174465417862,454.1783752441406,3.4353229999542236,
partsupp_yfcc_wiki_1,4way,B3,0.5,0.1,527854,400209,410001.3404512926,1.024468066563452,385,385,1.2531233951449394,435.4969787597656,3.2362077236175537,
partsupp_yfcc_wiki_1,4way,B3,0.5,0.1,692258,399561,401737.67050788354,1.0054476550711495,385,385,1.276833936572075,416.83154296875,3.776059865951538,
partsupp_yfcc_wiki_1,4way,B3,0.5,0.1,344709,400354,410314.16645157366,1.024878398746044,385,385,1.2683514505624771,429.8712158203125,3.213989496231079,
partsupp_yfcc_wiki_1,4way,B3,0.5,0.1,414737,402365,380194.2474401816,1.0583142767390414,385,385,1.2600990012288094,419.09307861328125,3.403557300567627,
partsupp_yfcc_wiki_1,4way,B3,0.5,0.1,362610,398680,387896.73519386165,1.0277993182921459,385,385,1.2669051066040993,459.2562255859375,3.365111827850342,
partsupp_yfcc_wiki_1,4way,B3,0.5,0.1,129857,400132,437246.57762875105,1.0927558346464443,385,385,1.2563969939947128,447.29144287109375,3.189283847808838,
partsupp_yfcc_wiki_1,4way,B3,0.5,0.1,210898,400546,395463.10378554655,1.0128530226101948,385,385,1.2573935091495514,434.52911376953125,2.9655251502990723,
partsupp_yfcc_wiki_1,4way,B3,0.5,0.1,793779,398747,438445.1062861469,1.0995571284201433,385,385,1.2533562257885933,406.6611328125,3.1118245124816895,
partsupp_yfcc_wiki_1,4way,B3,0.5,0.1,634727,399186,400998.67750960024,1.0045409345758625,385,385,1.269822008907795,427.08856201171875,2.9159677028656006,
partsupp_yfcc_wiki_1,4way,B3,0.5,0.1,351141,398896,412403.2260491385,1.0338615229261223,385,385,1.2554451823234558,423.3606872558594,3.1640126705169678,
partsupp_yfcc_wiki_1,4way,B3,0.5,0.1,611020,400507,410802.4001530223,1.0257059181313244,385,385,1.2491010129451752,457.6464538574219,3.011030912399292,
partsupp_yfcc_wiki_1,4way,B3,0.5,0.2,145860,399615,383775.55875986465,1.0412726680441011,385,385,1.293005421757698,439.1873474121094,3.2196497917175293,
partsupp_yfcc_wiki_1,4way,B3,0.5,0.2,359095,401783,407033.4930959456,1.0130679822091666,385,385,1.2546004727482796,473.7404479980469,2.9822144508361816,
partsupp_yfcc_wiki_1,4way,B3,0.5,0.2,286093,401388,380058.8556727476,1.0561206350250605,385,385,1.2464048340916634,445.08160400390625,2.9649856090545654,
partsupp_yfcc_wiki_1,4way,B3,0.5,0.2,781121,400386,395030.1032388012,1.0135581990265716,385,385,1.2553175911307335,450.5244445800781,3.111022710800171,
partsupp_yfcc_wiki_1,4way,B3,0.5,0.2,142780,397935,408915.43499301776,1.0275935391282942,385,385,1.243426464498043,429.25823974609375,3.2252681255340576,
partsupp_yfcc_wiki_1,4way,B3,0.5,0.2,428790,400238,390442.2627432343,1.0250888241143292,385,385,1.216256059706211,446.4836120605469,2.9219067096710205,
partsupp_yfcc_wiki_1,4way,B3,0.5,0.2,322723,400201,427792.43624325166,1.068943946275126,385,385,1.2148721143603325,448.7043762207031,3.350651979446411,
partsupp_yfcc_wiki_1,4way,B3,0.5,0.2,588557,402989,368523.1011209166,1.0935243917525126,385,385,1.1951364576816559,419.34906005859375,3.320391893386841,
partsupp_yfcc_wiki_1,4way,B3,0.5,0.2,263638,397449,380283.218319615,1.0451394667275529,385,385,1.1984892189502716,435.5628662109375,3.5575485229492188,
partsupp_yfcc_wiki_1,4way,B3,0.5,0.2,693614,402525,391035.7177723569,1.0293816695137084,385,385,1.2336215004324913,454.668701171875,2.99692440032959,
partsupp_yfcc_wiki_1,4way,B3,0.5,0.2,546912,400649,394520.8546197297,1.015533134201935,385,385,1.2621497735381126,427.34295654296875,3.4822041988372803,
partsupp_yfcc_wiki_1,4way,B3,0.5,0.2,444449,399848,424339.8042849951,1.0612527867714607,385,385,1.247732900083065,461.8314208984375,3.1300487518310547,
partsupp_yfcc_wiki_1,4way,B3,0.5,0.2,663176,398941,385291.860384217,1.0354254553993743,385,385,1.2349030002951622,430.5004577636719,2.868075370788574,
partsupp_yfcc_wiki_1,4way,B3,0.5,0.2,763999,400874,351553.56552085635,1.1402928012010667,385,385,1.2743789702653885,447.8592529296875,3.2920217514038086,
partsupp_yfcc_wiki_1,4way,B3,0.5,0.2,782168,398418,385013.0807429727,1.034816789162486,385,385,1.2467959895730019,436.89190673828125,3.004382610321045,
partsupp_yfcc_wiki_1,4way,B3,0.5,0.2,673362,401193,397494.185212923,1.0093053305549506,385,385,1.2073460966348648,440.9338073730469,3.2434425354003906,
partsupp_yfcc_wiki_1,4way,B3,0.5,0.2,83904,399494,420016.8612317924,1.0513721388351074,385,385,1.2071318924427032,427.1029052734375,3.318498134613037,
partsupp_yfcc_wiki_1,4way,B3,0.5,0.2,695261,399284,386928.67616691627,1.0319317863836843,385,385,1.1899909004569054,390.8486328125,3.045443058013916,
partsupp_yfcc_wiki_1,4way,B3,0.5,0.2,386245,401289,381274.2712036048,1.0524943074003204,385,385,1.2001367285847664,434.8009948730469,3.2378246784210205,
partsupp_yfcc_wiki_1,4way,B3,0.5,0.2,69504,400159,428023.28777903906,1.0696330403140728,385,385,1.2165345251560211,441.9433288574219,3.583242416381836,
partsupp_yfcc_wiki_1,4way,B3,0.5,0.2,681535,399300,407402.01348920487,1.020290542171813,385,385,1.224384643137455,437.4378967285156,3.599292039871216,
partsupp_yfcc_wiki_1,4way,B3,0.5,0.2,696279,398868,358758.2156476186,1.1118017165961664,385,385,1.2309923768043518,446.739990234375,3.277513027191162,
partsupp_yfcc_wiki_1,4way,B3,0.5,0.2,340223,400322,413407.5018818277,1.0326874413143112,385,385,1.2230845168232918,443.9110412597656,3.294217109680176,
partsupp_yfcc_wiki_1,4way,B3,0.5,0.2,690943,399862,388128.3480332189,1.0302313706953887,385,385,1.2322990223765373,456.0880126953125,3.474707841873169,
partsupp_yfcc_wiki_1,4way,B3,0.5,0.2,636616,399004,387486.4464500118,1.0297237584837022,385,385,1.2170309200882912,443.0145568847656,3.2147040367126465,
partsupp_yfcc_wiki_1,4way,B3,0.5,0.2,48106,398279,411670.76356652926,1.033624076505488,385,385,1.2521157041192055,450.49932861328125,3.3630759716033936,
partsupp_yfcc_wiki_1,4way,B3,0.5,0.2,352770,401195,426521.9406533088,1.0631287544792651,385,385,1.25083327293396,435.24591064453125,3.4078516960144043,
partsupp_yfcc_wiki_1,4way,B3,0.5,0.2,536954,400242,399877.0982098224,1.0009125348558625,385,385,1.2410003691911697,455.6474914550781,3.425676107406616,
partsupp_yfcc_wiki_1,4way,B3,0.5,0.2,752067,399625,414361.4215952491,1.0368756248864537,385,385,1.242656260728836,427.1381530761719,3.1004648208618164,
partsupp_yfcc_wiki_1,4way,B3,0.5,0.2,602570,399945,388523.4128912976,1.0293974229859295,385,385,1.2553418055176735,432.95452880859375,3.1115832328796387,
partsupp_yfcc_wiki_1,4way,B3,0.5,0.2,345404,400849,390889.43055122765,1.0254792498091532,385,385,1.2509245425462723,431.9100036621094,3.236467123031616,
partsupp_yfcc_wiki_1,4way,B3,0.5,0.2,628777,397939,430067.5078881236,1.080737268496236,385,385,1.229795627295971,428.9432067871094,3.219736337661743,
partsupp_yfcc_wiki_1,4way,B3,0.5,0.2,137071,398516,372117.1155599822,1.0709424085486938,385,385,2.933899872004986,442.3421936035156,3.162165880203247,
partsupp_yfcc_wiki_1,4way,B3,0.5,0.2,296404,398916,411480.270406121,1.0314960302572997,385,385,10.110541246831417,455.28302001953125,3.6013643741607666,
partsupp_yfcc_wiki_1,4way,B3,0.5,0.2,703153,400899,409450.50170687336,1.0213308132643717,385,385,2.181696705520153,435.5555419921875,3.570199489593506,
partsupp_yfcc_wiki_1,4way,B3,0.5,0.2,438962,399192,441428.13432893384,1.1058040600235823,385,385,2.065051347017288,429.833984375,2.9620509147644043,
partsupp_yfcc_wiki_1,4way,B3,0.5,0.2,33248,399042,418097.42512627516,1.047752931085638,385,385,1.9401060417294502,425.6045837402344,2.8117189407348633,
partsupp_yfcc_wiki_1,4way,B3,0.5,0.2,779894,400667,393108.03734958917,1.0192287156003597,385,385,1.9085835665464401,427.0380859375,2.9568333625793457,
partsupp_yfcc_wiki_1,4way,B3,0.5,0.2,304120,399162,392490.95326711796,1.0169966891653217,385,385,1.84597447514534,423.22247314453125,3.120129108428955,
partsupp_yfcc_wiki_1,4way,B3,0.5,0.2,73745,398772,411280.9367479937,1.0313686436058542,385,385,1.7479173839092255,436.4401550292969,3.0156612396240234,
partsupp_yfcc_wiki_1,4way,B3,0.5,0.2,516733,399715,375945.0670287951,1.0632271442183447,385,385,1.6996907070279121,397.6190185546875,3.3524067401885986,
partsupp_yfcc_wiki_1,4way,B3,0.5,0.2,181346,399389,382635.40127163864,1.043784758735556,385,385,1.6532223671674728,489.1304931640625,3.606886386871338,
partsupp_yfcc_wiki_1,4way,B3,0.5,0.2,620747,399050,405349.07714760763,1.015785182677879,385,385,7.62318167835474,410.5248107910156,3.348391532897949,
partsupp_yfcc_wiki_1,4way,B3,0.5,0.2,738510,400716,420397.90722070605,1.049116848892248,385,385,1.6062874346971512,438.73455810546875,3.110562801361084,
partsupp_yfcc_wiki_1,4way,B3,0.5,0.2,111011,398389,381029.3607412982,1.045559846687217,385,385,1.5119444578886032,426.3363037109375,3.2114758491516113,
partsupp_yfcc_wiki_1,4way,B3,0.5,0.2,426052,402211,407625.66070337733,1.0134622392310935,385,385,7.5565483421087265,429.0536193847656,3.1900951862335205,
partsupp_yfcc_wiki_1,4way,B3,0.5,0.2,724169,399697,370205.6024198801,1.0796622130711877,385,385,1.5267180278897285,449.85443115234375,3.185068130493164,
partsupp_yfcc_wiki_1,4way,B3,0.5,0.2,588630,400278,410626.7710958129,1.025853959237862,385,385,1.4723408967256546,458.0417785644531,3.3296051025390625,
partsupp_yfcc_wiki_1,4way,B3,0.5,0.2,790256,401182,422551.4829575033,1.0532663054611207,385,385,1.4425460249185562,471.0289306640625,3.026947259902954,
partsupp_yfcc_wiki_1,4way,B3,0.5,0.2,201003,399524,375753.4048795542,1.0632611569496366,385,385,1.4823097735643387,455.64447021484375,3.2214205265045166,
partsupp_yfcc_wiki_1,4way,B3,0.5,0.2,6443,399610,406775.7169791022,1.0179317759292865,385,385,1.4162352308630943,436.6886901855469,3.2246556282043457,
partsupp_yfcc_wiki_1,4way,B3,0.5,0.2,642763,399211,386837.5367553343,1.0319862011025358,385,385,1.7578667029738426,427.51715087890625,3.1688320636749268,
partsupp_yfcc_wiki_1,4way,B3,0.5,0.2,193392,399487,379928.7147146516,1.051478828864088,385,385,1.3923393562436104,417.566650390625,3.302262783050537,
partsupp_yfcc_wiki_1,4way,B3,0.5,0.2,203755,402627,396862.7825819388,1.0145244595135878,385,385,1.3602441176772118,427.8919677734375,3.2884509563446045,
partsupp_yfcc_wiki_1,4way,B3,0.5,0.2,94462,399758,396786.7796351014,1.0074882040365132,385,385,1.3586822897195816,451.7583923339844,3.2820208072662354,
partsupp_yfcc_wiki_1,4way,B3,0.5,0.2,590890,400359,382257.4036287552,1.0473544690028422,385,385,1.3327905908226967,422.11846923828125,3.3000500202178955,
partsupp_yfcc_wiki_1,4way,B3,0.5,0.2,783383,398066,400862.5261976536,1.0070252827361634,385,385,1.627819612622261,457.0229797363281,3.240548849105835,
partsupp_yfcc_wiki_1,4way,B3,0.5,0.2,737605,402420,413910.5728629934,1.02855368237909,385,385,1.3597141951322556,413.2887878417969,3.3159680366516113,
partsupp_yfcc_wiki_1,4way,B3,0.5,0.2,516560,399767,393697.3192516376,1.0154171249118484,385,385,1.353180967271328,438.1680603027344,3.455428123474121,
partsupp_yfcc_wiki_1,4way,B3,0.5,0.2,137642,400530,369854.1983822492,1.0829402552463308,385,385,1.3137077912688255,419.0437316894531,3.242206335067749,
partsupp_yfcc_wiki_1,4way,B3,0.5,0.2,37803,401453,418017.5072104479,1.0412613860413247,385,385,1.6777189448475838,438.13653564453125,3.2687647342681885,
partsupp_yfcc_wiki_1,4way,B3,0.5,0.2,254800,400732,353646.94709942886,1.1331414092126548,385,385,1.3008732348680496,421.6297302246094,3.2437825202941895,
partsupp_yfcc_wiki_1,4way,B3,0.5,0.2,605930,398612,399251.35725547257,1.001603958875981,385,385,1.2902645394206047,431.44439697265625,3.087928295135498,
partsupp_yfcc_wiki_1,4way,B3,0.5,0.2,209329,399698,388856.20390448876,1.0278812475836805,385,385,1.2694764882326126,435.7575378417969,3.1931419372558594,
partsupp_yfcc_wiki_1,4way,B3,0.5,0.2,766585,397396,403019.6461323007,1.0141512399025172,385,385,1.2596054002642632,422.872314453125,3.410522222518921,
partsupp_yfcc_wiki_1,4way,B3,0.5,0.2,488782,398748,399306.45368225535,1.0014005178264351,385,385,1.3169562444090843,492.1089782714844,3.4162635803222656,
partsupp_yfcc_wiki_1,4way,B3,0.5,0.2,374559,398695,405460.85998862644,1.0169700146443432,385,385,1.2975092977285385,417.078125,3.4265925884246826,
partsupp_yfcc_wiki_1,4way,B3,0.5,0.2,111780,397115,395344.168196255,1.0044792156966027,385,385,7.315622642636299,450.9600830078125,3.453725576400757,
partsupp_yfcc_wiki_1,4way,B3,0.5,0.2,178188,397617,364067.5346960631,1.0921517633588098,385,385,1.2716734781861305,426.2264709472656,3.4229471683502197,
partsupp_yfcc_wiki_1,4way,B3,0.5,0.2,539857,399397,402970.4688702881,1.0089471600194495,385,385,1.2795226648449898,432.03662109375,3.2578957080841064,
partsupp_yfcc_wiki_1,4way,B3,0.5,0.2,781264,400010,389287.6866996917,1.0275434175460572,385,385,1.3085529208183289,427.9248046875,3.049591064453125,
partsupp_yfcc_wiki_1,4way,B3,0.5,0.2,771184,397642,394613.6635669248,1.007674180376072,385,385,1.3130735605955124,446.5933532714844,3.250993251800537,
partsupp_yfcc_wiki_1,4way,B3,0.5,0.2,140785,396739,383316.99620503635,1.0350154152512043,385,385,1.2938864529132843,431.33038330078125,3.1912899017333984,
partsupp_yfcc_wiki_1,4way,B3,0.5,0.2,2505,399305,411362.10687466594,1.0301952314012246,385,385,7.325949147343636,421.6029052734375,3.262022018432617,
partsupp_yfcc_wiki_1,4way,B3,0.5,0.2,526089,401016,374215.6366652985,1.0716174331289956,385,385,1.2817401438951492,435.79541015625,3.1631457805633545,
partsupp_yfcc_wiki_1,4way,B3,0.5,0.2,608072,401395,386630.445474467,1.0381877699967839,385,385,1.2772204354405403,402.75909423828125,3.4596242904663086,
partsupp_yfcc_wiki_1,4way,B3,0.5,0.2,224837,398648,367973.7392951037,1.0833599179214701,385,385,1.2942655012011528,437.2459411621094,3.5153305530548096,
partsupp_yfcc_wiki_1,4way,B3,0.5,0.2,386133,400299,444621.07155604317,1.1107224138857283,385,385,1.2671509757637978,423.341796875,3.3409440517425537,
partsupp_yfcc_wiki_1,4way,B3,0.5,0.2,487850,400152,378445.30196853983,1.0573575571385072,385,385,1.2297313660383224,451.381103515625,2.9737961292266846,
partsupp_yfcc_wiki_1,4way,B3,0.5,0.2,340195,398037,408850.63186603144,1.0271674036987302,385,385,1.2473007664084435,445.21075439453125,3.3361666202545166,
partsupp_yfcc_wiki_1,4way,B3,0.5,0.2,122774,399320,407548.8135231614,1.0206070658197972,385,385,1.2390604242682457,399.5509948730469,2.9925975799560547,
partsupp_yfcc_wiki_1,4way,B3,0.5,0.2,690833,398609,391011.5003765486,1.0194303738282247,385,385,1.232658512890339,440.4053649902344,3.4445395469665527,
partsupp_yfcc_wiki_1,4way,B3,0.5,0.2,686759,401250,405266.25107198005,1.010009348465994,385,385,1.5861382707953453,395.3150634765625,3.5822367668151855,
partsupp_yfcc_wiki_1,4way,B3,0.5,0.2,154430,398601,386953.0511077484,1.030101710941176,385,385,1.2734802439808846,420.52886962890625,3.0902206897735596,
partsupp_yfcc_wiki_1,4way,B3,0.5,0.2,630926,397926,376070.4020608808,1.058115708706002,385,385,1.2678252533078194,429.1429138183594,3.4742069244384766,
partsupp_yfcc_wiki_1,4way,B3,0.5,0.2,255248,398528,388122.047076588,1.0268110327712423,385,385,3.4095151349902153,442.417236328125,3.2602715492248535,
partsupp_yfcc_wiki_1,4way,B3,0.5,0.2,48107,399282,388626.16359566036,1.027419246058344,385,385,1.2398548424243927,466.3829040527344,3.3630759716033936,
partsupp_yfcc_wiki_1,4way,B3,0.5,0.2,717611,399714,364187.79008369055,1.0975491515191806,385,385,1.234772615134716,441.1711730957031,2.9142706394195557,
partsupp_yfcc_wiki_1,4way,B3,0.5,0.2,559097,398793,380673.024772524,1.0475998404097684,385,385,1.222803257405758,454.1783752441406,3.4353229999542236,
partsupp_yfcc_wiki_1,4way,B3,0.5,0.2,527854,400209,424202.7017439638,1.0599529289545309,385,385,1.2513333931565285,435.4969787597656,3.2362077236175537,
partsupp_yfcc_wiki_1,4way,B3,0.5,0.2,692258,399561,405931.5750936607,1.0159439362041358,385,385,5.635800771415234,416.83154296875,3.776059865951538,
partsupp_yfcc_wiki_1,4way,B3,0.5,0.2,344709,400354,398758.4631454989,1.0040012614200464,385,385,1.2715263292193413,429.8712158203125,3.213989496231079,
partsupp_yfcc_wiki_1,4way,B3,0.5,0.2,414737,402365,378345.3606841996,1.0634860151908914,385,385,1.2296363711357117,419.09307861328125,3.403557300567627,
partsupp_yfcc_wiki_1,4way,B3,0.5,0.2,362610,398680,411418.7903549262,1.0319524188695852,385,385,1.229860819876194,459.2562255859375,3.365111827850342,
partsupp_yfcc_wiki_1,4way,B3,0.5,0.2,129857,400132,387116.91661941976,1.0336205493013253,385,385,1.225445419549942,447.29144287109375,3.189283847808838,
partsupp_yfcc_wiki_1,4way,B3,0.5,0.2,210898,400546,412085.7238044569,1.0288099838831417,385,385,1.2260684743523598,434.52911376953125,2.9655251502990723,
partsupp_yfcc_wiki_1,4way,B3,0.5,0.2,793779,398747,424195.8975997958,1.0638221669374208,385,385,1.2471526861190796,406.6611328125,3.1118245124816895,
partsupp_yfcc_wiki_1,4way,B3,0.5,0.2,634727,399186,419839.5129411104,1.0517390713629997,385,385,1.2419838458299637,427.08856201171875,2.9159677028656006,
partsupp_yfcc_wiki_1,4way,B3,0.5,0.2,351141,398896,407617.4767538109,1.021864036625614,385,385,1.2387176975607872,423.3606872558594,3.1640126705169678,
partsupp_yfcc_wiki_1,4way,B3,0.5,0.2,611020,400507,403290.3711125575,1.006949619139135,385,385,1.252894289791584,457.6464538574219,3.011030912399292,
partsupp_yfcc_wiki_1,4way,B3,0.5,0.3,145860,399615,382583.3102930817,1.0445175972100587,385,385,1.2792786583304405,439.1873474121094,3.2196497917175293,
partsupp_yfcc_wiki_1,4way,B3,0.5,0.3,359095,401783,371970.84350614384,1.0801464873237134,385,385,1.2741228565573692,473.7404479980469,2.9822144508361816,
partsupp_yfcc_wiki_1,4way,B3,0.5,0.3,286093,401388,376597.75669969514,1.0658268480342357,385,385,1.6625374555587769,445.08160400390625,2.9649856090545654,
partsupp_yfcc_wiki_1,4way,B3,0.5,0.3,781121,400386,413911.14545818244,1.0337802656890662,385,385,1.2818649411201477,450.5244445800781,3.111022710800171,
partsupp_yfcc_wiki_1,4way,B3,0.5,0.3,142780,397935,330537.5332326915,1.2039026131409472,385,385,1.2878132984042168,429.25823974609375,3.2252681255340576,
partsupp_yfcc_wiki_1,4way,B3,0.5,0.3,428790,400238,400897.14423830877,1.0016468807017544,385,385,1.276116818189621,446.4836120605469,2.9219067096710205,
partsupp_yfcc_wiki_1,4way,B3,0.5,0.3,322723,400201,434149.77769135026,1.0848293174963337,385,385,1.2666163966059685,448.7043762207031,3.350651979446411,
partsupp_yfcc_wiki_1,4way,B3,0.5,0.3,588557,402989,415470.7085853819,1.0309728270135956,385,385,1.26667320728302,419.34906005859375,3.320391893386841,
partsupp_yfcc_wiki_1,4way,B3,0.5,0.3,263638,397449,406576.72600377514,1.0229657792667113,385,385,1.5398114919662476,435.5628662109375,3.5575485229492188,
partsupp_yfcc_wiki_1,4way,B3,0.5,0.3,693614,402525,378368.5789740947,1.063843623303507,385,385,1.2694131582975388,454.668701171875,2.99692440032959,
partsupp_yfcc_wiki_1,4way,B3,0.5,0.3,546912,400649,407173.30315999984,1.0162843365639247,385,385,1.2397905811667442,427.34295654296875,3.4822041988372803,
partsupp_yfcc_wiki_1,4way,B3,0.5,0.3,444449,399848,382911.2386352775,1.0442315598390017,385,385,1.2392615899443626,461.8314208984375,3.1300487518310547,
partsupp_yfcc_wiki_1,4way,B3,0.5,0.3,663176,398941,397436.1833831017,1.0037863100538276,385,385,1.2254174798727036,430.5004577636719,2.868075370788574,
partsupp_yfcc_wiki_1,4way,B3,0.5,0.3,763999,400874,436924.0530378894,1.0899286385195583,385,385,1.221626065671444,447.8592529296875,3.2920217514038086,
partsupp_yfcc_wiki_1,4way,B3,0.5,0.3,782168,398418,415185.11738323374,1.0420842366138923,385,385,1.2295348569750786,436.89190673828125,3.004382610321045,
partsupp_yfcc_wiki_1,4way,B3,0.5,0.3,673362,401193,408092.4291379325,1.0171972819514112,385,385,1.222803257405758,440.9338073730469,3.2434425354003906,
partsupp_yfcc_wiki_1,4way,B3,0.5,0.3,83904,399494,396899.09998520656,1.006537933734015,385,385,1.2218393385410309,427.1029052734375,3.318498134613037,
partsupp_yfcc_wiki_1,4way,B3,0.5,0.3,695261,399284,384966.9191509635,1.0371904185445662,385,385,1.2270007282495499,390.8486328125,3.045443058013916,
partsupp_yfcc_wiki_1,4way,B3,0.5,0.3,386245,401289,420550.90641481034,1.0480000857606622,385,385,1.2650825083255768,434.8009948730469,3.2378246784210205,
partsupp_yfcc_wiki_1,4way,B3,0.5,0.3,69504,400159,399336.7701909491,1.0020589884789666,385,385,1.2789126485586166,441.9433288574219,3.583242416381836,
partsupp_yfcc_wiki_1,4way,B3,0.5,0.3,681535,399300,388829.7810672763,1.0269275128669018,385,385,1.2688413262367249,437.4378967285156,3.599292039871216,
partsupp_yfcc_wiki_1,4way,B3,0.5,0.3,696279,398868,400422.07882938156,1.0038962233856352,385,385,1.2681959196925163,446.739990234375,3.277513027191162,
partsupp_yfcc_wiki_1,4way,B3,0.5,0.3,340223,400322,394377.33551765414,1.0150735449199761,385,385,1.256701536476612,443.9110412597656,3.294217109680176,
partsupp_yfcc_wiki_1,4way,B3,0.5,0.3,690943,399862,410907.17365593376,1.0276224638898763,385,385,1.2626256793737411,456.0880126953125,3.474707841873169,
partsupp_yfcc_wiki_1,4way,B3,0.5,0.3,636616,399004,332962.38687975623,1.1983455661137292,385,385,1.2666517868638039,443.0145568847656,3.2147040367126465,
partsupp_yfcc_wiki_1,4way,B3,0.5,0.3,48106,398279,396953.204795414,1.0033399282045583,385,385,1.2597572058439255,450.49932861328125,3.3630759716033936,
partsupp_yfcc_wiki_1,4way,B3,0.5,0.3,352770,401195,385359.4296889109,1.0410929877176553,385,385,1.2598372995853424,435.24591064453125,3.4078516960144043,
partsupp_yfcc_wiki_1,4way,B3,0.5,0.3,536954,400242,398571.6100772029,1.0041909405501148,385,385,1.2829843908548355,455.6474914550781,3.425676107406616,
partsupp_yfcc_wiki_1,4way,B3,0.5,0.3,752067,399625,388652.78629317513,1.0282314036944742,385,385,1.2512365356087685,427.1381530761719,3.1004648208618164,
partsupp_yfcc_wiki_1,4way,B3,0.5,0.3,602570,399945,399436.8234984752,1.0012722324824084,385,385,1.2898258864879608,432.95452880859375,3.1115832328796387,
partsupp_yfcc_wiki_1,4way,B3,0.5,0.3,345404,400849,400721.6373432806,1.0003178332409595,385,385,1.2545660138130188,431.9100036621094,3.236467123031616,
partsupp_yfcc_wiki_1,4way,B3,0.5,0.3,628777,397939,412127.49014443555,1.0356549374261772,385,385,1.2464812025427818,428.9432067871094,3.219736337661743,
partsupp_yfcc_wiki_1,4way,B3,0.5,0.3,137071,398516,384871.1679553725,1.0354529857799317,385,385,1.257595606148243,442.3421936035156,3.162165880203247,
partsupp_yfcc_wiki_1,4way,B3,0.5,0.3,296404,398916,407265.2945668882,1.0209299565996055,385,385,1.267225481569767,455.28302001953125,3.6013643741607666,
partsupp_yfcc_wiki_1,4way,B3,0.5,0.3,703153,400899,414246.31864500715,1.0332934695397273,385,385,1.2658573687076569,435.5555419921875,3.570199489593506,
partsupp_yfcc_wiki_1,4way,B3,0.5,0.3,438962,399192,389094.27349834965,1.025951876420235,385,385,1.2480458244681358,429.833984375,2.9620509147644043,
partsupp_yfcc_wiki_1,4way,B3,0.5,0.3,33248,399042,410140.91496336536,1.0278139017029921,385,385,1.2496346607804298,425.6045837402344,2.8117189407348633,
partsupp_yfcc_wiki_1,4way,B3,0.5,0.3,779894,400667,396891.4003527829,1.0095129288361024,385,385,1.269686035811901,427.0380859375,2.9568333625793457,
partsupp_yfcc_wiki_1,4way,B3,0.5,0.3,304120,399162,392088.78453039716,1.018039831152208,385,385,1.2463638558983803,423.22247314453125,3.120129108428955,
partsupp_yfcc_wiki_1,4way,B3,0.5,0.3,73745,398772,430322.89643669705,1.079120139921301,385,385,1.2356778606772423,436.4401550292969,3.0156612396240234,
partsupp_yfcc_wiki_1,4way,B3,0.5,0.3,516733,399715,405101.2365682566,1.0134751924952943,385,385,1.2579066678881645,397.6190185546875,3.3524067401885986,
partsupp_yfcc_wiki_1,4way,B3,0.5,0.3,181346,399389,386950.0299864505,1.0321461921426522,385,385,1.243501901626587,489.1304931640625,3.606886386871338,
partsupp_yfcc_wiki_1,4way,B3,0.5,0.3,620747,399050,405945.9018330744,1.0172807964743125,385,385,1.2412713840603828,410.5248107910156,3.348391532897949,
partsupp_yfcc_wiki_1,4way,B3,0.5,0.3,738510,400716,408966.8851464454,1.0205903561286434,385,385,1.2691663578152657,438.73455810546875,3.110562801361084,
partsupp_yfcc_wiki_1,4way,B3,0.5,0.3,111011,398389,410038.56558936444,1.0292416848591814,385,385,1.2577986344695091,426.3363037109375,3.2114758491516113,
partsupp_yfcc_wiki_1,4way,B3,0.5,0.3,426052,402211,410136.21029233036,1.0197041112558591,385,385,1.253044232726097,429.0536193847656,3.1900951862335205,
partsupp_yfcc_wiki_1,4way,B3,0.5,0.3,724169,399697,411639.425562985,1.0298786970204554,385,385,1.257709227502346,449.85443115234375,3.185068130493164,
partsupp_yfcc_wiki_1,4way,B3,0.5,0.3,588630,400278,405618.6438252159,1.0133423366390757,385,385,1.2380816042423248,458.0417785644531,3.3296051025390625,
partsupp_yfcc_wiki_1,4way,B3,0.5,0.3,790256,401182,368880.8429180584,1.0875652875503672,385,385,1.2466413900256157,471.0289306640625,3.026947259902954,
partsupp_yfcc_wiki_1,4way,B3,0.5,0.3,201003,399524,390908.800991611,1.0220388975293855,385,385,1.257491298019886,455.64447021484375,3.2214205265045166,
partsupp_yfcc_wiki_1,4way,B3,0.5,0.3,6443,399610,379602.2178034305,1.0527072320924378,385,385,1.2390092015266418,436.6886901855469,3.2246556282043457,
partsupp_yfcc_wiki_1,4way,B3,0.5,0.3,642763,399211,390865.7160859213,1.0213507697672932,385,385,1.2293485924601555,427.51715087890625,3.1688320636749268,
partsupp_yfcc_wiki_1,4way,B3,0.5,0.3,193392,399487,393027.04565635737,1.0164364117305325,385,385,1.2434115633368492,417.566650390625,3.302262783050537,
partsupp_yfcc_wiki_1,4way,B3,0.5,0.3,203755,402627,398996.7549445707,1.0090984325321983,385,385,1.2615974992513657,427.8919677734375,3.2884509563446045,
partsupp_yfcc_wiki_1,4way,B3,0.5,0.3,94462,399758,407082.8209973962,1.0183231379919757,385,385,1.2391209602355957,451.7583923339844,3.2820208072662354,
partsupp_yfcc_wiki_1,4way,B3,0.5,0.3,590890,400359,436255.6745229887,1.08966121536668,385,385,1.2457920238375664,422.11846923828125,3.3000500202178955,
partsupp_yfcc_wiki_1,4way,B3,0.5,0.3,783383,398066,378840.6859970661,1.050747754170952,385,385,1.2580165639519691,457.0229797363281,3.240548849105835,
partsupp_yfcc_wiki_1,4way,B3,0.5,0.3,737605,402420,403655.52840561565,1.0030702460255843,385,385,1.253560185432434,413.2887878417969,3.3159680366516113,
partsupp_yfcc_wiki_1,4way,B3,0.5,0.3,516560,399767,405343.2521496248,1.0139487555241549,385,385,1.241159625351429,438.1680603027344,3.455428123474121,
partsupp_yfcc_wiki_1,4way,B3,0.5,0.3,137642,400530,415397.9850133121,1.0371207775030886,385,385,1.259027048945427,419.0437316894531,3.242206335067749,
partsupp_yfcc_wiki_1,4way,B3,0.5,0.3,37803,401453,414787.5029384844,1.0332156016731333,385,385,1.2512793764472008,438.13653564453125,3.2687647342681885,
partsupp_yfcc_wiki_1,4way,B3,0.5,0.3,254800,400732,394523.53914141003,1.0157366043914673,385,385,1.261262223124504,421.6297302246094,3.2437825202941895,
partsupp_yfcc_wiki_1,4way,B3,0.5,0.3,605930,398612,418740.6974977299,1.0504969682240624,385,385,1.2619821354746819,431.44439697265625,3.087928295135498,
partsupp_yfcc_wiki_1,4way,B3,0.5,0.3,209329,399698,403454.84728755115,1.0093992146259205,385,385,1.2526605278253555,435.7575378417969,3.1931419372558594,
partsupp_yfcc_wiki_1,4way,B3,0.5,0.3,766585,397396,380061.8087643392,1.0456088742302678,385,385,1.2575136497616768,422.872314453125,3.410522222518921,
partsupp_yfcc_wiki_1,4way,B3,0.5,0.3,488782,398748,388646.5075030947,1.0259914660286118,385,385,1.2599742040038109,492.1089782714844,3.4162635803222656,
partsupp_yfcc_wiki_1,4way,B3,0.5,0.3,374559,398695,398915.8335365117,1.0005538909103744,385,385,1.2447573244571686,417.078125,3.4265925884246826,
partsupp_yfcc_wiki_1,4way,B3,0.5,0.3,111780,397115,432672.8029567296,1.0895403169276647,385,385,1.2576431035995483,450.9600830078125,3.453725576400757,
partsupp_yfcc_wiki_1,4way,B3,0.5,0.3,178188,397617,375806.1822937058,1.0580374105959978,385,385,1.2824758887290955,426.2264709472656,3.4229471683502197,
partsupp_yfcc_wiki_1,4way,B3,0.5,0.3,539857,399397,379900.616301956,1.0513196948397359,385,385,1.2567183002829552,432.03662109375,3.2578957080841064,
partsupp_yfcc_wiki_1,4way,B3,0.5,0.3,781264,400010,406010.2661220388,1.0150002902978397,385,385,1.2447228655219078,427.9248046875,3.049591064453125,
partsupp_yfcc_wiki_1,4way,B3,0.5,0.3,771184,397642,401076.68383821,1.0086376284150316,385,385,1.256450079381466,446.5933532714844,3.250993251800537,
partsupp_yfcc_wiki_1,4way,B3,0.5,0.3,140785,396739,407357.2406827224,1.0267637935335887,385,385,1.2433966621756554,431.33038330078125,3.1912899017333984,
partsupp_yfcc_wiki_1,4way,B3,0.5,0.3,2505,399305,405265.98305680923,1.0149283957296034,385,385,1.2300889939069748,421.6029052734375,3.262022018432617,
partsupp_yfcc_wiki_1,4way,B3,0.5,0.3,526089,401016,416297.7784896371,1.0381076527860162,385,385,1.2268051505088806,435.79541015625,3.1631457805633545,
partsupp_yfcc_wiki_1,4way,B3,0.5,0.3,608072,401395,405040.74850739166,1.009082695368382,385,385,1.2320391833782196,402.75909423828125,3.4596242904663086,
partsupp_yfcc_wiki_1,4way,B3,0.5,0.3,224837,398648,414290.19440087024,1.0392381108167361,385,385,1.254885457456112,437.2459411621094,3.5153305530548096,
partsupp_yfcc_wiki_1,4way,B3,0.5,0.3,386133,400299,394511.6861852294,1.0146695624424504,385,385,1.26700010150671,423.341796875,3.3409440517425537,
partsupp_yfcc_wiki_1,4way,B3,0.5,0.3,487850,400152,419443.1071929525,1.0482094483919921,385,385,1.2629888951778412,451.381103515625,2.9737961292266846,
partsupp_yfcc_wiki_1,4way,B3,0.5,0.3,340195,398037,392531.98471541714,1.0140243738063128,385,385,1.2592524290084839,445.21075439453125,3.3361666202545166,
partsupp_yfcc_wiki_1,4way,B3,0.5,0.3,122774,399320,396110.7545599052,1.0081018891892002,385,385,1.2540407478809357,399.5509948730469,2.9925975799560547,
partsupp_yfcc_wiki_1,4way,B3,0.5,0.3,690833,398609,396957.18154764635,1.0041612005756226,385,385,1.2550298124551773,440.4053649902344,3.4445395469665527,
partsupp_yfcc_wiki_1,4way,B3,0.5,0.3,686759,401250,382545.5377991099,1.0488947337054355,385,385,1.248006708920002,395.3150634765625,3.5822367668151855,
partsupp_yfcc_wiki_1,4way,B3,0.5,0.3,154430,398601,400802.46401665587,1.0055229766524818,385,385,1.252494752407074,420.52886962890625,3.0902206897735596,
partsupp_yfcc_wiki_1,4way,B3,0.5,0.3,630926,397926,418180.71748225956,1.050900713907258,385,385,1.2489063665270805,429.1429138183594,3.4742069244384766,
partsupp_yfcc_wiki_1,4way,B3,0.5,0.3,255248,398528,371780.8672997089,1.0719432737207777,385,385,1.2500016018748283,442.417236328125,3.2602715492248535,
partsupp_yfcc_wiki_1,4way,B3,0.5,0.3,48107,399282,390372.10629776574,1.0228241043826989,385,385,1.2518884614109993,466.3829040527344,3.3630759716033936,
partsupp_yfcc_wiki_1,4way,B3,0.5,0.3,717611,399714,413661.975421341,1.0348948883985576,385,385,1.2544495984911919,441.1711730957031,2.9142706394195557,
partsupp_yfcc_wiki_1,4way,B3,0.5,0.3,559097,398793,382201.7980956313,1.043409533882458,385,385,1.2416178360581398,454.1783752441406,3.4353229999542236,
partsupp_yfcc_wiki_1,4way,B3,0.5,0.3,527854,400209,442967.7964709864,1.106841166667882,385,385,1.2655891478061676,435.4969787597656,3.2362077236175537,
partsupp_yfcc_wiki_1,4way,B3,0.5,0.3,692258,399561,378954.89930176997,1.0543761295505008,385,385,1.2458665296435356,416.83154296875,3.776059865951538,
partsupp_yfcc_wiki_1,4way,B3,0.5,0.3,344709,400354,381180.3448138975,1.050300744639558,385,385,1.256365329027176,429.8712158203125,3.213989496231079,
partsupp_yfcc_wiki_1,4way,B3,0.5,0.3,414737,402365,389147.856588846,1.0339643227821207,385,385,1.2827804312109947,419.09307861328125,3.403557300567627,
partsupp_yfcc_wiki_1,4way,B3,0.5,0.3,362610,398680,368007.7152489309,1.0833468524710725,385,385,1.2449538335204124,459.2562255859375,3.365111827850342,
partsupp_yfcc_wiki_1,4way,B3,0.5,0.3,129857,400132,386817.0331109804,1.0344218732612,385,385,2.3742495104670525,447.29144287109375,3.189283847808838,
partsupp_yfcc_wiki_1,4way,B3,0.5,0.3,210898,400546,388651.80125270074,1.0306037401832744,385,385,1.2568077072501183,434.52911376953125,2.9655251502990723,
partsupp_yfcc_wiki_1,4way,B3,0.5,0.3,793779,398747,397339.0330174669,1.0035434902326126,385,385,1.2508118525147438,406.6611328125,3.1118245124816895,
partsupp_yfcc_wiki_1,4way,B3,0.5,0.3,634727,399186,384466.6190919253,1.0382851987068227,385,385,1.238502562046051,427.08856201171875,2.9159677028656006,
partsupp_yfcc_wiki_1,4way,B3,0.5,0.3,351141,398896,349922.093474439,1.1399566001657406,385,385,1.2446623295545578,423.3606872558594,3.1640126705169678,
partsupp_yfcc_wiki_1,4way,B3,0.5,0.3,611020,400507,413424.4033462624,1.032252628159464,385,385,1.244978979229927,457.6464538574219,3.011030912399292,
partsupp_yfcc_wiki_1,4way,B3,0.5,0.4,145860,399615,404625.67893021245,1.012538765887698,385,385,1.2616710737347603,439.1873474121094,3.2196497917175293,
partsupp_yfcc_wiki_1,4way,B3,0.5,0.4,359095,401783,407028.4256026924,1.0130553696963098,385,385,1.3244785368442535,473.7404479980469,2.9822144508361816,
partsupp_yfcc_wiki_1,4way,B3,0.5,0.4,286093,401388,417359.6495851667,1.0397910490228077,385,385,1.2677861377596855,445.08160400390625,2.9649856090545654,
partsupp_yfcc_wiki_1,4way,B3,0.5,0.4,781121,400386,369661.55026087485,1.0831150811260801,385,385,1.255342736840248,450.5244445800781,3.111022710800171,
partsupp_yfcc_wiki_1,4way,B3,0.5,0.4,142780,397935,361385.00397319184,1.1011386627141826,385,385,1.250220462679863,429.25823974609375,3.2252681255340576,
partsupp_yfcc_wiki_1,4way,B3,0.5,0.4,428790,400238,444407.28018656024,1.1103575377314503,385,385,1.2492183595895767,446.4836120605469,2.9219067096710205,
partsupp_yfcc_wiki_1,4way,B3,0.5,0.4,322723,400201,403099.70619346783,1.0072431258129486,385,385,1.2388797476887703,448.7043762207031,3.350651979446411,
partsupp_yfcc_wiki_1,4way,B3,0.5,0.4,588557,402989,395002.17992856976,1.0202196860606556,385,385,1.2389272451400757,419.34906005859375,3.320391893386841,
partsupp_yfcc_wiki_1,4way,B3,0.5,0.4,263638,397449,398317.22419794893,1.0021844920931966,385,385,1.2596864253282547,435.5628662109375,3.5575485229492188,
partsupp_yfcc_wiki_1,4way,B3,0.5,0.4,693614,402525,422147.9675196137,1.0487496864036114,385,385,1.2350548058748245,454.668701171875,2.99692440032959,
partsupp_yfcc_wiki_1,4way,B3,0.5,0.4,546912,400649,401189.4476375384,1.001348930454184,385,385,1.2353844940662384,427.34295654296875,3.4822041988372803,
partsupp_yfcc_wiki_1,4way,B3,0.5,0.4,444449,399848,382315.08622664516,1.0458598533120949,385,385,1.2423023581504822,461.8314208984375,3.1300487518310547,
partsupp_yfcc_wiki_1,4way,B3,0.5,0.4,663176,398941,384965.0082040463,1.0363045770345598,385,385,1.2518251314759254,430.5004577636719,2.868075370788574,
partsupp_yfcc_wiki_1,4way,B3,0.5,0.4,763999,400874,374375.0943791905,1.0707817000079867,385,385,1.2598484754562378,447.8592529296875,3.2920217514038086,
partsupp_yfcc_wiki_1,4way,B3,0.5,0.4,782168,398418,403279.0612237211,1.0122009076490548,385,385,1.2502456083893776,436.89190673828125,3.004382610321045,
partsupp_yfcc_wiki_1,4way,B3,0.5,0.4,673362,401193,379979.0544444412,1.055829249816349,385,385,1.251370646059513,440.9338073730469,3.2434425354003906,
partsupp_yfcc_wiki_1,4way,B3,0.5,0.4,83904,399494,399531.3884500972,1.0000935895159806,385,385,1.2416113168001175,427.1029052734375,3.318498134613037,
partsupp_yfcc_wiki_1,4way,B3,0.5,0.4,695261,399284,397773.87906198436,1.0037964306293232,385,385,1.2497920542955399,390.8486328125,3.045443058013916,
partsupp_yfcc_wiki_1,4way,B3,0.5,0.4,386245,401289,384252.808380803,1.0443358935774225,385,385,1.2574922293424606,434.8009948730469,3.2378246784210205,
partsupp_yfcc_wiki_1,4way,B3,0.5,0.4,69504,400159,382323.8946563333,1.0466492039680084,385,385,1.247362233698368,441.9433288574219,3.583242416381836,
partsupp_yfcc_wiki_1,4way,B3,0.5,0.4,681535,399300,394853.97964513337,1.011259910204938,385,385,1.2453394010663033,437.4378967285156,3.599292039871216,
partsupp_yfcc_wiki_1,4way,B3,0.5,0.4,696279,398868,376180.0064701194,1.0603115347430958,385,385,1.2645833194255829,446.739990234375,3.277513027191162,
partsupp_yfcc_wiki_1,4way,B3,0.5,0.4,340223,400322,363878.7719448476,1.1001521134645251,385,385,1.273023895919323,443.9110412597656,3.294217109680176,
partsupp_yfcc_wiki_1,4way,B3,0.5,0.4,690943,399862,436077.8290401219,1.0905708195330437,385,385,1.2456383556127548,456.0880126953125,3.474707841873169,
partsupp_yfcc_wiki_1,4way,B3,0.5,0.4,636616,399004,402600.8606806266,1.0090145980507128,385,385,1.2559816241264343,443.0145568847656,3.2147040367126465,
partsupp_yfcc_wiki_1,4way,B3,0.5,0.4,48106,398279,440189.20938595594,1.1052282680883398,385,385,1.251683570444584,450.49932861328125,3.3630759716033936,
partsupp_yfcc_wiki_1,4way,B3,0.5,0.4,352770,401195,378519.2282729551,1.0599065253052167,385,385,1.23578030616045,435.24591064453125,3.4078516960144043,
partsupp_yfcc_wiki_1,4way,B3,0.5,0.4,536954,400242,363508.1796717458,1.101053627903024,385,385,1.2463200837373734,455.6474914550781,3.425676107406616,
partsupp_yfcc_wiki_1,4way,B3,0.5,0.4,752067,399625,399582.7983938874,1.0001056141712863,385,385,1.2700222432613373,427.1381530761719,3.1004648208618164,
partsupp_yfcc_wiki_1,4way,B3,0.5,0.4,602570,399945,391050.6496678631,1.0227447527313693,385,385,1.2602536007761955,432.95452880859375,3.1115832328796387,
partsupp_yfcc_wiki_1,4way,B3,0.5,0.4,345404,400849,386439.3564027586,1.037288240337051,385,385,1.2586554512381554,431.9100036621094,3.236467123031616,
partsupp_yfcc_wiki_1,4way,B3,0.5,0.4,628777,397939,428681.2178516126,1.0772535937709362,385,385,1.2633642181754112,428.9432067871094,3.219736337661743,
partsupp_yfcc_wiki_1,4way,B3,0.5,0.4,137071,398516,377876.4049750959,1.054619962382315,385,385,1.255943439900875,442.3421936035156,3.162165880203247,
partsupp_yfcc_wiki_1,4way,B3,0.5,0.4,296404,398916,367292.3844579726,1.0860992954936857,385,385,1.2469962239265442,455.28302001953125,3.6013643741607666,
partsupp_yfcc_wiki_1,4way,B3,0.5,0.4,703153,400899,399251.4234848714,1.0041266640973943,385,385,1.2518251314759254,435.5555419921875,3.570199489593506,
partsupp_yfcc_wiki_1,4way,B3,0.5,0.4,438962,399192,399410.5726989613,1.000547537773706,385,385,1.2366445735096931,429.833984375,2.9620509147644043,
partsupp_yfcc_wiki_1,4way,B3,0.5,0.4,33248,399042,441244.0889766573,1.1057585140828718,385,385,1.2341644614934921,425.6045837402344,2.8117189407348633,
partsupp_yfcc_wiki_1,4way,B3,0.5,0.4,779894,400667,368233.41759074025,1.0880788675331658,385,385,1.2566568329930305,427.0380859375,2.9568333625793457,
partsupp_yfcc_wiki_1,4way,B3,0.5,0.4,304120,399162,399473.6501892868,1.0007807611678636,385,385,1.2570014223456383,423.22247314453125,3.120129108428955,
partsupp_yfcc_wiki_1,4way,B3,0.5,0.4,73745,398772,384932.9123870894,1.0359519468654683,385,385,1.2573841959238052,436.4401550292969,3.0156612396240234,
partsupp_yfcc_wiki_1,4way,B3,0.5,0.4,516733,399715,330304.19219617115,1.210142073409123,385,385,1.2631965801119804,397.6190185546875,3.3524067401885986,
partsupp_yfcc_wiki_1,4way,B3,0.5,0.4,181346,399389,404814.22496707,1.0135838116900315,385,385,1.2492788955569267,489.1304931640625,3.606886386871338,
partsupp_yfcc_wiki_1,4way,B3,0.5,0.4,620747,399050,386026.8737393993,1.0337363203096384,385,385,1.2537073343992233,410.5248107910156,3.348391532897949,
partsupp_yfcc_wiki_1,4way,B3,0.5,0.4,738510,400716,396572.44208487927,1.0104484262530624,385,385,1.2372052296996117,438.73455810546875,3.110562801361084,
partsupp_yfcc_wiki_1,4way,B3,0.5,0.4,111011,398389,382156.4577698489,1.0424761688573299,385,385,1.2354133650660515,426.3363037109375,3.2114758491516113,
partsupp_yfcc_wiki_1,4way,B3,0.5,0.4,426052,402211,411089.50214499945,1.0220742400008938,385,385,1.2462800368666649,429.0536193847656,3.1900951862335205,
partsupp_yfcc_wiki_1,4way,B3,0.5,0.4,724169,399697,405426.9781103577,1.0143358046479152,385,385,1.2426842004060745,449.85443115234375,3.185068130493164,
partsupp_yfcc_wiki_1,4way,B3,0.5,0.4,588630,400278,406810.0687816507,1.0163188303670216,385,385,1.2711426243185997,458.0417785644531,3.3296051025390625,
partsupp_yfcc_wiki_1,4way,B3,0.5,0.4,790256,401182,386434.72074185754,1.0381624074302418,385,385,1.2598074972629547,471.0289306640625,3.026947259902954,
partsupp_yfcc_wiki_1,4way,B3,0.5,0.4,201003,399524,392769.8305714476,1.0171962531305565,385,385,1.2737959623336792,455.64447021484375,3.2214205265045166,
partsupp_yfcc_wiki_1,4way,B3,0.5,0.4,6443,399610,373270.3503303932,1.0705645375966582,385,385,1.2806029990315437,436.6886901855469,3.2246556282043457,
partsupp_yfcc_wiki_1,4way,B3,0.5,0.4,642763,399211,394912.3233122009,1.0108851419265557,385,385,1.2766998261213303,427.51715087890625,3.1688320636749268,
partsupp_yfcc_wiki_1,4way,B3,0.5,0.4,193392,399487,382540.25634337345,1.0443005497476714,385,385,1.3258792459964752,417.566650390625,3.302262783050537,
partsupp_yfcc_wiki_1,4way,B3,0.5,0.4,203755,402627,420871.78477677796,1.0453143598834107,385,385,1.270459033548832,427.8919677734375,3.2884509563446045,
partsupp_yfcc_wiki_1,4way,B3,0.5,0.4,94462,399758,387561.7104487303,1.0314692840454969,385,385,1.2603718787431717,451.7583923339844,3.2820208072662354,
partsupp_yfcc_wiki_1,4way,B3,0.5,0.4,590890,400359,393219.491123447,1.018156548792012,385,385,1.270204782485962,422.11846923828125,3.3000500202178955,
partsupp_yfcc_wiki_1,4way,B3,0.5,0.4,783383,398066,407844.6430901974,1.0245653813442932,385,385,1.2613395228981972,457.0229797363281,3.240548849105835,
partsupp_yfcc_wiki_1,4way,B3,0.5,0.4,737605,402420,386115.71305389545,1.042226426935981,385,385,1.2730229645967484,413.2887878417969,3.3159680366516113,
partsupp_yfcc_wiki_1,4way,B3,0.5,0.4,516560,399767,405438.1631930564,1.0141861714274976,385,385,1.2735715135931969,438.1680603027344,3.455428123474121,
partsupp_yfcc_wiki_1,4way,B3,0.5,0.4,137642,400530,438493.84039708436,1.0947840121765768,385,385,1.2906622141599655,419.0437316894531,3.242206335067749,
partsupp_yfcc_wiki_1,4way,B3,0.5,0.4,37803,401453,415307.22003389295,1.0345101918129718,385,385,1.2553464621305466,438.13653564453125,3.2687647342681885,
partsupp_yfcc_wiki_1,4way,B3,0.5,0.4,254800,400732,377640.52371221856,1.0611467118538855,385,385,1.2553762644529343,421.6297302246094,3.2437825202941895,
partsupp_yfcc_wiki_1,4way,B3,0.5,0.4,605930,398612,382890.00844989094,1.0410613784720022,385,385,1.3504326343536377,431.44439697265625,3.087928295135498,
partsupp_yfcc_wiki_1,4way,B3,0.5,0.4,209329,399698,411413.3985124454,1.0293106258035951,385,385,1.301553100347519,435.7575378417969,3.1931419372558594,
partsupp_yfcc_wiki_1,4way,B3,0.5,0.4,766585,397396,398405.0116423346,1.0025390583758633,385,385,1.3110442087054253,422.872314453125,3.410522222518921,
partsupp_yfcc_wiki_1,4way,B3,0.5,0.4,488782,398748,357905.30576636916,1.1141159227750925,385,385,1.2739459052681923,492.1089782714844,3.4162635803222656,
partsupp_yfcc_wiki_1,4way,B3,0.5,0.4,374559,398695,392526.30315857474,1.0157153719172118,385,385,1.2786304578185081,417.078125,3.4265925884246826,
partsupp_yfcc_wiki_1,4way,B3,0.5,0.4,111780,397115,375859.53085538786,1.056551630063068,385,385,1.2982934713363647,450.9600830078125,3.453725576400757,
partsupp_yfcc_wiki_1,4way,B3,0.5,0.4,178188,397617,388321.06166336173,1.023938795121798,385,385,1.2719081714749336,426.2264709472656,3.4229471683502197,
partsupp_yfcc_wiki_1,4way,B3,0.5,0.4,539857,399397,429845.3302811332,1.0762357510976126,385,385,1.2628119438886642,432.03662109375,3.2578957080841064,
partsupp_yfcc_wiki_1,4way,B3,0.5,0.4,781264,400010,407812.46669098915,1.0195056790854957,385,385,1.2568263337016106,427.9248046875,3.049591064453125,
partsupp_yfcc_wiki_1,4way,B3,0.5,0.4,771184,397642,401065.770465613,1.008610183193961,385,385,1.2718094512820244,446.5933532714844,3.250993251800537,
partsupp_yfcc_wiki_1,4way,B3,0.5,0.4,140785,396739,409909.9949158942,1.0331981350860242,385,385,1.2566717341542244,431.33038330078125,3.1912899017333984,
partsupp_yfcc_wiki_1,4way,B3,0.5,0.4,2505,399305,400778.34376958513,1.003689770400033,385,385,1.2586750090122223,421.6029052734375,3.262022018432617,
partsupp_yfcc_wiki_1,4way,B3,0.5,0.4,526089,401016,410220.36058871396,1.0229526018630528,385,385,1.2723887339234352,435.79541015625,3.1631457805633545,
partsupp_yfcc_wiki_1,4way,B3,0.5,0.4,608072,401395,437982.2077280851,1.091150133230571,385,385,1.256963238120079,402.75909423828125,3.4596242904663086,
partsupp_yfcc_wiki_1,4way,B3,0.5,0.4,224837,398648,361743.2878631529,1.1020190653843123,385,385,1.2511573731899261,437.2459411621094,3.5153305530548096,
partsupp_yfcc_wiki_1,4way,B3,0.5,0.4,386133,400299,369773.8798515106,1.082550774437468,385,385,1.257031224668026,423.341796875,3.3409440517425537,
partsupp_yfcc_wiki_1,4way,B3,0.5,0.4,487850,400152,413730.08535108925,1.0339323190964664,385,385,1.2571066617965698,451.381103515625,2.9737961292266846,
partsupp_yfcc_wiki_1,4way,B3,0.5,0.4,340195,398037,401112.0811908395,1.007725616439777,385,385,1.2490013614296913,445.21075439453125,3.3361666202545166,
partsupp_yfcc_wiki_1,4way,B3,0.5,0.4,122774,399320,405024.8717699511,1.014286466417788,385,385,1.2481631711125374,399.5509948730469,2.9925975799560547,
partsupp_yfcc_wiki_1,4way,B3,0.5,0.4,690833,398609,378597.61016183614,1.052856619537587,385,385,1.2586340308189392,440.4053649902344,3.4445395469665527,
partsupp_yfcc_wiki_1,4way,B3,0.5,0.4,686759,401250,419654.7682925672,1.0458685814144977,385,385,1.2467605993151665,395.3150634765625,3.5822367668151855,
partsupp_yfcc_wiki_1,4way,B3,0.5,0.4,154430,398601,405396.28546824644,1.01704783848572,385,385,1.244933344423771,420.52886962890625,3.0902206897735596,
partsupp_yfcc_wiki_1,4way,B3,0.5,0.4,630926,397926,416528.13232591,1.0467477177312112,385,385,1.2684259563684464,429.1429138183594,3.4742069244384766,
partsupp_yfcc_wiki_1,4way,B3,0.5,0.4,255248,398528,423603.01318193204,1.0629190751513873,385,385,1.25979445874691,442.417236328125,3.2602715492248535,
partsupp_yfcc_wiki_1,4way,B3,0.5,0.4,48107,399282,367606.47493652906,1.0861669399836877,385,385,1.256374642252922,466.3829040527344,3.3630759716033936,
partsupp_yfcc_wiki_1,4way,B3,0.5,0.4,717611,399714,368519.5126204285,1.0846481293697505,385,385,1.2686261907219887,441.1711730957031,2.9142706394195557,
partsupp_yfcc_wiki_1,4way,B3,0.5,0.4,559097,398793,398958.0432620425,1.0004138569685088,385,385,1.254701055586338,454.1783752441406,3.4353229999542236,
partsupp_yfcc_wiki_1,4way,B3,0.5,0.4,527854,400209,419294.66334267805,1.0476892407284146,385,385,1.246076077222824,435.4969787597656,3.2362077236175537,
partsupp_yfcc_wiki_1,4way,B3,0.5,0.4,692258,399561,378626.5303341991,1.0552905514764717,385,385,1.2623751536011696,416.83154296875,3.776059865951538,
partsupp_yfcc_wiki_1,4way,B3,0.5,0.4,344709,400354,397141.3860358016,1.0080893457019582,385,385,1.3128388673067093,429.8712158203125,3.213989496231079,
partsupp_yfcc_wiki_1,4way,B3,0.5,0.4,414737,402365,384849.6785720504,1.0455121113597876,385,385,1.2522144243121147,419.09307861328125,3.403557300567627,
partsupp_yfcc_wiki_1,4way,B3,0.5,0.4,362610,398680,390707.4112347066,1.0204055222297899,385,385,1.259123906493187,459.2562255859375,3.365111827850342,
partsupp_yfcc_wiki_1,4way,B3,0.5,0.4,129857,400132,382633.4251210013,1.0457319557836984,385,385,1.28259789198637,447.29144287109375,3.189283847808838,
partsupp_yfcc_wiki_1,4way,B3,0.5,0.4,210898,400546,376164.9694895547,1.06481472887688,385,385,1.2639118358492851,434.52911376953125,2.9655251502990723,
partsupp_yfcc_wiki_1,4way,B3,0.5,0.4,793779,398747,378600.4938210221,1.0532131006371637,385,385,1.258225180208683,406.6611328125,3.1118245124816895,
partsupp_yfcc_wiki_1,4way,B3,0.5,0.4,634727,399186,400501.454880681,1.0032953432251657,385,385,1.100480556488037,427.08856201171875,2.9159677028656006,
partsupp_yfcc_wiki_1,4way,B3,0.5,0.4,351141,398896,404078.10280246777,1.012991112476605,385,385,0.9871171787381172,423.3606872558594,3.1640126705169678,
partsupp_yfcc_wiki_1,4way,B3,0.5,0.4,611020,400507,372391.0068882136,1.0755012677312759,385,385,1.7080791294574738,457.6464538574219,3.011030912399292,
partsupp_yfcc_wiki_1,4way,B3,0.5,0.5,145860,399615,386513.9464445087,1.0338954225998989,385,385,1.707863062620163,439.1873474121094,3.2196497917175293,
partsupp_yfcc_wiki_1,4way,B3,0.5,0.5,359095,401783,378000.0045504161,1.0629179766224364,385,385,1.673167571425438,473.7404479980469,2.9822144508361816,
partsupp_yfcc_wiki_1,4way,B3,0.5,0.5,286093,401388,421453.2089380784,1.0499895585769339,385,385,1.6891062259674072,445.08160400390625,2.9649856090545654,
partsupp_yfcc_wiki_1,4way,B3,0.5,0.5,781121,400386,403218.3483668825,1.007074044464298,385,385,1.6495352610945702,450.5244445800781,3.111022710800171,
partsupp_yfcc_wiki_1,4way,B3,0.5,0.5,142780,397935,386157.92340309755,1.0304980835123478,385,385,1.6845893114805222,429.25823974609375,3.2252681255340576,
partsupp_yfcc_wiki_1,4way,B3,0.5,0.5,428790,400238,391226.0574176668,1.0230351286972488,385,385,1.6069179400801659,446.4836120605469,2.9219067096710205,
partsupp_yfcc_wiki_1,4way,B3,0.5,0.5,322723,400201,354987.73064414103,1.127365724088034,385,385,1.6109254211187363,448.7043762207031,3.350651979446411,
partsupp_yfcc_wiki_1,4way,B3,0.5,0.5,588557,402989,380126.7253500858,1.0601438234285123,385,385,1.6776788979768753,419.34906005859375,3.320391893386841,
partsupp_yfcc_wiki_1,4way,B3,0.5,0.5,263638,397449,376002.1091831867,1.057039283272649,385,385,1.6615958884358406,435.5628662109375,3.5575485229492188,
partsupp_yfcc_wiki_1,4way,B3,0.5,0.5,693614,402525,411977.8151796276,1.0234837964837653,385,385,1.698262058198452,454.668701171875,2.99692440032959,
partsupp_yfcc_wiki_1,4way,B3,0.5,0.5,546912,400649,407441.01825511036,1.0169525401413966,385,385,1.4313645660877228,427.34295654296875,3.4822041988372803,
partsupp_yfcc_wiki_1,4way,B3,0.5,0.5,444449,399848,419789.8354656165,1.0498735406094728,385,385,1.7263181507587433,461.8314208984375,3.1300487518310547,
partsupp_yfcc_wiki_1,4way,B3,0.5,0.5,663176,398941,386919.48594365164,1.031069807784504,385,385,1.7203837633132935,430.5004577636719,2.868075370788574,
partsupp_yfcc_wiki_1,4way,B3,0.5,0.5,763999,400874,391343.35471212707,1.0243536658361905,385,385,1.6846014186739922,447.8592529296875,3.2920217514038086,
partsupp_yfcc_wiki_1,4way,B3,0.5,0.5,782168,398418,378432.55910639,1.052811103095364,385,385,1.700403168797493,436.89190673828125,3.004382610321045,
partsupp_yfcc_wiki_1,4way,B3,0.5,0.5,673362,401193,386178.2747013599,1.0388802951441307,385,385,1.6608750447630882,440.9338073730469,3.2434425354003906,
partsupp_yfcc_wiki_1,4way,B3,0.5,0.5,83904,399494,384389.30447614845,1.039295306471746,385,385,1.6947481781244278,427.1029052734375,3.318498134613037,
partsupp_yfcc_wiki_1,4way,B3,0.5,0.5,695261,399284,403252.47519787424,1.009938978766678,385,385,1.6590552404522896,390.8486328125,3.045443058013916,
partsupp_yfcc_wiki_1,4way,B3,0.5,0.5,386245,401289,389265.68322444754,1.0308871737060363,385,385,1.6630860045552254,434.8009948730469,3.2378246784210205,
partsupp_yfcc_wiki_1,4way,B3,0.5,0.5,69504,400159,399535.01748291985,1.0015617717841385,385,385,1.6960827633738518,441.9433288574219,3.583242416381836,
partsupp_yfcc_wiki_1,4way,B3,0.5,0.5,681535,399300,366384.7574601768,1.0898379145682686,385,385,1.6531385481357574,437.4378967285156,3.599292039871216,
partsupp_yfcc_wiki_1,4way,B3,0.5,0.5,696279,398868,400403.9063645111,1.003850663288384,385,385,1.6780970618128777,446.739990234375,3.277513027191162,
partsupp_yfcc_wiki_1,4way,B3,0.5,0.5,340223,400322,393133.43728541216,1.0182852996789713,385,385,1.6662534326314926,443.9110412597656,3.294217109680176,
partsupp_yfcc_wiki_1,4way,B3,0.5,0.5,690943,399862,428282.80208558374,1.0710765266156417,385,385,1.6846861690282822,456.0880126953125,3.474707841873169,
partsupp_yfcc_wiki_1,4way,B3,0.5,0.5,636616,399004,415276.5523853492,1.040782930460219,385,385,1.7037102952599525,443.0145568847656,3.2147040367126465,
partsupp_yfcc_wiki_1,4way,B3,0.5,0.5,48106,398279,382690.55567999644,1.0407338098331294,385,385,1.6723573207855225,450.49932861328125,3.3630759716033936,
partsupp_yfcc_wiki_1,4way,B3,0.5,0.5,352770,401195,395363.960957012,1.014748534562618,385,385,1.6604121774435043,435.24591064453125,3.4078516960144043,
partsupp_yfcc_wiki_1,4way,B3,0.5,0.5,536954,400242,396887.60689988907,1.0084517456372908,385,385,1.6485992819070816,455.6474914550781,3.425676107406616,
partsupp_yfcc_wiki_1,4way,B3,0.5,0.5,752067,399625,368618.20892953133,1.084116276188614,385,385,1.654030755162239,427.1381530761719,3.1004648208618164,
partsupp_yfcc_wiki_1,4way,B3,0.5,0.5,602570,399945,388094.0331984742,1.0305363282806905,385,385,1.6637695953249931,432.95452880859375,3.1115832328796387,
partsupp_yfcc_wiki_1,4way,B3,0.5,0.5,345404,400849,397157.12869778875,1.009295744770631,385,385,1.6815243288874626,431.9100036621094,3.236467123031616,
partsupp_yfcc_wiki_1,4way,B3,0.5,0.5,628777,397939,403623.7812679452,1.0142855595152653,385,385,1.6898605972528458,428.9432067871094,3.219736337661743,
partsupp_yfcc_wiki_1,4way,B3,0.5,0.5,137071,398516,407564.66111192305,1.0227058916377838,385,385,1.6391612589359283,442.3421936035156,3.162165880203247,
partsupp_yfcc_wiki_1,4way,B3,0.5,0.5,296404,398916,359173.0328309746,1.1106513115858792,385,385,1.6624964773654938,455.28302001953125,3.6013643741607666,
partsupp_yfcc_wiki_1,4way,B3,0.5,0.5,703153,400899,419637.5004053277,1.0467412001659464,385,385,1.653333194553852,435.5555419921875,3.570199489593506,
partsupp_yfcc_wiki_1,4way,B3,0.5,0.5,438962,399192,411801.3995011326,1.031587305109152,385,385,1.652756705880165,429.833984375,2.9620509147644043,
partsupp_yfcc_wiki_1,4way,B3,0.5,0.5,33248,399042,401573.9041804705,1.0063449566222866,385,385,1.6691097989678383,425.6045837402344,2.8117189407348633,
partsupp_yfcc_wiki_1,4way,B3,0.5,0.5,779894,400667,434608.3851903055,1.0847122053733036,385,385,1.6941595822572708,427.0380859375,2.9568333625793457,
partsupp_yfcc_wiki_1,4way,B3,0.5,0.5,304120,399162,365385.2739922977,1.0924413992897106,385,385,1.6705133020877838,423.22247314453125,3.120129108428955,
partsupp_yfcc_wiki_1,4way,B3,0.5,0.5,73745,398772,413331.5292814977,1.0365109117026714,385,385,1.7046276479959488,436.4401550292969,3.0156612396240234,
partsupp_yfcc_wiki_1,4way,B3,0.5,0.5,516733,399715,400711.1404312906,1.0024921267185134,385,385,1.6284408047795296,397.6190185546875,3.3524067401885986,
partsupp_yfcc_wiki_1,4way,B3,0.5,0.5,181346,399389,404910.614611694,1.0138251544526615,385,385,1.669599674642086,489.1304931640625,3.606886386871338,
partsupp_yfcc_wiki_1,4way,B3,0.5,0.5,620747,399050,371996.7228651618,1.0727245039323754,385,385,1.658909022808075,410.5248107910156,3.348391532897949,
partsupp_yfcc_wiki_1,4way,B3,0.5,0.5,738510,400716,392840.455805015,1.0200476913174492,385,385,4.198523238301277,438.73455810546875,3.110562801361084,
partsupp_yfcc_wiki_1,4way,B3,0.5,0.5,111011,398389,397552.99678125064,1.002102872385614,385,385,2.9737697914242744,426.3363037109375,3.2114758491516113,
partsupp_yfcc_wiki_1,4way,B3,0.5,0.5,426052,402211,386871.2771377326,1.0396507152863825,385,385,2.8165047988295555,429.0536193847656,3.1900951862335205,
partsupp_yfcc_wiki_1,4way,B3,0.5,0.5,724169,399697,405176.1642983901,1.0137082947792706,385,385,2.440553158521652,449.85443115234375,3.185068130493164,
partsupp_yfcc_wiki_1,4way,B3,0.5,0.5,588630,400278,407277.6345868525,1.0174869330486624,385,385,2.507641911506653,458.0417785644531,3.3296051025390625,
partsupp_yfcc_wiki_1,4way,B3,0.5,0.5,790256,401182,374880.9571939505,1.0701583857524197,385,385,2.320502884685993,471.0289306640625,3.026947259902954,
partsupp_yfcc_wiki_1,4way,B3,0.5,0.5,201003,399524,420419.4720522373,1.052300918223279,385,385,2.4090586230158806,455.64447021484375,3.2214205265045166,
partsupp_yfcc_wiki_1,4way,B3,0.5,0.5,6443,399610,363812.57318781497,1.09839524373366,385,385,2.1831588819622993,436.6886901855469,3.2246556282043457,
partsupp_yfcc_wiki_1,4way,B3,0.5,0.5,642763,399211,368090.82550361747,1.0845448251903707,385,385,2.2530686110258102,427.51715087890625,3.1688320636749268,
partsupp_yfcc_wiki_1,4way,B3,0.5,0.5,193392,399487,399076.8121798787,1.001027841777829,385,385,2.124679274857044,417.566650390625,3.302262783050537,
partsupp_yfcc_wiki_1,4way,B3,0.5,0.5,203755,402627,402872.43995781016,1.000609596370363,385,385,2.0276037976145744,427.8919677734375,3.2884509563446045,
partsupp_yfcc_wiki_1,4way,B3,0.5,0.5,94462,399758,398929.25778128766,1.0020774164906368,385,385,1.9685681909322739,451.7583923339844,3.2820208072662354,
partsupp_yfcc_wiki_1,4way,B3,0.5,0.5,590890,400359,420147.52592438384,1.0494269541196373,385,385,2.115268260240555,422.11846923828125,3.3000500202178955,
partsupp_yfcc_wiki_1,4way,B3,0.5,0.5,783383,398066,407525.738589092,1.0237642466050654,385,385,1.9615879282355309,457.0229797363281,3.240548849105835,
partsupp_yfcc_wiki_1,4way,B3,0.5,0.5,737605,402420,411613.06247353856,1.0228444472778155,385,385,1.912243664264679,413.2887878417969,3.3159680366516113,
partsupp_yfcc_wiki_1,4way,B3,0.5,0.5,516560,399767,393098.58648454776,1.0169637178680477,385,385,1.8363883718848228,438.1680603027344,3.455428123474121,
partsupp_yfcc_wiki_1,4way,B3,0.5,0.5,137642,400530,424264.95574805577,1.05925887136558,385,385,1.9008014351129532,419.0437316894531,3.242206335067749,
partsupp_yfcc_wiki_1,4way,B3,0.5,0.5,37803,401453,419791.1079190048,1.045679339596428,385,385,1.9791554659605026,438.13653564453125,3.2687647342681885,
partsupp_yfcc_wiki_1,4way,B3,0.5,0.5,254800,400732,413301.6530692301,1.031366731554331,385,385,1.8996559083461761,421.6297302246094,3.2437825202941895,
partsupp_yfcc_wiki_1,4way,B3,0.5,0.5,605930,398612,418446.7545929168,1.0497595521281768,385,385,1.809556968510151,431.44439697265625,3.087928295135498,
partsupp_yfcc_wiki_1,4way,B3,0.5,0.5,209329,399698,388449.90035276016,1.0289563715604642,385,385,1.8350575119256973,435.7575378417969,3.1931419372558594,
partsupp_yfcc_wiki_1,4way,B3,0.5,0.5,766585,397396,440087.0230614723,1.1074269068170597,385,385,1.7697140574455261,422.872314453125,3.410522222518921,
partsupp_yfcc_wiki_1,4way,B3,0.5,0.5,488782,398748,392731.9800150923,1.015318385797552,385,385,1.75501499325037,492.1089782714844,3.4162635803222656,
partsupp_yfcc_wiki_1,4way,B3,0.5,0.5,374559,398695,424023.93835729867,1.0635296112499497,385,385,1.7688311636447906,417.078125,3.4265925884246826,
partsupp_yfcc_wiki_1,4way,B3,0.5,0.5,111780,397115,424095.39207310847,1.0679410046790185,385,385,1.8214061856269836,450.9600830078125,3.453725576400757,
partsupp_yfcc_wiki_1,4way,B3,0.5,0.5,178188,397617,404993.79887370724,1.0185525238450752,385,385,1.7740344628691673,426.2264709472656,3.4229471683502197,
partsupp_yfcc_wiki_1,4way,B3,0.5,0.5,539857,399397,375361.3884378033,1.0640332551577274,385,385,1.8376372754573822,432.03662109375,3.2578957080841064,
partsupp_yfcc_wiki_1,4way,B3,0.5,0.5,781264,400010,414052.7144814799,1.035105908555986,385,385,1.7868122085928917,427.9248046875,3.049591064453125,
partsupp_yfcc_wiki_1,4way,B3,0.5,0.5,771184,397642,410334.40547345387,1.0319191772334257,385,385,1.7842119559645653,446.5933532714844,3.250993251800537,
partsupp_yfcc_wiki_1,4way,B3,0.5,0.5,140785,396739,415849.49154221505,1.048168926024956,385,385,1.7780102789402008,431.33038330078125,3.1912899017333984,
partsupp_yfcc_wiki_1,4way,B3,0.5,0.5,2505,399305,386552.3601472273,1.0329907178626863,385,385,1.727558672428131,421.6029052734375,3.262022018432617,
partsupp_yfcc_wiki_1,4way,B3,0.5,0.5,526089,401016,423734.1845615255,1.056651566425094,385,385,1.7382362857460976,435.79541015625,3.1631457805633545,
partsupp_yfcc_wiki_1,4way,B3,0.5,0.5,608072,401395,425787.71468989924,1.0607698518663642,385,385,1.7171399667859077,402.75909423828125,3.4596242904663086,
partsupp_yfcc_wiki_1,4way,B3,0.5,0.5,224837,398648,387052.1638453656,1.0299593626849408,385,385,1.7036758363246918,437.2459411621094,3.5153305530548096,
partsupp_yfcc_wiki_1,4way,B3,0.5,0.5,386133,400299,380011.57764840673,1.0533863270091302,385,385,1.7019715160131454,423.341796875,3.3409440517425537,
partsupp_yfcc_wiki_1,4way,B3,0.5,0.5,487850,400152,346804.6033857316,1.1538255146946048,385,385,1.6901744529604912,451.381103515625,2.9737961292266846,
partsupp_yfcc_wiki_1,4way,B3,0.5,0.5,340195,398037,363844.72995589307,1.0939748943134393,385,385,1.7061429098248482,445.21075439453125,3.3361666202545166,
partsupp_yfcc_wiki_1,4way,B3,0.5,0.5,122774,399320,444433.3388708144,1.1129754053661585,385,385,1.689002849161625,399.5509948730469,2.9925975799560547,
partsupp_yfcc_wiki_1,4way,B3,0.5,0.5,690833,398609,382845.16127396474,1.041175494222205,385,385,1.6780775040388107,440.4053649902344,3.4445395469665527,
partsupp_yfcc_wiki_1,4way,B3,0.5,0.5,686759,401250,440809.0334979296,1.0985894915836252,385,385,1.6895346343517303,395.3150634765625,3.5822367668151855,
partsupp_yfcc_wiki_1,4way,B3,0.5,0.5,154430,398601,419769.4246145187,1.0531068025783143,385,385,1.6698045656085014,420.52886962890625,3.0902206897735596,
partsupp_yfcc_wiki_1,4way,B3,0.5,0.5,630926,397926,399234.1571155419,1.003287438155692,385,385,1.6569709405303001,429.1429138183594,3.4742069244384766,
partsupp_yfcc_wiki_1,4way,B3,0.5,0.5,255248,398528,403184.0426089973,1.011683100331714,385,385,1.6630003228783607,442.417236328125,3.2602715492248535,
partsupp_yfcc_wiki_1,4way,B3,0.5,0.5,48107,399282,419634.23673812725,1.0509720867410182,385,385,1.6829874366521835,466.3829040527344,3.3630759716033936,
partsupp_yfcc_wiki_1,4way,B3,0.5,0.5,717611,399714,375549.8279417614,1.064343451282278,385,385,1.682116650044918,441.1711730957031,2.9142706394195557,
partsupp_yfcc_wiki_1,4way,B3,0.5,0.5,559097,398793,409400.61899653805,1.0265993109120222,385,385,1.677422784268856,454.1783752441406,3.4353229999542236,
partsupp_yfcc_wiki_1,4way,B3,0.5,0.5,527854,400209,411402.8605455326,1.0279700370194889,385,385,1.6707498580217361,435.4969787597656,3.2362077236175537,
partsupp_yfcc_wiki_1,4way,B3,0.5,0.5,692258,399561,401623.39426882117,1.0051616505835683,385,385,1.6999170184135437,416.83154296875,3.776059865951538,
partsupp_yfcc_wiki_1,4way,B3,0.5,0.5,344709,400354,417451.1515800563,1.04270508494996,385,385,1.6727130860090256,429.8712158203125,3.213989496231079,
partsupp_yfcc_wiki_1,4way,B3,0.5,0.5,414737,402365,436318.0007023735,1.084383583816618,385,385,1.6796868294477463,419.09307861328125,3.403557300567627,
partsupp_yfcc_wiki_1,4way,B3,0.5,0.5,362610,398680,401753.45569562877,1.0077090792004333,385,385,1.6728797927498817,459.2562255859375,3.365111827850342,
partsupp_yfcc_wiki_1,4way,B3,0.5,0.5,129857,400132,408067.8554837411,1.0198330937884026,385,385,1.7214296385645866,447.29144287109375,3.189283847808838,
partsupp_yfcc_wiki_1,4way,B3,0.5,0.5,210898,400546,419781.3544041972,1.048022834840935,385,385,1.704092137515545,434.52911376953125,2.9655251502990723,
partsupp_yfcc_wiki_1,4way,B3,0.5,0.5,793779,398747,407767.34487186954,1.022621724732398,385,385,1.675175502896309,406.6611328125,3.1118245124816895,
partsupp_yfcc_wiki_1,4way,B3,0.5,0.5,634727,399186,397264.3306540247,1.0048372561986916,385,385,1.6511520370841026,427.08856201171875,2.9159677028656006,
partsupp_yfcc_wiki_1,4way,B3,0.5,0.5,351141,398896,376844.52807901177,1.0585160995527705,385,385,1.6636764630675316,423.3606872558594,3.1640126705169678,
partsupp_yfcc_wiki_1,4way,B3,0.5,0.5,611020,400507,390789.3868769908,1.024866624963047,385,385,1.6773445531725883,457.6464538574219,3.011030912399292,
partsupp_yfcc_wiki_1,4way,B6,0.01,0.1,145860,8141,8581.966666666665,1.0541661548540309,385,385,24.626940488815308,364.46563720703125,2.7791433334350586,
partsupp_yfcc_wiki_1,4way,B6,0.01,0.1,359095,8021,6052.941512911193,1.3251408398529625,385,385,21.45383320748806,383.42626953125,2.330082654953003,
partsupp_yfcc_wiki_1,4way,B6,0.01,0.1,286093,8295,6628.163884180791,1.2514778066663965,395,395,21.478425711393356,385.6861267089844,2.1552388668060303,
partsupp_yfcc_wiki_1,4way,B6,0.01,0.1,781121,7996,5021.769909572242,1.5922672969859555,385,385,22.178759798407555,408.2724609375,2.2795467376708984,
partsupp_yfcc_wiki_1,4way,B6,0.01,0.1,142780,8214,3958.7611972437553,2.0748915104348575,385,385,21.559888496994972,357.7455749511719,2.7598116397857666,
partsupp_yfcc_wiki_1,4way,B6,0.01,0.1,428790,8003,5422.779166666667,1.4758115265312142,387,387,21.716469898819923,373.8810119628906,2.257038116455078,
partsupp_yfcc_wiki_1,4way,B6,0.01,0.1,322723,8230,8105.233557951482,1.0153933185461532,385,385,21.664665080606937,378.48870849609375,2.8452041149139404,
partsupp_yfcc_wiki_1,4way,B6,0.01,0.1,588557,8065,2808.6387878787878,2.871497764257203,385,385,21.682114340364933,372.0467529296875,2.8811392784118652,
partsupp_yfcc_wiki_1,4way,B6,0.01,0.1,263638,8119,4426.818369453044,1.8340485925568126,385,385,24.050148203969,368.9966125488281,3.1491057872772217,
partsupp_yfcc_wiki_1,4way,B6,0.01,0.1,693614,7984,11705.75254155716,1.466151370435516,391,391,24.378634057939053,392.36932373046875,2.3145997524261475,
partsupp_yfcc_wiki_1,4way,B6,0.01,0.1,546912,8033,11396.096764946764,1.4186601226125686,385,385,24.58474040031433,361.6460876464844,3.094848394393921,
partsupp_yfcc_wiki_1,4way,B6,0.01,0.1,444449,8133,10592.411842074136,1.302399095299906,385,385,24.278748780488968,391.6747131347656,2.622706890106201,
partsupp_yfcc_wiki_1,4way,B6,0.01,0.1,663176,8132,7839.432081234594,1.037320039989342,385,385,26.26925054937601,337.7731628417969,2.3369600772857666,
partsupp_yfcc_wiki_1,4way,B6,0.01,0.1,763999,8127,7638.9209224598935,1.0638937203951229,387,387,30.12338373810053,372.2793273925781,2.7435648441314697,
partsupp_yfcc_wiki_1,4way,B6,0.01,0.1,782168,7746,6637.884277798473,1.166938089883219,387,387,24.868502281606197,349.2619323730469,2.321883201599121,
partsupp_yfcc_wiki_1,4way,B6,0.01,0.1,673362,8301,3645.7689277062345,2.276885936713121,385,385,24.257524870336056,369.7781677246094,2.6439919471740723,
partsupp_yfcc_wiki_1,4way,B6,0.01,0.1,83904,7982,9840.005273937531,1.2327744016458948,385,385,24.958823807537556,319.8409118652344,2.928945541381836,
partsupp_yfcc_wiki_1,4way,B6,0.01,0.1,695261,8056,4424.322260754922,1.8208438547659962,385,385,25.69411788135767,324.0319519042969,2.5670652389526367,
partsupp_yfcc_wiki_1,4way,B6,0.01,0.1,386245,8226,11711.654675716441,1.423736284429424,385,385,26.693697087466717,381.8100280761719,2.7859504222869873,
partsupp_yfcc_wiki_1,4way,B6,0.01,0.1,69504,8210,10914.291707193515,1.3293899765156536,385,385,24.237885139882565,352.2740478515625,3.0938942432403564,
partsupp_yfcc_wiki_1,4way,B6,0.01,0.1,681535,8136,5670.720361827227,1.4347383543663943,385,385,25.369404815137386,364.0436706542969,3.186352491378784,
partsupp_yfcc_wiki_1,4way,B6,0.01,0.1,696279,8138,10301.908280922431,1.2659017302681779,389,389,22.014969028532505,371.8330078125,2.6614370346069336,
partsupp_yfcc_wiki_1,4way,B6,0.01,0.1,340223,8023,3926.044074074074,2.0435328408512987,385,385,19.453969784080982,387.0399169921875,2.7366652488708496,
partsupp_yfcc_wiki_1,4way,B6,0.01,0.1,690943,8117,7672.815893901421,1.0578906248032915,385,385,19.319172017276287,385.08843994140625,3.105254888534546,
partsupp_yfcc_wiki_1,4way,B6,0.01,0.1,636616,7950,7251.199473684211,1.096370335535776,385,385,19.38661839812994,376.94268798828125,2.822864055633545,
partsupp_yfcc_wiki_1,4way,B6,0.01,0.1,48106,8045,12802.228787878788,1.591327381961316,385,385,19.28718015551567,391.63043212890625,2.8765604496002197,
partsupp_yfcc_wiki_1,4way,B6,0.01,0.1,352770,8107,9656.412100840336,1.1911202788750876,385,385,19.885513931512833,365.34051513671875,3.0234601497650146,
partsupp_yfcc_wiki_1,4way,B6,0.01,0.1,536954,8142,4417.559735283873,1.8430990157231668,386,386,25.15856921672821,408.37432861328125,2.944667100906372,
partsupp_yfcc_wiki_1,4way,B6,0.01,0.1,752067,7984,11017.394993811478,1.3799342427118586,385,385,25.56812111288309,351.4053039550781,2.5798802375793457,
partsupp_yfcc_wiki_1,4way,B6,0.01,0.1,602570,8029,6802.16,1.180360356122173,385,385,25.359883904457092,386.77215576171875,2.6612396240234375,
partsupp_yfcc_wiki_1,4way,B6,0.01,0.1,345404,8017,11286.27183600713,1.4077924206071013,385,385,24.881919845938683,380.667724609375,2.7372653484344482,
partsupp_yfcc_wiki_1,4way,B6,0.01,0.1,628777,7851,8273.101117053777,1.0537639940203511,385,385,28.660093434154987,390.7913818359375,2.7295992374420166,
partsupp_yfcc_wiki_1,4way,B6,0.01,0.1,137071,8113,8328.118326912494,1.026515262777332,388,388,27.73229591548443,387.11431884765625,2.437206745147705,
partsupp_yfcc_wiki_1,4way,B6,0.01,0.1,296404,8012,15616.819093175342,1.9491786187188394,385,385,25.162819772958755,364.69561767578125,3.154475212097168,
partsupp_yfcc_wiki_1,4way,B6,0.01,0.1,703153,7997,5983.305787545788,1.336552114158314,385,385,19.742507487535477,385.7873840332031,3.1921608448028564,
partsupp_yfcc_wiki_1,4way,B6,0.01,0.1,438962,7968,7445.704113029827,1.0701472794300497,385,385,21.201660856604576,364.2394714355469,2.468273162841797,
partsupp_yfcc_wiki_1,4way,B6,0.01,0.1,33248,7959,3626.886495726496,2.1944441904586665,390,390,22.572261281311512,350.9059753417969,2.1035821437835693,
partsupp_yfcc_wiki_1,4way,B6,0.01,0.1,779894,8233,5312.304459983238,1.5497982207190695,385,385,23.376536555588245,347.6433410644531,2.428924083709717,
partsupp_yfcc_wiki_1,4way,B6,0.01,0.1,304120,8030,12015.916885666227,1.496378192486454,386,386,23.91122095286846,353.7880859375,2.57894229888916,
partsupp_yfcc_wiki_1,4way,B6,0.01,0.1,73745,7731,11330.417103174605,1.4655823442212657,385,385,22.898530587553978,394.4474792480469,2.5097620487213135,
partsupp_yfcc_wiki_1,4way,B6,0.01,0.1,516733,7872,6879.721598877981,1.144232348193254,385,385,23.507132194936275,336.5292053222656,2.8653626441955566,
partsupp_yfcc_wiki_1,4way,B6,0.01,0.1,181346,8087,7113.961915930171,1.1367786467750018,387,387,21.601546555757523,428.6324768066406,3.1206812858581543,
partsupp_yfcc_wiki_1,4way,B6,0.01,0.1,620747,7963,3783.543056246889,2.1046410419071457,385,385,21.34841028600931,350.1796875,2.927414894104004,
partsupp_yfcc_wiki_1,4way,B6,0.01,0.1,738510,8145,8900.914670915134,1.0928072033044978,387,387,22.754267789423466,380.28765869140625,2.402500629425049,
partsupp_yfcc_wiki_1,4way,B6,0.01,0.1,111011,7878,4822.436813186813,1.633613939421215,385,385,21.41081728041172,377.218505859375,2.744110584259033,
partsupp_yfcc_wiki_1,4way,B6,0.01,0.1,426052,8136,6770.148532668882,1.201746159739376,390,390,20.97643632441759,360.2164611816406,2.700775384902954,
partsupp_yfcc_wiki_1,4way,B6,0.01,0.1,724169,8440,11098.245712320015,1.3149580227867317,385,385,24.566107429564,380.0748596191406,2.68540358543396,
partsupp_yfcc_wiki_1,4way,B6,0.01,0.1,588630,8235,9361.351151229723,1.1367760960813265,391,391,28.461879119277,370.726318359375,2.7094972133636475,
partsupp_yfcc_wiki_1,4way,B6,0.01,0.1,790256,8167,7039.193326167677,1.1602181701189802,385,385,29.120706021785736,412.1048278808594,2.567054033279419,
partsupp_yfcc_wiki_1,4way,B6,0.01,0.1,201003,8325,8187.211316627792,1.0168297455682336,385,385,21.339522674679756,397.5360412597656,2.689554452896118,
partsupp_yfcc_wiki_1,4way,B6,0.01,0.1,6443,8234,9693.773030478294,1.1772860129315392,391,391,22.405964322388172,392.9132385253906,2.4705615043640137,
partsupp_yfcc_wiki_1,4way,B6,0.01,0.1,642763,8040,10655.028995207404,1.3252523625879855,390,390,25.969293899834156,369.4332275390625,2.4056813716888428,
partsupp_yfcc_wiki_1,4way,B6,0.01,0.1,193392,8153,8919.770131939189,1.0940476060271298,385,385,23.25082290917635,329.56744384765625,2.846799373626709,
partsupp_yfcc_wiki_1,4way,B6,0.01,0.1,203755,8062,9906.132448433918,1.2287437916688067,385,385,23.38945958763361,362.5753479003906,2.872863292694092,
partsupp_yfcc_wiki_1,4way,B6,0.01,0.1,94462,8390,5442.500020263425,1.5415709634841512,385,385,23.490888997912407,375.15423583984375,2.8380818367004395,
partsupp_yfcc_wiki_1,4way,B6,0.01,0.1,590890,8205,8609.264921509897,1.0492705571614744,385,385,24.797956459224224,373.388427734375,2.8598101139068604,
partsupp_yfcc_wiki_1,4way,B6,0.01,0.1,783383,8028,7369.469898830973,1.0893592226048023,385,385,23.513689637184143,360.99334716796875,2.81827974319458,
partsupp_yfcc_wiki_1,4way,B6,0.01,0.1,737605,8104,7453.367072832885,1.0872938258386113,385,385,23.94356857985258,343.82684326171875,2.8511314392089844,
partsupp_yfcc_wiki_1,4way,B6,0.01,0.1,516560,7958,4254.680434782608,1.8704107445866522,385,385,26.44456271082163,350.1656799316406,3.073276996612549,
partsupp_yfcc_wiki_1,4way,B6,0.01,0.1,137642,8105,4291.840813914218,1.8884670591051413,385,385,26.99054405093193,339.3409729003906,2.7730391025543213,
partsupp_yfcc_wiki_1,4way,B6,0.01,0.1,37803,7912,2657.645161290323,2.97707162537779,385,385,25.518441572785378,351.4440002441406,2.835411787033081,
partsupp_yfcc_wiki_1,4way,B6,0.01,0.1,254800,8086,7102.368172268908,1.1384935001781051,385,385,25.507453829050064,340.35260009765625,2.7787673473358154,
partsupp_yfcc_wiki_1,4way,B6,0.01,0.1,605930,8107,6415.55796899414,1.263646909462974,385,385,24.811635725200176,357.8030090332031,2.638248920440674,
partsupp_yfcc_wiki_1,4way,B6,0.01,0.1,209329,8090,10055.357081819602,1.2429365984943883,385,385,26.68008953332901,371.36248779296875,2.5807759761810303,
partsupp_yfcc_wiki_1,4way,B6,0.01,0.1,766585,8067,7793.712167832168,1.0350651687261176,386,386,27.58101373910904,358.3327941894531,2.9337518215179443,
partsupp_yfcc_wiki_1,4way,B6,0.01,0.1,488782,8215,4475.77068040022,1.8354380924773879,385,385,26.314908638596535,433.1639404296875,3.0121567249298096,
partsupp_yfcc_wiki_1,4way,B6,0.01,0.1,374559,8155,11032.206746031745,1.3528150516286628,385,385,27.03567873686552,353.9023742675781,2.954691171646118,
partsupp_yfcc_wiki_1,4way,B6,0.01,0.1,111780,7850,15521.287149807813,1.9772340318226513,385,385,25.35208873450756,363.0238037109375,3.104321241378784,
partsupp_yfcc_wiki_1,4way,B6,0.01,0.1,178188,7954,8030.960613420477,1.0096757120216844,387,387,25.97862109541893,377.47821044921875,2.789363145828247,
partsupp_yfcc_wiki_1,4way,B6,0.01,0.1,539857,8214,2575.255980861244,3.1895858357556315,388,388,25.799594819545746,362.4388122558594,2.654690980911255,
partsupp_yfcc_wiki_1,4way,B6,0.01,0.1,781264,7852,4489.822058823529,1.7488443633459863,385,385,20.908616483211517,361.4816589355469,2.5626325607299805,
partsupp_yfcc_wiki_1,4way,B6,0.01,0.1,771184,7897,7897.518668831168,1.0000656792239038,387,387,19.526652991771698,351.8717041015625,2.5855629444122314,
partsupp_yfcc_wiki_1,4way,B6,0.01,0.1,140785,7866,6543.297077625572,1.2021462431986063,385,385,19.24676075577736,359.9602966308594,2.6899919509887695,
partsupp_yfcc_wiki_1,4way,B6,0.01,0.1,2505,7913,7333.555906736444,1.0790127055186545,394,394,19.185930490493774,359.88861083984375,2.455249309539795,
partsupp_yfcc_wiki_1,4way,B6,0.01,0.1,526089,7980,10003.611441336441,1.2535853936511832,385,385,19.08191479742527,383.97265625,2.6229450702667236,
partsupp_yfcc_wiki_1,4way,B6,0.01,0.1,608072,8101,3509.1702720785015,2.308522919066487,385,385,20.387371070683002,346.11370849609375,2.957862377166748,
partsupp_yfcc_wiki_1,4way,B6,0.01,0.1,224837,7969,2835.856904426612,2.81008537051388,385,385,25.467813946306705,397.8076171875,3.115856409072876,
partsupp_yfcc_wiki_1,4way,B6,0.01,0.1,386133,8022,8370.906873571508,1.0434937513801432,385,385,24.779310449957848,342.8289794921875,2.7471389770507812,
partsupp_yfcc_wiki_1,4way,B6,0.01,0.1,487850,8029,3494.3092497868715,2.297735954678228,388,388,23.92915729433298,380.78839111328125,2.3273634910583496,
partsupp_yfcc_wiki_1,4way,B6,0.01,0.1,340195,7980,11586.5015815628,1.4519425540805513,385,385,26.03255771100521,371.31103515625,2.8599026203155518,
partsupp_yfcc_wiki_1,4way,B6,0.01,0.1,122774,7737,7407.801933037365,1.0444393721563308,390,390,24.67791922390461,329.8543701171875,2.306730031967163,
partsupp_yfcc_wiki_1,4way,B6,0.01,0.1,690833,7825,10338.662169312169,1.3212347820207244,385,385,26.550840586423874,366.0273132324219,3.103199005126953,
partsupp_yfcc_wiki_1,4way,B6,0.01,0.1,686759,8095,6612.3451347273585,1.2242252688060533,386,386,20.37219423800707,337.1468505859375,3.090532064437866,
partsupp_yfcc_wiki_1,4way,B6,0.01,0.1,154430,7904,5620.091282126886,1.4063828509576777,386,386,19.73370462656021,364.3690490722656,2.479921579360962,
partsupp_yfcc_wiki_1,4way,B6,0.01,0.1,630926,7916,6840.992307692308,1.1571420700325752,385,385,21.893106400966644,366.92559814453125,3.065295457839966,
partsupp_yfcc_wiki_1,4way,B6,0.01,0.1,255248,7806,6116.6497023809525,1.276188825552893,393,393,21.688178181648254,371.5652160644531,2.471759796142578,
partsupp_yfcc_wiki_1,4way,B6,0.01,0.1,48107,8140,7403.248560298104,1.099517317796531,385,385,22.177360020577908,411.21636962890625,2.8765604496002197,
partsupp_yfcc_wiki_1,4way,B6,0.01,0.1,717611,8057,8591.345708937914,1.0663206787809252,387,387,23.32070842385292,345.2961120605469,2.2551217079162598,
partsupp_yfcc_wiki_1,4way,B6,0.01,0.1,559097,8418,9925.329520524643,1.1790602899173965,385,385,26.50999277830124,372.0413818359375,3.0143213272094727,
partsupp_yfcc_wiki_1,4way,B6,0.01,0.1,527854,8192,8052.077586206897,1.0173771815155865,385,385,27.51091029495001,369.9187927246094,2.7587831020355225,
partsupp_yfcc_wiki_1,4way,B6,0.01,0.1,692258,8211,3763.554464013031,2.1817141424452013,385,385,18.962246365845203,347.03875732421875,3.455446243286133,
partsupp_yfcc_wiki_1,4way,B6,0.01,0.1,344709,8089,8929.310739801416,1.1038831425147009,394,394,14.942504465579987,361.9986267089844,2.3495209217071533,
partsupp_yfcc_wiki_1,4way,B6,0.01,0.1,414737,8009,13735.651684263448,1.715027055095948,385,385,14.888191595673561,366.08441162109375,3.0020830631256104,
partsupp_yfcc_wiki_1,4way,B6,0.01,0.1,362610,8086,6011.553658022349,1.345076574207955,385,385,25.037433952093124,413.45880126953125,2.879486083984375,
partsupp_yfcc_wiki_1,4way,B6,0.01,0.1,129857,8023,4050.507843137255,1.9807392827527315,385,385,24.163736030459404,367.2027893066406,2.723562479019165,
partsupp_yfcc_wiki_1,4way,B6,0.01,0.1,210898,8022,8892.192371475954,1.1084757381545691,385,385,50.001644529402256,366.9675598144531,2.4897570610046387,
partsupp_yfcc_wiki_1,4way,B6,0.01,0.1,793779,7865,4426.150886727689,1.776938970513655,385,385,32.389651983976364,355.618896484375,2.6217916011810303,
partsupp_yfcc_wiki_1,4way,B6,0.01,0.1,634727,8085,14677.333986928104,1.8153783533615466,385,385,15.638048760592937,372.3201599121094,2.382875442504883,
partsupp_yfcc_wiki_1,4way,B6,0.01,0.1,351141,8257,5724.736017316018,1.44233724926782,385,385,15.157540328800678,348.8105773925781,2.7925963401794434,
partsupp_yfcc_wiki_1,4way,B6,0.01,0.1,611020,8228,8949.258268398267,1.0876590019929835,385,385,15.388274565339088,378.19769287109375,2.54848575592041,
partsupp_yfcc_wiki_1,4way,B6,0.01,0.2,145860,8141,11103.009480302586,1.3638385309301788,385,385,14.881611801683903,364.46563720703125,2.7791433334350586,
partsupp_yfcc_wiki_1,4way,B6,0.01,0.2,359095,8021,8052.710766083649,1.0039534679071997,385,385,14.685237780213356,383.42626953125,2.330082654953003,
partsupp_yfcc_wiki_1,4way,B6,0.01,0.2,286093,8295,7792.685460608914,1.0644597477891578,395,395,15.583381988108158,385.6861267089844,2.1552388668060303,
partsupp_yfcc_wiki_1,4way,B6,0.01,0.2,781121,7996,5952.489755722889,1.3433034458081048,385,385,15.178407542407513,408.2724609375,2.2795467376708984,
partsupp_yfcc_wiki_1,4way,B6,0.01,0.2,142780,8214,6741.328306878307,1.2184542312854127,385,385,15.170454047620296,357.7455749511719,2.7598116397857666,
partsupp_yfcc_wiki_1,4way,B6,0.01,0.2,428790,8003,8436.561805555557,1.054174910103156,387,387,15.439908020198345,373.8810119628906,2.257038116455078,
partsupp_yfcc_wiki_1,4way,B6,0.01,0.2,322723,8230,8022.5219377059,1.0258619501330313,385,385,15.513860620558262,378.48870849609375,2.8452041149139404,
partsupp_yfcc_wiki_1,4way,B6,0.01,0.2,588557,8065,9352.968013468013,1.1596984517629279,385,385,15.144315548241138,372.0467529296875,2.8811392784118652,
partsupp_yfcc_wiki_1,4way,B6,0.01,0.2,263638,8119,9601.594647103691,1.1826080363472955,385,385,15.669736079871655,368.9966125488281,3.1491057872772217,
partsupp_yfcc_wiki_1,4way,B6,0.01,0.2,693614,7984,9361.331200093744,1.172511422857433,391,391,15.572061762213707,392.36932373046875,2.3145997524261475,
partsupp_yfcc_wiki_1,4way,B6,0.01,0.2,546912,8033,8243.54365079365,1.0262098407560873,385,385,15.665994957089424,361.6460876464844,3.094848394393921,
partsupp_yfcc_wiki_1,4way,B6,0.01,0.2,444449,8133,4196.876690401281,1.9378696587872277,385,385,15.582476742565632,391.6747131347656,2.622706890106201,
partsupp_yfcc_wiki_1,4way,B6,0.01,0.2,663176,8132,15175.80580307892,1.8661836944268224,385,385,15.507402829825878,337.7731628417969,2.3369600772857666,
partsupp_yfcc_wiki_1,4way,B6,0.01,0.2,763999,8127,6153.643181818182,1.3206810599633698,387,387,15.986042097210884,372.2793273925781,2.7435648441314697,
partsupp_yfcc_wiki_1,4way,B6,0.01,0.2,782168,7746,7067.165276906412,1.096054739983489,387,387,15.714130364358425,349.2619323730469,2.321883201599121,
partsupp_yfcc_wiki_1,4way,B6,0.01,0.2,673362,8301,12055.705274949454,1.4523196331706365,385,385,14.979863539338112,369.7781677246094,2.6439919471740723,
partsupp_yfcc_wiki_1,4way,B6,0.01,0.2,83904,7982,7089.312575623135,1.125920167132481,385,385,15.393717214465141,319.8409118652344,2.928945541381836,
partsupp_yfcc_wiki_1,4way,B6,0.01,0.2,695261,8056,9774.756880659108,1.2133511520182607,385,385,15.73151908814907,324.0319519042969,2.5670652389526367,
partsupp_yfcc_wiki_1,4way,B6,0.01,0.2,386245,8226,8342.1644335512,1.014121618472064,385,385,15.865029767155647,381.8100280761719,2.7859504222869873,
partsupp_yfcc_wiki_1,4way,B6,0.01,0.2,69504,8210,12036.786713385118,1.466112876173583,385,385,15.67280013114214,352.2740478515625,3.0938942432403564,
partsupp_yfcc_wiki_1,4way,B6,0.01,0.2,681535,8136,13359.497584090295,1.6420228102372536,385,385,15.66839125007391,364.0436706542969,3.186352491378784,
partsupp_yfcc_wiki_1,4way,B6,0.01,0.2,696279,8138,7655.211111111111,1.0630666982113854,389,389,15.852770768105984,371.8330078125,2.6614370346069336,
partsupp_yfcc_wiki_1,4way,B6,0.01,0.2,340223,8023,9530.813031189084,1.1879363120016309,385,385,17.81711634248495,387.0399169921875,2.7366652488708496,
partsupp_yfcc_wiki_1,4way,B6,0.01,0.2,690943,8117,6773.905365769496,1.1982747856233054,385,385,17.49456115067005,385.08843994140625,3.105254888534546,
partsupp_yfcc_wiki_1,4way,B6,0.01,0.2,636616,7950,5655.401792524791,1.405735665060645,385,385,17.498151399195194,376.94268798828125,2.822864055633545,
partsupp_yfcc_wiki_1,4way,B6,0.01,0.2,48106,8045,14556.939410589412,1.8094393300919094,385,385,17.762992531061172,391.63043212890625,2.8765604496002197,
partsupp_yfcc_wiki_1,4way,B6,0.01,0.2,352770,8107,13778.725755029283,1.6996084562759692,385,385,15.044821426272392,365.34051513671875,3.0234601497650146,
partsupp_yfcc_wiki_1,4way,B6,0.01,0.2,536954,8142,10829.201675976374,1.3300419646249537,386,386,15.172178857028484,408.37432861328125,2.944667100906372,
partsupp_yfcc_wiki_1,4way,B6,0.01,0.2,752067,7984,8895.727782021899,1.1141943614756886,385,385,14.862574636936188,351.4053039550781,2.5798802375793457,
partsupp_yfcc_wiki_1,4way,B6,0.01,0.2,602570,8029,9329.740421482376,1.1620052835324917,385,385,24.11575708538294,386.77215576171875,2.6612396240234375,
partsupp_yfcc_wiki_1,4way,B6,0.01,0.2,345404,8017,6091.308717426364,1.3161375283877024,385,385,35.15675291419029,380.667724609375,2.7372653484344482,
partsupp_yfcc_wiki_1,4way,B6,0.01,0.2,628777,7851,9699.309261850156,1.2354234189084392,385,385,25.20708553493023,390.7913818359375,2.7295992374420166,
partsupp_yfcc_wiki_1,4way,B6,0.01,0.2,137071,8113,6373.232727007017,1.2729803456918494,388,388,15.034410171210766,387.11431884765625,2.437206745147705,
partsupp_yfcc_wiki_1,4way,B6,0.01,0.2,296404,8012,7954.641206941207,1.007210732900026,385,385,15.050075948238373,364.69561767578125,3.154475212097168,
partsupp_yfcc_wiki_1,4way,B6,0.01,0.2,703153,7997,3272.656428571429,2.4435806735419607,385,385,15.390213578939438,385.7873840332031,3.1921608448028564,
partsupp_yfcc_wiki_1,4way,B6,0.01,0.2,438962,7968,7292.98,1.0925575005004813,385,385,22.49935269355774,364.2394714355469,2.468273162841797,
partsupp_yfcc_wiki_1,4way,B6,0.01,0.2,33248,7959,6232.818461538462,1.276950395573604,390,390,15.098640695214272,350.9059753417969,2.1035821437835693,
partsupp_yfcc_wiki_1,4way,B6,0.01,0.2,779894,8233,13078.587005028283,1.5885566628237924,385,385,14.973036013543606,347.6433410644531,2.428924083709717,
partsupp_yfcc_wiki_1,4way,B6,0.01,0.2,304120,8030,9080.502604845069,1.1308222421973935,386,386,15.080014243721962,353.7880859375,2.57894229888916,
partsupp_yfcc_wiki_1,4way,B6,0.01,0.2,73745,7731,12652.947916666668,1.6366508752640885,385,385,15.189716592431068,394.4474792480469,2.5097620487213135,
partsupp_yfcc_wiki_1,4way,B6,0.01,0.2,516733,7872,8066.2589605734765,1.024677205357403,385,385,32.156335189938545,336.5292053222656,2.8653626441955566,
partsupp_yfcc_wiki_1,4way,B6,0.01,0.2,181346,8087,9829.828626317554,1.2155099080397618,387,387,16.86954777687788,428.6324768066406,3.1206812858581543,
partsupp_yfcc_wiki_1,4way,B6,0.01,0.2,620747,7963,8812.052746697831,1.106624732726087,385,385,15.178450383245945,350.1796875,2.927414894104004,
partsupp_yfcc_wiki_1,4way,B6,0.01,0.2,738510,8145,8952.788681604825,1.0991760198409852,387,387,15.335898846387863,380.28765869140625,2.402500629425049,
partsupp_yfcc_wiki_1,4way,B6,0.01,0.2,111011,7878,3866.968325791855,2.037254856073017,385,385,15.166368335485458,377.218505859375,2.744110584259033,
partsupp_yfcc_wiki_1,4way,B6,0.01,0.2,426052,8136,10687.630325068201,1.3136222130123159,390,390,15.426279976963997,360.2164611816406,2.700775384902954,
partsupp_yfcc_wiki_1,4way,B6,0.01,0.2,724169,8440,6822.417669172932,1.2370981093895947,385,385,14.922956004738808,380.0748596191406,2.68540358543396,
partsupp_yfcc_wiki_1,4way,B6,0.01,0.2,588630,8235,4502.703151407863,1.8289013783698262,391,391,17.421366646885872,370.726318359375,2.7094972133636475,
partsupp_yfcc_wiki_1,4way,B6,0.01,0.2,790256,8167,9132.114622188612,1.1181724773097357,385,385,15.274975448846817,412.1048278808594,2.567054033279419,
partsupp_yfcc_wiki_1,4way,B6,0.01,0.2,201003,8325,6644.996622091359,1.2528223072865758,385,385,15.43442253023386,397.5360412597656,2.689554452896118,
partsupp_yfcc_wiki_1,4way,B6,0.01,0.2,6443,8234,8735.539430744695,1.0609107882857294,391,391,15.14128502458334,392.9132385253906,2.4705615043640137,
partsupp_yfcc_wiki_1,4way,B6,0.01,0.2,642763,8040,7220.220207207689,1.113539444679811,390,390,15.194726176559925,369.4332275390625,2.4056813716888428,
partsupp_yfcc_wiki_1,4way,B6,0.01,0.2,193392,8153,5352.185740382549,1.52330288885252,385,385,15.338213182985783,329.56744384765625,2.846799373626709,
partsupp_yfcc_wiki_1,4way,B6,0.01,0.2,203755,8062,2861.285714285714,2.8176144590344,385,385,24.248085916042328,362.5753479003906,2.872863292694092,
partsupp_yfcc_wiki_1,4way,B6,0.01,0.2,94462,8390,10122.672648971038,1.2065164063135922,385,385,33.450436778366566,375.15423583984375,2.8380818367004395,
partsupp_yfcc_wiki_1,4way,B6,0.01,0.2,590890,8205,4248.015841702535,1.9314899722011325,385,385,30.81574570387602,373.388427734375,2.8598101139068604,
partsupp_yfcc_wiki_1,4way,B6,0.01,0.2,783383,8028,5014.839578454333,1.6008488156812346,385,385,15.30108880251646,360.99334716796875,2.81827974319458,
partsupp_yfcc_wiki_1,4way,B6,0.01,0.2,737605,8104,7671.374158594019,1.0563948299824906,385,385,21.25497441738844,343.82684326171875,2.8511314392089844,
partsupp_yfcc_wiki_1,4way,B6,0.01,0.2,516560,7958,3421.67950310559,2.3257584448739714,385,385,33.519004471600056,350.1656799316406,3.073276996612549,
partsupp_yfcc_wiki_1,4way,B6,0.01,0.2,137642,8105,7464.69006762712,1.085778502063974,385,385,40.61687830835581,339.3409729003906,2.7730391025543213,
partsupp_yfcc_wiki_1,4way,B6,0.01,0.2,37803,7912,2657.9098671726756,2.9767751336189248,385,385,27.524408884346485,351.4440002441406,2.835411787033081,
partsupp_yfcc_wiki_1,4way,B6,0.01,0.2,254800,8086,12659.997296918767,1.5656687233389521,385,385,16.4565397426486,340.35260009765625,2.7787673473358154,
partsupp_yfcc_wiki_1,4way,B6,0.01,0.2,605930,8107,6704.60025966594,1.209169776872564,385,385,37.30686753988266,357.8030090332031,2.638248920440674,
partsupp_yfcc_wiki_1,4way,B6,0.01,0.2,209329,8090,6450.67867397164,1.2541316051972933,385,385,53.129893727600574,371.36248779296875,2.5807759761810303,
partsupp_yfcc_wiki_1,4way,B6,0.01,0.2,766585,8067,4058.121818181818,1.987865411988618,386,386,21.13199047744274,358.3327941894531,2.9337518215179443,
partsupp_yfcc_wiki_1,4way,B6,0.01,0.2,488782,8215,10088.662783539423,1.228078245105225,385,385,25.669158436357975,433.1639404296875,3.0121567249298096,
partsupp_yfcc_wiki_1,4way,B6,0.01,0.2,374559,8155,4687.513233127027,1.739728421963264,385,385,20.804638974368572,353.9023742675781,2.954691171646118,
partsupp_yfcc_wiki_1,4way,B6,0.01,0.2,111780,7850,11123.853723636284,1.417051429762584,385,385,27.056332677602768,363.0238037109375,3.104321241378784,
partsupp_yfcc_wiki_1,4way,B6,0.01,0.2,178188,7954,14355.882240885432,1.8048632437623122,387,387,40.06867669522762,377.47821044921875,2.789363145828247,
partsupp_yfcc_wiki_1,4way,B6,0.01,0.2,539857,8214,7362.647755753019,1.1156312609932686,388,388,35.92612221837044,362.4388122558594,2.654690980911255,
partsupp_yfcc_wiki_1,4way,B6,0.01,0.2,781264,7852,3760.261956521739,2.0881523922506555,385,385,21.110551431775093,361.4816589355469,2.5626325607299805,
partsupp_yfcc_wiki_1,4way,B6,0.01,0.2,771184,7897,7352.439486076987,1.0740652833599276,387,387,33.222950994968414,351.8717041015625,2.5855629444122314,
partsupp_yfcc_wiki_1,4way,B6,0.01,0.2,140785,7866,6145.155821917808,1.280032635127736,385,385,31.003872863948345,359.9602966308594,2.6899919509887695,
partsupp_yfcc_wiki_1,4way,B6,0.01,0.2,2505,7913,8243.36074322165,1.0417491145231454,394,394,25.09438991546631,359.88861083984375,2.455249309539795,
partsupp_yfcc_wiki_1,4way,B6,0.01,0.2,526089,7980,10902.368006993009,1.3662115296983721,385,385,26.798633858561516,383.97265625,2.6229450702667236,
partsupp_yfcc_wiki_1,4way,B6,0.01,0.2,608072,8101,9013.947382614759,1.1126956403672088,385,385,20.578186959028244,346.11370849609375,2.957862377166748,
partsupp_yfcc_wiki_1,4way,B6,0.01,0.2,224837,7969,1123.878787878788,7.090622303710094,385,385,27.17449888586998,397.8076171875,3.115856409072876,
partsupp_yfcc_wiki_1,4way,B6,0.01,0.2,386133,8022,8617.349231778051,1.0742145639214724,385,385,73.756436817348,342.8289794921875,2.7471389770507812,
partsupp_yfcc_wiki_1,4way,B6,0.01,0.2,487850,8029,6294.940265829653,1.2754688147849809,388,388,21.239889785647392,380.78839111328125,2.3273634910583496,
partsupp_yfcc_wiki_1,4way,B6,0.01,0.2,340195,7980,9572.454720348866,1.1995557293670258,385,385,19.341972656548023,371.31103515625,2.8599026203155518,
partsupp_yfcc_wiki_1,4way,B6,0.01,0.2,122774,7737,4953.290681003584,1.5619919157323532,390,390,14.833835884928703,329.8543701171875,2.306730031967163,
partsupp_yfcc_wiki_1,4way,B6,0.01,0.2,690833,7825,7668.026859832508,1.0204711254977163,385,385,14.654859900474548,366.0273132324219,3.103199005126953,
partsupp_yfcc_wiki_1,4way,B6,0.01,0.2,686759,8095,6202.498361740128,1.3051192483876652,386,386,14.860219322144985,337.1468505859375,3.090532064437866,
partsupp_yfcc_wiki_1,4way,B6,0.01,0.2,154430,7904,4632.2202380952385,1.7063091981244207,386,386,14.963626861572266,364.3690490722656,2.479921579360962,
partsupp_yfcc_wiki_1,4way,B6,0.01,0.2,630926,7916,14183.355677655676,1.7917326525588273,385,385,15.205864794552326,366.92559814453125,3.065295457839966,
partsupp_yfcc_wiki_1,4way,B6,0.01,0.2,255248,7806,7156.118326465201,1.0908148305948724,393,393,15.995453111827374,371.5652160644531,2.471759796142578,
partsupp_yfcc_wiki_1,4way,B6,0.01,0.2,48107,8140,8800.838390298415,1.0811840774322377,385,385,15.677491202950478,411.21636962890625,2.8765604496002197,
partsupp_yfcc_wiki_1,4way,B6,0.01,0.2,717611,8057,6936.170746107107,1.1615919352218878,387,387,15.078200027346611,345.2961120605469,2.2551217079162598,
partsupp_yfcc_wiki_1,4way,B6,0.01,0.2,559097,8418,10120.183349686535,1.202207573020496,385,385,15.374693088233471,372.0413818359375,3.0143213272094727,
partsupp_yfcc_wiki_1,4way,B6,0.01,0.2,527854,8192,6968.081609195402,1.1756463915677249,385,385,25.245774537324905,369.9187927246094,2.7587831020355225,
partsupp_yfcc_wiki_1,4way,B6,0.01,0.2,692258,8211,7744.892794246098,1.0601825251990817,385,385,34.99556705355644,347.03875732421875,3.455446243286133,
partsupp_yfcc_wiki_1,4way,B6,0.01,0.2,344709,8089,5342.977249978704,1.5139499237119607,394,394,21.325877867639065,361.9986267089844,2.3495209217071533,
partsupp_yfcc_wiki_1,4way,B6,0.01,0.2,414737,8009,5997.757754010695,1.3353323572704132,385,385,22.311145439743996,366.08441162109375,3.0020830631256104,
partsupp_yfcc_wiki_1,4way,B6,0.01,0.2,362610,8086,8002.606009198911,1.0104208542448834,385,385,14.726446010172367,413.45880126953125,2.879486083984375,
partsupp_yfcc_wiki_1,4way,B6,0.01,0.2,129857,8023,6120.388850889193,1.3108644230724635,385,385,14.972240664064884,367.2027893066406,2.723562479019165,
partsupp_yfcc_wiki_1,4way,B6,0.01,0.2,210898,8022,6005.280830335516,1.3358242897612849,385,385,14.967115595936775,366.9675598144531,2.4897570610046387,
partsupp_yfcc_wiki_1,4way,B6,0.01,0.2,793779,7865,4544.032036613273,1.7308416702673357,385,385,14.965356327593327,355.618896484375,2.6217916011810303,
partsupp_yfcc_wiki_1,4way,B6,0.01,0.2,634727,8085,6504.6343434343435,1.2429599533386297,385,385,14.74055927246809,372.3201599121094,2.382875442504883,
partsupp_yfcc_wiki_1,4way,B6,0.01,0.2,351141,8257,3942.5707070707067,2.094318812137392,385,385,14.761229045689106,348.8105773925781,2.7925963401794434,
partsupp_yfcc_wiki_1,4way,B6,0.01,0.2,611020,8228,14112.369393939392,1.7151640002357065,385,385,14.731922186911106,378.19769287109375,2.54848575592041,
partsupp_yfcc_wiki_1,4way,B6,0.01,0.3,145860,8141,11414.427586206897,1.402091584105994,385,385,14.809437096118927,364.46563720703125,2.7791433334350586,
partsupp_yfcc_wiki_1,4way,B6,0.01,0.3,359095,8021,10829.312712763973,1.3501200240324116,385,385,14.69455286860466,383.42626953125,2.330082654953003,
partsupp_yfcc_wiki_1,4way,B6,0.01,0.3,286093,8295,8395.868050847457,1.0121601025735332,395,395,15.368087217211723,385.6861267089844,2.1552388668060303,
partsupp_yfcc_wiki_1,4way,B6,0.01,0.3,781121,7996,7287.981913134678,1.097148716243286,385,385,15.173148363828659,408.2724609375,2.2795467376708984,
partsupp_yfcc_wiki_1,4way,B6,0.01,0.3,142780,8214,9203.357484939843,1.1204477093912641,385,385,15.260215848684311,357.7455749511719,2.7598116397857666,
partsupp_yfcc_wiki_1,4way,B6,0.01,0.3,428790,8003,9906.790277777776,1.23788457800547,387,387,15.071607194840908,373.8810119628906,2.257038116455078,
partsupp_yfcc_wiki_1,4way,B6,0.01,0.3,322723,8230,9094.814179531162,1.10508070225166,385,385,32.34166745096445,378.48870849609375,2.8452041149139404,
partsupp_yfcc_wiki_1,4way,B6,0.01,0.3,588557,8065,10723.40252964427,1.3296221363477088,385,385,44.91842724382877,372.0467529296875,2.8811392784118652,
partsupp_yfcc_wiki_1,4way,B6,0.01,0.3,263638,8119,12742.43844414959,1.569459101385588,385,385,21.772464737296104,368.9966125488281,3.1491057872772217,
partsupp_yfcc_wiki_1,4way,B6,0.01,0.3,693614,7984,6739.892490416325,1.1845886282834204,391,391,15.550822019577026,392.36932373046875,2.3145997524261475,
partsupp_yfcc_wiki_1,4way,B6,0.01,0.3,546912,8033,5363.825396825397,1.4976251845845627,385,385,15.293145552277565,361.6460876464844,3.094848394393921,
partsupp_yfcc_wiki_1,4way,B6,0.01,0.3,444449,8133,5165.055141579732,1.5746201690138244,385,385,14.856606721878052,391.6747131347656,2.622706890106201,
partsupp_yfcc_wiki_1,4way,B6,0.01,0.3,663176,8132,11458.549046378293,1.4090689924223185,385,385,14.85238503664732,337.7731628417969,2.3369600772857666,
partsupp_yfcc_wiki_1,4way,B6,0.01,0.3,763999,8127,9023.822628458498,1.110351006331795,387,387,14.982318505644798,372.2793273925781,2.7435648441314697,
partsupp_yfcc_wiki_1,4way,B6,0.01,0.3,782168,7746,8811.600443212006,1.1375678341352964,387,387,44.60300598293543,349.2619323730469,2.321883201599121,
partsupp_yfcc_wiki_1,4way,B6,0.01,0.3,673362,8301,11526.852295810782,1.3886100826178511,385,385,16.33492484688759,369.7781677246094,2.6439919471740723,
partsupp_yfcc_wiki_1,4way,B6,0.01,0.3,83904,7982,6022.035186192288,1.3254655200789338,385,385,22.904053330421448,319.8409118652344,2.928945541381836,
partsupp_yfcc_wiki_1,4way,B6,0.01,0.3,695261,8056,7351.231571600295,1.0958707968229986,385,385,52.856843918561935,324.0319519042969,2.5670652389526367,
partsupp_yfcc_wiki_1,4way,B6,0.01,0.3,386245,8226,8410.842923579688,1.0224705717942728,385,385,34.545122645795345,381.8100280761719,2.7859504222869873,
partsupp_yfcc_wiki_1,4way,B6,0.01,0.3,69504,8210,8197.461350050658,1.001529577196392,385,385,27.44646556675434,352.2740478515625,3.0938942432403564,
partsupp_yfcc_wiki_1,4way,B6,0.01,0.3,681535,8136,13815.629874092192,1.6980862677104465,385,385,27.21255086362362,364.0436706542969,3.186352491378784,
partsupp_yfcc_wiki_1,4way,B6,0.01,0.3,696279,8138,9200.881918238994,1.1306072644678047,389,389,27.491544373333454,371.8330078125,2.6614370346069336,
partsupp_yfcc_wiki_1,4way,B6,0.01,0.3,340223,8023,3768.066851851852,2.129208508086055,385,385,27.37359143793583,387.0399169921875,2.7366652488708496,
partsupp_yfcc_wiki_1,4way,B6,0.01,0.3,690943,8117,5576.253968253968,1.4556367135016965,385,385,21.02659083902836,385.08843994140625,3.105254888534546,
partsupp_yfcc_wiki_1,4way,B6,0.01,0.3,636616,7950,7544.136635781372,1.0537985171548514,385,385,24.7150594368577,376.94268798828125,2.822864055633545,
partsupp_yfcc_wiki_1,4way,B6,0.01,0.3,48106,8045,8804.967532467532,1.0944645783054732,385,385,15.227454714477062,391.63043212890625,2.8765604496002197,
partsupp_yfcc_wiki_1,4way,B6,0.01,0.3,352770,8107,13499.62030048383,1.6651807450948353,385,385,15.277099795639515,365.34051513671875,3.0234601497650146,
partsupp_yfcc_wiki_1,4way,B6,0.01,0.3,536954,8142,7123.820189580534,1.1429260962971355,386,386,15.368098393082619,408.37432861328125,2.944667100906372,
partsupp_yfcc_wiki_1,4way,B6,0.01,0.3,752067,7984,9008.964914213657,1.1283773690147365,385,385,21.09467890113592,351.4053039550781,2.5798802375793457,
partsupp_yfcc_wiki_1,4way,B6,0.01,0.3,602570,8029,5388.471428571429,1.4900329539519555,385,385,21.335260942578316,386.77215576171875,2.6612396240234375,
partsupp_yfcc_wiki_1,4way,B6,0.01,0.3,345404,8017,12699.246475964123,1.584039725079721,385,385,27.352171950042248,380.667724609375,2.7372653484344482,
partsupp_yfcc_wiki_1,4way,B6,0.01,0.3,628777,7851,15568.065725974266,1.982940482228285,385,385,15.85940457880497,390.7913818359375,2.7295992374420166,
partsupp_yfcc_wiki_1,4way,B6,0.01,0.3,137071,8113,6791.358114978126,1.1946064193120718,388,388,21.606776863336563,387.11431884765625,2.437206745147705,
partsupp_yfcc_wiki_1,4way,B6,0.01,0.3,296404,8012,15198.823972092721,1.8970074852836647,385,385,21.323376335203648,364.69561767578125,3.154475212097168,
partsupp_yfcc_wiki_1,4way,B6,0.01,0.3,703153,7997,7410.152142857143,1.0791951158126405,385,385,14.879013411700726,385.7873840332031,3.1921608448028564,
partsupp_yfcc_wiki_1,4way,B6,0.01,0.3,438962,7968,7930.737542336084,1.0046984857921475,385,385,14.875536784529686,364.2394714355469,2.468273162841797,
partsupp_yfcc_wiki_1,4way,B6,0.01,0.3,33248,7959,10204.658253638252,1.2821533174567474,390,390,23.06516468524933,350.9059753417969,2.1035821437835693,
partsupp_yfcc_wiki_1,4way,B6,0.01,0.3,779894,8233,4818.637793316573,1.7085741558369734,385,385,24.191318079829216,347.6433410644531,2.428924083709717,
partsupp_yfcc_wiki_1,4way,B6,0.01,0.3,304120,8030,6739.735726392252,1.1914413748531978,386,386,14.743012376129627,353.7880859375,2.57894229888916,
partsupp_yfcc_wiki_1,4way,B6,0.01,0.3,73745,7731,11067.574020737327,1.4315837564011547,385,385,14.540458098053932,394.4474792480469,2.5097620487213135,
partsupp_yfcc_wiki_1,4way,B6,0.01,0.3,516733,7872,8779.658930519377,1.115302201539555,385,385,14.303003437817097,336.5292053222656,2.8653626441955566,
partsupp_yfcc_wiki_1,4way,B6,0.01,0.3,181346,8087,5050.757130490249,1.6011460838575382,387,387,14.421866275370121,428.6324768066406,3.1206812858581543,
partsupp_yfcc_wiki_1,4way,B6,0.01,0.3,620747,7963,1948.5102040816328,4.086711982990668,385,385,14.770597219467163,350.1796875,2.927414894104004,
partsupp_yfcc_wiki_1,4way,B6,0.01,0.3,738510,8145,11959.43101302884,1.4683156553749344,387,387,14.794139191508293,380.28765869140625,2.402500629425049,
partsupp_yfcc_wiki_1,4way,B6,0.01,0.3,111011,7878,8603.542124542124,1.0920972486090537,385,385,14.779096469283104,377.218505859375,2.744110584259033,
partsupp_yfcc_wiki_1,4way,B6,0.01,0.3,426052,8136,11661.525089445438,1.4333241260380332,390,390,14.90845624357462,360.2164611816406,2.700775384902954,
partsupp_yfcc_wiki_1,4way,B6,0.01,0.3,724169,8440,5660.4690893901425,1.4910425031416121,385,385,14.72485437989235,380.0748596191406,2.68540358543396,
partsupp_yfcc_wiki_1,4way,B6,0.01,0.3,588630,8235,7116.917961800104,1.1571019989553308,391,391,15.266463160514832,370.726318359375,2.7094972133636475,
partsupp_yfcc_wiki_1,4way,B6,0.01,0.3,790256,8167,8025.1804949369935,1.017671815001853,385,385,14.825651422142982,412.1048278808594,2.567054033279419,
partsupp_yfcc_wiki_1,4way,B6,0.01,0.3,201003,8325,12597.756888946364,1.513244070744308,385,385,16.001561656594276,397.5360412597656,2.689554452896118,
partsupp_yfcc_wiki_1,4way,B6,0.01,0.3,6443,8234,8686.020787983945,1.054896865191152,391,391,15.570001676678658,392.9132385253906,2.4705615043640137,
partsupp_yfcc_wiki_1,4way,B6,0.01,0.3,642763,8040,7085.615161058885,1.1346932929953948,390,390,15.01593180000782,369.4332275390625,2.4056813716888428,
partsupp_yfcc_wiki_1,4way,B6,0.01,0.3,193392,8153,5451.981412204816,1.4954196251932699,385,385,14.901475980877876,329.56744384765625,2.846799373626709,
partsupp_yfcc_wiki_1,4way,B6,0.01,0.3,203755,8062,3177.017857142857,2.537599838123128,385,385,15.054791234433651,362.5753479003906,2.872863292694092,
partsupp_yfcc_wiki_1,4way,B6,0.01,0.3,94462,8390,7891.289702803107,1.0631975654144017,385,385,15.429764054715633,375.15423583984375,2.8380818367004395,
partsupp_yfcc_wiki_1,4way,B6,0.01,0.3,590890,8205,8292.985226576724,1.0107233670416482,385,385,15.35951066762209,373.388427734375,2.8598101139068604,
partsupp_yfcc_wiki_1,4way,B6,0.01,0.3,783383,8028,8686.040877155632,1.081968220871404,385,385,15.341770835220814,360.99334716796875,2.81827974319458,
partsupp_yfcc_wiki_1,4way,B6,0.01,0.3,737605,8104,12112.664196755626,1.494652541554248,385,385,15.082667581737041,343.82684326171875,2.8511314392089844,
partsupp_yfcc_wiki_1,4way,B6,0.01,0.3,516560,7958,7335.512962962963,1.0848593738679186,385,385,15.008487738668919,350.1656799316406,3.073276996612549,
partsupp_yfcc_wiki_1,4way,B6,0.01,0.3,137642,8105,4874.065365517009,1.6628829102993112,385,385,15.39795845746994,339.3409729003906,2.7730391025543213,
partsupp_yfcc_wiki_1,4way,B6,0.01,0.3,37803,7912,3888.200189753321,2.034874649934617,385,385,15.34989569336176,351.4440002441406,2.835411787033081,
partsupp_yfcc_wiki_1,4way,B6,0.01,0.3,254800,8086,10052.421783380018,1.243188447116005,385,385,15.629786066710949,340.35260009765625,2.7787673473358154,
partsupp_yfcc_wiki_1,4way,B6,0.01,0.3,605930,8107,9501.870242414647,1.1720575110909888,385,385,24.07948486506939,357.8030090332031,2.638248920440674,
partsupp_yfcc_wiki_1,4way,B6,0.01,0.3,209329,8090,7602.025430680886,1.0641900732599112,385,385,34.34061072766781,371.36248779296875,2.5807759761810303,
partsupp_yfcc_wiki_1,4way,B6,0.01,0.3,766585,8067,5780.614460955711,1.3955263846927235,386,386,19.39838845282793,358.3327941894531,2.9337518215179443,
partsupp_yfcc_wiki_1,4way,B6,0.01,0.3,488782,8215,9223.584979185463,1.1227735823719371,385,385,26.711516082286835,433.1639404296875,3.0121567249298096,
partsupp_yfcc_wiki_1,4way,B6,0.01,0.3,374559,8155,5812.9561507936505,1.4029006564734858,385,385,15.935366041958332,353.9023742675781,2.954691171646118,
partsupp_yfcc_wiki_1,4way,B6,0.01,0.3,111780,7850,5319.690860215053,1.475649658274063,385,385,15.49158152192831,363.0238037109375,3.104321241378784,
partsupp_yfcc_wiki_1,4way,B6,0.01,0.3,178188,7954,9508.802708481824,1.195474315876518,387,387,15.259779058396816,377.47821044921875,2.789363145828247,
partsupp_yfcc_wiki_1,4way,B6,0.01,0.3,539857,8214,6207.865599312968,1.3231600891792912,388,388,15.251007862389088,362.4388122558594,2.654690980911255,
partsupp_yfcc_wiki_1,4way,B6,0.01,0.3,781264,7852,7493.0596153846145,1.047903046691156,385,385,15.011640265583992,361.4816589355469,2.5626325607299805,
partsupp_yfcc_wiki_1,4way,B6,0.01,0.3,771184,7897,8227.45636919387,1.0418458109654134,387,387,15.483357012271881,351.8717041015625,2.5855629444122314,
partsupp_yfcc_wiki_1,4way,B6,0.01,0.3,140785,7866,8468.593851924332,1.0766074055332229,385,385,15.458080917596817,359.9602966308594,2.6899919509887695,
partsupp_yfcc_wiki_1,4way,B6,0.01,0.3,2505,7913,7930.198383455412,1.00217343402697,394,394,15.517547726631165,359.88861083984375,2.455249309539795,
partsupp_yfcc_wiki_1,4way,B6,0.01,0.3,526089,7980,9902.144061494062,1.2408701831446194,385,385,15.039590187370777,383.97265625,2.6229450702667236,
partsupp_yfcc_wiki_1,4way,B6,0.01,0.3,608072,8101,7063.843907386283,1.1468260208198002,385,385,14.959420077502728,346.11370849609375,2.957862377166748,
partsupp_yfcc_wiki_1,4way,B6,0.01,0.3,224837,7969,6103.844084556649,1.3055707009558757,385,385,15.670598484575748,397.8076171875,3.115856409072876,
partsupp_yfcc_wiki_1,4way,B6,0.01,0.3,386133,8022,7479.352976224798,1.0725526693953549,385,385,15.203955583274364,342.8289794921875,2.7471389770507812,
partsupp_yfcc_wiki_1,4way,B6,0.01,0.3,487850,8029,7856.281246572758,1.0219847976423437,388,388,15.27020987123251,380.78839111328125,2.3273634910583496,
partsupp_yfcc_wiki_1,4way,B6,0.01,0.3,340195,7980,10993.208417192564,1.3775950397484416,385,385,15.480195172131062,371.31103515625,2.8599026203155518,
partsupp_yfcc_wiki_1,4way,B6,0.01,0.3,122774,7737,4880.436576891864,1.585308994001384,390,390,15.387879684567451,329.8543701171875,2.306730031967163,
partsupp_yfcc_wiki_1,4way,B6,0.01,0.3,690833,7825,7672.940355485336,1.019817649749611,385,385,15.085932798683643,366.0273132324219,3.103199005126953,
partsupp_yfcc_wiki_1,4way,B6,0.01,0.3,686759,8095,12528.643510535869,1.547701483698069,386,386,14.903856441378593,337.1468505859375,3.090532064437866,
partsupp_yfcc_wiki_1,4way,B6,0.01,0.3,154430,7904,9067.332539682538,1.1471827605873657,386,386,15.081552788615227,364.3690490722656,2.479921579360962,
partsupp_yfcc_wiki_1,4way,B6,0.01,0.3,630926,7916,5449.369230769231,1.4526451897043835,385,385,15.144775621592999,366.92559814453125,3.065295457839966,
partsupp_yfcc_wiki_1,4way,B6,0.01,0.3,255248,7806,8003.29152930403,1.025274344005128,393,393,15.256806276738644,371.5652160644531,2.471759796142578,
partsupp_yfcc_wiki_1,4way,B6,0.01,0.3,48107,8140,11083.941797820386,1.3616636115258458,385,385,15.082328580319881,411.21636962890625,2.8765604496002197,
partsupp_yfcc_wiki_1,4way,B6,0.01,0.3,717611,8057,5651.658254901479,1.425599290794424,387,387,27.16565690934658,345.2961120605469,2.2551217079162598,
partsupp_yfcc_wiki_1,4way,B6,0.01,0.3,559097,8418,4459.6758308895405,1.8875811424887625,385,385,27.172579430043697,372.0413818359375,3.0143213272094727,
partsupp_yfcc_wiki_1,4way,B6,0.01,0.3,527854,8192,7434.049122807018,1.1019566678497799,385,385,15.049992129206657,369.9187927246094,2.7587831020355225,
partsupp_yfcc_wiki_1,4way,B6,0.01,0.3,692258,8211,2537.792962356792,3.2354885216383558,385,385,18.075312487781048,347.03875732421875,3.455446243286133,
partsupp_yfcc_wiki_1,4way,B6,0.01,0.3,344709,8089,5864.939304881165,1.379212909035194,394,394,15.018843114376068,361.9986267089844,2.3495209217071533,
partsupp_yfcc_wiki_1,4way,B6,0.01,0.3,414737,8009,8937.853614577143,1.1159762285650072,385,385,15.638994984328747,366.08441162109375,3.0020830631256104,
partsupp_yfcc_wiki_1,4way,B6,0.01,0.3,362610,8086,7640.172952245414,1.0583530046428542,385,385,15.210006386041641,413.45880126953125,2.879486083984375,
partsupp_yfcc_wiki_1,4way,B6,0.01,0.3,129857,8023,15784.8945581131,1.9674553855307366,385,385,15.17658494412899,367.2027893066406,2.723562479019165,
partsupp_yfcc_wiki_1,4way,B6,0.01,0.3,210898,8022,7406.8397026406565,1.0830530053377596,385,385,15.235590748488903,366.9675598144531,2.4897570610046387,
partsupp_yfcc_wiki_1,4way,B6,0.01,0.3,793779,7865,15180.333310858668,1.9301123090729395,385,385,15.173383988440037,355.618896484375,2.6217916011810303,
partsupp_yfcc_wiki_1,4way,B6,0.01,0.3,634727,8085,12747.72653142065,1.5767132382709526,385,385,15.070909634232521,372.3201599121094,2.382875442504883,
partsupp_yfcc_wiki_1,4way,B6,0.01,0.3,351141,8257,8381.699558611324,1.015102283954381,385,385,15.138242393732071,348.8105773925781,2.7925963401794434,
partsupp_yfcc_wiki_1,4way,B6,0.01,0.3,611020,8228,6410.934285714286,1.2834322788699841,385,385,23.13180360943079,378.19769287109375,2.54848575592041,
partsupp_yfcc_wiki_1,4way,B6,0.01,0.4,145860,8141,10390.616980146291,1.27633177498419,385,385,15.418244525790215,364.46563720703125,2.7791433334350586,
partsupp_yfcc_wiki_1,4way,B6,0.01,0.4,359095,8021,3331.370931280771,2.4077174729132507,385,385,15.533185563981533,383.42626953125,2.330082654953003,
partsupp_yfcc_wiki_1,4way,B6,0.01,0.4,286093,8295,6630.29603460452,1.2510753602414035,395,395,15.10180626064539,385.6861267089844,2.1552388668060303,
partsupp_yfcc_wiki_1,4way,B6,0.01,0.4,781121,7996,12617.06810998448,1.577922474985553,385,385,15.222803689539433,408.2724609375,2.2795467376708984,
partsupp_yfcc_wiki_1,4way,B6,0.01,0.4,142780,8214,8346.176541159099,1.0160916168929996,385,385,15.22110216319561,357.7455749511719,2.7598116397857666,
partsupp_yfcc_wiki_1,4way,B6,0.01,0.4,428790,8003,5261.659375,1.5210030580894454,387,387,17.06997025758028,373.8810119628906,2.257038116455078,
partsupp_yfcc_wiki_1,4way,B6,0.01,0.4,322723,8230,6402.465700808625,1.2854422631206848,385,385,20.527281798422337,378.48870849609375,2.8452041149139404,
partsupp_yfcc_wiki_1,4way,B6,0.01,0.4,588557,8065,8825.085992847731,1.0942450084126139,385,385,20.79632505774498,372.0467529296875,2.8811392784118652,
partsupp_yfcc_wiki_1,4way,B6,0.01,0.4,263638,8119,7711.973044076517,1.052778576065708,385,385,20.78637946397066,368.9966125488281,3.1491057872772217,
partsupp_yfcc_wiki_1,4way,B6,0.01,0.4,693614,7984,10783.322049213153,1.350616489129904,391,391,20.7412326708436,392.36932373046875,2.3145997524261475,
partsupp_yfcc_wiki_1,4way,B6,0.01,0.4,546912,8033,13065.917013652306,1.6265301896741324,385,385,20.737299695611,361.6460876464844,3.094848394393921,
partsupp_yfcc_wiki_1,4way,B6,0.01,0.4,444449,8133,5710.237505919128,1.4242840147313454,385,385,20.736049860715866,391.6747131347656,2.622706890106201,
partsupp_yfcc_wiki_1,4way,B6,0.01,0.4,663176,8132,5950.090307947866,1.3667019455381435,385,385,20.635793916881084,337.7731628417969,2.3369600772857666,
partsupp_yfcc_wiki_1,4way,B6,0.01,0.4,763999,8127,7270.427272727273,1.1178160093129452,387,387,26.57310850918293,372.2793273925781,2.7435648441314697,
partsupp_yfcc_wiki_1,4way,B6,0.01,0.4,782168,7746,3181.0042372881358,2.4350800634593326,387,387,28.34829594939947,349.2619323730469,2.321883201599121,
partsupp_yfcc_wiki_1,4way,B6,0.01,0.4,673362,8301,7529.698784805657,1.1024345378530638,385,385,20.983608439564705,369.7781677246094,2.6439919471740723,
partsupp_yfcc_wiki_1,4way,B6,0.01,0.4,83904,7982,7108.202928127773,1.1229279862585995,385,385,20.8273995667696,319.8409118652344,2.928945541381836,
partsupp_yfcc_wiki_1,4way,B6,0.01,0.4,695261,8056,8793.399183831845,1.0915341588669123,385,385,20.679098553955555,324.0319519042969,2.5670652389526367,
partsupp_yfcc_wiki_1,4way,B6,0.01,0.4,386245,8226,8133.48198005698,1.0113749584950051,385,385,20.615306682884693,381.8100280761719,2.7859504222869873,
partsupp_yfcc_wiki_1,4way,B6,0.01,0.4,69504,8210,8151.967944388158,1.0071187786811393,385,385,20.61972115188837,352.2740478515625,3.0938942432403564,
partsupp_yfcc_wiki_1,4way,B6,0.01,0.4,681535,8136,7178.8248413106885,1.1333331262216106,385,385,20.643905736505985,364.0436706542969,3.186352491378784,
partsupp_yfcc_wiki_1,4way,B6,0.01,0.4,696279,8138,9680.287447589097,1.189516766722671,389,389,20.302997902035713,371.8330078125,2.6614370346069336,
partsupp_yfcc_wiki_1,4way,B6,0.01,0.4,340223,8023,7306.473975036157,1.0980672794308144,385,385,20.76993603259325,387.0399169921875,2.7366652488708496,
partsupp_yfcc_wiki_1,4way,B6,0.01,0.4,690943,8117,7953.09981021394,1.0206083406089745,385,385,17.05145835876465,385.08843994140625,3.105254888534546,
partsupp_yfcc_wiki_1,4way,B6,0.01,0.4,636616,7950,11118.308031107179,1.3985293120889533,385,385,32.70656056702137,376.94268798828125,2.822864055633545,
partsupp_yfcc_wiki_1,4way,B6,0.01,0.4,48106,8045,11659.683982683982,1.449308139550526,385,385,27.095495723187923,391.63043212890625,2.8765604496002197,
partsupp_yfcc_wiki_1,4way,B6,0.01,0.4,352770,8107,3427.6933333333336,2.3651474071970653,385,385,21.466052159667015,365.34051513671875,3.0234601497650146,
partsupp_yfcc_wiki_1,4way,B6,0.01,0.4,536954,8142,13225.974935666874,1.6244135268566537,386,386,27.98611205071211,408.37432861328125,2.944667100906372,
partsupp_yfcc_wiki_1,4way,B6,0.01,0.4,752067,7984,3019.92239623122,2.643776545372097,385,385,21.358964033424854,351.4053039550781,2.5798802375793457,
partsupp_yfcc_wiki_1,4way,B6,0.01,0.4,602570,8029,12444.591428571428,1.5499553404622528,385,385,26.939595118165016,386.77215576171875,2.6612396240234375,
partsupp_yfcc_wiki_1,4way,B6,0.01,0.4,345404,8017,13415.279810637705,1.6733540988696152,385,385,21.20869792997837,380.667724609375,2.7372653484344482,
partsupp_yfcc_wiki_1,4way,B6,0.01,0.4,628777,7851,7592.851070565213,1.033998945460097,385,385,27.242476120591164,390.7913818359375,2.7295992374420166,
partsupp_yfcc_wiki_1,4way,B6,0.01,0.4,137071,8113,10308.064636717256,1.2705613998172385,388,388,27.17921044677496,387.11431884765625,2.437206745147705,
partsupp_yfcc_wiki_1,4way,B6,0.01,0.4,296404,8012,6211.875141525141,1.289787675615272,385,385,21.301566623151302,364.69561767578125,3.154475212097168,
partsupp_yfcc_wiki_1,4way,B6,0.01,0.4,703153,7997,8363.29380952381,1.0458039026539714,385,385,27.378513477742672,385.7873840332031,3.1921608448028564,
partsupp_yfcc_wiki_1,4way,B6,0.01,0.4,438962,7968,6642.197959183673,1.199602909904731,385,385,21.342881955206394,364.2394714355469,2.468273162841797,
partsupp_yfcc_wiki_1,4way,B6,0.01,0.4,33248,7959,12583.184807692305,1.5810007297012572,390,390,21.663093008100986,350.9059753417969,2.1035821437835693,
partsupp_yfcc_wiki_1,4way,B6,0.01,0.4,779894,8233,16213.10707364341,1.9692830163541128,385,385,34.53067038208246,347.6433410644531,2.428924083709717,
partsupp_yfcc_wiki_1,4way,B6,0.01,0.4,304120,8030,9644.804919375612,1.2010965030355683,386,386,22.08488341420889,353.7880859375,2.57894229888916,
partsupp_yfcc_wiki_1,4way,B6,0.01,0.4,73745,7731,12632.935523504273,1.6340622847631967,385,385,34.251779317855835,394.4474792480469,2.5097620487213135,
partsupp_yfcc_wiki_1,4way,B6,0.01,0.4,516733,7872,6453.031634720274,1.2198917416807666,385,385,27.54841186106205,336.5292053222656,2.8653626441955566,
partsupp_yfcc_wiki_1,4way,B6,0.01,0.4,181346,8087,9467.309343480987,1.1706824957933706,387,387,25.843587704002857,428.6324768066406,3.1206812858581543,
partsupp_yfcc_wiki_1,4way,B6,0.01,0.4,620747,7963,7427.1894143023055,1.0721417693570465,385,385,27.00289711356163,350.1796875,2.927414894104004,
partsupp_yfcc_wiki_1,4way,B6,0.01,0.4,738510,8145,8071.23268921095,1.0091395346447707,387,387,22.676424123346806,380.28765869140625,2.402500629425049,
partsupp_yfcc_wiki_1,4way,B6,0.01,0.4,111011,7878,992.3076923076923,7.939069767441861,385,385,24.374045431613922,377.218505859375,2.744110584259033,
partsupp_yfcc_wiki_1,4way,B6,0.01,0.4,426052,8136,11940.57816726193,1.4676226852583494,390,390,25.807750411331654,360.2164611816406,2.700775384902954,
partsupp_yfcc_wiki_1,4way,B6,0.01,0.4,724169,8440,12566.150280270569,1.4888803649609679,385,385,25.927764363586903,380.0748596191406,2.68540358543396,
partsupp_yfcc_wiki_1,4way,B6,0.01,0.4,588630,8235,6802.493467534314,1.2105855065208793,391,391,21.885113790631294,370.726318359375,2.7094972133636475,
partsupp_yfcc_wiki_1,4way,B6,0.01,0.4,790256,8167,6382.113982802423,1.2796700312791691,385,385,19.272184930741787,412.1048278808594,2.567054033279419,
partsupp_yfcc_wiki_1,4way,B6,0.01,0.4,201003,8325,3878.2812621233675,2.1465694304600396,385,385,19.125675782561302,397.5360412597656,2.689554452896118,
partsupp_yfcc_wiki_1,4way,B6,0.01,0.4,6443,8234,7813.0747673379265,1.053874466224453,391,391,19.22320481389761,392.9132385253906,2.4705615043640137,
partsupp_yfcc_wiki_1,4way,B6,0.01,0.4,642763,8040,10241.126686466496,1.2737719759286685,390,390,19.282357767224312,369.4332275390625,2.4056813716888428,
partsupp_yfcc_wiki_1,4way,B6,0.01,0.4,193392,8153,3436.660103079159,2.3723614659171917,385,385,20.550101064145565,329.56744384765625,2.846799373626709,
partsupp_yfcc_wiki_1,4way,B6,0.01,0.4,203755,8062,5956.016483516483,1.3535892693231981,385,385,24.149959906935692,362.5753479003906,2.872863292694092,
partsupp_yfcc_wiki_1,4way,B6,0.01,0.4,94462,8390,9356.12145238984,1.1151515437890154,385,385,24.342290125787258,375.15423583984375,2.8380818367004395,
partsupp_yfcc_wiki_1,4way,B6,0.01,0.4,590890,8205,10650.468485637924,1.2980461286578824,385,385,25.19757952541113,373.388427734375,2.8598101139068604,
partsupp_yfcc_wiki_1,4way,B6,0.01,0.4,783383,8028,4513.484035759898,1.7786702991292163,385,385,24.857363663613796,360.99334716796875,2.81827974319458,
partsupp_yfcc_wiki_1,4way,B6,0.01,0.4,737605,8104,3741.808686551544,2.1657975270426393,385,385,26.372481137514114,343.82684326171875,2.8511314392089844,
partsupp_yfcc_wiki_1,4way,B6,0.01,0.4,516560,7958,12598.973648493213,1.5831834190114618,385,385,24.97223112732172,350.1656799316406,3.073276996612549,
partsupp_yfcc_wiki_1,4way,B6,0.01,0.4,137642,8105,7111.080357288522,1.1397705542298868,385,385,23.25517311692238,339.3409729003906,2.7730391025543213,
partsupp_yfcc_wiki_1,4way,B6,0.01,0.4,37803,7912,7550.478568116322,1.0478805983782653,385,385,18.9677607268095,351.4440002441406,2.835411787033081,
partsupp_yfcc_wiki_1,4way,B6,0.01,0.4,254800,8086,6959.4822595704945,1.1618680382266007,385,385,20.897741429507732,340.35260009765625,2.7787673473358154,
partsupp_yfcc_wiki_1,4way,B6,0.01,0.4,605930,8107,6372.025784004508,1.2722798486394613,385,385,21.415644325315952,357.8030090332031,2.638248920440674,
partsupp_yfcc_wiki_1,4way,B6,0.01,0.4,209329,8090,8058.921264014219,1.0038564387177422,385,385,28.592536225914955,371.36248779296875,2.5807759761810303,
partsupp_yfcc_wiki_1,4way,B6,0.01,0.4,766585,8067,5336.215454545454,1.5117455561372488,386,386,29.72702495753765,358.3327941894531,2.9337518215179443,
partsupp_yfcc_wiki_1,4way,B6,0.01,0.4,488782,8215,5913.619739421192,1.3891660881130752,385,385,21.419295109808445,433.1639404296875,3.0121567249298096,
partsupp_yfcc_wiki_1,4way,B6,0.01,0.4,374559,8155,6194.101984126984,1.3165750290999434,385,385,22.10048120468855,353.9023742675781,2.954691171646118,
partsupp_yfcc_wiki_1,4way,B6,0.01,0.4,111780,7850,11675.53427716456,1.4873292072821094,385,385,22.649803198873997,363.0238037109375,3.104321241378784,
partsupp_yfcc_wiki_1,4way,B6,0.01,0.4,178188,7954,9559.591971734295,1.201859689682461,387,387,22.395215928554535,377.47821044921875,2.789363145828247,
partsupp_yfcc_wiki_1,4way,B6,0.01,0.4,539857,8214,8208.05533008658,1.0007242482749392,388,388,21.549222990870476,362.4388122558594,2.654690980911255,
partsupp_yfcc_wiki_1,4way,B6,0.01,0.4,781264,7852,7723.344871794871,1.016657954596197,385,385,21.378506906330585,361.4816589355469,2.5626325607299805,
partsupp_yfcc_wiki_1,4way,B6,0.01,0.4,771184,7897,11746.401244588744,1.487451088335918,387,387,20.830895751714706,351.8717041015625,2.5855629444122314,
partsupp_yfcc_wiki_1,4way,B6,0.01,0.4,140785,7866,10090.439317632408,1.2827916752647353,385,385,22.01572246849537,359.9602966308594,2.6899919509887695,
partsupp_yfcc_wiki_1,4way,B6,0.01,0.4,2505,7913,9943.076452857953,1.256549532776185,394,394,20.812137983739376,359.88861083984375,2.455249309539795,
partsupp_yfcc_wiki_1,4way,B6,0.01,0.4,526089,7980,12696.789321789322,1.59107635611395,385,385,20.595978945493698,383.97265625,2.6229450702667236,
partsupp_yfcc_wiki_1,4way,B6,0.01,0.4,608072,8101,4996.255017841213,1.6214144336251852,385,385,20.046820864081383,346.11370849609375,2.957862377166748,
partsupp_yfcc_wiki_1,4way,B6,0.01,0.4,224837,7969,6199.413703049676,1.2854441374157386,385,385,21.74239419400692,397.8076171875,3.115856409072876,
partsupp_yfcc_wiki_1,4way,B6,0.01,0.4,386133,8022,11435.967867157939,1.4255756503562627,385,385,22.910496219992638,342.8289794921875,2.7471389770507812,
partsupp_yfcc_wiki_1,4way,B6,0.01,0.4,487850,8029,6982.533657522969,1.1498691440390796,388,388,21.76958229392767,380.78839111328125,2.3273634910583496,
partsupp_yfcc_wiki_1,4way,B6,0.01,0.4,340195,7980,10752.408571901557,1.347419620539042,385,385,23.005114868283272,371.31103515625,2.8599026203155518,
partsupp_yfcc_wiki_1,4way,B6,0.01,0.4,122774,7737,7418.61232078853,1.0429174170915063,390,390,23.519203066825867,329.8543701171875,2.306730031967163,
partsupp_yfcc_wiki_1,4way,B6,0.01,0.4,690833,7825,3426.108902439024,2.2839320707025497,385,385,22.035541012883186,366.0273132324219,3.103199005126953,
partsupp_yfcc_wiki_1,4way,B6,0.01,0.4,686759,8095,12034.583015797676,1.4866686863246048,386,386,23.902392014861107,337.1468505859375,3.090532064437866,
partsupp_yfcc_wiki_1,4way,B6,0.01,0.4,154430,7904,11827.887150474224,1.4964432123575688,386,386,27.58563682436943,364.3690490722656,2.479921579360962,
partsupp_yfcc_wiki_1,4way,B6,0.01,0.4,630926,7916,7304.992307692308,1.0836424826435873,385,385,27.141956612467766,366.92559814453125,3.065295457839966,
partsupp_yfcc_wiki_1,4way,B6,0.01,0.4,255248,7806,6998.424553571429,1.11539389190335,393,393,24.552226066589355,371.5652160644531,2.471759796142578,
partsupp_yfcc_wiki_1,4way,B6,0.01,0.4,48107,8140,2224.5162037037035,3.65922261498807,385,385,26.74855850636959,411.21636962890625,2.8765604496002197,
partsupp_yfcc_wiki_1,4way,B6,0.01,0.4,717611,8057,9990.588782393612,1.2399886784651373,387,387,26.273257099092007,345.2961120605469,2.2551217079162598,
partsupp_yfcc_wiki_1,4way,B6,0.01,0.4,559097,8418,4795.809523809524,1.7552823893875606,385,385,26.613234542310238,372.0413818359375,3.0143213272094727,
partsupp_yfcc_wiki_1,4way,B6,0.01,0.4,527854,8192,6489.9862745098035,1.2622522842883441,385,385,26.65172517299652,369.9187927246094,2.7587831020355225,
partsupp_yfcc_wiki_1,4way,B6,0.01,0.4,692258,8211,9746.826127579432,1.1870449552526405,385,385,25.513467378914356,347.03875732421875,3.455446243286133,
partsupp_yfcc_wiki_1,4way,B6,0.01,0.4,344709,8089,7533.413119495365,1.073749689774328,394,394,25.089860893785954,361.9986267089844,2.3495209217071533,
partsupp_yfcc_wiki_1,4way,B6,0.01,0.4,414737,8009,1899.2549019607843,4.216916850777395,385,385,25.21016914397478,366.08441162109375,3.0020830631256104,
partsupp_yfcc_wiki_1,4way,B6,0.01,0.4,362610,8086,10750.498706331528,1.3295199983096126,385,385,24.79538694024086,413.45880126953125,2.879486083984375,
partsupp_yfcc_wiki_1,4way,B6,0.01,0.4,129857,8023,11284.412813897488,1.4065078915489828,385,385,22.896165028214455,367.2027893066406,2.723562479019165,
partsupp_yfcc_wiki_1,4way,B6,0.01,0.4,210898,8022,6253.980099502487,1.2827031542102543,385,385,25.267246179282665,366.9675598144531,2.4897570610046387,
partsupp_yfcc_wiki_1,4way,B6,0.01,0.4,793779,7865,5632.973223684211,1.3962431007005471,385,385,25.586199946701527,355.618896484375,2.6217916011810303,
partsupp_yfcc_wiki_1,4way,B6,0.01,0.4,634727,8085,8420.968181818182,1.0415545060999607,385,385,19.15092021226883,372.3201599121094,2.382875442504883,
partsupp_yfcc_wiki_1,4way,B6,0.01,0.4,351141,8257,16080.341077441077,1.9474798446701074,385,385,19.1598292440176,348.8105773925781,2.7925963401794434,
partsupp_yfcc_wiki_1,4way,B6,0.01,0.4,611020,8228,7366.04,1.1170180992772236,385,385,19.551631063222885,378.19769287109375,2.54848575592041,
partsupp_yfcc_wiki_1,4way,B6,0.01,0.5,145860,8141,7168.039939626147,1.1357358592542381,385,385,19.38575878739357,364.46563720703125,2.7791433334350586,
partsupp_yfcc_wiki_1,4way,B6,0.01,0.5,359095,8021,8056.848318424521,1.0044693078699065,385,385,19.874250516295433,383.42626953125,2.330082654953003,
partsupp_yfcc_wiki_1,4way,B6,0.01,0.5,286093,8295,6253.51728460452,1.3264535176741878,395,395,22.382390685379505,385.6861267089844,2.1552388668060303,
partsupp_yfcc_wiki_1,4way,B6,0.01,0.5,781121,7996,11783.988177027693,1.4737353898233734,385,385,22.908316925168037,408.2724609375,2.2795467376708984,
partsupp_yfcc_wiki_1,4way,B6,0.01,0.5,142780,8214,5822.760317460317,1.4106711511667815,385,385,22.404132410883904,357.7455749511719,2.7598116397857666,
partsupp_yfcc_wiki_1,4way,B6,0.01,0.5,428790,8003,7397.730902777778,1.0818182095532765,387,387,20.218968391418457,373.8810119628906,2.257038116455078,
partsupp_yfcc_wiki_1,4way,B6,0.01,0.5,322723,8230,10841.037685551788,1.317258528013583,385,385,23.4146760776639,378.48870849609375,2.8452041149139404,
partsupp_yfcc_wiki_1,4way,B6,0.01,0.5,588557,8065,8027.281645021646,1.0046987705983563,385,385,24.853508919477463,372.0467529296875,2.8811392784118652,
partsupp_yfcc_wiki_1,4way,B6,0.01,0.5,263638,8119,11147.326713843431,1.3729925746820337,385,385,45.90588063001633,368.9966125488281,3.1491057872772217,
partsupp_yfcc_wiki_1,4way,B6,0.01,0.5,693614,7984,8620.208440330114,1.0796854258930504,391,391,98.29520154744387,392.36932373046875,2.3145997524261475,
partsupp_yfcc_wiki_1,4way,B6,0.01,0.5,546912,8033,8810.748352248353,1.0968191649755201,385,385,78.91178783029318,361.6460876464844,3.094848394393921,
partsupp_yfcc_wiki_1,4way,B6,0.01,0.5,444449,8133,11004.867447799454,1.3531129285379877,385,385,38.009931333363056,391.6747131347656,2.622706890106201,
partsupp_yfcc_wiki_1,4way,B6,0.01,0.5,663176,8132,2461.5384615384614,3.3036250000000003,385,385,29.104016721248627,337.7731628417969,2.3369600772857666,
partsupp_yfcc_wiki_1,4way,B6,0.01,0.5,763999,8127,5958.359090909091,1.3639661316149427,387,387,22.731825709342957,372.2793273925781,2.7435648441314697,
partsupp_yfcc_wiki_1,4way,B6,0.01,0.5,782168,7746,5329.295771411907,1.4534753431310923,387,387,22.539096884429455,349.2619323730469,2.321883201599121,
partsupp_yfcc_wiki_1,4way,B6,0.01,0.5,673362,8301,14348.868589194813,1.7285710865190715,385,385,50.197421573102474,369.7781677246094,2.6439919471740723,
partsupp_yfcc_wiki_1,4way,B6,0.01,0.5,83904,7982,10120.580084151472,1.2679253425396482,385,385,45.443931594491005,319.8409118652344,2.928945541381836,
partsupp_yfcc_wiki_1,4way,B6,0.01,0.5,695261,8056,11232.576949586977,1.3943119351523061,385,385,32.467663288116455,324.0319519042969,2.5670652389526367,
partsupp_yfcc_wiki_1,4way,B6,0.01,0.5,386245,8226,3272.180982905983,2.513919628215244,385,385,23.316862992942333,381.8100280761719,2.7859504222869873,
partsupp_yfcc_wiki_1,4way,B6,0.01,0.5,69504,8210,13567.90195942851,1.6526068160083447,385,385,21.681510843336582,352.2740478515625,3.0938942432403564,
partsupp_yfcc_wiki_1,4way,B6,0.01,0.5,681535,8136,15021.798300585837,1.8463370575941294,385,385,19.34597361832857,364.0436706542969,3.186352491378784,
partsupp_yfcc_wiki_1,4way,B6,0.01,0.5,696279,8138,5291.531918238993,1.5379289260166276,389,389,19.2574393004179,371.8330078125,2.6614370346069336,
partsupp_yfcc_wiki_1,4way,B6,0.01,0.5,340223,8023,5456.040555555555,1.4704802719676755,385,385,19.207613542675972,387.0399169921875,2.7366652488708496,
partsupp_yfcc_wiki_1,4way,B6,0.01,0.5,690943,8117,4477.531746031746,1.8128291345323833,385,385,18.920518457889557,385.08843994140625,3.105254888534546,
partsupp_yfcc_wiki_1,4way,B6,0.01,0.5,636616,7950,3872.249473684211,2.053070199641878,385,385,19.653577357530594,376.94268798828125,2.822864055633545,
partsupp_yfcc_wiki_1,4way,B6,0.01,0.5,48106,8045,12911.733766233767,1.6049389392459623,385,385,21.82677946984768,391.63043212890625,2.8765604496002197,
partsupp_yfcc_wiki_1,4way,B6,0.01,0.5,352770,8107,7400.6129411764705,1.0954498045551395,385,385,21.316603757441044,365.34051513671875,3.0234601497650146,
partsupp_yfcc_wiki_1,4way,B6,0.01,0.5,536954,8142,12464.553070542652,1.5308957345299252,386,386,31.103571876883507,408.37432861328125,2.944667100906372,
partsupp_yfcc_wiki_1,4way,B6,0.01,0.5,752067,7984,7815.921591217133,1.021504618082625,385,385,27.217881754040718,351.4053039550781,2.5798802375793457,
partsupp_yfcc_wiki_1,4way,B6,0.01,0.5,602570,8029,8243.88834799609,1.0267640239128273,385,385,20.51665633916855,386.77215576171875,2.6612396240234375,
partsupp_yfcc_wiki_1,4way,B6,0.01,0.5,345404,8017,8653.00352262117,1.0793318601248807,385,385,22.239994257688522,380.667724609375,2.7372653484344482,
partsupp_yfcc_wiki_1,4way,B6,0.01,0.5,628777,7851,6269.165581195598,1.2523197702018152,385,385,24.0376815199852,390.7913818359375,2.7295992374420166,
partsupp_yfcc_wiki_1,4way,B6,0.01,0.5,137071,8113,10400.245385234866,1.281923503665089,388,388,26.513610035181046,387.11431884765625,2.437206745147705,
partsupp_yfcc_wiki_1,4way,B6,0.01,0.5,296404,8012,11380.428695147444,1.4204229524647334,385,385,27.338674291968346,364.69561767578125,3.154475212097168,
partsupp_yfcc_wiki_1,4way,B6,0.01,0.5,703153,7997,7598.043717948718,1.0525077634271616,385,385,26.871795766055584,385.7873840332031,3.1921608448028564,
partsupp_yfcc_wiki_1,4way,B6,0.01,0.5,438962,7968,6165.642016410378,1.29232283982633,385,385,26.71492099761963,364.2394714355469,2.468273162841797,
partsupp_yfcc_wiki_1,4way,B6,0.01,0.5,33248,7959,8057.766794871795,1.012409447778841,390,390,22.713358514010906,350.9059753417969,2.1035821437835693,
partsupp_yfcc_wiki_1,4way,B6,0.01,0.5,779894,8233,8016.116802849361,1.027055892832493,385,385,19.13288328796625,347.6433410644531,2.428924083709717,
partsupp_yfcc_wiki_1,4way,B6,0.01,0.5,304120,8030,5972.376095356859,1.3445234981505623,386,386,22.93525170534849,353.7880859375,2.57894229888916,
partsupp_yfcc_wiki_1,4way,B6,0.01,0.5,73745,7731,6149.331746031746,1.2572097781175862,385,385,24.003470316529274,394.4474792480469,2.5097620487213135,
partsupp_yfcc_wiki_1,4way,B6,0.01,0.5,516733,7872,8313.734511008704,1.056114648248057,385,385,23.462233133614063,336.5292053222656,2.8653626441955566,
partsupp_yfcc_wiki_1,4way,B6,0.01,0.5,181346,8087,7174.712175748738,1.127153229551826,387,387,25.049731135368347,428.6324768066406,3.1206812858581543,
partsupp_yfcc_wiki_1,4way,B6,0.01,0.5,620747,7963,6763.7289183522635,1.1773091583244433,385,385,23.437307216227055,350.1796875,2.927414894104004,
partsupp_yfcc_wiki_1,4way,B6,0.01,0.5,738510,8145,5416.402996196937,1.503765507426038,387,387,23.192375898361206,380.28765869140625,2.402500629425049,
partsupp_yfcc_wiki_1,4way,B6,0.01,0.5,111011,7878,22977.464081113394,2.91666210727512,385,385,25.62300954014063,377.218505859375,2.744110584259033,
partsupp_yfcc_wiki_1,4way,B6,0.01,0.5,426052,8136,7403.323532668882,1.0989658852673416,390,390,25.461070239543915,360.2164611816406,2.700775384902954,
partsupp_yfcc_wiki_1,4way,B6,0.01,0.5,724169,8440,10625.33625730994,1.2589260968376705,385,385,27.576889842748642,380.0748596191406,2.68540358543396,
partsupp_yfcc_wiki_1,4way,B6,0.01,0.5,588630,8235,10676.024559496465,1.2964207115356972,391,391,28.41054368764162,370.726318359375,2.7094972133636475,
partsupp_yfcc_wiki_1,4way,B6,0.01,0.5,790256,8167,6976.304225566196,1.1706771574081072,385,385,25.31225234270096,412.1048278808594,2.567054033279419,
partsupp_yfcc_wiki_1,4way,B6,0.01,0.5,201003,8325,6985.8897640371315,1.1916878566931464,385,385,26.346399448812008,397.5360412597656,2.689554452896118,
partsupp_yfcc_wiki_1,4way,B6,0.01,0.5,6443,8234,10888.166964614335,1.3223423566449277,391,391,26.836500503122807,392.9132385253906,2.4705615043640137,
partsupp_yfcc_wiki_1,4way,B6,0.01,0.5,642763,8040,6904.106473559564,1.1645243350157666,390,390,24.704155512154102,369.4332275390625,2.4056813716888428,
partsupp_yfcc_wiki_1,4way,B6,0.01,0.5,193392,8153,11109.018083964893,1.3625681447276945,385,385,24.627636186778545,329.56744384765625,2.846799373626709,
partsupp_yfcc_wiki_1,4way,B6,0.01,0.5,203755,8062,6162.680672268907,1.3081969403798142,385,385,26.648443192243576,362.5753479003906,2.872863292694092,
partsupp_yfcc_wiki_1,4way,B6,0.01,0.5,94462,8390,8732.510625663997,1.040823674095828,385,385,27.1138409152627,375.15423583984375,2.8380818367004395,
partsupp_yfcc_wiki_1,4way,B6,0.01,0.5,590890,8205,7305.021509057196,1.1231999782378406,385,385,23.606245405972004,373.388427734375,2.8598101139068604,
partsupp_yfcc_wiki_1,4way,B6,0.01,0.5,783383,8028,5681.957543822298,1.4128933449579246,385,385,23.038337007164955,360.99334716796875,2.81827974319458,
partsupp_yfcc_wiki_1,4way,B6,0.01,0.5,737605,8104,8620.694377608454,1.0637579439299671,385,385,25.810821913182735,343.82684326171875,2.8511314392089844,
partsupp_yfcc_wiki_1,4way,B6,0.01,0.5,516560,7958,10973.792401814966,1.3789636091750397,385,385,24.743350222706795,350.1656799316406,3.073276996612549,
partsupp_yfcc_wiki_1,4way,B6,0.01,0.5,137642,8105,6819.398156844922,1.188521305485685,385,385,25.38321726024151,339.3409729003906,2.7730391025543213,
partsupp_yfcc_wiki_1,4way,B6,0.01,0.5,37803,7912,7989.018329070758,1.0097343691949896,385,385,37.7046512439847,351.4440002441406,2.835411787033081,
partsupp_yfcc_wiki_1,4way,B6,0.01,0.5,254800,8086,7774.487219887955,1.0400685950470356,385,385,28.47483567893505,340.35260009765625,2.7787673473358154,
partsupp_yfcc_wiki_1,4way,B6,0.01,0.5,605930,8107,7126.3627543627545,1.1376069784038008,385,385,25.4681296646595,357.8030090332031,2.638248920440674,
partsupp_yfcc_wiki_1,4way,B6,0.01,0.5,209329,8090,12933.03786731453,1.5986449774183598,385,385,24.652818217873573,371.36248779296875,2.5807759761810303,
partsupp_yfcc_wiki_1,4way,B6,0.01,0.5,766585,8067,1695.88,4.756822416680425,386,386,20.227768458426,358.3327941894531,2.9337518215179443,
partsupp_yfcc_wiki_1,4way,B6,0.01,0.5,488782,8215,2918.91202582728,2.8144047944273685,385,385,18.33147555589676,433.1639404296875,3.0121567249298096,
partsupp_yfcc_wiki_1,4way,B6,0.01,0.5,374559,8155,5370.1436507936505,1.518581350946688,385,385,19.039707258343697,353.9023742675781,2.954691171646118,
partsupp_yfcc_wiki_1,4way,B6,0.01,0.5,111780,7850,14015.756277399723,1.785446659541366,385,385,19.06474493443966,363.0238037109375,3.104321241378784,
partsupp_yfcc_wiki_1,4way,B6,0.01,0.5,178188,7954,13622.628307586296,1.7126764279087623,387,387,19.205274060368538,377.47821044921875,2.789363145828247,
partsupp_yfcc_wiki_1,4way,B6,0.01,0.5,539857,8214,6945.079543263754,1.1827078363655332,388,388,20.477750338613987,362.4388122558594,2.654690980911255,
partsupp_yfcc_wiki_1,4way,B6,0.01,0.5,781264,7852,0.0,,385,385,21.039435639977455,361.4816589355469,2.5626325607299805,
partsupp_yfcc_wiki_1,4way,B6,0.01,0.5,771184,7897,6603.144101731602,1.1959454281679387,387,387,20.88864054530859,351.8717041015625,2.5855629444122314,
partsupp_yfcc_wiki_1,4way,B6,0.01,0.5,140785,7866,10966.824024979855,1.3942059528324249,385,385,21.40977419912815,359.9602966308594,2.6899919509887695,
partsupp_yfcc_wiki_1,4way,B6,0.01,0.5,2505,7913,6621.069514794053,1.1951241385276608,394,394,21.769195795059204,359.88861083984375,2.455249309539795,
partsupp_yfcc_wiki_1,4way,B6,0.01,0.5,526089,7980,8055.44696969697,1.0094545074808232,385,385,21.185358054935932,383.97265625,2.6229450702667236,
partsupp_yfcc_wiki_1,4way,B6,0.01,0.5,608072,8101,7224.011491214884,1.1213991021265153,385,385,21.5317290276289,346.11370849609375,2.957862377166748,
partsupp_yfcc_wiki_1,4way,B6,0.01,0.5,224837,7969,8547.641565213753,1.0726115654679074,385,385,21.459979005157948,397.8076171875,3.115856409072876,
partsupp_yfcc_wiki_1,4way,B6,0.01,0.5,386133,8022,6490.653286770934,1.235931060491278,385,385,24.250783026218414,342.8289794921875,2.7471389770507812,
partsupp_yfcc_wiki_1,4way,B6,0.01,0.5,487850,8029,4279.740710804421,1.8760482334199324,388,388,28.781136497855186,380.78839111328125,2.3273634910583496,
partsupp_yfcc_wiki_1,4way,B6,0.01,0.5,340195,7980,10572.68203138325,1.324897497667074,385,385,24.190169759094715,371.31103515625,2.8599026203155518,
partsupp_yfcc_wiki_1,4way,B6,0.01,0.5,122774,7737,8196.832194664232,1.05943288027197,390,390,23.62428605556488,329.8543701171875,2.306730031967163,
partsupp_yfcc_wiki_1,4way,B6,0.01,0.5,690833,7825,4531.368902439024,1.7268512382181394,385,385,20.704722963273525,366.0273132324219,3.103199005126953,
partsupp_yfcc_wiki_1,4way,B6,0.01,0.5,686759,8095,4735.626392961877,1.7093831582725463,386,386,18.92194151878357,337.1468505859375,3.090532064437866,
partsupp_yfcc_wiki_1,4way,B6,0.01,0.5,154430,7904,7999.037489557226,1.012023973881228,386,386,22.99997117370367,364.3690490722656,2.479921579360962,
partsupp_yfcc_wiki_1,4way,B6,0.01,0.5,630926,7916,3362.746153846154,2.354028415420547,385,385,25.180554948747158,366.92559814453125,3.065295457839966,
partsupp_yfcc_wiki_1,4way,B6,0.01,0.5,255248,7806,6303.747023809524,1.2383111140907783,393,393,25.844580493867397,371.5652160644531,2.471759796142578,
partsupp_yfcc_wiki_1,4way,B6,0.01,0.5,48107,8140,10881.293815998506,1.3367682820636986,385,385,25.264086201786995,411.21636962890625,2.8765604496002197,
partsupp_yfcc_wiki_1,4way,B6,0.01,0.5,717611,8057,5901.626762931454,1.3652167993080486,387,387,25.423653423786163,345.2961120605469,2.2551217079162598,
partsupp_yfcc_wiki_1,4way,B6,0.01,0.5,559097,8418,4216.035569105691,1.9966624716559573,385,385,23.30943662673235,372.0413818359375,3.0143213272094727,
partsupp_yfcc_wiki_1,4way,B6,0.01,0.5,527854,8192,7113.458688302908,1.1516198180036672,385,385,23.776672780513763,369.9187927246094,2.7587831020355225,
partsupp_yfcc_wiki_1,4way,B6,0.01,0.5,692258,8211,6926.13435969819,1.1855097769656606,385,385,23.932915180921555,347.03875732421875,3.455446243286133,
partsupp_yfcc_wiki_1,4way,B6,0.01,0.5,344709,8089,9774.111294382496,1.2083213369245265,394,394,25.359715335071087,361.9986267089844,2.3495209217071533,
partsupp_yfcc_wiki_1,4way,B6,0.01,0.5,414737,8009,7903.4127450980395,1.0133597040047604,385,385,23.98395724594593,366.08441162109375,3.0020830631256104,
partsupp_yfcc_wiki_1,4way,B6,0.01,0.5,362610,8086,15336.238644226274,1.8966409404187823,385,385,25.065891444683075,413.45880126953125,2.879486083984375,
partsupp_yfcc_wiki_1,4way,B6,0.01,0.5,129857,8023,16585.014743551616,2.0671836898356744,385,385,26.37470606714487,367.2027893066406,2.723562479019165,
partsupp_yfcc_wiki_1,4way,B6,0.01,0.5,210898,8022,8454.671022233171,1.0539355550028884,385,385,27.207402512431145,366.9675598144531,2.4897570610046387,
partsupp_yfcc_wiki_1,4way,B6,0.01,0.5,793779,7865,10263.662583118865,1.3049793494111717,385,385,25.152365677058697,355.618896484375,2.6217916011810303,
partsupp_yfcc_wiki_1,4way,B6,0.01,0.5,634727,8085,14796.81396936397,1.830156335109953,385,385,22.9505468159914,372.3201599121094,2.382875442504883,
partsupp_yfcc_wiki_1,4way,B6,0.01,0.5,351141,8257,8088.450303030303,1.0208383176820102,385,385,24.910605512559414,348.8105773925781,2.7925963401794434,
partsupp_yfcc_wiki_1,4way,B6,0.01,0.5,611020,8228,7925.856017316017,1.0381213060171512,385,385,25.293701328337193,378.19769287109375,2.54848575592041,
partsupp_yfcc_wiki_1,4way,B6,0.05,0.1,145860,39368,45515.029131652656,1.1561427842829877,385,385,24.240924045443535,390.98895263671875,2.8995752334594727,
partsupp_yfcc_wiki_1,4way,B6,0.05,0.1,359095,40580,36752.20372071803,1.1041514764221922,385,385,23.951401002705097,418.8973693847656,2.541745185852051,
partsupp_yfcc_wiki_1,4way,B6,0.05,0.1,286093,40727,30557.70976604041,1.3327896727804185,385,385,26.064641773700714,399.58367919921875,2.442873239517212,
partsupp_yfcc_wiki_1,4way,B6,0.05,0.1,781121,39769,48915.75151860925,1.229997020760121,385,385,24.70477018505335,423.21759033203125,2.5712718963623047,
partsupp_yfcc_wiki_1,4way,B6,0.05,0.1,142780,39735,30050.485538115165,1.322274808159132,385,385,24.268941022455692,379.4232482910156,2.896462917327881,
partsupp_yfcc_wiki_1,4way,B6,0.05,0.1,428790,40179,38564.1604695705,1.0418741004799963,385,385,25.635539554059505,399.5513000488281,2.4774093627929688,
partsupp_yfcc_wiki_1,4way,B6,0.05,0.1,322723,40683,37230.592809642345,1.0927303846062724,385,385,24.467723444104195,399.7113037109375,2.986773729324341,
partsupp_yfcc_wiki_1,4way,B6,0.05,0.1,588557,40304,33639.28639927843,1.1981229185903457,385,385,24.010811932384968,384.9740295410156,3.0205342769622803,
partsupp_yfcc_wiki_1,4way,B6,0.05,0.1,263638,40440,35823.603900591275,1.1288646477953195,385,385,25.270563550293446,388.78143310546875,3.283975601196289,
partsupp_yfcc_wiki_1,4way,B6,0.05,0.1,693614,40343,39643.07363415452,1.0176557038009904,385,385,21.319231018424034,416.12274169921875,2.5495686531066895,
partsupp_yfcc_wiki_1,4way,B6,0.05,0.1,546912,39082,30990.45795031056,1.2610978534961712,385,385,18.969633616507053,379.59613037109375,3.211322069168091,
partsupp_yfcc_wiki_1,4way,B6,0.05,0.1,444449,40176,43299.95382759439,1.0777567161388488,385,385,18.89008842408657,415.7320251464844,2.7807583808898926,
partsupp_yfcc_wiki_1,4way,B6,0.05,0.1,663176,40226,42194.51055498133,1.0489362739268466,385,385,18.89258064329624,364.0056457519531,2.5044238567352295,
partsupp_yfcc_wiki_1,4way,B6,0.05,0.1,763999,40721,41898.750451410626,1.0289224344051136,385,385,19.098475575447083,402.105712890625,2.9056854248046875,
partsupp_yfcc_wiki_1,4way,B6,0.05,0.1,782168,39799,35283.08328633732,1.1279909886846928,385,385,20.381814800202847,375.2125549316406,2.5348682403564453,
partsupp_yfcc_wiki_1,4way,B6,0.05,0.1,673362,40057,32409.192135753823,1.2359765042032353,385,385,22.168015129864216,388.6646728515625,2.8160996437072754,
partsupp_yfcc_wiki_1,4way,B6,0.05,0.1,83904,39832,42824.386024358806,1.0751251763496386,385,385,22.554142400622368,346.9309997558594,3.0482594966888428,
partsupp_yfcc_wiki_1,4way,B6,0.05,0.1,695261,40130,41640.5702713566,1.037641920542153,385,385,22.110503166913986,344.1124267578125,2.6969356536865234,
partsupp_yfcc_wiki_1,4way,B6,0.05,0.1,386245,40330,45191.296647764706,1.1205379778766353,385,385,21.587523631751537,397.34130859375,2.934922456741333,
partsupp_yfcc_wiki_1,4way,B6,0.05,0.1,69504,40914,60911.98207394989,1.4887809080986922,385,385,21.60588465631008,379.5235900878906,3.2390849590301514,
partsupp_yfcc_wiki_1,4way,B6,0.05,0.1,681535,40098,43009.625924636,1.0726127468860291,385,385,21.847935393452644,383.6977844238281,3.3210012912750244,
partsupp_yfcc_wiki_1,4way,B6,0.05,0.1,696279,39738,30344.646391774146,1.3095555468648405,385,385,22.11794536560774,391.0321350097656,2.8524117469787598,
partsupp_yfcc_wiki_1,4way,B6,0.05,0.1,340223,40134,49047.808317065465,1.2221011690104515,385,385,25.200233794748783,407.8204040527344,2.9147491455078125,
partsupp_yfcc_wiki_1,4way,B6,0.05,0.1,690943,40739,48649.62734086997,1.1941782405279946,385,385,25.441966019570827,410.8652038574219,3.2163867950439453,
partsupp_yfcc_wiki_1,4way,B6,0.05,0.1,636616,40266,32036.39608995657,1.2568829492223508,385,385,24.82458297163248,396.9837646484375,2.938859224319458,
partsupp_yfcc_wiki_1,4way,B6,0.05,0.1,48106,39874,41914.034000438034,1.051162010343533,385,385,25.84087196737528,414.3175048828125,3.032061815261841,
partsupp_yfcc_wiki_1,4way,B6,0.05,0.1,352770,40214,36204.47051312509,1.1107468064039592,385,385,21.725605241954327,386.66796875,3.1356277465820312,
partsupp_yfcc_wiki_1,4way,B6,0.05,0.1,536954,40173,52936.42490004696,1.317711520176411,385,385,18.995461985468864,424.83935546875,3.0945534706115723,
partsupp_yfcc_wiki_1,4way,B6,0.05,0.1,752067,40085,46327.59260743772,1.155733880689478,385,385,22.651280276477337,381.3480529785156,2.7386274337768555,
partsupp_yfcc_wiki_1,4way,B6,0.05,0.1,602570,39606,34571.95028011205,1.1456108110505947,385,385,26.373805478215218,401.6769104003906,2.794548749923706,
partsupp_yfcc_wiki_1,4way,B6,0.05,0.1,345404,40211,37671.86028893594,1.0674014952165713,385,385,44.04439032077789,393.2314758300781,2.874479293823242,
partsupp_yfcc_wiki_1,4way,B6,0.05,0.1,628777,39950,39832.36541189902,1.0029532413374034,385,385,19.634312950074673,403.8093566894531,2.908341407775879,
partsupp_yfcc_wiki_1,4way,B6,0.05,0.1,137071,40107,41741.114903911155,1.0407438827115256,385,385,20.59511747211218,407.1412658691406,2.6718127727508545,
partsupp_yfcc_wiki_1,4way,B6,0.05,0.1,296404,39655,41286.16889790398,1.0411340032254188,385,385,24.1792481392622,386.0415954589844,3.2837841510772705,
partsupp_yfcc_wiki_1,4way,B6,0.05,0.1,703153,40145,27613.619824619826,1.4538115703399166,385,385,45.873151160776615,401.27313232421875,3.3179731369018555,
partsupp_yfcc_wiki_1,4way,B6,0.05,0.1,438962,40025,37271.38353855613,1.073880178303425,385,385,33.54992065578699,383.7845458984375,2.6289570331573486,
partsupp_yfcc_wiki_1,4way,B6,0.05,0.1,33248,39753,21599.180725386384,1.840486475178047,385,385,27.595391497015953,370.56536865234375,2.337841033935547,
partsupp_yfcc_wiki_1,4way,B6,0.05,0.1,779894,39894,23590.74728831503,1.6910867431384973,385,385,21.23936079442501,371.1859436035156,2.5691866874694824,
partsupp_yfcc_wiki_1,4way,B6,0.05,0.1,304120,39806,40457.82675253212,1.0163750879900548,385,385,27.38349512219429,373.7254333496094,2.7490689754486084,
partsupp_yfcc_wiki_1,4way,B6,0.05,0.1,73745,39649,25088.38574596575,1.5803727031889894,385,385,27.27428451180458,409.2041015625,2.654064178466797,
partsupp_yfcc_wiki_1,4way,B6,0.05,0.1,516733,39425,54164.54180678405,1.3738628232538757,385,385,33.19037985056639,351.90386962890625,3.0097391605377197,
partsupp_yfcc_wiki_1,4way,B6,0.05,0.1,181346,40217,40404.11307927034,1.0046525866989169,385,385,27.108585461974144,450.21923828125,3.273480176925659,
partsupp_yfcc_wiki_1,4way,B6,0.05,0.1,620747,39855,36189.18282482403,1.1012959367698516,385,385,27.047147043049335,368.0314025878906,3.0532097816467285,
partsupp_yfcc_wiki_1,4way,B6,0.05,0.1,738510,40353,39178.45897994515,1.0299792551987836,385,385,24.789251387119293,396.4117126464844,2.6115403175354004,
partsupp_yfcc_wiki_1,4way,B6,0.05,0.1,111011,40275,42317.397854208,1.0507113061255866,385,385,19.909736700356007,395.4302978515625,2.8725788593292236,
partsupp_yfcc_wiki_1,4way,B6,0.05,0.1,426052,40739,53418.949402117294,1.3112484204844816,385,385,15.366342850029469,380.6536865234375,2.85752534866333,
partsupp_yfcc_wiki_1,4way,B6,0.05,0.1,724169,40800,44486.01004776631,1.090343383523684,385,385,15.264059416949749,401.85101318359375,2.819596529006958,
partsupp_yfcc_wiki_1,4way,B6,0.05,0.1,588630,41165,27901.920354305214,1.4753464807180672,385,385,15.020007267594337,402.3707580566406,2.9160590171813965,
partsupp_yfcc_wiki_1,4way,B6,0.05,0.1,790256,40185,30422.93853131149,1.3208783220806015,385,385,15.016679652035236,431.37213134765625,2.7123072147369385,
partsupp_yfcc_wiki_1,4way,B6,0.05,0.1,201003,40961,43996.502199335315,1.074107131157328,385,385,15.499451197683811,415.375732421875,2.859617233276367,
partsupp_yfcc_wiki_1,4way,B6,0.05,0.1,6443,40305,44374.37811453253,1.1009645978050497,385,385,15.401454642415047,405.20751953125,2.739042282104492,
partsupp_yfcc_wiki_1,4way,B6,0.05,0.1,642763,39549,47759.55198534473,1.2076045408314935,385,385,23.931533098220825,388.4662170410156,2.7092697620391846,
partsupp_yfcc_wiki_1,4way,B6,0.05,0.1,193392,39643,47143.10578618154,1.1891911758994411,385,385,15.176051296293736,353.18707275390625,2.984983205795288,
partsupp_yfcc_wiki_1,4way,B6,0.05,0.1,203755,40082,48838.294560815535,1.2184595220002878,385,385,15.210614539682865,380.0079040527344,2.994408130645752,
partsupp_yfcc_wiki_1,4way,B6,0.05,0.1,94462,40322,33991.83770335381,1.186225950826472,385,385,15.034222975373268,399.1404724121094,2.962696075439453,
partsupp_yfcc_wiki_1,4way,B6,0.05,0.1,590890,40317,47002.20528969239,1.1658160401243245,385,385,15.063848346471786,386.57598876953125,2.9903500080108643,
partsupp_yfcc_wiki_1,4way,B6,0.05,0.1,783383,40004,27037.000936100936,1.4796019756238934,385,385,14.915386214852333,386.79742431640625,2.9504549503326416,
partsupp_yfcc_wiki_1,4way,B6,0.05,0.1,737605,40564,35130.098007548004,1.1546793860718656,385,385,22.862844169139862,364.5066833496094,2.988215684890747,
partsupp_yfcc_wiki_1,4way,B6,0.05,0.1,516560,39595,49915.033095043524,1.260639805405822,385,385,18.448020331561565,376.8502502441406,3.1861371994018555,
partsupp_yfcc_wiki_1,4way,B6,0.05,0.1,137642,39503,41926.20785612334,1.0613423754176479,385,385,50.94929784536362,362.8982238769531,2.908339023590088,
partsupp_yfcc_wiki_1,4way,B6,0.05,0.1,37803,40186,41246.699915228135,1.0263947622363045,385,385,21.503320895135403,378.5651550292969,2.9570248126983643,
partsupp_yfcc_wiki_1,4way,B6,0.05,0.1,254800,40399,26283.856852849836,1.5370270895239533,385,385,21.266094408929348,363.9730224609375,2.9208061695098877,
partsupp_yfcc_wiki_1,4way,B6,0.05,0.1,605930,40555,40569.98740644829,1.000369557550198,385,385,20.64870297908783,378.93402099609375,2.785029649734497,
partsupp_yfcc_wiki_1,4way,B6,0.05,0.1,209329,39864,47239.17319998768,1.1850083584183142,385,385,21.31231501698494,393.9214782714844,2.7756268978118896,
partsupp_yfcc_wiki_1,4way,B6,0.05,0.1,766585,39745,48906.64715782335,1.2305106845596514,385,385,21.429838612675667,377.1371765136719,3.071518898010254,
partsupp_yfcc_wiki_1,4way,B6,0.05,0.1,488782,41305,49797.018233618226,1.2055929847141562,385,385,20.640588365495205,452.28680419921875,3.142624616622925,
partsupp_yfcc_wiki_1,4way,B6,0.05,0.1,374559,40063,40325.87930498181,1.0065616480288997,385,385,28.27869076281786,374.6746826171875,3.0959250926971436,
partsupp_yfcc_wiki_1,4way,B6,0.05,0.1,111780,39441,47658.44319510899,1.2083477395377649,385,385,27.788947336375713,383.554443359375,3.20689058303833,
partsupp_yfcc_wiki_1,4way,B6,0.05,0.1,178188,40094,40709.16083627748,1.0153429649393295,385,385,26.32047049701214,390.0411682128906,2.985353708267212,
partsupp_yfcc_wiki_1,4way,B6,0.05,0.1,539857,41081,42133.94659458587,1.025630987429368,385,385,25.603783316910267,382.7663879394531,2.8438801765441895,
partsupp_yfcc_wiki_1,4way,B6,0.05,0.1,781264,39591,35448.04971446645,1.1168738567821068,385,385,20.88488545268774,381.34906005859375,2.6980855464935303,
partsupp_yfcc_wiki_1,4way,B6,0.05,0.1,771184,40446,40577.316053357215,1.0032467006219952,385,385,19.10549681633711,381.6242980957031,2.8078548908233643,
partsupp_yfcc_wiki_1,4way,B6,0.05,0.1,140785,39681,28032.24139749561,1.4155485976781395,385,385,24.26835708320141,378.0095520019531,2.836686372756958,
partsupp_yfcc_wiki_1,4way,B6,0.05,0.1,2505,39814,34414.62087091326,1.1568920125355853,385,385,25.45158565044403,383.0123596191406,2.726055383682251,
partsupp_yfcc_wiki_1,4way,B6,0.05,0.1,526089,39735,31283.675929205205,1.270151247248568,385,385,22.999001666903496,401.1810607910156,2.778130531311035,
partsupp_yfcc_wiki_1,4way,B6,0.05,0.1,608072,39990,32957.79096716292,1.2133701569939424,385,385,31.870688311755657,370.3761291503906,3.105651617050171,
partsupp_yfcc_wiki_1,4way,B6,0.05,0.1,224837,40427,45844.48273320218,1.1340065484256112,385,385,25.647607631981373,410.1109619140625,3.241783380508423,
partsupp_yfcc_wiki_1,4way,B6,0.05,0.1,386133,39828,31081.92932316722,1.2813876380033402,385,385,26.88365150243044,368.23663330078125,2.921837329864502,
partsupp_yfcc_wiki_1,4way,B6,0.05,0.1,487850,40075,38681.03455441413,1.0360374395784302,385,385,22.16292265802622,410.7374267578125,2.5421645641326904,
partsupp_yfcc_wiki_1,4way,B6,0.05,0.1,340195,40049,28381.348904199862,1.4111027680602442,385,385,24.657701142132282,392.4921875,3.0128531455993652,
partsupp_yfcc_wiki_1,4way,B6,0.05,0.1,122774,39671,33874.85444886347,1.1711046628963742,385,385,24.511718191206455,350.9120178222656,2.5227179527282715,
partsupp_yfcc_wiki_1,4way,B6,0.05,0.1,690833,39977,35101.05969061132,1.1389114845069157,385,385,23.161466233432293,383.1605529785156,3.2076144218444824,
partsupp_yfcc_wiki_1,4way,B6,0.05,0.1,686759,39710,39036.32515191312,1.0172576400433497,385,385,23.997311480343342,361.51519775390625,3.245149850845337,
partsupp_yfcc_wiki_1,4way,B6,0.05,0.1,154430,40193,30288.818438640214,1.326991347695649,385,385,22.779800929129124,385.8101501464844,2.6717138290405273,
partsupp_yfcc_wiki_1,4way,B6,0.05,0.1,630926,38981,42700.15551784503,1.0954094435197925,385,385,25.078043341636658,385.1778869628906,3.197935104370117,
partsupp_yfcc_wiki_1,4way,B6,0.05,0.1,255248,39281,37398.860249845595,1.0503261259188286,385,385,24.949869140982628,388.968017578125,2.75639271736145,
partsupp_yfcc_wiki_1,4way,B6,0.05,0.1,48107,40107,35292.21151716887,1.1364263749946313,385,385,23.11544679105282,429.646484375,3.032061815261841,
partsupp_yfcc_wiki_1,4way,B6,0.05,0.1,717611,39475,27299.972180196426,1.4459721694747887,385,385,24.285818450152874,371.3143310546875,2.4548850059509277,
partsupp_yfcc_wiki_1,4way,B6,0.05,0.1,559097,40038,46103.819436998194,1.1515015594434836,385,385,24.063268676400185,398.3103332519531,3.1344034671783447,
partsupp_yfcc_wiki_1,4way,B6,0.05,0.1,527854,39710,50964.96182381212,1.2834289051576964,385,385,23.234307765960693,392.1648254394531,2.896984577178955,
partsupp_yfcc_wiki_1,4way,B6,0.05,0.1,692258,40562,46148.74948072011,1.1377335802159683,385,385,24.02776014059782,371.93548583984375,3.5499489307403564,
partsupp_yfcc_wiki_1,4way,B6,0.05,0.1,344709,40185,35157.05039568559,1.1430139772172534,385,385,26.0160518810153,382.4437561035156,2.6828415393829346,
partsupp_yfcc_wiki_1,4way,B6,0.05,0.1,414737,39728,38492.52104093393,1.032096597615735,385,385,32.2271091863513,382.7923583984375,3.1229937076568604,
partsupp_yfcc_wiki_1,4way,B6,0.05,0.1,362610,39989,43503.71226662055,1.0878919769591775,385,385,33.12248457223177,430.5520935058594,3.019996404647827,
partsupp_yfcc_wiki_1,4way,B6,0.05,0.1,129857,40279,39860.633332962796,1.0104957355680357,385,385,25.04588197916746,396.3171081542969,2.8648459911346436,
partsupp_yfcc_wiki_1,4way,B6,0.05,0.1,210898,40213,33615.97130762089,1.1962468563531745,385,385,22.68036175519228,389.0685729980469,2.6272644996643066,
partsupp_yfcc_wiki_1,4way,B6,0.05,0.1,793779,39310,37038.96900903855,1.0613146383855139,385,385,22.53447938710451,369.3700256347656,2.7579474449157715,
partsupp_yfcc_wiki_1,4way,B6,0.05,0.1,634727,39967,32511.405766170978,1.2293224195671901,385,385,22.35243935137987,390.2039489746094,2.536240339279175,
partsupp_yfcc_wiki_1,4way,B6,0.05,0.1,351141,40168,45460.102286504465,1.1317492104786016,385,385,25.17635654658079,371.2911376953125,2.9031050205230713,
partsupp_yfcc_wiki_1,4way,B6,0.05,0.1,611020,40256,44959.09913224399,1.1168297677922294,385,385,25.513174012303352,402.24163818359375,2.6832292079925537,
partsupp_yfcc_wiki_1,4way,B6,0.05,0.2,145860,39368,39025.041909937885,1.0087881543049613,385,385,25.199705734848976,390.98895263671875,2.8995752334594727,
partsupp_yfcc_wiki_1,4way,B6,0.05,0.2,359095,40580,41804.779909733996,1.0301818607622966,385,385,25.885934941470623,418.8973693847656,2.541745185852051,
partsupp_yfcc_wiki_1,4way,B6,0.05,0.2,286093,40727,41477.99259273561,1.01843967374802,385,385,25.484423153102398,399.58367919921875,2.442873239517212,
partsupp_yfcc_wiki_1,4way,B6,0.05,0.2,781121,39769,39952.64312097723,1.0046177455047205,385,385,26.059268973767757,423.21759033203125,2.5712718963623047,
partsupp_yfcc_wiki_1,4way,B6,0.05,0.2,142780,39735,23646.294278613015,1.6803901504320902,385,385,26.486785151064396,379.4232482910156,2.896462917327881,
partsupp_yfcc_wiki_1,4way,B6,0.05,0.2,428790,40179,43039.6298262787,1.0711971384623487,385,385,25.72798728942871,399.5513000488281,2.4774093627929688,
partsupp_yfcc_wiki_1,4way,B6,0.05,0.2,322723,40683,41164.598210531956,1.011837824411473,385,385,26.56622603535652,399.7113037109375,2.986773729324341,
partsupp_yfcc_wiki_1,4way,B6,0.05,0.2,588557,40304,55377.700202657164,1.3740001042739471,385,385,25.669296272099018,384.9740295410156,3.0205342769622803,
partsupp_yfcc_wiki_1,4way,B6,0.05,0.2,263638,40440,39445.994317139855,1.0251991539335652,385,385,25.62931925058365,388.78143310546875,3.283975601196289,
partsupp_yfcc_wiki_1,4way,B6,0.05,0.2,693614,40343,43545.22756362646,1.079375048053602,385,385,25.144650600850582,416.12274169921875,2.5495686531066895,
partsupp_yfcc_wiki_1,4way,B6,0.05,0.2,546912,39082,36320.726305602606,1.0760247378084908,385,385,25.210642255842686,379.59613037109375,3.211322069168091,
partsupp_yfcc_wiki_1,4way,B6,0.05,0.2,444449,40176,40218.749550144596,1.0010640569032407,385,385,25.493103079497814,415.7320251464844,2.7807583808898926,
partsupp_yfcc_wiki_1,4way,B6,0.05,0.2,663176,40226,40865.36704424959,1.0158943728993584,385,385,25.160830467939377,364.0056457519531,2.5044238567352295,
partsupp_yfcc_wiki_1,4way,B6,0.05,0.2,763999,40721,42118.28188071064,1.034313545362605,385,385,25.737829506397247,402.105712890625,2.9056854248046875,
partsupp_yfcc_wiki_1,4way,B6,0.05,0.2,782168,39799,44939.18703724591,1.1291536731386695,385,385,25.918600149452686,375.2125549316406,2.5348682403564453,
partsupp_yfcc_wiki_1,4way,B6,0.05,0.2,673362,40057,41396.76153904146,1.033446377388258,385,385,24.978838860988617,388.6646728515625,2.8160996437072754,
partsupp_yfcc_wiki_1,4way,B6,0.05,0.2,83904,39832,45451.869286656925,1.1410893072569022,385,385,25.463608093559742,346.9309997558594,3.0482594966888428,
partsupp_yfcc_wiki_1,4way,B6,0.05,0.2,695261,40130,23771.762224749647,1.688137363170291,385,385,25.791107676923275,344.1124267578125,2.6969356536865234,
partsupp_yfcc_wiki_1,4way,B6,0.05,0.2,386245,40330,32022.484984727525,1.2594275559574648,385,385,25.977205485105515,397.34130859375,2.934922456741333,
partsupp_yfcc_wiki_1,4way,B6,0.05,0.2,69504,40914,57642.54504013248,1.408870925358862,385,385,25.68349614739418,379.5235900878906,3.2390849590301514,
partsupp_yfcc_wiki_1,4way,B6,0.05,0.2,681535,40098,41676.51553194524,1.0393664405193586,385,385,26.64121426641941,383.6977844238281,3.3210012912750244,
partsupp_yfcc_wiki_1,4way,B6,0.05,0.2,696279,39738,37580.243691838994,1.0574173048438638,385,385,26.864808052778244,391.0321350097656,2.8524117469787598,
partsupp_yfcc_wiki_1,4way,B6,0.05,0.2,340223,40134,44834.00822946285,1.1171078942906976,385,385,25.20482800900936,407.8204040527344,2.9147491455078125,
partsupp_yfcc_wiki_1,4way,B6,0.05,0.2,690943,40739,41499.44261289201,1.018666207145291,385,385,23.975055664777756,410.8652038574219,3.2163867950439453,
partsupp_yfcc_wiki_1,4way,B6,0.05,0.2,636616,40266,26549.504983480067,1.5166384467452318,385,385,24.948756210505962,396.9837646484375,2.938859224319458,
partsupp_yfcc_wiki_1,4way,B6,0.05,0.2,48106,39874,44366.51935582339,1.112667887741972,385,385,23.95846229046583,414.3175048828125,3.032061815261841,
partsupp_yfcc_wiki_1,4way,B6,0.05,0.2,352770,40214,46196.785806884174,1.1487737058458292,385,385,24.7199647128582,386.66796875,3.1356277465820312,
partsupp_yfcc_wiki_1,4way,B6,0.05,0.2,536954,40173,36649.554842322,1.0961388255010729,385,385,24.689304642379284,424.83935546875,3.0945534706115723,
partsupp_yfcc_wiki_1,4way,B6,0.05,0.2,752067,40085,35089.44861694678,1.1423661978159603,385,385,24.885941296815872,381.3480529785156,2.7386274337768555,
partsupp_yfcc_wiki_1,4way,B6,0.05,0.2,602570,39606,37614.436079715495,1.0529467972366733,385,385,23.579460568726063,401.6769104003906,2.794548749923706,
partsupp_yfcc_wiki_1,4way,B6,0.05,0.2,345404,40211,37596.172121631855,1.0695503752325797,385,385,24.77916795760393,393.2314758300781,2.874479293823242,
partsupp_yfcc_wiki_1,4way,B6,0.05,0.2,628777,39950,51208.26638946177,1.281808920887654,385,385,25.342095643281937,403.8093566894531,2.908341407775879,
partsupp_yfcc_wiki_1,4way,B6,0.05,0.2,137071,40107,50256.62699346314,1.2530637293605391,385,385,24.437769316136837,407.1412658691406,2.6718127727508545,
partsupp_yfcc_wiki_1,4way,B6,0.05,0.2,296404,39655,41668.21664922674,1.0507682927556863,385,385,26.641732081770897,386.0415954589844,3.2837841510772705,
partsupp_yfcc_wiki_1,4way,B6,0.05,0.2,703153,40145,44606.23901515152,1.1111281358862006,385,385,24.58830550312996,401.27313232421875,3.3179731369018555,
partsupp_yfcc_wiki_1,4way,B6,0.05,0.2,438962,40025,50461.66058408355,1.2607535436373154,385,385,24.334711953997612,383.7845458984375,2.6289570331573486,
partsupp_yfcc_wiki_1,4way,B6,0.05,0.2,33248,39753,43484.936794260735,1.0938781172304162,385,385,25.235219858586788,370.56536865234375,2.337841033935547,
partsupp_yfcc_wiki_1,4way,B6,0.05,0.2,779894,39894,35207.846753485464,1.1330996831281828,385,385,24.787689559161663,371.1859436035156,2.5691866874694824,
partsupp_yfcc_wiki_1,4way,B6,0.05,0.2,304120,39806,30783.381765935213,1.2931002936152125,385,385,24.773732759058475,373.7254333496094,2.7490689754486084,
partsupp_yfcc_wiki_1,4way,B6,0.05,0.2,73745,39649,29998.96853425143,1.321678775546253,385,385,25.433609262108803,409.2041015625,2.654064178466797,
partsupp_yfcc_wiki_1,4way,B6,0.05,0.2,516733,39425,33975.710530020486,1.1603878001363532,385,385,26.566144078969955,351.90386962890625,3.0097391605377197,
partsupp_yfcc_wiki_1,4way,B6,0.05,0.2,181346,40217,41947.12101990328,1.0430196439292658,385,385,25.13581607490778,450.21923828125,3.273480176925659,
partsupp_yfcc_wiki_1,4way,B6,0.05,0.2,620747,39855,41064.28459254158,1.0303421049439614,385,385,24.890048429369926,368.0314025878906,3.0532097816467285,
partsupp_yfcc_wiki_1,4way,B6,0.05,0.2,738510,40353,46331.30766471612,1.148150265524648,385,385,25.311602279543877,396.4117126464844,2.6115403175354004,
partsupp_yfcc_wiki_1,4way,B6,0.05,0.2,111011,40275,41626.18291026332,1.033548923904738,385,385,25.760674849152565,395.4302978515625,2.8725788593292236,
partsupp_yfcc_wiki_1,4way,B6,0.05,0.2,426052,40739,47515.989222683194,1.1663513886615575,385,385,24.920829571783543,380.6536865234375,2.85752534866333,
partsupp_yfcc_wiki_1,4way,B6,0.05,0.2,724169,40800,37728.59423626762,1.08140790363135,385,385,26.04826632887125,401.85101318359375,2.819596529006958,
partsupp_yfcc_wiki_1,4way,B6,0.05,0.2,588630,41165,45995.53239698816,1.1173456187778006,385,385,28.528036549687386,402.3707580566406,2.9160590171813965,
partsupp_yfcc_wiki_1,4way,B6,0.05,0.2,790256,40185,37574.113589417255,1.0694863074911793,385,385,27.33100764453411,431.37213134765625,2.7123072147369385,
partsupp_yfcc_wiki_1,4way,B6,0.05,0.2,201003,40961,41000.80758868325,1.0009718412314947,385,385,25.539138354361057,415.375732421875,2.859617233276367,
partsupp_yfcc_wiki_1,4way,B6,0.05,0.2,6443,40305,38202.29645876999,1.0550412864184582,385,385,25.0682532787323,405.20751953125,2.739042282104492,
partsupp_yfcc_wiki_1,4way,B6,0.05,0.2,642763,39549,35083.2632689637,1.1272896622187052,385,385,24.85380321741104,388.4662170410156,2.7092697620391846,
partsupp_yfcc_wiki_1,4way,B6,0.05,0.2,193392,39643,30826.104022948784,1.2860204445715033,385,385,27.058602310717106,353.18707275390625,2.984983205795288,
partsupp_yfcc_wiki_1,4way,B6,0.05,0.2,203755,40082,50537.46945259042,1.2608519897358021,385,385,24.712816812098026,380.0079040527344,2.994408130645752,
partsupp_yfcc_wiki_1,4way,B6,0.05,0.2,94462,40322,44162.097980892366,1.0952358013216696,385,385,24.347848258912563,399.1404724121094,2.962696075439453,
partsupp_yfcc_wiki_1,4way,B6,0.05,0.2,590890,40317,39541.543834063195,1.019611175759627,385,385,25.358814746141434,386.57598876953125,2.9903500080108643,
partsupp_yfcc_wiki_1,4way,B6,0.05,0.2,783383,40004,36353.4237075324,1.100419050536668,385,385,37.608581595122814,386.79742431640625,2.9504549503326416,
partsupp_yfcc_wiki_1,4way,B6,0.05,0.2,737605,40564,34963.544028194025,1.160179870990477,385,385,27.16740407049656,364.5066833496094,2.988215684890747,
partsupp_yfcc_wiki_1,4way,B6,0.05,0.2,516560,39595,34951.424526020266,1.1328579746591654,385,385,23.302864283323288,376.8502502441406,3.1861371994018555,
partsupp_yfcc_wiki_1,4way,B6,0.05,0.2,137642,39503,21386.420220841963,1.8471066963092155,385,385,24.27609544247389,362.8982238769531,2.908339023590088,
partsupp_yfcc_wiki_1,4way,B6,0.05,0.2,37803,40186,60356.06106514453,1.501917609743307,385,385,26.31490956991911,378.5651550292969,2.9570248126983643,
partsupp_yfcc_wiki_1,4way,B6,0.05,0.2,254800,40399,36733.7412129562,1.099779076838246,385,385,26.836524717509747,363.9730224609375,2.9208061695098877,
partsupp_yfcc_wiki_1,4way,B6,0.05,0.2,605930,40555,43379.01998918404,1.0696343234911612,385,385,26.83422900736332,378.93402099609375,2.785029649734497,
partsupp_yfcc_wiki_1,4way,B6,0.05,0.2,209329,39864,39697.94049397296,1.0041830760981734,385,385,27.73078251630068,393.9214782714844,2.7756268978118896,
partsupp_yfcc_wiki_1,4way,B6,0.05,0.2,766585,39745,32623.747962194426,1.2182843015479992,385,385,25.450706481933594,377.1371765136719,3.071518898010254,
partsupp_yfcc_wiki_1,4way,B6,0.05,0.2,488782,41305,45827.369823654604,1.1094872248796661,385,385,24.48315266519785,452.28680419921875,3.142624616622925,
partsupp_yfcc_wiki_1,4way,B6,0.05,0.2,374559,40063,34277.23589042536,1.168793193478905,385,385,25.006924755871296,374.6746826171875,3.0959250926971436,
partsupp_yfcc_wiki_1,4way,B6,0.05,0.2,111780,39441,54095.81548414104,1.371562979745469,385,385,24.99784529209137,383.554443359375,3.20689058303833,
partsupp_yfcc_wiki_1,4way,B6,0.05,0.2,178188,40094,36535.259653212284,1.097405639937058,385,385,25.157066993415356,390.0411682128906,2.985353708267212,
partsupp_yfcc_wiki_1,4way,B6,0.05,0.2,539857,41081,40997.64282368357,1.002033218755403,385,385,24.22200422734022,382.7663879394531,2.8438801765441895,
partsupp_yfcc_wiki_1,4way,B6,0.05,0.2,781264,39591,43990.85331404194,1.1111326643439654,385,385,25.79644601792097,381.34906005859375,2.6980855464935303,
partsupp_yfcc_wiki_1,4way,B6,0.05,0.2,771184,40446,45443.35950767154,1.1235563345614286,385,385,26.29360929131508,381.6242980957031,2.8078548908233643,
partsupp_yfcc_wiki_1,4way,B6,0.05,0.2,140785,39681,36391.82531678888,1.090382239818394,385,385,26.392714120447636,378.0095520019531,2.836686372756958,
partsupp_yfcc_wiki_1,4way,B6,0.05,0.2,2505,39814,39174.56623999776,1.0163226761997781,385,385,26.488246396183968,383.0123596191406,2.726055383682251,
partsupp_yfcc_wiki_1,4way,B6,0.05,0.2,526089,39735,32928.16881250469,1.2067175744346392,385,385,24.589654058218002,401.1810607910156,2.778130531311035,
partsupp_yfcc_wiki_1,4way,B6,0.05,0.2,608072,39990,41146.6534709464,1.0289235676655766,385,385,24.783012457191944,370.3761291503906,3.105651617050171,
partsupp_yfcc_wiki_1,4way,B6,0.05,0.2,224837,40427,33171.737786720856,1.2187181829281049,385,385,25.856842286884785,410.1109619140625,3.241783380508423,
partsupp_yfcc_wiki_1,4way,B6,0.05,0.2,386133,39828,53610.72940320353,1.3460562770714957,385,385,26.10462997108698,368.23663330078125,2.921837329864502,
partsupp_yfcc_wiki_1,4way,B6,0.05,0.2,487850,40075,39012.87618999519,1.0272249552899457,385,385,23.334411904215813,410.7374267578125,2.5421645641326904,
partsupp_yfcc_wiki_1,4way,B6,0.05,0.2,340195,40049,32677.604517974913,1.2255794324816653,385,385,22.597700357437134,392.4921875,3.0128531455993652,
partsupp_yfcc_wiki_1,4way,B6,0.05,0.2,122774,39671,39478.43388353919,1.0048777547009307,385,385,22.6811645552516,350.9120178222656,2.5227179527282715,
partsupp_yfcc_wiki_1,4way,B6,0.05,0.2,690833,39977,47496.195488636826,1.1880880378376772,385,385,26.027235202491283,383.1605529785156,3.2076144218444824,
partsupp_yfcc_wiki_1,4way,B6,0.05,0.2,686759,39710,38754.381501172546,1.0246583344079054,385,385,28.050901368260384,361.51519775390625,3.245149850845337,
partsupp_yfcc_wiki_1,4way,B6,0.05,0.2,154430,40193,28003.658394740487,1.435276756823632,385,385,26.69485565274954,385.8101501464844,2.6717138290405273,
partsupp_yfcc_wiki_1,4way,B6,0.05,0.2,630926,38981,45366.85777109717,1.1638197524716445,385,385,25.91003756970167,385.1778869628906,3.197935104370117,
partsupp_yfcc_wiki_1,4way,B6,0.05,0.2,255248,39281,42756.990614576906,1.0884903799439145,385,385,24.218913167715073,388.968017578125,2.75639271736145,
partsupp_yfcc_wiki_1,4way,B6,0.05,0.2,48107,40107,45104.99550423625,1.1246165383657778,385,385,25.41628945618868,429.646484375,3.032061815261841,
partsupp_yfcc_wiki_1,4way,B6,0.05,0.2,717611,39475,50232.27301026957,1.2725084993101854,385,385,23.075946606695652,371.3143310546875,2.4548850059509277,
partsupp_yfcc_wiki_1,4way,B6,0.05,0.2,559097,40038,38203.28357298475,1.0480250977251773,385,385,21.64487447589636,398.3103332519531,3.1344034671783447,
partsupp_yfcc_wiki_1,4way,B6,0.05,0.2,527854,39710,32422.583026343968,1.2247636151547479,385,385,24.901442229747772,392.1648254394531,2.896984577178955,
partsupp_yfcc_wiki_1,4way,B6,0.05,0.2,692258,40562,56039.84735440023,1.3815849157931126,385,385,23.014450445771217,371.93548583984375,3.5499489307403564,
partsupp_yfcc_wiki_1,4way,B6,0.05,0.2,344709,40185,46700.88696695177,1.162147243174114,385,385,24.458271451294422,382.4437561035156,2.6828415393829346,
partsupp_yfcc_wiki_1,4way,B6,0.05,0.2,414737,39728,38171.48151901872,1.0407769994519536,385,385,22.229871712625027,382.7923583984375,3.1229937076568604,
partsupp_yfcc_wiki_1,4way,B6,0.05,0.2,362610,39989,24809.6867849929,1.611830102756029,385,385,22.23041281104088,430.5520935058594,3.019996404647827,
partsupp_yfcc_wiki_1,4way,B6,0.05,0.2,129857,40279,36813.977283769455,1.0941224766213513,385,385,25.341355241835117,396.3171081542969,2.8648459911346436,
partsupp_yfcc_wiki_1,4way,B6,0.05,0.2,210898,40213,34079.14243183717,1.1799886126956205,385,385,22.268079221248627,389.0685729980469,2.6272644996643066,
partsupp_yfcc_wiki_1,4way,B6,0.05,0.2,793779,39310,40316.90476809982,1.0256144687891076,385,385,22.586023434996605,369.3700256347656,2.7579474449157715,
partsupp_yfcc_wiki_1,4way,B6,0.05,0.2,634727,39967,36182.58342937003,1.1045922157000567,385,385,22.164291702210903,390.2039489746094,2.536240339279175,
partsupp_yfcc_wiki_1,4way,B6,0.05,0.2,351141,40168,35735.51635869636,1.12403580787283,385,385,24.237492121756077,371.2911376953125,2.9031050205230713,
partsupp_yfcc_wiki_1,4way,B6,0.05,0.2,611020,40256,51363.36143471647,1.2759181596461762,385,385,23.830764926970005,402.24163818359375,2.6832292079925537,
partsupp_yfcc_wiki_1,4way,B6,0.05,0.3,145860,39368,44285.77204349857,1.124918005575558,385,385,23.871165700256824,390.98895263671875,2.8995752334594727,
partsupp_yfcc_wiki_1,4way,B6,0.05,0.3,359095,40580,42156.37965493539,1.0388462211664709,385,385,22.89694920182228,418.8973693847656,2.541745185852051,
partsupp_yfcc_wiki_1,4way,B6,0.05,0.3,286093,40727,42528.71422735099,1.044238815217202,385,385,21.44815493375063,399.58367919921875,2.442873239517212,
partsupp_yfcc_wiki_1,4way,B6,0.05,0.3,781121,39769,36589.76714292037,1.0868885785651896,385,385,24.936075322329998,423.21759033203125,2.5712718963623047,
partsupp_yfcc_wiki_1,4way,B6,0.05,0.3,142780,39735,35110.33062508202,1.1317181949751913,385,385,21.01198211312294,379.4232482910156,2.896462917327881,
partsupp_yfcc_wiki_1,4way,B6,0.05,0.3,428790,40179,33447.649118730755,1.2012503437050133,385,385,21.316630765795708,399.5513000488281,2.4774093627929688,
partsupp_yfcc_wiki_1,4way,B6,0.05,0.3,322723,40683,31229.184475546976,1.3027237400917573,385,385,22.285266779363155,399.7113037109375,2.986773729324341,
partsupp_yfcc_wiki_1,4way,B6,0.05,0.3,588557,40304,39837.84178017205,1.0117013924198064,385,385,22.984146140515804,384.9740295410156,3.0205342769622803,
partsupp_yfcc_wiki_1,4way,B6,0.05,0.3,263638,40440,34815.65487269541,1.1615464407569005,385,385,22.142402827739716,388.78143310546875,3.283975601196289,
partsupp_yfcc_wiki_1,4way,B6,0.05,0.3,693614,40343,42031.674192433384,1.04185792312008,385,385,21.949777379631996,416.12274169921875,2.5495686531066895,
partsupp_yfcc_wiki_1,4way,B6,0.05,0.3,546912,39082,35583.79432060693,1.0983089562589794,385,385,22.310166619718075,379.59613037109375,3.211322069168091,
partsupp_yfcc_wiki_1,4way,B6,0.05,0.3,444449,40176,34750.316335398405,1.156133360405549,385,385,23.66455364972353,415.7320251464844,2.7807583808898926,
partsupp_yfcc_wiki_1,4way,B6,0.05,0.3,663176,40226,49212.52773884345,1.2234009779456931,385,385,22.570567205548286,364.0056457519531,2.5044238567352295,
partsupp_yfcc_wiki_1,4way,B6,0.05,0.3,763999,40721,40172.75897416786,1.0136470842389658,385,385,24.234561249613762,402.105712890625,2.9056854248046875,
partsupp_yfcc_wiki_1,4way,B6,0.05,0.3,782168,39799,44460.072116093674,1.117115307321633,385,385,25.71109216660261,375.2125549316406,2.5348682403564453,
partsupp_yfcc_wiki_1,4way,B6,0.05,0.3,673362,40057,41525.233197884416,1.0366535985691494,385,385,25.32919868826866,388.6646728515625,2.8160996437072754,
partsupp_yfcc_wiki_1,4way,B6,0.05,0.3,83904,39832,33339.971021250014,1.1947220942277406,385,385,23.283313028514385,346.9309997558594,3.0482594966888428,
partsupp_yfcc_wiki_1,4way,B6,0.05,0.3,695261,40130,33646.926426922495,1.1926795182067533,385,385,23.40006735175848,344.1124267578125,2.6969356536865234,
partsupp_yfcc_wiki_1,4way,B6,0.05,0.3,386245,40330,38226.63759648082,1.0550234740947453,385,385,22.963677532970905,397.34130859375,2.934922456741333,
partsupp_yfcc_wiki_1,4way,B6,0.05,0.3,69504,40914,45217.14477113153,1.105175362250856,385,385,24.226591922342777,379.5235900878906,3.2390849590301514,
partsupp_yfcc_wiki_1,4way,B6,0.05,0.3,681535,40098,39518.64637991155,1.0146602597295171,385,385,21.567940711975098,383.6977844238281,3.3210012912750244,
partsupp_yfcc_wiki_1,4way,B6,0.05,0.3,696279,39738,42786.06162143615,1.0767039514176897,385,385,26.25021431595087,391.0321350097656,2.8524117469787598,
partsupp_yfcc_wiki_1,4way,B6,0.05,0.3,340223,40134,58581.24357175303,1.4596412909690795,385,385,49.139575101435184,407.8204040527344,2.9147491455078125,
partsupp_yfcc_wiki_1,4way,B6,0.05,0.3,690943,40739,47449.12619103493,1.1647101350311724,385,385,26.190715841948986,410.8652038574219,3.2163867950439453,
partsupp_yfcc_wiki_1,4way,B6,0.05,0.3,636616,40266,29090.254771264743,1.3841748831905942,385,385,24.942350573837757,396.9837646484375,2.938859224319458,
partsupp_yfcc_wiki_1,4way,B6,0.05,0.3,48106,39874,42981.548362927395,1.0779342018088829,385,385,23.51971250027418,414.3175048828125,3.032061815261841,
partsupp_yfcc_wiki_1,4way,B6,0.05,0.3,352770,40214,29249.283969530672,1.37487126323815,385,385,19.40977480262518,386.66796875,3.1356277465820312,
partsupp_yfcc_wiki_1,4way,B6,0.05,0.3,536954,40173,28649.202898453255,1.4022379660052917,385,385,19.34304740279913,424.83935546875,3.0945534706115723,
partsupp_yfcc_wiki_1,4way,B6,0.05,0.3,752067,40085,40087.698139483065,1.0000673104523654,385,385,19.081447273492813,381.3480529785156,2.7386274337768555,
partsupp_yfcc_wiki_1,4way,B6,0.05,0.3,602570,39606,48675.87460785402,1.229002540217493,385,385,19.028861075639725,401.6769104003906,2.794548749923706,
partsupp_yfcc_wiki_1,4way,B6,0.05,0.3,345404,40211,30392.759059893768,1.3230453977790508,385,385,32.80607145279646,393.2314758300781,2.874479293823242,
partsupp_yfcc_wiki_1,4way,B6,0.05,0.3,628777,39950,35056.98965646865,1.139573032125093,385,385,33.30044727772474,403.8093566894531,2.908341407775879,
partsupp_yfcc_wiki_1,4way,B6,0.05,0.3,137071,40107,60950.82135569495,1.5197053221556074,385,385,21.03750966489315,407.1412658691406,2.6718127727508545,
partsupp_yfcc_wiki_1,4way,B6,0.05,0.3,296404,39655,43325.52713008575,1.0925615213739945,385,385,38.008932024240494,386.0415954589844,3.2837841510772705,
partsupp_yfcc_wiki_1,4way,B6,0.05,0.3,703153,40145,36490.74987512488,1.1001418205265812,385,385,32.45737683027983,401.27313232421875,3.3179731369018555,
partsupp_yfcc_wiki_1,4way,B6,0.05,0.3,438962,40025,50210.429158296705,1.2544766810317727,385,385,57.47657176107168,383.7845458984375,2.6289570331573486,
partsupp_yfcc_wiki_1,4way,B6,0.05,0.3,33248,39753,44404.11215221386,1.1170002805376664,385,385,40.1878384873271,370.56536865234375,2.337841033935547,
partsupp_yfcc_wiki_1,4way,B6,0.05,0.3,779894,39894,34459.78110772349,1.1576974292230353,385,385,27.899786829948425,371.1859436035156,2.5691866874694824,
partsupp_yfcc_wiki_1,4way,B6,0.05,0.3,304120,39806,30537.212889064023,1.303524330940343,385,385,33.99635851383209,373.7254333496094,2.7490689754486084,
partsupp_yfcc_wiki_1,4way,B6,0.05,0.3,73745,39649,31178.17849170744,1.2716907118401921,385,385,33.39985944330692,409.2041015625,2.654064178466797,
partsupp_yfcc_wiki_1,4way,B6,0.05,0.3,516733,39425,41854.52751059638,1.0616240332427744,385,385,17.553134821355343,351.90386962890625,3.0097391605377197,
partsupp_yfcc_wiki_1,4way,B6,0.05,0.3,181346,40217,49020.35978118317,1.218896481119506,385,385,27.201822958886623,450.21923828125,3.273480176925659,
partsupp_yfcc_wiki_1,4way,B6,0.05,0.3,620747,39855,51255.4987441051,1.2860493976691783,385,385,14.968760311603546,368.0314025878906,3.0532097816467285,
partsupp_yfcc_wiki_1,4way,B6,0.05,0.3,738510,40353,45349.36494880289,1.1238164436052558,385,385,15.327710658311844,396.4117126464844,2.6115403175354004,
partsupp_yfcc_wiki_1,4way,B6,0.05,0.3,111011,40275,52709.789529873255,1.3087471019211236,385,385,14.93955310434103,395.4302978515625,2.8725788593292236,
partsupp_yfcc_wiki_1,4way,B6,0.05,0.3,426052,40739,44565.616498788724,1.0939300547089699,385,385,15.21163061261177,380.6536865234375,2.85752534866333,
partsupp_yfcc_wiki_1,4way,B6,0.05,0.3,724169,40800,48468.78848457073,1.1879605020728121,385,385,15.365365892648697,401.85101318359375,2.819596529006958,
partsupp_yfcc_wiki_1,4way,B6,0.05,0.3,588630,41165,39094.36125555306,1.0529651509308857,385,385,15.594161115586758,402.3707580566406,2.9160590171813965,
partsupp_yfcc_wiki_1,4way,B6,0.05,0.3,790256,40185,48981.204865638385,1.2188927427059446,385,385,15.838675200939178,431.37213134765625,2.7123072147369385,
partsupp_yfcc_wiki_1,4way,B6,0.05,0.3,201003,40961,46795.604277096805,1.1424429158735578,385,385,15.314696356654167,415.375732421875,2.859617233276367,
partsupp_yfcc_wiki_1,4way,B6,0.05,0.3,6443,40305,40769.54220681279,1.011525671921915,385,385,15.464633703231812,405.20751953125,2.739042282104492,
partsupp_yfcc_wiki_1,4way,B6,0.05,0.3,642763,39549,38844.13727316445,1.0181459230740209,385,385,15.205146744847298,388.4662170410156,2.7092697620391846,
partsupp_yfcc_wiki_1,4way,B6,0.05,0.3,193392,39643,39724.41493108015,1.002053702572463,385,385,15.279149636626244,353.18707275390625,2.984983205795288,
partsupp_yfcc_wiki_1,4way,B6,0.05,0.3,203755,40082,36112.977821998786,1.1099057019768506,385,385,15.10157622396946,380.0079040527344,2.994408130645752,
partsupp_yfcc_wiki_1,4way,B6,0.05,0.3,94462,40322,38890.090830088186,1.0368193835331438,385,385,15.283540822565556,399.1404724121094,2.962696075439453,
partsupp_yfcc_wiki_1,4way,B6,0.05,0.3,590890,40317,44335.83121102315,1.0996808098574584,385,385,15.640530735254288,386.57598876953125,2.9903500080108643,
partsupp_yfcc_wiki_1,4way,B6,0.05,0.3,783383,40004,39484.96868131868,1.013145035592415,385,385,24.50183406472206,386.79742431640625,2.9504549503326416,
partsupp_yfcc_wiki_1,4way,B6,0.05,0.3,737605,40564,50295.00273615274,1.2398925829837477,385,385,15.671677887439728,364.5066833496094,2.988215684890747,
partsupp_yfcc_wiki_1,4way,B6,0.05,0.3,516560,39595,42692.62718887413,1.0782327866870598,385,385,15.2509780600667,376.8502502441406,3.1861371994018555,
partsupp_yfcc_wiki_1,4way,B6,0.05,0.3,137642,39503,33150.96155459878,1.1916094782029043,385,385,15.331950038671494,362.8982238769531,2.908339023590088,
partsupp_yfcc_wiki_1,4way,B6,0.05,0.3,37803,40186,49595.787019096504,1.234155850771326,385,385,37.485336884856224,378.5651550292969,2.9570248126983643,
partsupp_yfcc_wiki_1,4way,B6,0.05,0.3,254800,40399,48013.12418265132,1.188473085538041,385,385,28.099071234464645,363.9730224609375,2.9208061695098877,
partsupp_yfcc_wiki_1,4way,B6,0.05,0.3,605930,40555,37666.683153574726,1.0766809446600067,385,385,48.65782242268324,378.93402099609375,2.785029649734497,
partsupp_yfcc_wiki_1,4way,B6,0.05,0.3,209329,39864,47068.85159676028,1.1807357916104826,385,385,31.641876325011253,393.9214782714844,2.7756268978118896,
partsupp_yfcc_wiki_1,4way,B6,0.05,0.3,766585,39745,30584.53931557788,1.2995127894490255,385,385,26.905812323093414,377.1371765136719,3.071518898010254,
partsupp_yfcc_wiki_1,4way,B6,0.05,0.3,488782,41305,47222.959362859365,1.1432746486589846,385,385,26.092465966939926,452.28680419921875,3.142624616622925,
partsupp_yfcc_wiki_1,4way,B6,0.05,0.3,374559,40063,45776.213486513494,1.1426057331331527,385,385,24.657871574163437,374.6746826171875,3.0959250926971436,
partsupp_yfcc_wiki_1,4way,B6,0.05,0.3,111780,39441,26592.802687292722,1.4831456640276108,385,385,27.004406787455082,383.554443359375,3.20689058303833,
partsupp_yfcc_wiki_1,4way,B6,0.05,0.3,178188,40094,49542.206995786706,1.2356513941184892,385,385,26.422974653542042,390.0411682128906,2.985353708267212,
partsupp_yfcc_wiki_1,4way,B6,0.05,0.3,539857,41081,39595.14811267562,1.0375261100955122,385,385,25.019571185112,382.7663879394531,2.8438801765441895,
partsupp_yfcc_wiki_1,4way,B6,0.05,0.3,781264,39591,40388.93314938424,1.0201544075518234,385,385,25.800523348152637,381.34906005859375,2.6980855464935303,
partsupp_yfcc_wiki_1,4way,B6,0.05,0.3,771184,40446,39324.64048797174,1.0285154421785816,385,385,22.554675117135048,381.6242980957031,2.8078548908233643,
partsupp_yfcc_wiki_1,4way,B6,0.05,0.3,140785,39681,40710.68442830249,1.0259490544165342,385,385,18.857897259294987,378.0095520019531,2.836686372756958,
partsupp_yfcc_wiki_1,4way,B6,0.05,0.3,2505,39814,39524.02442237551,1.00733669159106,385,385,18.974153324961662,383.0123596191406,2.726055383682251,
partsupp_yfcc_wiki_1,4way,B6,0.05,0.3,526089,39735,51675.91604798661,1.3005138051588425,385,385,18.87341495603323,401.1810607910156,2.778130531311035,
partsupp_yfcc_wiki_1,4way,B6,0.05,0.3,608072,39990,37509.37537922782,1.066133455854504,385,385,18.935651518404484,370.3761291503906,3.105651617050171,
partsupp_yfcc_wiki_1,4way,B6,0.05,0.3,224837,40427,52196.84349216093,1.2911381871561316,385,385,19.012795761227608,410.1109619140625,3.241783380508423,
partsupp_yfcc_wiki_1,4way,B6,0.05,0.3,386133,39828,36610.844824199885,1.0878743768751702,385,385,18.901115283370018,368.23663330078125,2.921837329864502,
partsupp_yfcc_wiki_1,4way,B6,0.05,0.3,487850,40075,33642.12567609686,1.1912148591869085,385,385,18.872901797294617,410.7374267578125,2.5421645641326904,
partsupp_yfcc_wiki_1,4way,B6,0.05,0.3,340195,40049,41363.02613343528,1.032810460521743,385,385,18.79033725708723,392.4921875,3.0128531455993652,
partsupp_yfcc_wiki_1,4way,B6,0.05,0.3,122774,39671,30945.536438757576,1.2819619423470152,385,385,25.157184340059757,350.9120178222656,2.5227179527282715,
partsupp_yfcc_wiki_1,4way,B6,0.05,0.3,690833,39977,39441.681002451,1.013572418414817,385,385,24.891508743166924,383.1605529785156,3.2076144218444824,
partsupp_yfcc_wiki_1,4way,B6,0.05,0.3,686759,39710,44528.15831920349,1.1213336267742002,385,385,31.106026843190193,361.51519775390625,3.245149850845337,
partsupp_yfcc_wiki_1,4way,B6,0.05,0.3,154430,40193,33101.57497643486,1.2142322541635422,385,385,31.399737112224102,385.8101501464844,2.6717138290405273,
partsupp_yfcc_wiki_1,4way,B6,0.05,0.3,630926,38981,42151.2768985386,1.0813287729544803,385,385,31.310508958995342,385.1778869628906,3.197935104370117,
partsupp_yfcc_wiki_1,4way,B6,0.05,0.3,255248,39281,32444.37777800571,1.21071824119336,385,385,31.276097521185875,388.968017578125,2.75639271736145,
partsupp_yfcc_wiki_1,4way,B6,0.05,0.3,48107,40107,50265.49258638472,1.2532847778787921,385,385,31.392340548336506,429.646484375,3.032061815261841,
partsupp_yfcc_wiki_1,4way,B6,0.05,0.3,717611,39475,49982.35489906168,1.2661774515278448,385,385,42.7809190005064,371.3143310546875,2.4548850059509277,
partsupp_yfcc_wiki_1,4way,B6,0.05,0.3,559097,40038,32884.42994140119,1.217536690505087,385,385,23.7180320546031,398.3103332519531,3.1344034671783447,
partsupp_yfcc_wiki_1,4way,B6,0.05,0.3,527854,39710,42331.861387282544,1.066025217509004,385,385,21.177606657147408,392.1648254394531,2.896984577178955,
partsupp_yfcc_wiki_1,4way,B6,0.05,0.3,692258,40562,37901.73867817397,1.0701883716843303,385,385,21.92120999097824,371.93548583984375,3.5499489307403564,
partsupp_yfcc_wiki_1,4way,B6,0.05,0.3,344709,40185,47818.45945732586,1.189957931002261,385,385,37.96081431210041,382.4437561035156,2.6828415393829346,
partsupp_yfcc_wiki_1,4way,B6,0.05,0.3,414737,39728,49265.59017411387,1.2400722456230837,385,385,23.277911357581615,382.7923583984375,3.1229937076568604,
partsupp_yfcc_wiki_1,4way,B6,0.05,0.3,362610,39989,38939.964814468294,1.026939808254319,385,385,20.86184173822403,430.5520935058594,3.019996404647827,
partsupp_yfcc_wiki_1,4way,B6,0.05,0.3,129857,40279,36315.923372650155,1.1091277946228533,385,385,20.88940516114235,396.3171081542969,2.8648459911346436,
partsupp_yfcc_wiki_1,4way,B6,0.05,0.3,210898,40213,39173.49791319791,1.0265358505667648,385,385,21.474181674420834,389.0685729980469,2.6272644996643066,
partsupp_yfcc_wiki_1,4way,B6,0.05,0.3,793779,39310,37330.36130930812,1.0530302579792676,385,385,20.496453158557415,369.3700256347656,2.7579474449157715,
partsupp_yfcc_wiki_1,4way,B6,0.05,0.3,634727,39967,41998.4174974495,1.0508273700165012,385,385,20.53888887166977,390.2039489746094,2.536240339279175,
partsupp_yfcc_wiki_1,4way,B6,0.05,0.3,351141,40168,34030.66588058667,1.180347165140676,385,385,21.48156426846981,371.2911376953125,2.9031050205230713,
partsupp_yfcc_wiki_1,4way,B6,0.05,0.3,611020,40256,32712.546889808553,1.2305981596480822,385,385,21.48870937526226,402.24163818359375,2.6832292079925537,
partsupp_yfcc_wiki_1,4way,B6,0.05,0.4,145860,39368,34269.212668297885,1.1487862409053522,385,385,24.60718620568514,390.98895263671875,2.8995752334594727,
partsupp_yfcc_wiki_1,4way,B6,0.05,0.4,359095,40580,44716.83338518901,1.101942665973115,385,385,22.12714869529009,418.8973693847656,2.541745185852051,
partsupp_yfcc_wiki_1,4way,B6,0.05,0.4,286093,40727,39289.34419582146,1.036591494045132,385,385,23.77514261752367,399.58367919921875,2.442873239517212,
partsupp_yfcc_wiki_1,4way,B6,0.05,0.4,781121,39769,41662.89606652249,1.0476224211451757,385,385,22.913877852261066,423.21759033203125,2.5712718963623047,
partsupp_yfcc_wiki_1,4way,B6,0.05,0.4,142780,39735,37574.91310444773,1.0574874754746026,385,385,22.78200350701809,379.4232482910156,2.896462917327881,
partsupp_yfcc_wiki_1,4way,B6,0.05,0.4,428790,40179,32639.406873051998,1.2309966341077387,385,385,23.279483430087566,399.5513000488281,2.4774093627929688,
partsupp_yfcc_wiki_1,4way,B6,0.05,0.4,322723,40683,38772.07204122355,1.0492861964339872,385,385,23.00387527793646,399.7113037109375,2.986773729324341,
partsupp_yfcc_wiki_1,4way,B6,0.05,0.4,588557,40304,55962.534258319676,1.3885106753255179,385,385,23.07719923555851,384.9740295410156,3.0205342769622803,
partsupp_yfcc_wiki_1,4way,B6,0.05,0.4,263638,40440,45730.317940040986,1.1308189401592728,385,385,23.13138358294964,388.78143310546875,3.283975601196289,
partsupp_yfcc_wiki_1,4way,B6,0.05,0.4,693614,40343,40105.22930854549,1.005928670538828,385,385,36.93240974098444,416.12274169921875,2.5495686531066895,
partsupp_yfcc_wiki_1,4way,B6,0.05,0.4,546912,39082,31406.969668869144,1.2443734754435227,385,385,25.71058738976717,379.59613037109375,3.211322069168091,
partsupp_yfcc_wiki_1,4way,B6,0.05,0.4,444449,40176,35120.79935071708,1.1439375168771522,385,385,24.569474160671234,415.7320251464844,2.7807583808898926,
partsupp_yfcc_wiki_1,4way,B6,0.05,0.4,663176,40226,24860.78160932984,1.6180504954399282,385,385,23.485139943659306,364.0056457519531,2.5044238567352295,
partsupp_yfcc_wiki_1,4way,B6,0.05,0.4,763999,40721,41239.29940930542,1.012728061916589,385,385,24.04375560581684,402.105712890625,2.9056854248046875,
partsupp_yfcc_wiki_1,4way,B6,0.05,0.4,782168,39799,40431.0300385994,1.0158805507324153,385,385,25.08838102221489,375.2125549316406,2.5348682403564453,
partsupp_yfcc_wiki_1,4way,B6,0.05,0.4,673362,40057,42780.06827370901,1.067979835577028,385,385,24.4102505967021,388.6646728515625,2.8160996437072754,
partsupp_yfcc_wiki_1,4way,B6,0.05,0.4,83904,39832,37132.89236940218,1.072687783212436,385,385,26.10019501298666,346.9309997558594,3.0482594966888428,
partsupp_yfcc_wiki_1,4way,B6,0.05,0.4,695261,40130,38674.39403741474,1.0376374601028542,385,385,25.609709322452545,344.1124267578125,2.6969356536865234,
partsupp_yfcc_wiki_1,4way,B6,0.05,0.4,386245,40330,41160.901566623856,1.0206025679797635,385,385,24.845438078045845,397.34130859375,2.934922456741333,
partsupp_yfcc_wiki_1,4way,B6,0.05,0.4,69504,40914,49188.22992983247,1.202234685678068,385,385,25.21214261651039,379.5235900878906,3.2390849590301514,
partsupp_yfcc_wiki_1,4way,B6,0.05,0.4,681535,40098,45194.804989364646,1.1271087083985398,385,385,24.40754324197769,383.6977844238281,3.3210012912750244,
partsupp_yfcc_wiki_1,4way,B6,0.05,0.4,696279,39738,46140.7275238227,1.1611235473305828,385,385,25.844684801995754,391.0321350097656,2.8524117469787598,
partsupp_yfcc_wiki_1,4way,B6,0.05,0.4,340223,40134,36814.0861298691,1.0901805319414757,385,385,15.173030085861683,407.8204040527344,2.9147491455078125,
partsupp_yfcc_wiki_1,4way,B6,0.05,0.4,690943,40739,39718.1832956914,1.0257014953757801,385,385,14.801410026848316,410.8652038574219,3.2163867950439453,
partsupp_yfcc_wiki_1,4way,B6,0.05,0.4,636616,40266,34626.007719714275,1.162883123169715,385,385,14.870397746562958,396.9837646484375,2.938859224319458,
partsupp_yfcc_wiki_1,4way,B6,0.05,0.4,48106,39874,34069.879802754,1.1703592801280394,385,385,14.916599728167057,414.3175048828125,3.032061815261841,
partsupp_yfcc_wiki_1,4way,B6,0.05,0.4,352770,40214,37647.88058271151,1.0681610592036062,385,385,22.396592423319817,386.66796875,3.1356277465820312,
partsupp_yfcc_wiki_1,4way,B6,0.05,0.4,536954,40173,44831.61322975128,1.1159637873634352,385,385,22.513773292303085,424.83935546875,3.0945534706115723,
partsupp_yfcc_wiki_1,4way,B6,0.05,0.4,752067,40085,50484.89967565974,1.25944616878283,385,385,34.04927719384432,381.3480529785156,2.7386274337768555,
partsupp_yfcc_wiki_1,4way,B6,0.05,0.4,602570,39606,50937.74225164814,1.286111757098625,385,385,27.81643718481064,401.6769104003906,2.794548749923706,
partsupp_yfcc_wiki_1,4way,B6,0.05,0.4,345404,40211,34232.11522228764,1.174657181973367,385,385,16.195060685276985,393.2314758300781,2.874479293823242,
partsupp_yfcc_wiki_1,4way,B6,0.05,0.4,628777,39950,35922.9491488126,1.1121024566915467,385,385,14.894946478307247,403.8093566894531,2.908341407775879,
partsupp_yfcc_wiki_1,4way,B6,0.05,0.4,137071,40107,47134.99130882585,1.1752310396894767,385,385,15.245828777551651,407.1412658691406,2.6718127727508545,
partsupp_yfcc_wiki_1,4way,B6,0.05,0.4,296404,39655,41204.45769020252,1.0390734507679364,385,385,15.093563124537468,386.0415954589844,3.2837841510772705,
partsupp_yfcc_wiki_1,4way,B6,0.05,0.4,703153,40145,49806.89869845068,1.2406750205119113,385,385,15.304588712751865,401.27313232421875,3.3179731369018555,
partsupp_yfcc_wiki_1,4way,B6,0.05,0.4,438962,40025,40574.71023402155,1.013734171993043,385,385,15.551434829831123,383.7845458984375,2.6289570331573486,
partsupp_yfcc_wiki_1,4way,B6,0.05,0.4,33248,39753,33119.01926222462,1.2003072822069363,385,385,15.415298752486706,370.56536865234375,2.337841033935547,
partsupp_yfcc_wiki_1,4way,B6,0.05,0.4,779894,39894,51083.24205656527,1.2804743083312096,385,385,15.66520519554615,371.1859436035156,2.5691866874694824,
partsupp_yfcc_wiki_1,4way,B6,0.05,0.4,304120,39806,29141.78260642264,1.3659425210051166,385,385,15.593396499752998,373.7254333496094,2.7490689754486084,
partsupp_yfcc_wiki_1,4way,B6,0.05,0.4,73745,39649,46298.70650722439,1.1677143561558776,385,385,15.25044534355402,409.2041015625,2.654064178466797,
partsupp_yfcc_wiki_1,4way,B6,0.05,0.4,516733,39425,32667.74710328059,1.2068478391043018,385,385,15.873996540904045,351.90386962890625,3.0097391605377197,
partsupp_yfcc_wiki_1,4way,B6,0.05,0.4,181346,40217,36698.35712688938,1.0958801196725088,385,385,15.848531387746334,450.21923828125,3.273480176925659,
partsupp_yfcc_wiki_1,4way,B6,0.05,0.4,620747,39855,27995.505770033502,1.4236213600634766,385,385,15.526236034929752,368.0314025878906,3.0532097816467285,
partsupp_yfcc_wiki_1,4way,B6,0.05,0.4,738510,40353,48428.22605147012,1.2001146395923505,385,385,21.477583795785904,396.4117126464844,2.6115403175354004,
partsupp_yfcc_wiki_1,4way,B6,0.05,0.4,111011,40275,39406.13627624348,1.0220489448055918,385,385,43.869394809007645,395.4302978515625,2.8725788593292236,
partsupp_yfcc_wiki_1,4way,B6,0.05,0.4,426052,40739,33404.60684981218,1.2195623251356738,385,385,15.246002934873104,380.6536865234375,2.85752534866333,
partsupp_yfcc_wiki_1,4way,B6,0.05,0.4,724169,40800,48221.48269378963,1.1818990856320988,385,385,15.05662314593792,401.85101318359375,2.819596529006958,
partsupp_yfcc_wiki_1,4way,B6,0.05,0.4,588630,41165,40474.88350412961,1.0170504875153001,385,385,15.11406060308218,402.3707580566406,2.9160590171813965,
partsupp_yfcc_wiki_1,4way,B6,0.05,0.4,790256,40185,38370.41339258334,1.0472912967825205,385,385,19.184324890375137,431.37213134765625,2.7123072147369385,
partsupp_yfcc_wiki_1,4way,B6,0.05,0.4,201003,40961,45814.70784905167,1.1184958338187954,385,385,15.164127573370934,415.375732421875,2.859617233276367,
partsupp_yfcc_wiki_1,4way,B6,0.05,0.4,6443,40305,41560.78924017159,1.0311571576770024,385,385,15.187821350991726,405.20751953125,2.739042282104492,
partsupp_yfcc_wiki_1,4way,B6,0.05,0.4,642763,39549,46705.401612096204,1.180950254421002,385,385,15.10023046284914,388.4662170410156,2.7092697620391846,
partsupp_yfcc_wiki_1,4way,B6,0.05,0.4,193392,39643,39544.665172626046,1.0024866774555983,385,385,15.133730135858059,353.18707275390625,2.984983205795288,
partsupp_yfcc_wiki_1,4way,B6,0.05,0.4,203755,40082,44386.68150165247,1.1073968739497149,385,385,15.173093415796757,380.0079040527344,2.994408130645752,
partsupp_yfcc_wiki_1,4way,B6,0.05,0.4,94462,40322,51305.21083522194,1.2723875510942397,385,385,24.36194010078907,399.1404724121094,2.962696075439453,
partsupp_yfcc_wiki_1,4way,B6,0.05,0.4,590890,40317,45571.782999050716,1.1303366569697824,385,385,15.960108488798141,386.57598876953125,2.9903500080108643,
partsupp_yfcc_wiki_1,4way,B6,0.05,0.4,783383,40004,29589.9690590408,1.3519446377311213,385,385,15.141232870519161,386.79742431640625,2.9504549503326416,
partsupp_yfcc_wiki_1,4way,B6,0.05,0.4,737605,40564,41427.82291042291,1.021295308905012,385,385,15.059936791658401,364.5066833496094,2.988215684890747,
partsupp_yfcc_wiki_1,4way,B6,0.05,0.4,516560,39595,52581.42068100027,1.3279813279707102,385,385,15.227077528834343,376.8502502441406,3.1861371994018555,
partsupp_yfcc_wiki_1,4way,B6,0.05,0.4,137642,39503,38307.06095779221,1.0312198068007752,385,385,15.385224483907223,362.8982238769531,2.908339023590088,
partsupp_yfcc_wiki_1,4way,B6,0.05,0.4,37803,40186,29468.771191174415,1.3636808857518727,385,385,15.198389068245888,378.5651550292969,2.9570248126983643,
partsupp_yfcc_wiki_1,4way,B6,0.05,0.4,254800,40399,36878.13754708207,1.0954728922636852,385,385,15.203559771180153,363.9730224609375,2.9208061695098877,
partsupp_yfcc_wiki_1,4way,B6,0.05,0.4,605930,40555,34148.73333502308,1.1875989543192407,385,385,15.141978859901428,378.93402099609375,2.785029649734497,
partsupp_yfcc_wiki_1,4way,B6,0.05,0.4,209329,39864,45195.836847576145,1.133750673479233,385,385,15.321296639740467,393.9214782714844,2.7756268978118896,
partsupp_yfcc_wiki_1,4way,B6,0.05,0.4,766585,39745,42610.15057892433,1.0720883275613116,385,385,15.214318409562111,377.1371765136719,3.071518898010254,
partsupp_yfcc_wiki_1,4way,B6,0.05,0.4,488782,41305,51203.67879801358,1.2396484396081244,385,385,15.076170675456524,452.28680419921875,3.142624616622925,
partsupp_yfcc_wiki_1,4way,B6,0.05,0.4,374559,40063,39579.95145746702,1.0122043743043008,385,385,16.170425340533257,374.6746826171875,3.0959250926971436,
partsupp_yfcc_wiki_1,4way,B6,0.05,0.4,111780,39441,47119.97919931363,1.1946953474636453,385,385,15.117138624191284,383.554443359375,3.20689058303833,
partsupp_yfcc_wiki_1,4way,B6,0.05,0.4,178188,40094,34550.48266503351,1.1604468854664296,385,385,15.30653890222311,390.0411682128906,2.985353708267212,
partsupp_yfcc_wiki_1,4way,B6,0.05,0.4,539857,41081,45038.49614123322,1.096333977781291,385,385,14.974727295339108,382.7663879394531,2.8438801765441895,
partsupp_yfcc_wiki_1,4way,B6,0.05,0.4,781264,39591,41445.355723476816,1.046837809691011,385,385,15.250302851200104,381.34906005859375,2.6980855464935303,
partsupp_yfcc_wiki_1,4way,B6,0.05,0.4,771184,40446,32357.015309994884,1.2499916822521786,385,385,15.09515754878521,381.6242980957031,2.8078548908233643,
partsupp_yfcc_wiki_1,4way,B6,0.05,0.4,140785,39681,41490.20817382221,1.0455938150203425,385,385,15.002118423581123,378.0095520019531,2.836686372756958,
partsupp_yfcc_wiki_1,4way,B6,0.05,0.4,2505,39814,53700.25177115286,1.3487781125019558,385,385,15.03679994493723,383.0123596191406,2.726055383682251,
partsupp_yfcc_wiki_1,4way,B6,0.05,0.4,526089,39735,46122.44267954456,1.1607510426461447,385,385,15.293007716536522,401.1810607910156,2.778130531311035,
partsupp_yfcc_wiki_1,4way,B6,0.05,0.4,608072,39990,55196.15416024354,1.3802489162351472,385,385,14.91520181298256,370.3761291503906,3.105651617050171,
partsupp_yfcc_wiki_1,4way,B6,0.05,0.4,224837,40427,42411.110426525,1.049078844003389,385,385,15.113167464733124,410.1109619140625,3.241783380508423,
partsupp_yfcc_wiki_1,4way,B6,0.05,0.4,386133,39828,41583.45464804207,1.0440758925389693,385,385,14.690212905406952,368.23663330078125,2.921837329864502,
partsupp_yfcc_wiki_1,4way,B6,0.05,0.4,487850,40075,31562.181782334934,1.269715771754081,385,385,14.855917543172836,410.7374267578125,2.5421645641326904,
partsupp_yfcc_wiki_1,4way,B6,0.05,0.4,340195,40049,30896.2925225764,1.2962396692333094,385,385,22.024457342922688,392.4921875,3.0128531455993652,
partsupp_yfcc_wiki_1,4way,B6,0.05,0.4,122774,39671,36561.528033517825,1.0850476479985072,385,385,21.431944333016872,350.9120178222656,2.5227179527282715,
partsupp_yfcc_wiki_1,4way,B6,0.05,0.4,690833,39977,39436.43964104416,1.0137071288350594,385,385,15.01369010657072,383.1605529785156,3.2076144218444824,
partsupp_yfcc_wiki_1,4way,B6,0.05,0.4,686759,39710,43838.20264897193,1.1039587672871298,385,385,25.800464674830437,361.51519775390625,3.245149850845337,
partsupp_yfcc_wiki_1,4way,B6,0.05,0.4,154430,40193,29461.58879608295,1.364250932907727,385,385,34.125035628676414,385.8101501464844,2.6717138290405273,
partsupp_yfcc_wiki_1,4way,B6,0.05,0.4,630926,38981,51061.914724013885,1.3099180299123645,385,385,49.814154393970966,385.1778869628906,3.197935104370117,
partsupp_yfcc_wiki_1,4way,B6,0.05,0.4,255248,39281,34731.99206090762,1.1309745761520107,385,385,43.86723041534424,388.968017578125,2.75639271736145,
partsupp_yfcc_wiki_1,4way,B6,0.05,0.4,48107,40107,27838.189849986633,1.440718675177052,385,385,38.06161042302847,429.646484375,3.032061815261841,
partsupp_yfcc_wiki_1,4way,B6,0.05,0.4,717611,39475,36863.21736344261,1.0708506425472104,385,385,37.19707578420639,371.3143310546875,2.4548850059509277,
partsupp_yfcc_wiki_1,4way,B6,0.05,0.4,559097,40038,32455.145315980313,1.23364106400368,385,385,43.86298358440399,398.3103332519531,3.1344034671783447,
partsupp_yfcc_wiki_1,4way,B6,0.05,0.4,527854,39710,28207.627175697864,1.4077752713000953,385,385,31.20528720319271,392.1648254394531,2.896984577178955,
partsupp_yfcc_wiki_1,4way,B6,0.05,0.4,692258,40562,36230.349751085065,1.119558609802965,385,385,26.278230361640453,371.93548583984375,3.5499489307403564,
partsupp_yfcc_wiki_1,4way,B6,0.05,0.4,344709,40185,38886.73779820066,1.033385731879505,385,385,17.835479229688644,382.4437561035156,2.6828415393829346,
partsupp_yfcc_wiki_1,4way,B6,0.05,0.4,414737,39728,35501.64072871573,1.119046871765162,385,385,15.374812297523022,382.7923583984375,3.1229937076568604,
partsupp_yfcc_wiki_1,4way,B6,0.05,0.4,362610,39989,46200.7891713478,1.1553374470816424,385,385,39.766401052474976,430.5520935058594,3.019996404647827,
partsupp_yfcc_wiki_1,4way,B6,0.05,0.4,129857,40279,39026.852010147944,1.0320842682757623,385,385,28.23613118380308,396.3171081542969,2.8648459911346436,
partsupp_yfcc_wiki_1,4way,B6,0.05,0.4,210898,40213,44200.62325273293,1.0991625407886239,385,385,17.38600991666317,389.0685729980469,2.6272644996643066,
partsupp_yfcc_wiki_1,4way,B6,0.05,0.4,793779,39310,31541.455485194463,1.2462963232134956,385,385,23.218863643705845,369.3700256347656,2.7579474449157715,
partsupp_yfcc_wiki_1,4way,B6,0.05,0.4,634727,39967,57017.50637114318,1.4266146163370577,385,385,15.026937238872051,390.2039489746094,2.536240339279175,
partsupp_yfcc_wiki_1,4way,B6,0.05,0.4,351141,40168,52522.36217112592,1.3075672717368532,385,385,54.38506696373224,371.2911376953125,2.9031050205230713,
partsupp_yfcc_wiki_1,4way,B6,0.05,0.4,611020,40256,34935.10666170358,1.1523079173572202,385,385,56.15371558815241,402.24163818359375,2.6832292079925537,
partsupp_yfcc_wiki_1,4way,B6,0.05,0.5,145860,39368,37809.871312660776,1.041209573935193,385,385,50.69985333830118,390.98895263671875,2.8995752334594727,
partsupp_yfcc_wiki_1,4way,B6,0.05,0.5,359095,40580,32127.1395671589,1.2631065369256156,385,385,42.83522814512253,418.8973693847656,2.541745185852051,
partsupp_yfcc_wiki_1,4way,B6,0.05,0.5,286093,40727,37918.980573504836,1.0740531360291161,385,385,55.208741687238216,399.58367919921875,2.442873239517212,
partsupp_yfcc_wiki_1,4way,B6,0.05,0.5,781121,39769,41621.26820376763,1.0465756796441357,385,385,47.34804295003414,423.21759033203125,2.5712718963623047,
partsupp_yfcc_wiki_1,4way,B6,0.05,0.5,142780,39735,48549.78389449866,1.2218392826097562,385,385,27.134457603096962,379.4232482910156,2.896462917327881,
partsupp_yfcc_wiki_1,4way,B6,0.05,0.5,428790,40179,34584.21389523009,1.16177282854307,385,385,33.02337974309921,399.5513000488281,2.4774093627929688,
partsupp_yfcc_wiki_1,4way,B6,0.05,0.5,322723,40683,44035.65007327014,1.0824091161730978,385,385,27.983134612441063,399.7113037109375,2.986773729324341,
partsupp_yfcc_wiki_1,4way,B6,0.05,0.5,588557,40304,56056.37472156129,1.3908389917020962,385,385,21.46824263036251,384.9740295410156,3.0205342769622803,
partsupp_yfcc_wiki_1,4way,B6,0.05,0.5,263638,40440,55112.560422573064,1.3628229580260403,385,385,27.292069979012012,388.78143310546875,3.283975601196289,
partsupp_yfcc_wiki_1,4way,B6,0.05,0.5,693614,40343,46221.04355441671,1.1457016968102698,385,385,36.50215547531843,416.12274169921875,2.5495686531066895,
partsupp_yfcc_wiki_1,4way,B6,0.05,0.5,546912,39082,37867.01088782562,1.03208568840497,385,385,39.0520878136158,379.59613037109375,3.211322069168091,
partsupp_yfcc_wiki_1,4way,B6,0.05,0.5,444449,40176,41307.598069392574,1.0281660212413524,385,385,19.381706602871418,415.7320251464844,2.7807583808898926,
partsupp_yfcc_wiki_1,4way,B6,0.05,0.5,663176,40226,49617.95657460672,1.233479753756444,385,385,19.365381449460983,364.0056457519531,2.5044238567352295,
partsupp_yfcc_wiki_1,4way,B6,0.05,0.5,763999,40721,29598.95943635546,1.3757578230937297,385,385,24.11080989986658,402.105712890625,2.9056854248046875,
partsupp_yfcc_wiki_1,4way,B6,0.05,0.5,782168,39799,44653.05969446984,1.1219643632872645,385,385,24.603037163615227,375.2125549316406,2.5348682403564453,
partsupp_yfcc_wiki_1,4way,B6,0.05,0.5,673362,40057,38855.73969005066,1.030915903790063,385,385,24.672088213264942,388.6646728515625,2.8160996437072754,
partsupp_yfcc_wiki_1,4way,B6,0.05,0.5,83904,39832,27280.31334171205,1.4601005311436879,385,385,24.456570856273174,346.9309997558594,3.0482594966888428,
partsupp_yfcc_wiki_1,4way,B6,0.05,0.5,695261,40130,33504.98272221611,1.1977322994824602,385,385,24.770399555563927,344.1124267578125,2.6969356536865234,
partsupp_yfcc_wiki_1,4way,B6,0.05,0.5,386245,40330,45124.37206678177,1.1188785536023251,385,385,25.59432853013277,397.34130859375,2.934922456741333,
partsupp_yfcc_wiki_1,4way,B6,0.05,0.5,69504,40914,44595.59364246393,1.0899837132146437,385,385,24.746122770011425,379.5235900878906,3.2390849590301514,
partsupp_yfcc_wiki_1,4way,B6,0.05,0.5,681535,40098,48460.8237050955,1.2085596215545789,385,385,24.442085064947605,383.6977844238281,3.3210012912750244,
partsupp_yfcc_wiki_1,4way,B6,0.05,0.5,696279,39738,44809.41338552433,1.1276212538508312,385,385,24.367481470108032,391.0321350097656,2.8524117469787598,
partsupp_yfcc_wiki_1,4way,B6,0.05,0.5,340223,40134,30552.909332267758,1.3135901253637208,385,385,23.303198628127575,407.8204040527344,2.9147491455078125,
partsupp_yfcc_wiki_1,4way,B6,0.05,0.5,690943,40739,45354.58171058873,1.1132963919239238,385,385,25.904052890837193,410.8652038574219,3.2163867950439453,
partsupp_yfcc_wiki_1,4way,B6,0.05,0.5,636616,40266,35723.79254708001,1.1271479629978778,385,385,25.343462824821472,396.9837646484375,2.938859224319458,
partsupp_yfcc_wiki_1,4way,B6,0.05,0.5,48106,39874,51172.78429060485,1.283362198189418,385,385,25.379536673426628,414.3175048828125,3.032061815261841,
partsupp_yfcc_wiki_1,4way,B6,0.05,0.5,352770,40214,35117.47430008318,1.1451279114313966,385,385,25.996731594204903,386.66796875,3.1356277465820312,
partsupp_yfcc_wiki_1,4way,B6,0.05,0.5,536954,40173,39054.14460694462,1.028648825990582,385,385,24.72778968513012,424.83935546875,3.0945534706115723,
partsupp_yfcc_wiki_1,4way,B6,0.05,0.5,752067,40085,38330.70334383754,1.0457674006246616,385,385,25.998741388320923,381.3480529785156,2.7386274337768555,
partsupp_yfcc_wiki_1,4way,B6,0.05,0.5,602570,39606,48072.02486348074,1.2137561193627415,385,385,23.860611021518707,401.6769104003906,2.794548749923706,
partsupp_yfcc_wiki_1,4way,B6,0.05,0.5,345404,40211,28846.962776763983,1.3939422431116273,385,385,26.240895502269268,393.2314758300781,2.874479293823242,
partsupp_yfcc_wiki_1,4way,B6,0.05,0.5,628777,39950,39901.063291828,1.001226451230487,385,385,23.47581833600998,403.8093566894531,2.908341407775879,
partsupp_yfcc_wiki_1,4way,B6,0.05,0.5,137071,40107,46810.03842800252,1.1671288909168602,385,385,19.55986861139536,407.1412658691406,2.6718127727508545,
partsupp_yfcc_wiki_1,4way,B6,0.05,0.5,296404,39655,53007.33299538903,1.3367124699379405,385,385,19.339469261467457,386.0415954589844,3.2837841510772705,
partsupp_yfcc_wiki_1,4way,B6,0.05,0.5,703153,40145,29954.357539682536,1.3402056761463583,385,385,19.49173305183649,401.27313232421875,3.3179731369018555,
partsupp_yfcc_wiki_1,4way,B6,0.05,0.5,438962,40025,37142.74472982863,1.077599415205756,385,385,23.788034915924072,383.7845458984375,2.6289570331573486,
partsupp_yfcc_wiki_1,4way,B6,0.05,0.5,33248,39753,40338.95461006391,1.014739884035517,385,385,34.133161418139935,370.56536865234375,2.337841033935547,
partsupp_yfcc_wiki_1,4way,B6,0.05,0.5,779894,39894,48499.891657549204,1.2157189466473455,385,385,32.97642897814512,371.1859436035156,2.5691866874694824,
partsupp_yfcc_wiki_1,4way,B6,0.05,0.5,304120,39806,44231.582828772946,1.1111787878403494,385,385,25.705190375447273,373.7254333496094,2.7490689754486084,
partsupp_yfcc_wiki_1,4way,B6,0.05,0.5,73745,39649,36744.69902435402,1.0790399990409782,385,385,26.677297428250313,409.2041015625,2.654064178466797,
partsupp_yfcc_wiki_1,4way,B6,0.05,0.5,516733,39425,29121.32137221525,1.3538190625379907,385,385,27.16948091983795,351.90386962890625,3.0097391605377197,
partsupp_yfcc_wiki_1,4way,B6,0.05,0.5,181346,40217,42020.511686935075,1.0448445107028141,385,385,26.57470479607582,450.21923828125,3.273480176925659,
partsupp_yfcc_wiki_1,4way,B6,0.05,0.5,620747,39855,30712.18765757687,1.2976932950644937,385,385,25.453098118305206,368.0314025878906,3.0532097816467285,
partsupp_yfcc_wiki_1,4way,B6,0.05,0.5,738510,40353,57699.87484619541,1.4298781960745275,385,385,27.40599773824215,396.4117126464844,2.6115403175354004,
partsupp_yfcc_wiki_1,4way,B6,0.05,0.5,111011,40275,47999.1171369657,1.191784410601259,385,385,26.58073417842388,395.4302978515625,2.8725788593292236,
partsupp_yfcc_wiki_1,4way,B6,0.05,0.5,426052,40739,33169.4691551397,1.2282077777445342,385,385,26.89065132290125,380.6536865234375,2.85752534866333,
partsupp_yfcc_wiki_1,4way,B6,0.05,0.5,724169,40800,26816.166414835163,1.521470271657799,385,385,26.44624561071396,401.85101318359375,2.819596529006958,
partsupp_yfcc_wiki_1,4way,B6,0.05,0.5,588630,41165,35676.78785098465,1.1538314539957633,385,385,27.80106756836176,402.3707580566406,2.9160590171813965,
partsupp_yfcc_wiki_1,4way,B6,0.05,0.5,790256,40185,31174.0116281988,1.2890545008859304,385,385,26.696757413446903,431.37213134765625,2.7123072147369385,
partsupp_yfcc_wiki_1,4way,B6,0.05,0.5,201003,40961,46428.76433792816,1.1334870813195028,385,385,27.439954690635204,415.375732421875,2.859617233276367,
partsupp_yfcc_wiki_1,4way,B6,0.05,0.5,6443,40305,41671.14544997486,1.0338951854602372,385,385,27.205439284443855,405.20751953125,2.739042282104492,
partsupp_yfcc_wiki_1,4way,B6,0.05,0.5,642763,39549,45113.60839961379,1.140701620764464,385,385,27.236915193498135,388.4662170410156,2.7092697620391846,
partsupp_yfcc_wiki_1,4way,B6,0.05,0.5,193392,39643,49461.62763868805,1.2476762010616766,385,385,26.387667283415794,353.18707275390625,2.984983205795288,
partsupp_yfcc_wiki_1,4way,B6,0.05,0.5,203755,40082,38869.13212889262,1.031203883510582,385,385,26.40752587467432,380.0079040527344,2.994408130645752,
partsupp_yfcc_wiki_1,4way,B6,0.05,0.5,94462,40322,41621.283700265245,1.0322226997734547,385,385,27.753661386668682,399.1404724121094,2.962696075439453,
partsupp_yfcc_wiki_1,4way,B6,0.05,0.5,590890,40317,45634.50037871328,1.1318922632813275,385,385,25.322843343019485,386.57598876953125,2.9903500080108643,
partsupp_yfcc_wiki_1,4way,B6,0.05,0.5,783383,40004,34091.109547859545,1.1734437667345357,385,385,25.665403343737125,386.79742431640625,2.9504549503326416,
partsupp_yfcc_wiki_1,4way,B6,0.05,0.5,737605,40564,50952.58661893663,1.2561036046478806,385,385,25.35740565508604,364.5066833496094,2.988215684890747,
partsupp_yfcc_wiki_1,4way,B6,0.05,0.5,516560,39595,28551.403334988758,1.386796982811619,385,385,25.418122299015522,376.8502502441406,3.1861371994018555,
partsupp_yfcc_wiki_1,4way,B6,0.05,0.5,137642,39503,23679.47048395445,1.668238317523519,385,385,25.51460638642311,362.8982238769531,2.908339023590088,
partsupp_yfcc_wiki_1,4way,B6,0.05,0.5,37803,40186,43524.120214239156,1.0830667449917672,385,385,24.86351877450943,378.5651550292969,2.9570248126983643,
partsupp_yfcc_wiki_1,4way,B6,0.05,0.5,254800,40399,34430.38550955758,1.1733531124356882,385,385,25.104761123657227,363.9730224609375,2.9208061695098877,
partsupp_yfcc_wiki_1,4way,B6,0.05,0.5,605930,40555,33234.01917162631,1.2202857496881994,385,385,26.909267529845238,378.93402099609375,2.785029649734497,
partsupp_yfcc_wiki_1,4way,B6,0.05,0.5,209329,39864,33929.507209288,1.1749065423823033,385,385,26.32808219641447,393.9214782714844,2.7756268978118896,
partsupp_yfcc_wiki_1,4way,B6,0.05,0.5,766585,39745,33833.05799950536,1.174738623998489,385,385,26.353593915700912,377.1371765136719,3.071518898010254,
partsupp_yfcc_wiki_1,4way,B6,0.05,0.5,488782,41305,27057.035612535612,1.5265900001574177,385,385,26.258698664605618,452.28680419921875,3.142624616622925,
partsupp_yfcc_wiki_1,4way,B6,0.05,0.5,374559,40063,50620.176940679456,1.2635143883553268,385,385,26.378992944955826,374.6746826171875,3.0959250926971436,
partsupp_yfcc_wiki_1,4way,B6,0.05,0.5,111780,39441,33249.97989641543,1.1861962059186688,385,385,25.756070390343666,383.554443359375,3.20689058303833,
partsupp_yfcc_wiki_1,4way,B6,0.05,0.5,178188,40094,33872.80801508433,1.1836633084019852,385,385,26.461640372872353,390.0411682128906,2.985353708267212,
partsupp_yfcc_wiki_1,4way,B6,0.05,0.5,539857,41081,50905.85602725427,1.2391581516334624,385,385,25.663355365395546,382.7663879394531,2.8438801765441895,
partsupp_yfcc_wiki_1,4way,B6,0.05,0.5,781264,39591,34228.510133454096,1.1566673467713904,385,385,25.589371100068092,381.34906005859375,2.6980855464935303,
partsupp_yfcc_wiki_1,4way,B6,0.05,0.5,771184,40446,30473.685361386582,1.3272434731917724,385,385,25.523808784782887,381.6242980957031,2.8078548908233643,
partsupp_yfcc_wiki_1,4way,B6,0.05,0.5,140785,39681,36461.81311382532,1.0882892706439233,385,385,25.89502092450857,378.0095520019531,2.836686372756958,
partsupp_yfcc_wiki_1,4way,B6,0.05,0.5,2505,39814,37374.23088841241,1.0652794466559585,385,385,26.9411476328969,383.0123596191406,2.726055383682251,
partsupp_yfcc_wiki_1,4way,B6,0.05,0.5,526089,39735,33639.42757406572,1.1812032149629579,385,385,28.550914488732815,401.1810607910156,2.778130531311035,
partsupp_yfcc_wiki_1,4way,B6,0.05,0.5,608072,39990,35600.88835216274,1.1232865765713573,385,385,28.016412630677223,370.3761291503906,3.105651617050171,
partsupp_yfcc_wiki_1,4way,B6,0.05,0.5,224837,40427,31365.022441531055,1.2889198493437006,385,385,25.557633489370346,410.1109619140625,3.241783380508423,
partsupp_yfcc_wiki_1,4way,B6,0.05,0.5,386133,39828,37381.986934320856,1.0654329335135857,385,385,26.851877570152283,368.23663330078125,2.921837329864502,
partsupp_yfcc_wiki_1,4way,B6,0.05,0.5,487850,40075,38903.29565602792,1.0301183826257796,385,385,26.361205615103245,410.7374267578125,2.5421645641326904,
partsupp_yfcc_wiki_1,4way,B6,0.05,0.5,340195,40049,45204.970727947206,1.12874155978794,385,385,26.399348862469196,392.4921875,3.0128531455993652,
partsupp_yfcc_wiki_1,4way,B6,0.05,0.5,122774,39671,35685.951362081105,1.111669956546354,385,385,27.928609400987625,350.9120178222656,2.5227179527282715,
partsupp_yfcc_wiki_1,4way,B6,0.05,0.5,690833,39977,33598.20655081568,1.1898551769284678,385,385,27.50938106328249,383.1605529785156,3.2076144218444824,
partsupp_yfcc_wiki_1,4way,B6,0.05,0.5,686759,39710,37416.959821807584,1.061283444435696,385,385,26.50335431098938,361.51519775390625,3.245149850845337,
partsupp_yfcc_wiki_1,4way,B6,0.05,0.5,154430,40193,25840.14676322684,1.555447821883068,385,385,25.825840421020985,385.8101501464844,2.6717138290405273,
partsupp_yfcc_wiki_1,4way,B6,0.05,0.5,630926,38981,36696.5576348267,1.0622522250698867,385,385,26.374240405857563,385.1778869628906,3.197935104370117,
partsupp_yfcc_wiki_1,4way,B6,0.05,0.5,255248,39281,37299.85984788046,1.0531138765721693,385,385,27.52397023141384,388.968017578125,2.75639271736145,
partsupp_yfcc_wiki_1,4way,B6,0.05,0.5,48107,40107,41945.739646313676,1.0458458534997301,385,385,26.120387949049473,429.646484375,3.032061815261841,
partsupp_yfcc_wiki_1,4way,B6,0.05,0.5,717611,39475,59489.3084363994,1.5070122466472298,385,385,25.56001115590334,371.3143310546875,2.4548850059509277,
partsupp_yfcc_wiki_1,4way,B6,0.05,0.5,559097,40038,34901.995460887156,1.1471550400282555,385,385,27.074440382421017,398.3103332519531,3.1344034671783447,
partsupp_yfcc_wiki_1,4way,B6,0.05,0.5,527854,39710,46214.84918076676,1.1638088436355265,385,385,25.433975271880627,392.1648254394531,2.896984577178955,
partsupp_yfcc_wiki_1,4way,B6,0.05,0.5,692258,40562,29154.557764907764,1.3912747477453746,385,385,25.310886092483997,371.93548583984375,3.5499489307403564,
partsupp_yfcc_wiki_1,4way,B6,0.05,0.5,344709,40185,42423.84017272014,1.0557133301659858,385,385,26.817750185728073,382.4437561035156,2.6828415393829346,
partsupp_yfcc_wiki_1,4way,B6,0.05,0.5,414737,39728,41679.31737867396,1.0491169295880476,385,385,26.09504945576191,382.7923583984375,3.1229937076568604,
partsupp_yfcc_wiki_1,4way,B6,0.05,0.5,362610,39989,37648.669599936235,1.062162366557243,385,385,25.29389876872301,430.5520935058594,3.019996404647827,
partsupp_yfcc_wiki_1,4way,B6,0.05,0.5,129857,40279,36604.21425707306,1.1003924224986434,385,385,26.093166321516037,396.3171081542969,2.8648459911346436,
partsupp_yfcc_wiki_1,4way,B6,0.05,0.5,210898,40213,31503.554998199314,1.2764591171472077,385,385,25.85266437381506,389.0685729980469,2.6272644996643066,
partsupp_yfcc_wiki_1,4way,B6,0.05,0.5,793779,39310,32785.90453003928,1.1989908640154543,385,385,26.268246583640575,369.3700256347656,2.7579474449157715,
partsupp_yfcc_wiki_1,4way,B6,0.05,0.5,634727,39967,57465.36041459369,1.4378202120397752,385,385,28.03442720323801,390.2039489746094,2.536240339279175,
partsupp_yfcc_wiki_1,4way,B6,0.05,0.5,351141,40168,34700.9983957334,1.157545945563883,385,385,25.455504655838013,371.2911376953125,2.9031050205230713,
partsupp_yfcc_wiki_1,4way,B6,0.05,0.5,611020,40256,56475.5377709489,1.4029098214166558,385,385,26.082324795424938,402.24163818359375,2.6832292079925537,
partsupp_yfcc_wiki_1,4way,B6,0.1,0.1,145860,79388,64256.927896580164,1.2354776768626863,385,385,25.26719495654106,402.2340393066406,2.9678664207458496,
partsupp_yfcc_wiki_1,4way,B6,0.1,0.1,359095,80675,78854.21024688738,1.0230905838434226,385,385,25.507640093564987,433.9372253417969,2.6484692096710205,
partsupp_yfcc_wiki_1,4way,B6,0.1,0.1,286093,81202,71383.90855624287,1.1375392808033413,385,385,25.56877490133047,408.4643859863281,2.591614246368408,
partsupp_yfcc_wiki_1,4way,B6,0.1,0.1,781121,80064,89444.97467404319,1.1171684486666065,385,385,25.734450668096542,430.0372009277344,2.7154462337493896,
partsupp_yfcc_wiki_1,4way,B6,0.1,0.1,142780,79869,77749.25090074132,1.0272639166898838,385,385,25.565331801772118,391.00274658203125,2.9726316928863525,
partsupp_yfcc_wiki_1,4way,B6,0.1,0.1,428790,80552,88735.08594565978,1.1015876197445102,385,385,26.32063627243042,409.8734130859375,2.586446523666382,
partsupp_yfcc_wiki_1,4way,B6,0.1,0.1,322723,80552,77307.18015788132,1.0419730720418454,385,385,24.271473288536072,409.2359619140625,3.0675809383392334,
partsupp_yfcc_wiki_1,4way,B6,0.1,0.1,588557,80712,108537.45633152999,1.3447499297691792,385,385,26.882772333920002,392.5137023925781,3.088820695877075,
partsupp_yfcc_wiki_1,4way,B6,0.1,0.1,263638,80138,78519.9322833456,1.020607095161716,385,385,25.562548078596592,400.8641662597656,3.3490371704101562,
partsupp_yfcc_wiki_1,4way,B6,0.1,0.1,693614,80733,56470.86089775388,1.429639972129611,385,385,25.798074901103973,426.4012145996094,2.6586174964904785,
partsupp_yfcc_wiki_1,4way,B6,0.1,0.1,546912,79173,83276.27122966417,1.0518266483481007,385,385,25.327496230602264,389.6872253417969,3.273282766342163,
partsupp_yfcc_wiki_1,4way,B6,0.1,0.1,444449,80237,59833.97367491813,1.3409940051104217,385,385,25.376027449965477,426.49853515625,2.858152389526367,
partsupp_yfcc_wiki_1,4way,B6,0.1,0.1,663176,80531,80505.56679564608,1.000315918580121,385,385,26.187488809227943,377.50628662109375,2.5874252319335938,
partsupp_yfcc_wiki_1,4way,B6,0.1,0.1,763999,80987,75580.05008915858,1.0715393798292416,385,385,25.96763428300619,412.6561279296875,2.991096258163452,
partsupp_yfcc_wiki_1,4way,B6,0.1,0.1,782168,79448,71393.17723067118,1.112823424895403,385,385,23.833079263567924,387.3293151855469,2.6463067531585693,
partsupp_yfcc_wiki_1,4way,B6,0.1,0.1,673362,80053,88992.84337383765,1.111674058109473,385,385,26.662694290280342,399.927490234375,2.910238742828369,
partsupp_yfcc_wiki_1,4way,B6,0.1,0.1,83904,79104,91781.1966551841,1.1602598687194592,385,385,25.04754811525345,361.90478515625,3.108832836151123,
partsupp_yfcc_wiki_1,4way,B6,0.1,0.1,695261,79625,77992.0855431173,1.0209369251445386,385,385,25.28975810855627,355.1128845214844,2.7686617374420166,
partsupp_yfcc_wiki_1,4way,B6,0.1,0.1,386245,80906,83988.83015325319,1.0381038508052949,385,385,26.799844577908516,405.989013671875,3.005084276199341,
partsupp_yfcc_wiki_1,4way,B6,0.1,0.1,69504,81679,95489.01904388715,1.1690767399685005,385,385,25.54428856819868,394.9341735839844,3.3213181495666504,
partsupp_yfcc_wiki_1,4way,B6,0.1,0.1,681535,80343,88306.3595995817,1.0991170307255356,385,385,26.444070041179657,394.721435546875,3.38594388961792,
partsupp_yfcc_wiki_1,4way,B6,0.1,0.1,696279,79662,87678.79399875301,1.1006351083170522,385,385,25.841427966952324,403.06585693359375,2.9636666774749756,
partsupp_yfcc_wiki_1,4way,B6,0.1,0.1,340223,79614,73130.27441594216,1.0886599378416173,385,385,26.48799028247595,417.17041015625,3.0076568126678467,
partsupp_yfcc_wiki_1,4way,B6,0.1,0.1,690943,80850,94361.82269942347,1.1671221113101233,385,385,26.77971590310335,422.7907409667969,3.272429943084717,
partsupp_yfcc_wiki_1,4way,B6,0.1,0.1,636616,80757,88353.85105864,1.094070496163057,385,385,26.079168543219566,408.0700378417969,2.9986581802368164,
partsupp_yfcc_wiki_1,4way,B6,0.1,0.1,48106,80092,69930.81972937706,1.1453033199088092,385,385,26.282889768481255,424.15234375,3.1095659732818604,
partsupp_yfcc_wiki_1,4way,B6,0.1,0.1,352770,80393,95496.23787667503,1.1878675740011573,385,385,26.69397182762623,395.7828674316406,3.1966798305511475,
partsupp_yfcc_wiki_1,4way,B6,0.1,0.1,536954,79927,69495.88465987472,1.1500968782709513,385,385,25.9113647043705,432.210693359375,3.1714894771575928,
partsupp_yfcc_wiki_1,4way,B6,0.1,0.1,752067,79742,75317.93772677999,1.058738494530593,385,385,25.43043438345194,394.6697692871094,2.8197593688964844,
partsupp_yfcc_wiki_1,4way,B6,0.1,0.1,602570,79709,66873.07603450038,1.1919445721156516,385,385,24.98453389853239,408.853271484375,2.864469289779663,
partsupp_yfcc_wiki_1,4way,B6,0.1,0.1,345404,80320,65084.830776047755,1.2340817213825963,385,385,25.931633077561855,401.0014343261719,2.9514834880828857,
partsupp_yfcc_wiki_1,4way,B6,0.1,0.1,628777,80363,80905.62930210956,1.0067522280416306,385,385,26.732346042990685,409.9804992675781,2.9850518703460693,
partsupp_yfcc_wiki_1,4way,B6,0.1,0.1,137071,79890,90860.35789301683,1.1373182863063815,385,385,26.410231366753578,415.9568176269531,2.7972004413604736,
partsupp_yfcc_wiki_1,4way,B6,0.1,0.1,296404,79140,64413.80023832889,1.2286187075934762,385,385,26.240781880915165,398.64654541015625,3.3583366870880127,
partsupp_yfcc_wiki_1,4way,B6,0.1,0.1,703153,79988,78688.76884463931,1.016511011348085,385,385,25.760809890925884,409.31414794921875,3.377227544784546,
partsupp_yfcc_wiki_1,4way,B6,0.1,0.1,438962,80044,73321.20972868495,1.0916895710830716,385,385,26.794956997036934,394.1766357421875,2.7042746543884277,
partsupp_yfcc_wiki_1,4way,B6,0.1,0.1,33248,79381,88369.48196784445,1.1132321584238603,385,385,26.46967675536871,382.3808898925781,2.451692581176758,
partsupp_yfcc_wiki_1,4way,B6,0.1,0.1,779894,80335,54873.984962100476,1.463990633366331,385,385,26.143528521060944,383.4449157714844,2.650587320327759,
partsupp_yfcc_wiki_1,4way,B6,0.1,0.1,304120,80150,88014.78607054037,1.0981258399318823,385,385,26.563425548374653,384.2877502441406,2.839334011077881,
partsupp_yfcc_wiki_1,4way,B6,0.1,0.1,73745,79509,89663.60667101118,1.1277164430569016,385,385,19.08895466476679,415.6717529296875,2.7303755283355713,
partsupp_yfcc_wiki_1,4way,B6,0.1,0.1,516733,79365,94364.48869003334,1.1889937464881666,385,385,26.531454175710678,360.6786193847656,3.0889196395874023,
partsupp_yfcc_wiki_1,4way,B6,0.1,0.1,181346,80862,82089.56827894328,1.0151810279110494,385,385,27.12598443031311,460.47613525390625,3.357656955718994,
partsupp_yfcc_wiki_1,4way,B6,0.1,0.1,620747,80204,63240.33475384247,1.2682412310464062,385,385,28.01489643752575,377.78564453125,3.118633985519409,
partsupp_yfcc_wiki_1,4way,B6,0.1,0.1,738510,80641,90954.50190946573,1.1278940230089622,385,385,21.06225024908781,406.49371337890625,2.7311203479766846,
partsupp_yfcc_wiki_1,4way,B6,0.1,0.1,111011,80060,80281.5554518684,1.0027673676226379,385,385,21.05383388698101,403.2555847167969,2.941718101501465,
partsupp_yfcc_wiki_1,4way,B6,0.1,0.1,426052,81092,73102.87604708302,1.1092860416021315,385,385,14.805995859205723,392.1812744140625,2.933866500854492,
partsupp_yfcc_wiki_1,4way,B6,0.1,0.1,724169,80396,84657.19570512506,1.0530025835256116,385,385,14.927061274647713,414.1463928222656,2.892995834350586,
partsupp_yfcc_wiki_1,4way,B6,0.1,0.1,588630,81868,88544.8769613453,1.0815566150552756,385,385,15.08862990885973,415.3184814453125,3.023313045501709,
partsupp_yfcc_wiki_1,4way,B6,0.1,0.1,790256,80341,77145.75984686457,1.0414182212927583,385,385,15.23739192634821,441.68890380859375,2.7825469970703125,
partsupp_yfcc_wiki_1,4way,B6,0.1,0.1,201003,81171,74382.63436079994,1.091262775210037,385,385,15.22418949753046,423.641357421875,2.9440114498138428,
partsupp_yfcc_wiki_1,4way,B6,0.1,0.1,6443,79795,70157.34579778466,1.1373719899551797,385,385,15.03405999392271,411.00616455078125,2.884660482406616,
partsupp_yfcc_wiki_1,4way,B6,0.1,0.1,642763,79779,69957.16192327667,1.1403978921771458,385,385,14.96660802513361,397.9861755371094,2.840625047683716,
partsupp_yfcc_wiki_1,4way,B6,0.1,0.1,193392,79245,89757.53927989386,1.1326587075511876,385,385,14.909152872860432,365.0972595214844,3.056194543838501,
partsupp_yfcc_wiki_1,4way,B6,0.1,0.1,203755,80446,74325.8058877204,1.0823427884727548,385,385,14.861227944493294,388.9460144042969,3.056774854660034,
partsupp_yfcc_wiki_1,4way,B6,0.1,0.1,94462,79891,55504.09442013736,1.4393712902559288,385,385,14.93838895112276,410.7262878417969,3.031524658203125,
partsupp_yfcc_wiki_1,4way,B6,0.1,0.1,590890,80433,82469.02258467335,1.025313274211746,385,385,14.723067171871662,394.77734375,3.05781626701355,
partsupp_yfcc_wiki_1,4way,B6,0.1,0.1,783383,79896,64789.7714201486,1.2331576149866397,385,385,14.629488810896873,402.0063171386719,3.0183515548706055,
partsupp_yfcc_wiki_1,4way,B6,0.1,0.1,737605,80401,59894.41305033111,1.3423789616643638,385,385,14.737226068973541,374.6307678222656,3.0597891807556152,
partsupp_yfcc_wiki_1,4way,B6,0.1,0.1,516560,79823,75573.77179880964,1.0562262290216575,385,385,14.69565648585558,391.37896728515625,3.2459254264831543,
partsupp_yfcc_wiki_1,4way,B6,0.1,0.1,137642,79286,77730.95485728352,1.0200054810283958,385,385,14.777111820876598,375.74859619140625,2.9834916591644287,
partsupp_yfcc_wiki_1,4way,B6,0.1,0.1,37803,80809,102175.49549516084,1.2644073741187347,385,385,14.787890948355198,391.6224365234375,3.024467945098877,
partsupp_yfcc_wiki_1,4way,B6,0.1,0.1,254800,80981,96857.44457557326,1.1960514759705765,385,385,14.663118869066238,376.4917907714844,2.9951040744781494,
partsupp_yfcc_wiki_1,4way,B6,0.1,0.1,605930,80645,91910.87028950284,1.139697070983977,385,385,14.85393475741148,388.9281921386719,2.853085517883301,
partsupp_yfcc_wiki_1,4way,B6,0.1,0.1,209329,80000,100928.09729620266,1.2616012162025332,385,385,14.86646942794323,404.4440612792969,2.887873649597168,
partsupp_yfcc_wiki_1,4way,B6,0.1,0.1,766585,79960,55847.245532221044,1.431762645372852,385,385,25.92253126204014,387.6983337402344,3.1483452320098877,
partsupp_yfcc_wiki_1,4way,B6,0.1,0.1,488782,80468,83961.95979262675,1.0434204875556339,385,385,20.86962666362524,462.8974914550781,3.20609712600708,
partsupp_yfcc_wiki_1,4way,B6,0.1,0.1,374559,79389,59723.303857477644,1.3292801113188937,385,385,32.97310322523117,383.64080810546875,3.171335220336914,
partsupp_yfcc_wiki_1,4way,B6,0.1,0.1,111780,79611,81003.9833089104,1.0174973723343559,385,385,20.810394547879696,394.7646789550781,3.261101484298706,
partsupp_yfcc_wiki_1,4way,B6,0.1,0.1,178188,80270,74901.47966205847,1.0716744230175865,385,385,27.36076433211565,397.3576965332031,3.1019976139068604,
partsupp_yfcc_wiki_1,4way,B6,0.1,0.1,539857,81519,86253.92466020971,1.0580836941106946,385,385,21.449307911098003,393.9913024902344,2.945296287536621,
partsupp_yfcc_wiki_1,4way,B6,0.1,0.1,781264,79003,81532.72989355502,1.032020681411529,385,385,21.372664719820023,392.1608581542969,2.770949125289917,
partsupp_yfcc_wiki_1,4way,B6,0.1,0.1,771184,80191,61796.18493987494,1.297669104945919,385,385,26.990867219865322,394.2817077636719,2.9144299030303955,
partsupp_yfcc_wiki_1,4way,B6,0.1,0.1,140785,79170,77417.14145194959,1.0226417368967098,385,385,23.252125829458237,389.1658630371094,2.912421226501465,
partsupp_yfcc_wiki_1,4way,B6,0.1,0.1,2505,80199,82764.85150501135,1.0319935598325585,385,385,36.37798596173525,392.6145935058594,2.8755288124084473,
partsupp_yfcc_wiki_1,4way,B6,0.1,0.1,526089,80044,94169.15362812267,1.1764673633017175,385,385,22.064974531531334,409.1528625488281,2.8621973991394043,
partsupp_yfcc_wiki_1,4way,B6,0.1,0.1,608072,80577,78123.71856822184,1.0314025174011119,385,385,14.975743368268013,379.7530517578125,3.1877126693725586,
partsupp_yfcc_wiki_1,4way,B6,0.1,0.1,224837,80462,75096.36334590238,1.0714500198815604,385,385,23.952549323439598,416.9052734375,3.304277181625366,
partsupp_yfcc_wiki_1,4way,B6,0.1,0.1,386133,80821,71659.35488627906,1.1278499524348238,385,385,37.42972668260336,379.9435119628906,3.026334762573242,
partsupp_yfcc_wiki_1,4way,B6,0.1,0.1,487850,79711,70244.85294316044,1.1347592978022065,385,385,21.23579103499651,422.08538818359375,2.6472816467285156,
partsupp_yfcc_wiki_1,4way,B6,0.1,0.1,340195,79958,70270.46871493304,1.1378606328124332,385,385,21.101406775414944,402.8139343261719,3.089376926422119,
partsupp_yfcc_wiki_1,4way,B6,0.1,0.1,122774,78762,62153.994757515014,1.2672073662727352,385,385,23.984606377780437,361.5801696777344,2.6376986503601074,
partsupp_yfcc_wiki_1,4way,B6,0.1,0.1,690833,79905,80602.357334317,1.0087273303837931,385,385,21.37521840631962,392.712646484375,3.261147975921631,
partsupp_yfcc_wiki_1,4way,B6,0.1,0.1,686759,79917,81013.14095363136,1.0137159922623642,385,385,27.878502383828163,371.432373046875,3.326615810394287,
partsupp_yfcc_wiki_1,4way,B6,0.1,0.1,154430,79720,86127.39396511269,1.0803737326281069,385,385,27.134113013744354,394.34014892578125,2.7680890560150146,
partsupp_yfcc_wiki_1,4way,B6,0.1,0.1,630926,78421,60298.17357433682,1.3005534886279928,385,385,27.145852334797382,393.74267578125,3.259998083114624,
partsupp_yfcc_wiki_1,4way,B6,0.1,0.1,255248,79039,81140.86813767822,1.0265927977033897,385,385,21.19982521981001,398.664306640625,2.897630214691162,
partsupp_yfcc_wiki_1,4way,B6,0.1,0.1,48107,80335,79214.64877559242,1.0141432328707463,385,385,27.135263197124004,439.12420654296875,3.1095659732818604,
partsupp_yfcc_wiki_1,4way,B6,0.1,0.1,717611,79194,71694.62047250995,1.1046017048150154,385,385,27.46417745947838,385.1277160644531,2.5639750957489014,
partsupp_yfcc_wiki_1,4way,B6,0.1,0.1,559097,80226,89076.61577126863,1.1103210402022863,385,385,26.958578266203403,412.5897216796875,3.201744794845581,
partsupp_yfcc_wiki_1,4way,B6,0.1,0.1,527854,80206,87551.0412731951,1.09157720461306,385,385,27.46369317173958,402.7357482910156,2.9701809883117676,
partsupp_yfcc_wiki_1,4way,B6,0.1,0.1,692258,80529,90590.63312650326,1.1249442204237388,385,385,22.893371060490608,382.93109130859375,3.59883189201355,
partsupp_yfcc_wiki_1,4way,B6,0.1,0.1,344709,80373,82209.26635557685,1.022846806210753,385,385,14.940856024622917,393.9825134277344,2.836334466934204,
partsupp_yfcc_wiki_1,4way,B6,0.1,0.1,414737,80064,57393.84003261296,1.3949929113386583,385,385,15.387846156954765,391.3221130371094,3.186657428741455,
partsupp_yfcc_wiki_1,4way,B6,0.1,0.1,362610,80849,89260.23199858038,1.1040363145936298,385,385,15.333534218370914,437.93621826171875,3.099379777908325,
partsupp_yfcc_wiki_1,4way,B6,0.1,0.1,129857,80232,91067.0667806624,1.1350466993302224,385,385,16.2287512794137,409.33135986328125,2.9371519088745117,
partsupp_yfcc_wiki_1,4way,B6,0.1,0.1,210898,79641,69874.80785404965,1.139766998234176,385,385,15.366626903414726,399.1053466796875,2.6989400386810303,
partsupp_yfcc_wiki_1,4way,B6,0.1,0.1,793779,79050,75432.82879480897,1.0479522147449938,385,385,15.282477252185345,376.6127014160156,2.8342809677124023,
partsupp_yfcc_wiki_1,4way,B6,0.1,0.1,634727,79920,95337.02375438329,1.1929057026324237,385,385,15.515781939029694,398.7883605957031,2.6199212074279785,
partsupp_yfcc_wiki_1,4way,B6,0.1,0.1,351141,79827,72187.12051834131,1.105834384676939,385,385,15.874632634222507,381.5683898925781,2.959737777709961,
partsupp_yfcc_wiki_1,4way,B6,0.1,0.1,611020,80403,66114.61064031316,1.2161154580100415,385,385,28.05540431290865,416.7373352050781,2.7526907920837402,
partsupp_yfcc_wiki_1,4way,B6,0.1,0.2,145860,79388,90032.88019488774,1.1340867661975076,385,385,15.297058038413525,402.2340393066406,2.9678664207458496,
partsupp_yfcc_wiki_1,4way,B6,0.1,0.2,359095,80675,84909.60009009122,1.0524896199577467,385,385,15.240664593875408,433.9372253417969,2.6484692096710205,
partsupp_yfcc_wiki_1,4way,B6,0.1,0.2,286093,81202,79425.57016713338,1.022365968908105,385,385,15.216835774481297,408.4643859863281,2.591614246368408,
partsupp_yfcc_wiki_1,4way,B6,0.1,0.2,781121,80064,76863.45571655282,1.041639349332012,385,385,15.209723263978958,430.0372009277344,2.7154462337493896,
partsupp_yfcc_wiki_1,4way,B6,0.1,0.2,142780,79869,75247.59373862534,1.061416000589032,385,385,15.232468023896217,391.00274658203125,2.9726316928863525,
partsupp_yfcc_wiki_1,4way,B6,0.1,0.2,428790,80552,82905.96410897345,1.0292229132606696,385,385,15.38017112761736,409.8734130859375,2.586446523666382,
partsupp_yfcc_wiki_1,4way,B6,0.1,0.2,322723,80552,84265.23387459289,1.0460973517056422,385,385,15.11646993458271,409.2359619140625,3.0675809383392334,
partsupp_yfcc_wiki_1,4way,B6,0.1,0.2,588557,80712,98587.69493362897,1.2214750586483913,385,385,15.259264037013054,392.5137023925781,3.088820695877075,
partsupp_yfcc_wiki_1,4way,B6,0.1,0.2,263638,80138,86627.2332889329,1.080975732972284,385,385,15.224318020045757,400.8641662597656,3.3490371704101562,
partsupp_yfcc_wiki_1,4way,B6,0.1,0.2,693614,80733,92354.55842972209,1.1439505336073488,385,385,15.381681732833385,426.4012145996094,2.6586174964904785,
partsupp_yfcc_wiki_1,4way,B6,0.1,0.2,546912,79173,89589.74652305167,1.1315694305262105,385,385,15.19809477031231,389.6872253417969,3.273282766342163,
partsupp_yfcc_wiki_1,4way,B6,0.1,0.2,444449,80237,85874.57972247912,1.0702615965512061,385,385,15.26066567748785,426.49853515625,2.858152389526367,
partsupp_yfcc_wiki_1,4way,B6,0.1,0.2,663176,80531,80326.75253732351,1.002542707830515,385,385,15.27697779238224,377.50628662109375,2.5874252319335938,
partsupp_yfcc_wiki_1,4way,B6,0.1,0.2,763999,80987,93260.78087448463,1.1515524821821357,385,385,15.369648113846779,412.6561279296875,2.991096258163452,
partsupp_yfcc_wiki_1,4way,B6,0.1,0.2,782168,79448,78324.86090041176,1.014339496893793,385,385,15.340127982199192,387.3293151855469,2.6463067531585693,
partsupp_yfcc_wiki_1,4way,B6,0.1,0.2,673362,80053,97994.93276982485,1.2241256763622206,385,385,15.048399567604065,399.927490234375,2.910238742828369,
partsupp_yfcc_wiki_1,4way,B6,0.1,0.2,83904,79104,93389.21533624835,1.1805877747806477,385,385,15.492730773985386,361.90478515625,3.108832836151123,
partsupp_yfcc_wiki_1,4way,B6,0.1,0.2,695261,79625,70974.83557042209,1.121876498339966,385,385,15.574926510453224,355.1128845214844,2.7686617374420166,
partsupp_yfcc_wiki_1,4way,B6,0.1,0.2,386245,80906,70527.56484439537,1.1471543102119366,385,385,15.15065785497427,405.989013671875,3.005084276199341,
partsupp_yfcc_wiki_1,4way,B6,0.1,0.2,69504,81679,66134.06871906828,1.2350517907338383,385,385,15.294365584850311,394.9341735839844,3.3213181495666504,
partsupp_yfcc_wiki_1,4way,B6,0.1,0.2,681535,80343,72209.4972030747,1.1126375769388264,385,385,15.3724430128932,394.721435546875,3.38594388961792,
partsupp_yfcc_wiki_1,4way,B6,0.1,0.2,696279,79662,77028.87785187401,1.03418357142875,385,385,15.457374975085258,403.06585693359375,2.9636666774749756,
partsupp_yfcc_wiki_1,4way,B6,0.1,0.2,340223,79614,92148.14367275237,1.1574364266680781,385,385,15.502836555242538,417.17041015625,3.0076568126678467,
partsupp_yfcc_wiki_1,4way,B6,0.1,0.2,690943,80850,81857.76447101124,1.0124646193074982,385,385,14.954260550439358,422.7907409667969,3.272429943084717,
partsupp_yfcc_wiki_1,4way,B6,0.1,0.2,636616,80757,55765.240221460306,1.4481601743180879,385,385,15.296120196580887,408.0700378417969,2.9986581802368164,
partsupp_yfcc_wiki_1,4way,B6,0.1,0.2,48106,80092,87439.5593638265,1.0917389922067935,385,385,15.211355872452259,424.15234375,3.1095659732818604,
partsupp_yfcc_wiki_1,4way,B6,0.1,0.2,352770,80393,82721.62599047384,1.0289655317064152,385,385,15.133306384086609,395.7828674316406,3.1966798305511475,
partsupp_yfcc_wiki_1,4way,B6,0.1,0.2,536954,79927,80985.34283063792,1.0132413681313939,385,385,15.374873764812946,432.210693359375,3.1714894771575928,
partsupp_yfcc_wiki_1,4way,B6,0.1,0.2,752067,79742,60056.506901148736,1.3277828517608095,385,385,15.473885461688042,394.6697692871094,2.8197593688964844,
partsupp_yfcc_wiki_1,4way,B6,0.1,0.2,602570,79709,93981.56433719397,1.1790583790687872,385,385,15.322469174861908,408.853271484375,2.864469289779663,
partsupp_yfcc_wiki_1,4way,B6,0.1,0.2,345404,80320,85022.57068089148,1.0585479417441668,385,385,15.207969583570957,401.0014343261719,2.9514834880828857,
partsupp_yfcc_wiki_1,4way,B6,0.1,0.2,628777,80363,93754.07396452827,1.1666323303576058,385,385,15.345724299550056,409.9804992675781,2.9850518703460693,
partsupp_yfcc_wiki_1,4way,B6,0.1,0.2,137071,79890,95692.80825804312,1.1978070879715,385,385,15.3718963265419,415.9568176269531,2.7972004413604736,
partsupp_yfcc_wiki_1,4way,B6,0.1,0.2,296404,79140,88736.18736069356,1.12125584231354,385,385,14.942193403840065,398.64654541015625,3.3583366870880127,
partsupp_yfcc_wiki_1,4way,B6,0.1,0.2,703153,79988,92498.62913907989,1.1564063251872767,385,385,14.879082329571247,409.31414794921875,3.377227544784546,
partsupp_yfcc_wiki_1,4way,B6,0.1,0.2,438962,80044,78874.68950578947,1.014824914069864,385,385,14.900432899594307,394.1766357421875,2.7042746543884277,
partsupp_yfcc_wiki_1,4way,B6,0.1,0.2,33248,79381,83391.68087870652,1.0505244438682622,385,385,14.977489598095417,382.3808898925781,2.451692581176758,
partsupp_yfcc_wiki_1,4way,B6,0.1,0.2,779894,80335,69781.60590890591,1.1512346119530505,385,385,15.00860694795847,383.4449157714844,2.650587320327759,
partsupp_yfcc_wiki_1,4way,B6,0.1,0.2,304120,80150,75066.990225243,1.0677129822243454,385,385,15.005160123109818,384.2877502441406,2.839334011077881,
partsupp_yfcc_wiki_1,4way,B6,0.1,0.2,73745,79509,103969.1260590088,1.3076397144852634,385,385,14.967991970479488,415.6717529296875,2.7303755283355713,
partsupp_yfcc_wiki_1,4way,B6,0.1,0.2,516733,79365,79351.0179943534,1.000176204489873,385,385,15.060094185173512,360.6786193847656,3.0889196395874023,
partsupp_yfcc_wiki_1,4way,B6,0.1,0.2,181346,80862,74921.97950660452,1.079282748967836,385,385,15.075343661010265,460.47613525390625,3.357656955718994,
partsupp_yfcc_wiki_1,4way,B6,0.1,0.2,620747,80204,77524.65699231096,1.0345611720404617,385,385,14.97588213533163,377.78564453125,3.118633985519409,
partsupp_yfcc_wiki_1,4way,B6,0.1,0.2,738510,80641,92455.81766280315,1.1465112990017876,385,385,14.986347407102585,406.49371337890625,2.7311203479766846,
partsupp_yfcc_wiki_1,4way,B6,0.1,0.2,111011,80060,80920.15433321438,1.0107438712617334,385,385,14.940203167498112,403.2555847167969,2.941718101501465,
partsupp_yfcc_wiki_1,4way,B6,0.1,0.2,426052,81092,57973.81993436621,1.398769308142995,385,385,14.860258437693119,392.1812744140625,2.933866500854492,
partsupp_yfcc_wiki_1,4way,B6,0.1,0.2,724169,80396,101279.19518817941,1.2597541567762005,385,385,14.903443865478039,414.1463928222656,2.892995834350586,
partsupp_yfcc_wiki_1,4way,B6,0.1,0.2,588630,81868,94267.72054022062,1.1514599176750453,385,385,15.021750703454018,415.3184814453125,3.023313045501709,
partsupp_yfcc_wiki_1,4way,B6,0.1,0.2,790256,80341,86175.89682682407,1.0726266392853472,385,385,15.066074207425117,441.68890380859375,2.7825469970703125,
partsupp_yfcc_wiki_1,4way,B6,0.1,0.2,201003,81171,61551.400551341474,1.318751470688199,385,385,15.118861570954323,423.641357421875,2.9440114498138428,
partsupp_yfcc_wiki_1,4way,B6,0.1,0.2,6443,79795,66200.36264105812,1.2053559348708212,385,385,15.400276519358158,411.00616455078125,2.884660482406616,
partsupp_yfcc_wiki_1,4way,B6,0.1,0.2,642763,79779,89566.39469103808,1.1226813408420522,385,385,15.446933917701244,397.9861755371094,2.840625047683716,
partsupp_yfcc_wiki_1,4way,B6,0.1,0.2,193392,79245,77270.04904951018,1.0255590746321952,385,385,15.14106709510088,365.0972595214844,3.056194543838501,
partsupp_yfcc_wiki_1,4way,B6,0.1,0.2,203755,80446,76003.14718250686,1.0584561690165868,385,385,15.500166453421116,388.9460144042969,3.056774854660034,
partsupp_yfcc_wiki_1,4way,B6,0.1,0.2,94462,79891,70030.73842881138,1.1407990518508084,385,385,15.393245965242386,410.7262878417969,3.031524658203125,
partsupp_yfcc_wiki_1,4way,B6,0.1,0.2,590890,80433,81401.28888085211,1.0120384528844144,385,385,15.412009321153164,394.77734375,3.05781626701355,
partsupp_yfcc_wiki_1,4way,B6,0.1,0.2,783383,79896,57230.25130740848,1.3960448919024304,385,385,15.293928794562817,402.0063171386719,3.0183515548706055,
partsupp_yfcc_wiki_1,4way,B6,0.1,0.2,737605,80401,86544.6523344778,1.0764126358438053,385,385,15.054065734148026,374.6307678222656,3.0597891807556152,
partsupp_yfcc_wiki_1,4way,B6,0.1,0.2,516560,79823,76387.49252747711,1.0449747381259715,385,385,15.054496005177498,391.37896728515625,3.2459254264831543,
partsupp_yfcc_wiki_1,4way,B6,0.1,0.2,137642,79286,78007.91295993279,1.0163840691485193,385,385,15.190445818006992,375.74859619140625,2.9834916591644287,
partsupp_yfcc_wiki_1,4way,B6,0.1,0.2,37803,80809,99707.54010900322,1.2338667736143651,385,385,15.023944899439812,391.6224365234375,3.024467945098877,
partsupp_yfcc_wiki_1,4way,B6,0.1,0.2,254800,80981,92129.29327538262,1.137665542230679,385,385,15.051666647195816,376.4917907714844,2.9951040744781494,
partsupp_yfcc_wiki_1,4way,B6,0.1,0.2,605930,80645,87530.18455335632,1.0853764592145367,385,385,15.012451447546482,388.9281921386719,2.853085517883301,
partsupp_yfcc_wiki_1,4way,B6,0.1,0.2,209329,80000,58170.11375940132,1.3752766640768446,385,385,21.082567982375622,404.4440612792969,2.887873649597168,
partsupp_yfcc_wiki_1,4way,B6,0.1,0.2,766585,79960,78865.48379485983,1.0138782665429045,385,385,27.485097758471966,387.6983337402344,3.1483452320098877,
partsupp_yfcc_wiki_1,4way,B6,0.1,0.2,488782,80468,84931.79815900947,1.0554729601706203,385,385,14.999927021563053,462.8974914550781,3.20609712600708,
partsupp_yfcc_wiki_1,4way,B6,0.1,0.2,374559,79389,70742.23693799479,1.1222291439495198,385,385,15.06603043526411,383.64080810546875,3.171335220336914,
partsupp_yfcc_wiki_1,4way,B6,0.1,0.2,111780,79611,74609.36683342118,1.0670376037065943,385,385,14.77262657135725,394.7646789550781,3.261101484298706,
partsupp_yfcc_wiki_1,4way,B6,0.1,0.2,178188,80270,85861.51153714902,1.06965879577861,385,385,14.79728426784277,397.3576965332031,3.1019976139068604,
partsupp_yfcc_wiki_1,4way,B6,0.1,0.2,539857,81519,74132.41300863856,1.0996404499945347,385,385,15.833375975489616,393.9913024902344,2.945296287536621,
partsupp_yfcc_wiki_1,4way,B6,0.1,0.2,781264,79003,95574.31299708548,1.2097554902609455,385,385,14.904657378792763,392.1608581542969,2.770949125289917,
partsupp_yfcc_wiki_1,4way,B6,0.1,0.2,771184,80191,96946.14776334776,1.2089405015942907,385,385,14.968430623412132,394.2817077636719,2.9144299030303955,
partsupp_yfcc_wiki_1,4way,B6,0.1,0.2,140785,79170,73381.81340518693,1.0788776718129447,385,385,15.035378746688366,389.1658630371094,2.912421226501465,
partsupp_yfcc_wiki_1,4way,B6,0.1,0.2,2505,80199,92659.01759180723,1.1553637525630898,385,385,15.22517204284668,392.6145935058594,2.8755288124084473,
partsupp_yfcc_wiki_1,4way,B6,0.1,0.2,526089,80044,70027.64716799963,1.1430342619961322,385,385,15.064225532114506,409.1528625488281,2.8621973991394043,
partsupp_yfcc_wiki_1,4way,B6,0.1,0.2,608072,80577,80210.07126439284,1.0045745968034072,385,385,14.98945988714695,379.7530517578125,3.1877126693725586,
partsupp_yfcc_wiki_1,4way,B6,0.1,0.2,224837,80462,82373.53118742557,1.023756943494141,385,385,15.268654562532902,416.9052734375,3.304277181625366,
partsupp_yfcc_wiki_1,4way,B6,0.1,0.2,386133,80821,86934.7981297963,1.0756461579267307,385,385,15.487504191696644,379.9435119628906,3.026334762573242,
partsupp_yfcc_wiki_1,4way,B6,0.1,0.2,487850,79711,71084.73168183777,1.1213519150184292,385,385,14.918329194188118,422.08538818359375,2.6472816467285156,
partsupp_yfcc_wiki_1,4way,B6,0.1,0.2,340195,79958,71298.38543929973,1.1214559699682496,385,385,14.937699772417545,402.8139343261719,3.089376926422119,
partsupp_yfcc_wiki_1,4way,B6,0.1,0.2,122774,78762,78419.19960704929,1.0043713834707373,385,385,15.001880936324596,361.5801696777344,2.6376986503601074,
partsupp_yfcc_wiki_1,4way,B6,0.1,0.2,690833,79905,107463.56631794038,1.3448916377941353,385,385,16.014719381928444,392.712646484375,3.261147975921631,
partsupp_yfcc_wiki_1,4way,B6,0.1,0.2,686759,79917,81606.05156893496,1.0211350722491455,385,385,15.03597293049097,371.432373046875,3.326615810394287,
partsupp_yfcc_wiki_1,4way,B6,0.1,0.2,154430,79720,70800.0368215802,1.1259881149624056,385,385,15.116549097001553,394.34014892578125,2.7680890560150146,
partsupp_yfcc_wiki_1,4way,B6,0.1,0.2,630926,78421,86081.67328603205,1.0976865034369883,385,385,14.917181804776192,393.74267578125,3.259998083114624,
partsupp_yfcc_wiki_1,4way,B6,0.1,0.2,255248,79039,78894.11492629349,1.0018364497002326,385,385,15.021910890936852,398.664306640625,2.897630214691162,
partsupp_yfcc_wiki_1,4way,B6,0.1,0.2,48107,80335,82439.55279468582,1.0261972091203813,385,385,14.960983768105507,439.12420654296875,3.1095659732818604,
partsupp_yfcc_wiki_1,4way,B6,0.1,0.2,717611,79194,70041.76879494774,1.130668190745526,385,385,14.999277889728546,385.1277160644531,2.5639750957489014,
partsupp_yfcc_wiki_1,4way,B6,0.1,0.2,559097,80226,77619.68401108748,1.0335780288482008,385,385,15.263102948665619,412.5897216796875,3.201744794845581,
partsupp_yfcc_wiki_1,4way,B6,0.1,0.2,527854,80206,78573.07332590123,1.0207822680847138,385,385,15.297853387892246,402.7357482910156,2.9701809883117676,
partsupp_yfcc_wiki_1,4way,B6,0.1,0.2,692258,80529,108108.78363928598,1.3424826291061105,385,385,14.988778159022331,382.93109130859375,3.59883189201355,
partsupp_yfcc_wiki_1,4way,B6,0.1,0.2,344709,80373,94839.93573550881,1.1799974585434017,385,385,14.973700977861881,393.9825134277344,2.836334466934204,
partsupp_yfcc_wiki_1,4way,B6,0.1,0.2,414737,80064,91789.61710349796,1.1464530513526425,385,385,14.91191890090704,391.3221130371094,3.186657428741455,
partsupp_yfcc_wiki_1,4way,B6,0.1,0.2,362610,80849,87582.63480066114,1.0832865564281702,385,385,14.829326421022415,437.93621826171875,3.099379777908325,
partsupp_yfcc_wiki_1,4way,B6,0.1,0.2,129857,80232,80884.45004721041,1.0081320426663976,385,385,14.812917448580265,409.33135986328125,2.9371519088745117,
partsupp_yfcc_wiki_1,4way,B6,0.1,0.2,210898,79641,78881.9443721122,1.0096226789784375,385,385,14.904836192727089,399.1053466796875,2.6989400386810303,
partsupp_yfcc_wiki_1,4way,B6,0.1,0.2,793779,79050,95548.65931644378,1.208711692807638,385,385,14.854256995022297,376.6127014160156,2.8342809677124023,
partsupp_yfcc_wiki_1,4way,B6,0.1,0.2,634727,79920,85259.61519393997,1.0668120019261758,385,385,15.126774087548256,398.7883605957031,2.6199212074279785,
partsupp_yfcc_wiki_1,4way,B6,0.1,0.2,351141,79827,78072.16601491102,1.0224770756937092,385,385,14.946743845939636,381.5683898925781,2.959737777709961,
partsupp_yfcc_wiki_1,4way,B6,0.1,0.2,611020,80403,80442.26503418185,1.0004883528497923,385,385,15.084296464920044,416.7373352050781,2.7526907920837402,
partsupp_yfcc_wiki_1,4way,B6,0.1,0.3,145860,79388,76164.64263397001,1.042320914988346,385,385,15.284315682947636,402.2340393066406,2.9678664207458496,
partsupp_yfcc_wiki_1,4way,B6,0.1,0.3,359095,80675,88642.03303351476,1.0987546703875397,385,385,15.273312106728554,433.9372253417969,2.6484692096710205,
partsupp_yfcc_wiki_1,4way,B6,0.1,0.3,286093,81202,66481.42379043896,1.2214239011481292,385,385,15.007696114480495,408.4643859863281,2.591614246368408,
partsupp_yfcc_wiki_1,4way,B6,0.1,0.3,781121,80064,78232.05716714902,1.0234167795043008,385,385,15.238286927342415,430.0372009277344,2.7154462337493896,
partsupp_yfcc_wiki_1,4way,B6,0.1,0.3,142780,79869,72931.01186799695,1.0951308360366727,385,385,15.338307246565819,391.00274658203125,2.9726316928863525,
partsupp_yfcc_wiki_1,4way,B6,0.1,0.3,428790,80552,80514.35377653674,1.0004675715782028,385,385,15.474309213459492,409.8734130859375,2.586446523666382,
partsupp_yfcc_wiki_1,4way,B6,0.1,0.3,322723,80552,75710.26515645173,1.0639508372285191,385,385,15.3009332716465,409.2359619140625,3.0675809383392334,
partsupp_yfcc_wiki_1,4way,B6,0.1,0.3,588557,80712,75622.12136078908,1.0673067423608416,385,385,15.303319320082664,392.5137023925781,3.088820695877075,
partsupp_yfcc_wiki_1,4way,B6,0.1,0.3,263638,80138,78053.69472718563,1.0267034799582448,385,385,15.537635423243046,400.8641662597656,3.3490371704101562,
partsupp_yfcc_wiki_1,4way,B6,0.1,0.3,693614,80733,92884.76826607726,1.1505179823130227,385,385,16.112339682877064,426.4012145996094,2.6586174964904785,
partsupp_yfcc_wiki_1,4way,B6,0.1,0.3,546912,79173,91015.74849164483,1.149580646074354,385,385,15.249796211719513,389.6872253417969,3.273282766342163,
partsupp_yfcc_wiki_1,4way,B6,0.1,0.3,444449,80237,81894.07268867356,1.0206522263877458,385,385,15.078392811119556,426.49853515625,2.858152389526367,
partsupp_yfcc_wiki_1,4way,B6,0.1,0.3,663176,80531,69698.38179765415,1.1554213731072656,385,385,14.843828976154327,377.50628662109375,2.5874252319335938,
partsupp_yfcc_wiki_1,4way,B6,0.1,0.3,763999,80987,85856.03536027134,1.060121196738629,385,385,14.965061098337173,412.6561279296875,2.991096258163452,
partsupp_yfcc_wiki_1,4way,B6,0.1,0.3,782168,79448,75390.73740053466,1.0538164599440112,385,385,14.67426773160696,387.3293151855469,2.6463067531585693,
partsupp_yfcc_wiki_1,4way,B6,0.1,0.3,673362,80053,80690.13924307343,1.0079589677223018,385,385,15.052268281579018,399.927490234375,2.910238742828369,
partsupp_yfcc_wiki_1,4way,B6,0.1,0.3,83904,79104,97235.59540667314,1.229212118308469,385,385,15.300480648875237,361.90478515625,3.108832836151123,
partsupp_yfcc_wiki_1,4way,B6,0.1,0.3,695261,79625,104604.28220774839,1.3137115504897756,385,385,14.953703619539738,355.1128845214844,2.7686617374420166,
partsupp_yfcc_wiki_1,4way,B6,0.1,0.3,386245,80906,77927.76335623441,1.0382179150985131,385,385,15.05280937999487,405.989013671875,3.005084276199341,
partsupp_yfcc_wiki_1,4way,B6,0.1,0.3,69504,81679,80271.07732762927,1.017539601052372,385,385,15.19651897251606,394.9341735839844,3.3213181495666504,
partsupp_yfcc_wiki_1,4way,B6,0.1,0.3,681535,80343,68942.28276076262,1.1653661118068737,385,385,15.318423509597778,394.721435546875,3.38594388961792,
partsupp_yfcc_wiki_1,4way,B6,0.1,0.3,696279,79662,85107.28766497521,1.0683548952445987,385,385,15.158653259277344,403.06585693359375,2.9636666774749756,
partsupp_yfcc_wiki_1,4way,B6,0.1,0.3,340223,79614,73503.85174809309,1.083126912489527,385,385,15.155947767198086,417.17041015625,3.0076568126678467,
partsupp_yfcc_wiki_1,4way,B6,0.1,0.3,690943,80850,95938.24095543106,1.1866201726089185,385,385,15.530740842223167,422.7907409667969,3.272429943084717,
partsupp_yfcc_wiki_1,4way,B6,0.1,0.3,636616,80757,74479.64474085384,1.0842828303087069,385,385,15.603525564074516,408.0700378417969,2.9986581802368164,
partsupp_yfcc_wiki_1,4way,B6,0.1,0.3,48106,80092,78496.84021258556,1.020321324821412,385,385,15.596860088407993,424.15234375,3.1095659732818604,
partsupp_yfcc_wiki_1,4way,B6,0.1,0.3,352770,80393,71555.47656345624,1.1235058986534252,385,385,15.444774180650711,395.7828674316406,3.1966798305511475,
partsupp_yfcc_wiki_1,4way,B6,0.1,0.3,536954,79927,68736.93744004474,1.1627954776093379,385,385,16.074948012828827,432.210693359375,3.1714894771575928,
partsupp_yfcc_wiki_1,4way,B6,0.1,0.3,752067,79742,91688.59732329551,1.149815621921892,385,385,16.41345489770174,394.6697692871094,2.8197593688964844,
partsupp_yfcc_wiki_1,4way,B6,0.1,0.3,602570,79709,82320.1551292702,1.0327585985179868,385,385,15.747269615530968,408.853271484375,2.864469289779663,
partsupp_yfcc_wiki_1,4way,B6,0.1,0.3,345404,80320,74986.95070369153,1.0711196981109665,385,385,15.454008243978024,401.0014343261719,2.9514834880828857,
partsupp_yfcc_wiki_1,4way,B6,0.1,0.3,628777,80363,92486.53877290347,1.1508597087329178,385,385,15.492505393922329,409.9804992675781,2.9850518703460693,
partsupp_yfcc_wiki_1,4way,B6,0.1,0.3,137071,79890,84676.44505244195,1.0599129434527719,385,385,15.275917947292328,415.9568176269531,2.7972004413604736,
partsupp_yfcc_wiki_1,4way,B6,0.1,0.3,296404,79140,89904.06638583033,1.1360129692422332,385,385,15.339492820203304,398.64654541015625,3.3583366870880127,
partsupp_yfcc_wiki_1,4way,B6,0.1,0.3,703153,79988,77103.74473216824,1.0374074602712315,385,385,15.229186043143272,409.31414794921875,3.377227544784546,
partsupp_yfcc_wiki_1,4way,B6,0.1,0.3,438962,80044,90951.42111666668,1.1362678166591709,385,385,15.616794116795063,394.1766357421875,2.7042746543884277,
partsupp_yfcc_wiki_1,4way,B6,0.1,0.3,33248,79381,100550.84028421705,1.2666864902711863,385,385,15.390877611935139,382.3808898925781,2.451692581176758,
partsupp_yfcc_wiki_1,4way,B6,0.1,0.3,779894,80335,78893.72887010819,1.0182685132333489,385,385,15.352333895862103,383.4449157714844,2.650587320327759,
partsupp_yfcc_wiki_1,4way,B6,0.1,0.3,304120,80150,75303.65587833105,1.0643573550997212,385,385,15.22089447826147,384.2877502441406,2.839334011077881,
partsupp_yfcc_wiki_1,4way,B6,0.1,0.3,73745,79509,98541.03747883643,1.2393695994017837,385,385,15.409589745104313,415.6717529296875,2.7303755283355713,
partsupp_yfcc_wiki_1,4way,B6,0.1,0.3,516733,79365,70217.41410149267,1.1302751748346265,385,385,15.454639680683613,360.6786193847656,3.0889196395874023,
partsupp_yfcc_wiki_1,4way,B6,0.1,0.3,181346,80862,65286.59541569541,1.238569716878821,385,385,15.512228943407536,460.47613525390625,3.357656955718994,
partsupp_yfcc_wiki_1,4way,B6,0.1,0.3,620747,80204,64297.71142892195,1.2473849880125467,385,385,15.448153018951416,377.78564453125,3.118633985519409,
partsupp_yfcc_wiki_1,4way,B6,0.1,0.3,738510,80641,78342.1275344256,1.0293440137244705,385,385,15.465879812836647,406.49371337890625,2.7311203479766846,
partsupp_yfcc_wiki_1,4way,B6,0.1,0.3,111011,80060,74234.52493973204,1.0784739319743397,385,385,15.427231788635254,403.2555847167969,2.941718101501465,
partsupp_yfcc_wiki_1,4way,B6,0.1,0.3,426052,81092,67048.81246305622,1.2094472224199577,385,385,15.720073133707047,392.1812744140625,2.933866500854492,
partsupp_yfcc_wiki_1,4way,B6,0.1,0.3,724169,80396,64039.41505739112,1.255414340183313,385,385,15.764760784804821,414.1463928222656,2.892995834350586,
partsupp_yfcc_wiki_1,4way,B6,0.1,0.3,588630,81868,85325.4546193942,1.0422320640469316,385,385,15.577667392790318,415.3184814453125,3.023313045501709,
partsupp_yfcc_wiki_1,4way,B6,0.1,0.3,790256,80341,78446.17544023965,1.0241544543010108,385,385,15.706068836152554,441.68890380859375,2.7825469970703125,
partsupp_yfcc_wiki_1,4way,B6,0.1,0.3,201003,81171,73465.82025889172,1.1048811503629228,385,385,14.930857345461845,423.641357421875,2.9440114498138428,
partsupp_yfcc_wiki_1,4way,B6,0.1,0.3,6443,79795,79331.78561951435,1.0058389506408854,385,385,15.57280495762825,411.00616455078125,2.884660482406616,
partsupp_yfcc_wiki_1,4way,B6,0.1,0.3,642763,79779,75628.84141919753,1.054875342566718,385,385,14.751327224075794,397.9861755371094,2.840625047683716,
partsupp_yfcc_wiki_1,4way,B6,0.1,0.3,193392,79245,84096.04025754947,1.0612157266395288,385,385,15.24472888559103,365.0972595214844,3.056194543838501,
partsupp_yfcc_wiki_1,4way,B6,0.1,0.3,203755,80446,71389.0530229627,1.1268674480683205,385,385,16.139802522957325,388.9460144042969,3.056774854660034,
partsupp_yfcc_wiki_1,4way,B6,0.1,0.3,94462,79891,77569.29597044416,1.0299307090583942,385,385,15.572582371532917,410.7262878417969,3.031524658203125,
partsupp_yfcc_wiki_1,4way,B6,0.1,0.3,590890,80433,74896.95240894095,1.0739155254386314,385,385,15.29736164957285,394.77734375,3.05781626701355,
partsupp_yfcc_wiki_1,4way,B6,0.1,0.3,783383,79896,78909.62275994082,1.0125000881459025,385,385,21.44471462816,402.0063171386719,3.0183515548706055,
partsupp_yfcc_wiki_1,4way,B6,0.1,0.3,737605,80401,79480.08647847948,1.0115867201751205,385,385,29.921740293502808,374.6307678222656,3.0597891807556152,
partsupp_yfcc_wiki_1,4way,B6,0.1,0.3,516560,79823,75543.21201668355,1.0566535082248192,385,385,27.902412228286266,391.37896728515625,3.2459254264831543,
partsupp_yfcc_wiki_1,4way,B6,0.1,0.3,137642,79286,69663.18269714003,1.1381334720909189,385,385,29.521431773900986,375.74859619140625,2.9834916591644287,
partsupp_yfcc_wiki_1,4way,B6,0.1,0.3,37803,80809,82690.04085529585,1.0232776158014065,385,385,21.22120000422001,391.6224365234375,3.024467945098877,
partsupp_yfcc_wiki_1,4way,B6,0.1,0.3,254800,80981,96810.30164667315,1.1954693279494344,385,385,14.952041208744049,376.4917907714844,2.9951040744781494,
partsupp_yfcc_wiki_1,4way,B6,0.1,0.3,605930,80645,81642.6627647328,1.0123710430247728,385,385,14.767050743103027,388.9281921386719,2.853085517883301,
partsupp_yfcc_wiki_1,4way,B6,0.1,0.3,209329,80000,81723.80585554441,1.0215475731943051,385,385,14.742253348231316,404.4440612792969,2.887873649597168,
partsupp_yfcc_wiki_1,4way,B6,0.1,0.3,766585,79960,85175.51018495394,1.0652264905572029,385,385,18.32865457981825,387.6983337402344,3.1483452320098877,
partsupp_yfcc_wiki_1,4way,B6,0.1,0.3,488782,80468,81066.31519457244,1.0074354425929866,385,385,15.09031467139721,462.8974914550781,3.20609712600708,
partsupp_yfcc_wiki_1,4way,B6,0.1,0.3,374559,79389,73864.32593470596,1.0747948890805243,385,385,15.172836370766163,383.64080810546875,3.171335220336914,
partsupp_yfcc_wiki_1,4way,B6,0.1,0.3,111780,79611,88361.68713832129,1.1099180658240857,385,385,14.887467958033085,394.7646789550781,3.261101484298706,
partsupp_yfcc_wiki_1,4way,B6,0.1,0.3,178188,80270,82793.11336817722,1.0314328312965892,385,385,15.577539801597595,397.3576965332031,3.1019976139068604,
partsupp_yfcc_wiki_1,4way,B6,0.1,0.3,539857,81519,72260.34563912851,1.1281291181073176,385,385,15.149441547691822,393.9913024902344,2.945296287536621,
partsupp_yfcc_wiki_1,4way,B6,0.1,0.3,781264,79003,78995.92066879629,1.000089616414921,385,385,14.994243159890175,392.1608581542969,2.770949125289917,
partsupp_yfcc_wiki_1,4way,B6,0.1,0.3,771184,80191,84982.5397931698,1.059751590492322,385,385,14.909186400473118,394.2817077636719,2.9144299030303955,
partsupp_yfcc_wiki_1,4way,B6,0.1,0.3,140785,79170,68948.00498843016,1.148256574113858,385,385,15.161131508648396,389.1658630371094,2.912421226501465,
partsupp_yfcc_wiki_1,4way,B6,0.1,0.3,2505,80199,84495.27711465325,1.0535702080406644,385,385,15.195456333458424,392.6145935058594,2.8755288124084473,
partsupp_yfcc_wiki_1,4way,B6,0.1,0.3,526089,80044,72678.82666359136,1.1013386384249133,385,385,19.213203340768814,409.1528625488281,2.8621973991394043,
partsupp_yfcc_wiki_1,4way,B6,0.1,0.3,608072,80577,80299.92506900078,1.0034505004925116,385,385,15.196857042610645,379.7530517578125,3.1877126693725586,
partsupp_yfcc_wiki_1,4way,B6,0.1,0.3,224837,80462,85737.53289527741,1.0655655203111707,385,385,15.412569977343082,416.9052734375,3.304277181625366,
partsupp_yfcc_wiki_1,4way,B6,0.1,0.3,386133,80821,58943.19008082153,1.3711677275895677,385,385,21.74731995910406,379.9435119628906,3.026334762573242,
partsupp_yfcc_wiki_1,4way,B6,0.1,0.3,487850,79711,82516.27422106852,1.0351930627023689,385,385,27.784788981080055,422.08538818359375,2.6472816467285156,
partsupp_yfcc_wiki_1,4way,B6,0.1,0.3,340195,79958,76654.85444678579,1.04309114637361,385,385,21.962842904031277,402.8139343261719,3.089376926422119,
partsupp_yfcc_wiki_1,4way,B6,0.1,0.3,122774,78762,80947.7468056217,1.027751286224597,385,385,27.678160928189754,361.5801696777344,2.6376986503601074,
partsupp_yfcc_wiki_1,4way,B6,0.1,0.3,690833,79905,66150.1703013155,1.2079333981459297,385,385,21.601663902401924,392.712646484375,3.261147975921631,
partsupp_yfcc_wiki_1,4way,B6,0.1,0.3,686759,79917,69416.622100579,1.1512660452449963,385,385,40.20988568663597,371.432373046875,3.326615810394287,
partsupp_yfcc_wiki_1,4way,B6,0.1,0.3,154430,79720,83356.78601292,1.0456194933883591,385,385,31.251875683665276,394.34014892578125,2.7680890560150146,
partsupp_yfcc_wiki_1,4way,B6,0.1,0.3,630926,78421,76384.5855865121,1.0266600178275693,385,385,37.292132154107094,393.74267578125,3.259998083114624,
partsupp_yfcc_wiki_1,4way,B6,0.1,0.3,255248,79039,88323.61604597293,1.117468794468211,385,385,25.119169615209103,398.664306640625,2.897630214691162,
partsupp_yfcc_wiki_1,4way,B6,0.1,0.3,48107,80335,96519.9553002195,1.2014682927767413,385,385,43.197653256356716,439.12420654296875,3.1095659732818604,
partsupp_yfcc_wiki_1,4way,B6,0.1,0.3,717611,79194,73960.69806509282,1.070757876437312,385,385,31.480537727475166,385.1277160644531,2.5639750957489014,
partsupp_yfcc_wiki_1,4way,B6,0.1,0.3,559097,80226,68310.10226832371,1.1744382944248914,385,385,19.232402555644512,412.5897216796875,3.201744794845581,
partsupp_yfcc_wiki_1,4way,B6,0.1,0.3,527854,80206,85733.97237153481,1.0689221800306064,385,385,43.91427990049124,402.7357482910156,2.9701809883117676,
partsupp_yfcc_wiki_1,4way,B6,0.1,0.3,692258,80529,89990.9413018877,1.1174973152763314,385,385,20.95575165003538,382.93109130859375,3.59883189201355,
partsupp_yfcc_wiki_1,4way,B6,0.1,0.3,344709,80373,82017.02806622596,1.0204549794859712,385,385,15.196575783193111,393.9825134277344,2.836334466934204,
partsupp_yfcc_wiki_1,4way,B6,0.1,0.3,414737,80064,73221.05383470829,1.0934559912336035,385,385,15.117410570383072,391.3221130371094,3.186657428741455,
partsupp_yfcc_wiki_1,4way,B6,0.1,0.3,362610,80849,85595.62465507715,1.0587097509564392,385,385,15.224581584334373,437.93621826171875,3.099379777908325,
partsupp_yfcc_wiki_1,4way,B6,0.1,0.3,129857,80232,83525.32187263636,1.041047485699426,385,385,16.020686365664005,409.33135986328125,2.9371519088745117,
partsupp_yfcc_wiki_1,4way,B6,0.1,0.3,210898,79641,72748.31850363498,1.0947469527563118,385,385,15.73349442332983,399.1053466796875,2.6989400386810303,
partsupp_yfcc_wiki_1,4way,B6,0.1,0.3,793779,79050,78374.29035429483,1.0086215727459935,385,385,15.139731578528881,376.6127014160156,2.8342809677124023,
partsupp_yfcc_wiki_1,4way,B6,0.1,0.3,634727,79920,65780.20853240904,1.2149551025005412,385,385,15.207061544060707,398.7883605957031,2.6199212074279785,
partsupp_yfcc_wiki_1,4way,B6,0.1,0.3,351141,79827,70852.85026948685,1.1266589797923474,385,385,15.320274978876114,381.5683898925781,2.959737777709961,
partsupp_yfcc_wiki_1,4way,B6,0.1,0.3,611020,80403,62255.718842256145,1.291495809464919,385,385,14.834826812148094,416.7373352050781,2.7526907920837402,
partsupp_yfcc_wiki_1,4way,B6,0.1,0.4,145860,79388,69543.95365331875,1.141551433727143,385,385,14.913071878254414,402.2340393066406,2.9678664207458496,
partsupp_yfcc_wiki_1,4way,B6,0.1,0.4,359095,80675,78985.45394716035,1.0213905974886202,385,385,14.865079894661903,433.9372253417969,2.6484692096710205,
partsupp_yfcc_wiki_1,4way,B6,0.1,0.4,286093,81202,89702.3182230993,1.1046811436060602,385,385,20.688439719378948,408.4643859863281,2.591614246368408,
partsupp_yfcc_wiki_1,4way,B6,0.1,0.4,781121,80064,78961.41071646707,1.0139636472237317,385,385,19.080218859016895,430.0372009277344,2.7154462337493896,
partsupp_yfcc_wiki_1,4way,B6,0.1,0.4,142780,79869,75878.87970932528,1.0525853874748805,385,385,14.899857342243195,391.00274658203125,2.9726316928863525,
partsupp_yfcc_wiki_1,4way,B6,0.1,0.4,428790,80552,72755.68779400301,1.1071574256581986,385,385,14.43573459982872,409.8734130859375,2.586446523666382,
partsupp_yfcc_wiki_1,4way,B6,0.1,0.4,322723,80552,73918.97909071665,1.0897336650326706,385,385,14.973701909184456,409.2359619140625,3.0675809383392334,
partsupp_yfcc_wiki_1,4way,B6,0.1,0.4,588557,80712,85788.48605380188,1.0628962986148514,385,385,14.945006929337978,392.5137023925781,3.088820695877075,
partsupp_yfcc_wiki_1,4way,B6,0.1,0.4,263638,80138,83413.4558996914,1.0408726933501136,385,385,14.86415509134531,400.8641662597656,3.3490371704101562,
partsupp_yfcc_wiki_1,4way,B6,0.1,0.4,693614,80733,70997.13924612568,1.1371303246476316,385,385,15.013865195214748,426.4012145996094,2.6586174964904785,
partsupp_yfcc_wiki_1,4way,B6,0.1,0.4,546912,79173,75077.26675916967,1.0545535741727052,385,385,15.099456533789635,389.6872253417969,3.273282766342163,
partsupp_yfcc_wiki_1,4way,B6,0.1,0.4,444449,80237,60870.46363421924,1.3181598300640112,385,385,14.797711744904518,426.49853515625,2.858152389526367,
partsupp_yfcc_wiki_1,4way,B6,0.1,0.4,663176,80531,81110.54747527657,1.007196576166651,385,385,14.086408540606499,377.50628662109375,2.5874252319335938,
partsupp_yfcc_wiki_1,4way,B6,0.1,0.4,763999,80987,81303.23107604943,1.0039047140411355,385,385,14.86838236451149,412.6561279296875,2.991096258163452,
partsupp_yfcc_wiki_1,4way,B6,0.1,0.4,782168,79448,86601.91063329959,1.0900451947600895,385,385,18.298253417015076,387.3293151855469,2.6463067531585693,
partsupp_yfcc_wiki_1,4way,B6,0.1,0.4,673362,80053,77121.563004348,1.038010601464168,385,385,15.645690262317657,399.927490234375,2.910238742828369,
partsupp_yfcc_wiki_1,4way,B6,0.1,0.4,83904,79104,87824.50304881873,1.1102409871664989,385,385,14.975409023463726,361.90478515625,3.108832836151123,
partsupp_yfcc_wiki_1,4way,B6,0.1,0.4,695261,79625,75766.65902795538,1.0509239950862954,385,385,15.454611741006374,355.1128845214844,2.7686617374420166,
partsupp_yfcc_wiki_1,4way,B6,0.1,0.4,386245,80906,84749.77279495359,1.0475091191624057,385,385,15.367989428341389,405.989013671875,3.005084276199341,
partsupp_yfcc_wiki_1,4way,B6,0.1,0.4,69504,81679,81521.60396701,1.0019307278724998,385,385,15.059362165629864,394.9341735839844,3.3213181495666504,
partsupp_yfcc_wiki_1,4way,B6,0.1,0.4,681535,80343,105790.22799250456,1.3167323599131793,385,385,15.292449854314327,394.721435546875,3.38594388961792,
partsupp_yfcc_wiki_1,4way,B6,0.1,0.4,696279,79662,93517.60835566973,1.1739299585206213,385,385,15.286874026060104,403.06585693359375,2.9636666774749756,
partsupp_yfcc_wiki_1,4way,B6,0.1,0.4,340223,79614,92445.40204921443,1.161170171693602,385,385,15.24397823959589,417.17041015625,3.0076568126678467,
partsupp_yfcc_wiki_1,4way,B6,0.1,0.4,690943,80850,98760.03559161977,1.2215217760249817,385,385,15.378979034721851,422.7907409667969,3.272429943084717,
partsupp_yfcc_wiki_1,4way,B6,0.1,0.4,636616,80757,84643.0329229109,1.0481200753236364,385,385,15.175850130617619,408.0700378417969,2.9986581802368164,
partsupp_yfcc_wiki_1,4way,B6,0.1,0.4,48106,80092,87223.79762022248,1.0890450684240933,385,385,15.277056023478508,424.15234375,3.1095659732818604,
partsupp_yfcc_wiki_1,4way,B6,0.1,0.4,352770,80393,76129.01660068483,1.0560099629511936,385,385,15.284497290849686,395.7828674316406,3.1966798305511475,
partsupp_yfcc_wiki_1,4way,B6,0.1,0.4,536954,79927,70495.423489114,1.1337899120833346,385,385,15.346979722380638,432.210693359375,3.1714894771575928,
partsupp_yfcc_wiki_1,4way,B6,0.1,0.4,752067,79742,85974.52945249519,1.0781586798988636,385,385,15.313390642404556,394.6697692871094,2.8197593688964844,
partsupp_yfcc_wiki_1,4way,B6,0.1,0.4,602570,79709,100528.40637800946,1.2611926680551688,385,385,15.461998991668224,408.853271484375,2.864469289779663,
partsupp_yfcc_wiki_1,4way,B6,0.1,0.4,345404,80320,76547.9424987123,1.0492770592932807,385,385,15.39999432861805,401.0014343261719,2.9514834880828857,
partsupp_yfcc_wiki_1,4way,B6,0.1,0.4,628777,80363,86375.04112670908,1.0748110589040862,385,385,14.966964721679688,409.9804992675781,2.9850518703460693,
partsupp_yfcc_wiki_1,4way,B6,0.1,0.4,137071,79890,75540.17135271171,1.057582986236265,385,385,15.565294772386551,415.9568176269531,2.7972004413604736,
partsupp_yfcc_wiki_1,4way,B6,0.1,0.4,296404,79140,62262.54875448625,1.2710690709444763,385,385,15.693841502070427,398.64654541015625,3.3583366870880127,
partsupp_yfcc_wiki_1,4way,B6,0.1,0.4,703153,79988,90806.28383423199,1.1352488352531878,385,385,15.649470500648022,409.31414794921875,3.377227544784546,
partsupp_yfcc_wiki_1,4way,B6,0.1,0.4,438962,80044,72523.8966253335,1.1036913862132394,385,385,15.36762434989214,394.1766357421875,2.7042746543884277,
partsupp_yfcc_wiki_1,4way,B6,0.1,0.4,33248,79381,67750.2500790691,1.1716709518762962,385,385,15.34270215779543,382.3808898925781,2.451692581176758,
partsupp_yfcc_wiki_1,4way,B6,0.1,0.4,779894,80335,83567.62489968525,1.0402393091390458,385,385,20.390693098306656,383.4449157714844,2.650587320327759,
partsupp_yfcc_wiki_1,4way,B6,0.1,0.4,304120,80150,90593.2753207332,1.1302966353179438,385,385,18.77565309405327,384.2877502441406,2.839334011077881,
partsupp_yfcc_wiki_1,4way,B6,0.1,0.4,73745,79509,88602.44674812641,1.1143700304132413,385,385,15.648676082491875,415.6717529296875,2.7303755283355713,
partsupp_yfcc_wiki_1,4way,B6,0.1,0.4,516733,79365,65170.787952708095,1.2178002214365138,385,385,15.585441142320633,360.6786193847656,3.0889196395874023,
partsupp_yfcc_wiki_1,4way,B6,0.1,0.4,181346,80862,86815.65273892773,1.07362732481175,385,385,15.744009055197239,460.47613525390625,3.357656955718994,
partsupp_yfcc_wiki_1,4way,B6,0.1,0.4,620747,80204,94571.16865627017,1.1791328195136173,385,385,15.572916716337204,377.78564453125,3.118633985519409,
partsupp_yfcc_wiki_1,4way,B6,0.1,0.4,738510,80641,78270.8400828562,1.0302815188215022,385,385,15.278449282050133,406.49371337890625,2.7311203479766846,
partsupp_yfcc_wiki_1,4way,B6,0.1,0.4,111011,80060,68129.61322086268,1.1751130854135539,385,385,15.40613453835249,403.2555847167969,2.941718101501465,
partsupp_yfcc_wiki_1,4way,B6,0.1,0.4,426052,81092,78371.9569391539,1.0347068411594964,385,385,15.333457849919796,392.1812744140625,2.933866500854492,
partsupp_yfcc_wiki_1,4way,B6,0.1,0.4,724169,80396,78750.69811320443,1.0208925371611366,385,385,15.418372116982937,414.1463928222656,2.892995834350586,
partsupp_yfcc_wiki_1,4way,B6,0.1,0.4,588630,81868,80156.94598748123,1.0213462974598109,385,385,15.512718819081783,415.3184814453125,3.023313045501709,
partsupp_yfcc_wiki_1,4way,B6,0.1,0.4,790256,80341,71302.20057154052,1.1267674679884594,385,385,15.422822907567024,441.68890380859375,2.7825469970703125,
partsupp_yfcc_wiki_1,4way,B6,0.1,0.4,201003,81171,73751.53942573178,1.100600755347482,385,385,14.976320788264275,423.641357421875,2.9440114498138428,
partsupp_yfcc_wiki_1,4way,B6,0.1,0.4,6443,79795,99824.58941090523,1.2510130886760478,385,385,15.054804272949696,411.00616455078125,2.884660482406616,
partsupp_yfcc_wiki_1,4way,B6,0.1,0.4,642763,79779,72656.71591937874,1.0980265071232271,385,385,15.475274994969368,397.9861755371094,2.840625047683716,
partsupp_yfcc_wiki_1,4way,B6,0.1,0.4,193392,79245,103028.69788038051,1.300128687997735,385,385,15.103084966540337,365.0972595214844,3.056194543838501,
partsupp_yfcc_wiki_1,4way,B6,0.1,0.4,203755,80446,92170.78932269764,1.1457473251957542,385,385,14.284833334386349,388.9460144042969,3.056774854660034,
partsupp_yfcc_wiki_1,4way,B6,0.1,0.4,94462,79891,88286.68625428734,1.1050892622984734,385,385,14.43578116595745,410.7262878417969,3.031524658203125,
partsupp_yfcc_wiki_1,4way,B6,0.1,0.4,590890,80433,96696.84875336636,1.2022036819883177,385,385,14.754142612218857,394.77734375,3.05781626701355,
partsupp_yfcc_wiki_1,4way,B6,0.1,0.4,783383,79896,83782.12065226783,1.0486397398151075,385,385,14.664300717413425,402.0063171386719,3.0183515548706055,
partsupp_yfcc_wiki_1,4way,B6,0.1,0.4,737605,80401,78393.102103559,1.0256131960920303,385,385,14.68920148909092,374.6307678222656,3.0597891807556152,
partsupp_yfcc_wiki_1,4way,B6,0.1,0.4,516560,79823,89208.04773812936,1.1175732274924441,385,385,14.688918367028236,391.37896728515625,3.2459254264831543,
partsupp_yfcc_wiki_1,4way,B6,0.1,0.4,137642,79286,89706.2993349084,1.131426725208844,385,385,14.847517013549805,375.74859619140625,2.9834916591644287,
partsupp_yfcc_wiki_1,4way,B6,0.1,0.4,37803,80809,70094.07611062237,1.1528648993456645,385,385,14.856549911201,391.6224365234375,3.024467945098877,
partsupp_yfcc_wiki_1,4way,B6,0.1,0.4,254800,80981,72329.02889030974,1.119619622196385,385,385,14.827266335487366,376.4917907714844,2.9951040744781494,
partsupp_yfcc_wiki_1,4way,B6,0.1,0.4,605930,80645,75015.17708980062,1.075049118439858,385,385,15.198039822280407,388.9281921386719,2.853085517883301,
partsupp_yfcc_wiki_1,4way,B6,0.1,0.4,209329,80000,85954.38635139502,1.0744298293924377,385,385,14.668782241642475,404.4440612792969,2.887873649597168,
partsupp_yfcc_wiki_1,4way,B6,0.1,0.4,766585,79960,94916.31866101491,1.1870475070161945,385,385,20.950804464519024,387.6983337402344,3.1483452320098877,
partsupp_yfcc_wiki_1,4way,B6,0.1,0.4,488782,80468,93316.94043778801,1.1596776412709153,385,385,33.35249796509743,462.8974914550781,3.20609712600708,
partsupp_yfcc_wiki_1,4way,B6,0.1,0.4,374559,79389,90857.21282055757,1.1444559425179506,385,385,23.118377663195133,383.64080810546875,3.171335220336914,
partsupp_yfcc_wiki_1,4way,B6,0.1,0.4,111780,79611,79376.57022704234,1.0029533875334637,385,385,27.46007777750492,394.7646789550781,3.261101484298706,
partsupp_yfcc_wiki_1,4way,B6,0.1,0.4,178188,80270,89271.76086563585,1.1121435264187847,385,385,23.015429265797138,397.3576965332031,3.1019976139068604,
partsupp_yfcc_wiki_1,4way,B6,0.1,0.4,539857,81519,62326.28186620664,1.3079394046799326,385,385,21.250233985483646,393.9913024902344,2.945296287536621,
partsupp_yfcc_wiki_1,4way,B6,0.1,0.4,781264,79003,97670.51743267053,1.2362887160319296,385,385,27.133556082844734,392.1608581542969,2.770949125289917,
partsupp_yfcc_wiki_1,4way,B6,0.1,0.4,771184,80191,71996.62663891664,1.113816073663846,385,385,33.25909096747637,394.2817077636719,2.9144299030303955,
partsupp_yfcc_wiki_1,4way,B6,0.1,0.4,140785,79170,77268.5390630329,1.0246084753254614,385,385,21.298198960721493,389.1658630371094,2.912421226501465,
partsupp_yfcc_wiki_1,4way,B6,0.1,0.4,2505,80199,109465.88737684331,1.3649283329822481,385,385,27.215254493057728,392.6145935058594,2.8755288124084473,
partsupp_yfcc_wiki_1,4way,B6,0.1,0.4,526089,80044,93144.05861985884,1.1636607193525916,385,385,27.24156342446804,409.1528625488281,2.8621973991394043,
partsupp_yfcc_wiki_1,4way,B6,0.1,0.4,608072,80577,78028.26660750374,1.0326642318650605,385,385,27.066826820373535,379.7530517578125,3.1877126693725586,
partsupp_yfcc_wiki_1,4way,B6,0.1,0.4,224837,80462,70930.47499019853,1.1343784178960958,385,385,15.034519135951996,416.9052734375,3.304277181625366,
partsupp_yfcc_wiki_1,4way,B6,0.1,0.4,386133,80821,87582.17510013779,1.0836561673344525,385,385,14.860023744404316,379.9435119628906,3.026334762573242,
partsupp_yfcc_wiki_1,4way,B6,0.1,0.4,487850,79711,90673.77283767643,1.1375314929893794,385,385,14.782297424972057,422.08538818359375,2.6472816467285156,
partsupp_yfcc_wiki_1,4way,B6,0.1,0.4,340195,79958,79448.63888672832,1.0064111999954823,385,385,15.056484378874302,402.8139343261719,3.089376926422119,
partsupp_yfcc_wiki_1,4way,B6,0.1,0.4,122774,78762,90571.77586181235,1.149942559379045,385,385,15.183590352535248,361.5801696777344,2.6376986503601074,
partsupp_yfcc_wiki_1,4way,B6,0.1,0.4,690833,79905,69755.30679220085,1.1455042444015737,385,385,15.060456469655037,392.712646484375,3.261147975921631,
partsupp_yfcc_wiki_1,4way,B6,0.1,0.4,686759,79917,80107.28771212623,1.0023810667583397,385,385,14.964754693210125,371.432373046875,3.326615810394287,
partsupp_yfcc_wiki_1,4way,B6,0.1,0.4,154430,79720,91703.9230053847,1.1503251756821964,385,385,25.32636560499668,394.34014892578125,2.7680890560150146,
partsupp_yfcc_wiki_1,4way,B6,0.1,0.4,630926,78421,77799.966485421,1.0079824393587031,385,385,22.763803601264954,393.74267578125,3.259998083114624,
partsupp_yfcc_wiki_1,4way,B6,0.1,0.4,255248,79039,68979.11283500062,1.1458396136387377,385,385,45.34170776605606,398.664306640625,2.897630214691162,
partsupp_yfcc_wiki_1,4way,B6,0.1,0.4,48107,80335,92840.17099512547,1.1556627994663033,385,385,34.173838794231415,439.12420654296875,3.1095659732818604,
partsupp_yfcc_wiki_1,4way,B6,0.1,0.4,717611,79194,82734.80683965157,1.0447105442287494,385,385,15.169302932918072,385.1277160644531,2.5639750957489014,
partsupp_yfcc_wiki_1,4way,B6,0.1,0.4,559097,80226,83337.80669998162,1.0387880076282205,385,385,15.27589000761509,412.5897216796875,3.201744794845581,
partsupp_yfcc_wiki_1,4way,B6,0.1,0.4,527854,80206,63669.63150683644,1.2597214417895286,385,385,15.080275014042854,402.7357482910156,2.9701809883117676,
partsupp_yfcc_wiki_1,4way,B6,0.1,0.4,692258,80529,69375.5137263529,1.1607697828032133,385,385,15.197387896478176,382.93109130859375,3.59883189201355,
partsupp_yfcc_wiki_1,4way,B6,0.1,0.4,344709,80373,69404.48373604633,1.1580375744262903,385,385,15.209991484880447,393.9825134277344,2.836334466934204,
partsupp_yfcc_wiki_1,4way,B6,0.1,0.4,414737,80064,71445.70532965464,1.1206271899840592,385,385,15.6457694247365,391.3221130371094,3.186657428741455,
partsupp_yfcc_wiki_1,4way,B6,0.1,0.4,362610,80849,96129.97022019976,1.1890062984106142,385,385,17.76660792529583,437.93621826171875,3.099379777908325,
partsupp_yfcc_wiki_1,4way,B6,0.1,0.4,129857,80232,84923.25352635476,1.0584711028810794,385,385,15.062947757542133,409.33135986328125,2.9371519088745117,
partsupp_yfcc_wiki_1,4way,B6,0.1,0.4,210898,79641,95258.14849807721,1.1960943295297297,385,385,15.021300874650478,399.1053466796875,2.6989400386810303,
partsupp_yfcc_wiki_1,4way,B6,0.1,0.4,793779,79050,74966.87241459562,1.054465758726376,385,385,14.813132584095001,376.6127014160156,2.8342809677124023,
partsupp_yfcc_wiki_1,4way,B6,0.1,0.4,634727,79920,86377.76279618124,1.0808028377900556,385,385,14.91463277488947,398.7883605957031,2.6199212074279785,
partsupp_yfcc_wiki_1,4way,B6,0.1,0.4,351141,79827,77985.86575529736,1.0236085632552918,385,385,15.030087903141975,381.5683898925781,2.959737777709961,
partsupp_yfcc_wiki_1,4way,B6,0.1,0.4,611020,80403,96105.96948274625,1.1953032782700428,385,385,14.887379482388496,416.7373352050781,2.7526907920837402,
partsupp_yfcc_wiki_1,4way,B6,0.1,0.5,145860,79388,75696.62520509597,1.048765381348276,385,385,17.352360300719738,402.2340393066406,2.9678664207458496,
partsupp_yfcc_wiki_1,4way,B6,0.1,0.5,359095,80675,80760.35694180899,1.0010580346056275,385,385,14.809563755989075,433.9372253417969,2.6484692096710205,
partsupp_yfcc_wiki_1,4way,B6,0.1,0.5,286093,81202,89511.51459479588,1.1023314031033211,385,385,14.597550965845585,408.4643859863281,2.591614246368408,
partsupp_yfcc_wiki_1,4way,B6,0.1,0.5,781121,80064,72152.16623115614,1.1096548334182577,385,385,14.59922268986702,430.0372009277344,2.7154462337493896,
partsupp_yfcc_wiki_1,4way,B6,0.1,0.5,142780,79869,85291.34376842256,1.0678904677462164,385,385,14.453721232712269,391.00274658203125,2.9726316928863525,
partsupp_yfcc_wiki_1,4way,B6,0.1,0.5,428790,80552,86000.54958392972,1.0676401527451798,385,385,14.489998109638691,409.8734130859375,2.586446523666382,
partsupp_yfcc_wiki_1,4way,B6,0.1,0.5,322723,80552,78649.50081840073,1.0241895900393834,385,385,14.675912447273731,409.2359619140625,3.0675809383392334,
partsupp_yfcc_wiki_1,4way,B6,0.1,0.5,588557,80712,80419.89079274944,1.0036323004715755,385,385,14.735170640051365,392.5137023925781,3.088820695877075,
partsupp_yfcc_wiki_1,4way,B6,0.1,0.5,263638,80138,92671.62191265909,1.1564004830749344,385,385,17.12761726230383,400.8641662597656,3.3490371704101562,
partsupp_yfcc_wiki_1,4way,B6,0.1,0.5,693614,80733,73328.43619650994,1.100978067821423,385,385,33.59406907111406,426.4012145996094,2.6586174964904785,
partsupp_yfcc_wiki_1,4way,B6,0.1,0.5,546912,79173,58276.45343330792,1.3585761544429993,385,385,14.735880307853222,389.6872253417969,3.273282766342163,
partsupp_yfcc_wiki_1,4way,B6,0.1,0.5,444449,80237,90877.21229356817,1.1326097971455584,385,385,15.150102786719799,426.49853515625,2.858152389526367,
partsupp_yfcc_wiki_1,4way,B6,0.1,0.5,663176,80531,94028.45466996467,1.1676057005372424,385,385,14.787208288908005,377.50628662109375,2.5874252319335938,
partsupp_yfcc_wiki_1,4way,B6,0.1,0.5,763999,80987,74906.08048970395,1.081180586015736,385,385,14.851916581392288,412.6561279296875,2.991096258163452,
partsupp_yfcc_wiki_1,4way,B6,0.1,0.5,782168,79448,77566.52173990649,1.0242563185494178,385,385,19.405934028327465,387.3293151855469,2.6463067531585693,
partsupp_yfcc_wiki_1,4way,B6,0.1,0.5,673362,80053,68957.65791111134,1.160900796590147,385,385,51.64183210581541,399.927490234375,2.910238742828369,
partsupp_yfcc_wiki_1,4way,B6,0.1,0.5,83904,79104,82519.30418022838,1.0431748606926121,385,385,50.1058092340827,361.90478515625,3.108832836151123,
partsupp_yfcc_wiki_1,4way,B6,0.1,0.5,695261,79625,70966.05675471616,1.1220152794343952,385,385,16.10037125647068,355.1128845214844,2.7686617374420166,
partsupp_yfcc_wiki_1,4way,B6,0.1,0.5,386245,80906,83918.87470238825,1.0372391998416464,385,385,14.69988003373146,405.989013671875,3.005084276199341,
partsupp_yfcc_wiki_1,4way,B6,0.1,0.5,69504,81679,97388.01157233572,1.192326198561879,385,385,15.11417981237173,394.9341735839844,3.3213181495666504,
partsupp_yfcc_wiki_1,4way,B6,0.1,0.5,681535,80343,68841.61929766141,1.1670701651076545,385,385,15.08334744721651,394.721435546875,3.38594388961792,
partsupp_yfcc_wiki_1,4way,B6,0.1,0.5,696279,79662,93947.08148684328,1.179321150446176,385,385,15.217404812574387,403.06585693359375,2.9636666774749756,
partsupp_yfcc_wiki_1,4way,B6,0.1,0.5,340223,79614,67648.36612156488,1.1768798651682546,385,385,15.40854200720787,417.17041015625,3.0076568126678467,
partsupp_yfcc_wiki_1,4way,B6,0.1,0.5,690943,80850,89525.489477826,1.1073035185878295,385,385,15.296953730285168,422.7907409667969,3.272429943084717,
partsupp_yfcc_wiki_1,4way,B6,0.1,0.5,636616,80757,70624.80599975624,1.1434650878938872,385,385,15.339571982622147,408.0700378417969,2.9986581802368164,
partsupp_yfcc_wiki_1,4way,B6,0.1,0.5,48106,80092,88569.10739280915,1.1058421239675518,385,385,15.353865921497345,424.15234375,3.1095659732818604,
partsupp_yfcc_wiki_1,4way,B6,0.1,0.5,352770,80393,82162.16641567241,1.0220064733953504,385,385,21.74645196646452,395.7828674316406,3.1966798305511475,
partsupp_yfcc_wiki_1,4way,B6,0.1,0.5,536954,79927,76457.7780940718,1.0453743489859169,385,385,15.282193198800087,432.210693359375,3.1714894771575928,
partsupp_yfcc_wiki_1,4way,B6,0.1,0.5,752067,79742,93150.24533932874,1.1681453354484306,385,385,41.41259379684925,394.6697692871094,2.8197593688964844,
partsupp_yfcc_wiki_1,4way,B6,0.1,0.5,602570,79709,98765.12622050825,1.2390711992436017,385,385,27.494044974446297,408.853271484375,2.864469289779663,
partsupp_yfcc_wiki_1,4way,B6,0.1,0.5,345404,80320,56191.85677941939,1.4293886090167018,385,385,26.99307631701231,401.0014343261719,2.9514834880828857,
partsupp_yfcc_wiki_1,4way,B6,0.1,0.5,628777,80363,93039.40081439422,1.1577392682502423,385,385,27.032924816012383,409.9804992675781,2.9850518703460693,
partsupp_yfcc_wiki_1,4way,B6,0.1,0.5,137071,79890,85947.73489710454,1.0758259468907816,385,385,27.11467631161213,415.9568176269531,2.7972004413604736,
partsupp_yfcc_wiki_1,4way,B6,0.1,0.5,296404,79140,80002.89743253936,1.010903429776843,385,385,27.29262225329876,398.64654541015625,3.3583366870880127,
partsupp_yfcc_wiki_1,4way,B6,0.1,0.5,703153,79988,86101.97850998107,1.076436196804284,385,385,21.377630531787872,409.31414794921875,3.377227544784546,
partsupp_yfcc_wiki_1,4way,B6,0.1,0.5,438962,80044,83518.41720651218,1.0434063415935257,385,385,33.63801073282957,394.1766357421875,2.7042746543884277,
partsupp_yfcc_wiki_1,4way,B6,0.1,0.5,33248,79381,87708.58771124184,1.1049065609055295,385,385,27.393145486712456,382.3808898925781,2.451692581176758,
partsupp_yfcc_wiki_1,4way,B6,0.1,0.5,779894,80335,81931.25628783733,1.0198699979814194,385,385,27.24155317991972,383.4449157714844,2.650587320327759,
partsupp_yfcc_wiki_1,4way,B6,0.1,0.5,304120,80150,89735.07330905125,1.119589186638194,385,385,26.91114693880081,384.2877502441406,2.839334011077881,
partsupp_yfcc_wiki_1,4way,B6,0.1,0.5,73745,79509,76747.32939531303,1.0359839309907717,385,385,27.49806921929121,415.6717529296875,2.7303755283355713,
partsupp_yfcc_wiki_1,4way,B6,0.1,0.5,516733,79365,79455.97838332772,1.001146328776258,385,385,27.18149498105049,360.6786193847656,3.0889196395874023,
partsupp_yfcc_wiki_1,4way,B6,0.1,0.5,181346,80862,76692.62398989899,1.054364758867165,385,385,21.31415531039238,460.47613525390625,3.357656955718994,
partsupp_yfcc_wiki_1,4way,B6,0.1,0.5,620747,80204,80600.38725750778,1.0049422380119168,385,385,14.878788031637669,377.78564453125,3.118633985519409,
partsupp_yfcc_wiki_1,4way,B6,0.1,0.5,738510,80641,81056.41472608696,1.0051514084161526,385,385,14.722843654453754,406.49371337890625,2.7311203479766846,
partsupp_yfcc_wiki_1,4way,B6,0.1,0.5,111011,80060,86117.14801848335,1.0756576070257726,385,385,15.021169558167458,403.2555847167969,2.941718101501465,
partsupp_yfcc_wiki_1,4way,B6,0.1,0.5,426052,81092,74665.42030926216,1.0860717004487368,385,385,15.230746939778328,392.1812744140625,2.933866500854492,
partsupp_yfcc_wiki_1,4way,B6,0.1,0.5,724169,80396,82353.36682744039,1.0243465698223841,385,385,15.038907527923584,414.1463928222656,2.892995834350586,
partsupp_yfcc_wiki_1,4way,B6,0.1,0.5,588630,81868,82103.24541095171,1.0028734720641974,385,385,15.171676874160767,415.3184814453125,3.023313045501709,
partsupp_yfcc_wiki_1,4way,B6,0.1,0.5,790256,80341,85325.42363933587,1.0620408463839868,385,385,15.155641362071037,441.68890380859375,2.7825469970703125,
partsupp_yfcc_wiki_1,4way,B6,0.1,0.5,201003,81171,68904.04682025671,1.178029502559449,385,385,15.15122875571251,423.641357421875,2.9440114498138428,
partsupp_yfcc_wiki_1,4way,B6,0.1,0.5,6443,79795,76245.59670506738,1.0465522397137554,385,385,15.158423222601414,411.00616455078125,2.884660482406616,
partsupp_yfcc_wiki_1,4way,B6,0.1,0.5,642763,79779,65596.38240827854,1.2162103620813631,385,385,15.473203733563423,397.9861755371094,2.840625047683716,
partsupp_yfcc_wiki_1,4way,B6,0.1,0.5,193392,79245,85324.09877799808,1.0767127109344197,385,385,15.196443535387516,365.0972595214844,3.056194543838501,
partsupp_yfcc_wiki_1,4way,B6,0.1,0.5,203755,80446,74273.19001470454,1.0831095309636407,385,385,15.541250817477703,388.9460144042969,3.056774854660034,
partsupp_yfcc_wiki_1,4way,B6,0.1,0.5,94462,79891,75140.02798630857,1.0632282438669987,385,385,15.287444926798344,410.7262878417969,3.031524658203125,
partsupp_yfcc_wiki_1,4way,B6,0.1,0.5,590890,80433,84568.51793461398,1.051415686777989,385,385,15.601464547216892,394.77734375,3.05781626701355,
partsupp_yfcc_wiki_1,4way,B6,0.1,0.5,783383,79896,80119.59404737319,1.0027985637250074,385,385,15.317833982408047,402.0063171386719,3.0183515548706055,
partsupp_yfcc_wiki_1,4way,B6,0.1,0.5,737605,80401,81619.62228564447,1.015156805085067,385,385,22.694578394293785,374.6307678222656,3.0597891807556152,
partsupp_yfcc_wiki_1,4way,B6,0.1,0.5,516560,79823,52453.50542510339,1.5217858054115487,385,385,19.22561787068844,391.37896728515625,3.2459254264831543,
partsupp_yfcc_wiki_1,4way,B6,0.1,0.5,137642,79286,71031.2443221051,1.1162130236725416,385,385,15.507196076214314,375.74859619140625,2.9834916591644287,
partsupp_yfcc_wiki_1,4way,B6,0.1,0.5,37803,80809,69611.05683927481,1.1608644325940942,385,385,14.997154474258423,391.6224365234375,3.024467945098877,
partsupp_yfcc_wiki_1,4way,B6,0.1,0.5,254800,80981,74946.47537105867,1.0805177908509307,385,385,15.761067159473896,376.4917907714844,2.9951040744781494,
partsupp_yfcc_wiki_1,4way,B6,0.1,0.5,605930,80645,87769.07055930389,1.0883386516126714,385,385,15.8260278403759,388.9281921386719,2.853085517883301,
partsupp_yfcc_wiki_1,4way,B6,0.1,0.5,209329,80000,105066.67304521194,1.3133334130651493,385,385,16.30317699164152,404.4440612792969,2.887873649597168,
partsupp_yfcc_wiki_1,4way,B6,0.1,0.5,766585,79960,85173.95949989825,1.0652070972973768,385,385,15.625542029738426,387.6983337402344,3.1483452320098877,
partsupp_yfcc_wiki_1,4way,B6,0.1,0.5,488782,80468,70356.63750640041,1.1437158291238656,385,385,15.364907681941986,462.8974914550781,3.20609712600708,
partsupp_yfcc_wiki_1,4way,B6,0.1,0.5,374559,79389,83030.39253269134,1.0458677213806868,385,385,16.196190379559994,383.64080810546875,3.171335220336914,
partsupp_yfcc_wiki_1,4way,B6,0.1,0.5,111780,79611,94545.51908880414,1.1875936627953942,385,385,44.10073719918728,394.7646789550781,3.261101484298706,
partsupp_yfcc_wiki_1,4way,B6,0.1,0.5,178188,80270,77012.88226002356,1.0422931546566356,385,385,64.73937444388866,397.3576965332031,3.1019976139068604,
partsupp_yfcc_wiki_1,4way,B6,0.1,0.5,539857,81519,80896.27493261974,1.0076978212890388,385,385,22.910659201443195,393.9913024902344,2.945296287536621,
partsupp_yfcc_wiki_1,4way,B6,0.1,0.5,781264,79003,79396.96013886525,1.0049866478344525,385,385,42.62824356555939,392.1608581542969,2.770949125289917,
partsupp_yfcc_wiki_1,4way,B6,0.1,0.5,771184,80191,63107.54684093684,1.2707038066639187,385,385,40.164330042898655,394.2817077636719,2.9144299030303955,
partsupp_yfcc_wiki_1,4way,B6,0.1,0.5,140785,79170,81074.23616480705,1.0240524967134905,385,385,30.27606476098299,389.1658630371094,2.912421226501465,
partsupp_yfcc_wiki_1,4way,B6,0.1,0.5,2505,80199,96512.45218998005,1.20341216461527,385,385,28.377165086567402,392.6145935058594,2.8755288124084473,
partsupp_yfcc_wiki_1,4way,B6,0.1,0.5,526089,80044,77414.45267315755,1.033967137091886,385,385,34.28839426487684,409.1528625488281,2.8621973991394043,
partsupp_yfcc_wiki_1,4way,B6,0.1,0.5,608072,80577,91011.95236746356,1.1295028651781966,385,385,36.20526660233736,379.7530517578125,3.1877126693725586,
partsupp_yfcc_wiki_1,4way,B6,0.1,0.5,224837,80462,61495.03381659006,1.3084308602866896,385,385,31.054072082042694,416.9052734375,3.304277181625366,
partsupp_yfcc_wiki_1,4way,B6,0.1,0.5,386133,80821,82898.59683074603,1.0257061510095895,385,385,21.499475464224815,379.9435119628906,3.026334762573242,
partsupp_yfcc_wiki_1,4way,B6,0.1,0.5,487850,79711,61901.16291047315,1.2877140953762853,385,385,15.139169991016388,422.08538818359375,2.6472816467285156,
partsupp_yfcc_wiki_1,4way,B6,0.1,0.5,340195,79958,89599.16895663488,1.1205779153635018,385,385,16.236656345427036,402.8139343261719,3.089376926422119,
partsupp_yfcc_wiki_1,4way,B6,0.1,0.5,122774,78762,78066.91310034135,1.0089037323502883,385,385,18.05268134921789,361.5801696777344,2.6376986503601074,
partsupp_yfcc_wiki_1,4way,B6,0.1,0.5,690833,79905,85568.14666994227,1.0708734956503632,385,385,21.073436364531517,392.712646484375,3.261147975921631,
partsupp_yfcc_wiki_1,4way,B6,0.1,0.5,686759,79917,94558.73407710307,1.1832117581628825,385,385,26.231703348457813,371.432373046875,3.326615810394287,
partsupp_yfcc_wiki_1,4way,B6,0.1,0.5,154430,79720,84419.24072004165,1.0589468228806027,385,385,21.18026092648506,394.34014892578125,2.7680890560150146,
partsupp_yfcc_wiki_1,4way,B6,0.1,0.5,630926,78421,95428.68831543281,1.216876707966397,385,385,27.259478345513344,393.74267578125,3.259998083114624,
partsupp_yfcc_wiki_1,4way,B6,0.1,0.5,255248,79039,72400.6112049474,1.091689678920818,385,385,50.20135920494795,398.664306640625,2.897630214691162,
partsupp_yfcc_wiki_1,4way,B6,0.1,0.5,48107,80335,69892.90484346193,1.1494013616965137,385,385,21.86599001288414,439.12420654296875,3.1095659732818604,
partsupp_yfcc_wiki_1,4way,B6,0.1,0.5,717611,79194,80069.20284014233,1.0110513781365045,385,385,37.32731193304062,385.1277160644531,2.5639750957489014,
partsupp_yfcc_wiki_1,4way,B6,0.1,0.5,559097,80226,90557.10390415284,1.1287750094003546,385,385,21.26176469027996,412.5897216796875,3.201744794845581,
partsupp_yfcc_wiki_1,4way,B6,0.1,0.5,527854,80206,88207.90109992273,1.0997668640740434,385,385,21.260594949126244,402.7357482910156,2.9701809883117676,
partsupp_yfcc_wiki_1,4way,B6,0.1,0.5,692258,80529,70126.97608819057,1.1483312769500857,385,385,33.51602051407099,382.93109130859375,3.59883189201355,
partsupp_yfcc_wiki_1,4way,B6,0.1,0.5,344709,80373,84032.02633991984,1.0455255662961422,385,385,21.224201656877995,393.9825134277344,2.836334466934204,
partsupp_yfcc_wiki_1,4way,B6,0.1,0.5,414737,80064,98583.58909836013,1.2313098158768,385,385,33.41850824654102,391.3221130371094,3.186657428741455,
partsupp_yfcc_wiki_1,4way,B6,0.1,0.5,362610,80849,80893.4418454286,1.0005496894881645,385,385,15.173067338764668,437.93621826171875,3.099379777908325,
partsupp_yfcc_wiki_1,4way,B6,0.1,0.5,129857,80232,66466.34717322513,1.2071071062608376,385,385,15.00481553375721,409.33135986328125,2.9371519088745117,
partsupp_yfcc_wiki_1,4way,B6,0.1,0.5,210898,79641,76532.83064474729,1.0406122356780494,385,385,14.922741800546646,399.1053466796875,2.6989400386810303,
partsupp_yfcc_wiki_1,4way,B6,0.1,0.5,793779,79050,85387.7787200957,1.0801743038595282,385,385,14.539391733705997,376.6127014160156,2.8342809677124023,
partsupp_yfcc_wiki_1,4way,B6,0.1,0.5,634727,79920,82240.5631327073,1.0290360752340755,385,385,14.861559495329857,398.7883605957031,2.6199212074279785,
partsupp_yfcc_wiki_1,4way,B6,0.1,0.5,351141,79827,83357.43993038153,1.044226138153526,385,385,14.898858964443207,381.5683898925781,2.959737777709961,
partsupp_yfcc_wiki_1,4way,B6,0.1,0.5,611020,80403,71934.15165856687,1.1177305653318919,385,385,19.170410931110382,416.7373352050781,2.7526907920837402,
partsupp_yfcc_wiki_1,4way,B6,0.3,0.1,145860,240999,224297.45502813824,1.074461589275574,385,385,15.25529008358717,424.551025390625,3.1162526607513428,
partsupp_yfcc_wiki_1,4way,B6,0.3,0.1,359095,240414,203727.975915558,1.1800735707483188,385,385,25.238332338631153,457.84295654296875,2.8506760597229004,
partsupp_yfcc_wiki_1,4way,B6,0.3,0.1,286093,240431,229910.92010319888,1.0457571997540571,385,385,17.505222000181675,430.0592956542969,2.8322665691375732,
partsupp_yfcc_wiki_1,4way,B6,0.3,0.1,781121,239340,220779.44421497628,1.0840683146522962,385,385,15.141835436224937,442.4676208496094,2.9669148921966553,
partsupp_yfcc_wiki_1,4way,B6,0.3,0.1,142780,239878,276574.4139427463,1.1529794893351883,385,385,14.982101507484913,413.254150390625,3.127220392227173,
partsupp_yfcc_wiki_1,4way,B6,0.3,0.1,428790,240501,227709.24200147815,1.0561758402341825,385,385,15.267849899828434,431.5230712890625,2.7914769649505615,
partsupp_yfcc_wiki_1,4way,B6,0.3,0.1,322723,241524,213705.71335705114,1.1301710010741322,385,385,15.25811292231083,433.58428955078125,3.2379202842712402,
partsupp_yfcc_wiki_1,4way,B6,0.3,0.1,588557,239504,234254.8134970162,1.0224080198166372,385,385,15.50840400159359,408.18133544921875,3.222794771194458,
partsupp_yfcc_wiki_1,4way,B6,0.3,0.1,263638,238982,239925.7697789179,1.0039491249504895,385,385,15.458793379366398,422.840576171875,3.473875045776367,
partsupp_yfcc_wiki_1,4way,B6,0.3,0.1,693614,240682,236232.9120831151,1.0188334803887087,385,385,16.932188533246517,443.9696044921875,2.864917039871216,
partsupp_yfcc_wiki_1,4way,B6,0.3,0.1,546912,239028,272125.93847918796,1.1384688759441906,385,385,15.595311298966408,410.3951416015625,3.3955962657928467,
partsupp_yfcc_wiki_1,4way,B6,0.3,0.1,444449,239588,235314.6664747893,1.0181600815165022,385,385,21.649688482284546,447.8995361328125,3.01845121383667,
partsupp_yfcc_wiki_1,4way,B6,0.3,0.1,663176,238724,251838.36834982596,1.0549352739976958,385,385,27.727813459932804,408.12274169921875,2.7545394897460938,
partsupp_yfcc_wiki_1,4way,B6,0.3,0.1,763999,239427,232926.92929511628,1.0279060507282445,385,385,29.05049454420805,434.49395751953125,3.168591022491455,
partsupp_yfcc_wiki_1,4way,B6,0.3,0.1,782168,238518,210689.6783148155,1.1320820360435646,385,385,96.71963285654783,416.7886047363281,2.863349199295044,
partsupp_yfcc_wiki_1,4way,B6,0.3,0.1,673362,240710,234922.62605454912,1.0246352343435283,385,385,43.90780720859766,424.4129333496094,3.1067605018615723,
partsupp_yfcc_wiki_1,4way,B6,0.3,0.1,83904,238675,234964.85406040036,1.0157902166025472,385,385,46.806829050183296,398.8899230957031,3.23327898979187,
partsupp_yfcc_wiki_1,4way,B6,0.3,0.1,695261,239523,243704.06260118372,1.017455787549353,385,385,45.59593368321657,376.3761291503906,2.9276514053344727,
partsupp_yfcc_wiki_1,4way,B6,0.3,0.1,386245,241633,282915.31895893987,1.170847189576506,385,385,45.99218536168337,423.1973571777344,3.1456527709960938,
partsupp_yfcc_wiki_1,4way,B6,0.3,0.1,69504,240554,237040.88434613103,1.0148207161121583,385,385,44.87921856343746,422.7126770019531,3.4792094230651855,
partsupp_yfcc_wiki_1,4way,B6,0.3,0.1,681535,238526,228011.03121926132,1.0461160529142435,385,385,45.34515365958214,418.3903503417969,3.5131537914276123,
partsupp_yfcc_wiki_1,4way,B6,0.3,0.1,696279,239325,240428.34323468516,1.004610229749024,385,385,37.55294531583786,429.7052307128906,3.1599717140197754,
partsupp_yfcc_wiki_1,4way,B6,0.3,0.1,340223,242088,191700.64562864398,1.2628439471662745,385,385,22.472676821053028,433.58294677734375,3.186086893081665,
partsupp_yfcc_wiki_1,4way,B6,0.3,0.1,690943,240499,248903.64957337402,1.0349467131812358,385,385,17.576303333044052,444.6061096191406,3.3907504081726074,
partsupp_yfcc_wiki_1,4way,B6,0.3,0.1,636616,240470,230427.87465823648,1.0435803409490179,385,385,15.604840591549873,429.5113525390625,3.1242752075195312,
partsupp_yfcc_wiki_1,4way,B6,0.3,0.1,48106,239317,243067.30778955098,1.015670879166758,385,385,15.266419388353825,440.9126892089844,3.2600338459014893,
partsupp_yfcc_wiki_1,4way,B6,0.3,0.1,352770,241032,261145.0664115487,1.0834456271845594,385,385,15.370306558907032,418.4549865722656,3.3219220638275146,
partsupp_yfcc_wiki_1,4way,B6,0.3,0.1,536954,239122,258345.86016620044,1.080393523666582,385,385,15.427663922309875,446.292236328125,3.3249423503875732,
partsupp_yfcc_wiki_1,4way,B6,0.3,0.1,752067,240544,279463.4606957473,1.1617976781617803,385,385,15.344529412686825,415.6813659667969,2.98663592338562,
partsupp_yfcc_wiki_1,4way,B6,0.3,0.1,602570,239333,251081.1384342426,1.0490869977572779,385,385,15.448723919689655,423.0763244628906,3.009899854660034,
partsupp_yfcc_wiki_1,4way,B6,0.3,0.1,345404,241268,232677.38093039073,1.0369207313373503,385,385,15.31132310628891,418.1437072753906,3.121225357055664,
partsupp_yfcc_wiki_1,4way,B6,0.3,0.1,628777,239296,239948.19662685491,1.002725480688582,385,385,21.769534796476364,421.3739318847656,3.125771999359131,
partsupp_yfcc_wiki_1,4way,B6,0.3,0.1,137071,239343,229139.04546504223,1.0445317144192892,385,385,23.875335231423378,432.3690490722656,3.0246407985687256,
partsupp_yfcc_wiki_1,4way,B6,0.3,0.1,296404,238282,213961.45381825528,1.1136678861903941,385,385,16.367416828870773,432.2679443359375,3.5045063495635986,
partsupp_yfcc_wiki_1,4way,B6,0.3,0.1,703153,240825,221501.67282287715,1.0872378385718768,385,385,28.266306035220623,424.7870178222656,3.4914815425872803,
partsupp_yfcc_wiki_1,4way,B6,0.3,0.1,438962,239228,220754.86555381297,1.0836816638212845,385,385,24.60572775453329,413.8764953613281,2.8561418056488037,
partsupp_yfcc_wiki_1,4way,B6,0.3,0.1,33248,238493,268383.8589304072,1.125332227488468,385,385,32.33013208955526,408.7879333496094,2.670750141143799,
partsupp_yfcc_wiki_1,4way,B6,0.3,0.1,779894,240258,242358.8903624858,1.0087443097107518,385,385,15.875878743827343,406.853271484375,2.8263583183288574,
partsupp_yfcc_wiki_1,4way,B6,0.3,0.1,304120,239418,228664.85468820125,1.0470257894526964,385,385,15.585724264383316,407.2272033691406,3.010188102722168,
partsupp_yfcc_wiki_1,4way,B6,0.3,0.1,73745,238502,273758.0148473206,1.1478227220204469,385,385,15.31154289841652,427.8609619140625,2.8961117267608643,
partsupp_yfcc_wiki_1,4way,B6,0.3,0.1,516733,239367,222208.04856096843,1.0772202066943743,385,385,15.670595690608025,382.1219177246094,3.2464287281036377,
partsupp_yfcc_wiki_1,4way,B6,0.3,0.1,181346,241147,240039.14963429244,1.0046152903282461,385,385,15.605286695063114,478.6587219238281,3.5127456188201904,
partsupp_yfcc_wiki_1,4way,B6,0.3,0.1,620747,240595,238983.6293986067,1.0067425982501323,385,385,15.507163479924202,397.3721008300781,3.2536380290985107,
partsupp_yfcc_wiki_1,4way,B6,0.3,0.1,738510,241221,253089.51972250824,1.0492018510930152,385,385,15.030923299491405,425.9847412109375,2.9687752723693848,
partsupp_yfcc_wiki_1,4way,B6,0.3,0.1,111011,239273,232365.13573264595,1.029728488508285,385,385,15.140007250010967,417.3077392578125,3.0964415073394775,
partsupp_yfcc_wiki_1,4way,B6,0.3,0.1,426052,240433,255300.5750203796,1.061836665600727,385,385,15.072997659444809,414.2445983886719,3.0850300788879395,
partsupp_yfcc_wiki_1,4way,B6,0.3,0.1,724169,241862,242612.98550567788,1.0031050165204864,385,385,15.15225414186716,436.5622253417969,3.0649054050445557,
partsupp_yfcc_wiki_1,4way,B6,0.3,0.1,588630,240781,218800.75174131308,1.1004578278811128,385,385,15.297737903892994,441.3742370605469,3.2115602493286133,
partsupp_yfcc_wiki_1,4way,B6,0.3,0.1,790256,241473,235522.87407213,1.0252634736702801,385,385,15.49949124455452,460.1905517578125,2.92677640914917,
partsupp_yfcc_wiki_1,4way,B6,0.3,0.1,201003,239312,248797.59186219698,1.039636925278285,385,385,15.291371382772923,442.0690002441406,3.108808755874634,
partsupp_yfcc_wiki_1,4way,B6,0.3,0.1,6443,239086,238191.60797876946,1.003754926669416,385,385,15.242506749927998,425.3052978515625,3.1072123050689697,
partsupp_yfcc_wiki_1,4way,B6,0.3,0.1,642763,240583,235681.1553872922,1.020798627725041,385,385,15.012050978839397,415.4331970214844,3.0508289337158203,
partsupp_yfcc_wiki_1,4way,B6,0.3,0.1,193392,239823,225298.53327123742,1.0644676488473919,385,385,14.932972379028797,395.172119140625,3.203829765319824,
partsupp_yfcc_wiki_1,4way,B6,0.3,0.1,203755,241216,232282.22665098516,1.0384608563376578,385,385,15.047676861286163,410.82720947265625,3.1911702156066895,
partsupp_yfcc_wiki_1,4way,B6,0.3,0.1,94462,241365,237683.36741406762,1.0154896517412537,385,385,15.112223103642464,435.7070007324219,3.1797454357147217,
partsupp_yfcc_wiki_1,4way,B6,0.3,0.1,590890,240063,241537.65408034204,1.0061427795218008,385,385,15.175004489719868,411.1960144042969,3.2003183364868164,
partsupp_yfcc_wiki_1,4way,B6,0.3,0.1,783383,238648,210702.52136855398,1.1326300152932898,385,385,15.350735746324062,436.21392822265625,3.1497702598571777,
partsupp_yfcc_wiki_1,4way,B6,0.3,0.1,737605,241848,239608.93753352706,1.0093446533736232,385,385,22.780273109674454,398.2601623535156,3.21191143989563,
partsupp_yfcc_wiki_1,4way,B6,0.3,0.1,516560,239738,217092.98623745664,1.1043102043737802,385,385,27.777239680290222,419.1053771972656,3.3689675331115723,
partsupp_yfcc_wiki_1,4way,B6,0.3,0.1,137642,240134,266189.8478451452,1.1085054504782548,385,385,58.05927328765392,401.0089416503906,3.1390323638916016,
partsupp_yfcc_wiki_1,4way,B6,0.3,0.1,37803,240623,222750.56326765302,1.0802352033151619,385,385,15.608105808496475,419.6958312988281,3.166006565093994,
partsupp_yfcc_wiki_1,4way,B6,0.3,0.1,254800,239612,232921.3138080311,1.0287250921033497,385,385,47.87460807710886,404.8648986816406,3.1417458057403564,
partsupp_yfcc_wiki_1,4way,B6,0.3,0.1,605930,238863,229835.03492251708,1.0392801953824249,385,385,43.00189111381769,413.02581787109375,2.994133234024048,
partsupp_yfcc_wiki_1,4way,B6,0.3,0.1,209329,239031,230234.9719158611,1.0382045699267328,385,385,41.53306968510151,423.5936584472656,3.0829358100891113,
partsupp_yfcc_wiki_1,4way,B6,0.3,0.1,766585,239714,214786.71632946766,1.1160559837988102,385,385,35.70943512022495,408.5493469238281,3.306943655014038,
partsupp_yfcc_wiki_1,4way,B6,0.3,0.1,488782,239153,241919.73500381634,1.0115688910606029,385,385,25.297229178249836,481.4966125488281,3.3307135105133057,
partsupp_yfcc_wiki_1,4way,B6,0.3,0.1,374559,238234,215385.84205110246,1.1060801291826627,385,385,28.907503001391888,402.8977355957031,3.3245937824249268,
partsupp_yfcc_wiki_1,4way,B6,0.3,0.1,111780,238501,232610.36600421104,1.0253240390657496,385,385,26.100424118340015,428.5323791503906,3.373533010482788,
partsupp_yfcc_wiki_1,4way,B6,0.3,0.1,178188,239073,258262.15161762433,1.080264821278958,385,385,25.333145633339882,413.9275207519531,3.3087639808654785,
partsupp_yfcc_wiki_1,4way,B6,0.3,0.1,539857,240173,204943.8364726435,1.1718966724430329,385,385,25.889665819704533,416.9714050292969,3.136941432952881,
partsupp_yfcc_wiki_1,4way,B6,0.3,0.1,781264,238584,258991.49966135868,1.0855359104607127,385,385,26.85055509209633,412.2523498535156,2.9334139823913574,
partsupp_yfcc_wiki_1,4way,B6,0.3,0.1,771184,239728,245576.72962178674,1.0243973570954863,385,385,24.34846293181181,425.8616638183594,3.119675874710083,
partsupp_yfcc_wiki_1,4way,B6,0.3,0.1,140785,238543,221601.43996858984,1.0764505863942557,385,385,26.161156594753265,414.0555419921875,3.075209140777588,
partsupp_yfcc_wiki_1,4way,B6,0.3,0.1,2505,242348,243940.28933018396,1.0065702598337265,385,385,31.80127963423729,410.19384765625,3.1343371868133545,
partsupp_yfcc_wiki_1,4way,B6,0.3,0.1,526089,240113,311493.89179831534,1.2972804129652094,385,385,34.19821057468653,424.7865295410156,3.0387539863586426,
partsupp_yfcc_wiki_1,4way,B6,0.3,0.1,608072,240188,249474.41025738965,1.0386630899853018,385,385,25.30000451952219,394.3855895996094,3.3516080379486084,
partsupp_yfcc_wiki_1,4way,B6,0.3,0.1,224837,239576,273267.3659366665,1.1406291362100816,385,385,24.61606916040182,429.3984069824219,3.4280149936676025,
partsupp_yfcc_wiki_1,4way,B6,0.3,0.1,386133,240238,229282.8350975973,1.0477801353849252,385,385,25.59210453182459,406.8495788574219,3.221763849258423,
partsupp_yfcc_wiki_1,4way,B6,0.3,0.1,487850,240657,212766.7319481381,1.1310837826783002,385,385,24.22931883484125,440.60479736328125,2.8483076095581055,
partsupp_yfcc_wiki_1,4way,B6,0.3,0.1,340195,238201,237566.72061111577,1.0026699000064176,385,385,26.703011244535446,429.46661376953125,3.2380805015563965,
partsupp_yfcc_wiki_1,4way,B6,0.3,0.1,122774,238182,212898.13768330452,1.118760373349561,385,385,23.91563542187214,383.14825439453125,2.8582229614257812,
partsupp_yfcc_wiki_1,4way,B6,0.3,0.1,690833,238731,239402.1438314112,1.002811297365701,385,385,23.942353203892708,419.6947326660156,3.3686435222625732,
partsupp_yfcc_wiki_1,4way,B6,0.3,0.1,686759,239028,236664.0407486903,1.0099886710453825,385,385,22.642772644758224,386.7430114746094,3.4815328121185303,
partsupp_yfcc_wiki_1,4way,B6,0.3,0.1,154430,240095,262904.85388012807,1.0950034523006646,385,385,15.279156155884266,410.4521789550781,2.9615893363952637,
partsupp_yfcc_wiki_1,4way,B6,0.3,0.1,630926,239492,239394.401698548,1.0004076883200255,385,385,15.136313624680042,415.25244140625,3.386004686355591,
partsupp_yfcc_wiki_1,4way,B6,0.3,0.1,255248,239192,213294.06195506084,1.1214189359401652,385,385,15.192381106317043,423.3128356933594,3.1301348209381104,
partsupp_yfcc_wiki_1,4way,B6,0.3,0.1,48107,239649,229421.88504343582,1.0445777653453938,385,385,15.143023803830147,456.1448974609375,3.2600338459014893,
partsupp_yfcc_wiki_1,4way,B6,0.3,0.1,717611,238414,229374.85582872483,1.0394077377776085,385,385,15.016661956906319,418.3584899902344,2.774536371231079,
partsupp_yfcc_wiki_1,4way,B6,0.3,0.1,559097,238490,224777.3716529171,1.061005377215002,385,385,14.71635326743126,439.0888366699219,3.3397130966186523,
partsupp_yfcc_wiki_1,4way,B6,0.3,0.1,527854,241647,245929.8492667547,1.0177235772294078,385,385,14.829359948635101,422.574951171875,3.1289029121398926,
partsupp_yfcc_wiki_1,4way,B6,0.3,0.1,692258,239457,252205.73687375194,1.0532401929104263,385,385,15.19123837351799,402.27850341796875,3.7014622688293457,
partsupp_yfcc_wiki_1,4way,B6,0.3,0.1,344709,240479,213903.91337901837,1.1242384311777083,385,385,15.203021466732025,416.7320251464844,3.0800623893737793,
partsupp_yfcc_wiki_1,4way,B6,0.3,0.1,414737,240841,199263.0069019358,1.2086588662115603,385,385,15.117013826966286,407.9644470214844,3.3149447441101074,
partsupp_yfcc_wiki_1,4way,B6,0.3,0.1,362610,240086,232159.5290453979,1.0341423459428714,385,385,15.04975464195013,451.0261535644531,3.2579312324523926,
partsupp_yfcc_wiki_1,4way,B6,0.3,0.1,129857,240673,242616.66679128443,1.008075965277719,385,385,16.25967677682638,433.4189758300781,3.086696147918701,
partsupp_yfcc_wiki_1,4way,B6,0.3,0.1,210898,240545,245580.36232981653,1.0209331407005613,385,385,14.893930405378342,420.5545654296875,2.8536884784698486,
partsupp_yfcc_wiki_1,4way,B6,0.3,0.1,793779,239767,223828.33859069296,1.071209309373705,385,385,14.794014394283295,393.6427001953125,2.997621774673462,
partsupp_yfcc_wiki_1,4way,B6,0.3,0.1,634727,240357,252331.60035240703,1.0498200607945973,385,385,15.597215853631496,415.6064758300781,2.794663429260254,
partsupp_yfcc_wiki_1,4way,B6,0.3,0.1,351141,240218,246602.07198259336,1.026576159915549,385,385,14.90009669214487,405.8410949707031,3.0803444385528564,
partsupp_yfcc_wiki_1,4way,B6,0.3,0.1,611020,241641,236648.17621840164,1.0210980868789392,385,385,15.080742537975311,442.6332092285156,2.904170274734497,
partsupp_yfcc_wiki_1,4way,B6,0.3,0.2,145860,240999,227967.6075048779,1.0571633515732854,385,385,14.957510866224766,424.551025390625,3.1162526607513428,
partsupp_yfcc_wiki_1,4way,B6,0.3,0.2,359095,240414,227635.0512082027,1.0561378782571988,385,385,15.362324193120003,457.84295654296875,2.8506760597229004,
partsupp_yfcc_wiki_1,4way,B6,0.3,0.2,286093,240431,254499.74006913617,1.0585146676973276,385,385,14.905822463333607,430.0592956542969,2.8322665691375732,
partsupp_yfcc_wiki_1,4way,B6,0.3,0.2,781121,239340,222547.0215726048,1.0754581135650767,385,385,15.080487355589867,442.4676208496094,2.9669148921966553,
partsupp_yfcc_wiki_1,4way,B6,0.3,0.2,142780,239878,232056.51351776428,1.033705093486363,385,385,17.342195846140385,413.254150390625,3.127220392227173,
partsupp_yfcc_wiki_1,4way,B6,0.3,0.2,428790,240501,267279.6866045634,1.1113454272729153,385,385,26.506293565034866,431.5230712890625,2.7914769649505615,
partsupp_yfcc_wiki_1,4way,B6,0.3,0.2,322723,241524,223836.5642402011,1.079019421245308,385,385,22.87167590111494,433.58428955078125,3.2379202842712402,
partsupp_yfcc_wiki_1,4way,B6,0.3,0.2,588557,239504,233411.28852370766,1.026102899799011,385,385,15.044224448502064,408.18133544921875,3.222794771194458,
partsupp_yfcc_wiki_1,4way,B6,0.3,0.2,263638,238982,253282.34709006306,1.0598385949153621,385,385,15.284164808690548,422.840576171875,3.473875045776367,
partsupp_yfcc_wiki_1,4way,B6,0.3,0.2,693614,240682,255335.907534549,1.060884933374947,385,385,14.885837212204933,443.9696044921875,2.864917039871216,
partsupp_yfcc_wiki_1,4way,B6,0.3,0.2,546912,239028,263236.96933723986,1.1012808931892493,385,385,14.90082498639822,410.3951416015625,3.3955962657928467,
partsupp_yfcc_wiki_1,4way,B6,0.3,0.2,444449,239588,255388.56157119854,1.0659488854667118,385,385,15.013469383120537,447.8995361328125,3.01845121383667,
partsupp_yfcc_wiki_1,4way,B6,0.3,0.2,663176,238724,230053.93056923887,1.0376871171438287,385,385,15.159700997173786,408.12274169921875,2.7545394897460938,
partsupp_yfcc_wiki_1,4way,B6,0.3,0.2,763999,239427,224468.58352402746,1.066639242967252,385,385,15.313073992729187,434.49395751953125,3.168591022491455,
partsupp_yfcc_wiki_1,4way,B6,0.3,0.2,782168,238518,224206.73261124777,1.0638306763676295,385,385,15.331138856709003,416.7886047363281,2.863349199295044,
partsupp_yfcc_wiki_1,4way,B6,0.3,0.2,673362,240710,207558.03202471416,1.1597238500090346,385,385,15.221383422613144,424.4129333496094,3.1067605018615723,
partsupp_yfcc_wiki_1,4way,B6,0.3,0.2,83904,238675,240811.7872696911,1.0089527066919077,385,385,15.19571803510189,398.8899230957031,3.23327898979187,
partsupp_yfcc_wiki_1,4way,B6,0.3,0.2,695261,239523,239972.80104918138,1.001877903371206,385,385,15.111067332327366,376.3761291503906,2.9276514053344727,
partsupp_yfcc_wiki_1,4way,B6,0.3,0.2,386245,241633,245403.89368039664,1.0156058720472645,385,385,15.285491943359375,423.1973571777344,3.1456527709960938,
partsupp_yfcc_wiki_1,4way,B6,0.3,0.2,69504,240554,269016.09069800493,1.1183189250563488,385,385,14.958747662603855,422.7126770019531,3.4792094230651855,
partsupp_yfcc_wiki_1,4way,B6,0.3,0.2,681535,238526,242219.64315712763,1.0154852852818042,385,385,21.850714460015297,418.3903503417969,3.5131537914276123,
partsupp_yfcc_wiki_1,4way,B6,0.3,0.2,696279,239325,222866.41968239206,1.073849529871136,385,385,18.9021248370409,429.7052307128906,3.1599717140197754,
partsupp_yfcc_wiki_1,4way,B6,0.3,0.2,340223,242088,268287.4409087699,1.1082227987705706,385,385,15.107492916285992,433.58294677734375,3.186086893081665,
partsupp_yfcc_wiki_1,4way,B6,0.3,0.2,690943,240499,225860.36585977464,1.06481276201117,385,385,15.093470923602581,444.6061096191406,3.3907504081726074,
partsupp_yfcc_wiki_1,4way,B6,0.3,0.2,636616,240470,221447.9550666439,1.085898489907624,385,385,14.881047420203686,429.5113525390625,3.1242752075195312,
partsupp_yfcc_wiki_1,4way,B6,0.3,0.2,48106,239317,217448.78664200226,1.100567189616011,385,385,15.475681982934475,440.9126892089844,3.2600338459014893,
partsupp_yfcc_wiki_1,4way,B6,0.3,0.2,352770,241032,203370.07917749922,1.1851890945552017,385,385,15.082594938576221,418.4549865722656,3.3219220638275146,
partsupp_yfcc_wiki_1,4way,B6,0.3,0.2,536954,239122,220288.0338980927,1.0854970003074251,385,385,14.752511866390705,446.292236328125,3.3249423503875732,
partsupp_yfcc_wiki_1,4way,B6,0.3,0.2,752067,240544,259718.49767679925,1.079713057389913,385,385,14.857799746096134,415.6813659667969,2.98663592338562,
partsupp_yfcc_wiki_1,4way,B6,0.3,0.2,602570,239333,276919.05839207326,1.1570450309488172,385,385,14.756734482944012,423.0763244628906,3.009899854660034,
partsupp_yfcc_wiki_1,4way,B6,0.3,0.2,345404,241268,256405.0449651846,1.0627395467496088,385,385,14.779736287891865,418.1437072753906,3.121225357055664,
partsupp_yfcc_wiki_1,4way,B6,0.3,0.2,628777,239296,254328.37577419187,1.0628191686204194,385,385,14.922712929546833,421.3739318847656,3.125771999359131,
partsupp_yfcc_wiki_1,4way,B6,0.3,0.2,137071,239343,242695.57249429316,1.0140073973096901,385,385,14.957940205931664,432.3690490722656,3.0246407985687256,
partsupp_yfcc_wiki_1,4way,B6,0.3,0.2,296404,238282,229468.68633501843,1.0384074786226578,385,385,15.092242509126663,432.2679443359375,3.5045063495635986,
partsupp_yfcc_wiki_1,4way,B6,0.3,0.2,703153,240825,263645.5956662876,1.0947600775097586,385,385,14.832266606390476,424.7870178222656,3.4914815425872803,
partsupp_yfcc_wiki_1,4way,B6,0.3,0.2,438962,239228,234594.07973657065,1.019752929266727,385,385,14.741890132427216,413.8764953613281,2.8561418056488037,
partsupp_yfcc_wiki_1,4way,B6,0.3,0.2,33248,238493,245800.99338831776,1.0306423810691205,385,385,14.762911945581436,408.7879333496094,2.670750141143799,
partsupp_yfcc_wiki_1,4way,B6,0.3,0.2,779894,240258,219515.76169173777,1.0944908836996872,385,385,14.771688729524612,406.853271484375,2.8263583183288574,
partsupp_yfcc_wiki_1,4way,B6,0.3,0.2,304120,239418,250424.5185000705,1.0459719757915884,385,385,15.079098753631115,407.2272033691406,3.010188102722168,
partsupp_yfcc_wiki_1,4way,B6,0.3,0.2,73745,238502,235012.813447507,1.0148467928250744,385,385,14.858814887702465,427.8609619140625,2.8961117267608643,
partsupp_yfcc_wiki_1,4way,B6,0.3,0.2,516733,239367,202021.2411680771,1.1848605553356246,385,385,14.93949256837368,382.1219177246094,3.2464287281036377,
partsupp_yfcc_wiki_1,4way,B6,0.3,0.2,181346,241147,229082.930322356,1.0526624557345585,385,385,15.088149346411228,478.6587219238281,3.5127456188201904,
partsupp_yfcc_wiki_1,4way,B6,0.3,0.2,620747,240595,232108.7260179282,1.0365616326781972,385,385,15.095529146492481,397.3721008300781,3.2536380290985107,
partsupp_yfcc_wiki_1,4way,B6,0.3,0.2,738510,241221,259040.98149610838,1.0738740884753333,385,385,15.006864443421364,425.9847412109375,2.9687752723693848,
partsupp_yfcc_wiki_1,4way,B6,0.3,0.2,111011,239273,253440.47919198324,1.0592105218390009,385,385,15.012141317129135,417.3077392578125,3.0964415073394775,
partsupp_yfcc_wiki_1,4way,B6,0.3,0.2,426052,240433,252774.23677867407,1.0513292134552,385,385,16.26743469387293,414.2445983886719,3.0850300788879395,
partsupp_yfcc_wiki_1,4way,B6,0.3,0.2,724169,241862,245362.4595943911,1.014472962244549,385,385,19.411606714129448,436.5622253417969,3.0649054050445557,
partsupp_yfcc_wiki_1,4way,B6,0.3,0.2,588630,240781,242079.2269732872,1.0053917334560751,385,385,19.454462453722954,441.3742370605469,3.2115602493286133,
partsupp_yfcc_wiki_1,4way,B6,0.3,0.2,790256,241473,255677.35579328192,1.0588237848259718,385,385,19.157644361257553,460.1905517578125,2.92677640914917,
partsupp_yfcc_wiki_1,4way,B6,0.3,0.2,201003,239312,219301.64664688596,1.0912457961856266,385,385,21.036545746028423,442.0690002441406,3.108808755874634,
partsupp_yfcc_wiki_1,4way,B6,0.3,0.2,6443,239086,233310.80734309065,1.024753215346843,385,385,18.482519313693047,425.3052978515625,3.1072123050689697,
partsupp_yfcc_wiki_1,4way,B6,0.3,0.2,642763,240583,245076.66713269055,1.018678240493678,385,385,16.984201036393642,415.4331970214844,3.0508289337158203,
partsupp_yfcc_wiki_1,4way,B6,0.3,0.2,193392,239823,255132.27619186055,1.0638357296500358,385,385,14.803498052060604,395.172119140625,3.203829765319824,
partsupp_yfcc_wiki_1,4way,B6,0.3,0.2,203755,241216,215376.82668923395,1.119971928772306,385,385,14.565257355570793,410.82720947265625,3.1911702156066895,
partsupp_yfcc_wiki_1,4way,B6,0.3,0.2,94462,241365,251182.9829633982,1.040676912408171,385,385,14.676115475594997,435.7070007324219,3.1797454357147217,
partsupp_yfcc_wiki_1,4way,B6,0.3,0.2,590890,240063,247206.6099598078,1.0297572302262648,385,385,15.03120455890894,411.1960144042969,3.2003183364868164,
partsupp_yfcc_wiki_1,4way,B6,0.3,0.2,783383,238648,235447.1009939088,1.0135949816012984,385,385,14.760281890630722,436.21392822265625,3.1497702598571777,
partsupp_yfcc_wiki_1,4way,B6,0.3,0.2,737605,241848,255398.767986505,1.0560301014955882,385,385,14.865973964333534,398.2601623535156,3.21191143989563,
partsupp_yfcc_wiki_1,4way,B6,0.3,0.2,516560,239738,227408.66273175905,1.0542166561296924,385,385,14.77153692394495,419.1053771972656,3.3689675331115723,
partsupp_yfcc_wiki_1,4way,B6,0.3,0.2,137642,240134,246137.56634006108,1.025000900913911,385,385,14.699410647153854,401.0089416503906,3.1390323638916016,
partsupp_yfcc_wiki_1,4way,B6,0.3,0.2,37803,240623,243062.77010681844,1.0101393886154626,385,385,14.672982506453991,419.6958312988281,3.166006565093994,
partsupp_yfcc_wiki_1,4way,B6,0.3,0.2,254800,239612,255475.16568788435,1.0662035527765068,385,385,14.737681485712528,404.8648986816406,3.1417458057403564,
partsupp_yfcc_wiki_1,4way,B6,0.3,0.2,605930,238863,230356.74212691965,1.0369264550042718,385,385,14.625960029661655,413.02581787109375,2.994133234024048,
partsupp_yfcc_wiki_1,4way,B6,0.3,0.2,209329,239031,262769.01835707645,1.0993093714082125,385,385,14.669205993413925,423.5936584472656,3.0829358100891113,
partsupp_yfcc_wiki_1,4way,B6,0.3,0.2,766585,239714,222800.48488858965,1.075913277836302,385,385,14.641514047980309,408.5493469238281,3.306943655014038,
partsupp_yfcc_wiki_1,4way,B6,0.3,0.2,488782,239153,264445.3688421615,1.105758108165741,385,385,14.87421803176403,481.4966125488281,3.3307135105133057,
partsupp_yfcc_wiki_1,4way,B6,0.3,0.2,374559,238234,213061.15132488427,1.11814846826173,385,385,15.765836462378502,402.8977355957031,3.3245937824249268,
partsupp_yfcc_wiki_1,4way,B6,0.3,0.2,111780,238501,249828.81111309404,1.0474958642231857,385,385,20.567841827869415,428.5323791503906,3.373533010482788,
partsupp_yfcc_wiki_1,4way,B6,0.3,0.2,178188,239073,228794.1187632534,1.0449263350487725,385,385,20.695053972303867,413.9275207519531,3.3087639808654785,
partsupp_yfcc_wiki_1,4way,B6,0.3,0.2,539857,240173,264579.4880754425,1.101620448907423,385,385,20.581337623298168,416.9714050292969,3.136941432952881,
partsupp_yfcc_wiki_1,4way,B6,0.3,0.2,781264,238584,236282.7906959635,1.0097392167125603,385,385,20.21025586873293,412.2523498535156,2.9334139823913574,
partsupp_yfcc_wiki_1,4way,B6,0.3,0.2,771184,239728,230716.32345453597,1.0390595533533622,385,385,16.18372555822134,425.8616638183594,3.119675874710083,
partsupp_yfcc_wiki_1,4way,B6,0.3,0.2,140785,238543,229388.04587996428,1.0399103365867042,385,385,15.174223110079765,414.0555419921875,3.075209140777588,
partsupp_yfcc_wiki_1,4way,B6,0.3,0.2,2505,242348,250205.78848563877,1.0324235747175086,385,385,15.107372775673866,410.19384765625,3.1343371868133545,
partsupp_yfcc_wiki_1,4way,B6,0.3,0.2,526089,240113,234232.57076361065,1.0251050877220824,385,385,15.053072944283485,424.7865295410156,3.0387539863586426,
partsupp_yfcc_wiki_1,4way,B6,0.3,0.2,608072,240188,261463.85788443586,1.08858002016935,385,385,15.064592473208904,394.3855895996094,3.3516080379486084,
partsupp_yfcc_wiki_1,4way,B6,0.3,0.2,224837,239576,256713.94331634566,1.0715344747234516,385,385,14.979571104049683,429.3984069824219,3.4280149936676025,
partsupp_yfcc_wiki_1,4way,B6,0.3,0.2,386133,240238,208807.8454810901,1.1505219042248882,385,385,15.137817710638046,406.8495788574219,3.221763849258423,
partsupp_yfcc_wiki_1,4way,B6,0.3,0.2,487850,240657,239540.41354153203,1.0046613698371794,385,385,15.180731192231178,440.60479736328125,2.8483076095581055,
partsupp_yfcc_wiki_1,4way,B6,0.3,0.2,340195,238201,231563.79480354016,1.0286625342363682,385,385,15.34123346209526,429.46661376953125,3.2380805015563965,
partsupp_yfcc_wiki_1,4way,B6,0.3,0.2,122774,238182,225978.9820935126,1.054000676494054,385,385,15.321481041610241,383.14825439453125,2.8582229614257812,
partsupp_yfcc_wiki_1,4way,B6,0.3,0.2,690833,238731,242354.03583865476,1.0151762269611184,385,385,15.259633772075176,419.6947326660156,3.3686435222625732,
partsupp_yfcc_wiki_1,4way,B6,0.3,0.2,686759,239028,238009.78183012363,1.004278051776053,385,385,15.289501287043095,386.7430114746094,3.4815328121185303,
partsupp_yfcc_wiki_1,4way,B6,0.3,0.2,154430,240095,243433.47634728512,1.0139048141247635,385,385,15.625474974513054,410.4521789550781,2.9615893363952637,
partsupp_yfcc_wiki_1,4way,B6,0.3,0.2,630926,239492,237126.32196319322,1.009976446381916,385,385,15.217119827866554,415.25244140625,3.386004686355591,
partsupp_yfcc_wiki_1,4way,B6,0.3,0.2,255248,239192,233494.06828531122,1.0244028970694294,385,385,15.194478444755077,423.3128356933594,3.1301348209381104,
partsupp_yfcc_wiki_1,4way,B6,0.3,0.2,48107,239649,238172.66978372555,1.006198571051897,385,385,15.04539418965578,456.1448974609375,3.2600338459014893,
partsupp_yfcc_wiki_1,4way,B6,0.3,0.2,717611,238414,248152.53206177714,1.040847148497056,385,385,15.022237785160542,418.3584899902344,2.774536371231079,
partsupp_yfcc_wiki_1,4way,B6,0.3,0.2,559097,238490,231600.40366921003,1.029747773413341,385,385,14.986291527748108,439.0888366699219,3.3397130966186523,
partsupp_yfcc_wiki_1,4way,B6,0.3,0.2,527854,241647,242349.22025352603,1.002905975466387,385,385,15.037115663290024,422.574951171875,3.1289029121398926,
partsupp_yfcc_wiki_1,4way,B6,0.3,0.2,692258,239457,228187.870407634,1.0493853138303753,385,385,14.938490465283394,402.27850341796875,3.7014622688293457,
partsupp_yfcc_wiki_1,4way,B6,0.3,0.2,344709,240479,227636.37401186512,1.0564172841176318,385,385,14.885800890624523,416.7320251464844,3.0800623893737793,
partsupp_yfcc_wiki_1,4way,B6,0.3,0.2,414737,240841,244776.9612458584,1.0163425714303562,385,385,15.037554316222668,407.9644470214844,3.3149447441101074,
partsupp_yfcc_wiki_1,4way,B6,0.3,0.2,362610,240086,253796.0347132683,1.0571046821275223,385,385,14.92326706647873,451.0261535644531,3.2579312324523926,
partsupp_yfcc_wiki_1,4way,B6,0.3,0.2,129857,240673,206913.76056958982,1.163156086562238,385,385,14.786450192332268,433.4189758300781,3.086696147918701,
partsupp_yfcc_wiki_1,4way,B6,0.3,0.2,210898,240545,245420.69509923016,1.0202693678905408,385,385,14.8406270891428,420.5545654296875,2.8536884784698486,
partsupp_yfcc_wiki_1,4way,B6,0.3,0.2,793779,239767,242756.84592731833,1.0124697974588592,385,385,14.831106178462505,393.6427001953125,2.997621774673462,
partsupp_yfcc_wiki_1,4way,B6,0.3,0.2,634727,240357,250422.6572006389,1.0418779448929671,385,385,14.988919720053673,415.6064758300781,2.794663429260254,
partsupp_yfcc_wiki_1,4way,B6,0.3,0.2,351141,240218,233284.62507919432,1.029720668125694,385,385,14.963094145059586,405.8410949707031,3.0803444385528564,
partsupp_yfcc_wiki_1,4way,B6,0.3,0.2,611020,241641,226172.10745083983,1.0683943423594904,385,385,14.825459569692612,442.6332092285156,2.904170274734497,
partsupp_yfcc_wiki_1,4way,B6,0.3,0.3,145860,240999,239046.6567420041,1.0081672058693671,385,385,14.871964231133461,424.551025390625,3.1162526607513428,
partsupp_yfcc_wiki_1,4way,B6,0.3,0.3,359095,240414,251857.67423066084,1.0475998661919057,385,385,17.32138078659773,457.84295654296875,2.8506760597229004,
partsupp_yfcc_wiki_1,4way,B6,0.3,0.3,286093,240431,233673.08728016345,1.028920372467772,385,385,15.238180756568909,430.0592956542969,2.8322665691375732,
partsupp_yfcc_wiki_1,4way,B6,0.3,0.3,781121,239340,232895.73296727217,1.0276701807741295,385,385,15.104709193110466,442.4676208496094,2.9669148921966553,
partsupp_yfcc_wiki_1,4way,B6,0.3,0.3,142780,239878,218476.51828712877,1.0979578120370113,385,385,15.0494035333395,413.254150390625,3.127220392227173,
partsupp_yfcc_wiki_1,4way,B6,0.3,0.3,428790,240501,220746.3560076397,1.0894902382518905,385,385,14.865764416754246,431.5230712890625,2.7914769649505615,
partsupp_yfcc_wiki_1,4way,B6,0.3,0.3,322723,241524,208305.50494620245,1.1594700776745033,385,385,15.181324444711208,433.58428955078125,3.2379202842712402,
partsupp_yfcc_wiki_1,4way,B6,0.3,0.3,588557,239504,214310.08806217264,1.1175582174671985,385,385,15.233305282890797,408.18133544921875,3.222794771194458,
partsupp_yfcc_wiki_1,4way,B6,0.3,0.3,263638,238982,225326.46369321004,1.0606033400736385,385,385,15.029611997306347,422.840576171875,3.473875045776367,
partsupp_yfcc_wiki_1,4way,B6,0.3,0.3,693614,240682,251589.32300539908,1.0453183994041892,385,385,15.344680286943913,443.9696044921875,2.864917039871216,
partsupp_yfcc_wiki_1,4way,B6,0.3,0.3,546912,239028,234414.58385124002,1.0196805850257493,385,385,15.237689949572086,410.3951416015625,3.3955962657928467,
partsupp_yfcc_wiki_1,4way,B6,0.3,0.3,444449,239588,231146.57047754983,1.0365198129697972,385,385,15.075456351041794,447.8995361328125,3.01845121383667,
partsupp_yfcc_wiki_1,4way,B6,0.3,0.3,663176,238724,234578.82022722322,1.0176707333115649,385,385,15.182733535766602,408.12274169921875,2.7545394897460938,
partsupp_yfcc_wiki_1,4way,B6,0.3,0.3,763999,239427,250778.69528710164,1.0474119263370532,385,385,15.123900026082993,434.49395751953125,3.168591022491455,
partsupp_yfcc_wiki_1,4way,B6,0.3,0.3,782168,238518,206166.35918886855,1.1569200762840954,385,385,15.164129436016083,416.7886047363281,2.863349199295044,
partsupp_yfcc_wiki_1,4way,B6,0.3,0.3,673362,240710,236942.9760443152,1.015898441129482,385,385,15.452499501407146,424.4129333496094,3.1067605018615723,
partsupp_yfcc_wiki_1,4way,B6,0.3,0.3,83904,238675,236656.4378531273,1.0085295044799307,385,385,15.121271833777428,398.8899230957031,3.23327898979187,
partsupp_yfcc_wiki_1,4way,B6,0.3,0.3,695261,239523,256928.52862461214,1.0726674625176378,385,385,15.155023895204067,376.3761291503906,2.9276514053344727,
partsupp_yfcc_wiki_1,4way,B6,0.3,0.3,386245,241633,246463.1327744639,1.0199895410579842,385,385,14.982904307544231,423.1973571777344,3.1456527709960938,
partsupp_yfcc_wiki_1,4way,B6,0.3,0.3,69504,240554,255952.84951938156,1.0640141071002003,385,385,15.085352584719658,422.7126770019531,3.4792094230651855,
partsupp_yfcc_wiki_1,4way,B6,0.3,0.3,681535,238526,245634.35036479408,1.029801155281999,385,385,14.959504827857018,418.3903503417969,3.5131537914276123,
partsupp_yfcc_wiki_1,4way,B6,0.3,0.3,696279,239325,221702.45073543253,1.079487390446564,385,385,15.13727754354477,429.7052307128906,3.1599717140197754,
partsupp_yfcc_wiki_1,4way,B6,0.3,0.3,340223,242088,234403.70123571646,1.03278232691623,385,385,14.846171252429485,433.58294677734375,3.186086893081665,
partsupp_yfcc_wiki_1,4way,B6,0.3,0.3,690943,240499,245847.23784922052,1.0222380876811152,385,385,21.7928821220994,444.6061096191406,3.3907504081726074,
partsupp_yfcc_wiki_1,4way,B6,0.3,0.3,636616,240470,224642.03745633023,1.0704585959195045,385,385,15.248693525791168,429.5113525390625,3.1242752075195312,
partsupp_yfcc_wiki_1,4way,B6,0.3,0.3,48106,239317,253320.24381632847,1.0585133685293082,385,385,15.131965279579163,440.9126892089844,3.2600338459014893,
partsupp_yfcc_wiki_1,4way,B6,0.3,0.3,352770,241032,245256.04729910597,1.0175248402664625,385,385,15.23632649332285,418.4549865722656,3.3219220638275146,
partsupp_yfcc_wiki_1,4way,B6,0.3,0.3,536954,239122,257647.9079667821,1.0774747115145495,385,385,15.044880099594593,446.292236328125,3.3249423503875732,
partsupp_yfcc_wiki_1,4way,B6,0.3,0.3,752067,240544,257094.1133130561,1.0688028523390984,385,385,14.794246293604374,415.6813659667969,2.98663592338562,
partsupp_yfcc_wiki_1,4way,B6,0.3,0.3,602570,239333,250034.1022536181,1.0447121886811184,385,385,14.82575573027134,423.0763244628906,3.009899854660034,
partsupp_yfcc_wiki_1,4way,B6,0.3,0.3,345404,241268,238076.83472933143,1.0134039301820212,385,385,14.938974753022194,418.1437072753906,3.121225357055664,
partsupp_yfcc_wiki_1,4way,B6,0.3,0.3,628777,239296,227332.45372796463,1.0526257737329112,385,385,14.976316131651402,421.3739318847656,3.125771999359131,
partsupp_yfcc_wiki_1,4way,B6,0.3,0.3,137071,239343,209297.33727125532,1.1435549210537956,385,385,15.008354559540749,432.3690490722656,3.0246407985687256,
partsupp_yfcc_wiki_1,4way,B6,0.3,0.3,296404,238282,228717.70850143998,1.0418170134758054,385,385,15.009318478405476,432.2679443359375,3.5045063495635986,
partsupp_yfcc_wiki_1,4way,B6,0.3,0.3,703153,240825,227407.83928529333,1.0590004318095394,385,385,15.027373097836971,424.7870178222656,3.4914815425872803,
partsupp_yfcc_wiki_1,4way,B6,0.3,0.3,438962,239228,224115.11811950424,1.0674335672100317,385,385,15.108427964150906,413.8764953613281,2.8561418056488037,
partsupp_yfcc_wiki_1,4way,B6,0.3,0.3,33248,238493,231233.00486666386,1.0313968809838479,385,385,15.318517573177814,408.7879333496094,2.670750141143799,
partsupp_yfcc_wiki_1,4way,B6,0.3,0.3,779894,240258,225263.00598431646,1.0665666071095914,385,385,15.20447712391615,406.853271484375,2.8263583183288574,
partsupp_yfcc_wiki_1,4way,B6,0.3,0.3,304120,239418,227329.94053565094,1.0531740756886943,385,385,15.263506211340427,407.2272033691406,3.010188102722168,
partsupp_yfcc_wiki_1,4way,B6,0.3,0.3,73745,238502,217526.6360044811,1.096426646321542,385,385,15.650138258934021,427.8609619140625,2.8961117267608643,
partsupp_yfcc_wiki_1,4way,B6,0.3,0.3,516733,239367,226163.17741162653,1.0583818406669356,385,385,15.341163612902164,382.1219177246094,3.2464287281036377,
partsupp_yfcc_wiki_1,4way,B6,0.3,0.3,181346,241147,229910.8362657595,1.0488718318663863,385,385,15.469804406166077,478.6587219238281,3.5127456188201904,
partsupp_yfcc_wiki_1,4way,B6,0.3,0.3,620747,240595,275595.3312671031,1.1454740591745594,385,385,17.461860552430153,397.3721008300781,3.2536380290985107,
partsupp_yfcc_wiki_1,4way,B6,0.3,0.3,738510,241221,234012.7309881977,1.0308028925664128,385,385,15.422250144183636,425.9847412109375,2.9687752723693848,
partsupp_yfcc_wiki_1,4way,B6,0.3,0.3,111011,239273,232072.48540950177,1.0310270068327687,385,385,15.470759011805058,417.3077392578125,3.0964415073394775,
partsupp_yfcc_wiki_1,4way,B6,0.3,0.3,426052,240433,261395.9043484084,1.0871881328619966,385,385,15.482756309211254,414.2445983886719,3.0850300788879395,
partsupp_yfcc_wiki_1,4way,B6,0.3,0.3,724169,241862,216428.20859370095,1.11751606489543,385,385,15.37334080785513,436.5622253417969,3.0649054050445557,
partsupp_yfcc_wiki_1,4way,B6,0.3,0.3,588630,240781,269087.8371953849,1.1175625867297871,385,385,15.583168715238571,441.3742370605469,3.2115602493286133,
partsupp_yfcc_wiki_1,4way,B6,0.3,0.3,790256,241473,222583.98033181528,1.0848624399654732,385,385,15.478014014661312,460.1905517578125,2.92677640914917,
partsupp_yfcc_wiki_1,4way,B6,0.3,0.3,201003,239312,245194.3758611873,1.024580363129251,385,385,15.267669223248959,442.0690002441406,3.108808755874634,
partsupp_yfcc_wiki_1,4way,B6,0.3,0.3,6443,239086,209264.92791702022,1.1425039177840863,385,385,15.260661020874977,425.3052978515625,3.1072123050689697,
partsupp_yfcc_wiki_1,4way,B6,0.3,0.3,642763,240583,227995.07871006802,1.0552113728118646,385,385,15.239509753882885,415.4331970214844,3.0508289337158203,
partsupp_yfcc_wiki_1,4way,B6,0.3,0.3,193392,239823,243415.21982687002,1.014978629351105,385,385,15.382521785795689,395.172119140625,3.203829765319824,
partsupp_yfcc_wiki_1,4way,B6,0.3,0.3,203755,241216,251412.24552846304,1.0422701874190063,385,385,15.351410955190659,410.82720947265625,3.1911702156066895,
partsupp_yfcc_wiki_1,4way,B6,0.3,0.3,94462,241365,238338.5320456848,1.01269818995837,385,385,15.425345860421658,435.7070007324219,3.1797454357147217,
partsupp_yfcc_wiki_1,4way,B6,0.3,0.3,590890,240063,251865.41361060806,1.0491638178753413,385,385,15.565663576126099,411.1960144042969,3.2003183364868164,
partsupp_yfcc_wiki_1,4way,B6,0.3,0.3,783383,238648,227432.54434346204,1.0493133279976006,385,385,15.22207073867321,436.21392822265625,3.1497702598571777,
partsupp_yfcc_wiki_1,4way,B6,0.3,0.3,737605,241848,210782.5239357757,1.1473816495037785,385,385,15.194776467978954,398.2601623535156,3.21191143989563,
partsupp_yfcc_wiki_1,4way,B6,0.3,0.3,516560,239738,245416.6288965655,1.0236868118386133,385,385,15.231166034936905,419.1053771972656,3.3689675331115723,
partsupp_yfcc_wiki_1,4way,B6,0.3,0.3,137642,240134,254172.58740911304,1.0584614732154256,385,385,14.992140233516693,401.0089416503906,3.1390323638916016,
partsupp_yfcc_wiki_1,4way,B6,0.3,0.3,37803,240623,245299.48406417674,1.0194349005048426,385,385,15.301649458706379,419.6958312988281,3.166006565093994,
partsupp_yfcc_wiki_1,4way,B6,0.3,0.3,254800,239612,257979.67889903084,1.0766559224873162,385,385,15.208695083856583,404.8648986816406,3.1417458057403564,
partsupp_yfcc_wiki_1,4way,B6,0.3,0.3,605930,238863,238072.89284049982,1.003318761535903,385,385,15.266955830156803,413.02581787109375,2.994133234024048,
partsupp_yfcc_wiki_1,4way,B6,0.3,0.3,209329,239031,230056.32552807595,1.039010770302983,385,385,19.679473713040352,423.5936584472656,3.0829358100891113,
partsupp_yfcc_wiki_1,4way,B6,0.3,0.3,766585,239714,223875.20966395916,1.070748299286085,385,385,25.26131272315979,408.5493469238281,3.306943655014038,
partsupp_yfcc_wiki_1,4way,B6,0.3,0.3,488782,239153,220808.86064851042,1.0830770074063751,385,385,34.06167309731245,481.4966125488281,3.3307135105133057,
partsupp_yfcc_wiki_1,4way,B6,0.3,0.3,374559,238234,260776.17896701337,1.0946220059563847,385,385,15.413839370012283,402.8977355957031,3.3245937824249268,
partsupp_yfcc_wiki_1,4way,B6,0.3,0.3,111780,238501,249796.30482361058,1.0473595700798344,385,385,21.32478728890419,428.5323791503906,3.373533010482788,
partsupp_yfcc_wiki_1,4way,B6,0.3,0.3,178188,239073,229956.96112272446,1.0396423697407031,385,385,86.70300524681807,413.9275207519531,3.3087639808654785,
partsupp_yfcc_wiki_1,4way,B6,0.3,0.3,539857,240173,216371.56657123202,1.1100025932516981,385,385,81.5877728164196,416.9714050292969,3.136941432952881,
partsupp_yfcc_wiki_1,4way,B6,0.3,0.3,781264,238584,227882.88736831205,1.046958825014326,385,385,18.818892538547516,412.2523498535156,2.9334139823913574,
partsupp_yfcc_wiki_1,4way,B6,0.3,0.3,771184,239728,247736.01740831186,1.033404597745411,385,385,17.77281705290079,425.8616638183594,3.119675874710083,
partsupp_yfcc_wiki_1,4way,B6,0.3,0.3,140785,238543,209414.0460751988,1.1390974219290966,385,385,19.069156609475613,414.0555419921875,3.075209140777588,
partsupp_yfcc_wiki_1,4way,B6,0.3,0.3,2505,242348,222158.77024425814,1.0908774825029157,385,385,19.954612478613853,410.19384765625,3.1343371868133545,
partsupp_yfcc_wiki_1,4way,B6,0.3,0.3,526089,240113,262327.8706645154,1.0925184003553137,385,385,19.158770330250263,424.7865295410156,3.0387539863586426,
partsupp_yfcc_wiki_1,4way,B6,0.3,0.3,608072,240188,219590.29277454573,1.093800627364717,385,385,18.38776934891939,394.3855895996094,3.3516080379486084,
partsupp_yfcc_wiki_1,4way,B6,0.3,0.3,224837,239576,245164.8673428893,1.0233281603453155,385,385,17.987875267863274,429.3984069824219,3.4280149936676025,
partsupp_yfcc_wiki_1,4way,B6,0.3,0.3,386133,240238,207365.22541286566,1.1585259752288959,385,385,18.10358464717865,406.8495788574219,3.221763849258423,
partsupp_yfcc_wiki_1,4way,B6,0.3,0.3,487850,240657,197202.9342856292,1.220352024029378,385,385,17.994875088334084,440.60479736328125,2.8483076095581055,
partsupp_yfcc_wiki_1,4way,B6,0.3,0.3,340195,238201,221129.9745093754,1.0771990569279464,385,385,31.607992947101593,429.46661376953125,3.2380805015563965,
partsupp_yfcc_wiki_1,4way,B6,0.3,0.3,122774,238182,227297.2225781194,1.0478878593342231,385,385,29.081263579428196,383.14825439453125,2.8582229614257812,
partsupp_yfcc_wiki_1,4way,B6,0.3,0.3,690833,238731,244399.63034973078,1.0237448439864567,385,385,28.32177933305502,419.6947326660156,3.3686435222625732,
partsupp_yfcc_wiki_1,4way,B6,0.3,0.3,686759,239028,258896.59703067248,1.083122466952292,385,385,22.44548313319683,386.7430114746094,3.4815328121185303,
partsupp_yfcc_wiki_1,4way,B6,0.3,0.3,154430,240095,212612.06180248072,1.1292633069098934,385,385,16.120903193950653,410.4521789550781,2.9615893363952637,
partsupp_yfcc_wiki_1,4way,B6,0.3,0.3,630926,239492,230624.7398895135,1.0384488676918815,385,385,16.060393303632736,415.25244140625,3.386004686355591,
partsupp_yfcc_wiki_1,4way,B6,0.3,0.3,255248,239192,235765.08001125368,1.014535316207908,385,385,16.12534001469612,423.3128356933594,3.1301348209381104,
partsupp_yfcc_wiki_1,4way,B6,0.3,0.3,48107,239649,240494.84414811578,1.0035295125292232,385,385,16.10609982162714,456.1448974609375,3.2600338459014893,
partsupp_yfcc_wiki_1,4way,B6,0.3,0.3,717611,238414,219225.1801954309,1.0875301814666682,385,385,49.66065101325512,418.3584899902344,2.774536371231079,
partsupp_yfcc_wiki_1,4way,B6,0.3,0.3,559097,238490,203425.79214774386,1.1723685452176573,385,385,16.35313592851162,439.0888366699219,3.3397130966186523,
partsupp_yfcc_wiki_1,4way,B6,0.3,0.3,527854,241647,245095.51708030084,1.0142708872044794,385,385,16.09960664063692,422.574951171875,3.1289029121398926,
partsupp_yfcc_wiki_1,4way,B6,0.3,0.3,692258,239457,235394.85335409374,1.017256735175071,385,385,16.097526997327805,402.27850341796875,3.7014622688293457,
partsupp_yfcc_wiki_1,4way,B6,0.3,0.3,344709,240479,250094.57316113802,1.0399850846067142,385,385,20.92449553310871,416.7320251464844,3.0800623893737793,
partsupp_yfcc_wiki_1,4way,B6,0.3,0.3,414737,240841,239236.82300103985,1.0067053933371837,385,385,23.30099232494831,407.9644470214844,3.3149447441101074,
partsupp_yfcc_wiki_1,4way,B6,0.3,0.3,362610,240086,236175.18099244227,1.0165589753805793,385,385,15.905747190117836,451.0261535644531,3.2579312324523926,
partsupp_yfcc_wiki_1,4way,B6,0.3,0.3,129857,240673,278823.84568289854,1.1585173479488706,385,385,15.846976079046726,433.4189758300781,3.086696147918701,
partsupp_yfcc_wiki_1,4way,B6,0.3,0.3,210898,240545,286561.3700067575,1.1913004635588247,385,385,15.850536525249481,420.5545654296875,2.8536884784698486,
partsupp_yfcc_wiki_1,4way,B6,0.3,0.3,793779,239767,261358.8031001309,1.09005327296972,385,385,15.849210321903229,393.6427001953125,2.997621774673462,
partsupp_yfcc_wiki_1,4way,B6,0.3,0.3,634727,240357,239366.59400789943,1.0041376115836276,385,385,15.782336704432964,415.6064758300781,2.794663429260254,
partsupp_yfcc_wiki_1,4way,B6,0.3,0.3,351141,240218,254961.2149330715,1.061374313886018,385,385,16.08972530812025,405.8410949707031,3.0803444385528564,
partsupp_yfcc_wiki_1,4way,B6,0.3,0.3,611020,241641,250810.37736561472,1.0379462813248361,385,385,16.057427041232586,442.6332092285156,2.904170274734497,
partsupp_yfcc_wiki_1,4way,B6,0.3,0.4,145860,240999,232876.7792444058,1.034877761458002,385,385,16.52004849165678,424.551025390625,3.1162526607513428,
partsupp_yfcc_wiki_1,4way,B6,0.3,0.4,359095,240414,255641.97863028228,1.063340648341121,385,385,16.0963898524642,457.84295654296875,2.8506760597229004,
partsupp_yfcc_wiki_1,4way,B6,0.3,0.4,286093,240431,234784.5884536748,1.0240493278690619,385,385,15.857554972171783,430.0592956542969,2.8322665691375732,
partsupp_yfcc_wiki_1,4way,B6,0.3,0.4,781121,239340,230770.5468357386,1.0371340852711204,385,385,16.03895053267479,442.4676208496094,2.9669148921966553,
partsupp_yfcc_wiki_1,4way,B6,0.3,0.4,142780,239878,248149.10669547002,1.0344804721377951,385,385,16.133802942931652,413.254150390625,3.127220392227173,
partsupp_yfcc_wiki_1,4way,B6,0.3,0.4,428790,240501,276231.3530536428,1.1485663388245486,385,385,15.716375783085823,431.5230712890625,2.7914769649505615,
partsupp_yfcc_wiki_1,4way,B6,0.3,0.4,322723,241524,255154.76624352208,1.056436487651422,385,385,15.93595091253519,433.58428955078125,3.2379202842712402,
partsupp_yfcc_wiki_1,4way,B6,0.3,0.4,588557,239504,220519.88047779753,1.0860880183730819,385,385,15.857106074690819,408.18133544921875,3.222794771194458,
partsupp_yfcc_wiki_1,4way,B6,0.3,0.4,263638,238982,282482.2705146892,1.182023208922384,385,385,16.349042765796185,422.840576171875,3.473875045776367,
partsupp_yfcc_wiki_1,4way,B6,0.3,0.4,693614,240682,211465.88781334835,1.138159929664114,385,385,15.877772122621536,443.9696044921875,2.864917039871216,
partsupp_yfcc_wiki_1,4way,B6,0.3,0.4,546912,239028,206027.32920440915,1.1601761811067763,385,385,29.362414963543415,410.3951416015625,3.3955962657928467,
partsupp_yfcc_wiki_1,4way,B6,0.3,0.4,444449,239588,223850.15321381512,1.070305275918898,385,385,34.38872843980789,447.8995361328125,3.01845121383667,
partsupp_yfcc_wiki_1,4way,B6,0.3,0.4,663176,238724,218923.88525126615,1.0904429168430325,385,385,28.12482789158821,408.12274169921875,2.7545394897460938,
partsupp_yfcc_wiki_1,4way,B6,0.3,0.4,763999,239427,228775.50009556173,1.0465587438339727,385,385,22.37072866410017,434.49395751953125,3.168591022491455,
partsupp_yfcc_wiki_1,4way,B6,0.3,0.4,782168,238518,241849.8355223922,1.0139689060045456,385,385,15.789493918418884,416.7886047363281,2.863349199295044,
partsupp_yfcc_wiki_1,4way,B6,0.3,0.4,673362,240710,233549.494674457,1.0306594768510373,385,385,15.69600310176611,424.4129333496094,3.1067605018615723,
partsupp_yfcc_wiki_1,4way,B6,0.3,0.4,83904,238675,234567.40003472017,1.0175113846368755,385,385,17.77482032775879,398.8899230957031,3.23327898979187,
partsupp_yfcc_wiki_1,4way,B6,0.3,0.4,695261,239523,246294.05399325464,1.0282689094293853,385,385,34.39549822360277,376.3761291503906,2.9276514053344727,
partsupp_yfcc_wiki_1,4way,B6,0.3,0.4,386245,241633,234005.0045043918,1.0325975741919016,385,385,29.102781787514687,423.1973571777344,3.1456527709960938,
partsupp_yfcc_wiki_1,4way,B6,0.3,0.4,69504,240554,243092.89046763102,1.0105543473300425,385,385,28.759928420186043,422.7126770019531,3.4792094230651855,
partsupp_yfcc_wiki_1,4way,B6,0.3,0.4,681535,238526,261705.41922187654,1.0971777467524568,385,385,34.01026222854853,418.3903503417969,3.5131537914276123,
partsupp_yfcc_wiki_1,4way,B6,0.3,0.4,696279,239325,247386.67116774246,1.0336850356951528,385,385,27.997189201414585,429.7052307128906,3.1599717140197754,
partsupp_yfcc_wiki_1,4way,B6,0.3,0.4,340223,242088,231252.44453542994,1.0468559607503305,385,385,34.00472458451986,433.58294677734375,3.186086893081665,
partsupp_yfcc_wiki_1,4way,B6,0.3,0.4,690943,240499,231184.20723606355,1.0402916482717397,385,385,22.245902568101883,444.6061096191406,3.3907504081726074,
partsupp_yfcc_wiki_1,4way,B6,0.3,0.4,636616,240470,247485.31542112862,1.029173349778054,385,385,21.935349330306053,429.5113525390625,3.1242752075195312,
partsupp_yfcc_wiki_1,4way,B6,0.3,0.4,48106,239317,233035.6092950372,1.0269546389239173,385,385,27.7981823310256,440.9126892089844,3.2600338459014893,
partsupp_yfcc_wiki_1,4way,B6,0.3,0.4,352770,241032,227136.07049724864,1.0611788760469891,385,385,20.67293506115675,418.4549865722656,3.3219220638275146,
partsupp_yfcc_wiki_1,4way,B6,0.3,0.4,536954,239122,231235.25911299922,1.034106999586714,385,385,15.926015563309193,446.292236328125,3.3249423503875732,
partsupp_yfcc_wiki_1,4way,B6,0.3,0.4,752067,240544,250018.75616144337,1.0393888692357462,385,385,15.588539652526379,415.6813659667969,2.98663592338562,
partsupp_yfcc_wiki_1,4way,B6,0.3,0.4,602570,239333,244608.11676654546,1.022040908552291,385,385,15.650155954062939,423.0763244628906,3.009899854660034,
partsupp_yfcc_wiki_1,4way,B6,0.3,0.4,345404,241268,264111.50301598513,1.0946810311188602,385,385,15.571406111121178,418.1437072753906,3.121225357055664,
partsupp_yfcc_wiki_1,4way,B6,0.3,0.4,628777,239296,243834.33512941905,1.0189653614327823,385,385,15.569456852972507,421.3739318847656,3.125771999359131,
partsupp_yfcc_wiki_1,4way,B6,0.3,0.4,137071,239343,253468.48899803092,1.059017765290946,385,385,15.715478919446468,432.3690490722656,3.0246407985687256,
partsupp_yfcc_wiki_1,4way,B6,0.3,0.4,296404,238282,260424.32553611096,1.0929248769781643,385,385,15.669729560613632,432.2679443359375,3.5045063495635986,
partsupp_yfcc_wiki_1,4way,B6,0.3,0.4,703153,240825,229190.56600497031,1.0507631452630444,385,385,15.540913678705692,424.7870178222656,3.4914815425872803,
partsupp_yfcc_wiki_1,4way,B6,0.3,0.4,438962,239228,225231.87350918175,1.0621409673184985,385,385,15.661916695535183,413.8764953613281,2.8561418056488037,
partsupp_yfcc_wiki_1,4way,B6,0.3,0.4,33248,238493,229203.70160445326,1.0405285705707217,385,385,15.781203284859657,408.7879333496094,2.670750141143799,
partsupp_yfcc_wiki_1,4way,B6,0.3,0.4,779894,240258,242314.88865026162,1.0085611661225085,385,385,15.634601004421711,406.853271484375,2.8263583183288574,
partsupp_yfcc_wiki_1,4way,B6,0.3,0.4,304120,239418,229181.81196034723,1.0446640505723195,385,385,15.582307241857052,407.2272033691406,3.010188102722168,
partsupp_yfcc_wiki_1,4way,B6,0.3,0.4,73745,238502,244557.3913437143,1.0253892686170947,385,385,15.80115221440792,427.8609619140625,2.8961117267608643,
partsupp_yfcc_wiki_1,4way,B6,0.3,0.4,516733,239367,237239.38961172345,1.0089682003977447,385,385,16.39670319855213,382.1219177246094,3.2464287281036377,
partsupp_yfcc_wiki_1,4way,B6,0.3,0.4,181346,241147,217940.6333314677,1.106480220387529,385,385,15.747551806271076,478.6587219238281,3.5127456188201904,
partsupp_yfcc_wiki_1,4way,B6,0.3,0.4,620747,240595,220295.79446489562,1.092145224943634,385,385,15.611770562827587,397.3721008300781,3.2536380290985107,
partsupp_yfcc_wiki_1,4way,B6,0.3,0.4,738510,241221,256062.854638124,1.0615280371034197,385,385,15.574118122458458,425.9847412109375,2.9687752723693848,
partsupp_yfcc_wiki_1,4way,B6,0.3,0.4,111011,239273,227497.3880165816,1.0517615260820494,385,385,37.76929900050163,417.3077392578125,3.0964415073394775,
partsupp_yfcc_wiki_1,4way,B6,0.3,0.4,426052,240433,235855.82870126754,1.0194066490700548,385,385,27.34809834510088,414.2445983886719,3.0850300788879395,
partsupp_yfcc_wiki_1,4way,B6,0.3,0.4,724169,241862,239879.8428602798,1.0082631250549665,385,385,15.205972827970982,436.5622253417969,3.0649054050445557,
partsupp_yfcc_wiki_1,4way,B6,0.3,0.4,588630,240781,222020.21790710237,1.0845003318605313,385,385,15.446007251739502,441.3742370605469,3.2115602493286133,
partsupp_yfcc_wiki_1,4way,B6,0.3,0.4,790256,241473,251243.65845981755,1.0404627368683768,385,385,15.40387887507677,460.1905517578125,2.92677640914917,
partsupp_yfcc_wiki_1,4way,B6,0.3,0.4,201003,239312,191258.10193573197,1.2512515683148182,385,385,15.244805254042149,442.0690002441406,3.108808755874634,
partsupp_yfcc_wiki_1,4way,B6,0.3,0.4,6443,239086,215123.884021946,1.1113875202049137,385,385,15.236827544867992,425.3052978515625,3.1072123050689697,
partsupp_yfcc_wiki_1,4way,B6,0.3,0.4,642763,240583,240944.38828326322,1.0015021355759268,385,385,23.638288490474224,415.4331970214844,3.0508289337158203,
partsupp_yfcc_wiki_1,4way,B6,0.3,0.4,193392,239823,245775.56276043845,1.024820650064583,385,385,22.829419933259487,395.172119140625,3.203829765319824,
partsupp_yfcc_wiki_1,4way,B6,0.3,0.4,203755,241216,238452.97115869785,1.0115873114429061,385,385,14.801490120589733,410.82720947265625,3.1911702156066895,
partsupp_yfcc_wiki_1,4way,B6,0.3,0.4,94462,241365,244889.91977761593,1.0146041048934846,385,385,15.040848404169083,435.7070007324219,3.1797454357147217,
partsupp_yfcc_wiki_1,4way,B6,0.3,0.4,590890,240063,211591.15262350772,1.1345606705359432,385,385,15.053411945700645,411.1960144042969,3.2003183364868164,
partsupp_yfcc_wiki_1,4way,B6,0.3,0.4,783383,238648,226554.6013865823,1.0533796203626078,385,385,14.865215867757797,436.21392822265625,3.1497702598571777,
partsupp_yfcc_wiki_1,4way,B6,0.3,0.4,737605,241848,243252.98267114963,1.0058093623728526,385,385,14.795760624110699,398.2601623535156,3.21191143989563,
partsupp_yfcc_wiki_1,4way,B6,0.3,0.4,516560,239738,248487.65177224795,1.0364967246421006,385,385,14.819978736341,419.1053771972656,3.3689675331115723,
partsupp_yfcc_wiki_1,4way,B6,0.3,0.4,137642,240134,223465.5525661725,1.074590679603254,385,385,15.026475302875042,401.0089416503906,3.1390323638916016,
partsupp_yfcc_wiki_1,4way,B6,0.3,0.4,37803,240623,217525.93124682366,1.106180760246779,385,385,15.34083392471075,419.6958312988281,3.166006565093994,
partsupp_yfcc_wiki_1,4way,B6,0.3,0.4,254800,239612,284569.9497609388,1.1876281228024423,385,385,15.184344723820686,404.8648986816406,3.1417458057403564,
partsupp_yfcc_wiki_1,4way,B6,0.3,0.4,605930,238863,264037.6645100303,1.1053937382936256,385,385,15.28202835470438,413.02581787109375,2.994133234024048,
partsupp_yfcc_wiki_1,4way,B6,0.3,0.4,209329,239031,262732.28678121144,1.0991557027381864,385,385,15.303841792047024,423.5936584472656,3.0829358100891113,
partsupp_yfcc_wiki_1,4way,B6,0.3,0.4,766585,239714,233250.76302610434,1.027709392629821,385,385,15.46380389481783,408.5493469238281,3.306943655014038,
partsupp_yfcc_wiki_1,4way,B6,0.3,0.4,488782,239153,267318.7543833402,1.1177729503010214,385,385,15.468995086848736,481.4966125488281,3.3307135105133057,
partsupp_yfcc_wiki_1,4way,B6,0.3,0.4,374559,238234,234288.1847503477,1.016841716767992,385,385,15.322979539632797,402.8977355957031,3.3245937824249268,
partsupp_yfcc_wiki_1,4way,B6,0.3,0.4,111780,238501,272099.8913908172,1.140875264216155,385,385,15.134567394852638,428.5323791503906,3.373533010482788,
partsupp_yfcc_wiki_1,4way,B6,0.3,0.4,178188,239073,225180.8721701489,1.0616931966555048,385,385,15.710793435573578,413.9275207519531,3.3087639808654785,
partsupp_yfcc_wiki_1,4way,B6,0.3,0.4,539857,240173,238344.11096876755,1.0076733132771722,385,385,15.309642069041729,416.9714050292969,3.136941432952881,
partsupp_yfcc_wiki_1,4way,B6,0.3,0.4,781264,238584,225794.60445737527,1.0566417234519838,385,385,15.156093053519726,412.2523498535156,2.9334139823913574,
partsupp_yfcc_wiki_1,4way,B6,0.3,0.4,771184,239728,238479.45869607053,1.0052354249324285,385,385,15.110529959201813,425.8616638183594,3.119675874710083,
partsupp_yfcc_wiki_1,4way,B6,0.3,0.4,140785,238543,206741.88483972696,1.15382037938237,385,385,14.927885495126247,414.0555419921875,3.075209140777588,
partsupp_yfcc_wiki_1,4way,B6,0.3,0.4,2505,242348,263807.5344672731,1.0885484281581572,385,385,15.08900336921215,410.19384765625,3.1343371868133545,
partsupp_yfcc_wiki_1,4way,B6,0.3,0.4,526089,240113,200051.75901077795,1.2002543801030199,385,385,15.06790891289711,424.7865295410156,3.0387539863586426,
partsupp_yfcc_wiki_1,4way,B6,0.3,0.4,608072,240188,236639.61605159543,1.0149948855040016,385,385,14.960892498493195,394.3855895996094,3.3516080379486084,
partsupp_yfcc_wiki_1,4way,B6,0.3,0.4,224837,239576,258235.49259358292,1.0778854834941018,385,385,15.482397750020027,429.3984069824219,3.4280149936676025,
partsupp_yfcc_wiki_1,4way,B6,0.3,0.4,386133,240238,264044.7288172016,1.0990964327758375,385,385,15.295851975679398,406.8495788574219,3.221763849258423,
partsupp_yfcc_wiki_1,4way,B6,0.3,0.4,487850,240657,260260.50659777768,1.0814582854343637,385,385,15.034228563308716,440.60479736328125,2.8483076095581055,
partsupp_yfcc_wiki_1,4way,B6,0.3,0.4,340195,238201,251623.19922345917,1.0563482068650392,385,385,15.109471045434475,429.46661376953125,3.2380805015563965,
partsupp_yfcc_wiki_1,4way,B6,0.3,0.4,122774,238182,226750.9776722855,1.0504122295085991,385,385,15.416937880218029,383.14825439453125,2.8582229614257812,
partsupp_yfcc_wiki_1,4way,B6,0.3,0.4,690833,238731,230471.14480707378,1.0358389992805412,385,385,14.949602074921131,419.6947326660156,3.3686435222625732,
partsupp_yfcc_wiki_1,4way,B6,0.3,0.4,686759,239028,253518.10299615195,1.0606209439737266,385,385,14.98689316213131,386.7430114746094,3.4815328121185303,
partsupp_yfcc_wiki_1,4way,B6,0.3,0.4,154430,240095,240562.5393038973,1.0019473096228464,385,385,14.961769804358482,410.4521789550781,2.9615893363952637,
partsupp_yfcc_wiki_1,4way,B6,0.3,0.4,630926,239492,233404.6560281856,1.0260806449854167,385,385,15.027767047286034,415.25244140625,3.386004686355591,
partsupp_yfcc_wiki_1,4way,B6,0.3,0.4,255248,239192,239301.2334324633,1.0004566767804246,385,385,15.21400548517704,423.3128356933594,3.1301348209381104,
partsupp_yfcc_wiki_1,4way,B6,0.3,0.4,48107,239649,243562.99349082258,1.0163321920426232,385,385,15.247052535414696,456.1448974609375,3.2600338459014893,
partsupp_yfcc_wiki_1,4way,B6,0.3,0.4,717611,238414,255485.40356113316,1.0716040314794146,385,385,15.529116615653038,418.3584899902344,2.774536371231079,
partsupp_yfcc_wiki_1,4way,B6,0.3,0.4,559097,238490,249299.77446405328,1.0453259024028398,385,385,14.32376354932785,439.0888366699219,3.3397130966186523,
partsupp_yfcc_wiki_1,4way,B6,0.3,0.4,527854,241647,262838.7316355936,1.0876970607356746,385,385,15.412877313792706,422.574951171875,3.1289029121398926,
partsupp_yfcc_wiki_1,4way,B6,0.3,0.4,692258,239457,237713.99160941158,1.0073323760994783,385,385,15.490714460611343,402.27850341796875,3.7014622688293457,
partsupp_yfcc_wiki_1,4way,B6,0.3,0.4,344709,240479,226215.29113194544,1.0630536901227199,385,385,15.483698807656765,416.7320251464844,3.0800623893737793,
partsupp_yfcc_wiki_1,4way,B6,0.3,0.4,414737,240841,227424.01725171675,1.0589954522412341,385,385,15.513570979237556,407.9644470214844,3.3149447441101074,
partsupp_yfcc_wiki_1,4way,B6,0.3,0.4,362610,240086,231480.29325214674,1.0371768439850697,385,385,15.443362295627594,451.0261535644531,3.2579312324523926,
partsupp_yfcc_wiki_1,4way,B6,0.3,0.4,129857,240673,236236.57371531602,1.0187795912161774,385,385,15.25201927870512,433.4189758300781,3.086696147918701,
partsupp_yfcc_wiki_1,4way,B6,0.3,0.4,210898,240545,222759.21443921005,1.079843096976101,385,385,16.888114623725414,420.5545654296875,2.8536884784698486,
partsupp_yfcc_wiki_1,4way,B6,0.3,0.4,793779,239767,224231.27712924502,1.0692843704484647,385,385,15.180553309619427,393.6427001953125,2.997621774673462,
partsupp_yfcc_wiki_1,4way,B6,0.3,0.4,634727,240357,278274.25616386376,1.1577539084106714,385,385,15.51113836467266,415.6064758300781,2.794663429260254,
partsupp_yfcc_wiki_1,4way,B6,0.3,0.4,351141,240218,238965.0969164401,1.0052430379989679,385,385,15.464353375136852,405.8410949707031,3.0803444385528564,
partsupp_yfcc_wiki_1,4way,B6,0.3,0.4,611020,241641,239071.2104657296,1.0107490547660016,385,385,15.57120680809021,442.6332092285156,2.904170274734497,
partsupp_yfcc_wiki_1,4way,B6,0.3,0.5,145860,240999,235137.5452781163,1.0249277703182231,385,385,15.640035271644592,424.551025390625,3.1162526607513428,
partsupp_yfcc_wiki_1,4way,B6,0.3,0.5,359095,240414,236112.31706413507,1.0182187993805358,385,385,15.19894227385521,457.84295654296875,2.8506760597229004,
partsupp_yfcc_wiki_1,4way,B6,0.3,0.5,286093,240431,231344.96932171527,1.0392748141657207,385,385,15.335462056100368,430.0592956542969,2.8322665691375732,
partsupp_yfcc_wiki_1,4way,B6,0.3,0.5,781121,239340,233023.78188069456,1.0271054656667586,385,385,15.592988580465317,442.4676208496094,2.9669148921966553,
partsupp_yfcc_wiki_1,4way,B6,0.3,0.5,142780,239878,203404.10063976256,1.1793174240121849,385,385,15.73117170482874,413.254150390625,3.127220392227173,
partsupp_yfcc_wiki_1,4way,B6,0.3,0.5,428790,240501,229915.25375709115,1.04604194836978,385,385,20.794126205146313,431.5230712890625,2.7914769649505615,
partsupp_yfcc_wiki_1,4way,B6,0.3,0.5,322723,241524,238622.92680032662,1.0121575627228012,385,385,15.446201898157597,433.58428955078125,3.2379202842712402,
partsupp_yfcc_wiki_1,4way,B6,0.3,0.5,588557,239504,231529.69257494912,1.0344418348090256,385,385,15.705408528447151,408.18133544921875,3.222794771194458,
partsupp_yfcc_wiki_1,4way,B6,0.3,0.5,263638,238982,259849.88697606814,1.0873199110228726,385,385,15.559840016067028,422.840576171875,3.473875045776367,
partsupp_yfcc_wiki_1,4way,B6,0.3,0.5,693614,240682,247149.13413718244,1.0268700365510608,385,385,15.607671812176704,443.9696044921875,2.864917039871216,
partsupp_yfcc_wiki_1,4way,B6,0.3,0.5,546912,239028,259657.37267580532,1.086305255768384,385,385,15.35812858492136,410.3951416015625,3.3955962657928467,
partsupp_yfcc_wiki_1,4way,B6,0.3,0.5,444449,239588,249090.43604314362,1.0396615692069036,385,385,15.214202925562859,447.8995361328125,3.01845121383667,
partsupp_yfcc_wiki_1,4way,B6,0.3,0.5,663176,238724,254253.252427289,1.06505107332019,385,385,15.345125459134579,408.12274169921875,2.7545394897460938,
partsupp_yfcc_wiki_1,4way,B6,0.3,0.5,763999,239427,234550.60802808558,1.020790361674656,385,385,15.139549039304256,434.49395751953125,3.168591022491455,
partsupp_yfcc_wiki_1,4way,B6,0.3,0.5,782168,238518,253368.04472631827,1.062259639634402,385,385,15.097757801413536,416.7886047363281,2.863349199295044,
partsupp_yfcc_wiki_1,4way,B6,0.3,0.5,673362,240710,200340.50719770254,1.2015043955262603,385,385,15.099056996405125,424.4129333496094,3.1067605018615723,
partsupp_yfcc_wiki_1,4way,B6,0.3,0.5,83904,238675,211869.88082280464,1.1265168936381929,385,385,15.209659934043884,398.8899230957031,3.23327898979187,
partsupp_yfcc_wiki_1,4way,B6,0.3,0.5,695261,239523,248319.8994347774,1.0367267420447197,385,385,15.196467749774456,376.3761291503906,2.9276514053344727,
partsupp_yfcc_wiki_1,4way,B6,0.3,0.5,386245,241633,270335.7154901625,1.1187864053757661,385,385,15.185235068202019,423.1973571777344,3.1456527709960938,
partsupp_yfcc_wiki_1,4way,B6,0.3,0.5,69504,240554,247277.9719559594,1.0279520272203306,385,385,14.922717586159706,422.7126770019531,3.4792094230651855,
partsupp_yfcc_wiki_1,4way,B6,0.3,0.5,681535,238526,254360.7644193996,1.0663859051818234,385,385,15.306937508285046,418.3903503417969,3.5131537914276123,
partsupp_yfcc_wiki_1,4way,B6,0.3,0.5,696279,239325,239516.51731168097,1.0008002394721862,385,385,14.995706267654896,429.7052307128906,3.1599717140197754,
partsupp_yfcc_wiki_1,4way,B6,0.3,0.5,340223,242088,263420.19221619295,1.0881175118807747,385,385,15.253741294145584,433.58294677734375,3.186086893081665,
partsupp_yfcc_wiki_1,4way,B6,0.3,0.5,690943,240499,248059.99613347725,1.0314387840842467,385,385,15.246497467160225,444.6061096191406,3.3907504081726074,
partsupp_yfcc_wiki_1,4way,B6,0.3,0.5,636616,240470,219565.06892040707,1.0952106415760106,385,385,15.110530890524387,429.5113525390625,3.1242752075195312,
partsupp_yfcc_wiki_1,4way,B6,0.3,0.5,48106,239317,254537.97279532696,1.0636017198750067,385,385,15.165429562330246,440.9126892089844,3.2600338459014893,
partsupp_yfcc_wiki_1,4way,B6,0.3,0.5,352770,241032,237070.96352079368,1.0167082312417348,385,385,15.23816492408514,418.4549865722656,3.3219220638275146,
partsupp_yfcc_wiki_1,4way,B6,0.3,0.5,536954,239122,267034.21456927387,1.1167279236928174,385,385,15.139203518629074,446.292236328125,3.3249423503875732,
partsupp_yfcc_wiki_1,4way,B6,0.3,0.5,752067,240544,214802.47366541225,1.119838128003517,385,385,15.11769462376833,415.6813659667969,2.98663592338562,
partsupp_yfcc_wiki_1,4way,B6,0.3,0.5,602570,239333,251400.91257889595,1.0504231032866171,385,385,15.089266933500767,423.0763244628906,3.009899854660034,
partsupp_yfcc_wiki_1,4way,B6,0.3,0.5,345404,241268,270699.1633252705,1.1219853578811552,385,385,15.022248029708862,418.1437072753906,3.121225357055664,
partsupp_yfcc_wiki_1,4way,B6,0.3,0.5,628777,239296,225397.54174456038,1.0616619779784047,385,385,15.137556940317154,421.3739318847656,3.125771999359131,
partsupp_yfcc_wiki_1,4way,B6,0.3,0.5,137071,239343,245190.72481549848,1.024432403769897,385,385,15.076935291290283,432.3690490722656,3.0246407985687256,
partsupp_yfcc_wiki_1,4way,B6,0.3,0.5,296404,238282,234277.9432310347,1.0170910531044601,385,385,15.00593964010477,432.2679443359375,3.5045063495635986,
partsupp_yfcc_wiki_1,4way,B6,0.3,0.5,703153,240825,229249.23882792474,1.050494218568656,385,385,15.070721507072449,424.7870178222656,3.4914815425872803,
partsupp_yfcc_wiki_1,4way,B6,0.3,0.5,438962,239228,235985.63147944058,1.0137396861844188,385,385,17.277522012591362,413.8764953613281,2.8561418056488037,
partsupp_yfcc_wiki_1,4way,B6,0.3,0.5,33248,238493,237409.69505614747,1.0045630189769477,385,385,27.624896727502346,408.7879333496094,2.670750141143799,
partsupp_yfcc_wiki_1,4way,B6,0.3,0.5,779894,240258,245968.04396151626,1.0237663010660052,385,385,21.28930203616619,406.853271484375,2.8263583183288574,
partsupp_yfcc_wiki_1,4way,B6,0.3,0.5,304120,239418,233799.31776902586,1.0240320728246304,385,385,27.1490179002285,407.2272033691406,3.010188102722168,
partsupp_yfcc_wiki_1,4way,B6,0.3,0.5,73745,238502,236945.86014607258,1.0065674912107268,385,385,21.25393971800804,427.8609619140625,2.8961117267608643,
partsupp_yfcc_wiki_1,4way,B6,0.3,0.5,516733,239367,253686.53177686548,1.0598224975742916,385,385,27.33384817838669,382.1219177246094,3.2464287281036377,
partsupp_yfcc_wiki_1,4way,B6,0.3,0.5,181346,241147,253955.4895002776,1.0531148614756873,385,385,27.357399463653564,478.6587219238281,3.5127456188201904,
partsupp_yfcc_wiki_1,4way,B6,0.3,0.5,620747,240595,242170.51855599403,1.0065484260104909,385,385,21.041324362158775,397.3721008300781,3.2536380290985107,
partsupp_yfcc_wiki_1,4way,B6,0.3,0.5,738510,241221,263920.2309923864,1.094101388321856,385,385,21.128183230757713,425.9847412109375,2.9687752723693848,
partsupp_yfcc_wiki_1,4way,B6,0.3,0.5,111011,239273,267035.24103890825,1.1160274708759794,385,385,27.30388380587101,417.3077392578125,3.0964415073394775,
partsupp_yfcc_wiki_1,4way,B6,0.3,0.5,426052,240433,222715.18484332884,1.079553691721267,385,385,21.094500087201595,414.2445983886719,3.0850300788879395,
partsupp_yfcc_wiki_1,4way,B6,0.3,0.5,724169,241862,245466.10136457745,1.014901478382621,385,385,27.105082757771015,436.5622253417969,3.0649054050445557,
partsupp_yfcc_wiki_1,4way,B6,0.3,0.5,588630,240781,235945.8260092399,1.0204927295071995,385,385,30.455180443823338,441.3742370605469,3.2115602493286133,
partsupp_yfcc_wiki_1,4way,B6,0.3,0.5,790256,241473,237896.33540735068,1.0150345510220868,385,385,54.29150257259607,460.1905517578125,2.92677640914917,
partsupp_yfcc_wiki_1,4way,B6,0.3,0.5,201003,239312,230680.89579158372,1.0374157737631395,385,385,23.651552386581898,442.0690002441406,3.108808755874634,
partsupp_yfcc_wiki_1,4way,B6,0.3,0.5,6443,239086,229147.03941138694,1.0433737246361263,385,385,19.727488048374653,425.3052978515625,3.1072123050689697,
partsupp_yfcc_wiki_1,4way,B6,0.3,0.5,642763,240583,220756.0606199341,1.089813794123646,385,385,15.233827754855156,415.4331970214844,3.0508289337158203,
partsupp_yfcc_wiki_1,4way,B6,0.3,0.5,193392,239823,224163.1321547808,1.0698592480158884,385,385,17.58409198373556,395.172119140625,3.203829765319824,
partsupp_yfcc_wiki_1,4way,B6,0.3,0.5,203755,241216,260634.33995670636,1.0805018736597338,385,385,15.234198421239853,410.82720947265625,3.1911702156066895,
partsupp_yfcc_wiki_1,4way,B6,0.3,0.5,94462,241365,194185.5235963201,1.242960832146058,385,385,15.153368934988976,435.7070007324219,3.1797454357147217,
partsupp_yfcc_wiki_1,4way,B6,0.3,0.5,590890,240063,234399.98391906678,1.0241596265761201,385,385,15.170607715845108,411.1960144042969,3.2003183364868164,
partsupp_yfcc_wiki_1,4way,B6,0.3,0.5,783383,238648,226845.00020427143,1.0520311216253393,385,385,15.0402020663023,436.21392822265625,3.1497702598571777,
partsupp_yfcc_wiki_1,4way,B6,0.3,0.5,737605,241848,241013.93843771692,1.003460636209215,385,385,15.064353123307228,398.2601623535156,3.21191143989563,
partsupp_yfcc_wiki_1,4way,B6,0.3,0.5,516560,239738,244325.54449972307,1.0191356585093856,385,385,15.073663555085659,419.1053771972656,3.3689675331115723,
partsupp_yfcc_wiki_1,4way,B6,0.3,0.5,137642,240134,221527.74655526064,1.0839906229989928,385,385,15.014555305242538,401.0089416503906,3.1390323638916016,
partsupp_yfcc_wiki_1,4way,B6,0.3,0.5,37803,240623,238305.60776381052,1.0097244553241327,385,385,15.094680711627007,419.6958312988281,3.166006565093994,
partsupp_yfcc_wiki_1,4way,B6,0.3,0.5,254800,239612,273923.3342125983,1.1431953917691864,385,385,15.058343298733234,404.8648986816406,3.1417458057403564,
partsupp_yfcc_wiki_1,4way,B6,0.3,0.5,605930,238863,240371.52284825244,1.0063154312231382,385,385,15.037044882774353,413.02581787109375,2.994133234024048,
partsupp_yfcc_wiki_1,4way,B6,0.3,0.5,209329,239031,249237.93203015625,1.0427012899170245,385,385,15.10738767683506,423.5936584472656,3.0829358100891113,
partsupp_yfcc_wiki_1,4way,B6,0.3,0.5,766585,239714,242132.1390479086,1.0100876004234571,385,385,15.026426874101162,408.5493469238281,3.306943655014038,
partsupp_yfcc_wiki_1,4way,B6,0.3,0.5,488782,239153,207691.50231888422,1.1514818725361744,385,385,15.072195790708065,481.4966125488281,3.3307135105133057,
partsupp_yfcc_wiki_1,4way,B6,0.3,0.5,374559,238234,238671.0494544834,1.0018345385397693,385,385,14.740168116986752,402.8977355957031,3.3245937824249268,
partsupp_yfcc_wiki_1,4way,B6,0.3,0.5,111780,238501,249502.1906287532,1.046126392043443,385,385,14.934132806956768,428.5323791503906,3.373533010482788,
partsupp_yfcc_wiki_1,4way,B6,0.3,0.5,178188,239073,234821.75564026771,1.0181041332739413,385,385,15.092461369931698,413.9275207519531,3.3087639808654785,
partsupp_yfcc_wiki_1,4way,B6,0.3,0.5,539857,240173,215837.07888130183,1.1127513458059797,385,385,15.047269873321056,416.9714050292969,3.136941432952881,
partsupp_yfcc_wiki_1,4way,B6,0.3,0.5,781264,238584,261880.5793437362,1.097645187203401,385,385,14.894688501954079,412.2523498535156,2.9334139823913574,
partsupp_yfcc_wiki_1,4way,B6,0.3,0.5,771184,239728,223084.29412039253,1.0746072507938427,385,385,15.090498141944408,425.8616638183594,3.119675874710083,
partsupp_yfcc_wiki_1,4way,B6,0.3,0.5,140785,238543,278620.28712582414,1.168008648863409,385,385,14.846759848296642,414.0555419921875,3.075209140777588,
partsupp_yfcc_wiki_1,4way,B6,0.3,0.5,2505,242348,250446.76577945935,1.0334179187757249,385,385,15.85281640291214,410.19384765625,3.1343371868133545,
partsupp_yfcc_wiki_1,4way,B6,0.3,0.5,526089,240113,266322.2591127344,1.1091538530305916,385,385,15.052097849547863,424.7865295410156,3.0387539863586426,
partsupp_yfcc_wiki_1,4way,B6,0.3,0.5,608072,240188,227245.33632299077,1.056954584355533,385,385,15.112282708287239,394.3855895996094,3.3516080379486084,
partsupp_yfcc_wiki_1,4way,B6,0.3,0.5,224837,239576,212945.15976713176,1.125059617518382,385,385,14.92080558091402,429.3984069824219,3.4280149936676025,
partsupp_yfcc_wiki_1,4way,B6,0.3,0.5,386133,240238,251977.35692687795,1.0488655288791864,385,385,15.117323957383633,406.8495788574219,3.221763849258423,
partsupp_yfcc_wiki_1,4way,B6,0.3,0.5,487850,240657,247154.8662765365,1.0270005288711173,385,385,15.066858381032944,440.60479736328125,2.8483076095581055,
partsupp_yfcc_wiki_1,4way,B6,0.3,0.5,340195,238201,255076.30738425264,1.0708448217440423,385,385,15.294665470719337,429.46661376953125,3.2380805015563965,
partsupp_yfcc_wiki_1,4way,B6,0.3,0.5,122774,238182,229269.98379950144,1.0388712733032346,385,385,15.23827388882637,383.14825439453125,2.8582229614257812,
partsupp_yfcc_wiki_1,4way,B6,0.3,0.5,690833,238731,259695.29158166898,1.0878155395891986,385,385,15.02757053822279,419.6947326660156,3.3686435222625732,
partsupp_yfcc_wiki_1,4way,B6,0.3,0.5,686759,239028,247274.20121938188,1.0344988922610818,385,385,15.022660605609417,386.7430114746094,3.4815328121185303,
partsupp_yfcc_wiki_1,4way,B6,0.3,0.5,154430,240095,226704.1960017036,1.0590672966555756,385,385,14.662609435617924,410.4521789550781,2.9615893363952637,
partsupp_yfcc_wiki_1,4way,B6,0.3,0.5,630926,239492,226226.19824342636,1.0586395468764376,385,385,14.928821474313736,415.25244140625,3.386004686355591,
partsupp_yfcc_wiki_1,4way,B6,0.3,0.5,255248,239192,241368.06922365655,1.0090975836301237,385,385,14.977175742387772,423.3128356933594,3.1301348209381104,
partsupp_yfcc_wiki_1,4way,B6,0.3,0.5,48107,239649,243092.00667236905,1.0143668726861745,385,385,15.134502202272415,456.1448974609375,3.2600338459014893,
partsupp_yfcc_wiki_1,4way,B6,0.3,0.5,717611,238414,257174.15129453503,1.078687288894675,385,385,17.36644096672535,418.3584899902344,2.774536371231079,
partsupp_yfcc_wiki_1,4way,B6,0.3,0.5,559097,238490,253185.854931881,1.061620424050824,385,385,15.433351509273052,439.0888366699219,3.3397130966186523,
partsupp_yfcc_wiki_1,4way,B6,0.3,0.5,527854,241647,242766.31140173075,1.0046320103362787,385,385,15.580805018544197,422.574951171875,3.1289029121398926,
partsupp_yfcc_wiki_1,4way,B6,0.3,0.5,692258,239457,233004.4296368868,1.0276929085561544,385,385,15.094242058694363,402.27850341796875,3.7014622688293457,
partsupp_yfcc_wiki_1,4way,B6,0.3,0.5,344709,240479,234245.8896352613,1.026609262490984,385,385,15.232731588184834,416.7320251464844,3.0800623893737793,
partsupp_yfcc_wiki_1,4way,B6,0.3,0.5,414737,240841,245517.89371481034,1.0194190096985578,385,385,15.24633914232254,407.9644470214844,3.3149447441101074,
partsupp_yfcc_wiki_1,4way,B6,0.3,0.5,362610,240086,263795.48828687234,1.0987541476257354,385,385,15.314619056880474,451.0261535644531,3.2579312324523926,
partsupp_yfcc_wiki_1,4way,B6,0.3,0.5,129857,240673,227757.13671066955,1.0567089289752447,385,385,15.356533229351044,433.4189758300781,3.086696147918701,
partsupp_yfcc_wiki_1,4way,B6,0.3,0.5,210898,240545,255396.11268647638,1.0617394362238932,385,385,15.203895047307014,420.5545654296875,2.8536884784698486,
partsupp_yfcc_wiki_1,4way,B6,0.3,0.5,793779,239767,217305.75936380873,1.103362380739238,385,385,15.357420779764652,393.6427001953125,2.997621774673462,
partsupp_yfcc_wiki_1,4way,B6,0.3,0.5,634727,240357,253677.44969229389,1.0554194373049002,385,385,15.226926654577255,415.6064758300781,2.794663429260254,
partsupp_yfcc_wiki_1,4way,B6,0.3,0.5,351141,240218,257704.00142420904,1.072792219668006,385,385,15.405548736453056,405.8410949707031,3.0803444385528564,
partsupp_yfcc_wiki_1,4way,B6,0.3,0.5,611020,241641,267486.7083713516,1.1069591185740482,385,385,15.437835827469826,442.6332092285156,2.904170274734497,
partsupp_yfcc_wiki_1,4way,B6,0.5,0.1,145860,399615,392624.2922498078,1.01780508208021,385,385,15.583248808979988,439.1873474121094,3.2196497917175293,
partsupp_yfcc_wiki_1,4way,B6,0.5,0.1,359095,401783,361248.59279855987,1.1122064085770516,385,385,15.285346657037735,473.7404479980469,2.9822144508361816,
partsupp_yfcc_wiki_1,4way,B6,0.5,0.1,286093,401388,370816.0824838016,1.082444961155464,385,385,15.003296546638012,445.08160400390625,2.9649856090545654,
partsupp_yfcc_wiki_1,4way,B6,0.5,0.1,781121,400386,410273.64253393677,1.0246952753940866,385,385,14.85085766762495,450.5244445800781,3.111022710800171,
partsupp_yfcc_wiki_1,4way,B6,0.5,0.1,142780,397935,386101.155631515,1.0306495958271074,385,385,15.545466914772987,429.25823974609375,3.2252681255340576,
partsupp_yfcc_wiki_1,4way,B6,0.5,0.1,428790,400238,387525.97450233216,1.0328030282718283,385,385,14.937777072191238,446.4836120605469,2.9219067096710205,
partsupp_yfcc_wiki_1,4way,B6,0.5,0.1,322723,400201,394764.2417062143,1.0137721650529627,385,385,14.978151768445969,448.7043762207031,3.350651979446411,
partsupp_yfcc_wiki_1,4way,B6,0.5,0.1,588557,402989,409583.0005711987,1.0163627309211882,385,385,15.279142186045647,419.34906005859375,3.320391893386841,
partsupp_yfcc_wiki_1,4way,B6,0.5,0.1,263638,397449,399230.5026469306,1.0044823427582672,385,385,15.282285399734974,435.5628662109375,3.5575485229492188,
partsupp_yfcc_wiki_1,4way,B6,0.5,0.1,693614,402525,419573.004201402,1.0423526593414123,385,385,15.14023169875145,454.668701171875,2.99692440032959,
partsupp_yfcc_wiki_1,4way,B6,0.5,0.1,546912,400649,383388.85019269097,1.0450199576712627,385,385,15.207926742732525,427.34295654296875,3.4822041988372803,
partsupp_yfcc_wiki_1,4way,B6,0.5,0.1,444449,399848,403267.5042603681,1.008552010414878,385,385,15.324893407523632,461.8314208984375,3.1300487518310547,
partsupp_yfcc_wiki_1,4way,B6,0.5,0.1,663176,398941,387017.6545217559,1.0308082727982475,385,385,15.243890695273876,430.5004577636719,2.868075370788574,
partsupp_yfcc_wiki_1,4way,B6,0.5,0.1,763999,400874,384183.7694138825,1.0434433516324242,385,385,14.891321770846844,447.8592529296875,3.2920217514038086,
partsupp_yfcc_wiki_1,4way,B6,0.5,0.1,782168,398418,383179.7501945627,1.0397678890852138,385,385,14.976680278778076,436.89190673828125,3.004382610321045,
partsupp_yfcc_wiki_1,4way,B6,0.5,0.1,673362,401193,401239.6516977809,1.0001162824320984,385,385,14.69842903316021,440.9338073730469,3.2434425354003906,
partsupp_yfcc_wiki_1,4way,B6,0.5,0.1,83904,399494,390031.2598783008,1.0242614915651935,385,385,14.934888109564781,427.1029052734375,3.318498134613037,
partsupp_yfcc_wiki_1,4way,B6,0.5,0.1,695261,399284,393154.5400195129,1.0155904596197285,385,385,14.859257265925407,390.8486328125,3.045443058013916,
partsupp_yfcc_wiki_1,4way,B6,0.5,0.1,386245,401289,387869.51180698234,1.034597945403081,385,385,14.65365570038557,434.8009948730469,3.2378246784210205,
partsupp_yfcc_wiki_1,4way,B6,0.5,0.1,69504,400159,407388.80624856486,1.0180673338562043,385,385,14.998061582446098,441.9433288574219,3.583242416381836,
partsupp_yfcc_wiki_1,4way,B6,0.5,0.1,681535,399300,410256.35469630157,1.0274389048241963,385,385,15.123171731829643,437.4378967285156,3.599292039871216,
partsupp_yfcc_wiki_1,4way,B6,0.5,0.1,696279,398868,402121.1642453078,1.0081559920708298,385,385,15.164786018431187,446.739990234375,3.277513027191162,
partsupp_yfcc_wiki_1,4way,B6,0.5,0.1,340223,400322,404566.2658723045,1.0106021299661385,385,385,14.980393461883068,443.9110412597656,3.294217109680176,
partsupp_yfcc_wiki_1,4way,B6,0.5,0.1,690943,399862,430397.08530533867,1.0763640588636547,385,385,15.143247321248055,456.0880126953125,3.474707841873169,
partsupp_yfcc_wiki_1,4way,B6,0.5,0.1,636616,399004,408692.6509131619,1.0242820896862235,385,385,16.02635346353054,443.0145568847656,3.2147040367126465,
partsupp_yfcc_wiki_1,4way,B6,0.5,0.1,48106,398279,387195.5789437094,1.02862486469119,385,385,18.201020546257496,450.49932861328125,3.3630759716033936,
partsupp_yfcc_wiki_1,4way,B6,0.5,0.1,352770,401195,385045.9711309529,1.0419405215995752,385,385,18.088175915181637,435.24591064453125,3.4078516960144043,
partsupp_yfcc_wiki_1,4way,B6,0.5,0.1,536954,400242,428465.4575605485,1.0705159817324232,385,385,17.07232464104891,455.6474914550781,3.425676107406616,
partsupp_yfcc_wiki_1,4way,B6,0.5,0.1,752067,399625,394967.60905812617,1.0117918301021702,385,385,17.81706139445305,427.1381530761719,3.1004648208618164,
partsupp_yfcc_wiki_1,4way,B6,0.5,0.1,602570,399945,416555.46550694155,1.0415318744000839,385,385,17.54789426922798,432.95452880859375,3.1115832328796387,
partsupp_yfcc_wiki_1,4way,B6,0.5,0.1,345404,400849,377067.2201796796,1.0630703984530607,385,385,17.407032661139965,431.9100036621094,3.236467123031616,
partsupp_yfcc_wiki_1,4way,B6,0.5,0.1,628777,397939,364939.7538963782,1.0904238185927853,385,385,16.975129954516888,428.9432067871094,3.219736337661743,
partsupp_yfcc_wiki_1,4way,B6,0.5,0.1,137071,398516,398256.72260234493,1.0006510308123886,385,385,17.78560783714056,442.3421936035156,3.162165880203247,
partsupp_yfcc_wiki_1,4way,B6,0.5,0.1,296404,398916,411317.5685207301,1.0310881702431844,385,385,16.737482510507107,455.28302001953125,3.6013643741607666,
partsupp_yfcc_wiki_1,4way,B6,0.5,0.1,703153,400899,372493.3892591784,1.076258026477504,385,385,17.789550125598907,435.5555419921875,3.570199489593506,
partsupp_yfcc_wiki_1,4way,B6,0.5,0.1,438962,399192,386650.6723265618,1.0324358098176172,385,385,17.20348373055458,429.833984375,2.9620509147644043,
partsupp_yfcc_wiki_1,4way,B6,0.5,0.1,33248,399042,416998.7924288649,1.0449997554865527,385,385,17.345106229186058,425.6045837402344,2.8117189407348633,
partsupp_yfcc_wiki_1,4way,B6,0.5,0.1,779894,400667,373232.09224261,1.0735062936108843,385,385,17.89751462638378,427.0380859375,2.9568333625793457,
partsupp_yfcc_wiki_1,4way,B6,0.5,0.1,304120,399162,377941.089618728,1.0561487251959822,385,385,17.037960700690746,423.22247314453125,3.120129108428955,
partsupp_yfcc_wiki_1,4way,B6,0.5,0.1,73745,398772,368252.87538155075,1.082875455043842,385,385,15.572755597531796,436.4401550292969,3.0156612396240234,
partsupp_yfcc_wiki_1,4way,B6,0.5,0.1,516733,399715,431896.7640523032,1.080511774770282,385,385,14.666157774627209,397.6190185546875,3.3524067401885986,
partsupp_yfcc_wiki_1,4way,B6,0.5,0.1,181346,399389,388201.67924525886,1.0288183213851407,385,385,15.254873782396317,489.1304931640625,3.606886386871338,
partsupp_yfcc_wiki_1,4way,B6,0.5,0.1,620747,399050,394748.70723767206,1.0108962808071673,385,385,14.87823948264122,410.5248107910156,3.348391532897949,
partsupp_yfcc_wiki_1,4way,B6,0.5,0.1,738510,400716,391490.58149872377,1.023564854270463,385,385,14.944630675017834,438.73455810546875,3.110562801361084,
partsupp_yfcc_wiki_1,4way,B6,0.5,0.1,111011,398389,375951.26163707295,1.0596825723239292,385,385,14.985308982431889,426.3363037109375,3.2114758491516113,
partsupp_yfcc_wiki_1,4way,B6,0.5,0.1,426052,402211,411010.7917107969,1.0218785456160993,385,385,14.84188437461853,429.0536193847656,3.1900951862335205,
partsupp_yfcc_wiki_1,4way,B6,0.5,0.1,724169,399697,408247.797876491,1.021393200040258,385,385,14.485910534858704,449.85443115234375,3.185068130493164,
partsupp_yfcc_wiki_1,4way,B6,0.5,0.1,588630,400278,406906.7802378907,1.0165604410881706,385,385,14.851324260234833,458.0417785644531,3.3296051025390625,
partsupp_yfcc_wiki_1,4way,B6,0.5,0.1,790256,401182,392999.3327820658,1.0208210715270396,385,385,14.609985053539276,471.0289306640625,3.026947259902954,
partsupp_yfcc_wiki_1,4way,B6,0.5,0.1,201003,399524,376923.0182687942,1.0599617975973237,385,385,14.563082717359066,455.64447021484375,3.2214205265045166,
partsupp_yfcc_wiki_1,4way,B6,0.5,0.1,6443,399610,403377.7184086861,1.0094284887982936,385,385,15.370101667940617,436.6886901855469,3.2246556282043457,
partsupp_yfcc_wiki_1,4way,B6,0.5,0.1,642763,399211,420582.65479511465,1.053534734251097,385,385,15.912748873233795,427.51715087890625,3.1688320636749268,
partsupp_yfcc_wiki_1,4way,B6,0.5,0.1,193392,399487,388496.3566857385,1.028290209483617,385,385,14.693345874547958,417.566650390625,3.302262783050537,
partsupp_yfcc_wiki_1,4way,B6,0.5,0.1,203755,402627,422520.91400507523,1.049410282979222,385,385,14.57304134964943,427.8919677734375,3.2884509563446045,
partsupp_yfcc_wiki_1,4way,B6,0.5,0.1,94462,399758,393464.0473107741,1.015996258698205,385,385,14.90580290555954,451.7583923339844,3.2820208072662354,
partsupp_yfcc_wiki_1,4way,B6,0.5,0.1,590890,400359,391540.19618930115,1.022523367706633,385,385,14.929346740245819,422.11846923828125,3.3000500202178955,
partsupp_yfcc_wiki_1,4way,B6,0.5,0.1,783383,398066,374619.94405502157,1.0625862459195041,385,385,14.801866374909878,457.0229797363281,3.240548849105835,
partsupp_yfcc_wiki_1,4way,B6,0.5,0.1,737605,402420,398347.2987384945,1.0102239961822337,385,385,15.048741362988949,413.2887878417969,3.3159680366516113,
partsupp_yfcc_wiki_1,4way,B6,0.5,0.1,516560,399767,422568.77391774766,1.0570376592308712,385,385,14.962510205805302,438.1680603027344,3.455428123474121,
partsupp_yfcc_wiki_1,4way,B6,0.5,0.1,137642,400530,403456.8759900317,1.0073075075276052,385,385,14.893305487930775,419.0437316894531,3.242206335067749,
partsupp_yfcc_wiki_1,4way,B6,0.5,0.1,37803,401453,388945.5552487678,1.0321573150340606,385,385,14.955945312976837,438.13653564453125,3.2687647342681885,
partsupp_yfcc_wiki_1,4way,B6,0.5,0.1,254800,400732,386508.6478658578,1.0367995702364687,385,385,15.072262845933437,421.6297302246094,3.2437825202941895,
partsupp_yfcc_wiki_1,4way,B6,0.5,0.1,605930,398612,382697.4022174293,1.0415853300554385,385,385,15.015415847301483,431.44439697265625,3.087928295135498,
partsupp_yfcc_wiki_1,4way,B6,0.5,0.1,209329,399698,397728.8919382063,1.0049508801138332,385,385,15.032497234642506,435.7575378417969,3.1931419372558594,
partsupp_yfcc_wiki_1,4way,B6,0.5,0.1,766585,397396,370678.6027653909,1.0720769880842542,385,385,15.046913176774979,422.872314453125,3.410522222518921,
partsupp_yfcc_wiki_1,4way,B6,0.5,0.1,488782,398748,373794.99683804216,1.0667558511297288,385,385,15.137462876737118,492.1089782714844,3.4162635803222656,
partsupp_yfcc_wiki_1,4way,B6,0.5,0.1,374559,398695,380363.05506560067,1.0481959135890253,385,385,15.185968019068241,417.078125,3.4265925884246826,
partsupp_yfcc_wiki_1,4way,B6,0.5,0.1,111780,397115,391376.7416998316,1.0146617253627437,385,385,15.18428884446621,450.9600830078125,3.453725576400757,
partsupp_yfcc_wiki_1,4way,B6,0.5,0.1,178188,397617,374040.41567188775,1.0630321840642853,385,385,15.043426305055618,426.2264709472656,3.4229471683502197,
partsupp_yfcc_wiki_1,4way,B6,0.5,0.1,539857,399397,368072.52566901024,1.085104081794897,385,385,15.010031871497631,432.03662109375,3.2578957080841064,
partsupp_yfcc_wiki_1,4way,B6,0.5,0.1,781264,400010,406529.0686801354,1.0162972642687318,385,385,14.878968708217144,427.9248046875,3.049591064453125,
partsupp_yfcc_wiki_1,4way,B6,0.5,0.1,771184,397642,392335.8988085221,1.0135243835896535,385,385,14.93433304131031,446.5933532714844,3.250993251800537,
partsupp_yfcc_wiki_1,4way,B6,0.5,0.1,140785,396739,436386.09857490513,1.0999324457008388,385,385,14.89928923547268,431.33038330078125,3.1912899017333984,
partsupp_yfcc_wiki_1,4way,B6,0.5,0.1,2505,399305,416460.002716306,1.0429621535325277,385,385,15.037944540381432,421.6029052734375,3.262022018432617,
partsupp_yfcc_wiki_1,4way,B6,0.5,0.1,526089,401016,450411.9044129933,1.1231768917274954,385,385,15.167957171797752,435.79541015625,3.1631457805633545,
partsupp_yfcc_wiki_1,4way,B6,0.5,0.1,608072,401395,427578.15099219134,1.0652303865075334,385,385,15.170962549746037,402.75909423828125,3.4596242904663086,
partsupp_yfcc_wiki_1,4way,B6,0.5,0.1,224837,398648,429160.8523187836,1.0765408388322117,385,385,15.010060742497444,437.2459411621094,3.5153305530548096,
partsupp_yfcc_wiki_1,4way,B6,0.5,0.1,386133,400299,402866.27713015396,1.0064133988097745,385,385,14.932096935808659,423.341796875,3.3409440517425537,
partsupp_yfcc_wiki_1,4way,B6,0.5,0.1,487850,400152,393055.09950892185,1.018055739513226,385,385,15.017353929579258,451.381103515625,2.9737961292266846,
partsupp_yfcc_wiki_1,4way,B6,0.5,0.1,340195,398037,379260.8882728682,1.0495071131975595,385,385,14.987464994192123,445.21075439453125,3.3361666202545166,
partsupp_yfcc_wiki_1,4way,B6,0.5,0.1,122774,399320,359984.98156323377,1.1092684985522285,385,385,15.240117907524109,399.5509948730469,2.9925975799560547,
partsupp_yfcc_wiki_1,4way,B6,0.5,0.1,690833,398609,394717.1439882147,1.0098598605889322,385,385,15.142359770834446,440.4053649902344,3.4445395469665527,
partsupp_yfcc_wiki_1,4way,B6,0.5,0.1,686759,401250,416865.2371966695,1.0389164789948149,385,385,15.221034176647663,395.3150634765625,3.5822367668151855,
partsupp_yfcc_wiki_1,4way,B6,0.5,0.1,154430,398601,392588.5571442829,1.015314870355499,385,385,15.152434818446636,420.52886962890625,3.0902206897735596,
partsupp_yfcc_wiki_1,4way,B6,0.5,0.1,630926,397926,403143.01704649185,1.0131105206658821,385,385,14.928150922060013,429.1429138183594,3.4742069244384766,
partsupp_yfcc_wiki_1,4way,B6,0.5,0.1,255248,398528,412922.3503913369,1.0361187931370868,385,385,14.891580678522587,442.417236328125,3.2602715492248535,
partsupp_yfcc_wiki_1,4way,B6,0.5,0.1,48107,399282,398219.13819721487,1.0026690374741827,385,385,15.19709825515747,466.3829040527344,3.3630759716033936,
partsupp_yfcc_wiki_1,4way,B6,0.5,0.1,717611,399714,377027.96233754774,1.060170703312827,385,385,15.24678897112608,441.1711730957031,2.9142706394195557,
partsupp_yfcc_wiki_1,4way,B6,0.5,0.1,559097,398793,414154.7343674534,1.0385205717438706,385,385,15.369794331490993,454.1783752441406,3.4353229999542236,
partsupp_yfcc_wiki_1,4way,B6,0.5,0.1,527854,400209,370719.8172844333,1.0795457413946157,385,385,15.221423469483852,435.4969787597656,3.2362077236175537,
partsupp_yfcc_wiki_1,4way,B6,0.5,0.1,692258,399561,399714.1080221243,1.0003831906070018,385,385,15.067732892930508,416.83154296875,3.776059865951538,
partsupp_yfcc_wiki_1,4way,B6,0.5,0.1,344709,400354,425394.22388627747,1.0625452072073152,385,385,15.093659050762653,429.8712158203125,3.213989496231079,
partsupp_yfcc_wiki_1,4way,B6,0.5,0.1,414737,402365,407636.3792986014,1.013100988651104,385,385,15.102862380445004,419.09307861328125,3.403557300567627,
partsupp_yfcc_wiki_1,4way,B6,0.5,0.1,362610,398680,377217.6689946921,1.0568964096048479,385,385,15.318446792662144,459.2562255859375,3.365111827850342,
partsupp_yfcc_wiki_1,4way,B6,0.5,0.1,129857,400132,404509.5136200748,1.0109401737928354,385,385,15.305446460843086,447.29144287109375,3.189283847808838,
partsupp_yfcc_wiki_1,4way,B6,0.5,0.1,210898,400546,427616.1638948736,1.0675831587255236,385,385,15.127915889024734,434.52911376953125,2.9655251502990723,
partsupp_yfcc_wiki_1,4way,B6,0.5,0.1,793779,398747,426751.29437942524,1.070230733721947,385,385,15.161233954131603,406.6611328125,3.1118245124816895,
partsupp_yfcc_wiki_1,4way,B6,0.5,0.1,634727,399186,377919.0068106565,1.0562739444327514,385,385,15.099245123565197,427.08856201171875,2.9159677028656006,
partsupp_yfcc_wiki_1,4way,B6,0.5,0.1,351141,398896,412143.0117650393,1.0332091867680782,385,385,15.158054418861866,423.3606872558594,3.1640126705169678,
partsupp_yfcc_wiki_1,4way,B6,0.5,0.1,611020,400507,394791.387725515,1.0144775505550259,385,385,15.163837932050228,457.6464538574219,3.011030912399292,
partsupp_yfcc_wiki_1,4way,B6,0.5,0.2,145860,399615,383618.45842182223,1.041699092488892,385,385,15.276934020221233,439.1873474121094,3.2196497917175293,
partsupp_yfcc_wiki_1,4way,B6,0.5,0.2,359095,401783,418726.6106115992,1.0421710490777338,385,385,15.414008870720863,473.7404479980469,2.9822144508361816,
partsupp_yfcc_wiki_1,4way,B6,0.5,0.2,286093,401388,413049.01840368233,1.0290517364836078,385,385,15.755909495055676,445.08160400390625,2.9649856090545654,
partsupp_yfcc_wiki_1,4way,B6,0.5,0.2,781121,400386,391795.92403666594,1.0219248732218311,385,385,15.193050727248192,450.5244445800781,3.111022710800171,
partsupp_yfcc_wiki_1,4way,B6,0.5,0.2,142780,397935,414924.1104730463,1.0426931797229355,385,385,15.336761251091957,429.25823974609375,3.2252681255340576,
partsupp_yfcc_wiki_1,4way,B6,0.5,0.2,428790,400238,385954.60514185065,1.0370079658795617,385,385,15.353133901953697,446.4836120605469,2.9219067096710205,
partsupp_yfcc_wiki_1,4way,B6,0.5,0.2,322723,400201,422806.06444832165,1.056484277771224,385,385,14.950983226299286,448.7043762207031,3.350651979446411,
partsupp_yfcc_wiki_1,4way,B6,0.5,0.2,588557,402989,423937.8656780382,1.0519837158781957,385,385,15.347651205956936,419.34906005859375,3.320391893386841,
partsupp_yfcc_wiki_1,4way,B6,0.5,0.2,263638,397449,382742.7698122236,1.038423273664951,385,385,14.99257329851389,435.5628662109375,3.5575485229492188,
partsupp_yfcc_wiki_1,4way,B6,0.5,0.2,693614,402525,435935.9551171529,1.083003428649532,385,385,14.925683848559856,454.668701171875,2.99692440032959,
partsupp_yfcc_wiki_1,4way,B6,0.5,0.2,546912,400649,393741.8623333806,1.017542299479376,385,385,14.953173696994781,427.34295654296875,3.4822041988372803,
partsupp_yfcc_wiki_1,4way,B6,0.5,0.2,444449,399848,408473.4927098856,1.021571929107775,385,385,15.022319741547108,461.8314208984375,3.1300487518310547,
partsupp_yfcc_wiki_1,4way,B6,0.5,0.2,663176,398941,409312.85959910916,1.0259984799735027,385,385,15.058706514537334,430.5004577636719,2.868075370788574,
partsupp_yfcc_wiki_1,4way,B6,0.5,0.2,763999,400874,410410.83877174417,1.023790115526934,385,385,15.04372339695692,447.8592529296875,3.2920217514038086,
partsupp_yfcc_wiki_1,4way,B6,0.5,0.2,782168,398418,406985.3571995867,1.0215034391006097,385,385,15.079828910529613,436.89190673828125,3.004382610321045,
partsupp_yfcc_wiki_1,4way,B6,0.5,0.2,673362,401193,415686.4433077349,1.036125862883288,385,385,15.231331810355186,440.9338073730469,3.2434425354003906,
partsupp_yfcc_wiki_1,4way,B6,0.5,0.2,83904,399494,383258.5733801334,1.0423615484362916,385,385,15.224335715174675,427.1029052734375,3.318498134613037,
partsupp_yfcc_wiki_1,4way,B6,0.5,0.2,695261,399284,408238.52201716206,1.0224264483855152,385,385,15.294084325432777,390.8486328125,3.045443058013916,
partsupp_yfcc_wiki_1,4way,B6,0.5,0.2,386245,401289,395135.1678692847,1.015573992474269,385,385,15.01932181417942,434.8009948730469,3.2378246784210205,
partsupp_yfcc_wiki_1,4way,B6,0.5,0.2,69504,400159,407788.21186621,1.0190654511486934,385,385,14.996064826846123,441.9433288574219,3.583242416381836,
partsupp_yfcc_wiki_1,4way,B6,0.5,0.2,681535,399300,407105.5787726511,1.0195481562049864,385,385,15.081987716257572,437.4378967285156,3.599292039871216,
partsupp_yfcc_wiki_1,4way,B6,0.5,0.2,696279,398868,402474.99318918795,1.0090430748748658,385,385,14.63988982141018,446.739990234375,3.277513027191162,
partsupp_yfcc_wiki_1,4way,B6,0.5,0.2,340223,400322,420702.23108218756,1.0509095954811065,385,385,14.414224773645401,443.9110412597656,3.294217109680176,
partsupp_yfcc_wiki_1,4way,B6,0.5,0.2,690943,399862,401436.82065227313,1.0039384103822646,385,385,15.117003582417965,456.0880126953125,3.474707841873169,
partsupp_yfcc_wiki_1,4way,B6,0.5,0.2,636616,399004,362415.24874113384,1.1009580898871085,385,385,14.919169247150421,443.0145568847656,3.2147040367126465,
partsupp_yfcc_wiki_1,4way,B6,0.5,0.2,48106,398279,411451.6106384004,1.0330738267355306,385,385,14.879717491567135,450.49932861328125,3.3630759716033936,
partsupp_yfcc_wiki_1,4way,B6,0.5,0.2,352770,401195,371525.8541828928,1.0798575536078354,385,385,14.780234545469284,435.24591064453125,3.4078516960144043,
partsupp_yfcc_wiki_1,4way,B6,0.5,0.2,536954,400242,371625.6429797644,1.0770031819946124,385,385,14.886913821101189,455.6474914550781,3.425676107406616,
partsupp_yfcc_wiki_1,4way,B6,0.5,0.2,752067,399625,452290.78224962036,1.1317880068805013,385,385,14.563688077032566,427.1381530761719,3.1004648208618164,
partsupp_yfcc_wiki_1,4way,B6,0.5,0.2,602570,399945,423221.1770573558,1.0581984449295674,385,385,14.530721120536327,432.95452880859375,3.1115832328796387,
partsupp_yfcc_wiki_1,4way,B6,0.5,0.2,345404,400849,371556.42677284864,1.0788374823215194,385,385,14.61668312549591,431.9100036621094,3.236467123031616,
partsupp_yfcc_wiki_1,4way,B6,0.5,0.2,628777,397939,393005.915232898,1.012552189613173,385,385,14.643236994743347,428.9432067871094,3.219736337661743,
partsupp_yfcc_wiki_1,4way,B6,0.5,0.2,137071,398516,399973.12008154404,1.0036563653191943,385,385,14.60636779665947,442.3421936035156,3.162165880203247,
partsupp_yfcc_wiki_1,4way,B6,0.5,0.2,296404,398916,345589.78715454333,1.1543049442650626,385,385,14.69381432980299,455.28302001953125,3.6013643741607666,
partsupp_yfcc_wiki_1,4way,B6,0.5,0.2,703153,400899,430532.4383795431,1.0739174664430269,385,385,15.310288406908512,435.5555419921875,3.570199489593506,
partsupp_yfcc_wiki_1,4way,B6,0.5,0.2,438962,399192,396657.6999894283,1.0063891360501491,385,385,15.528811141848564,429.833984375,2.9620509147644043,
partsupp_yfcc_wiki_1,4way,B6,0.5,0.2,33248,399042,393758.1826793408,1.013418939727691,385,385,15.23522473871708,425.6045837402344,2.8117189407348633,
partsupp_yfcc_wiki_1,4way,B6,0.5,0.2,779894,400667,387803.419805484,1.033170362966289,385,385,15.305602923035622,427.0380859375,2.9568333625793457,
partsupp_yfcc_wiki_1,4way,B6,0.5,0.2,304120,399162,382893.62905808265,1.042487964560647,385,385,15.243873931467533,423.22247314453125,3.120129108428955,
partsupp_yfcc_wiki_1,4way,B6,0.5,0.2,73745,398772,394121.02489370026,1.0118008804720686,385,385,15.336764045059681,436.4401550292969,3.0156612396240234,
partsupp_yfcc_wiki_1,4way,B6,0.5,0.2,516733,399715,411197.2333437867,1.0287260506705695,385,385,15.449411235749722,397.6190185546875,3.3524067401885986,
partsupp_yfcc_wiki_1,4way,B6,0.5,0.2,181346,399389,437547.2159756853,1.0955414795492247,385,385,15.336623415350914,489.1304931640625,3.606886386871338,
partsupp_yfcc_wiki_1,4way,B6,0.5,0.2,620747,399050,392934.9702948131,1.0155624471413143,385,385,15.275198966264725,410.5248107910156,3.348391532897949,
partsupp_yfcc_wiki_1,4way,B6,0.5,0.2,738510,400716,415151.58770561975,1.0360244854351206,385,385,15.53457509726286,438.73455810546875,3.110562801361084,
partsupp_yfcc_wiki_1,4way,B6,0.5,0.2,111011,398389,415906.60056404717,1.0439710949952112,385,385,15.339097939431667,426.3363037109375,3.2114758491516113,
partsupp_yfcc_wiki_1,4way,B6,0.5,0.2,426052,402211,389671.77707508684,1.0321789353569144,385,385,15.26735257357359,429.0536193847656,3.1900951862335205,
partsupp_yfcc_wiki_1,4way,B6,0.5,0.2,724169,399697,390948.8107668806,1.0223768150514618,385,385,15.623225830495358,449.85443115234375,3.185068130493164,
partsupp_yfcc_wiki_1,4way,B6,0.5,0.2,588630,400278,406120.02461201075,1.0145949180619738,385,385,17.698594368994236,458.0417785644531,3.3296051025390625,
partsupp_yfcc_wiki_1,4way,B6,0.5,0.2,790256,401182,415547.4134103753,1.0358077217082902,385,385,18.4492077678442,471.0289306640625,3.026947259902954,
partsupp_yfcc_wiki_1,4way,B6,0.5,0.2,201003,399524,370243.86524927185,1.0790833758474698,385,385,15.114332549273968,455.64447021484375,3.2214205265045166,
partsupp_yfcc_wiki_1,4way,B6,0.5,0.2,6443,399610,411596.9928047543,1.0299967288224876,385,385,14.916840009391308,436.6886901855469,3.2246556282043457,
partsupp_yfcc_wiki_1,4way,B6,0.5,0.2,642763,399211,405563.03459723975,1.0159114718713655,385,385,15.206902287900448,427.51715087890625,3.1688320636749268,
partsupp_yfcc_wiki_1,4way,B6,0.5,0.2,193392,399487,414509.4471764197,1.0376043455141712,385,385,15.21311141550541,417.566650390625,3.302262783050537,
partsupp_yfcc_wiki_1,4way,B6,0.5,0.2,203755,402627,400657.549212748,1.0049155464339103,385,385,15.173166990280151,427.8919677734375,3.2884509563446045,
partsupp_yfcc_wiki_1,4way,B6,0.5,0.2,94462,399758,406677.38672528917,1.0173089387211491,385,385,15.563668683171272,451.7583923339844,3.2820208072662354,
partsupp_yfcc_wiki_1,4way,B6,0.5,0.2,590890,400359,394200.2198507518,1.0156234822790813,385,385,15.615617856383324,422.11846923828125,3.3000500202178955,
partsupp_yfcc_wiki_1,4way,B6,0.5,0.2,783383,398066,406608.52332426014,1.0214600677381644,385,385,15.354233793914318,457.0229797363281,3.240548849105835,
partsupp_yfcc_wiki_1,4way,B6,0.5,0.2,737605,402420,451088.27632492303,1.1209390098029994,385,385,19.15065199136734,413.2887878417969,3.3159680366516113,
partsupp_yfcc_wiki_1,4way,B6,0.5,0.2,516560,399767,436326.87215249497,1.0914529517256175,385,385,22.686677984893322,438.1680603027344,3.455428123474121,
partsupp_yfcc_wiki_1,4way,B6,0.5,0.2,137642,400530,425138.765507503,1.0614405050995006,385,385,15.576918609440327,419.0437316894531,3.242206335067749,
partsupp_yfcc_wiki_1,4way,B6,0.5,0.2,37803,401453,386263.07819895254,1.0393253268520364,385,385,15.429201535880566,438.13653564453125,3.2687647342681885,
partsupp_yfcc_wiki_1,4way,B6,0.5,0.2,254800,400732,396606.0638290541,1.0104031091484376,385,385,15.361976809799671,421.6297302246094,3.2437825202941895,
partsupp_yfcc_wiki_1,4way,B6,0.5,0.2,605930,398612,402219.41420430795,1.0090499387984002,385,385,15.423820354044437,431.44439697265625,3.087928295135498,
partsupp_yfcc_wiki_1,4way,B6,0.5,0.2,209329,399698,391355.13363984437,1.0213178917127312,385,385,15.20793978124857,435.7575378417969,3.1931419372558594,
partsupp_yfcc_wiki_1,4way,B6,0.5,0.2,766585,397396,413593.57196617057,1.0407592727812323,385,385,15.431204810738564,422.872314453125,3.410522222518921,
partsupp_yfcc_wiki_1,4way,B6,0.5,0.2,488782,398748,389823.8342130387,1.0228928172259582,385,385,15.277470462024212,492.1089782714844,3.4162635803222656,
partsupp_yfcc_wiki_1,4way,B6,0.5,0.2,374559,398695,428582.3992851534,1.0749630652131414,385,385,15.228687785565853,417.078125,3.4265925884246826,
partsupp_yfcc_wiki_1,4way,B6,0.5,0.2,111780,397115,415569.81364870176,1.0464722149722416,385,385,15.329403802752495,450.9600830078125,3.453725576400757,
partsupp_yfcc_wiki_1,4way,B6,0.5,0.2,178188,397617,360456.4995228613,1.103092885067486,385,385,15.479421243071556,426.2264709472656,3.4229471683502197,
partsupp_yfcc_wiki_1,4way,B6,0.5,0.2,539857,399397,386894.12886038114,1.0323160012183352,385,385,15.483801253139973,432.03662109375,3.2578957080841064,
partsupp_yfcc_wiki_1,4way,B6,0.5,0.2,781264,400010,355654.0102246703,1.1247166867240146,385,385,16.778983175754547,427.9248046875,3.049591064453125,
partsupp_yfcc_wiki_1,4way,B6,0.5,0.2,771184,397642,358479.58311317506,1.1092458782358632,385,385,16.117701306939125,446.5933532714844,3.250993251800537,
partsupp_yfcc_wiki_1,4way,B6,0.5,0.2,140785,396739,404885.29408684355,1.0205331315722517,385,385,15.51992166787386,431.33038330078125,3.1912899017333984,
partsupp_yfcc_wiki_1,4way,B6,0.5,0.2,2505,399305,411898.8080898669,1.031539319792807,385,385,15.318414196372032,421.6029052734375,3.262022018432617,
partsupp_yfcc_wiki_1,4way,B6,0.5,0.2,526089,401016,382847.17327982484,1.0474571264677863,385,385,15.225483104586601,435.79541015625,3.1631457805633545,
partsupp_yfcc_wiki_1,4way,B6,0.5,0.2,608072,401395,407365.60771542275,1.0148746439677194,385,385,15.371454879641533,402.75909423828125,3.4596242904663086,
partsupp_yfcc_wiki_1,4way,B6,0.5,0.2,224837,398648,437382.7420222417,1.0971652736806448,385,385,15.443861484527588,437.2459411621094,3.5153305530548096,
partsupp_yfcc_wiki_1,4way,B6,0.5,0.2,386133,400299,388547.6068522837,1.030244410055481,385,385,15.084494836628437,423.341796875,3.3409440517425537,
partsupp_yfcc_wiki_1,4way,B6,0.5,0.2,487850,400152,430241.80564927275,1.0751959396661088,385,385,15.425890684127808,451.381103515625,2.9737961292266846,
partsupp_yfcc_wiki_1,4way,B6,0.5,0.2,340195,398037,422633.9832783558,1.0617957206952011,385,385,15.57224802672863,445.21075439453125,3.3361666202545166,
partsupp_yfcc_wiki_1,4way,B6,0.5,0.2,122774,399320,412847.33070669876,1.033875915823647,385,385,15.007446520030499,399.5509948730469,2.9925975799560547,
partsupp_yfcc_wiki_1,4way,B6,0.5,0.2,690833,398609,400944.3963177019,1.0058588649972828,385,385,15.348648652434349,440.4053649902344,3.4445395469665527,
partsupp_yfcc_wiki_1,4way,B6,0.5,0.2,686759,401250,401976.9223829736,1.0018116445681584,385,385,15.430120751261711,395.3150634765625,3.5822367668151855,
partsupp_yfcc_wiki_1,4way,B6,0.5,0.2,154430,398601,372645.35981913,1.0696523906629833,385,385,15.214829705655575,420.52886962890625,3.0902206897735596,
partsupp_yfcc_wiki_1,4way,B6,0.5,0.2,630926,397926,402813.30784250377,1.0122819515249162,385,385,15.215162187814713,429.1429138183594,3.4742069244384766,
partsupp_yfcc_wiki_1,4way,B6,0.5,0.2,255248,398528,400093.0438823767,1.0039270612914943,385,385,15.32320398837328,442.417236328125,3.2602715492248535,
partsupp_yfcc_wiki_1,4way,B6,0.5,0.2,48107,399282,385903.88277448365,1.0346669671456359,385,385,15.342368744313717,466.3829040527344,3.3630759716033936,
partsupp_yfcc_wiki_1,4way,B6,0.5,0.2,717611,399714,413672.72472567076,1.0349217808875115,385,385,15.38938283920288,441.1711730957031,2.9142706394195557,
partsupp_yfcc_wiki_1,4way,B6,0.5,0.2,559097,398793,378628.08125521516,1.053257853136341,385,385,15.379796735942364,454.1783752441406,3.4353229999542236,
partsupp_yfcc_wiki_1,4way,B6,0.5,0.2,527854,400209,396759.0634471875,1.0086952936193523,385,385,15.482583083212376,435.4969787597656,3.2362077236175537,
partsupp_yfcc_wiki_1,4way,B6,0.5,0.2,692258,399561,415976.08514180983,1.0410828012288733,385,385,15.14554675668478,416.83154296875,3.776059865951538,
partsupp_yfcc_wiki_1,4way,B6,0.5,0.2,344709,400354,360011.62750443857,1.1120585264848537,385,385,15.072702430188656,429.8712158203125,3.213989496231079,
partsupp_yfcc_wiki_1,4way,B6,0.5,0.2,414737,402365,427680.334503645,1.0629163433788849,385,385,15.11463150382042,419.09307861328125,3.403557300567627,
partsupp_yfcc_wiki_1,4way,B6,0.5,0.2,362610,398680,407365.25451732386,1.0217850268820203,385,385,15.376745723187923,459.2562255859375,3.365111827850342,
partsupp_yfcc_wiki_1,4way,B6,0.5,0.2,129857,400132,415299.43526700366,1.0379060791613859,385,385,15.301799401640892,447.29144287109375,3.189283847808838,
partsupp_yfcc_wiki_1,4way,B6,0.5,0.2,210898,400546,377793.1423095291,1.060225703281372,385,385,15.282501466572285,434.52911376953125,2.9655251502990723,
partsupp_yfcc_wiki_1,4way,B6,0.5,0.2,793779,398747,404850.58445690013,1.0153069100379442,385,385,15.29986783862114,406.6611328125,3.1118245124816895,
partsupp_yfcc_wiki_1,4way,B6,0.5,0.2,634727,399186,370479.64247828646,1.0774843047506881,385,385,15.291695483028889,427.08856201171875,2.9159677028656006,
partsupp_yfcc_wiki_1,4way,B6,0.5,0.2,351141,398896,392976.794223377,1.015062481713,385,385,15.682336874306202,423.3606872558594,3.1640126705169678,
partsupp_yfcc_wiki_1,4way,B6,0.5,0.2,611020,400507,361671.4208960388,1.1073780698727764,385,385,15.642959624528885,457.6464538574219,3.011030912399292,
partsupp_yfcc_wiki_1,4way,B6,0.5,0.3,145860,399615,381677.5742819569,1.0469962788664975,385,385,15.457019209861755,439.1873474121094,3.2196497917175293,
partsupp_yfcc_wiki_1,4way,B6,0.5,0.3,359095,401783,390389.10542921844,1.0291859952348168,385,385,15.121599659323692,473.7404479980469,2.9822144508361816,
partsupp_yfcc_wiki_1,4way,B6,0.5,0.3,286093,401388,404002.5658755732,1.0065138117621184,385,385,20.6451453268528,445.08160400390625,2.9649856090545654,
partsupp_yfcc_wiki_1,4way,B6,0.5,0.3,781121,400386,387643.47515262506,1.0328717640413214,385,385,15.856458805501461,450.5244445800781,3.111022710800171,
partsupp_yfcc_wiki_1,4way,B6,0.5,0.3,142780,397935,392639.36614000786,1.0134872718241497,385,385,15.145453624427319,429.25823974609375,3.2252681255340576,
partsupp_yfcc_wiki_1,4way,B6,0.5,0.3,428790,400238,429185.39815338823,1.072325461733739,385,385,15.369730070233345,446.4836120605469,2.9219067096710205,
partsupp_yfcc_wiki_1,4way,B6,0.5,0.3,322723,400201,387738.97425791755,1.0321402452924242,385,385,15.15351701527834,448.7043762207031,3.350651979446411,
partsupp_yfcc_wiki_1,4way,B6,0.5,0.3,588557,402989,401614.9569079592,1.0034212946216436,385,385,15.101824887096882,419.34906005859375,3.320391893386841,
partsupp_yfcc_wiki_1,4way,B6,0.5,0.3,263638,397449,401237.5972582773,1.0095322852951631,385,385,15.195262618362904,435.5628662109375,3.5575485229492188,
partsupp_yfcc_wiki_1,4way,B6,0.5,0.3,693614,402525,382621.3831943918,1.0520190916656011,385,385,15.000873245298862,454.668701171875,2.99692440032959,
partsupp_yfcc_wiki_1,4way,B6,0.5,0.3,546912,400649,421579.0622502959,1.0522403955839048,385,385,15.039307996630669,427.34295654296875,3.4822041988372803,
partsupp_yfcc_wiki_1,4way,B6,0.5,0.3,444449,399848,385775.51138218853,1.0364784394099857,385,385,15.02029225230217,461.8314208984375,3.1300487518310547,
partsupp_yfcc_wiki_1,4way,B6,0.5,0.3,663176,398941,409570.1158740637,1.0266433278957632,385,385,14.975697733461857,430.5004577636719,2.868075370788574,
partsupp_yfcc_wiki_1,4way,B6,0.5,0.3,763999,400874,404371.11883669684,1.0087237357291738,385,385,14.883091673254967,447.8592529296875,3.2920217514038086,
partsupp_yfcc_wiki_1,4way,B6,0.5,0.3,782168,398418,376730.3597947032,1.0575680712781295,385,385,14.930794946849346,436.89190673828125,3.004382610321045,
partsupp_yfcc_wiki_1,4way,B6,0.5,0.3,673362,401193,419134.30948067294,1.0447198966100428,385,385,14.998873695731163,440.9338073730469,3.2434425354003906,
partsupp_yfcc_wiki_1,4way,B6,0.5,0.3,83904,399494,400722.08063644636,1.0030740903153648,385,385,15.049465000629425,427.1029052734375,3.318498134613037,
partsupp_yfcc_wiki_1,4way,B6,0.5,0.3,695261,399284,420068.4610828765,1.0520543299578158,385,385,22.501353174448013,390.8486328125,3.045443058013916,
partsupp_yfcc_wiki_1,4way,B6,0.5,0.3,386245,401289,377873.1947140418,1.0619673626325314,385,385,14.915863052010536,434.8009948730469,3.2378246784210205,
partsupp_yfcc_wiki_1,4way,B6,0.5,0.3,69504,400159,401928.0074641285,1.0044207614076617,385,385,15.190912410616875,441.9433288574219,3.583242416381836,
partsupp_yfcc_wiki_1,4way,B6,0.5,0.3,681535,399300,388665.7181740012,1.0273609977127902,385,385,14.906623400747776,437.4378967285156,3.599292039871216,
partsupp_yfcc_wiki_1,4way,B6,0.5,0.3,696279,398868,374067.878593341,1.066298452302075,385,385,14.969049021601677,446.739990234375,3.277513027191162,
partsupp_yfcc_wiki_1,4way,B6,0.5,0.3,340223,400322,390950.9748475329,1.0239698216793593,385,385,14.973396435379982,443.9110412597656,3.294217109680176,
partsupp_yfcc_wiki_1,4way,B6,0.5,0.3,690943,399862,389093.42018510075,1.0276760779192216,385,385,15.057043172419071,456.0880126953125,3.474707841873169,
partsupp_yfcc_wiki_1,4way,B6,0.5,0.3,636616,399004,413224.1252003224,1.0356390542458782,385,385,16.154853627085686,443.0145568847656,3.2147040367126465,
partsupp_yfcc_wiki_1,4way,B6,0.5,0.3,48106,398279,410887.6086948632,1.0316577291166826,385,385,14.908536337316036,450.49932861328125,3.3630759716033936,
partsupp_yfcc_wiki_1,4way,B6,0.5,0.3,352770,401195,424752.8690405316,1.0587192488454034,385,385,15.29284380376339,435.24591064453125,3.4078516960144043,
partsupp_yfcc_wiki_1,4way,B6,0.5,0.3,536954,400242,379765.91572486016,1.0539176461796396,385,385,15.577373094856739,455.6474914550781,3.425676107406616,
partsupp_yfcc_wiki_1,4way,B6,0.5,0.3,752067,399625,383269.4629647216,1.0426737285792682,385,385,15.763361938297749,427.1381530761719,3.1004648208618164,
partsupp_yfcc_wiki_1,4way,B6,0.5,0.3,602570,399945,355981.8742144273,1.1234982142913583,385,385,15.497863292694092,432.95452880859375,3.1115832328796387,
partsupp_yfcc_wiki_1,4way,B6,0.5,0.3,345404,400849,351902.8410325125,1.1390899795633231,385,385,15.579658560454845,431.9100036621094,3.236467123031616,
partsupp_yfcc_wiki_1,4way,B6,0.5,0.3,628777,397939,396396.2045999344,1.0038920539151546,385,385,15.28183650225401,428.9432067871094,3.219736337661743,
partsupp_yfcc_wiki_1,4way,B6,0.5,0.3,137071,398516,390949.9051957533,1.0193531056119791,385,385,15.073814429342747,442.3421936035156,3.162165880203247,
partsupp_yfcc_wiki_1,4way,B6,0.5,0.3,296404,398916,437510.9508193617,1.0967495683787105,385,385,14.991258271038532,455.28302001953125,3.6013643741607666,
partsupp_yfcc_wiki_1,4way,B6,0.5,0.3,703153,400899,403586.5918798966,1.006703912656047,385,385,14.76751547306776,435.5555419921875,3.570199489593506,
partsupp_yfcc_wiki_1,4way,B6,0.5,0.3,438962,399192,416324.03889381763,1.0429167891486244,385,385,15.026885084807873,429.833984375,2.9620509147644043,
partsupp_yfcc_wiki_1,4way,B6,0.5,0.3,33248,399042,404412.028214824,1.01345730077241,385,385,15.482798218727112,425.6045837402344,2.8117189407348633,
partsupp_yfcc_wiki_1,4way,B6,0.5,0.3,779894,400667,361009.26180946955,1.1098524120731859,385,385,15.305698849260807,427.0380859375,2.9568333625793457,
partsupp_yfcc_wiki_1,4way,B6,0.5,0.3,304120,399162,416467.49828462786,1.0433545735431424,385,385,17.73879397660494,423.22247314453125,3.120129108428955,
partsupp_yfcc_wiki_1,4way,B6,0.5,0.3,73745,398772,418863.431615143,1.0503832556326498,385,385,17.80637912452221,436.4401550292969,3.0156612396240234,
partsupp_yfcc_wiki_1,4way,B6,0.5,0.3,516733,399715,391735.56281635544,1.02036944801814,385,385,17.27590523660183,397.6190185546875,3.3524067401885986,
partsupp_yfcc_wiki_1,4way,B6,0.5,0.3,181346,399389,391135.25940298237,1.0211020111293876,385,385,20.47760970890522,489.1304931640625,3.606886386871338,
partsupp_yfcc_wiki_1,4way,B6,0.5,0.3,620747,399050,413584.0806716128,1.0364217032241896,385,385,20.59824112802744,410.5248107910156,3.348391532897949,
partsupp_yfcc_wiki_1,4way,B6,0.5,0.3,738510,400716,397024.8737648312,1.0092969646968646,385,385,20.870983600616455,438.73455810546875,3.110562801361084,
partsupp_yfcc_wiki_1,4way,B6,0.5,0.3,111011,398389,394488.10889100574,1.0098884884514276,385,385,20.63348889350891,426.3363037109375,3.2114758491516113,
partsupp_yfcc_wiki_1,4way,B6,0.5,0.3,426052,402211,378499.0712746542,1.0626472573512327,385,385,20.674508064985275,429.0536193847656,3.1900951862335205,
partsupp_yfcc_wiki_1,4way,B6,0.5,0.3,724169,399697,352580.17692923604,1.1336343508620466,385,385,20.738158375024796,449.85443115234375,3.185068130493164,
partsupp_yfcc_wiki_1,4way,B6,0.5,0.3,588630,400278,424396.6364240292,1.0602547140338194,385,385,20.735545083880424,458.0417785644531,3.3296051025390625,
partsupp_yfcc_wiki_1,4way,B6,0.5,0.3,790256,401182,380217.85853008396,1.05513718253783,385,385,20.555860362946987,471.0289306640625,3.026947259902954,
partsupp_yfcc_wiki_1,4way,B6,0.5,0.3,201003,399524,415544.79859991174,1.0400997151608207,385,385,20.58680448681116,455.64447021484375,3.2214205265045166,
partsupp_yfcc_wiki_1,4way,B6,0.5,0.3,6443,399610,371140.55658385414,1.0767079827604709,385,385,20.732318982481956,436.6886901855469,3.2246556282043457,
partsupp_yfcc_wiki_1,4way,B6,0.5,0.3,642763,399211,397952.1092225107,1.0031634228046908,385,385,20.694159902632236,427.51715087890625,3.1688320636749268,
partsupp_yfcc_wiki_1,4way,B6,0.5,0.3,193392,399487,387980.1041993104,1.0296584687620434,385,385,19.616377539932728,417.566650390625,3.302262783050537,
partsupp_yfcc_wiki_1,4way,B6,0.5,0.3,203755,402627,410742.2287915078,1.02015569942281,385,385,20.348976366221905,427.8919677734375,3.2884509563446045,
partsupp_yfcc_wiki_1,4way,B6,0.5,0.3,94462,399758,416109.75374066446,1.0409041313511285,385,385,20.43151669204235,451.7583923339844,3.2820208072662354,
partsupp_yfcc_wiki_1,4way,B6,0.5,0.3,590890,400359,423680.8832845217,1.0582524266583784,385,385,20.50280198454857,422.11846923828125,3.3000500202178955,
partsupp_yfcc_wiki_1,4way,B6,0.5,0.3,783383,398066,372968.4572903098,1.067291327776158,385,385,20.764049142599106,457.0229797363281,3.240548849105835,
partsupp_yfcc_wiki_1,4way,B6,0.5,0.3,737605,402420,367985.1247216033,1.0935768132052843,385,385,21.007698960602283,413.2887878417969,3.3159680366516113,
partsupp_yfcc_wiki_1,4way,B6,0.5,0.3,516560,399767,392467.37823827344,1.0185993082902671,385,385,20.63574828207493,438.1680603027344,3.455428123474121,
partsupp_yfcc_wiki_1,4way,B6,0.5,0.3,137642,400530,397856.3100141316,1.006720240243955,385,385,20.811322145164013,419.0437316894531,3.242206335067749,
partsupp_yfcc_wiki_1,4way,B6,0.5,0.3,37803,401453,405465.8069819026,1.0099957080452822,385,385,20.5589160323143,438.13653564453125,3.2687647342681885,
partsupp_yfcc_wiki_1,4way,B6,0.5,0.3,254800,400732,394528.4664394884,1.0157239187744722,385,385,20.64887434244156,421.6297302246094,3.2437825202941895,
partsupp_yfcc_wiki_1,4way,B6,0.5,0.3,605930,398612,377058.45357750787,1.0571623476890477,385,385,20.47180663794279,431.44439697265625,3.087928295135498,
partsupp_yfcc_wiki_1,4way,B6,0.5,0.3,209329,399698,385011.1277824555,1.0381466174812564,385,385,20.70463914424181,435.7575378417969,3.1931419372558594,
partsupp_yfcc_wiki_1,4way,B6,0.5,0.3,766585,397396,422323.2180481886,1.0627263939450537,385,385,20.33205796033144,422.872314453125,3.410522222518921,
partsupp_yfcc_wiki_1,4way,B6,0.5,0.3,488782,398748,410489.1179570442,1.0294449576099296,385,385,20.61215601861477,492.1089782714844,3.4162635803222656,
partsupp_yfcc_wiki_1,4way,B6,0.5,0.3,374559,398695,393890.18848508294,1.0121983528795082,385,385,20.38002200424671,417.078125,3.4265925884246826,
partsupp_yfcc_wiki_1,4way,B6,0.5,0.3,111780,397115,384518.0159239672,1.0327604521878206,385,385,20.493903197348118,450.9600830078125,3.453725576400757,
partsupp_yfcc_wiki_1,4way,B6,0.5,0.3,178188,397617,388376.9476190192,1.0237914542498667,385,385,20.322537049651146,426.2264709472656,3.4229471683502197,
partsupp_yfcc_wiki_1,4way,B6,0.5,0.3,539857,399397,395777.24455977423,1.0091459412838453,385,385,20.40477655827999,432.03662109375,3.2578957080841064,
partsupp_yfcc_wiki_1,4way,B6,0.5,0.3,781264,400010,380505.12797486957,1.0512604708612985,385,385,20.271217450499535,427.9248046875,3.049591064453125,
partsupp_yfcc_wiki_1,4way,B6,0.5,0.3,771184,397642,391943.1506557117,1.0145399896254195,385,385,20.349073223769665,446.5933532714844,3.250993251800537,
partsupp_yfcc_wiki_1,4way,B6,0.5,0.3,140785,396739,349614.7665505453,1.1347890248298245,385,385,20.399105735123158,431.33038330078125,3.1912899017333984,
partsupp_yfcc_wiki_1,4way,B6,0.5,0.3,2505,399305,384726.9524001314,1.0378919322104234,385,385,20.67788876593113,421.6029052734375,3.262022018432617,
partsupp_yfcc_wiki_1,4way,B6,0.5,0.3,526089,401016,399572.41206362436,1.0036128318492263,385,385,20.41761204600334,435.79541015625,3.1631457805633545,
partsupp_yfcc_wiki_1,4way,B6,0.5,0.3,608072,401395,399749.16137748724,1.0041171784246936,385,385,20.315546542406082,402.75909423828125,3.4596242904663086,
partsupp_yfcc_wiki_1,4way,B6,0.5,0.3,224837,398648,410468.415085509,1.029651258969088,385,385,20.322421565651894,437.2459411621094,3.5153305530548096,
partsupp_yfcc_wiki_1,4way,B6,0.5,0.3,386133,400299,390901.5625864961,1.0240404191564838,385,385,20.303577184677124,423.341796875,3.3409440517425537,
partsupp_yfcc_wiki_1,4way,B6,0.5,0.3,487850,400152,339991.88102414156,1.1769457517474857,385,385,20.36958374083042,451.381103515625,2.9737961292266846,
partsupp_yfcc_wiki_1,4way,B6,0.5,0.3,340195,398037,423061.7594809958,1.0628704353640386,385,385,20.65090648829937,445.21075439453125,3.3361666202545166,
partsupp_yfcc_wiki_1,4way,B6,0.5,0.3,122774,399320,395682.89982081467,1.0091919569454035,385,385,20.553812384605408,399.5509948730469,2.9925975799560547,
partsupp_yfcc_wiki_1,4way,B6,0.5,0.3,690833,398609,396702.77348636254,1.004805175665612,385,385,20.60723304748535,440.4053649902344,3.4445395469665527,
partsupp_yfcc_wiki_1,4way,B6,0.5,0.3,686759,401250,393976.73041604244,1.0184611653999893,385,385,20.494552329182625,395.3150634765625,3.5822367668151855,
partsupp_yfcc_wiki_1,4way,B6,0.5,0.3,154430,398601,388228.47190065,1.026717587323179,385,385,20.54234780371189,420.52886962890625,3.0902206897735596,
partsupp_yfcc_wiki_1,4way,B6,0.5,0.3,630926,397926,380998.07394125033,1.0444304767308612,385,385,20.514789037406445,429.1429138183594,3.4742069244384766,
partsupp_yfcc_wiki_1,4way,B6,0.5,0.3,255248,398528,388691.02063171007,1.0253079666010876,385,385,20.52220329642296,442.417236328125,3.2602715492248535,
partsupp_yfcc_wiki_1,4way,B6,0.5,0.3,48107,399282,372885.18471320317,1.070790732292299,385,385,17.27504003793001,466.3829040527344,3.3630759716033936,
partsupp_yfcc_wiki_1,4way,B6,0.5,0.3,717611,399714,394077.9869592062,1.0143017707847184,385,385,15.151625499129295,441.1711730957031,2.9142706394195557,
partsupp_yfcc_wiki_1,4way,B6,0.5,0.3,559097,398793,382333.2324249434,1.0430508419858266,385,385,15.05880057811737,454.1783752441406,3.4353229999542236,
partsupp_yfcc_wiki_1,4way,B6,0.5,0.3,527854,400209,373934.479070506,1.0702650394657507,385,385,14.716695062816143,435.4969787597656,3.2362077236175537,
partsupp_yfcc_wiki_1,4way,B6,0.5,0.3,692258,399561,432046.03476747294,1.0813018156613707,385,385,14.758093282580376,416.83154296875,3.776059865951538,
partsupp_yfcc_wiki_1,4way,B6,0.5,0.3,344709,400354,385597.8614284266,1.0382682064597302,385,385,15.172169543802738,429.8712158203125,3.213989496231079,
partsupp_yfcc_wiki_1,4way,B6,0.5,0.3,414737,402365,434370.05442656914,1.079542341969528,385,385,14.905336312949657,419.09307861328125,3.403557300567627,
partsupp_yfcc_wiki_1,4way,B6,0.5,0.3,362610,398680,386831.15316241415,1.0306305392952957,385,385,14.83470480889082,459.2562255859375,3.365111827850342,
partsupp_yfcc_wiki_1,4way,B6,0.5,0.3,129857,400132,404665.36439219845,1.0113296721886738,385,385,14.877483248710632,447.29144287109375,3.189283847808838,
partsupp_yfcc_wiki_1,4way,B6,0.5,0.3,210898,400546,422026.273487498,1.0536274822055345,385,385,14.84659779816866,434.52911376953125,2.9655251502990723,
partsupp_yfcc_wiki_1,4way,B6,0.5,0.3,793779,398747,390306.93368942715,1.0216241772360846,385,385,14.796064235270023,406.6611328125,3.1118245124816895,
partsupp_yfcc_wiki_1,4way,B6,0.5,0.3,634727,399186,400980.73676241026,1.0044959912482159,385,385,14.916707761585712,427.08856201171875,2.9159677028656006,
partsupp_yfcc_wiki_1,4way,B6,0.5,0.3,351141,398896,380440.51569137897,1.048510827704777,385,385,14.936442486941814,423.3606872558594,3.1640126705169678,
partsupp_yfcc_wiki_1,4way,B6,0.5,0.3,611020,400507,405414.7129943029,1.0122537508565466,385,385,15.038721263408661,457.6464538574219,3.011030912399292,
partsupp_yfcc_wiki_1,4way,B6,0.5,0.4,145860,399615,406267.2319674002,1.0166466022731884,385,385,15.262462198734283,439.1873474121094,3.2196497917175293,
partsupp_yfcc_wiki_1,4way,B6,0.5,0.4,359095,401783,380309.2022146055,1.0564640499371272,385,385,15.265821479260921,473.7404479980469,2.9822144508361816,
partsupp_yfcc_wiki_1,4way,B6,0.5,0.4,286093,401388,393718.4158904549,1.0194798714004758,385,385,15.180466696619987,445.08160400390625,2.9649856090545654,
partsupp_yfcc_wiki_1,4way,B6,0.5,0.4,781121,400386,391104.052478812,1.0237326805037155,385,385,15.187671408057213,450.5244445800781,3.111022710800171,
partsupp_yfcc_wiki_1,4way,B6,0.5,0.4,142780,397935,392531.81140204996,1.0137649699744102,385,385,15.268883667886257,429.25823974609375,3.2252681255340576,
partsupp_yfcc_wiki_1,4way,B6,0.5,0.4,428790,400238,427059.42576180614,1.0670136912582167,385,385,15.293903648853302,446.4836120605469,2.9219067096710205,
partsupp_yfcc_wiki_1,4way,B6,0.5,0.4,322723,400201,425418.1552871197,1.063011225077198,385,385,15.39205014705658,448.7043762207031,3.350651979446411,
partsupp_yfcc_wiki_1,4way,B6,0.5,0.4,588557,402989,393737.26673994603,1.0234972252859278,385,385,15.131560154259205,419.34906005859375,3.320391893386841,
partsupp_yfcc_wiki_1,4way,B6,0.5,0.4,263638,397449,407305.8183031802,1.0248002090914312,385,385,21.38184756040573,435.5628662109375,3.5575485229492188,
partsupp_yfcc_wiki_1,4way,B6,0.5,0.4,693614,402525,394472.0715396193,1.020414445131566,385,385,33.83367694914341,454.668701171875,2.99692440032959,
partsupp_yfcc_wiki_1,4way,B6,0.5,0.4,546912,400649,394468.23853667796,1.0156685909269914,385,385,28.146184980869293,427.34295654296875,3.4822041988372803,
partsupp_yfcc_wiki_1,4way,B6,0.5,0.4,444449,399848,354660.6734326767,1.1274100286619484,385,385,36.23788524419069,461.8314208984375,3.1300487518310547,
partsupp_yfcc_wiki_1,4way,B6,0.5,0.4,663176,398941,388227.7802852309,1.027595190913175,385,385,28.76346744596958,430.5004577636719,2.868075370788574,
partsupp_yfcc_wiki_1,4way,B6,0.5,0.4,763999,400874,402333.12444974,1.0036398580345445,385,385,27.712385170161724,447.8592529296875,3.2920217514038086,
partsupp_yfcc_wiki_1,4way,B6,0.5,0.4,782168,398418,392635.9706788879,1.014726183418994,385,385,27.67166029661894,436.89190673828125,3.004382610321045,
partsupp_yfcc_wiki_1,4way,B6,0.5,0.4,673362,401193,400891.7074053131,1.0007515560664424,385,385,27.630669996142387,440.9338073730469,3.2434425354003906,
partsupp_yfcc_wiki_1,4way,B6,0.5,0.4,83904,399494,372991.5477385637,1.0710537609286856,385,385,19.11761797964573,427.1029052734375,3.318498134613037,
partsupp_yfcc_wiki_1,4way,B6,0.5,0.4,695261,399284,414345.812160865,1.037722052876812,385,385,15.06200060248375,390.8486328125,3.045443058013916,
partsupp_yfcc_wiki_1,4way,B6,0.5,0.4,386245,401289,442673.1374253844,1.103128013539829,385,385,14.871624298393726,434.8009948730469,3.2378246784210205,
partsupp_yfcc_wiki_1,4way,B6,0.5,0.4,69504,400159,385249.03428717825,1.0387021494821123,385,385,14.993084594607353,441.9433288574219,3.583242416381836,
partsupp_yfcc_wiki_1,4way,B6,0.5,0.4,681535,399300,401243.08639686654,1.0048662318979877,385,385,19.54295951873064,437.4378967285156,3.599292039871216,
partsupp_yfcc_wiki_1,4way,B6,0.5,0.4,696279,398868,358306.81079450186,1.11320239521978,385,385,15.17863105982542,446.739990234375,3.277513027191162,
partsupp_yfcc_wiki_1,4way,B6,0.5,0.4,340223,400322,373739.3698246533,1.0711261170794462,385,385,15.18234983086586,443.9110412597656,3.294217109680176,
partsupp_yfcc_wiki_1,4way,B6,0.5,0.4,690943,399862,390950.20066462585,1.0227952289581226,385,385,15.009726397693157,456.0880126953125,3.474707841873169,
partsupp_yfcc_wiki_1,4way,B6,0.5,0.4,636616,399004,427748.26350715506,1.0720400384636621,385,385,15.297642908990383,443.0145568847656,3.2147040367126465,
partsupp_yfcc_wiki_1,4way,B6,0.5,0.4,48106,398279,403975.1451722562,1.0143018968418025,385,385,15.077007934451103,450.49932861328125,3.3630759716033936,
partsupp_yfcc_wiki_1,4way,B6,0.5,0.4,352770,401195,417105.4735817089,1.0396577065559365,385,385,14.839375391602516,435.24591064453125,3.4078516960144043,
partsupp_yfcc_wiki_1,4way,B6,0.5,0.4,536954,400242,377761.5919609234,1.0595095121300793,385,385,14.835328795015812,455.6474914550781,3.425676107406616,
partsupp_yfcc_wiki_1,4way,B6,0.5,0.4,752067,399625,391893.248658504,1.019729228222131,385,385,15.179461799561977,427.1381530761719,3.1004648208618164,
partsupp_yfcc_wiki_1,4way,B6,0.5,0.4,602570,399945,421898.04826931417,1.0548901680713951,385,385,15.235752798616886,432.95452880859375,3.1115832328796387,
partsupp_yfcc_wiki_1,4way,B6,0.5,0.4,345404,400849,401359.84121000743,1.0012743981150194,385,385,15.09940717369318,431.9100036621094,3.236467123031616,
partsupp_yfcc_wiki_1,4way,B6,0.5,0.4,628777,397939,386266.1276171623,1.030219767016193,385,385,15.160304494202137,428.9432067871094,3.219736337661743,
partsupp_yfcc_wiki_1,4way,B6,0.5,0.4,137071,398516,397614.7260844973,1.0022667015489541,385,385,20.113522186875343,442.3421936035156,3.162165880203247,
partsupp_yfcc_wiki_1,4way,B6,0.5,0.4,296404,398916,409891.7185310387,1.0275138588851755,385,385,15.19589964300394,455.28302001953125,3.6013643741607666,
partsupp_yfcc_wiki_1,4way,B6,0.5,0.4,703153,400899,392919.3081819217,1.0203087291764845,385,385,15.209372155368328,435.5555419921875,3.570199489593506,
partsupp_yfcc_wiki_1,4way,B6,0.5,0.4,438962,399192,403910.7566010634,1.0118207694569616,385,385,15.330557711422443,429.833984375,2.9620509147644043,
partsupp_yfcc_wiki_1,4way,B6,0.5,0.4,33248,399042,411167.4122879373,1.0303863059225278,385,385,15.254471451044083,425.6045837402344,2.8117189407348633,
partsupp_yfcc_wiki_1,4way,B6,0.5,0.4,779894,400667,394904.6028200844,1.0145918714007518,385,385,15.185580588877201,427.0380859375,2.9568333625793457,
partsupp_yfcc_wiki_1,4way,B6,0.5,0.4,304120,399162,382046.89357860264,1.0447984441414548,385,385,30.474549159407616,423.22247314453125,3.120129108428955,
partsupp_yfcc_wiki_1,4way,B6,0.5,0.4,73745,398772,404721.07533875096,1.0149184881053608,385,385,18.180210143327713,436.4401550292969,3.0156612396240234,
partsupp_yfcc_wiki_1,4way,B6,0.5,0.4,516733,399715,384170.30764946446,1.0404630239271881,385,385,27.962958440184593,397.6190185546875,3.3524067401885986,
partsupp_yfcc_wiki_1,4way,B6,0.5,0.4,181346,399389,391795.9348190767,1.019380153049392,385,385,28.014435432851315,489.1304931640625,3.606886386871338,
partsupp_yfcc_wiki_1,4way,B6,0.5,0.4,620747,399050,390959.7337418116,1.0206933491097863,385,385,20.442607812583447,410.5248107910156,3.348391532897949,
partsupp_yfcc_wiki_1,4way,B6,0.5,0.4,738510,400716,436242.7471730866,1.088658169808759,385,385,15.229533426463604,438.73455810546875,3.110562801361084,
partsupp_yfcc_wiki_1,4way,B6,0.5,0.4,111011,398389,378138.87921339064,1.0535520727959367,385,385,15.701592899858952,426.3363037109375,3.2114758491516113,
partsupp_yfcc_wiki_1,4way,B6,0.5,0.4,426052,402211,409983.941169058,1.0193255310497673,385,385,16.05682633817196,429.0536193847656,3.1900951862335205,
partsupp_yfcc_wiki_1,4way,B6,0.5,0.4,724169,399697,382955.31652694836,1.0437170676330683,385,385,15.335979871451855,449.85443115234375,3.185068130493164,
partsupp_yfcc_wiki_1,4way,B6,0.5,0.4,588630,400278,380983.00865267776,1.0506452805219786,385,385,15.317883342504501,458.0417785644531,3.3296051025390625,
partsupp_yfcc_wiki_1,4way,B6,0.5,0.4,790256,401182,426996.2878774654,1.0643455785091689,385,385,15.791354700922966,471.0289306640625,3.026947259902954,
partsupp_yfcc_wiki_1,4way,B6,0.5,0.4,201003,399524,378505.5084928641,1.055530212996972,385,385,14.676046557724476,455.64447021484375,3.2214205265045166,
partsupp_yfcc_wiki_1,4way,B6,0.5,0.4,6443,399610,382129.46965863666,1.0457450464550118,385,385,16.344744712114334,436.6886901855469,3.2246556282043457,
partsupp_yfcc_wiki_1,4way,B6,0.5,0.4,642763,399211,396537.13052920013,1.0067430494270018,385,385,15.162001363933086,427.51715087890625,3.1688320636749268,
partsupp_yfcc_wiki_1,4way,B6,0.5,0.4,193392,399487,346191.0857971481,1.1539494123025478,385,385,15.328703448176384,417.566650390625,3.302262783050537,
partsupp_yfcc_wiki_1,4way,B6,0.5,0.4,203755,402627,396491.23830943304,1.0154751507668334,385,385,15.183527022600174,427.8919677734375,3.2884509563446045,
partsupp_yfcc_wiki_1,4way,B6,0.5,0.4,94462,399758,415560.3941409762,1.0395299009425107,385,385,15.235314145684242,451.7583923339844,3.2820208072662354,
partsupp_yfcc_wiki_1,4way,B6,0.5,0.4,590890,400359,406417.1476549752,1.0151317883573872,385,385,15.35734161734581,422.11846923828125,3.3000500202178955,
partsupp_yfcc_wiki_1,4way,B6,0.5,0.4,783383,398066,385381.74759488564,1.0329134747150714,385,385,15.221538953483105,457.0229797363281,3.240548849105835,
partsupp_yfcc_wiki_1,4way,B6,0.5,0.4,737605,402420,419703.4631035134,1.0429488174134323,385,385,15.251700766384602,413.2887878417969,3.3159680366516113,
partsupp_yfcc_wiki_1,4way,B6,0.5,0.4,516560,399767,401290.35745254054,1.0038106133136064,385,385,15.186059288680553,438.1680603027344,3.455428123474121,
partsupp_yfcc_wiki_1,4way,B6,0.5,0.4,137642,400530,365334.0629365646,1.0963390513891027,385,385,16.78725052624941,419.0437316894531,3.242206335067749,
partsupp_yfcc_wiki_1,4way,B6,0.5,0.4,37803,401453,387353.113264244,1.036400602584385,385,385,15.089803375303745,438.13653564453125,3.2687647342681885,
partsupp_yfcc_wiki_1,4way,B6,0.5,0.4,254800,400732,435518.17799973104,1.0868065889415646,385,385,15.20363986492157,421.6297302246094,3.2437825202941895,
partsupp_yfcc_wiki_1,4way,B6,0.5,0.4,605930,398612,384409.358910547,1.0369466579318065,385,385,15.276248566806316,431.44439697265625,3.087928295135498,
partsupp_yfcc_wiki_1,4way,B6,0.5,0.4,209329,399698,365595.6399997405,1.0932789023421714,385,385,15.082243829965591,435.7575378417969,3.1931419372558594,
partsupp_yfcc_wiki_1,4way,B6,0.5,0.4,766585,397396,400229.33375140984,1.0071297490448063,385,385,14.803258702158928,422.872314453125,3.410522222518921,
partsupp_yfcc_wiki_1,4way,B6,0.5,0.4,488782,398748,429426.2757280533,1.0769365005669076,385,385,14.74844478070736,492.1089782714844,3.4162635803222656,
partsupp_yfcc_wiki_1,4way,B6,0.5,0.4,374559,398695,383027.68194913864,1.040903879247406,385,385,14.829305931925774,417.078125,3.4265925884246826,
partsupp_yfcc_wiki_1,4way,B6,0.5,0.4,111780,397115,401024.9777317356,1.0098459583036037,385,385,14.919396489858627,450.9600830078125,3.453725576400757,
partsupp_yfcc_wiki_1,4way,B6,0.5,0.4,178188,397617,427742.44712755055,1.0757649877332975,385,385,14.898112043738365,426.2264709472656,3.4229471683502197,
partsupp_yfcc_wiki_1,4way,B6,0.5,0.4,539857,399397,355437.31358180963,1.1236777477727373,385,385,15.077736228704453,432.03662109375,3.2578957080841064,
partsupp_yfcc_wiki_1,4way,B6,0.5,0.4,781264,400010,405629.4222241476,1.01404820435526,385,385,15.166196040809155,427.9248046875,3.049591064453125,
partsupp_yfcc_wiki_1,4way,B6,0.5,0.4,771184,397642,403619.5707225454,1.0150325436511871,385,385,14.892881736159325,446.5933532714844,3.250993251800537,
partsupp_yfcc_wiki_1,4way,B6,0.5,0.4,140785,396739,382548.3282216094,1.0370951085954556,385,385,14.790481887757778,431.33038330078125,3.1912899017333984,
partsupp_yfcc_wiki_1,4way,B6,0.5,0.4,2505,399305,382804.4858574143,1.0431042862667281,385,385,14.85124696046114,421.6029052734375,3.262022018432617,
partsupp_yfcc_wiki_1,4way,B6,0.5,0.4,526089,401016,404086.15859029174,1.0076559503618103,385,385,14.802580699324608,435.79541015625,3.1631457805633545,
partsupp_yfcc_wiki_1,4way,B6,0.5,0.4,608072,401395,392521.42038188624,1.0226066124225286,385,385,14.541396871209145,402.75909423828125,3.4596242904663086,
partsupp_yfcc_wiki_1,4way,B6,0.5,0.4,224837,398648,390514.26961403,1.0208282539688218,385,385,32.981240190565586,437.2459411621094,3.5153305530548096,
partsupp_yfcc_wiki_1,4way,B6,0.5,0.4,386133,400299,452914.4663864243,1.131440414256404,385,385,27.373342774808407,423.341796875,3.3409440517425537,
partsupp_yfcc_wiki_1,4way,B6,0.5,0.4,487850,400152,412158.9188277853,1.030005894829428,385,385,27.056589722633362,451.381103515625,2.9737961292266846,
partsupp_yfcc_wiki_1,4way,B6,0.5,0.4,340195,398037,385473.77652318194,1.032591642394285,385,385,15.091074630618095,445.21075439453125,3.3361666202545166,
partsupp_yfcc_wiki_1,4way,B6,0.5,0.4,122774,399320,400636.2828174878,1.0032963107720319,385,385,15.240946784615517,399.5509948730469,2.9925975799560547,
partsupp_yfcc_wiki_1,4way,B6,0.5,0.4,690833,398609,363458.78129590634,1.0967103300648458,385,385,14.940965920686722,440.4053649902344,3.4445395469665527,
partsupp_yfcc_wiki_1,4way,B6,0.5,0.4,686759,401250,397180.7075340261,1.0102454434185357,385,385,14.96842596679926,395.3150634765625,3.5822367668151855,
partsupp_yfcc_wiki_1,4way,B6,0.5,0.4,154430,398601,403393.2688781906,1.0120227216644981,385,385,15.042911283671856,420.52886962890625,3.0902206897735596,
partsupp_yfcc_wiki_1,4way,B6,0.5,0.4,630926,397926,405020.7628409049,1.0178293522939061,385,385,15.250970609486103,429.1429138183594,3.4742069244384766,
partsupp_yfcc_wiki_1,4way,B6,0.5,0.4,255248,398528,418708.48735090246,1.0506375646150394,385,385,15.258947387337685,442.417236328125,3.2602715492248535,
partsupp_yfcc_wiki_1,4way,B6,0.5,0.4,48107,399282,381989.0163811576,1.0452708922959895,385,385,15.420185402035713,466.3829040527344,3.3630759716033936,
partsupp_yfcc_wiki_1,4way,B6,0.5,0.4,717611,399714,399516.2975165708,1.0004948546145882,385,385,15.124410390853882,441.1711730957031,2.9142706394195557,
partsupp_yfcc_wiki_1,4way,B6,0.5,0.4,559097,398793,402625.26222474466,1.0096096526888503,385,385,15.242383815348148,454.1783752441406,3.4353229999542236,
partsupp_yfcc_wiki_1,4way,B6,0.5,0.4,527854,400209,420724.5958390839,1.0512622050955474,385,385,15.09997621178627,435.4969787597656,3.2362077236175537,
partsupp_yfcc_wiki_1,4way,B6,0.5,0.4,692258,399561,427279.1639523255,1.0693715451516177,385,385,21.526183933019638,416.83154296875,3.776059865951538,
partsupp_yfcc_wiki_1,4way,B6,0.5,0.4,344709,400354,359741.83514550887,1.1128925270480823,385,385,20.934022031724453,429.8712158203125,3.213989496231079,
partsupp_yfcc_wiki_1,4way,B6,0.5,0.4,414737,402365,415110.44504498504,1.0316763263330186,385,385,20.715476013720036,419.09307861328125,3.403557300567627,
partsupp_yfcc_wiki_1,4way,B6,0.5,0.4,362610,398680,409055.507660998,1.0260246504991422,385,385,27.34583429992199,459.2562255859375,3.365111827850342,
partsupp_yfcc_wiki_1,4way,B6,0.5,0.4,129857,400132,382106.7669507664,1.0471732892695829,385,385,15.266153030097485,447.29144287109375,3.189283847808838,
partsupp_yfcc_wiki_1,4way,B6,0.5,0.4,210898,400546,384098.7052794935,1.0428204898752222,385,385,14.949513599276543,434.52911376953125,2.9655251502990723,
partsupp_yfcc_wiki_1,4way,B6,0.5,0.4,793779,398747,424690.69447270123,1.0650630461738928,385,385,14.936874620616436,406.6611328125,3.1118245124816895,
partsupp_yfcc_wiki_1,4way,B6,0.5,0.4,634727,399186,372226.29159531434,1.0724282755233108,385,385,15.254849568009377,427.08856201171875,2.9159677028656006,
partsupp_yfcc_wiki_1,4way,B6,0.5,0.4,351141,398896,400908.5556745104,1.005045314253616,385,385,14.834174886345863,423.3606872558594,3.1640126705169678,
partsupp_yfcc_wiki_1,4way,B6,0.5,0.4,611020,400507,368336.85227519745,1.0873389331697039,385,385,15.066179446876049,457.6464538574219,3.011030912399292,
partsupp_yfcc_wiki_1,4way,B6,0.5,0.5,145860,399615,387804.6441781489,1.0304543950134484,385,385,15.310226939618587,439.1873474121094,3.2196497917175293,
partsupp_yfcc_wiki_1,4way,B6,0.5,0.5,359095,401783,375624.0638804064,1.0696412680523106,385,385,15.320200473070145,473.7404479980469,2.9822144508361816,
partsupp_yfcc_wiki_1,4way,B6,0.5,0.5,286093,401388,395442.55983349436,1.0150349020828942,385,385,15.141453593969345,445.08160400390625,2.9649856090545654,
partsupp_yfcc_wiki_1,4way,B6,0.5,0.5,781121,400386,372389.8811382245,1.075179590745603,385,385,15.173597261309624,450.5244445800781,3.111022710800171,
partsupp_yfcc_wiki_1,4way,B6,0.5,0.5,142780,397935,380942.6292690017,1.0446061150037351,385,385,14.86945804208517,429.25823974609375,3.2252681255340576,
partsupp_yfcc_wiki_1,4way,B6,0.5,0.5,428790,400238,369519.5500750464,1.0831307840646454,385,385,15.26220329105854,446.4836120605469,2.9219067096710205,
partsupp_yfcc_wiki_1,4way,B6,0.5,0.5,322723,400201,410563.47060901613,1.0258931652070238,385,385,15.318138524889946,448.7043762207031,3.350651979446411,
partsupp_yfcc_wiki_1,4way,B6,0.5,0.5,588557,402989,402121.30851453345,1.0021577853923531,385,385,15.597295016050339,419.34906005859375,3.320391893386841,
partsupp_yfcc_wiki_1,4way,B6,0.5,0.5,263638,397449,401693.2742789621,1.0106787896785805,385,385,15.150218270719051,435.5628662109375,3.5575485229492188,
partsupp_yfcc_wiki_1,4way,B6,0.5,0.5,693614,402525,404748.31001273624,1.005523408515586,385,385,19.354097545146942,454.668701171875,2.99692440032959,
partsupp_yfcc_wiki_1,4way,B6,0.5,0.5,546912,400649,411919.4354553194,1.0281304469880603,385,385,15.606787987053394,427.34295654296875,3.4822041988372803,
partsupp_yfcc_wiki_1,4way,B6,0.5,0.5,444449,399848,396680.563635276,1.0079848539482168,385,385,15.181914903223515,461.8314208984375,3.1300487518310547,
partsupp_yfcc_wiki_1,4way,B6,0.5,0.5,663176,398941,415629.93751791684,1.041833096918885,385,385,23.006786592304707,430.5004577636719,2.868075370788574,
partsupp_yfcc_wiki_1,4way,B6,0.5,0.5,763999,400874,434070.2853250001,1.0828097739564055,385,385,28.462547808885574,447.8592529296875,3.2920217514038086,
partsupp_yfcc_wiki_1,4way,B6,0.5,0.5,782168,398418,410311.7120123802,1.0298523460596163,385,385,26.94656513631344,436.89190673828125,3.004382610321045,
partsupp_yfcc_wiki_1,4way,B6,0.5,0.5,673362,401193,427602.84861017094,1.0658282886545152,385,385,27.40169595927,440.9338073730469,3.2434425354003906,
partsupp_yfcc_wiki_1,4way,B6,0.5,0.5,83904,399494,420537.37037075526,1.0526750598776333,385,385,27.222630567848682,427.1029052734375,3.318498134613037,
partsupp_yfcc_wiki_1,4way,B6,0.5,0.5,695261,399284,385843.2868314153,1.0348346430463031,385,385,35.981684923172,390.8486328125,3.045443058013916,
partsupp_yfcc_wiki_1,4way,B6,0.5,0.5,386245,401289,409087.5876996125,1.0194338436877475,385,385,17.342757433652878,434.8009948730469,3.2378246784210205,
partsupp_yfcc_wiki_1,4way,B6,0.5,0.5,69504,400159,435716.4830173464,1.088858386334798,385,385,15.152046456933022,441.9433288574219,3.583242416381836,
partsupp_yfcc_wiki_1,4way,B6,0.5,0.5,681535,399300,371744.9816154288,1.0741234441547267,385,385,15.124262310564518,437.4378967285156,3.599292039871216,
partsupp_yfcc_wiki_1,4way,B6,0.5,0.5,696279,398868,418700.79812289646,1.0497227105781775,385,385,15.133976005017757,446.739990234375,3.277513027191162,
partsupp_yfcc_wiki_1,4way,B6,0.5,0.5,340223,400322,390217.28513711435,1.0258950980588548,385,385,14.915610663592815,443.9110412597656,3.294217109680176,
partsupp_yfcc_wiki_1,4way,B6,0.5,0.5,690943,399862,423958.0606400373,1.0602609416249538,385,385,15.306994318962097,456.0880126953125,3.474707841873169,
partsupp_yfcc_wiki_1,4way,B6,0.5,0.5,636616,399004,406146.4409524953,1.017900675062143,385,385,15.35804197192192,443.0145568847656,3.2147040367126465,
partsupp_yfcc_wiki_1,4way,B6,0.5,0.5,48106,398279,410016.62391356326,1.0294708581511032,385,385,15.352318063378334,450.49932861328125,3.3630759716033936,
partsupp_yfcc_wiki_1,4way,B6,0.5,0.5,352770,401195,400127.043168193,1.0026690443698854,385,385,14.820652082562447,435.24591064453125,3.4078516960144043,
partsupp_yfcc_wiki_1,4way,B6,0.5,0.5,536954,400242,401428.19727799634,1.0029637001563962,385,385,15.321104787290096,455.6474914550781,3.425676107406616,
partsupp_yfcc_wiki_1,4way,B6,0.5,0.5,752067,399625,410016.7848475743,1.0260038407196104,385,385,16.63340162485838,427.1381530761719,3.1004648208618164,
partsupp_yfcc_wiki_1,4way,B6,0.5,0.5,602570,399945,404743.1821772363,1.0119971050450345,385,385,15.18972683697939,432.95452880859375,3.1115832328796387,
partsupp_yfcc_wiki_1,4way,B6,0.5,0.5,345404,400849,402841.601429137,1.0049709527256823,385,385,15.254883095622063,431.9100036621094,3.236467123031616,
partsupp_yfcc_wiki_1,4way,B6,0.5,0.5,628777,397939,390680.4275884884,1.0185793090693482,385,385,15.27283526957035,428.9432067871094,3.219736337661743,
partsupp_yfcc_wiki_1,4way,B6,0.5,0.5,137071,398516,378729.2898569133,1.0522449957608566,385,385,15.129625797271729,442.3421936035156,3.162165880203247,
partsupp_yfcc_wiki_1,4way,B6,0.5,0.5,296404,398916,402000.78529314196,1.0077329194445497,385,385,15.009317547082901,455.28302001953125,3.6013643741607666,
partsupp_yfcc_wiki_1,4way,B6,0.5,0.5,703153,400899,425714.00221053214,1.0618983888972837,385,385,15.070346184074879,435.5555419921875,3.570199489593506,
partsupp_yfcc_wiki_1,4way,B6,0.5,0.5,438962,399192,352826.78277198115,1.1314107077239173,385,385,15.20926970988512,429.833984375,2.9620509147644043,
partsupp_yfcc_wiki_1,4way,B6,0.5,0.5,33248,399042,409421.50789344584,1.0260110662372528,385,385,15.457930974662304,425.6045837402344,2.8117189407348633,
partsupp_yfcc_wiki_1,4way,B6,0.5,0.5,779894,400667,379073.9587966586,1.0569626076976821,385,385,15.187098644673824,427.0380859375,2.9568333625793457,
partsupp_yfcc_wiki_1,4way,B6,0.5,0.5,304120,399162,386719.7252718867,1.0321738817935022,385,385,15.548686496913433,423.22247314453125,3.120129108428955,
partsupp_yfcc_wiki_1,4way,B6,0.5,0.5,73745,398772,392869.4821198646,1.0150241190745748,385,385,59.09952614456415,436.4401550292969,3.0156612396240234,
partsupp_yfcc_wiki_1,4way,B6,0.5,0.5,516733,399715,416600.8413465233,1.042244702716994,385,385,18.306484445929527,397.6190185546875,3.3524067401885986,
partsupp_yfcc_wiki_1,4way,B6,0.5,0.5,181346,399389,391985.4279115678,1.0188873656040665,385,385,15.670185908675194,489.1304931640625,3.606886386871338,
partsupp_yfcc_wiki_1,4way,B6,0.5,0.5,620747,399050,392254.3750527467,1.017324535759071,385,385,15.459383837878704,410.5248107910156,3.348391532897949,
partsupp_yfcc_wiki_1,4way,B6,0.5,0.5,738510,400716,427471.69080454105,1.0667697092318276,385,385,15.280968509614468,438.73455810546875,3.110562801361084,
partsupp_yfcc_wiki_1,4way,B6,0.5,0.5,111011,398389,384068.1071112668,1.0372873785236856,385,385,15.163448639214039,426.3363037109375,3.2114758491516113,
partsupp_yfcc_wiki_1,4way,B6,0.5,0.5,426052,402211,389130.2192011342,1.0336154329666813,385,385,14.957823790609837,429.0536193847656,3.1900951862335205,
partsupp_yfcc_wiki_1,4way,B6,0.5,0.5,724169,399697,425814.2939650989,1.0653427320322617,385,385,15.035344287753105,449.85443115234375,3.185068130493164,
partsupp_yfcc_wiki_1,4way,B6,0.5,0.5,588630,400278,405889.7631521987,1.0140196642138681,385,385,14.974087476730347,458.0417785644531,3.3296051025390625,
partsupp_yfcc_wiki_1,4way,B6,0.5,0.5,790256,401182,403907.88129877613,1.0067946251296822,385,385,21.504837088286877,471.0289306640625,3.026947259902954,
partsupp_yfcc_wiki_1,4way,B6,0.5,0.5,201003,399524,405515.66877809254,1.014997018397124,385,385,15.38337767124176,455.64447021484375,3.2214205265045166,
partsupp_yfcc_wiki_1,4way,B6,0.5,0.5,6443,399610,402441.2832990192,1.007085116235878,385,385,15.02190250903368,436.6886901855469,3.2246556282043457,
partsupp_yfcc_wiki_1,4way,B6,0.5,0.5,642763,399211,433482.82484744245,1.0858488990720256,385,385,14.993567951023579,427.51715087890625,3.1688320636749268,
partsupp_yfcc_wiki_1,4way,B6,0.5,0.5,193392,399487,412186.2114018691,1.031788797637643,385,385,15.24345576763153,417.566650390625,3.302262783050537,
partsupp_yfcc_wiki_1,4way,B6,0.5,0.5,203755,402627,416342.77965136233,1.034065722495914,385,385,15.251838602125645,427.8919677734375,3.2884509563446045,
partsupp_yfcc_wiki_1,4way,B6,0.5,0.5,94462,399758,372789.6994033592,1.0723418609468096,385,385,15.580751933157444,451.7583923339844,3.2820208072662354,
partsupp_yfcc_wiki_1,4way,B6,0.5,0.5,590890,400359,406850.5624150874,1.016214353655313,385,385,15.570207498967648,422.11846923828125,3.3000500202178955,
partsupp_yfcc_wiki_1,4way,B6,0.5,0.5,783383,398066,420148.61870207626,1.0554747672548679,385,385,15.426967293024063,457.0229797363281,3.240548849105835,
partsupp_yfcc_wiki_1,4way,B6,0.5,0.5,737605,402420,431969.9149081645,1.0734305325484927,385,385,15.32907597720623,413.2887878417969,3.3159680366516113,
partsupp_yfcc_wiki_1,4way,B6,0.5,0.5,516560,399767,406531.26943045,1.0169205297847246,385,385,15.18581248819828,438.1680603027344,3.455428123474121,
partsupp_yfcc_wiki_1,4way,B6,0.5,0.5,137642,400530,404614.9738689987,1.0101989211020366,385,385,15.205898322165012,419.0437316894531,3.242206335067749,
partsupp_yfcc_wiki_1,4way,B6,0.5,0.5,37803,401453,386354.7609272336,1.0390786929518645,385,385,15.220551751554012,438.13653564453125,3.2687647342681885,
partsupp_yfcc_wiki_1,4way,B6,0.5,0.5,254800,400732,367916.6388441863,1.0891923813473168,385,385,15.138125978410244,421.6297302246094,3.2437825202941895,
partsupp_yfcc_wiki_1,4way,B6,0.5,0.5,605930,398612,386779.0874825691,1.0305934651080746,385,385,15.456216409802437,431.44439697265625,3.087928295135498,
partsupp_yfcc_wiki_1,4way,B6,0.5,0.5,209329,399698,405985.44974475587,1.0157305008900617,385,385,15.357800759375095,435.7575378417969,3.1931419372558594,
partsupp_yfcc_wiki_1,4way,B6,0.5,0.5,766585,397396,395000.97327143105,1.0060633438665558,385,385,15.119671821594238,422.872314453125,3.410522222518921,
partsupp_yfcc_wiki_1,4way,B6,0.5,0.5,488782,398748,396662.0649151669,1.0052587208844366,385,385,14.950362034142017,492.1089782714844,3.4162635803222656,
partsupp_yfcc_wiki_1,4way,B6,0.5,0.5,374559,398695,409250.02442097664,1.0264739322564282,385,385,14.992334879934788,417.078125,3.4265925884246826,
partsupp_yfcc_wiki_1,4way,B6,0.5,0.5,111780,397115,399447.52772471163,1.005873683252236,385,385,43.71532425284386,450.9600830078125,3.453725576400757,
partsupp_yfcc_wiki_1,4way,B6,0.5,0.5,178188,397617,404095.06510093744,1.0162922236748868,385,385,40.881178341805935,426.2264709472656,3.4229471683502197,
partsupp_yfcc_wiki_1,4way,B6,0.5,0.5,539857,399397,380309.45381462964,1.0501895127610317,385,385,22.6129787042737,432.03662109375,3.2578957080841064,
partsupp_yfcc_wiki_1,4way,B6,0.5,0.5,781264,400010,380979.6227922884,1.0499511681707108,385,385,21.50739450007677,427.9248046875,3.049591064453125,
partsupp_yfcc_wiki_1,4way,B6,0.5,0.5,771184,397642,383655.19872363785,1.036456696854087,385,385,15.326209366321564,446.5933532714844,3.250993251800537,
partsupp_yfcc_wiki_1,4way,B6,0.5,0.5,140785,396739,365841.1365541227,1.0844570507759348,385,385,15.163733623921871,431.33038330078125,3.1912899017333984,
partsupp_yfcc_wiki_1,4way,B6,0.5,0.5,2505,399305,421181.2522528466,1.0547858209960972,385,385,15.09307511150837,421.6029052734375,3.262022018432617,
partsupp_yfcc_wiki_1,4way,B6,0.5,0.5,526089,401016,408394.87069426954,1.0184004396190416,385,385,15.155510976910591,435.79541015625,3.1631457805633545,
partsupp_yfcc_wiki_1,4way,B6,0.5,0.5,608072,401395,393311.57455246913,1.020552218573096,385,385,15.173515304923058,402.75909423828125,3.4596242904663086,
partsupp_yfcc_wiki_1,4way,B6,0.5,0.5,224837,398648,386716.71273873217,1.030852784139507,385,385,15.215499326586723,437.2459411621094,3.5153305530548096,
partsupp_yfcc_wiki_1,4way,B6,0.5,0.5,386133,400299,400983.1759182425,1.0017091621968641,385,385,15.38681611418724,423.341796875,3.3409440517425537,
partsupp_yfcc_wiki_1,4way,B6,0.5,0.5,487850,400152,454109.29217086517,1.134841990470784,385,385,15.36480151116848,451.381103515625,2.9737961292266846,
partsupp_yfcc_wiki_1,4way,B6,0.5,0.5,340195,398037,412620.1260435652,1.0366376142006024,385,385,15.38127288222313,445.21075439453125,3.3361666202545166,
partsupp_yfcc_wiki_1,4way,B6,0.5,0.5,122774,399320,412155.1796097865,1.032142591429897,385,385,14.866134151816368,399.5509948730469,2.9925975799560547,
partsupp_yfcc_wiki_1,4way,B6,0.5,0.5,690833,398609,417892.97057566774,1.048378161495771,385,385,14.936506748199463,440.4053649902344,3.4445395469665527,
partsupp_yfcc_wiki_1,4way,B6,0.5,0.5,686759,401250,404082.9735696918,1.0070603702671448,385,385,14.471929520368576,395.3150634765625,3.5822367668151855,
partsupp_yfcc_wiki_1,4way,B6,0.5,0.5,154430,398601,411277.6469767674,1.0318028479024572,385,385,14.884068630635738,420.52886962890625,3.0902206897735596,
partsupp_yfcc_wiki_1,4way,B6,0.5,0.5,630926,397926,388010.87015163,1.0255537424621513,385,385,15.016022138297558,429.1429138183594,3.4742069244384766,
partsupp_yfcc_wiki_1,4way,B6,0.5,0.5,255248,398528,382503.5753026698,1.0418935291902836,385,385,14.925597235560417,442.417236328125,3.2602715492248535,
partsupp_yfcc_wiki_1,4way,B6,0.5,0.5,48107,399282,409849.4403842435,1.0264661076237935,385,385,53.17644029855728,466.3829040527344,3.3630759716033936,
partsupp_yfcc_wiki_1,4way,B6,0.5,0.5,717611,399714,420459.6675595997,1.051901278312993,385,385,20.745649002492428,441.1711730957031,2.9142706394195557,
partsupp_yfcc_wiki_1,4way,B6,0.5,0.5,559097,398793,418559.6812012592,1.049566269220521,385,385,20.95881849527359,454.1783752441406,3.4353229999542236,
partsupp_yfcc_wiki_1,4way,B6,0.5,0.5,527854,400209,458362.8706040127,1.145308752686753,385,385,20.686354488134384,435.4969787597656,3.2362077236175537,
partsupp_yfcc_wiki_1,4way,B6,0.5,0.5,692258,399561,385040.8347889063,1.0377107150701412,385,385,21.692565642297268,416.83154296875,3.776059865951538,
partsupp_yfcc_wiki_1,4way,B6,0.5,0.5,344709,400354,407508.1383863442,1.0178695314305444,385,385,20.804584957659245,429.8712158203125,3.213989496231079,
partsupp_yfcc_wiki_1,4way,B6,0.5,0.5,414737,402365,413264.4146531466,1.0270883766061825,385,385,22.683115676045418,419.09307861328125,3.403557300567627,
partsupp_yfcc_wiki_1,4way,B6,0.5,0.5,362610,398680,409413.46573527256,1.0269225086166163,385,385,24.31940846145153,459.2562255859375,3.365111827850342,
partsupp_yfcc_wiki_1,4way,B6,0.5,0.5,129857,400132,384804.194820383,1.0398327393150473,385,385,24.179445579648018,447.29144287109375,3.189283847808838,
partsupp_yfcc_wiki_1,4way,B6,0.5,0.5,210898,400546,402505.13550036476,1.0048911623143528,385,385,25.78067686408758,434.52911376953125,2.9655251502990723,
partsupp_yfcc_wiki_1,4way,B6,0.5,0.5,793779,398747,433262.46006116335,1.0865597987224063,385,385,24.13544151932001,406.6611328125,3.1118245124816895,
partsupp_yfcc_wiki_1,4way,B6,0.5,0.5,634727,399186,388859.153956401,1.0265567775337927,385,385,19.080649130046368,427.08856201171875,2.9159677028656006,
partsupp_yfcc_wiki_1,4way,B6,0.5,0.5,351141,398896,398778.4353689095,1.000294811907223,385,385,19.70954518765211,423.3606872558594,3.1640126705169678,
partsupp_yfcc_wiki_1,4way,B6,0.5,0.5,611020,400507,428726.5695810596,1.0704596163888762,385,385,22.00338803231716,457.6464538574219,3.011030912399292,
