cell,cell_kind,baseline,selectivity,seed,query_id,true_card,est,q_error,sample_size_used,sample_size_total,wall_clock_ms,D1_target,D2_target,reused_from
SIFT_sf1,single,B1,0.01,0.1,0,7644,4155.8441558441555,1.8393375,385,385,0.3842422738671303,526.6382446289062,,
SIFT_sf1,single,B1,0.01,0.1,1,8074,6233.766233766233,1.2952041666666667,385,385,0.19083265215158463,421.06646728515625,,
SIFT_sf1,single,B1,0.01,0.1,2,8107,8311.688311688311,1.0252483423816838,385,385,0.17205439507961273,389.113037109375,,
SIFT_sf1,single,B1,0.01,0.1,3,7734,4155.8441558441555,1.8609937500000002,385,385,0.16682129353284836,437.8057861328125,,
SIFT_sf1,single,B1,0.01,0.1,4,8161,6233.766233766233,1.3091604166666668,385,385,0.16403943300247192,406.35699462890625,,
SIFT_sf1,single,B1,0.01,0.1,5,8017,14545.454545454544,1.8143263746357172,385,385,0.16428250819444656,402.9726867675781,,
SIFT_sf1,single,B1,0.01,0.1,6,8163,8311.688311688311,1.0182149101663984,385,385,0.1601092517375946,459.91943359375,,
SIFT_sf1,single,B1,0.01,0.1,7,8010,6233.766233766233,1.2849375,385,385,0.1564742997288704,470.5484924316406,,
SIFT_sf1,single,B1,0.01,0.1,8,8189,8311.688311688311,1.0149820871520712,385,385,0.15941262245178223,473.0179443359375,,
SIFT_sf1,single,B1,0.01,0.1,9,7901,4155.8441558441555,1.9011781250000002,385,385,0.15715323388576508,519.8017578125,,
SIFT_sf1,single,B1,0.01,0.1,10,7797,10389.610389610389,1.3325138373233794,385,385,0.15756022185087204,453.1532287597656,,
SIFT_sf1,single,B1,0.01,0.1,11,8004,4155.8441558441555,1.9259625000000002,385,385,0.15606358647346497,324.2884216308594,,
SIFT_sf1,single,B1,0.01,0.1,12,7820,2077.9220779220777,3.7633750000000004,385,385,0.16033835709095,326.2312927246094,,
SIFT_sf1,single,B1,0.01,0.1,13,7746,2077.9220779220777,3.7277625000000003,385,385,0.15813671052455902,394.3703918457031,,
SIFT_sf1,single,B1,0.01,0.1,14,8276,4155.8441558441555,1.9914125000000003,385,385,0.1562647521495819,399.10015869140625,,
SIFT_sf1,single,B1,0.01,0.1,15,8166,10389.610389610389,1.2723010518748945,385,385,0.1570042222738266,365.4928283691406,,
SIFT_sf1,single,B1,0.01,0.1,16,7987,0.0,,385,385,0.15531480312347412,506.6033935546875,,
SIFT_sf1,single,B1,0.01,0.1,17,8041,10389.610389610389,1.29207939181823,385,385,0.15636440366506577,400.5470886230469,,
SIFT_sf1,single,B1,0.01,0.1,18,8022,6233.766233766233,1.2868625,385,385,0.15771202743053436,423.0779113769531,,
SIFT_sf1,single,B1,0.01,0.1,19,7959,2077.9220779220777,3.8302687500000006,385,385,0.15708431601524353,472.57135009765625,,
SIFT_sf1,single,B1,0.01,0.1,20,7862,2077.9220779220777,3.7835875000000003,385,385,0.1562768593430519,406.9508056640625,,
SIFT_sf1,single,B1,0.01,0.1,21,7940,8311.688311688311,1.0468121299355555,385,385,0.1562284305691719,420.90478515625,,
SIFT_sf1,single,B1,0.01,0.1,22,7947,2077.9220779220777,3.8244937500000002,385,385,0.1563793048262596,410.5933532714844,,
SIFT_sf1,single,B1,0.01,0.1,23,8080,2077.9220779220777,3.8885000000000005,385,385,0.15699397772550583,424.11181640625,,
SIFT_sf1,single,B1,0.01,0.1,24,8159,8311.688311688311,1.0187140962971333,385,385,0.16380101442337036,388.42108154296875,,
SIFT_sf1,single,B1,0.01,0.1,25,8172,14545.454545454544,1.7799136741868018,385,385,0.1584598794579506,407.5498962402344,,
SIFT_sf1,single,B1,0.01,0.1,26,8017,8311.688311688311,1.0367579283632669,385,385,0.1569977030158043,459.16009521484375,,
SIFT_sf1,single,B1,0.01,0.1,27,8086,6233.766233766233,1.2971291666666669,385,385,0.15753507614135742,417.1497497558594,,
SIFT_sf1,single,B1,0.01,0.1,28,8040,0.0,,385,385,0.15819072723388672,410.15234375,,
SIFT_sf1,single,B1,0.01,0.1,29,8016,12467.532467532466,1.5553308966482617,385,385,0.15767477452754974,383.0350646972656,,
SIFT_sf1,single,B1,0.01,0.1,30,7811,8311.688311688311,1.0641004111750494,385,385,0.15604961663484573,394.3182373046875,,
SIFT_sf1,single,B1,0.01,0.1,31,7952,6233.766233766233,1.2756333333333334,385,385,0.15808455646038055,438.2190246582031,,
SIFT_sf1,single,B1,0.01,0.1,32,8061,8311.688311688311,1.031098909774012,385,385,0.15540048480033875,408.2253112792969,,
SIFT_sf1,single,B1,0.01,0.1,33,7803,8311.688311688311,1.0651913766100616,385,385,0.15614647418260574,507.2021179199219,,
SIFT_sf1,single,B1,0.01,0.1,34,7925,4155.8441558441555,1.9069531250000002,385,385,0.15774834901094437,481.1474914550781,,
SIFT_sf1,single,B1,0.01,0.1,35,7882,12467.532467532466,1.5817727058528883,385,385,0.1583695411682129,512.485107421875,,
SIFT_sf1,single,B1,0.01,0.1,36,7995,18701.2987012987,2.3391242903438023,385,385,0.15738233923912048,421.2836608886719,,
SIFT_sf1,single,B1,0.01,0.1,37,7762,4155.8441558441555,1.86773125,385,385,0.15716440975666046,464.3852233886719,,
SIFT_sf1,single,B1,0.01,0.1,38,7835,22857.142857142855,2.917312425927614,385,385,0.1566130667924881,339.7629089355469,,
SIFT_sf1,single,B1,0.01,0.1,39,8170,10389.610389610389,1.2716781382632054,385,385,0.15783682465553284,409.4739685058594,,
SIFT_sf1,single,B1,0.01,0.1,40,8008,10389.610389610389,1.297403894806492,385,385,0.15597138553857803,471.01898193359375,,
SIFT_sf1,single,B1,0.01,0.1,41,7672,6233.766233766233,1.2307166666666667,385,385,0.15528034418821335,507.6020812988281,,
SIFT_sf1,single,B1,0.01,0.1,42,8021,12467.532467532466,1.5543613598718946,385,385,0.15580188482999802,500.74627685546875,,
SIFT_sf1,single,B1,0.01,0.1,43,7973,4155.8441558441555,1.9185031250000002,385,385,0.15595648437738419,410.5223693847656,,
SIFT_sf1,single,B1,0.01,0.1,44,7715,2077.9220779220777,3.71284375,385,385,0.15746057033538818,453.8728942871094,,
SIFT_sf1,single,B1,0.01,0.1,45,8086,10389.610389610389,1.2848887446958186,385,385,0.15819258987903595,433.5815734863281,,
SIFT_sf1,single,B1,0.01,0.1,46,7811,14545.454545454544,1.8621757195563364,385,385,0.1567034050822258,513.324462890625,,
SIFT_sf1,single,B1,0.01,0.1,47,7664,14545.454545454544,1.8978933383943821,385,385,0.15653669834136963,480.35504150390625,,
SIFT_sf1,single,B1,0.01,0.1,48,8138,6233.766233766233,1.3054708333333334,385,385,0.1561492681503296,400.55072021484375,,
SIFT_sf1,single,B1,0.01,0.1,49,7879,10389.610389610389,1.3186458166785617,385,385,0.15824567526578903,316.03948974609375,,
SIFT_sf1,single,B1,0.01,0.1,50,8219,14507.77202072539,1.7651505074492504,386,386,0.17412379384040833,395.2477722167969,,
SIFT_sf1,single,B1,0.01,0.1,51,7975,4145.077720207254,1.92396875,386,386,0.16477610915899277,549.358642578125,,
SIFT_sf1,single,B1,0.01,0.1,52,7760,4145.077720207254,1.8720999999999999,386,386,0.15874579548835754,400.493408203125,,
SIFT_sf1,single,B1,0.01,0.1,53,7918,10362.694300518135,1.3087514903407595,386,386,0.15621446073055267,416.29193115234375,,
SIFT_sf1,single,B1,0.01,0.1,54,8081,10362.694300518135,1.2823529638062288,386,386,0.15876349061727524,410.4898376464844,,
SIFT_sf1,single,B1,0.01,0.1,55,8185,10362.694300518135,1.266059169275276,386,386,0.1598149538040161,438.9942321777344,,
SIFT_sf1,single,B1,0.01,0.1,56,7899,14507.77202072539,1.836659326588858,386,386,0.15768501907587051,492.18792724609375,,
SIFT_sf1,single,B1,0.01,0.1,57,7572,4145.077720207254,1.8267449999999998,386,386,0.1585325226187706,424.01416015625,,
SIFT_sf1,single,B1,0.01,0.1,58,7976,10362.694300518135,1.2992344910378806,386,386,0.15698373317718506,411.4910583496094,,
SIFT_sf1,single,B1,0.01,0.1,59,7943,10362.694300518135,1.3046322926498974,386,386,0.1582438126206398,417.8944396972656,,
SIFT_sf1,single,B1,0.01,0.1,60,8073,4145.077720207254,1.94761125,386,386,0.1555662602186203,405.8312072753906,,
SIFT_sf1,single,B1,0.01,0.1,61,7880,4145.077720207254,1.90105,386,386,0.15928130596876144,414.1799011230469,,
SIFT_sf1,single,B1,0.01,0.1,62,8093,2072.538860103627,3.9048724999999997,386,386,0.15628058463335037,495.7599792480469,,
SIFT_sf1,single,B1,0.01,0.1,63,7799,16580.310880829016,2.125953440290937,386,386,0.15600211918354034,302.8726501464844,,
SIFT_sf1,single,B1,0.01,0.1,64,8225,6217.616580310882,1.3228541666666664,386,386,0.15651434659957886,433.2204895019531,,
SIFT_sf1,single,B1,0.01,0.1,65,7866,8290.155440414508,1.0539226341742318,386,386,0.15608873218297958,409.58013916015625,,
SIFT_sf1,single,B1,0.01,0.1,66,8009,6217.616580310882,1.2881141666666664,386,386,0.1564258709549904,411.19091796875,,
SIFT_sf1,single,B1,0.01,0.1,67,8262,12435.233160621763,1.5051117357324817,386,386,0.15674065798521042,348.9468994140625,,
SIFT_sf1,single,B1,0.01,0.1,68,7988,10362.694300518135,1.2972827116322152,386,386,0.15565939247608185,401.8892822265625,,
SIFT_sf1,single,B1,0.01,0.1,69,7865,8290.155440414508,1.0540566357806114,386,386,0.15804357826709747,424.076416015625,,
SIFT_sf1,single,B1,0.01,0.1,70,7599,8290.155440414508,1.0909534728799195,386,386,0.15571806579828262,516.5660400390625,,
SIFT_sf1,single,B1,0.01,0.1,71,8073,14507.77202072539,1.797073209553498,386,386,0.1569800078868866,431.321044921875,,
SIFT_sf1,single,B1,0.01,0.1,72,8126,4145.077720207254,1.9603975,386,386,0.15904288738965988,388.75946044921875,,
SIFT_sf1,single,B1,0.01,0.1,73,8198,8290.155440414508,1.011241210101794,386,386,0.16057118773460388,403.29632568359375,,
SIFT_sf1,single,B1,0.01,0.1,74,8098,10362.694300518135,1.2796609410370627,386,386,0.15555508434772491,408.8421630859375,,
SIFT_sf1,single,B1,0.01,0.1,75,7950,4145.077720207254,1.9179374999999999,386,386,0.15631690621376038,417.78680419921875,,
SIFT_sf1,single,B1,0.01,0.1,76,7927,4145.077720207254,1.9123887499999999,386,386,0.15670619904994965,464.0181579589844,,
SIFT_sf1,single,B1,0.01,0.1,77,7832,6217.616580310882,1.2596466666666666,386,386,0.15603937208652496,423.24200439453125,,
SIFT_sf1,single,B1,0.01,0.1,78,7735,8290.155440414508,1.071771873356756,386,386,0.15534460544586182,383.45654296875,,
SIFT_sf1,single,B1,0.01,0.1,79,7714,12435.233160621763,1.6120343739463006,386,386,0.15536043792963028,510.69720458984375,,
SIFT_sf1,single,B1,0.01,0.1,80,8013,4145.077720207254,1.93313625,386,386,0.15591736882925034,533.2841186523438,,
SIFT_sf1,single,B1,0.01,0.1,81,7821,4145.077720207254,1.8868162499999999,386,386,0.15591736882925034,399.1440124511719,,
SIFT_sf1,single,B1,0.01,0.1,82,7990,10362.694300518135,1.2969579850460744,386,386,0.15488825738430023,383.4214172363281,,
SIFT_sf1,single,B1,0.01,0.1,83,8235,4145.077720207254,1.98669375,386,386,0.1594293862581253,411.97442626953125,,
SIFT_sf1,single,B1,0.01,0.1,84,8151,12435.233160621763,1.5256082886298323,386,386,0.1556919887661934,519.2888793945312,,
SIFT_sf1,single,B1,0.01,0.1,85,8057,4145.077720207254,1.9437512499999998,386,386,0.15640724450349808,468.43035888671875,,
SIFT_sf1,single,B1,0.01,0.1,86,8318,14507.77202072539,1.744141863515916,386,386,0.1557581126689911,418.37640380859375,,
SIFT_sf1,single,B1,0.01,0.1,87,8057,2072.538860103627,3.8875024999999996,386,386,0.15507638454437256,477.552978515625,,
SIFT_sf1,single,B1,0.01,0.1,88,8084,16580.310880829016,2.051003325189141,386,386,0.15469267964363098,416.4072265625,,
SIFT_sf1,single,B1,0.01,0.1,89,7989,4145.077720207254,1.9273462499999998,386,386,0.15545915812253952,397.8778991699219,,
SIFT_sf1,single,B1,0.01,0.1,90,7838,2072.538860103627,3.781835,386,386,0.1563597470521927,411.759521484375,,
SIFT_sf1,single,B1,0.01,0.1,91,7764,8290.155440414508,1.0677686038658563,386,386,0.1564258709549904,369.6822204589844,,
SIFT_sf1,single,B1,0.01,0.1,92,7969,10362.694300518135,1.300375743571105,386,386,0.15582330524921417,413.46923828125,,
SIFT_sf1,single,B1,0.01,0.1,93,8115,8290.155440414508,1.0215841577836733,386,386,0.15460141003131866,391.01788330078125,,
SIFT_sf1,single,B1,0.01,0.1,94,7842,4145.077720207254,1.8918825,386,386,0.17168931663036346,411.60040283203125,,
SIFT_sf1,single,B1,0.01,0.1,95,8031,10362.694300518135,1.2903367327254558,386,386,0.15687383711338043,332.8993835449219,,
SIFT_sf1,single,B1,0.01,0.1,96,7888,4145.077720207254,1.90298,386,386,0.15561841428279877,492.2375793457031,,
SIFT_sf1,single,B1,0.01,0.1,97,8013,12435.233160621763,1.5518823362812633,386,386,0.16031507402658463,411.89312744140625,,
SIFT_sf1,single,B1,0.01,0.1,98,7970,0.0,,386,386,0.15838723629713058,501.0818176269531,,
SIFT_sf1,single,B1,0.01,0.1,99,8083,6217.616580310882,1.3000158333333331,386,386,0.1567089930176735,472.7694091796875,,
SIFT_sf1,single,B1,0.01,0.2,0,7644,6233.766233766233,1.2262250000000001,385,385,0.22233370691537857,526.6382446289062,,
SIFT_sf1,single,B1,0.01,0.2,1,8074,14545.454545454544,1.8015177787285788,385,385,0.17534196376800537,421.06646728515625,,
SIFT_sf1,single,B1,0.01,0.2,2,8107,6233.766233766233,1.3004979166666668,385,385,0.16628578305244446,389.113037109375,,
SIFT_sf1,single,B1,0.01,0.2,3,7734,10389.610389610389,1.3433682944931975,385,385,0.16361940652132034,437.8057861328125,,
SIFT_sf1,single,B1,0.01,0.2,4,8161,2077.9220779220777,3.9274812500000005,385,385,0.16618147492408752,406.35699462890625,,
SIFT_sf1,single,B1,0.01,0.2,5,8017,2077.9220779220777,3.8581812500000003,385,385,0.16102660447359085,402.9726867675781,,
SIFT_sf1,single,B1,0.01,0.2,6,8163,6233.766233766233,1.3094812500000002,385,385,0.1595979556441307,459.91943359375,,
SIFT_sf1,single,B1,0.01,0.2,7,8010,6233.766233766233,1.2849375,385,385,0.1568533480167389,470.5484924316406,,
SIFT_sf1,single,B1,0.01,0.2,8,8189,10389.610389610389,1.268727608940089,385,385,0.15734601765871048,473.0179443359375,,
SIFT_sf1,single,B1,0.01,0.2,9,7901,6233.766233766233,1.2674520833333334,385,385,0.15755277127027512,519.8017578125,,
SIFT_sf1,single,B1,0.01,0.2,10,7797,8311.688311688311,1.0660110698587035,385,385,0.15730038285255432,453.1532287597656,,
SIFT_sf1,single,B1,0.01,0.2,11,8004,16623.376623376622,2.076883636104026,385,385,0.15637557953596115,324.2884216308594,,
SIFT_sf1,single,B1,0.01,0.2,12,7820,12467.532467532466,1.5943136147739727,385,385,0.15767104923725128,326.2312927246094,,
SIFT_sf1,single,B1,0.01,0.2,13,7746,6233.766233766233,1.2425875000000002,385,385,0.15549547970294952,394.3703918457031,,
SIFT_sf1,single,B1,0.01,0.2,14,8276,12467.532467532466,1.5064683986868617,385,385,0.15663914382457733,399.10015869140625,,
SIFT_sf1,single,B1,0.01,0.2,15,8166,2077.9220779220777,3.9298875000000004,385,385,0.1557106152176857,365.4928283691406,,
SIFT_sf1,single,B1,0.01,0.2,16,7987,8311.688311688311,1.0406520986212984,385,385,0.15530362725257874,506.6033935546875,,
SIFT_sf1,single,B1,0.01,0.2,17,8041,6233.766233766233,1.2899104166666668,385,385,0.15496835112571716,400.5470886230469,,
SIFT_sf1,single,B1,0.01,0.2,18,8022,4155.8441558441555,1.9302937500000001,385,385,0.16392581164836884,423.0779113769531,,
SIFT_sf1,single,B1,0.01,0.2,19,7959,10389.610389610389,1.3053914297789155,385,385,0.15542283654212952,472.57135009765625,,
SIFT_sf1,single,B1,0.01,0.2,20,7862,4155.8441558441555,1.8917937500000002,385,385,0.156535767018795,406.9508056640625,,
SIFT_sf1,single,B1,0.01,0.2,21,7940,2077.9220779220777,3.8211250000000003,385,385,0.1546824350953102,420.90478515625,,
SIFT_sf1,single,B1,0.01,0.2,22,7947,12467.532467532466,1.568835090918896,385,385,0.15393365174531937,410.5933532714844,,
SIFT_sf1,single,B1,0.01,0.2,23,8080,4155.8441558441555,1.9442500000000003,385,385,0.1559155061841011,424.11181640625,,
SIFT_sf1,single,B1,0.01,0.2,24,8159,12467.532467532466,1.5280711444457,385,385,0.15707220882177353,388.42108154296875,,
SIFT_sf1,single,B1,0.01,0.2,25,8172,12467.532467532466,1.5256402921601158,385,385,0.15785638242959976,407.5498962402344,,
SIFT_sf1,single,B1,0.01,0.2,26,8017,8311.688311688311,1.0367579283632669,385,385,0.15692319720983505,459.16009521484375,,
SIFT_sf1,single,B1,0.01,0.2,27,8086,8311.688311688311,1.0279109957566548,385,385,0.15766825526952744,417.1497497558594,,
SIFT_sf1,single,B1,0.01,0.2,28,8040,2077.9220779220777,3.8692500000000005,385,385,0.15571434050798416,410.15234375,,
SIFT_sf1,single,B1,0.01,0.2,29,8016,0.0,,385,385,0.1561613753437996,383.0350646972656,,
SIFT_sf1,single,B1,0.01,0.2,30,7811,4155.8441558441555,1.8795218750000002,385,385,0.15363842248916626,394.3182373046875,,
SIFT_sf1,single,B1,0.01,0.2,31,7952,16623.376623376622,2.0904648671248265,385,385,0.15615858137607574,438.2190246582031,,
SIFT_sf1,single,B1,0.01,0.2,32,8061,4155.8441558441555,1.9396781250000001,385,385,0.15567895025014877,408.2253112792969,,
SIFT_sf1,single,B1,0.01,0.2,33,7803,10389.610389610389,1.331489220762577,385,385,0.15511363744735718,507.2021179199219,,
SIFT_sf1,single,B1,0.01,0.2,34,7925,10389.610389610389,1.3109918472694497,385,385,0.15539955347776413,481.1474914550781,,
SIFT_sf1,single,B1,0.01,0.2,35,7882,8311.688311688311,1.054515137235259,385,385,0.15528220683336258,512.485107421875,,
SIFT_sf1,single,B1,0.01,0.2,36,7995,4155.8441558441555,1.923796875,385,385,0.15621911734342575,421.2836608886719,,
SIFT_sf1,single,B1,0.01,0.2,37,7762,0.0,,385,385,0.15618838369846344,464.3852233886719,,
SIFT_sf1,single,B1,0.01,0.2,38,7835,6233.766233766233,1.2568645833333334,385,385,0.1549646258354187,339.7629089355469,,
SIFT_sf1,single,B1,0.01,0.2,39,8170,8311.688311688311,1.0173425106105645,385,385,0.15728268772363663,409.4739685058594,,
SIFT_sf1,single,B1,0.01,0.2,40,8008,8311.688311688311,1.0379231158451936,385,385,0.15642959624528885,471.01898193359375,,
SIFT_sf1,single,B1,0.01,0.2,41,7672,10389.610389610389,1.3542245033381632,385,385,0.1574493944644928,507.6020812988281,,
SIFT_sf1,single,B1,0.01,0.2,42,8021,8311.688311688311,1.036240906581263,385,385,0.1591276377439499,500.74627685546875,,
SIFT_sf1,single,B1,0.01,0.2,43,7973,12467.532467532466,1.563719110439291,385,385,0.1560710370540619,410.5223693847656,,
SIFT_sf1,single,B1,0.01,0.2,44,7715,6233.766233766233,1.2376145833333334,385,385,0.15508104115724564,453.8728942871094,,
SIFT_sf1,single,B1,0.01,0.2,45,8086,4155.8441558441555,1.9456937500000002,385,385,0.15566032379865646,433.5815734863281,,
SIFT_sf1,single,B1,0.01,0.2,46,7811,6233.766233766233,1.2530145833333335,385,385,0.15539024025201797,513.324462890625,,
SIFT_sf1,single,B1,0.01,0.2,47,7664,18701.2987012987,2.4401485779356342,385,385,0.1553380861878395,480.35504150390625,,
SIFT_sf1,single,B1,0.01,0.2,48,8138,8311.688311688311,1.021342874378018,385,385,0.15508104115724564,400.55072021484375,,
SIFT_sf1,single,B1,0.01,0.2,49,7879,4155.8441558441555,1.895884375,385,385,0.15487335622310638,316.03948974609375,,
SIFT_sf1,single,B1,0.01,0.2,50,8219,10362.694300518135,1.2608217910351789,386,386,0.16835331916809082,395.2477722167969,,
SIFT_sf1,single,B1,0.01,0.2,51,7975,10362.694300518135,1.2993974044536847,386,386,0.16020424664020538,549.358642578125,,
SIFT_sf1,single,B1,0.01,0.2,52,7760,2072.538860103627,3.7441999999999998,386,386,0.15716161578893661,400.493408203125,,
SIFT_sf1,single,B1,0.01,0.2,53,7918,12435.233160621763,1.5705017884089116,386,386,0.15697628259658813,416.29193115234375,,
SIFT_sf1,single,B1,0.01,0.2,54,8081,10362.694300518135,1.2823529638062288,386,386,0.1561855897307396,410.4898376464844,,
SIFT_sf1,single,B1,0.01,0.2,55,8185,8290.155440414508,1.012847335420221,386,386,0.15569757670164108,438.9942321777344,,
SIFT_sf1,single,B1,0.01,0.2,56,7899,0.0,,386,386,0.1558074727654457,492.18792724609375,,
SIFT_sf1,single,B1,0.01,0.2,57,7572,6217.616580310882,1.21783,386,386,0.15510432422161102,424.01416015625,,
SIFT_sf1,single,B1,0.01,0.2,58,7976,6217.616580310882,1.2828066666666664,386,386,0.15647150576114655,411.4910583496094,,
SIFT_sf1,single,B1,0.01,0.2,59,7943,4145.077720207254,1.9162487499999998,386,386,0.1569865271449089,417.8944396972656,,
SIFT_sf1,single,B1,0.01,0.2,60,8073,12435.233160621763,1.5403484653315698,386,386,0.15574973076581955,405.8312072753906,,
SIFT_sf1,single,B1,0.01,0.2,61,7880,8290.155440414508,1.0520501827937192,386,386,0.15728268772363663,414.1799011230469,,
SIFT_sf1,single,B1,0.01,0.2,62,8093,6217.616580310882,1.3016241666666666,386,386,0.15916302800178528,495.7599792480469,,
SIFT_sf1,single,B1,0.01,0.2,63,7799,8290.155440414508,1.0629767201454685,386,386,0.15685055404901505,302.8726501464844,,
SIFT_sf1,single,B1,0.01,0.2,64,8225,16580.310880829016,2.0158432681858987,386,386,0.1597413793206215,433.2204895019531,,
SIFT_sf1,single,B1,0.01,0.2,65,7866,6217.616580310882,1.2651149999999998,386,386,0.15881657600402832,409.58013916015625,,
SIFT_sf1,single,B1,0.01,0.2,66,8009,10362.694300518135,1.2938811712471139,386,386,0.1554815098643303,411.19091796875,,
SIFT_sf1,single,B1,0.01,0.2,67,8262,2072.538860103627,3.986415,386,386,0.15875324606895447,348.9468994140625,,
SIFT_sf1,single,B1,0.01,0.2,68,7988,4145.077720207254,1.9271049999999998,386,386,0.15547685325145721,401.8892822265625,,
SIFT_sf1,single,B1,0.01,0.2,69,7865,6217.616580310882,1.2649541666666666,386,386,0.1552170142531395,424.076416015625,,
SIFT_sf1,single,B1,0.01,0.2,70,7599,8290.155440414508,1.0909534728799195,386,386,0.156329944729805,516.5660400390625,,
SIFT_sf1,single,B1,0.01,0.2,71,8073,6217.616580310882,1.2984075,386,386,0.16105826944112778,431.321044921875,,
SIFT_sf1,single,B1,0.01,0.2,72,8126,6217.616580310882,1.3069316666666666,386,386,0.1565171405673027,388.75946044921875,,
SIFT_sf1,single,B1,0.01,0.2,73,8198,8290.155440414508,1.011241210101794,386,386,0.1576235517859459,403.29632568359375,,
SIFT_sf1,single,B1,0.01,0.2,74,8098,12435.233160621763,1.5355931292444756,386,386,0.15602633357048035,408.8421630859375,,
SIFT_sf1,single,B1,0.01,0.2,75,7950,20725.38860103627,2.6069671196272037,386,386,0.15556719154119492,417.78680419921875,,
SIFT_sf1,single,B1,0.01,0.2,76,7927,10362.694300518135,1.3072655860373577,386,386,0.15724357217550278,464.0181579589844,,
SIFT_sf1,single,B1,0.01,0.2,77,7832,10362.694300518135,1.3231223570630917,386,386,0.1561194658279419,423.24200439453125,,
SIFT_sf1,single,B1,0.01,0.2,78,7735,12435.233160621763,1.6076578100351342,386,386,0.15573948621749878,383.45654296875,,
SIFT_sf1,single,B1,0.01,0.2,79,7714,10362.694300518135,1.3433619782885837,386,386,0.15635881572961807,510.69720458984375,,
SIFT_sf1,single,B1,0.01,0.2,80,8013,4145.077720207254,1.93313625,386,386,0.15611015260219574,533.2841186523438,,
SIFT_sf1,single,B1,0.01,0.2,81,7821,2072.538860103627,3.7736324999999997,386,386,0.15647709369659424,399.1440124511719,,
SIFT_sf1,single,B1,0.01,0.2,82,7990,10362.694300518135,1.2969579850460744,386,386,0.15515275299549103,383.4214172363281,,
SIFT_sf1,single,B1,0.01,0.2,83,8235,8290.155440414508,1.0066976855391023,386,386,0.1546870917081833,411.97442626953125,,
SIFT_sf1,single,B1,0.01,0.2,84,8151,10362.694300518135,1.2713402405248602,386,386,0.15414506196975708,519.2888793945312,,
SIFT_sf1,single,B1,0.01,0.2,85,8057,4145.077720207254,1.9437512499999998,386,386,0.15505030751228333,468.43035888671875,,
SIFT_sf1,single,B1,0.01,0.2,86,8318,4145.077720207254,2.0067174999999997,386,386,0.15644356608390808,418.37640380859375,,
SIFT_sf1,single,B1,0.01,0.2,87,8057,10362.694300518135,1.2861728063197386,386,386,0.15505310148000717,477.552978515625,,
SIFT_sf1,single,B1,0.01,0.2,88,8084,6217.616580310882,1.3001766666666665,386,386,0.15612132847309113,416.4072265625,,
SIFT_sf1,single,B1,0.01,0.2,89,7989,12435.233160621763,1.5565443936189465,386,386,0.15638954937458038,397.8778991699219,,
SIFT_sf1,single,B1,0.01,0.2,90,7838,4145.077720207254,1.8909175,386,386,0.1560002565383911,411.759521484375,,
SIFT_sf1,single,B1,0.01,0.2,91,7764,8290.155440414508,1.0677686038658563,386,386,0.15354342758655548,369.6822204589844,,
SIFT_sf1,single,B1,0.01,0.2,92,7969,4145.077720207254,1.92252125,386,386,0.1591704785823822,413.46923828125,,
SIFT_sf1,single,B1,0.01,0.2,93,8115,12435.233160621763,1.53237623667551,386,386,0.15615858137607574,391.01788330078125,,
SIFT_sf1,single,B1,0.01,0.2,94,7842,6217.616580310882,1.2612549999999998,386,386,0.15510991215705872,411.60040283203125,,
SIFT_sf1,single,B1,0.01,0.2,95,8031,10362.694300518135,1.2903367327254558,386,386,0.15416089445352554,332.8993835449219,,
SIFT_sf1,single,B1,0.01,0.2,96,7888,8290.155440414508,1.0509831947787156,386,386,0.15606824308633804,492.2375793457031,,
SIFT_sf1,single,B1,0.01,0.2,97,8013,4145.077720207254,1.93313625,386,386,0.15498138964176178,411.89312744140625,,
SIFT_sf1,single,B1,0.01,0.2,98,7970,2072.538860103627,3.845525,386,386,0.15559978783130646,501.0818176269531,,
SIFT_sf1,single,B1,0.01,0.2,99,8083,4145.077720207254,1.95002375,386,386,0.15449058264493942,472.7694091796875,,
SIFT_sf1,single,B1,0.01,0.3,0,7644,6233.766233766233,1.2262250000000001,385,385,0.2201152965426445,526.6382446289062,,
SIFT_sf1,single,B1,0.01,0.3,1,8074,4155.8441558441555,1.94280625,385,385,0.17719436436891556,421.06646728515625,,
SIFT_sf1,single,B1,0.01,0.3,2,8107,6233.766233766233,1.3004979166666668,385,385,0.1654280349612236,389.113037109375,,
SIFT_sf1,single,B1,0.01,0.3,3,7734,8311.688311688311,1.074694635594558,385,385,0.16002729535102844,437.8057861328125,,
SIFT_sf1,single,B1,0.01,0.3,4,8161,6233.766233766233,1.3091604166666668,385,385,0.1595728099346161,406.35699462890625,,
SIFT_sf1,single,B1,0.01,0.3,5,8017,6233.766233766233,1.2860604166666667,385,385,0.1581842079758644,402.9726867675781,,
SIFT_sf1,single,B1,0.01,0.3,6,8163,4155.8441558441555,1.9642218750000002,385,385,0.15588663518428802,459.91943359375,,
SIFT_sf1,single,B1,0.01,0.3,7,8010,10389.610389610389,1.297079948765342,385,385,0.15580933541059494,470.5484924316406,,
SIFT_sf1,single,B1,0.01,0.3,8,8189,2077.9220779220777,3.94095625,385,385,0.15544798225164413,473.0179443359375,,
SIFT_sf1,single,B1,0.01,0.3,9,7901,12467.532467532466,1.5779689238745054,385,385,0.15651248395442963,519.8017578125,,
SIFT_sf1,single,B1,0.01,0.3,10,7797,12467.532467532466,1.5990166047880552,385,385,0.1535257324576378,453.1532287597656,,
SIFT_sf1,single,B1,0.01,0.3,11,8004,12467.532467532466,1.5576627270780192,385,385,0.15556253492832184,324.2884216308594,,
SIFT_sf1,single,B1,0.01,0.3,12,7820,14545.454545454544,1.860032550569635,385,385,0.16660522669553757,326.2312927246094,,
SIFT_sf1,single,B1,0.01,0.3,13,7746,12467.532467532466,1.6095445994748858,385,385,0.15769433230161667,394.3703918457031,,
SIFT_sf1,single,B1,0.01,0.3,14,8276,0.0,,385,385,0.15628989785909653,399.10015869140625,,
SIFT_sf1,single,B1,0.01,0.3,15,8166,8311.688311688311,1.0178408414999156,385,385,0.15679839998483658,365.4928283691406,,
SIFT_sf1,single,B1,0.01,0.3,16,7987,14545.454545454544,1.8211411725872724,385,385,0.15511177480220795,506.6033935546875,,
SIFT_sf1,single,B1,0.01,0.3,17,8041,8311.688311688311,1.0336635134545842,385,385,0.15508942306041718,400.5470886230469,,
SIFT_sf1,single,B1,0.01,0.3,18,8022,4155.8441558441555,1.9302937500000001,385,385,0.15620701014995575,423.0779113769531,,
SIFT_sf1,single,B1,0.01,0.3,19,7959,8311.688311688311,1.0443131438231323,385,385,0.1605655997991562,472.57135009765625,,
SIFT_sf1,single,B1,0.01,0.3,20,7862,2077.9220779220777,3.7835875000000003,385,385,0.15661120414733887,406.9508056640625,,
SIFT_sf1,single,B1,0.01,0.3,21,7940,8311.688311688311,1.0468121299355555,385,385,0.1557525247335434,420.90478515625,,
SIFT_sf1,single,B1,0.01,0.3,22,7947,4155.8441558441555,1.9122468750000001,385,385,0.1562274992465973,410.5933532714844,,
SIFT_sf1,single,B1,0.01,0.3,23,8080,10389.610389610389,1.2858428700012858,385,385,0.1539718359708786,424.11181640625,,
SIFT_sf1,single,B1,0.01,0.3,24,8159,20779.220779220777,2.5467852407428335,385,385,0.15553738921880722,388.42108154296875,,
SIFT_sf1,single,B1,0.01,0.3,25,8172,20779.220779220777,2.54273382026686,385,385,0.1554517075419426,407.5498962402344,,
SIFT_sf1,single,B1,0.01,0.3,26,8017,0.0,,385,385,0.15450362116098404,459.16009521484375,,
SIFT_sf1,single,B1,0.01,0.3,27,8086,10389.610389610389,1.2848887446958186,385,385,0.15640351921319962,417.1497497558594,,
SIFT_sf1,single,B1,0.01,0.3,28,8040,6233.766233766233,1.2897500000000002,385,385,0.15501491725444794,410.15234375,,
SIFT_sf1,single,B1,0.01,0.3,29,8016,6233.766233766233,1.2859,385,385,0.15545915812253952,383.0350646972656,,
SIFT_sf1,single,B1,0.01,0.3,30,7811,8311.688311688311,1.0641004111750494,385,385,0.1550968736410141,394.3182373046875,,
SIFT_sf1,single,B1,0.01,0.3,31,7952,2077.9220779220777,3.8269,385,385,0.15322864055633545,438.2190246582031,,
SIFT_sf1,single,B1,0.01,0.3,32,8061,6233.766233766233,1.29311875,385,385,0.15260186046361923,408.2253112792969,,
SIFT_sf1,single,B1,0.01,0.3,33,7803,4155.8441558441555,1.8775968750000003,385,385,0.15526637434959412,507.2021179199219,,
SIFT_sf1,single,B1,0.01,0.3,34,7925,10389.610389610389,1.3109918472694497,385,385,0.15542656183242798,481.1474914550781,,
SIFT_sf1,single,B1,0.01,0.3,35,7882,6233.766233766233,1.2644041666666668,385,385,0.15480630099773407,512.485107421875,,
SIFT_sf1,single,B1,0.01,0.3,36,7995,12467.532467532466,1.5594161935625348,385,385,0.15699025243520737,421.2836608886719,,
SIFT_sf1,single,B1,0.01,0.3,37,7762,2077.9220779220777,3.7354625,385,385,0.15952065587043762,464.3852233886719,,
SIFT_sf1,single,B1,0.01,0.3,38,7835,8311.688311688311,1.060840882155496,385,385,0.1555783674120903,339.7629089355469,,
SIFT_sf1,single,B1,0.01,0.3,39,8170,6233.766233766233,1.3106041666666668,385,385,0.15295669436454773,409.4739685058594,,
SIFT_sf1,single,B1,0.01,0.3,40,8008,6233.766233766233,1.2846166666666667,385,385,0.15502981841564178,471.01898193359375,,
SIFT_sf1,single,B1,0.01,0.3,41,7672,4155.8441558441555,1.8460750000000001,385,385,0.15420839190483093,507.6020812988281,,
SIFT_sf1,single,B1,0.01,0.3,42,8021,8311.688311688311,1.036240906581263,385,385,0.15472620725631714,500.74627685546875,,
SIFT_sf1,single,B1,0.01,0.3,43,7973,6233.766233766233,1.2790020833333335,385,385,0.1547718420624733,410.5223693847656,,
SIFT_sf1,single,B1,0.01,0.3,44,7715,8311.688311688311,1.0773413236148166,385,385,0.15488546341657639,453.8728942871094,,
SIFT_sf1,single,B1,0.01,0.3,45,8086,12467.532467532466,1.5418664936349822,385,385,0.15488360077142715,433.5815734863281,,
SIFT_sf1,single,B1,0.01,0.3,46,7811,0.0,,385,385,0.15471875667572021,513.324462890625,,
SIFT_sf1,single,B1,0.01,0.3,47,7664,8311.688311688311,1.084510479082504,385,385,0.15591736882925034,480.35504150390625,,
SIFT_sf1,single,B1,0.01,0.3,48,8138,8311.688311688311,1.021342874378018,385,385,0.1537436619400978,400.55072021484375,,
SIFT_sf1,single,B1,0.01,0.3,49,7879,0.0,,385,385,0.15508197247982025,316.03948974609375,,
SIFT_sf1,single,B1,0.01,0.3,50,8219,6233.766233766233,1.3184645833333335,385,385,0.1669144257903099,395.2477722167969,,
SIFT_sf1,single,B1,0.01,0.3,51,7975,2077.9220779220777,3.8379687500000004,385,385,0.15812087804079056,549.358642578125,,
SIFT_sf1,single,B1,0.01,0.3,52,7760,4155.8441558441555,1.86725,385,385,0.1552114263176918,400.493408203125,,
SIFT_sf1,single,B1,0.01,0.3,53,7918,4155.8441558441555,1.90526875,385,385,0.1558670774102211,416.29193115234375,,
SIFT_sf1,single,B1,0.01,0.3,54,8081,8311.688311688311,1.0285470005801647,385,385,0.1546815037727356,410.4898376464844,,
SIFT_sf1,single,B1,0.01,0.3,55,8185,6233.766233766233,1.3130104166666667,385,385,0.15487149357795715,438.9942321777344,,
SIFT_sf1,single,B1,0.01,0.3,56,7899,6233.766233766233,1.26713125,385,385,0.15351548790931702,492.18792724609375,,
SIFT_sf1,single,B1,0.01,0.3,57,7572,8311.688311688311,1.097687310048641,385,385,0.15330780297517776,424.01416015625,,
SIFT_sf1,single,B1,0.01,0.3,58,7976,8311.688311688311,1.0420873008636298,385,385,0.15397276729345322,411.4910583496094,,
SIFT_sf1,single,B1,0.01,0.3,59,7943,4155.8441558441555,1.9112843750000001,385,385,0.15534646809101105,417.8944396972656,,
SIFT_sf1,single,B1,0.01,0.3,60,8073,12467.532467532466,1.544349370436327,385,385,0.1545073464512825,405.8312072753906,,
SIFT_sf1,single,B1,0.01,0.3,61,7880,10389.610389610389,1.318478475838882,385,385,0.15576370060443878,414.1799011230469,,
SIFT_sf1,single,B1,0.01,0.3,62,8093,16623.376623376622,2.0540438185316474,385,385,0.1566968858242035,495.7599792480469,,
SIFT_sf1,single,B1,0.01,0.3,63,7799,6233.766233766233,1.2510895833333335,385,385,0.15445798635482788,302.8726501464844,,
SIFT_sf1,single,B1,0.01,0.3,64,8225,12467.532467532466,1.5158094185449806,385,385,0.15410501509904861,433.2204895019531,,
SIFT_sf1,single,B1,0.01,0.3,65,7866,2077.9220779220777,3.7855125000000003,385,385,0.15490595251321793,409.58013916015625,,
SIFT_sf1,single,B1,0.01,0.3,66,8009,16623.376623376622,2.075587042499266,385,385,0.15432201325893402,411.19091796875,,
SIFT_sf1,single,B1,0.01,0.3,67,8262,4155.8441558441555,1.98804375,385,385,0.15656929463148117,348.9468994140625,,
SIFT_sf1,single,B1,0.01,0.3,68,7988,2077.9220779220777,3.8442250000000002,385,385,0.15532877296209335,401.8892822265625,,
SIFT_sf1,single,B1,0.01,0.3,69,7865,8311.688311688311,1.0567944452241973,385,385,0.15636440366506577,424.076416015625,,
SIFT_sf1,single,B1,0.01,0.3,70,7599,14545.454545454544,1.9141274569620403,385,385,0.15393272042274475,516.5660400390625,,
SIFT_sf1,single,B1,0.01,0.3,71,8073,6233.766233766233,1.29504375,385,385,0.15367008745670319,431.321044921875,,
SIFT_sf1,single,B1,0.01,0.3,72,8126,12467.532467532466,1.5342767004100992,385,385,0.15455763787031174,388.75946044921875,,
SIFT_sf1,single,B1,0.01,0.3,73,8198,10389.610389610389,1.2673347633093912,385,385,0.15589315444231033,403.29632568359375,,
SIFT_sf1,single,B1,0.01,0.3,74,8098,2077.9220779220777,3.8971625000000003,385,385,0.15478115528821945,408.8421630859375,,
SIFT_sf1,single,B1,0.01,0.3,75,7950,6233.766233766233,1.2753125,385,385,0.15396066009998322,417.78680419921875,,
SIFT_sf1,single,B1,0.01,0.3,76,7927,4155.8441558441555,1.9074343750000002,385,385,0.1551266759634018,464.0181579589844,,
SIFT_sf1,single,B1,0.01,0.3,77,7832,4155.8441558441555,1.8845750000000001,385,385,0.15480909496545792,423.24200439453125,,
SIFT_sf1,single,B1,0.01,0.3,78,7735,0.0,,385,385,0.15392061322927475,383.45654296875,,
SIFT_sf1,single,B1,0.01,0.3,79,7714,8311.688311688311,1.0774809841441937,385,385,0.15470478683710098,510.69720458984375,,
SIFT_sf1,single,B1,0.01,0.3,80,8013,2077.9220779220777,3.8562562500000004,385,385,0.1527741551399231,533.2841186523438,,
SIFT_sf1,single,B1,0.01,0.3,81,7821,12467.532467532466,1.5941097644204663,385,385,0.15387684106826782,399.1440124511719,,
SIFT_sf1,single,B1,0.01,0.3,82,7990,8311.688311688311,1.040261365668124,385,385,0.1543806865811348,383.4214172363281,,
SIFT_sf1,single,B1,0.01,0.3,83,8235,14545.454545454544,1.7662968482640613,385,385,0.15460699796676636,411.97442626953125,,
SIFT_sf1,single,B1,0.01,0.3,84,8151,2077.9220779220777,3.92266875,385,385,0.15523936599493027,519.2888793945312,,
SIFT_sf1,single,B1,0.01,0.3,85,8057,4155.8441558441555,1.9387156250000002,385,385,0.15424471348524094,468.43035888671875,,
SIFT_sf1,single,B1,0.01,0.3,86,8318,6233.766233766233,1.3343458333333336,385,385,0.1558121293783188,418.37640380859375,,
SIFT_sf1,single,B1,0.01,0.3,87,8057,2077.9220779220777,3.8774312500000003,385,385,0.16156211495399475,477.552978515625,,
SIFT_sf1,single,B1,0.01,0.3,88,8084,10389.610389610389,1.2852066290957929,385,385,0.15543773770332336,416.4072265625,,
SIFT_sf1,single,B1,0.01,0.3,89,7989,6233.766233766233,1.2815687500000001,385,385,0.15517603605985641,397.8778991699219,,
SIFT_sf1,single,B1,0.01,0.3,90,7838,10389.610389610389,1.325543555704311,385,385,0.1536170020699501,411.759521484375,,
SIFT_sf1,single,B1,0.01,0.3,91,7764,6233.766233766233,1.245475,385,385,0.15593040734529495,369.6822204589844,,
SIFT_sf1,single,B1,0.01,0.3,92,7969,12467.532467532466,1.5645040114860669,385,385,0.1542791724205017,413.46923828125,,
SIFT_sf1,single,B1,0.01,0.3,93,8115,10389.610389610389,1.2802970289107072,385,385,0.15458185225725174,391.01788330078125,,
SIFT_sf1,single,B1,0.01,0.3,94,7842,16623.376623376622,2.1197878887243844,385,385,0.1527685672044754,411.60040283203125,,
SIFT_sf1,single,B1,0.01,0.3,95,8031,8311.688311688311,1.0349506053652486,385,385,0.15761982649564743,332.8993835449219,,
SIFT_sf1,single,B1,0.01,0.3,96,7888,10389.610389610389,1.317141276573325,385,385,0.15259720385074615,492.2375793457031,,
SIFT_sf1,single,B1,0.01,0.3,97,8013,6233.766233766233,1.28541875,385,385,0.15397369861602783,411.89312744140625,,
SIFT_sf1,single,B1,0.01,0.3,98,7970,0.0,,385,385,0.1535685732960701,501.0818176269531,,
SIFT_sf1,single,B1,0.01,0.3,99,8083,10389.610389610389,1.2853656302870702,385,385,0.15458464622497559,472.7694091796875,,
SIFT_sf1,single,B1,0.01,0.4,0,7644,8311.688311688311,1.0873480261235362,385,385,0.23348815739154816,526.6382446289062,,
SIFT_sf1,single,B1,0.01,0.4,1,8074,4155.8441558441555,1.94280625,385,385,0.17598364502191544,421.06646728515625,,
SIFT_sf1,single,B1,0.01,0.4,2,8107,8311.688311688311,1.0252483423816838,385,385,0.16180798411369324,389.113037109375,,
SIFT_sf1,single,B1,0.01,0.4,3,7734,2077.9220779220777,3.7219875000000004,385,385,0.1580147072672844,437.8057861328125,,
SIFT_sf1,single,B1,0.01,0.4,4,8161,8311.688311688311,1.018464442064491,385,385,0.15518628060817719,406.35699462890625,,
SIFT_sf1,single,B1,0.01,0.4,5,8017,10389.610389610389,1.2959474104540836,385,385,0.15949364751577377,402.9726867675781,,
SIFT_sf1,single,B1,0.01,0.4,6,8163,8311.688311688311,1.0182149101663984,385,385,0.15966687351465225,459.91943359375,,
SIFT_sf1,single,B1,0.01,0.4,7,8010,10389.610389610389,1.297079948765342,385,385,0.1518120989203453,470.5484924316406,,
SIFT_sf1,single,B1,0.01,0.4,8,8189,10389.610389610389,1.268727608940089,385,385,0.15068426728248596,473.0179443359375,,
SIFT_sf1,single,B1,0.01,0.4,9,7901,8311.688311688311,1.0519792825830034,385,385,0.15280861407518387,519.8017578125,,
SIFT_sf1,single,B1,0.01,0.4,10,7797,8311.688311688311,1.0660110698587035,385,385,0.15278533101081848,453.1532287597656,,
SIFT_sf1,single,B1,0.01,0.4,11,8004,10389.610389610389,1.298052272565016,385,385,0.1521129161119461,324.2884216308594,,
SIFT_sf1,single,B1,0.01,0.4,12,7820,8311.688311688311,1.0628757431826485,385,385,0.1527024433016777,326.2312927246094,,
SIFT_sf1,single,B1,0.01,0.4,13,7746,12467.532467532466,1.6095445994748858,385,385,0.1507159322500229,394.3703918457031,,
SIFT_sf1,single,B1,0.01,0.4,14,8276,0.0,,385,385,0.15167240053415298,399.10015869140625,,
SIFT_sf1,single,B1,0.01,0.4,15,8166,2077.9220779220777,3.9298875000000004,385,385,0.15133526176214218,365.4928283691406,,
SIFT_sf1,single,B1,0.01,0.4,16,7987,4155.8441558441555,1.9218718750000001,385,385,0.1519257202744484,506.6033935546875,,
SIFT_sf1,single,B1,0.01,0.4,17,8041,8311.688311688311,1.0336635134545842,385,385,0.1511555165052414,400.5470886230469,,
SIFT_sf1,single,B1,0.01,0.4,18,8022,6233.766233766233,1.2868625,385,385,0.15522819012403488,423.0779113769531,,
SIFT_sf1,single,B1,0.01,0.4,19,7959,2077.9220779220777,3.8302687500000006,385,385,0.15059858560562134,472.57135009765625,,
SIFT_sf1,single,B1,0.01,0.4,20,7862,8311.688311688311,1.0571976992735068,385,385,0.150289386510849,406.9508056640625,,
SIFT_sf1,single,B1,0.01,0.4,21,7940,4155.8441558441555,1.9105625000000002,385,385,0.151192769408226,420.90478515625,,
SIFT_sf1,single,B1,0.01,0.4,22,7947,6233.766233766233,1.27483125,385,385,0.15130732208490372,410.5933532714844,,
SIFT_sf1,single,B1,0.01,0.4,23,8080,14545.454545454544,1.8001800180018,385,385,0.14987122267484665,424.11181640625,,
SIFT_sf1,single,B1,0.01,0.4,24,8159,4155.8441558441555,1.9632593750000003,385,385,0.1513250172138214,388.42108154296875,,
SIFT_sf1,single,B1,0.01,0.4,25,8172,10389.610389610389,1.27136691013343,385,385,0.15199650079011917,407.5498962402344,,
SIFT_sf1,single,B1,0.01,0.4,26,8017,6233.766233766233,1.2860604166666667,385,385,0.15020184218883514,459.16009521484375,,
SIFT_sf1,single,B1,0.01,0.4,27,8086,6233.766233766233,1.2971291666666669,385,385,0.15067867934703827,417.1497497558594,,
SIFT_sf1,single,B1,0.01,0.4,28,8040,4155.8441558441555,1.9346250000000003,385,385,0.15144702047109604,410.15234375,,
SIFT_sf1,single,B1,0.01,0.4,29,8016,14545.454545454544,1.8145527127563055,385,385,0.15110336244106293,383.0350646972656,,
SIFT_sf1,single,B1,0.01,0.4,30,7811,0.0,,385,385,0.1505669206380844,394.3182373046875,,
SIFT_sf1,single,B1,0.01,0.4,31,7952,4155.8441558441555,1.91345,385,385,0.15108194202184677,438.2190246582031,,
SIFT_sf1,single,B1,0.01,0.4,32,8061,8311.688311688311,1.031098909774012,385,385,0.15656650066375732,408.2253112792969,,
SIFT_sf1,single,B1,0.01,0.4,33,7803,10389.610389610389,1.331489220762577,385,385,0.15086587518453598,507.2021179199219,,
SIFT_sf1,single,B1,0.01,0.4,34,7925,10389.610389610389,1.3109918472694497,385,385,0.150301493704319,481.1474914550781,,
SIFT_sf1,single,B1,0.01,0.4,35,7882,12467.532467532466,1.5817727058528883,385,385,0.15079043805599213,512.485107421875,,
SIFT_sf1,single,B1,0.01,0.4,36,7995,6233.766233766233,1.2825312500000001,385,385,0.15217997133731842,421.2836608886719,,
SIFT_sf1,single,B1,0.01,0.4,37,7762,8311.688311688311,1.0708178706117382,385,385,0.1506740227341652,464.3852233886719,,
SIFT_sf1,single,B1,0.01,0.4,38,7835,10389.610389610389,1.32605110269437,385,385,0.160951167345047,339.7629089355469,,
SIFT_sf1,single,B1,0.01,0.4,39,8170,8311.688311688311,1.0173425106105645,385,385,0.15606917440891266,409.4739685058594,,
SIFT_sf1,single,B1,0.01,0.4,40,8008,14545.454545454544,1.816365452729089,385,385,0.15475880354642868,471.01898193359375,,
SIFT_sf1,single,B1,0.01,0.4,41,7672,8311.688311688311,1.0833796026705307,385,385,0.15410222113132477,507.6020812988281,,
SIFT_sf1,single,B1,0.01,0.4,42,8021,10389.610389610389,1.295301133226579,385,385,0.1554945483803749,500.74627685546875,,
SIFT_sf1,single,B1,0.01,0.4,43,7973,4155.8441558441555,1.9185031250000002,385,385,0.1538628712296486,410.5223693847656,,
SIFT_sf1,single,B1,0.01,0.4,44,7715,10389.610389610389,1.346676654518521,385,385,0.1569138839840889,453.8728942871094,,
SIFT_sf1,single,B1,0.01,0.4,45,8086,12467.532467532466,1.5418664936349822,385,385,0.15865080058574677,433.5815734863281,,
SIFT_sf1,single,B1,0.01,0.4,46,7811,8311.688311688311,1.0641004111750494,385,385,0.15597883611917496,513.324462890625,,
SIFT_sf1,single,B1,0.01,0.4,47,7664,10389.610389610389,1.35563809885313,385,385,0.15433598309755325,480.35504150390625,,
SIFT_sf1,single,B1,0.01,0.4,48,8138,6233.766233766233,1.3054708333333334,385,385,0.15591643750667572,400.55072021484375,,
SIFT_sf1,single,B1,0.01,0.4,49,7879,4155.8441558441555,1.895884375,385,385,0.15736836940050125,316.03948974609375,,
SIFT_sf1,single,B1,0.01,0.4,50,8219,10389.610389610389,1.2640966528300752,385,385,0.1684119924902916,395.2477722167969,,
SIFT_sf1,single,B1,0.01,0.4,51,7975,2077.9220779220777,3.8379687500000004,385,385,0.158713199198246,549.358642578125,,
SIFT_sf1,single,B1,0.01,0.4,52,7760,8311.688311688311,1.0710938545990092,385,385,0.1565469428896904,400.493408203125,,
SIFT_sf1,single,B1,0.01,0.4,53,7918,12467.532467532466,1.57458101383335,385,385,0.15715602785348892,416.29193115234375,,
SIFT_sf1,single,B1,0.01,0.4,54,8081,12467.532467532466,1.5428205008702471,385,385,0.15549827367067337,410.4898376464844,,
SIFT_sf1,single,B1,0.01,0.4,55,8185,8311.688311688311,1.0154781077200135,385,385,0.15823915600776672,438.9942321777344,,
SIFT_sf1,single,B1,0.01,0.4,56,7899,4155.8441558441555,1.9006968750000002,385,385,0.16025546938180923,492.18792724609375,,
SIFT_sf1,single,B1,0.01,0.4,57,7572,8311.688311688311,1.097687310048641,385,385,0.1555122435092926,424.01416015625,,
SIFT_sf1,single,B1,0.01,0.4,58,7976,10389.610389610389,1.3026091260795372,385,385,0.15510804951190948,411.4910583496094,,
SIFT_sf1,single,B1,0.01,0.4,59,7943,6233.766233766233,1.2741895833333334,385,385,0.15527475625276566,417.8944396972656,,
SIFT_sf1,single,B1,0.01,0.4,60,8073,4155.8441558441555,1.942565625,385,385,0.1546218991279602,405.8312072753906,,
SIFT_sf1,single,B1,0.01,0.4,61,7880,8311.688311688311,1.0547827806711054,385,385,0.15577487647533417,414.1799011230469,,
SIFT_sf1,single,B1,0.01,0.4,62,8093,6233.766233766233,1.2982520833333335,385,385,0.15659816563129425,495.7599792480469,,
SIFT_sf1,single,B1,0.01,0.4,63,7799,10389.610389610389,1.3321721232991908,385,385,0.1537194475531578,302.8726501464844,,
SIFT_sf1,single,B1,0.01,0.4,64,8225,4155.8441558441555,1.979140625,385,385,0.1557646319270134,433.2204895019531,,
SIFT_sf1,single,B1,0.01,0.4,65,7866,4155.8441558441555,1.8927562500000001,385,385,0.15587825328111649,409.58013916015625,,
SIFT_sf1,single,B1,0.01,0.4,66,8009,14545.454545454544,1.8161386621868578,385,385,0.15520118176937103,411.19091796875,,
SIFT_sf1,single,B1,0.01,0.4,67,8262,2077.9220779220777,3.9760875,385,385,0.15386193990707397,348.9468994140625,,
SIFT_sf1,single,B1,0.01,0.4,68,7988,6233.766233766233,1.2814083333333335,385,385,0.15582889318466187,401.8892822265625,,
SIFT_sf1,single,B1,0.01,0.4,69,7865,4155.8441558441555,1.8925156250000001,385,385,0.15493761748075485,424.076416015625,,
SIFT_sf1,single,B1,0.01,0.4,70,7599,8311.688311688311,1.093787118264023,385,385,0.15696603804826736,516.5660400390625,,
SIFT_sf1,single,B1,0.01,0.4,71,8073,8311.688311688311,1.0295662469575513,385,385,0.15362445265054703,431.321044921875,,
SIFT_sf1,single,B1,0.01,0.4,72,8126,6233.766233766233,1.3035458333333334,385,385,0.154152512550354,388.75946044921875,,
SIFT_sf1,single,B1,0.01,0.4,73,8198,6233.766233766233,1.3150958333333334,385,385,0.1544710248708725,403.29632568359375,,
SIFT_sf1,single,B1,0.01,0.4,74,8098,4155.8441558441555,1.9485812500000002,385,385,0.15423446893692017,408.8421630859375,,
SIFT_sf1,single,B1,0.01,0.4,75,7950,14545.454545454544,1.8296169239565465,385,385,0.1550968736410141,417.78680419921875,,
SIFT_sf1,single,B1,0.01,0.4,76,7927,10389.610389610389,1.310661081066026,385,385,0.15461351722478867,464.0181579589844,,
SIFT_sf1,single,B1,0.01,0.4,77,7832,12467.532467532466,1.5918708462120106,385,385,0.15608221292495728,423.24200439453125,,
SIFT_sf1,single,B1,0.01,0.4,78,7735,10389.610389610389,1.3431946205055447,385,385,0.15461724251508713,383.45654296875,,
SIFT_sf1,single,B1,0.01,0.4,79,7714,6233.766233766233,1.2374541666666667,385,385,0.15573110431432724,510.69720458984375,,
SIFT_sf1,single,B1,0.01,0.4,80,8013,6233.766233766233,1.28541875,385,385,0.15716254711151123,533.2841186523438,,
SIFT_sf1,single,B1,0.01,0.4,81,7821,10389.610389610389,1.3284248036837218,385,385,0.1611802726984024,399.1440124511719,,
SIFT_sf1,single,B1,0.01,0.4,82,7990,2077.9220779220777,3.8451875,385,385,0.15728827565908432,383.4214172363281,,
SIFT_sf1,single,B1,0.01,0.4,83,8235,4155.8441558441555,1.9815468750000003,385,385,0.15708990395069122,411.97442626953125,,
SIFT_sf1,single,B1,0.01,0.4,84,8151,6233.766233766233,1.3075562500000002,385,385,0.157197006046772,519.2888793945312,,
SIFT_sf1,single,B1,0.01,0.4,85,8057,4155.8441558441555,1.9387156250000002,385,385,0.15626102685928345,468.43035888671875,,
SIFT_sf1,single,B1,0.01,0.4,86,8318,2077.9220779220777,4.0030375000000005,385,385,0.1571541652083397,418.37640380859375,,
SIFT_sf1,single,B1,0.01,0.4,87,8057,10389.610389610389,1.289513514907582,385,385,0.15408452600240707,477.552978515625,,
SIFT_sf1,single,B1,0.01,0.4,88,8084,14545.454545454544,1.7992892807341099,385,385,0.15623774379491806,416.4072265625,,
SIFT_sf1,single,B1,0.01,0.4,89,7989,12467.532467532466,1.5605873660699043,385,385,0.15642866492271423,397.8778991699219,,
SIFT_sf1,single,B1,0.01,0.4,90,7838,16623.376623376622,2.120869689126897,385,385,0.1546693965792656,411.759521484375,,
SIFT_sf1,single,B1,0.01,0.4,91,7764,4155.8441558441555,1.8682125000000003,385,385,0.1548919826745987,369.6822204589844,,
SIFT_sf1,single,B1,0.01,0.4,92,7969,10389.610389610389,1.3037533429050556,385,385,0.157846137881279,413.46923828125,,
SIFT_sf1,single,B1,0.01,0.4,93,8115,4155.8441558441555,1.9526718750000003,385,385,0.15293247997760773,391.01788330078125,,
SIFT_sf1,single,B1,0.01,0.4,94,7842,4155.8441558441555,1.8869812500000003,385,385,0.15253573656082153,411.60040283203125,,
SIFT_sf1,single,B1,0.01,0.4,95,8031,4155.8441558441555,1.932459375,385,385,0.15247706323862076,332.8993835449219,,
SIFT_sf1,single,B1,0.01,0.4,96,7888,8311.688311688311,1.05371302125866,385,385,0.15285424888134003,492.2375793457031,,
SIFT_sf1,single,B1,0.01,0.4,97,8013,4155.8441558441555,1.9281281250000002,385,385,0.1514200121164322,411.89312744140625,,
SIFT_sf1,single,B1,0.01,0.4,98,7970,2077.9220779220777,3.8355625000000004,385,385,0.1515643671154976,501.0818176269531,,
SIFT_sf1,single,B1,0.01,0.4,99,8083,0.0,,385,385,0.15172548592090607,472.7694091796875,,
SIFT_sf1,single,B1,0.01,0.5,0,7644,8311.688311688311,1.0873480261235362,385,385,0.1989230513572693,526.6382446289062,,
SIFT_sf1,single,B1,0.01,0.5,1,8074,10389.610389610389,1.2867984133775563,385,385,0.16904063522815704,421.06646728515625,,
SIFT_sf1,single,B1,0.01,0.5,2,8107,10389.610389610389,1.281560427977105,385,385,0.16364920884370804,389.113037109375,,
SIFT_sf1,single,B1,0.01,0.5,3,7734,10389.610389610389,1.3433682944931975,385,385,0.1672571524977684,437.8057861328125,,
SIFT_sf1,single,B1,0.01,0.5,4,8161,8311.688311688311,1.018464442064491,385,385,0.15757977962493896,406.35699462890625,,
SIFT_sf1,single,B1,0.01,0.5,5,8017,8311.688311688311,1.0367579283632669,385,385,0.15469547361135483,402.9726867675781,,
SIFT_sf1,single,B1,0.01,0.5,6,8163,4155.8441558441555,1.9642218750000002,385,385,0.15252921730279922,459.91943359375,,
SIFT_sf1,single,B1,0.01,0.5,7,8010,12467.532467532466,1.5564959385184103,385,385,0.15275925397872925,470.5484924316406,,
SIFT_sf1,single,B1,0.01,0.5,8,8189,4155.8441558441555,1.970478125,385,385,0.15189778059720993,473.0179443359375,,
SIFT_sf1,single,B1,0.01,0.5,9,7901,10389.610389610389,1.3149741032287545,385,385,0.1529194414615631,519.8017578125,,
SIFT_sf1,single,B1,0.01,0.5,10,7797,8311.688311688311,1.0660110698587035,385,385,0.15155691653490067,453.1532287597656,,
SIFT_sf1,single,B1,0.01,0.5,11,8004,8311.688311688311,1.038441818052013,385,385,0.15293806791305542,324.2884216308594,,
SIFT_sf1,single,B1,0.01,0.5,12,7820,4155.8441558441555,1.8816875000000002,385,385,0.1494297757744789,326.2312927246094,,
SIFT_sf1,single,B1,0.01,0.5,13,7746,2077.9220779220777,3.7277625000000003,385,385,0.1531951129436493,394.3703918457031,,
SIFT_sf1,single,B1,0.01,0.5,14,8276,8311.688311688311,1.004312265791241,385,385,0.14949776232242584,399.10015869140625,,
SIFT_sf1,single,B1,0.01,0.5,15,8166,16623.376623376622,2.035681682999831,385,385,0.15178043395280838,365.4928283691406,,
SIFT_sf1,single,B1,0.01,0.5,16,7987,10389.610389610389,1.3008151232766232,385,385,0.1498386263847351,506.6033935546875,,
SIFT_sf1,single,B1,0.01,0.5,17,8041,14545.454545454544,1.8089111485455223,385,385,0.15066470950841904,400.5470886230469,,
SIFT_sf1,single,B1,0.01,0.5,18,8022,4155.8441558441555,1.9302937500000001,385,385,0.15382934361696243,423.0779113769531,,
SIFT_sf1,single,B1,0.01,0.5,19,7959,14545.454545454544,1.8275480016904817,385,385,0.1530274748802185,472.57135009765625,,
SIFT_sf1,single,B1,0.01,0.5,20,7862,14545.454545454544,1.850095973728637,385,385,0.15144143253564835,406.9508056640625,,
SIFT_sf1,single,B1,0.01,0.5,21,7940,8311.688311688311,1.0468121299355555,385,385,0.15532039105892181,420.90478515625,,
SIFT_sf1,single,B1,0.01,0.5,22,7947,6233.766233766233,1.27483125,385,385,0.15099439769983292,410.5933532714844,,
SIFT_sf1,single,B1,0.01,0.5,23,8080,6233.766233766233,1.2961666666666667,385,385,0.15147775411605835,424.11181640625,,
SIFT_sf1,single,B1,0.01,0.5,24,8159,6233.766233766233,1.3088395833333335,385,385,0.1496449112892151,388.42108154296875,,
SIFT_sf1,single,B1,0.01,0.5,25,8172,2077.9220779220777,3.9327750000000004,385,385,0.14880578964948654,407.5498962402344,,
SIFT_sf1,single,B1,0.01,0.5,26,8017,10389.610389610389,1.2959474104540836,385,385,0.1498386263847351,459.16009521484375,,
SIFT_sf1,single,B1,0.01,0.5,27,8086,10389.610389610389,1.2848887446958186,385,385,0.15206728130578995,417.1497497558594,,
SIFT_sf1,single,B1,0.01,0.5,28,8040,2077.9220779220777,3.8692500000000005,385,385,0.15913601964712143,410.15234375,,
SIFT_sf1,single,B1,0.01,0.5,29,8016,2077.9220779220777,3.8577000000000004,385,385,0.15081465244293213,383.0350646972656,,
SIFT_sf1,single,B1,0.01,0.5,30,7811,4155.8441558441555,1.8795218750000002,385,385,0.15162024646997452,394.3182373046875,,
SIFT_sf1,single,B1,0.01,0.5,31,7952,4155.8441558441555,1.91345,385,385,0.15209615230560303,438.2190246582031,,
SIFT_sf1,single,B1,0.01,0.5,32,8061,4155.8441558441555,1.9396781250000001,385,385,0.15083327889442444,408.2253112792969,,
SIFT_sf1,single,B1,0.01,0.5,33,7803,10389.610389610389,1.331489220762577,385,385,0.15301816165447235,507.2021179199219,,
SIFT_sf1,single,B1,0.01,0.5,34,7925,4155.8441558441555,1.9069531250000002,385,385,0.1518717035651207,481.1474914550781,,
SIFT_sf1,single,B1,0.01,0.5,35,7882,8311.688311688311,1.054515137235259,385,385,0.15198532491922379,512.485107421875,,
SIFT_sf1,single,B1,0.01,0.5,36,7995,14545.454545454544,1.819318892489624,385,385,0.1520281657576561,421.2836608886719,,
SIFT_sf1,single,B1,0.01,0.5,37,7762,12467.532467532466,1.606226805917607,385,385,0.15360582619905472,464.3852233886719,,
SIFT_sf1,single,B1,0.01,0.5,38,7835,10389.610389610389,1.32605110269437,385,385,0.15259534120559692,339.7629089355469,,
SIFT_sf1,single,B1,0.01,0.5,39,8170,6233.766233766233,1.3106041666666668,385,385,0.1509878784418106,409.4739685058594,,
SIFT_sf1,single,B1,0.01,0.5,40,8008,8311.688311688311,1.0379231158451936,385,385,0.15154853463172913,471.01898193359375,,
SIFT_sf1,single,B1,0.01,0.5,41,7672,4155.8441558441555,1.8460750000000001,385,385,0.15297438949346542,507.6020812988281,,
SIFT_sf1,single,B1,0.01,0.5,42,8021,4155.8441558441555,1.9300531250000001,385,385,0.15217531472444534,500.74627685546875,,
SIFT_sf1,single,B1,0.01,0.5,43,7973,0.0,,385,385,0.15170220285654068,410.5223693847656,,
SIFT_sf1,single,B1,0.01,0.5,44,7715,6233.766233766233,1.2376145833333334,385,385,0.15221722424030304,453.8728942871094,,
SIFT_sf1,single,B1,0.01,0.5,45,8086,10389.610389610389,1.2848887446958186,385,385,0.1521734520792961,433.5815734863281,,
SIFT_sf1,single,B1,0.01,0.5,46,7811,6233.766233766233,1.2530145833333335,385,385,0.15102233737707138,513.324462890625,,
SIFT_sf1,single,B1,0.01,0.5,47,7664,2077.9220779220777,3.6883000000000004,385,385,0.14966819435358047,480.35504150390625,,
SIFT_sf1,single,B1,0.01,0.5,48,8138,8311.688311688311,1.021342874378018,385,385,0.1574074849486351,400.55072021484375,,
SIFT_sf1,single,B1,0.01,0.5,49,7879,8311.688311688311,1.0549166533428496,385,385,0.15606358647346497,316.03948974609375,,
SIFT_sf1,single,B1,0.01,0.5,50,8219,8290.155440414508,1.008657432828143,386,386,0.1645255833864212,395.2477722167969,,
SIFT_sf1,single,B1,0.01,0.5,51,7975,4145.077720207254,1.92396875,386,386,0.15962310135364532,549.358642578125,,
SIFT_sf1,single,B1,0.01,0.5,52,7760,2072.538860103627,3.7441999999999998,386,386,0.15692133456468582,400.493408203125,,
SIFT_sf1,single,B1,0.01,0.5,53,7918,8290.155440414508,1.0470011922726077,386,386,0.16047898679971695,416.29193115234375,,
SIFT_sf1,single,B1,0.01,0.5,54,8081,16580.310880829016,2.0517647420899663,386,386,0.15126541256904602,410.4898376464844,,
SIFT_sf1,single,B1,0.01,0.5,55,8185,4145.077720207254,1.9746312499999998,386,386,0.15526916831731796,438.9942321777344,,
SIFT_sf1,single,B1,0.01,0.5,56,7899,6217.616580310882,1.2704224999999998,386,386,0.15497487038373947,492.18792724609375,,
SIFT_sf1,single,B1,0.01,0.5,57,7572,12435.233160621763,1.642265340811115,386,386,0.161721371114254,424.01416015625,,
SIFT_sf1,single,B1,0.01,0.5,58,7976,4145.077720207254,1.92421,386,386,0.15612877905368805,411.4910583496094,,
SIFT_sf1,single,B1,0.01,0.5,59,7943,4145.077720207254,1.9162487499999998,386,386,0.15692692250013351,417.8944396972656,,
SIFT_sf1,single,B1,0.01,0.5,60,8073,12435.233160621763,1.5403484653315698,386,386,0.1580873504281044,405.8312072753906,,
SIFT_sf1,single,B1,0.01,0.5,61,7880,8290.155440414508,1.0520501827937192,386,386,0.15662144869565964,414.1799011230469,,
SIFT_sf1,single,B1,0.01,0.5,62,8093,8290.155440414508,1.0243612307444097,386,386,0.15561282634735107,495.7599792480469,,
SIFT_sf1,single,B1,0.01,0.5,63,7799,10362.694300518135,1.3287209001818354,386,386,0.15463028103113174,302.8726501464844,,
SIFT_sf1,single,B1,0.01,0.5,64,8225,10362.694300518135,1.2599020426161867,386,386,0.15464797616004944,433.2204895019531,,
SIFT_sf1,single,B1,0.01,0.5,65,7866,10362.694300518135,1.3174032927177899,386,386,0.1548510044813156,409.58013916015625,,
SIFT_sf1,single,B1,0.01,0.5,66,8009,6217.616580310882,1.2881141666666664,386,386,0.1545185223221779,411.19091796875,,
SIFT_sf1,single,B1,0.01,0.5,67,8262,4145.077720207254,1.9932075,386,386,0.15875976532697678,348.9468994140625,,
SIFT_sf1,single,B1,0.01,0.5,68,7988,16580.310880829016,2.0756523386115444,386,386,0.1556016504764557,401.8892822265625,,
SIFT_sf1,single,B1,0.01,0.5,69,7865,4145.077720207254,1.89743125,386,386,0.15466194599866867,424.076416015625,,
SIFT_sf1,single,B1,0.01,0.5,70,7599,8290.155440414508,1.0909534728799195,386,386,0.1545250415802002,516.5660400390625,,
SIFT_sf1,single,B1,0.01,0.5,71,8073,8290.155440414508,1.026898976887713,386,386,0.1558968797326088,431.321044921875,,
SIFT_sf1,single,B1,0.01,0.5,72,8126,6217.616580310882,1.3069316666666666,386,386,0.1553073525428772,388.75946044921875,,
SIFT_sf1,single,B1,0.01,0.5,73,8198,6217.616580310882,1.3185116666666665,386,386,0.15556253492832184,403.29632568359375,,
SIFT_sf1,single,B1,0.01,0.5,74,8098,4145.077720207254,1.9536425,386,386,0.16041938215494156,408.8421630859375,,
SIFT_sf1,single,B1,0.01,0.5,75,7950,6217.616580310882,1.278625,386,386,0.15477649867534637,417.78680419921875,,
SIFT_sf1,single,B1,0.01,0.5,76,7927,8290.155440414508,1.0458124688298862,386,386,0.1551927998661995,464.0181579589844,,
SIFT_sf1,single,B1,0.01,0.5,77,7832,2072.538860103627,3.77894,386,386,0.15418324619531631,423.24200439453125,,
SIFT_sf1,single,B1,0.01,0.5,78,7735,2072.538860103627,3.7321375,386,386,0.15781540423631668,383.45654296875,,
SIFT_sf1,single,B1,0.01,0.5,79,7714,0.0,,386,386,0.15633460134267807,510.69720458984375,,
SIFT_sf1,single,B1,0.01,0.5,80,8013,6217.616580310882,1.2887574999999998,386,386,0.1540863886475563,533.2841186523438,,
SIFT_sf1,single,B1,0.01,0.5,81,7821,2072.538860103627,3.7736324999999997,386,386,0.1551685854792595,399.1440124511719,,
SIFT_sf1,single,B1,0.01,0.5,82,7990,8290.155440414508,1.0375663880368595,386,386,0.153983011841774,383.4214172363281,,
SIFT_sf1,single,B1,0.01,0.5,83,8235,4145.077720207254,1.98669375,386,386,0.15500187873840332,411.97442626953125,,
SIFT_sf1,single,B1,0.01,0.5,84,8151,8290.155440414508,1.0170721924198882,386,386,0.15568826347589493,519.2888793945312,,
SIFT_sf1,single,B1,0.01,0.5,85,8057,8290.155440414508,1.028938245055791,386,386,0.15584658831357956,468.43035888671875,,
SIFT_sf1,single,B1,0.01,0.5,86,8318,10362.694300518135,1.2458156167970829,386,386,0.15498697757720947,418.37640380859375,,
SIFT_sf1,single,B1,0.01,0.5,87,8057,10362.694300518135,1.2861728063197386,386,386,0.1542912796139717,477.552978515625,,
SIFT_sf1,single,B1,0.01,0.5,88,8084,8290.155440414508,1.0255016625945705,386,386,0.1558978110551834,416.4072265625,,
SIFT_sf1,single,B1,0.01,0.5,89,7989,16580.310880829016,2.075392524825262,386,386,0.1556742936372757,397.8778991699219,,
SIFT_sf1,single,B1,0.01,0.5,90,7838,10362.694300518135,1.3221095050418645,386,386,0.15546102076768875,411.759521484375,,
SIFT_sf1,single,B1,0.01,0.5,91,7764,8290.155440414508,1.0677686038658563,386,386,0.1558009535074234,369.6822204589844,,
SIFT_sf1,single,B1,0.01,0.5,92,7969,10362.694300518135,1.300375743571105,386,386,0.15446916222572327,413.46923828125,,
SIFT_sf1,single,B1,0.01,0.5,93,8115,4145.077720207254,1.95774375,386,386,0.15446264296770096,391.01788330078125,,
SIFT_sf1,single,B1,0.01,0.5,94,7842,12435.233160621763,1.58572215769214,386,386,0.154007226228714,411.60040283203125,,
SIFT_sf1,single,B1,0.01,0.5,95,8031,2072.538860103627,3.8749575,386,386,0.15497952699661255,332.8993835449219,,
SIFT_sf1,single,B1,0.01,0.5,96,7888,12435.233160621763,1.5764747921680735,386,386,0.15456601977348328,492.2375793457031,,
SIFT_sf1,single,B1,0.01,0.5,97,8013,2072.538860103627,3.8662725,386,386,0.15547685325145721,411.89312744140625,,
SIFT_sf1,single,B1,0.01,0.5,98,7970,6217.616580310882,1.2818416666666665,386,386,0.1552226021885872,501.0818176269531,,
SIFT_sf1,single,B1,0.01,0.5,99,8083,2072.538860103627,3.9000475,386,386,0.15661213546991348,472.7694091796875,,
SIFT_sf1,single,B1,0.05,0.1,0,39577,33246.753246753244,1.190401953125,385,385,0.2576177939772606,565.8239135742188,,
SIFT_sf1,single,B1,0.05,0.1,1,39772,45714.28571428571,1.1494087728624587,385,385,0.1797247678041458,474.248779296875,,
SIFT_sf1,single,B1,0.05,0.1,2,40835,43636.36363636363,1.0686020236650822,385,385,0.166427344083786,446.9037170410156,,
SIFT_sf1,single,B1,0.05,0.1,3,39713,47792.20779220779,1.2034398759148839,385,385,0.1649037003517151,483.7508239746094,,
SIFT_sf1,single,B1,0.05,0.1,4,40384,41558.441558441555,1.0290818531706012,385,385,0.16034115105867386,440.8401184082031,,
SIFT_sf1,single,B1,0.05,0.1,5,40050,58181.81818181818,1.452729542617183,385,385,0.15763845294713974,446.7717590332031,,
SIFT_sf1,single,B1,0.05,0.1,6,39548,33246.753246753244,1.1895296875,385,385,0.1551397144794464,509.8194885253906,,
SIFT_sf1,single,B1,0.05,0.1,7,39986,43636.36363636363,1.0912910427740616,385,385,0.15562959015369415,516.93994140625,,
SIFT_sf1,single,B1,0.05,0.1,8,40088,33246.753246753244,1.2057718750000002,385,385,0.15118159353733063,515.66064453125,,
SIFT_sf1,single,B1,0.05,0.1,9,40240,29090.90909090909,1.38325,385,385,0.1500789076089859,552.1412353515625,,
SIFT_sf1,single,B1,0.05,0.1,10,39863,41558.441558441555,1.0425317100680218,385,385,0.1508723944425583,518.8783569335938,,
SIFT_sf1,single,B1,0.05,0.1,11,40056,27012.98701298701,1.4828423076923078,385,385,0.15030335634946823,402.99237060546875,,
SIFT_sf1,single,B1,0.05,0.1,12,39587,27012.98701298701,1.4654802884615385,385,385,0.15079602599143982,420.1689453125,,
SIFT_sf1,single,B1,0.05,0.1,13,39464,33246.753246753244,1.1870031250000002,385,385,0.150192528963089,476.4763488769531,,
SIFT_sf1,single,B1,0.05,0.1,14,39960,49870.129870129866,1.248001248001248,385,385,0.1549161970615387,438.38909912109375,,
SIFT_sf1,single,B1,0.05,0.1,15,39683,31168.831168831166,1.2731629166666667,385,385,0.1545613631606102,438.0570068359375,,
SIFT_sf1,single,B1,0.05,0.1,16,39716,43636.36363636363,1.0987099314221884,385,385,0.15296973288059235,544.0863037109375,,
SIFT_sf1,single,B1,0.05,0.1,17,39743,49870.129870129866,1.254815435929091,385,385,0.14861952513456345,436.202880859375,,
SIFT_sf1,single,B1,0.05,0.1,18,40091,27012.98701298701,1.484137980769231,385,385,0.1596640795469284,473.0665283203125,,
SIFT_sf1,single,B1,0.05,0.1,19,39478,35324.67532467532,1.1175757352941178,385,385,0.1584179699420929,528.6405639648438,,
SIFT_sf1,single,B1,0.05,0.1,20,39918,29090.90909090909,1.3721812500000001,385,385,0.15468616038560867,455.00872802734375,,
SIFT_sf1,single,B1,0.05,0.1,21,39594,43636.36363636363,1.1020953588009201,385,385,0.1505538821220398,478.2403869628906,,
SIFT_sf1,single,B1,0.05,0.1,22,39798,35324.67532467532,1.1266345588235296,385,385,0.15003234148025513,455.21588134765625,,
SIFT_sf1,single,B1,0.05,0.1,23,40496,39480.51948051948,1.025721052631579,385,385,0.15290174633264542,473.1828308105469,,
SIFT_sf1,single,B1,0.05,0.1,24,40566,41558.441558441555,1.0244648611754068,385,385,0.1531410962343216,442.6846618652344,,
SIFT_sf1,single,B1,0.05,0.1,25,39621,47792.20779220779,1.2062342644609623,385,385,0.1535331830382347,458.6651916503906,,
SIFT_sf1,single,B1,0.05,0.1,26,39405,33246.753246753244,1.1852285156250002,385,385,0.15391409397125244,494.2435607910156,,
SIFT_sf1,single,B1,0.05,0.1,27,40020,31168.831168831166,1.283975,385,385,0.15430059283971786,457.0732421875,,
SIFT_sf1,single,B1,0.05,0.1,28,40308,35324.67532467532,1.1410720588235295,385,385,0.15373434871435165,460.73724365234375,,
SIFT_sf1,single,B1,0.05,0.1,29,40226,43636.36363636363,1.084780083437668,385,385,0.15399884432554245,452.0384521484375,,
SIFT_sf1,single,B1,0.05,0.1,30,40100,35324.67532467532,1.1351838235294118,385,385,0.15417300164699554,434.8562927246094,,
SIFT_sf1,single,B1,0.05,0.1,31,39751,31168.831168831166,1.2753445833333334,385,385,0.14887284487485886,474.34539794921875,,
SIFT_sf1,single,B1,0.05,0.1,32,39862,35324.67532467532,1.1284463235294118,385,385,0.15448592603206635,449.1213684082031,,
SIFT_sf1,single,B1,0.05,0.1,33,39949,43636.36363636363,1.092301775673074,385,385,0.1599462702870369,547.02734375,,
SIFT_sf1,single,B1,0.05,0.1,34,40033,43636.36363636363,1.0900098327970333,385,385,0.1542968675494194,527.6604614257812,,
SIFT_sf1,single,B1,0.05,0.1,35,40048,49870.129870129866,1.2452589360300106,385,385,0.15472061932086945,549.7752685546875,,
SIFT_sf1,single,B1,0.05,0.1,36,39879,41558.441558441555,1.0421134320931205,385,385,0.1546153798699379,480.9826354980469,,
SIFT_sf1,single,B1,0.05,0.1,37,39749,45714.28571428571,1.1500738563054596,385,385,0.1556873321533203,512.1773681640625,,
SIFT_sf1,single,B1,0.05,0.1,38,39837,56103.8961038961,1.408336373318676,385,385,0.15530455857515335,429.051025390625,,
SIFT_sf1,single,B1,0.05,0.1,39,40247,35324.67532467532,1.1393452205882355,385,385,0.153358094394207,451.275634765625,,
SIFT_sf1,single,B1,0.05,0.1,40,39839,41558.441558441555,1.043159756982895,385,385,0.15237461775541306,517.8139038085938,,
SIFT_sf1,single,B1,0.05,0.1,41,39233,43636.36363636363,1.1122362204359502,385,385,0.15356112271547318,541.1014404296875,,
SIFT_sf1,single,B1,0.05,0.1,42,39380,37402.5974025974,1.0528680555555556,385,385,0.15296321362257004,541.4248046875,,
SIFT_sf1,single,B1,0.05,0.1,43,39794,51948.05194805194,1.3054242335038433,385,385,0.1581171527504921,482.6705322265625,,
SIFT_sf1,single,B1,0.05,0.1,44,39891,31168.831168831166,1.27983625,385,385,0.15392526984214783,519.594970703125,,
SIFT_sf1,single,B1,0.05,0.1,45,39993,47792.20779220779,1.1950143223115992,385,385,0.1511257141828537,501.80657958984375,,
SIFT_sf1,single,B1,0.05,0.1,46,39435,43636.36363636363,1.106538953629102,385,385,0.15250220894813538,549.9127197265625,,
SIFT_sf1,single,B1,0.05,0.1,47,39536,49870.129870129866,1.2613853164237623,385,385,0.1535499468445778,521.9921264648438,,
SIFT_sf1,single,B1,0.05,0.1,48,39993,31168.831168831166,1.28310875,385,385,0.15244819223880768,442.793212890625,,
SIFT_sf1,single,B1,0.05,0.1,49,39775,39480.51948051948,1.0074588815789474,385,385,0.15198811888694763,420.0697937011719,,
SIFT_sf1,single,B1,0.05,0.1,50,39929,56396.86684073107,1.4124287320176079,383,383,0.16552302986383438,437.9051208496094,,
SIFT_sf1,single,B1,0.05,0.1,51,39827,48041.77545691906,1.2062614672689145,383,383,0.15820283442735672,590.0988159179688,,
SIFT_sf1,single,B1,0.05,0.1,52,39578,33420.36553524804,1.18424796875,383,383,0.15465356409549713,444.2835693359375,,
SIFT_sf1,single,B1,0.05,0.1,53,39766,50130.54830287206,1.2606384424601937,383,383,0.1522628590464592,460.68829345703125,,
SIFT_sf1,single,B1,0.05,0.1,54,40422,48041.77545691906,1.1885056517965231,383,383,0.15339069068431854,459.1523132324219,,
SIFT_sf1,single,B1,0.05,0.1,55,39935,43864.22976501306,1.0983906288972844,383,383,0.1551872119307518,486.6722717285156,,
SIFT_sf1,single,B1,0.05,0.1,56,39271,43864.22976501306,1.1169623835658133,383,383,0.15346426516771317,533.542724609375,,
SIFT_sf1,single,B1,0.05,0.1,57,40028,37597.91122715405,1.064633611111111,383,383,0.1523764804005623,469.5731506347656,,
SIFT_sf1,single,B1,0.05,0.1,58,39998,39686.68407310705,1.0078443421052632,383,383,0.15236344188451767,450.3941345214844,,
SIFT_sf1,single,B1,0.05,0.1,59,40119,43864.22976501306,1.0933530188941165,383,383,0.15329942107200623,477.2796936035156,,
SIFT_sf1,single,B1,0.05,0.1,60,39999,37597.91122715405,1.0638622916666665,383,383,0.1534726470708847,462.1730651855469,,
SIFT_sf1,single,B1,0.05,0.1,61,40010,35509.138381201046,1.126752205882353,383,383,0.15249010175466537,454.400634765625,,
SIFT_sf1,single,B1,0.05,0.1,62,39736,45953.002610966054,1.156457686001763,383,383,0.1537008211016655,535.2996215820312,,
SIFT_sf1,single,B1,0.05,0.1,63,39531,41775.45691906005,1.0567771348830046,383,383,0.15475787222385406,400.1210632324219,,
SIFT_sf1,single,B1,0.05,0.1,64,40195,29242.819843342037,1.3745254464285714,383,383,0.1564081758260727,476.6529235839844,,
SIFT_sf1,single,B1,0.05,0.1,65,39968,41775.45691906005,1.045222601057347,383,383,0.15358440577983856,452.12255859375,,
SIFT_sf1,single,B1,0.05,0.1,66,40706,37597.91122715405,1.0826665277777776,383,383,0.15299394726753235,450.5185852050781,,
SIFT_sf1,single,B1,0.05,0.1,67,39906,45953.002610966054,1.151531163508396,383,383,0.1546880230307579,423.4145812988281,,
SIFT_sf1,single,B1,0.05,0.1,68,39693,56396.86684073107,1.420826514517196,383,383,0.1574372872710228,445.211181640625,,
SIFT_sf1,single,B1,0.05,0.1,69,39752,33420.36553524804,1.189454375,383,383,0.15497300773859024,479.9535827636719,,
SIFT_sf1,single,B1,0.05,0.1,70,39384,37597.91122715405,1.047505,383,383,0.15286263078451157,565.3590087890625,,
SIFT_sf1,single,B1,0.05,0.1,71,39477,73107.0496083551,1.851889698010363,383,383,0.15348568558692932,481.1347961425781,,
SIFT_sf1,single,B1,0.05,0.1,72,39637,35509.138381201046,1.1162478676470589,383,383,0.15464145690202713,435.65576171875,,
SIFT_sf1,single,B1,0.05,0.1,73,40697,37597.91122715405,1.0824271527777776,383,383,0.15416834503412247,446.92266845703125,,
SIFT_sf1,single,B1,0.05,0.1,74,40418,54308.09399477807,1.3436610914636566,383,383,0.1542055979371071,453.50958251953125,,
SIFT_sf1,single,B1,0.05,0.1,75,39846,35509.138381201046,1.1221336764705883,383,383,0.1570340245962143,459.6799011230469,,
SIFT_sf1,single,B1,0.05,0.1,76,39881,35509.138381201046,1.123119338235294,383,383,0.15450362116098404,508.85845947265625,,
SIFT_sf1,single,B1,0.05,0.1,77,39123,48041.77545691906,1.2279675755161685,383,383,0.1519685611128807,480.29248046875,,
SIFT_sf1,single,B1,0.05,0.1,78,39839,20887.728459530026,1.907292125,383,383,0.15458930283784866,427.94964599609375,,
SIFT_sf1,single,B1,0.05,0.1,79,39636,31331.592689295037,1.265049,383,383,0.15398859977722168,551.5704345703125,,
SIFT_sf1,single,B1,0.05,0.1,80,39918,43864.22976501306,1.0988584038532256,383,383,0.1545799896121025,571.3265380859375,,
SIFT_sf1,single,B1,0.05,0.1,81,39942,33420.36553524804,1.19513953125,383,383,0.15428569167852402,444.9190368652344,,
SIFT_sf1,single,B1,0.05,0.1,82,40060,43864.22976501306,1.0949632991765617,383,383,0.15898793935775757,429.524169921875,,
SIFT_sf1,single,B1,0.05,0.1,83,40013,58485.63968668407,1.4616659507331136,383,383,0.15357602387666702,464.3593444824219,,
SIFT_sf1,single,B1,0.05,0.1,84,39626,39686.68407310705,1.0015314206103834,383,383,0.15310849994421005,562.3355102539062,,
SIFT_sf1,single,B1,0.05,0.1,85,40508,50130.54830287206,1.2375468624190793,383,383,0.15369895845651627,512.0028686523438,,
SIFT_sf1,single,B1,0.05,0.1,86,40041,39686.68407310705,1.0089278289473684,383,383,0.15465915203094482,455.4874267578125,,
SIFT_sf1,single,B1,0.05,0.1,87,39831,54308.09399477807,1.3634629809640249,383,383,0.15386659651994705,517.3988647460938,,
SIFT_sf1,single,B1,0.05,0.1,88,40090,43864.22976501306,1.094143920304641,383,383,0.15357602387666702,454.02410888671875,,
SIFT_sf1,single,B1,0.05,0.1,89,39677,31331.592689295037,1.2663575833333334,383,383,0.15371479094028473,435.55340576171875,,
SIFT_sf1,single,B1,0.05,0.1,90,39702,43864.22976501306,1.1048367781223378,383,383,0.15267450362443924,493.23175048828125,,
SIFT_sf1,single,B1,0.05,0.1,91,40080,39686.68407310705,1.0099105263157895,383,383,0.15268009155988693,411.08251953125,,
SIFT_sf1,single,B1,0.05,0.1,92,40067,33420.36553524804,1.198879765625,383,383,0.1539895310997963,463.50048828125,,
SIFT_sf1,single,B1,0.05,0.1,93,39659,48041.77545691906,1.2113713269855282,383,383,0.154837965965271,428.488037109375,,
SIFT_sf1,single,B1,0.05,0.1,94,39619,37597.91122715405,1.053755347222222,383,383,0.15116017311811447,461.56353759765625,,
SIFT_sf1,single,B1,0.05,0.1,95,40138,41775.45691906005,1.0407956778877885,383,383,0.14840532094240189,376.8366394042969,,
SIFT_sf1,single,B1,0.05,0.1,96,39708,33420.36553524804,1.1881378125,383,383,0.15064328908920288,536.734375,,
SIFT_sf1,single,B1,0.05,0.1,97,40304,33420.36553524804,1.20597125,383,383,0.15012826770544052,467.4385986328125,,
SIFT_sf1,single,B1,0.05,0.1,98,39203,50130.54830287206,1.278742654972121,383,383,0.14943256974220276,540.2174072265625,,
SIFT_sf1,single,B1,0.05,0.1,99,39959,25065.27415143603,1.5941976041666666,383,383,0.14793314039707184,513.74267578125,,
SIFT_sf1,single,B1,0.05,0.2,0,39577,31168.831168831166,1.2697620833333334,385,385,0.19762292504310608,565.8239135742188,,
SIFT_sf1,single,B1,0.05,0.2,1,39772,54025.97402597402,1.3583921861101786,385,385,0.1630634069442749,474.248779296875,,
SIFT_sf1,single,B1,0.05,0.2,2,40835,39480.51948051948,1.0343075657894738,385,385,0.15824660658836365,446.9037170410156,,
SIFT_sf1,single,B1,0.05,0.2,3,39713,37402.5974025974,1.0617711805555556,385,385,0.15881378203630447,483.7508239746094,,
SIFT_sf1,single,B1,0.05,0.2,4,40384,39480.51948051948,1.0228842105263158,385,385,0.15702936798334122,440.8401184082031,,
SIFT_sf1,single,B1,0.05,0.2,5,40050,45714.28571428571,1.141430354913501,385,385,0.15674252063035965,446.7717590332031,,
SIFT_sf1,single,B1,0.05,0.2,6,39548,29090.90909090909,1.3594625,385,385,0.1508602872490883,509.8194885253906,,
SIFT_sf1,single,B1,0.05,0.2,7,39986,43636.36363636363,1.0912910427740616,385,385,0.15408825129270554,516.93994140625,,
SIFT_sf1,single,B1,0.05,0.2,8,40088,41558.441558441555,1.036680342208181,385,385,0.15375111252069473,515.66064453125,,
SIFT_sf1,single,B1,0.05,0.2,9,40240,43636.36363636363,1.0844026748599311,385,385,0.15375856310129166,552.1412353515625,,
SIFT_sf1,single,B1,0.05,0.2,10,39863,54025.97402597402,1.3552912230884284,385,385,0.150434672832489,518.8783569335938,,
SIFT_sf1,single,B1,0.05,0.2,11,40056,49870.129870129866,1.2450102324278476,385,385,0.15372782945632935,402.99237060546875,,
SIFT_sf1,single,B1,0.05,0.2,12,39587,45714.28571428571,1.1547802489273173,385,385,0.15373621135950089,420.1689453125,,
SIFT_sf1,single,B1,0.05,0.2,13,39464,35324.67532467532,1.117179411764706,385,385,0.15610270202159882,476.4763488769531,,
SIFT_sf1,single,B1,0.05,0.2,14,39960,47792.20779220779,1.1960011960011958,385,385,0.14945585280656815,438.38909912109375,,
SIFT_sf1,single,B1,0.05,0.2,15,39683,37402.5974025974,1.0609690972222223,385,385,0.15942566096782684,438.0570068359375,,
SIFT_sf1,single,B1,0.05,0.2,16,39716,37402.5974025974,1.061851388888889,385,385,0.15219952911138535,544.0863037109375,,
SIFT_sf1,single,B1,0.05,0.2,17,39743,31168.831168831166,1.2750879166666669,385,385,0.15307683497667313,436.202880859375,,
SIFT_sf1,single,B1,0.05,0.2,18,40091,39480.51948051948,1.0154628289473686,385,385,0.14898180961608887,473.0665283203125,,
SIFT_sf1,single,B1,0.05,0.2,19,39478,41558.441558441555,1.052698757749672,385,385,0.15324167907238007,528.6405639648438,,
SIFT_sf1,single,B1,0.05,0.2,20,39918,35324.67532467532,1.1300316176470588,385,385,0.15174690634012222,455.00872802734375,,
SIFT_sf1,single,B1,0.05,0.2,21,39594,29090.90909090909,1.36104375,385,385,0.15283655375242233,478.2403869628906,,
SIFT_sf1,single,B1,0.05,0.2,22,39798,45714.28571428571,1.1486578650757755,385,385,0.14908984303474426,455.21588134765625,,
SIFT_sf1,single,B1,0.05,0.2,23,40496,45714.28571428571,1.1288592876897894,385,385,0.15256740152835846,473.1828308105469,,
SIFT_sf1,single,B1,0.05,0.2,24,40566,51948.05194805194,1.2805810764692587,385,385,0.1521306112408638,442.6846618652344,,
SIFT_sf1,single,B1,0.05,0.2,25,39621,47792.20779220779,1.2062342644609623,385,385,0.15292130410671234,458.6651916503906,,
SIFT_sf1,single,B1,0.05,0.2,26,39405,24935.064935064933,1.5803046875000002,385,385,0.14837179332971573,494.2435607910156,,
SIFT_sf1,single,B1,0.05,0.2,27,40020,31168.831168831166,1.283975,385,385,0.15477370470762253,457.0732421875,,
SIFT_sf1,single,B1,0.05,0.2,28,40308,27012.98701298701,1.492171153846154,385,385,0.1539057120680809,460.73724365234375,,
SIFT_sf1,single,B1,0.05,0.2,29,40226,29090.90909090909,1.38276875,385,385,0.1538507640361786,452.0384521484375,,
SIFT_sf1,single,B1,0.05,0.2,30,40100,35324.67532467532,1.1351838235294118,385,385,0.1508491113781929,434.8562927246094,,
SIFT_sf1,single,B1,0.05,0.2,31,39751,49870.129870129866,1.254562900810794,385,385,0.15926267951726913,474.34539794921875,,
SIFT_sf1,single,B1,0.05,0.2,32,39862,33246.753246753244,1.19897421875,385,385,0.1528169959783554,449.1213684082031,,
SIFT_sf1,single,B1,0.05,0.2,33,39949,35324.67532467532,1.1309091911764706,385,385,0.1520710065960884,547.02734375,,
SIFT_sf1,single,B1,0.05,0.2,34,40033,35324.67532467532,1.1332871323529412,385,385,0.1522395759820938,527.6604614257812,,
SIFT_sf1,single,B1,0.05,0.2,35,40048,20779.220779220777,1.92731,385,385,0.15300698578357697,549.7752685546875,,
SIFT_sf1,single,B1,0.05,0.2,36,39879,37402.5974025974,1.0662093750000001,385,385,0.15545450150966644,480.9826354980469,,
SIFT_sf1,single,B1,0.05,0.2,37,39749,33246.753246753244,1.1955753906250002,385,385,0.15278160572052002,512.1773681640625,,
SIFT_sf1,single,B1,0.05,0.2,38,39837,47792.20779220779,1.1996939476418351,385,385,0.15445519238710403,429.051025390625,,
SIFT_sf1,single,B1,0.05,0.2,39,40247,39480.51948051948,1.019414144736842,385,385,0.15343260020017624,451.275634765625,,
SIFT_sf1,single,B1,0.05,0.2,40,39839,45714.28571428571,1.1474757326811844,385,385,0.16094651073217392,517.8139038085938,,
SIFT_sf1,single,B1,0.05,0.2,41,39233,45714.28571428571,1.1651998499805192,385,385,0.15358813107013702,541.1014404296875,,
SIFT_sf1,single,B1,0.05,0.2,42,39380,39480.51948051948,1.0025525515622011,385,385,0.15222281217575073,541.4248046875,,
SIFT_sf1,single,B1,0.05,0.2,43,39794,41558.441558441555,1.0443393868030748,385,385,0.15237275511026382,482.6705322265625,,
SIFT_sf1,single,B1,0.05,0.2,44,39891,45714.28571428571,1.145979938188707,385,385,0.15091244131326675,519.594970703125,,
SIFT_sf1,single,B1,0.05,0.2,45,39993,27012.98701298701,1.4805100961538462,385,385,0.15320256352424622,501.80657958984375,,
SIFT_sf1,single,B1,0.05,0.2,46,39435,33246.753246753244,1.1861308593750002,385,385,0.15240535140037537,549.9127197265625,,
SIFT_sf1,single,B1,0.05,0.2,47,39536,47792.20779220779,1.2088275949061056,385,385,0.15386100858449936,521.9921264648438,,
SIFT_sf1,single,B1,0.05,0.2,48,39993,35324.67532467532,1.1321547794117648,385,385,0.15289336442947388,442.793212890625,,
SIFT_sf1,single,B1,0.05,0.2,49,39775,33246.753246753244,1.1963574218750002,385,385,0.15257392078638077,420.0697937011719,,
SIFT_sf1,single,B1,0.05,0.2,50,39929,58485.63968668407,1.4647409072775195,383,383,0.16446225345134735,437.9051208496094,,
SIFT_sf1,single,B1,0.05,0.2,51,39827,45953.002610966054,1.153815316518092,383,383,0.15802867710590363,590.0988159179688,,
SIFT_sf1,single,B1,0.05,0.2,52,39578,18798.955613577025,2.105329722222222,383,383,0.1542065292596817,444.2835693359375,,
SIFT_sf1,single,B1,0.05,0.2,53,39766,45953.002610966054,1.1555852389218442,383,383,0.15473924577236176,460.68829345703125,,
SIFT_sf1,single,B1,0.05,0.2,54,40422,48041.77545691906,1.1885056517965231,383,383,0.15481561422348022,459.1523132324219,,
SIFT_sf1,single,B1,0.05,0.2,55,39935,35509.138381201046,1.1246400735294118,383,383,0.15357788652181625,486.6722717285156,,
SIFT_sf1,single,B1,0.05,0.2,56,39271,37597.91122715405,1.0444995138888888,383,383,0.1533161848783493,533.542724609375,,
SIFT_sf1,single,B1,0.05,0.2,57,40028,35509.138381201046,1.1272591176470588,383,383,0.15232618898153305,469.5731506347656,,
SIFT_sf1,single,B1,0.05,0.2,58,39998,39686.68407310705,1.0078443421052632,383,383,0.1540146768093109,450.3941345214844,,
SIFT_sf1,single,B1,0.05,0.2,59,40119,50130.54830287206,1.2495463073075617,383,383,0.15252921730279922,477.2796936035156,,
SIFT_sf1,single,B1,0.05,0.2,60,39999,33420.36553524804,1.196845078125,383,383,0.15278533101081848,462.1730651855469,,
SIFT_sf1,single,B1,0.05,0.2,61,40010,33420.36553524804,1.19717421875,383,383,0.15377160161733627,454.400634765625,,
SIFT_sf1,single,B1,0.05,0.2,62,39736,37597.91122715405,1.0568672222222222,383,383,0.1532500609755516,535.2996215820312,,
SIFT_sf1,single,B1,0.05,0.2,63,39531,43864.22976501306,1.1096159916271549,383,383,0.1531047746539116,400.1210632324219,,
SIFT_sf1,single,B1,0.05,0.2,64,40195,43864.22976501306,1.0912857262100524,383,383,0.15310663729906082,476.6529235839844,,
SIFT_sf1,single,B1,0.05,0.2,65,39968,45953.002610966054,1.1497448611630818,383,383,0.15730597078800201,452.12255859375,,
SIFT_sf1,single,B1,0.05,0.2,66,40706,48041.77545691906,1.1802136160988321,383,383,0.15327241271734238,450.5185852050781,,
SIFT_sf1,single,B1,0.05,0.2,67,39906,33420.36553524804,1.19406234375,383,383,0.15333294868469238,423.4145812988281,,
SIFT_sf1,single,B1,0.05,0.2,68,39693,35509.138381201046,1.1178249264705882,383,383,0.15352480113506317,445.211181640625,,
SIFT_sf1,single,B1,0.05,0.2,69,39752,66840.73107049608,1.6814432247558886,383,383,0.1543024554848671,479.9535827636719,,
SIFT_sf1,single,B1,0.05,0.2,70,39384,50130.54830287206,1.272865841531385,383,383,0.15999656170606613,565.3590087890625,,
SIFT_sf1,single,B1,0.05,0.2,71,39477,31331.592689295037,1.25997425,383,383,0.15579815953969955,481.1347961425781,,
SIFT_sf1,single,B1,0.05,0.2,72,39637,39686.68407310705,1.0012534771326551,383,383,0.1539420336484909,435.65576171875,,
SIFT_sf1,single,B1,0.05,0.2,73,40697,43864.22976501306,1.077824649605943,383,383,0.15299860388040543,446.92266845703125,,
SIFT_sf1,single,B1,0.05,0.2,74,40418,43864.22976501306,1.0852647277206457,383,383,0.15434622764587402,453.50958251953125,,
SIFT_sf1,single,B1,0.05,0.2,75,39846,43864.22976501306,1.1008439935003025,383,383,0.1525450497865677,459.6799011230469,,
SIFT_sf1,single,B1,0.05,0.2,76,39881,48041.77545691906,1.2046281551846507,383,383,0.15436671674251556,508.85845947265625,,
SIFT_sf1,single,B1,0.05,0.2,77,39123,50130.54830287206,1.281357470103828,383,383,0.15451479703187943,480.29248046875,,
SIFT_sf1,single,B1,0.05,0.2,78,39839,50130.54830287206,1.2583284797026046,383,383,0.15446357429027557,427.94964599609375,,
SIFT_sf1,single,B1,0.05,0.2,79,39636,35509.138381201046,1.1162197058823529,383,383,0.15336275100708008,551.5704345703125,,
SIFT_sf1,single,B1,0.05,0.2,80,39918,48041.77545691906,1.2035115851725802,383,383,0.15559978783130646,571.3265380859375,,
SIFT_sf1,single,B1,0.05,0.2,81,39942,31331.592689295037,1.2748155,383,383,0.15373434871435165,444.9190368652344,,
SIFT_sf1,single,B1,0.05,0.2,82,40060,25065.27415143603,1.5982270833333334,383,383,0.15348847955465317,429.524169921875,,
SIFT_sf1,single,B1,0.05,0.2,83,40013,39686.68407310705,1.008222302631579,383,383,0.15303120017051697,464.3593444824219,,
SIFT_sf1,single,B1,0.05,0.2,84,39626,48041.77545691906,1.212380140738885,383,383,0.15399232506752014,562.3355102539062,,
SIFT_sf1,single,B1,0.05,0.2,85,40508,39686.68407310705,1.0206950000000001,383,383,0.1539541408419609,512.0028686523438,,
SIFT_sf1,single,B1,0.05,0.2,86,40041,56396.86684073107,1.4084779810876618,383,383,0.1544347032904625,455.4874267578125,,
SIFT_sf1,single,B1,0.05,0.2,87,39831,41775.45691906005,1.0488176776646343,383,383,0.153249129652977,517.3988647460938,,
SIFT_sf1,single,B1,0.05,0.2,88,40090,45953.002610966054,1.146246011747719,383,383,0.1535871997475624,454.02410888671875,,
SIFT_sf1,single,B1,0.05,0.2,89,39677,50130.54830287206,1.263466197113493,383,383,0.15297718346118927,435.55340576171875,,
SIFT_sf1,single,B1,0.05,0.2,90,39702,41775.45691906005,1.0522255029736551,383,383,0.15415437519550323,493.23175048828125,,
SIFT_sf1,single,B1,0.05,0.2,91,40080,35509.138381201046,1.1287235294117646,383,383,0.15249475836753845,411.08251953125,,
SIFT_sf1,single,B1,0.05,0.2,92,40067,39686.68407310705,1.0095829605263158,383,383,0.1534484326839447,463.50048828125,,
SIFT_sf1,single,B1,0.05,0.2,93,39659,37597.91122715405,1.054819236111111,383,383,0.1528291031718254,428.488037109375,,
SIFT_sf1,single,B1,0.05,0.2,94,39619,39686.68407310705,1.0017083740908919,383,383,0.1498628407716751,461.56353759765625,,
SIFT_sf1,single,B1,0.05,0.2,95,40138,39686.68407310705,1.0113719736842106,383,383,0.15318859368562698,376.8366394042969,,
SIFT_sf1,single,B1,0.05,0.2,96,39708,43864.22976501306,1.1046698339128904,383,383,0.15322957187891006,536.734375,,
SIFT_sf1,single,B1,0.05,0.2,97,40304,39686.68407310705,1.0155547368421054,383,383,0.1522749662399292,467.4385986328125,,
SIFT_sf1,single,B1,0.05,0.2,98,39203,50130.54830287206,1.278742654972121,383,383,0.14841649681329727,540.2174072265625,,
SIFT_sf1,single,B1,0.05,0.2,99,39959,48041.77545691906,1.202276720061039,383,383,0.15287846326828003,513.74267578125,,
SIFT_sf1,single,B1,0.05,0.3,0,39577,43636.36363636363,1.1025687554984873,385,385,0.19746646285057068,565.8239135742188,,
SIFT_sf1,single,B1,0.05,0.3,1,39772,33246.753246753244,1.1962671875000002,385,385,0.168604776263237,474.248779296875,,
SIFT_sf1,single,B1,0.05,0.3,2,40835,35324.67532467532,1.1559908088235296,385,385,0.1626955345273018,446.9037170410156,,
SIFT_sf1,single,B1,0.05,0.3,3,39713,41558.441558441555,1.0464694573172904,385,385,0.16008876264095306,483.7508239746094,,
SIFT_sf1,single,B1,0.05,0.3,4,40384,43636.36363636363,1.0805359458291313,385,385,0.15928037464618683,440.8401184082031,,
SIFT_sf1,single,B1,0.05,0.3,5,40050,49870.129870129866,1.2451967508147281,385,385,0.15730783343315125,446.7717590332031,,
SIFT_sf1,single,B1,0.05,0.3,6,39548,39480.51948051948,1.001709210526316,385,385,0.155547633767128,509.8194885253906,,
SIFT_sf1,single,B1,0.05,0.3,7,39986,41558.441558441555,1.0393248026419635,385,385,0.15419349074363708,516.93994140625,,
SIFT_sf1,single,B1,0.05,0.3,8,40088,24935.064935064933,1.6076958333333335,385,385,0.15395041555166245,515.66064453125,,
SIFT_sf1,single,B1,0.05,0.3,9,40240,45714.28571428571,1.1360408974723089,385,385,0.15500839799642563,552.1412353515625,,
SIFT_sf1,single,B1,0.05,0.3,10,39863,43636.36363636363,1.094658295571423,385,385,0.15336833894252777,518.8783569335938,,
SIFT_sf1,single,B1,0.05,0.3,11,40056,43636.36363636363,1.0893839533743668,385,385,0.1529008150100708,402.99237060546875,,
SIFT_sf1,single,B1,0.05,0.3,12,39587,43636.36363636363,1.1022902376124393,385,385,0.1600179821252823,420.1689453125,,
SIFT_sf1,single,B1,0.05,0.3,13,39464,43636.36363636363,1.105725816854947,385,385,0.15616044402122498,476.4763488769531,,
SIFT_sf1,single,B1,0.05,0.3,14,39960,31168.831168831166,1.2820500000000001,385,385,0.1542484387755394,438.38909912109375,,
SIFT_sf1,single,B1,0.05,0.3,15,39683,39480.51948051948,1.0051286184210528,385,385,0.15212874859571457,438.0570068359375,,
SIFT_sf1,single,B1,0.05,0.3,16,39716,45714.28571428571,1.1510294519661022,385,385,0.15150755643844604,544.0863037109375,,
SIFT_sf1,single,B1,0.05,0.3,17,39743,29090.90909090909,1.366165625,385,385,0.15247799456119537,436.202880859375,,
SIFT_sf1,single,B1,0.05,0.3,18,40091,18701.2987012987,2.1437548611111112,385,385,0.14936085790395737,473.0665283203125,,
SIFT_sf1,single,B1,0.05,0.3,19,39478,45714.28571428571,1.1579686335246393,385,385,0.15339162200689316,528.6405639648438,,
SIFT_sf1,single,B1,0.05,0.3,20,39918,31168.831168831166,1.2807025,385,385,0.15611760318279266,455.00872802734375,,
SIFT_sf1,single,B1,0.05,0.3,21,39594,37402.5974025974,1.0585895833333334,385,385,0.15437882393598557,478.2403869628906,,
SIFT_sf1,single,B1,0.05,0.3,22,39798,39480.51948051948,1.0080414473684212,385,385,0.15013385564088821,455.21588134765625,,
SIFT_sf1,single,B1,0.05,0.3,23,40496,39480.51948051948,1.025721052631579,385,385,0.15143956989049911,473.1828308105469,,
SIFT_sf1,single,B1,0.05,0.3,24,40566,54025.97402597402,1.331804319528029,385,385,0.15285424888134003,442.6846618652344,,
SIFT_sf1,single,B1,0.05,0.3,25,39621,49870.129870129866,1.258679232481004,385,385,0.15415344387292862,458.6651916503906,,
SIFT_sf1,single,B1,0.05,0.3,26,39405,31168.831168831166,1.26424375,385,385,0.14840532094240189,494.2435607910156,,
SIFT_sf1,single,B1,0.05,0.3,27,40020,31168.831168831166,1.283975,385,385,0.1536160707473755,457.0732421875,,
SIFT_sf1,single,B1,0.05,0.3,28,40308,27012.98701298701,1.492171153846154,385,385,0.15265122056007385,460.73724365234375,,
SIFT_sf1,single,B1,0.05,0.3,29,40226,31168.831168831166,1.2905841666666669,385,385,0.15316996723413467,452.0384521484375,,
SIFT_sf1,single,B1,0.05,0.3,30,40100,43636.36363636363,1.0881886193606891,385,385,0.14743022620677948,434.8562927246094,,
SIFT_sf1,single,B1,0.05,0.3,31,39751,29090.90909090909,1.366440625,385,385,0.15221070498228073,474.34539794921875,,
SIFT_sf1,single,B1,0.05,0.3,32,39862,31168.831168831166,1.2789058333333334,385,385,0.15165377408266068,449.1213684082031,,
SIFT_sf1,single,B1,0.05,0.3,33,39949,35324.67532467532,1.1309091911764706,385,385,0.15307404100894928,547.02734375,,
SIFT_sf1,single,B1,0.05,0.3,34,40033,47792.20779220779,1.1938202930634174,385,385,0.14810264110565186,527.6604614257812,,
SIFT_sf1,single,B1,0.05,0.3,35,40048,33246.753246753244,1.2045687500000002,385,385,0.15868619084358215,549.7752685546875,,
SIFT_sf1,single,B1,0.05,0.3,36,39879,37402.5974025974,1.0662093750000001,385,385,0.1545557752251625,480.9826354980469,,
SIFT_sf1,single,B1,0.05,0.3,37,39749,35324.67532467532,1.1252474264705883,385,385,0.15799608081579208,512.1773681640625,,
SIFT_sf1,single,B1,0.05,0.3,38,39837,58181.81818181818,1.4604969797378864,385,385,0.1572389155626297,429.051025390625,,
SIFT_sf1,single,B1,0.05,0.3,39,40247,24935.064935064933,1.6140723958333334,385,385,0.15313271433115005,451.275634765625,,
SIFT_sf1,single,B1,0.05,0.3,40,39839,43636.36363636363,1.0953177448320397,385,385,0.15292037278413773,517.8139038085938,,
SIFT_sf1,single,B1,0.05,0.3,41,39233,33246.753246753244,1.180055078125,385,385,0.15229545533657074,541.1014404296875,,
SIFT_sf1,single,B1,0.05,0.3,42,39380,37402.5974025974,1.0528680555555556,385,385,0.1547178253531456,541.4248046875,,
SIFT_sf1,single,B1,0.05,0.3,43,39794,43636.36363636363,1.0965563561432283,385,385,0.15207938849925995,482.6705322265625,,
SIFT_sf1,single,B1,0.05,0.3,44,39891,60259.740259740254,1.5106099185214774,385,385,0.153333880007267,519.594970703125,,
SIFT_sf1,single,B1,0.05,0.3,45,39993,41558.441558441555,1.0391428889666081,385,385,0.1526782289147377,501.80657958984375,,
SIFT_sf1,single,B1,0.05,0.3,46,39435,43636.36363636363,1.106538953629102,385,385,0.15197880566120148,549.9127197265625,,
SIFT_sf1,single,B1,0.05,0.3,47,39536,39480.51948051948,1.001405263157895,385,385,0.15210453420877457,521.9921264648438,,
SIFT_sf1,single,B1,0.05,0.3,48,39993,33246.753246753244,1.202914453125,385,385,0.1499336212873459,442.793212890625,,
SIFT_sf1,single,B1,0.05,0.3,49,39775,33246.753246753244,1.1963574218750002,385,385,0.15314575284719467,420.0697937011719,,
SIFT_sf1,single,B1,0.05,0.3,50,39929,41775.45691906005,1.0462435051982282,383,383,0.16180146485567093,437.9051208496094,,
SIFT_sf1,single,B1,0.05,0.3,51,39827,43864.22976501306,1.10136916576727,383,383,0.15615206211805344,590.0988159179688,,
SIFT_sf1,single,B1,0.05,0.3,52,39578,39686.68407310705,1.0027460728967368,383,383,0.15533622354269028,444.2835693359375,,
SIFT_sf1,single,B1,0.05,0.3,53,39766,25065.27415143603,1.5864977083333334,383,383,0.1537725329399109,460.68829345703125,,
SIFT_sf1,single,B1,0.05,0.3,54,40422,33420.36553524804,1.20950203125,383,383,0.15470199286937714,459.1523132324219,,
SIFT_sf1,single,B1,0.05,0.3,55,39935,31331.592689295037,1.2745920833333335,383,383,0.150950625538826,486.6722717285156,,
SIFT_sf1,single,B1,0.05,0.3,56,39271,41775.45691906005,1.063773698634108,383,383,0.15276484191417694,533.542724609375,,
SIFT_sf1,single,B1,0.05,0.3,57,40028,45953.002610966054,1.14802145025897,383,383,0.1515103504061699,469.5731506347656,,
SIFT_sf1,single,B1,0.05,0.3,58,39998,45953.002610966054,1.1488825093996213,383,383,0.15322677791118622,450.3941345214844,,
SIFT_sf1,single,B1,0.05,0.3,59,40119,35509.138381201046,1.129821838235294,383,383,0.15445798635482788,477.2796936035156,,
SIFT_sf1,single,B1,0.05,0.3,60,39999,52219.32114882507,1.305515666612292,383,383,0.1538032665848732,462.1730651855469,,
SIFT_sf1,single,B1,0.05,0.3,61,40010,35509.138381201046,1.126752205882353,383,383,0.15468429774045944,454.400634765625,,
SIFT_sf1,single,B1,0.05,0.3,62,39736,41775.45691906005,1.0513251690925118,383,383,0.1603430137038231,535.2996215820312,,
SIFT_sf1,single,B1,0.05,0.3,63,39531,14621.409921671018,2.7036380357142855,383,383,0.1531960442662239,400.1210632324219,,
SIFT_sf1,single,B1,0.05,0.3,64,40195,22976.501305483027,1.749396022727273,383,383,0.1516016200184822,476.6529235839844,,
SIFT_sf1,single,B1,0.05,0.3,65,39968,39686.68407310705,1.0070884210526316,383,383,0.15443656593561172,452.12255859375,,
SIFT_sf1,single,B1,0.05,0.3,66,40706,43864.22976501306,1.0775863451337164,383,383,0.15391316264867783,450.5185852050781,,
SIFT_sf1,single,B1,0.05,0.3,67,39906,41775.45691906005,1.04684651228036,383,383,0.15472527593374252,423.4145812988281,,
SIFT_sf1,single,B1,0.05,0.3,68,39693,31331.592689295037,1.2668682500000001,383,383,0.15276670455932617,445.211181640625,,
SIFT_sf1,single,B1,0.05,0.3,69,39752,48041.77545691906,1.208537317793295,383,383,0.15247054398059845,479.9535827636719,,
SIFT_sf1,single,B1,0.05,0.3,70,39384,50130.54830287206,1.272865841531385,383,383,0.1534475013613701,565.3590087890625,,
SIFT_sf1,single,B1,0.05,0.3,71,39477,50130.54830287206,1.2698672214928202,383,383,0.15251990407705307,481.1347961425781,,
SIFT_sf1,single,B1,0.05,0.3,72,39637,31331.592689295037,1.2650809166666668,383,383,0.151168555021286,435.65576171875,,
SIFT_sf1,single,B1,0.05,0.3,73,40697,60574.41253263708,1.4884245161224925,383,383,0.15221349895000458,446.92266845703125,,
SIFT_sf1,single,B1,0.05,0.3,74,40418,50130.54830287206,1.240302545966452,383,383,0.15156716108322144,453.50958251953125,,
SIFT_sf1,single,B1,0.05,0.3,75,39846,41775.45691906005,1.0484228509526692,383,383,0.15372782945632935,459.6799011230469,,
SIFT_sf1,single,B1,0.05,0.3,76,39881,50130.54830287206,1.2570032923665921,383,383,0.15398580580949783,508.85845947265625,,
SIFT_sf1,single,B1,0.05,0.3,77,39123,31331.592689295037,1.24867575,383,383,0.15310384333133698,480.29248046875,,
SIFT_sf1,single,B1,0.05,0.3,78,39839,22976.501305483027,1.7339019318181819,383,383,0.1529436558485031,427.94964599609375,,
SIFT_sf1,single,B1,0.05,0.3,79,39636,41775.45691906005,1.0539776193122428,383,383,0.15501398593187332,551.5704345703125,,
SIFT_sf1,single,B1,0.05,0.3,80,39918,27154.046997389036,1.4700571153846154,383,383,0.15396159142255783,571.3265380859375,,
SIFT_sf1,single,B1,0.05,0.3,81,39942,33420.36553524804,1.19513953125,383,383,0.15520770102739334,444.9190368652344,,
SIFT_sf1,single,B1,0.05,0.3,82,40060,25065.27415143603,1.5982270833333334,383,383,0.1529064029455185,429.524169921875,,
SIFT_sf1,single,B1,0.05,0.3,83,40013,35509.138381201046,1.1268366911764705,383,383,0.154983252286911,464.3593444824219,,
SIFT_sf1,single,B1,0.05,0.3,84,39626,41775.45691906005,1.0542436006425087,383,383,0.15248451381921768,562.3355102539062,,
SIFT_sf1,single,B1,0.05,0.3,85,40508,33420.36553524804,1.2120753125,383,383,0.15621352940797806,512.0028686523438,,
SIFT_sf1,single,B1,0.05,0.3,86,40041,45953.002610966054,1.1476487253306873,383,383,0.1550847664475441,455.4874267578125,,
SIFT_sf1,single,B1,0.05,0.3,87,39831,31331.592689295037,1.27127275,383,383,0.1574251800775528,517.3988647460938,,
SIFT_sf1,single,B1,0.05,0.3,88,40090,43864.22976501306,1.094143920304641,383,383,0.1551453024148941,454.02410888671875,,
SIFT_sf1,single,B1,0.05,0.3,89,39677,56396.86684073107,1.4213994717526797,383,383,0.15454180538654327,435.55340576171875,,
SIFT_sf1,single,B1,0.05,0.3,90,39702,39686.68407310705,1.0003859210526316,383,383,0.15361979603767395,493.23175048828125,,
SIFT_sf1,single,B1,0.05,0.3,91,40080,35509.138381201046,1.1287235294117646,383,383,0.15582982450723648,411.08251953125,,
SIFT_sf1,single,B1,0.05,0.3,92,40067,29242.819843342037,1.3701483035714286,383,383,0.15936978161334991,463.50048828125,,
SIFT_sf1,single,B1,0.05,0.3,93,39659,33420.36553524804,1.186671640625,383,383,0.15655811876058578,428.488037109375,,
SIFT_sf1,single,B1,0.05,0.3,94,39619,50130.54830287206,1.2653158409569163,383,383,0.15282537788152695,461.56353759765625,,
SIFT_sf1,single,B1,0.05,0.3,95,40138,37597.91122715405,1.0675593055555554,383,383,0.15307683497667313,376.8366394042969,,
SIFT_sf1,single,B1,0.05,0.3,96,39708,25065.27415143603,1.58418375,383,383,0.1516733318567276,536.734375,,
SIFT_sf1,single,B1,0.05,0.3,97,40304,58485.63968668407,1.4511125368867623,383,383,0.1530693843960762,467.4385986328125,,
SIFT_sf1,single,B1,0.05,0.3,98,39203,35509.138381201046,1.1040256617647057,383,383,0.1532137393951416,540.2174072265625,,
SIFT_sf1,single,B1,0.05,0.3,99,39959,54308.09399477807,1.3590954226776963,383,383,0.14899205416440964,513.74267578125,,
SIFT_sf1,single,B1,0.05,0.4,0,39577,56103.8961038961,1.4175883999266266,385,385,0.20402856171131134,565.8239135742188,,
SIFT_sf1,single,B1,0.05,0.4,1,39772,29090.90909090909,1.3671625,385,385,0.16878172755241394,474.248779296875,,
SIFT_sf1,single,B1,0.05,0.4,2,40835,54025.97402597402,1.3230310769186733,385,385,0.16021449118852615,446.9037170410156,,
SIFT_sf1,single,B1,0.05,0.4,3,39713,43636.36363636363,1.098792930183155,385,385,0.15775859355926514,483.7508239746094,,
SIFT_sf1,single,B1,0.05,0.4,4,40384,54025.97402597402,1.3378064091217814,385,385,0.1553623005747795,440.8401184082031,,
SIFT_sf1,single,B1,0.05,0.4,5,40050,41558.441558441555,1.0376639590122736,385,385,0.1530395820736885,446.7717590332031,,
SIFT_sf1,single,B1,0.05,0.4,6,39548,35324.67532467532,1.1195573529411766,385,385,0.15388522297143936,509.8194885253906,,
SIFT_sf1,single,B1,0.05,0.4,7,39986,37402.5974025974,1.069070138888889,385,385,0.1525823026895523,516.93994140625,,
SIFT_sf1,single,B1,0.05,0.4,8,40088,35324.67532467532,1.134844117647059,385,385,0.15260372310876846,515.66064453125,,
SIFT_sf1,single,B1,0.05,0.4,9,40240,33246.753246753244,1.21034375,385,385,0.15715230256319046,552.1412353515625,,
SIFT_sf1,single,B1,0.05,0.4,10,39863,43636.36363636363,1.094658295571423,385,385,0.15152990818023682,518.8783569335938,,
SIFT_sf1,single,B1,0.05,0.4,11,40056,39480.51948051948,1.0145763157894738,385,385,0.1538582146167755,402.99237060546875,,
SIFT_sf1,single,B1,0.05,0.4,12,39587,37402.5974025974,1.0584024305555557,385,385,0.15278812497854233,420.1689453125,,
SIFT_sf1,single,B1,0.05,0.4,13,39464,43636.36363636363,1.105725816854947,385,385,0.15197321772575378,476.4763488769531,,
SIFT_sf1,single,B1,0.05,0.4,14,39960,37402.5974025974,1.068375,385,385,0.15233270823955536,438.38909912109375,,
SIFT_sf1,single,B1,0.05,0.4,15,39683,33246.753246753244,1.193590234375,385,385,0.15108752995729446,438.0570068359375,,
SIFT_sf1,single,B1,0.05,0.4,16,39716,43636.36363636363,1.0987099314221884,385,385,0.15225540846586227,544.0863037109375,,
SIFT_sf1,single,B1,0.05,0.4,17,39743,35324.67532467532,1.1250775735294118,385,385,0.15273690223693848,436.202880859375,,
SIFT_sf1,single,B1,0.05,0.4,18,40091,37402.5974025974,1.0718774305555556,385,385,0.15330500900745392,473.0665283203125,,
SIFT_sf1,single,B1,0.05,0.4,19,39478,31168.831168831166,1.2665858333333335,385,385,0.1521846279501915,528.6405639648438,,
SIFT_sf1,single,B1,0.05,0.4,20,39918,24935.064935064933,1.6008781250000002,385,385,0.1530097797513008,455.00872802734375,,
SIFT_sf1,single,B1,0.05,0.4,21,39594,37402.5974025974,1.0585895833333334,385,385,0.15054922550916672,478.2403869628906,,
SIFT_sf1,single,B1,0.05,0.4,22,39798,56103.8961038961,1.4097164707748153,385,385,0.15244726091623306,455.21588134765625,,
SIFT_sf1,single,B1,0.05,0.4,23,40496,35324.67532467532,1.146394117647059,385,385,0.14743395149707794,473.1828308105469,,
SIFT_sf1,single,B1,0.05,0.4,24,40566,29090.90909090909,1.3944562500000002,385,385,0.15339534729719162,442.6846618652344,,
SIFT_sf1,single,B1,0.05,0.4,25,39621,33246.753246753244,1.191725390625,385,385,0.1524612307548523,458.6651916503906,,
SIFT_sf1,single,B1,0.05,0.4,26,39405,45714.28571428571,1.1601138361701742,385,385,0.15038438141345978,494.2435607910156,,
SIFT_sf1,single,B1,0.05,0.4,27,40020,35324.67532467532,1.132919117647059,385,385,0.14712847769260406,457.0732421875,,
SIFT_sf1,single,B1,0.05,0.4,28,40308,27012.98701298701,1.492171153846154,385,385,0.15274714678525925,460.73724365234375,,
SIFT_sf1,single,B1,0.05,0.4,29,40226,43636.36363636363,1.084780083437668,385,385,0.1523829996585846,452.0384521484375,,
SIFT_sf1,single,B1,0.05,0.4,30,40100,41558.441558441555,1.0363701136768468,385,385,0.15094783157110214,434.8562927246094,,
SIFT_sf1,single,B1,0.05,0.4,31,39751,31168.831168831166,1.2753445833333334,385,385,0.1490628346800804,474.34539794921875,,
SIFT_sf1,single,B1,0.05,0.4,32,39862,45714.28571428571,1.1468136499494683,385,385,0.15251711010932922,449.1213684082031,,
SIFT_sf1,single,B1,0.05,0.4,33,39949,43636.36363636363,1.092301775673074,385,385,0.15142187476158142,547.02734375,,
SIFT_sf1,single,B1,0.05,0.4,34,40033,41558.441558441555,1.0381046026638412,385,385,0.1567034050822258,527.6604614257812,,
SIFT_sf1,single,B1,0.05,0.4,35,40048,37402.5974025974,1.070727777777778,385,385,0.1483997330069542,549.7752685546875,,
SIFT_sf1,single,B1,0.05,0.4,36,39879,31168.831168831166,1.2794512500000002,385,385,0.15269685536623,480.9826354980469,,
SIFT_sf1,single,B1,0.05,0.4,37,39749,47792.20779220779,1.2023499406829803,385,385,0.15061907470226288,512.1773681640625,,
SIFT_sf1,single,B1,0.05,0.4,38,39837,29090.90909090909,1.369396875,385,385,0.1512160524725914,429.051025390625,,
SIFT_sf1,single,B1,0.05,0.4,39,40247,22857.142857142855,1.7608062500000001,385,385,0.1478102058172226,451.275634765625,,
SIFT_sf1,single,B1,0.05,0.4,40,39839,39480.51948051948,1.0090799342105263,385,385,0.15122443437576294,517.8139038085938,,
SIFT_sf1,single,B1,0.05,0.4,41,39233,33246.753246753244,1.180055078125,385,385,0.1506200060248375,541.1014404296875,,
SIFT_sf1,single,B1,0.05,0.4,42,39380,43636.36363636363,1.1080843990950644,385,385,0.1522023230791092,541.4248046875,,
SIFT_sf1,single,B1,0.05,0.4,43,39794,45714.28571428571,1.148773325483382,385,385,0.14775153249502182,482.6705322265625,,
SIFT_sf1,single,B1,0.05,0.4,44,39891,56103.8961038961,1.406429924140686,385,385,0.15218183398246765,519.594970703125,,
SIFT_sf1,single,B1,0.05,0.4,45,39993,64415.58441558441,1.6106714778982425,385,385,0.15087705105543137,501.80657958984375,,
SIFT_sf1,single,B1,0.05,0.4,46,39435,35324.67532467532,1.116358455882353,385,385,0.1515643671154976,549.9127197265625,,
SIFT_sf1,single,B1,0.05,0.4,47,39536,54025.97402597402,1.366500759459076,385,385,0.14771614223718643,521.9921264648438,,
SIFT_sf1,single,B1,0.05,0.4,48,39993,29090.90909090909,1.3747593750000002,385,385,0.15271641314029694,442.793212890625,,
SIFT_sf1,single,B1,0.05,0.4,49,39775,31168.831168831166,1.2761145833333334,385,385,0.15193596482276917,420.0697937011719,,
SIFT_sf1,single,B1,0.05,0.4,50,39929,39686.68407310705,1.0061057236842106,383,383,0.16168877482414246,437.9051208496094,,
SIFT_sf1,single,B1,0.05,0.4,51,39827,45953.002610966054,1.153815316518092,383,383,0.15236996114253998,590.0988159179688,,
SIFT_sf1,single,B1,0.05,0.4,52,39578,27154.046997389036,1.4575359615384615,383,383,0.1503368839621544,444.2835693359375,,
SIFT_sf1,single,B1,0.05,0.4,53,39766,37597.91122715405,1.0576651388888887,383,383,0.148136168718338,460.68829345703125,,
SIFT_sf1,single,B1,0.05,0.4,54,40422,27154.046997389036,1.4886178846153846,383,383,0.14763791114091873,459.1523132324219,,
SIFT_sf1,single,B1,0.05,0.4,55,39935,48041.77545691906,1.2029992602208353,383,383,0.14943256974220276,486.6722717285156,,
SIFT_sf1,single,B1,0.05,0.4,56,39271,52219.32114882507,1.329717123292635,383,383,0.14973245561122894,533.542724609375,,
SIFT_sf1,single,B1,0.05,0.4,57,40028,37597.91122715405,1.064633611111111,383,383,0.1484788954257965,469.5731506347656,,
SIFT_sf1,single,B1,0.05,0.4,58,39998,27154.046997389036,1.473003269230769,383,383,0.15015620738267899,450.3941345214844,,
SIFT_sf1,single,B1,0.05,0.4,59,40119,45953.002610966054,1.1454174483652646,383,383,0.1531774178147316,477.2796936035156,,
SIFT_sf1,single,B1,0.05,0.4,60,39999,54308.09399477807,1.3577362932767838,383,383,0.1492481678724289,462.1730651855469,,
SIFT_sf1,single,B1,0.05,0.4,61,40010,25065.27415143603,1.5962322916666667,383,383,0.14904141426086426,454.400634765625,,
SIFT_sf1,single,B1,0.05,0.4,62,39736,33420.36553524804,1.188975625,383,383,0.14815200120210648,535.2996215820312,,
SIFT_sf1,single,B1,0.05,0.4,63,39531,45953.002610966054,1.1624548483713049,383,383,0.15083514153957367,400.1210632324219,,
SIFT_sf1,single,B1,0.05,0.4,64,40195,31331.592689295037,1.2828904166666668,383,383,0.14967285096645355,476.6529235839844,,
SIFT_sf1,single,B1,0.05,0.4,65,39968,37597.91122715405,1.0630377777777777,383,383,0.15344563871622086,452.12255859375,,
SIFT_sf1,single,B1,0.05,0.4,66,40706,31331.592689295037,1.2991998333333334,383,383,0.15022233128547668,450.5185852050781,,
SIFT_sf1,single,B1,0.05,0.4,67,39906,35509.138381201046,1.123823382352941,383,383,0.14884956181049347,423.4145812988281,,
SIFT_sf1,single,B1,0.05,0.4,68,39693,43864.22976501306,1.1050872890689305,383,383,0.14991965144872665,445.211181640625,,
SIFT_sf1,single,B1,0.05,0.4,69,39752,45953.002610966054,1.1559922170196733,383,383,0.1508910208940506,479.9535827636719,,
SIFT_sf1,single,B1,0.05,0.4,70,39384,56396.86684073107,1.431974071722808,383,383,0.15354901552200317,565.3590087890625,,
SIFT_sf1,single,B1,0.05,0.4,71,39477,37597.91122715405,1.0499785416666665,383,383,0.15265773981809616,481.1347961425781,,
SIFT_sf1,single,B1,0.05,0.4,72,39637,31331.592689295037,1.2650809166666668,383,383,0.1527993008494377,435.65576171875,,
SIFT_sf1,single,B1,0.05,0.4,73,40697,39686.68407310705,1.025457302631579,383,383,0.14826282858848572,446.92266845703125,,
SIFT_sf1,single,B1,0.05,0.4,74,40418,39686.68407310705,1.0184272368421052,383,383,0.14815013855695724,453.50958251953125,,
SIFT_sf1,single,B1,0.05,0.4,75,39846,64751.95822454308,1.625055418976637,383,383,0.14944840222597122,459.6799011230469,,
SIFT_sf1,single,B1,0.05,0.4,76,39881,43864.22976501306,1.099877880820768,383,383,0.14890916645526886,508.85845947265625,,
SIFT_sf1,single,B1,0.05,0.4,77,39123,48041.77545691906,1.2279675755161685,383,383,0.1490674912929535,480.29248046875,,
SIFT_sf1,single,B1,0.05,0.4,78,39839,31331.592689295037,1.2715280833333333,383,383,0.14845281839370728,427.94964599609375,,
SIFT_sf1,single,B1,0.05,0.4,79,39636,27154.046997389036,1.459671923076923,383,383,0.14802441000938416,551.5704345703125,,
SIFT_sf1,single,B1,0.05,0.4,80,39918,35509.138381201046,1.1241613235294117,383,383,0.15040859580039978,571.3265380859375,,
SIFT_sf1,single,B1,0.05,0.4,81,39942,33420.36553524804,1.19513953125,383,383,0.14945212751626968,444.9190368652344,,
SIFT_sf1,single,B1,0.05,0.4,82,40060,37597.91122715405,1.0654847222222221,383,383,0.14918018132448196,429.524169921875,,
SIFT_sf1,single,B1,0.05,0.4,83,40013,54308.09399477807,1.3572612399664628,383,383,0.14984793961048126,464.3593444824219,,
SIFT_sf1,single,B1,0.05,0.4,84,39626,41775.45691906005,1.0542436006425087,383,383,0.14852266758680344,562.3355102539062,,
SIFT_sf1,single,B1,0.05,0.4,85,40508,16710.18276762402,2.424150625,383,383,0.1513836905360222,512.0028686523438,,
SIFT_sf1,single,B1,0.05,0.4,86,40041,39686.68407310705,1.0089278289473684,383,383,0.14958065003156662,455.4874267578125,,
SIFT_sf1,single,B1,0.05,0.4,87,39831,31331.592689295037,1.27127275,383,383,0.14945399016141891,517.3988647460938,,
SIFT_sf1,single,B1,0.05,0.4,88,40090,37597.91122715405,1.0662826388888889,383,383,0.15028845518827438,454.02410888671875,,
SIFT_sf1,single,B1,0.05,0.4,89,39677,43864.22976501306,1.1055329224743065,383,383,0.14940276741981506,435.55340576171875,,
SIFT_sf1,single,B1,0.05,0.4,90,39702,48041.77545691906,1.2100593284197032,383,383,0.1478828489780426,493.23175048828125,,
SIFT_sf1,single,B1,0.05,0.4,91,40080,41775.45691906005,1.0423018193378257,383,383,0.1494418829679489,411.08251953125,,
SIFT_sf1,single,B1,0.05,0.4,92,40067,52219.32114882507,1.3033000012185856,383,383,0.1483941450715065,463.50048828125,,
SIFT_sf1,single,B1,0.05,0.4,93,39659,33420.36553524804,1.186671640625,383,383,0.14858227223157883,428.488037109375,,
SIFT_sf1,single,B1,0.05,0.4,94,39619,39686.68407310705,1.0017083740908919,383,383,0.14915969222784042,461.56353759765625,,
SIFT_sf1,single,B1,0.05,0.4,95,40138,39686.68407310705,1.0113719736842106,383,383,0.14995038509368896,376.8366394042969,,
SIFT_sf1,single,B1,0.05,0.4,96,39708,58485.63968668407,1.472893111883854,383,383,0.15065260231494904,536.734375,,
SIFT_sf1,single,B1,0.05,0.4,97,40304,48041.77545691906,1.1919852981569834,383,383,0.148688443005085,467.4385986328125,,
SIFT_sf1,single,B1,0.05,0.4,98,39203,22976.501305483027,1.7062214772727273,383,383,0.14920905232429504,540.2174072265625,,
SIFT_sf1,single,B1,0.05,0.4,99,39959,33420.36553524804,1.195648203125,383,383,0.14838669449090958,513.74267578125,,
SIFT_sf1,single,B1,0.05,0.5,0,39577,22857.142857142855,1.73149375,385,385,0.19404292106628418,565.8239135742188,,
SIFT_sf1,single,B1,0.05,0.5,1,39772,35324.67532467532,1.1258985294117647,385,385,0.16713421791791916,474.248779296875,,
SIFT_sf1,single,B1,0.05,0.5,2,40835,47792.20779220779,1.1703736449665185,385,385,0.1613479107618332,446.9037170410156,,
SIFT_sf1,single,B1,0.05,0.5,3,39713,62337.66233766233,1.5697041859759355,385,385,0.15887897461652756,483.7508239746094,,
SIFT_sf1,single,B1,0.05,0.5,4,40384,37402.5974025974,1.0797111111111113,385,385,0.15631690621376038,440.8401184082031,,
SIFT_sf1,single,B1,0.05,0.5,5,40050,47792.20779220779,1.1933135528641146,385,385,0.15427544713020325,446.7717590332031,,
SIFT_sf1,single,B1,0.05,0.5,6,39548,37402.5974025974,1.0573597222222224,385,385,0.15269778668880463,509.8194885253906,,
SIFT_sf1,single,B1,0.05,0.5,7,39986,41558.441558441555,1.0393248026419635,385,385,0.15929155051708221,516.93994140625,,
SIFT_sf1,single,B1,0.05,0.5,8,40088,33246.753246753244,1.2057718750000002,385,385,0.15471316874027252,515.66064453125,,
SIFT_sf1,single,B1,0.05,0.5,9,40240,62337.66233766233,1.5491466783713304,385,385,0.14969240874052048,552.1412353515625,,
SIFT_sf1,single,B1,0.05,0.5,10,39863,56103.8961038961,1.4074178085918294,385,385,0.1524975523352623,518.8783569335938,,
SIFT_sf1,single,B1,0.05,0.5,11,40056,47792.20779220779,1.1931348060766873,385,385,0.15353970229625702,402.99237060546875,,
SIFT_sf1,single,B1,0.05,0.5,12,39587,35324.67532467532,1.1206613970588237,385,385,0.1519080251455307,420.1689453125,,
SIFT_sf1,single,B1,0.05,0.5,13,39464,39480.51948051948,1.000418596202095,385,385,0.14990661293268204,476.4763488769531,,
SIFT_sf1,single,B1,0.05,0.5,14,39960,43636.36363636363,1.0920010920010919,385,385,0.15230011194944382,438.38909912109375,,
SIFT_sf1,single,B1,0.05,0.5,15,39683,54025.97402597402,1.3614387527650134,385,385,0.15414133667945862,438.0570068359375,,
SIFT_sf1,single,B1,0.05,0.5,16,39716,33246.753246753244,1.1945828125000002,385,385,0.15103816986083984,544.0863037109375,,
SIFT_sf1,single,B1,0.05,0.5,17,39743,45714.28571428571,1.1502474829350002,385,385,0.14780275523662567,436.202880859375,,
SIFT_sf1,single,B1,0.05,0.5,18,40091,41558.441558441555,1.036602767664602,385,385,0.15362631529569626,473.0665283203125,,
SIFT_sf1,single,B1,0.05,0.5,19,39478,47792.20779220779,1.2106035714121228,385,385,0.15203282237052917,528.6405639648438,,
SIFT_sf1,single,B1,0.05,0.5,20,39918,54025.97402597402,1.3534238695819936,385,385,0.15160348266363144,455.00872802734375,,
SIFT_sf1,single,B1,0.05,0.5,21,39594,45714.28571428571,1.1545760901723925,385,385,0.1474078744649887,478.2403869628906,,
SIFT_sf1,single,B1,0.05,0.5,22,39798,37402.5974025974,1.0640437500000002,385,385,0.15164073556661606,455.21588134765625,,
SIFT_sf1,single,B1,0.05,0.5,23,40496,41558.441558441555,1.0262357160816267,385,385,0.15053153038024902,473.1828308105469,,
SIFT_sf1,single,B1,0.05,0.5,24,40566,33246.753246753244,1.22014921875,385,385,0.15176553279161453,442.6846618652344,,
SIFT_sf1,single,B1,0.05,0.5,25,39621,24935.064935064933,1.5889671875000002,385,385,0.1470763236284256,458.6651916503906,,
SIFT_sf1,single,B1,0.05,0.5,26,39405,43636.36363636363,1.1073813890715298,385,385,0.15089567750692368,494.2435607910156,,
SIFT_sf1,single,B1,0.05,0.5,27,40020,49870.129870129866,1.2461301816624155,385,385,0.1512393355369568,457.0732421875,,
SIFT_sf1,single,B1,0.05,0.5,28,40308,43636.36363636363,1.082573276678665,385,385,0.1508789137005806,460.73724365234375,,
SIFT_sf1,single,B1,0.05,0.5,29,40226,35324.67532467532,1.1387507352941177,385,385,0.14792755246162415,452.0384521484375,,
SIFT_sf1,single,B1,0.05,0.5,30,40100,39480.51948051948,1.0156907894736844,385,385,0.15134736895561218,434.8562927246094,,
SIFT_sf1,single,B1,0.05,0.5,31,39751,31168.831168831166,1.2753445833333334,385,385,0.14914944767951965,474.34539794921875,,
SIFT_sf1,single,B1,0.05,0.5,32,39862,33246.753246753244,1.19897421875,385,385,0.15162304043769836,449.1213684082031,,
SIFT_sf1,single,B1,0.05,0.5,33,39949,62337.66233766233,1.5604311081043913,385,385,0.15165656805038452,547.02734375,,
SIFT_sf1,single,B1,0.05,0.5,34,40033,29090.90909090909,1.3761343750000001,385,385,0.15290360897779465,527.6604614257812,,
SIFT_sf1,single,B1,0.05,0.5,35,40048,41558.441558441555,1.0377157800250087,385,385,0.15291012823581696,549.7752685546875,,
SIFT_sf1,single,B1,0.05,0.5,36,39879,45714.28571428571,1.1463247753024326,385,385,0.1531532034277916,480.9826354980469,,
SIFT_sf1,single,B1,0.05,0.5,37,39749,51948.05194805194,1.3069021094380222,385,385,0.14933664351701736,512.1773681640625,,
SIFT_sf1,single,B1,0.05,0.5,38,39837,54025.97402597402,1.3561757668994658,385,385,0.15615765005350113,429.051025390625,,
SIFT_sf1,single,B1,0.05,0.5,39,40247,41558.441558441555,1.0325848276502982,385,385,0.15450455248355865,451.275634765625,,
SIFT_sf1,single,B1,0.05,0.5,40,39839,35324.67532467532,1.1277952205882353,385,385,0.15319045633077621,517.8139038085938,,
SIFT_sf1,single,B1,0.05,0.5,41,39233,35324.67532467532,1.110640073529412,385,385,0.14946982264518738,541.1014404296875,,
SIFT_sf1,single,B1,0.05,0.5,42,39380,29090.90909090909,1.3536875000000002,385,385,0.1511070877313614,541.4248046875,,
SIFT_sf1,single,B1,0.05,0.5,43,39794,22857.142857142855,1.7409875000000001,385,385,0.15159882605075836,482.6705322265625,,
SIFT_sf1,single,B1,0.05,0.5,44,39891,37402.5974025974,1.0665302083333335,385,385,0.15195365995168686,519.594970703125,,
SIFT_sf1,single,B1,0.05,0.5,45,39993,41558.441558441555,1.0391428889666081,385,385,0.15303399413824081,501.80657958984375,,
SIFT_sf1,single,B1,0.05,0.5,46,39435,37402.5974025974,1.0543385416666669,385,385,0.15143025666475296,549.9127197265625,,
SIFT_sf1,single,B1,0.05,0.5,47,39536,33246.753246753244,1.18916875,385,385,0.14963094145059586,521.9921264648438,,
SIFT_sf1,single,B1,0.05,0.5,48,39993,27012.98701298701,1.4805100961538462,385,385,0.15070755034685135,442.793212890625,,
SIFT_sf1,single,B1,0.05,0.5,49,39775,37402.5974025974,1.0634288194444446,385,385,0.14719832688570023,420.0697937011719,,
SIFT_sf1,single,B1,0.05,0.5,50,39929,33420.36553524804,1.194750546875,383,383,0.15955325216054916,437.9051208496094,,
SIFT_sf1,single,B1,0.05,0.5,51,39827,48041.77545691906,1.2062614672689145,383,383,0.1579495146870613,590.0988159179688,,
SIFT_sf1,single,B1,0.05,0.5,52,39578,37597.91122715405,1.052664861111111,383,383,0.15518814325332642,444.2835693359375,,
SIFT_sf1,single,B1,0.05,0.5,53,39766,37597.91122715405,1.0576651388888887,383,383,0.15471689403057098,460.68829345703125,,
SIFT_sf1,single,B1,0.05,0.5,54,40422,45953.002610966054,1.1368314930227612,383,383,0.1515522599220276,459.1523132324219,,
SIFT_sf1,single,B1,0.05,0.5,55,39935,27154.046997389036,1.470683173076923,383,383,0.15468522906303406,486.6722717285156,,
SIFT_sf1,single,B1,0.05,0.5,56,39271,41775.45691906005,1.063773698634108,383,383,0.15320256352424622,533.542724609375,,
SIFT_sf1,single,B1,0.05,0.5,57,40028,50130.54830287206,1.2523870366461494,383,383,0.15326030552387238,469.5731506347656,,
SIFT_sf1,single,B1,0.05,0.5,58,39998,37597.91122715405,1.0638356944444443,383,383,0.1536766067147255,450.3941345214844,,
SIFT_sf1,single,B1,0.05,0.5,59,40119,29242.819843342037,1.371926517857143,383,383,0.15368685126304626,477.2796936035156,,
SIFT_sf1,single,B1,0.05,0.5,60,39999,48041.77545691906,1.2010744132833084,383,383,0.15218090265989304,462.1730651855469,,
SIFT_sf1,single,B1,0.05,0.5,61,40010,41775.45691906005,1.0441253916285942,383,383,0.151757150888443,454.400634765625,,
SIFT_sf1,single,B1,0.05,0.5,62,39736,50130.54830287206,1.2615902029110142,383,383,0.14812126755714417,535.2996215820312,,
SIFT_sf1,single,B1,0.05,0.5,63,39531,35509.138381201046,1.1132627205882353,383,383,0.15166401863098145,400.1210632324219,,
SIFT_sf1,single,B1,0.05,0.5,64,40195,39686.68407310705,1.0128082236842106,383,383,0.15631690621376038,476.6529235839844,,
SIFT_sf1,single,B1,0.05,0.5,65,39968,35509.138381201046,1.125569411764706,383,383,0.15320256352424622,452.12255859375,,
SIFT_sf1,single,B1,0.05,0.5,66,40706,29242.819843342037,1.3919998214285714,383,383,0.1492071896791458,450.5185852050781,,
SIFT_sf1,single,B1,0.05,0.5,67,39906,41775.45691906005,1.04684651228036,383,383,0.1537064090371132,423.4145812988281,,
SIFT_sf1,single,B1,0.05,0.5,68,39693,41775.45691906005,1.0524640848275528,383,383,0.15227403491735458,445.211181640625,,
SIFT_sf1,single,B1,0.05,0.5,69,39752,37597.91122715405,1.0572927777777776,383,383,0.15559233725070953,479.9535827636719,,
SIFT_sf1,single,B1,0.05,0.5,70,39384,43864.22976501306,1.1137576113399619,383,383,0.14944374561309814,565.3590087890625,,
SIFT_sf1,single,B1,0.05,0.5,71,39477,33420.36553524804,1.181225859375,383,383,0.15305541455745697,481.1347961425781,,
SIFT_sf1,single,B1,0.05,0.5,72,39637,31331.592689295037,1.2650809166666668,383,383,0.15224050730466843,435.65576171875,,
SIFT_sf1,single,B1,0.05,0.5,73,40697,45953.002610966054,1.1291496329205115,383,383,0.15528127551078796,446.92266845703125,,
SIFT_sf1,single,B1,0.05,0.5,74,40418,35509.138381201046,1.138242205882353,383,383,0.15251897275447845,453.50958251953125,,
SIFT_sf1,single,B1,0.05,0.5,75,39846,39686.68407310705,1.0040143421052632,383,383,0.15325844287872314,459.6799011230469,,
SIFT_sf1,single,B1,0.05,0.5,76,39881,37597.91122715405,1.0607238194444444,383,383,0.15359744429588318,508.85845947265625,,
SIFT_sf1,single,B1,0.05,0.5,77,39123,37597.91122715405,1.0405631249999998,383,383,0.1528821885585785,480.29248046875,,
SIFT_sf1,single,B1,0.05,0.5,78,39839,48041.77545691906,1.2058981263816626,383,383,0.15268847346305847,427.94964599609375,,
SIFT_sf1,single,B1,0.05,0.5,79,39636,52219.32114882507,1.3174720241403035,383,383,0.1521427184343338,551.5704345703125,,
SIFT_sf1,single,B1,0.05,0.5,80,39918,75195.8224543081,1.8837572637483868,383,383,0.1531839370727539,571.3265380859375,,
SIFT_sf1,single,B1,0.05,0.5,81,39942,37597.91122715405,1.0623462499999998,383,383,0.1538461074233055,444.9190368652344,,
SIFT_sf1,single,B1,0.05,0.5,82,40060,41775.45691906005,1.0428221896919634,383,383,0.15127193182706833,429.524169921875,,
SIFT_sf1,single,B1,0.05,0.5,83,40013,39686.68407310705,1.008222302631579,383,383,0.15540700405836105,464.3593444824219,,
SIFT_sf1,single,B1,0.05,0.5,84,39626,39686.68407310705,1.0015314206103834,383,383,0.15247706323862076,562.3355102539062,,
SIFT_sf1,single,B1,0.05,0.5,85,40508,31331.592689295037,1.2928803333333334,383,383,0.15236157923936844,512.0028686523438,,
SIFT_sf1,single,B1,0.05,0.5,86,40041,48041.77545691906,1.1998145764820822,383,383,0.15268195420503616,455.4874267578125,,
SIFT_sf1,single,B1,0.05,0.5,87,39831,41775.45691906005,1.0488176776646343,383,383,0.15324540436267853,517.3988647460938,,
SIFT_sf1,single,B1,0.05,0.5,88,40090,39686.68407310705,1.0101625,383,383,0.15061534941196442,454.02410888671875,,
SIFT_sf1,single,B1,0.05,0.5,89,39677,41775.45691906005,1.0528884975945776,383,383,0.15184283256530762,435.55340576171875,,
SIFT_sf1,single,B1,0.05,0.5,90,39702,35509.138381201046,1.1180783823529412,383,383,0.15378184616565704,493.23175048828125,,
SIFT_sf1,single,B1,0.05,0.5,91,40080,43864.22976501306,1.094416910304717,383,383,0.15345122665166855,411.08251953125,,
SIFT_sf1,single,B1,0.05,0.5,92,40067,50130.54830287206,1.251168001169842,383,383,0.14919601380825043,463.50048828125,,
SIFT_sf1,single,B1,0.05,0.5,93,39659,25065.27415143603,1.5822288541666667,383,383,0.15372224152088165,428.488037109375,,
SIFT_sf1,single,B1,0.05,0.5,94,39619,20887.728459530026,1.896759625,383,383,0.15273690223693848,461.56353759765625,,
SIFT_sf1,single,B1,0.05,0.5,95,40138,39686.68407310705,1.0113719736842106,383,383,0.15240907669067383,376.8366394042969,,
SIFT_sf1,single,B1,0.05,0.5,96,39708,48041.77545691906,1.2098764847617371,383,383,0.14887191355228424,536.734375,,
SIFT_sf1,single,B1,0.05,0.5,97,40304,35509.138381201046,1.1350317647058823,383,383,0.15370268374681473,467.4385986328125,,
SIFT_sf1,single,B1,0.05,0.5,98,39203,52219.32114882507,1.3320235989292928,383,383,0.15222281217575073,540.2174072265625,,
SIFT_sf1,single,B1,0.05,0.5,99,39959,41775.45691906005,1.0454580174443817,383,383,0.15328824520111084,513.74267578125,,
SIFT_sf1,single,B1,0.1,0.1,0,79756,76883.11688311688,1.037366891891892,385,385,0.2542305737733841,589.6982421875,,
SIFT_sf1,single,B1,0.1,0.1,1,80104,91428.57142857142,1.1413733574924025,385,385,0.1675570383667946,503.22967529296875,,
SIFT_sf1,single,B1,0.1,0.1,2,80801,85194.80519480519,1.0543781041670919,385,385,0.1555001363158226,475.32696533203125,,
SIFT_sf1,single,B1,0.1,0.1,3,79812,76883.11688311688,1.0380952702702704,385,385,0.15329476445913315,509.95343017578125,,
SIFT_sf1,single,B1,0.1,0.1,4,80071,66493.50649350649,1.2041927734375002,385,385,0.1493394374847412,460.7991943359375,,
SIFT_sf1,single,B1,0.1,0.1,5,79945,108051.94805194804,1.3515785609099762,385,385,0.15034712851047516,473.2440185546875,,
SIFT_sf1,single,B1,0.1,0.1,6,79258,76883.11688311688,1.030889527027027,385,385,0.14780182391405106,541.1150512695312,,
SIFT_sf1,single,B1,0.1,0.1,7,79508,85194.80519480519,1.0715249433365848,385,385,0.1469496637582779,548.785400390625,,
SIFT_sf1,single,B1,0.1,0.1,8,79711,74805.1948051948,1.0655810763888889,385,385,0.14631077647209167,545.5409545898438,,
SIFT_sf1,single,B1,0.1,0.1,9,80307,64415.58441558441,1.2467014112903227,385,385,0.14734454452991486,569.2001342773438,,
SIFT_sf1,single,B1,0.1,0.1,10,79807,72727.27272727272,1.0973462500000002,385,385,0.14625675976276398,560.8642578125,,
SIFT_sf1,single,B1,0.1,0.1,11,79519,60259.740259740254,1.3196040948275862,385,385,0.14840252697467804,442.7492370605469,,
SIFT_sf1,single,B1,0.1,0.1,12,79499,66493.50649350649,1.1955904296875002,385,385,0.14727003872394562,457.50518798828125,,
SIFT_sf1,single,B1,0.1,0.1,13,79567,74805.1948051948,1.063656076388889,385,385,0.1464933156967163,511.1280822753906,,
SIFT_sf1,single,B1,0.1,0.1,14,79739,89350.64935064934,1.1205388749626826,385,385,0.14693103730678558,463.6728210449219,,
SIFT_sf1,single,B1,0.1,0.1,15,79685,64415.58441558441,1.2370453629032259,385,385,0.1459568738937378,473.5240173339844,,
SIFT_sf1,single,B1,0.1,0.1,16,79358,78961.03896103895,1.005027302631579,385,385,0.14577433466911316,573.5100708007812,,
SIFT_sf1,single,B1,0.1,0.1,17,79264,83116.88311688311,1.0486082347204673,385,385,0.1455666497349739,456.4208679199219,,
SIFT_sf1,single,B1,0.1,0.1,18,79748,81038.96103896103,1.0161880052034036,385,385,0.14562811702489853,507.7024841308594,,
SIFT_sf1,single,B1,0.1,0.1,19,79069,95584.41558441558,1.2088734596923645,385,385,0.1465175300836563,559.615966796875,,
SIFT_sf1,single,B1,0.1,0.1,20,80541,76883.11688311688,1.0475771959459461,385,385,0.1447303220629692,479.8453674316406,,
SIFT_sf1,single,B1,0.1,0.1,21,79825,93506.4935064935,1.1713935923143564,385,385,0.1465892419219017,509.6654968261719,,
SIFT_sf1,single,B1,0.1,0.1,22,80102,70649.35064935064,1.1337966911764708,385,385,0.1456746831536293,482.637451171875,,
SIFT_sf1,single,B1,0.1,0.1,23,80695,78961.03896103895,1.0219597039473685,385,385,0.1452118158340454,498.1755676269531,,
SIFT_sf1,single,B1,0.1,0.1,24,80137,81038.96103896103,1.0112552383912679,385,385,0.14580227434635162,471.53887939453125,,
SIFT_sf1,single,B1,0.1,0.1,25,79861,89350.64935064934,1.1188270789327626,385,385,0.14718901365995407,486.787109375,,
SIFT_sf1,single,B1,0.1,0.1,26,79453,85194.80519480519,1.0722666884171168,385,385,0.15236623585224152,517.0347290039062,,
SIFT_sf1,single,B1,0.1,0.1,27,80297,85194.80519480519,1.0609961168512545,385,385,0.1468304544687271,478.86614990234375,,
SIFT_sf1,single,B1,0.1,0.1,28,80053,64415.58441558441,1.2427582661290324,385,385,0.1457473263144493,489.83343505859375,,
SIFT_sf1,single,B1,0.1,0.1,29,79797,85194.80519480519,1.0676442121233278,385,385,0.14592893421649933,492.4485778808594,,
SIFT_sf1,single,B1,0.1,0.1,30,79816,66493.50649350649,1.2003578125,385,385,0.14635641127824783,457.7353820800781,,
SIFT_sf1,single,B1,0.1,0.1,31,79837,76883.11688311688,1.0384204391891894,385,385,0.14696922153234482,495.13604736328125,,
SIFT_sf1,single,B1,0.1,0.1,32,80068,64415.58441558441,1.2429911290322582,385,385,0.14556758105754852,471.9797668457031,,
SIFT_sf1,single,B1,0.1,0.1,33,79638,74805.1948051948,1.0646052083333335,385,385,0.14657434076070786,569.7330322265625,,
SIFT_sf1,single,B1,0.1,0.1,34,79644,76883.11688311688,1.0359101351351352,385,385,0.14696549624204636,561.3222045898438,,
SIFT_sf1,single,B1,0.1,0.1,35,79912,81038.96103896103,1.0141025257653549,385,385,0.14671776443719864,572.371337890625,,
SIFT_sf1,single,B1,0.1,0.1,36,79467,93506.4935064935,1.1766707376205658,385,385,0.14465581625699997,517.588623046875,,
SIFT_sf1,single,B1,0.1,0.1,37,79180,83116.88311688311,1.0497206758889002,385,385,0.1465464010834694,540.8750610351562,,
SIFT_sf1,single,B1,0.1,0.1,38,79667,101818.18181818181,1.2780471439640229,385,385,0.1466004177927971,469.46246337890625,,
SIFT_sf1,single,B1,0.1,0.1,39,80938,83116.88311688311,1.026920397302665,385,385,0.14748983085155487,476.48284912109375,,
SIFT_sf1,single,B1,0.1,0.1,40,79434,81038.96103896103,1.0202049631009522,385,385,0.1469077542424202,546.1693115234375,,
SIFT_sf1,single,B1,0.1,0.1,41,79311,66493.50649350649,1.1927630859375,385,385,0.14617666602134705,563.9614868164062,,
SIFT_sf1,single,B1,0.1,0.1,42,79653,91428.57142857142,1.147835880990941,385,385,0.1477319747209549,560.2719116210938,,
SIFT_sf1,single,B1,0.1,0.1,43,79341,85194.80519480519,1.0737803304067908,385,385,0.14552008360624313,518.4829711914062,,
SIFT_sf1,single,B1,0.1,0.1,44,80045,62337.66233766233,1.2840552083333334,385,385,0.1508677378296852,552.536865234375,,
SIFT_sf1,single,B1,0.1,0.1,45,79789,87272.72727272726,1.0937939725115902,385,385,0.14916900545358658,535.464111328125,,
SIFT_sf1,single,B1,0.1,0.1,46,79368,76883.11688311688,1.0323202702702703,385,385,0.14686957001686096,569.58056640625,,
SIFT_sf1,single,B1,0.1,0.1,47,79853,83116.88311688311,1.0408736442824078,385,385,0.14638248831033707,540.5497436523438,,
SIFT_sf1,single,B1,0.1,0.1,48,80399,74805.1948051948,1.0747782986111112,385,385,0.14669634401798248,468.4602355957031,,
SIFT_sf1,single,B1,0.1,0.1,49,79939,93506.4935064935,1.1697230826817135,385,385,0.14512985944747925,459.9261779785156,,
SIFT_sf1,single,B1,0.1,0.1,50,79744,93994.77806788511,1.1787065869267295,383,383,0.16090646386146545,462.201904296875,,
SIFT_sf1,single,B1,0.1,0.1,51,79262,79373.3681462141,1.0014050635388219,383,383,0.15682540833950043,617.2454833984375,,
SIFT_sf1,single,B1,0.1,0.1,52,79840,79373.3681462141,1.005878947368421,383,383,0.1532863825559616,471.267333984375,,
SIFT_sf1,single,B1,0.1,0.1,53,79626,87728.45953002611,1.1017564555550463,383,383,0.14789961278438568,487.7037048339844,,
SIFT_sf1,single,B1,0.1,0.1,54,80120,87728.45953002611,1.0949632991765617,383,383,0.14830008149147034,485.24212646484375,,
SIFT_sf1,single,B1,0.1,0.1,55,80135,75195.8224543081,1.0656842013888888,383,383,0.1475512981414795,512.8555297851562,,
SIFT_sf1,single,B1,0.1,0.1,56,79086,77284.59530026109,1.0233087162162162,383,383,0.14601368457078934,561.8590698242188,,
SIFT_sf1,single,B1,0.1,0.1,57,80620,66840.73107049608,1.20615078125,383,383,0.1469617709517479,492.95123291015625,,
SIFT_sf1,single,B1,0.1,0.1,58,79983,87728.45953002611,1.0968388223750811,383,383,0.1466674730181694,471.39984130859375,,
SIFT_sf1,single,B1,0.1,0.1,59,79831,71018.27676240209,1.124090919117647,383,383,0.14807749539613724,509.83135986328125,,
SIFT_sf1,single,B1,0.1,0.1,60,80134,77284.59530026109,1.0368689864864866,383,383,0.14585908502340317,493.9560852050781,,
SIFT_sf1,single,B1,0.1,0.1,61,79695,73107.0496083551,1.09011375,383,383,0.1463005319237709,477.2000732421875,,
SIFT_sf1,single,B1,0.1,0.1,62,79727,89817.23237597912,1.1265597899830562,383,383,0.1451997086405754,560.3998413085938,,
SIFT_sf1,single,B1,0.1,0.1,63,79569,71018.27676240209,1.1204017279411764,383,383,0.14644302427768707,439.78277587890625,,
SIFT_sf1,single,B1,0.1,0.1,64,79885,71018.27676240209,1.1248512867647058,383,383,0.14678016304969788,501.854248046875,,
SIFT_sf1,single,B1,0.1,0.1,65,80099,79373.3681462141,1.0091420065789474,383,383,0.15033408999443054,479.7792053222656,,
SIFT_sf1,single,B1,0.1,0.1,66,81221,75195.8224543081,1.0801264930555554,383,383,0.15066377818584442,472.0030822753906,,
SIFT_sf1,single,B1,0.1,0.1,67,79636,79373.3681462141,1.0033088157894736,383,383,0.15052035450935364,466.11370849609375,,
SIFT_sf1,single,B1,0.1,0.1,68,80238,112793.73368146214,1.4057395957210068,383,383,0.1460900530219078,472.1678771972656,,
SIFT_sf1,single,B1,0.1,0.1,69,79835,68929.50391644909,1.1582123106060607,383,383,0.15071406960487366,510.21728515625,,
SIFT_sf1,single,B1,0.1,0.1,70,79589,73107.0496083551,1.0886638214285713,383,383,0.15112292021512985,581.5230102539062,,
SIFT_sf1,single,B1,0.1,0.1,71,79302,127415.14360313315,1.60670782077543,383,383,0.1496756449341774,512.6275634765625,,
SIFT_sf1,single,B1,0.1,0.1,72,80079,79373.3681462141,1.0088900328947368,383,383,0.1480989158153534,464.4996337890625,,
SIFT_sf1,single,B1,0.1,0.1,73,80887,79373.3681462141,1.019069769736842,383,383,0.151192769408226,472.0770263671875,,
SIFT_sf1,single,B1,0.1,0.1,74,80399,102349.86945169713,1.2730241601474785,383,383,0.15225354582071304,477.7756652832031,,
SIFT_sf1,single,B1,0.1,0.1,75,80710,73107.0496083551,1.1039975,383,383,0.1502539962530136,485.0555725097656,,
SIFT_sf1,single,B1,0.1,0.1,76,79368,75195.8224543081,1.0554841666666666,383,383,0.14816131442785263,546.4647827148438,,
SIFT_sf1,single,B1,0.1,0.1,77,79066,87728.45953002611,1.1095598554375599,383,383,0.15457160770893097,506.3990478515625,,
SIFT_sf1,single,B1,0.1,0.1,78,80042,52219.32114882507,1.5328043,383,383,0.15107449144124985,455.199951171875,,
SIFT_sf1,single,B1,0.1,0.1,79,79336,77284.59530026109,1.0265435135135137,383,383,0.1495741307735443,572.6621704101562,,
SIFT_sf1,single,B1,0.1,0.1,80,80315,85639.68668407311,1.0662975369989804,383,383,0.14721136540174484,592.2861938476562,,
SIFT_sf1,single,B1,0.1,0.1,81,79724,62663.185378590075,1.2722621666666667,383,383,0.14898180961608887,471.7291564941406,,
SIFT_sf1,single,B1,0.1,0.1,82,79616,64751.95822454308,1.2295535483870967,383,383,0.1491587609052658,458.60418701171875,,
SIFT_sf1,single,B1,0.1,0.1,83,79864,81462.1409921671,1.0200107807293286,383,383,0.14838390052318573,491.66748046875,,
SIFT_sf1,single,B1,0.1,0.1,84,79725,81462.1409921671,1.0217891626486937,383,383,0.14762487262487411,593.1434326171875,,
SIFT_sf1,single,B1,0.1,0.1,85,79961,100261.09660574413,1.2538749716204665,383,383,0.14826375991106033,542.0216064453125,,
SIFT_sf1,single,B1,0.1,0.1,86,80230,66840.73107049608,1.200316015625,383,383,0.15034805983304977,476.6009826660156,,
SIFT_sf1,single,B1,0.1,0.1,87,80042,91906.00522193211,1.1482222485936397,383,383,0.15122350305318832,544.3389892578125,,
SIFT_sf1,single,B1,0.1,0.1,88,80421,77284.59530026109,1.040582533783784,383,383,0.14626886695623398,476.7703857421875,,
SIFT_sf1,single,B1,0.1,0.1,89,80321,56396.86684073107,1.4242103240740742,383,383,0.15077833086252213,458.0709533691406,,
SIFT_sf1,single,B1,0.1,0.1,90,79263,77284.59530026109,1.0255989527027027,383,383,0.14907028526067734,527.5916137695312,,
SIFT_sf1,single,B1,0.1,0.1,91,80221,87728.45953002611,1.0935847163464194,383,383,0.15199556946754456,430.4623107910156,,
SIFT_sf1,single,B1,0.1,0.1,92,80102,64751.95822454308,1.2370591129032258,383,383,0.14718901365995407,489.8703918457031,,
SIFT_sf1,single,B1,0.1,0.1,93,79648,91906.00522193211,1.1539022351086292,383,383,0.15150941908359528,451.711181640625,,
SIFT_sf1,single,B1,0.1,0.1,94,79301,73107.0496083551,1.0847243928571428,383,383,0.1492118462920189,491.1730041503906,,
SIFT_sf1,single,B1,0.1,0.1,95,80123,93994.77806788511,1.173131036879362,383,383,0.15164446085691452,401.0884094238281,,
SIFT_sf1,single,B1,0.1,0.1,96,79900,83550.9138381201,1.045693539901378,383,383,0.1476537436246872,562.1779174804688,,
SIFT_sf1,single,B1,0.1,0.1,97,80478,79373.3681462141,1.013916907894737,383,383,0.15310663729906082,495.0028076171875,,
SIFT_sf1,single,B1,0.1,0.1,98,78957,87728.45953002611,1.1110916008716911,383,383,0.15617813915014267,569.3079223632812,,
SIFT_sf1,single,B1,0.1,0.1,99,79564,54308.09399477807,1.4650486538461538,383,383,0.15096832066774368,548.975341796875,,
SIFT_sf1,single,B1,0.1,0.2,0,79756,70649.35064935064,1.1288992647058824,385,385,0.19979942589998245,589.6982421875,,
SIFT_sf1,single,B1,0.1,0.2,1,80104,95584.41558441558,1.1932539646511482,385,385,0.16812141984701157,503.22967529296875,,
SIFT_sf1,single,B1,0.1,0.2,2,80801,70649.35064935064,1.143690625,385,385,0.1620221883058548,475.32696533203125,,
SIFT_sf1,single,B1,0.1,0.2,3,79812,78961.03896103895,1.0107769736842107,385,385,0.1602349802851677,509.95343017578125,,
SIFT_sf1,single,B1,0.1,0.2,4,80071,78961.03896103895,1.0140570723684212,385,385,0.15764404088258743,460.7991943359375,,
SIFT_sf1,single,B1,0.1,0.2,5,79945,62337.66233766233,1.2824510416666668,385,385,0.1547727733850479,473.2440185546875,,
SIFT_sf1,single,B1,0.1,0.2,6,79258,76883.11688311688,1.030889527027027,385,385,0.1530693843960762,541.1150512695312,,
SIFT_sf1,single,B1,0.1,0.2,7,79508,83116.88311688311,1.0453901886210584,385,385,0.151926651597023,548.785400390625,,
SIFT_sf1,single,B1,0.1,0.2,8,79711,74805.1948051948,1.0655810763888889,385,385,0.15085004270076752,545.5409545898438,,
SIFT_sf1,single,B1,0.1,0.2,9,80307,91428.57142857142,1.1384881944110903,385,385,0.15037879347801208,569.2001342773438,,
SIFT_sf1,single,B1,0.1,0.2,10,79807,85194.80519480519,1.0675104338567443,385,385,0.15109963715076447,560.8642578125,,
SIFT_sf1,single,B1,0.1,0.2,11,79519,91428.57142857142,1.149770135798632,385,385,0.14916528016328812,442.7492370605469,,
SIFT_sf1,single,B1,0.1,0.2,12,79499,95584.41558441558,1.2023348165941155,385,385,0.15026982873678207,457.50518798828125,,
SIFT_sf1,single,B1,0.1,0.2,13,79567,68571.42857142857,1.1603520833333334,385,385,0.14989729970693588,511.1280822753906,,
SIFT_sf1,single,B1,0.1,0.2,14,79739,95584.41558441558,1.1987160057740325,385,385,0.15048496425151825,463.6728210449219,,
SIFT_sf1,single,B1,0.1,0.2,15,79685,89350.64935064934,1.1212982286584594,385,385,0.15088263899087906,473.5240173339844,,
SIFT_sf1,single,B1,0.1,0.2,16,79358,62337.66233766233,1.2730345833333334,385,385,0.15127379447221756,573.5100708007812,,
SIFT_sf1,single,B1,0.1,0.2,17,79264,62337.66233766233,1.2715266666666667,385,385,0.14941580593585968,456.4208679199219,,
SIFT_sf1,single,B1,0.1,0.2,18,79748,85194.80519480519,1.06830021059845,385,385,0.14938879758119583,507.7024841308594,,
SIFT_sf1,single,B1,0.1,0.2,19,79069,89350.64935064934,1.130033886234167,385,385,0.15079043805599213,559.615966796875,,
SIFT_sf1,single,B1,0.1,0.2,20,80541,72727.27272727272,1.10743875,385,385,0.15033595263957977,479.8453674316406,,
SIFT_sf1,single,B1,0.1,0.2,21,79825,68571.42857142857,1.1641145833333335,385,385,0.15018228441476822,509.6654968261719,,
SIFT_sf1,single,B1,0.1,0.2,22,80102,74805.1948051948,1.0708079861111113,385,385,0.15016738325357437,482.637451171875,,
SIFT_sf1,single,B1,0.1,0.2,23,80695,83116.88311688311,1.030012802737259,385,385,0.15201419591903687,498.1755676269531,,
SIFT_sf1,single,B1,0.1,0.2,24,80137,91428.57142857142,1.140903345877328,385,385,0.15047192573547363,471.53887939453125,,
SIFT_sf1,single,B1,0.1,0.2,25,79861,91428.57142857142,1.1448463133265476,385,385,0.153418630361557,486.787109375,,
SIFT_sf1,single,B1,0.1,0.2,26,79453,66493.50649350649,1.1948986328125002,385,385,0.15033036470413208,517.0347290039062,,
SIFT_sf1,single,B1,0.1,0.2,27,80297,74805.1948051948,1.0734147569444445,385,385,0.15021208673715591,478.86614990234375,,
SIFT_sf1,single,B1,0.1,0.2,28,80053,70649.35064935064,1.133103125,385,385,0.14697853475809097,489.83343505859375,,
SIFT_sf1,single,B1,0.1,0.2,29,79797,60259.740259740254,1.324217456896552,385,385,0.14657806605100632,492.4485778808594,,
SIFT_sf1,single,B1,0.1,0.2,30,79816,81038.96103896103,1.0153222541716076,385,385,0.1473529264330864,457.7353820800781,,
SIFT_sf1,single,B1,0.1,0.2,31,79837,97662.33766233765,1.2232716367390766,385,385,0.1456867903470993,495.13604736328125,,
SIFT_sf1,single,B1,0.1,0.2,32,80068,56103.8961038961,1.427137962962963,385,385,0.14973431825637817,471.9797668457031,,
SIFT_sf1,single,B1,0.1,0.2,33,79638,72727.27272727272,1.0950225,385,385,0.14880672097206116,569.7330322265625,,
SIFT_sf1,single,B1,0.1,0.2,34,79644,72727.27272727272,1.095105,385,385,0.14847703278064728,561.3222045898438,,
SIFT_sf1,single,B1,0.1,0.2,35,79912,60259.740259740254,1.3261258620689655,385,385,0.1468360424041748,572.371337890625,,
SIFT_sf1,single,B1,0.1,0.2,36,79467,81038.96103896103,1.0197813059378236,385,385,0.15181489288806915,517.588623046875,,
SIFT_sf1,single,B1,0.1,0.2,37,79180,78961.03896103895,1.0027730263157895,385,385,0.14931708574295044,540.8750610351562,,
SIFT_sf1,single,B1,0.1,0.2,38,79667,87272.72727272726,1.095468980540591,385,385,0.14896970242261887,469.46246337890625,,
SIFT_sf1,single,B1,0.1,0.2,39,80938,74805.1948051948,1.0819836805555556,385,385,0.1480448991060257,476.48284912109375,,
SIFT_sf1,single,B1,0.1,0.2,40,79434,76883.11688311688,1.0331787162162163,385,385,0.14946423470973969,546.1693115234375,,
SIFT_sf1,single,B1,0.1,0.2,41,79311,97662.33766233765,1.2313845199573534,385,385,0.15028566122055054,563.9614868164062,,
SIFT_sf1,single,B1,0.1,0.2,42,79653,91428.57142857142,1.147835880990941,385,385,0.15441887080669403,560.2719116210938,,
SIFT_sf1,single,B1,0.1,0.2,43,79341,68571.42857142857,1.1570562500000001,385,385,0.12961030006408691,518.4829711914062,,
SIFT_sf1,single,B1,0.1,0.2,44,80045,85194.80519480519,1.0643363757237203,385,385,0.1229550689458847,552.536865234375,,
SIFT_sf1,single,B1,0.1,0.2,45,79789,81038.96103896103,1.015665831617905,385,385,0.12441445142030716,535.464111328125,,
SIFT_sf1,single,B1,0.1,0.2,46,79368,66493.50649350649,1.1936203125,385,385,0.12161023914813995,569.58056640625,,
SIFT_sf1,single,B1,0.1,0.2,47,79853,99740.25974025973,1.2490483731388893,385,385,0.12146588414907455,540.5497436523438,,
SIFT_sf1,single,B1,0.1,0.2,48,80399,78961.03896103895,1.0182110197368421,385,385,0.12348499149084091,468.4602355957031,,
SIFT_sf1,single,B1,0.1,0.2,49,79939,78961.03896103895,1.0123853618421053,385,385,0.1226896420121193,459.9261779785156,,
SIFT_sf1,single,B1,0.1,0.2,50,79744,110704.96083550913,1.3882544246025925,383,383,0.13498030602931976,462.201904296875,,
SIFT_sf1,single,B1,0.1,0.2,51,79262,89817.23237597912,1.133168887688667,383,383,0.12768618762493134,617.2454833984375,,
SIFT_sf1,single,B1,0.1,0.2,52,79840,50130.54830287206,1.5926416666666667,383,383,0.1354701817035675,471.267333984375,,
SIFT_sf1,single,B1,0.1,0.2,53,79626,75195.8224543081,1.0589152083333333,383,383,0.12626126408576965,487.7037048339844,,
SIFT_sf1,single,B1,0.1,0.2,54,80120,85639.68668407311,1.0688927444342624,383,383,0.124417245388031,485.24212646484375,,
SIFT_sf1,single,B1,0.1,0.2,55,80135,56396.86684073107,1.4209122685185185,383,383,0.12441538274288177,512.8555297851562,,
SIFT_sf1,single,B1,0.1,0.2,56,79086,64751.95822454308,1.2213684677419354,383,383,0.12108217924833298,561.8590698242188,,
SIFT_sf1,single,B1,0.1,0.2,57,80620,68929.50391644909,1.1696007575757574,383,383,0.12654904276132584,492.95123291015625,,
SIFT_sf1,single,B1,0.1,0.2,58,79983,83550.9138381201,1.044608402261982,383,383,0.12463890016078949,471.39984130859375,,
SIFT_sf1,single,B1,0.1,0.2,59,79831,89817.23237597912,1.1250921618917353,383,383,0.12421607971191406,509.83135986328125,,
SIFT_sf1,single,B1,0.1,0.2,60,80134,75195.8224543081,1.0656709027777778,383,383,0.12271199375391006,493.9560852050781,,
SIFT_sf1,single,B1,0.1,0.2,61,79695,96083.55091383812,1.2056408923249653,383,383,0.12376904487609863,477.2000732421875,,
SIFT_sf1,single,B1,0.1,0.2,62,79727,79373.3681462141,1.0044552960526316,383,383,0.12498535215854645,560.3998413085938,,
SIFT_sf1,single,B1,0.1,0.2,63,79569,77284.59530026109,1.0295583445945946,383,383,0.12854207307100296,439.78277587890625,,
SIFT_sf1,single,B1,0.1,0.2,64,79885,81462.1409921671,1.0197426424506115,383,383,0.1218477264046669,501.854248046875,,
SIFT_sf1,single,B1,0.1,0.2,65,80099,91906.00522193211,1.1474051513992947,383,383,0.12266077101230621,479.7792053222656,,
SIFT_sf1,single,B1,0.1,0.2,66,81221,85639.68668407311,1.0544032538884416,383,383,0.12397486716508865,472.0030822753906,,
SIFT_sf1,single,B1,0.1,0.2,67,79636,68929.50391644909,1.155325303030303,383,383,0.12414716184139252,466.11370849609375,,
SIFT_sf1,single,B1,0.1,0.2,68,80238,66840.73107049608,1.200435703125,383,383,0.12229848653078079,472.1678771972656,,
SIFT_sf1,single,B1,0.1,0.2,69,79835,96083.55091383812,1.2035266601595556,383,383,0.1240260899066925,510.21728515625,,
SIFT_sf1,single,B1,0.1,0.2,70,79589,81462.1409921671,1.0235351743603651,383,383,0.13028457760810852,581.5230102539062,,
SIFT_sf1,single,B1,0.1,0.2,71,79302,73107.0496083551,1.0847380714285713,383,383,0.1241099089384079,512.6275634765625,,
SIFT_sf1,single,B1,0.1,0.2,72,80079,93994.77806788511,1.1737756224214226,383,383,0.12260489165782928,464.4996337890625,,
SIFT_sf1,single,B1,0.1,0.2,73,80887,96083.55091383812,1.1878738352743718,383,383,0.1244647428393364,472.0770263671875,,
SIFT_sf1,single,B1,0.1,0.2,74,80399,71018.27676240209,1.1320888602941175,383,383,0.12477114796638489,477.7756652832031,,
SIFT_sf1,single,B1,0.1,0.2,75,80710,85639.68668407311,1.0610790073605887,383,383,0.12526195496320724,485.0555725097656,,
SIFT_sf1,single,B1,0.1,0.2,76,79368,100261.09660574413,1.2632433298778365,383,383,0.12201815843582153,546.4647827148438,,
SIFT_sf1,single,B1,0.1,0.2,77,79066,100261.09660574413,1.2680684062143541,383,383,0.12323074042797089,506.3990478515625,,
SIFT_sf1,single,B1,0.1,0.2,78,80042,83550.9138381201,1.0438384078124,383,383,0.12325309216976166,455.199951171875,,
SIFT_sf1,single,B1,0.1,0.2,79,79336,71018.27676240209,1.117120882352941,383,383,0.12315064668655396,572.6621704101562,,
SIFT_sf1,single,B1,0.1,0.2,80,80315,112793.73368146214,1.404391877998657,383,383,0.12255925685167313,592.2861938476562,,
SIFT_sf1,single,B1,0.1,0.2,81,79724,77284.59530026109,1.031563918918919,383,383,0.12273713946342468,471.7291564941406,,
SIFT_sf1,single,B1,0.1,0.2,82,79616,71018.27676240209,1.1210635294117646,383,383,0.12367870658636093,458.60418701171875,,
SIFT_sf1,single,B1,0.1,0.2,83,79864,91906.00522193211,1.150781393643345,383,383,0.13262871652841568,491.66748046875,,
SIFT_sf1,single,B1,0.1,0.2,84,79725,85639.68668407311,1.0741886068870883,383,383,0.12282188981771469,593.1434326171875,,
SIFT_sf1,single,B1,0.1,0.2,85,79961,81462.1409921671,1.018773414441629,383,383,0.12443680316209793,542.0216064453125,,
SIFT_sf1,single,B1,0.1,0.2,86,80230,108616.18798955614,1.3538101457005627,383,383,0.12402050197124481,476.6009826660156,,
SIFT_sf1,single,B1,0.1,0.2,87,80042,79373.3681462141,1.0084238815789475,383,383,0.12129172682762146,544.3389892578125,,
SIFT_sf1,single,B1,0.1,0.2,88,80421,75195.8224543081,1.0694876041666666,383,383,0.12097321450710297,476.7703857421875,,
SIFT_sf1,single,B1,0.1,0.2,89,80321,89817.23237597912,1.1182285127921605,383,383,0.12185703963041306,458.0709533691406,,
SIFT_sf1,single,B1,0.1,0.2,90,79263,83550.9138381201,1.0540972943002422,383,383,0.12421421706676483,527.5916137695312,,
SIFT_sf1,single,B1,0.1,0.2,91,80221,98172.32375979112,1.2237733730543265,383,383,0.12292526662349701,430.4623107910156,,
SIFT_sf1,single,B1,0.1,0.2,92,80102,62663.185378590075,1.2782944166666668,383,383,0.12220628559589386,489.8703918457031,,
SIFT_sf1,single,B1,0.1,0.2,93,79648,96083.55091383812,1.2063523367044762,383,383,0.1221727579832077,451.711181640625,,
SIFT_sf1,single,B1,0.1,0.2,94,79301,79373.3681462141,1.0009125754557207,383,383,0.12281350791454315,491.1730041503906,,
SIFT_sf1,single,B1,0.1,0.2,95,80123,64751.95822454308,1.237383427419355,383,383,0.12181233614683151,401.0884094238281,,
SIFT_sf1,single,B1,0.1,0.2,96,79900,93994.77806788511,1.1764052323890501,383,383,0.12288149446249008,562.1779174804688,,
SIFT_sf1,single,B1,0.1,0.2,97,80478,75195.8224543081,1.0702456249999999,383,383,0.12367125600576401,495.0028076171875,,
SIFT_sf1,single,B1,0.1,0.2,98,78957,85639.68668407311,1.0846370389461746,383,383,0.12285541743040085,569.3079223632812,,
SIFT_sf1,single,B1,0.1,0.2,99,79564,81462.1409921671,1.0238567818632434,383,383,0.1230267807841301,548.975341796875,,
SIFT_sf1,single,B1,0.1,0.3,0,79756,110129.87012987012,1.3808349231389503,385,385,0.16999244689941406,589.6982421875,,
SIFT_sf1,single,B1,0.1,0.3,1,80104,87272.72727272726,1.0894927503336571,385,385,0.1369137316942215,503.22967529296875,,
SIFT_sf1,single,B1,0.1,0.3,2,80801,64415.58441558441,1.254370362903226,385,385,0.13172253966331482,475.32696533203125,,
SIFT_sf1,single,B1,0.1,0.3,3,79812,87272.72727272726,1.0934787660092125,385,385,0.13001635670661926,509.95343017578125,,
SIFT_sf1,single,B1,0.1,0.3,4,80071,87272.72727272726,1.0899417675903544,385,385,0.13068504631519318,460.7991943359375,,
SIFT_sf1,single,B1,0.1,0.3,5,79945,83116.88311688311,1.0396758160845971,385,385,0.12888293713331223,473.2440185546875,,
SIFT_sf1,single,B1,0.1,0.3,6,79258,85194.80519480519,1.074904807020177,385,385,0.12621283531188965,541.1150512695312,,
SIFT_sf1,single,B1,0.1,0.3,7,79508,81038.96103896103,1.019255433905532,385,385,0.12471061199903488,548.785400390625,,
SIFT_sf1,single,B1,0.1,0.3,8,79711,87272.72727272726,1.0948642881500328,385,385,0.12422911822795868,545.5409545898438,,
SIFT_sf1,single,B1,0.1,0.3,9,80307,74805.1948051948,1.0735484375000002,385,385,0.13420730829238892,569.2001342773438,,
SIFT_sf1,single,B1,0.1,0.3,10,79807,70649.35064935064,1.1296211397058824,385,385,0.125005841255188,560.8642578125,,
SIFT_sf1,single,B1,0.1,0.3,11,79519,78961.03896103895,1.007066282894737,385,385,0.12441258877515793,442.7492370605469,,
SIFT_sf1,single,B1,0.1,0.3,12,79499,72727.27272727272,1.0931112500000002,385,385,0.12383516877889633,457.50518798828125,,
SIFT_sf1,single,B1,0.1,0.3,13,79567,70649.35064935064,1.1262240808823532,385,385,0.12325029820203781,511.1280822753906,,
SIFT_sf1,single,B1,0.1,0.3,14,79739,74805.1948051948,1.0659553819444445,385,385,0.12127216905355453,463.6728210449219,,
SIFT_sf1,single,B1,0.1,0.3,15,79685,66493.50649350649,1.1983876953125001,385,385,0.12211129069328308,473.5240173339844,,
SIFT_sf1,single,B1,0.1,0.3,16,79358,70649.35064935064,1.1232658088235294,385,385,0.12288335710763931,573.5100708007812,,
SIFT_sf1,single,B1,0.1,0.3,17,79264,81038.96103896103,1.0223930288524554,385,385,0.12273713946342468,456.4208679199219,,
SIFT_sf1,single,B1,0.1,0.3,18,79748,74805.1948051948,1.0660756944444445,385,385,0.1240801066160202,507.7024841308594,,
SIFT_sf1,single,B1,0.1,0.3,19,79069,70649.35064935064,1.1191751838235295,385,385,0.12287311255931854,559.615966796875,,
SIFT_sf1,single,B1,0.1,0.3,20,80541,76883.11688311688,1.0475771959459461,385,385,0.12398045510053635,479.8453674316406,,
SIFT_sf1,single,B1,0.1,0.3,21,79825,81038.96103896103,1.0152077800057755,385,385,0.122876837849617,509.6654968261719,,
SIFT_sf1,single,B1,0.1,0.3,22,80102,108051.94805194804,1.3489294655807351,385,385,0.1236163079738617,482.637451171875,,
SIFT_sf1,single,B1,0.1,0.3,23,80695,91428.57142857142,1.1330140830109847,385,385,0.12143980711698532,498.1755676269531,,
SIFT_sf1,single,B1,0.1,0.3,24,80137,83116.88311688311,1.0371848598884799,385,385,0.1250961795449257,471.53887939453125,,
SIFT_sf1,single,B1,0.1,0.3,25,79861,97662.33766233765,1.2229040165079033,385,385,0.12238509953022003,486.787109375,,
SIFT_sf1,single,B1,0.1,0.3,26,79453,54025.97402597402,1.4706444711538462,385,385,0.12174248695373535,517.0347290039062,,
SIFT_sf1,single,B1,0.1,0.3,27,80297,68571.42857142857,1.1709979166666669,385,385,0.12236647307872772,478.86614990234375,,
SIFT_sf1,single,B1,0.1,0.3,28,80053,74805.1948051948,1.070152951388889,385,385,0.12247730046510696,489.83343505859375,,
SIFT_sf1,single,B1,0.1,0.3,29,79797,74805.1948051948,1.0667307291666668,385,385,0.12340117245912552,492.4485778808594,,
SIFT_sf1,single,B1,0.1,0.3,30,79816,95584.41558441558,1.1975595818434346,385,385,0.12537091970443726,457.7353820800781,,
SIFT_sf1,single,B1,0.1,0.3,31,79837,64415.58441558441,1.2394050403225807,385,385,0.12684054672718048,495.13604736328125,,
SIFT_sf1,single,B1,0.1,0.3,32,80068,70649.35064935064,1.1333154411764708,385,385,0.12300442904233932,471.9797668457031,,
SIFT_sf1,single,B1,0.1,0.3,33,79638,64415.58441558441,1.2363157258064517,385,385,0.12406241148710251,569.7330322265625,,
SIFT_sf1,single,B1,0.1,0.3,34,79644,78961.03896103895,1.0086493421052634,385,385,0.12229662388563156,561.3222045898438,,
SIFT_sf1,single,B1,0.1,0.3,35,79912,70649.35064935064,1.1311073529411766,385,385,0.12576580047607422,572.371337890625,,
SIFT_sf1,single,B1,0.1,0.3,36,79467,78961.03896103895,1.006407730263158,385,385,0.1260228455066681,517.588623046875,,
SIFT_sf1,single,B1,0.1,0.3,37,79180,56103.8961038961,1.4113101851851853,385,385,0.12406613677740097,540.8750610351562,,
SIFT_sf1,single,B1,0.1,0.3,38,79667,103896.10389610389,1.304129738738799,385,385,0.12233667075634003,469.46246337890625,,
SIFT_sf1,single,B1,0.1,0.3,39,80938,66493.50649350649,1.217231640625,385,385,0.12322142720222473,476.48284912109375,,
SIFT_sf1,single,B1,0.1,0.3,40,79434,93506.4935064935,1.177159572808791,385,385,0.13708136975765228,546.1693115234375,,
SIFT_sf1,single,B1,0.1,0.3,41,79311,74805.1948051948,1.0602338541666667,385,385,0.12736860662698746,563.9614868164062,,
SIFT_sf1,single,B1,0.1,0.3,42,79653,70649.35064935064,1.1274413602941178,385,385,0.13005826622247696,560.2719116210938,,
SIFT_sf1,single,B1,0.1,0.3,43,79341,74805.1948051948,1.0606348958333334,385,385,0.12850482016801834,518.4829711914062,,
SIFT_sf1,single,B1,0.1,0.3,44,80045,103896.10389610389,1.297971189906976,385,385,0.12886710464954376,552.536865234375,,
SIFT_sf1,single,B1,0.1,0.3,45,79789,83116.88311688311,1.0417085452491335,385,385,0.12514367699623108,535.464111328125,,
SIFT_sf1,single,B1,0.1,0.3,46,79368,85194.80519480519,1.0734150437809342,385,385,0.12470874935388565,569.58056640625,,
SIFT_sf1,single,B1,0.1,0.3,47,79853,93506.4935064935,1.1709828498177088,385,385,0.12544356286525726,540.5497436523438,,
SIFT_sf1,single,B1,0.1,0.3,48,80399,81038.96103896103,1.0079598134175927,385,385,0.12490805238485336,468.4602355957031,,
SIFT_sf1,single,B1,0.1,0.3,49,79939,76883.11688311688,1.0397471283783786,385,385,0.12438837438821793,459.9261779785156,,
SIFT_sf1,single,B1,0.1,0.3,50,79744,75195.8224543081,1.0604844444444443,383,383,0.1361258327960968,462.201904296875,,
SIFT_sf1,single,B1,0.1,0.3,51,79262,85639.68668407311,1.0804633580287288,383,383,0.12912973761558533,617.2454833984375,,
SIFT_sf1,single,B1,0.1,0.3,52,79840,77284.59530026109,1.033064864864865,383,383,0.12778304517269135,471.267333984375,,
SIFT_sf1,single,B1,0.1,0.3,53,79626,73107.0496083551,1.0891699285714285,383,383,0.12770481407642365,487.7037048339844,,
SIFT_sf1,single,B1,0.1,0.3,54,80120,77284.59530026109,1.036687837837838,383,383,0.1294231042265892,485.24212646484375,,
SIFT_sf1,single,B1,0.1,0.3,55,80135,75195.8224543081,1.0656842013888888,383,383,0.1283874735236168,512.8555297851562,,
SIFT_sf1,single,B1,0.1,0.3,56,79086,79373.3681462141,1.0036336158892105,383,383,0.12793764472007751,561.8590698242188,,
SIFT_sf1,single,B1,0.1,0.3,57,80620,79373.3681462141,1.0157059210526316,383,383,0.12517068535089493,492.95123291015625,,
SIFT_sf1,single,B1,0.1,0.3,58,79983,83550.9138381201,1.044608402261982,383,383,0.12528058141469955,471.39984130859375,,
SIFT_sf1,single,B1,0.1,0.3,59,79831,68929.50391644909,1.1581542803030302,383,383,0.12444518506526947,509.83135986328125,,
SIFT_sf1,single,B1,0.1,0.3,60,80134,85639.68668407311,1.0687060009992402,383,383,0.12333597987890244,493.9560852050781,,
SIFT_sf1,single,B1,0.1,0.3,61,79695,85639.68668407311,1.0745929692461649,383,383,0.12282654643058777,477.2000732421875,,
SIFT_sf1,single,B1,0.1,0.3,62,79727,85639.68668407311,1.0741616602164024,383,383,0.11996831744909286,560.3998413085938,,
SIFT_sf1,single,B1,0.1,0.3,63,79569,41775.45691906005,1.9046829375,383,383,0.12159906327724457,439.78277587890625,,
SIFT_sf1,single,B1,0.1,0.3,64,79885,60574.41253263708,1.3187911637931033,383,383,0.12157298624515533,501.854248046875,,
SIFT_sf1,single,B1,0.1,0.3,65,80099,71018.27676240209,1.1278645955882352,383,383,0.12503378093242645,479.7792053222656,,
SIFT_sf1,single,B1,0.1,0.3,66,81221,96083.55091383812,1.1829890165577637,383,383,0.12199580669403076,472.0030822753906,,
SIFT_sf1,single,B1,0.1,0.3,67,79636,87728.45953002611,1.1016181065099466,383,383,0.12411549687385559,466.11370849609375,,
SIFT_sf1,single,B1,0.1,0.3,68,80238,75195.8224543081,1.0670539583333332,383,383,0.12433528900146484,472.1678771972656,,
SIFT_sf1,single,B1,0.1,0.3,69,79835,98172.32375979112,1.2296902832065024,383,383,0.12479722499847412,510.21728515625,,
SIFT_sf1,single,B1,0.1,0.3,70,79589,100261.09660574413,1.259735599212757,383,383,0.12352969497442245,581.5230102539062,,
SIFT_sf1,single,B1,0.1,0.3,71,79302,85639.68668407311,1.0799183713408629,383,383,0.1281406730413437,512.6275634765625,,
SIFT_sf1,single,B1,0.1,0.3,72,80079,89817.23237597912,1.1216078169804709,383,383,0.1243269070982933,464.4996337890625,,
SIFT_sf1,single,B1,0.1,0.3,73,80887,108616.18798955614,1.3428139007449422,383,383,0.12405682355165482,472.0770263671875,,
SIFT_sf1,single,B1,0.1,0.3,74,80399,104438.64229765013,1.2990042450484476,383,383,0.12065563350915909,477.7756652832031,,
SIFT_sf1,single,B1,0.1,0.3,75,80710,83550.9138381201,1.035199031571306,383,383,0.1233639195561409,485.0555725097656,,
SIFT_sf1,single,B1,0.1,0.3,76,79368,79373.3681462141,1.0000676361532872,383,383,0.12218952178955078,546.4647827148438,,
SIFT_sf1,single,B1,0.1,0.3,77,79066,75195.8224543081,1.051467986111111,383,383,0.1216614618897438,506.3990478515625,,
SIFT_sf1,single,B1,0.1,0.3,78,80042,73107.0496083551,1.0948602142857142,383,383,0.1192186027765274,455.199951171875,,
SIFT_sf1,single,B1,0.1,0.3,79,79336,87728.45953002611,1.105783749244052,383,383,0.12434367090463638,572.6621704101562,,
SIFT_sf1,single,B1,0.1,0.3,80,80315,62663.185378590075,1.2816935416666668,383,383,0.12297462671995163,592.2861938476562,,
SIFT_sf1,single,B1,0.1,0.3,81,79724,66840.73107049608,1.19274578125,383,383,0.12375693768262863,471.7291564941406,,
SIFT_sf1,single,B1,0.1,0.3,82,79616,75195.8224543081,1.058782222222222,383,383,0.12066401541233063,458.60418701171875,,
SIFT_sf1,single,B1,0.1,0.3,83,79864,66840.73107049608,1.1948403125,383,383,0.12402888387441635,491.66748046875,,
SIFT_sf1,single,B1,0.1,0.3,84,79725,71018.27676240209,1.1225983455882351,383,383,0.12408290058374405,593.1434326171875,,
SIFT_sf1,single,B1,0.1,0.3,85,79961,79373.3681462141,1.0074033881578948,383,383,0.12402515858411789,542.0216064453125,,
SIFT_sf1,single,B1,0.1,0.3,86,80230,77284.59530026109,1.0381111486486487,383,383,0.12100301682949066,476.6009826660156,,
SIFT_sf1,single,B1,0.1,0.3,87,80042,87728.45953002611,1.09603032820302,383,383,0.12371595948934555,544.3389892578125,,
SIFT_sf1,single,B1,0.1,0.3,88,80421,68929.50391644909,1.16671375,383,383,0.12304168194532394,476.7703857421875,,
SIFT_sf1,single,B1,0.1,0.3,89,80321,104438.64229765013,1.3002657125490238,383,383,0.1233881339430809,458.0709533691406,,
SIFT_sf1,single,B1,0.1,0.3,90,79263,102349.86945169713,1.291269185517797,383,383,0.1201210543513298,527.5916137695312,,
SIFT_sf1,single,B1,0.1,0.3,91,80221,79373.3681462141,1.0106790460526316,383,383,0.12400653213262558,430.4623107910156,,
SIFT_sf1,single,B1,0.1,0.3,92,80102,64751.95822454308,1.2370591129032258,383,383,0.12374762445688248,489.8703918457031,,
SIFT_sf1,single,B1,0.1,0.3,93,79648,64751.95822454308,1.2300477419354838,383,383,0.12405123561620712,451.711181640625,,
SIFT_sf1,single,B1,0.1,0.3,94,79301,83550.9138381201,1.0535921846902323,383,383,0.121263787150383,491.1730041503906,,
SIFT_sf1,single,B1,0.1,0.3,95,80123,83550.9138381201,1.0427831438927662,383,383,0.12365542352199554,401.0884094238281,,
SIFT_sf1,single,B1,0.1,0.3,96,79900,81462.1409921671,1.0195512014038435,383,383,0.12497883290052414,562.1779174804688,,
SIFT_sf1,single,B1,0.1,0.3,97,80478,81462.1409921671,1.0122286959438245,383,383,0.12500304728746414,495.0028076171875,,
SIFT_sf1,single,B1,0.1,0.3,98,78957,60574.41253263708,1.3034711637931033,383,383,0.12286938726902008,569.3079223632812,,
SIFT_sf1,single,B1,0.1,0.3,99,79564,98172.32375979112,1.233878685835191,383,383,0.1252535730600357,548.975341796875,,
SIFT_sf1,single,B1,0.1,0.4,0,79756,89350.64935064934,1.1203000319806578,385,385,0.18740911036729813,589.6982421875,,
SIFT_sf1,single,B1,0.1,0.4,1,80104,70649.35064935064,1.133825,385,385,0.14381203800439835,503.22967529296875,,
SIFT_sf1,single,B1,0.1,0.4,2,80801,101818.18181818181,1.2601104171753048,385,385,0.13234000653028488,475.32696533203125,,
SIFT_sf1,single,B1,0.1,0.4,3,79812,87272.72727272726,1.0934787660092125,385,385,0.1306440681219101,509.95343017578125,,
SIFT_sf1,single,B1,0.1,0.4,4,80071,85194.80519480519,1.0639907731239173,385,385,0.12627430260181427,460.7991943359375,,
SIFT_sf1,single,B1,0.1,0.4,5,79945,91428.57142857142,1.1436433976930567,385,385,0.12473855167627335,473.2440185546875,,
SIFT_sf1,single,B1,0.1,0.4,6,79258,70649.35064935064,1.121850367647059,385,385,0.12424960732460022,541.1150512695312,,
SIFT_sf1,single,B1,0.1,0.4,7,79508,74805.1948051948,1.0628673611111112,385,385,0.12348499149084091,548.785400390625,,
SIFT_sf1,single,B1,0.1,0.4,8,79711,62337.66233766233,1.2786972916666668,385,385,0.12383144348859787,545.5409545898438,,
SIFT_sf1,single,B1,0.1,0.4,9,80307,72727.27272727272,1.1042212500000002,385,385,0.12256857007741928,569.2001342773438,,
SIFT_sf1,single,B1,0.1,0.4,10,79807,103896.10389610389,1.3018419925082247,385,385,0.12280046939849854,560.8642578125,,
SIFT_sf1,single,B1,0.1,0.4,11,79519,91428.57142857142,1.149770135798632,385,385,0.12230593711137772,442.7492370605469,,
SIFT_sf1,single,B1,0.1,0.4,12,79499,85194.80519480519,1.071646249573016,385,385,0.12226682156324387,457.50518798828125,,
SIFT_sf1,single,B1,0.1,0.4,13,79567,91428.57142857142,1.1490765195190396,385,385,0.12116879224777222,511.1280822753906,,
SIFT_sf1,single,B1,0.1,0.4,14,79739,83116.88311688311,1.0423617441513326,385,385,0.12446567416191101,463.6728210449219,,
SIFT_sf1,single,B1,0.1,0.4,15,79685,72727.27272727272,1.0956687500000002,385,385,0.12344773858785629,473.5240173339844,,
SIFT_sf1,single,B1,0.1,0.4,16,79358,89350.64935064934,1.125918613758529,385,385,0.12352317571640015,573.5100708007812,,
SIFT_sf1,single,B1,0.1,0.4,17,79264,93506.4935064935,1.1796842640605256,385,385,0.12409128248691559,456.4208679199219,,
SIFT_sf1,single,B1,0.1,0.4,18,79748,76883.11688311688,1.037262837837838,385,385,0.12412481009960175,507.7024841308594,,
SIFT_sf1,single,B1,0.1,0.4,19,79069,74805.1948051948,1.0569987847222224,385,385,0.12284144759178162,559.615966796875,,
SIFT_sf1,single,B1,0.1,0.4,20,80541,85194.80519480519,1.0577818154083658,385,385,0.1239413395524025,479.8453674316406,,
SIFT_sf1,single,B1,0.1,0.4,21,79825,81038.96103896103,1.0152077800057755,385,385,0.1208307221531868,509.6654968261719,,
SIFT_sf1,single,B1,0.1,0.4,22,80102,101818.18181818181,1.2711066117972312,385,385,0.12382771819829941,482.637451171875,,
SIFT_sf1,single,B1,0.1,0.4,23,80695,83116.88311688311,1.030012802737259,385,385,0.12421328574419022,498.1755676269531,,
SIFT_sf1,single,B1,0.1,0.4,24,80137,76883.11688311688,1.0423224662162163,385,385,0.12376345694065094,471.53887939453125,,
SIFT_sf1,single,B1,0.1,0.4,25,79861,83116.88311688311,1.040769375751407,385,385,0.12169778347015381,486.787109375,,
SIFT_sf1,single,B1,0.1,0.4,26,79453,91428.57142857142,1.1507252265939791,385,385,0.1236647367477417,517.0347290039062,,
SIFT_sf1,single,B1,0.1,0.4,27,80297,74805.1948051948,1.0734147569444445,385,385,0.12218113988637924,478.86614990234375,,
SIFT_sf1,single,B1,0.1,0.4,28,80053,58181.81818181818,1.3759109375,385,385,0.12954231351613998,489.83343505859375,,
SIFT_sf1,single,B1,0.1,0.4,29,79797,95584.41558441558,1.1978447257969043,385,385,0.12197252362966537,492.4485778808594,,
SIFT_sf1,single,B1,0.1,0.4,30,79816,72727.27272727272,1.0974700000000002,385,385,0.1225937157869339,457.7353820800781,,
SIFT_sf1,single,B1,0.1,0.4,31,79837,68571.42857142857,1.1642895833333335,385,385,0.12309104204177856,495.13604736328125,,
SIFT_sf1,single,B1,0.1,0.4,32,80068,99740.25974025973,1.2456944065077151,385,385,0.12321863323450089,471.9797668457031,,
SIFT_sf1,single,B1,0.1,0.4,33,79638,78961.03896103895,1.008573355263158,385,385,0.12171268463134766,569.7330322265625,,
SIFT_sf1,single,B1,0.1,0.4,34,79644,76883.11688311688,1.0359101351351352,385,385,0.12429989874362946,561.3222045898438,,
SIFT_sf1,single,B1,0.1,0.4,35,79912,60259.740259740254,1.3261258620689655,385,385,0.12159626930952072,572.371337890625,,
SIFT_sf1,single,B1,0.1,0.4,36,79467,74805.1948051948,1.0623192708333333,385,385,0.12438464909791946,517.588623046875,,
SIFT_sf1,single,B1,0.1,0.4,37,79180,74805.1948051948,1.058482638888889,385,385,0.12141186743974686,540.8750610351562,,
SIFT_sf1,single,B1,0.1,0.4,38,79667,64415.58441558441,1.236765927419355,385,385,0.12315250933170319,469.46246337890625,,
SIFT_sf1,single,B1,0.1,0.4,39,80938,70649.35064935064,1.145629779411765,385,385,0.12221001088619232,476.48284912109375,,
SIFT_sf1,single,B1,0.1,0.4,40,79434,81038.96103896103,1.0202049631009522,385,385,0.12204702943563461,546.1693115234375,,
SIFT_sf1,single,B1,0.1,0.4,41,79311,78961.03896103895,1.0044320723684212,385,385,0.12026913464069366,563.9614868164062,,
SIFT_sf1,single,B1,0.1,0.4,42,79653,83116.88311688311,1.043487164537219,385,385,0.12408476322889328,560.2719116210938,,
SIFT_sf1,single,B1,0.1,0.4,43,79341,91428.57142857142,1.1523496228755803,385,385,0.1223413273692131,518.4829711914062,,
SIFT_sf1,single,B1,0.1,0.4,44,80045,97662.33766233765,1.2200929185125573,385,385,0.1244954764842987,552.536865234375,,
SIFT_sf1,single,B1,0.1,0.4,45,79789,101818.18181818181,1.2760929679301884,385,385,0.12265890836715698,535.464111328125,,
SIFT_sf1,single,B1,0.1,0.4,46,79368,58181.81818181818,1.3641375000000002,385,385,0.12379791587591171,569.58056640625,,
SIFT_sf1,single,B1,0.1,0.4,47,79853,101818.18181818181,1.2750702142459496,385,385,0.12357719242572784,540.5497436523438,,
SIFT_sf1,single,B1,0.1,0.4,48,80399,60259.740259740254,1.3342075431034484,385,385,0.12367032468318939,468.4602355957031,,
SIFT_sf1,single,B1,0.1,0.4,49,79939,83116.88311688311,1.0397538512726343,385,385,0.12071989476680756,459.9261779785156,,
SIFT_sf1,single,B1,0.1,0.4,50,79744,81462.1409921671,1.0215457086698323,383,383,0.13311300426721573,462.201904296875,,
SIFT_sf1,single,B1,0.1,0.4,51,79262,79373.3681462141,1.0014050635388219,383,383,0.1278882846236229,617.2454833984375,,
SIFT_sf1,single,B1,0.1,0.4,52,79840,62663.185378590075,1.2741133333333334,383,383,0.12542866170406342,471.267333984375,,
SIFT_sf1,single,B1,0.1,0.4,53,79626,87728.45953002611,1.1017564555550463,383,383,0.12506451457738876,487.7037048339844,,
SIFT_sf1,single,B1,0.1,0.4,54,80120,56396.86684073107,1.4206462962962962,383,383,0.12171920388936996,485.24212646484375,,
SIFT_sf1,single,B1,0.1,0.4,55,80135,66840.73107049608,1.1988947265625,383,383,0.1257108524441719,512.8555297851562,,
SIFT_sf1,single,B1,0.1,0.4,56,79086,96083.55091383812,1.2149249034448337,383,383,0.12385845184326172,561.8590698242188,,
SIFT_sf1,single,B1,0.1,0.4,57,80620,73107.0496083551,1.1027664285714285,383,383,0.1245737075805664,492.95123291015625,,
SIFT_sf1,single,B1,0.1,0.4,58,79983,71018.27676240209,1.126231213235294,383,383,0.12108776718378067,471.39984130859375,,
SIFT_sf1,single,B1,0.1,0.4,59,79831,89817.23237597912,1.1250921618917353,383,383,0.12852437794208527,509.83135986328125,,
SIFT_sf1,single,B1,0.1,0.4,60,80134,87728.45953002611,1.094772001023612,383,383,0.12416671961545944,493.9560852050781,,
SIFT_sf1,single,B1,0.1,0.4,61,79695,73107.0496083551,1.09011375,383,383,0.12456532567739487,477.2000732421875,,
SIFT_sf1,single,B1,0.1,0.4,62,79727,81462.1409921671,1.0217635304497485,383,383,0.12079067528247833,560.3998413085938,,
SIFT_sf1,single,B1,0.1,0.4,63,79569,89817.23237597912,1.1287967974459792,383,383,0.12238603085279465,439.78277587890625,,
SIFT_sf1,single,B1,0.1,0.4,64,79885,66840.73107049608,1.1951544921875,383,383,0.12451037764549255,501.854248046875,,
SIFT_sf1,single,B1,0.1,0.4,65,80099,91906.00522193211,1.1474051513992947,383,383,0.12533273547887802,479.7792053222656,,
SIFT_sf1,single,B1,0.1,0.4,66,81221,64751.95822454308,1.2543404435483871,383,383,0.1214928925037384,472.0030822753906,,
SIFT_sf1,single,B1,0.1,0.4,67,79636,81462.1409921671,1.0229310989020932,383,383,0.12401305139064789,466.11370849609375,,
SIFT_sf1,single,B1,0.1,0.4,68,80238,100261.09660574413,1.2495463073075617,383,383,0.12577977031469345,472.1678771972656,,
SIFT_sf1,single,B1,0.1,0.4,69,79835,71018.27676240209,1.1241472426470587,383,383,0.12408103793859482,510.21728515625,,
SIFT_sf1,single,B1,0.1,0.4,70,79589,114882.50652741514,1.4434470407646176,383,383,0.12289918959140778,581.5230102539062,,
SIFT_sf1,single,B1,0.1,0.4,71,79302,83550.9138381201,1.0535788988691346,383,383,0.1255478709936142,512.6275634765625,,
SIFT_sf1,single,B1,0.1,0.4,72,80079,79373.3681462141,1.0088900328947368,383,383,0.12381933629512787,464.4996337890625,,
SIFT_sf1,single,B1,0.1,0.4,73,80887,73107.0496083551,1.106418607142857,383,383,0.12303702533245087,472.0770263671875,,
SIFT_sf1,single,B1,0.1,0.4,74,80399,98172.32375979112,1.2210639903455407,383,383,0.1226598396897316,477.7756652832031,,
SIFT_sf1,single,B1,0.1,0.4,75,80710,114882.50652741514,1.4233986684105457,383,383,0.12276321649551392,485.0555725097656,,
SIFT_sf1,single,B1,0.1,0.4,76,79368,71018.27676240209,1.1175714705882351,383,383,0.12469757348299026,546.4647827148438,,
SIFT_sf1,single,B1,0.1,0.4,77,79066,93994.77806788511,1.188814130825957,383,383,0.1234542578458786,506.3990478515625,,
SIFT_sf1,single,B1,0.1,0.4,78,80042,83550.9138381201,1.0438384078124,383,383,0.12400653213262558,455.199951171875,,
SIFT_sf1,single,B1,0.1,0.4,79,79336,73107.0496083551,1.0852031428571427,383,383,0.12324750423431396,572.6621704101562,,
SIFT_sf1,single,B1,0.1,0.4,80,80315,71018.27676240209,1.1309060661764705,383,383,0.12317392975091934,592.2861938476562,,
SIFT_sf1,single,B1,0.1,0.4,81,79724,56396.86684073107,1.4136246296296298,383,383,0.12328755110502243,471.7291564941406,,
SIFT_sf1,single,B1,0.1,0.4,82,79616,89817.23237597912,1.1281304307674227,383,383,0.12463424354791641,458.60418701171875,,
SIFT_sf1,single,B1,0.1,0.4,83,79864,104438.64229765013,1.307706129140165,383,383,0.12673810124397278,491.66748046875,,
SIFT_sf1,single,B1,0.1,0.4,84,79725,75195.8224543081,1.0602317708333333,383,383,0.12422539293766022,593.1434326171875,,
SIFT_sf1,single,B1,0.1,0.4,85,79961,68929.50391644909,1.1600402651515151,383,383,0.12312270700931549,542.0216064453125,,
SIFT_sf1,single,B1,0.1,0.4,86,80230,98172.32375979112,1.2236360932293546,383,383,0.12431573122739792,476.6009826660156,,
SIFT_sf1,single,B1,0.1,0.4,87,80042,75195.8224543081,1.0644474305555554,383,383,0.12419931590557098,544.3389892578125,,
SIFT_sf1,single,B1,0.1,0.4,88,80421,83550.9138381201,1.038919111154053,383,383,0.12346822768449783,476.7703857421875,,
SIFT_sf1,single,B1,0.1,0.4,89,80321,91906.00522193211,1.1442338270431407,383,383,0.1272028312087059,458.0709533691406,,
SIFT_sf1,single,B1,0.1,0.4,90,79263,81462.1409921671,1.0277448619427363,383,383,0.12709666043519974,527.5916137695312,,
SIFT_sf1,single,B1,0.1,0.4,91,80221,66840.73107049608,1.2001813671875,383,383,0.12447871267795563,430.4623107910156,,
SIFT_sf1,single,B1,0.1,0.4,92,80102,93994.77806788511,1.1734385916442176,383,383,0.12406893074512482,489.8703918457031,,
SIFT_sf1,single,B1,0.1,0.4,93,79648,62663.185378590075,1.2710493333333335,383,383,0.12339930981397629,451.711181640625,,
SIFT_sf1,single,B1,0.1,0.4,94,79301,85639.68668407311,1.0799319893074881,383,383,0.12423098087310791,491.1730041503906,,
SIFT_sf1,single,B1,0.1,0.4,95,80123,83550.9138381201,1.0427831438927662,383,383,0.12473296374082565,401.0884094238281,,
SIFT_sf1,single,B1,0.1,0.4,96,79900,102349.86945169713,1.2809745863791882,383,383,0.12955255806446075,562.1779174804688,,
SIFT_sf1,single,B1,0.1,0.4,97,80478,83550.9138381201,1.038183277891102,383,383,0.1246333122253418,495.0028076171875,,
SIFT_sf1,single,B1,0.1,0.4,98,78957,71018.27676240209,1.1117842279411765,383,383,0.12565124779939651,569.3079223632812,,
SIFT_sf1,single,B1,0.1,0.4,99,79564,77284.59530026109,1.0294936486486488,383,383,0.124405138194561,548.975341796875,,
SIFT_sf1,single,B1,0.1,0.5,0,79756,64415.58441558441,1.2381475806451614,385,385,0.1758616417646408,589.6982421875,,
SIFT_sf1,single,B1,0.1,0.5,1,80104,93506.4935064935,1.1673136610717754,385,385,0.14295056462287903,503.22967529296875,,
SIFT_sf1,single,B1,0.1,0.5,2,80801,89350.64935064934,1.105811182419145,385,385,0.13475213199853897,475.32696533203125,,
SIFT_sf1,single,B1,0.1,0.5,3,79812,97662.33766233765,1.2236548095817377,385,385,0.13076700270175934,509.95343017578125,,
SIFT_sf1,single,B1,0.1,0.5,4,80071,83116.88311688311,1.0380397786574804,385,385,0.12710783630609512,460.7991943359375,,
SIFT_sf1,single,B1,0.1,0.5,5,79945,74805.1948051948,1.068709201388889,385,385,0.1283753663301468,473.2440185546875,,
SIFT_sf1,single,B1,0.1,0.5,6,79258,70649.35064935064,1.121850367647059,385,385,0.12611504644155502,541.1150512695312,,
SIFT_sf1,single,B1,0.1,0.5,7,79508,78961.03896103895,1.0069269736842106,385,385,0.1265294849872589,548.785400390625,,
SIFT_sf1,single,B1,0.1,0.5,8,79711,49870.129870129866,1.5983716145833335,385,385,0.12630969285964966,545.5409545898438,,
SIFT_sf1,single,B1,0.1,0.5,9,80307,95584.41558441558,1.1902376577934124,385,385,0.1276182010769844,569.2001342773438,,
SIFT_sf1,single,B1,0.1,0.5,10,79807,105974.02597402596,1.3278788323583892,385,385,0.1251082867383957,560.8642578125,,
SIFT_sf1,single,B1,0.1,0.5,11,79519,85194.80519480519,1.0713767174487252,385,385,0.12550130486488342,442.7492370605469,,
SIFT_sf1,single,B1,0.1,0.5,12,79499,66493.50649350649,1.1955904296875002,385,385,0.1238873228430748,457.50518798828125,,
SIFT_sf1,single,B1,0.1,0.5,13,79567,70649.35064935064,1.1262240808823532,385,385,0.12499652802944183,511.1280822753906,,
SIFT_sf1,single,B1,0.1,0.5,14,79739,74805.1948051948,1.0659553819444445,385,385,0.12501049786806107,463.6728210449219,,
SIFT_sf1,single,B1,0.1,0.5,15,79685,95584.41558441558,1.199528337634631,385,385,0.12564752250909805,473.5240173339844,,
SIFT_sf1,single,B1,0.1,0.5,16,79358,78961.03896103895,1.005027302631579,385,385,0.1333095133304596,573.5100708007812,,
SIFT_sf1,single,B1,0.1,0.5,17,79264,81038.96103896103,1.0223930288524554,385,385,0.12406520545482635,456.4208679199219,,
SIFT_sf1,single,B1,0.1,0.5,18,79748,83116.88311688311,1.0422441079009268,385,385,0.12497976422309875,507.7024841308594,,
SIFT_sf1,single,B1,0.1,0.5,19,79069,87272.72727272726,1.1037540284147678,385,385,0.12585055083036423,559.615966796875,,
SIFT_sf1,single,B1,0.1,0.5,20,80541,85194.80519480519,1.0577818154083658,385,385,0.1260414719581604,479.8453674316406,,
SIFT_sf1,single,B1,0.1,0.5,21,79825,78961.03896103895,1.0109416118421053,385,385,0.12499373406171799,509.6654968261719,,
SIFT_sf1,single,B1,0.1,0.5,22,80102,78961.03896103895,1.0144496710526316,385,385,0.12430734932422638,482.637451171875,,
SIFT_sf1,single,B1,0.1,0.5,23,80695,74805.1948051948,1.0787352430555557,385,385,0.12563355267047882,498.1755676269531,,
SIFT_sf1,single,B1,0.1,0.5,24,80137,62337.66233766233,1.2855310416666668,385,385,0.12462493032217026,471.53887939453125,,
SIFT_sf1,single,B1,0.1,0.5,25,79861,68571.42857142857,1.1646395833333334,385,385,0.1237606629729271,486.787109375,,
SIFT_sf1,single,B1,0.1,0.5,26,79453,83116.88311688311,1.0461138423581628,385,385,0.12970902025699615,517.0347290039062,,
SIFT_sf1,single,B1,0.1,0.5,27,80297,89350.64935064934,1.1127520249903402,385,385,0.12900680303573608,478.86614990234375,,
SIFT_sf1,single,B1,0.1,0.5,28,80053,83116.88311688311,1.0382731829773164,385,385,0.1270938664674759,489.83343505859375,,
SIFT_sf1,single,B1,0.1,0.5,29,79797,64415.58441558441,1.2387840725806454,385,385,0.1281173899769783,492.4485778808594,,
SIFT_sf1,single,B1,0.1,0.5,30,79816,76883.11688311688,1.0381472972972974,385,385,0.12431852519512177,457.7353820800781,,
SIFT_sf1,single,B1,0.1,0.5,31,79837,62337.66233766233,1.2807185416666669,385,385,0.12321211397647858,495.13604736328125,,
SIFT_sf1,single,B1,0.1,0.5,32,80068,60259.740259740254,1.3287146551724138,385,385,0.12248288840055466,471.9797668457031,,
SIFT_sf1,single,B1,0.1,0.5,33,79638,101818.18181818181,1.278512541979731,385,385,0.12298114597797394,569.7330322265625,,
SIFT_sf1,single,B1,0.1,0.5,34,79644,78961.03896103895,1.0086493421052634,385,385,0.12538768351078033,561.3222045898438,,
SIFT_sf1,single,B1,0.1,0.5,35,79912,91428.57142857142,1.1441156700942465,385,385,0.12445170432329178,572.371337890625,,
SIFT_sf1,single,B1,0.1,0.5,36,79467,93506.4935064935,1.1766707376205658,385,385,0.12910272926092148,517.588623046875,,
SIFT_sf1,single,B1,0.1,0.5,37,79180,108051.94805194804,1.36463687865557,385,385,0.12579932808876038,540.8750610351562,,
SIFT_sf1,single,B1,0.1,0.5,38,79667,91428.57142857142,1.147634170090143,385,385,0.12462027370929718,469.46246337890625,,
SIFT_sf1,single,B1,0.1,0.5,39,80938,76883.11688311688,1.0527408783783785,385,385,0.12460723519325256,476.48284912109375,,
SIFT_sf1,single,B1,0.1,0.5,40,79434,81038.96103896103,1.0202049631009522,385,385,0.1277504488825798,546.1693115234375,,
SIFT_sf1,single,B1,0.1,0.5,41,79311,91428.57142857142,1.1527855080451819,385,385,0.12370385229587555,563.9614868164062,,
SIFT_sf1,single,B1,0.1,0.5,42,79653,54025.97402597402,1.4743463942307693,385,385,0.12401677668094635,560.2719116210938,,
SIFT_sf1,single,B1,0.1,0.5,43,79341,70649.35064935064,1.1230251838235294,385,385,0.12345891445875168,518.4829711914062,,
SIFT_sf1,single,B1,0.1,0.5,44,80045,60259.740259740254,1.328332974137931,385,385,0.12170989066362381,552.536865234375,,
SIFT_sf1,single,B1,0.1,0.5,45,79789,91428.57142857142,1.1458793997740468,385,385,0.12204702943563461,535.464111328125,,
SIFT_sf1,single,B1,0.1,0.5,46,79368,76883.11688311688,1.0323202702702703,385,385,0.1254761591553688,569.58056640625,,
SIFT_sf1,single,B1,0.1,0.5,47,79853,68571.42857142857,1.1645229166666669,385,385,0.12107100337743759,540.5497436523438,,
SIFT_sf1,single,B1,0.1,0.5,48,80399,60259.740259740254,1.3342075431034484,385,385,0.12149102985858917,468.4602355957031,,
SIFT_sf1,single,B1,0.1,0.5,49,79939,93506.4935064935,1.1697230826817135,385,385,0.1254882663488388,459.9261779785156,,
SIFT_sf1,single,B1,0.1,0.5,50,79744,73107.0496083551,1.090784,383,383,0.13413839042186737,462.201904296875,,
SIFT_sf1,single,B1,0.1,0.5,51,79262,89817.23237597912,1.133168887688667,383,383,0.12901891022920609,617.2454833984375,,
SIFT_sf1,single,B1,0.1,0.5,52,79840,62663.185378590075,1.2741133333333334,383,383,0.12412946671247482,471.267333984375,,
SIFT_sf1,single,B1,0.1,0.5,53,79626,93994.77806788511,1.1804533452375494,383,383,0.1205597072839737,487.7037048339844,,
SIFT_sf1,single,B1,0.1,0.5,54,80120,89817.23237597912,1.1210338539188607,383,383,0.12303981930017471,485.24212646484375,,
SIFT_sf1,single,B1,0.1,0.5,55,80135,58485.63968668407,1.3701654017857143,383,383,0.12296345084905624,512.8555297851562,,
SIFT_sf1,single,B1,0.1,0.5,56,79086,87728.45953002611,1.1092792596670222,383,383,0.1226598396897316,561.8590698242188,,
SIFT_sf1,single,B1,0.1,0.5,57,80620,85639.68668407311,1.062263541107332,383,383,0.12003257870674133,492.95123291015625,,
SIFT_sf1,single,B1,0.1,0.5,58,79983,79373.3681462141,1.0076805592105265,383,383,0.1232074573636055,471.39984130859375,,
SIFT_sf1,single,B1,0.1,0.5,59,79831,75195.8224543081,1.061641423611111,383,383,0.12393016368150711,509.83135986328125,,
SIFT_sf1,single,B1,0.1,0.5,60,80134,102349.86945169713,1.2772340011942138,383,383,0.12347381561994553,493.9560852050781,,
SIFT_sf1,single,B1,0.1,0.5,61,79695,60574.41253263708,1.3156545258620689,383,383,0.12106914073228836,477.2000732421875,,
SIFT_sf1,single,B1,0.1,0.5,62,79727,81462.1409921671,1.0217635304497485,383,383,0.1240801066160202,560.3998413085938,,
SIFT_sf1,single,B1,0.1,0.5,63,79569,79373.3681462141,1.0024647039473684,383,383,0.12369826436042786,439.78277587890625,,
SIFT_sf1,single,B1,0.1,0.5,64,79885,85639.68668407311,1.0720371369352584,383,383,0.1229066401720047,501.854248046875,,
SIFT_sf1,single,B1,0.1,0.5,65,80099,77284.59530026109,1.036416114864865,383,383,0.12167263776063919,479.7792053222656,,
SIFT_sf1,single,B1,0.1,0.5,66,81221,62663.185378590075,1.2961517916666667,383,383,0.12479256838560104,472.0030822753906,,
SIFT_sf1,single,B1,0.1,0.5,67,79636,77284.59530026109,1.0304252702702703,383,383,0.12443959712982178,466.11370849609375,,
SIFT_sf1,single,B1,0.1,0.5,68,80238,89817.23237597912,1.1193852336296906,383,383,0.12449268251657486,472.1678771972656,,
SIFT_sf1,single,B1,0.1,0.5,69,79835,73107.0496083551,1.0920287499999999,383,383,0.12114923447370529,510.21728515625,,
SIFT_sf1,single,B1,0.1,0.5,70,79589,85639.68668407311,1.0760241576608967,383,383,0.12431293725967407,581.5230102539062,,
SIFT_sf1,single,B1,0.1,0.5,71,79302,66840.73107049608,1.186432265625,383,383,0.1264018937945366,512.6275634765625,,
SIFT_sf1,single,B1,0.1,0.5,72,80079,62663.185378590075,1.277927375,383,383,0.12313481420278549,464.4996337890625,,
SIFT_sf1,single,B1,0.1,0.5,73,80887,79373.3681462141,1.019069769736842,383,383,0.12118648737668991,472.0770263671875,,
SIFT_sf1,single,B1,0.1,0.5,74,80399,79373.3681462141,1.0129216118421054,383,383,0.12153945863246918,477.7756652832031,,
SIFT_sf1,single,B1,0.1,0.5,75,80710,81462.1409921671,1.0093190557820233,383,383,0.12306962162256241,485.0555725097656,,
SIFT_sf1,single,B1,0.1,0.5,76,79368,66840.73107049608,1.1874196875,383,383,0.1231655478477478,546.4647827148438,,
SIFT_sf1,single,B1,0.1,0.5,77,79066,73107.0496083551,1.0815099285714285,383,383,0.125223770737648,506.3990478515625,,
SIFT_sf1,single,B1,0.1,0.5,78,80042,87728.45953002611,1.09603032820302,383,383,0.12472551316022873,455.199951171875,,
SIFT_sf1,single,B1,0.1,0.5,79,79336,83550.9138381201,1.0531273802324306,383,383,0.12422911822795868,572.6621704101562,,
SIFT_sf1,single,B1,0.1,0.5,80,80315,119060.05221932115,1.4824136489985824,383,383,0.12336298823356628,592.2861938476562,,
SIFT_sf1,single,B1,0.1,0.5,81,79724,91906.00522193211,1.1528022329779253,383,383,0.12079719454050064,471.7291564941406,,
SIFT_sf1,single,B1,0.1,0.5,82,79616,100261.09660574413,1.259308387833402,383,383,0.1246817409992218,458.60418701171875,,
SIFT_sf1,single,B1,0.1,0.5,83,79864,96083.55091383812,1.2030896388089516,383,383,0.12505054473876953,491.66748046875,,
SIFT_sf1,single,B1,0.1,0.5,84,79725,96083.55091383812,1.2051872174830744,383,383,0.12337230145931244,593.1434326171875,,
SIFT_sf1,single,B1,0.1,0.5,85,79961,68929.50391644909,1.1600402651515151,383,383,0.12049823999404907,542.0216064453125,,
SIFT_sf1,single,B1,0.1,0.5,86,80230,87728.45953002611,1.0934620407581468,383,383,0.12417323887348175,476.6009826660156,,
SIFT_sf1,single,B1,0.1,0.5,87,80042,83550.9138381201,1.0438384078124,383,383,0.12432970106601715,544.3389892578125,,
SIFT_sf1,single,B1,0.1,0.5,88,80421,77284.59530026109,1.040582533783784,383,383,0.12490246444940567,476.7703857421875,,
SIFT_sf1,single,B1,0.1,0.5,89,80321,91906.00522193211,1.1442338270431407,383,383,0.12183282524347305,458.0709533691406,,
SIFT_sf1,single,B1,0.1,0.5,90,79263,75195.8224543081,1.0540878125,383,383,0.12421421706676483,527.5916137695312,,
SIFT_sf1,single,B1,0.1,0.5,91,80221,83550.9138381201,1.0415092536632566,383,383,0.12355111539363861,430.4623107910156,,
SIFT_sf1,single,B1,0.1,0.5,92,80102,75195.8224543081,1.065245347222222,383,383,0.1244712620973587,489.8703918457031,,
SIFT_sf1,single,B1,0.1,0.5,93,79648,52219.32114882507,1.5252592,383,383,0.12311432510614395,451.711181640625,,
SIFT_sf1,single,B1,0.1,0.5,94,79301,71018.27676240209,1.1166280514705882,383,383,0.1240856945514679,491.1730041503906,,
SIFT_sf1,single,B1,0.1,0.5,95,80123,73107.0496083551,1.0959681785714286,383,383,0.12412946671247482,401.0884094238281,,
SIFT_sf1,single,B1,0.1,0.5,96,79900,93994.77806788511,1.1764052323890501,383,383,0.12568477541208267,562.1779174804688,,
SIFT_sf1,single,B1,0.1,0.5,97,80478,106527.41514360314,1.323683679311155,383,383,0.12307334691286087,495.0028076171875,,
SIFT_sf1,single,B1,0.1,0.5,98,78957,89817.23237597912,1.1375461627972077,383,383,0.12557301670312881,569.3079223632812,,
SIFT_sf1,single,B1,0.1,0.5,99,79564,87728.45953002611,1.1026149958527238,383,383,0.12615974992513657,548.975341796875,,
SIFT_sf1,single,B1,0.3,0.1,0,239775,247272.72727272724,1.0312698457834522,385,385,0.20977389067411423,645.3699951171875,,
SIFT_sf1,single,B1,0.3,0.1,1,240546,234805.1948051948,1.0244492256637168,385,385,0.14672428369522095,557.0772094726562,,
SIFT_sf1,single,B1,0.3,0.1,2,239972,253506.49350649348,1.0564003029790705,385,385,0.13368576765060425,535.42529296875,,
SIFT_sf1,single,B1,0.3,0.1,3,240415,238961.03896103892,1.0060845108695653,385,385,0.12998003512620926,566.8768920898438,,
SIFT_sf1,single,B1,0.3,0.1,4,240189,288831.1688311688,1.2025162219384269,385,385,0.12447405606508255,511.42095947265625,,
SIFT_sf1,single,B1,0.3,0.1,5,239264,253506.49350649348,1.059526270172251,385,385,0.1267390325665474,533.3854370117188,,
SIFT_sf1,single,B1,0.3,0.1,6,238890,230649.3506493506,1.0357280405405407,385,385,0.12508034706115723,614.9046020507812,,
SIFT_sf1,single,B1,0.3,0.1,7,239520,253506.49350649348,1.0583938439649863,385,385,0.12418162077665329,610.2753295898438,,
SIFT_sf1,single,B1,0.3,0.1,8,239333,245194.80519480517,1.024492256374195,385,385,0.1229727640748024,600.2974243164062,,
SIFT_sf1,single,B1,0.3,0.1,9,238909,218181.81818181818,1.0949995833333335,385,385,0.12351479381322861,598.0426635742188,,
SIFT_sf1,single,B1,0.3,0.1,10,239349,247272.72727272724,1.0331053285066043,385,385,0.12406427413225174,646.1485595703125,,
SIFT_sf1,single,B1,0.3,0.1,11,239505,226493.5064935065,1.0574475344036698,385,385,0.12249220162630081,493.2190246582031,,
SIFT_sf1,single,B1,0.3,0.1,12,238783,241038.96103896102,1.0094477456056796,385,385,0.12144166976213455,522.4685668945312,,
SIFT_sf1,single,B1,0.3,0.1,13,239662,199480.51948051946,1.2014305989583334,385,385,0.12265052646398544,570.6014404296875,,
SIFT_sf1,single,B1,0.3,0.1,14,240367,280519.4805194805,1.1670465601329654,385,385,0.12427382171154022,530.7268676757812,,
SIFT_sf1,single,B1,0.3,0.1,15,240286,238961.03896103892,1.0055446739130436,385,385,0.12431852519512177,535.0635375976562,,
SIFT_sf1,single,B1,0.3,0.1,16,238960,224415.5844155844,1.0648101851851852,385,385,0.12118741869926453,642.5154418945312,,
SIFT_sf1,single,B1,0.3,0.1,17,239191,238961.03896103892,1.000962336956522,385,385,0.12324657291173935,508.0574951171875,,
SIFT_sf1,single,B1,0.3,0.1,18,239559,268051.94805194804,1.1189391676035885,385,385,0.12284144759178162,572.8635864257812,,
SIFT_sf1,single,B1,0.3,0.1,19,239361,268051.94805194804,1.1198647567980917,385,385,0.12676045298576355,620.327880859375,,
SIFT_sf1,single,B1,0.3,0.1,20,239858,234805.1948051948,1.0215191371681416,385,385,0.1210477203130722,534.8015747070312,,
SIFT_sf1,single,B1,0.3,0.1,21,239924,284675.32467532466,1.1865229184046808,385,385,0.12374203652143478,569.7567138671875,,
SIFT_sf1,single,B1,0.3,0.1,22,240302,245194.80519480517,1.0203610673019998,385,385,0.12493692338466644,543.1884765625,,
SIFT_sf1,single,B1,0.3,0.1,23,240453,243116.8831168831,1.0110786021255012,385,385,0.1237848773598671,552.6343383789062,,
SIFT_sf1,single,B1,0.3,0.1,24,240177,245194.80519480517,1.0208921137111595,385,385,0.12073852121829987,539.0467529296875,,
SIFT_sf1,single,B1,0.3,0.1,25,239214,218181.81818181818,1.0963975000000001,385,385,0.12375228106975555,548.3484497070312,,
SIFT_sf1,single,B1,0.3,0.1,26,238402,251428.57142857142,1.0546412002775623,385,385,0.12900680303573608,576.7813720703125,,
SIFT_sf1,single,B1,0.3,0.1,27,241620,253506.49350649348,1.0491949900939221,385,385,0.12442003935575485,531.8746948242188,,
SIFT_sf1,single,B1,0.3,0.1,28,240826,220259.74025974024,1.0933727594339624,385,385,0.12930668890476227,553.5723876953125,,
SIFT_sf1,single,B1,0.3,0.1,29,239119,214025.974025974,1.1172429004854372,385,385,0.12497883290052414,555.843505859375,,
SIFT_sf1,single,B1,0.3,0.1,30,240024,265974.02597402595,1.1081142967954285,385,385,0.12279674410820007,512.7706298828125,,
SIFT_sf1,single,B1,0.3,0.1,31,241009,234805.1948051948,1.0264210730088497,385,385,0.12439023703336716,542.3388061523438,,
SIFT_sf1,single,B1,0.3,0.1,32,240295,241038.96103896102,1.0030960321228533,385,385,0.12233853340148926,526.722412109375,,
SIFT_sf1,single,B1,0.3,0.1,33,238989,263896.10389610386,1.1042186205059807,385,385,0.12584682554006577,609.80712890625,,
SIFT_sf1,single,B1,0.3,0.1,34,239519,241038.96103896102,1.0063458892153065,385,385,0.12485496699810028,631.0441284179688,,
SIFT_sf1,single,B1,0.3,0.1,35,240004,253506.49350649348,1.056259451952857,385,385,0.12408383190631866,615.281005859375,,
SIFT_sf1,single,B1,0.3,0.1,36,238984,251428.57142857142,1.0520728225679183,385,385,0.12158229947090149,597.9905395507812,,
SIFT_sf1,single,B1,0.3,0.1,37,239505,222337.6623376623,1.0772129088785047,385,385,0.12382492423057556,594.425537109375,,
SIFT_sf1,single,B1,0.3,0.1,38,240029,263896.10389610386,1.0994342512617385,385,385,0.12372620403766632,534.527587890625,,
SIFT_sf1,single,B1,0.3,0.1,39,241462,249350.64935064933,1.0326703553795187,385,385,0.12463424354791641,534.4342651367188,,
SIFT_sf1,single,B1,0.3,0.1,40,239381,249350.64935064933,1.0416476217855608,385,385,0.12135785073041916,596.7802734375,,
SIFT_sf1,single,B1,0.3,0.1,41,238725,249350.64935064933,1.044509998327152,385,385,0.12512225657701492,609.4038696289062,,
SIFT_sf1,single,B1,0.3,0.1,42,240276,263896.10389610386,1.0983040499097032,385,385,0.12321025133132935,599.4697875976562,,
SIFT_sf1,single,B1,0.3,0.1,43,238202,222337.6623376623,1.0713524532710281,385,385,0.122779980301857,593.1591186523438,,
SIFT_sf1,single,B1,0.3,0.1,44,239703,232727.2727272727,1.0299738281250002,385,385,0.12091081589460373,618.3117065429688,,
SIFT_sf1,single,B1,0.3,0.1,45,238955,241038.96103896102,1.0087211443115274,385,385,0.12377742677927017,607.5432739257812,,
SIFT_sf1,single,B1,0.3,0.1,46,238857,232727.2727272727,1.026338671875,385,385,0.12273713946342468,603.4263916015625,,
SIFT_sf1,single,B1,0.3,0.1,47,239267,234805.1948051948,1.0190021570796461,385,385,0.12520607560873032,573.15625,,
SIFT_sf1,single,B1,0.3,0.1,48,240595,238961.03896103892,1.0068377717391306,385,385,0.12213457375764847,526.0760498046875,,
SIFT_sf1,single,B1,0.3,0.1,49,239391,270129.87012987013,1.1284044518376637,385,385,0.12298393994569778,525.7528686523438,,
SIFT_sf1,single,B1,0.3,0.1,50,240371,268062.82722513087,1.115204526440922,382,382,0.1399833709001541,519.016357421875,,
SIFT_sf1,single,B1,0.3,0.1,51,239573,234554.9738219895,1.0213938169642858,382,382,0.13473071157932281,659.9255981445312,,
SIFT_sf1,single,B1,0.3,0.1,52,240166,238743.45549738218,1.0059584649122808,382,382,0.13255979865789413,534.0,,
SIFT_sf1,single,B1,0.3,0.1,53,241176,261780.10471204185,1.0854318203803108,382,382,0.12959446758031845,551.3499755859375,,
SIFT_sf1,single,B1,0.3,0.1,54,240280,242931.93717277484,1.011036861881034,382,382,0.1257164403796196,545.88525390625,,
SIFT_sf1,single,B1,0.3,0.1,55,241332,232460.73298429316,1.0381624324324326,382,382,0.12606941163539886,566.6761474609375,,
SIFT_sf1,single,B1,0.3,0.1,56,238094,217801.04712041884,1.0931719711538461,382,382,0.12539513409137726,624.563720703125,,
SIFT_sf1,single,B1,0.3,0.1,57,240552,257591.6230366492,1.0708355076517726,382,382,0.1254640519618988,546.1309204101562,,
SIFT_sf1,single,B1,0.3,0.1,58,241047,247120.41884816752,1.0251959943420474,382,382,0.13098493218421936,521.5186767578125,,
SIFT_sf1,single,B1,0.3,0.1,59,239067,257591.6230366492,1.0774871606564236,382,382,0.1256559044122696,566.4174194335938,,
SIFT_sf1,single,B1,0.3,0.1,60,240490,259685.86387434552,1.0798198007166433,382,382,0.12455135583877563,555.9334716796875,,
SIFT_sf1,single,B1,0.3,0.1,61,241143,282722.5130890052,1.1724267886233695,382,382,0.12812204658985138,533.0062866210938,,
SIFT_sf1,single,B1,0.3,0.1,62,239708,257591.6230366492,1.0746058664568943,382,382,0.12342538684606552,597.37841796875,,
SIFT_sf1,single,B1,0.3,0.1,63,238919,253403.1413612565,1.0606236480198583,382,382,0.12448802590370178,506.2486572265625,,
SIFT_sf1,single,B1,0.3,0.1,64,240017,242931.93717277484,1.0121447113028446,382,382,0.1251380890607834,554.9564819335938,,
SIFT_sf1,single,B1,0.3,0.1,65,239799,228272.2513089005,1.050495619266055,382,382,0.12393109500408173,535.101318359375,,
SIFT_sf1,single,B1,0.3,0.1,66,240993,245026.1780104712,1.0167356645648264,382,382,0.1237671822309494,521.4495849609375,,
SIFT_sf1,single,B1,0.3,0.1,67,239135,268062.82722513087,1.1209686044499168,382,382,0.12430548667907715,529.9765014648438,,
SIFT_sf1,single,B1,0.3,0.1,68,241271,253403.1413612565,1.0502842917767012,382,382,0.12512318789958954,536.4191284179688,,
SIFT_sf1,single,B1,0.3,0.1,69,239833,253403.1413612565,1.0565816270540607,382,382,0.12428034096956253,563.7000122070312,,
SIFT_sf1,single,B1,0.3,0.1,70,239589,226178.01047120418,1.0592939583333334,382,382,0.12335553765296936,613.2862548828125,,
SIFT_sf1,single,B1,0.3,0.1,71,238995,284816.75392670155,1.1917268307985587,382,382,0.12402236461639404,565.3839111328125,,
SIFT_sf1,single,B1,0.3,0.1,72,241127,245026.1780104712,1.0161706404113648,382,382,0.1257108524441719,531.7772216796875,,
SIFT_sf1,single,B1,0.3,0.1,73,240605,236649.21465968585,1.0167158185840708,382,382,0.12549292296171188,531.4744262695312,,
SIFT_sf1,single,B1,0.3,0.1,74,240230,240837.6963350785,1.0025296438208322,382,382,0.12582633644342422,534.4985961914062,,
SIFT_sf1,single,B1,0.3,0.1,75,240947,259685.86387434552,1.0777717252107124,382,382,0.12626219540834427,541.7561645507812,,
SIFT_sf1,single,B1,0.3,0.1,76,239418,234554.9738219895,1.0207329910714287,382,382,0.12386124581098557,632.4212646484375,,
SIFT_sf1,single,B1,0.3,0.1,77,238975,234554.9738219895,1.0188443080357144,382,382,0.12485962361097336,551.9442138671875,,
SIFT_sf1,single,B1,0.3,0.1,78,240315,211518.32460732982,1.1361426980198022,382,382,0.12562423944473267,520.77001953125,,
SIFT_sf1,single,B1,0.3,0.1,79,239828,253403.1413612565,1.0566036549579554,382,382,0.12610387057065964,602.9403076171875,,
SIFT_sf1,single,B1,0.3,0.1,80,238646,228272.2513089005,1.045444633027523,382,382,0.12578535825014114,626.3814086914062,,
SIFT_sf1,single,B1,0.3,0.1,81,240830,242931.93717277484,1.0087278876085821,382,382,0.12531131505966187,535.3239135742188,,
SIFT_sf1,single,B1,0.3,0.1,82,239618,207329.84293193716,1.155733282828283,382,382,0.123598612844944,527.231201171875,,
SIFT_sf1,single,B1,0.3,0.1,83,240025,213612.56544502615,1.1236464460784314,382,382,0.1253848895430565,549.1609497070312,,
SIFT_sf1,single,B1,0.3,0.1,84,240228,238743.45549738218,1.006218157894737,382,382,0.12475810945034027,644.0323486328125,,
SIFT_sf1,single,B1,0.3,0.1,85,239082,245026.1780104712,1.0248625074680284,382,382,0.12858863919973373,606.4591674804688,,
SIFT_sf1,single,B1,0.3,0.1,86,241306,245026.1780104712,1.0154168483604684,382,382,0.12461468577384949,525.8390502929688,,
SIFT_sf1,single,B1,0.3,0.1,87,238776,221989.5287958115,1.0756183018867926,382,382,0.12455787509679794,602.5831298828125,,
SIFT_sf1,single,B1,0.3,0.1,88,240721,253403.1413612565,1.0526839842026932,382,382,0.12420117855072021,534.0147094726562,,
SIFT_sf1,single,B1,0.3,0.1,89,241523,219895.28795811516,1.0983545952380953,382,382,0.12834277004003525,516.4542846679688,,
SIFT_sf1,single,B1,0.3,0.1,90,238747,242931.93717277484,1.0175287529174182,382,382,0.12588314712047577,589.352783203125,,
SIFT_sf1,single,B1,0.3,0.1,91,240613,253403.1413612565,1.0531564851494164,382,382,0.1252768561244011,471.5422668457031,,
SIFT_sf1,single,B1,0.3,0.1,92,239429,215706.8062827225,1.1099742475728156,382,382,0.12531131505966187,548.2508544921875,,
SIFT_sf1,single,B1,0.3,0.1,93,239751,270157.0680628272,1.1268235296738167,382,382,0.1245616003870964,512.2564697265625,,
SIFT_sf1,single,B1,0.3,0.1,94,240471,247120.41884816752,1.0276516455130453,382,382,0.12798700481653214,551.2310791015625,,
SIFT_sf1,single,B1,0.3,0.1,95,240197,253403.1413612565,1.0549804592116325,382,382,0.12405030429363251,456.77642822265625,,
SIFT_sf1,single,B1,0.3,0.1,96,239411,253403.1413612565,1.058444020371898,382,382,0.12492109090089798,606.460205078125,,
SIFT_sf1,single,B1,0.3,0.1,97,239641,263874.3455497382,1.1011235370814603,382,382,0.12404285371303558,554.611328125,,
SIFT_sf1,single,B1,0.3,0.1,98,239181,249214.65968586385,1.041950069971544,382,382,0.12589991092681885,629.0546264648438,,
SIFT_sf1,single,B1,0.3,0.1,99,238647,203141.36125654448,1.1747829123711342,382,382,0.1258673146367073,633.6390380859375,,
SIFT_sf1,single,B1,0.3,0.2,0,239775,255584.41558441555,1.0659343784148287,385,385,0.17172656953334808,645.3699951171875,,
SIFT_sf1,single,B1,0.3,0.2,1,240546,251428.57142857142,1.045241124061807,385,385,0.13723131269216537,557.0772094726562,,
SIFT_sf1,single,B1,0.3,0.2,2,239972,228571.42857142855,1.0498775,385,385,0.13193301856517792,535.42529296875,,
SIFT_sf1,single,B1,0.3,0.2,3,240415,220259.74025974024,1.0915067806603775,385,385,0.12802518904209137,566.8768920898438,,
SIFT_sf1,single,B1,0.3,0.2,4,240189,257662.33766233764,1.0727482843191722,385,385,0.1250486820936203,511.42095947265625,,
SIFT_sf1,single,B1,0.3,0.2,5,239264,253506.49350649348,1.059526270172251,385,385,0.130542553961277,533.3854370117188,,
SIFT_sf1,single,B1,0.3,0.2,6,238890,251428.57142857142,1.052486799064722,385,385,0.1279134303331375,614.9046020507812,,
SIFT_sf1,single,B1,0.3,0.2,7,239520,243116.8831168831,1.0150170470811752,385,385,0.1256801187992096,610.2753295898438,,
SIFT_sf1,single,B1,0.3,0.2,8,239333,268051.94805194804,1.119995771798908,385,385,0.12465659528970718,600.2974243164062,,
SIFT_sf1,single,B1,0.3,0.2,9,238909,243116.8831168831,1.0176129116813646,385,385,0.12416206300258636,598.0426635742188,,
SIFT_sf1,single,B1,0.3,0.2,10,239349,241038.96103896102,1.0070606563593791,385,385,0.12366939336061478,646.1485595703125,,
SIFT_sf1,single,B1,0.3,0.2,11,239505,249350.64935064933,1.0411083248811062,385,385,0.1221122220158577,493.2190246582031,,
SIFT_sf1,single,B1,0.3,0.2,12,238783,259740.25974025973,1.0877669672474997,385,385,0.12453366070985794,522.4685668945312,,
SIFT_sf1,single,B1,0.3,0.2,13,239662,232727.2727272727,1.0297976562500002,385,385,0.12181513011455536,570.6014404296875,,
SIFT_sf1,single,B1,0.3,0.2,14,240367,253506.49350649348,1.054664298786828,385,385,0.12288521975278854,530.7268676757812,,
SIFT_sf1,single,B1,0.3,0.2,15,240286,253506.49350649348,1.0550198243197417,385,385,0.12871716171503067,535.0635375976562,,
SIFT_sf1,single,B1,0.3,0.2,16,238960,228571.42857142855,1.04545,385,385,0.12341327965259552,642.5154418945312,,
SIFT_sf1,single,B1,0.3,0.2,17,239191,243116.8831168831,1.0164131723889407,385,385,0.12471247464418411,508.0574951171875,,
SIFT_sf1,single,B1,0.3,0.2,18,239559,243116.8831168831,1.0148518031753477,385,385,0.12379884719848633,572.8635864257812,,
SIFT_sf1,single,B1,0.3,0.2,19,239361,222337.6623376623,1.076565245327103,385,385,0.12325681746006012,620.327880859375,,
SIFT_sf1,single,B1,0.3,0.2,20,239858,249350.64935064933,1.0395761214995929,385,385,0.12200139462947845,534.8015747070312,,
SIFT_sf1,single,B1,0.3,0.2,21,239924,218181.81818181818,1.0996516666666667,385,385,0.12410804629325867,569.7567138671875,,
SIFT_sf1,single,B1,0.3,0.2,22,240302,251428.57142857142,1.046302450369,385,385,0.1220703125,543.1884765625,,
SIFT_sf1,single,B1,0.3,0.2,23,240453,261818.1818181818,1.088853879212078,385,385,0.12338068336248398,552.6343383789062,,
SIFT_sf1,single,B1,0.3,0.2,24,240177,236883.11688311686,1.0139050986842106,385,385,0.12017600238323212,539.0467529296875,,
SIFT_sf1,single,B1,0.3,0.2,25,239214,241038.96103896102,1.0076289892688597,385,385,0.12192316353321075,548.3484497070312,,
SIFT_sf1,single,B1,0.3,0.2,26,238402,228571.42857142855,1.04300875,385,385,0.1217396929860115,576.7813720703125,,
SIFT_sf1,single,B1,0.3,0.2,27,241620,257662.33766233764,1.0663949079643145,385,385,0.12410152703523636,531.8746948242188,,
SIFT_sf1,single,B1,0.3,0.2,28,240826,228571.42857142855,1.05361375,385,385,0.1214742660522461,553.5723876953125,,
SIFT_sf1,single,B1,0.3,0.2,29,239119,220259.74025974024,1.0856228183962264,385,385,0.12121070176362991,555.843505859375,,
SIFT_sf1,single,B1,0.3,0.2,30,240024,236883.11688311686,1.0132592105263158,385,385,0.12363959103822708,512.7706298828125,,
SIFT_sf1,single,B1,0.3,0.2,31,241009,232727.2727272727,1.0355855468750002,385,385,0.12308638542890549,542.3388061523438,,
SIFT_sf1,single,B1,0.3,0.2,32,240295,226493.5064935065,1.060935493119266,385,385,0.12029614299535751,526.722412109375,,
SIFT_sf1,single,B1,0.3,0.2,33,238989,203636.36363636362,1.1736066964285716,385,385,0.12279767543077469,609.80712890625,,
SIFT_sf1,single,B1,0.3,0.2,34,239519,230649.3506493506,1.038455123873874,385,385,0.12168195098638535,631.0441284179688,,
SIFT_sf1,single,B1,0.3,0.2,35,240004,201558.44155844155,1.1907414948453607,385,385,0.12417975813150406,615.281005859375,,
SIFT_sf1,single,B1,0.3,0.2,36,238984,251428.57142857142,1.0520728225679183,385,385,0.12085027992725372,597.9905395507812,,
SIFT_sf1,single,B1,0.3,0.2,37,239505,241038.96103896102,1.006404714051736,385,385,0.12280791997909546,594.425537109375,,
SIFT_sf1,single,B1,0.3,0.2,38,240029,224415.5844155844,1.0695736689814817,385,385,0.12362189590930939,534.527587890625,,
SIFT_sf1,single,B1,0.3,0.2,39,241462,224415.5844155844,1.0759591435185185,385,385,0.12360792607069016,534.4342651367188,,
SIFT_sf1,single,B1,0.3,0.2,40,239381,228571.42857142855,1.0472918750000002,385,385,0.11948961764574051,596.7802734375,,
SIFT_sf1,single,B1,0.3,0.2,41,238725,259740.25974025973,1.08803124825745,385,385,0.1228582113981247,609.4038696289062,,
SIFT_sf1,single,B1,0.3,0.2,42,240276,226493.5064935065,1.0608516055045871,385,385,0.12257508933544159,599.4697875976562,,
SIFT_sf1,single,B1,0.3,0.2,43,238202,247272.72727272724,1.0380799794826543,385,385,0.12088194489479065,593.1591186523438,,
SIFT_sf1,single,B1,0.3,0.2,44,239703,241038.96103896102,1.0055734014132531,385,385,0.12101326137781143,618.3117065429688,,
SIFT_sf1,single,B1,0.3,0.2,45,238955,245194.80519480517,1.0261128881789674,385,385,0.12386217713356018,607.5432739257812,,
SIFT_sf1,single,B1,0.3,0.2,46,238857,243116.8831168831,1.0178344495530092,385,385,0.12207217514514923,603.4263916015625,,
SIFT_sf1,single,B1,0.3,0.2,47,239267,255584.41558441555,1.0681975181885321,385,385,0.12776535004377365,573.15625,,
SIFT_sf1,single,B1,0.3,0.2,48,240595,224415.5844155844,1.072095775462963,385,385,0.12168381363153458,526.0760498046875,,
SIFT_sf1,single,B1,0.3,0.2,49,239391,226493.5064935065,1.0569442087155965,385,385,0.12193899601697922,525.7528686523438,,
SIFT_sf1,single,B1,0.3,0.2,50,240371,253403.1413612565,1.054216778901184,382,382,0.13569742441177368,519.016357421875,,
SIFT_sf1,single,B1,0.3,0.2,51,239573,221989.5287958115,1.079208561320755,382,382,0.1320997253060341,659.9255981445312,,
SIFT_sf1,single,B1,0.3,0.2,52,240166,224083.76963350782,1.071768831775701,382,382,0.1287609338760376,534.0,,
SIFT_sf1,single,B1,0.3,0.2,53,241176,253403.1413612565,1.050698002128141,382,382,0.12439768761396408,551.3499755859375,,
SIFT_sf1,single,B1,0.3,0.2,54,240280,230366.49214659684,1.0430336363636366,382,382,0.12768805027008057,545.88525390625,,
SIFT_sf1,single,B1,0.3,0.2,55,241332,238743.45549738218,1.0108423684210528,382,382,0.12774206697940826,566.6761474609375,,
SIFT_sf1,single,B1,0.3,0.2,56,238094,240837.6963350785,1.0115235845299693,382,382,0.12600794434547424,624.563720703125,,
SIFT_sf1,single,B1,0.3,0.2,57,240552,270157.0680628272,1.1230713860738104,382,382,0.12462213635444641,546.1309204101562,,
SIFT_sf1,single,B1,0.3,0.2,58,241047,190575.91623036648,1.264834532967033,382,382,0.12491457164287567,521.5186767578125,,
SIFT_sf1,single,B1,0.3,0.2,59,239067,234554.9738219895,1.0192365401785717,382,382,0.1261020079255104,566.4174194335938,,
SIFT_sf1,single,B1,0.3,0.2,60,240490,232460.73298429316,1.0345403153153154,382,382,0.12547895312309265,555.9334716796875,,
SIFT_sf1,single,B1,0.3,0.2,61,241143,255497.38219895287,1.0595264312003785,382,382,0.12416020035743713,533.0062866210938,,
SIFT_sf1,single,B1,0.3,0.2,62,239708,240837.6963350785,1.004712801971893,382,382,0.12615323066711426,597.37841796875,,
SIFT_sf1,single,B1,0.3,0.2,63,238919,230366.49214659684,1.0371256590909093,382,382,0.12649409472942352,506.2486572265625,,
SIFT_sf1,single,B1,0.3,0.2,64,240017,234554.9738219895,1.0232867633928573,382,382,0.12662261724472046,554.9564819335938,,
SIFT_sf1,single,B1,0.3,0.2,65,239799,232460.73298429316,1.0315677702702704,382,382,0.12385006994009018,535.101318359375,,
SIFT_sf1,single,B1,0.3,0.2,66,240993,203141.36125654448,1.1863315206185567,382,382,0.1273900270462036,521.4495849609375,,
SIFT_sf1,single,B1,0.3,0.2,67,239135,257591.6230366492,1.0771807683385919,382,382,0.1300312578678131,529.9765014648438,,
SIFT_sf1,single,B1,0.3,0.2,68,241271,224083.76963350782,1.0767000233644861,382,382,0.1264866441488266,536.4191284179688,,
SIFT_sf1,single,B1,0.3,0.2,69,239833,253403.1413612565,1.0565816270540607,382,382,0.1254994422197342,563.7000122070312,,
SIFT_sf1,single,B1,0.3,0.2,70,239589,224083.76963350782,1.069193901869159,382,382,0.12729410082101822,613.2862548828125,,
SIFT_sf1,single,B1,0.3,0.2,71,238995,221989.5287958115,1.0766048349056605,382,382,0.12730807065963745,565.3839111328125,,
SIFT_sf1,single,B1,0.3,0.2,72,241127,280628.2722513089,1.1638193659412215,382,382,0.12535694986581802,531.7772216796875,,
SIFT_sf1,single,B1,0.3,0.2,73,240605,261780.10471204185,1.0880077500968053,382,382,0.12338254600763321,531.4744262695312,,
SIFT_sf1,single,B1,0.3,0.2,74,240230,228272.2513089005,1.0523837155963303,382,382,0.12611597776412964,534.4985961914062,,
SIFT_sf1,single,B1,0.3,0.2,75,240947,230366.49214659684,1.0459290227272728,382,382,0.12584682554006577,541.7561645507812,,
SIFT_sf1,single,B1,0.3,0.2,76,239418,268062.82722513087,1.1196435824588413,382,382,0.12595206499099731,632.4212646484375,,
SIFT_sf1,single,B1,0.3,0.2,77,238975,221989.5287958115,1.0765147405660378,382,382,0.12968666851520538,551.9442138671875,,
SIFT_sf1,single,B1,0.3,0.2,78,240315,232460.73298429316,1.0337875,382,382,0.12707524001598358,520.77001953125,,
SIFT_sf1,single,B1,0.3,0.2,79,239828,221989.5287958115,1.0803572641509436,382,382,0.1274188980460167,602.9403076171875,,
SIFT_sf1,single,B1,0.3,0.2,80,238646,255497.38219895287,1.0706124644827606,382,382,0.12597255408763885,626.3814086914062,,
SIFT_sf1,single,B1,0.3,0.2,81,240830,251308.90052356018,1.043511607870947,382,382,0.12394879013299942,535.3239135742188,,
SIFT_sf1,single,B1,0.3,0.2,82,239618,209424.0837696335,1.1441759500000002,382,382,0.12582261115312576,527.231201171875,,
SIFT_sf1,single,B1,0.3,0.2,83,240025,270157.0680628272,1.125537206802738,382,382,0.12576207518577576,549.1609497070312,,
SIFT_sf1,single,B1,0.3,0.2,84,240228,236649.21465968585,1.0151227433628318,382,382,0.12631621211767197,644.0323486328125,,
SIFT_sf1,single,B1,0.3,0.2,85,239082,232460.73298429316,1.0284833783783784,382,382,0.12648198753595352,606.4591674804688,,
SIFT_sf1,single,B1,0.3,0.2,86,241306,242931.93717277484,1.0067380718787549,382,382,0.12889504432678223,525.8390502929688,,
SIFT_sf1,single,B1,0.3,0.2,87,238776,238743.45549738218,1.0001363157894738,382,382,0.12704730033874512,602.5831298828125,,
SIFT_sf1,single,B1,0.3,0.2,88,240721,251308.90052356018,1.0439841165646544,382,382,0.13088155537843704,534.0147094726562,,
SIFT_sf1,single,B1,0.3,0.2,89,241523,263874.3455497382,1.0925433418338553,382,382,0.12402888387441635,516.4542846679688,,
SIFT_sf1,single,B1,0.3,0.2,90,238747,230366.49214659684,1.036379022727273,382,382,0.12809690088033676,589.352783203125,,
SIFT_sf1,single,B1,0.3,0.2,91,240613,259685.86387434552,1.0792678029630383,382,382,0.12720748782157898,471.5422668457031,,
SIFT_sf1,single,B1,0.3,0.2,92,239429,242931.93717277484,1.0146303796648477,382,382,0.12815836817026138,548.2508544921875,,
SIFT_sf1,single,B1,0.3,0.2,93,239751,253403.1413612565,1.0569430007017968,382,382,0.12289080768823624,512.2564697265625,,
SIFT_sf1,single,B1,0.3,0.2,94,240471,263874.3455497382,1.0973229435139298,382,382,0.12621935456991196,551.2310791015625,,
SIFT_sf1,single,B1,0.3,0.2,95,240197,245026.1780104712,1.0201050721302565,382,382,0.13060588389635086,456.77642822265625,,
SIFT_sf1,single,B1,0.3,0.2,96,239411,213612.56544502615,1.1207720833333334,382,382,0.12723170220851898,606.460205078125,,
SIFT_sf1,single,B1,0.3,0.2,97,239641,242931.93717277484,1.0137327801702332,382,382,0.1243390142917633,554.611328125,,
SIFT_sf1,single,B1,0.3,0.2,98,239181,257591.6230366492,1.0769736017352933,382,382,0.12801773846149445,629.0546264648438,,
SIFT_sf1,single,B1,0.3,0.2,99,238647,221989.5287958115,1.0750371933962266,382,382,0.12830551713705063,633.6390380859375,,
SIFT_sf1,single,B1,0.3,0.3,0,239775,228571.42857142855,1.049015625,385,385,0.1676669344305992,645.3699951171875,,
SIFT_sf1,single,B1,0.3,0.3,1,240546,261818.1818181818,1.088432906047832,385,385,0.13826508074998856,557.0772094726562,,
SIFT_sf1,single,B1,0.3,0.3,2,239972,211948.05194805193,1.1322208333333335,385,385,0.13286899775266647,535.42529296875,,
SIFT_sf1,single,B1,0.3,0.3,3,240415,270129.87012987013,1.1235982369231128,385,385,0.13448111712932587,566.8768920898438,,
SIFT_sf1,single,B1,0.3,0.3,4,240189,232727.2727272727,1.0320621093750002,385,385,0.12817233800888062,511.42095947265625,,
SIFT_sf1,single,B1,0.3,0.3,5,239264,247272.72727272724,1.0334723454958843,385,385,0.12465473264455795,533.3854370117188,,
SIFT_sf1,single,B1,0.3,0.3,6,238890,249350.64935064933,1.0437885610559225,385,385,0.1248260959982872,614.9046020507812,,
SIFT_sf1,single,B1,0.3,0.3,7,239520,259740.25974025973,1.0844199220952728,385,385,0.12435950338840485,610.2753295898438,,
SIFT_sf1,single,B1,0.3,0.3,8,239333,226493.5064935065,1.056688130733945,385,385,0.12435764074325562,600.2974243164062,,
SIFT_sf1,single,B1,0.3,0.3,9,238909,236883.11688311686,1.0085522478070177,385,385,0.12481492012739182,598.0426635742188,,
SIFT_sf1,single,B1,0.3,0.3,10,239349,226493.5064935065,1.05675877293578,385,385,0.1226179301738739,646.1485595703125,,
SIFT_sf1,single,B1,0.3,0.3,11,239505,255584.41558441555,1.0671360330031336,385,385,0.12374669313430786,493.2190246582031,,
SIFT_sf1,single,B1,0.3,0.3,12,238783,259740.25974025973,1.0877669672474997,385,385,0.12563448399305344,522.4685668945312,,
SIFT_sf1,single,B1,0.3,0.3,13,239662,253506.49350649348,1.0577667444421455,385,385,0.12192130088806152,570.6014404296875,,
SIFT_sf1,single,B1,0.3,0.3,14,240367,278441.5584415584,1.158401770798647,385,385,0.12176856398582458,530.7268676757812,,
SIFT_sf1,single,B1,0.3,0.3,15,240286,238961.03896103892,1.0055446739130436,385,385,0.12152176350355148,535.0635375976562,,
SIFT_sf1,single,B1,0.3,0.3,16,238960,261818.1818181818,1.0956569376388592,385,385,0.1209992915391922,642.5154418945312,,
SIFT_sf1,single,B1,0.3,0.3,17,239191,270129.87012987013,1.1293479693210453,385,385,0.12020394206047058,508.0574951171875,,
SIFT_sf1,single,B1,0.3,0.3,18,239559,238961.03896103892,1.0025023369565218,385,385,0.12473482638597488,572.8635864257812,,
SIFT_sf1,single,B1,0.3,0.3,19,239361,251428.57142857142,1.0504157796323186,385,385,0.12396462261676788,620.327880859375,,
SIFT_sf1,single,B1,0.3,0.3,20,239858,241038.96103896102,1.0049235841162731,385,385,0.12214388698339462,534.8015747070312,,
SIFT_sf1,single,B1,0.3,0.3,21,239924,241038.96103896102,1.0046471425908248,385,385,0.11989660561084747,569.7567138671875,,
SIFT_sf1,single,B1,0.3,0.3,22,240302,245194.80519480517,1.0203610673019998,385,385,0.12392550706863403,543.1884765625,,
SIFT_sf1,single,B1,0.3,0.3,23,240453,236883.11688311686,1.015070230263158,385,385,0.1225639134645462,552.6343383789062,,
SIFT_sf1,single,B1,0.3,0.3,24,240177,228571.42857142855,1.050774375,385,385,0.12295972555875778,539.0467529296875,,
SIFT_sf1,single,B1,0.3,0.3,25,239214,274285.71428571426,1.14661229813353,385,385,0.12231618165969849,548.3484497070312,,
SIFT_sf1,single,B1,0.3,0.3,26,238402,234805.1948051948,1.0153182522123894,385,385,0.12286193668842316,576.7813720703125,,
SIFT_sf1,single,B1,0.3,0.3,27,241620,245194.80519480517,1.014795154353138,385,385,0.1217033714056015,531.8746948242188,,
SIFT_sf1,single,B1,0.3,0.3,28,240826,243116.8831168831,1.0095126070975855,385,385,0.12274831533432007,553.5723876953125,,
SIFT_sf1,single,B1,0.3,0.3,29,239119,268051.94805194804,1.1209981141270582,385,385,0.12102536857128143,555.843505859375,,
SIFT_sf1,single,B1,0.3,0.3,30,240024,272207.79220779217,1.1340857256265713,385,385,0.12318883091211319,512.7706298828125,,
SIFT_sf1,single,B1,0.3,0.3,31,241009,245194.80519480517,1.0173678376940496,385,385,0.12372899800539017,542.3388061523438,,
SIFT_sf1,single,B1,0.3,0.3,32,240295,220259.74025974024,1.0909619693396226,385,385,0.12328848242759705,526.722412109375,,
SIFT_sf1,single,B1,0.3,0.3,33,238989,226493.5064935065,1.0551693233944954,385,385,0.120602548122406,609.80712890625,,
SIFT_sf1,single,B1,0.3,0.3,34,239519,228571.42857142855,1.047895625,385,385,0.1603672280907631,631.0441284179688,,
SIFT_sf1,single,B1,0.3,0.3,35,240004,230649.3506493506,1.040557882882883,385,385,0.1262221485376358,615.281005859375,,
SIFT_sf1,single,B1,0.3,0.3,36,238984,274285.71428571426,1.147715806437729,385,385,0.12616347521543503,597.9905395507812,,
SIFT_sf1,single,B1,0.3,0.3,37,239505,220259.74025974024,1.087375294811321,385,385,0.1249583438038826,594.425537109375,,
SIFT_sf1,single,B1,0.3,0.3,38,240029,243116.8831168831,1.0128646251781372,385,385,0.12213457375764847,534.527587890625,,
SIFT_sf1,single,B1,0.3,0.3,39,241462,222337.6623376623,1.0860148364485982,385,385,0.12199301272630692,534.4342651367188,,
SIFT_sf1,single,B1,0.3,0.3,40,239381,230649.3506493506,1.0378568130630632,385,385,0.12495927512645721,596.7802734375,,
SIFT_sf1,single,B1,0.3,0.3,41,238725,195324.6753246753,1.222195811170213,385,385,0.12306496500968933,609.4038696289062,,
SIFT_sf1,single,B1,0.3,0.3,42,240276,247272.72727272724,1.0291195428287772,385,385,0.12207403779029846,599.4697875976562,,
SIFT_sf1,single,B1,0.3,0.3,43,238202,222337.6623376623,1.0713524532710281,385,385,0.12263748794794083,593.1591186523438,,
SIFT_sf1,single,B1,0.3,0.3,44,239703,234805.1948051948,1.0208590154867256,385,385,0.12288615107536316,618.3117065429688,,
SIFT_sf1,single,B1,0.3,0.3,45,238955,236883.11688311686,1.0087464364035088,385,385,0.12114830315113068,607.5432739257812,,
SIFT_sf1,single,B1,0.3,0.3,46,238857,230649.3506493506,1.0355849662162164,385,385,0.12152548879384995,603.4263916015625,,
SIFT_sf1,single,B1,0.3,0.3,47,239267,265974.02597402595,1.1116201815295295,385,385,0.12215785682201385,573.15625,,
SIFT_sf1,single,B1,0.3,0.3,48,240595,214025.974025974,1.124139259708738,385,385,0.11928100138902664,526.0760498046875,,
SIFT_sf1,single,B1,0.3,0.3,49,239391,245194.80519480517,1.0242440408988023,385,385,0.12040883302688599,525.7528686523438,,
SIFT_sf1,single,B1,0.3,0.3,50,240371,249214.65968586385,1.0367917081755447,382,382,0.1314627006649971,519.016357421875,,
SIFT_sf1,single,B1,0.3,0.3,51,239573,213612.56544502615,1.1215304656862746,382,382,0.12556463479995728,659.9255981445312,,
SIFT_sf1,single,B1,0.3,0.3,52,240166,234554.9738219895,1.0239220089285717,382,382,0.1256857067346573,534.0,,
SIFT_sf1,single,B1,0.3,0.3,53,241176,234554.9738219895,1.028228035714286,382,382,0.12509431689977646,551.3499755859375,,
SIFT_sf1,single,B1,0.3,0.3,54,240280,209424.0837696335,1.147337,382,382,0.12458954006433487,545.88525390625,,
SIFT_sf1,single,B1,0.3,0.3,55,241332,261780.10471204185,1.0847301837801944,382,382,0.12480001896619797,566.6761474609375,,
SIFT_sf1,single,B1,0.3,0.3,56,238094,236649.21465968585,1.0061051769911504,382,382,0.12472737580537796,624.563720703125,,
SIFT_sf1,single,B1,0.3,0.3,57,240552,249214.65968586385,1.0360115887037473,382,382,0.12606196105480194,546.1309204101562,,
SIFT_sf1,single,B1,0.3,0.3,58,241047,242931.93717277484,1.0078197910481144,382,382,0.12651551514863968,521.5186767578125,,
SIFT_sf1,single,B1,0.3,0.3,59,239067,215706.8062827225,1.1082960436893203,382,382,0.12659281492233276,566.4174194335938,,
SIFT_sf1,single,B1,0.3,0.3,60,240490,217801.04712041884,1.1041728365384615,382,382,0.12551620602607727,555.9334716796875,,
SIFT_sf1,single,B1,0.3,0.3,61,241143,261780.10471204185,1.0855803598364533,382,382,0.12430641800165176,533.0062866210938,,
SIFT_sf1,single,B1,0.3,0.3,62,239708,238743.45549738218,1.0040400877192983,382,382,0.12367311865091324,597.37841796875,,
SIFT_sf1,single,B1,0.3,0.3,63,238919,234554.9738219895,1.0186055580357145,382,382,0.1230454072356224,506.2486572265625,,
SIFT_sf1,single,B1,0.3,0.3,64,240017,209424.0837696335,1.1460811750000002,382,382,0.12375973165035248,554.9564819335938,,
SIFT_sf1,single,B1,0.3,0.3,65,239799,257591.6230366492,1.0741980702031668,382,382,0.12879911810159683,535.101318359375,,
SIFT_sf1,single,B1,0.3,0.3,66,240993,263874.3455497382,1.0949461003005823,382,382,0.1234663650393486,521.4495849609375,,
SIFT_sf1,single,B1,0.3,0.3,67,239135,253403.1413612565,1.059665633894062,382,382,0.12452062219381332,529.9765014648438,,
SIFT_sf1,single,B1,0.3,0.3,68,241271,213612.56544502615,1.12947943627451,382,382,0.12489128857851028,536.4191284179688,,
SIFT_sf1,single,B1,0.3,0.3,69,239833,251308.90052356018,1.0478495474916303,382,382,0.12593716382980347,563.7000122070312,,
SIFT_sf1,single,B1,0.3,0.3,70,239589,257591.6230366492,1.075139605894466,382,382,0.12407917529344559,613.2862548828125,,
SIFT_sf1,single,B1,0.3,0.3,71,238995,255497.38219895287,1.0690490688045895,382,382,0.12445449829101562,565.3839111328125,,
SIFT_sf1,single,B1,0.3,0.3,72,241127,230366.49214659684,1.0467103863636364,382,382,0.12587383389472961,531.7772216796875,,
SIFT_sf1,single,B1,0.3,0.3,73,240605,234554.9738219895,1.0257936383928572,382,382,0.12474227696657181,531.4744262695312,,
SIFT_sf1,single,B1,0.3,0.3,74,240230,240837.6963350785,1.0025296438208322,382,382,0.12550968676805496,534.4985961914062,,
SIFT_sf1,single,B1,0.3,0.3,75,240947,247120.41884816752,1.0256214804424522,382,382,0.12428779155015945,541.7561645507812,,
SIFT_sf1,single,B1,0.3,0.3,76,239418,224083.76963350782,1.0684307943925235,382,382,0.12478604912757874,632.4212646484375,,
SIFT_sf1,single,B1,0.3,0.3,77,238975,236649.21465968585,1.0098279867256639,382,382,0.12606382369995117,551.9442138671875,,
SIFT_sf1,single,B1,0.3,0.3,78,240315,236649.21465968585,1.0154903761061946,382,382,0.12521538883447647,520.77001953125,,
SIFT_sf1,single,B1,0.3,0.3,79,239828,261780.10471204185,1.0915327014028464,382,382,0.12439675629138947,602.9403076171875,,
SIFT_sf1,single,B1,0.3,0.3,80,238646,238743.45549738218,1.000408368451104,382,382,0.12531504034996033,626.3814086914062,,
SIFT_sf1,single,B1,0.3,0.3,81,240830,228272.2513089005,1.0550121559633028,382,382,0.12537557631731033,535.3239135742188,,
SIFT_sf1,single,B1,0.3,0.3,82,239618,242931.93717277484,1.0138300844376251,382,382,0.1293327659368515,527.231201171875,,
SIFT_sf1,single,B1,0.3,0.3,83,240025,253403.1413612565,1.0557364497917154,382,382,0.12689270079135895,549.1609497070312,,
SIFT_sf1,single,B1,0.3,0.3,84,240228,245026.1780104712,1.019973433615029,382,382,0.12591388076543808,644.0323486328125,,
SIFT_sf1,single,B1,0.3,0.3,85,239082,265968.5863874345,1.112457593576407,382,382,0.12363679707050323,606.4591674804688,,
SIFT_sf1,single,B1,0.3,0.3,86,241306,261780.10471204185,1.0848470602141755,382,382,0.12610666453838348,525.8390502929688,,
SIFT_sf1,single,B1,0.3,0.3,87,238776,215706.8062827225,1.106946990291262,382,382,0.12423750013113022,602.5831298828125,,
SIFT_sf1,single,B1,0.3,0.3,88,240721,224083.76963350782,1.0742455841121497,382,382,0.12462958693504333,534.0147094726562,,
SIFT_sf1,single,B1,0.3,0.3,89,241523,253403.1413612565,1.0491884473166386,382,382,0.12802239507436752,516.4542846679688,,
SIFT_sf1,single,B1,0.3,0.3,90,238747,251308.90052356018,1.0526159512938809,382,382,0.126570463180542,589.352783203125,,
SIFT_sf1,single,B1,0.3,0.3,91,240613,265968.5863874345,1.1053791207766601,382,382,0.1276833936572075,471.5422668457031,,
SIFT_sf1,single,B1,0.3,0.3,92,239429,226178.01047120418,1.058586550925926,382,382,0.12697186321020126,548.2508544921875,,
SIFT_sf1,single,B1,0.3,0.3,93,239751,238743.45549738218,1.004220197368421,382,382,0.12689363211393356,512.2564697265625,,
SIFT_sf1,single,B1,0.3,0.3,94,240471,245026.1780104712,1.0189427332629348,382,382,0.12629292905330658,551.2310791015625,,
SIFT_sf1,single,B1,0.3,0.3,95,240197,238743.45549738218,1.0060883114035089,382,382,0.12967083603143692,456.77642822265625,,
SIFT_sf1,single,B1,0.3,0.3,96,239411,236649.21465968585,1.0116703761061947,382,382,0.1282310113310814,606.460205078125,,
SIFT_sf1,single,B1,0.3,0.3,97,239641,224083.76963350782,1.0694259579439254,382,382,0.12641213834285736,554.611328125,,
SIFT_sf1,single,B1,0.3,0.3,98,239181,219895.28795811516,1.0877040714285715,382,382,0.1260656863451004,629.0546264648438,,
SIFT_sf1,single,B1,0.3,0.3,99,238647,263874.3455497382,1.105709879234762,382,382,0.12609828263521194,633.6390380859375,,
SIFT_sf1,single,B1,0.3,0.4,0,239775,261818.1818181818,1.0919327778883612,385,385,0.18398836255073547,645.3699951171875,,
SIFT_sf1,single,B1,0.3,0.4,1,240546,211948.05194805193,1.1349290441176472,385,385,0.14462321996688843,557.0772094726562,,
SIFT_sf1,single,B1,0.3,0.4,2,239972,253506.49350649348,1.0564003029790705,385,385,0.13527832925319672,535.42529296875,,
SIFT_sf1,single,B1,0.3,0.4,3,240415,236883.11688311686,1.0149098135964914,385,385,0.13069063425064087,566.8768920898438,,
SIFT_sf1,single,B1,0.3,0.4,4,240189,234805.1948051948,1.0229288163716814,385,385,0.12749526649713516,511.42095947265625,,
SIFT_sf1,single,B1,0.3,0.4,5,239264,226493.5064935065,1.0563834862385322,385,385,0.12781936675310135,533.3854370117188,,
SIFT_sf1,single,B1,0.3,0.4,6,238890,218181.81818181818,1.0949125,385,385,0.12704450637102127,614.9046020507812,,
SIFT_sf1,single,B1,0.3,0.4,7,239520,232727.2727272727,1.0291875000000001,385,385,0.1257043331861496,610.2753295898438,,
SIFT_sf1,single,B1,0.3,0.4,8,239333,199480.51948051946,1.1997813151041667,385,385,0.12492761015892029,600.2974243164062,,
SIFT_sf1,single,B1,0.3,0.4,9,238909,236883.11688311686,1.0085522478070177,385,385,0.12558791786432266,598.0426635742188,,
SIFT_sf1,single,B1,0.3,0.4,10,239349,255584.41558441555,1.067831558036238,385,385,0.12381840497255325,646.1485595703125,,
SIFT_sf1,single,B1,0.3,0.4,11,239505,230649.3506493506,1.0383944256756759,385,385,0.12392643839120865,493.2190246582031,,
SIFT_sf1,single,B1,0.3,0.4,12,238783,253506.49350649348,1.0616605600335598,385,385,0.12627150863409042,522.4685668945312,,
SIFT_sf1,single,B1,0.3,0.4,13,239662,257662.33766233764,1.0751071828756233,385,385,0.12283399701118469,570.6014404296875,,
SIFT_sf1,single,B1,0.3,0.4,14,240367,272207.79220779217,1.1324674027956922,385,385,0.12581795454025269,530.7268676757812,,
SIFT_sf1,single,B1,0.3,0.4,15,240286,211948.05194805193,1.1337023284313728,385,385,0.12480746954679489,535.0635375976562,,
SIFT_sf1,single,B1,0.3,0.4,16,238960,249350.64935064933,1.0434827977512944,385,385,0.125776045024395,642.5154418945312,,
SIFT_sf1,single,B1,0.3,0.4,17,239191,247272.72727272724,1.0337877565323412,385,385,0.12424495071172714,508.0574951171875,,
SIFT_sf1,single,B1,0.3,0.4,18,239559,247272.72727272724,1.032199697246721,385,385,0.12470223009586334,572.8635864257812,,
SIFT_sf1,single,B1,0.3,0.4,19,239361,214025.974025974,1.1183736043689323,385,385,0.12366659939289093,620.327880859375,,
SIFT_sf1,single,B1,0.3,0.4,20,239858,224415.5844155844,1.068811689814815,385,385,0.12416206300258636,534.8015747070312,,
SIFT_sf1,single,B1,0.3,0.4,21,239924,247272.72727272724,1.0306293962785182,385,385,0.1290738582611084,569.7567138671875,,
SIFT_sf1,single,B1,0.3,0.4,22,240302,282597.4025974026,1.1760093657039998,385,385,0.12398511171340942,543.1884765625,,
SIFT_sf1,single,B1,0.3,0.4,23,240453,243116.8831168831,1.0110786021255012,385,385,0.1229671761393547,552.6343383789062,,
SIFT_sf1,single,B1,0.3,0.4,24,240177,230649.3506493506,1.0413079391891893,385,385,0.12393295764923096,539.0467529296875,,
SIFT_sf1,single,B1,0.3,0.4,25,239214,274285.71428571426,1.14661229813353,385,385,0.12317299842834473,548.3484497070312,,
SIFT_sf1,single,B1,0.3,0.4,26,238402,224415.5844155844,1.062323726851852,385,385,0.12020673602819443,576.7813720703125,,
SIFT_sf1,single,B1,0.3,0.4,27,241620,249350.64935064933,1.03199507222353,385,385,0.12336950749158859,531.8746948242188,,
SIFT_sf1,single,B1,0.3,0.4,28,240826,216103.89610389608,1.1143991586538462,385,385,0.12349151074886322,553.5723876953125,,
SIFT_sf1,single,B1,0.3,0.4,29,239119,272207.79220779217,1.1383779298499583,385,385,0.12396741658449173,555.843505859375,,
SIFT_sf1,single,B1,0.3,0.4,30,240024,238961.03896103892,1.0044482608695653,385,385,0.12033060193061829,512.7706298828125,,
SIFT_sf1,single,B1,0.3,0.4,31,241009,205714.28571428568,1.171571527777778,385,385,0.12313853949308395,542.3388061523438,,
SIFT_sf1,single,B1,0.3,0.4,32,240295,265974.02597402595,1.1068645871700449,385,385,0.12415088713169098,526.722412109375,,
SIFT_sf1,single,B1,0.3,0.4,33,238989,243116.8831168831,1.017272272434644,385,385,0.12268777936697006,609.80712890625,,
SIFT_sf1,single,B1,0.3,0.4,34,239519,230649.3506493506,1.038455123873874,385,385,0.12131035327911377,631.0441284179688,,
SIFT_sf1,single,B1,0.3,0.4,35,240004,203636.36363636362,1.1785910714285714,385,385,0.1237913966178894,615.281005859375,,
SIFT_sf1,single,B1,0.3,0.4,36,238984,243116.8831168831,1.017293555706169,385,385,0.12241490185260773,597.9905395507812,,
SIFT_sf1,single,B1,0.3,0.4,37,239505,236883.11688311686,1.0110682565789475,385,385,0.12240279465913773,594.425537109375,,
SIFT_sf1,single,B1,0.3,0.4,38,240029,232727.2727272727,1.031374609375,385,385,0.12100487947463989,534.527587890625,,
SIFT_sf1,single,B1,0.3,0.4,39,241462,268051.94805194804,1.1101206320329826,385,385,0.12352969497442245,534.4342651367188,,
SIFT_sf1,single,B1,0.3,0.4,40,239381,243116.8831168831,1.0156064312409219,385,385,0.121372751891613,596.7802734375,,
SIFT_sf1,single,B1,0.3,0.4,41,238725,205714.28571428568,1.1604687500000002,385,385,0.12365356087684631,609.4038696289062,,
SIFT_sf1,single,B1,0.3,0.4,42,240276,249350.64935064933,1.037767606213893,385,385,0.12110266834497452,599.4697875976562,,
SIFT_sf1,single,B1,0.3,0.4,43,238202,232727.2727272727,1.02352421875,385,385,0.12227054685354233,593.1591186523438,,
SIFT_sf1,single,B1,0.3,0.4,44,239703,261818.1818181818,1.0922607636040509,385,385,0.12474600225687027,618.3117065429688,,
SIFT_sf1,single,B1,0.3,0.4,45,238955,236883.11688311686,1.0087464364035088,385,385,0.12400280684232712,607.5432739257812,,
SIFT_sf1,single,B1,0.3,0.4,46,238857,214025.974025974,1.1160187500000003,385,385,0.12188777327537537,603.4263916015625,,
SIFT_sf1,single,B1,0.3,0.4,47,239267,257662.33766233764,1.0768820508567318,385,385,0.12397859245538712,573.15625,,
SIFT_sf1,single,B1,0.3,0.4,48,240595,222337.6623376623,1.082115362149533,385,385,0.12279674410820007,526.0760498046875,,
SIFT_sf1,single,B1,0.3,0.4,49,239391,259740.25974025973,1.0850042806131381,385,385,0.12302398681640625,525.7528686523438,,
SIFT_sf1,single,B1,0.3,0.4,50,240371,228272.2513089005,1.0530013990825688,382,382,0.13728532940149307,519.016357421875,,
SIFT_sf1,single,B1,0.3,0.4,51,239573,253403.1413612565,1.057728297267457,382,382,0.1285029575228691,659.9255981445312,,
SIFT_sf1,single,B1,0.3,0.4,52,240166,255497.38219895287,1.0638366055101591,382,382,0.1366855576634407,534.0,,
SIFT_sf1,single,B1,0.3,0.4,53,241176,272251.3089005235,1.1288490931955233,382,382,0.12775883078575134,551.3499755859375,,
SIFT_sf1,single,B1,0.3,0.4,54,240280,240837.6963350785,1.0023210268648182,382,382,0.1269141212105751,545.88525390625,,
SIFT_sf1,single,B1,0.3,0.4,55,241332,245026.1780104712,1.015307452018262,382,382,0.12826640158891678,566.6761474609375,,
SIFT_sf1,single,B1,0.3,0.4,56,238094,238743.45549738218,1.002727727273187,382,382,0.12744683772325516,624.563720703125,,
SIFT_sf1,single,B1,0.3,0.4,57,240552,247120.41884816752,1.0273056089667412,382,382,0.12565404176712036,546.1309204101562,,
SIFT_sf1,single,B1,0.3,0.4,58,241047,259685.86387434552,1.0773246042238465,382,382,0.12585800141096115,521.5186767578125,,
SIFT_sf1,single,B1,0.3,0.4,59,239067,226178.01047120418,1.0569860416666668,382,382,0.12370850890874863,566.4174194335938,,
SIFT_sf1,single,B1,0.3,0.4,60,240490,230366.49214659684,1.0439452272727274,382,382,0.12711156159639359,555.9334716796875,,
SIFT_sf1,single,B1,0.3,0.4,61,241143,247120.41884816752,1.024787859685612,382,382,0.12723635882139206,533.0062866210938,,
SIFT_sf1,single,B1,0.3,0.4,62,239708,249214.65968586385,1.0396593342143936,382,382,0.12974441051483154,597.37841796875,,
SIFT_sf1,single,B1,0.3,0.4,63,238919,232460.73298429316,1.0277821846846849,382,382,0.12534018605947495,506.2486572265625,,
SIFT_sf1,single,B1,0.3,0.4,64,240017,201047.12041884815,1.1938345572916669,382,382,0.12753065675497055,554.9564819335938,,
SIFT_sf1,single,B1,0.3,0.4,65,239799,238743.45549738218,1.00442125,382,382,0.12793298810720444,535.101318359375,,
SIFT_sf1,single,B1,0.3,0.4,66,240993,242931.93717277484,1.0080456161497422,382,382,0.12699514627456665,521.4495849609375,,
SIFT_sf1,single,B1,0.3,0.4,67,239135,240837.6963350785,1.007120230560472,382,382,0.12376625090837479,529.9765014648438,,
SIFT_sf1,single,B1,0.3,0.4,68,241271,247120.41884816752,1.0242441853690145,382,382,0.12543052434921265,536.4191284179688,,
SIFT_sf1,single,B1,0.3,0.4,69,239833,196858.6387434555,1.2183006117021278,382,382,0.12625101953744888,563.7000122070312,,
SIFT_sf1,single,B1,0.3,0.4,70,239589,236649.21465968585,1.0124225442477877,382,382,0.127522274851799,613.2862548828125,,
SIFT_sf1,single,B1,0.3,0.4,71,238995,219895.28795811516,1.0868582142857144,382,382,0.1229606568813324,565.3839111328125,,
SIFT_sf1,single,B1,0.3,0.4,72,241127,228272.2513089005,1.0563132339449541,382,382,0.12456532567739487,531.7772216796875,,
SIFT_sf1,single,B1,0.3,0.4,73,240605,245026.1780104712,1.01837525409061,382,382,0.12487918138504028,531.4744262695312,,
SIFT_sf1,single,B1,0.3,0.4,74,240230,228272.2513089005,1.0523837155963303,382,382,0.12550782412290573,534.4985961914062,,
SIFT_sf1,single,B1,0.3,0.4,75,240947,240837.6963350785,1.0004538478260872,382,382,0.12396927922964096,541.7561645507812,,
SIFT_sf1,single,B1,0.3,0.4,76,239418,234554.9738219895,1.0207329910714287,382,382,0.12491177767515182,632.4212646484375,,
SIFT_sf1,single,B1,0.3,0.4,77,238975,230366.49214659684,1.0373687500000002,382,382,0.12620165944099426,551.9442138671875,,
SIFT_sf1,single,B1,0.3,0.4,78,240315,236649.21465968585,1.0154903761061946,382,382,0.12703239917755127,520.77001953125,,
SIFT_sf1,single,B1,0.3,0.4,79,239828,232460.73298429316,1.0316925225225226,382,382,0.12211594730615616,602.9403076171875,,
SIFT_sf1,single,B1,0.3,0.4,80,238646,255497.38219895287,1.0706124644827606,382,382,0.1260172575712204,626.3814086914062,,
SIFT_sf1,single,B1,0.3,0.4,81,240830,209424.0837696335,1.14996325,382,382,0.12745428830385208,535.3239135742188,,
SIFT_sf1,single,B1,0.3,0.4,82,239618,242931.93717277484,1.0138300844376251,382,382,0.13194046914577484,527.231201171875,,
SIFT_sf1,single,B1,0.3,0.4,83,240025,234554.9738219895,1.0233208705357144,382,382,0.12484658509492874,549.1609497070312,,
SIFT_sf1,single,B1,0.3,0.4,84,240228,272251.3089005235,1.1333038151278099,382,382,0.12634508311748505,644.0323486328125,,
SIFT_sf1,single,B1,0.3,0.4,85,239082,240837.6963350785,1.0073434902463527,382,382,0.12721121311187744,606.4591674804688,,
SIFT_sf1,single,B1,0.3,0.4,86,241306,282722.5130890052,1.1716348250313096,382,382,0.1297416165471077,525.8390502929688,,
SIFT_sf1,single,B1,0.3,0.4,87,238776,234554.9738219895,1.017995892857143,382,382,0.1256866380572319,602.5831298828125,,
SIFT_sf1,single,B1,0.3,0.4,88,240721,211518.32460732982,1.1380621534653466,382,382,0.12713856995105743,534.0147094726562,,
SIFT_sf1,single,B1,0.3,0.4,89,241523,289005.2356020942,1.1965950886751746,382,382,0.12629199773073196,516.4542846679688,,
SIFT_sf1,single,B1,0.3,0.4,90,238747,247120.41884816752,1.0350723521056495,382,382,0.12529641389846802,589.352783203125,,
SIFT_sf1,single,B1,0.3,0.4,91,240613,238743.45549738218,1.0078307675438598,382,382,0.12450665235519409,471.5422668457031,,
SIFT_sf1,single,B1,0.3,0.4,92,239429,263874.3455497382,1.102098515842852,382,382,0.12591201812028885,548.2508544921875,,
SIFT_sf1,single,B1,0.3,0.4,93,239751,234554.9738219895,1.0221527008928573,382,382,0.12639164924621582,512.2564697265625,,
SIFT_sf1,single,B1,0.3,0.4,94,240471,245026.1780104712,1.0189427332629348,382,382,0.12721773236989975,551.2310791015625,,
SIFT_sf1,single,B1,0.3,0.4,95,240197,255497.38219895287,1.0636993059819768,382,382,0.12341700494289398,456.77642822265625,,
SIFT_sf1,single,B1,0.3,0.4,96,239411,240837.6963350785,1.0059591929154403,382,382,0.12607406824827194,606.460205078125,,
SIFT_sf1,single,B1,0.3,0.4,97,239641,215706.8062827225,1.1109570631067962,382,382,0.1269504427909851,554.611328125,,
SIFT_sf1,single,B1,0.3,0.4,98,239181,251308.90052356018,1.0507059529124814,382,382,0.12538768351078033,629.0546264648438,,
SIFT_sf1,single,B1,0.3,0.4,99,238647,240837.6963350785,1.0091796516825207,382,382,0.12416206300258636,633.6390380859375,,
SIFT_sf1,single,B1,0.3,0.5,0,239775,193246.75324675324,1.2407711693548387,385,385,0.18243957310914993,645.3699951171875,,
SIFT_sf1,single,B1,0.3,0.5,1,240546,284675.32467532466,1.1834548264170872,385,385,0.14451052993535995,557.0772094726562,,
SIFT_sf1,single,B1,0.3,0.5,2,239972,263896.10389610386,1.0996953973634584,385,385,0.13570580631494522,535.42529296875,,
SIFT_sf1,single,B1,0.3,0.5,3,240415,255584.41558441555,1.0630967933964834,385,385,0.13288576155900955,566.8768920898438,,
SIFT_sf1,single,B1,0.3,0.5,4,240189,245194.80519480517,1.0208411092714702,385,385,0.13224128633737564,511.42095947265625,,
SIFT_sf1,single,B1,0.3,0.5,5,239264,228571.42857142855,1.04678,385,385,0.12848060578107834,533.3854370117188,,
SIFT_sf1,single,B1,0.3,0.5,6,238890,222337.6623376623,1.0744468457943928,385,385,0.12899190187454224,614.9046020507812,,
SIFT_sf1,single,B1,0.3,0.5,7,239520,224415.5844155844,1.0673055555555557,385,385,0.12816395610570908,610.2753295898438,,
SIFT_sf1,single,B1,0.3,0.5,8,239333,218181.81818181818,1.0969429166666667,385,385,0.13449881225824356,600.2974243164062,,
SIFT_sf1,single,B1,0.3,0.5,9,238909,251428.57142857142,1.052403096696112,385,385,0.1271963119506836,598.0426635742188,,
SIFT_sf1,single,B1,0.3,0.5,10,239349,263896.10389610386,1.1025577875658719,385,385,0.12550503015518188,646.1485595703125,,
SIFT_sf1,single,B1,0.3,0.5,11,239505,270129.87012987013,1.1278673519545317,385,385,0.12460723519325256,493.2190246582031,,
SIFT_sf1,single,B1,0.3,0.5,12,238783,236883.11688311686,1.0080203399122807,385,385,0.12363027781248093,522.4685668945312,,
SIFT_sf1,single,B1,0.3,0.5,13,239662,251428.57142857142,1.0490965252254068,385,385,0.12747012078762054,570.6014404296875,,
SIFT_sf1,single,B1,0.3,0.5,14,240367,205714.28571428568,1.1684506944444446,385,385,0.12436974793672562,530.7268676757812,,
SIFT_sf1,single,B1,0.3,0.5,15,240286,214025.974025974,1.122695509708738,385,385,0.12602843344211578,535.0635375976562,,
SIFT_sf1,single,B1,0.3,0.5,16,238960,230649.3506493506,1.0360315315315316,385,385,0.12519489973783493,642.5154418945312,,
SIFT_sf1,single,B1,0.3,0.5,17,239191,222337.6623376623,1.0758006425233646,385,385,0.12497697025537491,508.0574951171875,,
SIFT_sf1,single,B1,0.3,0.5,18,239559,247272.72727272724,1.032199697246721,385,385,0.12681260704994202,572.8635864257812,,
SIFT_sf1,single,B1,0.3,0.5,19,239361,251428.57142857142,1.0504157796323186,385,385,0.1230873167514801,620.327880859375,,
SIFT_sf1,single,B1,0.3,0.5,20,239858,245194.80519480517,1.022249852807933,385,385,0.1264922320842743,534.8015747070312,,
SIFT_sf1,single,B1,0.3,0.5,21,239924,224415.5844155844,1.069105787037037,385,385,0.1263357698917389,569.7567138671875,,
SIFT_sf1,single,B1,0.3,0.5,22,240302,241038.96103896102,1.0030668119239998,385,385,0.1254100352525711,543.1884765625,,
SIFT_sf1,single,B1,0.3,0.5,23,240453,201558.44155844155,1.1929691365979382,385,385,0.1267213374376297,552.6343383789062,,
SIFT_sf1,single,B1,0.3,0.5,24,240177,211948.05194805193,1.1331880514705883,385,385,0.12440234422683716,539.0467529296875,,
SIFT_sf1,single,B1,0.3,0.5,25,239214,222337.6623376623,1.0759040887850468,385,385,0.1239236444234848,548.3484497070312,,
SIFT_sf1,single,B1,0.3,0.5,26,238402,261818.1818181818,1.0982214151650649,385,385,0.12287497520446777,576.7813720703125,,
SIFT_sf1,single,B1,0.3,0.5,27,241620,230649.3506493506,1.0475641891891894,385,385,0.12122280895709991,531.8746948242188,,
SIFT_sf1,single,B1,0.3,0.5,28,240826,251428.57142857142,1.0440258586222892,385,385,0.1232558861374855,553.5723876953125,,
SIFT_sf1,single,B1,0.3,0.5,29,239119,247272.72727272724,1.0340990355125574,385,385,0.12378953397274017,555.843505859375,,
SIFT_sf1,single,B1,0.3,0.5,30,240024,226493.5064935065,1.059738990825688,385,385,0.1225760206580162,512.7706298828125,,
SIFT_sf1,single,B1,0.3,0.5,31,241009,193246.75324675324,1.2471567876344085,385,385,0.1209815964102745,542.3388061523438,,
SIFT_sf1,single,B1,0.3,0.5,32,240295,241038.96103896102,1.0030960321228533,385,385,0.12375321239233017,526.722412109375,,
SIFT_sf1,single,B1,0.3,0.5,33,238989,245194.80519480517,1.0259669072417776,385,385,0.1215524971485138,609.80712890625,,
SIFT_sf1,single,B1,0.3,0.5,34,239519,261818.1818181818,1.0930998451821434,385,385,0.12422818690538406,631.0441284179688,,
SIFT_sf1,single,B1,0.3,0.5,35,240004,259740.25974025973,1.082233045033665,385,385,0.1220405101776123,615.281005859375,,
SIFT_sf1,single,B1,0.3,0.5,36,238984,249350.64935064933,1.043378005852481,385,385,0.1252293586730957,597.9905395507812,,
SIFT_sf1,single,B1,0.3,0.5,37,239505,243116.8831168831,1.0150806167590785,385,385,0.12476090341806412,594.425537109375,,
SIFT_sf1,single,B1,0.3,0.5,38,240029,272207.79220779217,1.1340621016951793,385,385,0.12259744107723236,534.527587890625,,
SIFT_sf1,single,B1,0.3,0.5,39,241462,232727.2727272727,1.03753203125,385,385,0.12620724737644196,534.4342651367188,,
SIFT_sf1,single,B1,0.3,0.5,40,239381,253506.49350649348,1.0590084154819868,385,385,0.12419372797012329,596.7802734375,,
SIFT_sf1,single,B1,0.3,0.5,41,238725,253506.49350649348,1.061918498299271,385,385,0.12311618775129318,609.4038696289062,,
SIFT_sf1,single,B1,0.3,0.5,42,240276,214025.974025974,1.1226487864077672,385,385,0.12428313493728638,599.4697875976562,,
SIFT_sf1,single,B1,0.3,0.5,43,238202,232727.2727272727,1.02352421875,385,385,0.12104399502277374,593.1591186523438,,
SIFT_sf1,single,B1,0.3,0.5,44,239703,216103.89610389608,1.1092025841346156,385,385,0.12357532978057861,618.3117065429688,,
SIFT_sf1,single,B1,0.3,0.5,45,238955,259740.25974025973,1.086983991715008,385,385,0.1257592812180519,607.5432739257812,,
SIFT_sf1,single,B1,0.3,0.5,46,238857,247272.72727272724,1.0352333290325477,385,385,0.12243539094924927,603.4263916015625,,
SIFT_sf1,single,B1,0.3,0.5,47,239267,255584.41558441555,1.0681975181885321,385,385,0.12082420289516449,573.15625,,
SIFT_sf1,single,B1,0.3,0.5,48,240595,238961.03896103892,1.0068377717391306,385,385,0.12540724128484726,526.0760498046875,,
SIFT_sf1,single,B1,0.3,0.5,49,239391,222337.6623376623,1.076700175233645,385,385,0.12395158410072327,525.7528686523438,,
SIFT_sf1,single,B1,0.3,0.5,50,240371,238743.45549738218,1.0068171271929824,382,382,0.13707391917705536,519.016357421875,,
SIFT_sf1,single,B1,0.3,0.5,51,239573,224083.76963350782,1.0691225000000002,382,382,0.13128668069839478,659.9255981445312,,
SIFT_sf1,single,B1,0.3,0.5,52,240166,203141.36125654448,1.1822604639175258,382,382,0.12665614485740662,534.0,,
SIFT_sf1,single,B1,0.3,0.5,53,241176,215706.8062827225,1.118073203883495,382,382,0.1285076141357422,551.3499755859375,,
SIFT_sf1,single,B1,0.3,0.5,54,240280,232460.73298429316,1.0336369369369371,382,382,0.1260899007320404,545.88525390625,,
SIFT_sf1,single,B1,0.3,0.5,55,241332,224083.76963350782,1.0769722429906543,382,382,0.12553110718727112,566.6761474609375,,
SIFT_sf1,single,B1,0.3,0.5,56,238094,234554.9738219895,1.0150882589285717,382,382,0.1239413395524025,624.563720703125,,
SIFT_sf1,single,B1,0.3,0.5,57,240552,274345.5497382199,1.140483345547823,382,382,0.12610573321580887,546.1309204101562,,
SIFT_sf1,single,B1,0.3,0.5,58,241047,226178.01047120418,1.0657402083333334,382,382,0.12547429651021957,521.5186767578125,,
SIFT_sf1,single,B1,0.3,0.5,59,239067,205235.6020942408,1.1648417602040817,382,382,0.12856721878051758,566.4174194335938,,
SIFT_sf1,single,B1,0.3,0.5,60,240490,251308.90052356018,1.044986903919332,382,382,0.12573972344398499,555.9334716796875,,
SIFT_sf1,single,B1,0.3,0.5,61,241143,242931.93717277484,1.0074185739282286,382,382,0.1258915290236473,533.0062866210938,,
SIFT_sf1,single,B1,0.3,0.5,62,239708,213612.56544502615,1.1221624509803922,382,382,0.12748781591653824,597.37841796875,,
SIFT_sf1,single,B1,0.3,0.5,63,238919,270157.0680628272,1.1307475255748904,382,382,0.12757256627082825,506.2486572265625,,
SIFT_sf1,single,B1,0.3,0.5,64,240017,253403.1413612565,1.055771638514174,382,382,0.12363120913505554,554.9564819335938,,
SIFT_sf1,single,B1,0.3,0.5,65,239799,217801.04712041884,1.1010002163461539,382,382,0.12793857604265213,535.101318359375,,
SIFT_sf1,single,B1,0.3,0.5,66,240993,236649.21465968585,1.0183553761061948,382,382,0.1282915472984314,521.4495849609375,,
SIFT_sf1,single,B1,0.3,0.5,67,239135,236649.21465968585,1.0105040929203541,382,382,0.12758653610944748,529.9765014648438,,
SIFT_sf1,single,B1,0.3,0.5,68,241271,219895.28795811516,1.0972085952380954,382,382,0.12454856187105179,536.4191284179688,,
SIFT_sf1,single,B1,0.3,0.5,69,239833,234554.9738219895,1.022502299107143,382,382,0.1306198537349701,563.7000122070312,,
SIFT_sf1,single,B1,0.3,0.5,70,239589,234554.9738219895,1.0214620312500002,382,382,0.12701936066150665,613.2862548828125,,
SIFT_sf1,single,B1,0.3,0.5,71,238995,247120.41884816752,1.0339982796634555,382,382,0.1268181949853897,565.3839111328125,,
SIFT_sf1,single,B1,0.3,0.5,72,241127,221989.5287958115,1.0862088915094341,382,382,0.12658629566431046,531.7772216796875,,
SIFT_sf1,single,B1,0.3,0.5,73,240605,213612.56544502615,1.126361642156863,382,382,0.12625008821487427,531.4744262695312,,
SIFT_sf1,single,B1,0.3,0.5,74,240230,240837.6963350785,1.0025296438208322,382,382,0.12815650552511215,534.4985961914062,,
SIFT_sf1,single,B1,0.3,0.5,75,240947,240837.6963350785,1.0004538478260872,382,382,0.1270640641450882,541.7561645507812,,
SIFT_sf1,single,B1,0.3,0.5,76,239418,255497.38219895287,1.0671602895310832,382,382,0.12542586773633957,632.4212646484375,,
SIFT_sf1,single,B1,0.3,0.5,77,238975,251308.90052356018,1.0516116770522448,382,382,0.1268479973077774,551.9442138671875,,
SIFT_sf1,single,B1,0.3,0.5,78,240315,253403.1413612565,1.0544624403855627,382,382,0.12772809714078903,520.77001953125,,
SIFT_sf1,single,B1,0.3,0.5,79,239828,221989.5287958115,1.0803572641509436,382,382,0.12564193457365036,602.9403076171875,,
SIFT_sf1,single,B1,0.3,0.5,80,238646,217801.04712041884,1.0957063942307692,382,382,0.12482888996601105,626.3814086914062,,
SIFT_sf1,single,B1,0.3,0.5,81,240830,261780.10471204185,1.0869912581989032,382,382,0.12672599405050278,535.3239135742188,,
SIFT_sf1,single,B1,0.3,0.5,82,239618,240837.6963350785,1.005090169916611,382,382,0.1258431002497673,527.231201171875,,
SIFT_sf1,single,B1,0.3,0.5,83,240025,257591.6230366492,1.073186639044471,382,382,0.12628361582756042,549.1609497070312,,
SIFT_sf1,single,B1,0.3,0.5,84,240228,234554.9738219895,1.0241863392857145,382,382,0.12563448399305344,644.0323486328125,,
SIFT_sf1,single,B1,0.3,0.5,85,239082,224083.76963350782,1.066931355140187,382,382,0.12730993330478668,606.4591674804688,,
SIFT_sf1,single,B1,0.3,0.5,86,241306,253403.1413612565,1.050131954287322,382,382,0.12668967247009277,525.8390502929688,,
SIFT_sf1,single,B1,0.3,0.5,87,238776,238743.45549738218,1.0001363157894738,382,382,0.1259446144104004,602.5831298828125,,
SIFT_sf1,single,B1,0.3,0.5,88,240721,280628.2722513089,1.1657822634971975,382,382,0.12443121522665024,534.0147094726562,,
SIFT_sf1,single,B1,0.3,0.5,89,241523,276439.7905759162,1.1445692152545148,382,382,0.12611877173185349,516.4542846679688,,
SIFT_sf1,single,B1,0.3,0.5,90,238747,270157.0680628272,1.1315621476409221,382,382,0.12564659118652344,589.352783203125,,
SIFT_sf1,single,B1,0.3,0.5,91,240613,257591.6230366492,1.0705640303584976,382,382,0.12684520334005356,471.5422668457031,,
SIFT_sf1,single,B1,0.3,0.5,92,239429,234554.9738219895,1.0207798883928574,382,382,0.1257946714758873,548.2508544921875,,
SIFT_sf1,single,B1,0.3,0.5,93,239751,247120.41884816752,1.0307378023372895,382,382,0.12680422514677048,512.2564697265625,,
SIFT_sf1,single,B1,0.3,0.5,94,240471,240837.6963350785,1.0015249087627136,382,382,0.12721866369247437,551.2310791015625,,
SIFT_sf1,single,B1,0.3,0.5,95,240197,230366.49214659684,1.042673340909091,382,382,0.12675952166318893,456.77642822265625,,
SIFT_sf1,single,B1,0.3,0.5,96,239411,205235.6020942408,1.1665178826530613,382,382,0.12443587183952332,606.460205078125,,
SIFT_sf1,single,B1,0.3,0.5,97,239641,295287.9581151832,1.2322096724483007,382,382,0.12647733092308044,554.611328125,,
SIFT_sf1,single,B1,0.3,0.5,98,239181,282722.5130890052,1.1820441970265414,382,382,0.12631341814994812,629.0546264648438,,
SIFT_sf1,single,B1,0.3,0.5,99,238647,234554.9738219895,1.0174459151785715,382,382,0.13077817857265472,633.6390380859375,,
SIFT_sf1,single,B1,0.5,0.1,0,400706,419740.25974025973,1.0475018086583674,385,385,0.2052532508969307,670.4983520507812,,
SIFT_sf1,single,B1,0.5,0.1,1,399882,415584.41558441555,1.0392676229097972,385,385,0.14662742614746094,589.78515625,,
SIFT_sf1,single,B1,0.5,0.1,2,400104,411428.57142857136,1.028304069513355,385,385,0.13629067689180374,582.9918212890625,,
SIFT_sf1,single,B1,0.5,0.1,3,400725,403116.8831168831,1.005968889180568,385,385,0.13073813170194626,603.3775634765625,,
SIFT_sf1,single,B1,0.5,0.1,4,400176,413506.49350649345,1.0333115766724978,385,385,0.1282189041376114,569.0469970703125,,
SIFT_sf1,single,B1,0.5,0.1,5,399683,407272.72727272724,1.018989367255368,385,385,0.12826453894376755,578.3221435546875,,
SIFT_sf1,single,B1,0.5,0.1,6,399269,401038.961038961,1.004433003912052,385,385,0.1257592812180519,643.1275024414062,,
SIFT_sf1,single,B1,0.5,0.1,7,399437,442597.4025974026,1.1080530912193978,385,385,0.12117251753807068,638.2076416015625,,
SIFT_sf1,single,B1,0.5,0.1,8,399633,415584.41558441555,1.0399151611213677,385,385,0.12473762035369873,625.5829467773438,,
SIFT_sf1,single,B1,0.5,0.1,9,398935,386493.5064935065,1.0321906922043012,385,385,0.12384913861751556,615.7142333984375,,
SIFT_sf1,single,B1,0.5,0.1,10,400380,380259.7402597402,1.0529118852459018,385,385,0.12818537652492523,680.2120971679688,,
SIFT_sf1,single,B1,0.5,0.1,11,399402,403116.8831168831,1.0093011129560772,385,385,0.12230686843395233,516.3952026367188,,
SIFT_sf1,single,B1,0.5,0.1,12,398596,384415.5844155844,1.0368882432432434,385,385,0.12501422315835953,565.9986572265625,,
SIFT_sf1,single,B1,0.5,0.1,13,398693,347012.98701298697,1.1489281811377248,385,385,0.1214146614074707,606.8648681640625,,
SIFT_sf1,single,B1,0.5,0.1,14,400965,430129.8701298701,1.072736698040652,385,385,0.12068543583154678,576.8348999023438,,
SIFT_sf1,single,B1,0.5,0.1,15,399676,382337.6623376623,1.0453482336956523,385,385,0.12241862714290619,566.525390625,,
SIFT_sf1,single,B1,0.5,0.1,16,399135,390649.3506493506,1.021721908244681,385,385,0.12110825628042221,670.5303955078125,,
SIFT_sf1,single,B1,0.5,0.1,17,400752,401038.961038961,1.0007160564113493,385,385,0.12296531349420547,570.6539916992188,,
SIFT_sf1,single,B1,0.5,0.1,18,398988,432207.79220779217,1.0832601286449521,385,385,0.12354087084531784,604.2205810546875,,
SIFT_sf1,single,B1,0.5,0.1,19,400447,423896.10389610386,1.0585573219329996,385,385,0.13003218919038773,649.3466186523438,,
SIFT_sf1,single,B1,0.5,0.1,20,400444,392727.2727272727,1.0196490740740742,385,385,0.12212526053190231,587.367431640625,,
SIFT_sf1,single,B1,0.5,0.1,21,400071,432207.79220779217,1.0803277223487635,385,385,0.12243352830410004,608.0784912109375,,
SIFT_sf1,single,B1,0.5,0.1,22,400056,407272.72727272724,1.0180392926808428,385,385,0.12258533388376236,584.5699462890625,,
SIFT_sf1,single,B1,0.5,0.1,23,400741,384415.5844155844,1.042468141891892,385,385,0.12193713337182999,598.404541015625,,
SIFT_sf1,single,B1,0.5,0.1,24,400822,419740.25974025973,1.0471986561123385,385,385,0.12221746146678925,591.3674926757812,,
SIFT_sf1,single,B1,0.5,0.1,25,399954,403116.8831168831,1.0079081172256887,385,385,0.1217573881149292,590.2245483398438,,
SIFT_sf1,single,B1,0.5,0.1,26,399204,405194.80519480514,1.0150068766715894,385,385,0.1229485496878624,598.294677734375,,
SIFT_sf1,single,B1,0.5,0.1,27,401000,415584.41558441555,1.0363701136768468,385,385,0.12166611850261688,582.3280639648438,,
SIFT_sf1,single,B1,0.5,0.1,28,400762,365714.2857142857,1.0958335937500001,385,385,0.12244191020727158,593.0472412109375,,
SIFT_sf1,single,B1,0.5,0.1,29,399345,405194.80519480514,1.0146484999056082,385,385,0.12212339788675308,591.399169921875,,
SIFT_sf1,single,B1,0.5,0.1,30,400698,434285.71428571426,1.0838230145538892,385,385,0.12028776109218597,566.7649536132812,,
SIFT_sf1,single,B1,0.5,0.1,31,401204,396883.11688311683,1.0108870418848168,385,385,0.12174062430858612,584.169921875,,
SIFT_sf1,single,B1,0.5,0.1,32,400885,374025.974025974,1.071810590277778,385,385,0.12508966028690338,573.937744140625,,
SIFT_sf1,single,B1,0.5,0.1,33,398569,421818.18181818177,1.0583316359731483,385,385,0.12222304940223694,631.1426391601562,,
SIFT_sf1,single,B1,0.5,0.1,34,400178,398961.0389610389,1.0030503255208334,385,385,0.12155435979366302,655.4357299804688,,
SIFT_sf1,single,B1,0.5,0.1,35,399418,388571.4285714285,1.0279139705882354,385,385,0.12131873518228531,637.4872436523438,,
SIFT_sf1,single,B1,0.5,0.1,36,398851,423896.10389610386,1.0627931330148448,385,385,0.12122932821512222,629.7800903320312,,
SIFT_sf1,single,B1,0.5,0.1,37,399136,428051.948051948,1.0724463542550609,385,385,0.12245122343301773,622.8804321289062,,
SIFT_sf1,single,B1,0.5,0.1,38,399365,413506.49350649345,1.035409947057187,385,385,0.12155622243881226,578.031982421875,,
SIFT_sf1,single,B1,0.5,0.1,39,399949,403116.8831168831,1.0079207176837124,385,385,0.12112967669963837,584.48779296875,,
SIFT_sf1,single,B1,0.5,0.1,40,401306,403116.8831168831,1.0045124745627603,385,385,0.12007448822259903,620.929931640625,,
SIFT_sf1,single,B1,0.5,0.1,41,398866,415584.41558441555,1.0419148676107153,385,385,0.12204516679048538,632.4468383789062,,
SIFT_sf1,single,B1,0.5,0.1,42,401050,419740.25974025973,1.0466033156470758,385,385,0.11987518519163132,628.261474609375,,
SIFT_sf1,single,B1,0.5,0.1,43,398785,355324.6753246753,1.12231158625731,385,385,0.12144632637500763,628.3331298828125,,
SIFT_sf1,single,B1,0.5,0.1,44,400002,392727.2727272727,1.0185236111111111,385,385,0.12497790157794952,645.256103515625,,
SIFT_sf1,single,B1,0.5,0.1,45,398657,388571.4285714285,1.0259555147058825,385,385,0.12260023504495621,638.9741821289062,,
SIFT_sf1,single,B1,0.5,0.1,46,398271,394805.19480519474,1.0087785197368422,385,385,0.1208251342177391,625.0128173828125,,
SIFT_sf1,single,B1,0.5,0.1,47,397852,398961.0389610389,1.0027875666354296,385,385,0.12157764285802841,598.3180541992188,,
SIFT_sf1,single,B1,0.5,0.1,48,400163,378181.8181818181,1.0581233173076925,385,385,0.12184400111436844,578.2318115234375,,
SIFT_sf1,single,B1,0.5,0.1,49,399132,417662.33766233764,1.0464265898558311,385,385,0.12027937918901443,577.9415893554688,,
SIFT_sf1,single,B1,0.5,0.1,50,401132,414659.6858638743,1.0337237763725515,382,382,0.1370459794998169,581.2340087890625,,
SIFT_sf1,single,B1,0.5,0.1,51,400479,366492.1465968586,1.0927355571428572,382,382,0.12741051614284515,681.395263671875,,
SIFT_sf1,single,B1,0.5,0.1,52,399951,427225.1308900523,1.0681936809510473,382,382,0.1247776672244072,579.0414428710938,,
SIFT_sf1,single,B1,0.5,0.1,53,400807,439790.57591623033,1.097262712268574,382,382,0.12290477752685547,592.86083984375,,
SIFT_sf1,single,B1,0.5,0.1,54,400259,412565.445026178,1.030746204398097,382,382,0.12316741049289703,590.6864624023438,,
SIFT_sf1,single,B1,0.5,0.1,55,400429,393717.277486911,1.0170470611702127,382,382,0.1241704449057579,600.248291015625,,
SIFT_sf1,single,B1,0.5,0.1,56,398078,431413.612565445,1.0837414088832968,382,382,0.12367591261863708,652.521240234375,,
SIFT_sf1,single,B1,0.5,0.1,57,400453,404188.48167539266,1.0093281400698526,382,382,0.12240838259458542,588.1717529296875,,
SIFT_sf1,single,B1,0.5,0.1,58,400849,406282.72251308896,1.0135555346604057,382,382,0.12349989265203476,574.3892211914062,,
SIFT_sf1,single,B1,0.5,0.1,59,399123,443979.057591623,1.1123865514932063,382,382,0.12320652604103088,590.3223876953125,,
SIFT_sf1,single,B1,0.5,0.1,60,400459,425130.890052356,1.0616090287703759,382,382,0.12412108480930328,594.1939697265625,,
SIFT_sf1,single,B1,0.5,0.1,61,400961,429319.37172774866,1.0707260100801541,382,382,0.1240679994225502,579.1739501953125,,
SIFT_sf1,single,B1,0.5,0.1,62,399937,399999.99999999994,1.0001575248101575,382,382,0.12188591063022614,619.64990234375,,
SIFT_sf1,single,B1,0.5,0.1,63,398836,408376.9633507853,1.0239220214594102,382,382,0.1215711236000061,557.3284301757812,,
SIFT_sf1,single,B1,0.5,0.1,64,400153,393717.277486911,1.0163460505319148,382,382,0.12379325926303864,591.4266357421875,,
SIFT_sf1,single,B1,0.5,0.1,65,400564,408376.9633507853,1.0195049064588564,382,382,0.12614764273166656,575.9674682617188,,
SIFT_sf1,single,B1,0.5,0.1,66,400176,404188.48167539266,1.0100267923998256,382,382,0.12748967856168747,574.1328125,,
SIFT_sf1,single,B1,0.5,0.1,67,399555,418848.167539267,1.048286637732645,382,382,0.12824870645999908,557.6611938476562,,
SIFT_sf1,single,B1,0.5,0.1,68,400707,427225.1308900523,1.06617835697917,382,382,0.12831203639507294,583.1067504882812,,
SIFT_sf1,single,B1,0.5,0.1,69,399039,399999.99999999994,1.0024082859068912,382,382,0.1246212050318718,593.95703125,,
SIFT_sf1,single,B1,0.5,0.1,70,400554,404188.48167539266,1.0090736372009583,382,382,0.1250365749001503,637.5633544921875,,
SIFT_sf1,single,B1,0.5,0.1,71,399565,437696.335078534,1.095432120126973,382,382,0.12478698045015335,589.2906494140625,,
SIFT_sf1,single,B1,0.5,0.1,72,400779,383246.0732984293,1.0457484836065574,382,382,0.12504961341619492,578.5084228515625,,
SIFT_sf1,single,B1,0.5,0.1,73,400755,406282.72251308896,1.0137932714827986,382,382,0.12514181435108185,584.8845825195312,,
SIFT_sf1,single,B1,0.5,0.1,74,400902,399999.99999999994,1.0022550000000001,382,382,0.1253560185432434,582.3345336914062,,
SIFT_sf1,single,B1,0.5,0.1,75,400674,420942.4083769633,1.0505857838965424,382,382,0.12544170022010803,584.9312133789062,,
SIFT_sf1,single,B1,0.5,0.1,76,400462,406282.72251308896,1.0145350183365436,382,382,0.12364890426397324,660.68408203125,,
SIFT_sf1,single,B1,0.5,0.1,77,398622,391623.0366492146,1.0178716844919786,382,382,0.12327264994382858,579.705078125,,
SIFT_sf1,single,B1,0.5,0.1,78,400737,406282.72251308896,1.0138388082784693,382,382,0.12542959302663803,569.9842529296875,,
SIFT_sf1,single,B1,0.5,0.1,79,399778,404188.48167539266,1.0110323271300388,382,382,0.12437626719474792,621.1183471679688,,
SIFT_sf1,single,B1,0.5,0.1,80,398246,370680.6282722513,1.074364209039548,382,382,0.122901052236557,646.0348510742188,,
SIFT_sf1,single,B1,0.5,0.1,81,400612,402094.2408376963,1.003699941184229,382,382,0.1292843371629715,580.0831909179688,,
SIFT_sf1,single,B1,0.5,0.1,82,400322,376963.3507853403,1.0619653055555556,382,382,0.12611877173185349,576.7777099609375,,
SIFT_sf1,single,B1,0.5,0.1,83,400686,349738.21989528794,1.1456740419161677,382,382,0.12679118663072586,593.1251831054688,,
SIFT_sf1,single,B1,0.5,0.1,84,399939,381151.83246073296,1.0492905082417583,382,382,0.12181513011455536,661.6585083007812,,
SIFT_sf1,single,B1,0.5,0.1,85,400373,423036.64921465964,1.056606337626812,382,382,0.1256205141544342,633.6876220703125,,
SIFT_sf1,single,B1,0.5,0.1,86,400702,414659.6858638743,1.0348330825997234,382,382,0.1237550750374794,578.7313842773438,,
SIFT_sf1,single,B1,0.5,0.1,87,399449,412565.445026178,1.032836344630173,382,382,0.12427195906639099,628.9503173828125,,
SIFT_sf1,single,B1,0.5,0.1,88,400798,402094.2408376963,1.0032341499650606,382,382,0.12220442295074463,584.5066528320312,,
SIFT_sf1,single,B1,0.5,0.1,89,400666,358115.18324607325,1.1188188011695908,382,382,0.12545939534902573,572.1201782226562,,
SIFT_sf1,single,B1,0.5,0.1,90,398382,412565.445026178,1.0356026251843156,382,382,0.12433808296918869,635.1094360351562,,
SIFT_sf1,single,B1,0.5,0.1,91,400913,427225.1308900523,1.0656305255505616,382,382,0.1255720853805542,540.7781372070312,,
SIFT_sf1,single,B1,0.5,0.1,92,399877,402094.2408376963,1.0055448071224309,382,382,0.12244097888469696,590.1758422851562,,
SIFT_sf1,single,B1,0.5,0.1,93,400401,425130.890052356,1.0617628079159542,382,382,0.1253187656402588,573.4217529296875,,
SIFT_sf1,single,B1,0.5,0.1,94,400195,387434.55497382197,1.0329357432432433,382,382,0.1257527619600296,589.3157348632812,,
SIFT_sf1,single,B1,0.5,0.1,95,400825,397905.75916230364,1.0073365131578949,382,382,0.12378208339214325,540.0342407226562,,
SIFT_sf1,single,B1,0.5,0.1,96,399263,443979.057591623,1.1119964975257486,382,382,0.12237858027219772,635.2109985351562,,
SIFT_sf1,single,B1,0.5,0.1,97,400581,397905.75916230364,1.006723302631579,382,382,0.12592971324920654,598.8822631835938,,
SIFT_sf1,single,B1,0.5,0.1,98,399816,416753.9267015706,1.0423643043339201,382,382,0.12709107249975204,655.236572265625,,
SIFT_sf1,single,B1,0.5,0.1,99,399182,368586.3874345549,1.0830079829545456,382,382,0.126655213534832,660.395751953125,,
SIFT_sf1,single,B1,0.5,0.2,0,400706,403116.8831168831,1.0060165885134815,385,385,0.1686280593276024,670.4983520507812,,
SIFT_sf1,single,B1,0.5,0.2,1,399882,415584.41558441555,1.0392676229097972,385,385,0.1362878829240799,589.78515625,,
SIFT_sf1,single,B1,0.5,0.2,2,400104,409350.6493506493,1.023110614616823,385,385,0.13126712292432785,582.9918212890625,,
SIFT_sf1,single,B1,0.5,0.2,3,400725,388571.4285714285,1.031277573529412,385,385,0.12821704149246216,603.3775634765625,,
SIFT_sf1,single,B1,0.5,0.2,4,400176,371948.0519480519,1.07589217877095,385,385,0.1266375184059143,569.0469970703125,,
SIFT_sf1,single,B1,0.5,0.2,5,399683,430129.8701298701,1.076177546029904,385,385,0.1295069232583046,578.3221435546875,,
SIFT_sf1,single,B1,0.5,0.2,6,399269,421818.18181818177,1.0564761647365104,385,385,0.12543704360723495,643.1275024414062,,
SIFT_sf1,single,B1,0.5,0.2,7,399437,371948.0519480519,1.073905342178771,385,385,0.12321490794420242,638.2076416015625,,
SIFT_sf1,single,B1,0.5,0.2,8,399633,398961.0389610389,1.00168427734375,385,385,0.12749247252941132,625.5829467773438,,
SIFT_sf1,single,B1,0.5,0.2,9,398935,388571.4285714285,1.026670955882353,385,385,0.1216614618897438,615.7142333984375,,
SIFT_sf1,single,B1,0.5,0.2,10,400380,438441.5584415584,1.0950635856974833,385,385,0.12080837041139603,680.2120971679688,,
SIFT_sf1,single,B1,0.5,0.2,11,399402,382337.6623376623,1.0446315896739131,385,385,0.12005679309368134,516.3952026367188,,
SIFT_sf1,single,B1,0.5,0.2,12,398596,417662.33766233764,1.0478337405852984,385,385,0.1220880076289177,565.9986572265625,,
SIFT_sf1,single,B1,0.5,0.2,13,398693,398961.0389610389,1.0006722941236463,385,385,0.12305844575166702,606.8648681640625,,
SIFT_sf1,single,B1,0.5,0.2,14,400965,444675.3246753246,1.109012818264249,385,385,0.12369919568300247,576.8348999023438,,
SIFT_sf1,single,B1,0.5,0.2,15,399676,403116.8831168831,1.0086091812290032,385,385,0.12273900210857391,566.525390625,,
SIFT_sf1,single,B1,0.5,0.2,16,399135,405194.80519480514,1.0151823448076593,385,385,0.12393016368150711,670.5303955078125,,
SIFT_sf1,single,B1,0.5,0.2,17,400752,394805.19480519474,1.0150626315789475,385,385,0.12289080768823624,570.6539916992188,,
SIFT_sf1,single,B1,0.5,0.2,18,398988,411428.57142857136,1.031180314767791,385,385,0.12330152094364166,604.2205810546875,,
SIFT_sf1,single,B1,0.5,0.2,19,400447,384415.5844155844,1.0417033445945947,385,385,0.122828409075737,649.3466186523438,,
SIFT_sf1,single,B1,0.5,0.2,20,400444,392727.2727272727,1.0196490740740742,385,385,0.12157484889030457,587.367431640625,,
SIFT_sf1,single,B1,0.5,0.2,21,400071,386493.5064935065,1.035129939516129,385,385,0.122852623462677,608.0784912109375,,
SIFT_sf1,single,B1,0.5,0.2,22,400056,413506.49350649345,1.0336215267524882,385,385,0.12774206697940826,584.5699462890625,,
SIFT_sf1,single,B1,0.5,0.2,23,400741,413506.49350649345,1.031854722892076,385,385,0.1250915229320526,598.404541015625,,
SIFT_sf1,single,B1,0.5,0.2,24,400822,419740.25974025973,1.0471986561123385,385,385,0.12257229536771774,591.3674926757812,,
SIFT_sf1,single,B1,0.5,0.2,25,399954,405194.80519480514,1.0131035198918004,385,385,0.12375414371490479,590.2245483398438,,
SIFT_sf1,single,B1,0.5,0.2,26,399204,351168.83116883115,1.1367865384615385,385,385,0.12343190610408783,598.294677734375,,
SIFT_sf1,single,B1,0.5,0.2,27,401000,415584.41558441555,1.0363701136768468,385,385,0.12323539704084396,582.3280639648438,,
SIFT_sf1,single,B1,0.5,0.2,28,400762,359480.51948051946,1.1148364884393065,385,385,0.12210663408041,593.0472412109375,,
SIFT_sf1,single,B1,0.5,0.2,29,399345,384415.5844155844,1.0388366554054054,385,385,0.12265611439943314,591.399169921875,,
SIFT_sf1,single,B1,0.5,0.2,30,400698,413506.49350649345,1.0319654540489183,385,385,0.12499280273914337,566.7649536132812,,
SIFT_sf1,single,B1,0.5,0.2,31,401204,413506.49350649345,1.0306639353209177,385,385,0.12133363634347916,584.169921875,,
SIFT_sf1,single,B1,0.5,0.2,32,400885,415584.41558441555,1.0366674123113002,385,385,0.11865608394145966,573.937744140625,,
SIFT_sf1,single,B1,0.5,0.2,33,398569,334545.45454545453,1.1913747282608695,385,385,0.1218840479850769,631.1426391601562,,
SIFT_sf1,single,B1,0.5,0.2,34,400178,390649.3506493506,1.0243918218085106,385,385,0.12132059782743454,655.4357299804688,,
SIFT_sf1,single,B1,0.5,0.2,35,399418,363636.3636363636,1.0983995000000002,385,385,0.12412574142217636,637.4872436523438,,
SIFT_sf1,single,B1,0.5,0.2,36,398851,411428.57142857136,1.0315345114555845,385,385,0.1209508627653122,629.7800903320312,,
SIFT_sf1,single,B1,0.5,0.2,37,399136,396883.11688311683,1.005676439790576,385,385,0.12311525642871857,622.8804321289062,,
SIFT_sf1,single,B1,0.5,0.2,38,399365,374025.974025974,1.067746701388889,385,385,0.12189988046884537,578.031982421875,,
SIFT_sf1,single,B1,0.5,0.2,39,399949,394805.19480519474,1.0130287171052634,385,385,0.12985244393348694,584.48779296875,,
SIFT_sf1,single,B1,0.5,0.2,40,401306,380259.7402597402,1.0553470628415302,385,385,0.12039206922054291,620.929931640625,,
SIFT_sf1,single,B1,0.5,0.2,41,398866,415584.41558441555,1.0419148676107153,385,385,0.12298766523599625,632.4468383789062,,
SIFT_sf1,single,B1,0.5,0.2,42,401050,396883.11688311683,1.0104990183246074,385,385,0.12271106243133545,628.261474609375,,
SIFT_sf1,single,B1,0.5,0.2,43,398785,407272.72727272724,1.021283968235333,385,385,0.12103840708732605,628.3331298828125,,
SIFT_sf1,single,B1,0.5,0.2,44,400002,405194.80519480514,1.0129819480772724,385,385,0.11898577213287354,645.256103515625,,
SIFT_sf1,single,B1,0.5,0.2,45,398657,386493.5064935065,1.0314714045698925,385,385,0.1236284151673317,638.9741821289062,,
SIFT_sf1,single,B1,0.5,0.2,46,398271,413506.49350649345,1.0382540870575399,385,385,0.1218114048242569,625.0128173828125,,
SIFT_sf1,single,B1,0.5,0.2,47,397852,407272.72727272724,1.0236789742736676,385,385,0.12435950338840485,598.3180541992188,,
SIFT_sf1,single,B1,0.5,0.2,48,400163,371948.0519480519,1.0758572276536313,385,385,0.1218477264046669,578.2318115234375,,
SIFT_sf1,single,B1,0.5,0.2,49,399132,380259.7402597402,1.049629918032787,385,385,0.12260023504495621,577.9415893554688,,
SIFT_sf1,single,B1,0.5,0.2,50,401132,393717.277486911,1.0188326063829787,382,382,0.13310275971889496,581.2340087890625,,
SIFT_sf1,single,B1,0.5,0.2,51,400479,406282.72251308896,1.0144919521699989,382,382,0.12783799320459366,681.395263671875,,
SIFT_sf1,single,B1,0.5,0.2,52,399951,410471.2041884816,1.0263037326784572,382,382,0.12637022882699966,579.0414428710938,,
SIFT_sf1,single,B1,0.5,0.2,53,400807,410471.2041884816,1.0241118647840024,382,382,0.1223590224981308,592.86083984375,,
SIFT_sf1,single,B1,0.5,0.2,54,400259,414659.6858638743,1.0359784186336205,382,382,0.1236526295542717,590.6864624023438,,
SIFT_sf1,single,B1,0.5,0.2,55,400429,399999.99999999994,1.0010725000000003,382,382,0.12596789747476578,600.248291015625,,
SIFT_sf1,single,B1,0.5,0.2,56,398078,425130.890052356,1.0679587670063555,382,382,0.12592226266860962,652.521240234375,,
SIFT_sf1,single,B1,0.5,0.2,57,400453,410471.2041884816,1.025017178516534,382,382,0.12146215885877609,588.1717529296875,,
SIFT_sf1,single,B1,0.5,0.2,58,400849,362303.6649214659,1.1063895809248556,382,382,0.12589432299137115,574.3892211914062,,
SIFT_sf1,single,B1,0.5,0.2,59,399123,391623.0366492146,1.019150975935829,382,382,0.12645218521356583,590.3223876953125,,
SIFT_sf1,single,B1,0.5,0.2,60,400459,383246.0732984293,1.0449135109289618,382,382,0.12429244816303253,594.1939697265625,,
SIFT_sf1,single,B1,0.5,0.2,61,400961,439790.57591623033,1.0968412786186945,382,382,0.12428499758243561,579.1739501953125,,
SIFT_sf1,single,B1,0.5,0.2,62,399937,397905.75916230364,1.0051048289473685,382,382,0.12496765702962875,619.64990234375,,
SIFT_sf1,single,B1,0.5,0.2,63,398836,395811.5183246073,1.007641216931217,382,382,0.12490898370742798,557.3284301757812,,
SIFT_sf1,single,B1,0.5,0.2,64,400153,404188.48167539266,1.0100848467346057,382,382,0.12495927512645721,591.4266357421875,,
SIFT_sf1,single,B1,0.5,0.2,65,400564,397905.75916230364,1.0066805789473685,382,382,0.12216996401548386,575.9674682617188,,
SIFT_sf1,single,B1,0.5,0.2,66,400176,397905.75916230364,1.0057054736842106,382,382,0.12477301061153412,574.1328125,,
SIFT_sf1,single,B1,0.5,0.2,67,399555,414659.6858638743,1.0378037713553185,382,382,0.12636743485927582,557.6611938476562,,
SIFT_sf1,single,B1,0.5,0.2,68,400707,387434.55497382197,1.0342572567567567,382,382,0.12482143938541412,583.1067504882812,,
SIFT_sf1,single,B1,0.5,0.2,69,399039,399999.99999999994,1.0024082859068912,382,382,0.12303143739700317,593.95703125,,
SIFT_sf1,single,B1,0.5,0.2,70,400554,385340.3141361256,1.039481168478261,382,382,0.12869946658611298,637.5633544921875,,
SIFT_sf1,single,B1,0.5,0.2,71,399565,404188.48167539266,1.0115712879641428,382,382,0.12449827045202255,589.2906494140625,,
SIFT_sf1,single,B1,0.5,0.2,72,400779,448167.53926701564,1.118241073676554,382,382,0.12262258678674698,578.5084228515625,,
SIFT_sf1,single,B1,0.5,0.2,73,400755,435602.0942408377,1.0869536106619697,382,382,0.12187287211418152,584.8845825195312,,
SIFT_sf1,single,B1,0.5,0.2,74,400902,379057.5916230366,1.0576282044198897,382,382,0.12443773448467255,582.3345336914062,,
SIFT_sf1,single,B1,0.5,0.2,75,400674,368586.3874345549,1.0870558806818182,382,382,0.12475717812776566,584.9312133789062,,
SIFT_sf1,single,B1,0.5,0.2,76,400462,389528.79581151827,1.0280677688172044,382,382,0.12513529509305954,660.68408203125,,
SIFT_sf1,single,B1,0.5,0.2,77,398622,381151.83246073296,1.0458351923076923,382,382,0.12562517076730728,579.705078125,,
SIFT_sf1,single,B1,0.5,0.2,78,400737,393717.277486911,1.0178293484042553,382,382,0.12536998838186264,569.9842529296875,,
SIFT_sf1,single,B1,0.5,0.2,79,399778,381151.83246073296,1.0488681043956045,382,382,0.12430083006620407,621.1183471679688,,
SIFT_sf1,single,B1,0.5,0.2,80,398246,406282.72251308896,1.0201802968845612,382,382,0.12470874935388565,646.0348510742188,,
SIFT_sf1,single,B1,0.5,0.2,81,400612,389528.79581151827,1.0284528494623657,382,382,0.12305192649364471,580.0831909179688,,
SIFT_sf1,single,B1,0.5,0.2,82,400322,360209.4240837696,1.1113590406976745,382,382,0.12528616935014725,576.7777099609375,,
SIFT_sf1,single,B1,0.5,0.2,83,400686,433507.8534031413,1.0819141507393353,382,382,0.1255907118320465,593.1251831054688,,
SIFT_sf1,single,B1,0.5,0.2,84,399939,362303.6649214659,1.1038778757225436,382,382,0.12586358934640884,661.6585083007812,,
SIFT_sf1,single,B1,0.5,0.2,85,400373,391623.0366492146,1.0223428208556151,382,382,0.12181699275970459,633.6876220703125,,
SIFT_sf1,single,B1,0.5,0.2,86,400702,420942.4083769633,1.050512371730022,382,382,0.12471526861190796,578.7313842773438,,
SIFT_sf1,single,B1,0.5,0.2,87,399449,376963.3507853403,1.0596494305555555,382,382,0.12518931180238724,628.9503173828125,,
SIFT_sf1,single,B1,0.5,0.2,88,400798,406282.72251308896,1.013684505693863,382,382,0.12441910803318024,584.5066528320312,,
SIFT_sf1,single,B1,0.5,0.2,89,400666,420942.4083769633,1.0506067606858662,382,382,0.12153666466474533,572.1201782226562,,
SIFT_sf1,single,B1,0.5,0.2,90,398382,399999.99999999994,1.0040614284781941,382,382,0.12484751641750336,635.1094360351562,,
SIFT_sf1,single,B1,0.5,0.2,91,400913,406282.72251308896,1.0133937350823967,382,382,0.12583471834659576,540.7781372070312,,
SIFT_sf1,single,B1,0.5,0.2,92,399877,414659.6858638743,1.036968082345007,382,382,0.12602563947439194,590.1758422851562,,
SIFT_sf1,single,B1,0.5,0.2,93,400401,387434.55497382197,1.033467445945946,382,382,0.12271199375391006,573.4217529296875,,
SIFT_sf1,single,B1,0.5,0.2,94,400195,391623.0366492146,1.0218883021390375,382,382,0.12420676648616791,589.3157348632812,,
SIFT_sf1,single,B1,0.5,0.2,95,400825,383246.0732984293,1.0458685109289618,382,382,0.12351758778095245,540.0342407226562,,
SIFT_sf1,single,B1,0.5,0.2,96,399263,370680.6282722513,1.0771078107344634,382,382,0.12544356286525726,635.2109985351562,,
SIFT_sf1,single,B1,0.5,0.2,97,400581,412565.445026178,1.0299176571684079,382,382,0.122828409075737,598.8822631835938,,
SIFT_sf1,single,B1,0.5,0.2,98,399816,387434.55497382197,1.0319575135135135,382,382,0.12567266821861267,655.236572265625,,
SIFT_sf1,single,B1,0.5,0.2,99,399182,374869.10994764394,1.0648570111731845,382,382,0.12483354657888412,660.395751953125,,
SIFT_sf1,single,B1,0.5,0.3,0,400706,398961.0389610389,1.0043737630208334,385,385,0.17280690371990204,670.4983520507812,,
SIFT_sf1,single,B1,0.5,0.3,1,399882,442597.4025974026,1.106820018398934,385,385,0.138147734105587,589.78515625,,
SIFT_sf1,single,B1,0.5,0.3,2,400104,396883.11688311683,1.0081154450261782,385,385,0.13191904872655869,582.9918212890625,,
SIFT_sf1,single,B1,0.5,0.3,3,400725,421818.18181818177,1.0526375489879138,385,385,0.12947432696819305,603.3775634765625,,
SIFT_sf1,single,B1,0.5,0.3,4,400176,409350.6493506493,1.022926535700915,385,385,0.12632552534341812,569.0469970703125,,
SIFT_sf1,single,B1,0.5,0.3,5,399683,374025.974025974,1.0685969097222223,385,385,0.12528616935014725,578.3221435546875,,
SIFT_sf1,single,B1,0.5,0.3,6,399269,409350.6493506493,1.0252502682418352,385,385,0.12620631605386734,643.1275024414062,,
SIFT_sf1,single,B1,0.5,0.3,7,399437,415584.41558441555,1.0404254377646927,385,385,0.12858305126428604,638.2076416015625,,
SIFT_sf1,single,B1,0.5,0.3,8,399633,384415.5844155844,1.0395858445945947,385,385,0.12461375445127487,625.5829467773438,,
SIFT_sf1,single,B1,0.5,0.3,9,398935,413506.49350649345,1.0365259841991639,385,385,0.12466218322515488,615.7142333984375,,
SIFT_sf1,single,B1,0.5,0.3,10,400380,409350.6493506493,1.0224053383052334,385,385,0.122792087495327,680.2120971679688,,
SIFT_sf1,single,B1,0.5,0.3,11,399402,401038.961038961,1.0040985298996024,385,385,0.12397021055221558,516.3952026367188,,
SIFT_sf1,single,B1,0.5,0.3,12,398596,417662.33766233764,1.0478337405852984,385,385,0.12317951768636703,565.9986572265625,,
SIFT_sf1,single,B1,0.5,0.3,13,398693,417662.33766233764,1.0475788079106922,385,385,0.12195110321044922,606.8648681640625,,
SIFT_sf1,single,B1,0.5,0.3,14,400965,430129.8701298701,1.072736698040652,385,385,0.12150313705205917,576.8348999023438,,
SIFT_sf1,single,B1,0.5,0.3,15,399676,411428.57142857136,1.0294052468213537,385,385,0.12118835002183914,566.525390625,,
SIFT_sf1,single,B1,0.5,0.3,16,399135,419740.25974025973,1.0516247879546012,385,385,0.12025143951177597,670.5303955078125,,
SIFT_sf1,single,B1,0.5,0.3,17,400752,432207.79220779217,1.0784919157179307,385,385,0.12041255831718445,570.6539916992188,,
SIFT_sf1,single,B1,0.5,0.3,18,398988,390649.3506493506,1.0213456117021278,385,385,0.12526288628578186,604.2205810546875,,
SIFT_sf1,single,B1,0.5,0.3,19,400447,417662.33766233764,1.0429903024928084,385,385,0.12347754091024399,649.3466186523438,,
SIFT_sf1,single,B1,0.5,0.3,20,400444,394805.19480519474,1.0142825000000002,385,385,0.12363400310277939,587.367431640625,,
SIFT_sf1,single,B1,0.5,0.3,21,400071,401038.961038961,1.00241947314092,385,385,0.11946726590394974,608.0784912109375,,
SIFT_sf1,single,B1,0.5,0.3,22,400056,392727.2727272727,1.0186611111111112,385,385,0.12285634875297546,584.5699462890625,,
SIFT_sf1,single,B1,0.5,0.3,23,400741,367792.2077922078,1.0895853460451979,385,385,0.12251175940036774,598.404541015625,,
SIFT_sf1,single,B1,0.5,0.3,24,400822,398961.0389610389,1.0046645182291667,385,385,0.12138206511735916,591.3674926757812,,
SIFT_sf1,single,B1,0.5,0.3,25,399954,432207.79220779217,1.0806437545512537,385,385,0.11923816055059433,590.2245483398438,,
SIFT_sf1,single,B1,0.5,0.3,26,399204,413506.49350649345,1.0358275305520321,385,385,0.12114644050598145,598.294677734375,,
SIFT_sf1,single,B1,0.5,0.3,27,401000,388571.4285714285,1.0319852941176473,385,385,0.12743286788463593,582.3280639648438,,
SIFT_sf1,single,B1,0.5,0.3,28,400762,390649.3506493506,1.0258867686170214,385,385,0.12272223830223083,593.0472412109375,,
SIFT_sf1,single,B1,0.5,0.3,29,399345,415584.41558441555,1.0406651281083161,385,385,0.12051872909069061,591.399169921875,,
SIFT_sf1,single,B1,0.5,0.3,30,400698,423896.10389610386,1.0578942343014037,385,385,0.12151524424552917,566.7649536132812,,
SIFT_sf1,single,B1,0.5,0.3,31,401204,425974.02597402595,1.0617392298532067,385,385,0.1219017431139946,584.169921875,,
SIFT_sf1,single,B1,0.5,0.3,32,400885,390649.3506493506,1.0262016289893618,385,385,0.12324191629886627,573.937744140625,,
SIFT_sf1,single,B1,0.5,0.3,33,398569,376103.8961038961,1.0597311118784531,385,385,0.1206565648317337,631.1426391601562,,
SIFT_sf1,single,B1,0.5,0.3,34,400178,363636.3636363636,1.1004895000000001,385,385,0.12282002717256546,655.4357299804688,,
SIFT_sf1,single,B1,0.5,0.3,35,399418,392727.2727272727,1.017036574074074,385,385,0.12313295155763626,637.4872436523438,,
SIFT_sf1,single,B1,0.5,0.3,36,398851,450909.0909090909,1.1305201463932417,385,385,0.12343376874923706,629.7800903320312,,
SIFT_sf1,single,B1,0.5,0.3,37,399136,374025.974025974,1.0671344444444446,385,385,0.12059975415468216,622.8804321289062,,
SIFT_sf1,single,B1,0.5,0.3,38,399365,415584.41558441555,1.040613012117776,385,385,0.12251734733581543,578.031982421875,,
SIFT_sf1,single,B1,0.5,0.3,39,399949,411428.57142857136,1.0287025881514178,385,385,0.12377556413412094,584.48779296875,,
SIFT_sf1,single,B1,0.5,0.3,40,401306,415584.41558441555,1.035579870683258,385,385,0.1230267807841301,620.929931640625,,
SIFT_sf1,single,B1,0.5,0.3,41,398866,378181.8181818181,1.0546937500000002,385,385,0.11962931603193283,632.4468383789062,,
SIFT_sf1,single,B1,0.5,0.3,42,401050,415584.41558441555,1.036240906581263,385,385,0.12230779975652695,628.261474609375,,
SIFT_sf1,single,B1,0.5,0.3,43,398785,396883.11688311683,1.0047920484293196,385,385,0.12401770800352097,628.3331298828125,,
SIFT_sf1,single,B1,0.5,0.3,44,400002,390649.3506493506,1.023941289893617,385,385,0.1233583316206932,645.256103515625,,
SIFT_sf1,single,B1,0.5,0.3,45,398657,407272.72727272724,1.0216118800691503,385,385,0.11987145990133286,638.9741821289062,,
SIFT_sf1,single,B1,0.5,0.3,46,398271,401038.961038961,1.0069499437291718,385,385,0.12111011892557144,625.0128173828125,,
SIFT_sf1,single,B1,0.5,0.3,47,397852,405194.80519480514,1.0184561223641082,385,385,0.12253317981958389,598.3180541992188,,
SIFT_sf1,single,B1,0.5,0.3,48,400163,367792.2077922078,1.0880138064971752,385,385,0.12160558253526688,578.2318115234375,,
SIFT_sf1,single,B1,0.5,0.3,49,399132,409350.6493506493,1.0256021801074564,385,385,0.12048706412315369,577.9415893554688,,
SIFT_sf1,single,B1,0.5,0.3,50,401132,374869.10994764394,1.0700588268156426,382,382,0.13224687427282333,581.2340087890625,,
SIFT_sf1,single,B1,0.5,0.3,51,400479,374869.10994764394,1.0683168854748604,382,382,0.128965824842453,681.395263671875,,
SIFT_sf1,single,B1,0.5,0.3,52,399951,387434.55497382197,1.0323059594594595,382,382,0.12836512178182602,579.0414428710938,,
SIFT_sf1,single,B1,0.5,0.3,53,400807,404188.48167539266,1.0084366831801657,382,382,0.12533459812402725,592.86083984375,,
SIFT_sf1,single,B1,0.5,0.3,54,400259,387434.55497382197,1.0331009324324325,382,382,0.12278091162443161,590.6864624023438,,
SIFT_sf1,single,B1,0.5,0.3,55,400429,399999.99999999994,1.0010725000000003,382,382,0.1239236444234848,600.248291015625,,
SIFT_sf1,single,B1,0.5,0.3,56,398078,379057.5916230366,1.050178149171271,382,382,0.12317579239606857,652.521240234375,,
SIFT_sf1,single,B1,0.5,0.3,57,400453,429319.37172774866,1.072084293856579,382,382,0.12428220361471176,588.1717529296875,,
SIFT_sf1,single,B1,0.5,0.3,58,400849,395811.5183246073,1.012726970899471,382,382,0.12681912630796432,574.3892211914062,,
SIFT_sf1,single,B1,0.5,0.3,59,399123,370680.6282722513,1.0767301271186442,382,382,0.12482795864343643,590.3223876953125,,
SIFT_sf1,single,B1,0.5,0.3,60,400459,399999.99999999994,1.0011475,382,382,0.12443773448467255,594.1939697265625,,
SIFT_sf1,single,B1,0.5,0.3,61,400961,410471.2041884816,1.0237185267107813,382,382,0.12496020644903183,579.1739501953125,,
SIFT_sf1,single,B1,0.5,0.3,62,399937,395811.5183246073,1.010422843915344,382,382,0.12225937098264694,619.64990234375,,
SIFT_sf1,single,B1,0.5,0.3,63,398836,366492.1465968586,1.0882525142857142,382,382,0.12323539704084396,557.3284301757812,,
SIFT_sf1,single,B1,0.5,0.3,64,400153,370680.6282722513,1.0795087994350283,382,382,0.12373179197311401,591.4266357421875,,
SIFT_sf1,single,B1,0.5,0.3,65,400564,427225.1308900523,1.0665589790646497,382,382,0.12514740228652954,575.9674682617188,,
SIFT_sf1,single,B1,0.5,0.3,66,400176,423036.64921465964,1.0571264873822008,382,382,0.12150406837463379,574.1328125,,
SIFT_sf1,single,B1,0.5,0.3,67,399555,406282.72251308896,1.0168380386006657,382,382,0.12336950749158859,557.6611938476562,,
SIFT_sf1,single,B1,0.5,0.3,68,400707,381151.83246073296,1.0513054532967034,382,382,0.1242421567440033,583.1067504882812,,
SIFT_sf1,single,B1,0.5,0.3,69,399039,423036.64921465964,1.0601386060376545,382,382,0.12637488543987274,593.95703125,,
SIFT_sf1,single,B1,0.5,0.3,70,400554,427225.1308900523,1.0665856061605983,382,382,0.12257415801286697,637.5633544921875,,
SIFT_sf1,single,B1,0.5,0.3,71,399565,427225.1308900523,1.0692256100760884,382,382,0.1257052645087242,589.2906494140625,,
SIFT_sf1,single,B1,0.5,0.3,72,400779,408376.9633507853,1.0189579876959254,382,382,0.12301001697778702,578.5084228515625,,
SIFT_sf1,single,B1,0.5,0.3,73,400755,385340.3141361256,1.0400027853260871,382,382,0.13403687626123428,584.8845825195312,,
SIFT_sf1,single,B1,0.5,0.3,74,400902,404188.48167539266,1.0081977183336392,382,382,0.12479163706302643,582.3345336914062,,
SIFT_sf1,single,B1,0.5,0.3,75,400674,399999.99999999994,1.0016850000000002,382,382,0.12356694787740707,584.9312133789062,,
SIFT_sf1,single,B1,0.5,0.3,76,400462,376963.3507853403,1.0623366944444446,382,382,0.12340396642684937,660.68408203125,,
SIFT_sf1,single,B1,0.5,0.3,77,398622,404188.48167539266,1.013964311240706,382,382,0.1231590285897255,579.705078125,,
SIFT_sf1,single,B1,0.5,0.3,78,400737,429319.37172774866,1.0713245139025063,382,382,0.1241825520992279,569.9842529296875,,
SIFT_sf1,single,B1,0.5,0.3,79,399778,418848.167539267,1.0477018933990039,382,382,0.1244833692908287,621.1183471679688,,
SIFT_sf1,single,B1,0.5,0.3,80,398246,408376.9633507853,1.0254389582087085,382,382,0.12765731662511826,646.0348510742188,,
SIFT_sf1,single,B1,0.5,0.3,81,400612,353926.7015706806,1.1319066863905327,382,382,0.12377463281154633,580.0831909179688,,
SIFT_sf1,single,B1,0.5,0.3,82,400322,402094.2408376963,1.0044270383283864,382,382,0.1249881461262703,576.7777099609375,,
SIFT_sf1,single,B1,0.5,0.3,83,400686,395811.5183246073,1.0123151587301589,382,382,0.12397021055221558,593.1251831054688,,
SIFT_sf1,single,B1,0.5,0.3,84,399939,391623.0366492146,1.0212346122994653,382,382,0.1251325011253357,661.6585083007812,,
SIFT_sf1,single,B1,0.5,0.3,85,400373,412565.445026178,1.0304527154083267,382,382,0.12378767132759094,633.6876220703125,,
SIFT_sf1,single,B1,0.5,0.3,86,400702,454450.26178010466,1.134135247091616,382,382,0.12474693357944489,578.7313842773438,,
SIFT_sf1,single,B1,0.5,0.3,87,399449,393717.277486911,1.014557965425532,382,382,0.12408383190631866,628.9503173828125,,
SIFT_sf1,single,B1,0.5,0.3,88,400798,397905.75916230364,1.007268657894737,382,382,0.12384355068206787,584.5066528320312,,
SIFT_sf1,single,B1,0.5,0.3,89,400666,420942.4083769633,1.0506067606858662,382,382,0.13129319995641708,572.1201782226562,,
SIFT_sf1,single,B1,0.5,0.3,90,398382,429319.37172774866,1.0776575541258107,382,382,0.12518838047981262,635.1094360351562,,
SIFT_sf1,single,B1,0.5,0.3,91,400913,431413.612565445,1.0760778836441947,382,382,0.12499745935201645,540.7781372070312,,
SIFT_sf1,single,B1,0.5,0.3,92,399877,366492.1465968586,1.0910929571428571,382,382,0.12523401528596878,590.1758422851562,,
SIFT_sf1,single,B1,0.5,0.3,93,400401,406282.72251308896,1.0146895799787936,382,382,0.12533832341432571,573.4217529296875,,
SIFT_sf1,single,B1,0.5,0.3,94,400195,383246.0732984293,1.0442246584699453,382,382,0.12627430260181427,589.3157348632812,,
SIFT_sf1,single,B1,0.5,0.3,95,400825,395811.5183246073,1.0126663359788362,382,382,0.12738723307847977,540.0342407226562,,
SIFT_sf1,single,B1,0.5,0.3,96,399263,383246.0732984293,1.041792800546448,382,382,0.12642238289117813,635.2109985351562,,
SIFT_sf1,single,B1,0.5,0.3,97,400581,391623.0366492146,1.0228739438502674,382,382,0.12410618364810944,598.8822631835938,,
SIFT_sf1,single,B1,0.5,0.3,98,399816,366492.1465968586,1.0909265142857143,382,382,0.12551527470350266,655.236572265625,,
SIFT_sf1,single,B1,0.5,0.3,99,399182,420942.4083769633,1.0545124990028691,382,382,0.1304466277360916,660.395751953125,,
SIFT_sf1,single,B1,0.5,0.4,0,400706,405194.80519480514,1.0112022410315922,385,385,0.17292052507400513,670.4983520507812,,
SIFT_sf1,single,B1,0.5,0.4,1,399882,390649.3506493506,1.0236341090425534,385,385,0.1396872103214264,589.78515625,,
SIFT_sf1,single,B1,0.5,0.4,2,400104,409350.6493506493,1.023110614616823,385,385,0.13233255594968796,582.9918212890625,,
SIFT_sf1,single,B1,0.5,0.4,3,400725,371948.0519480519,1.0773681913407822,385,385,0.13140123337507248,603.3775634765625,,
SIFT_sf1,single,B1,0.5,0.4,4,400176,413506.49350649345,1.0333115766724978,385,385,0.12811925262212753,569.0469970703125,,
SIFT_sf1,single,B1,0.5,0.4,5,399683,376103.8961038961,1.0626930593922652,385,385,0.12834090739488602,578.3221435546875,,
SIFT_sf1,single,B1,0.5,0.4,6,399269,382337.6623376623,1.0442837296195653,385,385,0.12608151882886887,643.1275024414062,,
SIFT_sf1,single,B1,0.5,0.4,7,399437,380259.7402597402,1.0504320013661204,385,385,0.12298207730054855,638.2076416015625,,
SIFT_sf1,single,B1,0.5,0.4,8,399633,376103.8961038961,1.062560117403315,385,385,0.12308824807405472,625.5829467773438,,
SIFT_sf1,single,B1,0.5,0.4,9,398935,390649.3506493506,1.0212099401595747,385,385,0.12154970318078995,615.7142333984375,,
SIFT_sf1,single,B1,0.5,0.4,10,400380,407272.72727272724,1.0172154634915012,385,385,0.12177880853414536,680.2120971679688,,
SIFT_sf1,single,B1,0.5,0.4,11,399402,394805.19480519474,1.0116432236842108,385,385,0.12239720672369003,516.3952026367188,,
SIFT_sf1,single,B1,0.5,0.4,12,398596,394805.19480519474,1.009601710526316,385,385,0.12216810137033463,565.9986572265625,,
SIFT_sf1,single,B1,0.5,0.4,13,398693,411428.57142857136,1.0319433033150103,385,385,0.1219259575009346,606.8648681640625,,
SIFT_sf1,single,B1,0.5,0.4,14,400965,440519.4805194805,1.0986482124860786,385,385,0.12386497110128403,576.8348999023438,,
SIFT_sf1,single,B1,0.5,0.4,15,399676,338701.29870129866,1.180025,385,385,0.1280698925256729,566.525390625,,
SIFT_sf1,single,B1,0.5,0.4,16,399135,417662.33766233764,1.046418724647895,385,385,0.12295600026845932,670.5303955078125,,
SIFT_sf1,single,B1,0.5,0.4,17,400752,411428.57142857136,1.0266413428468764,385,385,0.12206938117742538,570.6539916992188,,
SIFT_sf1,single,B1,0.5,0.4,18,398988,417662.33766233764,1.0468042589309394,385,385,0.12274365872144699,604.2205810546875,,
SIFT_sf1,single,B1,0.5,0.4,19,400447,398961.0389610389,1.0037245768229168,385,385,0.12360606342554092,649.3466186523438,,
SIFT_sf1,single,B1,0.5,0.4,20,400444,405194.80519480514,1.0118638441200396,385,385,0.12378860265016556,587.367431640625,,
SIFT_sf1,single,B1,0.5,0.4,21,400071,405194.80519480514,1.0128072397019658,385,385,0.12368150055408478,608.0784912109375,,
SIFT_sf1,single,B1,0.5,0.4,22,400056,421818.18181818177,1.0543978388480157,385,385,0.1237727701663971,584.5699462890625,,
SIFT_sf1,single,B1,0.5,0.4,23,400741,403116.8831168831,1.0059287248294613,385,385,0.12456346303224564,598.404541015625,,
SIFT_sf1,single,B1,0.5,0.4,24,400822,401038.961038961,1.0005412902459472,385,385,0.12511853128671646,591.3674926757812,,
SIFT_sf1,single,B1,0.5,0.4,25,399954,430129.8701298701,1.0754483518851419,385,385,0.12904684990644455,590.2245483398438,,
SIFT_sf1,single,B1,0.5,0.4,26,399204,371948.0519480519,1.0732789106145253,385,385,0.12322422116994858,598.294677734375,,
SIFT_sf1,single,B1,0.5,0.4,27,401000,398961.0389610389,1.0051106770833333,385,385,0.12250617146492004,582.3280639648438,,
SIFT_sf1,single,B1,0.5,0.4,28,400762,378181.8181818181,1.0597072115384618,385,385,0.12137088924646378,593.0472412109375,,
SIFT_sf1,single,B1,0.5,0.4,29,399345,409350.6493506493,1.0250551511866914,385,385,0.12306775897741318,591.399169921875,,
SIFT_sf1,single,B1,0.5,0.4,30,400698,409350.6493506493,1.0215939419479243,385,385,0.1228945329785347,566.7649536132812,,
SIFT_sf1,single,B1,0.5,0.4,31,401204,378181.8181818181,1.0608759615384618,385,385,0.12269709259271622,584.169921875,,
SIFT_sf1,single,B1,0.5,0.4,32,400885,407272.72727272724,1.015934064065074,385,385,0.12804195284843445,573.937744140625,,
SIFT_sf1,single,B1,0.5,0.4,33,398569,396883.11688311683,1.0042478075916232,385,385,0.12353621423244476,631.1426391601562,,
SIFT_sf1,single,B1,0.5,0.4,34,400178,388571.4285714285,1.0298698529411765,385,385,0.12452062219381332,655.4357299804688,,
SIFT_sf1,single,B1,0.5,0.4,35,399418,388571.4285714285,1.0279139705882354,385,385,0.12364611029624939,637.4872436523438,,
SIFT_sf1,single,B1,0.5,0.4,36,398851,409350.6493506493,1.026324741195708,385,385,0.12342631816864014,629.7800903320312,,
SIFT_sf1,single,B1,0.5,0.4,37,399136,407272.72727272724,1.0203858516213202,385,385,0.12363400310277939,622.8804321289062,,
SIFT_sf1,single,B1,0.5,0.4,38,399365,409350.6493506493,1.0250038169360092,385,385,0.12285914272069931,578.031982421875,,
SIFT_sf1,single,B1,0.5,0.4,39,399949,442597.4025974026,1.106634602405313,385,385,0.12201350182294846,584.48779296875,,
SIFT_sf1,single,B1,0.5,0.4,40,401306,442597.4025974026,1.1028925622776697,385,385,0.12063980102539062,620.929931640625,,
SIFT_sf1,single,B1,0.5,0.4,41,398866,374025.974025974,1.0664125694444446,385,385,0.12279488146305084,632.4468383789062,,
SIFT_sf1,single,B1,0.5,0.4,42,401050,390649.3506493506,1.0266240026595745,385,385,0.12438185513019562,628.261474609375,,
SIFT_sf1,single,B1,0.5,0.4,43,398785,401038.961038961,1.005652070762343,385,385,0.12212246656417847,628.3331298828125,,
SIFT_sf1,single,B1,0.5,0.4,44,400002,411428.57142857136,1.0285662857399998,385,385,0.12393668293952942,645.256103515625,,
SIFT_sf1,single,B1,0.5,0.4,45,398657,390649.3506493506,1.0204983045212768,385,385,0.12197066098451614,638.9741821289062,,
SIFT_sf1,single,B1,0.5,0.4,46,398271,388571.4285714285,1.0249621323529412,385,385,0.12479722499847412,625.0128173828125,,
SIFT_sf1,single,B1,0.5,0.4,47,397852,417662.33766233764,1.0497932338214653,385,385,0.12198090553283691,598.3180541992188,,
SIFT_sf1,single,B1,0.5,0.4,48,400163,392727.2727272727,1.0189335648148148,385,385,0.12332666665315628,578.2318115234375,,
SIFT_sf1,single,B1,0.5,0.4,49,399132,417662.33766233764,1.0464265898558311,385,385,0.12382585555315018,577.9415893554688,,
SIFT_sf1,single,B1,0.5,0.4,50,401132,391623.0366492146,1.024280909090909,382,382,0.1319805160164833,581.2340087890625,,
SIFT_sf1,single,B1,0.5,0.4,51,400479,408376.9633507853,1.0197212921296381,382,382,0.12468453496694565,681.395263671875,,
SIFT_sf1,single,B1,0.5,0.4,52,399951,404188.48167539266,1.010595002076236,382,382,0.12482050806283951,579.0414428710938,,
SIFT_sf1,single,B1,0.5,0.4,53,400807,423036.64921465964,1.0554622279916759,382,382,0.12490339577198029,592.86083984375,,
SIFT_sf1,single,B1,0.5,0.4,54,400259,387434.55497382197,1.0331009324324325,382,382,0.12170802801847458,590.6864624023438,,
SIFT_sf1,single,B1,0.5,0.4,55,400429,410471.2041884816,1.0250786136580559,382,382,0.12601912021636963,600.248291015625,,
SIFT_sf1,single,B1,0.5,0.4,56,398078,383246.0732984293,1.038700792349727,382,382,0.12388918548822403,652.521240234375,,
SIFT_sf1,single,B1,0.5,0.4,57,400453,404188.48167539266,1.0093281400698526,382,382,0.12427754700183868,588.1717529296875,,
SIFT_sf1,single,B1,0.5,0.4,58,400849,418848.167539267,1.0449026130519647,382,382,0.1247236505150795,574.3892211914062,,
SIFT_sf1,single,B1,0.5,0.4,59,399123,393717.277486911,1.013729960106383,382,382,0.12080278247594833,590.3223876953125,,
SIFT_sf1,single,B1,0.5,0.4,60,400459,368586.3874345549,1.0864725710227274,382,382,0.12547429651021957,594.1939697265625,,
SIFT_sf1,single,B1,0.5,0.4,61,400961,423036.64921465964,1.0550568489570298,382,382,0.1238211989402771,579.1739501953125,,
SIFT_sf1,single,B1,0.5,0.4,62,399937,406282.72251308896,1.0158668053045579,382,382,0.1285737380385399,619.64990234375,,
SIFT_sf1,single,B1,0.5,0.4,63,398836,395811.5183246073,1.007641216931217,382,382,0.12322422116994858,557.3284301757812,,
SIFT_sf1,single,B1,0.5,0.4,64,400153,385340.3141361256,1.0384405298913044,382,382,0.12270361185073853,591.4266357421875,,
SIFT_sf1,single,B1,0.5,0.4,65,400564,429319.37172774866,1.0717872093541823,382,382,0.12559723109006882,575.9674682617188,,
SIFT_sf1,single,B1,0.5,0.4,66,400176,406282.72251308896,1.0152600918423118,382,382,0.1253727823495865,574.1328125,,
SIFT_sf1,single,B1,0.5,0.4,67,399555,402094.2408376963,1.0063551722233393,382,382,0.12302212417125702,557.6611938476562,,
SIFT_sf1,single,B1,0.5,0.4,68,400707,425130.890052356,1.0609519924841742,382,382,0.12328848242759705,583.1067504882812,,
SIFT_sf1,single,B1,0.5,0.4,69,399039,370680.6282722513,1.0765035169491526,382,382,0.12277904897928238,593.95703125,,
SIFT_sf1,single,B1,0.5,0.4,70,400554,404188.48167539266,1.0090736372009583,382,382,0.12576021254062653,637.5633544921875,,
SIFT_sf1,single,B1,0.5,0.4,71,399565,376963.3507853403,1.0599571527777778,382,382,0.12118835002183914,589.2906494140625,,
SIFT_sf1,single,B1,0.5,0.4,72,400779,383246.0732984293,1.0457484836065574,382,382,0.12427009642124176,578.5084228515625,,
SIFT_sf1,single,B1,0.5,0.4,73,400755,423036.64921465964,1.055599179585182,382,382,0.1240437850356102,584.8845825195312,,
SIFT_sf1,single,B1,0.5,0.4,74,400902,395811.5183246073,1.0128608730158732,382,382,0.12348592281341553,582.3345336914062,,
SIFT_sf1,single,B1,0.5,0.4,75,400674,412565.445026178,1.029678604117507,382,382,0.12234877794981003,584.9312133789062,,
SIFT_sf1,single,B1,0.5,0.4,76,400462,391623.0366492146,1.0225700802139037,382,382,0.12256018817424774,660.68408203125,,
SIFT_sf1,single,B1,0.5,0.4,77,398622,379057.5916230366,1.0516132872928179,382,382,0.1270221546292305,579.705078125,,
SIFT_sf1,single,B1,0.5,0.4,78,400737,397905.75916230364,1.007115355263158,382,382,0.12393295764923096,569.9842529296875,,
SIFT_sf1,single,B1,0.5,0.4,79,399778,408376.9633507853,1.0215093460640288,382,382,0.12011919170618057,621.1183471679688,,
SIFT_sf1,single,B1,0.5,0.4,80,398246,397905.75916230364,1.0008550789473685,382,382,0.12640003114938736,646.0348510742188,,
SIFT_sf1,single,B1,0.5,0.4,81,400612,385340.3141361256,1.0396316847826088,382,382,0.12445729225873947,580.0831909179688,,
SIFT_sf1,single,B1,0.5,0.4,82,400322,385340.3141361256,1.0388791032608697,382,382,0.12525729835033417,576.7777099609375,,
SIFT_sf1,single,B1,0.5,0.4,83,400686,393717.277486911,1.0176998138297872,382,382,0.12345798313617706,593.1251831054688,,
SIFT_sf1,single,B1,0.5,0.4,84,399939,402094.2408376963,1.0053889239051363,382,382,0.12385193258523941,661.6585083007812,,
SIFT_sf1,single,B1,0.5,0.4,85,400373,379057.5916230366,1.056232638121547,382,382,0.12437626719474792,633.6876220703125,,
SIFT_sf1,single,B1,0.5,0.4,86,400702,437696.335078534,1.092323809410819,382,382,0.12434646487236023,578.7313842773438,,
SIFT_sf1,single,B1,0.5,0.4,87,399449,397905.75916230364,1.003878407894737,382,382,0.12046098709106445,628.9503173828125,,
SIFT_sf1,single,B1,0.5,0.4,88,400798,399999.99999999994,1.0019950000000002,382,382,0.12421328574419022,584.5066528320312,,
SIFT_sf1,single,B1,0.5,0.4,89,400666,441884.8167539267,1.102875753754815,382,382,0.1234058290719986,572.1201782226562,,
SIFT_sf1,single,B1,0.5,0.4,90,398382,399999.99999999994,1.0040614284781941,382,382,0.12334343045949936,635.1094360351562,,
SIFT_sf1,single,B1,0.5,0.4,91,400913,383246.0732984293,1.0460981284153006,382,382,0.12166984379291534,540.7781372070312,,
SIFT_sf1,single,B1,0.5,0.4,92,399877,416753.9267015706,1.0422052948821028,382,382,0.12319348752498627,590.1758422851562,,
SIFT_sf1,single,B1,0.5,0.4,93,400401,412565.445026178,1.0303806559578472,382,382,0.12379884719848633,573.4217529296875,,
SIFT_sf1,single,B1,0.5,0.4,94,400195,395811.5183246073,1.0110746693121695,382,382,0.12488570064306259,589.3157348632812,,
SIFT_sf1,single,B1,0.5,0.4,95,400825,404188.48167539266,1.0083913969323088,382,382,0.12136436998844147,540.0342407226562,,
SIFT_sf1,single,B1,0.5,0.4,96,399263,404188.48167539266,1.0123364340682524,382,382,0.125199556350708,635.2109985351562,,
SIFT_sf1,single,B1,0.5,0.4,97,400581,370680.6282722513,1.08066343220339,382,382,0.1250794157385826,598.8822631835938,,
SIFT_sf1,single,B1,0.5,0.4,98,399816,406282.72251308896,1.016174246436083,382,382,0.12439675629138947,655.236572265625,,
SIFT_sf1,single,B1,0.5,0.4,99,399182,402094.2408376963,1.0072955214355765,382,382,0.12082885950803757,660.395751953125,,
SIFT_sf1,single,B1,0.5,0.5,0,400706,369870.12987012987,1.083369452247191,385,385,0.18062815070152283,670.4983520507812,,
SIFT_sf1,single,B1,0.5,0.5,1,399882,419740.25974025973,1.0496602991388952,385,385,0.1431647688150406,589.78515625,,
SIFT_sf1,single,B1,0.5,0.5,2,400104,394805.19480519474,1.0134213157894738,385,385,0.13505108654499054,582.9918212890625,,
SIFT_sf1,single,B1,0.5,0.5,3,400725,396883.11688311683,1.0096801374345552,385,385,0.13794377446174622,603.3775634765625,,
SIFT_sf1,single,B1,0.5,0.5,4,400176,392727.2727272727,1.0189666666666668,385,385,0.1286650076508522,569.0469970703125,,
SIFT_sf1,single,B1,0.5,0.5,5,399683,380259.7402597402,1.0510789275956285,385,385,0.1259446144104004,578.3221435546875,,
SIFT_sf1,single,B1,0.5,0.5,6,399269,363636.3636363636,1.0979897500000002,385,385,0.12488570064306259,643.1275024414062,,
SIFT_sf1,single,B1,0.5,0.5,7,399437,407272.72727272724,1.0196169290093988,385,385,0.12630969285964966,638.2076416015625,,
SIFT_sf1,single,B1,0.5,0.5,8,399633,376103.8961038961,1.062560117403315,385,385,0.12467987835407257,625.5829467773438,,
SIFT_sf1,single,B1,0.5,0.5,9,398935,423896.10389610386,1.062569350636329,385,385,0.1253616064786911,615.7142333984375,,
SIFT_sf1,single,B1,0.5,0.5,10,400380,405194.80519480514,1.012025588677769,385,385,0.12378767132759094,680.2120971679688,,
SIFT_sf1,single,B1,0.5,0.5,11,399402,423896.10389610386,1.0613269435208232,385,385,0.12355204671621323,516.3952026367188,,
SIFT_sf1,single,B1,0.5,0.5,12,398596,407272.72727272724,1.0217682246503408,385,385,0.12244470417499542,565.9986572265625,,
SIFT_sf1,single,B1,0.5,0.5,13,398693,434285.71428571426,1.089273486832511,385,385,0.1246519386768341,606.8648681640625,,
SIFT_sf1,single,B1,0.5,0.5,14,400965,355324.6753246753,1.1284468201754387,385,385,0.12339744716882706,576.8348999023438,,
SIFT_sf1,single,B1,0.5,0.5,15,399676,382337.6623376623,1.0453482336956523,385,385,0.12432783842086792,566.525390625,,
SIFT_sf1,single,B1,0.5,0.5,16,399135,405194.80519480514,1.0151823448076593,385,385,0.12371968477964401,670.5303955078125,,
SIFT_sf1,single,B1,0.5,0.5,17,400752,386493.5064935065,1.036891935483871,385,385,0.1255301758646965,570.6539916992188,,
SIFT_sf1,single,B1,0.5,0.5,18,398988,384415.5844155844,1.037907972972973,385,385,0.12322980910539627,604.2205810546875,,
SIFT_sf1,single,B1,0.5,0.5,19,400447,407272.72727272724,1.0170452700924897,385,385,0.12124702334403992,649.3466186523438,,
SIFT_sf1,single,B1,0.5,0.5,20,400444,394805.19480519474,1.0142825000000002,385,385,0.12313853949308395,587.367431640625,,
SIFT_sf1,single,B1,0.5,0.5,21,400071,374025.974025974,1.0696342708333335,385,385,0.12396834790706635,608.0784912109375,,
SIFT_sf1,single,B1,0.5,0.5,22,400056,413506.49350649345,1.0336215267524882,385,385,0.1230752095580101,584.5699462890625,,
SIFT_sf1,single,B1,0.5,0.5,23,400741,384415.5844155844,1.042468141891892,385,385,0.12406613677740097,598.404541015625,,
SIFT_sf1,single,B1,0.5,0.5,24,400822,386493.5064935065,1.0370730510752688,385,385,0.12325402349233627,591.3674926757812,,
SIFT_sf1,single,B1,0.5,0.5,25,399954,386493.5064935065,1.0348272177419355,385,385,0.12186821550130844,590.2245483398438,,
SIFT_sf1,single,B1,0.5,0.5,26,399204,430129.8701298701,1.0774688383129178,385,385,0.12222211807966232,598.294677734375,,
SIFT_sf1,single,B1,0.5,0.5,27,401000,436363.63636363635,1.0881886193606891,385,385,0.11990685015916824,582.3280639648438,,
SIFT_sf1,single,B1,0.5,0.5,28,400762,409350.6493506493,1.0214307977069914,385,385,0.12196600437164307,593.0472412109375,,
SIFT_sf1,single,B1,0.5,0.5,29,399345,428051.948051948,1.0718850819515657,385,385,0.12218207120895386,591.399169921875,,
SIFT_sf1,single,B1,0.5,0.5,30,400698,396883.11688311683,1.009612107329843,385,385,0.12224167585372925,566.7649536132812,,
SIFT_sf1,single,B1,0.5,0.5,31,401204,371948.0519480519,1.0786560055865924,385,385,0.12019556015729904,584.169921875,,
SIFT_sf1,single,B1,0.5,0.5,32,400885,374025.974025974,1.071810590277778,385,385,0.12286193668842316,573.937744140625,,
SIFT_sf1,single,B1,0.5,0.5,33,398569,384415.5844155844,1.0368180067567567,385,385,0.12464448809623718,631.1426391601562,,
SIFT_sf1,single,B1,0.5,0.5,34,400178,423896.10389610386,1.0592688850863963,385,385,0.12207869440317154,655.4357299804688,,
SIFT_sf1,single,B1,0.5,0.5,35,399418,417662.33766233764,1.0456773046340866,385,385,0.12783706188201904,637.4872436523438,,
SIFT_sf1,single,B1,0.5,0.5,36,398851,415584.41558441555,1.041954051975338,385,385,0.12217182666063309,629.7800903320312,,
SIFT_sf1,single,B1,0.5,0.5,37,399136,421818.18181818177,1.0568282034649388,385,385,0.12371223419904709,622.8804321289062,,
SIFT_sf1,single,B1,0.5,0.5,38,399365,442597.4025974026,1.1082528579054314,385,385,0.12112315744161606,578.031982421875,,
SIFT_sf1,single,B1,0.5,0.5,39,399949,409350.6493506493,1.0235071205344914,385,385,0.11958368122577667,584.48779296875,,
SIFT_sf1,single,B1,0.5,0.5,40,401306,417662.33766233764,1.0407577700366744,385,385,0.12404657900333405,620.929931640625,,
SIFT_sf1,single,B1,0.5,0.5,41,398866,409350.6493506493,1.0262861445965545,385,385,0.12328755110502243,632.4468383789062,,
SIFT_sf1,single,B1,0.5,0.5,42,401050,376103.8961038961,1.0663276933701658,385,385,0.12386776506900787,628.261474609375,,
SIFT_sf1,single,B1,0.5,0.5,43,398785,394805.19480519474,1.0100804276315791,385,385,0.11982396245002747,628.3331298828125,,
SIFT_sf1,single,B1,0.5,0.5,44,400002,392727.2727272727,1.0185236111111111,385,385,0.12154970318078995,645.256103515625,,
SIFT_sf1,single,B1,0.5,0.5,45,398657,386493.5064935065,1.0314714045698925,385,385,0.12154132127761841,638.9741821289062,,
SIFT_sf1,single,B1,0.5,0.5,46,398271,411428.57142857136,1.0330367298361451,385,385,0.12254714965820312,625.0128173828125,,
SIFT_sf1,single,B1,0.5,0.5,47,397852,376103.8961038961,1.057824723756906,385,385,0.12023001909255981,598.3180541992188,,
SIFT_sf1,single,B1,0.5,0.5,48,400163,388571.4285714285,1.0298312500000002,385,385,0.12198835611343384,578.2318115234375,,
SIFT_sf1,single,B1,0.5,0.5,49,399132,403116.8831168831,1.0099838727961754,385,385,0.12240651994943619,577.9415893554688,,
SIFT_sf1,single,B1,0.5,0.5,50,401132,391623.0366492146,1.024280909090909,382,382,0.1319563016295433,581.2340087890625,,
SIFT_sf1,single,B1,0.5,0.5,51,400479,393717.277486911,1.0171740558510638,382,382,0.12793857604265213,681.395263671875,,
SIFT_sf1,single,B1,0.5,0.5,52,399951,376963.3507853403,1.060981125,382,382,0.12313015758991241,579.0414428710938,,
SIFT_sf1,single,B1,0.5,0.5,53,400807,399999.99999999994,1.0020175000000002,382,382,0.12573227286338806,592.86083984375,,
SIFT_sf1,single,B1,0.5,0.5,54,400259,404188.48167539266,1.009817347456004,382,382,0.12416113168001175,590.6864624023438,,
SIFT_sf1,single,B1,0.5,0.5,55,400429,389528.79581151827,1.027983051075269,382,382,0.12392830103635788,600.248291015625,,
SIFT_sf1,single,B1,0.5,0.5,56,398078,404188.48167539266,1.0153499607498848,382,382,0.12123305350542068,652.521240234375,,
SIFT_sf1,single,B1,0.5,0.5,57,400453,431413.612565445,1.0773139733388064,382,382,0.12358743697404861,588.1717529296875,,
SIFT_sf1,single,B1,0.5,0.5,58,400849,412565.445026178,1.0292290738561851,382,382,0.12258626520633698,574.3892211914062,,
SIFT_sf1,single,B1,0.5,0.5,59,399123,372774.8691099476,1.0706810814606744,382,382,0.12350734323263168,590.3223876953125,,
SIFT_sf1,single,B1,0.5,0.5,60,400459,406282.72251308896,1.014542618627847,382,382,0.12109987437725067,594.1939697265625,,
SIFT_sf1,single,B1,0.5,0.5,61,400961,383246.0732984293,1.04622337431694,382,382,0.12473762035369873,579.1739501953125,,
SIFT_sf1,single,B1,0.5,0.5,62,399937,395811.5183246073,1.010422843915344,382,382,0.125054270029068,619.64990234375,,
SIFT_sf1,single,B1,0.5,0.5,63,398836,410471.2041884816,1.0291729036207404,382,382,0.12409035116434097,557.3284301757812,,
SIFT_sf1,single,B1,0.5,0.5,64,400153,410471.2041884816,1.0257856474610503,382,382,0.12133270502090454,591.4266357421875,,
SIFT_sf1,single,B1,0.5,0.5,65,400564,372774.8691099476,1.0745466853932586,382,382,0.12781191617250443,575.9674682617188,,
SIFT_sf1,single,B1,0.5,0.5,66,400176,368586.3874345549,1.0857047727272728,382,382,0.1278100535273552,574.1328125,,
SIFT_sf1,single,B1,0.5,0.5,67,399555,397905.75916230364,1.004144802631579,382,382,0.12391246855258942,557.6611938476562,,
SIFT_sf1,single,B1,0.5,0.5,68,400707,381151.83246073296,1.0513054532967034,382,382,0.12273900210857391,583.1067504882812,,
SIFT_sf1,single,B1,0.5,0.5,69,399039,414659.6858638743,1.0391457623537408,382,382,0.12756604701280594,593.95703125,,
SIFT_sf1,single,B1,0.5,0.5,70,400554,389528.79581151827,1.0283039516129033,382,382,0.12559816241264343,637.5633544921875,,
SIFT_sf1,single,B1,0.5,0.5,71,399565,393717.277486911,1.0148525930851064,382,382,0.12335088104009628,589.2906494140625,,
SIFT_sf1,single,B1,0.5,0.5,72,400779,374869.10994764394,1.0691171648044693,382,382,0.12283492833375931,578.5084228515625,,
SIFT_sf1,single,B1,0.5,0.5,73,400755,416753.9267015706,1.0399219640467883,382,382,0.12271199375391006,584.8845825195312,,
SIFT_sf1,single,B1,0.5,0.5,74,400902,414659.6858638743,1.0343168302075678,382,382,0.12386403977870941,582.3345336914062,,
SIFT_sf1,single,B1,0.5,0.5,75,400674,397905.75916230364,1.0069570263157894,382,382,0.12483540922403336,584.9312133789062,,
SIFT_sf1,single,B1,0.5,0.5,76,400462,429319.37172774866,1.0720601997886159,382,382,0.12311525642871857,660.68408203125,,
SIFT_sf1,single,B1,0.5,0.5,77,398622,420942.4083769633,1.0559939199967971,382,382,0.12494716793298721,579.705078125,,
SIFT_sf1,single,B1,0.5,0.5,78,400737,397905.75916230364,1.007115355263158,382,382,0.12513715773820877,569.9842529296875,,
SIFT_sf1,single,B1,0.5,0.5,79,399778,379057.5916230366,1.0546629558011051,382,382,0.12435205280780792,621.1183471679688,,
SIFT_sf1,single,B1,0.5,0.5,80,398246,395811.5183246073,1.0061506084656087,382,382,0.12261420488357544,646.0348510742188,,
SIFT_sf1,single,B1,0.5,0.5,81,400612,397905.75916230364,1.0068012105263158,382,382,0.12375786900520325,580.0831909179688,,
SIFT_sf1,single,B1,0.5,0.5,82,400322,356020.94240837696,1.1244338529411766,382,382,0.12211315333843231,576.7777099609375,,
SIFT_sf1,single,B1,0.5,0.5,83,400686,425130.890052356,1.0610075971018602,382,382,0.12355577200651169,593.1251831054688,,
SIFT_sf1,single,B1,0.5,0.5,84,399939,360209.4240837696,1.1102957703488372,382,382,0.12271758168935776,661.6585083007812,,
SIFT_sf1,single,B1,0.5,0.5,85,400373,408376.9633507853,1.0199912665209325,382,382,0.12354087084531784,633.6876220703125,,
SIFT_sf1,single,B1,0.5,0.5,86,400702,418848.167539267,1.0452859420199225,382,382,0.12411549687385559,578.7313842773438,,
SIFT_sf1,single,B1,0.5,0.5,87,399449,391623.0366492146,1.0199834090909092,382,382,0.12373179197311401,628.9503173828125,,
SIFT_sf1,single,B1,0.5,0.5,88,400798,429319.37172774866,1.071161462202278,382,382,0.12201350182294846,584.5066528320312,,
SIFT_sf1,single,B1,0.5,0.5,89,400666,437696.335078534,1.092421955141025,382,382,0.12422632426023483,572.1201782226562,,
SIFT_sf1,single,B1,0.5,0.5,90,398382,454450.26178010466,1.140739947538053,382,382,0.12491457164287567,635.1094360351562,,
SIFT_sf1,single,B1,0.5,0.5,91,400913,414659.6858638743,1.0342884512696628,382,382,0.12401770800352097,540.7781372070312,,
SIFT_sf1,single,B1,0.5,0.5,92,399877,374869.10994764394,1.0667109916201118,382,382,0.12333225458860397,590.1758422851562,,
SIFT_sf1,single,B1,0.5,0.5,93,400401,393717.277486911,1.016975944148936,382,382,0.12518279254436493,573.4217529296875,,
SIFT_sf1,single,B1,0.5,0.5,94,400195,379057.5916230366,1.055763052486188,382,382,0.12266170233488083,589.3157348632812,,
SIFT_sf1,single,B1,0.5,0.5,95,400825,404188.48167539266,1.0083913969323088,382,382,0.12280046939849854,540.0342407226562,,
SIFT_sf1,single,B1,0.5,0.5,96,399263,383246.0732984293,1.041792800546448,382,382,0.12580212205648422,635.2109985351562,,
SIFT_sf1,single,B1,0.5,0.5,97,400581,416753.9267015706,1.0403736739924525,382,382,0.12379977852106094,598.8822631835938,,
SIFT_sf1,single,B1,0.5,0.5,98,399816,446073.29842931934,1.1156964664478644,382,382,0.12465473264455795,655.236572265625,,
SIFT_sf1,single,B1,0.5,0.5,99,399182,364397.90575916227,1.0954563505747128,382,382,0.12973602861166,660.395751953125,,
