dataset,mode,selectivity,seed,query_id,D_target,true_card,est,q_error
SimSearchNet++,bernoulli,0.01,0.1,0,460.6907958984375,779956,207792.2077922078,3.7535382499999996
SimSearchNet++,bernoulli,0.01,0.1,1,464.9868469238281,806206,831168.8311688312,1.0309633408444383
SimSearchNet++,bernoulli,0.01,0.1,2,429.36578369140625,811965,1038961.038961039,1.2795638222842598
SimSearchNet++,bernoulli,0.01,0.1,3,458.88116455078125,801685,623376.6233766234,1.2860363541666666
SimSearchNet++,bernoulli,0.01,0.1,4,457.8514709472656,815604,1454545.4545454546,1.783396666207442
SimSearchNet++,bernoulli,0.01,0.1,5,452.2731018066406,791358,1038961.038961039,1.3128837251421468
SimSearchNet++,bernoulli,0.01,0.1,6,456.95843505859375,793184,415584.4155844156,1.908599
SimSearchNet++,bernoulli,0.01,0.1,7,454.0616455078125,780202,207792.2077922078,3.754722125
SimSearchNet++,bernoulli,0.01,0.1,8,453.7630615234375,836625,1246753.2467532468,1.490217536833404
SimSearchNet++,bernoulli,0.01,0.1,9,464.24334716796875,803504,831168.8311688312,1.034430234533781
SimSearchNet++,bernoulli,0.01,0.1,10,462.4942626953125,817970,831168.8311688312,1.0161360822143002
SimSearchNet++,bernoulli,0.01,0.1,11,460.7634582519531,818301,1454545.4545454546,1.7775188525315924
SimSearchNet++,bernoulli,0.01,0.1,12,458.513916015625,817881,831168.8311688312,1.0162466558934995
SimSearchNet++,bernoulli,0.01,0.1,13,454.0605773925781,818837,623376.6233766234,1.3135510208333334
SimSearchNet++,bernoulli,0.01,0.1,14,460.4551696777344,810978,415584.4155844156,1.9514158124999998
SimSearchNet++,bernoulli,0.01,0.1,15,455.6313781738281,818190,207792.2077922078,3.9375393749999996
SimSearchNet++,bernoulli,0.01,0.1,16,460.01300048828125,799199,415584.4155844156,1.92307259375
SimSearchNet++,bernoulli,0.01,0.1,17,459.2112121582031,823660,831168.8311688312,1.0091164208154229
SimSearchNet++,bernoulli,0.01,0.1,18,472.6457214355469,759820,1038961.038961039,1.367377851281934
SimSearchNet++,bernoulli,0.01,0.1,19,453.94488525390625,808677,1246753.2467532468,1.5417196813477405
SimSearchNet++,bernoulli,0.01,0.1,20,453.7972717285156,814470,1038961.038961039,1.275628370548994
SimSearchNet++,bernoulli,0.01,0.1,21,446.5522766113281,797911,1038961.038961039,1.3021014110108007
SimSearchNet++,bernoulli,0.01,0.1,22,464.0010070800781,793547,415584.4155844156,1.90947246875
SimSearchNet++,bernoulli,0.01,0.1,23,454.8186340332031,788048,1038961.038961039,1.3183981673210756
SimSearchNet++,bernoulli,0.01,0.1,24,473.16168212890625,817611,415584.4155844156,1.96737646875
SimSearchNet++,bernoulli,0.01,0.1,25,456.3419494628906,802078,831168.8311688312,1.0362693293779797
SimSearchNet++,bernoulli,0.01,0.1,26,464.16162109375,812018,1038961.038961039,1.2794803058073085
SimSearchNet++,bernoulli,0.01,0.1,27,458.9803466796875,798805,1454545.4545454546,1.8209017902309756
SimSearchNet++,bernoulli,0.01,0.1,28,458.90631103515625,823525,1454545.4545454546,1.7662432282510605
SimSearchNet++,bernoulli,0.01,0.1,29,459.6161193847656,797985,415584.4155844156,1.9201514062499998
SimSearchNet++,bernoulli,0.01,0.1,30,463.0507507324219,794866,623376.6233766234,1.2750975416666666
SimSearchNet++,bernoulli,0.01,0.1,31,472.28485107421875,813202,1246753.2467532468,1.533140900727306
SimSearchNet++,bernoulli,0.01,0.1,32,455.90789794921875,839852,831168.8311688312,1.0104469375
SimSearchNet++,bernoulli,0.01,0.1,33,448.43841552734375,810858,1246753.2467532468,1.537572850922414
SimSearchNet++,bernoulli,0.01,0.1,34,445.63323974609375,821583,623376.6233766234,1.3179560625
SimSearchNet++,bernoulli,0.01,0.1,35,458.1025695800781,810313,207792.2077922078,3.8996313125
SimSearchNet++,bernoulli,0.01,0.1,36,457.3247985839844,779727,415584.4155844156,1.87621809375
SimSearchNet++,bernoulli,0.01,0.1,37,463.9535217285156,779968,1038961.038961039,1.3320559804518122
SimSearchNet++,bernoulli,0.01,0.1,38,456.379150390625,830717,207792.2077922078,3.9978255624999997
SimSearchNet++,bernoulli,0.01,0.1,39,459.9629821777344,809020,831168.8311688312,1.027377359235657
SimSearchNet++,bernoulli,0.01,0.1,40,461.0172424316406,812332,415584.4155844156,1.954673875
SimSearchNet++,bernoulli,0.01,0.1,41,459.5018615722656,812243,1454545.4545454546,1.7907762265054357
SimSearchNet++,bernoulli,0.01,0.1,42,467.9165954589844,797447,1246753.2467532468,1.5634308571644846
SimSearchNet++,bernoulli,0.01,0.1,43,457.88427734375,799257,831168.8311688312,1.0399268710425198
SimSearchNet++,bernoulli,0.01,0.1,44,459.56390380859375,826497,415584.4155844156,1.9887584062499999
SimSearchNet++,bernoulli,0.01,0.1,45,459.495361328125,802878,1038961.038961039,1.2940459683302308
SimSearchNet++,bernoulli,0.01,0.1,46,450.1866149902344,785736,1662337.6623376624,2.11564401063164
SimSearchNet++,bernoulli,0.01,0.1,47,468.6938171386719,804578,623376.6233766234,1.2906772083333333
SimSearchNet++,bernoulli,0.01,0.1,48,461.4813232421875,786529,415584.4155844156,1.8925854062499998
SimSearchNet++,bernoulli,0.01,0.1,49,455.8804626464844,797132,1038961.038961039,1.3033738941116892
SimSearchNet++,bernoulli,0.01,0.1,50,460.3205261230469,811048,1246753.2467532468,1.5372126517212874
SimSearchNet++,bernoulli,0.01,0.1,51,461.06280517578125,766698,831168.8311688312,1.0840889518021843
SimSearchNet++,bernoulli,0.01,0.1,52,453.3376159667969,805578,623376.6233766234,1.292281375
SimSearchNet++,bernoulli,0.01,0.1,53,450.4808044433594,802879,831168.8311688312,1.035235485258465
SimSearchNet++,bernoulli,0.01,0.1,54,460.39324951171875,819773,1246753.2467532468,1.5208518050158357
SimSearchNet++,bernoulli,0.01,0.1,55,447.2884826660156,812761,831168.8311688312,1.0226485168073163
SimSearchNet++,bernoulli,0.01,0.1,56,469.0072937011719,805871,415584.4155844156,1.9391270937499998
SimSearchNet++,bernoulli,0.01,0.1,57,454.9988708496094,812699,1038961.038961039,1.278408167059439
SimSearchNet++,bernoulli,0.01,0.1,58,457.2242431640625,793446,831168.8311688312,1.0475430352775503
SimSearchNet++,bernoulli,0.01,0.1,59,461.410888671875,797411,207792.2077922078,3.8375404375
SimSearchNet++,bernoulli,0.01,0.1,60,459.6661071777344,861843,1246753.2467532468,1.4466129524208549
SimSearchNet++,bernoulli,0.01,0.1,61,463.8576354980469,812292,831168.8311688312,1.0232389721538944
SimSearchNet++,bernoulli,0.01,0.1,62,458.5019226074219,816770,415584.4155844156,1.9653528125
SimSearchNet++,bernoulli,0.01,0.1,63,470.8662109375,809218,831168.8311688312,1.0271259798581238
SimSearchNet++,bernoulli,0.01,0.1,64,460.90130615234375,816872,831168.8311688312,1.0175019233966047
SimSearchNet++,bernoulli,0.01,0.1,65,459.3930358886719,795471,1038961.038961039,1.306095431462667
SimSearchNet++,bernoulli,0.01,0.1,66,455.562255859375,806856,1038961.038961039,1.2876660010721108
SimSearchNet++,bernoulli,0.01,0.1,67,471.1730041503906,809196,623376.6233766234,1.29808525
SimSearchNet++,bernoulli,0.01,0.1,68,460.58642578125,816240,831168.8311688312,1.0182897568960492
SimSearchNet++,bernoulli,0.01,0.1,69,457.6493835449219,812672,831168.8311688312,1.0227605124439272
SimSearchNet++,bernoulli,0.01,0.1,70,455.99005126953125,811990,1038961.038961039,1.2795244263612102
SimSearchNet++,bernoulli,0.01,0.1,71,460.2683410644531,840500,1038961.038961039,1.2361225924581072
SimSearchNet++,bernoulli,0.01,0.1,72,458.9477233886719,797751,831168.8311688312,1.0418900523707664
SimSearchNet++,bernoulli,0.01,0.1,73,462.16229248046875,822257,623376.6233766234,1.3190372708333333
SimSearchNet++,bernoulli,0.01,0.1,74,449.9244079589844,815620,415584.4155844156,1.962585625
SimSearchNet++,bernoulli,0.01,0.1,75,462.0497131347656,806815,623376.6233766234,1.2942657291666666
SimSearchNet++,bernoulli,0.01,0.1,76,448.06463623046875,798827,415584.4155844156,1.92217746875
SimSearchNet++,bernoulli,0.01,0.1,77,450.0210876464844,797837,831168.8311688312,1.0417777455405444
SimSearchNet++,bernoulli,0.01,0.1,78,462.8011169433594,813775,0.0,
SimSearchNet++,bernoulli,0.01,0.1,79,458.7417297363281,794044,623376.6233766234,1.2737789166666666
SimSearchNet++,bernoulli,0.01,0.1,80,459.2297668457031,798529,623376.6233766234,1.2809736041666666
SimSearchNet++,bernoulli,0.01,0.1,81,460.25537109375,775374,415584.4155844156,1.8657436875
SimSearchNet++,bernoulli,0.01,0.1,82,437.2161560058594,814700,831168.8311688312,1.0202145957638777
SimSearchNet++,bernoulli,0.01,0.1,83,464.0117492675781,807711,623376.6233766234,1.2957030625
SimSearchNet++,bernoulli,0.01,0.1,84,452.8520812988281,807540,831168.8311688312,1.0292602610011037
SimSearchNet++,bernoulli,0.01,0.1,85,466.22845458984375,803831,623376.6233766234,1.2894788958333334
SimSearchNet++,bernoulli,0.01,0.1,86,469.7104797363281,802001,623376.6233766234,1.2865432708333333
SimSearchNet++,bernoulli,0.01,0.1,87,457.68212890625,823666,0.0,
SimSearchNet++,bernoulli,0.01,0.1,88,462.4499816894531,799879,415584.4155844156,1.92470884375
SimSearchNet++,bernoulli,0.01,0.1,89,448.3302307128906,809619,1038961.038961039,1.2832715622546396
SimSearchNet++,bernoulli,0.01,0.1,90,448.3257751464844,813570,623376.6233766234,1.305101875
SimSearchNet++,bernoulli,0.01,0.1,91,449.1691589355469,778058,1038961.038961039,1.3353259512286217
SimSearchNet++,bernoulli,0.01,0.1,92,464.93865966796875,797483,1454545.4545454546,1.8239203275122537
SimSearchNet++,bernoulli,0.01,0.1,93,459.4725341796875,798655,831168.8311688312,1.0407107338823787
SimSearchNet++,bernoulli,0.01,0.1,94,467.1230773925781,805916,623376.6233766234,1.2928235833333332
SimSearchNet++,bernoulli,0.01,0.1,95,450.4296875,761684,415584.4155844156,1.832802125
SimSearchNet++,bernoulli,0.01,0.1,96,465.37078857421875,797003,1246753.2467532468,1.5643018241502815
SimSearchNet++,bernoulli,0.01,0.1,97,437.6825256347656,815725,831168.8311688312,1.0189326441739939
SimSearchNet++,bernoulli,0.01,0.1,98,449.60650634765625,802759,623376.6233766234,1.2877592291666666
SimSearchNet++,bernoulli,0.01,0.1,99,459.7096862792969,825299,623376.6233766234,1.3239171458333334
SimSearchNet++,bernoulli,0.01,0.2,0,460.6907958984375,779956,623376.6233766234,1.2511794166666668
SimSearchNet++,bernoulli,0.01,0.2,1,464.9868469238281,806206,207792.2077922078,3.8798663749999998
SimSearchNet++,bernoulli,0.01,0.2,2,429.36578369140625,811965,831168.8311688312,1.0236510578274078
SimSearchNet++,bernoulli,0.01,0.2,3,458.88116455078125,801685,1038961.038961039,1.2959716583958028
SimSearchNet++,bernoulli,0.01,0.2,4,457.8514709472656,815604,1038961.038961039,1.2738547615767444
SimSearchNet++,bernoulli,0.01,0.2,5,452.2731018066406,791358,1038961.038961039,1.3128837251421468
SimSearchNet++,bernoulli,0.01,0.2,6,456.95843505859375,793184,207792.2077922078,3.817198
SimSearchNet++,bernoulli,0.01,0.2,7,454.0616455078125,780202,207792.2077922078,3.754722125
SimSearchNet++,bernoulli,0.01,0.2,8,453.7630615234375,836625,1038961.038961039,1.2418479473611703
SimSearchNet++,bernoulli,0.01,0.2,9,464.24334716796875,803504,623376.6233766234,1.2889543333333333
SimSearchNet++,bernoulli,0.01,0.2,10,462.4942626953125,817970,1038961.038961039,1.2701701027678753
SimSearchNet++,bernoulli,0.01,0.2,11,460.7634582519531,818301,1454545.4545454546,1.7775188525315924
SimSearchNet++,bernoulli,0.01,0.2,12,458.513916015625,817881,415584.4155844156,1.9680261562499999
SimSearchNet++,bernoulli,0.01,0.2,13,454.0605773925781,818837,831168.8311688312,1.0150601782391748
SimSearchNet++,bernoulli,0.01,0.2,14,460.4551696777344,810978,623376.6233766234,1.300943875
SimSearchNet++,bernoulli,0.01,0.2,15,455.6313781738281,818190,415584.4155844156,1.9687696874999998
SimSearchNet++,bernoulli,0.01,0.2,16,460.01300048828125,799199,831168.8311688312,1.0400023413052708
SimSearchNet++,bernoulli,0.01,0.2,17,459.2112121582031,823660,623376.6233766234,1.3212879166666667
SimSearchNet++,bernoulli,0.01,0.2,18,472.6457214355469,759820,1662337.6623376624,2.1878045620510944
SimSearchNet++,bernoulli,0.01,0.2,19,453.94488525390625,808677,623376.6233766234,1.2972526875
SimSearchNet++,bernoulli,0.01,0.2,20,453.7972717285156,814470,831168.8311688312,1.020502696439195
SimSearchNet++,bernoulli,0.01,0.2,21,446.5522766113281,797911,207792.2077922078,3.8399466875
SimSearchNet++,bernoulli,0.01,0.2,22,464.0010070800781,793547,415584.4155844156,1.90947246875
SimSearchNet++,bernoulli,0.01,0.2,23,454.8186340332031,788048,623376.6233766234,1.2641603333333333
SimSearchNet++,bernoulli,0.01,0.2,24,473.16168212890625,817611,831168.8311688312,1.0165822514237592
SimSearchNet++,bernoulli,0.01,0.2,25,456.3419494628906,802078,415584.4155844156,1.9300001875
SimSearchNet++,bernoulli,0.01,0.2,26,464.16162109375,812018,1246753.2467532468,1.5353763669687701
SimSearchNet++,bernoulli,0.01,0.2,27,458.9803466796875,798805,623376.6233766234,1.2814163541666668
SimSearchNet++,bernoulli,0.01,0.2,28,458.90631103515625,823525,415584.4155844156,1.9816070312499998
SimSearchNet++,bernoulli,0.01,0.2,29,459.6161193847656,797985,831168.8311688312,1.0415845299959663
SimSearchNet++,bernoulli,0.01,0.2,30,463.0507507324219,794866,1662337.6623376624,2.0913432733789876
SimSearchNet++,bernoulli,0.01,0.2,31,472.28485107421875,813202,623376.6233766234,1.3045115416666666
SimSearchNet++,bernoulli,0.01,0.2,32,455.90789794921875,839852,415584.4155844156,2.020893875
SimSearchNet++,bernoulli,0.01,0.2,33,448.43841552734375,810858,1038961.038961039,1.2813107091020117
SimSearchNet++,bernoulli,0.01,0.2,34,445.63323974609375,821583,415584.4155844156,1.97693409375
SimSearchNet++,bernoulli,0.01,0.2,35,458.1025695800781,810313,1038961.038961039,1.2821724925566282
SimSearchNet++,bernoulli,0.01,0.2,36,457.3247985839844,779727,1246753.2467532468,1.5989612348337903
SimSearchNet++,bernoulli,0.01,0.2,37,463.9535217285156,779968,415584.4155844156,1.876798
SimSearchNet++,bernoulli,0.01,0.2,38,456.379150390625,830717,831168.8311688312,1.0005439050468827
SimSearchNet++,bernoulli,0.01,0.2,39,459.9629821777344,809020,623376.6233766234,1.2978029166666667
SimSearchNet++,bernoulli,0.01,0.2,40,461.0172424316406,812332,1454545.4545454546,1.790580027064617
SimSearchNet++,bernoulli,0.01,0.2,41,459.5018615722656,812243,207792.2077922078,3.9089194375
SimSearchNet++,bernoulli,0.01,0.2,42,467.9165954589844,797447,623376.6233766234,1.2792378958333332
SimSearchNet++,bernoulli,0.01,0.2,43,457.88427734375,799257,1662337.6623376624,2.0798537420850396
SimSearchNet++,bernoulli,0.01,0.2,44,459.56390380859375,826497,1246753.2467532468,1.5084788532242062
SimSearchNet++,bernoulli,0.01,0.2,45,459.495361328125,802878,1038961.038961039,1.2940459683302308
SimSearchNet++,bernoulli,0.01,0.2,46,450.1866149902344,785736,207792.2077922078,3.7813545
SimSearchNet++,bernoulli,0.01,0.2,47,468.6938171386719,804578,207792.2077922078,3.872031625
SimSearchNet++,bernoulli,0.01,0.2,48,461.4813232421875,786529,831168.8311688312,1.0567554803050252
SimSearchNet++,bernoulli,0.01,0.2,49,455.8804626464844,797132,207792.2077922078,3.8361977499999997
SimSearchNet++,bernoulli,0.01,0.2,50,460.3205261230469,811048,623376.6233766234,1.3010561666666667
SimSearchNet++,bernoulli,0.01,0.2,51,461.06280517578125,766698,207792.2077922078,3.6897341249999998
SimSearchNet++,bernoulli,0.01,0.2,52,453.3376159667969,805578,1246753.2467532468,1.547650564877947
SimSearchNet++,bernoulli,0.01,0.2,53,450.4808044433594,802879,1038961.038961039,1.2940443565730815
SimSearchNet++,bernoulli,0.01,0.2,54,460.39324951171875,819773,1038961.038961039,1.2673765041798633
SimSearchNet++,bernoulli,0.01,0.2,55,447.2884826660156,812761,207792.2077922078,3.9114123125
SimSearchNet++,bernoulli,0.01,0.2,56,469.0072937011719,805871,1038961.038961039,1.289239889462506
SimSearchNet++,bernoulli,0.01,0.2,57,454.9988708496094,812699,1246753.2467532468,1.5340898004713268
SimSearchNet++,bernoulli,0.01,0.2,58,457.2242431640625,793446,623376.6233766234,1.272819625
SimSearchNet++,bernoulli,0.01,0.2,59,461.410888671875,797411,623376.6233766234,1.2791801458333334
SimSearchNet++,bernoulli,0.01,0.2,60,459.6661071777344,861843,623376.6233766234,1.3825398125
SimSearchNet++,bernoulli,0.01,0.2,61,463.8576354980469,812292,831168.8311688312,1.0232389721538944
SimSearchNet++,bernoulli,0.01,0.2,62,458.5019226074219,816770,623376.6233766234,1.3102352083333333
SimSearchNet++,bernoulli,0.01,0.2,63,470.8662109375,809218,1038961.038961039,1.2839074748226547
SimSearchNet++,bernoulli,0.01,0.2,64,460.90130615234375,816872,1038961.038961039,1.271877404245756
SimSearchNet++,bernoulli,0.01,0.2,65,459.3930358886719,795471,831168.8311688312,1.0448763451701335
SimSearchNet++,bernoulli,0.01,0.2,66,455.562255859375,806856,831168.8311688312,1.0301328008576887
SimSearchNet++,bernoulli,0.01,0.2,67,471.1730041503906,809196,415584.4155844156,1.9471278749999998
SimSearchNet++,bernoulli,0.01,0.2,68,460.58642578125,816240,415584.4155844156,1.9640775
SimSearchNet++,bernoulli,0.01,0.2,69,457.6493835449219,812672,415584.4155844156,1.955492
SimSearchNet++,bernoulli,0.01,0.2,70,455.99005126953125,811990,1038961.038961039,1.2795244263612102
SimSearchNet++,bernoulli,0.01,0.2,71,460.2683410644531,840500,1038961.038961039,1.2361225924581072
SimSearchNet++,bernoulli,0.01,0.2,72,458.9477233886719,797751,1662337.6623376624,2.0837801047415327
SimSearchNet++,bernoulli,0.01,0.2,73,462.16229248046875,822257,0.0,
SimSearchNet++,bernoulli,0.01,0.2,74,449.9244079589844,815620,0.0,
SimSearchNet++,bernoulli,0.01,0.2,75,462.0497131347656,806815,831168.8311688312,1.0301851492211116
SimSearchNet++,bernoulli,0.01,0.2,76,448.06463623046875,798827,623376.6233766234,1.2814516458333334
SimSearchNet++,bernoulli,0.01,0.2,77,450.0210876464844,797837,415584.4155844156,1.9197952812499999
SimSearchNet++,bernoulli,0.01,0.2,78,462.8011169433594,813775,1038961.038961039,1.2767178138441695
SimSearchNet++,bernoulli,0.01,0.2,79,458.7417297363281,794044,207792.2077922078,3.82133675
SimSearchNet++,bernoulli,0.01,0.2,80,459.2297668457031,798529,1038961.038961039,1.3010936847140668
SimSearchNet++,bernoulli,0.01,0.2,81,460.25537109375,775374,2077922.077922078,2.679896511776353
SimSearchNet++,bernoulli,0.01,0.2,82,437.2161560058594,814700,831168.8311688312,1.0202145957638777
SimSearchNet++,bernoulli,0.01,0.2,83,464.0117492675781,807711,623376.6233766234,1.2957030625
SimSearchNet++,bernoulli,0.01,0.2,84,452.8520812988281,807540,1246753.2467532468,1.5438903915016553
SimSearchNet++,bernoulli,0.01,0.2,85,466.22845458984375,803831,1038961.038961039,1.292511782900932
SimSearchNet++,bernoulli,0.01,0.2,86,469.7104797363281,802001,623376.6233766234,1.2865432708333333
SimSearchNet++,bernoulli,0.01,0.2,87,457.68212890625,823666,1038961.038961039,1.261386337375877
SimSearchNet++,bernoulli,0.01,0.2,88,462.4499816894531,799879,1038961.038961039,1.298897756987043
SimSearchNet++,bernoulli,0.01,0.2,89,448.3302307128906,809619,831168.8311688312,1.0266172498037116
SimSearchNet++,bernoulli,0.01,0.2,90,448.3257751464844,813570,1246753.2467532468,1.532447419095157
SimSearchNet++,bernoulli,0.01,0.2,91,449.1691589355469,778058,1246753.2467532468,1.6023911414743461
SimSearchNet++,bernoulli,0.01,0.2,92,464.93865966796875,797483,831168.8311688312,1.0422401871498592
SimSearchNet++,bernoulli,0.01,0.2,93,459.4725341796875,798655,415584.4155844156,1.92176359375
SimSearchNet++,bernoulli,0.01,0.2,94,467.1230773925781,805916,1038961.038961039,1.2891679020655242
SimSearchNet++,bernoulli,0.01,0.2,95,450.4296875,761684,207792.2077922078,3.66560425
SimSearchNet++,bernoulli,0.01,0.2,96,465.37078857421875,797003,831168.8311688312,1.0428678827668543
SimSearchNet++,bernoulli,0.01,0.2,97,437.6825256347656,815725,623376.6233766234,1.3085588541666666
SimSearchNet++,bernoulli,0.01,0.2,98,449.60650634765625,802759,623376.6233766234,1.2877592291666666
SimSearchNet++,bernoulli,0.01,0.2,99,459.7096862792969,825299,1038961.038961039,1.258890461470375
SimSearchNet++,bernoulli,0.01,0.3,0,460.6907958984375,779956,415584.4155844156,1.8767691249999998
SimSearchNet++,bernoulli,0.01,0.3,1,464.9868469238281,806206,0.0,
SimSearchNet++,bernoulli,0.01,0.3,2,429.36578369140625,811965,831168.8311688312,1.0236510578274078
SimSearchNet++,bernoulli,0.01,0.3,3,458.88116455078125,801685,1454545.4545454546,1.8143603217541235
SimSearchNet++,bernoulli,0.01,0.3,4,457.8514709472656,815604,1454545.4545454546,1.783396666207442
SimSearchNet++,bernoulli,0.01,0.3,5,452.2731018066406,791358,831168.8311688312,1.0503069801137175
SimSearchNet++,bernoulli,0.01,0.3,6,456.95843505859375,793184,623376.6233766234,1.2723993333333334
SimSearchNet++,bernoulli,0.01,0.3,7,454.0616455078125,780202,831168.8311688312,1.065325173697108
SimSearchNet++,bernoulli,0.01,0.3,8,453.7630615234375,836625,415584.4155844156,2.01312890625
SimSearchNet++,bernoulli,0.01,0.3,9,464.24334716796875,803504,831168.8311688312,1.034430234533781
SimSearchNet++,bernoulli,0.01,0.3,10,462.4942626953125,817970,1454545.4545454546,1.7782381438750254
SimSearchNet++,bernoulli,0.01,0.3,11,460.7634582519531,818301,831168.8311688312,1.0157250585894815
SimSearchNet++,bernoulli,0.01,0.3,12,458.513916015625,817881,623376.6233766234,1.3120174375
SimSearchNet++,bernoulli,0.01,0.3,13,454.0605773925781,818837,1246753.2467532468,1.5225902673587621
SimSearchNet++,bernoulli,0.01,0.3,14,460.4551696777344,810978,623376.6233766234,1.300943875
SimSearchNet++,bernoulli,0.01,0.3,15,455.6313781738281,818190,207792.2077922078,3.9375393749999996
SimSearchNet++,bernoulli,0.01,0.3,16,460.01300048828125,799199,1454545.4545454546,1.820004097284224
SimSearchNet++,bernoulli,0.01,0.3,17,459.2112121582031,823660,415584.4155844156,1.981931875
SimSearchNet++,bernoulli,0.01,0.3,18,472.6457214355469,759820,1038961.038961039,1.367377851281934
SimSearchNet++,bernoulli,0.01,0.3,19,453.94488525390625,808677,831168.8311688312,1.0278131208984937
SimSearchNet++,bernoulli,0.01,0.3,20,453.7972717285156,814470,623376.6233766234,1.306545625
SimSearchNet++,bernoulli,0.01,0.3,21,446.5522766113281,797911,623376.6233766234,1.2799822291666667
SimSearchNet++,bernoulli,0.01,0.3,22,464.0010070800781,793547,1038961.038961039,1.309262134392845
SimSearchNet++,bernoulli,0.01,0.3,23,454.8186340332031,788048,831168.8311688312,1.0547185338568605
SimSearchNet++,bernoulli,0.01,0.3,24,473.16168212890625,817611,623376.6233766234,1.3115843125
SimSearchNet++,bernoulli,0.01,0.3,25,456.3419494628906,802078,623376.6233766234,1.2866667916666668
SimSearchNet++,bernoulli,0.01,0.3,26,464.16162109375,812018,831168.8311688312,1.0235842446458467
SimSearchNet++,bernoulli,0.01,0.3,27,458.9803466796875,798805,623376.6233766234,1.2814163541666668
SimSearchNet++,bernoulli,0.01,0.3,28,458.90631103515625,823525,623376.6233766234,1.3210713541666668
SimSearchNet++,bernoulli,0.01,0.3,29,459.6161193847656,797985,831168.8311688312,1.0415845299959663
SimSearchNet++,bernoulli,0.01,0.3,30,463.0507507324219,794866,1246753.2467532468,1.5685074550342406
SimSearchNet++,bernoulli,0.01,0.3,31,472.28485107421875,813202,415584.4155844156,1.9567673124999998
SimSearchNet++,bernoulli,0.01,0.3,32,455.90789794921875,839852,623376.6233766234,1.3472625833333334
SimSearchNet++,bernoulli,0.01,0.3,33,448.43841552734375,810858,623376.6233766234,1.300751375
SimSearchNet++,bernoulli,0.01,0.3,34,445.63323974609375,821583,623376.6233766234,1.3179560625
SimSearchNet++,bernoulli,0.01,0.3,35,458.1025695800781,810313,831168.8311688312,1.0257379940453024
SimSearchNet++,bernoulli,0.01,0.3,36,457.3247985839844,779727,415584.4155844156,1.87621809375
SimSearchNet++,bernoulli,0.01,0.3,37,463.9535217285156,779968,415584.4155844156,1.876798
SimSearchNet++,bernoulli,0.01,0.3,38,456.379150390625,830717,831168.8311688312,1.0005439050468827
SimSearchNet++,bernoulli,0.01,0.3,39,459.9629821777344,809020,1038961.038961039,1.2842216990445712
SimSearchNet++,bernoulli,0.01,0.3,40,461.0172424316406,812332,623376.6233766234,1.3031159166666666
SimSearchNet++,bernoulli,0.01,0.3,41,459.5018615722656,812243,831168.8311688312,1.023300700860249
SimSearchNet++,bernoulli,0.01,0.3,42,467.9165954589844,797447,415584.4155844156,1.91885684375
SimSearchNet++,bernoulli,0.01,0.3,43,457.88427734375,799257,623376.6233766234,1.2821414375
SimSearchNet++,bernoulli,0.01,0.3,44,459.56390380859375,826497,415584.4155844156,1.9887584062499999
SimSearchNet++,bernoulli,0.01,0.3,45,459.495361328125,802878,415584.4155844156,1.9319251874999999
SimSearchNet++,bernoulli,0.01,0.3,46,450.1866149902344,785736,831168.8311688312,1.05782200531582
SimSearchNet++,bernoulli,0.01,0.3,47,468.6938171386719,804578,623376.6233766234,1.2906772083333333
SimSearchNet++,bernoulli,0.01,0.3,48,461.4813232421875,786529,415584.4155844156,1.8925854062499998
SimSearchNet++,bernoulli,0.01,0.3,49,455.8804626464844,797132,1038961.038961039,1.3033738941116892
SimSearchNet++,bernoulli,0.01,0.3,50,460.3205261230469,811048,831168.8311688312,1.0248084344808583
SimSearchNet++,bernoulli,0.01,0.3,51,461.06280517578125,766698,831168.8311688312,1.0840889518021843
SimSearchNet++,bernoulli,0.01,0.3,52,453.3376159667969,805578,831168.8311688312,1.0317670432519648
SimSearchNet++,bernoulli,0.01,0.3,53,450.4808044433594,802879,0.0,
SimSearchNet++,bernoulli,0.01,0.3,54,460.39324951171875,819773,623376.6233766234,1.3150525208333332
SimSearchNet++,bernoulli,0.01,0.3,55,447.2884826660156,812761,623376.6233766234,1.3038041041666666
SimSearchNet++,bernoulli,0.01,0.3,56,469.0072937011719,805871,0.0,
SimSearchNet++,bernoulli,0.01,0.3,57,454.9988708496094,812699,1246753.2467532468,1.5340898004713268
SimSearchNet++,bernoulli,0.01,0.3,58,457.2242431640625,793446,415584.4155844156,1.9092294374999998
SimSearchNet++,bernoulli,0.01,0.3,59,461.410888671875,797411,623376.6233766234,1.2791801458333334
SimSearchNet++,bernoulli,0.01,0.3,60,459.6661071777344,861843,415584.4155844156,2.0738097187499998
SimSearchNet++,bernoulli,0.01,0.3,61,463.8576354980469,812292,1038961.038961039,1.279048715192368
SimSearchNet++,bernoulli,0.01,0.3,62,458.5019226074219,816770,415584.4155844156,1.9653528125
SimSearchNet++,bernoulli,0.01,0.3,63,470.8662109375,809218,1038961.038961039,1.2839074748226547
SimSearchNet++,bernoulli,0.01,0.3,64,460.90130615234375,816872,1454545.4545454546,1.780628365944058
SimSearchNet++,bernoulli,0.01,0.3,65,459.3930358886719,795471,831168.8311688312,1.0448763451701335
SimSearchNet++,bernoulli,0.01,0.3,66,455.562255859375,806856,1038961.038961039,1.2876660010721108
SimSearchNet++,bernoulli,0.01,0.3,67,471.1730041503906,809196,415584.4155844156,1.9471278749999998
SimSearchNet++,bernoulli,0.01,0.3,68,460.58642578125,816240,207792.2077922078,3.928155
SimSearchNet++,bernoulli,0.01,0.3,69,457.6493835449219,812672,623376.6233766234,1.3036613333333333
SimSearchNet++,bernoulli,0.01,0.3,70,455.99005126953125,811990,1454545.4545454546,1.7913341969056942
SimSearchNet++,bernoulli,0.01,0.3,71,460.2683410644531,840500,623376.6233766234,1.3483020833333332
SimSearchNet++,bernoulli,0.01,0.3,72,458.9477233886719,797751,1870129.8701298703,2.3442526178342242
SimSearchNet++,bernoulli,0.01,0.3,73,462.16229248046875,822257,623376.6233766234,1.3190372708333333
SimSearchNet++,bernoulli,0.01,0.3,74,449.9244079589844,815620,1246753.2467532468,1.528595726874337
SimSearchNet++,bernoulli,0.01,0.3,75,462.0497131347656,806815,623376.6233766234,1.2942657291666666
SimSearchNet++,bernoulli,0.01,0.3,76,448.06463623046875,798827,415584.4155844156,1.92217746875
SimSearchNet++,bernoulli,0.01,0.3,77,450.0210876464844,797837,623376.6233766234,1.2798635208333333
SimSearchNet++,bernoulli,0.01,0.3,78,462.8011169433594,813775,1662337.6623376624,2.0427485021506713
SimSearchNet++,bernoulli,0.01,0.3,79,458.7417297363281,794044,623376.6233766234,1.2737789166666666
SimSearchNet++,bernoulli,0.01,0.3,80,459.2297668457031,798529,831168.8311688312,1.0408749477712533
SimSearchNet++,bernoulli,0.01,0.3,81,460.25537109375,775374,623376.6233766234,1.243829125
SimSearchNet++,bernoulli,0.01,0.3,82,437.2161560058594,814700,1038961.038961039,1.2752682447048473
SimSearchNet++,bernoulli,0.01,0.3,83,464.0117492675781,807711,1038961.038961039,1.2863029461788178
SimSearchNet++,bernoulli,0.01,0.3,84,452.8520812988281,807540,1038961.038961039,1.2865753262513795
SimSearchNet++,bernoulli,0.01,0.3,85,466.22845458984375,803831,623376.6233766234,1.2894788958333334
SimSearchNet++,bernoulli,0.01,0.3,86,469.7104797363281,802001,1454545.4545454546,1.8136454375311932
SimSearchNet++,bernoulli,0.01,0.3,87,457.68212890625,823666,831168.8311688312,1.0091090699007015
SimSearchNet++,bernoulli,0.01,0.3,88,462.4499816894531,799879,1454545.4545454546,1.8184568597818602
SimSearchNet++,bernoulli,0.01,0.3,89,448.3302307128906,809619,1246753.2467532468,1.5399258747055673
SimSearchNet++,bernoulli,0.01,0.3,90,448.3257751464844,813570,415584.4155844156,1.9576528125
SimSearchNet++,bernoulli,0.01,0.3,91,449.1691589355469,778058,415584.4155844156,1.8722020625
SimSearchNet++,bernoulli,0.01,0.3,92,464.93865966796875,797483,207792.2077922078,3.8378869375
SimSearchNet++,bernoulli,0.01,0.3,93,459.4725341796875,798655,623376.6233766234,1.2811757291666666
SimSearchNet++,bernoulli,0.01,0.3,94,467.1230773925781,805916,831168.8311688312,1.0313343216524193
SimSearchNet++,bernoulli,0.01,0.3,95,450.4296875,761684,207792.2077922078,3.66560425
SimSearchNet++,bernoulli,0.01,0.3,96,465.37078857421875,797003,831168.8311688312,1.0428678827668543
SimSearchNet++,bernoulli,0.01,0.3,97,437.6825256347656,815725,207792.2077922078,3.9256765624999996
SimSearchNet++,bernoulli,0.01,0.3,98,449.60650634765625,802759,1246753.2467532468,1.5530853553223904
SimSearchNet++,bernoulli,0.01,0.3,99,459.7096862792969,825299,1038961.038961039,1.258890461470375
SimSearchNet++,bernoulli,0.01,0.4,0,460.6907958984375,779956,415584.4155844156,1.8767691249999998
SimSearchNet++,bernoulli,0.01,0.4,1,464.9868469238281,806206,1038961.038961039,1.288704176055548
SimSearchNet++,bernoulli,0.01,0.4,2,429.36578369140625,811965,623376.6233766234,1.3025271875
SimSearchNet++,bernoulli,0.01,0.4,3,458.88116455078125,801685,1454545.4545454546,1.8143603217541235
SimSearchNet++,bernoulli,0.01,0.4,4,457.8514709472656,815604,1454545.4545454546,1.783396666207442
SimSearchNet++,bernoulli,0.01,0.4,5,452.2731018066406,791358,623376.6233766234,1.269470125
SimSearchNet++,bernoulli,0.01,0.4,6,456.95843505859375,793184,207792.2077922078,3.817198
SimSearchNet++,bernoulli,0.01,0.4,7,454.0616455078125,780202,1038961.038961039,1.3316564671213853
SimSearchNet++,bernoulli,0.01,0.4,8,453.7630615234375,836625,831168.8311688312,1.006564453125
SimSearchNet++,bernoulli,0.01,0.4,9,464.24334716796875,803504,207792.2077922078,3.866863
SimSearchNet++,bernoulli,0.01,0.4,10,462.4942626953125,817970,831168.8311688312,1.0161360822143002
SimSearchNet++,bernoulli,0.01,0.4,11,460.7634582519531,818301,831168.8311688312,1.0157250585894815
SimSearchNet++,bernoulli,0.01,0.4,12,458.513916015625,817881,0.0,
SimSearchNet++,bernoulli,0.01,0.4,13,454.0605773925781,818837,415584.4155844156,1.97032653125
SimSearchNet++,bernoulli,0.01,0.4,14,460.4551696777344,810978,831168.8311688312,1.024896891369225
SimSearchNet++,bernoulli,0.01,0.4,15,455.6313781738281,818190,207792.2077922078,3.9375393749999996
SimSearchNet++,bernoulli,0.01,0.4,16,460.01300048828125,799199,415584.4155844156,1.92307259375
SimSearchNet++,bernoulli,0.01,0.4,17,459.2112121582031,823660,623376.6233766234,1.3212879166666667
SimSearchNet++,bernoulli,0.01,0.4,18,472.6457214355469,759820,623376.6233766234,1.2188779166666666
SimSearchNet++,bernoulli,0.01,0.4,19,453.94488525390625,808677,1454545.4545454546,1.798672961572364
SimSearchNet++,bernoulli,0.01,0.4,20,453.7972717285156,814470,1246753.2467532468,1.5307540446587926
SimSearchNet++,bernoulli,0.01,0.4,21,446.5522766113281,797911,207792.2077922078,3.8399466875
SimSearchNet++,bernoulli,0.01,0.4,22,464.0010070800781,793547,415584.4155844156,1.90947246875
SimSearchNet++,bernoulli,0.01,0.4,23,454.8186340332031,788048,831168.8311688312,1.0547185338568605
SimSearchNet++,bernoulli,0.01,0.4,24,473.16168212890625,817611,623376.6233766234,1.3115843125
SimSearchNet++,bernoulli,0.01,0.4,25,456.3419494628906,802078,831168.8311688312,1.0362693293779797
SimSearchNet++,bernoulli,0.01,0.4,26,464.16162109375,812018,1038961.038961039,1.2794803058073085
SimSearchNet++,bernoulli,0.01,0.4,27,458.9803466796875,798805,1038961.038961039,1.3006441358792684
SimSearchNet++,bernoulli,0.01,0.4,28,458.90631103515625,823525,623376.6233766234,1.3210713541666668
SimSearchNet++,bernoulli,0.01,0.4,29,459.6161193847656,797985,623376.6233766234,1.2801009375
SimSearchNet++,bernoulli,0.01,0.4,30,463.0507507324219,794866,1454545.4545454546,1.8299253642066142
SimSearchNet++,bernoulli,0.01,0.4,31,472.28485107421875,813202,1038961.038961039,1.2776174172727552
SimSearchNet++,bernoulli,0.01,0.4,32,455.90789794921875,839852,623376.6233766234,1.3472625833333334
SimSearchNet++,bernoulli,0.01,0.4,33,448.43841552734375,810858,1454545.4545454546,1.7938349927428163
SimSearchNet++,bernoulli,0.01,0.4,34,445.63323974609375,821583,831168.8311688312,1.0116675140172462
SimSearchNet++,bernoulli,0.01,0.4,35,458.1025695800781,810313,623376.6233766234,1.2998771041666666
SimSearchNet++,bernoulli,0.01,0.4,36,457.3247985839844,779727,831168.8311688312,1.0659741565558603
SimSearchNet++,bernoulli,0.01,0.4,37,463.9535217285156,779968,1454545.4545454546,1.8648783726325369
SimSearchNet++,bernoulli,0.01,0.4,38,456.379150390625,830717,1038961.038961039,1.2506798813086033
SimSearchNet++,bernoulli,0.01,0.4,39,459.9629821777344,809020,831168.8311688312,1.027377359235657
SimSearchNet++,bernoulli,0.01,0.4,40,461.0172424316406,812332,623376.6233766234,1.3031159166666666
SimSearchNet++,bernoulli,0.01,0.4,41,459.5018615722656,812243,623376.6233766234,1.3029731458333333
SimSearchNet++,bernoulli,0.01,0.4,42,467.9165954589844,797447,1454545.4545454546,1.8240026666918987
SimSearchNet++,bernoulli,0.01,0.4,43,457.88427734375,799257,623376.6233766234,1.2821414375
SimSearchNet++,bernoulli,0.01,0.4,44,459.56390380859375,826497,415584.4155844156,1.9887584062499999
SimSearchNet++,bernoulli,0.01,0.4,45,459.495361328125,802878,1454545.4545454546,1.811664355662323
SimSearchNet++,bernoulli,0.01,0.4,46,450.1866149902344,785736,415584.4155844156,1.89067725
SimSearchNet++,bernoulli,0.01,0.4,47,468.6938171386719,804578,623376.6233766234,1.2906772083333333
SimSearchNet++,bernoulli,0.01,0.4,48,461.4813232421875,786529,623376.6233766234,1.2617236041666666
SimSearchNet++,bernoulli,0.01,0.4,49,455.8804626464844,797132,415584.4155844156,1.9180988749999999
SimSearchNet++,bernoulli,0.01,0.4,50,460.3205261230469,811048,415584.4155844156,1.9515842499999998
SimSearchNet++,bernoulli,0.01,0.4,51,461.06280517578125,766698,207792.2077922078,3.6897341249999998
SimSearchNet++,bernoulli,0.01,0.4,52,453.3376159667969,805578,831168.8311688312,1.0317670432519648
SimSearchNet++,bernoulli,0.01,0.4,53,450.4808044433594,802879,1246753.2467532468,1.5528532278876976
SimSearchNet++,bernoulli,0.01,0.4,54,460.39324951171875,819773,207792.2077922078,3.9451575625
SimSearchNet++,bernoulli,0.01,0.4,55,447.2884826660156,812761,831168.8311688312,1.0226485168073163
SimSearchNet++,bernoulli,0.01,0.4,56,469.0072937011719,805871,623376.6233766234,1.2927513958333334
SimSearchNet++,bernoulli,0.01,0.4,57,454.9988708496094,812699,415584.4155844156,1.9555569687499998
SimSearchNet++,bernoulli,0.01,0.4,58,457.2242431640625,793446,623376.6233766234,1.272819625
SimSearchNet++,bernoulli,0.01,0.4,59,461.410888671875,797411,623376.6233766234,1.2791801458333334
SimSearchNet++,bernoulli,0.01,0.4,60,459.6661071777344,861843,1038961.038961039,1.2055107936840457
SimSearchNet++,bernoulli,0.01,0.4,61,463.8576354980469,812292,415584.4155844156,1.954577625
SimSearchNet++,bernoulli,0.01,0.4,62,458.5019226074219,816770,207792.2077922078,3.930705625
SimSearchNet++,bernoulli,0.01,0.4,63,470.8662109375,809218,623376.6233766234,1.2981205416666666
SimSearchNet++,bernoulli,0.01,0.4,64,460.90130615234375,816872,415584.4155844156,1.96559825
SimSearchNet++,bernoulli,0.01,0.4,65,459.3930358886719,795471,831168.8311688312,1.0448763451701335
SimSearchNet++,bernoulli,0.01,0.4,66,455.562255859375,806856,831168.8311688312,1.0301328008576887
SimSearchNet++,bernoulli,0.01,0.4,67,471.1730041503906,809196,623376.6233766234,1.29808525
SimSearchNet++,bernoulli,0.01,0.4,68,460.58642578125,816240,1454545.4545454546,1.782007074568086
SimSearchNet++,bernoulli,0.01,0.4,69,457.6493835449219,812672,415584.4155844156,1.955492
SimSearchNet++,bernoulli,0.01,0.4,70,455.99005126953125,811990,1246753.2467532468,1.535429311633452
SimSearchNet++,bernoulli,0.01,0.4,71,460.2683410644531,840500,1038961.038961039,1.2361225924581072
SimSearchNet++,bernoulli,0.01,0.4,72,458.9477233886719,797751,623376.6233766234,1.2797255625
SimSearchNet++,bernoulli,0.01,0.4,73,462.16229248046875,822257,207792.2077922078,3.9571118125
SimSearchNet++,bernoulli,0.01,0.4,74,449.9244079589844,815620,415584.4155844156,1.962585625
SimSearchNet++,bernoulli,0.01,0.4,75,462.0497131347656,806815,207792.2077922078,3.8827971875
SimSearchNet++,bernoulli,0.01,0.4,76,448.06463623046875,798827,1246753.2467532468,1.5607299787729343
SimSearchNet++,bernoulli,0.01,0.4,77,450.0210876464844,797837,1038961.038961039,1.3022221819256803
SimSearchNet++,bernoulli,0.01,0.4,78,462.8011169433594,813775,415584.4155844156,1.95814609375
SimSearchNet++,bernoulli,0.01,0.4,79,458.7417297363281,794044,415584.4155844156,1.910668375
SimSearchNet++,bernoulli,0.01,0.4,80,459.2297668457031,798529,415584.4155844156,1.9214604062499998
SimSearchNet++,bernoulli,0.01,0.4,81,460.25537109375,775374,831168.8311688312,1.0719586047105412
SimSearchNet++,bernoulli,0.01,0.4,82,437.2161560058594,814700,1246753.2467532468,1.5303218936458165
SimSearchNet++,bernoulli,0.01,0.4,83,464.0117492675781,807711,623376.6233766234,1.2957030625
SimSearchNet++,bernoulli,0.01,0.4,84,452.8520812988281,807540,831168.8311688312,1.0292602610011037
SimSearchNet++,bernoulli,0.01,0.4,85,466.22845458984375,803831,831168.8311688312,1.0340094263207456
SimSearchNet++,bernoulli,0.01,0.4,86,469.7104797363281,802001,1038961.038961039,1.2954610268079954
SimSearchNet++,bernoulli,0.01,0.4,87,457.68212890625,823666,831168.8311688312,1.0091090699007015
SimSearchNet++,bernoulli,0.01,0.4,88,462.4499816894531,799879,623376.6233766234,1.2831392291666666
SimSearchNet++,bernoulli,0.01,0.4,89,448.3302307128906,809619,623376.6233766234,1.2987638125
SimSearchNet++,bernoulli,0.01,0.4,90,448.3257751464844,813570,831168.8311688312,1.0216316127301046
SimSearchNet++,bernoulli,0.01,0.4,91,449.1691589355469,778058,1038961.038961039,1.3353259512286217
SimSearchNet++,bernoulli,0.01,0.4,92,464.93865966796875,797483,1038961.038961039,1.3028002339373241
SimSearchNet++,bernoulli,0.01,0.4,93,459.4725341796875,798655,207792.2077922078,3.8435271875
SimSearchNet++,bernoulli,0.01,0.4,94,467.1230773925781,805916,207792.2077922078,3.87847075
SimSearchNet++,bernoulli,0.01,0.4,95,450.4296875,761684,415584.4155844156,1.832802125
SimSearchNet++,bernoulli,0.01,0.4,96,465.37078857421875,797003,1662337.6623376624,2.0857357655337085
SimSearchNet++,bernoulli,0.01,0.4,97,437.6825256347656,815725,1246753.2467532468,1.528398966260991
SimSearchNet++,bernoulli,0.01,0.4,98,449.60650634765625,802759,623376.6233766234,1.2877592291666666
SimSearchNet++,bernoulli,0.01,0.4,99,459.7096862792969,825299,415584.4155844156,1.9858757187499998
SimSearchNet++,bernoulli,0.01,0.5,0,460.6907958984375,779956,415584.4155844156,1.8767691249999998
SimSearchNet++,bernoulli,0.01,0.5,1,464.9868469238281,806206,1454545.4545454546,1.804185846477767
SimSearchNet++,bernoulli,0.01,0.5,2,429.36578369140625,811965,623376.6233766234,1.3025271875
SimSearchNet++,bernoulli,0.01,0.5,3,458.88116455078125,801685,207792.2077922078,3.8581090624999996
SimSearchNet++,bernoulli,0.01,0.5,4,457.8514709472656,815604,831168.8311688312,1.0190838092613954
SimSearchNet++,bernoulli,0.01,0.5,5,452.2731018066406,791358,415584.4155844156,1.9042051875
SimSearchNet++,bernoulli,0.01,0.5,6,456.95843505859375,793184,207792.2077922078,3.817198
SimSearchNet++,bernoulli,0.01,0.5,7,454.0616455078125,780202,1662337.6623376624,2.130650347394216
SimSearchNet++,bernoulli,0.01,0.5,8,453.7630615234375,836625,623376.6233766234,1.3420859375
SimSearchNet++,bernoulli,0.01,0.5,9,464.24334716796875,803504,415584.4155844156,1.9334315
SimSearchNet++,bernoulli,0.01,0.5,10,462.4942626953125,817970,2077922.077922078,2.5403402055357507
SimSearchNet++,bernoulli,0.01,0.5,11,460.7634582519531,818301,831168.8311688312,1.0157250585894815
SimSearchNet++,bernoulli,0.01,0.5,12,458.513916015625,817881,831168.8311688312,1.0162466558934995
SimSearchNet++,bernoulli,0.01,0.5,13,454.0605773925781,818837,1038961.038961039,1.2688252227989685
SimSearchNet++,bernoulli,0.01,0.5,14,460.4551696777344,810978,415584.4155844156,1.9514158124999998
SimSearchNet++,bernoulli,0.01,0.5,15,455.6313781738281,818190,1246753.2467532468,1.523794285866665
SimSearchNet++,bernoulli,0.01,0.5,16,460.01300048828125,799199,623376.6233766234,1.2820483958333333
SimSearchNet++,bernoulli,0.01,0.5,17,459.2112121582031,823660,1454545.4545454546,1.76595373642699
SimSearchNet++,bernoulli,0.01,0.5,18,472.6457214355469,759820,831168.8311688312,1.0939022810255472
SimSearchNet++,bernoulli,0.01,0.5,19,453.94488525390625,808677,831168.8311688312,1.0278131208984937
SimSearchNet++,bernoulli,0.01,0.5,20,453.7972717285156,814470,623376.6233766234,1.306545625
SimSearchNet++,bernoulli,0.01,0.5,21,446.5522766113281,797911,1246753.2467532468,1.5625216932129609
SimSearchNet++,bernoulli,0.01,0.5,22,464.0010070800781,793547,623376.6233766234,1.2729816458333334
SimSearchNet++,bernoulli,0.01,0.5,23,454.8186340332031,788048,623376.6233766234,1.2641603333333333
SimSearchNet++,bernoulli,0.01,0.5,24,473.16168212890625,817611,1246753.2467532468,1.5248733771356389
SimSearchNet++,bernoulli,0.01,0.5,25,456.3419494628906,802078,831168.8311688312,1.0362693293779797
SimSearchNet++,bernoulli,0.01,0.5,26,464.16162109375,812018,831168.8311688312,1.0235842446458467
SimSearchNet++,bernoulli,0.01,0.5,27,458.9803466796875,798805,831168.8311688312,1.0405153087034147
SimSearchNet++,bernoulli,0.01,0.5,28,458.90631103515625,823525,623376.6233766234,1.3210713541666668
SimSearchNet++,bernoulli,0.01,0.5,29,459.6161193847656,797985,831168.8311688312,1.0415845299959663
SimSearchNet++,bernoulli,0.01,0.5,30,463.0507507324219,794866,207792.2077922078,3.825292625
SimSearchNet++,bernoulli,0.01,0.5,31,472.28485107421875,813202,1246753.2467532468,1.533140900727306
SimSearchNet++,bernoulli,0.01,0.5,32,455.90789794921875,839852,623376.6233766234,1.3472625833333334
SimSearchNet++,bernoulli,0.01,0.5,33,448.43841552734375,810858,1662337.6623376624,2.050097134563219
SimSearchNet++,bernoulli,0.01,0.5,34,445.63323974609375,821583,623376.6233766234,1.3179560625
SimSearchNet++,bernoulli,0.01,0.5,35,458.1025695800781,810313,831168.8311688312,1.0257379940453024
SimSearchNet++,bernoulli,0.01,0.5,36,457.3247985839844,779727,1454545.4545454546,1.8654547739727554
SimSearchNet++,bernoulli,0.01,0.5,37,463.9535217285156,779968,1038961.038961039,1.3320559804518122
SimSearchNet++,bernoulli,0.01,0.5,38,456.379150390625,830717,415584.4155844156,1.9989127812499998
SimSearchNet++,bernoulli,0.01,0.5,39,459.9629821777344,809020,623376.6233766234,1.2978029166666667
SimSearchNet++,bernoulli,0.01,0.5,40,461.0172424316406,812332,415584.4155844156,1.954673875
SimSearchNet++,bernoulli,0.01,0.5,41,459.5018615722656,812243,831168.8311688312,1.023300700860249
SimSearchNet++,bernoulli,0.01,0.5,42,467.9165954589844,797447,623376.6233766234,1.2792378958333332
SimSearchNet++,bernoulli,0.01,0.5,43,457.88427734375,799257,207792.2077922078,3.8464243125
SimSearchNet++,bernoulli,0.01,0.5,44,459.56390380859375,826497,207792.2077922078,3.9775168124999998
SimSearchNet++,bernoulli,0.01,0.5,45,459.495361328125,802878,415584.4155844156,1.9319251874999999
SimSearchNet++,bernoulli,0.01,0.5,46,450.1866149902344,785736,415584.4155844156,1.89067725
SimSearchNet++,bernoulli,0.01,0.5,47,468.6938171386719,804578,415584.4155844156,1.9360158125
SimSearchNet++,bernoulli,0.01,0.5,48,461.4813232421875,786529,831168.8311688312,1.0567554803050252
SimSearchNet++,bernoulli,0.01,0.5,49,455.8804626464844,797132,1038961.038961039,1.3033738941116892
SimSearchNet++,bernoulli,0.01,0.5,50,460.3205261230469,811048,1038961.038961039,1.281010543101073
SimSearchNet++,bernoulli,0.01,0.5,51,461.06280517578125,766698,415584.4155844156,1.8448670624999999
SimSearchNet++,bernoulli,0.01,0.5,52,453.3376159667969,805578,831168.8311688312,1.0317670432519648
SimSearchNet++,bernoulli,0.01,0.5,53,450.4808044433594,802879,1454545.4545454546,1.8116620992023138
SimSearchNet++,bernoulli,0.01,0.5,54,460.39324951171875,819773,415584.4155844156,1.97257878125
SimSearchNet++,bernoulli,0.01,0.5,55,447.2884826660156,812761,831168.8311688312,1.0226485168073163
SimSearchNet++,bernoulli,0.01,0.5,56,469.0072937011719,805871,207792.2077922078,3.8782541874999996
SimSearchNet++,bernoulli,0.01,0.5,57,454.9988708496094,812699,623376.6233766234,1.3037046458333332
SimSearchNet++,bernoulli,0.01,0.5,58,457.2242431640625,793446,831168.8311688312,1.0475430352775503
SimSearchNet++,bernoulli,0.01,0.5,59,461.410888671875,797411,623376.6233766234,1.2791801458333334
SimSearchNet++,bernoulli,0.01,0.5,60,459.6661071777344,861843,1454545.4545454546,1.687715111157664
SimSearchNet++,bernoulli,0.01,0.5,61,463.8576354980469,812292,415584.4155844156,1.954577625
SimSearchNet++,bernoulli,0.01,0.5,62,458.5019226074219,816770,207792.2077922078,3.930705625
SimSearchNet++,bernoulli,0.01,0.5,63,470.8662109375,809218,623376.6233766234,1.2981205416666666
SimSearchNet++,bernoulli,0.01,0.5,64,460.90130615234375,816872,1038961.038961039,1.271877404245756
SimSearchNet++,bernoulli,0.01,0.5,65,459.3930358886719,795471,623376.6233766234,1.2760680625
SimSearchNet++,bernoulli,0.01,0.5,66,455.562255859375,806856,415584.4155844156,1.9414972499999998
SimSearchNet++,bernoulli,0.01,0.5,67,471.1730041503906,809196,623376.6233766234,1.29808525
SimSearchNet++,bernoulli,0.01,0.5,68,460.58642578125,816240,1454545.4545454546,1.782007074568086
SimSearchNet++,bernoulli,0.01,0.5,69,457.6493835449219,812672,623376.6233766234,1.3036613333333333
SimSearchNet++,bernoulli,0.01,0.5,70,455.99005126953125,811990,1038961.038961039,1.2795244263612102
SimSearchNet++,bernoulli,0.01,0.5,71,460.2683410644531,840500,207792.2077922078,4.0449062499999995
SimSearchNet++,bernoulli,0.01,0.5,72,458.9477233886719,797751,831168.8311688312,1.0418900523707664
SimSearchNet++,bernoulli,0.01,0.5,73,462.16229248046875,822257,1246753.2467532468,1.5162573827322197
SimSearchNet++,bernoulli,0.01,0.5,74,449.9244079589844,815620,1038961.038961039,1.273829772395281
SimSearchNet++,bernoulli,0.01,0.5,75,462.0497131347656,806815,1662337.6623376624,2.060370298442223
SimSearchNet++,bernoulli,0.01,0.5,76,448.06463623046875,798827,623376.6233766234,1.2814516458333334
SimSearchNet++,bernoulli,0.01,0.5,77,450.0210876464844,797837,831168.8311688312,1.0417777455405444
SimSearchNet++,bernoulli,0.01,0.5,78,462.8011169433594,813775,1662337.6623376624,2.0427485021506713
SimSearchNet++,bernoulli,0.01,0.5,79,458.7417297363281,794044,1038961.038961039,1.3084426542622816
SimSearchNet++,bernoulli,0.01,0.5,80,459.2297668457031,798529,415584.4155844156,1.9214604062499998
SimSearchNet++,bernoulli,0.01,0.5,81,460.25537109375,775374,831168.8311688312,1.0719586047105412
SimSearchNet++,bernoulli,0.01,0.5,82,437.2161560058594,814700,831168.8311688312,1.0202145957638777
SimSearchNet++,bernoulli,0.01,0.5,83,464.0117492675781,807711,1038961.038961039,1.2863029461788178
SimSearchNet++,bernoulli,0.01,0.5,84,452.8520812988281,807540,0.0,
SimSearchNet++,bernoulli,0.01,0.5,85,466.22845458984375,803831,623376.6233766234,1.2894788958333334
SimSearchNet++,bernoulli,0.01,0.5,86,469.7104797363281,802001,207792.2077922078,3.8596298124999997
SimSearchNet++,bernoulli,0.01,0.5,87,457.68212890625,823666,623376.6233766234,1.3212975416666666
SimSearchNet++,bernoulli,0.01,0.5,88,462.4499816894531,799879,415584.4155844156,1.92470884375
SimSearchNet++,bernoulli,0.01,0.5,89,448.3302307128906,809619,831168.8311688312,1.0266172498037116
SimSearchNet++,bernoulli,0.01,0.5,90,448.3257751464844,813570,623376.6233766234,1.305101875
SimSearchNet++,bernoulli,0.01,0.5,91,449.1691589355469,778058,2285714.285714286,2.937717092702968
SimSearchNet++,bernoulli,0.01,0.5,92,464.93865966796875,797483,1038961.038961039,1.3028002339373241
SimSearchNet++,bernoulli,0.01,0.5,93,459.4725341796875,798655,623376.6233766234,1.2811757291666666
SimSearchNet++,bernoulli,0.01,0.5,94,467.1230773925781,805916,623376.6233766234,1.2928235833333332
SimSearchNet++,bernoulli,0.01,0.5,95,450.4296875,761684,415584.4155844156,1.832802125
SimSearchNet++,bernoulli,0.01,0.5,96,465.37078857421875,797003,623376.6233766234,1.2785256458333334
SimSearchNet++,bernoulli,0.01,0.5,97,437.6825256347656,815725,207792.2077922078,3.9256765624999996
SimSearchNet++,bernoulli,0.01,0.5,98,449.60650634765625,802759,1454545.4545454546,1.8119329145427887
SimSearchNet++,bernoulli,0.01,0.5,99,459.7096862792969,825299,1038961.038961039,1.258890461470375
SimSearchNet++,bernoulli,0.1,0.1,0,479.7530517578125,7993318,6857142.857142857,1.1656922083333332
SimSearchNet++,bernoulli,0.1,0.1,1,484.0361633300781,7977324,6233766.2337662345,1.2796957249999998
SimSearchNet++,bernoulli,0.1,0.1,2,448.38922119140625,8004845,6441558.441558442,1.242687631048387
SimSearchNet++,bernoulli,0.1,0.1,3,478.41290283203125,7988994,7272727.272727273,1.098486675
SimSearchNet++,bernoulli,0.1,0.1,4,476.8364562988281,8001522,10389610.38961039,1.298454267776854
SimSearchNet++,bernoulli,0.1,0.1,5,471.9246826171875,7960990,9142857.142857144,1.1484573078043239
SimSearchNet++,bernoulli,0.1,0.1,6,475.9012451171875,8020649,6649350.64935065,1.206230416015625
SimSearchNet++,bernoulli,0.1,0.1,7,472.9196472167969,8004833,7272727.272727273,1.1006645375
SimSearchNet++,bernoulli,0.1,0.1,8,472.3377990722656,8079063,7480519.480519481,1.0800136302083332
SimSearchNet++,bernoulli,0.1,0.1,9,483.9204406738281,8018589,8103896.103896105,1.010638667712749
SimSearchNet++,bernoulli,0.1,0.1,10,481.590087890625,8038227,9558441.558441559,1.1891231186232436
SimSearchNet++,bernoulli,0.1,0.1,11,480.0854187011719,7990188,9558441.558441559,1.1962724229319208
SimSearchNet++,bernoulli,0.1,0.1,12,477.7049255371094,7979432,5610389.610389611,1.4222598703703704
SimSearchNet++,bernoulli,0.1,0.1,13,473.4278259277344,8049578,6441558.441558442,1.249632068548387
SimSearchNet++,bernoulli,0.1,0.1,14,479.80194091796875,7982567,6649350.64935065,1.200503240234375
SimSearchNet++,bernoulli,0.1,0.1,15,475.106201171875,8015114,5818181.818181818,1.37759771875
SimSearchNet++,bernoulli,0.1,0.1,16,479.8009948730469,7969810,7272727.272727273,1.095848875
SimSearchNet++,bernoulli,0.1,0.1,17,478.12445068359375,8033688,7688311.688311689,1.0449222567567567
SimSearchNet++,bernoulli,0.1,0.1,18,492.5605773925781,8019339,6233766.2337662345,1.2864356312499998
SimSearchNet++,bernoulli,0.1,0.1,19,472.4584655761719,7985233,6857142.857142857,1.1645131458333333
SimSearchNet++,bernoulli,0.1,0.1,20,472.70489501953125,8039649,6441558.441558442,1.2480906713709676
SimSearchNet++,bernoulli,0.1,0.1,21,465.06549072265625,8055297,9142857.142857144,1.135011799423056
SimSearchNet++,bernoulli,0.1,0.1,22,483.519287109375,8035650,7272727.272727273,1.104901875
SimSearchNet++,bernoulli,0.1,0.1,23,473.9989318847656,8028704,7064935.064935065,1.1364158235294117
SimSearchNet++,bernoulli,0.1,0.1,24,492.5118408203125,8058041,9142857.142857144,1.1346252945172584
SimSearchNet++,bernoulli,0.1,0.1,25,475.51025390625,8012354,7480519.480519481,1.0710959340277777
SimSearchNet++,bernoulli,0.1,0.1,26,483.1965637207031,8099777,8519480.519480519,1.0518166758764493
SimSearchNet++,bernoulli,0.1,0.1,27,478.106689453125,8059613,7272727.272727273,1.1081967874999998
SimSearchNet++,bernoulli,0.1,0.1,28,479.3944091796875,8076773,6649350.64935065,1.214670939453125
SimSearchNet++,bernoulli,0.1,0.1,29,480.3946228027344,8036864,7480519.480519481,1.0743724444444445
SimSearchNet++,bernoulli,0.1,0.1,30,482.3453063964844,7968160,6233766.2337662345,1.2782256666666665
SimSearchNet++,bernoulli,0.1,0.1,31,492.47833251953125,8024036,9142857.142857144,1.139433714262641
SimSearchNet++,bernoulli,0.1,0.1,32,474.6556701660156,7970639,6857142.857142857,1.1623848541666666
SimSearchNet++,bernoulli,0.1,0.1,33,471.47314453125,8076723,7896103.896103896,1.022874458881579
SimSearchNet++,bernoulli,0.1,0.1,34,464.93646240234375,8020687,8311688.311688312,1.036281344938197
SimSearchNet++,bernoulli,0.1,0.1,35,477.7457580566406,8110653,7480519.480519481,1.0842365989583334
SimSearchNet++,bernoulli,0.1,0.1,36,477.0386962890625,7896687,6025974.025974026,1.3104415926724138
SimSearchNet++,bernoulli,0.1,0.1,37,484.1125793457031,7999067,7896103.896103896,1.0130397351973683
SimSearchNet++,bernoulli,0.1,0.1,38,476.4031982421875,8101067,8103896.103896105,1.0003492260829474
SimSearchNet++,bernoulli,0.1,0.1,39,479.6820983886719,8001025,7480519.480519481,1.0695814670138888
SimSearchNet++,bernoulli,0.1,0.1,40,480.0729064941406,7982781,7064935.064935065,1.1299156930147058
SimSearchNet++,bernoulli,0.1,0.1,41,478.6293029785156,8001405,6857142.857142857,1.1668715625
SimSearchNet++,bernoulli,0.1,0.1,42,486.9096374511719,8077279,7272727.272727273,1.1106258624999998
SimSearchNet++,bernoulli,0.1,0.1,43,477.103759765625,7913700,9766233.766233766,1.2340919881008587
SimSearchNet++,bernoulli,0.1,0.1,44,479.1272277832031,8145548,6233766.2337662345,1.3066816583333332
SimSearchNet++,bernoulli,0.1,0.1,45,479.39544677734375,8097315,8727272.727272728,1.0777983476340895
SimSearchNet++,bernoulli,0.1,0.1,46,469.54339599609375,7992472,9142857.142857144,1.1439335843600258
SimSearchNet++,bernoulli,0.1,0.1,47,487.87591552734375,8076670,7896103.896103896,1.0228677467105263
SimSearchNet++,bernoulli,0.1,0.1,48,480.8045349121094,7969868,7688311.688311689,1.0366213445945947
SimSearchNet++,bernoulli,0.1,0.1,49,475.7457275390625,8009675,8727272.727272728,1.089591366350411
SimSearchNet++,bernoulli,0.1,0.1,50,479.1345520019531,8011508,8311688.311688312,1.037468640321936
SimSearchNet++,bernoulli,0.1,0.1,51,480.91259765625,7844958,6649350.64935065,1.1798081367187498
SimSearchNet++,bernoulli,0.1,0.1,52,476.48052978515625,8012632,8103896.103896105,1.0113900281325918
SimSearchNet++,bernoulli,0.1,0.1,53,469.775390625,7971398,8519480.519480519,1.068756135307824
SimSearchNet++,bernoulli,0.1,0.1,54,479.8812255859375,8075361,9350649.350649351,1.1579233857965423
SimSearchNet++,bernoulli,0.1,0.1,55,466.1416015625,8066447,6649350.64935065,1.213118005859375
SimSearchNet++,bernoulli,0.1,0.1,56,488.4505310058594,8018018,6025974.025974026,1.3305762629310345
SimSearchNet++,bernoulli,0.1,0.1,57,474.54083251953125,7976992,8935064.935064936,1.120104537533062
SimSearchNet++,bernoulli,0.1,0.1,58,476.4651184082031,7938300,8311688.311688312,1.0470363064747255
SimSearchNet++,bernoulli,0.1,0.1,59,481.9884948730469,8052095,8103896.103896105,1.0064332454964957
SimSearchNet++,bernoulli,0.1,0.1,60,478.4473876953125,8093354,6649350.64935065,1.21716456640625
SimSearchNet++,bernoulli,0.1,0.1,61,483.0672912597656,7922787,7480519.480519481,1.0591225677083334
SimSearchNet++,bernoulli,0.1,0.1,62,477.4609069824219,8080763,8519480.519480519,1.054291595914955
SimSearchNet++,bernoulli,0.1,0.1,63,490.4701843261719,7978877,9142857.142857144,1.1458827028988094
SimSearchNet++,bernoulli,0.1,0.1,64,479.9686584472656,8067879,7896103.896103896,1.0217544128289473
SimSearchNet++,bernoulli,0.1,0.1,65,478.7118225097656,8047271,8519480.519480519,1.0586794603388552
SimSearchNet++,bernoulli,0.1,0.1,66,474.7693176269531,8014479,6441558.441558442,1.2441832318548387
SimSearchNet++,bernoulli,0.1,0.1,67,490.1316223144531,7982543,9142857.142857144,1.1453564538089107
SimSearchNet++,bernoulli,0.1,0.1,68,480.6744384765625,7999569,6233766.2337662345,1.2832641937499998
SimSearchNet++,bernoulli,0.1,0.1,69,477.1142272949219,7998069,8519480.519480519,1.0651921756964735
SimSearchNet++,bernoulli,0.1,0.1,70,475.3893127441406,8039059,8311688.311688312,1.0339130875502112
SimSearchNet++,bernoulli,0.1,0.1,71,479.5216369628906,7966283,6857142.857142857,1.1617496041666666
SimSearchNet++,bernoulli,0.1,0.1,72,478.53839111328125,7998297,8311688.311688312,1.0391822548835474
SimSearchNet++,bernoulli,0.1,0.1,73,481.614990234375,7988258,8727272.727272728,1.092512626316367
SimSearchNet++,bernoulli,0.1,0.1,74,468.92633056640625,7968108,7896103.896103896,1.0091189407894736
SimSearchNet++,bernoulli,0.1,0.1,75,481.2452697753906,8019508,7272727.272727273,1.1026823499999998
SimSearchNet++,bernoulli,0.1,0.1,76,467.2332458496094,8013061,9142857.142857144,1.1409943269940344
SimSearchNet++,bernoulli,0.1,0.1,77,468.93701171875,7971717,6441558.441558442,1.2375447762096774
SimSearchNet++,bernoulli,0.1,0.1,78,481.6636962890625,7998094,7896103.896103896,1.012916509868421
SimSearchNet++,bernoulli,0.1,0.1,79,477.87646484375,7976679,9142857.142857144,1.146198454627188
SimSearchNet++,bernoulli,0.1,0.1,80,477.82415771484375,7958855,7064935.064935065,1.1265291084558824
SimSearchNet++,bernoulli,0.1,0.1,81,479.4382019042969,7983887,8311688.311688312,1.0410578596225513
SimSearchNet++,bernoulli,0.1,0.1,82,455.4425354003906,8047004,6441558.441558442,1.2492324758064515
SimSearchNet++,bernoulli,0.1,0.1,83,483.16766357421875,8041746,8727272.727272728,1.085246005938602
SimSearchNet++,bernoulli,0.1,0.1,84,473.7055969238281,8097382,7272727.272727273,1.113390025
SimSearchNet++,bernoulli,0.1,0.1,85,486.1419677734375,8095273,8935064.935064936,1.1037385564470692
SimSearchNet++,bernoulli,0.1,0.1,86,488.9467468261719,8027942,7896103.896103896,1.0166966019736843
SimSearchNet++,bernoulli,0.1,0.1,87,477.1330261230469,8052360,7480519.480519481,1.0764439583333332
SimSearchNet++,bernoulli,0.1,0.1,88,481.7591857910156,8052248,6441558.441558442,1.250046564516129
SimSearchNet++,bernoulli,0.1,0.1,89,467.27081298828125,8037760,9350649.350649351,1.1633402030726658
SimSearchNet++,bernoulli,0.1,0.1,90,467.7979431152344,7988585,7480519.480519481,1.0679184809027777
SimSearchNet++,bernoulli,0.1,0.1,91,468.40155029296875,8071817,9142857.142857144,1.1326888534337614
SimSearchNet++,bernoulli,0.1,0.1,92,484.6999206542969,8159303,8519480.519480519,1.04414317245977
SimSearchNet++,bernoulli,0.1,0.1,93,478.1463317871094,8047287,6857142.857142857,1.1735626875
SimSearchNet++,bernoulli,0.1,0.1,94,486.2437744140625,8042878,9974025.974025974,1.2401065854817113
SimSearchNet++,bernoulli,0.1,0.1,95,469.9468078613281,8034343,6857142.857142857,1.1716750208333333
SimSearchNet++,bernoulli,0.1,0.1,96,485.1051330566406,8033221,8311688.311688312,1.034664465435261
SimSearchNet++,bernoulli,0.1,0.1,97,459.36260986328125,8115089,7896103.896103896,1.027733310855263
SimSearchNet++,bernoulli,0.1,0.1,98,467.9112243652344,8034547,10597402.597402599,1.3189794766777267
SimSearchNet++,bernoulli,0.1,0.1,99,478.9957275390625,8024441,8935064.935064936,1.1134812923498267
SimSearchNet++,bernoulli,0.1,0.2,0,479.7530517578125,7993318,7064935.064935065,1.131407143382353
SimSearchNet++,bernoulli,0.1,0.2,1,484.0361633300781,7977324,6857142.857142857,1.16335975
SimSearchNet++,bernoulli,0.1,0.2,2,448.38922119140625,8004845,8935064.935064936,1.1162071139497312
SimSearchNet++,bernoulli,0.1,0.2,3,478.41290283203125,7988994,7272727.272727273,1.098486675
SimSearchNet++,bernoulli,0.1,0.2,4,476.8364562988281,8001522,8311688.311688312,1.0387634142214834
SimSearchNet++,bernoulli,0.1,0.2,5,471.9246826171875,7960990,7480519.480519481,1.064229565972222
SimSearchNet++,bernoulli,0.1,0.2,6,475.9012451171875,8020649,7480519.480519481,1.0722048142361111
SimSearchNet++,bernoulli,0.1,0.2,7,472.9196472167969,8004833,6649350.64935065,1.2038518378906249
SimSearchNet++,bernoulli,0.1,0.2,8,472.3377990722656,8079063,8103896.103896105,1.0030737603972273
SimSearchNet++,bernoulli,0.1,0.2,9,483.9204406738281,8018589,7272727.272727273,1.1025559875
SimSearchNet++,bernoulli,0.1,0.2,10,481.590087890625,8038227,6649350.64935065,1.208873982421875
SimSearchNet++,bernoulli,0.1,0.2,11,480.0854187011719,7990188,9974025.974025974,1.2482842674072216
SimSearchNet++,bernoulli,0.1,0.2,12,477.7049255371094,7979432,7896103.896103896,1.0105530657894737
SimSearchNet++,bernoulli,0.1,0.2,13,473.4278259277344,8049578,6857142.857142857,1.1738967916666667
SimSearchNet++,bernoulli,0.1,0.2,14,479.80194091796875,7982567,6441558.441558442,1.2392291512096774
SimSearchNet++,bernoulli,0.1,0.2,15,475.106201171875,8015114,7480519.480519481,1.071464892361111
SimSearchNet++,bernoulli,0.1,0.2,16,479.8009948730469,7969810,9558441.558441559,1.199331170811043
SimSearchNet++,bernoulli,0.1,0.2,17,478.12445068359375,8033688,9142857.142857144,1.138064752185689
SimSearchNet++,bernoulli,0.1,0.2,18,492.5605773925781,8019339,9766233.766233766,1.2178352562765793
SimSearchNet++,bernoulli,0.1,0.2,19,472.4584655761719,7985233,7064935.064935065,1.1302627591911765
SimSearchNet++,bernoulli,0.1,0.2,20,472.70489501953125,8039649,9350649.350649351,1.1630668640694826
SimSearchNet++,bernoulli,0.1,0.2,21,465.06549072265625,8055297,7896103.896103896,1.02016096875
SimSearchNet++,bernoulli,0.1,0.2,22,483.519287109375,8035650,8311688.311688312,1.0343517091571077
SimSearchNet++,bernoulli,0.1,0.2,23,473.9989318847656,8028704,6441558.441558442,1.2463915483870966
SimSearchNet++,bernoulli,0.1,0.2,24,492.5118408203125,8058041,7688311.688311689,1.0480897922297296
SimSearchNet++,bernoulli,0.1,0.2,25,475.51025390625,8012354,6233766.2337662345,1.285315120833333
SimSearchNet++,bernoulli,0.1,0.2,26,483.1965637207031,8099777,6857142.857142857,1.1812174791666668
SimSearchNet++,bernoulli,0.1,0.2,27,478.106689453125,8059613,8935064.935064936,1.108622080869756
SimSearchNet++,bernoulli,0.1,0.2,28,479.3944091796875,8076773,7896103.896103896,1.022880791118421
SimSearchNet++,bernoulli,0.1,0.2,29,480.3946228027344,8036864,6233766.2337662345,1.2892469333333332
SimSearchNet++,bernoulli,0.1,0.2,30,482.3453063964844,7968160,9350649.350649351,1.1735017056195347
SimSearchNet++,bernoulli,0.1,0.2,31,492.47833251953125,8024036,8519480.519480519,1.0617450519265514
SimSearchNet++,bernoulli,0.1,0.2,32,474.6556701660156,7970639,7480519.480519481,1.0655194496527778
SimSearchNet++,bernoulli,0.1,0.2,33,471.47314453125,8076723,7896103.896103896,1.022874458881579
SimSearchNet++,bernoulli,0.1,0.2,34,464.93646240234375,8020687,5818181.818181818,1.378555578125
SimSearchNet++,bernoulli,0.1,0.2,35,477.7457580566406,8110653,11428571.42857143,1.4090815411005044
SimSearchNet++,bernoulli,0.1,0.2,36,477.0386962890625,7896687,7272727.272727273,1.0857944625
SimSearchNet++,bernoulli,0.1,0.2,37,484.1125793457031,7999067,5402597.402597403,1.4805965360576923
SimSearchNet++,bernoulli,0.1,0.2,38,476.4031982421875,8101067,8103896.103896105,1.0003492260829474
SimSearchNet++,bernoulli,0.1,0.2,39,479.6820983886719,8001025,7064935.064935065,1.1324980238970588
SimSearchNet++,bernoulli,0.1,0.2,40,480.0729064941406,7982781,8935064.935064936,1.119292253547346
SimSearchNet++,bernoulli,0.1,0.2,41,478.6293029785156,8001405,5610389.610389611,1.4261763541666665
SimSearchNet++,bernoulli,0.1,0.2,42,486.9096374511719,8077279,7896103.896103896,1.022944873355263
SimSearchNet++,bernoulli,0.1,0.2,43,477.103759765625,7913700,9766233.766233766,1.2340919881008587
SimSearchNet++,bernoulli,0.1,0.2,44,479.1272277832031,8145548,7480519.480519481,1.0889013819444444
SimSearchNet++,bernoulli,0.1,0.2,45,479.39544677734375,8097315,6857142.857142857,1.1808584375
SimSearchNet++,bernoulli,0.1,0.2,46,469.54339599609375,7992472,7688311.688311689,1.0395613918918918
SimSearchNet++,bernoulli,0.1,0.2,47,487.87591552734375,8076670,8103896.103896105,1.0033709565818716
SimSearchNet++,bernoulli,0.1,0.2,48,480.8045349121094,7969868,8519480.519480519,1.068961307700519
SimSearchNet++,bernoulli,0.1,0.2,49,475.7457275390625,8009675,7688311.688311689,1.0417989442567568
SimSearchNet++,bernoulli,0.1,0.2,50,479.1345520019531,8011508,8727272.727272728,1.0893420723380327
SimSearchNet++,bernoulli,0.1,0.2,51,480.91259765625,7844958,7272727.272727273,1.0786817249999998
SimSearchNet++,bernoulli,0.1,0.2,52,476.48052978515625,8012632,8727272.727272728,1.089189261065868
SimSearchNet++,bernoulli,0.1,0.2,53,469.775390625,7971398,8311688.311688312,1.0426889124954384
SimSearchNet++,bernoulli,0.1,0.2,54,479.8812255859375,8075361,8519480.519480519,1.0549968626146273
SimSearchNet++,bernoulli,0.1,0.2,55,466.1416015625,8066447,6025974.025974026,1.3386129719827586
SimSearchNet++,bernoulli,0.1,0.2,56,488.4505310058594,8018018,8103896.103896105,1.0107106399481898
SimSearchNet++,bernoulli,0.1,0.2,57,474.54083251953125,7976992,7896103.896103896,1.010244052631579
SimSearchNet++,bernoulli,0.1,0.2,58,476.4651184082031,7938300,8519480.519480519,1.0732122141365934
SimSearchNet++,bernoulli,0.1,0.2,59,481.9884948730469,8052095,6649350.64935065,1.210959599609375
SimSearchNet++,bernoulli,0.1,0.2,60,478.4473876953125,8093354,7688311.688311689,1.0526828682432432
SimSearchNet++,bernoulli,0.1,0.2,61,483.0672912597656,7922787,8103896.103896105,1.0228592670604555
SimSearchNet++,bernoulli,0.1,0.2,62,477.4609069824219,8080763,7688311.688311689,1.0510451875
SimSearchNet++,bernoulli,0.1,0.2,63,490.4701843261719,7978877,10181818.181818182,1.2760966464100376
SimSearchNet++,bernoulli,0.1,0.2,64,479.9686584472656,8067879,9142857.142857144,1.1332417284464906
SimSearchNet++,bernoulli,0.1,0.2,65,478.7118225097656,8047271,6441558.441558442,1.2492739254032257
SimSearchNet++,bernoulli,0.1,0.2,66,474.7693176269531,8014479,8103896.103896105,1.011156945310619
SimSearchNet++,bernoulli,0.1,0.2,67,490.1316223144531,7982543,9766233.766233766,1.2234489392958818
SimSearchNet++,bernoulli,0.1,0.2,68,480.6744384765625,7999569,6441558.441558442,1.2418685745967741
SimSearchNet++,bernoulli,0.1,0.2,69,477.1142272949219,7998069,6857142.857142857,1.1663850625
SimSearchNet++,bernoulli,0.1,0.2,70,475.3893127441406,8039059,8311688.311688312,1.0339130875502112
SimSearchNet++,bernoulli,0.1,0.2,71,479.5216369628906,7966283,7480519.480519481,1.0649371371527776
SimSearchNet++,bernoulli,0.1,0.2,72,478.53839111328125,7998297,7272727.272727273,1.0997658375
SimSearchNet++,bernoulli,0.1,0.2,73,481.614990234375,7988258,6857142.857142857,1.1649542916666666
SimSearchNet++,bernoulli,0.1,0.2,74,468.92633056640625,7968108,6441558.441558442,1.236984508064516
SimSearchNet++,bernoulli,0.1,0.2,75,481.2452697753906,8019508,7064935.064935065,1.1351141838235295
SimSearchNet++,bernoulli,0.1,0.2,76,467.2332458496094,8013061,8311688.311688312,1.0372675699945766
SimSearchNet++,bernoulli,0.1,0.2,77,468.93701171875,7971717,7272727.272727273,1.0961110875
SimSearchNet++,bernoulli,0.1,0.2,78,481.6636962890625,7998094,9142857.142857144,1.1431294934589595
SimSearchNet++,bernoulli,0.1,0.2,79,477.87646484375,7976679,7688311.688311689,1.0375072347972973
SimSearchNet++,bernoulli,0.1,0.2,80,477.82415771484375,7958855,7896103.896103896,1.0079470970394737
SimSearchNet++,bernoulli,0.1,0.2,81,479.4382019042969,7983887,9558441.558441559,1.197216538565934
SimSearchNet++,bernoulli,0.1,0.2,82,455.4425354003906,8047004,6233766.2337662345,1.2908735583333333
SimSearchNet++,bernoulli,0.1,0.2,83,483.16766357421875,8041746,8519480.519480519,1.0594068153210159
SimSearchNet++,bernoulli,0.1,0.2,84,473.7055969238281,8097382,7688311.688311689,1.0532067804054053
SimSearchNet++,bernoulli,0.1,0.2,85,486.1419677734375,8095273,8103896.103896105,1.00106520235897
SimSearchNet++,bernoulli,0.1,0.2,86,488.9467468261719,8027942,8727272.727272728,1.087112080191004
SimSearchNet++,bernoulli,0.1,0.2,87,477.1330261230469,8052360,8103896.103896105,1.0064001241742924
SimSearchNet++,bernoulli,0.1,0.2,88,481.7591857910156,8052248,7688311.688311689,1.0473363108108107
SimSearchNet++,bernoulli,0.1,0.2,89,467.27081298828125,8037760,8727272.727272728,1.0857841895344882
SimSearchNet++,bernoulli,0.1,0.2,90,467.7979431152344,7988585,7688311.688311689,1.0390558192567567
SimSearchNet++,bernoulli,0.1,0.2,91,468.40155029296875,8071817,9974025.974025974,1.2356605673822851
SimSearchNet++,bernoulli,0.1,0.2,92,484.6999206542969,8159303,7688311.688311689,1.0612606942567566
SimSearchNet++,bernoulli,0.1,0.2,93,478.1463317871094,8047287,6441558.441558442,1.2492764092741935
SimSearchNet++,bernoulli,0.1,0.2,94,486.2437744140625,8042878,9350649.350649351,1.1625999238891043
SimSearchNet++,bernoulli,0.1,0.2,95,469.9468078613281,8034343,8311688.311688312,1.0345199740275355
SimSearchNet++,bernoulli,0.1,0.2,96,485.1051330566406,8033221,8103896.103896105,1.0087978537993794
SimSearchNet++,bernoulli,0.1,0.2,97,459.36260986328125,8115089,7688311.688311689,1.0555098868243242
SimSearchNet++,bernoulli,0.1,0.2,98,467.9112243652344,8034547,7480519.480519481,1.0740627065972221
SimSearchNet++,bernoulli,0.1,0.2,99,478.9957275390625,8024441,7896103.896103896,1.01625321875
SimSearchNet++,bernoulli,0.1,0.3,0,479.7530517578125,7993318,8103896.103896105,1.013833817683233
SimSearchNet++,bernoulli,0.1,0.3,1,484.0361633300781,7977324,7064935.064935065,1.129143286764706
SimSearchNet++,bernoulli,0.1,0.3,2,448.38922119140625,8004845,8311688.311688312,1.0383321990230057
SimSearchNet++,bernoulli,0.1,0.3,3,478.41290283203125,7988994,8103896.103896105,1.0143825497798729
SimSearchNet++,bernoulli,0.1,0.3,4,476.8364562988281,8001522,9558441.558441559,1.1945779263547058
SimSearchNet++,bernoulli,0.1,0.3,5,471.9246826171875,7960990,7272727.272727273,1.0946361249999998
SimSearchNet++,bernoulli,0.1,0.3,6,475.9012451171875,8020649,7480519.480519481,1.0722048142361111
SimSearchNet++,bernoulli,0.1,0.3,7,472.9196472167969,8004833,9350649.350649351,1.1681254750285672
SimSearchNet++,bernoulli,0.1,0.3,8,472.3377990722656,8079063,11636363.636363637,1.4403110405703776
SimSearchNet++,bernoulli,0.1,0.3,9,483.9204406738281,8018589,7064935.064935065,1.1349841047794118
SimSearchNet++,bernoulli,0.1,0.3,10,481.590087890625,8038227,11428571.42857143,1.421777641832139
SimSearchNet++,bernoulli,0.1,0.3,11,480.0854187011719,7990188,8935064.935064936,1.1182546562189695
SimSearchNet++,bernoulli,0.1,0.3,12,477.7049255371094,7979432,6857142.857142857,1.1636671666666667
SimSearchNet++,bernoulli,0.1,0.3,13,473.4278259277344,8049578,7064935.064935065,1.1393704154411766
SimSearchNet++,bernoulli,0.1,0.3,14,479.80194091796875,7982567,4987012.987012987,1.6006709869791667
SimSearchNet++,bernoulli,0.1,0.3,15,475.106201171875,8015114,7480519.480519481,1.071464892361111
SimSearchNet++,bernoulli,0.1,0.3,16,479.8009948730469,7969810,6441558.441558442,1.2372487298387096
SimSearchNet++,bernoulli,0.1,0.3,17,478.12445068359375,8033688,8727272.727272728,1.0863345361772487
SimSearchNet++,bernoulli,0.1,0.3,18,492.5605773925781,8019339,6857142.857142857,1.1694869374999999
SimSearchNet++,bernoulli,0.1,0.3,19,472.4584655761719,7985233,7064935.064935065,1.1302627591911765
SimSearchNet++,bernoulli,0.1,0.3,20,472.70489501953125,8039649,6233766.2337662345,1.2896936937499999
SimSearchNet++,bernoulli,0.1,0.3,21,465.06549072265625,8055297,9350649.350649351,1.1608075221372163
SimSearchNet++,bernoulli,0.1,0.3,22,483.519287109375,8035650,7272727.272727273,1.104901875
SimSearchNet++,bernoulli,0.1,0.3,23,473.9989318847656,8028704,6857142.857142857,1.1708526666666665
SimSearchNet++,bernoulli,0.1,0.3,24,492.5118408203125,8058041,7896103.896103896,1.0205084819078947
SimSearchNet++,bernoulli,0.1,0.3,25,475.51025390625,8012354,9558441.558441559,1.19296296175151
SimSearchNet++,bernoulli,0.1,0.3,26,483.1965637207031,8099777,8311688.311688312,1.02616261061117
SimSearchNet++,bernoulli,0.1,0.3,27,478.106689453125,8059613,8519480.519480519,1.0570582631548833
SimSearchNet++,bernoulli,0.1,0.3,28,479.3944091796875,8076773,6857142.857142857,1.1778627291666666
SimSearchNet++,bernoulli,0.1,0.3,29,480.3946228027344,8036864,8519480.519480519,1.0600503529088607
SimSearchNet++,bernoulli,0.1,0.3,30,482.3453063964844,7968160,8103896.103896105,1.01703481153693
SimSearchNet++,bernoulli,0.1,0.3,31,492.47833251953125,8024036,8103896.103896105,1.009952610369159
SimSearchNet++,bernoulli,0.1,0.3,32,474.6556701660156,7970639,4779220.779220779,1.6677695733695652
SimSearchNet++,bernoulli,0.1,0.3,33,471.47314453125,8076723,7896103.896103896,1.022874458881579
SimSearchNet++,bernoulli,0.1,0.3,34,464.93646240234375,8020687,7064935.064935065,1.1352810643382354
SimSearchNet++,bernoulli,0.1,0.3,35,477.7457580566406,8110653,7688311.688311689,1.0549329070945945
SimSearchNet++,bernoulli,0.1,0.3,36,477.0386962890625,7896687,7064935.064935065,1.11772959375
SimSearchNet++,bernoulli,0.1,0.3,37,484.1125793457031,7999067,8103896.103896105,1.0131051663770418
SimSearchNet++,bernoulli,0.1,0.3,38,476.4031982421875,8101067,8935064.935064936,1.1029491467068395
SimSearchNet++,bernoulli,0.1,0.3,39,479.6820983886719,8001025,7688311.688311689,1.0406738597972973
SimSearchNet++,bernoulli,0.1,0.3,40,480.0729064941406,7982781,7272727.272727273,1.0976323874999998
SimSearchNet++,bernoulli,0.1,0.3,41,478.6293029785156,8001405,8519480.519480519,1.0647480685555248
SimSearchNet++,bernoulli,0.1,0.3,42,486.9096374511719,8077279,7064935.064935065,1.1432913290441176
SimSearchNet++,bernoulli,0.1,0.3,43,477.103759765625,7913700,7480519.480519481,1.0579078124999999
SimSearchNet++,bernoulli,0.1,0.3,44,479.1272277832031,8145548,8103896.103896105,1.005139737179487
SimSearchNet++,bernoulli,0.1,0.3,45,479.39544677734375,8097315,7272727.272727273,1.1133808125
SimSearchNet++,bernoulli,0.1,0.3,46,469.54339599609375,7992472,8519480.519480519,1.0659381126991148
SimSearchNet++,bernoulli,0.1,0.3,47,487.87591552734375,8076670,8103896.103896105,1.0033709565818716
SimSearchNet++,bernoulli,0.1,0.3,48,480.8045349121094,7969868,7896103.896103896,1.0093418355263157
SimSearchNet++,bernoulli,0.1,0.3,49,475.7457275390625,8009675,4987012.987012987,1.6061067057291667
SimSearchNet++,bernoulli,0.1,0.3,50,479.1345520019531,8011508,7064935.064935065,1.133981830882353
SimSearchNet++,bernoulli,0.1,0.3,51,480.91259765625,7844958,9766233.766233766,1.2449058065363467
SimSearchNet++,bernoulli,0.1,0.3,52,476.48052978515625,8012632,9558441.558441559,1.1929215716435697
SimSearchNet++,bernoulli,0.1,0.3,53,469.775390625,7971398,8519480.519480519,1.068756135307824
SimSearchNet++,bernoulli,0.1,0.3,54,479.8812255859375,8075361,8935064.935064936,1.106460124205585
SimSearchNet++,bernoulli,0.1,0.3,55,466.1416015625,8066447,7272727.272727273,1.1091364625
SimSearchNet++,bernoulli,0.1,0.3,56,488.4505310058594,8018018,8519480.519480519,1.0625419548173276
SimSearchNet++,bernoulli,0.1,0.3,57,474.54083251953125,7976992,10389610.38961039,1.302447136666351
SimSearchNet++,bernoulli,0.1,0.3,58,476.4651184082031,7938300,7688311.688311689,1.0325153716216215
SimSearchNet++,bernoulli,0.1,0.3,59,481.9884948730469,8052095,6649350.64935065,1.210959599609375
SimSearchNet++,bernoulli,0.1,0.3,60,478.4473876953125,8093354,6857142.857142857,1.1802807916666667
SimSearchNet++,bernoulli,0.1,0.3,61,483.0672912597656,7922787,8519480.519480519,1.075313588448171
SimSearchNet++,bernoulli,0.1,0.3,62,477.4609069824219,8080763,9350649.350649351,1.1571493125895849
SimSearchNet++,bernoulli,0.1,0.3,63,490.4701843261719,7978877,7688311.688311689,1.0377931233108109
SimSearchNet++,bernoulli,0.1,0.3,64,479.9686584472656,8067879,8103896.103896105,1.0044642593048438
SimSearchNet++,bernoulli,0.1,0.3,65,478.7118225097656,8047271,8519480.519480519,1.0586794603388552
SimSearchNet++,bernoulli,0.1,0.3,66,474.7693176269531,8014479,7896103.896103896,1.0149915838815788
SimSearchNet++,bernoulli,0.1,0.3,67,490.1316223144531,7982543,7896103.896103896,1.0109470575657895
SimSearchNet++,bernoulli,0.1,0.3,68,480.6744384765625,7999569,6649350.64935065,1.203060181640625
SimSearchNet++,bernoulli,0.1,0.3,69,477.1142272949219,7998069,9142857.142857144,1.1431330666010937
SimSearchNet++,bernoulli,0.1,0.3,70,475.3893127441406,8039059,7480519.480519481,1.0746658732638887
SimSearchNet++,bernoulli,0.1,0.3,71,479.5216369628906,7966283,8103896.103896105,1.017274443287554
SimSearchNet++,bernoulli,0.1,0.3,72,478.53839111328125,7998297,9142857.142857144,1.143100480371902
SimSearchNet++,bernoulli,0.1,0.3,73,481.614990234375,7988258,8519480.519480519,1.0665004209278817
SimSearchNet++,bernoulli,0.1,0.3,74,468.92633056640625,7968108,7480519.480519481,1.0651811041666666
SimSearchNet++,bernoulli,0.1,0.3,75,481.2452697753906,8019508,6857142.857142857,1.1695115833333334
SimSearchNet++,bernoulli,0.1,0.3,76,467.2332458496094,8013061,6649350.64935065,1.2050892519531249
SimSearchNet++,bernoulli,0.1,0.3,77,468.93701171875,7971717,6857142.857142857,1.1625420625
SimSearchNet++,bernoulli,0.1,0.3,78,481.6636962890625,7998094,9350649.350649351,1.1691097092193905
SimSearchNet++,bernoulli,0.1,0.3,79,477.87646484375,7976679,7480519.480519481,1.0663268802083332
SimSearchNet++,bernoulli,0.1,0.3,80,477.82415771484375,7958855,8103896.103896105,1.018223865605807
SimSearchNet++,bernoulli,0.1,0.3,81,479.4382019042969,7983887,7480519.480519481,1.0672904496527778
SimSearchNet++,bernoulli,0.1,0.3,82,455.4425354003906,8047004,6441558.441558442,1.2492324758064515
SimSearchNet++,bernoulli,0.1,0.3,83,483.16766357421875,8041746,9142857.142857144,1.1369243871737733
SimSearchNet++,bernoulli,0.1,0.3,84,473.7055969238281,8097382,6857142.857142857,1.1808682083333333
SimSearchNet++,bernoulli,0.1,0.3,85,486.1419677734375,8095273,7064935.064935065,1.1458382738970587
SimSearchNet++,bernoulli,0.1,0.3,86,488.9467468261719,8027942,8935064.935064936,1.1129957011479326
SimSearchNet++,bernoulli,0.1,0.3,87,477.1330261230469,8052360,8935064.935064936,1.10962064973063
SimSearchNet++,bernoulli,0.1,0.3,88,481.7591857910156,8052248,9558441.558441559,1.1870525545712898
SimSearchNet++,bernoulli,0.1,0.3,89,467.27081298828125,8037760,10181818.181818182,1.2667482211235694
SimSearchNet++,bernoulli,0.1,0.3,90,467.7979431152344,7988585,8727272.727272728,1.0924679060525397
SimSearchNet++,bernoulli,0.1,0.3,91,468.40155029296875,8071817,7064935.064935065,1.1425182150735294
SimSearchNet++,bernoulli,0.1,0.3,92,484.6999206542969,8159303,8311688.311688312,1.01867626581441
SimSearchNet++,bernoulli,0.1,0.3,93,478.1463317871094,8047287,9142857.142857144,1.136141552160019
SimSearchNet++,bernoulli,0.1,0.3,94,486.2437744140625,8042878,9350649.350649351,1.1625999238891043
SimSearchNet++,bernoulli,0.1,0.3,95,469.9468078613281,8034343,6441558.441558442,1.2472669576612903
SimSearchNet++,bernoulli,0.1,0.3,96,485.1051330566406,8033221,5818181.818181818,1.380709859375
SimSearchNet++,bernoulli,0.1,0.3,97,459.36260986328125,8115089,6649350.64935065,1.220433306640625
SimSearchNet++,bernoulli,0.1,0.3,98,467.9112243652344,8034547,8519480.519480519,1.0603560498781721
SimSearchNet++,bernoulli,0.1,0.3,99,478.9957275390625,8024441,8311688.311688312,1.0357965510230946
SimSearchNet++,bernoulli,0.1,0.4,0,479.7530517578125,7993318,7480519.480519481,1.068551190972222
SimSearchNet++,bernoulli,0.1,0.4,1,484.0361633300781,7977324,8311688.311688312,1.0419143451724302
SimSearchNet++,bernoulli,0.1,0.4,2,448.38922119140625,8004845,7272727.272727273,1.1006661875
SimSearchNet++,bernoulli,0.1,0.4,3,478.41290283203125,7988994,8311688.311688312,1.0403923587485875
SimSearchNet++,bernoulli,0.1,0.4,4,476.8364562988281,8001522,7064935.064935065,1.1325683713235295
SimSearchNet++,bernoulli,0.1,0.4,5,471.9246826171875,7960990,6857142.857142857,1.1609777083333332
SimSearchNet++,bernoulli,0.1,0.4,6,475.9012451171875,8020649,4571428.571428572,1.7545169687499997
SimSearchNet++,bernoulli,0.1,0.4,7,472.9196472167969,8004833,8311688.311688312,1.0383337555809486
SimSearchNet++,bernoulli,0.1,0.4,8,472.3377990722656,8079063,7480519.480519481,1.0800136302083332
SimSearchNet++,bernoulli,0.1,0.4,9,483.9204406738281,8018589,6025974.025974026,1.3306710193965516
SimSearchNet++,bernoulli,0.1,0.4,10,481.590087890625,8038227,7896103.896103896,1.0179991430921052
SimSearchNet++,bernoulli,0.1,0.4,11,480.0854187011719,7990188,8727272.727272728,1.0922487339813192
SimSearchNet++,bernoulli,0.1,0.4,12,477.7049255371094,7979432,6233766.2337662345,1.2800338833333331
SimSearchNet++,bernoulli,0.1,0.4,13,473.4278259277344,8049578,6025974.025974026,1.3358135905172415
SimSearchNet++,bernoulli,0.1,0.4,14,479.80194091796875,7982567,6441558.441558442,1.2392291512096774
SimSearchNet++,bernoulli,0.1,0.4,15,475.106201171875,8015114,9142857.142857144,1.140702071468621
SimSearchNet++,bernoulli,0.1,0.4,16,479.8009948730469,7969810,5402597.402597403,1.4751811778846153
SimSearchNet++,bernoulli,0.1,0.4,17,478.12445068359375,8033688,7896103.896103896,1.017424302631579
SimSearchNet++,bernoulli,0.1,0.4,18,492.5605773925781,8019339,8103896.103896105,1.0105441488252467
SimSearchNet++,bernoulli,0.1,0.4,19,472.4584655761719,7985233,9350649.350649351,1.1709926749350146
SimSearchNet++,bernoulli,0.1,0.4,20,472.70489501953125,8039649,6649350.64935065,1.209087837890625
SimSearchNet++,bernoulli,0.1,0.4,21,465.06549072265625,8055297,7688311.688311689,1.0477328868243243
SimSearchNet++,bernoulli,0.1,0.4,22,483.519287109375,8035650,7064935.064935065,1.1373989889705882
SimSearchNet++,bernoulli,0.1,0.4,23,473.9989318847656,8028704,7688311.688311689,1.044274
SimSearchNet++,bernoulli,0.1,0.4,24,492.5118408203125,8058041,7272727.272727273,1.1079806374999999
SimSearchNet++,bernoulli,0.1,0.4,25,475.51025390625,8012354,7064935.064935065,1.1341015772058824
SimSearchNet++,bernoulli,0.1,0.4,26,483.1965637207031,8099777,9974025.974025974,1.231395132733404
SimSearchNet++,bernoulli,0.1,0.4,27,478.106689453125,8059613,7272727.272727273,1.1081967874999998
SimSearchNet++,bernoulli,0.1,0.4,28,479.3944091796875,8076773,7064935.064935065,1.1432197077205883
SimSearchNet++,bernoulli,0.1,0.4,29,480.3946228027344,8036864,6025974.025974026,1.333703724137931
SimSearchNet++,bernoulli,0.1,0.4,30,482.3453063964844,7968160,9142857.142857144,1.1474238899391005
SimSearchNet++,bernoulli,0.1,0.4,31,492.47833251953125,8024036,8103896.103896105,1.009952610369159
SimSearchNet++,bernoulli,0.1,0.4,32,474.6556701660156,7970639,7064935.064935065,1.1281970643382353
SimSearchNet++,bernoulli,0.1,0.4,33,471.47314453125,8076723,7896103.896103896,1.022874458881579
SimSearchNet++,bernoulli,0.1,0.4,34,464.93646240234375,8020687,7688311.688311689,1.0432312483108108
SimSearchNet++,bernoulli,0.1,0.4,35,477.7457580566406,8110653,7272727.272727273,1.1152147874999998
SimSearchNet++,bernoulli,0.1,0.4,36,477.0386962890625,7896687,10597402.597402599,1.3420061599760251
SimSearchNet++,bernoulli,0.1,0.4,37,484.1125793457031,7999067,9350649.350649351,1.1689674996658175
SimSearchNet++,bernoulli,0.1,0.4,38,476.4031982421875,8101067,10181818.181818182,1.2568490276426774
SimSearchNet++,bernoulli,0.1,0.4,39,479.6820983886719,8001025,8103896.103896105,1.0128572406530545
SimSearchNet++,bernoulli,0.1,0.4,40,480.0729064941406,7982781,8311688.311688312,1.0412020963231126
SimSearchNet++,bernoulli,0.1,0.4,41,478.6293029785156,8001405,6649350.64935065,1.2033362988281249
SimSearchNet++,bernoulli,0.1,0.4,42,486.9096374511719,8077279,9974025.974025974,1.2348249916866774
SimSearchNet++,bernoulli,0.1,0.4,43,477.103759765625,7913700,8519480.519480519,1.07654833004543
SimSearchNet++,bernoulli,0.1,0.4,44,479.1272277832031,8145548,8935064.935064936,1.096926190240968
SimSearchNet++,bernoulli,0.1,0.4,45,479.39544677734375,8097315,7688311.688311689,1.0531980658783784
SimSearchNet++,bernoulli,0.1,0.4,46,469.54339599609375,7992472,7064935.064935065,1.1312873970588235
SimSearchNet++,bernoulli,0.1,0.4,47,487.87591552734375,8076670,8935064.935064936,1.1062807982825764
SimSearchNet++,bernoulli,0.1,0.4,48,480.8045349121094,7969868,5818181.818181818,1.3698210625
SimSearchNet++,bernoulli,0.1,0.4,49,475.7457275390625,8009675,7688311.688311689,1.0417989442567568
SimSearchNet++,bernoulli,0.1,0.4,50,479.1345520019531,8011508,8103896.103896105,1.0115319243138876
SimSearchNet++,bernoulli,0.1,0.4,51,480.91259765625,7844958,5610389.610389611,1.3982911249999999
SimSearchNet++,bernoulli,0.1,0.4,52,476.48052978515625,8012632,8311688.311688312,1.0373231057770171
SimSearchNet++,bernoulli,0.1,0.4,53,469.775390625,7971398,6233766.2337662345,1.2787450958333333
SimSearchNet++,bernoulli,0.1,0.4,54,479.8812255859375,8075361,8935064.935064936,1.106460124205585
SimSearchNet++,bernoulli,0.1,0.4,55,466.1416015625,8066447,8727272.727272728,1.0819227755755079
SimSearchNet++,bernoulli,0.1,0.4,56,488.4505310058594,8018018,7688311.688311689,1.042884097972973
SimSearchNet++,bernoulli,0.1,0.4,57,474.54083251953125,7976992,7896103.896103896,1.010244052631579
SimSearchNet++,bernoulli,0.1,0.4,58,476.4651184082031,7938300,9766233.766233766,1.2302676601078022
SimSearchNet++,bernoulli,0.1,0.4,59,481.9884948730469,8052095,7688311.688311689,1.0473164104729729
SimSearchNet++,bernoulli,0.1,0.4,60,478.4473876953125,8093354,6857142.857142857,1.1802807916666667
SimSearchNet++,bernoulli,0.1,0.4,61,483.0672912597656,7922787,10389610.38961039,1.3113580346928915
SimSearchNet++,bernoulli,0.1,0.4,62,477.4609069824219,8080763,6649350.64935065,1.215270998046875
SimSearchNet++,bernoulli,0.1,0.4,63,490.4701843261719,7978877,8103896.103896105,1.015668759387581
SimSearchNet++,bernoulli,0.1,0.4,64,479.9686584472656,8067879,6649350.64935065,1.213333365234375
SimSearchNet++,bernoulli,0.1,0.4,65,478.7118225097656,8047271,8935064.935064936,1.1103223608431898
SimSearchNet++,bernoulli,0.1,0.4,66,474.7693176269531,8014479,7480519.480519481,1.0713800052083333
SimSearchNet++,bernoulli,0.1,0.4,67,490.1316223144531,7982543,7896103.896103896,1.0109470575657895
SimSearchNet++,bernoulli,0.1,0.4,68,480.6744384765625,7999569,7064935.064935065,1.1322919356617647
SimSearchNet++,bernoulli,0.1,0.4,69,477.1142272949219,7998069,7480519.480519481,1.0691863072916665
SimSearchNet++,bernoulli,0.1,0.4,70,475.3893127441406,8039059,7480519.480519481,1.0746658732638887
SimSearchNet++,bernoulli,0.1,0.4,71,479.5216369628906,7966283,7480519.480519481,1.0649371371527776
SimSearchNet++,bernoulli,0.1,0.4,72,478.53839111328125,7998297,8103896.103896105,1.0132026985114586
SimSearchNet++,bernoulli,0.1,0.4,73,481.614990234375,7988258,7480519.480519481,1.067874767361111
SimSearchNet++,bernoulli,0.1,0.4,74,468.92633056640625,7968108,7688311.688311689,1.0363924256756756
SimSearchNet++,bernoulli,0.1,0.4,75,481.2452697753906,8019508,5610389.610389611,1.429403046296296
SimSearchNet++,bernoulli,0.1,0.4,76,467.2332458496094,8013061,9558441.558441559,1.192857705493763
SimSearchNet++,bernoulli,0.1,0.4,77,468.93701171875,7971717,8311688.311688312,1.0426471877624748
SimSearchNet++,bernoulli,0.1,0.4,78,481.6636962890625,7998094,8311688.311688312,1.0392086304172359
SimSearchNet++,bernoulli,0.1,0.4,79,477.87646484375,7976679,8311688.311688312,1.0419985951156254
SimSearchNet++,bernoulli,0.1,0.4,80,477.82415771484375,7958855,7896103.896103896,1.0079470970394737
SimSearchNet++,bernoulli,0.1,0.4,81,479.4382019042969,7983887,8311688.311688312,1.0410578596225513
SimSearchNet++,bernoulli,0.1,0.4,82,455.4425354003906,8047004,8311688.311688312,1.0328922803677385
SimSearchNet++,bernoulli,0.1,0.4,83,483.16766357421875,8041746,7480519.480519481,1.0750250729166666
SimSearchNet++,bernoulli,0.1,0.4,84,473.7055969238281,8097382,9142857.142857144,1.1291127358024042
SimSearchNet++,bernoulli,0.1,0.4,85,486.1419677734375,8095273,6441558.441558442,1.2567258487903226
SimSearchNet++,bernoulli,0.1,0.4,86,488.9467468261719,8027942,8519480.519480519,1.061228459234075
SimSearchNet++,bernoulli,0.1,0.4,87,477.1330261230469,8052360,9974025.974025974,1.238646306676052
SimSearchNet++,bernoulli,0.1,0.4,88,481.7591857910156,8052248,8519480.519480519,1.058025102987454
SimSearchNet++,bernoulli,0.1,0.4,89,467.27081298828125,8037760,8103896.103896105,1.0082281759963105
SimSearchNet++,bernoulli,0.1,0.4,90,467.7979431152344,7988585,8103896.103896105,1.014434484191644
SimSearchNet++,bernoulli,0.1,0.4,91,468.40155029296875,8071817,8727272.727272728,1.0812029964594996
SimSearchNet++,bernoulli,0.1,0.4,92,484.6999206542969,8159303,7064935.064935065,1.15490134375
SimSearchNet++,bernoulli,0.1,0.4,93,478.1463317871094,8047287,6857142.857142857,1.1735626875
SimSearchNet++,bernoulli,0.1,0.4,94,486.2437744140625,8042878,6025974.025974026,1.3347017370689656
SimSearchNet++,bernoulli,0.1,0.4,95,469.9468078613281,8034343,7064935.064935065,1.1372139908088235
SimSearchNet++,bernoulli,0.1,0.4,96,485.1051330566406,8033221,9142857.142857144,1.138130911978787
SimSearchNet++,bernoulli,0.1,0.4,97,459.36260986328125,8115089,9142857.142857144,1.1266490290934756
SimSearchNet++,bernoulli,0.1,0.4,98,467.9112243652344,8034547,8103896.103896105,1.0086313645182616
SimSearchNet++,bernoulli,0.1,0.4,99,478.9957275390625,8024441,6649350.64935065,1.2068006972656249
SimSearchNet++,bernoulli,0.1,0.5,0,479.7530517578125,7993318,7064935.064935065,1.131407143382353
SimSearchNet++,bernoulli,0.1,0.5,1,484.0361633300781,7977324,8311688.311688312,1.0419143451724302
SimSearchNet++,bernoulli,0.1,0.5,2,448.38922119140625,8004845,6857142.857142857,1.1673732291666667
SimSearchNet++,bernoulli,0.1,0.5,3,478.41290283203125,7988994,7688311.688311689,1.039109016891892
SimSearchNet++,bernoulli,0.1,0.5,4,476.8364562988281,8001522,8935064.935064936,1.1166706702880946
SimSearchNet++,bernoulli,0.1,0.5,5,471.9246826171875,7960990,8519480.519480519,1.0701534004540287
SimSearchNet++,bernoulli,0.1,0.5,6,475.9012451171875,8020649,6649350.64935065,1.206230416015625
SimSearchNet++,bernoulli,0.1,0.5,7,472.9196472167969,8004833,8727272.727272728,1.0902504433599962
SimSearchNet++,bernoulli,0.1,0.5,8,472.3377990722656,8079063,10181818.181818182,1.2602721604990803
SimSearchNet++,bernoulli,0.1,0.5,9,483.9204406738281,8018589,8311688.311688312,1.0365524797053836
SimSearchNet++,bernoulli,0.1,0.5,10,481.590087890625,8038227,9766233.766233766,1.2149736212020097
SimSearchNet++,bernoulli,0.1,0.5,11,480.0854187011719,7990188,5194805.194805195,1.53811119
SimSearchNet++,bernoulli,0.1,0.5,12,477.7049255371094,7979432,7688311.688311689,1.0378653108108107
SimSearchNet++,bernoulli,0.1,0.5,13,473.4278259277344,8049578,6441558.441558442,1.249632068548387
SimSearchNet++,bernoulli,0.1,0.5,14,479.80194091796875,7982567,9142857.142857144,1.1453530102355725
SimSearchNet++,bernoulli,0.1,0.5,15,475.106201171875,8015114,8103896.103896105,1.0110768360744595
SimSearchNet++,bernoulli,0.1,0.5,16,479.8009948730469,7969810,7480519.480519481,1.0654086284722222
SimSearchNet++,bernoulli,0.1,0.5,17,478.12445068359375,8033688,9766233.766233766,1.2156600761983496
SimSearchNet++,bernoulli,0.1,0.5,18,492.5605773925781,8019339,8103896.103896105,1.0105441488252467
SimSearchNet++,bernoulli,0.1,0.5,19,472.4584655761719,7985233,8311688.311688312,1.040882377720013
SimSearchNet++,bernoulli,0.1,0.5,20,472.70489501953125,8039649,8103896.103896105,1.0079912821935515
SimSearchNet++,bernoulli,0.1,0.5,21,465.06549072265625,8055297,7272727.272727273,1.1076033374999998
SimSearchNet++,bernoulli,0.1,0.5,22,483.519287109375,8035650,5610389.610389611,1.4322802083333332
SimSearchNet++,bernoulli,0.1,0.5,23,473.9989318847656,8028704,5610389.610389611,1.4310421481481481
SimSearchNet++,bernoulli,0.1,0.5,24,492.5118408203125,8058041,9142857.142857144,1.1346252945172584
SimSearchNet++,bernoulli,0.1,0.5,25,475.51025390625,8012354,6649350.64935065,1.2049829257812499
SimSearchNet++,bernoulli,0.1,0.5,26,483.1965637207031,8099777,7896103.896103896,1.0257941266447368
SimSearchNet++,bernoulli,0.1,0.5,27,478.106689453125,8059613,7896103.896103896,1.0207075674342105
SimSearchNet++,bernoulli,0.1,0.5,28,479.3944091796875,8076773,8311688.311688312,1.0290852933081458
SimSearchNet++,bernoulli,0.1,0.5,29,480.3946228027344,8036864,8103896.103896105,1.0083405795962337
SimSearchNet++,bernoulli,0.1,0.5,30,482.3453063964844,7968160,6441558.441558442,1.2369925806451612
SimSearchNet++,bernoulli,0.1,0.5,31,492.47833251953125,8024036,7064935.064935065,1.1357550955882354
SimSearchNet++,bernoulli,0.1,0.5,32,474.6556701660156,7970639,6649350.64935065,1.198709380859375
SimSearchNet++,bernoulli,0.1,0.5,33,471.47314453125,8076723,8727272.727272728,1.080546247193661
SimSearchNet++,bernoulli,0.1,0.5,34,464.93646240234375,8020687,9142857.142857144,1.1399094794320166
SimSearchNet++,bernoulli,0.1,0.5,35,477.7457580566406,8110653,8311688.311688312,1.0247865753458214
SimSearchNet++,bernoulli,0.1,0.5,36,477.0386962890625,7896687,6233766.2337662345,1.2667602062499999
SimSearchNet++,bernoulli,0.1,0.5,37,484.1125793457031,7999067,8519480.519480519,1.0650592774733
SimSearchNet++,bernoulli,0.1,0.5,38,476.4031982421875,8101067,6649350.64935065,1.218324529296875
SimSearchNet++,bernoulli,0.1,0.5,39,479.6820983886719,8001025,7272727.272727273,1.1001409375
SimSearchNet++,bernoulli,0.1,0.5,40,480.0729064941406,7982781,7688311.688311689,1.0383009070945945
SimSearchNet++,bernoulli,0.1,0.5,41,478.6293029785156,8001405,9142857.142857144,1.1426564638156853
SimSearchNet++,bernoulli,0.1,0.5,42,486.9096374511719,8077279,7688311.688311689,1.0505920320945945
SimSearchNet++,bernoulli,0.1,0.5,43,477.103759765625,7913700,5402597.402597403,1.4647954326923076
SimSearchNet++,bernoulli,0.1,0.5,44,479.1272277832031,8145548,8935064.935064936,1.096926190240968
SimSearchNet++,bernoulli,0.1,0.5,45,479.39544677734375,8097315,7688311.688311689,1.0531980658783784
SimSearchNet++,bernoulli,0.1,0.5,46,469.54339599609375,7992472,7480519.480519481,1.068438097222222
SimSearchNet++,bernoulli,0.1,0.5,47,487.87591552734375,8076670,8103896.103896105,1.0033709565818716
SimSearchNet++,bernoulli,0.1,0.5,48,480.8045349121094,7969868,6441558.441558442,1.2372577338709676
SimSearchNet++,bernoulli,0.1,0.5,49,475.7457275390625,8009675,8519480.519480519,1.063648714770639
SimSearchNet++,bernoulli,0.1,0.5,50,479.1345520019531,8011508,8519480.519480519,1.0634053563299841
SimSearchNet++,bernoulli,0.1,0.5,51,480.91259765625,7844958,6857142.857142857,1.144056375
SimSearchNet++,bernoulli,0.1,0.5,52,476.48052978515625,8012632,7688311.688311689,1.042183554054054
SimSearchNet++,bernoulli,0.1,0.5,53,469.775390625,7971398,7688311.688311689,1.036820347972973
SimSearchNet++,bernoulli,0.1,0.5,54,479.8812255859375,8075361,6441558.441558442,1.2536346713709676
SimSearchNet++,bernoulli,0.1,0.5,55,466.1416015625,8066447,7896103.896103896,1.0215730575657895
SimSearchNet++,bernoulli,0.1,0.5,56,488.4505310058594,8018018,6233766.2337662345,1.2862237208333331
SimSearchNet++,bernoulli,0.1,0.5,57,474.54083251953125,7976992,7688311.688311689,1.037547945945946
SimSearchNet++,bernoulli,0.1,0.5,58,476.4651184082031,7938300,6649350.64935065,1.1938458984375
SimSearchNet++,bernoulli,0.1,0.5,59,481.9884948730469,8052095,7688311.688311689,1.0473164104729729
SimSearchNet++,bernoulli,0.1,0.5,60,478.4473876953125,8093354,8727272.727272728,1.0783258371341138
SimSearchNet++,bernoulli,0.1,0.5,61,483.0672912597656,7922787,8519480.519480519,1.075313588448171
SimSearchNet++,bernoulli,0.1,0.5,62,477.4609069824219,8080763,5610389.610389611,1.4403211828703704
SimSearchNet++,bernoulli,0.1,0.5,63,490.4701843261719,7978877,7896103.896103896,1.0104827779605263
SimSearchNet++,bernoulli,0.1,0.5,64,479.9686584472656,8067879,9142857.142857144,1.1332417284464906
SimSearchNet++,bernoulli,0.1,0.5,65,478.7118225097656,8047271,8103896.103896105,1.0070365598345208
SimSearchNet++,bernoulli,0.1,0.5,66,474.7693176269531,8014479,5402597.402597403,1.483449237980769
SimSearchNet++,bernoulli,0.1,0.5,67,490.1316223144531,7982543,9142857.142857144,1.1453564538089107
SimSearchNet++,bernoulli,0.1,0.5,68,480.6744384765625,7999569,6649350.64935065,1.203060181640625
SimSearchNet++,bernoulli,0.1,0.5,69,477.1142272949219,7998069,5818181.818181818,1.374668109375
SimSearchNet++,bernoulli,0.1,0.5,70,475.3893127441406,8039059,7896103.896103896,1.018104511513158
SimSearchNet++,bernoulli,0.1,0.5,71,479.5216369628906,7966283,7896103.896103896,1.0088878141447368
SimSearchNet++,bernoulli,0.1,0.5,72,478.53839111328125,7998297,8103896.103896105,1.0132026985114586
SimSearchNet++,bernoulli,0.1,0.5,73,481.614990234375,7988258,7688311.688311689,1.039013287162162
SimSearchNet++,bernoulli,0.1,0.5,74,468.92633056640625,7968108,9142857.142857144,1.1474313780457222
SimSearchNet++,bernoulli,0.1,0.5,75,481.2452697753906,8019508,8519480.519480519,1.0623445377796892
SimSearchNet++,bernoulli,0.1,0.5,76,467.2332458496094,8013061,8935064.935064936,1.11506263774417
SimSearchNet++,bernoulli,0.1,0.5,77,468.93701171875,7971717,9766233.766233766,1.2251104456209079
SimSearchNet++,bernoulli,0.1,0.5,78,481.6636962890625,7998094,8519480.519480519,1.0651888461776666
SimSearchNet++,bernoulli,0.1,0.5,79,477.87646484375,7976679,10181818.181818182,1.2764482790166412
SimSearchNet++,bernoulli,0.1,0.5,80,477.82415771484375,7958855,8311688.311688312,1.0443321698521097
SimSearchNet++,bernoulli,0.1,0.5,81,479.4382019042969,7983887,6441558.441558442,1.239434070564516
SimSearchNet++,bernoulli,0.1,0.5,82,455.4425354003906,8047004,5402597.402597403,1.4894694903846153
SimSearchNet++,bernoulli,0.1,0.5,83,483.16766357421875,8041746,11012987.012987014,1.3694771027320451
SimSearchNet++,bernoulli,0.1,0.5,84,473.7055969238281,8097382,6233766.2337662345,1.2989550291666665
SimSearchNet++,bernoulli,0.1,0.5,85,486.1419677734375,8095273,8311688.311688312,1.0267335408809946
SimSearchNet++,bernoulli,0.1,0.5,86,488.9467468261719,8027942,6441558.441558442,1.2462732540322579
SimSearchNet++,bernoulli,0.1,0.5,87,477.1330261230469,8052360,10181818.181818182,1.2644514380651364
SimSearchNet++,bernoulli,0.1,0.5,88,481.7591857910156,8052248,7688311.688311689,1.0473363108108107
SimSearchNet++,bernoulli,0.1,0.5,89,467.27081298828125,8037760,6649350.64935065,1.20880375
SimSearchNet++,bernoulli,0.1,0.5,90,467.7979431152344,7988585,6441558.441558442,1.2401633971774193
SimSearchNet++,bernoulli,0.1,0.5,91,468.40155029296875,8071817,9766233.766233766,1.2099176388951542
SimSearchNet++,bernoulli,0.1,0.5,92,484.6999206542969,8159303,10805194.805194806,1.3242791455587328
SimSearchNet++,bernoulli,0.1,0.5,93,478.1463317871094,8047287,7896103.896103896,1.0191465444078947
SimSearchNet++,bernoulli,0.1,0.5,94,486.2437744140625,8042878,7688311.688311689,1.0461175777027028
SimSearchNet++,bernoulli,0.1,0.5,95,469.9468078613281,8034343,6441558.441558442,1.2472669576612903
SimSearchNet++,bernoulli,0.1,0.5,96,485.1051330566406,8033221,7688311.688311689,1.0448615152027028
SimSearchNet++,bernoulli,0.1,0.5,97,459.36260986328125,8115089,6441558.441558442,1.259802122983871
SimSearchNet++,bernoulli,0.1,0.5,98,467.9112243652344,8034547,8311688.311688312,1.034493707198217
SimSearchNet++,bernoulli,0.1,0.5,99,478.9957275390625,8024441,9766233.766233766,1.217060947452136
SimSearchNet++,km20_paper_exact,0.01,0.1,0,460.6907958984375,779956,392184.7368421053,1.9887464419963201
SimSearchNet++,km20_paper_exact,0.01,0.1,1,464.9868469238281,806206,1358499.6315789474,1.6850527428212485
SimSearchNet++,km20_paper_exact,0.01,0.1,2,429.36578369140625,811965,1041922.3578947369,1.2832109239865475
SimSearchNet++,km20_paper_exact,0.01,0.1,3,458.88116455078125,801685,816707.0710526316,1.0187381216470703
SimSearchNet++,km20_paper_exact,0.01,0.1,4,457.8514709472656,815604,828534.7763157894,1.015854233568974
SimSearchNet++,km20_paper_exact,0.01,0.1,5,452.2731018066406,791358,1608266.0,2.0322862724582302
SimSearchNet++,km20_paper_exact,0.01,0.1,6,456.95843505859375,793184,458758.84210526315,1.7289781192228275
SimSearchNet++,km20_paper_exact,0.01,0.1,7,454.0616455078125,780202,888454.044736842,1.1387487403734444
SimSearchNet++,km20_paper_exact,0.01,0.1,8,453.7630615234375,836625,1216118.8421052631,1.4536008870225765
SimSearchNet++,km20_paper_exact,0.01,0.1,9,464.24334716796875,803504,1062774.5263157894,1.3226748420863983
SimSearchNet++,km20_paper_exact,0.01,0.1,10,462.4942626953125,817970,446113.05263157893,1.8335486827271068
SimSearchNet++,km20_paper_exact,0.01,0.1,11,460.7634582519531,818301,586619.3157894737,1.3949438383199648
SimSearchNet++,km20_paper_exact,0.01,0.1,12,458.513916015625,817881,0.0,
SimSearchNet++,km20_paper_exact,0.01,0.1,13,454.0605773925781,818837,768483.8947368421,1.0655226552020334
SimSearchNet++,km20_paper_exact,0.01,0.1,14,460.4551696777344,810978,682066.8157894737,1.1890008152079867
SimSearchNet++,km20_paper_exact,0.01,0.1,15,455.6313781738281,818190,382758.0447368421,2.1376167300742974
SimSearchNet++,km20_paper_exact,0.01,0.1,16,460.01300048828125,799199,367317.05000000005,2.175774307236759
SimSearchNet++,km20_paper_exact,0.01,0.1,17,459.2112121582031,823660,817200.5210526315,1.0079043989583463
SimSearchNet++,km20_paper_exact,0.01,0.1,18,472.6457214355469,759820,853598.9421052631,1.1234225765382104
SimSearchNet++,km20_paper_exact,0.01,0.1,19,453.94488525390625,808677,872725.2631578947,1.0792012919347214
SimSearchNet++,km20_paper_exact,0.01,0.1,20,453.7972717285156,814470,1218260.6289473686,1.4957710277203196
SimSearchNet++,km20_paper_exact,0.01,0.1,21,446.5522766113281,797911,618576.2368421053,1.2899153774050827
SimSearchNet++,km20_paper_exact,0.01,0.1,22,464.0010070800781,793547,437868.447368421,1.8122954617287421
SimSearchNet++,km20_paper_exact,0.01,0.1,23,454.8186340332031,788048,820820.1578947369,1.0415864996735438
SimSearchNet++,km20_paper_exact,0.01,0.1,24,473.16168212890625,817611,1057699.1578947369,1.2936459488616676
SimSearchNet++,km20_paper_exact,0.01,0.1,25,456.3419494628906,802078,469106.2105263158,1.7098004289904947
SimSearchNet++,km20_paper_exact,0.01,0.1,26,464.16162109375,812018,858264.9105263158,1.0569530608019968
SimSearchNet++,km20_paper_exact,0.01,0.1,27,458.9803466796875,798805,438986.41315789474,1.8196576842862004
SimSearchNet++,km20_paper_exact,0.01,0.1,28,458.90631103515625,823525,616306.2631578948,1.3362268878793087
SimSearchNet++,km20_paper_exact,0.01,0.1,29,459.6161193847656,797985,965335.0763157894,1.2097158171090803
SimSearchNet++,km20_paper_exact,0.01,0.1,30,463.0507507324219,794866,614025.3973684211,1.2945164864623226
SimSearchNet++,km20_paper_exact,0.01,0.1,31,472.28485107421875,813202,939301.0,1.1550647932494018
SimSearchNet++,km20_paper_exact,0.01,0.1,32,455.90789794921875,839852,867935.8157894737,1.03343900566942
SimSearchNet++,km20_paper_exact,0.01,0.1,33,448.43841552734375,810858,1365151.6105263156,1.6835890014359056
SimSearchNet++,km20_paper_exact,0.01,0.1,34,445.63323974609375,821583,978003.0,1.1903885547777888
SimSearchNet++,km20_paper_exact,0.01,0.1,35,458.1025695800781,810313,427086.3157894737,1.8973049944298206
SimSearchNet++,km20_paper_exact,0.01,0.1,36,457.3247985839844,779727,437176.947368421,1.7835501269990401
SimSearchNet++,km20_paper_exact,0.01,0.1,37,463.9535217285156,779968,1351725.9157894738,1.733053042931856
SimSearchNet++,km20_paper_exact,0.01,0.1,38,456.379150390625,830717,0.0,
SimSearchNet++,km20_paper_exact,0.01,0.1,39,459.9629821777344,809020,871257.5736842104,1.0769295860228554
SimSearchNet++,km20_paper_exact,0.01,0.1,40,461.0172424316406,812332,475433.9210526316,1.7086117839498312
SimSearchNet++,km20_paper_exact,0.01,0.1,41,459.5018615722656,812243,407911.88684210525,1.9912216981173767
SimSearchNet++,km20_paper_exact,0.01,0.1,42,467.9165954589844,797447,830560.547368421,1.0415244491087445
SimSearchNet++,km20_paper_exact,0.01,0.1,43,457.88427734375,799257,1063759.8631578947,1.3309359356976476
SimSearchNet++,km20_paper_exact,0.01,0.1,44,459.56390380859375,826497,847438.5394736842,1.0253377077880308
SimSearchNet++,km20_paper_exact,0.01,0.1,45,459.495361328125,802878,601854.6342105262,1.3340065098163831
SimSearchNet++,km20_paper_exact,0.01,0.1,46,450.1866149902344,785736,196092.36842105264,4.006968788876349
SimSearchNet++,km20_paper_exact,0.01,0.1,47,468.6938171386719,804578,605110.15,1.3296389095439896
SimSearchNet++,km20_paper_exact,0.01,0.1,48,461.4813232421875,786529,910049.8684210527,1.1570455360464176
SimSearchNet++,km20_paper_exact,0.01,0.1,49,455.8804626464844,797132,0.0,
SimSearchNet++,km20_paper_exact,0.01,0.1,50,460.3205261230469,811048,587369.3631578948,1.38081427270829
SimSearchNet++,km20_paper_exact,0.01,0.1,51,461.06280517578125,766698,394211.89473684214,1.944888041777158
SimSearchNet++,km20_paper_exact,0.01,0.1,52,453.3376159667969,805578,944503.6421052632,1.1724546128435276
SimSearchNet++,km20_paper_exact,0.01,0.1,53,450.4808044433594,802879,810455.6789473684,1.0094368876846553
SimSearchNet++,km20_paper_exact,0.01,0.1,54,460.39324951171875,819773,752533.0131578947,1.0893515442730446
SimSearchNet++,km20_paper_exact,0.01,0.1,55,447.2884826660156,812761,847611.6842105263,1.0428793756227555
SimSearchNet++,km20_paper_exact,0.01,0.1,56,469.0072937011719,805871,643270.4210526316,1.2527717327361219
SimSearchNet++,km20_paper_exact,0.01,0.1,57,454.9988708496094,812699,1045265.4736842106,1.28616557136678
SimSearchNet++,km20_paper_exact,0.01,0.1,58,457.2242431640625,793446,774942.7815789473,1.0238768833788636
SimSearchNet++,km20_paper_exact,0.01,0.1,59,461.410888671875,797411,837035.0526315789,1.049690877893055
SimSearchNet++,km20_paper_exact,0.01,0.1,60,459.6661071777344,861843,1454677.5263157894,1.6878683545794182
SimSearchNet++,km20_paper_exact,0.01,0.1,61,463.8576354980469,812292,1691580.4657894736,2.0824783031095637
SimSearchNet++,km20_paper_exact,0.01,0.1,62,458.5019226074219,816770,1302355.5710526316,1.5945193519015533
SimSearchNet++,km20_paper_exact,0.01,0.1,63,470.8662109375,809218,1360651.4210526315,1.681439885238133
SimSearchNet++,km20_paper_exact,0.01,0.1,64,460.90130615234375,816872,908496.0973684211,1.1121645709100338
SimSearchNet++,km20_paper_exact,0.01,0.1,65,459.3930358886719,795471,861540.4421052631,1.0830570091244849
SimSearchNet++,km20_paper_exact,0.01,0.1,66,455.562255859375,806856,0.0,
SimSearchNet++,km20_paper_exact,0.01,0.1,67,471.1730041503906,809196,393395.84210526315,2.056951074189236
SimSearchNet++,km20_paper_exact,0.01,0.1,68,460.58642578125,816240,787166.9947368421,1.0369337198555655
SimSearchNet++,km20_paper_exact,0.01,0.1,69,457.6493835449219,812672,844573.3105263158,1.0392548414690255
SimSearchNet++,km20_paper_exact,0.01,0.1,70,455.99005126953125,811990,814116.2552631579,1.0026185732129187
SimSearchNet++,km20_paper_exact,0.01,0.1,71,460.2683410644531,840500,710479.947368421,1.1830031278337498
SimSearchNet++,km20_paper_exact,0.01,0.1,72,458.9477233886719,797751,646314.1578947369,1.234308409084746
SimSearchNet++,km20_paper_exact,0.01,0.1,73,462.16229248046875,822257,735011.6842105264,1.1186992229697457
SimSearchNet++,km20_paper_exact,0.01,0.1,74,449.9244079589844,815620,658484.9210526316,1.2386312486794346
SimSearchNet++,km20_paper_exact,0.01,0.1,75,462.0497131347656,806815,762625.4105263158,1.0579440297474318
SimSearchNet++,km20_paper_exact,0.01,0.1,76,448.06463623046875,798827,236376.5,3.379468771218797
SimSearchNet++,km20_paper_exact,0.01,0.1,77,450.0210876464844,797837,0.0,
SimSearchNet++,km20_paper_exact,0.01,0.1,78,462.8011169433594,813775,398649.3157894737,2.0413304821266864
SimSearchNet++,km20_paper_exact,0.01,0.1,79,458.7417297363281,794044,879991.2631578947,1.108239925190411
SimSearchNet++,km20_paper_exact,0.01,0.1,80,459.2297668457031,798529,1074473.910526316,1.3455665486492236
SimSearchNet++,km20_paper_exact,0.01,0.1,81,460.25537109375,775374,1307797.442105263,1.686666617793817
SimSearchNet++,km20_paper_exact,0.01,0.1,82,437.2161560058594,814700,638144.8447368421,1.276669406200352
SimSearchNet++,km20_paper_exact,0.01,0.1,83,464.0117492675781,807711,660461.4210526316,1.222949553529841
SimSearchNet++,km20_paper_exact,0.01,0.1,84,452.8520812988281,807540,604308.2657894737,1.3363047400071926
SimSearchNet++,km20_paper_exact,0.01,0.1,85,466.22845458984375,803831,1213891.3315789474,1.5101325173810756
SimSearchNet++,km20_paper_exact,0.01,0.1,86,469.7104797363281,802001,752700.6342105264,1.065497972963956
SimSearchNet++,km20_paper_exact,0.01,0.1,87,457.68212890625,823666,637835.8157894737,1.291344856482412
SimSearchNet++,km20_paper_exact,0.01,0.1,88,462.4499816894531,799879,887811.6315789473,1.1099324167517177
SimSearchNet++,km20_paper_exact,0.01,0.1,89,448.3302307128906,809619,387252.4684210527,2.0906748594813753
SimSearchNet++,km20_paper_exact,0.01,0.1,90,448.3257751464844,813570,607087.5710526316,1.3401196776098507
SimSearchNet++,km20_paper_exact,0.01,0.1,91,449.1691589355469,778058,1143688.8710526316,1.469927526036146
SimSearchNet++,km20_paper_exact,0.01,0.1,92,464.93865966796875,797483,1665757.7842105264,2.0887690197916777
SimSearchNet++,km20_paper_exact,0.01,0.1,93,459.4725341796875,798655,1013477.6842105263,1.2689805788613686
SimSearchNet++,km20_paper_exact,0.01,0.1,94,467.1230773925781,805916,625665.052631579,1.288094958493009
SimSearchNet++,km20_paper_exact,0.01,0.1,95,450.4296875,761684,617446.6315789474,1.2336029723770714
SimSearchNet++,km20_paper_exact,0.01,0.1,96,465.37078857421875,797003,197157.36842105264,4.042471282624887
SimSearchNet++,km20_paper_exact,0.01,0.1,97,437.6825256347656,815725,654423.2578947368,1.246479232147352
SimSearchNet++,km20_paper_exact,0.01,0.1,98,449.60650634765625,802759,785138.8657894738,1.0224420608611813
SimSearchNet++,km20_paper_exact,0.01,0.1,99,459.7096862792969,825299,480542.15789473685,1.717433083531419
SimSearchNet++,km20_paper_exact,0.01,0.2,0,460.6907958984375,779956,682871.5263157894,1.1421709207996973
SimSearchNet++,km20_paper_exact,0.01,0.2,1,464.9868469238281,806206,608845.5263157894,1.3241552498192222
SimSearchNet++,km20_paper_exact,0.01,0.2,2,429.36578369140625,811965,0.0,
SimSearchNet++,km20_paper_exact,0.01,0.2,3,458.88116455078125,801685,577616.2657894737,1.3879197098168174
SimSearchNet++,km20_paper_exact,0.01,0.2,4,457.8514709472656,815604,575868.4736842106,1.4163025712834096
SimSearchNet++,km20_paper_exact,0.01,0.2,5,452.2731018066406,791358,617446.6315789474,1.2816621866999627
SimSearchNet++,km20_paper_exact,0.01,0.2,6,456.95843505859375,793184,255280.26315789475,3.1071105544473823
SimSearchNet++,km20_paper_exact,0.01,0.2,7,454.0616455078125,780202,841929.3684210526,1.0791171625054186
SimSearchNet++,km20_paper_exact,0.01,0.2,8,453.7630615234375,836625,592301.6315789474,1.4124982194793885
SimSearchNet++,km20_paper_exact,0.01,0.2,9,464.24334716796875,803504,2121951.7894736845,2.6408727143532382
SimSearchNet++,km20_paper_exact,0.01,0.2,10,462.4942626953125,817970,239057.42105263157,3.4216465500140796
SimSearchNet++,km20_paper_exact,0.01,0.2,11,460.7634582519531,818301,933536.4736842104,1.1408228435309384
SimSearchNet++,km20_paper_exact,0.01,0.2,12,458.513916015625,817881,879637.2631578947,1.0755076388348608
SimSearchNet++,km20_paper_exact,0.01,0.2,13,454.0605773925781,818837,672662.4210526316,1.2173074849619572
SimSearchNet++,km20_paper_exact,0.01,0.2,14,460.4551696777344,810978,1286667.9368421051,1.5865633060848816
SimSearchNet++,km20_paper_exact,0.01,0.2,15,455.6313781738281,818190,653413.2105263157,1.2521785400404726
SimSearchNet++,km20_paper_exact,0.01,0.2,16,460.01300048828125,799199,0.0,
SimSearchNet++,km20_paper_exact,0.01,0.2,17,459.2112121582031,823660,671526.2894736843,1.2265491506602848
SimSearchNet++,km20_paper_exact,0.01,0.2,18,472.6457214355469,759820,0.0,
SimSearchNet++,km20_paper_exact,0.01,0.2,19,453.94488525390625,808677,1715090.0263157894,2.1208591641851933
SimSearchNet++,km20_paper_exact,0.01,0.2,20,453.7972717285156,814470,879177.9684210527,1.07944794580654
SimSearchNet++,km20_paper_exact,0.01,0.2,21,446.5522766113281,797911,842918.3631578948,1.056406495408504
SimSearchNet++,km20_paper_exact,0.01,0.2,22,464.0010070800781,793547,176156.95,4.504772590579026
SimSearchNet++,km20_paper_exact,0.01,0.2,23,454.8186340332031,788048,603445.9473684211,1.3059131533430848
SimSearchNet++,km20_paper_exact,0.01,0.2,24,473.16168212890625,817611,398649.3157894737,2.050952974497966
SimSearchNet++,km20_paper_exact,0.01,0.2,25,456.3419494628906,802078,754304.6473684211,1.0633342944369335
SimSearchNet++,km20_paper_exact,0.01,0.2,26,464.16162109375,812018,452437.6315789474,1.7947622905861405
SimSearchNet++,km20_paper_exact,0.01,0.2,27,458.9803466796875,798805,605256.2631578947,1.319779816622259
SimSearchNet++,km20_paper_exact,0.01,0.2,28,458.90631103515625,823525,239057.42105263157,3.444883644999627
SimSearchNet++,km20_paper_exact,0.01,0.2,29,459.6161193847656,797985,1182372.4157894736,1.4816975454293921
SimSearchNet++,km20_paper_exact,0.01,0.2,30,463.0507507324219,794866,393480.4421052631,2.020090238150538
SimSearchNet++,km20_paper_exact,0.01,0.2,31,472.28485107421875,813202,577918.0447368422,1.407123393024171
SimSearchNet++,km20_paper_exact,0.01,0.2,32,455.90789794921875,839852,380305.2105263158,2.2083631166601783
SimSearchNet++,km20_paper_exact,0.01,0.2,33,448.43841552734375,810858,1151892.8684210526,1.4205851929943993
SimSearchNet++,km20_paper_exact,0.01,0.2,34,445.63323974609375,821583,421354.2631578947,1.9498627920423508
SimSearchNet++,km20_paper_exact,0.01,0.2,35,458.1025695800781,810313,1092915.3157894737,1.3487569813016373
SimSearchNet++,km20_paper_exact,0.01,0.2,36,457.3247985839844,779727,557424.3184210527,1.398803342862107
SimSearchNet++,km20_paper_exact,0.01,0.2,37,463.9535217285156,779968,1088028.3157894737,1.3949653265127206
SimSearchNet++,km20_paper_exact,0.01,0.2,38,456.379150390625,830717,449467.63157894736,1.8482243027862788
SimSearchNet++,km20_paper_exact,0.01,0.2,39,459.9629821777344,809020,1106901.555263158,1.3682004836260635
SimSearchNet++,km20_paper_exact,0.01,0.2,40,461.0172424316406,812332,210332.6,3.862130739600043
SimSearchNet++,km20_paper_exact,0.01,0.2,41,459.5018615722656,812243,425697.6842105263,1.9080277627216549
SimSearchNet++,km20_paper_exact,0.01,0.2,42,467.9165954589844,797447,896258.3368421053,1.1239095975558315
SimSearchNet++,km20_paper_exact,0.01,0.2,43,457.88427734375,799257,191160.1,4.18108695276891
SimSearchNet++,km20_paper_exact,0.01,0.2,44,459.56390380859375,826497,422763.5710526316,1.9549863247254715
SimSearchNet++,km20_paper_exact,0.01,0.2,45,459.495361328125,802878,1008509.6263157895,1.2561181478578185
SimSearchNet++,km20_paper_exact,0.01,0.2,46,450.1866149902344,785736,473610.52631578944,1.6590340719667505
SimSearchNet++,km20_paper_exact,0.01,0.2,47,468.6938171386719,804578,921424.0,1.1452264416874436
SimSearchNet++,km20_paper_exact,0.01,0.2,48,461.4813232421875,786529,886901.3157894736,1.1276142593464114
SimSearchNet++,km20_paper_exact,0.01,0.2,49,455.8804626464844,797132,230993.94736842104,3.4508782982465935
SimSearchNet++,km20_paper_exact,0.01,0.2,50,460.3205261230469,811048,1004835.8421052631,1.2389351087793363
SimSearchNet++,km20_paper_exact,0.01,0.2,51,461.06280517578125,766698,777360.4210526316,1.0139069373503409
SimSearchNet++,km20_paper_exact,0.01,0.2,52,453.3376159667969,805578,367317.05000000005,2.1931407757957326
SimSearchNet++,km20_paper_exact,0.01,0.2,53,450.4808044433594,802879,607287.6,1.3220737587923745
SimSearchNet++,km20_paper_exact,0.01,0.2,54,460.39324951171875,819773,658530.547368421,1.2448518952931282
SimSearchNet++,km20_paper_exact,0.01,0.2,55,447.2884826660156,812761,608092.2105263158,1.3365752527836843
SimSearchNet++,km20_paper_exact,0.01,0.2,56,469.0072937011719,805871,645475.7894736842,1.248491443276441
SimSearchNet++,km20_paper_exact,0.01,0.2,57,454.9988708496094,812699,616192.044736842,1.3189053752667002
SimSearchNet++,km20_paper_exact,0.01,0.2,58,457.2242431640625,793446,807566.8421052631,1.0177968533526707
SimSearchNet++,km20_paper_exact,0.01,0.2,59,461.410888671875,797411,176156.95,4.526707575261719
SimSearchNet++,km20_paper_exact,0.01,0.2,60,459.6661071777344,861843,407353.5789473684,2.115712355411399
SimSearchNet++,km20_paper_exact,0.01,0.2,61,463.8576354980469,812292,761560.4105263157,1.0666153187225471
SimSearchNet++,km20_paper_exact,0.01,0.2,62,458.5019226074219,816770,452437.6315789474,1.8052653956957136
SimSearchNet++,km20_paper_exact,0.01,0.2,63,470.8662109375,809218,2067498.4657894736,2.5549338568710454
SimSearchNet++,km20_paper_exact,0.01,0.2,64,460.90130615234375,816872,621257.1578947369,1.3148693574302563
SimSearchNet++,km20_paper_exact,0.01,0.2,65,459.3930358886719,795471,1075394.5684210528,1.3518966353532094
SimSearchNet++,km20_paper_exact,0.01,0.2,66,455.562255859375,806856,709108.7894736842,1.1378451543364254
SimSearchNet++,km20_paper_exact,0.01,0.2,67,471.1730041503906,809196,1114991.147368421,1.3778999740092897
SimSearchNet++,km20_paper_exact,0.01,0.2,68,460.58642578125,816240,1092477.002631579,1.3384262014010329
SimSearchNet++,km20_paper_exact,0.01,0.2,69,457.6493835449219,812672,836603.4421052632,1.0294478487080436
SimSearchNet++,km20_paper_exact,0.01,0.2,70,455.99005126953125,811990,934370.6842105263,1.1507169844585847
SimSearchNet++,km20_paper_exact,0.01,0.2,71,460.2683410644531,840500,196092.36842105264,4.286245338193198
SimSearchNet++,km20_paper_exact,0.01,0.2,72,458.9477233886719,797751,659634.1315789474,1.2093840536881348
SimSearchNet++,km20_paper_exact,0.01,0.2,73,462.16229248046875,822257,453399.7894736842,1.8135363515596088
SimSearchNet++,km20_paper_exact,0.01,0.2,74,449.9244079589844,815620,798621.7315789474,1.0212845052280828
SimSearchNet++,km20_paper_exact,0.01,0.2,75,462.0497131347656,806815,788524.5684210525,1.0231957662594742
SimSearchNet++,km20_paper_exact,0.01,0.2,76,448.06463623046875,798827,669496.8894736842,1.1931750730432622
SimSearchNet++,km20_paper_exact,0.01,0.2,77,450.0210876464844,797837,359304.79210526316,2.220501973617605
SimSearchNet++,km20_paper_exact,0.01,0.2,78,462.8011169433594,813775,461987.8947368421,1.7614639025629517
SimSearchNet++,km20_paper_exact,0.01,0.2,79,458.7417297363281,794044,0.0,
SimSearchNet++,km20_paper_exact,0.01,0.2,80,459.2297668457031,798529,681262.2052631578,1.1721316606600014
SimSearchNet++,km20_paper_exact,0.01,0.2,81,460.25537109375,775374,600511.2105263158,1.291189883566747
SimSearchNet++,km20_paper_exact,0.01,0.2,82,437.2161560058594,814700,602855.0447368422,1.3514028075449418
SimSearchNet++,km20_paper_exact,0.01,0.2,83,464.0117492675781,807711,619362.6315789474,1.3041003102510305
SimSearchNet++,km20_paper_exact,0.01,0.2,84,452.8520812988281,807540,1014847.2131578947,1.2567144824502745
SimSearchNet++,km20_paper_exact,0.01,0.2,85,466.22845458984375,803831,1234454.7789473685,1.535714321726045
SimSearchNet++,km20_paper_exact,0.01,0.2,86,469.7104797363281,802001,830215.6078947369,1.0351802652300146
SimSearchNet++,km20_paper_exact,0.01,0.2,87,457.68212890625,823666,420082.65,1.9607236813993627
SimSearchNet++,km20_paper_exact,0.01,0.2,88,462.4499816894531,799879,507951.63157894736,1.5747148946320106
SimSearchNet++,km20_paper_exact,0.01,0.2,89,448.3302307128906,809619,549654.3631578948,1.47296019874844
SimSearchNet++,km20_paper_exact,0.01,0.2,90,448.3257751464844,813570,408968.0447368421,1.9893241305039038
SimSearchNet++,km20_paper_exact,0.01,0.2,91,449.1691589355469,778058,1875816.028947368,2.4108948548146385
SimSearchNet++,km20_paper_exact,0.01,0.2,92,464.93865966796875,797483,670914.8368421053,1.1886501180293343
SimSearchNet++,km20_paper_exact,0.01,0.2,93,459.4725341796875,798655,816423.1578947369,1.022247601147851
SimSearchNet++,km20_paper_exact,0.01,0.2,94,467.1230773925781,805916,788892.2657894737,1.0215792890217907
SimSearchNet++,km20_paper_exact,0.01,0.2,95,450.4296875,761684,598310.997368421,1.2730569943560288
SimSearchNet++,km20_paper_exact,0.01,0.2,96,465.37078857421875,797003,946605.5789473684,1.1877064188558493
SimSearchNet++,km20_paper_exact,0.01,0.2,97,437.6825256347656,815725,799785.9184210526,1.019929185062941
SimSearchNet++,km20_paper_exact,0.01,0.2,98,449.60650634765625,802759,1031360.4868421053,1.2847697588468088
SimSearchNet++,km20_paper_exact,0.01,0.2,99,459.7096862792969,825299,1483996.792105263,1.7981323036926775
SimSearchNet++,km20_paper_exact,0.01,0.3,0,460.6907958984375,779956,1107752.4736842106,1.4202755971929322
SimSearchNet++,km20_paper_exact,0.01,0.3,1,464.9868469238281,806206,667039.0,1.2086339779233297
SimSearchNet++,km20_paper_exact,0.01,0.3,2,429.36578369140625,811965,852981.0921052631,1.0505146060547723
SimSearchNet++,km20_paper_exact,0.01,0.3,3,458.88116455078125,801685,398778.39473684214,2.010352141893344
SimSearchNet++,km20_paper_exact,0.01,0.3,4,457.8514709472656,815604,866355.5157894737,1.0622256827939462
SimSearchNet++,km20_paper_exact,0.01,0.3,5,452.2731018066406,791358,450523.7894736842,1.7565287749277099
SimSearchNet++,km20_paper_exact,0.01,0.3,6,456.95843505859375,793184,1082880.6842105263,1.365232637333237
SimSearchNet++,km20_paper_exact,0.01,0.3,7,454.0616455078125,780202,837896.052631579,1.0739475836149857
SimSearchNet++,km20_paper_exact,0.01,0.3,8,453.7630615234375,836625,660461.4210526316,1.2667280379020505
SimSearchNet++,km20_paper_exact,0.01,0.3,9,464.24334716796875,803504,916619.9210526316,1.1407782923950989
SimSearchNet++,km20_paper_exact,0.01,0.3,10,462.4942626953125,817970,698490.447368421,1.1710539536821456
SimSearchNet++,km20_paper_exact,0.01,0.3,11,460.7634582519531,818301,854290.4421052631,1.0439806893860122
SimSearchNet++,km20_paper_exact,0.01,0.3,12,458.513916015625,817881,419148.89473684214,1.9512898883187972
SimSearchNet++,km20_paper_exact,0.01,0.3,13,454.0605773925781,818837,473610.52631578944,1.7289248327517615
SimSearchNet++,km20_paper_exact,0.01,0.3,14,460.4551696777344,810978,589938.4947368421,1.3746822884676453
SimSearchNet++,km20_paper_exact,0.01,0.3,15,455.6313781738281,818190,818401.894736842,1.0002589798663415
SimSearchNet++,km20_paper_exact,0.01,0.3,16,460.01300048828125,799199,191160.1,4.180783542172242
SimSearchNet++,km20_paper_exact,0.01,0.3,17,459.2112121582031,823660,641315.7815789473,1.2843282882765075
SimSearchNet++,km20_paper_exact,0.01,0.3,18,472.6457214355469,759820,843939.6236842105,1.1107099361483121
SimSearchNet++,km20_paper_exact,0.01,0.3,19,453.94488525390625,808677,1646328.6868421054,2.0358297402326335
SimSearchNet++,km20_paper_exact,0.01,0.3,20,453.7972717285156,814470,432468.86842105264,1.883303191218449
SimSearchNet++,km20_paper_exact,0.01,0.3,21,446.5522766113281,797911,1939117.6815789475,2.4302430742011922
SimSearchNet++,km20_paper_exact,0.01,0.3,22,464.0010070800781,793547,977930.9736842106,1.2323541941236127
SimSearchNet++,km20_paper_exact,0.01,0.3,23,454.8186340332031,788048,668158.1052631579,1.1794334212104227
SimSearchNet++,km20_paper_exact,0.01,0.3,24,473.16168212890625,817611,1228986.397368421,1.5031431785634257
SimSearchNet++,km20_paper_exact,0.01,0.3,25,456.3419494628906,802078,1472445.7368421052,1.8357887098787216
SimSearchNet++,km20_paper_exact,0.01,0.3,26,464.16162109375,812018,377648.8973684211,2.1501929587466093
SimSearchNet++,km20_paper_exact,0.01,0.3,27,458.9803466796875,798805,1048660.9473684211,1.3127871600308225
SimSearchNet++,km20_paper_exact,0.01,0.3,28,458.90631103515625,823525,784999.2078947369,1.049077491694016
SimSearchNet++,km20_paper_exact,0.01,0.3,29,459.6161193847656,797985,911455.5263157894,1.1421963148627974
SimSearchNet++,km20_paper_exact,0.01,0.3,30,463.0507507324219,794866,576700.7921052632,1.3782987831494358
SimSearchNet++,km20_paper_exact,0.01,0.3,31,472.28485107421875,813202,1169362.9368421051,1.4379735131518432
SimSearchNet++,km20_paper_exact,0.01,0.3,32,455.90789794921875,839852,1100770.105263158,1.310671529344644
SimSearchNet++,km20_paper_exact,0.01,0.3,33,448.43841552734375,810858,1374186.4763157894,1.6947313540913322
SimSearchNet++,km20_paper_exact,0.01,0.3,34,445.63323974609375,821583,589488.2105263158,1.393722529694804
SimSearchNet++,km20_paper_exact,0.01,0.3,35,458.1025695800781,810313,576543.6842105263,1.4054667880189844
SimSearchNet++,km20_paper_exact,0.01,0.3,36,457.3247985839844,779727,861806.2,1.1052665868951568
SimSearchNet++,km20_paper_exact,0.01,0.3,37,463.9535217285156,779968,1258100.3842105262,1.6130153855164908
SimSearchNet++,km20_paper_exact,0.01,0.3,38,456.379150390625,830717,841022.8263157894,1.0124059412721653
SimSearchNet++,km20_paper_exact,0.01,0.3,39,459.9629821777344,809020,1919636.2894736838,2.3727921305699287
SimSearchNet++,km20_paper_exact,0.01,0.3,40,461.0172424316406,812332,375208.8447368421,2.165012929185452
SimSearchNet++,km20_paper_exact,0.01,0.3,41,459.5018615722656,812243,1011070.942105263,1.244788741922384
SimSearchNet++,km20_paper_exact,0.01,0.3,42,467.9165954589844,797447,1262975.755263158,1.5837739125774601
SimSearchNet++,km20_paper_exact,0.01,0.3,43,457.88427734375,799257,406424.9684210527,1.9665548676920281
SimSearchNet++,km20_paper_exact,0.01,0.3,44,459.56390380859375,826497,1403067.636842105,1.6976076583969513
SimSearchNet++,km20_paper_exact,0.01,0.3,45,459.495361328125,802878,427086.3157894737,1.8798963355121114
SimSearchNet++,km20_paper_exact,0.01,0.3,46,450.1866149902344,785736,176156.95,4.460431450476407
SimSearchNet++,km20_paper_exact,0.01,0.3,47,468.6938171386719,804578,903956.3684210527,1.1235161394184936
SimSearchNet++,km20_paper_exact,0.01,0.3,48,461.4813232421875,786529,639961.9921052632,1.22902455099338
SimSearchNet++,km20_paper_exact,0.01,0.3,49,455.8804626464844,797132,0.0,
SimSearchNet++,km20_paper_exact,0.01,0.3,50,460.3205261230469,811048,572235.7289473685,1.4173319822093744
SimSearchNet++,km20_paper_exact,0.01,0.3,51,461.06280517578125,766698,881707.547368421,1.1500063223960686
SimSearchNet++,km20_paper_exact,0.01,0.3,52,453.3376159667969,805578,747622.2605263158,1.0775200827124707
SimSearchNet++,km20_paper_exact,0.01,0.3,53,450.4808044433594,802879,1333700.4736842106,1.6611475374050269
SimSearchNet++,km20_paper_exact,0.01,0.3,54,460.39324951171875,819773,652798.4947368421,1.2557826137918242
SimSearchNet++,km20_paper_exact,0.01,0.3,55,447.2884826660156,812761,835097.7,1.0274824948539607
SimSearchNet++,km20_paper_exact,0.01,0.3,56,469.0072937011719,805871,1022178.152631579,1.2684141166906104
SimSearchNet++,km20_paper_exact,0.01,0.3,57,454.9988708496094,812699,576955.8868421053,1.4085981589479997
SimSearchNet++,km20_paper_exact,0.01,0.3,58,457.2242431640625,793446,805783.1868421054,1.0155488676508613
SimSearchNet++,km20_paper_exact,0.01,0.3,59,461.410888671875,797411,1069811.6342105262,1.3416063162039729
SimSearchNet++,km20_paper_exact,0.01,0.3,60,459.6661071777344,861843,811667.2105263158,1.0618181796960213
SimSearchNet++,km20_paper_exact,0.01,0.3,61,463.8576354980469,812292,393480.4421052631,2.0643770644709636
SimSearchNet++,km20_paper_exact,0.01,0.3,62,458.5019226074219,816770,774942.7815789473,1.0539745893701076
SimSearchNet++,km20_paper_exact,0.01,0.3,63,470.8662109375,809218,628245.7894736842,1.28805956770188
SimSearchNet++,km20_paper_exact,0.01,0.3,64,460.90130615234375,816872,850586.1078947368,1.0412722040842834
SimSearchNet++,km20_paper_exact,0.01,0.3,65,459.3930358886719,795471,230993.94736842104,3.4436876336472704
SimSearchNet++,km20_paper_exact,0.01,0.3,66,455.562255859375,806856,789522.3131578948,1.021954651000014
SimSearchNet++,km20_paper_exact,0.01,0.3,67,471.1730041503906,809196,1433218.0842105262,1.7711630855942517
SimSearchNet++,km20_paper_exact,0.01,0.3,68,460.58642578125,816240,597333.002631579,1.36647397080693
SimSearchNet++,km20_paper_exact,0.01,0.3,69,457.6493835449219,812672,408968.0447368421,1.9871283599258434
SimSearchNet++,km20_paper_exact,0.01,0.3,70,455.99005126953125,811990,422205.2631578947,1.923211458631995
SimSearchNet++,km20_paper_exact,0.01,0.3,71,460.2683410644531,840500,1420425.4631578946,1.689976755690535
SimSearchNet++,km20_paper_exact,0.01,0.3,72,458.9477233886719,797751,1306021.3368421053,1.6371290500947104
SimSearchNet++,km20_paper_exact,0.01,0.3,73,462.16229248046875,822257,491656.7631578947,1.6724208057643124
SimSearchNet++,km20_paper_exact,0.01,0.3,74,449.9244079589844,815620,940450.7368421052,1.1530501175082823
SimSearchNet++,km20_paper_exact,0.01,0.3,75,462.0497131347656,806815,1223931.5710526316,1.5169915916940457
SimSearchNet++,km20_paper_exact,0.01,0.3,76,448.06463623046875,798827,625838.4473684211,1.2764108746577905
SimSearchNet++,km20_paper_exact,0.01,0.3,77,450.0210876464844,797837,675945.4631578948,1.1803274723860857
SimSearchNet++,km20_paper_exact,0.01,0.3,78,462.8011169433594,813775,1367786.4473684211,1.6807919232815227
SimSearchNet++,km20_paper_exact,0.01,0.3,79,458.7417297363281,794044,646616.1578947369,1.2279990073017368
SimSearchNet++,km20_paper_exact,0.01,0.3,80,459.2297668457031,798529,791301.3631578947,1.009133861229888
SimSearchNet++,km20_paper_exact,0.01,0.3,81,460.25537109375,775374,1484719.1578947369,1.9148425893758843
SimSearchNet++,km20_paper_exact,0.01,0.3,82,437.2161560058594,814700,768177.7842105264,1.0605617823708422
SimSearchNet++,km20_paper_exact,0.01,0.3,83,464.0117492675781,807711,826976.5710526316,1.0238520597746368
SimSearchNet++,km20_paper_exact,0.01,0.3,84,452.8520812988281,807540,994691.9394736843,1.2317556275524237
SimSearchNet++,km20_paper_exact,0.01,0.3,85,466.22845458984375,803831,361453.7894736842,2.2238831723702908
SimSearchNet++,km20_paper_exact,0.01,0.3,86,469.7104797363281,802001,407150.8973684211,1.9697881183208803
SimSearchNet++,km20_paper_exact,0.01,0.3,87,457.68212890625,823666,848201.8,1.029788530787965
SimSearchNet++,km20_paper_exact,0.01,0.3,88,462.4499816894531,799879,424548.4736842105,1.8840698991535405
SimSearchNet++,km20_paper_exact,0.01,0.3,89,448.3302307128906,809619,210332.6,3.849232120936079
SimSearchNet++,km20_paper_exact,0.01,0.3,90,448.3257751464844,813570,917595.3157894737,1.1278627724590062
SimSearchNet++,km20_paper_exact,0.01,0.3,91,449.1691589355469,778058,821977.047368421,1.0564470095653806
SimSearchNet++,km20_paper_exact,0.01,0.3,92,464.93865966796875,797483,374307.9421052631,2.130553243178931
SimSearchNet++,km20_paper_exact,0.01,0.3,93,459.4725341796875,798655,604510.947368421,1.3211588697884362
SimSearchNet++,km20_paper_exact,0.01,0.3,94,467.1230773925781,805916,913709.3368421053,1.1337525707916274
SimSearchNet++,km20_paper_exact,0.01,0.3,95,450.4296875,761684,668524.8947368421,1.1393502411003393
SimSearchNet++,km20_paper_exact,0.01,0.3,96,465.37078857421875,797003,255280.26315789475,3.122070582899084
SimSearchNet++,km20_paper_exact,0.01,0.3,97,437.6825256347656,815725,679405.4210526316,1.200645409534947
SimSearchNet++,km20_paper_exact,0.01,0.3,98,449.60650634765625,802759,958678.3973684211,1.194229398073919
SimSearchNet++,km20_paper_exact,0.01,0.3,99,459.7096862792969,825299,407911.88684210525,2.0232286104461017
SimSearchNet++,km20_paper_exact,0.01,0.4,0,460.6907958984375,779956,1087817.055263158,1.394715926620422
SimSearchNet++,km20_paper_exact,0.01,0.4,1,464.9868469238281,806206,1384037.8368421053,1.7167297649014088
SimSearchNet++,km20_paper_exact,0.01,0.4,2,429.36578369140625,811965,872763.7605263158,1.074878548368853
SimSearchNet++,km20_paper_exact,0.01,0.4,3,458.88116455078125,801685,670646.1,1.1953920256898534
SimSearchNet++,km20_paper_exact,0.01,0.4,4,457.8514709472656,815604,1000514.947368421,1.226716577368945
SimSearchNet++,km20_paper_exact,0.01,0.4,5,452.2731018066406,791358,653673.2105263157,1.2106324494510416
SimSearchNet++,km20_paper_exact,0.01,0.4,6,456.95843505859375,793184,675272.2105263157,1.174613715233124
SimSearchNet++,km20_paper_exact,0.01,0.4,7,454.0616455078125,780202,672962.4210526316,1.1593544833894691
SimSearchNet++,km20_paper_exact,0.01,0.4,8,453.7630615234375,836625,819458.0526315789,1.0209491471995324
SimSearchNet++,km20_paper_exact,0.01,0.4,9,464.24334716796875,803504,1747231.1315789474,2.174514540785046
SimSearchNet++,km20_paper_exact,0.01,0.4,10,462.4942626953125,817970,621805.5736842105,1.3154755033048535
SimSearchNet++,km20_paper_exact,0.01,0.4,11,460.7634582519531,818301,694266.6763157895,1.1786551593436887
SimSearchNet++,km20_paper_exact,0.01,0.4,12,458.513916015625,817881,831803.7578947368,1.0170229628695824
SimSearchNet++,km20_paper_exact,0.01,0.4,13,454.0605773925781,818837,649168.8947368421,1.2613620378899044
SimSearchNet++,km20_paper_exact,0.01,0.4,14,460.4551696777344,810978,821103.6578947369,1.0124857368445714
SimSearchNet++,km20_paper_exact,0.01,0.4,15,455.6313781738281,818190,934370.6842105263,1.141997194063147
SimSearchNet++,km20_paper_exact,0.01,0.4,16,460.01300048828125,799199,431710.47368421056,1.851238384789806
SimSearchNet++,km20_paper_exact,0.01,0.4,17,459.2112121582031,823660,449390.02105263155,1.8328399862344402
SimSearchNet++,km20_paper_exact,0.01,0.4,18,472.6457214355469,759820,390211.9947368421,1.9471979596947564
SimSearchNet++,km20_paper_exact,0.01,0.4,19,453.94488525390625,808677,1097686.7894736843,1.3573859395947756
SimSearchNet++,km20_paper_exact,0.01,0.4,20,453.7972717285156,814470,902366.8184210527,1.1079190374366799
SimSearchNet++,km20_paper_exact,0.01,0.4,21,446.5522766113281,797911,0.0,
SimSearchNet++,km20_paper_exact,0.01,0.4,22,464.0010070800781,793547,886801.0263157894,1.117515441827377
SimSearchNet++,km20_paper_exact,0.01,0.4,23,454.8186340332031,788048,528697.5789473684,1.4905458836580936
SimSearchNet++,km20_paper_exact,0.01,0.4,24,473.16168212890625,817611,1128179.8684210526,1.3798491806263034
SimSearchNet++,km20_paper_exact,0.01,0.4,25,456.3419494628906,802078,1308825.6578947369,1.6317934887813117
SimSearchNet++,km20_paper_exact,0.01,0.4,26,464.16162109375,812018,879829.4894736842,1.0835098353406996
SimSearchNet++,km20_paper_exact,0.01,0.4,27,458.9803466796875,798805,345549.7368421053,2.311693266793035
SimSearchNet++,km20_paper_exact,0.01,0.4,28,458.90631103515625,823525,201491.94736842104,4.087136040698505
SimSearchNet++,km20_paper_exact,0.01,0.4,29,459.6161193847656,797985,1667894.7315789473,2.0901329368082697
SimSearchNet++,km20_paper_exact,0.01,0.4,30,463.0507507324219,794866,996225.1342105264,1.2533246285669866
SimSearchNet++,km20_paper_exact,0.01,0.4,31,472.28485107421875,813202,1307738.1236842107,1.6081344163986449
SimSearchNet++,km20_paper_exact,0.01,0.4,32,455.90789794921875,839852,1227535.9736842106,1.4616098713633003
SimSearchNet++,km20_paper_exact,0.01,0.4,33,448.43841552734375,810858,781533.6763157895,1.037521510042213
SimSearchNet++,km20_paper_exact,0.01,0.4,34,445.63323974609375,821583,1293375.2026315788,1.5742477663627155
SimSearchNet++,km20_paper_exact,0.01,0.4,35,458.1025695800781,810313,1290712.1605263157,1.5928562919838576
SimSearchNet++,km20_paper_exact,0.01,0.4,36,457.3247985839844,779727,1048901.7815789473,1.3452166996640456
SimSearchNet++,km20_paper_exact,0.01,0.4,37,463.9535217285156,779968,1694091.8052631577,2.172001678611376
SimSearchNet++,km20_paper_exact,0.01,0.4,38,456.379150390625,830717,401459.3157894737,2.069243301444847
SimSearchNet++,km20_paper_exact,0.01,0.4,39,459.9629821777344,809020,400742.65263157897,2.018801828773063
SimSearchNet++,km20_paper_exact,0.01,0.4,40,461.0172424316406,812332,461987.8947368421,1.7583404440991277
SimSearchNet++,km20_paper_exact,0.01,0.4,41,459.5018615722656,812243,838690.2631578946,1.0325607769570124
SimSearchNet++,km20_paper_exact,0.01,0.4,42,467.9165954589844,797447,1022072.297368421,1.2816805347169418
SimSearchNet++,km20_paper_exact,0.01,0.4,43,457.88427734375,799257,1471435.0736842104,1.8410036742677391
SimSearchNet++,km20_paper_exact,0.01,0.4,44,459.56390380859375,826497,1718498.6736842105,2.079255791229987
SimSearchNet++,km20_paper_exact,0.01,0.4,45,459.495361328125,802878,786047.8894736842,1.0214110498249473
SimSearchNet++,km20_paper_exact,0.01,0.4,46,450.1866149902344,785736,902495.3368421053,1.148598685617186
SimSearchNet++,km20_paper_exact,0.01,0.4,47,468.6938171386719,804578,612564.1,1.313459277159729
SimSearchNet++,km20_paper_exact,0.01,0.4,48,461.4813232421875,786529,1576499.3157894737,2.0043753196506087
SimSearchNet++,km20_paper_exact,0.01,0.4,49,455.8804626464844,797132,1027737.5763157896,1.2892940897063343
SimSearchNet++,km20_paper_exact,0.01,0.4,50,460.3205261230469,811048,1049912.2631578948,1.2945131029950074
SimSearchNet++,km20_paper_exact,0.01,0.4,51,461.06280517578125,766698,682066.8157894737,1.1240804892590588
SimSearchNet++,km20_paper_exact,0.01,0.4,52,453.3376159667969,805578,925889.45,1.1493479836837648
SimSearchNet++,km20_paper_exact,0.01,0.4,53,450.4808044433594,802879,191160.1,4.20003442140907
SimSearchNet++,km20_paper_exact,0.01,0.4,54,460.39324951171875,819773,871732.6315789474,1.0633829506204124
SimSearchNet++,km20_paper_exact,0.01,0.4,55,447.2884826660156,812761,754001.8631578948,1.0779296971442636
SimSearchNet++,km20_paper_exact,0.01,0.4,56,469.0072937011719,805871,646969.3078947368,1.2456093205137282
SimSearchNet++,km20_paper_exact,0.01,0.4,57,454.9988708496094,812699,1516130.6473684208,1.8655500343527196
SimSearchNet++,km20_paper_exact,0.01,0.4,58,457.2242431640625,793446,366567.00263157894,2.1645319799760023
SimSearchNet++,km20_paper_exact,0.01,0.4,59,461.410888671875,797411,1338936.4605263157,1.6791045778479552
SimSearchNet++,km20_paper_exact,0.01,0.4,60,459.6661071777344,861843,1515655.6315789472,1.758621502499814
SimSearchNet++,km20_paper_exact,0.01,0.4,61,463.8576354980469,812292,970172.3157894737,1.1943639919997657
SimSearchNet++,km20_paper_exact,0.01,0.4,62,458.5019226074219,816770,990539.3684210526,1.212751898846741
SimSearchNet++,km20_paper_exact,0.01,0.4,63,470.8662109375,809218,426753.84210526315,1.896217257255292
SimSearchNet++,km20_paper_exact,0.01,0.4,64,460.90130615234375,816872,822202.1263157895,1.0065250447019722
SimSearchNet++,km20_paper_exact,0.01,0.4,65,459.3930358886719,795471,1287970.1684210529,1.6191290046036284
SimSearchNet++,km20_paper_exact,0.01,0.4,66,455.562255859375,806856,1065559.894736842,1.3206320517376609
SimSearchNet++,km20_paper_exact,0.01,0.4,67,471.1730041503906,809196,398103.7894736842,2.0326257156954046
SimSearchNet++,km20_paper_exact,0.01,0.4,68,460.58642578125,816240,780701.4447368421,1.0455213135607009
SimSearchNet++,km20_paper_exact,0.01,0.4,69,457.6493835449219,812672,851393.5736842104,1.0476472349043777
SimSearchNet++,km20_paper_exact,0.01,0.4,70,455.99005126953125,811990,422205.2631578947,1.923211458631995
SimSearchNet++,km20_paper_exact,0.01,0.4,71,460.2683410644531,840500,1007708.3631578947,1.1989391590218854
SimSearchNet++,km20_paper_exact,0.01,0.4,72,458.9477233886719,797751,620273.5736842105,1.286127660189737
SimSearchNet++,km20_paper_exact,0.01,0.4,73,462.16229248046875,822257,420298.10526315786,1.956366183200295
SimSearchNet++,km20_paper_exact,0.01,0.4,74,449.9244079589844,815620,449467.63157894736,1.8146356771783227
SimSearchNet++,km20_paper_exact,0.01,0.4,75,462.0497131347656,806815,592532.3368421053,1.361638766079691
SimSearchNet++,km20_paper_exact,0.01,0.4,76,448.06463623046875,798827,396209.2631578947,2.016174467081192
SimSearchNet++,km20_paper_exact,0.01,0.4,77,450.0210876464844,797837,1037384.3894736841,1.3002460270377083
SimSearchNet++,km20_paper_exact,0.01,0.4,78,462.8011169433594,813775,876476.3368421053,1.0770499669344786
SimSearchNet++,km20_paper_exact,0.01,0.4,79,458.7417297363281,794044,825649.1078947368,1.039802716089709
SimSearchNet++,km20_paper_exact,0.01,0.4,80,459.2297668457031,798529,830761.3631578948,1.0403646744925918
SimSearchNet++,km20_paper_exact,0.01,0.4,81,460.25537109375,775374,1194520.152631579,1.540572875324139
SimSearchNet++,km20_paper_exact,0.01,0.4,82,437.2161560058594,814700,577101.9921052632,1.4117088680078564
SimSearchNet++,km20_paper_exact,0.01,0.4,83,464.0117492675781,807711,1523840.1210526316,1.8866155358199055
SimSearchNet++,km20_paper_exact,0.01,0.4,84,452.8520812988281,807540,1330425.1210526316,1.647503679139896
SimSearchNet++,km20_paper_exact,0.01,0.4,85,466.22845458984375,803831,834848.4421052631,1.0385870190441313
SimSearchNet++,km20_paper_exact,0.01,0.4,86,469.7104797363281,802001,555797.7368421053,1.4429727701965036
SimSearchNet++,km20_paper_exact,0.01,0.4,87,457.68212890625,823666,491656.7631578947,1.6752866262016233
SimSearchNet++,km20_paper_exact,0.01,0.4,88,462.4499816894531,799879,853180.2842105263,1.0666366840616222
SimSearchNet++,km20_paper_exact,0.01,0.4,89,448.3302307128906,809619,990335.9736842106,1.223212367402705
SimSearchNet++,km20_paper_exact,0.01,0.4,90,448.3257751464844,813570,686193.6315789473,1.1856274418169064
SimSearchNet++,km20_paper_exact,0.01,0.4,91,449.1691589355469,778058,551023.2,1.4120240309300953
SimSearchNet++,km20_paper_exact,0.01,0.4,92,464.93865966796875,797483,887082.8868421053,1.112353350280953
SimSearchNet++,km20_paper_exact,0.01,0.4,93,459.4725341796875,798655,183147.84210526315,4.3607120390803065
SimSearchNet++,km20_paper_exact,0.01,0.4,94,467.1230773925781,805916,695313.2631578947,1.1590689300816475
SimSearchNet++,km20_paper_exact,0.01,0.4,95,450.4296875,761684,388317.4684210527,1.9614981605053778
SimSearchNet++,km20_paper_exact,0.01,0.4,96,465.37078857421875,797003,892283.8684210527,1.1195489457643857
SimSearchNet++,km20_paper_exact,0.01,0.4,97,437.6825256347656,815725,430217.52105263155,1.89607572932904
SimSearchNet++,km20_paper_exact,0.01,0.4,98,449.60650634765625,802759,774563.197368421,1.0364021976868696
SimSearchNet++,km20_paper_exact,0.01,0.4,99,459.7096862792969,825299,460582.2368421053,1.7918602455416128
SimSearchNet++,km20_paper_exact,0.01,0.5,0,460.6907958984375,779956,838927.1815789473,1.075608344033442
SimSearchNet++,km20_paper_exact,0.01,0.5,1,464.9868469238281,806206,1608200.2578947367,1.9947758487219602
SimSearchNet++,km20_paper_exact,0.01,0.5,2,429.36578369140625,811965,1020176.9605263157,1.2564297236042388
SimSearchNet++,km20_paper_exact,0.01,0.5,3,458.88116455078125,801685,1044040.1842105263,1.302307245627056
SimSearchNet++,km20_paper_exact,0.01,0.5,4,457.8514709472656,815604,978160.1078947369,1.1993076393626527
SimSearchNet++,km20_paper_exact,0.01,0.5,5,452.2731018066406,791358,424313.7894736842,1.8650301254210824
SimSearchNet++,km20_paper_exact,0.01,0.5,6,456.95843505859375,793184,1073971.3157894737,1.354000226668054
SimSearchNet++,km20_paper_exact,0.01,0.5,7,454.0616455078125,780202,191160.1,4.081406109329301
SimSearchNet++,km20_paper_exact,0.01,0.5,8,453.7630615234375,836625,183706.15,4.55414802389577
SimSearchNet++,km20_paper_exact,0.01,0.5,9,464.24334716796875,803504,649843.0789473684,1.2364585021072092
SimSearchNet++,km20_paper_exact,0.01,0.5,10,462.4942626953125,817970,0.0,
SimSearchNet++,km20_paper_exact,0.01,0.5,11,460.7634582519531,818301,647415.9421052631,1.2639494130142268
SimSearchNet++,km20_paper_exact,0.01,0.5,12,458.513916015625,817881,230993.94736842104,3.5407031626483723
SimSearchNet++,km20_paper_exact,0.01,0.5,13,454.0605773925781,818837,1040175.6315789474,1.2703085370824077
SimSearchNet++,km20_paper_exact,0.01,0.5,14,460.4551696777344,810978,917595.3157894737,1.1314675808585113
SimSearchNet++,km20_paper_exact,0.01,0.5,15,455.6313781738281,818190,693107.894736842,1.1804655612971324
SimSearchNet++,km20_paper_exact,0.01,0.5,16,460.01300048828125,799199,612615.3157894737,1.3045690817737343
SimSearchNet++,km20_paper_exact,0.01,0.5,17,459.2112121582031,823660,883290.0,1.0723963771459097
SimSearchNet++,km20_paper_exact,0.01,0.5,18,472.6457214355469,759820,1120475.894736842,1.4746596493075228
SimSearchNet++,km20_paper_exact,0.01,0.5,19,453.94488525390625,808677,430045.84210526315,1.8804437127938993
SimSearchNet++,km20_paper_exact,0.01,0.5,20,453.7972717285156,814470,451372.6315789474,1.8044292963685038
SimSearchNet++,km20_paper_exact,0.01,0.5,21,446.5522766113281,797911,486274.2105263158,1.6408663727742956
SimSearchNet++,km20_paper_exact,0.01,0.5,22,464.0010070800781,793547,451372.6315789474,1.7580751345603118
SimSearchNet++,km20_paper_exact,0.01,0.5,23,454.8186340332031,788048,911725.9157894737,1.1569421098581225
SimSearchNet++,km20_paper_exact,0.01,0.5,24,473.16168212890625,817611,201491.94736842104,4.057784991799333
SimSearchNet++,km20_paper_exact,0.01,0.5,25,456.3419494628906,802078,1633384.0894736843,2.0364404577530917
SimSearchNet++,km20_paper_exact,0.01,0.5,26,464.16162109375,812018,895647.8157894737,1.10299010094539
SimSearchNet++,km20_paper_exact,0.01,0.5,27,458.9803466796875,798805,430217.52105263155,1.8567467871729857
SimSearchNet++,km20_paper_exact,0.01,0.5,28,458.90631103515625,823525,1239425.5684210525,1.5050248242871225
SimSearchNet++,km20_paper_exact,0.01,0.5,29,459.6161193847656,797985,1070522.1078947368,1.3415316176303274
SimSearchNet++,km20_paper_exact,0.01,0.5,30,463.0507507324219,794866,635025.8157894737,1.2517065924505928
SimSearchNet++,km20_paper_exact,0.01,0.5,31,472.28485107421875,813202,392184.7368421053,2.0735177165433583
SimSearchNet++,km20_paper_exact,0.01,0.5,32,455.90789794921875,839852,855672.0,1.0188366521720493
SimSearchNet++,km20_paper_exact,0.01,0.5,33,448.43841552734375,810858,1054766.7473684212,1.3008032816700597
SimSearchNet++,km20_paper_exact,0.01,0.5,34,445.63323974609375,821583,1020274.7842105264,1.2418401843885845
SimSearchNet++,km20_paper_exact,0.01,0.5,35,458.1025695800781,810313,605060.4131578947,1.3392266001519804
SimSearchNet++,km20_paper_exact,0.01,0.5,36,457.3247985839844,779727,431437.2131578948,1.8072780377306958
SimSearchNet++,km20_paper_exact,0.01,0.5,37,463.9535217285156,779968,631709.4684210527,1.2346941734932628
SimSearchNet++,km20_paper_exact,0.01,0.5,38,456.379150390625,830717,597551.6842105263,1.390201085446738
SimSearchNet++,km20_paper_exact,0.01,0.5,39,459.9629821777344,809020,1001506.8421052631,1.2379259376841898
SimSearchNet++,km20_paper_exact,0.01,0.5,40,461.0172424316406,812332,612371.7394736842,1.3265341093274092
SimSearchNet++,km20_paper_exact,0.01,0.5,41,459.5018615722656,812243,1246500.7315789473,1.5346401650478334
SimSearchNet++,km20_paper_exact,0.01,0.5,42,467.9165954589844,797447,1352257.4421052632,1.6957333115621016
SimSearchNet++,km20_paper_exact,0.01,0.5,43,457.88427734375,799257,1071247.0789473685,1.340303655704446
SimSearchNet++,km20_paper_exact,0.01,0.5,44,459.56390380859375,826497,510560.5263157895,1.6188031729832537
SimSearchNet++,km20_paper_exact,0.01,0.5,45,459.495361328125,802878,802497.8421052631,1.0004737182765995
SimSearchNet++,km20_paper_exact,0.01,0.5,46,450.1866149902344,785736,1016912.847368421,1.2942169473823537
SimSearchNet++,km20_paper_exact,0.01,0.5,47,468.6938171386719,804578,578292.105263158,1.3913003353795885
SimSearchNet++,km20_paper_exact,0.01,0.5,48,461.4813232421875,786529,669422.0526315789,1.1749373910047625
SimSearchNet++,km20_paper_exact,0.01,0.5,49,455.8804626464844,797132,1036418.0,1.3001836584154194
SimSearchNet++,km20_paper_exact,0.01,0.5,50,460.3205261230469,811048,788892.2657894737,1.0280846132879173
SimSearchNet++,km20_paper_exact,0.01,0.5,51,461.06280517578125,766698,606082.0,1.2650070452513027
SimSearchNet++,km20_paper_exact,0.01,0.5,52,453.3376159667969,805578,1059708.8842105262,1.3154640322979603
SimSearchNet++,km20_paper_exact,0.01,0.5,53,450.4808044433594,802879,605301.8894736841,1.3264108603693787
SimSearchNet++,km20_paper_exact,0.01,0.5,54,460.39324951171875,819773,545159.9394736842,1.5037293473754447
SimSearchNet++,km20_paper_exact,0.01,0.5,55,447.2884826660156,812761,1246795.3710526316,1.5340246038535703
SimSearchNet++,km20_paper_exact,0.01,0.5,56,469.0072937011719,805871,838473.1499999999,1.0404557925524058
SimSearchNet++,km20_paper_exact,0.01,0.5,57,454.9988708496094,812699,1251418.2684210525,1.5398299597034726
SimSearchNet++,km20_paper_exact,0.01,0.5,58,457.2242431640625,793446,535461.7421052632,1.4817977412922645
SimSearchNet++,km20_paper_exact,0.01,0.5,59,461.410888671875,797411,619362.6315789474,1.2874703111602843
SimSearchNet++,km20_paper_exact,0.01,0.5,60,459.6661071777344,861843,856799.6842105263,1.0058862250796938
SimSearchNet++,km20_paper_exact,0.01,0.5,61,463.8576354980469,812292,747563.0526315789,1.086586605826173
SimSearchNet++,km20_paper_exact,0.01,0.5,62,458.5019226074219,816770,611751.4447368422,1.335133749216319
SimSearchNet++,km20_paper_exact,0.01,0.5,63,470.8662109375,809218,778110.4684210527,1.0399782972231064
SimSearchNet++,km20_paper_exact,0.01,0.5,64,460.90130615234375,816872,0.0,
SimSearchNet++,km20_paper_exact,0.01,0.5,65,459.3930358886719,795471,1745613.6500000001,2.1944403378627255
SimSearchNet++,km20_paper_exact,0.01,0.5,66,455.562255859375,806856,191160.1,4.220838972149522
SimSearchNet++,km20_paper_exact,0.01,0.5,67,471.1730041503906,809196,771892.2578947367,1.0483276541819524
SimSearchNet++,km20_paper_exact,0.01,0.5,68,460.58642578125,816240,223056.52631578947,3.6593414838910316
SimSearchNet++,km20_paper_exact,0.01,0.5,69,457.6493835449219,812672,644870.9368421052,1.2602087542968003
SimSearchNet++,km20_paper_exact,0.01,0.5,70,455.99005126953125,811990,1243856.9157894736,1.5318623576515396
SimSearchNet++,km20_paper_exact,0.01,0.5,71,460.2683410644531,840500,1174250.5263157897,1.3970856946053416
SimSearchNet++,km20_paper_exact,0.01,0.5,72,458.9477233886719,797751,670914.8368421053,1.189049572602826
SimSearchNet++,km20_paper_exact,0.01,0.5,73,462.16229248046875,822257,670494.6342105264,1.2263438930695787
SimSearchNet++,km20_paper_exact,0.01,0.5,74,449.9244079589844,815620,639446.0736842105,1.2755102166798082
SimSearchNet++,km20_paper_exact,0.01,0.5,75,462.0497131347656,806815,623911.2105263157,1.2931567607502856
SimSearchNet++,km20_paper_exact,0.01,0.5,76,448.06463623046875,798827,827919.7368421053,1.0364193208818746
SimSearchNet++,km20_paper_exact,0.01,0.5,77,450.0210876464844,797837,619174.1052631579,1.2885503337722883
SimSearchNet++,km20_paper_exact,0.01,0.5,78,462.8011169433594,813775,183147.84210526315,4.443268294323051
SimSearchNet++,km20_paper_exact,0.01,0.5,79,458.7417297363281,794044,435594.4947368421,1.822897234915032
SimSearchNet++,km20_paper_exact,0.01,0.5,80,459.2297668457031,798529,1421809.2578947367,1.7805355320780294
SimSearchNet++,km20_paper_exact,0.01,0.5,81,460.25537109375,775374,224205.73684210525,3.4583147198684294
SimSearchNet++,km20_paper_exact,0.01,0.5,82,437.2161560058594,814700,590857.047368421,1.3788445168396286
SimSearchNet++,km20_paper_exact,0.01,0.5,83,464.0117492675781,807711,422108.4210526316,1.9135154849215592
SimSearchNet++,km20_paper_exact,0.01,0.5,84,452.8520812988281,807540,176156.95,4.5842074354716065
SimSearchNet++,km20_paper_exact,0.01,0.5,85,466.22845458984375,803831,429113.4736842105,1.873236449787052
SimSearchNet++,km20_paper_exact,0.01,0.5,86,469.7104797363281,802001,1012379.4210526316,1.2623169061542712
SimSearchNet++,km20_paper_exact,0.01,0.5,87,457.68212890625,823666,412533.45,1.996604154160105
SimSearchNet++,km20_paper_exact,0.01,0.5,88,462.4499816894531,799879,191160.1,4.184340769857308
SimSearchNet++,km20_paper_exact,0.01,0.5,89,448.3302307128906,809619,451372.6315789474,1.7936820785253866
SimSearchNet++,km20_paper_exact,0.01,0.5,90,448.3257751464844,813570,894008.7368421053,1.0988713163490607
SimSearchNet++,km20_paper_exact,0.01,0.5,91,449.1691589355469,778058,374866.25,2.0755616169767217
SimSearchNet++,km20_paper_exact,0.01,0.5,92,464.93865966796875,797483,1040649.8421052631,1.304917900576267
SimSearchNet++,km20_paper_exact,0.01,0.5,93,459.4725341796875,798655,1313524.8368421053,1.6446711494225983
SimSearchNet++,km20_paper_exact,0.01,0.5,94,467.1230773925781,805916,455199.6842105263,1.770466957589694
SimSearchNet++,km20_paper_exact,0.01,0.5,95,450.4296875,761684,1405401.994736842,1.8451247429863855
SimSearchNet++,km20_paper_exact,0.01,0.5,96,465.37078857421875,797003,234553.1052631579,3.397963966862852
SimSearchNet++,km20_paper_exact,0.01,0.5,97,437.6825256347656,815725,764145.8763157894,1.0674990538886258
SimSearchNet++,km20_paper_exact,0.01,0.5,98,449.60650634765625,802759,236376.5,3.3961032505346345
SimSearchNet++,km20_paper_exact,0.01,0.5,99,459.7096862792969,825299,629396.4657894737,1.311254582538526
SimSearchNet++,km20_paper_exact,0.1,0.1,0,479.7530517578125,7993318,9153323.631578946,1.1451219170285665
SimSearchNet++,km20_paper_exact,0.1,0.1,1,484.0361633300781,7977324,7814046.936842106,1.0208953266441319
SimSearchNet++,km20_paper_exact,0.1,0.1,2,448.38922119140625,8004845,11510909.602631578,1.4379928159297999
SimSearchNet++,km20_paper_exact,0.1,0.1,3,478.41290283203125,7988994,6615325.505263158,1.2076494185575526
SimSearchNet++,km20_paper_exact,0.1,0.1,4,476.8364562988281,8001522,8735385.034210527,1.0917154304156793
SimSearchNet++,km20_paper_exact,0.1,0.1,5,471.9246826171875,7960990,9301331.984210528,1.1683637316728859
SimSearchNet++,km20_paper_exact,0.1,0.1,6,475.9012451171875,8020649,6051696.4236842105,1.3253554769551892
SimSearchNet++,km20_paper_exact,0.1,0.1,7,472.9196472167969,8004833,10928870.93157895,1.3652840642120765
SimSearchNet++,km20_paper_exact,0.1,0.1,8,472.3377990722656,8079063,8374147.102631578,1.0365245453131853
SimSearchNet++,km20_paper_exact,0.1,0.1,9,483.9204406738281,8018589,8099785.768421053,1.0101260668704997
SimSearchNet++,km20_paper_exact,0.1,0.1,10,481.590087890625,8038227,6471496.878947369,1.242097021811045
SimSearchNet++,km20_paper_exact,0.1,0.1,11,480.0854187011719,7990188,8328224.205263157,1.0423064144752485
SimSearchNet++,km20_paper_exact,0.1,0.1,12,477.7049255371094,7979432,5637522.92631579,1.4154145542809675
SimSearchNet++,km20_paper_exact,0.1,0.1,13,473.4278259277344,8049578,6504400.026315791,1.2375588782105436
SimSearchNet++,km20_paper_exact,0.1,0.1,14,479.80194091796875,7982567,9083671.81842105,1.1379386879460016
SimSearchNet++,km20_paper_exact,0.1,0.1,15,475.106201171875,8015114,7680576.768421053,1.0435562642840064
SimSearchNet++,km20_paper_exact,0.1,0.1,16,479.8009948730469,7969810,6280629.228947369,1.2689508820656392
SimSearchNet++,km20_paper_exact,0.1,0.1,17,478.12445068359375,8033688,8863317.181578945,1.1032687828527752
SimSearchNet++,km20_paper_exact,0.1,0.1,18,492.5605773925781,8019339,7386979.373684212,1.0856046286752257
SimSearchNet++,km20_paper_exact,0.1,0.1,19,472.4584655761719,7985233,8719825.386842107,1.0919938575170076
SimSearchNet++,km20_paper_exact,0.1,0.1,20,472.70489501953125,8039649,8306585.62631579,1.033202522437956
SimSearchNet++,km20_paper_exact,0.1,0.1,21,465.06549072265625,8055297,8361635.444736841,1.0380294413398836
SimSearchNet++,km20_paper_exact,0.1,0.1,22,483.519287109375,8035650,8408072.726315789,1.046346310045334
SimSearchNet++,km20_paper_exact,0.1,0.1,23,473.9989318847656,8028704,8801794.107894737,1.096290772196202
SimSearchNet++,km20_paper_exact,0.1,0.1,24,492.5118408203125,8058041,9178721.768421052,1.139076081695421
SimSearchNet++,km20_paper_exact,0.1,0.1,25,475.51025390625,8012354,6929083.489473684,1.156336766929128
SimSearchNet++,km20_paper_exact,0.1,0.1,26,483.1965637207031,8099777,7923961.128947368,1.0221878765167527
SimSearchNet++,km20_paper_exact,0.1,0.1,27,478.106689453125,8059613,7004256.549999999,1.150673585764074
SimSearchNet++,km20_paper_exact,0.1,0.1,28,479.3944091796875,8076773,8909297.178947369,1.1030763374119055
SimSearchNet++,km20_paper_exact,0.1,0.1,29,480.3946228027344,8036864,9177586.02631579,1.1419362112281344
SimSearchNet++,km20_paper_exact,0.1,0.1,30,482.3453063964844,7968160,8165445.602631579,1.0247592421125553
SimSearchNet++,km20_paper_exact,0.1,0.1,31,492.47833251953125,8024036,9487896.489473686,1.1824344369184892
SimSearchNet++,km20_paper_exact,0.1,0.1,32,474.6556701660156,7970639,9784278.173684211,1.2275399969418024
SimSearchNet++,km20_paper_exact,0.1,0.1,33,471.47314453125,8076723,8322383.107894737,1.030415814420618
SimSearchNet++,km20_paper_exact,0.1,0.1,34,464.93646240234375,8020687,6930062.265789473,1.1573758925074078
SimSearchNet++,km20_paper_exact,0.1,0.1,35,477.7457580566406,8110653,7369195.0394736845,1.1006158687013488
SimSearchNet++,km20_paper_exact,0.1,0.1,36,477.0386962890625,7896687,8098827.431578948,1.0255981314162443
SimSearchNet++,km20_paper_exact,0.1,0.1,37,484.1125793457031,7999067,8898249.250000002,1.1124108911701829
SimSearchNet++,km20_paper_exact,0.1,0.1,38,476.4031982421875,8101067,7054384.55,1.1483733191154146
SimSearchNet++,km20_paper_exact,0.1,0.1,39,479.6820983886719,8001025,7741777.371052633,1.0334868359708616
SimSearchNet++,km20_paper_exact,0.1,0.1,40,480.0729064941406,7982781,6869109.805263158,1.1621274410089557
SimSearchNet++,km20_paper_exact,0.1,0.1,41,478.6293029785156,8001405,6867120.444736843,1.1651761556232068
SimSearchNet++,km20_paper_exact,0.1,0.1,42,486.9096374511719,8077279,7393666.855263158,1.0924591489066369
SimSearchNet++,km20_paper_exact,0.1,0.1,43,477.103759765625,7913700,10879530.544736844,1.3747716674547739
SimSearchNet++,km20_paper_exact,0.1,0.1,44,479.1272277832031,8145548,7889830.597368421,1.0324110130725583
SimSearchNet++,km20_paper_exact,0.1,0.1,45,479.39544677734375,8097315,6566564.623684212,1.2331128168288628
SimSearchNet++,km20_paper_exact,0.1,0.1,46,469.54339599609375,7992472,6253697.2473684205,1.278039483501262
SimSearchNet++,km20_paper_exact,0.1,0.1,47,487.87591552734375,8076670,9229968.415789472,1.1427938018749648
SimSearchNet++,km20_paper_exact,0.1,0.1,48,480.8045349121094,7969868,7039362.128947368,1.1321861063556018
SimSearchNet++,km20_paper_exact,0.1,0.1,49,475.7457275390625,8009675,8263404.228947368,1.0316778432267686
SimSearchNet++,km20_paper_exact,0.1,0.1,50,479.1345520019531,8011508,5553916.628947368,1.442496986404785
SimSearchNet++,km20_paper_exact,0.1,0.1,51,480.91259765625,7844958,7243208.313157894,1.0830777827760356
SimSearchNet++,km20_paper_exact,0.1,0.1,52,476.48052978515625,8012632,6076095.934210526,1.3187138726507106
SimSearchNet++,km20_paper_exact,0.1,0.1,53,469.775390625,7971398,7074694.794736842,1.1267479702347376
SimSearchNet++,km20_paper_exact,0.1,0.1,54,479.8812255859375,8075361,8600962.707894737,1.0650870850101608
SimSearchNet++,km20_paper_exact,0.1,0.1,55,466.1416015625,8066447,8202157.465789474,1.0168240696045574
SimSearchNet++,km20_paper_exact,0.1,0.1,56,488.4505310058594,8018018,6567442.886842106,1.2208736548077375
SimSearchNet++,km20_paper_exact,0.1,0.1,57,474.54083251953125,7976992,7414216.278947369,1.075904950689209
SimSearchNet++,km20_paper_exact,0.1,0.1,58,476.4651184082031,7938300,5780301.5394736845,1.3733366582676254
SimSearchNet++,km20_paper_exact,0.1,0.1,59,481.9884948730469,8052095,9322621.328947367,1.1577882934748494
SimSearchNet++,km20_paper_exact,0.1,0.1,60,478.4473876953125,8093354,8645359.107894737,1.068204740320853
SimSearchNet++,km20_paper_exact,0.1,0.1,61,483.0672912597656,7922787,8688619.786842104,1.0966620441572017
SimSearchNet++,km20_paper_exact,0.1,0.1,62,477.4609069824219,8080763,7577095.178947369,1.066472415768519
SimSearchNet++,km20_paper_exact,0.1,0.1,63,490.4701843261719,7978877,8833077.831578948,1.1070577766243228
SimSearchNet++,km20_paper_exact,0.1,0.1,64,479.9686584472656,8067879,6444819.221052632,1.2518394579083747
SimSearchNet++,km20_paper_exact,0.1,0.1,65,478.7118225097656,8047271,9629588.25,1.1966278071162262
SimSearchNet++,km20_paper_exact,0.1,0.1,66,474.7693176269531,8014479,8712184.642105263,1.087055645426891
SimSearchNet++,km20_paper_exact,0.1,0.1,67,490.1316223144531,7982543,8434450.821052633,1.0566120121185232
SimSearchNet++,km20_paper_exact,0.1,0.1,68,480.6744384765625,7999569,6753687.32631579,1.1844742898934073
SimSearchNet++,km20_paper_exact,0.1,0.1,69,477.1142272949219,7998069,7119611.647368421,1.123385571593119
SimSearchNet++,km20_paper_exact,0.1,0.1,70,475.3893127441406,8039059,7971711.294736843,1.0084483372231032
SimSearchNet++,km20_paper_exact,0.1,0.1,71,479.5216369628906,7966283,6412081.584210527,1.2423864068755186
SimSearchNet++,km20_paper_exact,0.1,0.1,72,478.53839111328125,7998297,9556867.673684211,1.1948628156324042
SimSearchNet++,km20_paper_exact,0.1,0.1,73,481.614990234375,7988258,8047604.739473684,1.0074292467110706
SimSearchNet++,km20_paper_exact,0.1,0.1,74,468.92633056640625,7968108,6710899.671052633,1.1873382691698278
SimSearchNet++,km20_paper_exact,0.1,0.1,75,481.2452697753906,8019508,7146987.544736844,1.1220822689002299
SimSearchNet++,km20_paper_exact,0.1,0.1,76,467.2332458496094,8013061,8314400.713157895,1.0376060675387215
SimSearchNet++,km20_paper_exact,0.1,0.1,77,468.93701171875,7971717,6305935.544736844,1.2641608756457203
SimSearchNet++,km20_paper_exact,0.1,0.1,78,481.6636962890625,7998094,8400222.05263158,1.0502779853089472
SimSearchNet++,km20_paper_exact,0.1,0.1,79,477.87646484375,7976679,10467496.27894737,1.3122624439252688
SimSearchNet++,km20_paper_exact,0.1,0.1,80,477.82415771484375,7958855,9042322.810526317,1.1361336285843022
SimSearchNet++,km20_paper_exact,0.1,0.1,81,479.4382019042969,7983887,8776204.023684211,1.0992395087360594
SimSearchNet++,km20_paper_exact,0.1,0.1,82,455.4425354003906,8047004,6164566.334210526,1.3053641673612635
SimSearchNet++,km20_paper_exact,0.1,0.1,83,483.16766357421875,8041746,8251904.321052632,1.026133419415713
SimSearchNet++,km20_paper_exact,0.1,0.1,84,473.7055969238281,8097382,6538765.742105264,1.238365514130334
SimSearchNet++,km20_paper_exact,0.1,0.1,85,486.1419677734375,8095273,10358712.097368423,1.2796000946933381
SimSearchNet++,km20_paper_exact,0.1,0.1,86,488.9467468261719,8027942,9398604.307894737,1.1707364487554515
SimSearchNet++,km20_paper_exact,0.1,0.1,87,477.1330261230469,8052360,8899463.165789474,1.1051993658740387
SimSearchNet++,km20_paper_exact,0.1,0.1,88,481.7591857910156,8052248,9242743.836842105,1.1478463948008188
SimSearchNet++,km20_paper_exact,0.1,0.1,89,467.27081298828125,8037760,8550235.118421052,1.0637584499190138
SimSearchNet++,km20_paper_exact,0.1,0.1,90,467.7979431152344,7988585,8554365.421052631,1.0708236090687688
SimSearchNet++,km20_paper_exact,0.1,0.1,91,468.40155029296875,8071817,6980428.373684211,1.156349806615058
SimSearchNet++,km20_paper_exact,0.1,0.1,92,484.6999206542969,8159303,11422259.634210527,1.3999062952081234
SimSearchNet++,km20_paper_exact,0.1,0.1,93,478.1463317871094,8047287,10784631.023684211,1.3401573752351832
SimSearchNet++,km20_paper_exact,0.1,0.1,94,486.2437744140625,8042878,9198534.468421051,1.1436869325160783
SimSearchNet++,km20_paper_exact,0.1,0.1,95,469.9468078613281,8034343,8795772.660526317,1.094771863800975
SimSearchNet++,km20_paper_exact,0.1,0.1,96,485.1051330566406,8033221,6045807.2526315795,1.3287259524364348
SimSearchNet++,km20_paper_exact,0.1,0.1,97,459.36260986328125,8115089,9490655.065789474,1.1695072063645235
SimSearchNet++,km20_paper_exact,0.1,0.1,98,467.9112243652344,8034547,8487413.486842105,1.0563649060540818
SimSearchNet++,km20_paper_exact,0.1,0.1,99,478.9957275390625,8024441,9233259.839473685,1.1506421244138607
SimSearchNet++,km20_paper_exact,0.1,0.2,0,479.7530517578125,7993318,7469524.876315789,1.070124021588715
SimSearchNet++,km20_paper_exact,0.1,0.2,1,484.0361633300781,7977324,8677457.818421053,1.0877654986084373
SimSearchNet++,km20_paper_exact,0.1,0.2,2,448.38922119140625,8004845,5989588.27368421,1.3364599759168756
SimSearchNet++,km20_paper_exact,0.1,0.2,3,478.41290283203125,7988994,9016195.578947369,1.128577087296269
SimSearchNet++,km20_paper_exact,0.1,0.2,4,476.8364562988281,8001522,7959860.065789473,1.0052340033450569
SimSearchNet++,km20_paper_exact,0.1,0.2,5,471.9246826171875,7960990,8001411.2526315795,1.005077415325428
SimSearchNet++,km20_paper_exact,0.1,0.2,6,475.9012451171875,8020649,7270088.739473684,1.1032394909364824
SimSearchNet++,km20_paper_exact,0.1,0.2,7,472.9196472167969,8004833,6960628.75,1.150015794191006
SimSearchNet++,km20_paper_exact,0.1,0.2,8,472.3377990722656,8079063,8263137.536842105,1.022784144255603
SimSearchNet++,km20_paper_exact,0.1,0.2,9,483.9204406738281,8018589,8315661.755263157,1.0370480087286127
SimSearchNet++,km20_paper_exact,0.1,0.2,10,481.590087890625,8038227,8224045.905263157,1.023116901931627
SimSearchNet++,km20_paper_exact,0.1,0.2,11,480.0854187011719,7990188,8407165.960526315,1.0521862515032583
SimSearchNet++,km20_paper_exact,0.1,0.2,12,477.7049255371094,7979432,6626732.044736843,1.2041277580157348
SimSearchNet++,km20_paper_exact,0.1,0.2,13,473.4278259277344,8049578,7680071.978947369,1.0481123122368543
SimSearchNet++,km20_paper_exact,0.1,0.2,14,479.80194091796875,7982567,8967285.702631578,1.123358651750944
SimSearchNet++,km20_paper_exact,0.1,0.2,15,475.106201171875,8015114,7838110.692105262,1.022582394514155
SimSearchNet++,km20_paper_exact,0.1,0.2,16,479.8009948730469,7969810,7457152.371052631,1.0687471039129381
SimSearchNet++,km20_paper_exact,0.1,0.2,17,478.12445068359375,8033688,11160990.32631579,1.3892735598290338
SimSearchNet++,km20_paper_exact,0.1,0.2,18,492.5605773925781,8019339,5854641.1315789465,1.369740487891741
SimSearchNet++,km20_paper_exact,0.1,0.2,19,472.4584655761719,7985233,7623288.70263158,1.047478760347024
SimSearchNet++,km20_paper_exact,0.1,0.2,20,472.70489501953125,8039649,8172124.489473686,1.016477770294908
SimSearchNet++,km20_paper_exact,0.1,0.2,21,465.06549072265625,8055297,8319984.176315789,1.0328587730925116
SimSearchNet++,km20_paper_exact,0.1,0.2,22,483.519287109375,8035650,9276891.307894738,1.1544668207170221
SimSearchNet++,km20_paper_exact,0.1,0.2,23,473.9989318847656,8028704,5756758.023684209,1.3946571954160045
SimSearchNet++,km20_paper_exact,0.1,0.2,24,492.5118408203125,8058041,8626884.02368421,1.070593215358945
SimSearchNet++,km20_paper_exact,0.1,0.2,25,475.51025390625,8012354,7432363.471052631,1.0780358133999097
SimSearchNet++,km20_paper_exact,0.1,0.2,26,483.1965637207031,8099777,9143632.986842107,1.1288746575173745
SimSearchNet++,km20_paper_exact,0.1,0.2,27,478.106689453125,8059613,8244216.373684211,1.0229047441464263
SimSearchNet++,km20_paper_exact,0.1,0.2,28,479.3944091796875,8076773,4589959.67631579,1.7596609925956823
SimSearchNet++,km20_paper_exact,0.1,0.2,29,480.3946228027344,8036864,8287380.742105263,1.0311709569933327
SimSearchNet++,km20_paper_exact,0.1,0.2,30,482.3453063964844,7968160,7384406.978947369,1.0790521192449016
SimSearchNet++,km20_paper_exact,0.1,0.2,31,492.47833251953125,8024036,8370975.186842105,1.0432374913126143
SimSearchNet++,km20_paper_exact,0.1,0.2,32,474.6556701660156,7970639,8468691.821052631,1.062485933819438
SimSearchNet++,km20_paper_exact,0.1,0.2,33,471.47314453125,8076723,8694735.934210526,1.0765177825475165
SimSearchNet++,km20_paper_exact,0.1,0.2,34,464.93646240234375,8020687,7342978.768421053,1.0922933666230215
SimSearchNet++,km20_paper_exact,0.1,0.2,35,477.7457580566406,8110653,7175581.715789473,1.130312958760257
SimSearchNet++,km20_paper_exact,0.1,0.2,36,477.0386962890625,7896687,6615771.357894738,1.1936154641403558
SimSearchNet++,km20_paper_exact,0.1,0.2,37,484.1125793457031,7999067,8775952.984210525,1.0971220748882995
SimSearchNet++,km20_paper_exact,0.1,0.2,38,476.4031982421875,8101067,6303307.834210526,1.2852088479690502
SimSearchNet++,km20_paper_exact,0.1,0.2,39,479.6820983886719,8001025,7534452.181578948,1.0619252478052459
SimSearchNet++,km20_paper_exact,0.1,0.2,40,480.0729064941406,7982781,8508807.936842104,1.0658951982826668
SimSearchNet++,km20_paper_exact,0.1,0.2,41,478.6293029785156,8001405,6979465.39736842,1.146420899660438
SimSearchNet++,km20_paper_exact,0.1,0.2,42,486.9096374511719,8077279,8749780.747368421,1.0832584521802975
SimSearchNet++,km20_paper_exact,0.1,0.2,43,477.103759765625,7913700,7693476.518421054,1.0286247031561933
SimSearchNet++,km20_paper_exact,0.1,0.2,44,479.1272277832031,8145548,8074289.89736842,1.0088253089172343
SimSearchNet++,km20_paper_exact,0.1,0.2,45,479.39544677734375,8097315,7496271.068421053,1.0801790551719663
SimSearchNet++,km20_paper_exact,0.1,0.2,46,469.54339599609375,7992472,7695101.536842106,1.0386441246725808
SimSearchNet++,km20_paper_exact,0.1,0.2,47,487.87591552734375,8076670,9898605.81842105,1.2255800742658858
SimSearchNet++,km20_paper_exact,0.1,0.2,48,480.8045349121094,7969868,8979133.4,1.1266351462784578
SimSearchNet++,km20_paper_exact,0.1,0.2,49,475.7457275390625,8009675,7006165.589473684,1.1432323283985786
SimSearchNet++,km20_paper_exact,0.1,0.2,50,479.1345520019531,8011508,7295437.244736843,1.0981532334857316
SimSearchNet++,km20_paper_exact,0.1,0.2,51,480.91259765625,7844958,8804047.67631579,1.1222555527149782
SimSearchNet++,km20_paper_exact,0.1,0.2,52,476.48052978515625,8012632,5987146.415789474,1.3383056707731178
SimSearchNet++,km20_paper_exact,0.1,0.2,53,469.775390625,7971398,7015839.378947368,1.1362001849586245
SimSearchNet++,km20_paper_exact,0.1,0.2,54,479.8812255859375,8075361,8404638.073684212,1.0407755236805156
SimSearchNet++,km20_paper_exact,0.1,0.2,55,466.1416015625,8066447,5894250.3263157895,1.3685280660690815
SimSearchNet++,km20_paper_exact,0.1,0.2,56,488.4505310058594,8018018,8666264.076315789,1.0808486681266853
SimSearchNet++,km20_paper_exact,0.1,0.2,57,474.54083251953125,7976992,7030876.681578948,1.134565767722807
SimSearchNet++,km20_paper_exact,0.1,0.2,58,476.4651184082031,7938300,7877260.331578948,1.0077488448840966
SimSearchNet++,km20_paper_exact,0.1,0.2,59,481.9884948730469,8052095,9366069.376315791,1.163184162173421
SimSearchNet++,km20_paper_exact,0.1,0.2,60,478.4473876953125,8093354,8238405.207894736,1.0179222616352548
SimSearchNet++,km20_paper_exact,0.1,0.2,61,483.0672912597656,7922787,5759805.089473684,1.3755304002351167
SimSearchNet++,km20_paper_exact,0.1,0.2,62,477.4609069824219,8080763,7393085.9421052635,1.0930162402114472
SimSearchNet++,km20_paper_exact,0.1,0.2,63,490.4701843261719,7978877,9398652.484210527,1.1779417685233808
SimSearchNet++,km20_paper_exact,0.1,0.2,64,479.9686584472656,8067879,6863735.2894736845,1.175435627940519
SimSearchNet++,km20_paper_exact,0.1,0.2,65,478.7118225097656,8047271,9009970.334210528,1.1196305348994122
SimSearchNet++,km20_paper_exact,0.1,0.2,66,474.7693176269531,8014479,6353720.063157894,1.261383712271498
SimSearchNet++,km20_paper_exact,0.1,0.2,67,490.1316223144531,7982543,7659370.639473686,1.0421930698667066
SimSearchNet++,km20_paper_exact,0.1,0.2,68,480.6744384765625,7999569,9742030.67631579,1.2178194445620496
SimSearchNet++,km20_paper_exact,0.1,0.2,69,477.1142272949219,7998069,9663699.407894738,1.2082540683125813
SimSearchNet++,km20_paper_exact,0.1,0.2,70,475.3893127441406,8039059,8481653.176315788,1.0550554705862698
SimSearchNet++,km20_paper_exact,0.1,0.2,71,479.5216369628906,7966283,7551327.605263158,1.0549513166992814
SimSearchNet++,km20_paper_exact,0.1,0.2,72,478.53839111328125,7998297,9618404.957894737,1.2025566139760422
SimSearchNet++,km20_paper_exact,0.1,0.2,73,481.614990234375,7988258,6817395.52631579,1.1717463024060393
SimSearchNet++,km20_paper_exact,0.1,0.2,74,468.92633056640625,7968108,8231346.7894736845,1.033036548886346
SimSearchNet++,km20_paper_exact,0.1,0.2,75,481.2452697753906,8019508,9546100.884210525,1.190359917866598
SimSearchNet++,km20_paper_exact,0.1,0.2,76,467.2332458496094,8013061,6474099.9236842105,1.2377104299372652
SimSearchNet++,km20_paper_exact,0.1,0.2,77,468.93701171875,7971717,8763486.563157894,1.0993223371022696
SimSearchNet++,km20_paper_exact,0.1,0.2,78,481.6636962890625,7998094,6418497.542105262,1.246100656350276
SimSearchNet++,km20_paper_exact,0.1,0.2,79,477.87646484375,7976679,7935263.34736842,1.0052191906958343
SimSearchNet++,km20_paper_exact,0.1,0.2,80,477.82415771484375,7958855,6192545.828947369,1.2852315057235313
SimSearchNet++,km20_paper_exact,0.1,0.2,81,479.4382019042969,7983887,10962982.25,1.3731384537381353
SimSearchNet++,km20_paper_exact,0.1,0.2,82,455.4425354003906,8047004,7387616.278947367,1.0892558162409847
SimSearchNet++,km20_paper_exact,0.1,0.2,83,483.16766357421875,8041746,9018549.92368421,1.1214666471291446
SimSearchNet++,km20_paper_exact,0.1,0.2,84,473.7055969238281,8097382,8404076.857894737,1.0378758045371623
SimSearchNet++,km20_paper_exact,0.1,0.2,85,486.1419677734375,8095273,7763247.510526316,1.0427688913722621
SimSearchNet++,km20_paper_exact,0.1,0.2,86,488.9467468261719,8027942,8416466.268421054,1.048396496688822
SimSearchNet++,km20_paper_exact,0.1,0.2,87,477.1330261230469,8052360,8268526.042105263,1.0268450543822263
SimSearchNet++,km20_paper_exact,0.1,0.2,88,481.7591857910156,8052248,9644001.539473683,1.197678156394796
SimSearchNet++,km20_paper_exact,0.1,0.2,89,467.27081298828125,8037760,7808198.315789473,1.0294000837230677
SimSearchNet++,km20_paper_exact,0.1,0.2,90,467.7979431152344,7988585,7347037.605263159,1.0873205541070403
SimSearchNet++,km20_paper_exact,0.1,0.2,91,468.40155029296875,8071817,8340577.72631579,1.0332961867589157
SimSearchNet++,km20_paper_exact,0.1,0.2,92,484.6999206542969,8159303,4854956.121052631,1.6806131294613913
SimSearchNet++,km20_paper_exact,0.1,0.2,93,478.1463317871094,8047287,9927968.955263158,1.2337038501625652
SimSearchNet++,km20_paper_exact,0.1,0.2,94,486.2437744140625,8042878,8204163.4789473675,1.020053204704506
SimSearchNet++,km20_paper_exact,0.1,0.2,95,469.9468078613281,8034343,7435078.744736843,1.0805995841923484
SimSearchNet++,km20_paper_exact,0.1,0.2,96,485.1051330566406,8033221,7507714.781578948,1.0699954957945983
SimSearchNet++,km20_paper_exact,0.1,0.2,97,459.36260986328125,8115089,9380924.371052634,1.1559853959768813
SimSearchNet++,km20_paper_exact,0.1,0.2,98,467.9112243652344,8034547,7438123.631578947,1.0801846538136184
SimSearchNet++,km20_paper_exact,0.1,0.2,99,478.9957275390625,8024441,7448685.939473686,1.0772961922686455
SimSearchNet++,km20_paper_exact,0.1,0.3,0,479.7530517578125,7993318,10027983.086842105,1.2545457451889321
SimSearchNet++,km20_paper_exact,0.1,0.3,1,484.0361633300781,7977324,7141452.121052631,1.1170450861783785
SimSearchNet++,km20_paper_exact,0.1,0.3,2,448.38922119140625,8004845,6962308.115789474,1.1497401245208048
SimSearchNet++,km20_paper_exact,0.1,0.3,3,478.41290283203125,7988994,6568604.163157894,1.216239219408107
SimSearchNet++,km20_paper_exact,0.1,0.3,4,476.8364562988281,8001522,7190983.615789474,1.1127159269881801
SimSearchNet++,km20_paper_exact,0.1,0.3,5,471.9246826171875,7960990,8056751.5947368415,1.0120288550465257
SimSearchNet++,km20_paper_exact,0.1,0.3,6,475.9012451171875,8020649,9070469.292105265,1.130889693852114
SimSearchNet++,km20_paper_exact,0.1,0.3,7,472.9196472167969,8004833,8410343.981578946,1.050658268770747
SimSearchNet++,km20_paper_exact,0.1,0.3,8,472.3377990722656,8079063,8292551.357894737,1.0264248908437448
SimSearchNet++,km20_paper_exact,0.1,0.3,9,483.9204406738281,8018589,7232904.178947369,1.1086264661627212
SimSearchNet++,km20_paper_exact,0.1,0.3,10,481.590087890625,8038227,5676868.342105263,1.4159614977117876
SimSearchNet++,km20_paper_exact,0.1,0.3,11,480.0854187011719,7990188,8483659.536842104,1.0617596903654962
SimSearchNet++,km20_paper_exact,0.1,0.3,12,477.7049255371094,7979432,10306945.02894737,1.291689061194753
SimSearchNet++,km20_paper_exact,0.1,0.3,13,473.4278259277344,8049578,5415812.40263158,1.4863103448872519
SimSearchNet++,km20_paper_exact,0.1,0.3,14,479.80194091796875,7982567,7029751.350000001,1.135540448383
SimSearchNet++,km20_paper_exact,0.1,0.3,15,475.106201171875,8015114,8704983.286842106,1.0860710511219311
SimSearchNet++,km20_paper_exact,0.1,0.3,16,479.8009948730469,7969810,6029313.965789474,1.3218435870516887
SimSearchNet++,km20_paper_exact,0.1,0.3,17,478.12445068359375,8033688,6110976.944736842,1.31463235300194
SimSearchNet++,km20_paper_exact,0.1,0.3,18,492.5605773925781,8019339,6864004.37631579,1.1683178739906819
SimSearchNet++,km20_paper_exact,0.1,0.3,19,472.4584655761719,7985233,8889736.421052631,1.1132720136097007
SimSearchNet++,km20_paper_exact,0.1,0.3,20,472.70489501953125,8039649,9680484.428947369,1.2040929186022138
SimSearchNet++,km20_paper_exact,0.1,0.3,21,465.06549072265625,8055297,10451883.007894736,1.2975167778288914
SimSearchNet++,km20_paper_exact,0.1,0.3,22,483.519287109375,8035650,8122939.639473684,1.0108627975924391
SimSearchNet++,km20_paper_exact,0.1,0.3,23,473.9989318847656,8028704,9580636.40526316,1.1932979974430693
SimSearchNet++,km20_paper_exact,0.1,0.3,24,492.5118408203125,8058041,7328455.068421053,1.0995552165862075
SimSearchNet++,km20_paper_exact,0.1,0.3,25,475.51025390625,8012354,8893890.894736841,1.1100222100442443
SimSearchNet++,km20_paper_exact,0.1,0.3,26,483.1965637207031,8099777,10310390.126315787,1.2729227145779183
SimSearchNet++,km20_paper_exact,0.1,0.3,27,478.106689453125,8059613,6012754.631578947,1.3404194073829265
SimSearchNet++,km20_paper_exact,0.1,0.3,28,479.3944091796875,8076773,7920193.800000001,1.0197696172535575
SimSearchNet++,km20_paper_exact,0.1,0.3,29,480.3946228027344,8036864,8824761.549999999,1.0980354464129292
SimSearchNet++,km20_paper_exact,0.1,0.3,30,482.3453063964844,7968160,8702415.260526316,1.092148659229523
SimSearchNet++,km20_paper_exact,0.1,0.3,31,492.47833251953125,8024036,7596080.668421054,1.056338966140535
SimSearchNet++,km20_paper_exact,0.1,0.3,32,474.6556701660156,7970639,7258837.560526316,1.098059976344487
SimSearchNet++,km20_paper_exact,0.1,0.3,33,471.47314453125,8076723,7511439.668421053,1.075256323225954
SimSearchNet++,km20_paper_exact,0.1,0.3,34,464.93646240234375,8020687,7419081.197368421,1.081088990216871
SimSearchNet++,km20_paper_exact,0.1,0.3,35,477.7457580566406,8110653,9571730.43157895,1.180143008408688
SimSearchNet++,km20_paper_exact,0.1,0.3,36,477.0386962890625,7896687,9350461.536842106,1.1840992984579617
SimSearchNet++,km20_paper_exact,0.1,0.3,37,484.1125793457031,7999067,8759801.5,1.0951029038761646
SimSearchNet++,km20_paper_exact,0.1,0.3,38,476.4031982421875,8101067,8905218.994736841,1.0992649480292955
SimSearchNet++,km20_paper_exact,0.1,0.3,39,479.6820983886719,8001025,8309168.286842107,1.0385129763801646
SimSearchNet++,km20_paper_exact,0.1,0.3,40,480.0729064941406,7982781,6928801.010526316,1.152115782784419
SimSearchNet++,km20_paper_exact,0.1,0.3,41,478.6293029785156,8001405,8352739.528947368,1.0439091045819289
SimSearchNet++,km20_paper_exact,0.1,0.3,42,486.9096374511719,8077279,8234651.734210527,1.0194833847153884
SimSearchNet++,km20_paper_exact,0.1,0.3,43,477.103759765625,7913700,6364559.410526316,1.2434010729653286
SimSearchNet++,km20_paper_exact,0.1,0.3,44,479.1272277832031,8145548,8631067.763157895,1.0596055370563031
SimSearchNet++,km20_paper_exact,0.1,0.3,45,479.39544677734375,8097315,6606041.060526316,1.225743970679297
SimSearchNet++,km20_paper_exact,0.1,0.3,46,469.54339599609375,7992472,9252474.7,1.1576486849125025
SimSearchNet++,km20_paper_exact,0.1,0.3,47,487.87591552734375,8076670,9823187.731578948,1.2162423042638795
SimSearchNet++,km20_paper_exact,0.1,0.3,48,480.8045349121094,7969868,5907819.389473685,1.3490371784554536
SimSearchNet++,km20_paper_exact,0.1,0.3,49,475.7457275390625,8009675,5425008.092105263,1.476435585719415
SimSearchNet++,km20_paper_exact,0.1,0.3,50,479.1345520019531,8011508,8406188.460526314,1.0492641910269969
SimSearchNet++,km20_paper_exact,0.1,0.3,51,480.91259765625,7844958,5838335.239473685,1.3436977628415885
SimSearchNet++,km20_paper_exact,0.1,0.3,52,476.48052978515625,8012632,9260145.394736843,1.1556933345668243
SimSearchNet++,km20_paper_exact,0.1,0.3,53,469.775390625,7971398,9971740.260526316,1.2509399556421994
SimSearchNet++,km20_paper_exact,0.1,0.3,54,479.8812255859375,8075361,9783250.450000003,1.211493882440674
SimSearchNet++,km20_paper_exact,0.1,0.3,55,466.1416015625,8066447,7100858.5763157895,1.1359819257497727
SimSearchNet++,km20_paper_exact,0.1,0.3,56,488.4505310058594,8018018,8617309.655263158,1.0747431167232548
SimSearchNet++,km20_paper_exact,0.1,0.3,57,474.54083251953125,7976992,6692562.939473684,1.1919188615994287
SimSearchNet++,km20_paper_exact,0.1,0.3,58,476.4651184082031,7938300,8753594.892105263,1.1027039658497741
SimSearchNet++,km20_paper_exact,0.1,0.3,59,481.9884948730469,8052095,9610812.160526317,1.1935790822793715
SimSearchNet++,km20_paper_exact,0.1,0.3,60,478.4473876953125,8093354,7134425.536842106,1.1344086441446473
SimSearchNet++,km20_paper_exact,0.1,0.3,61,483.0672912597656,7922787,7084893.068421054,1.1182648663130326
SimSearchNet++,km20_paper_exact,0.1,0.3,62,477.4609069824219,8080763,6809972.173684211,1.1866073449208072
SimSearchNet++,km20_paper_exact,0.1,0.3,63,490.4701843261719,7978877,10411568.539473685,1.3048914702499719
SimSearchNet++,km20_paper_exact,0.1,0.3,64,479.9686584472656,8067879,10408008.789473685,1.290055142060718
SimSearchNet++,km20_paper_exact,0.1,0.3,65,478.7118225097656,8047271,8441733.3,1.0490181454060639
SimSearchNet++,km20_paper_exact,0.1,0.3,66,474.7693176269531,8014479,8704694.02631579,1.086121010026452
SimSearchNet++,km20_paper_exact,0.1,0.3,67,490.1316223144531,7982543,10538805.657894736,1.3202316176555187
SimSearchNet++,km20_paper_exact,0.1,0.3,68,480.6744384765625,7999569,7178826.205263159,1.11432827195832
SimSearchNet++,km20_paper_exact,0.1,0.3,69,477.1142272949219,7998069,7422171.086842105,1.077591570770827
SimSearchNet++,km20_paper_exact,0.1,0.3,70,475.3893127441406,8039059,8328588.486842105,1.0360153454331043
SimSearchNet++,km20_paper_exact,0.1,0.3,71,479.5216369628906,7966283,7553340.939473685,1.0546701206572424
SimSearchNet++,km20_paper_exact,0.1,0.3,72,478.53839111328125,7998297,9453734.284210525,1.1819683970488375
SimSearchNet++,km20_paper_exact,0.1,0.3,73,481.614990234375,7988258,6609885.810526315,1.208531921577013
SimSearchNet++,km20_paper_exact,0.1,0.3,74,468.92633056640625,7968108,6934977.934210527,1.1489738072118443
SimSearchNet++,km20_paper_exact,0.1,0.3,75,481.2452697753906,8019508,8039096.734210526,1.0024426354098688
SimSearchNet++,km20_paper_exact,0.1,0.3,76,467.2332458496094,8013061,7546673.536842106,1.0618004026384655
SimSearchNet++,km20_paper_exact,0.1,0.3,77,468.93701171875,7971717,8229646.1736842105,1.0323555356624188
SimSearchNet++,km20_paper_exact,0.1,0.3,78,481.6636962890625,7998094,10640030.615789473,1.330320775898542
SimSearchNet++,km20_paper_exact,0.1,0.3,79,477.87646484375,7976679,8411391.921052631,1.0544979835659214
SimSearchNet++,km20_paper_exact,0.1,0.3,80,477.82415771484375,7958855,7557224.284210525,1.0531452687766076
SimSearchNet++,km20_paper_exact,0.1,0.3,81,479.4382019042969,7983887,7170436.160526317,1.1134450989120828
SimSearchNet++,km20_paper_exact,0.1,0.3,82,455.4425354003906,8047004,5727035.5578947365,1.4050906299869537
SimSearchNet++,km20_paper_exact,0.1,0.3,83,483.16766357421875,8041746,8126487.294736843,1.0105376736267029
SimSearchNet++,km20_paper_exact,0.1,0.3,84,473.7055969238281,8097382,8007910.852631578,1.0111728450796902
SimSearchNet++,km20_paper_exact,0.1,0.3,85,486.1419677734375,8095273,7528926.526315789,1.075222738820025
SimSearchNet++,km20_paper_exact,0.1,0.3,86,488.9467468261719,8027942,7802245.465789474,1.0289271255563721
SimSearchNet++,km20_paper_exact,0.1,0.3,87,477.1330261230469,8052360,7589936.668421052,1.0609258484992268
SimSearchNet++,km20_paper_exact,0.1,0.3,88,481.7591857910156,8052248,5837638.781578947,1.3793672923733133
SimSearchNet++,km20_paper_exact,0.1,0.3,89,467.27081298828125,8037760,6069190.644736842,1.3243545096033993
SimSearchNet++,km20_paper_exact,0.1,0.3,90,467.7979431152344,7988585,8626375.110526318,1.079837682208591
SimSearchNet++,km20_paper_exact,0.1,0.3,91,468.40155029296875,8071817,7457170.147368422,1.0824236058028638
SimSearchNet++,km20_paper_exact,0.1,0.3,92,484.6999206542969,8159303,7726650.5,1.0559948324309478
SimSearchNet++,km20_paper_exact,0.1,0.3,93,478.1463317871094,8047287,9150714.657894736,1.1371179700555898
SimSearchNet++,km20_paper_exact,0.1,0.3,94,486.2437744140625,8042878,7773532.021052632,1.034649111654511
SimSearchNet++,km20_paper_exact,0.1,0.3,95,469.9468078613281,8034343,5497528.32368421,1.461446404084322
SimSearchNet++,km20_paper_exact,0.1,0.3,96,485.1051330566406,8033221,6988868.986842105,1.1494307612754064
SimSearchNet++,km20_paper_exact,0.1,0.3,97,459.36260986328125,8115089,11717416.47894737,1.4439048640067127
SimSearchNet++,km20_paper_exact,0.1,0.3,98,467.9112243652344,8034547,6267774.118421052,1.2818820283242793
SimSearchNet++,km20_paper_exact,0.1,0.3,99,478.9957275390625,8024441,7709951.286842105,1.0407901037837433
SimSearchNet++,km20_paper_exact,0.1,0.4,0,479.7530517578125,7993318,7805243.844736842,1.0240958718272433
SimSearchNet++,km20_paper_exact,0.1,0.4,1,484.0361633300781,7977324,7840835.518421054,1.017407389972444
SimSearchNet++,km20_paper_exact,0.1,0.4,2,448.38922119140625,8004845,8327240.263157895,1.0402750163379673
SimSearchNet++,km20_paper_exact,0.1,0.4,3,478.41290283203125,7988994,8247142.826315789,1.032313057978988
SimSearchNet++,km20_paper_exact,0.1,0.4,4,476.8364562988281,8001522,9177210.67894737,1.146933130840279
SimSearchNet++,km20_paper_exact,0.1,0.4,5,471.9246826171875,7960990,7296321.163157894,1.0910964336655424
SimSearchNet++,km20_paper_exact,0.1,0.4,6,475.9012451171875,8020649,7168982.805263158,1.118798749818675
SimSearchNet++,km20_paper_exact,0.1,0.4,7,472.9196472167969,8004833,6724644.671052632,1.1903726355175546
SimSearchNet++,km20_paper_exact,0.1,0.4,8,472.3377990722656,8079063,7833801.128947369,1.0313081564128992
SimSearchNet++,km20_paper_exact,0.1,0.4,9,483.9204406738281,8018589,7601068.32631579,1.054929209390041
SimSearchNet++,km20_paper_exact,0.1,0.4,10,481.590087890625,8038227,5354978.823684211,1.5010754037809102
SimSearchNet++,km20_paper_exact,0.1,0.4,11,480.0854187011719,7990188,8534056.165789474,1.0680670049052003
SimSearchNet++,km20_paper_exact,0.1,0.4,12,477.7049255371094,7979432,6259119.281578949,1.2748490068697138
SimSearchNet++,km20_paper_exact,0.1,0.4,13,473.4278259277344,8049578,6587308.581578948,1.2219828326412716
SimSearchNet++,km20_paper_exact,0.1,0.4,14,479.80194091796875,7982567,7147699.607894737,1.1168022493814849
SimSearchNet++,km20_paper_exact,0.1,0.4,15,475.106201171875,8015114,8281587.992105263,1.0332464381798268
SimSearchNet++,km20_paper_exact,0.1,0.4,16,479.8009948730469,7969810,7415806.994736843,1.0747056936158594
SimSearchNet++,km20_paper_exact,0.1,0.4,17,478.12445068359375,8033688,9272968.231578948,1.1542604382419317
SimSearchNet++,km20_paper_exact,0.1,0.4,18,492.5605773925781,8019339,5424195.552631579,1.478438401084078
SimSearchNet++,km20_paper_exact,0.1,0.4,19,472.4584655761719,7985233,9137088.436842106,1.144248193739883
SimSearchNet++,km20_paper_exact,0.1,0.4,20,472.70489501953125,8039649,8589524.960526314,1.0683955183275182
SimSearchNet++,km20_paper_exact,0.1,0.4,21,465.06549072265625,8055297,7507619.7894736845,1.0729495134122542
SimSearchNet++,km20_paper_exact,0.1,0.4,22,483.519287109375,8035650,8878891.215789475,1.104937524131772
SimSearchNet++,km20_paper_exact,0.1,0.4,23,473.9989318847656,8028704,6945364.905263159,1.1559801550406505
SimSearchNet++,km20_paper_exact,0.1,0.4,24,492.5118408203125,8058041,12078977.081578946,1.4989967265715012
SimSearchNet++,km20_paper_exact,0.1,0.4,25,475.51025390625,8012354,7758653.260526316,1.0326990691495954
SimSearchNet++,km20_paper_exact,0.1,0.4,26,483.1965637207031,8099777,6698588.678947369,1.2091766472326253
SimSearchNet++,km20_paper_exact,0.1,0.4,27,478.106689453125,8059613,7154571.234210527,1.1264983932876225
SimSearchNet++,km20_paper_exact,0.1,0.4,28,479.3944091796875,8076773,5121864.255263157,1.5769205503055688
SimSearchNet++,km20_paper_exact,0.1,0.4,29,480.3946228027344,8036864,9332135.513157897,1.1611662849039
SimSearchNet++,km20_paper_exact,0.1,0.4,30,482.3453063964844,7968160,7352800.27368421,1.0836905265220071
SimSearchNet++,km20_paper_exact,0.1,0.4,31,492.47833251953125,8024036,8965857.15,1.1173749905907702
SimSearchNet++,km20_paper_exact,0.1,0.4,32,474.6556701660156,7970639,8806718.739473682,1.1048949449942072
SimSearchNet++,km20_paper_exact,0.1,0.4,33,471.47314453125,8076723,9240844.45263158,1.1441328930844328
SimSearchNet++,km20_paper_exact,0.1,0.4,34,464.93646240234375,8020687,9437088.734210527,1.1765935678839639
SimSearchNet++,km20_paper_exact,0.1,0.4,35,477.7457580566406,8110653,8640686.92368421,1.065350339076793
SimSearchNet++,km20_paper_exact,0.1,0.4,36,477.0386962890625,7896687,6463814.934210527,1.221675911265006
SimSearchNet++,km20_paper_exact,0.1,0.4,37,484.1125793457031,7999067,10605125.28421053,1.3257952814010094
SimSearchNet++,km20_paper_exact,0.1,0.4,38,476.4031982421875,8101067,7029251.30263158,1.152479353948714
SimSearchNet++,km20_paper_exact,0.1,0.4,39,479.6820983886719,8001025,7215489.923684211,1.108867877943719
SimSearchNet++,km20_paper_exact,0.1,0.4,40,480.0729064941406,7982781,8168624.160526315,1.0232805034393797
SimSearchNet++,km20_paper_exact,0.1,0.4,41,478.6293029785156,8001405,8500617.357894737,1.0623905873899318
SimSearchNet++,km20_paper_exact,0.1,0.4,42,486.9096374511719,8077279,8460520.389473686,1.0474468431106176
SimSearchNet++,km20_paper_exact,0.1,0.4,43,477.103759765625,7913700,5892188.063157896,1.3430834038516215
SimSearchNet++,km20_paper_exact,0.1,0.4,44,479.1272277832031,8145548,7303527.926315789,1.115289498743515
SimSearchNet++,km20_paper_exact,0.1,0.4,45,479.39544677734375,8097315,7463256.194736843,1.0849573950992466
SimSearchNet++,km20_paper_exact,0.1,0.4,46,469.54339599609375,7992472,7340250.534210527,1.0888554774458556
SimSearchNet++,km20_paper_exact,0.1,0.4,47,487.87591552734375,8076670,8923208.386842104,1.1048127986957625
SimSearchNet++,km20_paper_exact,0.1,0.4,48,480.8045349121094,7969868,8438212.086842105,1.0587643467673624
SimSearchNet++,km20_paper_exact,0.1,0.4,49,475.7457275390625,8009675,7666796.7,1.0447224979892842
SimSearchNet++,km20_paper_exact,0.1,0.4,50,479.1345520019531,8011508,8215352.436842105,1.0254439534781847
SimSearchNet++,km20_paper_exact,0.1,0.4,51,480.91259765625,7844958,7316654.028947368,1.072205678847526
SimSearchNet++,km20_paper_exact,0.1,0.4,52,476.48052978515625,8012632,7826946.134210527,1.0237239227925519
SimSearchNet++,km20_paper_exact,0.1,0.4,53,469.775390625,7971398,6968803.6736842105,1.1438689297708033
SimSearchNet++,km20_paper_exact,0.1,0.4,54,479.8812255859375,8075361,9412033.884210527,1.1655248457883836
SimSearchNet++,km20_paper_exact,0.1,0.4,55,466.1416015625,8066447,7333101.963157894,1.1000047511307618
SimSearchNet++,km20_paper_exact,0.1,0.4,56,488.4505310058594,8018018,6668364.157894737,1.2023965413627562
SimSearchNet++,km20_paper_exact,0.1,0.4,57,474.54083251953125,7976992,8155392.54473684,1.0223643880722006
SimSearchNet++,km20_paper_exact,0.1,0.4,58,476.4651184082031,7938300,7285599.378947368,1.0895877726874046
SimSearchNet++,km20_paper_exact,0.1,0.4,59,481.9884948730469,8052095,9382991.310526315,1.165285718875189
SimSearchNet++,km20_paper_exact,0.1,0.4,60,478.4473876953125,8093354,6287864.028947368,1.2871388380443212
SimSearchNet++,km20_paper_exact,0.1,0.4,61,483.0672912597656,7922787,7486495.297368421,1.0582771624507585
SimSearchNet++,km20_paper_exact,0.1,0.4,62,477.4609069824219,8080763,7094404.444736842,1.1390333132184072
SimSearchNet++,km20_paper_exact,0.1,0.4,63,490.4701843261719,7978877,7828828.071052632,1.019166205667765
SimSearchNet++,km20_paper_exact,0.1,0.4,64,479.9686584472656,8067879,7483175.231578947,1.0781357846537667
SimSearchNet++,km20_paper_exact,0.1,0.4,65,478.7118225097656,8047271,6142994.3,1.3099916110942835
SimSearchNet++,km20_paper_exact,0.1,0.4,66,474.7693176269531,8014479,8280728.92631579,1.0332211147244619
SimSearchNet++,km20_paper_exact,0.1,0.4,67,490.1316223144531,7982543,9114129.010526316,1.1417575840839587
SimSearchNet++,km20_paper_exact,0.1,0.4,68,480.6744384765625,7999569,6603873.384210528,1.2113449993039689
SimSearchNet++,km20_paper_exact,0.1,0.4,69,477.1142272949219,7998069,6332499.007894736,1.2630193846108457
SimSearchNet++,km20_paper_exact,0.1,0.4,70,475.3893127441406,8039059,6848799.089473685,1.173791039126216
SimSearchNet++,km20_paper_exact,0.1,0.4,71,479.5216369628906,7966283,8141920.297368422,1.0220475844717571
SimSearchNet++,km20_paper_exact,0.1,0.4,72,478.53839111328125,7998297,6508749.523684211,1.2288530954979269
SimSearchNet++,km20_paper_exact,0.1,0.4,73,481.614990234375,7988258,8799355.163157895,1.101536175115763
SimSearchNet++,km20_paper_exact,0.1,0.4,74,468.92633056640625,7968108,5176626.389473685,1.5392472626965317
SimSearchNet++,km20_paper_exact,0.1,0.4,75,481.2452697753906,8019508,6331551.207894736,1.266594510046854
SimSearchNet++,km20_paper_exact,0.1,0.4,76,467.2332458496094,8013061,7432469.447368421,1.0781155653236014
SimSearchNet++,km20_paper_exact,0.1,0.4,77,468.93701171875,7971717,8807646.72368421,1.1048619417478331
SimSearchNet++,km20_paper_exact,0.1,0.4,78,481.6636962890625,7998094,6863318.876315788,1.1653391229715608
SimSearchNet++,km20_paper_exact,0.1,0.4,79,477.87646484375,7976679,6148407.889473685,1.297356835036333
SimSearchNet++,km20_paper_exact,0.1,0.4,80,477.82415771484375,7958855,9043538.02368421,1.1362863155170195
SimSearchNet++,km20_paper_exact,0.1,0.4,81,479.4382019042969,7983887,9432857.268421054,1.1814868206953648
SimSearchNet++,km20_paper_exact,0.1,0.4,82,455.4425354003906,8047004,6083773.278947369,1.3226995206817296
SimSearchNet++,km20_paper_exact,0.1,0.4,83,483.16766357421875,8041746,9038028.40526316,1.1238888178342314
SimSearchNet++,km20_paper_exact,0.1,0.4,84,473.7055969238281,8097382,8314041.794736842,1.0267567708596237
SimSearchNet++,km20_paper_exact,0.1,0.4,85,486.1419677734375,8095273,5488897.178947369,1.4748450801828408
SimSearchNet++,km20_paper_exact,0.1,0.4,86,488.9467468261719,8027942,6298704.331578948,1.2745386316597545
SimSearchNet++,km20_paper_exact,0.1,0.4,87,477.1330261230469,8052360,6948528.8263157895,1.1588582563698564
SimSearchNet++,km20_paper_exact,0.1,0.4,88,481.7591857910156,8052248,9165745.634210527,1.1382840710085589
SimSearchNet++,km20_paper_exact,0.1,0.4,89,467.27081298828125,8037760,8159774.62631579,1.0151801778500216
SimSearchNet++,km20_paper_exact,0.1,0.4,90,467.7979431152344,7988585,8648134.594736842,1.082561504288537
SimSearchNet++,km20_paper_exact,0.1,0.4,91,468.40155029296875,8071817,7407097.2105263155,1.0897409296220715
SimSearchNet++,km20_paper_exact,0.1,0.4,92,484.6999206542969,8159303,8021828.784210527,1.0171375155824898
SimSearchNet++,km20_paper_exact,0.1,0.4,93,478.1463317871094,8047287,7280782.47631579,1.1052777673522909
SimSearchNet++,km20_paper_exact,0.1,0.4,94,486.2437744140625,8042878,6316297.249999999,1.2733533083801591
SimSearchNet++,km20_paper_exact,0.1,0.4,95,469.9468078613281,8034343,6372886.681578947,1.2607070235884705
SimSearchNet++,km20_paper_exact,0.1,0.4,96,485.1051330566406,8033221,7431952.300000001,1.0809031968625524
SimSearchNet++,km20_paper_exact,0.1,0.4,97,459.36260986328125,8115089,6220134.152631579,1.3046485495118645
SimSearchNet++,km20_paper_exact,0.1,0.4,98,467.9112243652344,8034547,4387413.152631579,1.8312720321725031
SimSearchNet++,km20_paper_exact,0.1,0.4,99,478.9957275390625,8024441,6359699.639473684,1.2617641484502697
SimSearchNet++,km20_paper_exact,0.1,0.5,0,479.7530517578125,7993318,9020811.95526316,1.1285441108765046
SimSearchNet++,km20_paper_exact,0.1,0.5,1,484.0361633300781,7977324,8121922.507894739,1.0181261921785725
SimSearchNet++,km20_paper_exact,0.1,0.5,2,448.38922119140625,8004845,5877257.852631579,1.3620033697204181
SimSearchNet++,km20_paper_exact,0.1,0.5,3,478.41290283203125,7988994,7386630.715789475,1.081547772913966
SimSearchNet++,km20_paper_exact,0.1,0.5,4,476.8364562988281,8001522,8015108.802631578,1.0016980272792575
SimSearchNet++,km20_paper_exact,0.1,0.5,5,471.9246826171875,7960990,7514240.447368422,1.0594537206735293
SimSearchNet++,km20_paper_exact,0.1,0.5,6,475.9012451171875,8020649,7344335.218421052,1.0920864532276002
SimSearchNet++,km20_paper_exact,0.1,0.5,7,472.9196472167969,8004833,8513909.7,1.0635961674653298
SimSearchNet++,km20_paper_exact,0.1,0.5,8,472.3377990722656,8079063,6397443.397368421,1.2628580666025604
SimSearchNet++,km20_paper_exact,0.1,0.5,9,483.9204406738281,8018589,9724811.444736842,1.2127833768181462
SimSearchNet++,km20_paper_exact,0.1,0.5,10,481.590087890625,8038227,6456579.610526317,1.2449667602479624
SimSearchNet++,km20_paper_exact,0.1,0.5,11,480.0854187011719,7990188,8429597.605263157,1.0549936503700734
SimSearchNet++,km20_paper_exact,0.1,0.5,12,477.7049255371094,7979432,5432758.552631579,1.468762493804337
SimSearchNet++,km20_paper_exact,0.1,0.5,13,473.4278259277344,8049578,7658486.944736842,1.0510663605076624
SimSearchNet++,km20_paper_exact,0.1,0.5,14,479.80194091796875,7982567,8422801.081578948,1.055149437715831
SimSearchNet++,km20_paper_exact,0.1,0.5,15,475.106201171875,8015114,8786630.078947369,1.0962576550935357
SimSearchNet++,km20_paper_exact,0.1,0.5,16,479.8009948730469,7969810,6325450.634210526,1.2599592441518919
SimSearchNet++,km20_paper_exact,0.1,0.5,17,478.12445068359375,8033688,7848894.552631578,1.023543882024312
SimSearchNet++,km20_paper_exact,0.1,0.5,18,492.5605773925781,8019339,6474808.513157896,1.2385445814657468
SimSearchNet++,km20_paper_exact,0.1,0.5,19,472.4584655761719,7985233,8559366.826315789,1.0718994456787658
SimSearchNet++,km20_paper_exact,0.1,0.5,20,472.70489501953125,8039649,7758648.247368421,1.0362177461424273
SimSearchNet++,km20_paper_exact,0.1,0.5,21,465.06549072265625,8055297,7039169.223684211,1.1443533667150512
SimSearchNet++,km20_paper_exact,0.1,0.5,22,483.519287109375,8035650,8362615.965789474,1.0406894234803001
SimSearchNet++,km20_paper_exact,0.1,0.5,23,473.9989318847656,8028704,8513931.968421053,1.0604366493547468
SimSearchNet++,km20_paper_exact,0.1,0.5,24,492.5118408203125,8058041,8583451.292105261,1.0652032289368174
SimSearchNet++,km20_paper_exact,0.1,0.5,25,475.51025390625,8012354,7620553.276315791,1.0514136847388629
SimSearchNet++,km20_paper_exact,0.1,0.5,26,483.1965637207031,8099777,8197357.55263158,1.0120473134793193
SimSearchNet++,km20_paper_exact,0.1,0.5,27,478.106689453125,8059613,6133936.536842106,1.31393811324779
SimSearchNet++,km20_paper_exact,0.1,0.5,28,479.3944091796875,8076773,8305207.373684211,1.0282828765503513
SimSearchNet++,km20_paper_exact,0.1,0.5,29,480.3946228027344,8036864,5675246.560526317,1.4161259628611922
SimSearchNet++,km20_paper_exact,0.1,0.5,30,482.3453063964844,7968160,9598759.27631579,1.2046393742489847
SimSearchNet++,km20_paper_exact,0.1,0.5,31,492.47833251953125,8024036,7079887.292105264,1.1333564602006518
SimSearchNet++,km20_paper_exact,0.1,0.5,32,474.6556701660156,7970639,7013102.047368421,1.1365354369812546
SimSearchNet++,km20_paper_exact,0.1,0.5,33,471.47314453125,8076723,6786477.873684213,1.1901199930701822
SimSearchNet++,km20_paper_exact,0.1,0.5,34,464.93646240234375,8020687,10378363.626315791,1.2939494617251355
SimSearchNet++,km20_paper_exact,0.1,0.5,35,477.7457580566406,8110653,7921926.2894736845,1.0238233358440973
SimSearchNet++,km20_paper_exact,0.1,0.5,36,477.0386962890625,7896687,7016704.944736843,1.1254124353516137
SimSearchNet++,km20_paper_exact,0.1,0.5,37,484.1125793457031,7999067,5606327.278947368,1.4267927293573712
SimSearchNet++,km20_paper_exact,0.1,0.5,38,476.4031982421875,8101067,6549797.578947368,1.2368423454854218
SimSearchNet++,km20_paper_exact,0.1,0.5,39,479.6820983886719,8001025,8784753.718421053,1.0979535395053825
SimSearchNet++,km20_paper_exact,0.1,0.5,40,480.0729064941406,7982781,9490087.634210527,1.1888197401645526
SimSearchNet++,km20_paper_exact,0.1,0.5,41,478.6293029785156,8001405,10343036.602631582,1.2926525532242876
SimSearchNet++,km20_paper_exact,0.1,0.5,42,486.9096374511719,8077279,9382026.931578947,1.1615331018748947
SimSearchNet++,km20_paper_exact,0.1,0.5,43,477.103759765625,7913700,7260596.939473683,1.089951703141045
SimSearchNet++,km20_paper_exact,0.1,0.5,44,479.1272277832031,8145548,8331852.678947369,1.0228719637951147
SimSearchNet++,km20_paper_exact,0.1,0.5,45,479.39544677734375,8097315,9197042.91842105,1.1358138986097306
SimSearchNet++,km20_paper_exact,0.1,0.5,46,469.54339599609375,7992472,10387516.560526315,1.299662552527718
SimSearchNet++,km20_paper_exact,0.1,0.5,47,487.87591552734375,8076670,7887947.013157895,1.0239254886635643
SimSearchNet++,km20_paper_exact,0.1,0.5,48,480.8045349121094,7969868,6817724.386842106,1.1689924009514785
SimSearchNet++,km20_paper_exact,0.1,0.5,49,475.7457275390625,8009675,7815265.710526315,1.02487558282399
SimSearchNet++,km20_paper_exact,0.1,0.5,50,479.1345520019531,8011508,10780099.928947369,1.3455768787782985
SimSearchNet++,km20_paper_exact,0.1,0.5,51,480.91259765625,7844958,9081352.747368421,1.1576037433684694
SimSearchNet++,km20_paper_exact,0.1,0.5,52,476.48052978515625,8012632,9506129.723684212,1.1863929010697374
SimSearchNet++,km20_paper_exact,0.1,0.5,53,469.775390625,7971398,8524580.089473683,1.069395868764009
SimSearchNet++,km20_paper_exact,0.1,0.5,54,479.8812255859375,8075361,8537530.857894737,1.0572320987129538
SimSearchNet++,km20_paper_exact,0.1,0.5,55,466.1416015625,8066447,9537803.465789473,1.1824045290063236
SimSearchNet++,km20_paper_exact,0.1,0.5,56,488.4505310058594,8018018,8091329.989473683,1.0091434054492872
SimSearchNet++,km20_paper_exact,0.1,0.5,57,474.54083251953125,7976992,6989940.855263159,1.1412102284089614
SimSearchNet++,km20_paper_exact,0.1,0.5,58,476.4651184082031,7938300,5458864.642105264,1.4542034874377319
SimSearchNet++,km20_paper_exact,0.1,0.5,59,481.9884948730469,8052095,6391053.6184210535,1.2599010242679385
SimSearchNet++,km20_paper_exact,0.1,0.5,60,478.4473876953125,8093354,8271264.960526316,1.0219823524988918
SimSearchNet++,km20_paper_exact,0.1,0.5,61,483.0672912597656,7922787,7712841.592105264,1.0272202411248317
SimSearchNet++,km20_paper_exact,0.1,0.5,62,477.4609069824219,8080763,7793456.528947368,1.036865089320186
SimSearchNet++,km20_paper_exact,0.1,0.5,63,490.4701843261719,7978877,7697976.876315789,1.036490123080059
SimSearchNet++,km20_paper_exact,0.1,0.5,64,479.9686584472656,8067879,8748324.344736844,1.08434005328251
SimSearchNet++,km20_paper_exact,0.1,0.5,65,478.7118225097656,8047271,8959656.539473685,1.113378254500648
SimSearchNet++,km20_paper_exact,0.1,0.5,66,474.7693176269531,8014479,4806221.963157895,1.6675216129082273
SimSearchNet++,km20_paper_exact,0.1,0.5,67,490.1316223144531,7982543,9078761.22368421,1.1373269425149617
SimSearchNet++,km20_paper_exact,0.1,0.5,68,480.6744384765625,7999569,6136166.226315789,1.3036754065906417
SimSearchNet++,km20_paper_exact,0.1,0.5,69,477.1142272949219,7998069,6958063.142105264,1.1494677235107797
SimSearchNet++,km20_paper_exact,0.1,0.5,70,475.3893127441406,8039059,8923307.560526315,1.1099940379248758
SimSearchNet++,km20_paper_exact,0.1,0.5,71,479.5216369628906,7966283,6243519.436842104,1.2759282774058678
SimSearchNet++,km20_paper_exact,0.1,0.5,72,478.53839111328125,7998297,7191779.07368421,1.1121444246343661
SimSearchNet++,km20_paper_exact,0.1,0.5,73,481.614990234375,7988258,8044481.997368421,1.0070383301801746
SimSearchNet++,km20_paper_exact,0.1,0.5,74,468.92633056640625,7968108,7535416.342105261,1.0574210684918641
SimSearchNet++,km20_paper_exact,0.1,0.5,75,481.2452697753906,8019508,6862175.85,1.1686538169959606
SimSearchNet++,km20_paper_exact,0.1,0.5,76,467.2332458496094,8013061,7293877.873684211,1.098600927897429
SimSearchNet++,km20_paper_exact,0.1,0.5,77,468.93701171875,7971717,5831281.54736842,1.367060899948748
SimSearchNet++,km20_paper_exact,0.1,0.5,78,481.6636962890625,7998094,6385536.731578946,1.2525327683805083
SimSearchNet++,km20_paper_exact,0.1,0.5,79,477.87646484375,7976679,8274780.684210526,1.037371653567923
SimSearchNet++,km20_paper_exact,0.1,0.5,80,477.82415771484375,7958855,9639432.605263159,1.211158213745967
SimSearchNet++,km20_paper_exact,0.1,0.5,81,479.4382019042969,7983887,5774908.165789475,1.3825132401752298
SimSearchNet++,km20_paper_exact,0.1,0.5,82,455.4425354003906,8047004,8431641.363157894,1.0477988283785984
SimSearchNet++,km20_paper_exact,0.1,0.5,83,483.16766357421875,8041746,6106644.865789474,1.3168845047877782
SimSearchNet++,km20_paper_exact,0.1,0.5,84,473.7055969238281,8097382,7629203.581578948,1.0613666175525176
SimSearchNet++,km20_paper_exact,0.1,0.5,85,486.1419677734375,8095273,9076145.818421053,1.1211661198357428
SimSearchNet++,km20_paper_exact,0.1,0.5,86,488.9467468261719,8027942,9126521.049999999,1.136844417909347
SimSearchNet++,km20_paper_exact,0.1,0.5,87,477.1330261230469,8052360,7660802.081578948,1.051111869782224
SimSearchNet++,km20_paper_exact,0.1,0.5,88,481.7591857910156,8052248,9076325.176315788,1.1271790407245017
SimSearchNet++,km20_paper_exact,0.1,0.5,89,467.27081298828125,8037760,10323958.068421055,1.2844322383874431
SimSearchNet++,km20_paper_exact,0.1,0.5,90,467.7979431152344,7988585,8365815.678947369,1.0472212136376302
SimSearchNet++,km20_paper_exact,0.1,0.5,91,468.40155029296875,8071817,8138539.305263158,1.0082660825020138
SimSearchNet++,km20_paper_exact,0.1,0.5,92,484.6999206542969,8159303,8874118.010526316,1.0876073618697966
SimSearchNet++,km20_paper_exact,0.1,0.5,93,478.1463317871094,8047287,6720520.502631579,1.1974201993504663
SimSearchNet++,km20_paper_exact,0.1,0.5,94,486.2437744140625,8042878,10084747.592105266,1.253873003184341
SimSearchNet++,km20_paper_exact,0.1,0.5,95,469.9468078613281,8034343,7271325.15,1.1049351850260747
SimSearchNet++,km20_paper_exact,0.1,0.5,96,485.1051330566406,8033221,8773938.657894738,1.0922068069451516
SimSearchNet++,km20_paper_exact,0.1,0.5,97,459.36260986328125,8115089,10016694.818421053,1.2343296319265324
SimSearchNet++,km20_paper_exact,0.1,0.5,98,467.9112243652344,8034547,6114452.157894736,1.3140256547148077
SimSearchNet++,km20_paper_exact,0.1,0.5,99,478.9957275390625,8024441,7603104.426315791,1.0554163865257307
