cell,cell_kind,baseline,selectivity,seed,query_id,true_card,est,q_error,sample_size_used,sample_size_total,wall_clock_ms,D1_target,D2_target,reused_from
multi_join_sift_wiki_1,join,B3,0.01,0.1,145860,8022,6282.672619047619,1.2768451400251446,385,385,2.3036152124404907,493.20147705078125,2.7791433334350586,
multi_join_sift_wiki_1,join,B3,0.01,0.1,359095,8187,6372.0,1.2848399246704332,385,385,1.37370266020298,587.4684448242188,2.330082654953003,
multi_join_sift_wiki_1,join,B3,0.01,0.1,286093,7943,6214.033333333333,1.2782358210716604,385,385,1.2719053775072098,602.8929443359375,2.1552388668060303,
multi_join_sift_wiki_1,join,B3,0.01,0.1,781121,8085,10398.190476190477,1.286108902435433,385,385,1.2892922386527061,514.0215454101562,2.2795467376708984,
multi_join_sift_wiki_1,join,B3,0.01,0.1,142780,7783,10442.69761904762,1.3417316740392675,385,385,1.2510139495134354,473.2214050292969,2.7598116397857666,
multi_join_sift_wiki_1,join,B3,0.01,0.1,428790,7865,4172.547619047619,1.884939542474336,385,385,1.2618983164429665,537.9324340820312,2.257038116455078,
multi_join_sift_wiki_1,join,B3,0.01,0.1,322723,7932,4171.65,1.9014059185214485,385,385,1.283322460949421,459.1468200683594,2.8452041149139404,
multi_join_sift_wiki_1,join,B3,0.01,0.1,588557,7764,6216.533333333333,1.2489275909402884,385,385,1.260482706129551,591.347412109375,2.8811392784118652,
multi_join_sift_wiki_1,join,B3,0.01,0.1,263638,8222,10431.870238095238,1.2687752661268838,385,385,1.2672524899244308,475.7867126464844,3.1491057872772217,
multi_join_sift_wiki_1,join,B3,0.01,0.1,693614,8312,6144.142857142857,1.352833127949964,385,385,1.263774000108242,562.9500732421875,2.3145997524261475,
multi_join_sift_wiki_1,join,B3,0.01,0.1,546912,8196,12417.400000000001,1.5150561249389949,385,385,1.265467144548893,570.2767333984375,3.094848394393921,
multi_join_sift_wiki_1,join,B3,0.01,0.1,444449,8184,2105.217391304348,3.8874845105328375,385,385,1.256212592124939,530.9553833007812,2.622706890106201,
multi_join_sift_wiki_1,join,B3,0.01,0.1,663176,8137,8318.261904761905,1.0222762571908448,385,385,1.2355726212263107,454.77838134765625,2.3369600772857666,
multi_join_sift_wiki_1,join,B3,0.01,0.1,763999,7786,12546.407738095239,1.6114060798992087,385,385,1.2275539338588715,494.7989501953125,2.7435648441314697,
multi_join_sift_wiki_1,join,B3,0.01,0.1,782168,7948,14639.095238095239,1.841858988185108,385,385,1.211816444993019,472.7889709472656,2.321883201599121,
multi_join_sift_wiki_1,join,B3,0.01,0.1,673362,8052,10496.869565217392,1.3036350677120456,385,385,1.212085597217083,524.2796020507812,2.6439919471740723,
multi_join_sift_wiki_1,join,B3,0.01,0.1,83904,8081,8156.786967418546,1.0093784144807012,385,385,2.8397096320986748,474.34765625,2.928945541381836,
multi_join_sift_wiki_1,join,B3,0.01,0.1,695261,8129,10483.985119047618,1.289701699968953,385,385,1.2723300606012344,515.737060546875,2.5670652389526367,
multi_join_sift_wiki_1,join,B3,0.01,0.1,386245,8160,16482.969404761905,2.019971740779645,385,385,1.289481297135353,556.582763671875,2.7859504222869873,
multi_join_sift_wiki_1,join,B3,0.01,0.1,69504,8144,6286.434782608696,1.295487868979445,385,385,1.266377978026867,518.8878784179688,3.0938942432403564,
multi_join_sift_wiki_1,join,B3,0.01,0.1,681535,8089,10350.582633053222,1.2795874190942294,385,385,1.249377615749836,470.57379150390625,3.186352491378784,
multi_join_sift_wiki_1,join,B3,0.01,0.1,696279,8043,8373.9625,1.0411491358945666,385,385,1.2407982721924782,487.88861083984375,2.6614370346069336,
multi_join_sift_wiki_1,join,B3,0.01,0.1,340223,8353,12590.620289855073,1.507317166270211,385,385,1.245398074388504,556.8862915039062,2.7366652488708496,
multi_join_sift_wiki_1,join,B3,0.01,0.1,690943,8395,10475.501587301587,1.2478262760335423,385,385,1.1168792843818665,558.5206909179688,3.105254888534546,
multi_join_sift_wiki_1,join,B3,0.01,0.1,636616,7965,8224.07142857143,1.0325262308313157,385,385,1.0678311809897423,470.1650695800781,2.822864055633545,
multi_join_sift_wiki_1,join,B3,0.01,0.1,48106,8278,2103.8125,3.934761296455839,385,385,1.1685965582728386,490.50250244140625,2.8765604496002197,
multi_join_sift_wiki_1,join,B3,0.01,0.1,352770,8223,16485.27202380952,2.004775875448075,385,385,1.2222286313772202,457.4383850097656,3.0234601497650146,
multi_join_sift_wiki_1,join,B3,0.01,0.1,536954,8373,2052.0,4.080409356725146,385,385,1.2231431901454926,586.05029296875,2.944667100906372,
multi_join_sift_wiki_1,join,B3,0.01,0.1,752067,8032,12388.723214285714,1.5424207189100738,385,385,1.2401780113577843,475.32525634765625,2.5798802375793457,
multi_join_sift_wiki_1,join,B3,0.01,0.1,602570,7943,10275.259047619047,1.29362445519565,385,385,1.2214677408337593,501.6029052734375,2.6612396240234375,
multi_join_sift_wiki_1,join,B3,0.01,0.1,345404,7992,6253.066666666667,1.2780928824256899,385,385,7.28374719619751,520.9199829101562,2.7372653484344482,
multi_join_sift_wiki_1,join,B3,0.01,0.1,628777,7920,4105.263157894737,1.9292307692307693,385,385,1.2232689186930656,494.2821960449219,2.7295992374420166,
multi_join_sift_wiki_1,join,B3,0.01,0.1,137071,8217,12337.066666666666,1.501407650805241,385,385,1.215730793774128,524.1223754882812,2.437206745147705,
multi_join_sift_wiki_1,join,B3,0.01,0.1,296404,7833,4156.69040247678,1.8844319017198579,385,385,1.2220190837979317,489.5136413574219,3.154475212097168,
multi_join_sift_wiki_1,join,B3,0.01,0.1,703153,8222,8156.786967418546,1.0079949412485505,385,385,1.2175580486655235,464.6705017089844,3.1921608448028564,
multi_join_sift_wiki_1,join,B3,0.01,0.1,438962,8132,14388.284444444445,1.7693414220910533,385,385,1.2252097949385643,548.7824096679688,2.468273162841797,
multi_join_sift_wiki_1,join,B3,0.01,0.1,33248,7960,6248.0952380952385,1.2739882630897035,385,385,1.2292815372347832,471.7963562011719,2.1035821437835693,
multi_join_sift_wiki_1,join,B3,0.01,0.1,779894,8147,8230.922222222223,1.0103009969586625,385,385,1.2014228850603104,520.0441284179688,2.428924083709717,
multi_join_sift_wiki_1,join,B3,0.01,0.1,304120,7854,2098.0,3.7435653002859866,385,385,1.226179301738739,483.2489929199219,2.57894229888916,
multi_join_sift_wiki_1,join,B3,0.01,0.1,73745,7575,8300.726817042607,1.0958055204016643,385,385,1.2393547222018242,475.82330322265625,2.5097620487213135,
multi_join_sift_wiki_1,join,B3,0.01,0.1,516733,8156,4145.360248447205,1.967500895261184,385,385,1.2029753997921944,518.1920776367188,2.8653626441955566,
multi_join_sift_wiki_1,join,B3,0.01,0.1,181346,8085,8343.8,1.0320098948670375,385,385,1.2172525748610497,515.7211303710938,3.1206812858581543,
multi_join_sift_wiki_1,join,B3,0.01,0.1,620747,7857,2103.8125,3.734648406167375,385,385,1.2192754074931145,490.85638427734375,2.927414894104004,
multi_join_sift_wiki_1,join,B3,0.01,0.1,738510,7956,8323.142857142859,1.046146663793723,385,385,1.2106411159038544,484.3815612792969,2.402500629425049,
multi_join_sift_wiki_1,join,B3,0.01,0.1,111011,7852,4116.533333333333,1.9074302001684267,385,385,1.2117242440581322,619.6851196289062,2.744110584259033,
multi_join_sift_wiki_1,join,B3,0.01,0.1,426052,8049,4156.88,1.9363080002309423,385,385,7.3044924065470695,496.3959045410156,2.700775384902954,
multi_join_sift_wiki_1,join,B3,0.01,0.1,724169,8206,4178.860119047619,1.9636933915534325,385,385,1.2175841256976128,483.02764892578125,2.68540358543396,
multi_join_sift_wiki_1,join,B3,0.01,0.1,588630,8207,6315.652173913044,1.2994699160126668,385,385,1.2231618165969849,489.6611022949219,2.7094972133636475,
multi_join_sift_wiki_1,join,B3,0.01,0.1,790256,8237,14438.808290947958,1.7529207588864828,385,385,1.2192809954285622,491.0397033691406,2.567054033279419,
multi_join_sift_wiki_1,join,B3,0.01,0.1,201003,8314,10359.313333333332,1.2460083393472856,385,385,1.1127041652798653,528.5396118164062,2.689554452896118,
multi_join_sift_wiki_1,join,B3,0.01,0.1,6443,7832,8369.047619047618,1.0685709421664478,385,385,0.9886482730507851,494.25982666015625,2.4705615043640137,
multi_join_sift_wiki_1,join,B3,0.01,0.1,642763,8242,4223.777777777777,1.9513337191561007,385,385,1.0001128539443016,507.8333435058594,2.4056813716888428,
multi_join_sift_wiki_1,join,B3,0.01,0.1,193392,8184,6323.047619047619,1.2943125677792504,385,385,0.9790966287255287,551.7854614257812,2.846799373626709,
multi_join_sift_wiki_1,join,B3,0.01,0.1,203755,7770,8368.547619047618,1.077033155604584,385,385,0.9904531762003899,458.30963134765625,2.872863292694092,
multi_join_sift_wiki_1,join,B3,0.01,0.1,94462,8053,6253.2564425770315,1.2878090118244496,385,385,1.1389832943677902,470.1179504394531,2.8380818367004395,
multi_join_sift_wiki_1,join,B3,0.01,0.1,590890,8244,6155.104761904762,1.339376065704657,385,385,1.2813033536076546,571.0032348632812,2.8598101139068604,
multi_join_sift_wiki_1,join,B3,0.01,0.1,783383,8169,14546.033333333333,1.7806381850083648,385,385,7.24426656961441,510.24749755859375,2.81827974319458,
multi_join_sift_wiki_1,join,B3,0.01,0.1,737605,7694,10309.88518170426,1.3399902757608864,385,385,1.2068897485733032,456.04693603515625,2.8511314392089844,
multi_join_sift_wiki_1,join,B3,0.01,0.1,516560,7889,10500.457777777778,1.3310251968282136,385,385,1.2033339589834213,541.2479248046875,3.073276996612549,
multi_join_sift_wiki_1,join,B3,0.01,0.1,137642,8163,4210.434782608696,1.9387546468401486,385,385,1.2155044823884964,562.4058837890625,2.7730391025543213,
multi_join_sift_wiki_1,join,B3,0.01,0.1,37803,7972,2075.0476190476193,3.841839544703506,385,385,1.1977190151810646,575.6770629882812,2.835411787033081,
multi_join_sift_wiki_1,join,B3,0.01,0.1,254800,8460,6286.434782608696,1.3457548344260934,385,385,1.2022582814097404,533.5266723632812,2.7787673473358154,
multi_join_sift_wiki_1,join,B3,0.01,0.1,605930,8547,14373.290476190476,1.6816766673909531,385,385,1.1988179758191109,551.7850952148438,2.638248920440674,
multi_join_sift_wiki_1,join,B3,0.01,0.1,209329,8109,0.0,,385,385,1.208045519888401,482.88226318359375,2.5807759761810303,
multi_join_sift_wiki_1,join,B3,0.01,0.1,766585,8436,6274.968115942029,1.3443893011293089,385,385,1.2080473825335503,549.4696044921875,2.9337518215179443,
multi_join_sift_wiki_1,join,B3,0.01,0.1,488782,7991,8308.680847338936,1.039754830101231,385,385,1.1955685913562775,455.7926025390625,3.0121567249298096,
multi_join_sift_wiki_1,join,B3,0.01,0.1,374559,8106,16702.917857142857,2.0605622819075817,385,385,7.362532429397106,471.97265625,2.954691171646118,
multi_join_sift_wiki_1,join,B3,0.01,0.1,111780,8063,10455.749226006192,1.296756694283293,385,385,1.2386040762066841,481.65673828125,3.104321241378784,
multi_join_sift_wiki_1,join,B3,0.01,0.1,178188,8233,10407.7950310559,1.2641558400407993,385,385,1.2158416211605072,590.5484619140625,2.789363145828247,
multi_join_sift_wiki_1,join,B3,0.01,0.1,539857,8180,4169.750724637681,1.9617479653320953,385,385,1.1935606598854065,558.6079711914062,2.654690980911255,
multi_join_sift_wiki_1,join,B3,0.01,0.1,781264,7890,2076.0,3.800578034682081,385,385,1.2011127546429634,525.383056640625,2.5626325607299805,
multi_join_sift_wiki_1,join,B3,0.01,0.1,771184,8248,4223.777777777777,1.9527542484347873,385,385,1.2083109468221664,577.2371215820312,2.5855629444122314,
multi_join_sift_wiki_1,join,B3,0.01,0.1,140785,7619,4149.5,1.8361248343173877,385,385,1.1979704722762108,497.9326477050781,2.6899919509887695,
multi_join_sift_wiki_1,join,B3,0.01,0.1,2505,7962,4195.5,1.8977475867000357,385,385,1.1907108128070831,458.19384765625,2.455249309539795,
multi_join_sift_wiki_1,join,B3,0.01,0.1,526089,8232,10447.577777777777,1.2691421012849582,385,385,1.2055542320013046,578.9044799804688,2.6229450702667236,
multi_join_sift_wiki_1,join,B3,0.01,0.1,608072,8242,12444.533333333333,1.5098924209334303,385,385,1.2008855119347572,571.7614135742188,2.957862377166748,
multi_join_sift_wiki_1,join,B3,0.01,0.1,224837,8087,2025.7619047619048,3.9920782304130134,385,385,1.2051425874233246,477.940673828125,3.115856409072876,
multi_join_sift_wiki_1,join,B3,0.01,0.1,386133,7969,2105.217391304348,3.7853572903758774,385,385,1.207207329571247,566.1602172851562,2.7471389770507812,
multi_join_sift_wiki_1,join,B3,0.01,0.1,487850,8122,6274.968115942029,1.2943492062318926,385,385,1.2003900483250618,561.3308715820312,2.3273634910583496,
multi_join_sift_wiki_1,join,B3,0.01,0.1,340195,7720,16657.013095238093,2.1576441833209965,385,385,1.195359043776989,483.9326477050781,2.8599026203155518,
multi_join_sift_wiki_1,join,B3,0.01,0.1,122774,7782,6225.142857142858,1.2500917936478795,385,385,1.1937906965613365,472.743896484375,2.306730031967163,
multi_join_sift_wiki_1,join,B3,0.01,0.1,690833,8140,6195.606280193237,1.3138342935093865,385,385,1.2500742450356483,532.3489379882812,3.103199005126953,
multi_join_sift_wiki_1,join,B3,0.01,0.1,686759,8112,6252.358823529412,1.2974303345278628,385,385,1.2629181146621704,464.8583679199219,3.090532064437866,
multi_join_sift_wiki_1,join,B3,0.01,0.1,154430,7848,2098.0,3.740705433746425,385,385,1.2341197580099106,483.2142333984375,2.479921579360962,
multi_join_sift_wiki_1,join,B3,0.01,0.1,630926,7998,6104.1553884711775,1.310254980583505,385,385,1.212187111377716,478.9911193847656,3.065295457839966,
multi_join_sift_wiki_1,join,B3,0.01,0.1,255248,8028,10425.777777777777,1.2986768532358965,385,385,1.2119291350245476,567.5432739257812,2.471759796142578,
multi_join_sift_wiki_1,join,B3,0.01,0.1,48107,8344,8257.253602756893,1.0105054781427742,385,385,1.2105945497751236,492.43731689453125,2.8765604496002197,
multi_join_sift_wiki_1,join,B3,0.01,0.1,717611,8087,10434.284057971014,1.2902539950502057,385,385,1.1965315788984299,497.1119689941406,2.2551217079162598,
multi_join_sift_wiki_1,join,B3,0.01,0.1,559097,8448,10312.231746031746,1.2206713714526214,385,385,1.2009898200631142,543.9766845703125,3.0143213272094727,
multi_join_sift_wiki_1,join,B3,0.01,0.1,527854,8076,6156.0,1.3118908382066277,385,385,7.318137213587761,595.359375,2.7587831020355225,
multi_join_sift_wiki_1,join,B3,0.01,0.1,692258,8315,10289.165714285715,1.2374222145863758,385,385,1.2348126620054245,558.8451538085938,3.455446243286133,
multi_join_sift_wiki_1,join,B3,0.01,0.1,344709,7858,0.0,,385,385,1.2008575722575188,493.5136413574219,2.3495209217071533,
multi_join_sift_wiki_1,join,B3,0.01,0.1,414737,8216,6195.606280193237,1.326101051040924,385,385,1.211661845445633,557.2598266601562,3.0020830631256104,
multi_join_sift_wiki_1,join,B3,0.01,0.1,362610,8272,14377.749335748793,1.7381225019038675,385,385,1.20579544454813,557.9852294921875,2.879486083984375,
multi_join_sift_wiki_1,join,B3,0.01,0.1,129857,8004,6198.309523809524,1.2913198299075401,385,385,1.633601263165474,496.1811218261719,2.723562479019165,
multi_join_sift_wiki_1,join,B3,0.01,0.1,210898,8057,6131.025062656641,1.314135877387657,385,385,1.2477533891797066,495.0474853515625,2.4897570610046387,
multi_join_sift_wiki_1,join,B3,0.01,0.1,793779,8101,10272.682669082125,1.2680758757044963,385,385,1.2414995580911636,537.7359008789062,2.6217916011810303,
multi_join_sift_wiki_1,join,B3,0.01,0.1,634727,8088,8306.380000000001,1.0270004945598419,385,385,1.2380657717585564,569.2230834960938,2.382875442504883,
multi_join_sift_wiki_1,join,B3,0.01,0.1,351141,8346,6286.434782608696,1.3276205494231885,385,385,13.440198265016079,577.1056518554688,2.7925963401794434,
multi_join_sift_wiki_1,join,B3,0.01,0.1,611020,8190,8326.630724637682,1.0166826281608892,385,385,1.3151690363883972,602.3656616210938,2.54848575592041,
multi_join_sift_wiki_1,join,B3,0.01,0.2,145860,8022,4129.574404761905,1.9425730629165205,385,385,1.2754779309034348,493.20147705078125,2.7791433334350586,
multi_join_sift_wiki_1,join,B3,0.01,0.2,359095,8187,6315.652173913044,1.2963031805039238,385,385,1.279783435165882,587.4684448242188,2.330082654953003,
multi_join_sift_wiki_1,join,B3,0.01,0.2,286093,7943,16452.257142857143,2.0712900847107067,385,385,7.295780815184116,602.8929443359375,2.1552388668060303,
multi_join_sift_wiki_1,join,B3,0.01,0.2,781121,8085,6248.0952380952385,1.2939943601859614,385,385,1.241578720510006,514.0215454101562,2.2795467376708984,
multi_join_sift_wiki_1,join,B3,0.01,0.2,142780,7783,8343.8,1.0720544777078247,385,385,1.2403661385178566,473.2214050292969,2.7598116397857666,
multi_join_sift_wiki_1,join,B3,0.01,0.2,428790,7865,14668.46480331263,1.8650304899316759,385,385,1.2283818796277046,537.9324340820312,2.257038116455078,
multi_join_sift_wiki_1,join,B3,0.01,0.2,322723,7932,12570.106442577031,1.584733540415662,385,385,1.22047308832407,459.1468200683594,2.8452041149139404,
multi_join_sift_wiki_1,join,B3,0.01,0.2,588557,7764,12374.047946859904,1.593772275484274,385,385,1.2466665357351303,591.347412109375,2.8811392784118652,
multi_join_sift_wiki_1,join,B3,0.01,0.2,263638,8222,4178.860119047619,1.9675221868574606,385,385,1.3771774247288704,475.7867126464844,3.1491057872772217,
multi_join_sift_wiki_1,join,B3,0.01,0.2,693614,8312,6221.750724637681,1.3359583769701804,385,385,1.3280762359499931,562.9500732421875,2.3145997524261475,
multi_join_sift_wiki_1,join,B3,0.01,0.2,546912,8196,10447.577777777777,1.274716663955317,385,385,1.277209259569645,570.2767333984375,3.094848394393921,
multi_join_sift_wiki_1,join,B3,0.01,0.2,444449,8184,6257.217391304348,1.307929625614942,385,385,1.2536989524960518,530.9553833007812,2.622706890106201,
multi_join_sift_wiki_1,join,B3,0.01,0.2,663176,8137,14549.999926286302,1.7881282937552294,385,385,1.2619709596037865,454.77838134765625,2.3369600772857666,
multi_join_sift_wiki_1,join,B3,0.01,0.2,763999,7786,8368.047619047618,1.0747556664587232,385,385,1.249462366104126,494.7989501953125,2.7435648441314697,
multi_join_sift_wiki_1,join,B3,0.01,0.2,782168,7948,10420.642857142859,1.3111025235459057,385,385,1.2580342590808868,472.7889709472656,2.321883201599121,
multi_join_sift_wiki_1,join,B3,0.01,0.2,673362,8052,4169.750724637681,1.9310506866569719,385,385,1.2378254905343056,524.2796020507812,2.6439919471740723,
multi_join_sift_wiki_1,join,B3,0.01,0.2,83904,8081,10310.131505233672,1.275848472371448,385,385,1.4719823375344276,474.34765625,2.928945541381836,
multi_join_sift_wiki_1,join,B3,0.01,0.2,695261,8129,4127.679197994988,1.9693875444459557,385,385,1.3974448665976524,515.737060546875,2.5670652389526367,
multi_join_sift_wiki_1,join,B3,0.01,0.2,386245,8160,6183.11619047619,1.3197228951590445,385,385,1.3023512437939644,556.582763671875,2.7859504222869873,
multi_join_sift_wiki_1,join,B3,0.01,0.2,69504,8144,2076.0,3.922928709055877,385,385,1.2891991063952446,518.8878784179688,3.0938942432403564,
multi_join_sift_wiki_1,join,B3,0.01,0.2,681535,8089,10399.622023809523,1.2856498978624704,385,385,1.2598447501659393,470.57379150390625,3.186352491378784,
multi_join_sift_wiki_1,join,B3,0.01,0.2,696279,8043,10375.238095238095,1.2899711668827671,385,385,1.2526791542768478,487.88861083984375,2.6614370346069336,
multi_join_sift_wiki_1,join,B3,0.01,0.2,340223,8353,18812.450517598343,2.2521789198609294,385,385,1.4664111658930779,556.8862915039062,2.7366652488708496,
multi_join_sift_wiki_1,join,B3,0.01,0.2,690943,8395,8300.866666666667,1.0113401813465261,385,385,1.5680501237511635,558.5206909179688,3.105254888534546,
multi_join_sift_wiki_1,join,B3,0.01,0.2,636616,7965,12403.214212000588,1.5572145903327794,385,385,1.579243689775467,470.1650695800781,2.822864055633545,
multi_join_sift_wiki_1,join,B3,0.01,0.2,48106,8278,12406.98756265664,1.4987904762813047,385,385,1.5527298673987389,490.50250244140625,2.8765604496002197,
multi_join_sift_wiki_1,join,B3,0.01,0.2,352770,8223,16560.881666666668,2.013970773034983,385,385,1.5583885833621025,457.4383850097656,3.0234601497650146,
multi_join_sift_wiki_1,join,B3,0.01,0.2,536954,8373,20696.63968253968,2.4718308470726957,385,385,1.6689011827111244,586.05029296875,2.944667100906372,
multi_join_sift_wiki_1,join,B3,0.01,0.2,752067,8032,8234.837562656641,1.0252536806096415,385,385,1.4708815142512321,475.32525634765625,2.5798802375793457,
multi_join_sift_wiki_1,join,B3,0.01,0.2,602570,7943,6204.482857142857,1.2802033921095761,385,385,1.2258365750312805,501.6029052734375,2.6612396240234375,
multi_join_sift_wiki_1,join,B3,0.01,0.2,345404,7992,4152.0,1.9248554913294798,385,385,1.2367740273475647,520.9199829101562,2.7372653484344482,
multi_join_sift_wiki_1,join,B3,0.01,0.2,628777,7920,2052.6315789473683,3.8584615384615386,385,385,1.216110773384571,494.2821960449219,2.7295992374420166,
multi_join_sift_wiki_1,join,B3,0.01,0.2,137071,8217,12312.67619047619,1.4984393562706815,385,385,1.211521215736866,524.1223754882812,2.437206745147705,
multi_join_sift_wiki_1,join,B3,0.01,0.2,296404,7833,10447.858823529412,1.3338259700663107,385,385,1.2158937752246857,489.5136413574219,3.154475212097168,
multi_join_sift_wiki_1,join,B3,0.01,0.2,703153,8222,8313.13448142415,1.011084222990045,385,385,1.2798719108104706,464.6705017089844,3.1921608448028564,
multi_join_sift_wiki_1,join,B3,0.01,0.2,438962,8132,12410.7275,1.526159308903099,385,385,1.2392522767186165,548.7824096679688,2.468273162841797,
multi_join_sift_wiki_1,join,B3,0.01,0.2,33248,7960,10426.70168067227,1.3098871458130992,385,385,1.2447424232959747,471.7963562011719,2.1035821437835693,
multi_join_sift_wiki_1,join,B3,0.01,0.2,779894,8147,12423.606280193237,1.5249301927326915,385,385,12.153590098023415,520.0441284179688,2.428924083709717,
multi_join_sift_wiki_1,join,B3,0.01,0.2,304120,7854,4173.047619047619,1.882077732386973,385,385,1.3595391064882278,483.2489929199219,2.57894229888916,
multi_join_sift_wiki_1,join,B3,0.01,0.2,73745,7575,14623.386904761905,1.9304801194405155,385,385,1.2613069266080856,475.82330322265625,2.5097620487213135,
multi_join_sift_wiki_1,join,B3,0.01,0.2,516733,8156,8283.749137336094,1.0156632095801978,385,385,19.29595973342657,518.1920776367188,2.8653626441955566,
multi_join_sift_wiki_1,join,B3,0.01,0.2,181346,8085,8375.106442577031,1.0358820584510862,385,385,13.296963647007942,515.7211303710938,3.1206812858581543,
multi_join_sift_wiki_1,join,B3,0.01,0.2,620747,7857,4100.809523809524,1.9159631663899115,385,385,13.926895335316658,490.85638427734375,2.927414894104004,
multi_join_sift_wiki_1,join,B3,0.01,0.2,738510,7956,2103.8125,3.781705831674638,385,385,1.3665808364748955,484.3815612792969,2.402500629425049,
multi_join_sift_wiki_1,join,B3,0.01,0.2,111011,7852,8242.101904761905,1.0496818523639715,385,385,1.2909863144159317,619.6851196289062,2.744110584259033,
multi_join_sift_wiki_1,join,B3,0.01,0.2,426052,8049,8279.301904761905,1.028612486614723,385,385,1.2611914426088333,496.3959045410156,2.700775384902954,
multi_join_sift_wiki_1,join,B3,0.01,0.2,724169,8206,0.0,,385,385,1.2286650016903877,483.02764892578125,2.68540358543396,
multi_join_sift_wiki_1,join,B3,0.01,0.2,588630,8207,6315.652173913044,1.2994699160126668,385,385,25.486654601991177,489.6611022949219,2.7094972133636475,
multi_join_sift_wiki_1,join,B3,0.01,0.2,790256,8237,8337.445728291317,1.0121944552982054,385,385,1.8317671492695808,491.0397033691406,2.567054033279419,
multi_join_sift_wiki_1,join,B3,0.01,0.2,201003,8314,14430.089523809522,1.7356374216754296,385,385,1.6273297369480133,528.5396118164062,2.689554452896118,
multi_join_sift_wiki_1,join,B3,0.01,0.2,6443,7832,6294.0,1.244359707658087,385,385,24.20755848288536,494.25982666015625,2.4705615043640137,
multi_join_sift_wiki_1,join,B3,0.01,0.2,642763,8242,8273.75072463768,1.0038523082549964,385,385,14.850975014269352,507.8333435058594,2.4056813716888428,
multi_join_sift_wiki_1,join,B3,0.01,0.2,193392,8184,8410.434782608696,1.0276679841897234,385,385,1.7223330214619637,551.7854614257812,2.846799373626709,
multi_join_sift_wiki_1,join,B3,0.01,0.2,203755,7770,6298.8125,1.2335658507059863,385,385,1.6872519627213478,458.30963134765625,2.872863292694092,
multi_join_sift_wiki_1,join,B3,0.01,0.2,94462,8053,8306.78564057202,1.031514422025583,385,385,1.6596661880612373,470.1179504394531,2.8380818367004395,
multi_join_sift_wiki_1,join,B3,0.01,0.2,590890,8244,4211.920634920635,1.957301837942951,385,385,1.643359661102295,571.0032348632812,2.8598101139068604,
multi_join_sift_wiki_1,join,B3,0.01,0.2,783383,8169,8343.6,1.0213734851266985,385,385,20.757812075316906,510.24749755859375,2.81827974319458,
multi_join_sift_wiki_1,join,B3,0.01,0.2,737605,7694,10299.119047619048,1.3385909861735181,385,385,1.6546659171581268,456.04693603515625,2.8511314392089844,
multi_join_sift_wiki_1,join,B3,0.01,0.2,516560,7889,2050.4285714285716,3.8474883299658607,385,385,1.5929611399769783,541.2479248046875,3.073276996612549,
multi_join_sift_wiki_1,join,B3,0.01,0.2,137642,8163,6273.122282608696,1.3012658820043586,385,385,1.5544509515166283,562.4058837890625,2.7730391025543213,
multi_join_sift_wiki_1,join,B3,0.01,0.2,37803,7972,2098.0,3.799809342230696,385,385,1.5380466356873512,575.6770629882812,2.835411787033081,
multi_join_sift_wiki_1,join,B3,0.01,0.2,254800,8460,8380.185507246377,1.0095241916404605,385,385,1.5722941607236862,533.5266723632812,2.7787673473358154,
multi_join_sift_wiki_1,join,B3,0.01,0.2,605930,8547,16429.58761904762,1.9222636736922452,385,385,1.545448787510395,551.7850952148438,2.638248920440674,
multi_join_sift_wiki_1,join,B3,0.01,0.2,209329,8109,12473.238095238095,1.5381968300947213,385,385,1.5748599544167519,482.88226318359375,2.5807759761810303,
multi_join_sift_wiki_1,join,B3,0.01,0.2,766585,8436,14560.861697722568,1.7260386080752215,385,385,1.6858046874403954,549.4696044921875,2.9337518215179443,
multi_join_sift_wiki_1,join,B3,0.01,0.2,488782,7991,2052.6315789473683,3.893051282051282,385,385,1.552819274365902,455.7926025390625,3.0121567249298096,
multi_join_sift_wiki_1,join,B3,0.01,0.2,374559,8106,12531.01418067227,1.5458936813067197,385,385,1.56466756016016,471.97265625,2.954691171646118,
multi_join_sift_wiki_1,join,B3,0.01,0.2,111780,8063,2104.0588235294117,3.832117196455031,385,385,1.5279371291399002,481.65673828125,3.104321241378784,
multi_join_sift_wiki_1,join,B3,0.01,0.2,178188,8233,10444.71884057971,1.2686406948353832,385,385,1.5448890626430511,590.5484619140625,2.789363145828247,
multi_join_sift_wiki_1,join,B3,0.01,0.2,539857,8180,18774.545893719805,2.2951767596234482,385,385,1.555577851831913,558.6079711914062,2.654690980911255,
multi_join_sift_wiki_1,join,B3,0.01,0.2,781264,7890,8219.455555555556,1.041756090691452,385,385,1.5766220167279243,525.383056640625,2.5626325607299805,
multi_join_sift_wiki_1,join,B3,0.01,0.2,771184,8248,4116.533333333333,2.00362764785904,385,385,1.6216449439525604,577.2371215820312,2.5855629444122314,
multi_join_sift_wiki_1,join,B3,0.01,0.2,140785,7619,6247.5,1.2195278111244499,385,385,1.6530528664588928,497.9326477050781,2.6899919509887695,
multi_join_sift_wiki_1,join,B3,0.01,0.2,2505,7962,10443.19761904762,1.3116299446178874,385,385,1.6204891726374626,458.19384765625,2.455249309539795,
multi_join_sift_wiki_1,join,B3,0.01,0.2,526089,8232,12390.761904761905,1.5051945948447405,385,385,1.5856306999921799,578.9044799804688,2.6229450702667236,
multi_join_sift_wiki_1,join,B3,0.01,0.2,608072,8242,4140.533333333333,1.9905648225671413,385,385,1.6627339646220207,571.7614135742188,2.957862377166748,
multi_join_sift_wiki_1,join,B3,0.01,0.2,224837,8087,6182.452307238685,1.3080569971451923,385,385,1.5611182898283005,477.940673828125,3.115856409072876,
multi_join_sift_wiki_1,join,B3,0.01,0.2,386133,7969,12631.304347826088,1.5850551321152073,385,385,1.5394901856780052,566.1602172851562,2.7471389770507812,
multi_join_sift_wiki_1,join,B3,0.01,0.2,487850,8122,10526.08695652174,1.2959969165872618,385,385,1.5500672161579132,561.3308715820312,2.3273634910583496,
multi_join_sift_wiki_1,join,B3,0.01,0.2,340195,7720,4150.0952380952385,1.8601982742794196,385,385,1.5854686498641968,483.9326477050781,2.8599026203155518,
multi_join_sift_wiki_1,join,B3,0.01,0.2,122774,7782,4172.15,1.865225363421737,385,385,1.5761880204081535,472.743896484375,2.306730031967163,
multi_join_sift_wiki_1,join,B3,0.01,0.2,690833,8140,6292.5921568627455,1.2935845510220234,385,385,1.55665073543787,532.3489379882812,3.103199005126953,
multi_join_sift_wiki_1,join,B3,0.01,0.2,686759,8112,8298.39523809524,1.022977716727717,385,385,1.6055405139923096,464.8583679199219,3.090532064437866,
multi_join_sift_wiki_1,join,B3,0.01,0.2,154430,7848,4150.0952380952385,1.891040939966954,385,385,1.5260297805070877,483.2142333984375,2.479921579360962,
multi_join_sift_wiki_1,join,B3,0.01,0.2,630926,7998,12286.607695709863,1.5362100144673496,385,385,1.5272283926606178,478.9911193847656,3.065295457839966,
multi_join_sift_wiki_1,join,B3,0.01,0.2,255248,8028,10260.0,1.2780269058295963,385,385,1.5554223209619522,567.5432739257812,2.471759796142578,
multi_join_sift_wiki_1,join,B3,0.01,0.2,48107,8344,2052.6315789473683,4.065025641025641,385,385,1.5458567067980766,492.43731689453125,2.8765604496002197,
multi_join_sift_wiki_1,join,B3,0.01,0.2,717611,8087,2105.217391304348,3.8414085088806273,385,385,1.5422394499182701,497.1119689941406,2.2551217079162598,
multi_join_sift_wiki_1,join,B3,0.01,0.2,559097,8448,0.0,,385,385,1.5711421146988869,543.9766845703125,3.0143213272094727,
multi_join_sift_wiki_1,join,B3,0.01,0.2,527854,8076,8288.333333333332,1.0262918936767376,385,385,1.5563666820526123,595.359375,2.7587831020355225,
multi_join_sift_wiki_1,join,B3,0.01,0.2,692258,8315,6188.7303571428565,1.3435712206144292,385,385,1.5678759664297104,558.8451538085938,3.455446243286133,
multi_join_sift_wiki_1,join,B3,0.01,0.2,344709,7858,12496.190476190477,1.5902507605230947,385,385,1.5431540086865425,493.5136413574219,2.3495209217071533,
multi_join_sift_wiki_1,join,B3,0.01,0.2,414737,8216,14475.514379084967,1.7618688387396504,385,385,1.5506353229284286,557.2598266601562,3.0020830631256104,
multi_join_sift_wiki_1,join,B3,0.01,0.2,362610,8272,6286.434782608696,1.315849171438847,385,385,10.710367932915688,557.9852294921875,2.879486083984375,
multi_join_sift_wiki_1,join,B3,0.01,0.2,129857,8004,10256.392156862745,1.2814083154501181,385,385,1.409255899488926,496.1811218261719,2.723562479019165,
multi_join_sift_wiki_1,join,B3,0.01,0.2,210898,8057,10258.70426065163,1.2732660122442137,385,385,1.3059014454483986,495.0474853515625,2.4897570610046387,
multi_join_sift_wiki_1,join,B3,0.01,0.2,793779,8101,8174.138026224983,1.0090282713523,385,385,1.2887092307209969,537.7359008789062,2.6217916011810303,
multi_join_sift_wiki_1,join,B3,0.01,0.2,634727,8088,12446.92992263267,1.5389379231741678,385,385,1.2479759752750397,569.2230834960938,2.382875442504883,
multi_join_sift_wiki_1,join,B3,0.01,0.2,351141,8346,6228.676190476191,1.3399315913646712,385,385,1.261434517800808,577.1056518554688,2.7925963401794434,
multi_join_sift_wiki_1,join,B3,0.01,0.2,611020,8190,6205.660833333333,1.3197627488772683,385,385,7.337875664234161,602.3656616210938,2.54848575592041,
multi_join_sift_wiki_1,join,B3,0.01,0.3,145860,8022,6260.256578947368,1.2814171270515018,385,385,1.2673158198595047,493.20147705078125,2.7791433334350586,
multi_join_sift_wiki_1,join,B3,0.01,0.3,359095,8187,8233.742857142857,1.0057093999197333,385,385,1.2295842170715332,587.4684448242188,2.330082654953003,
multi_join_sift_wiki_1,join,B3,0.01,0.3,286093,7943,4116.533333333333,1.9295361793094516,385,385,1.308618113398552,602.8929443359375,2.1552388668060303,
multi_join_sift_wiki_1,join,B3,0.01,0.3,781121,8085,8323.142857142859,1.0294548988426542,385,385,1.2516425922513008,514.0215454101562,2.2795467376708984,
multi_join_sift_wiki_1,join,B3,0.01,0.3,142780,7783,4171.65,1.8656886363908767,385,385,1.2235771864652634,473.2214050292969,2.7598116397857666,
multi_join_sift_wiki_1,join,B3,0.01,0.3,428790,7865,12554.625129399587,1.5962651149904115,385,385,7.249032147228718,537.9324340820312,2.257038116455078,
multi_join_sift_wiki_1,join,B3,0.01,0.3,322723,7932,10453.55,1.3178958648512353,385,385,1.2546870857477188,459.1468200683594,2.8452041149139404,
multi_join_sift_wiki_1,join,B3,0.01,0.3,588557,7764,10340.0625,1.3317957882534777,385,385,1.2232018634676933,591.347412109375,2.8811392784118652,
multi_join_sift_wiki_1,join,B3,0.01,0.3,263638,8222,14640.392857142859,1.7806364457726658,385,385,1.2285392731428146,475.7867126464844,3.1491057872772217,
multi_join_sift_wiki_1,join,B3,0.01,0.3,693614,8312,6156.0,1.350227420402859,385,385,1.216174103319645,562.9500732421875,2.3145997524261475,
multi_join_sift_wiki_1,join,B3,0.01,0.3,546912,8196,4150.433333333333,1.974733561957386,385,385,1.219913363456726,570.2767333984375,3.094848394393921,
multi_join_sift_wiki_1,join,B3,0.01,0.3,444449,8184,12338.626748029494,1.5076523396907984,385,385,7.219696417450905,530.9553833007812,2.622706890106201,
multi_join_sift_wiki_1,join,B3,0.01,0.3,663176,8137,10449.69040247678,1.284219049093865,385,385,1.2335600331425667,454.77838134765625,2.3369600772857666,
multi_join_sift_wiki_1,join,B3,0.01,0.3,763999,7786,2098.0,3.71115347950429,385,385,1.2494754046201706,494.7989501953125,2.7435648441314697,
multi_join_sift_wiki_1,join,B3,0.01,0.3,782168,7948,10489.5,1.319765978862607,385,385,1.2171920388936996,472.7889709472656,2.321883201599121,
multi_join_sift_wiki_1,join,B3,0.01,0.3,673362,8052,2105.217391304348,3.824783147459727,385,385,1.2131007388234138,524.2796020507812,2.6439919471740723,
multi_join_sift_wiki_1,join,B3,0.01,0.3,83904,8081,6155.336309523809,1.312844594290765,385,385,1.2201806530356407,474.34765625,2.928945541381836,
multi_join_sift_wiki_1,join,B3,0.01,0.3,695261,8129,6305.125,1.2892686505025674,385,385,1.2076273560523987,515.737060546875,2.5670652389526367,
multi_join_sift_wiki_1,join,B3,0.01,0.3,386245,8160,4118.582857142857,1.9812640131418295,385,385,1.1992501094937325,556.582763671875,2.7859504222869873,
multi_join_sift_wiki_1,join,B3,0.01,0.3,69504,8144,2105.217391304348,3.86848409748038,385,385,1.2121712788939476,518.8878784179688,3.0938942432403564,
multi_join_sift_wiki_1,join,B3,0.01,0.3,681535,8089,12504.180847338936,1.5458252994608648,385,385,1.1931946501135826,470.57379150390625,3.186352491378784,
multi_join_sift_wiki_1,join,B3,0.01,0.3,696279,8043,2103.8125,3.823059326817385,385,385,7.163532078266144,487.88861083984375,2.6614370346069336,
multi_join_sift_wiki_1,join,B3,0.01,0.3,340223,8353,8386.434782608696,1.0040027274761998,385,385,1.2067705392837524,556.8862915039062,2.7366652488708496,
multi_join_sift_wiki_1,join,B3,0.01,0.3,690943,8395,4169.750724637681,2.0133098006067165,385,385,1.2043677270412445,558.5206909179688,3.105254888534546,
multi_join_sift_wiki_1,join,B3,0.01,0.3,636616,7965,4201.558823529412,1.8957249760243047,385,385,1.2101009488105774,470.1650695800781,2.822864055633545,
multi_join_sift_wiki_1,join,B3,0.01,0.3,48106,8278,6225.179197994988,1.3297609171903335,385,385,1.2168008834123611,490.50250244140625,2.8765604496002197,
multi_join_sift_wiki_1,join,B3,0.01,0.3,352770,8223,2062.6875,3.9865466775747658,385,385,1.208016648888588,457.4383850097656,3.0234601497650146,
multi_join_sift_wiki_1,join,B3,0.01,0.3,536954,8373,8261.893581780538,1.0134480572909434,385,385,1.223163679242134,586.05029296875,2.944667100906372,
multi_join_sift_wiki_1,join,B3,0.01,0.3,752067,8032,2103.8125,3.8178307239832447,385,385,1.2302156537771225,475.32525634765625,2.5798802375793457,
multi_join_sift_wiki_1,join,B3,0.01,0.3,602570,7943,10301.022857142856,1.2968680419416916,385,385,1.213187351822853,501.6029052734375,2.6612396240234375,
multi_join_sift_wiki_1,join,B3,0.01,0.3,345404,7992,6216.533333333333,1.2856039807824298,385,385,1.2287981808185577,520.9199829101562,2.7372653484344482,
multi_join_sift_wiki_1,join,B3,0.01,0.3,628777,7920,2025.7619047619048,3.909640111892057,385,385,11.786510236561298,494.2821960449219,2.7295992374420166,
multi_join_sift_wiki_1,join,B3,0.01,0.3,137071,8217,10293.9,1.252756480467324,385,385,1.3264967128634453,524.1223754882812,2.437206745147705,
multi_join_sift_wiki_1,join,B3,0.01,0.3,296404,7833,6223.347619047619,1.2586473517927497,385,385,1.2889113277196884,489.5136413574219,3.154475212097168,
multi_join_sift_wiki_1,join,B3,0.01,0.3,703153,8222,8308.029551820728,1.0104633363926938,385,385,1.2462083250284195,464.6705017089844,3.1921608448028564,
multi_join_sift_wiki_1,join,B3,0.01,0.3,438962,8132,12273.606666666667,1.5092974258075094,385,385,13.245887123048306,548.7824096679688,2.468273162841797,
multi_join_sift_wiki_1,join,B3,0.01,0.3,33248,7960,4150.0952380952385,1.9180282724435467,385,385,1.289580948650837,471.7963562011719,2.1035821437835693,
multi_join_sift_wiki_1,join,B3,0.01,0.3,779894,8147,16567.78557625949,2.0336056924339623,385,385,1.2947050854563713,520.0441284179688,2.428924083709717,
multi_join_sift_wiki_1,join,B3,0.01,0.3,304120,7854,2074.15,3.786611382976159,385,385,1.257338561117649,483.2489929199219,2.57894229888916,
multi_join_sift_wiki_1,join,B3,0.01,0.3,73745,7575,4178.860119047619,1.8126952767508226,385,385,1.2542493641376495,475.82330322265625,2.5097620487213135,
multi_join_sift_wiki_1,join,B3,0.01,0.3,516733,8156,12631.304347826088,1.5487131373008935,385,385,1.2396080419421196,518.1920776367188,2.8653626441955566,
multi_join_sift_wiki_1,join,B3,0.01,0.3,181346,8085,14676.323833881379,1.8152534117354828,385,385,13.413830660283566,515.7211303710938,3.1206812858581543,
multi_join_sift_wiki_1,join,B3,0.01,0.3,620747,7857,8368.047619047618,1.065043606853458,385,385,1.302400603890419,490.85638427734375,2.927414894104004,
multi_join_sift_wiki_1,join,B3,0.01,0.3,738510,7956,6282.672619047619,1.266340056599358,385,385,1.2424914166331291,484.3815612792969,2.402500629425049,
multi_join_sift_wiki_1,join,B3,0.01,0.3,111011,7852,6165.342857142858,1.2735706970299414,385,385,1.2336652725934982,619.6851196289062,2.744110584259033,
multi_join_sift_wiki_1,join,B3,0.01,0.3,426052,8049,6208.88,1.2963690713945188,385,385,1.2405645102262497,496.3959045410156,2.700775384902954,
multi_join_sift_wiki_1,join,B3,0.01,0.3,724169,8206,10455.756578947368,1.2741599535641444,385,385,13.387446291744709,483.02764892578125,2.68540358543396,
multi_join_sift_wiki_1,join,B3,0.01,0.3,588630,8207,12580.185507246377,1.5328604249112192,385,385,1.3577435165643692,489.6611022949219,2.7094972133636475,
multi_join_sift_wiki_1,join,B3,0.01,0.3,790256,8237,4207.625,1.9576364338552033,385,385,1.2823231518268585,491.0397033691406,2.567054033279419,
multi_join_sift_wiki_1,join,B3,0.01,0.3,201003,8314,8230.042857142857,1.010201300809057,385,385,1.2984443455934525,528.5396118164062,2.689554452896118,
multi_join_sift_wiki_1,join,B3,0.01,0.3,6443,7832,8392.0,1.0715015321756896,385,385,1.3919807970523834,494.25982666015625,2.4705615043640137,
multi_join_sift_wiki_1,join,B3,0.01,0.3,642763,8242,16693.155555555557,2.0253767963547147,385,385,1.6495799645781517,507.8333435058594,2.4056813716888428,
multi_join_sift_wiki_1,join,B3,0.01,0.3,193392,8184,4150.433333333333,1.971842297591416,385,385,1.614823006093502,551.7854614257812,2.846799373626709,
multi_join_sift_wiki_1,join,B3,0.01,0.3,203755,7770,4078.393483709273,1.9051619298227287,385,385,1.582612283527851,458.30963134765625,2.872863292694092,
multi_join_sift_wiki_1,join,B3,0.01,0.3,94462,8053,10461.77906162465,1.2991157409194896,385,385,1.7101699486374855,470.1179504394531,2.8380818367004395,
multi_join_sift_wiki_1,join,B3,0.01,0.3,590890,8244,4102.428571428572,2.009541386635094,385,385,1.5701577067375183,571.0032348632812,2.8598101139068604,
multi_join_sift_wiki_1,join,B3,0.01,0.3,783383,8169,12370.966666666665,1.5143795650222385,385,385,1.6336580738425255,510.24749755859375,2.81827974319458,
multi_join_sift_wiki_1,join,B3,0.01,0.3,737605,7694,4129.574404761905,1.8631459917825615,385,385,1.5579666942358017,456.04693603515625,2.8511314392089844,
multi_join_sift_wiki_1,join,B3,0.01,0.3,516560,7889,8322.233333333334,1.05491612794186,385,385,1.6460390761494637,541.2479248046875,3.073276996612549,
multi_join_sift_wiki_1,join,B3,0.01,0.3,137642,8163,10418.4825310559,1.2763055899860225,385,385,1.8243007361888885,562.4058837890625,2.7730391025543213,
multi_join_sift_wiki_1,join,B3,0.01,0.3,37803,7972,4203.217391304348,1.8966423236857892,385,385,1.583377830684185,575.6770629882812,2.835411787033081,
multi_join_sift_wiki_1,join,B3,0.01,0.3,254800,8460,12462.284057971014,1.4730832219823893,385,385,1.5754038468003273,533.5266723632812,2.7787673473358154,
multi_join_sift_wiki_1,join,B3,0.01,0.3,605930,8547,6158.725714285714,1.3877870839700606,385,385,1.5297038480639458,551.7850952148438,2.638248920440674,
multi_join_sift_wiki_1,join,B3,0.01,0.3,209329,8109,4173.047619047619,1.943184152269667,385,385,1.5947408974170685,482.88226318359375,2.5807759761810303,
multi_join_sift_wiki_1,join,B3,0.01,0.3,766585,8436,18895.83768115942,2.239904893451804,385,385,1.5411470085382462,549.4696044921875,2.9337518215179443,
multi_join_sift_wiki_1,join,B3,0.01,0.3,488782,7991,14542.06775210084,1.8198057504818972,385,385,1.6265800222754478,455.7926025390625,3.0121567249298096,
multi_join_sift_wiki_1,join,B3,0.01,0.3,374559,8106,18761.579191024237,2.3145298779946013,385,385,1.5950882807374,471.97265625,2.954691171646118,
multi_join_sift_wiki_1,join,B3,0.01,0.3,111780,8063,2104.0588235294117,3.832117196455031,385,385,1.61027442663908,481.65673828125,3.104321241378784,
multi_join_sift_wiki_1,join,B3,0.01,0.3,178188,8233,6315.652173913044,1.3035866721740326,385,385,1.3041887432336807,590.5484619140625,2.789363145828247,
multi_join_sift_wiki_1,join,B3,0.01,0.3,539857,8180,6179.047619047619,1.3238286066584464,385,385,1.2559369206428528,558.6079711914062,2.654690980911255,
multi_join_sift_wiki_1,join,B3,0.01,0.3,781264,7890,6195.606280193237,1.2734831174188035,385,385,1.247144304215908,525.383056640625,2.5626325607299805,
multi_join_sift_wiki_1,join,B3,0.01,0.3,771184,8248,6275.777777777777,1.3142594100775469,385,385,1.274685375392437,577.2371215820312,2.5855629444122314,
multi_join_sift_wiki_1,join,B3,0.01,0.3,140785,7619,6293.0,1.2107103130462418,385,385,1.2417659163475037,497.9326477050781,2.6899919509887695,
multi_join_sift_wiki_1,join,B3,0.01,0.3,2505,7962,12492.997619047619,1.5690778220356216,385,385,3.4107333049178123,458.19384765625,2.455249309539795,
multi_join_sift_wiki_1,join,B3,0.01,0.3,526089,8232,6202.4333333333325,1.327221036904871,385,385,1.3283183798193932,578.9044799804688,2.6229450702667236,
multi_join_sift_wiki_1,join,B3,0.01,0.3,608072,8242,8310.284057971014,1.0082848893437288,385,385,1.2972010299563408,571.7614135742188,2.957862377166748,
multi_join_sift_wiki_1,join,B3,0.01,0.3,224837,8087,4129.820728291316,1.9581963799542306,385,385,1.280847005546093,477.940673828125,3.115856409072876,
multi_join_sift_wiki_1,join,B3,0.01,0.3,386133,7969,14518.9966873706,1.8219345824282345,385,385,1.2566279619932175,566.1602172851562,2.7471389770507812,
multi_join_sift_wiki_1,join,B3,0.01,0.3,487850,8122,12508.185507246377,1.540037614780396,385,385,1.2440187856554985,561.3308715820312,2.3273634910583496,
multi_join_sift_wiki_1,join,B3,0.01,0.3,340195,7720,10404.510248447205,1.3477344881408295,385,385,1.2687761336565018,483.9326477050781,2.8599026203155518,
multi_join_sift_wiki_1,join,B3,0.01,0.3,122774,7782,6246.697619047619,1.2457782454958106,385,385,1.2279069051146507,472.743896484375,2.306730031967163,
multi_join_sift_wiki_1,join,B3,0.01,0.3,690833,8140,12561.402898550725,1.5431698892568457,385,385,1.264660619199276,532.3489379882812,3.103199005126953,
multi_join_sift_wiki_1,join,B3,0.01,0.3,686759,8112,2074.15,3.9109996866186147,385,385,3.7215743213891983,464.8583679199219,3.090532064437866,
multi_join_sift_wiki_1,join,B3,0.01,0.3,154430,7848,10383.482142857143,1.3230736675404107,385,385,1.27505324780941,483.2142333984375,2.479921579360962,
multi_join_sift_wiki_1,join,B3,0.01,0.3,630926,7998,2025.7619047619048,3.9481441432970543,385,385,1.2408019974827766,478.9911193847656,3.065295457839966,
multi_join_sift_wiki_1,join,B3,0.01,0.3,255248,8028,2052.0,3.912280701754386,385,385,1.3145264238119125,567.5432739257812,2.471759796142578,
multi_join_sift_wiki_1,join,B3,0.01,0.3,48107,8344,8306.539317042607,1.0045097821761386,385,385,3.5260478034615517,492.43731689453125,2.8765604496002197,
multi_join_sift_wiki_1,join,B3,0.01,0.3,717611,8087,10410.284057971014,1.2872862690702378,385,385,1.2668576091527939,497.1119689941406,2.2551217079162598,
multi_join_sift_wiki_1,join,B3,0.01,0.3,559097,8448,4164.34,2.0286527997233654,385,385,1.2410776689648628,543.9766845703125,3.0143213272094727,
multi_join_sift_wiki_1,join,B3,0.01,0.3,527854,8076,6178.428571428572,1.3071284885199657,385,385,1.219860278069973,595.359375,2.7587831020355225,
multi_join_sift_wiki_1,join,B3,0.01,0.3,692258,8315,12364.542857142857,1.4870165793316725,385,385,1.2257378548383713,558.8451538085938,3.455446243286133,
multi_join_sift_wiki_1,join,B3,0.01,0.3,344709,7858,6248.0952380952385,1.257663287859157,385,385,1.223759725689888,493.5136413574219,2.3495209217071533,
multi_join_sift_wiki_1,join,B3,0.01,0.3,414737,8216,12406.531746031746,1.5100452465958794,385,385,1.2148544192314148,557.2598266601562,3.0020830631256104,
multi_join_sift_wiki_1,join,B3,0.01,0.3,362610,8272,6245.750724637681,1.3244204523516048,385,385,1.2135999277234077,557.9852294921875,2.879486083984375,
multi_join_sift_wiki_1,join,B3,0.01,0.3,129857,8004,12423.525062656641,1.5521645505568018,385,385,19.506370648741722,496.1811218261719,2.723562479019165,
multi_join_sift_wiki_1,join,B3,0.01,0.3,210898,8057,6104.1553884711775,1.3199205274520254,385,385,1.715807244181633,495.0474853515625,2.4897570610046387,
multi_join_sift_wiki_1,join,B3,0.01,0.3,793779,8101,8391.117391304348,1.0358125405881184,385,385,1.6819871962070465,537.7359008789062,2.6217916011810303,
multi_join_sift_wiki_1,join,B3,0.01,0.3,634727,8088,8334.031578947368,1.0304193346868655,385,385,1.6282200813293457,569.2230834960938,2.382875442504883,
multi_join_sift_wiki_1,join,B3,0.01,0.3,351141,8346,2078.44,4.015511633725294,385,385,1.6427533701062202,577.1056518554688,2.7925963401794434,
multi_join_sift_wiki_1,join,B3,0.01,0.3,611020,8190,10307.422738095238,1.2585375748590033,385,385,13.51352222263813,602.3656616210938,2.54848575592041,
multi_join_sift_wiki_1,join,B3,0.01,0.4,145860,8022,8351.444078947368,1.0410675740398116,385,385,1.3483809307217598,493.20147705078125,2.7791433334350586,
multi_join_sift_wiki_1,join,B3,0.01,0.4,359095,8187,10432.139613526571,1.2742322723252195,385,385,1.2614922598004341,587.4684448242188,2.330082654953003,
multi_join_sift_wiki_1,join,B3,0.01,0.4,286093,7943,10285.066666666666,1.2948592051701706,385,385,1.237187534570694,602.8929443359375,2.1552388668060303,
multi_join_sift_wiki_1,join,B3,0.01,0.4,781121,8085,6253.9077380952385,1.2927916973815894,385,385,1.2205885723233223,514.0215454101562,2.2795467376708984,
multi_join_sift_wiki_1,join,B3,0.01,0.4,142780,7783,6247.197619047619,1.2458386103026005,385,385,1.3739997521042824,473.2214050292969,2.7598116397857666,
multi_join_sift_wiki_1,join,B3,0.01,0.4,428790,7865,6247.5952380952385,1.2588843707483641,385,385,1.5685856342315674,537.9324340820312,2.257038116455078,
multi_join_sift_wiki_1,join,B3,0.01,0.4,322723,7932,6270.547619047619,1.2649612891712199,385,385,1.5718787908554077,459.1468200683594,2.8452041149139404,
multi_join_sift_wiki_1,join,B3,0.01,0.4,588557,7764,8268.142857142857,1.064933392213145,385,385,1.6129957512021065,591.347412109375,2.8811392784118652,
multi_join_sift_wiki_1,join,B3,0.01,0.4,263638,8222,4149.19761904762,1.981587949018255,385,385,1.611020416021347,475.7867126464844,3.1491057872772217,
multi_join_sift_wiki_1,join,B3,0.01,0.4,693614,8312,10272.533333333333,1.2358678216233556,385,385,13.453331775963306,562.9500732421875,2.3145997524261475,
multi_join_sift_wiki_1,join,B3,0.01,0.4,546912,8196,2085.9,3.929239177333525,385,385,1.3266969472169876,570.2767333984375,3.094848394393921,
multi_join_sift_wiki_1,join,B3,0.01,0.4,444449,8184,8362.434782608696,1.0218028815504272,385,385,1.262931153178215,530.9553833007812,2.622706890106201,
multi_join_sift_wiki_1,join,B3,0.01,0.4,663176,8137,6149.023809523809,1.3232994784305678,385,385,1.2369602918624878,454.77838134765625,2.3369600772857666,
multi_join_sift_wiki_1,join,B3,0.01,0.4,763999,7786,6270.547619047619,1.241677836294392,385,385,1.2860167771577835,494.7989501953125,2.7435648441314697,
multi_join_sift_wiki_1,join,B3,0.01,0.4,782168,7948,10465.547619047618,1.3167523426079037,385,385,14.738377183675766,472.7889709472656,2.321883201599121,
multi_join_sift_wiki_1,join,B3,0.01,0.4,673362,8052,10404.034782608696,1.292105661029396,385,385,1.6589118167757988,524.2796020507812,2.6439919471740723,
multi_join_sift_wiki_1,join,B3,0.01,0.4,83904,8081,8257.253602756893,1.021810865333114,385,385,1.5705199912190437,474.34765625,2.928945541381836,
multi_join_sift_wiki_1,join,B3,0.01,0.4,695261,8129,10432.767857142859,1.2834011387800293,385,385,14.629035256803036,515.737060546875,2.5670652389526367,
multi_join_sift_wiki_1,join,B3,0.01,0.4,386245,8160,8195.247619047619,1.0043195611577964,385,385,1.7523253336548805,556.582763671875,2.7859504222869873,
multi_join_sift_wiki_1,join,B3,0.01,0.4,69504,8144,6245.750724637681,1.3039265188529339,385,385,1.7099734395742416,518.8878784179688,3.0938942432403564,
multi_join_sift_wiki_1,join,B3,0.01,0.4,681535,8089,8246.52380952381,1.0194738298335777,385,385,14.78591188788414,470.57379150390625,3.186352491378784,
multi_join_sift_wiki_1,join,B3,0.01,0.4,696279,8043,6225.142857142858,1.2920185423168715,385,385,1.6760975122451782,487.88861083984375,2.6614370346069336,
multi_join_sift_wiki_1,join,B3,0.01,0.4,340223,8353,10453.552173913044,1.2514727850967369,385,385,14.540483243763447,556.8862915039062,2.7366652488708496,
multi_join_sift_wiki_1,join,B3,0.01,0.4,690943,8395,6234.284057971015,1.3465860589503205,385,385,1.288226805627346,558.5206909179688,3.105254888534546,
multi_join_sift_wiki_1,join,B3,0.01,0.4,636616,7965,6149.023809523809,1.2953275587685231,385,385,1.2792730703949928,470.1650695800781,2.822864055633545,
multi_join_sift_wiki_1,join,B3,0.01,0.4,48106,8278,6225.179197994988,1.3297609171903335,385,385,1.2176577001810074,490.50250244140625,2.8765604496002197,
multi_join_sift_wiki_1,join,B3,0.01,0.4,352770,8223,10416.987301587302,1.2668110545527547,385,385,1.2008072808384895,457.4383850097656,3.0234601497650146,
multi_join_sift_wiki_1,join,B3,0.01,0.4,536954,8373,10249.495238095238,1.2241126523462604,385,385,6.631822325289249,586.05029296875,2.944667100906372,
multi_join_sift_wiki_1,join,B3,0.01,0.4,752067,8032,6260.256578947368,1.2830145056691178,385,385,1.245812512934208,475.32525634765625,2.5798802375793457,
multi_join_sift_wiki_1,join,B3,0.01,0.4,602570,7943,18677.36253968254,2.3514242149921367,385,385,1.2130215764045715,501.6029052734375,2.6612396240234375,
multi_join_sift_wiki_1,join,B3,0.01,0.4,345404,7992,6190.961904761905,1.2909140975092723,385,385,1.2085558846592903,520.9199829101562,2.7372653484344482,
multi_join_sift_wiki_1,join,B3,0.01,0.4,628777,7920,10281.65664160401,1.2981889698994962,385,385,1.1986494064331055,494.2821960449219,2.7295992374420166,
multi_join_sift_wiki_1,join,B3,0.01,0.4,137071,8217,10260.0,1.248630887185104,385,385,3.350784070789814,524.1223754882812,2.437206745147705,
multi_join_sift_wiki_1,join,B3,0.01,0.4,296404,7833,8404.117647058823,1.0729117384219102,385,385,1.6811657696962357,489.5136413574219,3.154475212097168,
multi_join_sift_wiki_1,join,B3,0.01,0.4,703153,8222,6203.970728291317,1.3252802696998676,385,385,1.6035865992307663,464.6705017089844,3.1921608448028564,
multi_join_sift_wiki_1,join,B3,0.01,0.4,438962,8132,14397.31111111111,1.7704514401267966,385,385,1.5964275225996971,548.7824096679688,2.468273162841797,
multi_join_sift_wiki_1,join,B3,0.01,0.4,33248,7960,4150.0952380952385,1.9180282724435467,385,385,8.837644942104816,471.7963562011719,2.1035821437835693,
multi_join_sift_wiki_1,join,B3,0.01,0.4,779894,8147,4181.217391304348,1.9484755843939772,385,385,1.4160582795739174,520.0441284179688,2.428924083709717,
multi_join_sift_wiki_1,join,B3,0.01,0.4,304120,7854,6247.197619047619,1.2572037061951207,385,385,1.2368019670248032,483.2489929199219,2.57894229888916,
multi_join_sift_wiki_1,join,B3,0.01,0.4,73745,7575,6282.672619047619,1.205697075005045,385,385,1.2310976162552834,475.82330322265625,2.5097620487213135,
multi_join_sift_wiki_1,join,B3,0.01,0.4,516733,8156,2105.217391304348,3.874184221396117,385,385,1.2411847710609436,518.1920776367188,2.8653626441955566,
multi_join_sift_wiki_1,join,B3,0.01,0.4,181346,8085,10371.857142857143,1.2828518420355155,385,385,1.2041013687849045,515.7211303710938,3.1206812858581543,
multi_join_sift_wiki_1,join,B3,0.01,0.4,620747,7857,6204.868347338936,1.2662637722796504,385,385,1.2024007737636566,490.85638427734375,2.927414894104004,
multi_join_sift_wiki_1,join,B3,0.01,0.4,738510,7956,6225.142857142858,1.2780429594272076,385,385,1.199004240334034,484.3815612792969,2.402500629425049,
multi_join_sift_wiki_1,join,B3,0.01,0.4,111011,7852,2105.217391304348,3.7297810821974386,385,385,1.1999690905213356,619.6851196289062,2.744110584259033,
multi_join_sift_wiki_1,join,B3,0.01,0.4,426052,8049,8313.76,1.0328935271462294,385,385,1.199008896946907,496.3959045410156,2.700775384902954,
multi_join_sift_wiki_1,join,B3,0.01,0.4,724169,8206,14601.934523809523,1.7794217065329665,385,385,16.15762524306774,483.02764892578125,2.68540358543396,
multi_join_sift_wiki_1,join,B3,0.01,0.4,588630,8207,4180.265010351967,1.9632726584741076,385,385,26.24942548573017,489.6611022949219,2.7094972133636475,
multi_join_sift_wiki_1,join,B3,0.01,0.4,790256,8237,8254.460776942356,1.0021197980991086,385,385,8.003962226212025,491.0397033691406,2.567054033279419,
multi_join_sift_wiki_1,join,B3,0.01,0.4,201003,8314,6144.142857142857,1.3531586412146295,385,385,1.8229493871331215,528.5396118164062,2.689554452896118,
multi_join_sift_wiki_1,join,B3,0.01,0.4,6443,7832,14662.15,1.872082482124617,385,385,1.7809420824050903,494.25982666015625,2.4705615043640137,
multi_join_sift_wiki_1,join,B3,0.01,0.4,642763,8242,10248.142857142857,1.243404860124103,385,385,1.6806311905384064,507.8333435058594,2.4056813716888428,
multi_join_sift_wiki_1,join,B3,0.01,0.4,193392,8184,8321.75072463768,1.016831711221613,385,385,1.5750778838992119,551.7854614257812,2.846799373626709,
multi_join_sift_wiki_1,join,B3,0.01,0.4,203755,7770,6270.047619047619,1.239225038163301,385,385,1.262640580534935,458.30963134765625,2.872863292694092,
multi_join_sift_wiki_1,join,B3,0.01,0.4,94462,8053,4150.0952380952385,1.940437396732146,385,385,1.2390464544296265,470.1179504394531,2.8380818367004395,
multi_join_sift_wiki_1,join,B3,0.01,0.4,590890,8244,2064.5333333333333,3.9931542237148023,385,385,1.2248866260051727,571.0032348632812,2.8598101139068604,
multi_join_sift_wiki_1,join,B3,0.01,0.4,783383,8169,14478.233333333334,1.7723385155261762,385,385,15.683657489717007,510.24749755859375,2.81827974319458,
multi_join_sift_wiki_1,join,B3,0.01,0.4,737605,7694,8296.309523809525,1.0782830158317553,385,385,1.4253752306103706,456.04693603515625,2.8511314392089844,
multi_join_sift_wiki_1,join,B3,0.01,0.4,516560,7889,12411.791428571429,1.5733035148398313,385,385,1.2712245807051659,541.2479248046875,3.073276996612549,
multi_join_sift_wiki_1,join,B3,0.01,0.4,137642,8163,4181.217391304348,1.952302221113052,385,385,1.2417491525411606,562.4058837890625,2.7730391025543213,
multi_join_sift_wiki_1,join,B3,0.01,0.4,37803,7972,4195.0,1.900357568533969,385,385,1.2517785653471947,575.6770629882812,2.835411787033081,
multi_join_sift_wiki_1,join,B3,0.01,0.4,254800,8460,8406.061835748793,1.0064165795238171,385,385,13.362755998969078,533.5266723632812,2.7787673473358154,
multi_join_sift_wiki_1,join,B3,0.01,0.4,605930,8547,6166.185714285714,1.3861081057287092,385,385,1.6688788309693336,551.7850952148438,2.638248920440674,
multi_join_sift_wiki_1,join,B3,0.01,0.4,209329,8109,10435.577639751555,1.2869130151376933,385,385,1.6569215804338455,482.88226318359375,2.5807759761810303,
multi_join_sift_wiki_1,join,B3,0.01,0.4,766585,8436,6286.434782608696,1.3419370902149554,385,385,1.6746986657381058,549.4696044921875,2.9337518215179443,
multi_join_sift_wiki_1,join,B3,0.01,0.4,488782,7991,4207.871323529412,1.8990599725129986,385,385,1.6074096783995628,455.7926025390625,3.0121567249298096,
multi_join_sift_wiki_1,join,B3,0.01,0.4,374559,8106,6276.208823529412,1.2915440240947256,385,385,1.603209413588047,471.97265625,2.954691171646118,
multi_join_sift_wiki_1,join,B3,0.01,0.4,111780,8063,4208.117647058823,1.9160585982275156,385,385,1.5964554622769356,481.65673828125,3.104321241378784,
multi_join_sift_wiki_1,join,B3,0.01,0.4,178188,8233,8314.434782608696,1.0098912647405194,385,385,13.282163999974728,590.5484619140625,2.789363145828247,
multi_join_sift_wiki_1,join,B3,0.01,0.4,539857,8180,10338.284057971014,1.2638489068424221,385,385,1.3044429942965508,558.6079711914062,2.654690980911255,
multi_join_sift_wiki_1,join,B3,0.01,0.4,781264,7890,6154.922222222222,1.28190084539384,385,385,1.2775734066963196,525.383056640625,2.5626325607299805,
multi_join_sift_wiki_1,join,B3,0.01,0.4,771184,8248,0.0,,385,385,1.2476779520511627,577.2371215820312,2.5855629444122314,
multi_join_sift_wiki_1,join,B3,0.01,0.4,140785,7619,10464.15,1.3734282714266963,385,385,1.2330887839198112,497.9326477050781,2.6899919509887695,
multi_join_sift_wiki_1,join,B3,0.01,0.4,2505,7962,8345.19761904762,1.0481283118622984,385,385,1.219158060848713,458.19384765625,2.455249309539795,
multi_join_sift_wiki_1,join,B3,0.01,0.4,526089,8232,8374.21111111111,1.0172754022243817,385,385,1.2160185724496841,578.9044799804688,2.6229450702667236,
multi_join_sift_wiki_1,join,B3,0.01,0.4,608072,8242,6257.217391304348,1.3171989215931514,385,385,1.2038098648190498,571.7614135742188,2.957862377166748,
multi_join_sift_wiki_1,join,B3,0.01,0.4,224837,8087,2103.8125,3.8439737381539465,385,385,1.2026512995362282,477.940673828125,3.115856409072876,
multi_join_sift_wiki_1,join,B3,0.01,0.4,386133,7969,6171.606280193237,1.291235966489827,385,385,1.204017549753189,566.1602172851562,2.7471389770507812,
multi_join_sift_wiki_1,join,B3,0.01,0.4,487850,8122,6221.750724637681,1.3054203486226907,385,385,46.74023762345314,561.3308715820312,2.3273634910583496,
multi_join_sift_wiki_1,join,B3,0.01,0.4,340195,7720,12506.020238095238,1.6199508080434246,385,385,1.544787548482418,483.9326477050781,2.8599026203155518,
multi_join_sift_wiki_1,join,B3,0.01,0.4,122774,7782,6248.0952380952385,1.245499580824632,385,385,1.3020168989896774,472.743896484375,2.306730031967163,
multi_join_sift_wiki_1,join,B3,0.01,0.4,690833,8140,10505.217391304348,1.2905672470889862,385,385,1.257031224668026,532.3489379882812,3.103199005126953,
multi_join_sift_wiki_1,join,B3,0.01,0.4,686759,8112,8299.292857142858,1.0230883699633702,385,385,1.2631844729185104,464.8583679199219,3.090532064437866,
multi_join_sift_wiki_1,join,B3,0.01,0.4,154430,7848,4129.574404761905,1.900437970302774,385,385,1.2507885694503784,483.2142333984375,2.479921579360962,
multi_join_sift_wiki_1,join,B3,0.01,0.4,630926,7998,6182.205983709273,1.293712959593311,385,385,1.4211004599928856,478.9911193847656,3.065295457839966,
multi_join_sift_wiki_1,join,B3,0.01,0.4,255248,8028,2171.777777777778,3.69651079504758,385,385,6.727241910994053,567.5432739257812,2.471759796142578,
multi_join_sift_wiki_1,join,B3,0.01,0.4,48107,8344,2103.8125,3.9661329134606813,385,385,14.558161608874798,492.43731689453125,2.8765604496002197,
multi_join_sift_wiki_1,join,B3,0.01,0.4,717611,8087,12415.350724637681,1.5352232873299965,385,385,1.7787562683224678,497.1119689941406,2.2551217079162598,
multi_join_sift_wiki_1,join,B3,0.01,0.4,559097,8448,6132.285714285714,1.3776266132413924,385,385,1.664925366640091,543.9766845703125,3.0143213272094727,
multi_join_sift_wiki_1,join,B3,0.01,0.4,527854,8076,8362.739682539683,1.0355051612852504,385,385,1.6585197299718857,595.359375,2.7587831020355225,
multi_join_sift_wiki_1,join,B3,0.01,0.4,692258,8315,6202.17619047619,1.3406584631968659,385,385,1.6219597309827805,558.8451538085938,3.455446243286133,
multi_join_sift_wiki_1,join,B3,0.01,0.4,344709,7858,12496.190476190477,1.5902507605230947,385,385,1.347104087471962,493.5136413574219,2.3495209217071533,
multi_join_sift_wiki_1,join,B3,0.01,0.4,414737,8216,4149.19761904762,1.980141886297006,385,385,1.2364564463496208,557.2598266601562,3.0020830631256104,
multi_join_sift_wiki_1,join,B3,0.01,0.4,362610,8272,6243.606280193237,1.3248753410735543,385,385,13.336987234652042,557.9852294921875,2.879486083984375,
multi_join_sift_wiki_1,join,B3,0.01,0.4,129857,8004,8224.07142857143,1.0274951809809383,385,385,1.2897271662950516,496.1811218261719,2.723562479019165,
multi_join_sift_wiki_1,join,B3,0.01,0.4,210898,8057,8235.083886186054,1.0221030018848274,385,385,1.2145470827817917,495.0474853515625,2.4897570610046387,
multi_join_sift_wiki_1,join,B3,0.01,0.4,793779,8101,6093.311111111111,1.3294906254216827,385,385,1.2081880122423172,537.7359008789062,2.6217916011810303,
multi_join_sift_wiki_1,join,B3,0.01,0.4,634727,8088,10333.504912280701,1.2776341385114616,385,385,1.2297946959733963,569.2230834960938,2.382875442504883,
multi_join_sift_wiki_1,join,B3,0.01,0.4,351141,8346,6305.217391304348,1.3236657012825817,385,385,1.2087645009160042,577.1056518554688,2.7925963401794434,
multi_join_sift_wiki_1,join,B3,0.01,0.4,611020,8190,12489.297401656317,1.524944737686974,385,385,1.2004384770989418,602.3656616210938,2.54848575592041,
multi_join_sift_wiki_1,join,B3,0.01,0.5,145860,8022,4207.625,1.9065387243397403,385,385,23.999390192329884,493.20147705078125,2.7791433334350586,
multi_join_sift_wiki_1,join,B3,0.01,0.5,359095,8187,6245.750724637681,1.3108111996376435,385,385,7.407685741782188,587.4684448242188,2.330082654953003,
multi_join_sift_wiki_1,join,B3,0.01,0.5,286093,7943,12324.533333333333,1.5516219732259011,385,385,1.3402337208390236,602.8929443359375,2.1552388668060303,
multi_join_sift_wiki_1,join,B3,0.01,0.5,781121,8085,4178.860119047619,1.9347381270667197,385,385,1.2997351586818695,514.0215454101562,2.2795467376708984,
multi_join_sift_wiki_1,join,B3,0.01,0.5,142780,7783,14639.595238095239,1.880970735975233,385,385,1.274656504392624,473.2214050292969,2.7598116397857666,
multi_join_sift_wiki_1,join,B3,0.01,0.5,428790,7865,16652.605486542445,2.1173052112577806,385,385,1.2511461973190308,537.9324340820312,2.257038116455078,
multi_join_sift_wiki_1,join,B3,0.01,0.5,322723,7932,12564.047619047618,1.5839696947866386,385,385,1.246756874024868,459.1468200683594,2.8452041149139404,
multi_join_sift_wiki_1,join,B3,0.01,0.5,588557,7764,8260.139613526571,1.0639025777339737,385,385,1.2546712532639503,591.347412109375,2.8811392784118652,
multi_join_sift_wiki_1,join,B3,0.01,0.5,263638,8222,6281.775,1.308865726645733,385,385,1.2322748079895973,475.7867126464844,3.1491057872772217,
multi_join_sift_wiki_1,join,B3,0.01,0.5,693614,8312,2064.5333333333333,4.026091449237923,385,385,1.216355711221695,562.9500732421875,2.3145997524261475,
multi_join_sift_wiki_1,join,B3,0.01,0.5,546912,8196,4104.0,1.9970760233918128,385,385,1.2289080768823624,570.2767333984375,3.094848394393921,
multi_join_sift_wiki_1,join,B3,0.01,0.5,444449,8184,8271.606280193237,1.0107045796912557,385,385,1.213356852531433,530.9553833007812,2.622706890106201,
multi_join_sift_wiki_1,join,B3,0.01,0.5,663176,8137,6299.058823529412,1.2917802846363602,385,385,1.2171333655714989,454.77838134765625,2.3369600772857666,
multi_join_sift_wiki_1,join,B3,0.01,0.5,763999,7786,20909.179197994985,2.685484099408552,385,385,1.2078424915671349,494.7989501953125,2.7435648441314697,
multi_join_sift_wiki_1,join,B3,0.01,0.5,782168,7948,10442.19761904762,1.3138144966089105,385,385,1.228448934853077,472.7889709472656,2.321883201599121,
multi_join_sift_wiki_1,join,B3,0.01,0.5,673362,8052,8391.652173913044,1.0421823365515455,385,385,1.1981399729847908,524.2796020507812,2.6439919471740723,
multi_join_sift_wiki_1,join,B3,0.01,0.5,83904,8081,10309.88518170426,1.2758179905586264,385,385,1.2121126055717468,474.34765625,2.928945541381836,
multi_join_sift_wiki_1,join,B3,0.01,0.5,695261,8129,10322.07142857143,1.269783666941989,385,385,1.2048827484250069,515.737060546875,2.5670652389526367,
multi_join_sift_wiki_1,join,B3,0.01,0.5,386245,8160,12303.544761904763,1.5077873482726425,385,385,1.1983010917901993,556.582763671875,2.7859504222869873,
multi_join_sift_wiki_1,join,B3,0.01,0.5,69504,8144,8391.652173913044,1.0304091569146665,385,385,1.2070471420884132,518.8878784179688,3.0938942432403564,
multi_join_sift_wiki_1,join,B3,0.01,0.5,681535,8089,10404.82198142415,1.2862927409351155,385,385,9.212148375809193,470.57379150390625,3.186352491378784,
multi_join_sift_wiki_1,join,B3,0.01,0.5,696279,8043,6225.142857142858,1.2920185423168715,385,385,1.2174015864729881,487.88861083984375,2.6614370346069336,
multi_join_sift_wiki_1,join,B3,0.01,0.5,340223,8353,8398.968115942029,1.0055031863931556,385,385,1.2218384072184563,556.8862915039062,2.7366652488708496,
multi_join_sift_wiki_1,join,B3,0.01,0.5,690943,8395,8197.505079365079,1.0240920766407402,385,385,1.2335330247879028,558.5206909179688,3.105254888534546,
multi_join_sift_wiki_1,join,B3,0.01,0.5,636616,7965,4208.117647058823,1.8927702759372642,385,385,1.2299753725528717,470.1650695800781,2.822864055633545,
multi_join_sift_wiki_1,join,B3,0.01,0.5,48106,8278,6260.256578947368,1.3223100196624697,385,385,13.274835422635078,490.50250244140625,2.8765604496002197,
multi_join_sift_wiki_1,join,B3,0.01,0.5,352770,8223,14556.628949275362,1.7702333636477394,385,385,1.249486580491066,457.4383850097656,3.0234601497650146,
multi_join_sift_wiki_1,join,B3,0.01,0.5,536954,8373,4116.533333333333,2.0339930038219864,385,385,1.2146839872002602,586.05029296875,2.944667100906372,
multi_join_sift_wiki_1,join,B3,0.01,0.5,752067,8032,6153.441102756892,1.305285914965769,385,385,1.2184884399175644,475.32525634765625,2.5798802375793457,
multi_join_sift_wiki_1,join,B3,0.01,0.5,602570,7943,6158.725714285714,1.2897148482478287,385,385,1.210194081068039,501.6029052734375,2.6612396240234375,
multi_join_sift_wiki_1,join,B3,0.01,0.5,345404,7992,8388.533333333333,1.0496162829496163,385,385,1.2165512889623642,520.9199829101562,2.7372653484344482,
multi_join_sift_wiki_1,join,B3,0.01,0.5,628777,7920,4128.631578947368,1.9183111519045435,385,385,7.255895063281059,494.2821960449219,2.7295992374420166,
multi_join_sift_wiki_1,join,B3,0.01,0.5,137071,8217,10272.533333333333,1.250156180276662,385,385,1.2017181143164635,524.1223754882812,2.437206745147705,
multi_join_sift_wiki_1,join,B3,0.01,0.5,296404,7833,10396.792857142857,1.3273066331090075,385,385,1.200278289616108,489.5136413574219,3.154475212097168,
multi_join_sift_wiki_1,join,B3,0.01,0.5,703153,8222,10363.207633053222,1.260424183051961,385,385,1.200241968035698,464.6705017089844,3.1921608448028564,
multi_join_sift_wiki_1,join,B3,0.01,0.5,438962,8132,14399.903502415458,1.7707702290230518,385,385,1.2122048065066338,548.7824096679688,2.468273162841797,
multi_join_sift_wiki_1,join,B3,0.01,0.5,33248,7960,2074.15,3.8377166550153072,385,385,7.334006950259209,471.7963562011719,2.1035821437835693,
multi_join_sift_wiki_1,join,B3,0.01,0.5,779894,8147,10401.396687370601,1.2767149487382596,385,385,1.2172134593129158,520.0441284179688,2.428924083709717,
multi_join_sift_wiki_1,join,B3,0.01,0.5,304120,7854,2098.0,3.7435653002859866,385,385,1.2181960046291351,483.2489929199219,2.57894229888916,
multi_join_sift_wiki_1,join,B3,0.01,0.5,73745,7575,12503.036904761904,1.6505659280213736,385,385,1.2414958328008652,475.82330322265625,2.5097620487213135,
multi_join_sift_wiki_1,join,B3,0.01,0.5,516733,8156,4210.434782608696,1.9370921106980585,385,385,1.2277690693736076,518.1920776367188,2.8653626441955566,
multi_join_sift_wiki_1,join,B3,0.01,0.5,181346,8085,8391.5,1.0379097093382808,385,385,1.2415489181876183,515.7211303710938,3.1206812858581543,
multi_join_sift_wiki_1,join,B3,0.01,0.5,620747,7857,6247.631578947368,1.2575965629080494,385,385,1.232389360666275,490.85638427734375,2.927414894104004,
multi_join_sift_wiki_1,join,B3,0.01,0.5,738510,7956,6276.360119047619,1.2676136883629379,385,385,1.2512682005763054,484.3815612792969,2.402500629425049,
multi_join_sift_wiki_1,join,B3,0.01,0.5,111011,7852,10353.890338164252,1.3186309651253505,385,385,1.2308396399021149,619.6851196289062,2.744110584259033,
multi_join_sift_wiki_1,join,B3,0.01,0.5,426052,8049,16616.0,2.064355820598832,385,385,13.313567265868187,496.3959045410156,2.700775384902954,
multi_join_sift_wiki_1,join,B3,0.01,0.5,724169,8206,4178.860119047619,1.9636933915534325,385,385,1.271386630833149,483.02764892578125,2.68540358543396,
multi_join_sift_wiki_1,join,B3,0.01,0.5,588630,8207,8391.652173913044,1.0224993510311982,385,385,1.217590644955635,489.6611022949219,2.7094972133636475,
multi_join_sift_wiki_1,join,B3,0.01,0.5,790256,8237,4207.625,1.9576364338552033,385,385,1.210949383676052,491.0397033691406,2.567054033279419,
multi_join_sift_wiki_1,join,B3,0.01,0.5,201003,8314,16546.63968253968,1.9902140585205292,385,385,1.209585927426815,528.5396118164062,2.689554452896118,
multi_join_sift_wiki_1,join,B3,0.01,0.5,6443,7832,8391.5,1.0714376915219612,385,385,1.2590643018484116,494.25982666015625,2.4705615043640137,
multi_join_sift_wiki_1,join,B3,0.01,0.5,642763,8242,6144.142857142857,1.3414401636866702,385,385,1.2351926416158676,507.8333435058594,2.4056813716888428,
multi_join_sift_wiki_1,join,B3,0.01,0.5,193392,8184,6322.15,1.2944963343166487,385,385,7.199837826192379,551.7854614257812,2.846799373626709,
multi_join_sift_wiki_1,join,B3,0.01,0.5,203755,7770,4123.761904761905,1.884201896095798,385,385,8.043410256505013,458.30963134765625,2.872863292694092,
multi_join_sift_wiki_1,join,B3,0.01,0.5,94462,8053,6225.142857142858,1.2936249311547638,385,385,1.2584179639816284,470.1179504394531,2.8380818367004395,
multi_join_sift_wiki_1,join,B3,0.01,0.5,590890,8244,14473.273015873016,1.7556129325416079,385,385,1.2402888387441635,571.0032348632812,2.8598101139068604,
multi_join_sift_wiki_1,join,B3,0.01,0.5,783383,8169,6200.861904761905,1.3173975046479713,385,385,1.2174127623438835,510.24749755859375,2.81827974319458,
multi_join_sift_wiki_1,join,B3,0.01,0.5,737605,7694,14429.439775910363,1.875414579660822,385,385,1.2082476168870926,456.04693603515625,2.8511314392089844,
multi_join_sift_wiki_1,join,B3,0.01,0.5,516560,7889,10380.68,1.3158423120801115,385,385,1.2287665158510208,541.2479248046875,3.073276996612549,
multi_join_sift_wiki_1,join,B3,0.01,0.5,137642,8163,12520.71884057971,1.5338379077030149,385,385,1.2178430333733559,562.4058837890625,2.7730391025543213,
multi_join_sift_wiki_1,join,B3,0.01,0.5,37803,7972,8391.0,1.0525589563472153,385,385,1.270987093448639,575.6770629882812,2.835411787033081,
multi_join_sift_wiki_1,join,B3,0.01,0.5,254800,8460,6193.6,1.3659261172823558,385,385,7.498413324356079,533.5266723632812,2.7787673473358154,
multi_join_sift_wiki_1,join,B3,0.01,0.5,605930,8547,4080.285714285714,2.094706253063511,385,385,1.3057943433523178,551.7850952148438,2.638248920440674,
multi_join_sift_wiki_1,join,B3,0.01,0.5,209329,8109,10375.238095238095,1.2794719564974837,385,385,1.271507702767849,482.88226318359375,2.5807759761810303,
multi_join_sift_wiki_1,join,B3,0.01,0.5,766585,8436,8410.434782608696,1.0030397022332507,385,385,1.3637766242027283,549.4696044921875,2.9337518215179443,
multi_join_sift_wiki_1,join,B3,0.01,0.5,488782,7991,6231.491697994988,1.2823574815274394,385,385,1.2833159416913986,455.7926025390625,3.0121567249298096,
multi_join_sift_wiki_1,join,B3,0.01,0.5,374559,8106,8329.20168067227,1.0275353664781977,385,385,1.245848834514618,471.97265625,2.954691171646118,
multi_join_sift_wiki_1,join,B3,0.01,0.5,111780,8063,4195.0,1.9220500595947556,385,385,1.241106539964676,481.65673828125,3.104321241378784,
multi_join_sift_wiki_1,join,B3,0.01,0.5,178188,8233,6285.482401656315,1.3098437755279508,385,385,1.2718336656689644,590.5484619140625,2.789363145828247,
multi_join_sift_wiki_1,join,B3,0.01,0.5,539857,8180,10378.968115942029,1.2688225080613726,385,385,7.32190627604723,558.6079711914062,2.654690980911255,
multi_join_sift_wiki_1,join,B3,0.01,0.5,781264,7890,8321.75072463768,1.0547212578754983,385,385,1.257510855793953,525.383056640625,2.5626325607299805,
multi_join_sift_wiki_1,join,B3,0.01,0.5,771184,8248,4223.777777777777,1.9527542484347873,385,385,1.2466693297028542,577.2371215820312,2.5855629444122314,
multi_join_sift_wiki_1,join,B3,0.01,0.5,140785,7619,12568.860119047618,1.6496732010825066,385,385,1.2317495420575142,497.9326477050781,2.6899919509887695,
multi_join_sift_wiki_1,join,B3,0.01,0.5,2505,7962,6293.5,1.2651148009851434,385,385,1.2283260002732277,458.19384765625,2.455249309539795,
multi_join_sift_wiki_1,join,B3,0.01,0.5,526089,8232,8364.31111111111,1.0160727783176762,385,385,1.2378375977277756,578.9044799804688,2.6229450702667236,
multi_join_sift_wiki_1,join,B3,0.01,0.5,608072,8242,2105.217391304348,3.915035109458901,385,385,1.2145573273301125,571.7614135742188,2.957862377166748,
multi_join_sift_wiki_1,join,B3,0.01,0.5,224837,8087,10283.261831048208,1.2715793039505636,385,385,1.222178339958191,477.940673828125,3.115856409072876,
multi_join_sift_wiki_1,join,B3,0.01,0.5,386133,7969,10415.501449275362,1.307002315130551,385,385,1.231970265507698,566.1602172851562,2.7471389770507812,
multi_join_sift_wiki_1,join,B3,0.01,0.5,487850,8122,8380.185507246377,1.0317884150758898,385,385,1.2230277061462402,561.3308715820312,2.3273634910583496,
multi_join_sift_wiki_1,join,B3,0.01,0.5,340195,7720,10431.870238095238,1.3512785282506785,385,385,1.9034966826438904,483.9326477050781,2.8599026203155518,
multi_join_sift_wiki_1,join,B3,0.01,0.5,122774,7782,4173.047619047619,1.86482415500833,385,385,1.2629618868231773,472.743896484375,2.306730031967163,
multi_join_sift_wiki_1,join,B3,0.01,0.5,690833,8140,12392.830555555556,1.5224607562107564,385,385,1.2479275465011597,532.3489379882812,3.103199005126953,
multi_join_sift_wiki_1,join,B3,0.01,0.5,686759,8112,4179.106442577031,1.9410848016107876,385,385,1.2445999309420586,464.8583679199219,3.090532064437866,
multi_join_sift_wiki_1,join,B3,0.01,0.5,154430,7848,8357.720238095239,1.064949061938741,385,385,1.2941109016537666,483.2142333984375,2.479921579360962,
multi_join_sift_wiki_1,join,B3,0.01,0.5,630926,7998,8230.38392857143,1.02905525488515,385,385,1.4011738821864128,478.9911193847656,3.065295457839966,
multi_join_sift_wiki_1,join,B3,0.01,0.5,255248,8028,6224.15,1.2898146734895528,385,385,1.2146420776844025,567.5432739257812,2.471759796142578,
multi_join_sift_wiki_1,join,B3,0.01,0.5,48107,8344,4207.625,1.9830664567303407,385,385,1.2594349682331085,492.43731689453125,2.8765604496002197,
multi_join_sift_wiki_1,join,B3,0.01,0.5,717611,8087,4210.434782608696,1.9207042544403137,385,385,1.199999824166298,497.1119689941406,2.2551217079162598,
multi_join_sift_wiki_1,join,B3,0.01,0.5,559097,8448,10326.904761904763,1.2224082341269842,385,385,7.2263553738594055,543.9766845703125,3.0143213272094727,
multi_join_sift_wiki_1,join,B3,0.01,0.5,527854,8076,2085.9,3.8717100532144397,385,385,1.2207059189677238,595.359375,2.7587831020355225,
multi_join_sift_wiki_1,join,B3,0.01,0.5,692258,8315,8182.714285714285,1.0161664833534105,385,385,1.2198146432638168,558.8451538085938,3.455446243286133,
multi_join_sift_wiki_1,join,B3,0.01,0.5,344709,7858,14571.238095238095,1.8543189227841812,385,385,1.2276684865355492,493.5136413574219,2.3495209217071533,
multi_join_sift_wiki_1,join,B3,0.01,0.5,414737,8216,2076.0,3.9576107899807322,385,385,1.217263750731945,557.2598266601562,3.0020830631256104,
multi_join_sift_wiki_1,join,B3,0.01,0.5,362610,8272,0.0,,385,385,1.2291977182030678,557.9852294921875,2.879486083984375,
multi_join_sift_wiki_1,join,B3,0.01,0.5,129857,8004,2025.7619047619048,3.9511059918666698,385,385,1.193758100271225,496.1811218261719,2.723562479019165,
multi_join_sift_wiki_1,join,B3,0.01,0.5,210898,8057,10258.70426065163,1.2732660122442137,385,385,1.146324910223484,495.0474853515625,2.4897570610046387,
multi_join_sift_wiki_1,join,B3,0.01,0.5,793779,8101,12212.37619047619,1.5075146513364017,385,385,1.1676009744405746,537.7359008789062,2.6217916011810303,
multi_join_sift_wiki_1,join,B3,0.01,0.5,634727,8088,6235.4,1.2971100490746383,385,385,13.339769095182419,569.2230834960938,2.382875442504883,
multi_join_sift_wiki_1,join,B3,0.01,0.5,351141,8346,8260.139613526571,1.0103945442196673,385,385,1.2577418237924576,577.1056518554688,2.7925963401794434,
multi_join_sift_wiki_1,join,B3,0.01,0.5,611020,8190,8285.511578947368,1.011661975451449,385,385,1.2385575100779533,602.3656616210938,2.54848575592041,
multi_join_sift_wiki_1,join,B3,0.05,0.1,145860,39205,35445.55178571429,1.1060626235137603,385,385,1.2754527851939201,530.199462890625,2.8995752334594727,
multi_join_sift_wiki_1,join,B3,0.05,0.1,359095,40338,43895.975845410634,1.0882040717291546,385,385,13.383908197283745,640.2191162109375,2.541745185852051,
multi_join_sift_wiki_1,join,B3,0.05,0.1,286093,39971,24895.7983436853,1.6055319635949112,385,385,1.2936592102050781,625.1065673828125,2.442873239517212,
multi_join_sift_wiki_1,join,B3,0.05,0.1,781121,39807,37561.24107142857,1.059789263200882,385,385,1.269100233912468,549.830078125,2.5712718963623047,
multi_join_sift_wiki_1,join,B3,0.05,0.1,142780,39872,41690.99099771488,1.0456207613792856,385,385,1.2565180659294128,510.74957275390625,2.896462917327881,
multi_join_sift_wiki_1,join,B3,0.05,0.1,428790,40316,33224.31524009299,1.2134486356952578,385,385,13.54303304105997,558.8193969726562,2.4774093627929688,
multi_join_sift_wiki_1,join,B3,0.05,0.1,322723,39343,33359.16726190477,1.179375962568724,385,385,1.3496298342943192,499.2731628417969,2.986773729324341,
multi_join_sift_wiki_1,join,B3,0.05,0.1,588557,39771,39198.53068495514,1.0146043564654472,385,385,1.3071782886981964,629.5499877929688,3.0205342769622803,
multi_join_sift_wiki_1,join,B3,0.05,0.1,263638,40060,29252.774429119476,1.3694427548083283,385,385,1.2895762920379639,526.975341796875,3.283975601196289,
multi_join_sift_wiki_1,join,B3,0.05,0.1,693614,40798,33066.15301587302,1.2338296499267816,385,385,1.3044308871030807,612.0115356445312,2.5495686531066895,
multi_join_sift_wiki_1,join,B3,0.05,0.1,546912,40228,33049.28571428572,1.2172123884242148,385,385,13.603940606117249,618.724853515625,3.211322069168091,
multi_join_sift_wiki_1,join,B3,0.05,0.1,444449,40268,37287.15957949542,1.0799428128642916,385,385,1.3841856271028519,565.9703979492188,2.7807583808898926,
multi_join_sift_wiki_1,join,B3,0.05,0.1,663176,40001,26913.226817042603,1.4862952061426413,385,385,1.3105487450957298,493.45111083984375,2.5044238567352295,
multi_join_sift_wiki_1,join,B3,0.05,0.1,763999,39605,33491.12797619047,1.1825519889373688,385,385,1.276330091059208,538.6162719726562,2.9056854248046875,
multi_join_sift_wiki_1,join,B3,0.05,0.1,782168,39182,54275.76656162466,1.3852219529790377,385,385,1.2600608170032501,507.74993896484375,2.5348682403564453,
multi_join_sift_wiki_1,join,B3,0.05,0.1,673362,39785,33392.05480503796,1.191451087160935,385,385,7.4892183765769005,567.3450927734375,2.8160996437072754,
multi_join_sift_wiki_1,join,B3,0.05,0.1,83904,39750,41161.204603420316,1.035502002601769,385,385,1.6808928921818733,505.16839599609375,3.0482594966888428,
multi_join_sift_wiki_1,join,B3,0.05,0.1,695261,40299,33227.52968819107,1.2128196221075713,385,385,7.697931490838528,551.4187622070312,2.6969356536865234,
multi_join_sift_wiki_1,join,B3,0.05,0.1,386245,40481,45619.03099206349,1.1269245075977246,385,385,1.6923891380429268,601.3907470703125,2.934922456741333,
multi_join_sift_wiki_1,join,B3,0.05,0.1,69504,40894,43856.68011952302,1.0724477947748574,385,385,1.5909764915704727,555.7332763671875,3.2390849590301514,
multi_join_sift_wiki_1,join,B3,0.05,0.1,681535,39910,35266.35597265222,1.131673485940786,385,385,7.4605438858270645,506.0704040527344,3.3210012912750244,
multi_join_sift_wiki_1,join,B3,0.05,0.1,696279,40127,39584.307559339526,1.0137097873910499,385,385,1.3030702248215675,525.52099609375,2.8524117469787598,
multi_join_sift_wiki_1,join,B3,0.05,0.1,340223,40138,37682.22793995859,1.0651705643295386,385,385,1.2837378308176994,596.6854858398438,2.9147491455078125,
multi_join_sift_wiki_1,join,B3,0.05,0.1,690943,41191,47702.37208784964,1.1580775433431973,385,385,1.248394139111042,592.3656616210938,3.2163867950439453,
multi_join_sift_wiki_1,join,B3,0.05,0.1,636616,39857,43379.781890387734,1.0883855255134038,385,385,7.507802918553352,509.25775146484375,2.938859224319458,
multi_join_sift_wiki_1,join,B3,0.05,0.1,48106,40563,37503.51031110385,1.0815787552556198,385,385,1.6245264559984207,531.8182983398438,3.032061815261841,
multi_join_sift_wiki_1,join,B3,0.05,0.1,352770,40701,49890.596161145615,1.2257830559727185,385,385,1.5771761536598206,499.57415771484375,3.1356277465820312,
multi_join_sift_wiki_1,join,B3,0.05,0.1,536954,41057,35237.865490196076,1.16513867763707,385,385,13.795089907944202,617.656005859375,3.0945534706115723,
multi_join_sift_wiki_1,join,B3,0.05,0.1,752067,39942,47703.40759066784,1.1943169493432437,385,385,1.4025187119841576,524.2474975585938,2.7386274337768555,
multi_join_sift_wiki_1,join,B3,0.05,0.1,602570,40131,37243.9834920635,1.077516319073434,385,385,1.344192773103714,538.7058715820312,2.794548749923706,
multi_join_sift_wiki_1,join,B3,0.05,0.1,345404,40297,35348.06797791581,1.140005728889514,385,385,1.2970548123121262,573.16357421875,2.874479293823242,
multi_join_sift_wiki_1,join,B3,0.05,0.1,628777,39890,49636.4137553763,1.2443322575927878,385,385,1.2828586623072624,536.1368408203125,2.908341407775879,
multi_join_sift_wiki_1,join,B3,0.05,0.1,137071,40335,51758.29827467219,1.2832105683568165,385,385,1.4022868126630783,565.7279663085938,2.6718127727508545,
multi_join_sift_wiki_1,join,B3,0.05,0.1,296404,39110,39469.674362376536,1.0091964807562397,385,385,7.858028635382652,527.79638671875,3.2837841510772705,
multi_join_sift_wiki_1,join,B3,0.05,0.1,703153,40188,58054.3349918915,1.4445689009627625,385,385,1.2703444808721542,497.02056884765625,3.3179731369018555,
multi_join_sift_wiki_1,join,B3,0.05,0.1,438962,40151,37114.46697550034,1.0818153478131347,385,385,1.2539587914943695,595.399169921875,2.6289570331573486,
multi_join_sift_wiki_1,join,B3,0.05,0.1,33248,39599,37517.86288515407,1.0554705666795707,385,385,1.2296829372644424,516.1569213867188,2.337841033935547,
multi_join_sift_wiki_1,join,B3,0.05,0.1,779894,40022,41403.66470524136,1.0345226301844326,385,385,1.243092119693756,583.26953125,2.5691866874694824,
multi_join_sift_wiki_1,join,B3,0.05,0.1,304120,39328,49929.985714285714,1.2695785627106824,385,385,1.2586386874318123,525.758544921875,2.7490689754486084,
multi_join_sift_wiki_1,join,B3,0.05,0.1,73745,38889,54121.418209927004,1.391689634856309,385,385,1.2436918914318085,506.00616455078125,2.654064178466797,
multi_join_sift_wiki_1,join,B3,0.05,0.1,516733,40388,52140.15817805383,1.2909814345363433,385,385,1.5127463266253471,554.3741455078125,3.0097391605377197,
multi_join_sift_wiki_1,join,B3,0.05,0.1,181346,39657,45926.93221288515,1.158104047529696,385,385,1.632952131330967,553.5350952148438,3.273480176925659,
multi_join_sift_wiki_1,join,B3,0.05,0.1,620747,40245,31191.1755215244,1.2902687804192483,385,385,1.5781326219439507,532.4453125,3.0532097816467285,
multi_join_sift_wiki_1,join,B3,0.05,0.1,738510,40003,35408.57919799499,1.1297544523408938,385,385,17.162888310849667,517.6148681640625,2.6115403175354004,
multi_join_sift_wiki_1,join,B3,0.05,0.1,111011,39868,43739.2747259453,1.0971023057576328,385,385,1.486094668507576,645.222412109375,2.8725788593292236,
multi_join_sift_wiki_1,join,B3,0.05,0.1,426052,40426,29079.87345238095,1.3901711115145885,385,385,1.3999594375491142,539.0144653320312,2.85752534866333,
multi_join_sift_wiki_1,join,B3,0.05,0.1,724169,39935,37530.65061550937,1.064063621201841,385,385,1.290600746870041,521.658203125,2.819596529006958,
multi_join_sift_wiki_1,join,B3,0.05,0.1,588630,40972,37641.102355072464,1.0884909696189773,385,385,7.404216565191746,532.3825073242188,2.9160590171813965,
multi_join_sift_wiki_1,join,B3,0.05,0.1,790256,40061,49712.98783171163,1.2409322740748268,385,385,1.4169570058584213,532.9548950195312,2.7123072147369385,
multi_join_sift_wiki_1,join,B3,0.05,0.1,201003,40591,56308.44590102708,1.3872150452323688,385,385,1.6333749517798424,583.0762329101562,2.859617233276367,
multi_join_sift_wiki_1,join,B3,0.05,0.1,6443,39497,37634.59275210084,1.049486579014335,385,385,7.668817415833473,538.642333984375,2.739042282104492,
multi_join_sift_wiki_1,join,B3,0.05,0.1,642763,40406,29089.688888888886,1.3890145114420078,385,385,1.2713652104139328,564.1224365234375,2.7092697620391846,
multi_join_sift_wiki_1,join,B3,0.05,0.1,193392,40162,33439.19496204279,1.20104566050673,385,385,1.2589897960424423,594.61181640625,2.984983205795288,
multi_join_sift_wiki_1,join,B3,0.05,0.1,203755,39367,37383.794110275696,1.0530498826275951,385,385,1.2419596314430237,495.6998596191406,2.994408130645752,
multi_join_sift_wiki_1,join,B3,0.05,0.1,94462,39478,41686.4470481671,1.0559412089813847,385,385,1.2532006949186325,512.9263916015625,2.962696075439453,
multi_join_sift_wiki_1,join,B3,0.05,0.1,590890,40861,35098.08469289166,1.1641945809161345,385,385,17.00195111334324,618.7183227539062,2.9903500080108643,
multi_join_sift_wiki_1,join,B3,0.05,0.1,783383,40252,37350.13642857143,1.0776935199949833,385,385,1.3627056032419205,548.6425170898438,2.9504549503326416,
multi_join_sift_wiki_1,join,B3,0.05,0.1,737605,39820,31075.051848370927,1.2814137911756216,385,385,1.6497541218996048,488.3546142578125,2.988215684890747,
multi_join_sift_wiki_1,join,B3,0.05,0.1,516560,39915,33422.455555555556,1.1942569549880138,385,385,1.2844335287809372,594.4563598632812,3.1861371994018555,
multi_join_sift_wiki_1,join,B3,0.05,0.1,137642,40792,35465.68291925466,1.1501822788206804,385,385,1.22789666056633,607.5831909179688,2.908339023590088,
multi_join_sift_wiki_1,join,B3,0.05,0.1,37803,39499,41414.82440476191,1.0485031115917343,385,385,1.2522786855697632,598.5520629882812,2.9570248126983643,
multi_join_sift_wiki_1,join,B3,0.05,0.1,254800,40146,39488.66320738441,1.016646215374864,385,385,19.307343289256096,600.7738647460938,2.9208061695098877,
multi_join_sift_wiki_1,join,B3,0.05,0.1,605930,40914,49626.903492063495,1.2129565305778827,385,385,1.4038356021046638,591.1052856445312,2.785029649734497,
multi_join_sift_wiki_1,join,B3,0.05,0.1,209329,39974,39609.732167214715,1.009196422516757,385,385,1.4289794489741325,531.8666381835938,2.7756268978118896,
multi_join_sift_wiki_1,join,B3,0.05,0.1,766585,40578,39710.39335748792,1.0218483517577264,385,385,8.137809112668037,606.5131225585938,3.071518898010254,
multi_join_sift_wiki_1,join,B3,0.05,0.1,488782,40690,41485.935034276874,1.019560949478419,385,385,14.016897417604923,494.10662841796875,3.142624616622925,
multi_join_sift_wiki_1,join,B3,0.05,0.1,374559,40142,41769.20980392157,1.0405363410871797,385,385,1.3553034514188766,517.123291015625,3.0959250926971436,
multi_join_sift_wiki_1,join,B3,0.05,0.1,111780,39975,47895.07596933511,1.1981257278132609,385,385,1.2799259275197983,526.3721923828125,3.20689058303833,
multi_join_sift_wiki_1,join,B3,0.05,0.1,178188,40289,39691.92556935818,1.0150427176831842,385,385,18.805615603923798,630.1411743164062,2.985353708267212,
multi_join_sift_wiki_1,join,B3,0.05,0.1,539857,40734,43687.813609791745,1.0725146955808844,385,385,1.637464389204979,582.122314453125,2.8438801765441895,
multi_join_sift_wiki_1,join,B3,0.05,0.1,781264,40022,31015.379494478955,1.29039207813415,385,385,8.69679730385542,574.6231079101562,2.6980855464935303,
multi_join_sift_wiki_1,join,B3,0.05,0.1,771184,40852,29114.722788129744,1.403138896333769,385,385,1.3166647404432297,610.2225952148438,2.8078548908233643,
multi_join_sift_wiki_1,join,B3,0.05,0.1,140785,39392,29174.965966386557,1.3501986615986057,385,385,1.283024437725544,539.7122802734375,2.836686372756958,
multi_join_sift_wiki_1,join,B3,0.05,0.1,2505,38973,33433.94691876751,1.1656715282431476,385,385,1.2452751398086548,505.95751953125,2.726055383682251,
multi_join_sift_wiki_1,join,B3,0.05,0.1,526089,41003,47928.71056956116,1.1689074109104496,385,385,1.2685805559158325,607.0977172851562,2.778130531311035,
multi_join_sift_wiki_1,join,B3,0.05,0.1,608072,39878,47639.42150303295,1.1946291565031584,385,385,1.2476211413741112,615.6487426757812,3.105651617050171,
multi_join_sift_wiki_1,join,B3,0.05,0.1,224837,40045,45759.01958941471,1.1426899635264005,385,385,1.212727278470993,509.92572021484375,3.241783380508423,
multi_join_sift_wiki_1,join,B3,0.05,0.1,386133,39581,22671.277639751555,1.7458654350648124,385,385,1.2095700949430466,594.0038452148438,2.921837329864502,
multi_join_sift_wiki_1,join,B3,0.05,0.1,487850,40457,37409.52037459912,1.0814626756741341,385,385,1.2311385944485664,600.1566162109375,2.5421645641326904,
multi_join_sift_wiki_1,join,B3,0.05,0.1,340195,39445,50003.70409295297,1.2676816857130935,385,385,21.15551009774208,521.79443359375,3.0128531455993652,
multi_join_sift_wiki_1,join,B3,0.05,0.1,122774,39420,31306.43571428572,1.2591660181236124,385,385,1.2812558561563492,513.6685180664062,2.5227179527282715,
multi_join_sift_wiki_1,join,B3,0.05,0.1,690833,40995,45779.35967591079,1.116705931843171,385,385,1.2513091787695885,571.0390014648438,3.2076144218444824,
multi_join_sift_wiki_1,join,B3,0.05,0.1,686759,39943,39539.061365209694,1.0102161918073687,385,385,1.2282244861125946,501.8027648925781,3.245149850845337,
multi_join_sift_wiki_1,join,B3,0.05,0.1,154430,40213,31366.667986542445,1.2820297016327327,385,385,1.4776242896914482,520.7003173828125,2.6717138290405273,
multi_join_sift_wiki_1,join,B3,0.05,0.1,630926,39435,26697.518143184046,1.4771035939933566,385,385,1.601322554051876,524.5912475585938,3.197935104370117,
multi_join_sift_wiki_1,join,B3,0.05,0.1,255248,40713,33399.589613526565,1.2189670732813904,385,385,1.5674782916903496,600.0139770507812,2.75639271736145,
multi_join_sift_wiki_1,join,B3,0.05,0.1,48107,40616,37115.56860902256,1.0943116735688783,385,385,1.3424362987279892,531.8893432617188,3.032061815261841,
multi_join_sift_wiki_1,join,B3,0.05,0.1,717611,40657,47815.08046928917,1.1760602225764116,385,385,7.266899570822716,545.0242919921875,2.4548850059509277,
multi_join_sift_wiki_1,join,B3,0.05,0.1,559097,40454,62256.24045948204,1.538939053232858,385,385,1.2270333245396614,589.176513671875,3.1344034671783447,
multi_join_sift_wiki_1,join,B3,0.05,0.1,527854,40013,47614.968253968254,1.1899874604245684,385,385,1.2013809755444527,634.5965576171875,2.896984577178955,
multi_join_sift_wiki_1,join,B3,0.05,0.1,692258,41110,55685.05369047619,1.354537915117397,385,385,1.2092404067516327,589.29052734375,3.5499489307403564,
multi_join_sift_wiki_1,join,B3,0.05,0.1,344709,39703,27039.1231092437,1.468353830839543,385,385,1.209961250424385,531.34130859375,2.6828415393829346,
multi_join_sift_wiki_1,join,B3,0.05,0.1,414737,40325,43558.75814202493,1.0801923903787956,385,385,13.305220752954483,594.7772827148438,3.1229937076568604,
multi_join_sift_wiki_1,join,B3,0.05,0.1,362610,39875,39405.52352484472,1.0119139763454552,385,385,1.2239962816238403,591.4989624023438,3.019996404647827,
multi_join_sift_wiki_1,join,B3,0.05,0.1,129857,39963,20711.402412280702,1.9295168528184348,385,385,1.2149931862950325,530.8027954101562,2.8648459911346436,
multi_join_sift_wiki_1,join,B3,0.05,0.1,210898,39865,30929.950856307434,1.2888801597261663,385,385,1.2229345738887787,532.5714111328125,2.6272644996643066,
multi_join_sift_wiki_1,join,B3,0.05,0.1,793779,39752,47601.159565217386,1.1974531989640116,385,385,1.2104138731956482,582.40625,2.7579474449157715,
multi_join_sift_wiki_1,join,B3,0.05,0.1,634727,39763,35274.15956548981,1.1272557727754287,385,385,12.26537674665451,591.5332641601562,2.536240339279175,
multi_join_sift_wiki_1,join,B3,0.05,0.1,351141,40862,51845.445542228335,1.268793635706239,385,385,1.3062255457043648,606.662353515625,2.9031050205230713,
multi_join_sift_wiki_1,join,B3,0.05,0.1,611020,40057,33337.18674802949,1.2015710954484697,385,385,1.2425901368260384,622.3216552734375,2.6832292079925537,
multi_join_sift_wiki_1,join,B3,0.05,0.2,145860,39205,37427.88650158004,1.047481000519357,385,385,1.2617362663149834,530.199462890625,2.8995752334594727,
multi_join_sift_wiki_1,join,B3,0.05,0.2,359095,40338,35524.848654244306,1.1354868923609234,385,385,7.317264564335346,640.2191162109375,2.541745185852051,
multi_join_sift_wiki_1,join,B3,0.05,0.2,286093,39971,51827.722177566684,1.2966331134464157,385,385,1.2475959956645966,625.1065673828125,2.442873239517212,
multi_join_sift_wiki_1,join,B3,0.05,0.2,781121,39807,51985.959126984126,1.3059501878308872,385,385,1.2443102896213531,549.830078125,2.5712718963623047,
multi_join_sift_wiki_1,join,B3,0.05,0.2,142780,39872,37532.099926286304,1.062343968984131,385,385,1.2248866260051727,510.74957275390625,2.896462917327881,
multi_join_sift_wiki_1,join,B3,0.05,0.2,428790,40316,52202.64072636302,1.2948368073807675,385,385,1.2663276866078377,558.8193969726562,2.4774093627929688,
multi_join_sift_wiki_1,join,B3,0.05,0.2,322723,39343,58458.00742296919,1.4858553598599291,385,385,1.2363065034151077,499.2731628417969,2.986773729324341,
multi_join_sift_wiki_1,join,B3,0.05,0.2,588557,39771,45577.73245169081,1.1460041852528429,385,385,1.2988671660423279,629.5499877929688,3.0205342769622803,
multi_join_sift_wiki_1,join,B3,0.05,0.2,263638,40060,25062.44060559006,1.5984077780144366,385,385,1.2442907318472862,526.975341796875,3.283975601196289,
multi_join_sift_wiki_1,join,B3,0.05,0.2,693614,40798,33262.47020876467,1.2265475096690117,385,385,1.2349439784884453,612.0115356445312,2.5495686531066895,
multi_join_sift_wiki_1,join,B3,0.05,0.2,546912,40228,41581.61253968254,1.0336485169454743,385,385,1.2242384254932404,618.724853515625,3.211322069168091,
multi_join_sift_wiki_1,join,B3,0.05,0.2,444449,40268,41297.07133587913,1.025555561137358,385,385,1.2265099212527275,565.9703979492188,2.7807583808898926,
multi_join_sift_wiki_1,join,B3,0.05,0.2,663176,40001,58332.87275173227,1.4582853616592653,385,385,1.2261485680937767,493.45111083984375,2.5044238567352295,
multi_join_sift_wiki_1,join,B3,0.05,0.2,763999,39605,37657.81547619047,1.0517073149142349,385,385,1.230066642165184,538.6162719726562,2.9056854248046875,
multi_join_sift_wiki_1,join,B3,0.05,0.2,782168,39182,33402.93571428572,1.1730106699346998,385,385,1.2171519920229912,507.74993896484375,2.5348682403564453,
multi_join_sift_wiki_1,join,B3,0.05,0.2,673362,39785,25051.620022429262,1.5881208466510197,385,385,1.218230463564396,567.3450927734375,2.8160996437072754,
multi_join_sift_wiki_1,join,B3,0.05,0.2,83904,39750,37202.83734151555,1.0684668923260325,385,385,11.53229083865881,505.16839599609375,3.0482594966888428,
multi_join_sift_wiki_1,join,B3,0.05,0.2,695261,40299,37537.747254565445,1.073559362172399,385,385,1.2444937601685524,551.4187622070312,2.6969356536865234,
multi_join_sift_wiki_1,join,B3,0.05,0.2,386245,40481,27020.471204481793,1.4981604019283554,385,385,1.235208474099636,601.3907470703125,2.934922456741333,
multi_join_sift_wiki_1,join,B3,0.05,0.2,69504,40894,37553.88413104373,1.0889419549067412,385,385,1.2238966301083565,555.7332763671875,3.2390849590301514,
multi_join_sift_wiki_1,join,B3,0.05,0.2,681535,39910,49948.192604673444,1.2515207367745789,385,385,1.2198863551020622,506.0704040527344,3.3210012912750244,
multi_join_sift_wiki_1,join,B3,0.05,0.2,696279,40127,66713.42914863885,1.662557109892064,385,385,1.238139346241951,525.52099609375,2.8524117469787598,
multi_join_sift_wiki_1,join,B3,0.05,0.2,340223,40138,52181.03244478951,1.300040670805459,385,385,1.2338226661086082,596.6854858398438,2.9147491455078125,
multi_join_sift_wiki_1,join,B3,0.05,0.2,690943,41191,53965.22888026225,1.3101218440985227,385,385,3.07412538677454,592.3656616210938,3.2163867950439453,
multi_join_sift_wiki_1,join,B3,0.05,0.2,636616,39857,43518.71718819107,1.0918713698519975,385,385,1.2155473232269287,509.25775146484375,2.938859224319458,
multi_join_sift_wiki_1,join,B3,0.05,0.2,48106,40563,35301.96711979224,1.1490294538645731,385,385,1.2270426377654076,531.8182983398438,3.032061815261841,
multi_join_sift_wiki_1,join,B3,0.05,0.2,352770,40701,55935.28280883368,1.3742975064208172,385,385,1.2383181601762772,499.57415771484375,3.1356277465820312,
multi_join_sift_wiki_1,join,B3,0.05,0.2,536954,41057,39460.257460317465,1.0404645748013244,385,385,1.2228591367602348,617.656005859375,3.0945534706115723,
multi_join_sift_wiki_1,join,B3,0.05,0.2,752067,39942,45668.557453255904,1.1433718254783412,385,385,1.2309681624174118,524.2474975585938,2.7386274337768555,
multi_join_sift_wiki_1,join,B3,0.05,0.2,602570,40131,37426.69396825397,1.0722560756779607,385,385,1.2296754866838455,538.7058715820312,2.794548749923706,
multi_join_sift_wiki_1,join,B3,0.05,0.2,345404,40297,35511.68074534161,1.1347533868918924,385,385,1.2332061305642128,573.16357421875,2.874479293823242,
multi_join_sift_wiki_1,join,B3,0.05,0.2,628777,39890,47526.9459365325,1.191450136288105,385,385,1.2337509542703629,536.1368408203125,2.908341407775879,
multi_join_sift_wiki_1,join,B3,0.05,0.2,137071,40335,47595.2985060691,1.1799999629619213,385,385,13.223214074969292,565.7279663085938,2.6718127727508545,
multi_join_sift_wiki_1,join,B3,0.05,0.2,296404,39110,35564.33529411765,1.0996972016082867,385,385,1.241304911673069,527.79638671875,3.2837841510772705,
multi_join_sift_wiki_1,join,B3,0.05,0.2,703153,40188,37148.851669615215,1.08181002086992,385,385,1.2299148365855217,497.02056884765625,3.3179731369018555,
multi_join_sift_wiki_1,join,B3,0.05,0.2,438962,40151,53679.24375086266,1.3369341672900465,385,385,1.245739869773388,595.399169921875,2.6289570331573486,
multi_join_sift_wiki_1,join,B3,0.05,0.2,33248,39599,39598.47647058824,1.0000132209483399,385,385,1.229235902428627,516.1569213867188,2.337841033935547,
multi_join_sift_wiki_1,join,B3,0.05,0.2,779894,40022,43560.11356652501,1.0884042168438612,385,385,1.2366091832518578,583.26953125,2.5691866874694824,
multi_join_sift_wiki_1,join,B3,0.05,0.2,304120,39328,29187.96411862991,1.3474046987366952,385,385,1.2279478833079338,525.758544921875,2.7490689754486084,
multi_join_sift_wiki_1,join,B3,0.05,0.2,73745,38889,43850.79404761905,1.127588625256989,385,385,1.2216931208968163,506.00616455078125,2.654064178466797,
multi_join_sift_wiki_1,join,B3,0.05,0.2,516733,40388,60586.73885438233,1.500117333227254,385,385,1.2248679995536804,554.3741455078125,3.0097391605377197,
multi_join_sift_wiki_1,join,B3,0.05,0.2,181346,39657,33468.87300420168,1.1848920038335757,385,385,1.217646524310112,553.5350952148438,3.273480176925659,
multi_join_sift_wiki_1,join,B3,0.05,0.2,620747,40245,43478.01973684211,1.0803334510334726,385,385,1.2496830895543098,532.4453125,3.0532097816467285,
multi_join_sift_wiki_1,join,B3,0.05,0.2,738510,40003,37637.895759619634,1.062838375861538,385,385,13.231059536337852,517.6148681640625,2.6115403175354004,
multi_join_sift_wiki_1,join,B3,0.05,0.2,111011,39868,35069.11783816425,1.1368406865545195,385,385,1.2822747230529785,645.222412109375,2.8725788593292236,
multi_join_sift_wiki_1,join,B3,0.05,0.2,426052,40426,41444.83666666667,1.02520250993585,385,385,1.2664925307035446,539.0144653320312,2.85752534866333,
multi_join_sift_wiki_1,join,B3,0.05,0.2,724169,39935,33458.88455513785,1.1935544334776007,385,385,1.246393658220768,521.658203125,2.819596529006958,
multi_join_sift_wiki_1,join,B3,0.05,0.2,588630,40972,47992.323143750255,1.1713444094442609,385,385,1.2256037443876266,532.3825073242188,2.9160590171813965,
multi_join_sift_wiki_1,join,B3,0.05,0.2,790256,40061,33299.51459715465,1.2030505694945806,385,385,2.520631067454815,532.9548950195312,2.7123072147369385,
multi_join_sift_wiki_1,join,B3,0.05,0.2,201003,40591,43523.85650793651,1.0722538618890027,385,385,1.2787263840436935,583.0762329101562,2.859617233276367,
multi_join_sift_wiki_1,join,B3,0.05,0.2,6443,39497,33384.55406162465,1.1830920349300569,385,385,1.2546218931674957,538.642333984375,2.739042282104492,
multi_join_sift_wiki_1,join,B3,0.05,0.2,642763,40406,43478.89884057971,1.076050557852292,385,385,7.336879149079323,564.1224365234375,2.7092697620391846,
multi_join_sift_wiki_1,join,B3,0.05,0.2,193392,40162,39545.026906487234,1.0156017871721703,385,385,5.842456594109535,594.61181640625,2.984983205795288,
multi_join_sift_wiki_1,join,B3,0.05,0.2,203755,39367,45957.71343800678,1.1674172133514562,385,385,1.2396369129419327,495.6998596191406,2.994408130645752,
multi_join_sift_wiki_1,join,B3,0.05,0.2,94462,39478,31224.79428534572,1.264315775445401,385,385,1.2783119454979897,512.9263916015625,2.962696075439453,
multi_join_sift_wiki_1,join,B3,0.05,0.2,590890,40861,50015.93074899525,1.2240505799905839,385,385,1.2352019548416138,618.7183227539062,2.9903500080108643,
multi_join_sift_wiki_1,join,B3,0.05,0.2,783383,40252,45833.793426704025,1.138671207063103,385,385,1.236787997186184,548.6425170898438,2.9504549503326416,
multi_join_sift_wiki_1,join,B3,0.05,0.2,737605,39820,24800.296918767508,1.6056259378840905,385,385,1.2180563062429428,488.3546142578125,2.988215684890747,
multi_join_sift_wiki_1,join,B3,0.05,0.2,516560,39915,35304.26257101086,1.1306000208817595,385,385,1.2552421540021896,594.4563598632812,3.1861371994018555,
multi_join_sift_wiki_1,join,B3,0.05,0.2,137642,40792,43794.007736572894,1.0735930510044345,385,385,12.44102418422699,607.5831909179688,2.908339023590088,
multi_join_sift_wiki_1,join,B3,0.05,0.2,37803,39499,41637.88800254579,1.0541504342526593,385,385,1.2737205252051353,598.5520629882812,2.9570248126983643,
multi_join_sift_wiki_1,join,B3,0.05,0.2,254800,40146,33409.342572463764,1.2016399279011447,385,385,1.263483427464962,600.7738647460938,2.9208061695098877,
multi_join_sift_wiki_1,join,B3,0.05,0.2,605930,40914,47696.47557991312,1.1657739546344312,385,385,1.2333029881119728,591.1052856445312,2.785029649734497,
multi_join_sift_wiki_1,join,B3,0.05,0.2,209329,39974,37529.26239495799,1.0651421703766408,385,385,1.2403065338730812,531.8666381835938,2.7756268978118896,
multi_join_sift_wiki_1,join,B3,0.05,0.2,766585,40578,39649.05493443755,1.0234291855656719,385,385,1.2361770495772362,606.5131225585938,3.071518898010254,
multi_join_sift_wiki_1,join,B3,0.05,0.2,488782,40690,37108.24683399675,1.0965217565256093,385,385,1.2775007635354996,494.10662841796875,3.142624616622925,
multi_join_sift_wiki_1,join,B3,0.05,0.2,374559,40142,37566.80206582633,1.068549831035958,385,385,1.271100714802742,517.123291015625,3.0959250926971436,
multi_join_sift_wiki_1,join,B3,0.05,0.2,111780,39975,46142.4115976215,1.1542817160130456,385,385,4.654137417674065,526.3721923828125,3.20689058303833,
multi_join_sift_wiki_1,join,B3,0.05,0.2,178188,40289,27195.742467421755,1.4814451213554063,385,385,1.274879090487957,630.1411743164062,2.985353708267212,
multi_join_sift_wiki_1,join,B3,0.05,0.2,539857,40734,49752.429227053144,1.2213980759820577,385,385,1.2285858392715454,582.122314453125,2.8438801765441895,
multi_join_sift_wiki_1,join,B3,0.05,0.2,781264,40022,53697.542177908545,1.3417006191072047,385,385,1.2163324281573296,574.6231079101562,2.6980855464935303,
multi_join_sift_wiki_1,join,B3,0.05,0.2,771184,40852,26876.66825396825,1.5199800665012984,385,385,1.2161629274487495,610.2225952148438,2.8078548908233643,
multi_join_sift_wiki_1,join,B3,0.05,0.2,140785,39392,22968.886904761905,1.7150156280247633,385,385,1.2120874598622322,539.7122802734375,2.836686372756958,
multi_join_sift_wiki_1,join,B3,0.05,0.2,2505,38973,37528.48809523809,1.038491076461596,385,385,1.218811608850956,505.95751953125,2.726055383682251,
multi_join_sift_wiki_1,join,B3,0.05,0.2,526089,41003,49678.06501035196,1.2115714706326843,385,385,1.2328708544373512,607.0977172851562,2.778130531311035,
multi_join_sift_wiki_1,join,B3,0.05,0.2,608072,39878,45683.128424775714,1.1455722058472269,385,385,1.2838980183005333,615.6487426757812,3.105651617050171,
multi_join_sift_wiki_1,join,B3,0.05,0.2,224837,40045,22780.38385485773,1.757872047070916,385,385,1.2056929990649223,509.92572021484375,3.241783380508423,
multi_join_sift_wiki_1,join,B3,0.05,0.2,386133,39581,37643.869151138715,1.0514593981050082,385,385,1.217195764183998,594.0038452148438,2.921837329864502,
multi_join_sift_wiki_1,join,B3,0.05,0.2,487850,40457,33337.759927739215,1.2135488433443637,385,385,1.2142518535256386,600.1566162109375,2.5421645641326904,
multi_join_sift_wiki_1,join,B3,0.05,0.2,340195,39445,29139.719674185464,1.3536506336038594,385,385,1.215524971485138,521.79443359375,3.0128531455993652,
multi_join_sift_wiki_1,join,B3,0.05,0.2,122774,39420,27173.777766106443,1.4506632217022153,385,385,1.208372414112091,513.6685180664062,2.5227179527282715,
multi_join_sift_wiki_1,join,B3,0.05,0.2,690833,40995,29273.567576389825,1.4004101103503328,385,385,1.2192288413643837,571.0390014648438,3.2076144218444824,
multi_join_sift_wiki_1,join,B3,0.05,0.2,686759,39943,39524.0975140056,1.010598660370321,385,385,1.2018363922834396,501.8027648925781,3.245149850845337,
multi_join_sift_wiki_1,join,B3,0.05,0.2,154430,40213,41763.89480358505,1.0385670008103114,385,385,1.2037483975291252,520.7003173828125,2.6717138290405273,
multi_join_sift_wiki_1,join,B3,0.05,0.2,630926,39435,47239.02216939408,1.1978958328742,385,385,1.2090867385268211,524.5912475585938,3.197935104370117,
multi_join_sift_wiki_1,join,B3,0.05,0.2,255248,40713,41378.461111111115,1.0163451750328178,385,385,1.2308182194828987,600.0139770507812,2.75639271736145,
multi_join_sift_wiki_1,join,B3,0.05,0.2,48107,40616,33170.19777568922,1.2244726508615478,385,385,7.030735723674297,531.8893432617188,3.032061815261841,
multi_join_sift_wiki_1,join,B3,0.05,0.2,717611,40657,39497.98244306419,1.0293437154317064,385,385,1.2293029576539993,545.0242919921875,2.4548850059509277,
multi_join_sift_wiki_1,join,B3,0.05,0.2,559097,40454,37286.75081800837,1.084943018968066,385,385,4.140622913837433,589.176513671875,3.1344034671783447,
multi_join_sift_wiki_1,join,B3,0.05,0.2,527854,40013,37278.4091873706,1.0733558880928815,385,385,1.2284805998206139,634.5965576171875,2.896984577178955,
multi_join_sift_wiki_1,join,B3,0.05,0.2,692258,41110,50063.94514705883,1.217804552348792,385,385,1.216961070895195,589.29052734375,3.5499489307403564,
multi_join_sift_wiki_1,join,B3,0.05,0.2,344709,39703,43831.49345238095,1.1039844206327216,385,385,1.2065628543496132,531.34130859375,2.6828415393829346,
multi_join_sift_wiki_1,join,B3,0.05,0.2,414737,40325,47823.107495027,1.1859419093621077,385,385,1.2050401419401169,594.7772827148438,3.1229937076568604,
multi_join_sift_wiki_1,join,B3,0.05,0.2,362610,39875,39692.10039357772,1.0046079598864432,385,385,1.204625703394413,591.4989624023438,3.019996404647827,
multi_join_sift_wiki_1,join,B3,0.05,0.2,129857,39963,39369.763332964765,1.015068332060267,385,385,1.2260498479008675,530.8027954101562,2.8648459911346436,
multi_join_sift_wiki_1,join,B3,0.05,0.2,210898,39865,35231.64466312841,1.1315111849354174,385,385,1.217961311340332,532.5714111328125,2.6272644996643066,
multi_join_sift_wiki_1,join,B3,0.05,0.2,793779,39752,35100.35547791581,1.1325241428113422,385,385,1.2114392593502998,582.40625,2.7579474449157715,
multi_join_sift_wiki_1,join,B3,0.05,0.2,634727,39763,35329.48733491337,1.1254904330498263,385,385,1.2542763724923134,591.5332641601562,2.536240339279175,
multi_join_sift_wiki_1,join,B3,0.05,0.2,351141,40862,35175.89807155891,1.161647669005458,385,385,1.2370450422167778,606.662353515625,2.9031050205230713,
multi_join_sift_wiki_1,join,B3,0.05,0.2,611020,40057,45718.97496431296,1.141347953274408,385,385,1.2348918244242668,622.3216552734375,2.6832292079925537,
multi_join_sift_wiki_1,join,B3,0.05,0.3,145860,39205,31250.334450095826,1.2545465733369066,385,385,1.2721642851829529,530.199462890625,2.8995752334594727,
multi_join_sift_wiki_1,join,B3,0.05,0.3,359095,40338,47865.428250720586,1.1866088613892753,385,385,1.1964254081249237,640.2191162109375,2.541745185852051,
multi_join_sift_wiki_1,join,B3,0.05,0.3,286093,39971,37319.34952380952,1.0710529660893136,385,385,1.178111881017685,625.1065673828125,2.442873239517212,
multi_join_sift_wiki_1,join,B3,0.05,0.3,781121,39807,45822.33108178054,1.151112394347239,385,385,1.1982740834355354,549.830078125,2.5712718963623047,
multi_join_sift_wiki_1,join,B3,0.05,0.3,142780,39872,33392.09575961964,1.1940550328744677,385,385,1.2014852836728096,510.74957275390625,2.896462917327881,
multi_join_sift_wiki_1,join,B3,0.05,0.3,428790,40316,33433.92704451346,1.2058409993634265,385,385,1.2102695181965828,558.8193969726562,2.4774093627929688,
multi_join_sift_wiki_1,join,B3,0.05,0.3,322723,39343,31314.131578947367,1.2563976076044363,385,385,13.403200544416904,499.2731628417969,2.986773729324341,
multi_join_sift_wiki_1,join,B3,0.05,0.3,588557,39771,45252.691578674945,1.1378313740835018,385,385,1.2942403554916382,629.5499877929688,3.0205342769622803,
multi_join_sift_wiki_1,join,B3,0.05,0.3,263638,40060,41679.52922932331,1.040427589349059,385,385,1.1712871491909027,526.975341796875,3.283975601196289,
multi_join_sift_wiki_1,join,B3,0.05,0.3,693614,40798,29179.76666666667,1.3981605975830282,385,385,1.0059429332613945,612.0115356445312,2.5495686531066895,
multi_join_sift_wiki_1,join,B3,0.05,0.3,546912,40228,26925.789206349207,1.494032345410848,385,385,1.0070540010929108,618.724853515625,3.211322069168091,
multi_join_sift_wiki_1,join,B3,0.05,0.3,444449,40268,52093.474876048815,1.2936692876738058,385,385,0.9943274781107903,565.9703979492188,2.7807583808898926,
multi_join_sift_wiki_1,join,B3,0.05,0.3,663176,40001,31295.276043048798,1.2781801299651705,385,385,1.001955009996891,493.45111083984375,2.5044238567352295,
multi_join_sift_wiki_1,join,B3,0.05,0.3,763999,39605,35615.00907894737,1.1120311639457416,385,385,1.1079628020524979,538.6162719726562,2.9056854248046875,
multi_join_sift_wiki_1,join,B3,0.05,0.3,782168,39182,39733.0130952381,1.0140629139716733,385,385,1.5543419867753983,507.74993896484375,2.5348682403564453,
multi_join_sift_wiki_1,join,B3,0.05,0.3,673362,39785,16628.42336638698,2.392590032343185,385,385,1.5723304823040962,567.3450927734375,2.8160996437072754,
multi_join_sift_wiki_1,join,B3,0.05,0.3,83904,39750,49668.618503980535,1.249524993810831,385,385,1.5577161684632301,505.16839599609375,3.0482594966888428,
multi_join_sift_wiki_1,join,B3,0.05,0.3,695261,40299,39723.786589635856,1.0144803267701126,385,385,1.4500105753540993,551.4187622070312,2.6969356536865234,
multi_join_sift_wiki_1,join,B3,0.05,0.3,386245,40481,29104.866125116714,1.3908670744603078,385,385,1.269996166229248,601.3907470703125,2.934922456741333,
multi_join_sift_wiki_1,join,B3,0.05,0.3,69504,40894,33317.9439699793,1.227386660979051,385,385,1.263858750462532,555.7332763671875,3.2390849590301514,
multi_join_sift_wiki_1,join,B3,0.05,0.3,681535,39910,47698.9684413239,1.1951633285222727,385,385,1.242591068148613,506.0704040527344,3.3210012912750244,
multi_join_sift_wiki_1,join,B3,0.05,0.3,696279,40127,50073.176190476195,1.247867425685354,385,385,1.254873350262642,525.52099609375,2.8524117469787598,
multi_join_sift_wiki_1,join,B3,0.05,0.3,340223,40138,44113.735688405795,1.0990516639694503,385,385,7.369415834546089,596.6854858398438,2.9147491455078125,
multi_join_sift_wiki_1,join,B3,0.05,0.3,690943,41191,43673.76261042098,1.0602743951450797,385,385,1.266120932996273,592.3656616210938,3.2163867950439453,
multi_join_sift_wiki_1,join,B3,0.05,0.3,636616,39857,29039.991550567596,1.3724866252318515,385,385,1.2463834136724472,509.25775146484375,2.938859224319458,
multi_join_sift_wiki_1,join,B3,0.05,0.3,48106,40563,39638.74274104379,1.0233170175198114,385,385,1.239389181137085,531.8182983398438,3.032061815261841,
multi_join_sift_wiki_1,join,B3,0.05,0.3,352770,40701,31386.659504830917,1.2967611285213534,385,385,1.2316666543483734,499.57415771484375,3.1356277465820312,
multi_join_sift_wiki_1,join,B3,0.05,0.3,536954,41057,53938.75177038931,1.3137528745497555,385,385,1.2429244816303253,617.656005859375,3.0945534706115723,
multi_join_sift_wiki_1,join,B3,0.05,0.3,752067,39942,37318.03024104379,1.0703137261534847,385,385,1.2223348021507263,524.2474975585938,2.7386274337768555,
multi_join_sift_wiki_1,join,B3,0.05,0.3,602570,40131,39492.32698412699,1.0161720785946524,385,385,5.727285519242287,538.7058715820312,2.794548749923706,
multi_join_sift_wiki_1,join,B3,0.05,0.3,345404,40297,33317.24106280193,1.2094939050938056,385,385,1.2727761641144753,573.16357421875,2.874479293823242,
multi_join_sift_wiki_1,join,B3,0.05,0.3,628777,39890,41174.712719298244,1.0322063855426986,385,385,1.2559406459331512,536.1368408203125,2.908341407775879,
multi_join_sift_wiki_1,join,B3,0.05,0.3,137071,40335,49786.8418357488,1.2343335028077054,385,385,1.2311479076743126,565.7279663085938,2.6718127727508545,
multi_join_sift_wiki_1,join,B3,0.05,0.3,296404,39110,49978.34151923928,1.2778916266744893,385,385,1.4222124591469765,527.79638671875,3.2837841510772705,
multi_join_sift_wiki_1,join,B3,0.05,0.3,703153,40188,51658.000436753646,1.2854085905432877,385,385,1.2121200561523438,497.02056884765625,3.3179731369018555,
multi_join_sift_wiki_1,join,B3,0.05,0.3,438962,40151,53652.88538819876,1.336277686438663,385,385,1.2243743985891342,595.399169921875,2.6289570331573486,
multi_join_sift_wiki_1,join,B3,0.05,0.3,33248,39599,39540.88304953561,1.0014697939444495,385,385,1.2528710067272186,516.1569213867188,2.337841033935547,
multi_join_sift_wiki_1,join,B3,0.05,0.3,779894,40022,49883.99118357488,1.246414251750909,385,385,5.598803982138634,583.26953125,2.5691866874694824,
multi_join_sift_wiki_1,join,B3,0.05,0.3,304120,39328,35375.33095238096,1.1117351821510806,385,385,7.317486219108105,525.758544921875,2.7490689754486084,
multi_join_sift_wiki_1,join,B3,0.05,0.3,73745,38889,37490.37327694236,1.0373062896100274,385,385,1.2643765658140182,506.00616455078125,2.654064178466797,
multi_join_sift_wiki_1,join,B3,0.05,0.3,516733,40388,47957.4208301551,1.1874175703217564,385,385,1.2553837150335312,554.3741455078125,3.0097391605377197,
multi_join_sift_wiki_1,join,B3,0.05,0.3,181346,39657,41825.949219035436,1.054692720554642,385,385,3.838467411696911,553.5350952148438,3.273480176925659,
multi_join_sift_wiki_1,join,B3,0.05,0.3,620747,40245,43771.19227591036,1.0876181457550096,385,385,1.2758541852235794,532.4453125,3.0532097816467285,
multi_join_sift_wiki_1,join,B3,0.05,0.3,738510,40003,31257.052412280704,1.2798071767088015,385,385,1.2717507779598236,517.6148681640625,2.6115403175354004,
multi_join_sift_wiki_1,join,B3,0.05,0.3,111011,39868,47481.020824979125,1.1909556743498326,385,385,1.2326380237936974,645.222412109375,2.8725788593292236,
multi_join_sift_wiki_1,join,B3,0.05,0.3,426052,40426,43398.944761904764,1.0735404136423283,385,385,7.3004430159926414,539.0144653320312,2.85752534866333,
multi_join_sift_wiki_1,join,B3,0.05,0.3,724169,39935,45917.78808418105,1.1498131484707912,385,385,1.2730294838547707,521.658203125,2.819596529006958,
multi_join_sift_wiki_1,join,B3,0.05,0.3,588630,40972,43924.338793995856,1.0720574732499233,385,385,1.2519890442490578,532.3825073242188,2.9160590171813965,
multi_join_sift_wiki_1,join,B3,0.05,0.3,790256,40061,45653.66846098088,1.139603815705571,385,385,1.2671612203121185,532.9548950195312,2.7123072147369385,
multi_join_sift_wiki_1,join,B3,0.05,0.3,201003,40591,35059.66857142857,1.1577690735239614,385,385,7.240083068609238,583.0762329101562,2.859617233276367,
multi_join_sift_wiki_1,join,B3,0.05,0.3,6443,39497,37590.65194644219,1.0507133543806026,385,385,7.216999307274818,538.642333984375,2.739042282104492,
multi_join_sift_wiki_1,join,B3,0.05,0.3,642763,40406,53965.584306418226,1.3355834357872154,385,385,1.260252669453621,564.1224365234375,2.7092697620391846,
multi_join_sift_wiki_1,join,B3,0.05,0.3,193392,40162,33453.1161231884,1.2005458580332748,385,385,1.2429757043719292,594.61181640625,2.984983205795288,
multi_join_sift_wiki_1,join,B3,0.05,0.3,203755,39367,28929.407664381542,1.3607952315065692,385,385,1.2399619445204735,495.6998596191406,2.994408130645752,
multi_join_sift_wiki_1,join,B3,0.05,0.3,94462,39478,45823.75328763085,1.160741508881677,385,385,1.2341393157839775,512.9263916015625,2.962696075439453,
multi_join_sift_wiki_1,join,B3,0.05,0.3,590890,40861,30971.457777777778,1.3193114865041333,385,385,1.248748041689396,618.7183227539062,2.9903500080108643,
multi_join_sift_wiki_1,join,B3,0.05,0.3,783383,40252,49803.53718253968,1.2372934806354885,385,385,7.351590320467949,548.6425170898438,2.9504549503326416,
multi_join_sift_wiki_1,join,B3,0.05,0.3,737605,39820,28927.729793233084,1.3765338754413727,385,385,1.283121295273304,488.3546142578125,2.988215684890747,
multi_join_sift_wiki_1,join,B3,0.05,0.3,516560,39915,33412.985079365084,1.1945954515943675,385,385,1.2630214914679527,594.4563598632812,3.1861371994018555,
multi_join_sift_wiki_1,join,B3,0.05,0.3,137642,40792,52214.85405279503,1.2800268202783642,385,385,1.2683803215622902,607.5831909179688,2.908339023590088,
multi_join_sift_wiki_1,join,B3,0.05,0.3,37803,39499,20809.32383388138,1.8981395222312998,385,385,7.217486388981342,598.5520629882812,2.9570248126983643,
multi_join_sift_wiki_1,join,B3,0.05,0.3,254800,40146,41544.796678743965,1.0348427409640804,385,385,1.263987272977829,600.7738647460938,2.9208061695098877,
multi_join_sift_wiki_1,join,B3,0.05,0.3,605930,40914,33151.18707749766,1.23416395027892,385,385,1.2632831931114197,591.1052856445312,2.785029649734497,
multi_join_sift_wiki_1,join,B3,0.05,0.3,209329,39974,37531.64645292901,1.0650745111897533,385,385,1.2503108009696007,531.8666381835938,2.7756268978118896,
multi_join_sift_wiki_1,join,B3,0.05,0.3,766585,40578,39775.280193236715,1.0201813740308932,385,385,1.2433556839823723,606.5131225585938,3.071518898010254,
multi_join_sift_wiki_1,join,B3,0.05,0.3,488782,40690,39443.60368977111,1.0315994532353574,385,385,7.212899625301361,494.10662841796875,3.142624616622925,
multi_join_sift_wiki_1,join,B3,0.05,0.3,374559,40142,37480.21966721471,1.0710182692742765,385,385,1.2424048036336899,517.123291015625,3.0959250926971436,
multi_join_sift_wiki_1,join,B3,0.05,0.3,111780,39975,46095.85843468967,1.153117159091674,385,385,1.2385919690132141,526.3721923828125,3.20689058303833,
multi_join_sift_wiki_1,join,B3,0.05,0.3,178188,40289,37682.945341614904,1.069157403561741,385,385,1.241239719092846,630.1411743164062,2.985353708267212,
multi_join_sift_wiki_1,join,B3,0.05,0.3,539857,40734,35283.80941876751,1.1544671811523142,385,385,1.22095737606287,582.122314453125,2.8438801765441895,
multi_join_sift_wiki_1,join,B3,0.05,0.3,781264,40022,47516.5601417493,1.187261009988239,385,385,1.230723224580288,574.6231079101562,2.6980855464935303,
multi_join_sift_wiki_1,join,B3,0.05,0.3,771184,40852,45874.564057971016,1.1229453651711303,385,385,1.2214919552206993,610.2225952148438,2.8078548908233643,
multi_join_sift_wiki_1,join,B3,0.05,0.3,140785,39392,31315.045133053223,1.257925697779739,385,385,1.2253355234861374,539.7122802734375,2.836686372756958,
multi_join_sift_wiki_1,join,B3,0.05,0.3,2505,38973,45900.65535714285,1.177755249971592,385,385,1.2568999081850052,505.95751953125,2.726055383682251,
multi_join_sift_wiki_1,join,B3,0.05,0.3,526089,41003,41529.806466934606,1.0128479981204939,385,385,1.2221839278936386,607.0977172851562,2.778130531311035,
multi_join_sift_wiki_1,join,B3,0.05,0.3,608072,39878,37452.51062801933,1.064761729756138,385,385,1.2159710749983788,615.6487426757812,3.105651617050171,
multi_join_sift_wiki_1,join,B3,0.05,0.3,224837,40045,43481.58546181631,1.0858180911928157,385,385,3.8313474506139755,509.92572021484375,3.241783380508423,
multi_join_sift_wiki_1,join,B3,0.05,0.3,386133,39581,58258.824775707384,1.4718886530332074,385,385,1.2256018817424774,594.0038452148438,2.921837329864502,
multi_join_sift_wiki_1,join,B3,0.05,0.3,487850,40457,27093.43768115942,1.4932398197713206,385,385,1.2181438505649567,600.1566162109375,2.5421645641326904,
multi_join_sift_wiki_1,join,B3,0.05,0.3,340195,39445,50100.65310559006,1.2701395133880102,385,385,1.2138308957219124,521.79443359375,3.0128531455993652,
multi_join_sift_wiki_1,join,B3,0.05,0.3,122774,39420,35443.635714285716,1.1121883860269897,385,385,1.211094669997692,513.6685180664062,2.5227179527282715,
multi_join_sift_wiki_1,join,B3,0.05,0.3,690833,40995,54068.007814212644,1.3188927384854896,385,385,1.2172367423772812,571.0390014648438,3.2076144218444824,
multi_join_sift_wiki_1,join,B3,0.05,0.3,686759,39943,24979.75098039216,1.5990151395565646,385,385,1.200714148581028,501.8027648925781,3.245149850845337,
multi_join_sift_wiki_1,join,B3,0.05,0.3,154430,40213,52202.3870341615,1.2981470428508566,385,385,1.2032212689518929,520.7003173828125,2.6717138290405273,
multi_join_sift_wiki_1,join,B3,0.05,0.3,630926,39435,37074.972044080794,1.0636555559128464,385,385,1.1443914845585823,524.5912475585938,3.197935104370117,
multi_join_sift_wiki_1,join,B3,0.05,0.3,255248,40713,37282.75231193927,1.0920062891108562,385,385,0.9821970015764236,600.0139770507812,2.75639271736145,
multi_join_sift_wiki_1,join,B3,0.05,0.3,48107,40616,35296.86027568922,1.1506972485021378,385,385,1.149456948041916,531.8893432617188,3.032061815261841,
multi_join_sift_wiki_1,join,B3,0.05,0.3,717611,40657,41528.020350241546,1.021423625703853,385,385,1.2130523100495338,545.0242919921875,2.4548850059509277,
multi_join_sift_wiki_1,join,B3,0.05,0.3,559097,40454,35342.81743464052,1.144617292461519,385,385,1.2009739875793457,589.176513671875,3.1344034671783447,
multi_join_sift_wiki_1,join,B3,0.05,0.3,527854,40013,43670.01316624895,1.091395625577911,385,385,1.1968333274126053,634.5965576171875,2.896984577178955,
multi_join_sift_wiki_1,join,B3,0.05,0.3,692258,41110,43416.651677018635,1.0561092599615334,385,385,8.609619922935963,589.29052734375,3.5499489307403564,
multi_join_sift_wiki_1,join,B3,0.05,0.3,344709,39703,27163.15297619048,1.4616491699178356,385,385,1.231202855706215,531.34130859375,2.6828415393829346,
multi_join_sift_wiki_1,join,B3,0.05,0.3,414737,40325,45487.18584368531,1.1280145280517124,385,385,1.2468621134757996,594.7772827148438,3.1229937076568604,
multi_join_sift_wiki_1,join,B3,0.05,0.3,362610,39875,45887.44396135266,1.150782293701634,385,385,1.2255636975169182,591.4989624023438,3.019996404647827,
multi_join_sift_wiki_1,join,B3,0.05,0.3,129857,39963,37441.40656789031,1.0673477217672747,385,385,1.3487832620739937,530.8027954101562,2.8648459911346436,
multi_join_sift_wiki_1,join,B3,0.05,0.3,210898,39865,43433.13609431187,1.0895054833641509,385,385,1.2478502467274666,532.5714111328125,2.6272644996643066,
multi_join_sift_wiki_1,join,B3,0.05,0.3,793779,39752,39536.111083505864,1.0054605501294285,385,385,1.2357132509350777,582.40625,2.7579474449157715,
multi_join_sift_wiki_1,join,B3,0.05,0.3,634727,39763,31300.834475772765,1.2703495183419808,385,385,1.2295059859752655,591.5332641601562,2.536240339279175,
multi_join_sift_wiki_1,join,B3,0.05,0.3,351141,40862,24844.453615106606,1.6447131674956204,385,385,1.241438090801239,606.662353515625,2.9031050205230713,
multi_join_sift_wiki_1,join,B3,0.05,0.3,611020,40057,51642.447919799495,1.2892240537184385,385,385,1.2351227924227715,622.3216552734375,2.6832292079925537,
multi_join_sift_wiki_1,join,B3,0.05,0.4,145860,39205,43795.53461779449,1.1170905399258892,385,385,1.2649009004235268,530.199462890625,2.8995752334594727,
multi_join_sift_wiki_1,join,B3,0.05,0.4,359095,40338,37572.5790200138,1.0736021069651125,385,385,1.2588230893015862,640.2191162109375,2.541745185852051,
multi_join_sift_wiki_1,join,B3,0.05,0.4,286093,39971,26893.00072463768,1.486297509499603,385,385,1.2623723596334457,625.1065673828125,2.442873239517212,
multi_join_sift_wiki_1,join,B3,0.05,0.4,781121,39807,41671.21669102424,1.046831378677726,385,385,1.2034354731440544,549.830078125,2.5712718963623047,
multi_join_sift_wiki_1,join,B3,0.05,0.4,142780,39872,37355.046386186055,1.0673792126448736,385,385,1.1889878660440445,510.74957275390625,2.896462917327881,
multi_join_sift_wiki_1,join,B3,0.05,0.4,428790,40316,37607.355486542445,1.072024328177684,385,385,1.1677928268909454,558.8193969726562,2.4774093627929688,
multi_join_sift_wiki_1,join,B3,0.05,0.4,322723,39343,35440.13739495799,1.1101254930686941,385,385,1.217646524310112,499.2731628417969,2.986773729324341,
multi_join_sift_wiki_1,join,B3,0.05,0.4,588557,39771,22824.47319530711,1.7424717608894136,385,385,1.2164236977696419,629.5499877929688,3.0205342769622803,
multi_join_sift_wiki_1,join,B3,0.05,0.4,263638,40060,20828.51179971989,1.9233251220828336,385,385,1.2281509116292,526.975341796875,3.283975601196289,
multi_join_sift_wiki_1,join,B3,0.05,0.4,693614,40798,41202.09072463769,1.009904669950431,385,385,1.2205671519041061,612.0115356445312,2.5495686531066895,
multi_join_sift_wiki_1,join,B3,0.05,0.4,546912,40228,24867.66083333333,1.617683314470705,385,385,1.1944007128477097,618.724853515625,3.211322069168091,
multi_join_sift_wiki_1,join,B3,0.05,0.4,444449,40268,45904.03866459627,1.1399632130872224,385,385,1.2218086048960686,565.9703979492188,2.7807583808898926,
multi_join_sift_wiki_1,join,B3,0.05,0.4,663176,40001,24885.189001916555,1.6074219889155468,385,385,1.2120138853788376,493.45111083984375,2.5044238567352295,
multi_join_sift_wiki_1,join,B3,0.05,0.4,763999,39605,29289.84446410143,1.352175155745233,385,385,1.2022610753774643,538.6162719726562,2.9056854248046875,
multi_join_sift_wiki_1,join,B3,0.05,0.4,782168,39182,35524.3880952381,1.102960588510522,385,385,1.219586469233036,507.74993896484375,2.5348682403564453,
multi_join_sift_wiki_1,join,B3,0.05,0.4,673362,39785,35366.078821601106,1.1249480102300704,385,385,1.1997437104582787,567.3450927734375,2.8160996437072754,
multi_join_sift_wiki_1,join,B3,0.05,0.4,83904,39750,35184.29049646174,1.1297655697788591,385,385,1.1983700096607208,505.16839599609375,3.0482594966888428,
multi_join_sift_wiki_1,join,B3,0.05,0.4,695261,40299,27090.153198960743,1.4875884866367601,385,385,1.163797453045845,551.4187622070312,2.6969356536865234,
multi_join_sift_wiki_1,join,B3,0.05,0.4,386245,40481,37082.92654761905,1.0916344465968026,385,385,1.256922259926796,601.3907470703125,2.934922456741333,
multi_join_sift_wiki_1,join,B3,0.05,0.4,69504,40894,39578.397800207036,1.0332404107522029,385,385,1.16681307554245,555.7332763671875,3.2390849590301514,
multi_join_sift_wiki_1,join,B3,0.05,0.4,681535,39910,39422.53988095238,1.0123650104868849,385,385,1.1918945237994194,506.0704040527344,3.3210012912750244,
multi_join_sift_wiki_1,join,B3,0.05,0.4,696279,40127,39521.61659295297,1.0153177794643902,385,385,1.246095634996891,525.52099609375,2.8524117469787598,
multi_join_sift_wiki_1,join,B3,0.05,0.4,340223,40138,37785.923188405795,1.0622474353707445,385,385,1.2413263320922852,596.6854858398438,2.9147491455078125,
multi_join_sift_wiki_1,join,B3,0.05,0.4,690943,41191,41606.56375624163,1.0100887027807441,385,385,1.2283138930797577,592.3656616210938,3.2163867950439453,
multi_join_sift_wiki_1,join,B3,0.05,0.4,636616,39857,39293.36162096418,1.0143443664727099,385,385,1.2314589694142342,509.25775146484375,2.938859224319458,
multi_join_sift_wiki_1,join,B3,0.05,0.4,48106,40563,37480.198965551135,1.082251458624388,385,385,1.222791150212288,531.8182983398438,3.032061815261841,
multi_join_sift_wiki_1,join,B3,0.05,0.4,352770,40701,41451.12133022774,1.0184300466874951,385,385,1.2283679097890854,499.57415771484375,3.1356277465820312,
multi_join_sift_wiki_1,join,B3,0.05,0.4,536954,41057,45445.71587301588,1.106893242882234,385,385,1.2238631024956703,617.656005859375,3.0945534706115723,
multi_join_sift_wiki_1,join,B3,0.05,0.4,752067,39942,31005.430377414123,1.2882259498999153,385,385,1.2131650000810623,524.2474975585938,2.7386274337768555,
multi_join_sift_wiki_1,join,B3,0.05,0.4,602570,40131,45549.568029878625,1.1350220036848975,385,385,1.2017833068966866,538.7058715820312,2.794548749923706,
multi_join_sift_wiki_1,join,B3,0.05,0.4,345404,40297,39665.42947722567,1.0159224425677014,385,385,1.2038350105285645,573.16357421875,2.874479293823242,
multi_join_sift_wiki_1,join,B3,0.05,0.4,628777,39890,39177.70834254755,1.0181810444660158,385,385,1.2226104736328125,536.1368408203125,2.908341407775879,
multi_join_sift_wiki_1,join,B3,0.05,0.4,137071,40335,35073.07492063492,1.150027480945769,385,385,1.2072445824742317,565.7279663085938,2.6718127727508545,
multi_join_sift_wiki_1,join,B3,0.05,0.4,296404,39110,35357.45696410144,1.106131587452925,385,385,1.1989036574959755,527.79638671875,3.2837841510772705,
multi_join_sift_wiki_1,join,B3,0.05,0.4,703153,40188,54040.997919430934,1.344704835260051,385,385,1.2368913739919662,497.02056884765625,3.3179731369018555,
multi_join_sift_wiki_1,join,B3,0.05,0.4,438962,40151,47373.59263975155,1.1798857472977398,385,385,1.213284209370613,595.399169921875,2.6289570331573486,
multi_join_sift_wiki_1,join,B3,0.05,0.4,33248,39599,37545.1962184874,1.054702172005198,385,385,1.2183105573058128,516.1569213867188,2.337841033935547,
multi_join_sift_wiki_1,join,B3,0.05,0.4,779894,40022,33221.33572836076,1.2047077314183237,385,385,1.2178178876638412,583.26953125,2.5691866874694824,
multi_join_sift_wiki_1,join,B3,0.05,0.4,304120,39328,35450.60587866725,1.1093745515832216,385,385,1.2129992246627808,525.758544921875,2.7490689754486084,
multi_join_sift_wiki_1,join,B3,0.05,0.4,73745,38889,33252.46130952381,1.1695074129403418,385,385,1.2168502435088158,506.00616455078125,2.654064178466797,
multi_join_sift_wiki_1,join,B3,0.05,0.4,516733,40388,29203.561361283646,1.3829820103223445,385,385,1.2174267321825027,554.3741455078125,3.0097391605377197,
multi_join_sift_wiki_1,join,B3,0.05,0.4,181346,39657,29120.40644257703,1.3618285197426843,385,385,1.3301698490977287,553.5350952148438,3.273480176925659,
multi_join_sift_wiki_1,join,B3,0.05,0.4,620747,40245,49770.79575961964,1.2366951362807714,385,385,1.244860701262951,532.4453125,3.0532097816467285,
multi_join_sift_wiki_1,join,B3,0.05,0.4,738510,40003,31325.818242296922,1.2769977687601763,385,385,1.2331698089838028,517.6148681640625,2.6115403175354004,
multi_join_sift_wiki_1,join,B3,0.05,0.4,111011,39868,25008.40580400276,1.594183984075421,385,385,1.2477599084377289,645.222412109375,2.8725788593292236,
multi_join_sift_wiki_1,join,B3,0.05,0.4,426052,40426,35241.67587301587,1.147107763707506,385,385,1.2167589738965034,539.0144653320312,2.85752534866333,
multi_join_sift_wiki_1,join,B3,0.05,0.4,724169,39935,45832.189943609024,1.1476697118720176,385,385,1.2197894975543022,521.658203125,2.819596529006958,
multi_join_sift_wiki_1,join,B3,0.05,0.4,588630,40972,39629.27015182885,1.0338822754753454,385,385,1.2299250811338425,532.3825073242188,2.9160590171813965,
multi_join_sift_wiki_1,join,B3,0.05,0.4,790256,40061,35150.43261093911,1.1397014780276895,385,385,1.2208335101604462,532.9548950195312,2.7123072147369385,
multi_join_sift_wiki_1,join,B3,0.05,0.4,201003,40591,33328.28571428571,1.2179144270418094,385,385,1.2014750391244888,583.0762329101562,2.859617233276367,
multi_join_sift_wiki_1,join,B3,0.05,0.4,6443,39497,58430.50336134454,1.4793656065358012,385,385,1.2529315426945686,538.642333984375,2.739042282104492,
multi_join_sift_wiki_1,join,B3,0.05,0.4,642763,40406,31041.464941338854,1.301678257658198,385,385,1.241159625351429,564.1224365234375,2.7092697620391846,
multi_join_sift_wiki_1,join,B3,0.05,0.4,193392,40162,39576.36870255349,1.01479749953433,385,385,1.2453608214855194,594.61181640625,2.984983205795288,
multi_join_sift_wiki_1,join,B3,0.05,0.4,203755,39367,35332.455357142855,1.1141880631299381,385,385,1.2696757912635803,495.6998596191406,2.994408130645752,
multi_join_sift_wiki_1,join,B3,0.05,0.4,94462,39478,25010.84744029191,1.5784351207709113,385,385,1.2201126664876938,512.9263916015625,2.962696075439453,
multi_join_sift_wiki_1,join,B3,0.05,0.4,590890,40861,30901.77523809524,1.3222864927716895,385,385,1.2156972661614418,618.7183227539062,2.9903500080108643,
multi_join_sift_wiki_1,join,B3,0.05,0.4,783383,40252,56425.92705851907,1.4018167310573155,385,385,1.2260377407073975,548.6425170898438,2.9504549503326416,
multi_join_sift_wiki_1,join,B3,0.05,0.4,737605,39820,39623.860609243704,1.0049500323224572,385,385,9.588204324245453,488.3546142578125,2.988215684890747,
multi_join_sift_wiki_1,join,B3,0.05,0.4,516560,39915,45746.810158730164,1.1461057286416176,385,385,1.230255700647831,594.4563598632812,3.1861371994018555,
multi_join_sift_wiki_1,join,B3,0.05,0.4,137642,40792,39669.64699792961,1.0282924877584358,385,385,1.245187595486641,607.5831909179688,2.908339023590088,
multi_join_sift_wiki_1,join,B3,0.05,0.4,37803,39499,37417.90699447896,1.055617568503447,385,385,1.2199338525533676,598.5520629882812,2.9570248126983643,
multi_join_sift_wiki_1,join,B3,0.05,0.4,254800,40146,31378.001509661837,1.279431387229628,385,385,1.2147175148129463,600.7738647460938,2.9208061695098877,
multi_join_sift_wiki_1,join,B3,0.05,0.4,605930,40914,39317.09301587302,1.0406161000632035,385,385,1.209666021168232,591.1052856445312,2.785029649734497,
multi_join_sift_wiki_1,join,B3,0.05,0.4,209329,39974,37492.21517107988,1.0661946704828067,385,385,1.2202244251966476,531.8666381835938,2.7756268978118896,
multi_join_sift_wiki_1,join,B3,0.05,0.4,766585,40578,35408.31445824707,1.1460020229951624,385,385,1.2139743193984032,606.5131225585938,3.071518898010254,
multi_join_sift_wiki_1,join,B3,0.05,0.4,488782,40690,35352.570580863925,1.1509771236274735,385,385,1.2139203026890755,494.10662841796875,3.142624616622925,
multi_join_sift_wiki_1,join,B3,0.05,0.4,374559,40142,41595.21526610645,1.0362018650317983,385,385,7.224735803902149,517.123291015625,3.0959250926971436,
multi_join_sift_wiki_1,join,B3,0.05,0.4,111780,39975,31342.69481792717,1.2754168150575038,385,385,1.1996002867817879,526.3721923828125,3.20689058303833,
multi_join_sift_wiki_1,join,B3,0.05,0.4,178188,40289,35434.061283643896,1.1370133295614384,385,385,1.2091239914298058,630.1411743164062,2.985353708267212,
multi_join_sift_wiki_1,join,B3,0.05,0.4,539857,40734,43587.549817318235,1.0700532679657837,385,385,1.2090420350432396,582.122314453125,2.8438801765441895,
multi_join_sift_wiki_1,join,B3,0.05,0.4,781264,40022,31001.640826704443,1.2909639274810747,385,385,1.2014247477054596,574.6231079101562,2.6980855464935303,
multi_join_sift_wiki_1,join,B3,0.05,0.4,771184,40852,26939.953015873016,1.516409474653872,385,385,1.2088548392057419,610.2225952148438,2.8078548908233643,
multi_join_sift_wiki_1,join,B3,0.05,0.4,140785,39392,20935.51011904762,1.8815877796147051,385,385,1.1905506253242493,539.7122802734375,2.836686372756958,
multi_join_sift_wiki_1,join,B3,0.05,0.4,2505,38973,20915.557738095238,1.8633497843098512,385,385,1.1912975460290909,505.95751953125,2.726055383682251,
multi_join_sift_wiki_1,join,B3,0.05,0.4,526089,41003,33465.56190476191,1.2252296888571164,385,385,1.194206066429615,607.0977172851562,2.778130531311035,
multi_join_sift_wiki_1,join,B3,0.05,0.4,608072,39878,39322.36876121463,1.0141301568621017,385,385,1.1922577396035194,615.6487426757812,3.105651617050171,
multi_join_sift_wiki_1,join,B3,0.05,0.4,224837,40045,29047.350020271268,1.3786111287967338,385,385,1.1930959299206734,509.92572021484375,3.241783380508423,
multi_join_sift_wiki_1,join,B3,0.05,0.4,386133,39581,41607.697615799945,1.0512038002021158,385,385,1.1903410777449608,594.0038452148438,2.921837329864502,
multi_join_sift_wiki_1,join,B3,0.05,0.4,487850,40457,33335.57698957539,1.2136283110579307,385,385,1.2105638161301613,600.1566162109375,2.5421645641326904,
multi_join_sift_wiki_1,join,B3,0.05,0.4,340195,39445,50113.00980392157,1.2704527773842458,385,385,1.203775405883789,521.79443359375,3.0128531455993652,
multi_join_sift_wiki_1,join,B3,0.05,0.4,122774,39420,35467.60703781513,1.1114366965318772,385,385,1.2121768668293953,513.6685180664062,2.5227179527282715,
multi_join_sift_wiki_1,join,B3,0.05,0.4,690833,40995,60490.845252170286,1.4755664166891154,385,385,1.2095198035240173,571.0390014648438,3.2076144218444824,
multi_join_sift_wiki_1,join,B3,0.05,0.4,686759,39943,33308.59632352941,1.199179923765926,385,385,7.304830476641655,501.8027648925781,3.245149850845337,
multi_join_sift_wiki_1,join,B3,0.05,0.4,154430,40213,29241.929761904765,1.3751828394167034,385,385,1.224784180521965,520.7003173828125,2.6717138290405273,
multi_join_sift_wiki_1,join,B3,0.05,0.4,630926,39435,47330.94423558898,1.2002268095749709,385,385,1.2191357091069221,524.5912475585938,3.197935104370117,
multi_join_sift_wiki_1,join,B3,0.05,0.4,255248,40713,35229.93802622499,1.1556364354002964,385,385,1.1965176090598106,600.0139770507812,2.75639271736145,
multi_join_sift_wiki_1,join,B3,0.05,0.4,48107,40616,31210.095864661653,1.3013737662365978,385,385,1.2165680527687073,531.8893432617188,3.032061815261841,
multi_join_sift_wiki_1,join,B3,0.05,0.4,717611,40657,43553.409109730856,1.0712401089537067,385,385,1.2168195098638535,545.0242919921875,2.4548850059509277,
multi_join_sift_wiki_1,join,B3,0.05,0.4,559097,40454,51772.15899460929,1.279778489014913,385,385,1.2025963515043259,589.176513671875,3.1344034671783447,
multi_join_sift_wiki_1,join,B3,0.05,0.4,527854,40013,41507.724444444444,1.0373559704207245,385,385,1.2378264218568802,634.5965576171875,2.896984577178955,
multi_join_sift_wiki_1,join,B3,0.05,0.4,692258,41110,39307.860728291314,1.0458467909043856,385,385,1.1922754347324371,589.29052734375,3.5499489307403564,
multi_join_sift_wiki_1,join,B3,0.05,0.4,344709,39703,33402.63154761905,1.1886189249310821,385,385,1.1897841468453407,531.34130859375,2.6828415393829346,
multi_join_sift_wiki_1,join,B3,0.05,0.4,414737,40325,37259.66739130435,1.082269457118424,385,385,1.2062350288033485,594.7772827148438,3.1229937076568604,
multi_join_sift_wiki_1,join,B3,0.05,0.4,362610,39875,33147.69800724638,1.2029492965479225,385,385,1.2078331783413887,591.4989624023438,3.019996404647827,
multi_join_sift_wiki_1,join,B3,0.05,0.4,129857,39963,39449.67279411765,1.0130122043992946,385,385,1.2063821777701378,530.8027954101562,2.8648459911346436,
multi_join_sift_wiki_1,join,B3,0.05,0.4,210898,39865,49517.58639245172,1.242131854821315,385,385,1.2076254934072495,532.5714111328125,2.6272644996643066,
multi_join_sift_wiki_1,join,B3,0.05,0.4,793779,39752,29036.261012767427,1.3690467923029344,385,385,1.2182081118226051,582.40625,2.7579474449157715,
multi_join_sift_wiki_1,join,B3,0.05,0.4,634727,39763,33321.04928301145,1.193329767687506,385,385,1.252584159374237,591.5332641601562,2.536240339279175,
multi_join_sift_wiki_1,join,B3,0.05,0.4,351141,40862,47891.99601676292,1.1720423869796612,385,385,1.412905752658844,606.662353515625,2.9031050205230713,
multi_join_sift_wiki_1,join,B3,0.05,0.4,611020,40057,43579.664337746544,1.0879412921024176,385,385,1.1617150157690048,622.3216552734375,2.6832292079925537,
multi_join_sift_wiki_1,join,B3,0.05,0.5,145860,39205,29141.184544080792,1.3453468214614284,385,385,7.391566410660744,530.199462890625,2.8995752334594727,
multi_join_sift_wiki_1,join,B3,0.05,0.5,359095,40338,33504.326371635616,1.203963916557048,385,385,1.5140622854232788,640.2191162109375,2.541745185852051,
multi_join_sift_wiki_1,join,B3,0.05,0.5,286093,39971,35093.0,1.1390020801869318,385,385,1.2067686766386032,625.1065673828125,2.442873239517212,
multi_join_sift_wiki_1,join,B3,0.05,0.5,781121,39807,27195.870367494826,1.4637148751664262,385,385,7.2807855904102325,549.830078125,2.5712718963623047,
multi_join_sift_wiki_1,join,B3,0.05,0.5,142780,39872,33394.615605590065,1.1939649334764513,385,385,1.2254826724529266,510.74957275390625,2.896462917327881,
multi_join_sift_wiki_1,join,B3,0.05,0.5,428790,40316,54253.249197722565,1.3457001983758945,385,385,1.2258132919669151,558.8193969726562,2.4774093627929688,
multi_join_sift_wiki_1,join,B3,0.05,0.5,322723,39343,46077.874299719886,1.1711835472566883,385,385,1.2197094038128853,499.2731628417969,2.986773729324341,
multi_join_sift_wiki_1,join,B3,0.05,0.5,588557,39771,43493.46531918565,1.0935974785443074,385,385,1.2007961049675941,629.5499877929688,3.0205342769622803,
multi_join_sift_wiki_1,join,B3,0.05,0.5,263638,40060,37630.49324229692,1.0645621821127844,385,385,2.455516718327999,526.975341796875,3.283975601196289,
multi_join_sift_wiki_1,join,B3,0.05,0.5,693614,40798,31162.716121463076,1.3091926852903781,385,385,1.2459177523851395,612.0115356445312,2.5495686531066895,
multi_join_sift_wiki_1,join,B3,0.05,0.5,546912,40228,43754.59846473066,1.087665269581651,385,385,1.2363549321889877,618.724853515625,3.211322069168091,
multi_join_sift_wiki_1,join,B3,0.05,0.5,444449,40268,41482.487614416474,1.030160117572675,385,385,1.2026848271489143,565.9703979492188,2.7807583808898926,
multi_join_sift_wiki_1,join,B3,0.05,0.5,663176,40001,43646.37250294855,1.091132034272857,385,385,1.2097209692001343,493.45111083984375,2.5044238567352295,
multi_join_sift_wiki_1,join,B3,0.05,0.5,763999,39605,58594.40955513784,1.4794700051795946,385,385,1.2106280773878098,538.6162719726562,2.9056854248046875,
multi_join_sift_wiki_1,join,B3,0.05,0.5,782168,39182,37539.91764705883,1.0437423003529105,385,385,7.270793430507183,507.74993896484375,2.5348682403564453,
multi_join_sift_wiki_1,join,B3,0.05,0.5,673362,39785,37352.86281055901,1.0651124708104962,385,385,1.2224456295371056,567.3450927734375,2.8160996437072754,
multi_join_sift_wiki_1,join,B3,0.05,0.5,83904,39750,35318.431953044375,1.1254746545046894,385,385,1.2103132903575897,505.16839599609375,3.0482594966888428,
multi_join_sift_wiki_1,join,B3,0.05,0.5,695261,40299,49673.720946361005,1.2326291209797018,385,385,1.2151813134551048,551.4187622070312,2.6969356536865234,
multi_join_sift_wiki_1,join,B3,0.05,0.5,386245,40481,51611.61206349207,1.2749589205674778,385,385,1.2125344946980476,601.3907470703125,2.934922456741333,
multi_join_sift_wiki_1,join,B3,0.05,0.5,69504,40894,39725.521471704626,1.0294137996181536,385,385,1.2017413973808289,555.7332763671875,3.2390849590301514,
multi_join_sift_wiki_1,join,B3,0.05,0.5,681535,39910,48001.210703228666,1.2027364245359224,385,385,1.2018056586384773,506.0704040527344,3.3210012912750244,
multi_join_sift_wiki_1,join,B3,0.05,0.5,696279,40127,39659.98242296919,1.0117755366618704,385,385,1.2135906144976616,525.52099609375,2.8524117469787598,
multi_join_sift_wiki_1,join,B3,0.05,0.5,340223,40138,45949.89375431332,1.1447977914772365,385,385,7.218984887003899,596.6854858398438,2.9147491455078125,
multi_join_sift_wiki_1,join,B3,0.05,0.5,690943,41191,37184.95466356108,1.1077329627717576,385,385,1.231711357831955,592.3656616210938,3.2163867950439453,
multi_join_sift_wiki_1,join,B3,0.05,0.5,636616,39857,29108.809940291907,1.3692418234120467,385,385,1.203298568725586,509.25775146484375,2.938859224319458,
multi_join_sift_wiki_1,join,B3,0.05,0.5,48106,40563,31366.233395989977,1.2932059609422464,385,385,7.242482155561447,531.8182983398438,3.032061815261841,
multi_join_sift_wiki_1,join,B3,0.05,0.5,352770,40701,33310.89123188406,1.2218526282191566,385,385,1.1975150555372238,499.57415771484375,3.1356277465820312,
multi_join_sift_wiki_1,join,B3,0.05,0.5,536954,41057,35112.95441511387,1.169283550299248,385,385,1.184939406812191,617.656005859375,3.0945534706115723,
multi_join_sift_wiki_1,join,B3,0.05,0.5,752067,39942,28974.27201275247,1.3785333409729947,385,385,1.2044133618474007,524.2474975585938,2.7386274337768555,
multi_join_sift_wiki_1,join,B3,0.05,0.5,602570,40131,37193.6580952381,1.0789742675280969,385,385,1.319180242717266,538.7058715820312,2.794548749923706,
multi_join_sift_wiki_1,join,B3,0.05,0.5,345404,40297,33432.73298826777,1.2053157608784493,385,385,1.2703398242592812,573.16357421875,2.874479293823242,
multi_join_sift_wiki_1,join,B3,0.05,0.5,628777,39890,39363.17223205071,1.0133837731584125,385,385,5.641348659992218,536.1368408203125,2.908341407775879,
multi_join_sift_wiki_1,join,B3,0.05,0.5,137071,40335,45485.03326432023,1.1276814990534332,385,385,1.229674555361271,565.7279663085938,2.6718127727508545,
multi_join_sift_wiki_1,join,B3,0.05,0.5,296404,39110,41737.05661764706,1.067170969512837,385,385,1.2241145595908165,527.79638671875,3.2837841510772705,
multi_join_sift_wiki_1,join,B3,0.05,0.5,703153,40188,29075.066519239273,1.3822152383867181,385,385,1.22938584536314,497.02056884765625,3.3179731369018555,
multi_join_sift_wiki_1,join,B3,0.05,0.5,438962,40151,49535.7842790854,1.2337372488626783,385,385,13.448488898575306,595.399169921875,2.6289570331573486,
multi_join_sift_wiki_1,join,B3,0.05,0.5,33248,39599,29145.934313725495,1.3586457573724757,385,385,1.253591850399971,516.1569213867188,2.337841033935547,
multi_join_sift_wiki_1,join,B3,0.05,0.5,779894,40022,50211.02582815735,1.2545856236109476,385,385,1.2564808130264282,583.26953125,2.5691866874694824,
multi_join_sift_wiki_1,join,B3,0.05,0.5,304120,39328,22914.538095238095,1.7162903234856308,385,385,1.2282934039831161,525.758544921875,2.7490689754486084,
multi_join_sift_wiki_1,join,B3,0.05,0.5,73745,38889,37473.53333333333,1.0377724367242303,385,385,1.2271516025066376,506.00616455078125,2.654064178466797,
multi_join_sift_wiki_1,join,B3,0.05,0.5,516733,40388,39839.161413043475,1.0137763589264916,385,385,1.2425370514392853,554.3741455078125,3.0097391605377197,
multi_join_sift_wiki_1,join,B3,0.05,0.5,181346,39657,35486.983259619636,1.1175083469302785,385,385,13.38247675448656,553.5350952148438,3.273480176925659,
multi_join_sift_wiki_1,join,B3,0.05,0.5,620747,40245,18767.952307238684,2.1443468813844837,385,385,1.250244677066803,532.4453125,3.0532097816467285,
multi_join_sift_wiki_1,join,B3,0.05,0.5,738510,40003,25072.109418767508,1.5955179251912528,385,385,1.2521324679255486,517.6148681640625,2.6115403175354004,
multi_join_sift_wiki_1,join,B3,0.05,0.5,111011,39868,41497.59702918849,1.0408748126113296,385,385,1.2195222079753876,645.222412109375,2.8725788593292236,
multi_join_sift_wiki_1,join,B3,0.05,0.5,426052,40426,47668.19777777778,1.1791470285899615,385,385,7.247240282595158,539.0144653320312,2.85752534866333,
multi_join_sift_wiki_1,join,B3,0.05,0.5,724169,39935,39583.06077694236,1.008891157382722,385,385,1.2347931042313576,521.658203125,2.819596529006958,
multi_join_sift_wiki_1,join,B3,0.05,0.5,588630,40972,50176.75128536922,1.2246595549489705,385,385,1.2305490672588348,532.3825073242188,2.9160590171813965,
multi_join_sift_wiki_1,join,B3,0.05,0.5,790256,40061,41560.069056218985,1.0374196614218063,385,385,1.2886011973023415,532.9548950195312,2.7123072147369385,
multi_join_sift_wiki_1,join,B3,0.05,0.5,201003,40591,49786.72547818822,1.2265459209723393,385,385,1.2264084070920944,583.0762329101562,2.859617233276367,
multi_join_sift_wiki_1,join,B3,0.05,0.5,6443,39497,31374.39523809524,1.2588927914072485,385,385,1.222025603055954,538.642333984375,2.739042282104492,
multi_join_sift_wiki_1,join,B3,0.05,0.5,642763,40406,41503.67619047619,1.02716616815513,385,385,1.2407032772898674,564.1224365234375,2.7092697620391846,
multi_join_sift_wiki_1,join,B3,0.05,0.5,193392,40162,31299.96598343685,1.283132384912262,385,385,1.2241462245583534,594.61181640625,2.984983205795288,
multi_join_sift_wiki_1,join,B3,0.05,0.5,203755,39367,18641.333333333332,2.1118124597668264,385,385,1.2161144986748695,495.6998596191406,2.994408130645752,
multi_join_sift_wiki_1,join,B3,0.05,0.5,94462,39478,29051.58564057202,1.3588931250921796,385,385,13.304486870765686,512.9263916015625,2.962696075439453,
multi_join_sift_wiki_1,join,B3,0.05,0.5,590890,40861,49797.801042098,1.218712244979271,385,385,1.2841960415244102,618.7183227539062,2.9903500080108643,
multi_join_sift_wiki_1,join,B3,0.05,0.5,783383,40252,45741.985555555555,1.1363903794980512,385,385,1.2562181800603867,548.6425170898438,2.9504549503326416,
multi_join_sift_wiki_1,join,B3,0.05,0.5,737605,39820,56022.466487910955,1.4068926792544187,385,385,7.911223918199539,488.3546142578125,2.988215684890747,
multi_join_sift_wiki_1,join,B3,0.05,0.5,516560,39915,39378.86063492064,1.013614902931039,385,385,1.2731533497571945,594.4563598632812,3.1861371994018555,
multi_join_sift_wiki_1,join,B3,0.05,0.5,137642,40792,39743.04365624205,1.026393457754039,385,385,1.24407559633255,607.5831909179688,2.908339023590088,
multi_join_sift_wiki_1,join,B3,0.05,0.5,37803,39499,39652.68668737061,1.0038909007157297,385,385,1.2180795893073082,598.5520629882812,2.9570248126983643,
multi_join_sift_wiki_1,join,B3,0.05,0.5,254800,40146,39485.82353347136,1.0167193287983223,385,385,1.242155209183693,600.7738647460938,2.9208061695098877,
multi_join_sift_wiki_1,join,B3,0.05,0.5,605930,40914,33238.16412698413,1.2309344115303982,385,385,1.277383416891098,591.1052856445312,2.785029649734497,
multi_join_sift_wiki_1,join,B3,0.05,0.5,209329,39974,33392.149558519064,1.1971077192843298,385,385,1.5040896832942963,531.8666381835938,2.7756268978118896,
multi_join_sift_wiki_1,join,B3,0.05,0.5,766585,40578,52193.49368530021,1.286251014966243,385,385,1.4190729707479477,606.5131225585938,3.071518898010254,
multi_join_sift_wiki_1,join,B3,0.05,0.5,488782,40690,47784.09865103936,1.1743450147711811,385,385,7.266354747116566,494.10662841796875,3.142624616622925,
multi_join_sift_wiki_1,join,B3,0.05,0.5,374559,40142,35331.57776610645,1.1361507902573256,385,385,1.2679817155003548,517.123291015625,3.0959250926971436,
multi_join_sift_wiki_1,join,B3,0.05,0.5,111780,39975,41764.11151592216,1.0447557602482092,385,385,1.2571793049573898,526.3721923828125,3.20689058303833,
multi_join_sift_wiki_1,join,B3,0.05,0.5,178188,40289,39651.948678601875,1.0160660785315176,385,385,1.262185163795948,630.1411743164062,2.985353708267212,
multi_join_sift_wiki_1,join,B3,0.05,0.5,539857,40734,33229.07432712216,1.2258541901888669,385,385,1.262769103050232,582.122314453125,2.8438801765441895,
multi_join_sift_wiki_1,join,B3,0.05,0.5,781264,40022,43448.04942911948,1.085604153443593,385,385,1.1621899902820587,574.6231079101562,2.6980855464935303,
multi_join_sift_wiki_1,join,B3,0.05,0.5,771184,40852,23065.126915113873,1.7711586912288322,385,385,1.4193551614880562,610.2225952148438,2.8078548908233643,
multi_join_sift_wiki_1,join,B3,0.05,0.5,140785,39392,48109.413095238095,1.2212990732950368,385,385,1.2608766555786133,539.7122802734375,2.836686372756958,
multi_join_sift_wiki_1,join,B3,0.05,0.5,2505,38973,41802.399299719895,1.0725989608118414,385,385,1.2388182803988457,505.95751953125,2.726055383682251,
multi_join_sift_wiki_1,join,B3,0.05,0.5,526089,41003,39616.868913246464,1.0349884058174537,385,385,1.2180916965007782,607.0977172851562,2.778130531311035,
multi_join_sift_wiki_1,join,B3,0.05,0.5,608072,39878,26984.68653063819,1.477801120821724,385,385,1.2419633567333221,615.6487426757812,3.105651617050171,
multi_join_sift_wiki_1,join,B3,0.05,0.5,224837,40045,51903.089764853314,1.2961191101224452,385,385,1.2489361688494682,509.92572021484375,3.241783380508423,
multi_join_sift_wiki_1,join,B3,0.05,0.5,386133,39581,52027.74383195307,1.3144625914442047,385,385,1.2386469170451164,594.0038452148438,2.921837329864502,
multi_join_sift_wiki_1,join,B3,0.05,0.5,487850,40457,37608.057971014496,1.0757535002520273,385,385,1.2480821460485458,600.1566162109375,2.5421645641326904,
multi_join_sift_wiki_1,join,B3,0.05,0.5,340195,39445,52067.780388471176,1.3200096435155577,385,385,11.329862289130688,521.79443359375,3.0128531455993652,
multi_join_sift_wiki_1,join,B3,0.05,0.5,122774,39420,37595.769537815126,1.0485222269582752,385,385,1.3375906273722649,513.6685180664062,2.5227179527282715,
multi_join_sift_wiki_1,join,B3,0.05,0.5,690833,40995,49908.10868550319,1.217419409330484,385,385,13.373440131545067,571.0390014648438,3.2076144218444824,
multi_join_sift_wiki_1,join,B3,0.05,0.5,686759,39943,29027.3380215244,1.376047640688974,385,385,1.343902200460434,501.8027648925781,3.245149850845337,
multi_join_sift_wiki_1,join,B3,0.05,0.5,154430,40213,49980.427871148466,1.242892295306206,385,385,13.369228690862656,520.7003173828125,2.6717138290405273,
multi_join_sift_wiki_1,join,B3,0.05,0.5,630926,39435,32980.68107769424,1.1956999889450737,385,385,1.3500005006790161,524.5912475585938,3.197935104370117,
multi_join_sift_wiki_1,join,B3,0.05,0.5,255248,40713,45446.68968253969,1.11626973405398,385,385,1.290416345000267,600.0139770507812,2.75639271736145,
multi_join_sift_wiki_1,join,B3,0.05,0.5,48107,40616,35512.31375313283,1.1437159595498598,385,385,1.2840181589126587,531.8893432617188,3.032061815261841,
multi_join_sift_wiki_1,join,B3,0.05,0.5,717611,40657,35357.53468599034,1.1498822064681298,385,385,1.2727659195661545,545.0242919921875,2.4548850059509277,
multi_join_sift_wiki_1,join,B3,0.05,0.5,559097,40454,37184.54571428572,1.0879250834697762,385,385,1.2609614059329033,589.176513671875,3.1344034671783447,
multi_join_sift_wiki_1,join,B3,0.05,0.5,527854,40013,45763.020615942034,1.1437038116597615,385,385,1.275310292840004,634.5965576171875,2.896984577178955,
multi_join_sift_wiki_1,join,B3,0.05,0.5,692258,41110,39188.59142857143,1.0490297941667717,385,385,1.633194275200367,589.29052734375,3.5499489307403564,
multi_join_sift_wiki_1,join,B3,0.05,0.5,344709,39703,31291.612394957985,1.2688064615806547,385,385,1.2410851195454597,531.34130859375,2.6828415393829346,
multi_join_sift_wiki_1,join,B3,0.05,0.5,414737,40325,35540.9935731539,1.1346053091340622,385,385,1.2269951403141022,594.7772827148438,3.1229937076568604,
multi_join_sift_wiki_1,join,B3,0.05,0.5,362610,39875,31192.385462590835,1.2783568620560382,385,385,1.2414008378982544,591.4989624023438,3.019996404647827,
multi_join_sift_wiki_1,join,B3,0.05,0.5,129857,39963,33325.86992296919,1.199158494358051,385,385,1.21995247900486,530.8027954101562,2.8648459911346436,
multi_join_sift_wiki_1,join,B3,0.05,0.5,210898,39865,33050.08114035088,1.20619976183141,385,385,1.2143542990088463,532.5714111328125,2.6272644996643066,
multi_join_sift_wiki_1,join,B3,0.05,0.5,793779,39752,57737.30431677018,1.4524377217943798,385,385,1.2102751061320305,582.40625,2.7579474449157715,
multi_join_sift_wiki_1,join,B3,0.05,0.5,634727,39763,41737.77551587302,1.0496636449934116,385,385,1.2180563062429428,591.5332641601562,2.536240339279175,
multi_join_sift_wiki_1,join,B3,0.05,0.5,351141,40862,39557.85557128648,1.0329680264483332,385,385,1.2029772624373436,606.662353515625,2.9031050205230713,
multi_join_sift_wiki_1,join,B3,0.05,0.5,611020,40057,39237.64382414369,1.0208818903481698,385,385,2.197721041738987,622.3216552734375,2.6832292079925537,
multi_join_sift_wiki_1,join,B3,0.1,0.1,145860,79324,89509.61030004678,1.1284051522874134,385,385,1.2750709429383278,552.0101318359375,2.9678664207458496,
multi_join_sift_wiki_1,join,B3,0.1,0.1,359095,79556,81530.9689754277,1.0248248903342012,385,385,1.2962380424141884,660.6602783203125,2.6484692096710205,
multi_join_sift_wiki_1,join,B3,0.1,0.1,286093,79914,70733.09668737059,1.1297964283001434,385,385,1.8748370930552483,634.92919921875,2.591614246368408,
multi_join_sift_wiki_1,join,B3,0.1,0.1,781121,79928,77158.65203284213,1.0358916063746049,385,385,1.221868209540844,569.3426513671875,2.7154462337493896,
multi_join_sift_wiki_1,join,B3,0.1,0.1,142780,80177,91744.31406457322,1.1442722235126435,385,385,1.2237615883350372,531.766357421875,2.9726316928863525,
multi_join_sift_wiki_1,join,B3,0.1,0.1,428790,79677,76862.26794885765,1.0366204657533031,385,385,7.2137415409088135,570.5357666015625,2.586446523666382,
multi_join_sift_wiki_1,join,B3,0.1,0.1,322723,78720,85416.23924332892,1.0850640147780606,385,385,1.2656459584832191,524.8790283203125,3.0675809383392334,
multi_join_sift_wiki_1,join,B3,0.1,0.1,588557,79451,74197.73353773929,1.0708009020193148,385,385,1.2326333671808243,648.4259643554688,3.088820695877075,
multi_join_sift_wiki_1,join,B3,0.1,0.1,263638,80173,72967.22666264448,1.098753559192685,385,385,1.215178519487381,553.78515625,3.3490371704101562,
multi_join_sift_wiki_1,join,B3,0.1,0.1,693614,80572,74773.69011904762,1.0775447870998591,385,385,5.233108997344971,630.0000610351562,2.6586174964904785,
multi_join_sift_wiki_1,join,B3,0.1,0.1,546912,80745,76770.9596825397,1.0517648904467731,385,385,7.993529550731182,636.325439453125,3.273282766342163,
multi_join_sift_wiki_1,join,B3,0.1,0.1,444449,80781,66373.89732496737,1.2170597668010255,385,385,5.152341909706593,582.3935546875,2.858152389526367,
multi_join_sift_wiki_1,join,B3,0.1,0.1,663176,79657,51739.53213180009,1.539577122519848,385,385,1.2881653383374214,517.5375366210938,2.5874252319335938,
multi_join_sift_wiki_1,join,B3,0.1,0.1,763999,79454,83335.37743663827,1.048850623463114,385,385,1.45023874938488,563.1394653320312,2.991096258163452,
multi_join_sift_wiki_1,join,B3,0.1,0.1,782168,78639,93993.16635154063,1.195248748732062,385,385,1.5913965180516243,530.544189453125,2.6463067531585693,
multi_join_sift_wiki_1,join,B3,0.1,0.1,673362,79433,66793.74256383714,1.189228166457106,385,385,1.5515182167291641,585.9685668945312,2.910238742828369,
multi_join_sift_wiki_1,join,B3,0.1,0.1,83904,78719,78515.77922050972,1.0025882794707996,385,385,13.8621861115098,524.25146484375,3.108832836151123,
multi_join_sift_wiki_1,join,B3,0.1,0.1,695261,79809,83155.3158119884,1.041929053264524,385,385,1.400420442223549,569.812255859375,2.7686617374420166,
multi_join_sift_wiki_1,join,B3,0.1,0.1,386245,81061,82903.10968487395,1.0227249810004064,385,385,1.3089515268802643,619.9218139648438,3.005084276199341,
multi_join_sift_wiki_1,join,B3,0.1,0.1,69504,82061,93767.5737680198,1.1426569718626365,385,385,1.2508304789662361,570.908447265625,3.3213181495666504,
multi_join_sift_wiki_1,join,B3,0.1,0.1,681535,79488,85206.12032102316,1.0719369001739025,385,385,1.2459252029657364,527.840087890625,3.38594388961792,
multi_join_sift_wiki_1,join,B3,0.1,0.1,696279,79488,77015.42914863887,1.0321048766291894,385,385,13.268930837512016,546.6929321289062,2.9636666774749756,
multi_join_sift_wiki_1,join,B3,0.1,0.1,340223,79541,94174.55060213941,1.1839749387377505,385,385,1.270023174583912,613.5543823242188,3.0076568126678467,
multi_join_sift_wiki_1,join,B3,0.1,0.1,690943,80331,109965.35266583445,1.368903071863097,385,385,1.2640878558158875,606.3675537109375,3.272429943084717,
multi_join_sift_wiki_1,join,B3,0.1,0.1,636616,80080,68379.80958278048,1.1711059227659195,385,385,1.2500090524554253,531.0659790039062,2.9986581802368164,
multi_join_sift_wiki_1,join,B3,0.1,0.1,48106,80407,85269.91000826341,1.0604786897690923,385,385,1.2179408222436905,554.5239868164062,3.1095659732818604,
multi_join_sift_wiki_1,join,B3,0.1,0.1,352770,80822,85182.96515375716,1.053957649572606,385,385,1.2286892160773277,521.0213012695312,3.1966798305511475,
multi_join_sift_wiki_1,join,B3,0.1,0.1,536954,80588,76753.59798417613,1.0499572934237478,385,385,1.2577474117279053,633.7864990234375,3.1714894771575928,
multi_join_sift_wiki_1,join,B3,0.1,0.1,752067,79197,87004.87004131172,1.0985879520854542,385,385,14.084361493587494,549.3387451171875,2.8197593688964844,
multi_join_sift_wiki_1,join,B3,0.1,0.1,602570,80307,78686.26789915968,1.0205973944896887,385,385,1.2579932808876038,551.4482421875,2.864469289779663,
multi_join_sift_wiki_1,join,B3,0.1,0.1,345404,79576,70778.25718599035,1.1243000769415814,385,385,1.241094432771206,593.5587768554688,2.9514834880828857,
multi_join_sift_wiki_1,join,B3,0.1,0.1,628777,79933,80729.65911181406,1.0099665859133782,385,385,1.221642829477787,557.8935546875,2.9850518703460693,
multi_join_sift_wiki_1,join,B3,0.1,0.1,137071,80678,78805.45446514839,1.0237616234505664,385,385,1.4944663271307945,581.9375,2.7972004413604736,
multi_join_sift_wiki_1,join,B3,0.1,0.1,296404,79403,76978.8366522925,1.031491296220249,385,385,1.331239938735962,551.078369140625,3.3583366870880127,
multi_join_sift_wiki_1,join,B3,0.1,0.1,703153,80313,91461.77518428423,1.1388165699735313,385,385,1.2732883915305138,517.0418701171875,3.377227544784546,
multi_join_sift_wiki_1,join,B3,0.1,0.1,438962,80155,70269.19494333661,1.1406847632826171,385,385,1.2432876974344254,616.8162841796875,2.7042746543884277,
multi_join_sift_wiki_1,join,B3,0.1,0.1,33248,78896,66669.40212848298,1.1833914431684018,385,385,1.2208512052893639,541.4222412109375,2.451692581176758,
multi_join_sift_wiki_1,join,B3,0.1,0.1,779894,79971,83023.6395585885,1.0381718317713735,385,385,1.1892840266227722,607.8519287109375,2.650587320327759,
multi_join_sift_wiki_1,join,B3,0.1,0.1,304120,79627,89655.03004201682,1.1259375593958936,385,385,1.2041330337524414,550.8772583007812,2.839334011077881,
multi_join_sift_wiki_1,join,B3,0.1,0.1,73745,78915,81156.98503262099,1.0284101252312106,385,385,7.312438450753689,524.522705078125,2.7303755283355713,
multi_join_sift_wiki_1,join,B3,0.1,0.1,516733,80610,79136.74792098,1.0186165355252037,385,385,1.5775486826896667,569.8922119140625,3.0889196395874023,
multi_join_sift_wiki_1,join,B3,0.1,0.1,181346,80299,89712.99463220073,1.1172367605101026,385,385,1.6336869448423386,574.7592163085938,3.357656955718994,
multi_join_sift_wiki_1,join,B3,0.1,0.1,620747,80051,58189.47541648238,1.375695508973866,385,385,1.5332717448472977,555.2855834960938,3.118633985519409,
multi_join_sift_wiki_1,join,B3,0.1,0.1,738510,79635,89724.70355340077,1.1266993602486441,385,385,7.6585812494158745,538.9380493164062,2.7311203479766846,
multi_join_sift_wiki_1,join,B3,0.1,0.1,111011,79529,78860.34251607281,1.0084790081122321,385,385,1.2346189469099045,654.78564453125,2.941718101501465,
multi_join_sift_wiki_1,join,B3,0.1,0.1,426052,81197,79039.2384920635,1.027299877239495,385,385,1.231236383318901,555.730712890625,2.933866500854492,
multi_join_sift_wiki_1,join,B3,0.1,0.1,724169,79673,83346.38096159518,1.046105719146953,385,385,1.2135524302721024,544.3208618164062,2.892995834350586,
multi_join_sift_wiki_1,join,B3,0.1,0.1,588630,81292,79534.28431524785,1.0221001006029695,385,385,1.212235540151596,550.8358764648438,3.023313045501709,
multi_join_sift_wiki_1,join,B3,0.1,0.1,790256,80069,85123.513899118,1.0631269767215525,385,385,1.3132663443684578,556.342529296875,2.7825469970703125,
multi_join_sift_wiki_1,join,B3,0.1,0.1,201003,81482,95789.62510737628,1.1755924634566688,385,385,1.5278961509466171,605.5140380859375,2.9440114498138428,
multi_join_sift_wiki_1,join,B3,0.1,0.1,6443,78054,66855.94340302482,1.1674953044858019,385,385,1.5664361417293549,560.7430419921875,2.884660482406616,
multi_join_sift_wiki_1,join,B3,0.1,0.1,642763,80471,77175.8055762595,1.0426972468785496,385,385,1.540939323604107,581.2515258789062,2.840625047683716,
multi_join_sift_wiki_1,join,B3,0.1,0.1,193392,79805,62482.95910973085,1.2772282417010479,385,385,1.5557734295725822,612.6585083007812,3.056194543838501,
multi_join_sift_wiki_1,join,B3,0.1,0.1,203755,78573,62411.72033208021,1.2589462296813623,385,385,1.4988230541348457,517.2750854492188,3.056774854660034,
multi_join_sift_wiki_1,join,B3,0.1,0.1,94462,79447,91771.69143158407,1.155130985834381,385,385,1.5652002766728401,536.2696533203125,3.031524658203125,
multi_join_sift_wiki_1,join,B3,0.1,0.1,590890,80822,86978.57350309382,1.0761744760472869,385,385,1.5203645452857018,638.423583984375,3.05781626701355,
multi_join_sift_wiki_1,join,B3,0.1,0.1,783383,80488,74591.2536904762,1.0790541252194652,385,385,1.5570055693387985,564.63818359375,3.0183515548706055,
multi_join_sift_wiki_1,join,B3,0.1,0.1,737605,78691,76918.46423227186,1.0230443468342736,385,385,1.5132026746869087,507.7093811035156,3.0597891807556152,
multi_join_sift_wiki_1,join,B3,0.1,0.1,516560,80195,62444.57873015874,1.2842588040596128,385,385,1.529717817902565,614.4151611328125,3.2459254264831543,
multi_join_sift_wiki_1,join,B3,0.1,0.1,137642,81038,68770.03369260748,1.1783911632532946,385,385,1.5392079949378967,626.5502319335938,2.9834916591644287,
multi_join_sift_wiki_1,join,B3,0.1,0.1,37803,79722,76927.23394257706,1.0363299954280056,385,385,21.68724313378334,611.3698120117188,3.024467945098877,
multi_join_sift_wiki_1,join,B3,0.1,0.1,254800,80010,89602.62529330573,1.1198928295626263,385,385,1.6445629298686981,630.36376953125,2.9951040744781494,
multi_join_sift_wiki_1,join,B3,0.1,0.1,605930,80343,93197.88226989041,1.1600000282524976,385,385,1.6606533899903297,607.1295166015625,2.853085517883301,
multi_join_sift_wiki_1,join,B3,0.1,0.1,209329,79564,81310.19637921531,1.0219470662512609,385,385,24.241345934569836,555.4125366210938,2.887873649597168,
multi_join_sift_wiki_1,join,B3,0.1,0.1,766585,80706,81289.39218108678,1.0072286097822563,385,385,27.385622262954712,629.5858154296875,3.1483452320098877,
multi_join_sift_wiki_1,join,B3,0.1,0.1,488782,80007,91220.13043638508,1.1401518671664364,385,385,22.792081348598003,516.85302734375,3.20609712600708,
multi_join_sift_wiki_1,join,B3,0.1,0.1,374559,80469,73101.17082964764,1.1007894823945035,385,385,4.301911219954491,543.7352905273438,3.171335220336914,
multi_join_sift_wiki_1,join,B3,0.1,0.1,111780,79284,87464.26976448472,1.1031768044559396,385,385,3.7506474182009697,550.9946899414062,3.261101484298706,
multi_join_sift_wiki_1,join,B3,0.1,0.1,178188,80108,83374.45117867131,1.040775592683269,385,385,21.109546534717083,647.1275634765625,3.1019976139068604,
multi_join_sift_wiki_1,join,B3,0.1,0.1,539857,80395,74915.71145160963,1.073139378138718,385,385,3.2710470259189606,592.7664184570312,2.945296287536621,
multi_join_sift_wiki_1,join,B3,0.1,0.1,781264,79178,78525.48708984739,1.0083095684513999,385,385,2.930769696831703,595.5299072265625,2.770949125289917,
multi_join_sift_wiki_1,join,B3,0.1,0.1,771184,80530,68632.59214153777,1.1733492424987646,385,385,2.719208598136902,624.166015625,2.9144299030303955,
multi_join_sift_wiki_1,join,B3,0.1,0.1,140785,78729,66512.87629785249,1.1836655454117226,385,385,2.7252212166786194,561.651123046875,2.912421226501465,
multi_join_sift_wiki_1,join,B3,0.1,0.1,2505,78204,70975.6087184874,1.1018433150771947,385,385,9.135579690337181,534.3326416015625,2.8755288124084473,
multi_join_sift_wiki_1,join,B3,0.1,0.1,526089,81044,74779.22663263552,1.0837769210711572,385,385,2.078278921544552,621.566650390625,2.8621973991394043,
multi_join_sift_wiki_1,join,B3,0.1,0.1,608072,80085,74686.08616659402,1.072288080826236,385,385,8.060925640165806,635.7791137695312,3.1877126693725586,
multi_join_sift_wiki_1,join,B3,0.1,0.1,224837,79393,93348.62948732125,1.1757790924555218,385,385,1.8680393695831299,528.8726196289062,3.304277181625366,
multi_join_sift_wiki_1,join,B3,0.1,0.1,386133,80616,68317.77862318841,1.180014948153442,385,385,1.8826602026820183,607.3278198242188,3.026334762573242,
multi_join_sift_wiki_1,join,B3,0.1,0.1,487850,80903,68694.84873898835,1.177715672792257,385,385,1.6617132350802422,617.8816528320312,2.6472816467285156,
multi_join_sift_wiki_1,join,B3,0.1,0.1,340195,79138,85315.07490825851,1.078054473303072,385,385,1.6405275091528893,543.041748046875,3.089376926422119,
multi_join_sift_wiki_1,join,B3,0.1,0.1,122774,78858,66806.13679971988,1.1804005406930018,385,385,1.6043651849031448,537.18994140625,2.6376986503601074,
multi_join_sift_wiki_1,join,B3,0.1,0.1,690833,81470,91490.3884517453,1.1229948257241353,385,385,1.5627425163984299,586.6276245117188,3.261147975921631,
multi_join_sift_wiki_1,join,B3,0.1,0.1,686759,79565,81407.66175036377,1.0231592000297087,385,385,15.129130333662033,524.928955078125,3.326615810394287,
multi_join_sift_wiki_1,join,B3,0.1,0.1,154430,80169,66732.39655797102,1.2013505304032726,385,385,18.25464889407158,541.2323608398438,2.7680890560150146,
multi_join_sift_wiki_1,join,B3,0.1,0.1,630926,79254,72420.84812847336,1.0943533809408688,385,385,1.5583494678139687,549.67041015625,3.259998083114624,
multi_join_sift_wiki_1,join,B3,0.1,0.1,255248,81139,74935.86106645556,1.0827793108034522,385,385,5.297470837831497,615.7006225585938,2.897630214691162,
multi_join_sift_wiki_1,join,B3,0.1,0.1,48107,80693,66109.26218610253,1.22060052300755,385,385,1.4963122084736824,554.4667358398438,3.1095659732818604,
multi_join_sift_wiki_1,join,B3,0.1,0.1,717611,80499,91990.19434092478,1.1427495290739609,385,385,1.4926670119166374,567.838134765625,2.5639750957489014,
multi_join_sift_wiki_1,join,B3,0.1,0.1,559097,80815,97478.50340999558,1.2061931994059962,385,385,1.445234753191471,602.9588623046875,3.201744794845581,
multi_join_sift_wiki_1,join,B3,0.1,0.1,527854,79727,93451.76341442374,1.1721469942983398,385,385,1.3655219227075577,647.0442504882812,2.9701809883117676,
multi_join_sift_wiki_1,join,B3,0.1,0.1,692258,81254,88895.99684610077,1.094050715609087,385,385,1.3526016846299171,603.633056640625,3.59883189201355,
multi_join_sift_wiki_1,join,B3,0.1,0.1,344709,79123,58326.68759337069,1.35654883321358,385,385,23.14929198473692,553.003173828125,2.836334466934204,
multi_join_sift_wiki_1,join,B3,0.1,0.1,414737,80944,72652.88580840423,1.1141195439016778,385,385,1.4062626287341118,613.3159790039062,3.186657428741455,
multi_join_sift_wiki_1,join,B3,0.1,0.1,362610,80891,78879.7969979296,1.0254970610804588,385,385,1.436653546988964,607.2364501953125,3.099379777908325,
multi_join_sift_wiki_1,join,B3,0.1,0.1,129857,80160,70580.79867610203,1.135719650437186,385,385,1.3604601845145226,550.3565063476562,2.9371519088745117,
multi_join_sift_wiki_1,join,B3,0.1,0.1,210898,79490,64186.21450439826,1.2384279181093172,385,385,1.309606246650219,553.6181640625,2.6989400386810303,
multi_join_sift_wiki_1,join,B3,0.1,0.1,793779,79125,82938.40790890271,1.0481947287065112,385,385,13.316413387656212,604.8754272460938,2.8342809677124023,
multi_join_sift_wiki_1,join,B3,0.1,0.1,634727,79618,72730.73813691839,1.0946953384429576,385,385,1.3513946905732155,601.57470703125,2.6199212074279785,
multi_join_sift_wiki_1,join,B3,0.1,0.1,351141,80632,89389.48221792761,1.1086105047366754,385,385,1.273459754884243,618.2330322265625,2.959737777709961,
multi_join_sift_wiki_1,join,B3,0.1,0.1,611020,79657,74908.39177935781,1.0633922062381098,385,385,1.2930668890476227,632.7335205078125,2.7526907920837402,
multi_join_sift_wiki_1,join,B3,0.1,0.2,145860,79324,85150.70401819768,1.0734544906736634,385,385,1.2757238000631332,552.0101318359375,2.9678664207458496,
multi_join_sift_wiki_1,join,B3,0.1,0.2,359095,79556,75026.65142339544,1.0603698617847708,385,385,1.4077788218855858,660.6602783203125,2.6484692096710205,
multi_join_sift_wiki_1,join,B3,0.1,0.2,286093,79914,93441.66190412092,1.169277747379945,385,385,1.2257695198059082,634.92919921875,2.591614246368408,
multi_join_sift_wiki_1,join,B3,0.1,0.2,781121,79928,83297.95498467505,1.0421623834535463,385,385,1.2480374425649643,569.3426513671875,2.7154462337493896,
multi_join_sift_wiki_1,join,B3,0.1,0.2,142780,80177,83293.27127008699,1.0388673967607542,385,385,1.2172432616353035,531.766357421875,2.9726316928863525,
multi_join_sift_wiki_1,join,B3,0.1,0.2,428790,79677,81346.45504340561,1.0209527849116509,385,385,13.450336642563343,570.5357666015625,2.586446523666382,
multi_join_sift_wiki_1,join,B3,0.1,0.2,322723,78720,100154.8591662981,1.2722924182710633,385,385,1.2559406459331512,524.8790283203125,3.0675809383392334,
multi_join_sift_wiki_1,join,B3,0.1,0.2,588557,79451,89295.26482574189,1.1239035987683212,385,385,1.2356685474514961,648.4259643554688,3.088820695877075,
multi_join_sift_wiki_1,join,B3,0.1,0.2,263638,80173,70736.68086595432,1.1334006489776849,385,385,1.254531554877758,553.78515625,3.3490371704101562,
multi_join_sift_wiki_1,join,B3,0.1,0.2,693614,80572,70371.74331800836,1.144948188023379,385,385,1.2344615533947945,630.0000610351562,2.6586174964904785,
multi_join_sift_wiki_1,join,B3,0.1,0.2,546912,80745,76931.88349206348,1.0495648401527813,385,385,1.2738853693008423,636.325439453125,3.273282766342163,
multi_join_sift_wiki_1,join,B3,0.1,0.2,444449,80781,86903.73610377713,1.0757942598355694,385,385,1.2159021571278572,582.3935546875,2.858152389526367,
multi_join_sift_wiki_1,join,B3,0.1,0.2,663176,79657,95773.6577233525,1.2023256929504313,385,385,1.2051993981003761,517.5375366210938,2.5874252319335938,
multi_join_sift_wiki_1,join,B3,0.1,0.2,763999,79454,81338.6144777705,1.0237195670170225,385,385,1.2035733088850975,563.1394653320312,2.991096258163452,
multi_join_sift_wiki_1,join,B3,0.1,0.2,782168,78639,73075.08203781514,1.0761397429469273,385,385,1.2309988960623741,530.544189453125,2.6463067531585693,
multi_join_sift_wiki_1,join,B3,0.1,0.2,673362,79433,60369.35301932368,1.3157835230497537,385,385,7.301931269466877,585.9685668945312,2.910238742828369,
multi_join_sift_wiki_1,join,B3,0.1,0.2,83904,78719,78700.99496351172,1.0002287777492092,385,385,1.2112492695450783,524.25146484375,3.108832836151123,
multi_join_sift_wiki_1,join,B3,0.1,0.2,695261,79809,70755.98547450254,1.1279469781218692,385,385,1.1943988502025604,569.812255859375,2.7686617374420166,
multi_join_sift_wiki_1,join,B3,0.1,0.2,386245,81061,74638.63745064389,1.0860460850937024,385,385,1.1902600526809692,619.9218139648438,3.005084276199341,
multi_join_sift_wiki_1,join,B3,0.1,0.2,69504,82061,71044.40372061869,1.1550663486839012,385,385,20.67532390356064,570.908447265625,3.3213181495666504,
multi_join_sift_wiki_1,join,B3,0.1,0.2,681535,79488,91592.35862674592,1.1522790688751248,385,385,7.1007609367370605,527.840087890625,3.38594388961792,
multi_join_sift_wiki_1,join,B3,0.1,0.2,696279,79488,104265.4717956977,1.3117133629692241,385,385,1.1986754834651947,546.6929321289062,2.9636666774749756,
multi_join_sift_wiki_1,join,B3,0.1,0.2,340223,79541,91851.65604727398,1.1547712003529498,385,385,1.1855391785502434,613.5543823242188,3.0076568126678467,
multi_join_sift_wiki_1,join,B3,0.1,0.2,690943,80331,103843.25191883695,1.2926921352757583,385,385,1.2079095467925072,606.3675537109375,3.272429943084717,
multi_join_sift_wiki_1,join,B3,0.1,0.2,636616,80080,87252.06062951496,1.0895611966722647,385,385,1.2404993176460266,531.0659790039062,2.9986581802368164,
multi_join_sift_wiki_1,join,B3,0.1,0.2,48106,80407,68514.67237250735,1.1735734436973626,385,385,12.422188185155392,554.5239868164062,3.1095659732818604,
multi_join_sift_wiki_1,join,B3,0.1,0.2,352770,80822,89105.68497239475,1.1024929471232432,385,385,1.2641306966543198,521.0213012695312,3.1966798305511475,
multi_join_sift_wiki_1,join,B3,0.1,0.2,536954,80588,74817.94977225673,1.0771212021354113,385,385,1.2109456583857536,633.7864990234375,3.1714894771575928,
multi_join_sift_wiki_1,join,B3,0.1,0.2,752067,79197,81005.80913392817,1.022839364293195,385,385,3.235533833503723,549.3387451171875,2.8197593688964844,
multi_join_sift_wiki_1,join,B3,0.1,0.2,602570,80307,76889.5802917834,1.0444458104108263,385,385,1.6324855387210846,551.4482421875,2.864469289779663,
multi_join_sift_wiki_1,join,B3,0.1,0.2,345404,79576,62561.4243411972,1.2719659252962143,385,385,1.6128960996866226,593.5587768554688,2.9514834880828857,
multi_join_sift_wiki_1,join,B3,0.1,0.2,628777,79933,82743.61280161189,1.035162108285838,385,385,1.4317911118268967,557.8935546875,2.9850518703460693,
multi_join_sift_wiki_1,join,B3,0.1,0.2,137071,80678,87206.83977591035,1.0809246606994516,385,385,7.657739333808422,581.9375,2.7972004413604736,
multi_join_sift_wiki_1,join,B3,0.1,0.2,296404,79403,85685.28833929452,1.0791190300025757,385,385,1.5628300607204437,551.078369140625,3.3583366870880127,
multi_join_sift_wiki_1,join,B3,0.1,0.2,703153,80313,93244.66790505676,1.1610158742053809,385,385,1.6039926558732986,517.0418701171875,3.377227544784546,
multi_join_sift_wiki_1,join,B3,0.1,0.2,438962,80155,91031.40186680469,1.1356921198528438,385,385,1.5559392049908638,616.8162841796875,2.7042746543884277,
multi_join_sift_wiki_1,join,B3,0.1,0.2,33248,78896,87523.74463917146,1.1093559196812444,385,385,1.5167882665991783,541.4222412109375,2.451692581176758,
multi_join_sift_wiki_1,join,B3,0.1,0.2,779894,79971,78995.65425685911,1.0123468278390289,385,385,1.5787780284881592,607.8519287109375,2.650587320327759,
multi_join_sift_wiki_1,join,B3,0.1,0.2,304120,79627,79128.38617376777,1.006301326873232,385,385,1.5225550159811974,550.8772583007812,2.839334011077881,
multi_join_sift_wiki_1,join,B3,0.1,0.2,73745,78915,68840.6167293233,1.1463435940774398,385,385,15.517759136855602,524.522705078125,2.7303755283355713,
multi_join_sift_wiki_1,join,B3,0.1,0.2,516733,80610,89721.0124208379,1.1130258332817007,385,385,1.2625530362129211,569.8922119140625,3.0889196395874023,
multi_join_sift_wiki_1,join,B3,0.1,0.2,181346,80299,83428.91389687455,1.038978242529478,385,385,1.5146350488066673,574.7592163085938,3.357656955718994,
multi_join_sift_wiki_1,join,B3,0.1,0.2,620747,80051,80863.37274436091,1.0101481898334925,385,385,7.693701423704624,555.2855834960938,3.118633985519409,
multi_join_sift_wiki_1,join,B3,0.1,0.2,738510,79635,81569.50898425732,1.024292195444934,385,385,1.2051332741975784,538.9380493164062,2.7311203479766846,
multi_join_sift_wiki_1,join,B3,0.1,0.2,111011,79529,82566.09136693504,1.0381884767435154,385,385,1.3879425823688507,654.78564453125,2.941718101501465,
multi_join_sift_wiki_1,join,B3,0.1,0.2,426052,81197,91160.71705513784,1.1227104086990631,385,385,1.491297036409378,555.730712890625,2.933866500854492,
multi_join_sift_wiki_1,join,B3,0.1,0.2,724169,79673,62733.738021524405,1.2700183746848244,385,385,1.5326756983995438,544.3208618164062,2.892995834350586,
multi_join_sift_wiki_1,join,B3,0.1,0.2,588630,81292,79149.12779198636,1.0270738575116756,385,385,1.2945160269737244,550.8358764648438,3.023313045501709,
multi_join_sift_wiki_1,join,B3,0.1,0.2,790256,80069,74764.6989735368,1.0709465977832757,385,385,1.1675991117954254,556.342529296875,2.7825469970703125,
multi_join_sift_wiki_1,join,B3,0.1,0.2,201003,81482,74679.11536279424,1.09109487443922,385,385,1.1547887697815895,605.5140380859375,2.9440114498138428,
multi_join_sift_wiki_1,join,B3,0.1,0.2,6443,78054,62610.42706582633,1.2466613575073824,385,385,1.2087533250451088,560.7430419921875,2.884660482406616,
multi_join_sift_wiki_1,join,B3,0.1,0.2,642763,80471,83108.49770013805,1.0327757540000504,385,385,1.1628363281488419,581.2515258789062,2.840625047683716,
multi_join_sift_wiki_1,join,B3,0.1,0.2,193392,79805,70772.27319703244,1.1276308700417201,385,385,1.1699460446834564,612.6585083007812,3.056194543838501,
multi_join_sift_wiki_1,join,B3,0.1,0.2,203755,78573,81223.78674627746,1.0337366111294906,385,385,1.1525927111506462,517.2750854492188,3.056774854660034,
multi_join_sift_wiki_1,join,B3,0.1,0.2,94462,79447,64506.61574524548,1.2316101082369326,385,385,1.158352941274643,536.2696533203125,3.031524658203125,
multi_join_sift_wiki_1,join,B3,0.1,0.2,590890,80822,89163.0897229006,1.103203208568219,385,385,1.1481652036309242,638.423583984375,3.05781626701355,
multi_join_sift_wiki_1,join,B3,0.1,0.2,783383,80488,70766.4224089636,1.1373755696572423,385,385,1.143215224146843,564.63818359375,3.0183515548706055,
multi_join_sift_wiki_1,join,B3,0.1,0.2,737605,78691,68407.15296513343,1.150332919718325,385,385,1.140921376645565,507.7093811035156,3.0597891807556152,
multi_join_sift_wiki_1,join,B3,0.1,0.2,516560,80195,68549.15907059316,1.1698903544157813,385,385,1.4167800545692444,614.4151611328125,3.2459254264831543,
multi_join_sift_wiki_1,join,B3,0.1,0.2,137642,81038,83228.81579080908,1.0270344257115067,385,385,1.4963112771511078,626.5502319335938,2.9834916591644287,
multi_join_sift_wiki_1,join,B3,0.1,0.2,37803,79722,95791.14359778391,1.2015647324174497,385,385,1.4956435188651085,611.3698120117188,3.024467945098877,
multi_join_sift_wiki_1,join,B3,0.1,0.2,254800,80010,66710.66463768115,1.1993584599186677,385,385,1.4456212520599365,630.36376953125,2.9951040744781494,
multi_join_sift_wiki_1,join,B3,0.1,0.2,605930,80343,83028.54925036377,1.0334260514340237,385,385,1.4584483578801155,607.1295166015625,2.853085517883301,
multi_join_sift_wiki_1,join,B3,0.1,0.2,209329,79564,87641.51330468114,1.1015222123659085,385,385,10.038448497653008,555.4125366210938,2.887873649597168,
multi_join_sift_wiki_1,join,B3,0.1,0.2,766585,80706,81145.65671152518,1.0054476335281786,385,385,1.1829733848571777,629.5858154296875,3.1483452320098877,
multi_join_sift_wiki_1,join,B3,0.1,0.2,488782,80007,57918.4669983783,1.3813728875496682,385,385,1.18330679833889,516.85302734375,3.20609712600708,
multi_join_sift_wiki_1,join,B3,0.1,0.2,374559,80469,89713.48607444121,1.1148825768238853,385,385,1.1477116495370865,543.7352905273438,3.171335220336914,
multi_join_sift_wiki_1,join,B3,0.1,0.2,111780,79284,77323.04656924175,1.0253605298518889,385,385,1.1476585641503334,550.9946899414062,3.261101484298706,
multi_join_sift_wiki_1,join,B3,0.1,0.2,178188,80108,70994.70289702837,1.1283658742285276,385,385,1.1580316349864006,647.1275634765625,3.1019976139068604,
multi_join_sift_wiki_1,join,B3,0.1,0.2,539857,80395,74676.68480696628,1.0765743043871745,385,385,1.1594705283641815,592.7664184570312,2.945296287536621,
multi_join_sift_wiki_1,join,B3,0.1,0.2,781264,79178,93158.52737831898,1.1765708577928082,385,385,1.1436650529503822,595.5299072265625,2.770949125289917,
multi_join_sift_wiki_1,join,B3,0.1,0.2,771184,80530,56110.93192546585,1.435192701967076,385,385,1.1510318145155907,624.166015625,2.9144299030303955,
multi_join_sift_wiki_1,join,B3,0.1,0.2,140785,78729,68818.50584733895,1.1440091444973484,385,385,1.1558309197425842,561.651123046875,2.912421226501465,
multi_join_sift_wiki_1,join,B3,0.1,0.2,2505,78204,72920.54919467788,1.0724548959610378,385,385,1.1362582445144653,534.3326416015625,2.8755288124084473,
multi_join_sift_wiki_1,join,B3,0.1,0.2,526089,81044,82823.96659765355,1.0219629657674048,385,385,25.019805878400803,621.566650390625,2.8621973991394043,
multi_join_sift_wiki_1,join,B3,0.1,0.2,608072,80085,101718.00935581709,1.2701256084886945,385,385,1.2389635667204857,635.7791137695312,3.1877126693725586,
multi_join_sift_wiki_1,join,B3,0.1,0.2,224837,79393,51785.314169615216,1.53311805234897,385,385,1.21992826461792,528.8726196289062,3.304277181625366,
multi_join_sift_wiki_1,join,B3,0.1,0.2,386133,80616,87526.21200828157,1.085717624395673,385,385,1.2087486684322357,607.3278198242188,3.026334762573242,
multi_join_sift_wiki_1,join,B3,0.1,0.2,487850,80903,75027.08983477448,1.0783171808764742,385,385,1.1971043422818184,617.8816528320312,2.6472816467285156,
multi_join_sift_wiki_1,join,B3,0.1,0.2,340195,79138,77206.45467016328,1.0250179254841911,385,385,7.758719846606255,543.041748046875,3.089376926422119,
multi_join_sift_wiki_1,join,B3,0.1,0.2,122774,78858,72968.3557979828,1.0807150460992025,385,385,4.922068677842617,537.18994140625,2.6376986503601074,
multi_join_sift_wiki_1,join,B3,0.1,0.2,690833,81470,72786.32003407388,1.1193037367717034,385,385,1.1791149154305458,586.6276245117188,3.261147975921631,
multi_join_sift_wiki_1,join,B3,0.1,0.2,686759,79565,66710.09551820728,1.192698037410008,385,385,7.674187421798706,524.928955078125,3.326615810394287,
multi_join_sift_wiki_1,join,B3,0.1,0.2,154430,80169,85474.95316824672,1.0661845996363521,385,385,1.1636130511760712,541.2323608398438,2.7680890560150146,
multi_join_sift_wiki_1,join,B3,0.1,0.2,630926,79254,72174.39944530444,1.098090189999581,385,385,1.1371234431862831,549.67041015625,3.259998083114624,
multi_join_sift_wiki_1,join,B3,0.1,0.2,255248,81139,76695.57802622499,1.0579358300455814,385,385,3.5697091370821,615.7006225585938,2.897630214691162,
multi_join_sift_wiki_1,join,B3,0.1,0.2,48107,80693,68514.64248120302,1.177748245889747,385,385,1.1780224740505219,554.4667358398438,3.1095659732818604,
multi_join_sift_wiki_1,join,B3,0.1,0.2,717611,80499,85357.84769323672,1.0603591062402853,385,385,1.1572064831852913,567.838134765625,2.5639750957489014,
multi_join_sift_wiki_1,join,B3,0.1,0.2,559097,80815,91538.7231959855,1.132694712565557,385,385,1.1453833431005478,602.9588623046875,3.201744794845581,
multi_join_sift_wiki_1,join,B3,0.1,0.2,527854,79727,74543.62054692893,1.0695348497301371,385,385,1.1364063248038292,647.0442504882812,2.9701809883117676,
multi_join_sift_wiki_1,join,B3,0.1,0.2,692258,81254,74936.32196078432,1.0843072874929978,385,385,19.866961985826492,603.633056640625,3.59883189201355,
multi_join_sift_wiki_1,join,B3,0.1,0.2,344709,79123,79432.3975140056,1.0039103359832868,385,385,1.2144697830080986,553.003173828125,2.836334466934204,
multi_join_sift_wiki_1,join,B3,0.1,0.2,414737,80944,72737.82485030245,1.1128185392756273,385,385,1.166568137705326,613.3159790039062,3.186657428741455,
multi_join_sift_wiki_1,join,B3,0.1,0.2,362610,80891,78973.72882698006,1.0242773286952223,385,385,1.1598560959100723,607.2364501953125,3.099379777908325,
multi_join_sift_wiki_1,join,B3,0.1,0.2,129857,80160,76649.21986952677,1.0458032076053654,385,385,1.189165748655796,550.3565063476562,2.9371519088745117,
multi_join_sift_wiki_1,join,B3,0.1,0.2,210898,79490,58134.53972551264,1.36734547784018,385,385,1.192733645439148,553.6181640625,2.6989400386810303,
multi_join_sift_wiki_1,join,B3,0.1,0.2,793779,79125,72165.9974620428,1.0964304905730353,385,385,1.1481121182441711,604.8754272460938,2.8342809677124023,
multi_join_sift_wiki_1,join,B3,0.1,0.2,634727,79618,87377.5249302818,1.0974594304087242,385,385,1.142021268606186,601.57470703125,2.6199212074279785,
multi_join_sift_wiki_1,join,B3,0.1,0.2,351141,80632,72453.48197983236,1.1128795717843367,385,385,1.1868039146065712,618.2330322265625,2.959737777709961,
multi_join_sift_wiki_1,join,B3,0.1,0.2,611020,79657,89323.50117914673,1.1213515595509087,385,385,7.113151252269745,632.7335205078125,2.7526907920837402,
multi_join_sift_wiki_1,join,B3,0.1,0.3,145860,79324,75086.60765332449,1.0564333971011126,385,385,1.2187417596578598,552.0101318359375,2.9678664207458496,
multi_join_sift_wiki_1,join,B3,0.1,0.3,359095,79556,85344.75726900905,1.0727633021897662,385,385,1.1642985045909882,660.6602783203125,2.6484692096710205,
multi_join_sift_wiki_1,join,B3,0.1,0.3,286093,79914,66511.34714285715,1.2015092677097008,385,385,1.140126958489418,634.92919921875,2.591614246368408,
multi_join_sift_wiki_1,join,B3,0.1,0.3,781121,79928,79143.21837169651,1.009915968094926,385,385,1.2218030169606209,569.3426513671875,2.7154462337493896,
multi_join_sift_wiki_1,join,B3,0.1,0.3,142780,80177,64818.720034340964,1.2369420432480343,385,385,1.134372316300869,531.766357421875,2.9726316928863525,
multi_join_sift_wiki_1,join,B3,0.1,0.3,428790,79677,79173.06775112334,1.0063649453430394,385,385,1.2374361976981163,570.5357666015625,2.586446523666382,
multi_join_sift_wiki_1,join,B3,0.1,0.3,322723,78720,75265.60973020787,1.045895997948791,385,385,1.1261282488703728,524.8790283203125,3.0675809383392334,
multi_join_sift_wiki_1,join,B3,0.1,0.3,588557,79451,74248.92470723912,1.0700626347556208,385,385,0.936625525355339,648.4259643554688,3.088820695877075,
multi_join_sift_wiki_1,join,B3,0.1,0.3,263638,80173,91574.01277907044,1.142205141120707,385,385,0.9347647428512573,553.78515625,3.3490371704101562,
multi_join_sift_wiki_1,join,B3,0.1,0.3,693614,80572,74979.28945479641,1.0745900712832885,385,385,1.0348595678806305,630.0000610351562,2.6586174964904785,
multi_join_sift_wiki_1,join,B3,0.1,0.3,546912,80745,74976.12406162465,1.0769428402785102,385,385,7.463214918971062,636.325439453125,3.273282766342163,
multi_join_sift_wiki_1,join,B3,0.1,0.3,444449,80781,95783.34864318726,1.185716302635363,385,385,1.2056175619363785,582.3935546875,2.858152389526367,
multi_join_sift_wiki_1,join,B3,0.1,0.3,663176,79657,81025.8645860976,1.0171844858091266,385,385,1.1500576511025429,517.5375366210938,2.5874252319335938,
multi_join_sift_wiki_1,join,B3,0.1,0.3,763999,79454,60613.901726006196,1.3108214079198688,385,385,1.2003863230347633,563.1394653320312,2.991096258163452,
multi_join_sift_wiki_1,join,B3,0.1,0.3,782168,78639,83679.95445845005,1.0641024740707543,385,385,1.170889474451542,530.544189453125,2.6463067531585693,
multi_join_sift_wiki_1,join,B3,0.1,0.3,673362,79433,41628.813238712726,1.9081254981857436,385,385,1.1657550930976868,585.9685668945312,2.910238742828369,
multi_join_sift_wiki_1,join,B3,0.1,0.3,83904,78719,70547.56436167144,1.1158287421013802,385,385,1.1459486559033394,524.25146484375,3.108832836151123,
multi_join_sift_wiki_1,join,B3,0.1,0.3,695261,79809,73075.00824794831,1.092151775463409,385,385,1.1532558128237724,569.812255859375,2.7686617374420166,
multi_join_sift_wiki_1,join,B3,0.1,0.3,386245,81061,53978.31225023343,1.5017327630440955,385,385,1.1538369581103325,619.9218139648438,3.005084276199341,
multi_join_sift_wiki_1,join,B3,0.1,0.3,69504,82061,64462.64607487923,1.2730007996364077,385,385,1.143558882176876,570.908447265625,3.3213181495666504,
multi_join_sift_wiki_1,join,B3,0.1,0.3,681535,79488,95585.43149417662,1.2025139831694924,385,385,1.143057830631733,527.840087890625,3.38594388961792,
multi_join_sift_wiki_1,join,B3,0.1,0.3,696279,79488,104111.10481759066,1.309771346839657,385,385,7.149539887905121,546.6929321289062,2.9636666774749756,
multi_join_sift_wiki_1,join,B3,0.1,0.3,340223,79541,87861.488647343,1.1046062866615078,385,385,1.1404389515519142,613.5543823242188,3.0076568126678467,
multi_join_sift_wiki_1,join,B3,0.1,0.3,690943,80331,68703.69424975483,1.1692384358252563,385,385,1.1522741988301277,606.3675537109375,3.272429943084717,
multi_join_sift_wiki_1,join,B3,0.1,0.3,636616,80080,66524.98607732567,1.2037582376480107,385,385,1.1532222852110863,531.0659790039062,2.9986581802368164,
multi_join_sift_wiki_1,join,B3,0.1,0.3,48106,80407,79080.0404854047,1.0167799549222565,385,385,1.1447295546531677,554.5239868164062,3.1095659732818604,
multi_join_sift_wiki_1,join,B3,0.1,0.3,352770,80822,66794.41717391304,1.2100113066270681,385,385,1.1657914146780968,521.0213012695312,3.1966798305511475,
multi_join_sift_wiki_1,join,B3,0.1,0.3,536954,80588,83121.04909866845,1.0314320878873833,385,385,1.6966573894023895,633.7864990234375,3.1714894771575928,
multi_join_sift_wiki_1,join,B3,0.1,0.3,752067,79197,79029.62839562142,1.002117833624887,385,385,1.766015775501728,549.3387451171875,2.8197593688964844,
multi_join_sift_wiki_1,join,B3,0.1,0.3,602570,80307,62435.366592952974,1.2862421473963794,385,385,1.6327407211065292,551.4482421875,2.864469289779663,
multi_join_sift_wiki_1,join,B3,0.1,0.3,345404,79576,66608.46290619986,1.194683025669898,385,385,1.598857343196869,593.5587768554688,2.9514834880828857,
multi_join_sift_wiki_1,join,B3,0.1,0.3,628777,79933,97429.44467172834,1.2188888778317883,385,385,1.2909416109323502,557.8935546875,2.9850518703460693,
multi_join_sift_wiki_1,join,B3,0.1,0.3,137071,80678,105957.09850241545,1.313333232137825,385,385,1.1437181383371353,581.9375,2.7972004413604736,
multi_join_sift_wiki_1,join,B3,0.1,0.3,296404,79403,85370.80454779853,1.075158426606029,385,385,1.1528823524713516,551.078369140625,3.3583366870880127,
multi_join_sift_wiki_1,join,B3,0.1,0.3,703153,80313,84882.20094722099,1.0568924202460497,385,385,1.1612148955464363,517.0418701171875,3.377227544784546,
multi_join_sift_wiki_1,join,B3,0.1,0.3,438962,80155,97201.71383395082,1.2126718711739857,385,385,1.144719310104847,616.8162841796875,2.7042746543884277,
multi_join_sift_wiki_1,join,B3,0.1,0.3,33248,78896,85441.83961116025,1.0829679528893765,385,385,1.1334782466292381,541.4222412109375,2.451692581176758,
multi_join_sift_wiki_1,join,B3,0.1,0.3,779894,79971,85217.10035196687,1.0656000344120602,385,385,1.1331653222441673,607.8519287109375,2.650587320327759,
multi_join_sift_wiki_1,join,B3,0.1,0.3,304120,79627,68629.22668067228,1.1602491220030748,385,385,1.1377986520528793,550.8772583007812,2.839334011077881,
multi_join_sift_wiki_1,join,B3,0.1,0.3,73745,78915,78977.41847265222,1.000790958279823,385,385,7.166626863181591,524.522705078125,2.7303755283355713,
multi_join_sift_wiki_1,join,B3,0.1,0.3,516733,80610,87503.36169454434,1.085514969539069,385,385,1.1520851403474808,569.8922119140625,3.0889196395874023,
multi_join_sift_wiki_1,join,B3,0.1,0.3,181346,80299,87693.27364815492,1.0920842556962718,385,385,1.1366773396730423,574.7592163085938,3.357656955718994,
multi_join_sift_wiki_1,join,B3,0.1,0.3,620747,80051,85519.57144257704,1.0683135931166012,385,385,1.4650868251919746,555.2855834960938,3.118633985519409,
multi_join_sift_wiki_1,join,B3,0.1,0.3,738510,79635,77171.04208314906,1.0319285298000267,385,385,1.5967851504683495,538.9380493164062,2.7311203479766846,
multi_join_sift_wiki_1,join,B3,0.1,0.3,111011,79529,78602.61278342917,1.0117857051281904,385,385,1.1343592777848244,654.78564453125,2.941718101501465,
multi_join_sift_wiki_1,join,B3,0.1,0.3,426052,81197,80664.15157894738,1.0066057648983155,385,385,1.1302893981337547,555.730712890625,2.933866500854492,
multi_join_sift_wiki_1,join,B3,0.1,0.3,724169,79673,95871.07117506042,1.2033069066692659,385,385,1.1378154158592224,544.3208618164062,2.892995834350586,
multi_join_sift_wiki_1,join,B3,0.1,0.3,588630,81292,79282.34059544107,1.0253481341426807,385,385,1.1645294725894928,550.8358764648438,3.023313045501709,
multi_join_sift_wiki_1,join,B3,0.1,0.3,790256,80069,81092.3148401962,1.0127804123967603,385,385,1.1281883344054222,556.342529296875,2.7825469970703125,
multi_join_sift_wiki_1,join,B3,0.1,0.3,201003,81482,68419.01253968255,1.1909262787553534,385,385,1.134227029979229,605.5140380859375,2.9440114498138428,
multi_join_sift_wiki_1,join,B3,0.1,0.3,6443,78054,75015.67162062766,1.04050258184367,385,385,9.526745416224003,560.7430419921875,2.884660482406616,
multi_join_sift_wiki_1,join,B3,0.1,0.3,642763,80471,93333.04274712782,1.1598345086693072,385,385,1.1439062654972076,581.2515258789062,2.840625047683716,
multi_join_sift_wiki_1,join,B3,0.1,0.3,193392,79805,81238.1263943373,1.017957852193939,385,385,1.3404525816440582,612.6585083007812,3.056194543838501,
multi_join_sift_wiki_1,join,B3,0.1,0.3,203755,78573,70280.30124207579,1.117994638773112,385,385,1.7558364197611809,517.2750854492188,3.056774854660034,
multi_join_sift_wiki_1,join,B3,0.1,0.3,94462,79447,93826.55843468968,1.1809956126057584,385,385,1.1854041367769241,536.2696533203125,3.031524658203125,
multi_join_sift_wiki_1,join,B3,0.1,0.3,590890,80822,55858.37317460318,1.4469093066381478,385,385,1.126183196902275,638.423583984375,3.05781626701355,
multi_join_sift_wiki_1,join,B3,0.1,0.3,783383,80488,81011.3057993022,1.0065016623509366,385,385,1.1446978896856308,564.63818359375,3.0183515548706055,
multi_join_sift_wiki_1,join,B3,0.1,0.3,737605,78691,83007.6981608433,1.05485631343919,385,385,1.133139245212078,507.7093811035156,3.0597891807556152,
multi_join_sift_wiki_1,join,B3,0.1,0.3,516560,80195,66715.15117880485,1.2020507873101791,385,385,1.141650602221489,614.4151611328125,3.2459254264831543,
multi_join_sift_wiki_1,join,B3,0.1,0.3,137642,81038,102130.19253623189,1.2602753342411201,385,385,7.188853807747364,626.5502319335938,2.9834916591644287,
multi_join_sift_wiki_1,join,B3,0.1,0.3,37803,79722,62419.44860613811,1.2771980813710748,385,385,1.162591390311718,611.3698120117188,3.024467945098877,
multi_join_sift_wiki_1,join,B3,0.1,0.3,254800,80010,89330.23548363664,1.116488382497646,385,385,1.1470001190900803,630.36376953125,2.9951040744781494,
multi_join_sift_wiki_1,join,B3,0.1,0.3,605930,80343,78715.21167231807,1.0206794632587437,385,385,1.1297902092337608,607.1295166015625,2.853085517883301,
multi_join_sift_wiki_1,join,B3,0.1,0.3,209329,79564,60543.1430352576,1.3141702926401675,385,385,1.1264970526099205,555.4125366210938,2.887873649597168,
multi_join_sift_wiki_1,join,B3,0.1,0.3,766585,80706,79353.69710371946,1.0170414605196405,385,385,1.1257696896791458,629.5858154296875,3.1483452320098877,
multi_join_sift_wiki_1,join,B3,0.1,0.3,488782,80007,91583.2675059612,1.1446906833897184,385,385,1.4228643849492073,516.85302734375,3.20609712600708,
multi_join_sift_wiki_1,join,B3,0.1,0.3,374559,80469,79212.62113780295,1.0158608419233013,385,385,1.6734926030039787,543.7352905273438,3.171335220336914,
multi_join_sift_wiki_1,join,B3,0.1,0.3,111780,79284,95874.86319954296,1.2092586549561446,385,385,1.6398737207055092,550.9946899414062,3.261101484298706,
multi_join_sift_wiki_1,join,B3,0.1,0.3,178188,80108,87723.8473611298,1.0950697478545188,385,385,1.4343466609716415,647.1275634765625,3.1019976139068604,
multi_join_sift_wiki_1,join,B3,0.1,0.3,539857,80395,72758.80776245281,1.1049521353136829,385,385,1.1268174275755882,592.7664184570312,2.945296287536621,
multi_join_sift_wiki_1,join,B3,0.1,0.3,781264,79178,97378.2005622272,1.2298643633613782,385,385,1.1339737102389336,595.5299072265625,2.770949125289917,
multi_join_sift_wiki_1,join,B3,0.1,0.3,771184,80530,74934.43889088664,1.0746727565046714,385,385,1.1258730664849281,624.166015625,2.9144299030303955,
multi_join_sift_wiki_1,join,B3,0.1,0.3,140785,78729,68824.37778011206,1.1439115403488622,385,385,1.1264458298683167,561.651123046875,2.912421226501465,
multi_join_sift_wiki_1,join,B3,0.1,0.3,2505,78204,77265.86715686275,1.0121416205843219,385,385,1.1211419478058815,534.3326416015625,2.8755288124084473,
multi_join_sift_wiki_1,join,B3,0.1,0.3,526089,81044,83008.438847887,1.0242391645018385,385,385,1.1315541341900826,621.566650390625,2.8621973991394043,
multi_join_sift_wiki_1,join,B3,0.1,0.3,608072,80085,64466.420838781734,1.2422746440395283,385,385,1.1236285790801048,635.7791137695312,3.1877126693725586,
multi_join_sift_wiki_1,join,B3,0.1,0.3,224837,79393,95424.64307275543,1.2019276645643246,385,385,1.134428195655346,528.8726196289062,3.304277181625366,
multi_join_sift_wiki_1,join,B3,0.1,0.3,386133,80616,93737.18607660456,1.1627615619306906,385,385,1.1345399543642998,607.3278198242188,3.026334762573242,
multi_join_sift_wiki_1,join,B3,0.1,0.3,487850,80903,56270.52625796695,1.4377509040720142,385,385,7.1852682158350945,617.8816528320312,2.6472816467285156,
multi_join_sift_wiki_1,join,B3,0.1,0.3,340195,79138,89599.17025139577,1.1321889642320475,385,385,1.1448413133621216,543.041748046875,3.089376926422119,
multi_join_sift_wiki_1,join,B3,0.1,0.3,122774,78858,75097.06374616208,1.0500810027213632,385,385,1.1672889813780785,537.18994140625,2.6376986503601074,
multi_join_sift_wiki_1,join,B3,0.1,0.3,690833,81470,97639.07730101576,1.1984666417210723,385,385,1.1714687570929527,586.6276245117188,3.261147975921631,
multi_join_sift_wiki_1,join,B3,0.1,0.3,686759,79565,68745.74390019166,1.1573807407701668,385,385,1.160288229584694,524.928955078125,3.326615810394287,
multi_join_sift_wiki_1,join,B3,0.1,0.3,154430,80169,95868.96374616209,1.1958358436074055,385,385,1.132449135184288,541.2323608398438,2.7680890560150146,
multi_join_sift_wiki_1,join,B3,0.1,0.3,630926,79254,84800.96102695465,1.0699896664768296,385,385,1.1300398036837578,549.67041015625,3.259998083114624,
multi_join_sift_wiki_1,join,B3,0.1,0.3,255248,81139,76909.35628019321,1.0549951777570146,385,385,1.1512907221913338,615.7006225585938,2.897630214691162,
multi_join_sift_wiki_1,join,B3,0.1,0.3,48107,80693,72686.98874207579,1.1101436639001916,385,385,1.1232681572437286,554.4667358398438,3.1095659732818604,
multi_join_sift_wiki_1,join,B3,0.1,0.3,717611,80499,81196.68249482402,1.0086669709539748,385,385,1.134006306529045,567.838134765625,2.5639750957489014,
multi_join_sift_wiki_1,join,B3,0.1,0.3,559097,80815,81263.58948646126,1.0055508196060294,385,385,1.1137491092085838,602.9588623046875,3.201744794845581,
multi_join_sift_wiki_1,join,B3,0.1,0.3,527854,79727,97692.57933304596,1.225338710010987,385,385,1.1172546073794365,647.0442504882812,2.9701809883117676,
multi_join_sift_wiki_1,join,B3,0.1,0.3,692258,81254,84948.57610979174,1.0454694674698075,385,385,1.1226627975702286,603.633056640625,3.59883189201355,
multi_join_sift_wiki_1,join,B3,0.1,0.3,344709,79123,79365.48160330494,1.0030646158930392,385,385,1.1175833642482758,553.003173828125,2.836334466934204,
multi_join_sift_wiki_1,join,B3,0.1,0.3,414737,80944,74528.96152593762,1.0860744379462448,385,385,1.119733788073063,613.3159790039062,3.186657428741455,
multi_join_sift_wiki_1,join,B3,0.1,0.3,362610,80891,85501.2069239435,1.0569928289172281,385,385,1.1242162436246872,607.2364501953125,3.099379777908325,
multi_join_sift_wiki_1,join,B3,0.1,0.3,129857,80160,85036.99195599293,1.060840718013884,385,385,1.129012554883957,550.3565063476562,2.9371519088745117,
multi_join_sift_wiki_1,join,B3,0.1,0.3,210898,79490,78633.66363129157,1.0108902005726674,385,385,1.15286186337471,553.6181640625,2.6989400386810303,
multi_join_sift_wiki_1,join,B3,0.1,0.3,793779,79125,74905.5173447205,1.0563307324327145,385,385,1.154816709458828,604.8754272460938,2.8342809677124023,
multi_join_sift_wiki_1,join,B3,0.1,0.3,634727,79618,66674.60523539242,1.1941278050152884,385,385,1.1680591851472855,601.57470703125,2.6199212074279785,
multi_join_sift_wiki_1,join,B3,0.1,0.3,351141,80632,62027.61375685591,1.2999371588930058,385,385,1.1476045474410057,618.2330322265625,2.959737777709961,
multi_join_sift_wiki_1,join,B3,0.1,0.3,611020,79657,99384.02489557226,1.247649608892781,385,385,1.1555152013897896,632.7335205078125,2.7526907920837402,
multi_join_sift_wiki_1,join,B3,0.1,0.4,145860,79324,91631.16040508881,1.155150527016903,385,385,1.1550839990377426,552.0101318359375,2.9678664207458496,
multi_join_sift_wiki_1,join,B3,0.1,0.4,359095,79556,91564.58238440304,1.150945024692079,385,385,1.1268453672528267,660.6602783203125,2.6484692096710205,
multi_join_sift_wiki_1,join,B3,0.1,0.4,286093,79914,78910.28566963019,1.0127196894784034,385,385,7.430673576891422,634.92919921875,2.591614246368408,
multi_join_sift_wiki_1,join,B3,0.1,0.4,781121,79928,77080.48906700363,1.0369420454834053,385,385,1.1367835104465485,569.3426513671875,2.7154462337493896,
multi_join_sift_wiki_1,join,B3,0.1,0.4,142780,80177,72938.86416264446,1.0992356533166654,385,385,1.122206449508667,531.766357421875,2.9726316928863525,
multi_join_sift_wiki_1,join,B3,0.1,0.4,428790,79677,85523.37812359116,1.0733759820725073,385,385,1.1300873011350632,570.5357666015625,2.586446523666382,
multi_join_sift_wiki_1,join,B3,0.1,0.4,322723,78720,77232.9681929408,1.0192538477006912,385,385,1.1196862906217575,524.8790283203125,3.0675809383392334,
multi_join_sift_wiki_1,join,B3,0.1,0.4,588557,79451,74463.3610354691,1.066981115211213,385,385,1.117129810154438,648.4259643554688,3.088820695877075,
multi_join_sift_wiki_1,join,B3,0.1,0.4,263638,80173,54109.05195974271,1.4816929348466306,385,385,1.2360047549009323,553.78515625,3.3490371704101562,
multi_join_sift_wiki_1,join,B3,0.1,0.4,693614,80572,62159.52530883369,1.2962132448677122,385,385,1.1659413576126099,630.0000610351562,2.6586174964904785,
multi_join_sift_wiki_1,join,B3,0.1,0.4,546912,80745,66564.45663733609,1.2130347647833126,385,385,1.1702189221978188,636.325439453125,3.273282766342163,
multi_join_sift_wiki_1,join,B3,0.1,0.4,444449,80781,89432.8237099302,1.1071022110388606,385,385,1.1633923277258873,582.3935546875,2.858152389526367,
multi_join_sift_wiki_1,join,B3,0.1,0.4,663176,79657,80971.36854268023,1.0165003520428868,385,385,1.1695008724927902,517.5375366210938,2.5874252319335938,
multi_join_sift_wiki_1,join,B3,0.1,0.4,763999,79454,64717.00477520528,1.2277144202823311,385,385,1.155281439423561,563.1394653320312,2.991096258163452,
multi_join_sift_wiki_1,join,B3,0.1,0.4,782168,78639,81549.83017838714,1.0370150965600675,385,385,1.118706539273262,530.544189453125,2.6463067531585693,
multi_join_sift_wiki_1,join,B3,0.1,0.4,673362,79433,68682.48115624205,1.1565249050817221,385,385,1.127065159380436,585.9685668945312,2.910238742828369,
multi_join_sift_wiki_1,join,B3,0.1,0.4,83904,78719,79086.48194198732,1.0046682750287392,385,385,1.1178171262145042,524.25146484375,3.108832836151123,
multi_join_sift_wiki_1,join,B3,0.1,0.4,695261,79809,66585.7476057204,1.1985898314543153,385,385,1.1153500527143478,569.812255859375,2.7686617374420166,
multi_join_sift_wiki_1,join,B3,0.1,0.4,386245,81061,78566.37361310887,1.031751833159255,385,385,1.1164816096425056,619.9218139648438,3.005084276199341,
multi_join_sift_wiki_1,join,B3,0.1,0.4,69504,82061,74978.25306638292,1.0944640164841701,385,385,1.133703626692295,570.908447265625,3.3213181495666504,
multi_join_sift_wiki_1,join,B3,0.1,0.4,681535,79488,89364.22704042715,1.1242480253676927,385,385,1.1221058666706085,527.840087890625,3.38594388961792,
multi_join_sift_wiki_1,join,B3,0.1,0.4,696279,79488,68699.95768873912,1.1570312802831493,385,385,1.1386135593056679,546.6929321289062,2.9636666774749756,
multi_join_sift_wiki_1,join,B3,0.1,0.4,340223,79541,79648.08382505176,1.0013462720490283,385,385,1.1280402541160583,613.5543823242188,3.0076568126678467,
multi_join_sift_wiki_1,join,B3,0.1,0.4,690943,80331,79086.45544726588,1.0157365069112747,385,385,1.1266740038990974,606.3675537109375,3.272429943084717,
multi_join_sift_wiki_1,join,B3,0.1,0.4,636616,80080,91274.98047877046,1.1397974585261046,385,385,1.1273548007011414,531.0659790039062,2.9986581802368164,
multi_join_sift_wiki_1,join,B3,0.1,0.4,48106,80407,83194.56085925599,1.0346681365957688,385,385,1.1216886341571808,554.5239868164062,3.1095659732818604,
multi_join_sift_wiki_1,join,B3,0.1,0.4,352770,80822,76527.8756763285,1.0561118976022974,385,385,1.149320974946022,521.0213012695312,3.1966798305511475,
multi_join_sift_wiki_1,join,B3,0.1,0.4,536954,80588,86894.46825396825,1.078255673970917,385,385,1.1187661439180374,633.7864990234375,3.1714894771575928,
multi_join_sift_wiki_1,join,B3,0.1,0.4,752067,79197,68213.89272998674,1.1610098299695057,385,385,1.1256514117121696,549.3387451171875,2.8197593688964844,
multi_join_sift_wiki_1,join,B3,0.1,0.4,602570,80307,87065.46745125816,1.0841578872484112,385,385,4.449266940355301,551.4482421875,2.864469289779663,
multi_join_sift_wiki_1,join,B3,0.1,0.4,345404,79576,79203.9719289165,1.0046970885679496,385,385,1.2071635574102402,593.5587768554688,2.9514834880828857,
multi_join_sift_wiki_1,join,B3,0.1,0.4,628777,79933,76608.77426654872,1.0433922323555933,385,385,1.2182453647255898,557.8935546875,2.9850518703460693,
multi_join_sift_wiki_1,join,B3,0.1,0.4,137071,80678,84979.8718964077,1.0533214990010622,385,385,1.0496145114302635,581.9375,2.7972004413604736,
multi_join_sift_wiki_1,join,B3,0.1,0.4,296404,79403,79117.28665229249,1.003611263224473,385,385,0.9292187169194221,551.078369140625,3.3583366870880127,
multi_join_sift_wiki_1,join,B3,0.1,0.4,703153,80313,104010.49896247973,1.2950642979652078,385,385,0.9542405605316162,517.0418701171875,3.377227544784546,
multi_join_sift_wiki_1,join,B3,0.1,0.4,438962,80155,76287.90619447168,1.0506907844038922,385,385,0.9073298424482346,616.8162841796875,2.7042746543884277,
multi_join_sift_wiki_1,join,B3,0.1,0.4,33248,78896,71024.88185905942,1.1108219814650293,385,385,1.1858688667416573,541.4222412109375,2.451692581176758,
multi_join_sift_wiki_1,join,B3,0.1,0.4,779894,79971,87133.81127031667,1.0895676091372706,385,385,1.1895187199115753,607.8519287109375,2.650587320327759,
multi_join_sift_wiki_1,join,B3,0.1,0.4,304120,79627,75130.19607106001,1.0598534832078277,385,385,1.1710543185472488,550.8772583007812,2.839334011077881,
multi_join_sift_wiki_1,join,B3,0.1,0.4,73745,78915,68619.48851067887,1.15003771833302,385,385,1.173354685306549,524.522705078125,2.7303755283355713,
multi_join_sift_wiki_1,join,B3,0.1,0.4,516733,80610,68757.04409075224,1.172388968519401,385,385,1.1780941858887672,569.8922119140625,3.0889196395874023,
multi_join_sift_wiki_1,join,B3,0.1,0.4,181346,80299,89467.81284276869,1.1141834000768216,385,385,1.1693025007843971,574.7592163085938,3.357656955718994,
multi_join_sift_wiki_1,join,B3,0.1,0.4,620747,80051,97821.9706789352,1.2219956112844963,385,385,1.1460790410637856,555.2855834960938,3.118633985519409,
multi_join_sift_wiki_1,join,B3,0.1,0.4,738510,79635,60644.89859943978,1.3131360071354072,385,385,1.1485153809189796,538.9380493164062,2.7311203479766846,
multi_join_sift_wiki_1,join,B3,0.1,0.4,111011,79529,60201.46016410913,1.3210476919198308,385,385,1.1651944369077682,654.78564453125,2.941718101501465,
multi_join_sift_wiki_1,join,B3,0.1,0.4,426052,81197,70482.80690344253,1.152011441758205,385,385,1.1591259390115738,555.730712890625,2.933866500854492,
multi_join_sift_wiki_1,join,B3,0.1,0.4,724169,79673,89643.44974753058,1.1251421403427835,385,385,1.1512348428368568,544.3208618164062,2.892995834350586,
multi_join_sift_wiki_1,join,B3,0.1,0.4,588630,81292,78992.97373898837,1.0291041867673973,385,385,1.149696297943592,550.8358764648438,3.023313045501709,
multi_join_sift_wiki_1,join,B3,0.1,0.4,790256,80069,72621.26995654096,1.1025557670351402,385,385,16.2063492462039,556.342529296875,2.7825469970703125,
multi_join_sift_wiki_1,join,B3,0.1,0.4,201003,81482,74892.7628968254,1.0879822942605568,385,385,1.1992892250418663,605.5140380859375,2.9440114498138428,
multi_join_sift_wiki_1,join,B3,0.1,0.4,6443,78054,93910.77696078432,1.203151369062243,385,385,1.1466257274150848,560.7430419921875,2.884660482406616,
multi_join_sift_wiki_1,join,B3,0.1,0.4,642763,80471,66413.70502270167,1.211662562305374,385,385,7.1669528260827065,581.2515258789062,2.840625047683716,
multi_join_sift_wiki_1,join,B3,0.1,0.4,193392,79805,87273.37305900622,1.0935827712424813,385,385,1.216081902384758,612.6585083007812,3.056194543838501,
multi_join_sift_wiki_1,join,B3,0.1,0.4,203755,78573,68623.5814628483,1.144985416456851,385,385,1.170353963971138,517.2750854492188,3.056774854660034,
multi_join_sift_wiki_1,join,B3,0.1,0.4,94462,79447,58271.01580790211,1.3634050976888277,385,385,1.190737821161747,536.2696533203125,3.031524658203125,
multi_join_sift_wiki_1,join,B3,0.1,0.4,590890,80822,64237.494577497666,1.2581748483744861,385,385,1.1918079107999802,638.423583984375,3.05781626701355,
multi_join_sift_wiki_1,join,B3,0.1,0.4,783383,80488,89670.1609870905,1.1140811175217484,385,385,1.1892914772033691,564.63818359375,3.0183515548706055,
multi_join_sift_wiki_1,join,B3,0.1,0.4,737605,78691,72780.42366209642,1.0812110735346236,385,385,1.1795638129115105,507.7093811035156,3.0597891807556152,
multi_join_sift_wiki_1,join,B3,0.1,0.4,516560,80195,77029.15814256977,1.0410992659632956,385,385,1.1553354561328888,614.4151611328125,3.2459254264831543,
multi_join_sift_wiki_1,join,B3,0.1,0.4,137642,81038,79053.59932786998,1.0251019648567783,385,385,1.1526746675372124,626.5502319335938,2.9834916591644287,
multi_join_sift_wiki_1,join,B3,0.1,0.4,37803,79722,74866.27425638371,1.0648586535372067,385,385,1.166737638413906,611.3698120117188,3.024467945098877,
multi_join_sift_wiki_1,join,B3,0.1,0.4,254800,80010,72949.73515182885,1.0967825974073349,385,385,1.1538192629814148,630.36376953125,2.9951040744781494,
multi_join_sift_wiki_1,join,B3,0.1,0.4,605930,80343,97771.50178534572,1.216926201229052,385,385,7.338960655033588,607.1295166015625,2.853085517883301,
multi_join_sift_wiki_1,join,B3,0.1,0.4,209329,79564,77124.65339571756,1.0316286232336946,385,385,1.1550765484571457,555.4125366210938,2.887873649597168,
multi_join_sift_wiki_1,join,B3,0.1,0.4,766585,80706,79162.9444099379,1.0194921449873255,385,385,4.4614700600504875,629.5858154296875,3.1483452320098877,
multi_join_sift_wiki_1,join,B3,0.1,0.4,488782,80007,68679.60386484113,1.1649310056803874,385,385,1.1619757860898972,516.85302734375,3.20609712600708,
multi_join_sift_wiki_1,join,B3,0.1,0.4,374559,80469,81241.51852545366,1.0096002003933646,385,385,1.1721262708306313,543.7352905273438,3.171335220336914,
multi_join_sift_wiki_1,join,B3,0.1,0.4,111780,79284,75012.63889687455,1.056941885606739,385,385,1.1862972751259804,550.9946899414062,3.261101484298706,
multi_join_sift_wiki_1,join,B3,0.1,0.4,178188,80108,81434.96419792555,1.0165646901423773,385,385,1.2058643624186516,647.1275634765625,3.1019976139068604,
multi_join_sift_wiki_1,join,B3,0.1,0.4,539857,80395,60168.44872021273,1.3361654107760377,385,385,1.195850782096386,592.7664184570312,2.945296287536621,
multi_join_sift_wiki_1,join,B3,0.1,0.4,781264,79178,72547.73732801207,1.0913917224187206,385,385,1.1789817363023758,595.5299072265625,2.770949125289917,
multi_join_sift_wiki_1,join,B3,0.1,0.4,771184,80530,62354.42452580726,1.2914881439835955,385,385,1.1731749400496483,624.166015625,2.9144299030303955,
multi_join_sift_wiki_1,join,B3,0.1,0.4,140785,78729,60460.688721804516,1.3021518885147467,385,385,1.1695586144924164,561.651123046875,2.912421226501465,
multi_join_sift_wiki_1,join,B3,0.1,0.4,2505,78204,68827.70038515406,1.136228576029374,385,385,1.1609718203544617,534.3326416015625,2.8755288124084473,
multi_join_sift_wiki_1,join,B3,0.1,0.4,526089,81044,64708.99935672515,1.2524378495365678,385,385,13.23652546852827,621.566650390625,2.8621973991394043,
multi_join_sift_wiki_1,join,B3,0.1,0.4,608072,80085,85129.42706058625,1.062988413068443,385,385,1.2049349024891853,635.7791137695312,3.1877126693725586,
multi_join_sift_wiki_1,join,B3,0.1,0.4,224837,79393,81093.00628409258,1.0214125462457972,385,385,1.3655126094818115,528.8726196289062,3.304277181625366,
multi_join_sift_wiki_1,join,B3,0.1,0.4,386133,80616,79092.63027625544,1.019260577356243,385,385,1.1812606826424599,607.3278198242188,3.026334762573242,
multi_join_sift_wiki_1,join,B3,0.1,0.4,487850,80903,79221.70368597859,1.0212226730276566,385,385,1.1975830420851707,617.8816528320312,2.6472816467285156,
multi_join_sift_wiki_1,join,B3,0.1,0.4,340195,79138,93726.05952012385,1.184336974906162,385,385,25.4123006016016,543.041748046875,3.089376926422119,
multi_join_sift_wiki_1,join,B3,0.1,0.4,122774,78858,70937.43054222834,1.1116557140176742,385,385,1.2412993237376213,537.18994140625,2.6376986503601074,
multi_join_sift_wiki_1,join,B3,0.1,0.4,690833,81470,103852.46606182442,1.2747326139907258,385,385,1.188226044178009,586.6276245117188,3.261147975921631,
multi_join_sift_wiki_1,join,B3,0.1,0.4,686759,79565,77109.32184505383,1.0318467092718142,385,385,1.1909017339348793,524.928955078125,3.326615810394287,
multi_join_sift_wiki_1,join,B3,0.1,0.4,154430,80169,95886.16966721472,1.1960504642344887,385,385,13.210401870310307,541.2323608398438,2.7680890560150146,
multi_join_sift_wiki_1,join,B3,0.1,0.4,630926,79254,84786.63816710895,1.0698089455057025,385,385,1.2430716305971146,549.67041015625,3.259998083114624,
multi_join_sift_wiki_1,join,B3,0.1,0.4,255248,81139,72604.161152519,1.1175530260524866,385,385,1.2132097035646439,615.7006225585938,2.897630214691162,
multi_join_sift_wiki_1,join,B3,0.1,0.4,48107,80693,54170.25174332891,1.4896183311523445,385,385,1.2857355177402496,554.4667358398438,3.1095659732818604,
multi_join_sift_wiki_1,join,B3,0.1,0.4,717611,80499,81033.79155279504,1.0066434558540485,385,385,1.2294864282011986,567.838134765625,2.5639750957489014,
multi_join_sift_wiki_1,join,B3,0.1,0.4,559097,80815,81084.74298722083,1.003337783669131,385,385,1.1981679126620293,602.9588623046875,3.201744794845581,
multi_join_sift_wiki_1,join,B3,0.1,0.4,527854,79727,82909.78512939959,1.0399210446824738,385,385,1.1887922883033752,647.0442504882812,2.9701809883117676,
multi_join_sift_wiki_1,join,B3,0.1,0.4,692258,81254,80940.57089832425,1.003872336186873,385,385,1.1689718812704086,603.633056640625,3.59883189201355,
multi_join_sift_wiki_1,join,B3,0.1,0.4,344709,79123,79546.75378252752,1.0053556334128828,385,385,1.1652959510684013,553.003173828125,2.836334466934204,
multi_join_sift_wiki_1,join,B3,0.1,0.4,414737,80944,76706.01777010194,1.0552496707963623,385,385,3.2004425302147865,613.3159790039062,3.186657428741455,
multi_join_sift_wiki_1,join,B3,0.1,0.4,362610,80891,72892.44517618642,1.1097309166194176,385,385,1.1721746996045113,607.2364501953125,3.099379777908325,
multi_join_sift_wiki_1,join,B3,0.1,0.4,129857,80160,89253.01098334072,1.1134357657602385,385,385,1.246136613190174,550.3565063476562,2.9371519088745117,
multi_join_sift_wiki_1,join,B3,0.1,0.4,210898,79490,84775.81505089451,1.066496603986596,385,385,1.1545531451702118,553.6181640625,2.6989400386810303,
multi_join_sift_wiki_1,join,B3,0.1,0.4,793779,79125,74694.1757453416,1.0593195414561454,385,385,7.255470380187035,604.8754272460938,2.8342809677124023,
multi_join_sift_wiki_1,join,B3,0.1,0.4,634727,79618,79210.14913463326,1.0051489723201192,385,385,1.1614644899964333,601.57470703125,2.6199212074279785,
multi_join_sift_wiki_1,join,B3,0.1,0.4,351141,80632,81126.06428873228,1.0061273971714986,385,385,1.1698128655552864,618.2330322265625,2.959737777709961,
multi_join_sift_wiki_1,join,B3,0.1,0.4,611020,79657,78853.8840536123,1.0101848622426977,385,385,1.1927764862775803,632.7335205078125,2.7526907920837402,
multi_join_sift_wiki_1,join,B3,0.1,0.5,145860,79324,74917.3526246082,1.0588201160480455,385,385,1.174326054751873,552.0101318359375,2.9678664207458496,
multi_join_sift_wiki_1,join,B3,0.1,0.5,359095,79556,68872.62781228434,1.1551178244110811,385,385,1.153603196144104,660.6602783203125,2.6484692096710205,
multi_join_sift_wiki_1,join,B3,0.1,0.5,286093,79914,78758.98229661431,1.014665218743378,385,385,1.3015912845730782,634.92919921875,2.591614246368408,
multi_join_sift_wiki_1,join,B3,0.1,0.5,781121,79928,66794.16474292616,1.1966314768306878,385,385,1.490212045609951,569.3426513671875,2.7154462337493896,
multi_join_sift_wiki_1,join,B3,0.1,0.5,142780,80177,70975.13017141639,1.1296492138353198,385,385,1.4682738110423088,531.766357421875,2.9726316928863525,
multi_join_sift_wiki_1,join,B3,0.1,0.5,428790,79677,75091.6117290509,1.061063921327116,385,385,1.5430860221385956,570.5357666015625,2.586446523666382,
multi_join_sift_wiki_1,join,B3,0.1,0.5,322723,78720,81582.00504201681,1.0363567713670834,385,385,1.4565372839570045,524.8790283203125,3.0675809383392334,
multi_join_sift_wiki_1,join,B3,0.1,0.5,588557,79451,78415.56023319167,1.0132045191506525,385,385,1.448831520974636,648.4259643554688,3.088820695877075,
multi_join_sift_wiki_1,join,B3,0.1,0.5,263638,80173,70824.7224089636,1.131991729343556,385,385,1.5031583607196808,553.78515625,3.3490371704101562,
multi_join_sift_wiki_1,join,B3,0.1,0.5,693614,80572,64311.594534161486,1.2528378527016804,385,385,1.4773793518543243,630.0000610351562,2.6586174964904785,
multi_join_sift_wiki_1,join,B3,0.1,0.5,546912,80745,93642.14753305366,1.1597268875231117,385,385,1.5321280807256699,636.325439453125,3.273282766342163,
multi_join_sift_wiki_1,join,B3,0.1,0.5,444449,80781,76744.45793787003,1.0525971799214195,385,385,1.4764806255698204,582.3935546875,2.858152389526367,
multi_join_sift_wiki_1,join,B3,0.1,0.5,663176,79657,85231.62784903437,1.069982899795804,385,385,1.4655636623501778,517.5375366210938,2.5874252319335938,
multi_join_sift_wiki_1,join,B3,0.1,0.5,763999,79454,96012.11509398498,1.2083987602132678,385,385,1.265750266611576,563.1394653320312,2.991096258163452,
multi_join_sift_wiki_1,join,B3,0.1,0.5,782168,78639,83427.75450943536,1.060895414608977,385,385,1.1385222896933556,530.544189453125,2.6463067531585693,
multi_join_sift_wiki_1,join,B3,0.1,0.5,673362,79433,83069.61951027931,1.0457822254010212,385,385,1.1442257091403008,585.9685668945312,2.910238742828369,
multi_join_sift_wiki_1,join,B3,0.1,0.5,83904,78719,74637.18698400412,1.0546887306574224,385,385,12.151294387876987,524.25146484375,3.108832836151123,
multi_join_sift_wiki_1,join,B3,0.1,0.5,695261,79809,80801.50678534571,1.012436025828487,385,385,1.5063481405377388,569.812255859375,2.7686617374420166,
multi_join_sift_wiki_1,join,B3,0.1,0.5,386245,81061,88873.3873015873,1.0963766460022366,385,385,1.471376046538353,619.9218139648438,3.005084276199341,
multi_join_sift_wiki_1,join,B3,0.1,0.5,69504,82061,72954.70280758374,1.124821249925915,385,385,15.766092576086521,570.908447265625,3.3213181495666504,
multi_join_sift_wiki_1,join,B3,0.1,0.5,681535,79488,89436.8649952086,1.1251618482690293,385,385,1.1592842638492584,527.840087890625,3.38594388961792,
multi_join_sift_wiki_1,join,B3,0.1,0.5,696279,79488,77302.49795484554,1.0282720753271268,385,385,1.1834148317575455,546.6929321289062,2.9636666774749756,
multi_join_sift_wiki_1,join,B3,0.1,0.5,340223,79541,87663.10491945445,1.1021121801266573,385,385,1.1612502858042717,613.5543823242188,3.0076568126678467,
multi_join_sift_wiki_1,join,B3,0.1,0.5,690943,80331,68269.91041752933,1.1766677224081108,385,385,1.1602677404880524,606.3675537109375,3.272429943084717,
multi_join_sift_wiki_1,join,B3,0.1,0.5,636616,80080,70590.82530038331,1.134425042620449,385,385,1.1721542105078697,531.0659790039062,2.9986581802368164,
multi_join_sift_wiki_1,join,B3,0.1,0.5,48106,80407,64504.964764853314,1.2465242062082513,385,385,18.93423218280077,554.5239868164062,3.1095659732818604,
multi_join_sift_wiki_1,join,B3,0.1,0.5,352770,80822,72732.85810731539,1.1112171596604838,385,385,1.2531941756606102,521.0213012695312,3.1966798305511475,
multi_join_sift_wiki_1,join,B3,0.1,0.5,536954,80588,64314.80927038932,1.253024006666889,385,385,1.1945292353630066,633.7864990234375,3.1714894771575928,
multi_join_sift_wiki_1,join,B3,0.1,0.5,752067,79197,64273.837033023745,1.23218098772147,385,385,1.2039262801408768,549.3387451171875,2.8197593688964844,
multi_join_sift_wiki_1,join,B3,0.1,0.5,602570,80307,74528.64654725048,1.0775319789161353,385,385,1.1588400229811668,551.4482421875,2.864469289779663,
multi_join_sift_wiki_1,join,B3,0.1,0.5,345404,79576,72860.5831990302,1.0921680352547491,385,385,1.1678654700517654,593.5587768554688,2.9514834880828857,
multi_join_sift_wiki_1,join,B3,0.1,0.5,628777,79933,82928.39273920095,1.0374737935421035,385,385,1.1530714109539986,557.8935546875,2.9850518703460693,
multi_join_sift_wiki_1,join,B3,0.1,0.5,137071,80678,87115.67008971705,1.0797946167445531,385,385,1.1693025007843971,581.9375,2.7972004413604736,
multi_join_sift_wiki_1,join,B3,0.1,0.5,296404,79403,64714.31936609427,1.2269772869094187,385,385,17.22418051213026,551.078369140625,3.3583366870880127,
multi_join_sift_wiki_1,join,B3,0.1,0.5,703153,80313,74689.2395860976,1.0752954568163684,385,385,1.1784844100475311,517.0418701171875,3.377227544784546,
multi_join_sift_wiki_1,join,B3,0.1,0.5,438962,80155,97008.007664451,1.2102552263046722,385,385,1.1923322454094887,616.8162841796875,2.7042746543884277,
multi_join_sift_wiki_1,join,B3,0.1,0.5,33248,78896,75123.66701680672,1.0502149739621913,385,385,1.1862535029649734,541.4222412109375,2.451692581176758,
multi_join_sift_wiki_1,join,B3,0.1,0.5,779894,79971,99694.6552489226,1.2466350958337722,385,385,1.167522743344307,607.8519287109375,2.650587320327759,
multi_join_sift_wiki_1,join,B3,0.1,0.5,304120,79627,64686.61883753502,1.2309655602805396,385,385,1.1871783062815666,550.8772583007812,2.839334011077881,
multi_join_sift_wiki_1,join,B3,0.1,0.5,73745,78915,77033.27309818665,1.0244274561644928,385,385,1.164974644780159,524.522705078125,2.7303755283355713,
multi_join_sift_wiki_1,join,B3,0.1,0.5,516733,80610,94071.9777659729,1.167001336880944,385,385,3.211204893887043,569.8922119140625,3.0889196395874023,
multi_join_sift_wiki_1,join,B3,0.1,0.5,181346,80299,87401.72844835874,1.0884535106085846,385,385,7.116315886378288,574.7592163085938,3.357656955718994,
multi_join_sift_wiki_1,join,B3,0.1,0.5,620747,80051,70711.93259066784,1.1320720148237706,385,385,1.180744729936123,555.2855834960938,3.118633985519409,
multi_join_sift_wiki_1,join,B3,0.1,0.5,738510,79635,73095.260430488,1.0894687224725215,385,385,1.1922111734747887,538.9380493164062,2.7311203479766846,
multi_join_sift_wiki_1,join,B3,0.1,0.5,111011,79529,80932.99973159669,1.0176539341824578,385,385,1.150611788034439,654.78564453125,2.941718101501465,
multi_join_sift_wiki_1,join,B3,0.1,0.5,426052,81197,88930.12840434421,1.095239090167669,385,385,1.1618193238973618,555.730712890625,2.933866500854492,
multi_join_sift_wiki_1,join,B3,0.1,0.5,724169,79673,83147.24228217604,1.0436062691523609,385,385,1.1808164417743683,544.3208618164062,2.892995834350586,
multi_join_sift_wiki_1,join,B3,0.1,0.5,588630,81292,87526.38658253157,1.0766912682986218,385,385,1.1944705620408058,550.8358764648438,3.023313045501709,
multi_join_sift_wiki_1,join,B3,0.1,0.5,790256,80069,89433.69278505833,1.1169577837247666,385,385,1.1459281668066978,556.342529296875,2.7825469970703125,
multi_join_sift_wiki_1,join,B3,0.1,0.5,201003,81482,97480.8350133005,1.196348089311756,385,385,1.1434722691774368,605.5140380859375,2.9440114498138428,
multi_join_sift_wiki_1,join,B3,0.1,0.5,6443,78054,66762.57128114403,1.1691281282637633,385,385,1.156945712864399,560.7430419921875,2.884660482406616,
multi_join_sift_wiki_1,join,B3,0.1,0.5,642763,80471,85085.48523809524,1.0573434558796988,385,385,7.405290380120277,581.2515258789062,2.840625047683716,
multi_join_sift_wiki_1,join,B3,0.1,0.5,193392,79805,70954.19432884749,1.1247397106664643,385,385,1.568485051393509,612.6585083007812,3.056194543838501,
multi_join_sift_wiki_1,join,B3,0.1,0.5,203755,78573,64458.353696741855,1.2189731119982294,385,385,1.5075011178851128,517.2750854492188,3.056774854660034,
multi_join_sift_wiki_1,join,B3,0.1,0.5,94462,79447,60201.278063204685,1.319689590586257,385,385,1.5313150361180305,536.2696533203125,3.031524658203125,
multi_join_sift_wiki_1,join,B3,0.1,0.5,590890,80822,93539.18957252467,1.1573481177467109,385,385,1.5301313251256943,638.423583984375,3.05781626701355,
multi_join_sift_wiki_1,join,B3,0.1,0.5,783383,80488,74815.34376016769,1.075822096841751,385,385,7.183507084846497,564.63818359375,3.0183515548706055,
multi_join_sift_wiki_1,join,B3,0.1,0.5,737605,78691,87179.20763600178,1.1078675787066092,385,385,1.15300714969635,507.7093811035156,3.0597891807556152,
multi_join_sift_wiki_1,join,B3,0.1,0.5,516560,80195,68452.0877777778,1.1715493654531661,385,385,1.1538080871105194,614.4151611328125,3.2459254264831543,
multi_join_sift_wiki_1,join,B3,0.1,0.5,137642,81038,75100.96606825035,1.0790540287638137,385,385,1.1711269617080688,626.5502319335938,2.9834916591644287,
multi_join_sift_wiki_1,join,B3,0.1,0.5,37803,79722,76998.88015437145,1.0353657071397544,385,385,1.1637331917881966,611.3698120117188,3.024467945098877,
multi_join_sift_wiki_1,join,B3,0.1,0.5,254800,80010,81029.14025189786,1.0127376609411056,385,385,1.3545313850045204,630.36376953125,2.9951040744781494,
multi_join_sift_wiki_1,join,B3,0.1,0.5,605930,80343,72585.51484692123,1.1068737360262426,385,385,1.4955494552850723,607.1295166015625,2.853085517883301,
multi_join_sift_wiki_1,join,B3,0.1,0.5,209329,79564,72999.50678141967,1.0899251722102206,385,385,1.522027887403965,555.4125366210938,2.887873649597168,
multi_join_sift_wiki_1,join,B3,0.1,0.5,766585,80706,108573.12922360249,1.345291914152634,385,385,1.4822455123066902,629.5858154296875,3.1483452320098877,
multi_join_sift_wiki_1,join,B3,0.1,0.5,488782,80007,95654.68992189552,1.1955790108602438,385,385,7.296958938241005,516.85302734375,3.20609712600708,
multi_join_sift_wiki_1,join,B3,0.1,0.5,374559,80469,62415.531232493,1.2892464168935651,385,385,1.1623473837971687,543.7352905273438,3.171335220336914,
multi_join_sift_wiki_1,join,B3,0.1,0.5,111780,79284,68789.28293343654,1.1525632572259636,385,385,1.1537903919816017,550.9946899414062,3.261101484298706,
multi_join_sift_wiki_1,join,B3,0.1,0.5,178188,80108,85563.74674153415,1.0681048926640804,385,385,1.1569969356060028,647.1275634765625,3.1019976139068604,
multi_join_sift_wiki_1,join,B3,0.1,0.5,539857,80395,79094.0139979905,1.0164486025711446,385,385,1.15103367716074,592.7664184570312,2.945296287536621,
multi_join_sift_wiki_1,join,B3,0.1,0.5,781264,79178,101317.81140191699,1.2796207456858848,385,385,1.2970203533768654,595.5299072265625,2.770949125289917,
multi_join_sift_wiki_1,join,B3,0.1,0.5,771184,80530,68838.17455016484,1.16984508270647,385,385,1.5295334160327911,624.166015625,2.9144299030303955,
multi_join_sift_wiki_1,join,B3,0.1,0.5,140785,78729,81525.09880952381,1.0355154874255206,385,385,1.4999108389019966,561.651123046875,2.912421226501465,
multi_join_sift_wiki_1,join,B3,0.1,0.5,2505,78204,79316.57668067228,1.0142265955791556,385,385,1.6338527202606201,534.3326416015625,2.8755288124084473,
multi_join_sift_wiki_1,join,B3,0.1,0.5,526089,81044,85259.99843705598,1.0520211050423964,385,385,1.4528566971421242,621.566650390625,2.8621973991394043,
multi_join_sift_wiki_1,join,B3,0.1,0.5,608072,80085,72577.99210026879,1.1034336674588632,385,385,1.5039928257465363,635.7791137695312,3.1877126693725586,
multi_join_sift_wiki_1,join,B3,0.1,0.5,224837,79393,80964.97697036709,1.0197999442062535,385,385,1.4607617631554604,528.8726196289062,3.304277181625366,
multi_join_sift_wiki_1,join,B3,0.1,0.5,386133,80616,103981.27364561768,1.2898341972513854,385,385,1.50274857878685,607.3278198242188,3.026334762573242,
multi_join_sift_wiki_1,join,B3,0.1,0.5,487850,80903,75082.0658988958,1.077527623027083,385,385,1.3361210003495216,617.8816528320312,2.6472816467285156,
multi_join_sift_wiki_1,join,B3,0.1,0.5,340195,79138,91607.20930266846,1.1575628560573739,385,385,1.1557424440979958,543.041748046875,3.089376926422119,
multi_join_sift_wiki_1,join,B3,0.1,0.5,122774,78858,66866.8962184874,1.179327955380667,385,385,1.1531785130500793,537.18994140625,2.6376986503601074,
multi_join_sift_wiki_1,join,B3,0.1,0.5,690833,81470,85053.77088039259,1.0439888410506026,385,385,1.160881482064724,586.6276245117188,3.261147975921631,
multi_join_sift_wiki_1,join,B3,0.1,0.5,686759,79565,56231.47590667847,1.4149548578814783,385,385,1.1464208364486694,524.928955078125,3.326615810394287,
multi_join_sift_wiki_1,join,B3,0.1,0.5,154430,80169,95839.37687272849,1.1954667873208908,385,385,1.147126778960228,541.2323608398438,2.7680890560150146,
multi_join_sift_wiki_1,join,B3,0.1,0.5,630926,79254,55876.94367871405,1.4183667677978473,385,385,1.2922165915369987,549.67041015625,3.259998083114624,
multi_join_sift_wiki_1,join,B3,0.1,0.5,255248,81139,93386.87071628346,1.1509492440908005,385,385,1.3048257678747177,615.7006225585938,2.897630214691162,
multi_join_sift_wiki_1,join,B3,0.1,0.5,48107,80693,66630.67991854638,1.2110487255817337,385,385,1.2888163328170776,554.4667358398438,3.1095659732818604,
multi_join_sift_wiki_1,join,B3,0.1,0.5,717611,80499,72823.42654244308,1.1053997844098071,385,385,1.3121142983436584,567.838134765625,2.5639750957489014,
multi_join_sift_wiki_1,join,B3,0.1,0.5,559097,80815,80874.71679606626,1.0007389320802607,385,385,1.3490021228790283,602.9588623046875,3.201744794845581,
multi_join_sift_wiki_1,join,B3,0.1,0.5,527854,79727,87274.62780386068,1.0946684034751173,385,385,1.3380302116274834,647.0442504882812,2.9701809883117676,
multi_join_sift_wiki_1,join,B3,0.1,0.5,692258,81254,68342.2111904762,1.1889284614092661,385,385,1.3039270415902138,603.633056640625,3.59883189201355,
multi_join_sift_wiki_1,join,B3,0.1,0.5,344709,79123,58431.73193277312,1.354110127884496,385,385,1.1540614068508148,553.003173828125,2.836334466934204,
multi_join_sift_wiki_1,join,B3,0.1,0.5,414737,80944,74823.19246969193,1.0818036136694833,385,385,1.157180406153202,613.3159790039062,3.186657428741455,
multi_join_sift_wiki_1,join,B3,0.1,0.5,362610,80891,64487.44199295661,1.2543682537265939,385,385,1.1567911133170128,607.2364501953125,3.099379777908325,
multi_join_sift_wiki_1,join,B3,0.1,0.5,129857,80160,74879.48273440955,1.0705202155885605,385,385,1.1712117120623589,550.3565063476562,2.9371519088745117,
multi_join_sift_wiki_1,join,B3,0.1,0.5,210898,79490,82804.48910183068,1.041696931712551,385,385,1.1492827907204628,553.6181640625,2.6989400386810303,
multi_join_sift_wiki_1,join,B3,0.1,0.5,793779,79125,105506.89249309868,1.3334204422508522,385,385,1.1536981910467148,604.8754272460938,2.8342809677124023,
multi_join_sift_wiki_1,join,B3,0.1,0.5,634727,79618,81276.27288847118,1.0208278641572406,385,385,1.1602388694882393,601.57470703125,2.6199212074279785,
multi_join_sift_wiki_1,join,B3,0.1,0.5,351141,80632,72795.5348367028,1.1076503549410852,385,385,1.1459216475486755,618.2330322265625,2.959737777709961,
multi_join_sift_wiki_1,join,B3,0.1,0.5,611020,79657,87143.10787348807,1.0939792846013292,385,385,1.146908849477768,632.7335205078125,2.7526907920837402,
multi_join_sift_wiki_1,join,B3,0.3,0.1,145860,239711,245886.5366222301,1.0257624248458774,385,385,1.1630505323410034,601.2288818359375,3.1162526607513428,
multi_join_sift_wiki_1,join,B3,0.3,0.1,359095,239596,255755.74983684171,1.0674458247919067,385,385,7.427707314491272,693.1370849609375,2.8506760597229004,
multi_join_sift_wiki_1,join,B3,0.3,0.1,286093,240287,232968.17513336838,1.0314155564915326,385,385,1.411248929798603,654.4715576171875,2.8322665691375732,
multi_join_sift_wiki_1,join,B3,0.3,0.1,781121,238390,229556.12328002445,1.0384824268407753,385,385,1.1537419632077217,608.387939453125,2.9669148921966553,
multi_join_sift_wiki_1,join,B3,0.3,0.1,142780,240253,228958.13710373017,1.0493315635737928,385,385,1.1516464874148369,579.1044921875,3.127220392227173,
multi_join_sift_wiki_1,join,B3,0.3,0.1,428790,239912,241211.85939506162,1.0054180674374837,385,385,7.2109512984752655,597.7942504882812,2.7914769649505615,
multi_join_sift_wiki_1,join,B3,0.3,0.1,322723,240322,224608.04069555283,1.0699616952972169,385,385,1.3954779133200645,582.3590087890625,3.2379202842712402,
multi_join_sift_wiki_1,join,B3,0.3,0.1,588557,237251,240352.76353943787,1.0130737638173828,385,385,7.449016906321049,675.9060668945312,3.222794771194458,
multi_join_sift_wiki_1,join,B3,0.3,0.1,263638,238035,228919.32843632423,1.039820453895012,385,385,1.202213577926159,602.2055053710938,3.473875045776367,
multi_join_sift_wiki_1,join,B3,0.3,0.1,693614,240321,220294.65894028015,1.090907065818372,385,385,1.1802669614553452,657.7633056640625,2.864917039871216,
multi_join_sift_wiki_1,join,B3,0.3,0.1,546912,241231,249702.74267513942,1.0351187976468175,385,385,1.1759968474507332,668.2622680664062,3.3955962657928467,
multi_join_sift_wiki_1,join,B3,0.3,0.1,444449,238356,213767.51860277288,1.115024403884848,385,385,1.170906238257885,616.3165893554688,3.01845121383667,
multi_join_sift_wiki_1,join,B3,0.3,0.1,663176,238891,207653.78849783776,1.1504292877492457,385,385,1.1778725311160088,586.5355834960938,2.7545394897460938,
multi_join_sift_wiki_1,join,B3,0.3,0.1,763999,237841,228891.73425862717,1.0390982477823378,385,385,1.168898306787014,613.5013427734375,3.168591022491455,
multi_join_sift_wiki_1,join,B3,0.3,0.1,782168,237791,241966.29177164997,1.0175586618991046,385,385,1.1769989505410194,596.4614868164062,2.863349199295044,
multi_join_sift_wiki_1,join,B3,0.3,0.1,673362,238492,234808.4832177791,1.0156873241193953,385,385,1.1812122538685799,625.6572265625,3.1067605018615723,
multi_join_sift_wiki_1,join,B3,0.3,0.1,83904,238490,252957.48969160434,1.0606628776535885,385,385,7.107360288500786,597.96337890625,3.23327898979187,
multi_join_sift_wiki_1,join,B3,0.3,0.1,695261,240020,232403.93464740814,1.0327708107186162,385,385,1.180083490908146,608.4932250976562,2.9276514053344727,
multi_join_sift_wiki_1,join,B3,0.3,0.1,386245,241897,236646.0382355719,1.022189096439472,385,385,1.1774981394410133,649.6791381835938,3.1456527709960938,
multi_join_sift_wiki_1,join,B3,0.3,0.1,69504,241332,228950.3910862888,1.0540798766709454,385,385,1.1783735826611519,602.2214965820312,3.4792094230651855,
multi_join_sift_wiki_1,join,B3,0.3,0.1,681535,238950,220563.0444342474,1.083363718581759,385,385,1.1793645098805428,596.035400390625,3.5131537914276123,
multi_join_sift_wiki_1,join,B3,0.3,0.1,696279,240311,225078.27727020555,1.067677444996203,385,385,1.1595971882343292,597.126708984375,3.1599717140197754,
multi_join_sift_wiki_1,join,B3,0.3,0.1,340223,239705,239995.06126175946,1.0012100759757179,385,385,1.1549200862646103,641.99267578125,3.186086893081665,
multi_join_sift_wiki_1,join,B3,0.3,0.1,690943,239538,243034.33640266483,1.0145961659639173,385,385,1.1627431958913803,627.983642578125,3.3907504081726074,
multi_join_sift_wiki_1,join,B3,0.3,0.1,636616,238228,238933.7209872134,1.0029623763252573,385,385,1.1449074372649193,588.7864990234375,3.1242752075195312,
multi_join_sift_wiki_1,join,B3,0.3,0.1,48106,239059,230588.6782334887,1.0367334677114306,385,385,1.143626868724823,602.3505249023438,3.2600338459014893,
multi_join_sift_wiki_1,join,B3,0.3,0.1,352770,242603,269887.7736743072,1.1124667612284564,385,385,1.1502820998430252,560.6845703125,3.3219220638275146,
multi_join_sift_wiki_1,join,B3,0.3,0.1,536954,239448,240932.1748288667,1.0061983179181564,385,385,1.1498723179101944,664.8140869140625,3.3249423503875732,
multi_join_sift_wiki_1,join,B3,0.3,0.1,752067,238968,248957.22917410216,1.041801534825174,385,385,1.1516185477375984,597.2528686523438,2.98663592338562,
multi_join_sift_wiki_1,join,B3,0.3,0.1,602570,240638,234769.108790855,1.0249985666315806,385,385,1.1509684845805168,583.1934204101562,3.009899854660034,
multi_join_sift_wiki_1,join,B3,0.3,0.1,345404,239209,226624.26191095813,1.0555312921172866,385,385,1.1656787246465683,628.2376098632812,3.121225357055664,
multi_join_sift_wiki_1,join,B3,0.3,0.1,628777,238555,228376.10026187592,1.0445707748159814,385,385,1.1444026604294777,599.5511474609375,3.125771999359131,
multi_join_sift_wiki_1,join,B3,0.3,0.1,137071,240371,232965.86624552106,1.0317863465314474,385,385,1.143566332757473,620.26416015625,3.0246407985687256,
multi_join_sift_wiki_1,join,B3,0.3,0.1,296404,239190,245154.03550174457,1.0249343011904535,385,385,1.2090150266885757,602.2861328125,3.5045063495635986,
multi_join_sift_wiki_1,join,B3,0.3,0.1,703153,238462,255495.1108481402,1.0714290362747112,385,385,7.195841521024704,593.1397094726562,3.4914815425872803,
multi_join_sift_wiki_1,join,B3,0.3,0.1,438962,240050,233947.4072116406,1.0260853191796167,385,385,1.1571142822504044,650.5623168945312,2.8561418056488037,
multi_join_sift_wiki_1,join,B3,0.3,0.1,33248,238508,224754.69857330353,1.061192497927739,385,385,1.1596595868468285,594.0939331054688,2.670750141143799,
multi_join_sift_wiki_1,join,B3,0.3,0.1,779894,238732,236582.04377587725,1.0090875714395278,385,385,1.1515524238348007,647.0445556640625,2.8263583183288574,
multi_join_sift_wiki_1,join,B3,0.3,0.1,304120,239207,233097.0688218415,1.0262119605752245,385,385,1.1479370296001434,600.5407104492188,3.010188102722168,
multi_join_sift_wiki_1,join,B3,0.3,0.1,73745,237537,239225.20138247902,1.0071071091344885,385,385,1.156485639512539,573.4336547851562,2.8961117267608643,
multi_join_sift_wiki_1,join,B3,0.3,0.1,516733,238753,247572.02363226374,1.0369378547380084,385,385,1.1372203007340431,601.8523559570312,3.2464287281036377,
multi_join_sift_wiki_1,join,B3,0.3,0.1,181346,239254,260499.9501960838,1.0888008150170272,385,385,1.1441614478826523,615.4840087890625,3.5127456188201904,
multi_join_sift_wiki_1,join,B3,0.3,0.1,620747,239069,230867.27460112347,1.0355257167264045,385,385,1.818191260099411,607.3276977539062,3.2536380290985107,
multi_join_sift_wiki_1,join,B3,0.3,0.1,738510,237925,250342.1950852996,1.0521895348756944,385,385,1.1583976447582245,603.1759643554688,2.9687752723693848,
multi_join_sift_wiki_1,join,B3,0.3,0.1,111011,238263,203067.51034855895,1.1733191567229495,385,385,1.1411774903535843,672.0595092773438,3.0964415073394775,
multi_join_sift_wiki_1,join,B3,0.3,0.1,426052,240665,232636.7383168706,1.0345098617751176,385,385,1.1842744424939156,587.0173950195312,3.0850300788879395,
multi_join_sift_wiki_1,join,B3,0.3,0.1,724169,238981,230956.5556977963,1.0347443885191272,385,385,1.1417148634791374,598.1787719726562,3.0649054050445557,
multi_join_sift_wiki_1,join,B3,0.3,0.1,588630,239128,239610.54773191508,1.0020179474252915,385,385,1.1401642113924026,588.5240478515625,3.2115602493286133,
multi_join_sift_wiki_1,join,B3,0.3,0.1,790256,238794,245427.3967975459,1.027778741499141,385,385,1.1389516294002533,603.442138671875,2.92677640914917,
multi_join_sift_wiki_1,join,B3,0.3,0.1,201003,240332,278337.3519758101,1.1581368772190557,385,385,7.133502513170242,638.8582763671875,3.108808755874634,
multi_join_sift_wiki_1,join,B3,0.3,0.1,6443,238089,214472.68082031596,1.110113414395513,385,385,1.1401483789086342,604.9451293945312,3.1072123050689697,
multi_join_sift_wiki_1,join,B3,0.3,0.1,642763,240878,237294.48052233632,1.0151015711354752,385,385,1.1653946712613106,606.66259765625,3.0508289337158203,
multi_join_sift_wiki_1,join,B3,0.3,0.1,193392,240333,199349.70904035453,1.2055849048234586,385,385,1.1716056615114212,637.6175537109375,3.203829765319824,
multi_join_sift_wiki_1,join,B3,0.3,0.1,203755,239131,216117.06309809585,1.1064882919099177,385,385,1.1416543275117874,578.7042846679688,3.1911702156066895,
multi_join_sift_wiki_1,join,B3,0.3,0.1,94462,238478,225255.23356944148,1.0587012617688292,385,385,1.1502895504236221,588.868896484375,3.1797454357147217,
multi_join_sift_wiki_1,join,B3,0.3,0.1,590890,241818,245228.3213489713,1.0141028432497634,385,385,1.1419327929615974,670.7697143554688,3.2003183364868164,
multi_join_sift_wiki_1,join,B3,0.3,0.1,783383,239570,253710.18856104987,1.0590232022417243,385,385,1.1397730559110641,595.843994140625,3.1497702598571777,
multi_join_sift_wiki_1,join,B3,0.3,0.1,737605,239073,247607.14164050372,1.0356968024013742,385,385,1.1501871049404144,573.8529052734375,3.21191143989563,
multi_join_sift_wiki_1,join,B3,0.3,0.1,516560,240508,251107.22129079088,1.0440701402481036,385,385,1.1485004797577858,644.7122802734375,3.3689675331115723,
multi_join_sift_wiki_1,join,B3,0.3,0.1,137642,241504,237141.08790167022,1.0183979593622292,385,385,1.129981130361557,657.289306640625,3.1390323638916016,
multi_join_sift_wiki_1,join,B3,0.3,0.1,37803,239425,241237.08339298802,1.0075684802881404,385,385,1.1279648169875145,636.6652221679688,3.166006565093994,
multi_join_sift_wiki_1,join,B3,0.3,0.1,254800,240064,251725.058169064,1.0485747890940083,385,385,1.1380771175026894,663.0349731445312,3.1417458057403564,
multi_join_sift_wiki_1,join,B3,0.3,0.1,605930,240968,257623.6346790997,1.0691196950595088,385,385,1.1280179023742676,640.2986450195312,2.994133234024048,
multi_join_sift_wiki_1,join,B3,0.3,0.1,209329,238540,235795.58292050997,1.01163896730167,385,385,1.1293981224298477,603.0780029296875,3.0829358100891113,
multi_join_sift_wiki_1,join,B3,0.3,0.1,766585,240016,220571.9327600224,1.0881529530828038,385,385,1.1299988254904747,660.6202392578125,3.306943655014038,
multi_join_sift_wiki_1,join,B3,0.3,0.1,488782,237638,238880.6474800973,1.0052291614981497,385,385,7.110033184289932,589.819580078125,3.3307135105133057,
multi_join_sift_wiki_1,join,B3,0.3,0.1,374559,238607,227094.8997712205,1.0506929052144147,385,385,1.1377083137631416,595.7193603515625,3.3245937824249268,
multi_join_sift_wiki_1,join,B3,0.3,0.1,111780,238165,232911.4459345668,1.022556014988242,385,385,1.1373255401849747,600.0362548828125,3.373533010482788,
multi_join_sift_wiki_1,join,B3,0.3,0.1,178188,238600,228612.80786739866,1.0436860569001636,385,385,1.1559175327420235,680.0473022460938,3.3087639808654785,
multi_join_sift_wiki_1,join,B3,0.3,0.1,539857,237092,222562.39515876758,1.0652832875511946,385,385,1.1412063613533974,613.7061157226562,3.136941432952881,
multi_join_sift_wiki_1,join,B3,0.3,0.1,781264,239520,236444.05599775762,1.0130091830359718,385,385,1.1491905897855759,628.5965576171875,2.9334139823913574,
multi_join_sift_wiki_1,join,B3,0.3,0.1,771184,241652,251838.37625178674,1.0421530806771173,385,385,1.139231026172638,647.7474365234375,3.119675874710083,
multi_join_sift_wiki_1,join,B3,0.3,0.1,140785,237945,245583.3291416414,1.0321012382762462,385,385,1.1273259297013283,606.3412475585938,3.075209140777588,
multi_join_sift_wiki_1,join,B3,0.3,0.1,2505,240447,246186.76796682674,1.023871239677878,385,385,1.1511147022247314,587.2365112304688,3.1343371868133545,
multi_join_sift_wiki_1,join,B3,0.3,0.1,526089,241563,251478.5661424127,1.0410475368430292,385,385,1.1324025690555573,651.7289428710938,3.0387539863586426,
multi_join_sift_wiki_1,join,B3,0.3,0.1,608072,239634,220310.6166283836,1.0877097239676414,385,385,1.1269161477684975,670.3943481445312,3.3516080379486084,
multi_join_sift_wiki_1,join,B3,0.3,0.1,224837,238738,253283.8738415892,1.0609281883972774,385,385,1.1297138407826424,580.5911865234375,3.4280149936676025,
multi_join_sift_wiki_1,join,B3,0.3,0.1,386133,240422,249321.2375628596,1.0370150716775486,385,385,1.146683469414711,633.7213134765625,3.221763849258423,
multi_join_sift_wiki_1,join,B3,0.3,0.1,487850,240311,230470.02306878666,1.0426995962432657,385,385,1.1340100318193436,644.37255859375,2.8483076095581055,
multi_join_sift_wiki_1,join,B3,0.3,0.1,340195,238803,216527.18776205758,1.102877668472845,385,385,1.1299466714262962,591.8164672851562,3.2380805015563965,
multi_join_sift_wiki_1,join,B3,0.3,0.1,122774,237850,219272.2127830606,1.084724767361743,385,385,1.1324603110551834,591.92529296875,2.8582229614257812,
multi_join_sift_wiki_1,join,B3,0.3,0.1,690833,239358,268046.8151041072,1.1198573480063636,385,385,1.1284556239843369,619.29150390625,3.3686435222625732,
multi_join_sift_wiki_1,join,B3,0.3,0.1,686759,238761,235393.86961285892,1.0143042399221307,385,385,1.1298656463623047,587.2389526367188,3.4815328121185303,
multi_join_sift_wiki_1,join,B3,0.3,0.1,154430,238446,208512.39795150707,1.1435579003578218,385,385,1.137901097536087,590.7051391601562,2.9615893363952637,
multi_join_sift_wiki_1,join,B3,0.3,0.1,630926,239870,252722.35062374605,1.0535804836942764,385,385,7.275549694895744,595.6978149414062,3.386004686355591,
multi_join_sift_wiki_1,join,B3,0.3,0.1,255248,241341,228945.6954822478,1.0541408061489992,385,385,1.1659739539027214,643.5077514648438,3.1301348209381104,
multi_join_sift_wiki_1,join,B3,0.3,0.1,48107,240522,209863.24974308105,1.1460891809044795,385,385,1.2024445459246635,602.0345458984375,3.2600338459014893,
multi_join_sift_wiki_1,join,B3,0.3,0.1,717611,240374,243158.64967445788,1.0115846542240754,385,385,1.1522583663463593,611.8988037109375,2.774536371231079,
multi_join_sift_wiki_1,join,B3,0.3,0.1,559097,241097,240693.35200602747,1.001677021781484,385,385,1.1529149487614632,623.7491455078125,3.3397130966186523,
multi_join_sift_wiki_1,join,B3,0.3,0.1,527854,239778,260019.2328381375,1.0844165554727185,385,385,1.1586938053369522,667.1278686523438,3.1289029121398926,
multi_join_sift_wiki_1,join,B3,0.3,0.1,692258,241509,234537.43886561567,1.0297247261166644,385,385,1.1744117364287376,631.0960083007812,3.7014622688293457,
multi_join_sift_wiki_1,join,B3,0.3,0.1,344709,239102,208197.06907056645,1.1484407588800332,385,385,1.1500092223286629,602.4481201171875,3.0800623893737793,
multi_join_sift_wiki_1,join,B3,0.3,0.1,414737,240234,228282.20744676053,1.0523553398528742,385,385,1.1501796543598175,649.0648803710938,3.3149447441101074,
multi_join_sift_wiki_1,join,B3,0.3,0.1,362610,241914,234848.78561509805,1.0300841001429804,385,385,1.182161271572113,636.832275390625,3.2579312324523926,
multi_join_sift_wiki_1,join,B3,0.3,0.1,129857,239098,209651.5583748908,1.1404541986396983,385,385,7.246024906635284,601.5792236328125,3.086696147918701,
multi_join_sift_wiki_1,join,B3,0.3,0.1,210898,239577,219810.15743713506,1.089926884150102,385,385,1.1511743068695068,596.4317016601562,2.8536884784698486,
multi_join_sift_wiki_1,join,B3,0.3,0.1,793779,241025,248853.510946158,1.0324800786066093,385,385,1.1462941765785217,635.5154418945312,2.997621774673462,
multi_join_sift_wiki_1,join,B3,0.3,0.1,634727,240471,239241.4694827809,1.0051392867627724,385,385,1.164817251265049,622.5588989257812,2.794663429260254,
multi_join_sift_wiki_1,join,B3,0.3,0.1,351141,242291,243130.76945474301,1.0034659539757689,385,385,1.1424003168940544,638.579833984375,3.0803444385528564,
multi_join_sift_wiki_1,join,B3,0.3,0.1,611020,240937,247641.8743230091,1.027828329907856,385,385,1.151801086962223,654.4783325195312,2.904170274734497,
multi_join_sift_wiki_1,join,B3,0.3,0.2,145860,239711,234860.1232335528,1.0206543226651692,385,385,1.1759595945477486,601.2288818359375,3.1162526607513428,
multi_join_sift_wiki_1,join,B3,0.3,0.2,359095,239596,228545.47247216507,1.04835154863626,385,385,1.141437329351902,693.1370849609375,2.8506760597229004,
multi_join_sift_wiki_1,join,B3,0.3,0.2,286093,240287,234790.01003701714,1.0234123673409963,385,385,1.1431565508246422,654.4715576171875,2.8322665691375732,
multi_join_sift_wiki_1,join,B3,0.3,0.2,781121,238390,241422.64182273136,1.0127213466283458,385,385,1.1401847004890442,608.387939453125,2.9669148921966553,
multi_join_sift_wiki_1,join,B3,0.3,0.2,142780,240253,237054.34853997742,1.0134933253902454,385,385,7.206135429441929,579.1044921875,3.127220392227173,
multi_join_sift_wiki_1,join,B3,0.3,0.2,428790,239912,245530.4574046476,1.023418826088931,385,385,1.147485338151455,597.7942504882812,2.7914769649505615,
multi_join_sift_wiki_1,join,B3,0.3,0.2,322723,240322,249740.71414762936,1.0391920596018231,385,385,1.2123752385377884,582.3590087890625,3.2379202842712402,
multi_join_sift_wiki_1,join,B3,0.3,0.2,588557,237251,248394.8530623607,1.046970731682314,385,385,1.164739951491356,675.9060668945312,3.222794771194458,
multi_join_sift_wiki_1,join,B3,0.3,0.2,263638,238035,218645.01199835693,1.0886825078899527,385,385,1.1485973373055458,602.2055053710938,3.473875045776367,
multi_join_sift_wiki_1,join,B3,0.3,0.2,693614,240321,230639.65936443835,1.0419760446327402,385,385,1.1794110760092735,657.7633056640625,2.864917039871216,
multi_join_sift_wiki_1,join,B3,0.3,0.2,546912,241231,254127.5888433199,1.0534615735262878,385,385,1.1798739433288574,668.2622680664062,3.3955962657928467,
multi_join_sift_wiki_1,join,B3,0.3,0.2,444449,238356,261611.6668151303,1.0975669453050492,385,385,1.1821510270237923,616.3165893554688,3.01845121383667,
multi_join_sift_wiki_1,join,B3,0.3,0.2,663176,238891,247467.66603186892,1.0359020056505641,385,385,1.194898970425129,586.5355834960938,2.7545394897460938,
multi_join_sift_wiki_1,join,B3,0.3,0.2,763999,237841,251754.04589498046,1.0584972561290125,385,385,1.1788951233029366,613.5013427734375,3.168591022491455,
multi_join_sift_wiki_1,join,B3,0.3,0.2,782168,237791,237382.185503128,1.0017221785030141,385,385,1.1867769062519073,596.4614868164062,2.863349199295044,
multi_join_sift_wiki_1,join,B3,0.3,0.2,673362,238492,214158.14539030334,1.1136256319615965,385,385,1.1620474979281425,625.6572265625,3.1067605018615723,
multi_join_sift_wiki_1,join,B3,0.3,0.2,83904,238490,263736.930523645,1.1058615896836137,385,385,1.1660493910312653,597.96337890625,3.23327898979187,
multi_join_sift_wiki_1,join,B3,0.3,0.2,695261,240020,209902.35382310743,1.1434840802322486,385,385,1.1528581380844116,608.4932250976562,2.9276514053344727,
multi_join_sift_wiki_1,join,B3,0.3,0.2,386245,241897,267613.1827947693,1.106310466003172,385,385,1.1555198580026627,649.6791381835938,3.1456527709960938,
multi_join_sift_wiki_1,join,B3,0.3,0.2,69504,241332,237505.6331090514,1.0161106363704295,385,385,1.1724475771188736,602.2214965820312,3.4792094230651855,
multi_join_sift_wiki_1,join,B3,0.3,0.2,681535,238950,232650.21609262394,1.0270783496924325,385,385,1.1848453432321548,596.035400390625,3.5131537914276123,
multi_join_sift_wiki_1,join,B3,0.3,0.2,696279,240311,246095.90828330952,1.0240725904486665,385,385,1.1825356632471085,597.126708984375,3.1599717140197754,
multi_join_sift_wiki_1,join,B3,0.3,0.2,340223,239705,237594.1997211753,1.0088840564344659,385,385,1.1847736313939095,641.99267578125,3.186086893081665,
multi_join_sift_wiki_1,join,B3,0.3,0.2,690943,239538,224308.9986662949,1.067892957590887,385,385,1.17436982691288,627.983642578125,3.3907504081726074,
multi_join_sift_wiki_1,join,B3,0.3,0.2,636616,238228,235069.0112919875,1.013438558705165,385,385,1.1739861220121384,588.7864990234375,3.1242752075195312,
multi_join_sift_wiki_1,join,B3,0.3,0.2,48106,239059,235006.4373565414,1.0172444750409548,385,385,1.1799735948443413,602.3505249023438,3.2600338459014893,
multi_join_sift_wiki_1,join,B3,0.3,0.2,352770,242603,242833.16838417973,1.000948745003894,385,385,1.1760983616113663,560.6845703125,3.3219220638275146,
multi_join_sift_wiki_1,join,B3,0.3,0.2,536954,239448,243626.81741796946,1.0174518785622326,385,385,1.1577671393752098,664.8140869140625,3.3249423503875732,
multi_join_sift_wiki_1,join,B3,0.3,0.2,752067,238968,253299.8583024697,1.0599739643068098,385,385,1.1365795508027077,597.2528686523438,2.98663592338562,
multi_join_sift_wiki_1,join,B3,0.3,0.2,602570,240638,216085.81557822519,1.1136223789427153,385,385,1.1530695483088493,583.1934204101562,3.009899854660034,
multi_join_sift_wiki_1,join,B3,0.3,0.2,345404,239209,222692.13481143716,1.0741690549715568,385,385,1.14410649985075,628.2376098632812,3.121225357055664,
multi_join_sift_wiki_1,join,B3,0.3,0.2,628777,238555,240916.063565195,1.0098973551809647,385,385,1.2149438261985779,599.5511474609375,3.125771999359131,
multi_join_sift_wiki_1,join,B3,0.3,0.2,137071,240371,224665.91052923765,1.0699041943380125,385,385,1.231098547577858,620.26416015625,3.0246407985687256,
multi_join_sift_wiki_1,join,B3,0.3,0.2,296404,239190,259681.04251490295,1.0856684749149335,385,385,1.234542578458786,602.2861328125,3.5045063495635986,
multi_join_sift_wiki_1,join,B3,0.3,0.2,703153,238462,253546.1427716083,1.063255960159725,385,385,1.25929806381464,593.1397094726562,3.4914815425872803,
multi_join_sift_wiki_1,join,B3,0.3,0.2,438962,240050,231790.65226594298,1.035632790422371,385,385,1.1895038187503815,650.5623168945312,2.8561418056488037,
multi_join_sift_wiki_1,join,B3,0.3,0.2,33248,238508,239565.11257322232,1.0044321891643984,385,385,1.1904770508408546,594.0939331054688,2.670750141143799,
multi_join_sift_wiki_1,join,B3,0.3,0.2,779894,238732,255506.87183792287,1.0702665408823404,385,385,1.148071140050888,647.0445556640625,2.8263583183288574,
multi_join_sift_wiki_1,join,B3,0.3,0.2,304120,239207,253672.19229649147,1.060471442292623,385,385,1.1473698541522026,600.5407104492188,3.010188102722168,
multi_join_sift_wiki_1,join,B3,0.3,0.2,73745,237537,214140.7318372872,1.1092565060461745,385,385,1.1593988165259361,573.4336547851562,2.8961117267608643,
multi_join_sift_wiki_1,join,B3,0.3,0.2,516733,238753,256286.1052856032,1.0734361674433543,385,385,1.1411886662244797,601.8523559570312,3.2464287281036377,
multi_join_sift_wiki_1,join,B3,0.3,0.2,181346,239254,249924.15510210418,1.0445976038106122,385,385,1.1511826887726784,615.4840087890625,3.5127456188201904,
multi_join_sift_wiki_1,join,B3,0.3,0.2,620747,239069,226402.6892915206,1.055945937515654,385,385,1.1521587148308754,607.3276977539062,3.2536380290985107,
multi_join_sift_wiki_1,join,B3,0.3,0.2,738510,237925,218858.65919726322,1.0871171415957173,385,385,1.1539068073034286,603.1759643554688,2.9687752723693848,
multi_join_sift_wiki_1,join,B3,0.3,0.2,111011,238263,250827.08900567703,1.0527320188433664,385,385,1.1408235877752304,672.0595092773438,3.0964415073394775,
multi_join_sift_wiki_1,join,B3,0.3,0.2,426052,240665,234509.11344156967,1.0262500952226923,385,385,1.1442406103014946,587.0173950195312,3.0850300788879395,
multi_join_sift_wiki_1,join,B3,0.3,0.2,724169,238981,214135.7138814588,1.1160258868929032,385,385,7.195907644927502,598.1787719726562,3.0649054050445557,
multi_join_sift_wiki_1,join,B3,0.3,0.2,588630,239128,247316.99525992625,1.0342452379475688,385,385,1.1571729555726051,588.5240478515625,3.2115602493286133,
multi_join_sift_wiki_1,join,B3,0.3,0.2,790256,238794,220426.70278936363,1.0833260987811804,385,385,1.1555096134543419,603.442138671875,2.92677640914917,
multi_join_sift_wiki_1,join,B3,0.3,0.2,201003,240332,251423.19633984254,1.0461494779714833,385,385,1.1475244536995888,638.8582763671875,3.108808755874634,
multi_join_sift_wiki_1,join,B3,0.3,0.2,6443,238089,222844.28883446363,1.0684097009856988,385,385,1.1535976082086563,604.9451293945312,3.1072123050689697,
multi_join_sift_wiki_1,join,B3,0.3,0.2,642763,240878,279053.0413296562,1.1584828889714138,385,385,1.1568516492843628,606.66259765625,3.0508289337158203,
multi_join_sift_wiki_1,join,B3,0.3,0.2,193392,240333,228713.59889465244,1.0508032804411405,385,385,1.1455146595835686,637.6175537109375,3.203829765319824,
multi_join_sift_wiki_1,join,B3,0.3,0.2,203755,239131,238816.82335842808,1.0013155548974888,385,385,1.1506984010338783,578.7042846679688,3.1911702156066895,
multi_join_sift_wiki_1,join,B3,0.3,0.2,94462,238478,228714.24713373912,1.0426897449049233,385,385,1.1421749368309975,588.868896484375,3.1797454357147217,
multi_join_sift_wiki_1,join,B3,0.3,0.2,590890,241818,264329.9638989097,1.0930946575478653,385,385,1.145666465163231,670.7697143554688,3.2003183364868164,
multi_join_sift_wiki_1,join,B3,0.3,0.2,783383,239570,230618.04357305777,1.0388172420867248,385,385,1.1312616989016533,595.843994140625,3.1497702598571777,
multi_join_sift_wiki_1,join,B3,0.3,0.2,737605,239073,246829.02895873532,1.032442094919691,385,385,1.1881878599524498,573.8529052734375,3.21191143989563,
multi_join_sift_wiki_1,join,B3,0.3,0.2,516560,240508,241101.2937927887,1.0024668360004187,385,385,1.1868597939610481,644.7122802734375,3.3689675331115723,
multi_join_sift_wiki_1,join,B3,0.3,0.2,137642,241504,249526.39334592345,1.0332184698635363,385,385,1.1700624600052834,657.289306640625,3.1390323638916016,
multi_join_sift_wiki_1,join,B3,0.3,0.2,37803,239425,230792.29155524154,1.0374046654096858,385,385,1.161321997642517,636.6652221679688,3.166006565093994,
multi_join_sift_wiki_1,join,B3,0.3,0.2,254800,240064,220560.13308515854,1.0884287955489718,385,385,1.1634444817900658,663.0349731445312,3.1417458057403564,
multi_join_sift_wiki_1,join,B3,0.3,0.2,605930,240968,236753.08162259337,1.0178030137919203,385,385,1.1682044714689255,640.2986450195312,2.994133234024048,
multi_join_sift_wiki_1,join,B3,0.3,0.2,209329,238540,254274.9014989787,1.065963366726665,385,385,1.1314228177070618,603.0780029296875,3.0829358100891113,
multi_join_sift_wiki_1,join,B3,0.3,0.2,766585,240016,241629.99128845133,1.0067245154008537,385,385,1.1294558644294739,660.6202392578125,3.306943655014038,
multi_join_sift_wiki_1,join,B3,0.3,0.2,488782,237638,220056.26740786323,1.0798965319154028,385,385,1.1520041152834892,589.819580078125,3.3307135105133057,
multi_join_sift_wiki_1,join,B3,0.3,0.2,374559,238607,237182.40561693022,1.006006324033034,385,385,1.1328663676977158,595.7193603515625,3.3245937824249268,
multi_join_sift_wiki_1,join,B3,0.3,0.2,111780,238165,229046.25395016745,1.0398118104643461,385,385,1.136871986091137,600.0362548828125,3.373533010482788,
multi_join_sift_wiki_1,join,B3,0.3,0.2,178188,238600,230750.7752363432,1.0340160277061576,385,385,1.1592470109462738,680.0473022460938,3.3087639808654785,
multi_join_sift_wiki_1,join,B3,0.3,0.2,539857,237092,241199.10233136656,1.0173228212312797,385,385,1.1508110910654068,613.7061157226562,3.136941432952881,
multi_join_sift_wiki_1,join,B3,0.3,0.2,781264,239520,230207.81307559717,1.040451220138844,385,385,1.1427877470850945,628.5965576171875,2.9334139823913574,
multi_join_sift_wiki_1,join,B3,0.3,0.2,771184,241652,205114.71508830687,1.1781309785402911,385,385,1.1377418413758278,647.7474365234375,3.119675874710083,
multi_join_sift_wiki_1,join,B3,0.3,0.2,140785,237945,215965.93992521265,1.1017709555608561,385,385,7.210227660834789,606.3412475585938,3.075209140777588,
multi_join_sift_wiki_1,join,B3,0.3,0.2,2505,240447,238064.39538319374,1.0100082358513593,385,385,1.1588707566261292,587.2365112304688,3.1343371868133545,
multi_join_sift_wiki_1,join,B3,0.3,0.2,526089,241563,236877.1953982516,1.0197815775126446,385,385,1.149035058915615,651.7289428710938,3.0387539863586426,
multi_join_sift_wiki_1,join,B3,0.3,0.2,608072,239634,236899.31385696767,1.0115436642618705,385,385,1.1354070156812668,670.3943481445312,3.3516080379486084,
multi_join_sift_wiki_1,join,B3,0.3,0.2,224837,238738,199331.11253946886,1.197695617901738,385,385,1.1380072683095932,580.5911865234375,3.4280149936676025,
multi_join_sift_wiki_1,join,B3,0.3,0.2,386133,240422,229231.1657211603,1.0488189912729946,385,385,1.1565573513507843,633.7213134765625,3.221763849258423,
multi_join_sift_wiki_1,join,B3,0.3,0.2,487850,240311,214114.1058468368,1.1223501555376398,385,385,1.1437395587563515,644.37255859375,2.8483076095581055,
multi_join_sift_wiki_1,join,B3,0.3,0.2,340195,238803,250028.77983092857,1.0470085377107012,385,385,1.1473847553133965,591.8164672851562,3.2380805015563965,
multi_join_sift_wiki_1,join,B3,0.3,0.2,122774,237850,258460.48269801744,1.08665328021029,385,385,1.141538843512535,591.92529296875,2.8582229614257812,
multi_join_sift_wiki_1,join,B3,0.3,0.2,690833,239358,251677.16577806944,1.0514675330595569,385,385,1.1709127575159073,619.29150390625,3.3686435222625732,
multi_join_sift_wiki_1,join,B3,0.3,0.2,686759,238761,218726.75178565554,1.0915948691725523,385,385,1.141727901995182,587.2389526367188,3.4815328121185303,
multi_join_sift_wiki_1,join,B3,0.3,0.2,154430,238446,214515.98512267458,1.1115535276480242,385,385,1.1419272050261497,590.7051391601562,2.9615893363952637,
multi_join_sift_wiki_1,join,B3,0.3,0.2,630926,239870,236352.8771776949,1.0148808123865607,385,385,1.1528441682457924,595.6978149414062,3.386004686355591,
multi_join_sift_wiki_1,join,B3,0.3,0.2,255248,241341,226849.42563627742,1.0638819089934919,385,385,1.1904537677764893,643.5077514648438,3.1301348209381104,
multi_join_sift_wiki_1,join,B3,0.3,0.2,48107,240522,235009.47040533452,1.0234566274506203,385,385,1.171671785414219,602.0345458984375,3.2600338459014893,
multi_join_sift_wiki_1,join,B3,0.3,0.2,717611,240374,261525.87571351122,1.0879956888578266,385,385,1.1812010779976845,611.8988037109375,2.774536371231079,
multi_join_sift_wiki_1,join,B3,0.3,0.2,559097,241097,249436.4671831914,1.0345896762846132,385,385,1.176108606159687,623.7491455078125,3.3397130966186523,
multi_join_sift_wiki_1,join,B3,0.3,0.2,527854,239778,220431.84460425895,1.087764793832185,385,385,1.171724870800972,667.1278686523438,3.1289029121398926,
multi_join_sift_wiki_1,join,B3,0.3,0.2,692258,241509,236642.8262084452,1.0205633691480192,385,385,1.1668847873806953,631.0960083007812,3.7014622688293457,
multi_join_sift_wiki_1,join,B3,0.3,0.2,344709,239102,221110.19317257873,1.081370318433843,385,385,1.14545039832592,602.4481201171875,3.0800623893737793,
multi_join_sift_wiki_1,join,B3,0.3,0.2,414737,240234,253404.8638189357,1.054825144729454,385,385,1.1291205883026123,649.0648803710938,3.3149447441101074,
multi_join_sift_wiki_1,join,B3,0.3,0.2,362610,241914,243148.44736401425,1.0051028355697242,385,385,1.135001890361309,636.832275390625,3.2579312324523926,
multi_join_sift_wiki_1,join,B3,0.3,0.2,129857,239098,236713.180595361,1.0100747216468509,385,385,1.1907583102583885,601.5792236328125,3.086696147918701,
multi_join_sift_wiki_1,join,B3,0.3,0.2,210898,239577,226595.62400754658,1.0572887320719886,385,385,1.1416450142860413,596.4317016601562,2.8536884784698486,
multi_join_sift_wiki_1,join,B3,0.3,0.2,793779,241025,232378.50613063455,1.0372086644902723,385,385,7.1819014847278595,635.5154418945312,2.997621774673462,
multi_join_sift_wiki_1,join,B3,0.3,0.2,634727,240471,224817.9621611681,1.069625387973273,385,385,1.1836495250463486,622.5588989257812,2.794663429260254,
multi_join_sift_wiki_1,join,B3,0.3,0.2,351141,242291,238586.0584120307,1.0155287430146944,385,385,1.2022899463772774,638.579833984375,3.0803444385528564,
multi_join_sift_wiki_1,join,B3,0.3,0.2,611020,240937,249010.98433728717,1.0335107697750332,385,385,1.1901846155524254,654.4783325195312,2.904170274734497,
multi_join_sift_wiki_1,join,B3,0.3,0.3,145860,239711,260238.81969440333,1.0856357017174987,385,385,1.1821277439594269,601.2288818359375,3.1162526607513428,
multi_join_sift_wiki_1,join,B3,0.3,0.3,359095,239596,245519.2661590517,1.024721890845639,385,385,1.1516818776726723,693.1370849609375,2.8506760597229004,
multi_join_sift_wiki_1,join,B3,0.3,0.3,286093,240287,216434.4202613792,1.110206961119285,385,385,1.1495770886540413,654.4715576171875,2.8322665691375732,
multi_join_sift_wiki_1,join,B3,0.3,0.3,781121,238390,261875.66326199667,1.0985178206384356,385,385,1.1571524664759636,608.387939453125,2.9669148921966553,
multi_join_sift_wiki_1,join,B3,0.3,0.3,142780,240253,235281.4467683328,1.0211302391240495,385,385,1.1409930884838104,579.1044921875,3.127220392227173,
multi_join_sift_wiki_1,join,B3,0.3,0.3,428790,239912,216447.83905469667,1.1084056142476613,385,385,1.1474965140223503,597.7942504882812,2.7914769649505615,
multi_join_sift_wiki_1,join,B3,0.3,0.3,322723,240322,225389.6660586836,1.0662511915583057,385,385,1.1961506679654121,582.3590087890625,3.2379202842712402,
multi_join_sift_wiki_1,join,B3,0.3,0.3,588557,237251,236039.49511343898,1.0051326363241828,385,385,1.1754035949707031,675.9060668945312,3.222794771194458,
multi_join_sift_wiki_1,join,B3,0.3,0.3,263638,238035,253961.5384863961,1.0669083894653983,385,385,1.1737868189811707,602.2055053710938,3.473875045776367,
multi_join_sift_wiki_1,join,B3,0.3,0.3,693614,240321,228990.51950716518,1.0494801292089313,385,385,1.1750906705856323,657.7633056640625,2.864917039871216,
multi_join_sift_wiki_1,join,B3,0.3,0.3,546912,241231,258261.9961851346,1.0706003630757845,385,385,7.163450121879578,668.2622680664062,3.3955962657928467,
multi_join_sift_wiki_1,join,B3,0.3,0.3,444449,238356,243267.96260312977,1.0206076734092273,385,385,1.170518808066845,616.3165893554688,3.01845121383667,
multi_join_sift_wiki_1,join,B3,0.3,0.3,663176,238891,245490.05485407898,1.027623706435483,385,385,1.1903559789061546,586.5355834960938,2.7545394897460938,
multi_join_sift_wiki_1,join,B3,0.3,0.3,763999,237841,220600.85920954347,1.0781508324683384,385,385,1.1746296659111977,613.5013427734375,3.168591022491455,
multi_join_sift_wiki_1,join,B3,0.3,0.3,782168,237791,239745.84179631196,1.0082208401340336,385,385,1.1689625680446625,596.4614868164062,2.863349199295044,
multi_join_sift_wiki_1,join,B3,0.3,0.3,673362,238492,232922.80193853666,1.0239100595352315,385,385,1.1913608759641647,625.6572265625,3.1067605018615723,
multi_join_sift_wiki_1,join,B3,0.3,0.3,83904,238490,215994.21434859,1.1041499454939305,385,385,1.189516857266426,597.96337890625,3.23327898979187,
multi_join_sift_wiki_1,join,B3,0.3,0.3,695261,240020,222679.890416429,1.0778701190805493,385,385,7.123313844203949,608.4932250976562,2.9276514053344727,
multi_join_sift_wiki_1,join,B3,0.3,0.3,386245,241897,211951.7415382553,1.141283380095935,385,385,1.1901836842298508,649.6791381835938,3.1456527709960938,
multi_join_sift_wiki_1,join,B3,0.3,0.3,69504,241332,222445.857352407,1.0849021998987953,385,385,1.3838838785886765,602.2214965820312,3.4792094230651855,
multi_join_sift_wiki_1,join,B3,0.3,0.3,681535,238950,247287.56373630158,1.0348925036045264,385,385,2.4112025275826454,596.035400390625,3.5131537914276123,
multi_join_sift_wiki_1,join,B3,0.3,0.3,696279,240311,246056.80979361234,1.0239098909064186,385,385,1.498582772910595,597.126708984375,3.1599717140197754,
multi_join_sift_wiki_1,join,B3,0.3,0.3,340223,239705,246064.74001861,1.0265315284145513,385,385,7.557041011750698,641.99267578125,3.186086893081665,
multi_join_sift_wiki_1,join,B3,0.3,0.3,690943,239538,235099.11175047597,1.01888092309866,385,385,1.4854483306407928,627.983642578125,3.3907504081726074,
multi_join_sift_wiki_1,join,B3,0.3,0.3,636616,238228,230775.1271899752,1.0322949570032716,385,385,1.4650486409664154,588.7864990234375,3.1242752075195312,
multi_join_sift_wiki_1,join,B3,0.3,0.3,48106,239059,234479.80184886235,1.0195291795499266,385,385,1.428486779332161,602.3505249023438,3.2600338459014893,
multi_join_sift_wiki_1,join,B3,0.3,0.3,352770,242603,218028.08836009458,1.1127144297083298,385,385,7.52757303416729,560.6845703125,3.3219220638275146,
multi_join_sift_wiki_1,join,B3,0.3,0.3,536954,239448,228968.69818898267,1.045767399185578,385,385,1.4745686203241348,664.8140869140625,3.3249423503875732,
multi_join_sift_wiki_1,join,B3,0.3,0.3,752067,238968,249262.74431959592,1.043080012050132,385,385,1.4506597071886063,597.2528686523438,2.98663592338562,
multi_join_sift_wiki_1,join,B3,0.3,0.3,602570,240638,222312.60494818675,1.082430751311129,385,385,1.531790941953659,583.1934204101562,3.009899854660034,
multi_join_sift_wiki_1,join,B3,0.3,0.3,345404,239209,224831.32176788943,1.06394873329506,385,385,1.4793230220675468,628.2376098632812,3.121225357055664,
multi_join_sift_wiki_1,join,B3,0.3,0.3,628777,238555,253113.95547195466,1.0610297645069466,385,385,1.496010459959507,599.5511474609375,3.125771999359131,
multi_join_sift_wiki_1,join,B3,0.3,0.3,137071,240371,249634.49595173995,1.0385383259700212,385,385,1.3995859771966934,620.26416015625,3.0246407985687256,
multi_join_sift_wiki_1,join,B3,0.3,0.3,296404,239190,237126.7852657112,1.0087008927817955,385,385,1.1516967788338661,602.2861328125,3.5045063495635986,
multi_join_sift_wiki_1,join,B3,0.3,0.3,703153,238462,234446.82062536993,1.017126183941927,385,385,1.1478224769234657,593.1397094726562,3.4914815425872803,
multi_join_sift_wiki_1,join,B3,0.3,0.3,438962,240050,244562.4205643585,1.0187978361356322,385,385,1.137150451540947,650.5623168945312,2.8561418056488037,
multi_join_sift_wiki_1,join,B3,0.3,0.3,33248,238508,260268.96646951456,1.0912378891673007,385,385,1.1697830632328987,594.0939331054688,2.670750141143799,
multi_join_sift_wiki_1,join,B3,0.3,0.3,779894,238732,260068.77355489644,1.0893754232984956,385,385,1.1424142867326736,647.0445556640625,2.8263583183288574,
multi_join_sift_wiki_1,join,B3,0.3,0.3,304120,239207,241170.37837697932,1.0082078633860185,385,385,1.3846233487129211,600.5407104492188,3.010188102722168,
multi_join_sift_wiki_1,join,B3,0.3,0.3,73745,237537,239446.7466562613,1.0080397860386436,385,385,1.5089157968759537,573.4336547851562,2.8961117267608643,
multi_join_sift_wiki_1,join,B3,0.3,0.3,516733,238753,231280.0108545554,1.0323114354666132,385,385,1.4482075348496437,601.8523559570312,3.2464287281036377,
multi_join_sift_wiki_1,join,B3,0.3,0.3,181346,239254,231329.1997241612,1.0342576738487332,385,385,1.4947140589356422,615.4840087890625,3.5127456188201904,
multi_join_sift_wiki_1,join,B3,0.3,0.3,620747,239069,239618.13467615657,1.0022969714858747,385,385,1.462731510400772,607.3276977539062,3.2536380290985107,
multi_join_sift_wiki_1,join,B3,0.3,0.3,738510,237925,218560.55529740805,1.088599906219316,385,385,1.4481553807854652,603.1759643554688,2.9687752723693848,
multi_join_sift_wiki_1,join,B3,0.3,0.3,111011,238263,240675.03651798933,1.0101234204135319,385,385,1.5065409243106842,672.0595092773438,3.0964415073394775,
multi_join_sift_wiki_1,join,B3,0.3,0.3,426052,240665,217550.76149479093,1.106247564230027,385,385,1.4434773474931717,587.0173950195312,3.0850300788879395,
multi_join_sift_wiki_1,join,B3,0.3,0.3,724169,238981,228872.44104363638,1.0441667808944999,385,385,1.2394152581691742,598.1787719726562,3.0649054050445557,
multi_join_sift_wiki_1,join,B3,0.3,0.3,588630,239128,254270.3172234134,1.0633230622236352,385,385,1.1487668380141258,588.5240478515625,3.2115602493286133,
multi_join_sift_wiki_1,join,B3,0.3,0.3,790256,238794,234957.27614576728,1.0163294532400537,385,385,1.1502038687467575,603.442138671875,2.92677640914917,
multi_join_sift_wiki_1,join,B3,0.3,0.3,201003,240332,259582.63853537294,1.08010018863644,385,385,1.1473419144749641,638.8582763671875,3.108808755874634,
multi_join_sift_wiki_1,join,B3,0.3,0.3,6443,238089,258206.68855598077,1.0844965057435698,385,385,1.1527230963110924,604.9451293945312,3.1072123050689697,
multi_join_sift_wiki_1,join,B3,0.3,0.3,642763,240878,230845.63475263715,1.0434591940978786,385,385,1.2227203696966171,606.66259765625,3.0508289337158203,
multi_join_sift_wiki_1,join,B3,0.3,0.3,193392,240333,247637.47114227383,1.0303931259638661,385,385,1.4531919732689857,637.6175537109375,3.203829765319824,
multi_join_sift_wiki_1,join,B3,0.3,0.3,203755,239131,226588.45108829188,1.0553538755018932,385,385,1.4504417777061462,578.7042846679688,3.1911702156066895,
multi_join_sift_wiki_1,join,B3,0.3,0.3,94462,238478,214730.68519372283,1.1105911564751592,385,385,1.4995140954852104,588.868896484375,3.1797454357147217,
multi_join_sift_wiki_1,join,B3,0.3,0.3,590890,241818,228799.65451792313,1.0568984490361504,385,385,1.4687879011034966,670.7697143554688,3.2003183364868164,
multi_join_sift_wiki_1,join,B3,0.3,0.3,783383,239570,234974.6527277166,1.0195567786522421,385,385,1.4600930735468864,595.843994140625,3.1497702598571777,
multi_join_sift_wiki_1,join,B3,0.3,0.3,737605,239073,234840.8550024892,1.0180213319248304,385,385,1.5054680407047272,573.8529052734375,3.21191143989563,
multi_join_sift_wiki_1,join,B3,0.3,0.3,516560,240508,208119.26115807425,1.1556258592390702,385,385,1.4682328328490257,644.7122802734375,3.3689675331115723,
multi_join_sift_wiki_1,join,B3,0.3,0.3,137642,241504,251362.0077449699,1.0408192317517304,385,385,1.478554680943489,657.289306640625,3.1390323638916016,
multi_join_sift_wiki_1,join,B3,0.3,0.3,37803,239425,237023.35372715676,1.0101325301286885,385,385,1.4983713626861572,636.6652221679688,3.166006565093994,
multi_join_sift_wiki_1,join,B3,0.3,0.3,254800,240064,254175.34136338823,1.0587815805926262,385,385,1.459307037293911,663.0349731445312,3.1417458057403564,
multi_join_sift_wiki_1,join,B3,0.3,0.3,605930,240968,261959.80365107142,1.0871144867827738,385,385,1.5094997361302376,640.2986450195312,2.994133234024048,
multi_join_sift_wiki_1,join,B3,0.3,0.3,209329,238540,246105.3737712354,1.0317153256109475,385,385,1.466670073568821,603.0780029296875,3.0829358100891113,
multi_join_sift_wiki_1,join,B3,0.3,0.3,766585,240016,229333.20770163368,1.0465819686796725,385,385,1.4656353741884232,660.6202392578125,3.306943655014038,
multi_join_sift_wiki_1,join,B3,0.3,0.3,488782,237638,264357.8931088217,1.1124394798341246,385,385,1.4740703627467155,589.819580078125,3.3307135105133057,
multi_join_sift_wiki_1,join,B3,0.3,0.3,374559,238607,252330.55605844856,1.0575153120337986,385,385,1.482977531850338,595.7193603515625,3.3245937824249268,
multi_join_sift_wiki_1,join,B3,0.3,0.3,111780,238165,218558.74919750355,1.0897070049791464,385,385,1.4496790245175362,600.0362548828125,3.373533010482788,
multi_join_sift_wiki_1,join,B3,0.3,0.3,178188,238600,235406.81083418799,1.0135645572636434,385,385,1.475280150771141,680.0473022460938,3.3087639808654785,
multi_join_sift_wiki_1,join,B3,0.3,0.3,539857,237092,232850.65536111163,1.0182148709537053,385,385,1.4599328860640526,613.7061157226562,3.136941432952881,
multi_join_sift_wiki_1,join,B3,0.3,0.3,781264,239520,259270.83586102404,1.0824600695600537,385,385,1.4668237417936325,628.5965576171875,2.9334139823913574,
multi_join_sift_wiki_1,join,B3,0.3,0.3,771184,241652,208215.17933007074,1.1605878148630264,385,385,1.4718901365995407,647.7474365234375,3.119675874710083,
multi_join_sift_wiki_1,join,B3,0.3,0.3,140785,237945,220774.73727118308,1.0777727693894898,385,385,1.4727506786584854,606.3412475585938,3.075209140777588,
multi_join_sift_wiki_1,join,B3,0.3,0.3,2505,240447,250053.3043777389,1.0399518579052303,385,385,1.1739255860447884,587.2365112304688,3.1343371868133545,
multi_join_sift_wiki_1,join,B3,0.3,0.3,526089,241563,226415.52163669514,1.066901236513327,385,385,1.1440394446253777,651.7289428710938,3.0387539863586426,
multi_join_sift_wiki_1,join,B3,0.3,0.3,608072,239634,230596.95534193006,1.0391897830770132,385,385,1.1502010747790337,670.3943481445312,3.3516080379486084,
multi_join_sift_wiki_1,join,B3,0.3,0.3,224837,238738,240901.08564696054,1.0090604999914574,385,385,7.997212931513786,580.5911865234375,3.4280149936676025,
multi_join_sift_wiki_1,join,B3,0.3,0.3,386133,240422,266349.2315848712,1.1078405120366321,385,385,1.463891938328743,633.7213134765625,3.221763849258423,
multi_join_sift_wiki_1,join,B3,0.3,0.3,487850,240311,205690.76001985997,1.1683120815772052,385,385,1.4397678896784782,644.37255859375,2.8483076095581055,
multi_join_sift_wiki_1,join,B3,0.3,0.3,340195,238803,250128.87300451682,1.0474276830882225,385,385,1.4341101050376892,591.8164672851562,3.2380805015563965,
multi_join_sift_wiki_1,join,B3,0.3,0.3,122774,237850,252255.3535710333,1.0605648668111554,385,385,1.4641331508755684,591.92529296875,2.8582229614257812,
multi_join_sift_wiki_1,join,B3,0.3,0.3,690833,239358,276451.68006316945,1.1549715491572015,385,385,1.157890073955059,619.29150390625,3.3686435222625732,
multi_join_sift_wiki_1,join,B3,0.3,0.3,686759,238761,251974.36259565156,1.0553413773424116,385,385,1.1378312483429909,587.2389526367188,3.4815328121185303,
multi_join_sift_wiki_1,join,B3,0.3,0.3,154430,238446,245984.66525640615,1.0316158176543375,385,385,7.814921438694,590.7051391601562,2.9615893363952637,
multi_join_sift_wiki_1,join,B3,0.3,0.3,630926,239870,240949.583134066,1.0045007009382831,385,385,1.6733864322304726,595.6978149414062,3.386004686355591,
multi_join_sift_wiki_1,join,B3,0.3,0.3,255248,241341,208156.41326804334,1.1594213995666076,385,385,1.5432825312018394,643.5077514648438,3.1301348209381104,
multi_join_sift_wiki_1,join,B3,0.3,0.3,48107,240522,224520.21987048292,1.0712709979473025,385,385,1.657932996749878,602.0345458984375,3.2600338459014893,
multi_join_sift_wiki_1,join,B3,0.3,0.3,717611,240374,239413.07838059554,1.0040136555024655,385,385,1.6619348898530006,611.8988037109375,2.774536371231079,
multi_join_sift_wiki_1,join,B3,0.3,0.3,559097,241097,236681.54105834707,1.0186556962655757,385,385,1.5879776328802109,623.7491455078125,3.3397130966186523,
multi_join_sift_wiki_1,join,B3,0.3,0.3,527854,239778,245455.82566124917,1.0236795104690555,385,385,1.6115503385663033,667.1278686523438,3.1289029121398926,
multi_join_sift_wiki_1,join,B3,0.3,0.3,692258,241509,236442.50036614342,1.0214280411770762,385,385,1.6667060554027557,631.0960083007812,3.7014622688293457,
multi_join_sift_wiki_1,join,B3,0.3,0.3,344709,239102,233276.75586599173,1.024971386936445,385,385,7.621984928846359,602.4481201171875,3.0800623893737793,
multi_join_sift_wiki_1,join,B3,0.3,0.3,414737,240234,193002.58928698025,1.2447190521511098,385,385,1.6065509989857674,649.0648803710938,3.3149447441101074,
multi_join_sift_wiki_1,join,B3,0.3,0.3,362610,241914,247762.22456028708,1.024174808238825,385,385,1.7000269144773483,636.832275390625,3.2579312324523926,
multi_join_sift_wiki_1,join,B3,0.3,0.3,129857,239098,234618.31047361053,1.019093520524236,385,385,1.6595600172877312,601.5792236328125,3.086696147918701,
multi_join_sift_wiki_1,join,B3,0.3,0.3,210898,239577,246899.68179724138,1.0305650450470678,385,385,1.581275835633278,596.4317016601562,2.8536884784698486,
multi_join_sift_wiki_1,join,B3,0.3,0.3,793779,241025,236603.36209093704,1.0186879758173661,385,385,1.7020395025610924,635.5154418945312,2.997621774673462,
multi_join_sift_wiki_1,join,B3,0.3,0.3,634727,240471,220461.36149685274,1.0907625643209724,385,385,1.6594314947724342,622.5588989257812,2.794663429260254,
multi_join_sift_wiki_1,join,B3,0.3,0.3,351141,242291,257337.88877489435,1.0621025493101037,385,385,1.575268805027008,638.579833984375,3.0803444385528564,
multi_join_sift_wiki_1,join,B3,0.3,0.3,611020,240937,228412.34893315446,1.0548335110835487,385,385,1.7157196998596191,654.4783325195312,2.904170274734497,
multi_join_sift_wiki_1,join,B3,0.3,0.4,145860,239711,255557.78032532844,1.066107856232415,385,385,1.201593317091465,601.2288818359375,3.1162526607513428,
multi_join_sift_wiki_1,join,B3,0.3,0.4,359095,239596,283089.5895413085,1.181528863342078,385,385,1.1546211317181587,693.1370849609375,2.8506760597229004,
multi_join_sift_wiki_1,join,B3,0.3,0.4,286093,240287,274261.181860758,1.141390012196906,385,385,1.1511780321598053,654.4715576171875,2.8322665691375732,
multi_join_sift_wiki_1,join,B3,0.3,0.4,781121,238390,247817.65247774703,1.0395471809964638,385,385,1.161789521574974,608.387939453125,2.9669148921966553,
multi_join_sift_wiki_1,join,B3,0.3,0.4,142780,240253,226711.36880574733,1.0597307107516762,385,385,1.1475030332803726,579.1044921875,3.127220392227173,
multi_join_sift_wiki_1,join,B3,0.3,0.4,428790,239912,237323.09430541404,1.0109087811372215,385,385,1.4289915561676025,597.7942504882812,2.7914769649505615,
multi_join_sift_wiki_1,join,B3,0.3,0.4,322723,240322,216663.1794316995,1.1091963139761762,385,385,1.7076646909117699,582.3590087890625,3.2379202842712402,
multi_join_sift_wiki_1,join,B3,0.3,0.4,588557,237251,238171.29027954582,1.0038789732373976,385,385,1.6211215406656265,675.9060668945312,3.222794771194458,
multi_join_sift_wiki_1,join,B3,0.3,0.4,263638,238035,233122.06037211532,1.021074537605075,385,385,1.6236379742622375,602.2055053710938,3.473875045776367,
multi_join_sift_wiki_1,join,B3,0.3,0.4,693614,240321,246991.41850549754,1.0277562864065044,385,385,1.6926107928156853,657.7633056640625,2.864917039871216,
multi_join_sift_wiki_1,join,B3,0.3,0.4,546912,241231,212443.8358173673,1.1355048221186343,385,385,1.6439342871308327,668.2622680664062,3.3955962657928467,
multi_join_sift_wiki_1,join,B3,0.3,0.4,444449,238356,236831.3460221846,1.006437720358489,385,385,1.590341329574585,616.3165893554688,3.01845121383667,
multi_join_sift_wiki_1,join,B3,0.3,0.4,663176,238891,234941.56519991904,1.0168102855564116,385,385,1.4298362657427788,586.5355834960938,2.7545394897460938,
multi_join_sift_wiki_1,join,B3,0.3,0.4,763999,237841,239409.1344566713,1.0065932049422568,385,385,1.1519379913806915,613.5013427734375,3.168591022491455,
multi_join_sift_wiki_1,join,B3,0.3,0.4,782168,237791,248064.98979056763,1.0432059657033599,385,385,1.1616889387369156,596.4614868164062,2.863349199295044,
multi_join_sift_wiki_1,join,B3,0.3,0.4,673362,238492,222306.65023123668,1.0728064129072514,385,385,1.157425343990326,625.6572265625,3.1067605018615723,
multi_join_sift_wiki_1,join,B3,0.3,0.4,83904,238490,216111.62851150683,1.103550057174742,385,385,1.1578937992453575,597.96337890625,3.23327898979187,
multi_join_sift_wiki_1,join,B3,0.3,0.4,695261,240020,222568.34661203844,1.0784103115003218,385,385,1.1827917769551277,608.4932250976562,2.9276514053344727,
multi_join_sift_wiki_1,join,B3,0.3,0.4,386245,241897,234624.10874846968,1.0309980559556533,385,385,1.7229048535227776,649.6791381835938,3.1456527709960938,
multi_join_sift_wiki_1,join,B3,0.3,0.4,69504,241332,247547.71163480956,1.0257558534914955,385,385,1.5821605920791626,602.2214965820312,3.4792094230651855,
multi_join_sift_wiki_1,join,B3,0.3,0.4,681535,238950,247548.9095179445,1.0359862294117785,385,385,1.6729412600398064,596.035400390625,3.5131537914276123,
multi_join_sift_wiki_1,join,B3,0.3,0.4,696279,240311,243879.01252534575,1.0148474789974065,385,385,1.7182966694235802,597.126708984375,3.1599717140197754,
multi_join_sift_wiki_1,join,B3,0.3,0.4,340223,239705,225126.17012365203,1.0647584857342016,385,385,1.446426846086979,641.99267578125,3.186086893081665,
multi_join_sift_wiki_1,join,B3,0.3,0.4,690943,239538,268033.106466705,1.1189586055937053,385,385,1.1580465361475945,627.983642578125,3.3907504081726074,
multi_join_sift_wiki_1,join,B3,0.3,0.4,636616,238228,226409.64304271978,1.052199000000412,385,385,1.1535845696926117,588.7864990234375,3.1242752075195312,
multi_join_sift_wiki_1,join,B3,0.3,0.4,48106,239059,247247.66597818612,1.0342537448001796,385,385,1.1639837175607681,602.3505249023438,3.2600338459014893,
multi_join_sift_wiki_1,join,B3,0.3,0.4,352770,242603,217325.95132870539,1.116309389268763,385,385,1.1511733755469322,560.6845703125,3.3219220638275146,
multi_join_sift_wiki_1,join,B3,0.3,0.4,536954,239448,236716.64143896077,1.0115385151818468,385,385,1.1476967483758926,664.8140869140625,3.3249423503875732,
multi_join_sift_wiki_1,join,B3,0.3,0.4,752067,238968,253227.01251220016,1.0596691293905467,385,385,1.5465263277292252,597.2528686523438,2.98663592338562,
multi_join_sift_wiki_1,join,B3,0.3,0.4,602570,240638,236356.66635378412,1.0181138688079459,385,385,1.7042038962244987,583.1934204101562,3.009899854660034,
multi_join_sift_wiki_1,join,B3,0.3,0.4,345404,239209,249422.87922412058,1.0426985574293635,385,385,1.7018672078847885,628.2376098632812,3.121225357055664,
multi_join_sift_wiki_1,join,B3,0.3,0.4,628777,238555,251061.47153634834,1.0524259459510317,385,385,1.6121761873364449,599.5511474609375,3.125771999359131,
multi_join_sift_wiki_1,join,B3,0.3,0.4,137071,240371,245408.29542846352,1.0209563359492764,385,385,1.6238810494542122,620.26416015625,3.0246407985687256,
multi_join_sift_wiki_1,join,B3,0.3,0.4,296404,239190,249863.32629275665,1.0446227948190001,385,385,1.6978289932012558,602.2861328125,3.5045063495635986,
multi_join_sift_wiki_1,join,B3,0.3,0.4,703153,238462,264070.08914510807,1.107388553082286,385,385,1.6456171870231628,593.1397094726562,3.4914815425872803,
multi_join_sift_wiki_1,join,B3,0.3,0.4,438962,240050,240721.73832404433,1.0027983266987892,385,385,1.164027489721775,650.5623168945312,2.8561418056488037,
multi_join_sift_wiki_1,join,B3,0.3,0.4,33248,238508,233257.00745826098,1.0225116175456321,385,385,1.1645806953310966,594.0939331054688,2.670750141143799,
multi_join_sift_wiki_1,join,B3,0.3,0.4,779894,238732,253175.15806565114,1.0604994641089218,385,385,1.1518951505422592,647.0445556640625,2.8263583183288574,
multi_join_sift_wiki_1,join,B3,0.3,0.4,304120,239207,224616.04448799964,1.064959542606405,385,385,1.1582514271140099,600.5407104492188,3.010188102722168,
multi_join_sift_wiki_1,join,B3,0.3,0.4,73745,237537,214142.96313182788,1.10924494798258,385,385,1.1502131819725037,573.4336547851562,2.8961117267608643,
multi_join_sift_wiki_1,join,B3,0.3,0.4,516733,238753,247212.08324944394,1.0354302699838074,385,385,1.3495273888111115,601.8523559570312,3.2464287281036377,
multi_join_sift_wiki_1,join,B3,0.3,0.4,181346,239254,239307.73534240012,1.0002245953772984,385,385,1.7062490805983543,615.4840087890625,3.5127456188201904,
multi_join_sift_wiki_1,join,B3,0.3,0.4,620747,239069,243567.8616732422,1.0188182561237225,385,385,1.6913171857595444,607.3276977539062,3.2536380290985107,
multi_join_sift_wiki_1,join,B3,0.3,0.4,738510,237925,195967.00762135518,1.2141074300614698,385,385,1.6029579564929008,603.1759643554688,2.9687752723693848,
multi_join_sift_wiki_1,join,B3,0.3,0.4,111011,238263,228446.4757777543,1.0429707842453029,385,385,1.6078716143965721,672.0595092773438,3.0964415073394775,
multi_join_sift_wiki_1,join,B3,0.3,0.4,426052,240665,211524.6115199177,1.1377635834936322,385,385,1.6927402466535568,587.0173950195312,3.0850300788879395,
multi_join_sift_wiki_1,join,B3,0.3,0.4,724169,238981,251872.9185249943,1.0539453702386143,385,385,1.6292901709675789,598.1787719726562,3.0649054050445557,
multi_join_sift_wiki_1,join,B3,0.3,0.4,588630,239128,253771.68210098988,1.0612378395712334,385,385,1.4590248465538025,588.5240478515625,3.2115602493286133,
multi_join_sift_wiki_1,join,B3,0.3,0.4,790256,238794,247309.55341295482,1.035660667407702,385,385,1.1805426329374313,603.442138671875,2.92677640914917,
multi_join_sift_wiki_1,join,B3,0.3,0.4,201003,240332,222161.70053620843,1.081788622521055,385,385,1.1575361713767052,638.8582763671875,3.108808755874634,
multi_join_sift_wiki_1,join,B3,0.3,0.4,6443,238089,239413.78450879434,1.0055642407200431,385,385,1.1645536869764328,604.9451293945312,3.1072123050689697,
multi_join_sift_wiki_1,join,B3,0.3,0.4,642763,240878,216381.30592545407,1.113210769154824,385,385,1.1442527174949646,606.66259765625,3.0508289337158203,
multi_join_sift_wiki_1,join,B3,0.3,0.4,193392,240333,253770.0061139261,1.0559099504184863,385,385,1.1422112584114075,637.6175537109375,3.203829765319824,
multi_join_sift_wiki_1,join,B3,0.3,0.4,203755,239131,207807.29717642893,1.1507343738606888,385,385,1.593608409166336,578.7042846679688,3.1911702156066895,
multi_join_sift_wiki_1,join,B3,0.3,0.4,94462,238478,222635.6562040598,1.0711581606740461,385,385,1.6863644123077393,588.868896484375,3.1797454357147217,
multi_join_sift_wiki_1,join,B3,0.3,0.4,590890,241818,205760.51173206352,1.175240078693475,385,385,1.5707127749919891,670.7697143554688,3.2003183364868164,
multi_join_sift_wiki_1,join,B3,0.3,0.4,783383,239570,247607.22536780464,1.0335485468456178,385,385,1.61089189350605,595.843994140625,3.1497702598571777,
multi_join_sift_wiki_1,join,B3,0.3,0.4,737605,239073,237059.7895229816,1.0084924165379099,385,385,1.7086546868085861,573.8529052734375,3.21191143989563,
multi_join_sift_wiki_1,join,B3,0.3,0.4,516560,240508,251535.14195476973,1.0458493769636341,385,385,1.6527259722352028,644.7122802734375,3.3689675331115723,
multi_join_sift_wiki_1,join,B3,0.3,0.4,137642,241504,240734.0265674523,1.003198440384712,385,385,1.5830472111701965,657.289306640625,3.1390323638916016,
multi_join_sift_wiki_1,join,B3,0.3,0.4,37803,239425,236864.66201542865,1.010809286462514,385,385,1.7171576619148254,636.6652221679688,3.166006565093994,
multi_join_sift_wiki_1,join,B3,0.3,0.4,254800,240064,235668.44097163202,1.0186514537553082,385,385,1.7180517315864563,663.0349731445312,3.1417458057403564,
multi_join_sift_wiki_1,join,B3,0.3,0.4,605930,240968,270414.86379275663,1.122202382858955,385,385,1.6119396314024925,640.2986450195312,2.994133234024048,
multi_join_sift_wiki_1,join,B3,0.3,0.4,209329,238540,223171.44910061278,1.0688643236458917,385,385,1.5211766585707664,603.0780029296875,3.0829358100891113,
multi_join_sift_wiki_1,join,B3,0.3,0.4,766585,240016,249324.54307078442,1.0387830105942288,385,385,1.1519622057676315,660.6202392578125,3.306943655014038,
multi_join_sift_wiki_1,join,B3,0.3,0.4,488782,237638,230640.3531534506,1.030340080349659,385,385,1.1569615453481674,589.819580078125,3.3307135105133057,
multi_join_sift_wiki_1,join,B3,0.3,0.4,374559,238607,241367.65419975773,1.0115698793403283,385,385,1.1608907952904701,595.7193603515625,3.3245937824249268,
multi_join_sift_wiki_1,join,B3,0.3,0.4,111780,238165,226561.34963671432,1.051216371997659,385,385,1.148301176726818,600.0362548828125,3.373533010482788,
multi_join_sift_wiki_1,join,B3,0.3,0.4,178188,238600,220299.05395111293,1.0830731940090323,385,385,1.1480813845992088,680.0473022460938,3.3087639808654785,
multi_join_sift_wiki_1,join,B3,0.3,0.4,539857,237092,220210.82435621772,1.076659154667506,385,385,1.6276519745588303,613.7061157226562,3.136941432952881,
multi_join_sift_wiki_1,join,B3,0.3,0.4,781264,239520,224361.45628961048,1.0675630474194397,385,385,1.699673943221569,628.5965576171875,2.9334139823913574,
multi_join_sift_wiki_1,join,B3,0.3,0.4,771184,241652,209879.0599723681,1.1513868988731655,385,385,1.4238758012652397,647.7474365234375,3.119675874710083,
multi_join_sift_wiki_1,join,B3,0.3,0.4,140785,237945,214521.7044047352,1.1091884649166892,385,385,1.7060935497283936,606.3412475585938,3.075209140777588,
multi_join_sift_wiki_1,join,B3,0.3,0.4,2505,240447,237391.1333686251,1.0128727075354989,385,385,1.7330106347799301,587.2365112304688,3.1343371868133545,
multi_join_sift_wiki_1,join,B3,0.3,0.4,526089,241563,218417.17713690663,1.1059707078284657,385,385,1.705641858279705,651.7289428710938,3.0387539863586426,
multi_join_sift_wiki_1,join,B3,0.3,0.4,608072,239634,257252.38982135645,1.073522078759093,385,385,1.7124386504292488,670.3943481445312,3.3516080379486084,
multi_join_sift_wiki_1,join,B3,0.3,0.4,224837,238738,236656.85325740825,1.008793942427385,385,385,1.7212359234690666,580.5911865234375,3.4280149936676025,
multi_join_sift_wiki_1,join,B3,0.3,0.4,386133,240422,245245.89645172184,1.0200642888409623,385,385,1.752711832523346,633.7213134765625,3.221763849258423,
multi_join_sift_wiki_1,join,B3,0.3,0.4,487850,240311,216817.273911425,1.10835726169204,385,385,1.7162244766950607,644.37255859375,2.8483076095581055,
multi_join_sift_wiki_1,join,B3,0.3,0.4,340195,238803,237107.90632817126,1.0071490390096172,385,385,1.7238520085811615,591.8164672851562,3.2380805015563965,
multi_join_sift_wiki_1,join,B3,0.3,0.4,122774,237850,239594.14866206973,1.0073329773473607,385,385,1.7249733209609985,591.92529296875,2.8582229614257812,
multi_join_sift_wiki_1,join,B3,0.3,0.4,690833,239358,253523.29477033913,1.0591803690302355,385,385,1.7330367118120193,619.29150390625,3.3686435222625732,
multi_join_sift_wiki_1,join,B3,0.3,0.4,686759,238761,218669.71431576062,1.0918795990890051,385,385,1.7037494108080864,587.2389526367188,3.4815328121185303,
multi_join_sift_wiki_1,join,B3,0.3,0.4,154430,238446,243674.0758459982,1.021925617733148,385,385,1.7117159441113472,590.7051391601562,2.9615893363952637,
multi_join_sift_wiki_1,join,B3,0.3,0.4,630926,239870,255283.96451496924,1.0642596594612466,385,385,1.7105350270867348,595.6978149414062,3.386004686355591,
multi_join_sift_wiki_1,join,B3,0.3,0.4,255248,241341,249512.09250639923,1.0338570425514075,385,385,1.7296066507697105,643.5077514648438,3.1301348209381104,
multi_join_sift_wiki_1,join,B3,0.3,0.4,48107,240522,199756.7315748985,1.2040745666176291,385,385,5.369422025978565,602.0345458984375,3.2600338459014893,
multi_join_sift_wiki_1,join,B3,0.3,0.4,717611,240374,240941.19711579673,1.0023596442036025,385,385,1.1542821303009987,611.8988037109375,2.774536371231079,
multi_join_sift_wiki_1,join,B3,0.3,0.4,559097,241097,236964.859236059,1.0174377786531827,385,385,1.566590741276741,623.7491455078125,3.3397130966186523,
multi_join_sift_wiki_1,join,B3,0.3,0.4,527854,239778,226316.5813038457,1.0594804791527024,385,385,1.7293132841587067,667.1278686523438,3.1289029121398926,
multi_join_sift_wiki_1,join,B3,0.3,0.4,692258,241509,226367.3747692494,1.0668896091858882,385,385,1.7190473154187202,631.0960083007812,3.7014622688293457,
multi_join_sift_wiki_1,join,B3,0.3,0.4,344709,239102,233377.28715951217,1.024529862824976,385,385,1.7138849943876266,602.4481201171875,3.0800623893737793,
multi_join_sift_wiki_1,join,B3,0.3,0.4,414737,240234,244821.54318689948,1.0190961445378235,385,385,1.7112288624048233,649.0648803710938,3.3149447441101074,
multi_join_sift_wiki_1,join,B3,0.3,0.4,362610,241914,234954.92932854837,1.0296187472692706,385,385,1.7560599371790886,636.832275390625,3.2579312324523926,
multi_join_sift_wiki_1,join,B3,0.3,0.4,129857,239098,226492.81138674155,1.0556538131876283,385,385,1.751856878399849,601.5792236328125,3.086696147918701,
multi_join_sift_wiki_1,join,B3,0.3,0.4,210898,239577,230124.79151719346,1.0410742728781586,385,385,1.718420535326004,596.4317016601562,2.8536884784698486,
multi_join_sift_wiki_1,join,B3,0.3,0.4,793779,241025,243173.7829973698,1.0089151872103301,385,385,1.7129676416516304,635.5154418945312,2.997621774673462,
multi_join_sift_wiki_1,join,B3,0.3,0.4,634727,240471,222784.81873848627,1.0793868332755405,385,385,1.7098849639296532,622.5588989257812,2.794663429260254,
multi_join_sift_wiki_1,join,B3,0.3,0.4,351141,242291,247332.56352712555,1.0208078860837817,385,385,1.7126593738794327,638.579833984375,3.0803444385528564,
multi_join_sift_wiki_1,join,B3,0.3,0.4,611020,240937,255574.4331155521,1.0607521182531205,385,385,1.693488098680973,654.4783325195312,2.904170274734497,
multi_join_sift_wiki_1,join,B3,0.3,0.5,145860,239711,243367.57210434444,1.0152540855628003,385,385,1.5666820108890533,601.2288818359375,3.1162526607513428,
multi_join_sift_wiki_1,join,B3,0.3,0.5,359095,239596,249632.7278270378,1.0418902144736881,385,385,1.1544227600097656,693.1370849609375,2.8506760597229004,
multi_join_sift_wiki_1,join,B3,0.3,0.5,286093,240287,258063.06500568875,1.0739784716014131,385,385,1.1579766869544983,654.4715576171875,2.8322665691375732,
multi_join_sift_wiki_1,join,B3,0.3,0.5,781121,238390,248083.3227614486,1.0406616165168363,385,385,1.1506816372275352,608.387939453125,2.9669148921966553,
multi_join_sift_wiki_1,join,B3,0.3,0.5,142780,240253,254061.94846399358,1.057476695250397,385,385,1.1584479361772537,579.1044921875,3.127220392227173,
multi_join_sift_wiki_1,join,B3,0.3,0.5,428790,239912,214566.7871201715,1.1181227216942644,385,385,1.1479184031486511,597.7942504882812,2.7914769649505615,
multi_join_sift_wiki_1,join,B3,0.3,0.5,322723,240322,235136.43691935507,1.0220534220411932,385,385,1.6982769593596458,582.3590087890625,3.2379202842712402,
multi_join_sift_wiki_1,join,B3,0.3,0.5,588557,237251,281588.60890672443,1.1868805986348823,385,385,1.653130166232586,675.9060668945312,3.222794771194458,
multi_join_sift_wiki_1,join,B3,0.3,0.5,263638,238035,249792.61761070415,1.0493944907711226,385,385,1.6766944900155067,602.2055053710938,3.473875045776367,
multi_join_sift_wiki_1,join,B3,0.3,0.5,693614,240321,232783.30636450462,1.0323807310464628,385,385,1.6986802220344543,657.7633056640625,2.864917039871216,
multi_join_sift_wiki_1,join,B3,0.3,0.5,546912,241231,262017.2976561609,1.0861676055571667,385,385,1.6821660101413727,668.2622680664062,3.3955962657928467,
multi_join_sift_wiki_1,join,B3,0.3,0.5,444449,238356,207416.09402493873,1.149168299212795,385,385,1.7087152227759361,616.3165893554688,3.01845121383667,
multi_join_sift_wiki_1,join,B3,0.3,0.5,663176,238891,218565.80766321713,1.0929934675239847,385,385,1.688193529844284,586.5355834960938,2.7545394897460938,
multi_join_sift_wiki_1,join,B3,0.3,0.5,763999,237841,245150.2531634553,1.0307316785728924,385,385,1.73113401979208,613.5013427734375,3.168591022491455,
multi_join_sift_wiki_1,join,B3,0.3,0.5,782168,237791,249932.84043672695,1.0510609755488094,385,385,1.707310788333416,596.4614868164062,2.863349199295044,
multi_join_sift_wiki_1,join,B3,0.3,0.5,673362,238492,234758.07191992662,1.0159054300009203,385,385,1.681438647210598,625.6572265625,3.1067605018615723,
multi_join_sift_wiki_1,join,B3,0.3,0.5,83904,238490,238950.80508486688,1.0019321778056391,385,385,1.7112130299210548,597.96337890625,3.23327898979187,
multi_join_sift_wiki_1,join,B3,0.3,0.5,695261,240020,230482.22402431912,1.0413818289720882,385,385,1.2952648103237152,608.4932250976562,2.9276514053344727,
multi_join_sift_wiki_1,join,B3,0.3,0.5,386245,241897,279998.0596312232,1.15750943430974,385,385,1.155070960521698,649.6791381835938,3.1456527709960938,
multi_join_sift_wiki_1,join,B3,0.3,0.5,69504,241332,243572.68581913545,1.0092846610442687,385,385,1.1552590876817703,602.2214965820312,3.4792094230651855,
multi_join_sift_wiki_1,join,B3,0.3,0.5,681535,238950,232682.9761128311,1.026933744753763,385,385,1.1438550427556038,596.035400390625,3.5131537914276123,
multi_join_sift_wiki_1,join,B3,0.3,0.5,696279,240311,256551.00585834257,1.0675791198003528,385,385,1.1402349919080734,597.126708984375,3.1599717140197754,
multi_join_sift_wiki_1,join,B3,0.3,0.5,340223,239705,222775.15559680315,1.0759952085224345,385,385,1.3441424816846848,641.99267578125,3.186086893081665,
multi_join_sift_wiki_1,join,B3,0.3,0.5,690943,239538,223788.9917963814,1.0703743650534345,385,385,1.6959719359874725,627.983642578125,3.3907504081726074,
multi_join_sift_wiki_1,join,B3,0.3,0.5,636616,238228,214581.82675954592,1.1101965324722083,385,385,1.6945106908679008,588.7864990234375,3.1242752075195312,
multi_join_sift_wiki_1,join,B3,0.3,0.5,48106,239059,230688.83028131392,1.0362833766527797,385,385,1.701931469142437,602.3505249023438,3.2600338459014893,
multi_join_sift_wiki_1,join,B3,0.3,0.5,352770,242603,249383.86315738727,1.0279504505607402,385,385,1.706702634692192,560.6845703125,3.3219220638275146,
multi_join_sift_wiki_1,join,B3,0.3,0.5,536954,239448,213907.72967090574,1.1193985386520984,385,385,1.7107650637626648,664.8140869140625,3.3249423503875732,
multi_join_sift_wiki_1,join,B3,0.3,0.5,752067,238968,227968.69992042126,1.0482491679051482,385,385,1.7046714201569557,597.2528686523438,2.98663592338562,
multi_join_sift_wiki_1,join,B3,0.3,0.5,602570,240638,247212.76761063468,1.0273222334404153,385,385,1.712024211883545,583.1934204101562,3.009899854660034,
multi_join_sift_wiki_1,join,B3,0.3,0.5,345404,239209,208193.31867265134,1.1489753923184998,385,385,1.7018597573041916,628.2376098632812,3.121225357055664,
multi_join_sift_wiki_1,join,B3,0.3,0.5,628777,238555,250882.30272455438,1.0516748872358759,385,385,1.6941092908382416,599.5511474609375,3.125771999359131,
multi_join_sift_wiki_1,join,B3,0.3,0.5,137071,240371,251547.3793964451,1.0464963718437128,385,385,1.699221320450306,620.26416015625,3.0246407985687256,
multi_join_sift_wiki_1,join,B3,0.3,0.5,296404,239190,220754.34210815295,1.083512096368256,385,385,1.154860481619835,602.2861328125,3.5045063495635986,
multi_join_sift_wiki_1,join,B3,0.3,0.5,703153,238462,228613.15356587336,1.0430808388778416,385,385,1.1628242209553719,593.1397094726562,3.4914815425872803,
multi_join_sift_wiki_1,join,B3,0.3,0.5,438962,240050,262614.28477786004,1.093998270268111,385,385,1.1575138196349144,650.5623168945312,2.8561418056488037,
multi_join_sift_wiki_1,join,B3,0.3,0.5,33248,238508,235112.2857095264,1.0144429470379481,385,385,1.1581582948565483,594.0939331054688,2.670750141143799,
multi_join_sift_wiki_1,join,B3,0.3,0.5,779894,238732,257551.2036022548,1.0788298326250976,385,385,1.1425958946347237,647.0445556640625,2.8263583183288574,
multi_join_sift_wiki_1,join,B3,0.3,0.5,304120,239207,239348.19933762372,1.0005902809601046,385,385,1.400534063577652,600.5407104492188,3.010188102722168,
multi_join_sift_wiki_1,join,B3,0.3,0.5,73745,237537,235282.33869339805,1.0095827902728391,385,385,1.6527250409126282,573.4336547851562,2.8961117267608643,
multi_join_sift_wiki_1,join,B3,0.3,0.5,516733,238753,253750.17478975572,1.0628146024961183,385,385,1.6510207206010818,601.8523559570312,3.2464287281036377,
multi_join_sift_wiki_1,join,B3,0.3,0.5,181346,239254,241221.51701103785,1.0082235490777076,385,385,1.6962159425020218,615.4840087890625,3.5127456188201904,
multi_join_sift_wiki_1,join,B3,0.3,0.5,620747,239069,236858.2287396828,1.0093337321320044,385,385,1.6879327595233917,607.3276977539062,3.2536380290985107,
multi_join_sift_wiki_1,join,B3,0.3,0.5,738510,237925,226957.06744226298,1.0483260234252332,385,385,1.6446104273200035,603.1759643554688,2.9687752723693848,
multi_join_sift_wiki_1,join,B3,0.3,0.5,111011,238263,249378.01939851226,1.0466502117345633,385,385,1.6566608101129532,672.0595092773438,3.0964415073394775,
multi_join_sift_wiki_1,join,B3,0.3,0.5,426052,240665,234529.9390535162,1.0261589670437934,385,385,1.65628083050251,587.0173950195312,3.0850300788879395,
multi_join_sift_wiki_1,join,B3,0.3,0.5,724169,238981,243413.37073382523,1.018546958686361,385,385,1.6574151813983917,598.1787719726562,3.0649054050445557,
multi_join_sift_wiki_1,join,B3,0.3,0.5,588630,239128,259751.70164384219,1.08624544864609,385,385,1.742340624332428,588.5240478515625,3.2115602493286133,
multi_join_sift_wiki_1,join,B3,0.3,0.5,790256,238794,247118.01026135244,1.0348585402537436,385,385,1.7202356830239296,603.442138671875,2.92677640914917,
multi_join_sift_wiki_1,join,B3,0.3,0.5,201003,240332,255507.11610070037,1.0631423035663181,385,385,1.2487312778830528,638.8582763671875,3.108808755874634,
multi_join_sift_wiki_1,join,B3,0.3,0.5,6443,238089,223230.25748028432,1.066562403714595,385,385,1.143735833466053,604.9451293945312,3.1072123050689697,
multi_join_sift_wiki_1,join,B3,0.3,0.5,642763,240878,241105.98720957336,1.0009464841520328,385,385,1.1625951156020164,606.66259765625,3.0508289337158203,
multi_join_sift_wiki_1,join,B3,0.3,0.5,193392,240333,254249.26306878662,1.057904087531827,385,385,1.150328665971756,637.6175537109375,3.203829765319824,
multi_join_sift_wiki_1,join,B3,0.3,0.5,203755,239131,214236.80993888175,1.1161994060134677,385,385,1.1504823341965675,578.7042846679688,3.1911702156066895,
multi_join_sift_wiki_1,join,B3,0.3,0.5,94462,238478,241822.77288648413,1.0140254987314727,385,385,1.3138456270098686,588.868896484375,3.1797454357147217,
multi_join_sift_wiki_1,join,B3,0.3,0.5,590890,241818,243403.9611178468,1.0065584907568783,385,385,1.6961852088570595,670.7697143554688,3.2003183364868164,
multi_join_sift_wiki_1,join,B3,0.3,0.5,783383,239570,243412.07693640006,1.0160373875543685,385,385,1.6940971836447716,595.843994140625,3.1497702598571777,
multi_join_sift_wiki_1,join,B3,0.3,0.5,737605,239073,228372.30114996573,1.0468563779239033,385,385,1.7636790871620178,573.8529052734375,3.21191143989563,
multi_join_sift_wiki_1,join,B3,0.3,0.5,516560,240508,247221.1638348055,1.0279124346583295,385,385,1.6977842897176743,644.7122802734375,3.3689675331115723,
multi_join_sift_wiki_1,join,B3,0.3,0.5,137642,241504,239247.0673094127,1.0094334811120944,385,385,1.7051715403795242,657.289306640625,3.1390323638916016,
multi_join_sift_wiki_1,join,B3,0.3,0.5,37803,239425,243226.1451023125,1.0158761411812154,385,385,1.6956226900219917,636.6652221679688,3.166006565093994,
multi_join_sift_wiki_1,join,B3,0.3,0.5,254800,240064,239223.5498373865,1.0035132417489199,385,385,1.70038640499115,663.0349731445312,3.1417458057403564,
multi_join_sift_wiki_1,join,B3,0.3,0.5,605930,240968,249267.95152618337,1.034444206393311,385,385,1.6882345080375671,640.2986450195312,2.994133234024048,
multi_join_sift_wiki_1,join,B3,0.3,0.5,209329,238540,237572.16422706385,1.0040738601514407,385,385,1.7073005437850952,603.0780029296875,3.0829358100891113,
multi_join_sift_wiki_1,join,B3,0.3,0.5,766585,240016,272792.6951626295,1.136560459147013,385,385,1.6959700733423233,660.6202392578125,3.306943655014038,
multi_join_sift_wiki_1,join,B3,0.3,0.5,488782,237638,247538.73727173862,1.0416631063707766,385,385,1.6933893784880638,589.819580078125,3.3307135105133057,
multi_join_sift_wiki_1,join,B3,0.3,0.5,374559,238607,216529.13286378246,1.1019625712448893,385,385,1.7000967636704445,595.7193603515625,3.3245937824249268,
multi_join_sift_wiki_1,join,B3,0.3,0.5,111780,238165,254188.32219544495,1.0672782406963448,385,385,1.7003193497657776,600.0362548828125,3.373533010482788,
multi_join_sift_wiki_1,join,B3,0.3,0.5,178188,238600,239349.26914881516,1.0031402730461658,385,385,1.696716994047165,680.0473022460938,3.3087639808654785,
multi_join_sift_wiki_1,join,B3,0.3,0.5,539857,237092,243627.75904607,1.0275663415301655,385,385,1.6737738624215126,613.7061157226562,3.136941432952881,
multi_join_sift_wiki_1,join,B3,0.3,0.5,781264,239520,251029.67232092383,1.0480530741521537,385,385,1.6433782875537872,628.5965576171875,2.9334139823913574,
multi_join_sift_wiki_1,join,B3,0.3,0.5,771184,241652,204085.87772578828,1.1840701703264638,385,385,1.682986505329609,647.7474365234375,3.119675874710083,
multi_join_sift_wiki_1,join,B3,0.3,0.5,140785,237945,221037.92232453468,1.076489488761308,385,385,1.6562696546316147,606.3412475585938,3.075209140777588,
multi_join_sift_wiki_1,join,B3,0.3,0.5,2505,240447,264180.83576889796,1.0987071403215594,385,385,1.655873842537403,587.2365112304688,3.1343371868133545,
multi_join_sift_wiki_1,join,B3,0.3,0.5,526089,241563,230643.79548989693,1.0473422859128303,385,385,1.666724681854248,651.7289428710938,3.0387539863586426,
multi_join_sift_wiki_1,join,B3,0.3,0.5,608072,239634,245012.73375619357,1.0224456202216445,385,385,1.67776457965374,670.3943481445312,3.3516080379486084,
multi_join_sift_wiki_1,join,B3,0.3,0.5,224837,238738,247242.19015618225,1.0356214350299586,385,385,1.6615614295005798,580.5911865234375,3.4280149936676025,
multi_join_sift_wiki_1,join,B3,0.3,0.5,386133,240422,245327.16101834938,1.020402296871124,385,385,1.666550524532795,633.7213134765625,3.221763849258423,
multi_join_sift_wiki_1,join,B3,0.3,0.5,487850,240311,241280.93840922107,1.0040361798220683,385,385,1.6942229121923447,644.37255859375,2.8483076095581055,
multi_join_sift_wiki_1,join,B3,0.3,0.5,340195,238803,245856.0581269457,1.0295350482487478,385,385,1.7050476744771004,591.8164672851562,3.2380805015563965,
multi_join_sift_wiki_1,join,B3,0.3,0.5,122774,237850,218866.83516131015,1.086733857254795,385,385,1.6827089712023735,591.92529296875,2.8582229614257812,
multi_join_sift_wiki_1,join,B3,0.3,0.5,690833,239358,238745.04099877787,1.002567420871478,385,385,1.6860123723745346,619.29150390625,3.3686435222625732,
multi_join_sift_wiki_1,join,B3,0.3,0.5,686759,238761,232918.87932899708,1.0250822118320042,385,385,1.6930224373936653,587.2389526367188,3.4815328121185303,
multi_join_sift_wiki_1,join,B3,0.3,0.5,154430,238446,254013.4914479293,1.0652872828561992,385,385,1.6935737803578377,590.7051391601562,2.9615893363952637,
multi_join_sift_wiki_1,join,B3,0.3,0.5,630926,239870,232006.3031140725,1.033894324336788,385,385,1.6724225133657455,595.6978149414062,3.386004686355591,
multi_join_sift_wiki_1,join,B3,0.3,0.5,255248,241341,249739.30535849964,1.0347985023618018,385,385,1.7026076093316078,643.5077514648438,3.1301348209381104,
multi_join_sift_wiki_1,join,B3,0.3,0.5,48107,240522,216303.9390754486,1.1119631063034128,385,385,1.7022406682372093,602.0345458984375,3.2600338459014893,
multi_join_sift_wiki_1,join,B3,0.3,0.5,717611,240374,207679.17804574844,1.1574294653027248,385,385,1.7043529078364372,611.8988037109375,2.774536371231079,
multi_join_sift_wiki_1,join,B3,0.3,0.5,559097,241097,230518.9917130209,1.0458877952240393,385,385,1.6848128288984299,623.7491455078125,3.3397130966186523,
multi_join_sift_wiki_1,join,B3,0.3,0.5,527854,239778,268158.08963365894,1.118359856340694,385,385,2.504187636077404,667.1278686523438,3.1289029121398926,
multi_join_sift_wiki_1,join,B3,0.3,0.5,692258,241509,230127.35254966596,1.0494580384479835,385,385,3.6007603630423546,631.0960083007812,3.7014622688293457,
multi_join_sift_wiki_1,join,B3,0.3,0.5,344709,239102,193826.26161694198,1.233589287671122,385,385,2.8415201231837273,602.4481201171875,3.0800623893737793,
multi_join_sift_wiki_1,join,B3,0.3,0.5,414737,240234,240532.47069792985,1.001242416551903,385,385,2.6065967977046967,649.0648803710938,3.3149447441101074,
multi_join_sift_wiki_1,join,B3,0.3,0.5,362610,241914,249382.4352368881,1.0308722737703815,385,385,2.519506961107254,636.832275390625,3.2579312324523926,
multi_join_sift_wiki_1,join,B3,0.3,0.5,129857,239098,251481.7998644309,1.0517938245590968,385,385,2.4143848568201065,601.5792236328125,3.086696147918701,
multi_join_sift_wiki_1,join,B3,0.3,0.5,210898,239577,232592.39554969588,1.0300293757833188,385,385,2.280294895172119,596.4317016601562,2.8536884784698486,
multi_join_sift_wiki_1,join,B3,0.3,0.5,793779,241025,255253.69981708858,1.0590341243318684,385,385,2.309683710336685,635.5154418945312,2.997621774673462,
multi_join_sift_wiki_1,join,B3,0.3,0.5,634727,240471,231123.01340526828,1.0404459359412221,385,385,2.1931594237685204,622.5588989257812,2.794663429260254,
multi_join_sift_wiki_1,join,B3,0.3,0.5,351141,242291,230378.75691982516,1.0517072113741825,385,385,2.092047594487667,638.579833984375,3.0803444385528564,
multi_join_sift_wiki_1,join,B3,0.3,0.5,611020,240937,261535.08673799274,1.0854915880001526,385,385,2.1080998703837395,654.4783325195312,2.904170274734497,
multi_join_sift_wiki_1,join,B3,0.5,0.1,145860,398710,372555.76159260044,1.0702022115980585,385,385,2.099495381116867,632.5885009765625,3.2196497917175293,
multi_join_sift_wiki_1,join,B3,0.5,0.1,359095,400745,411859.140459386,1.0277336971375464,385,385,2.052655443549156,712.3372192382812,2.9822144508361816,
multi_join_sift_wiki_1,join,B3,0.5,0.1,286093,400090,389267.24229490495,1.0278028987008772,385,385,1.995026133954525,668.2846069335938,2.9649856090545654,
multi_join_sift_wiki_1,join,B3,0.5,0.1,781121,398604,372787.08726459695,1.0692537741176606,385,385,2.0852824673056602,633.0744018554688,3.111022710800171,
multi_join_sift_wiki_1,join,B3,0.5,0.1,142780,399343,405617.88978181814,1.0157130331114308,385,385,1.9062105566263199,612.7308349609375,3.2252681255340576,
multi_join_sift_wiki_1,join,B3,0.5,0.1,428790,399423,413481.66488164675,1.035197434503388,385,385,1.9522085785865784,618.5655517578125,2.9219067096710205,
multi_join_sift_wiki_1,join,B3,0.5,0.1,322723,399757,401445.3725576302,1.0042234971686055,385,385,1.9825603812932968,616.322509765625,3.350651979446411,
multi_join_sift_wiki_1,join,B3,0.5,0.1,588557,400915,375239.3361784844,1.0684247661319357,385,385,1.8643690273165703,692.2169189453125,3.320391893386841,
multi_join_sift_wiki_1,join,B3,0.5,0.1,263638,395385,353886.8302894331,1.1172639560410507,385,385,1.9141212105751038,631.7388916015625,3.5575485229492188,
multi_join_sift_wiki_1,join,B3,0.5,0.1,693614,401648,357346.67996296694,1.123972944261366,385,385,1.8901815637946129,674.3016357421875,2.99692440032959,
multi_join_sift_wiki_1,join,B3,0.5,0.1,546912,402189,432564.24731975934,1.0755248087833316,385,385,1.8742438405752182,691.0267333984375,3.4822041988372803,
multi_join_sift_wiki_1,join,B3,0.5,0.1,444449,397169,386428.4615790008,1.027794377197559,385,385,1.8268171697854996,640.7890625,3.1300487518310547,
multi_join_sift_wiki_1,join,B3,0.5,0.1,663176,399165,367718.528861038,1.0855177769702373,385,385,1.8152762204408646,624.8295288085938,2.868075370788574,
multi_join_sift_wiki_1,join,B3,0.5,0.1,763999,399127,390844.9343852973,1.0211901572364712,385,385,1.7816303297877312,645.675537109375,3.2920217514038086,
multi_join_sift_wiki_1,join,B3,0.5,0.1,782168,398860,407987.19129715813,1.0228831953496418,385,385,1.8075993284583092,636.8261108398438,3.004382610321045,
multi_join_sift_wiki_1,join,B3,0.5,0.1,673362,399669,419319.64108288096,1.0491672886385508,385,385,1.8372610211372375,651.6726684570312,3.2434425354003906,
multi_join_sift_wiki_1,join,B3,0.5,0.1,83904,400042,421223.7114867572,1.0529487191013873,385,385,1.8443232402205467,638.3627319335938,3.318498134613037,
multi_join_sift_wiki_1,join,B3,0.5,0.1,695261,399029,388544.6630264547,1.0269836082469403,385,385,1.803993247449398,636.587158203125,3.045443058013916,
multi_join_sift_wiki_1,join,B3,0.5,0.1,386245,399811,406899.7858002904,1.0177303420873622,385,385,1.798270270228386,667.7885131835938,3.2378246784210205,
multi_join_sift_wiki_1,join,B3,0.5,0.1,69504,397908,357879.9764817041,1.1118476197294103,385,385,1.7947349697351456,623.4112548828125,3.583242416381836,
multi_join_sift_wiki_1,join,B3,0.5,0.1,681535,400064,392793.3867414593,1.018510019526694,385,385,1.7579635605216026,638.0115966796875,3.599292039871216,
multi_join_sift_wiki_1,join,B3,0.5,0.1,696279,398330,393528.9801504561,1.0121999143435596,385,385,1.7590802162885666,631.6973266601562,3.277513027191162,
multi_join_sift_wiki_1,join,B3,0.5,0.1,340223,397980,384986.441514448,1.0337506911527543,385,385,1.7796941101551056,658.37255859375,3.294217109680176,
multi_join_sift_wiki_1,join,B3,0.5,0.1,690943,399179,409046.77633859805,1.024720179013921,385,385,1.8024249002337456,639.7871704101562,3.474707841873169,
multi_join_sift_wiki_1,join,B3,0.5,0.1,636616,397845,402845.76748781593,1.0125696376423379,385,385,1.7585158348083496,628.0264892578125,3.2147040367126465,
multi_join_sift_wiki_1,join,B3,0.5,0.1,48106,399067,379906.1144172399,1.0504358441615294,385,385,1.727607101202011,633.595458984375,3.3630759716033936,
multi_join_sift_wiki_1,join,B3,0.5,0.1,352770,402444,436252.4209652381,1.084007764969134,385,385,1.757861115038395,576.0859375,3.4078516960144043,
multi_join_sift_wiki_1,join,B3,0.5,0.1,536954,398632,388396.5391382335,1.0263531206649696,385,385,1.7175674438476562,682.9450073242188,3.425676107406616,
multi_join_sift_wiki_1,join,B3,0.5,0.1,752067,397987,408872.88600423693,1.0273523657914378,385,385,1.7485348507761955,629.4962768554688,3.1004648208618164,
multi_join_sift_wiki_1,join,B3,0.5,0.1,602570,400621,390327.94038577913,1.0263702864930646,385,385,1.731771044433117,605.43212890625,3.1115832328796387,
multi_join_sift_wiki_1,join,B3,0.5,0.1,345404,398707,373947.6650355001,1.0662106954515933,385,385,1.7536226660013199,647.2669067382812,3.236467123031616,
multi_join_sift_wiki_1,join,B3,0.5,0.1,628777,397678,379716.36062639556,1.047302779748479,385,385,1.7367200925946236,628.8193359375,3.219736337661743,
multi_join_sift_wiki_1,join,B3,0.5,0.1,137071,399079,403466.65623410087,1.0109944553186232,385,385,1.72503013163805,644.4497680664062,3.162165880203247,
multi_join_sift_wiki_1,join,B3,0.5,0.1,296404,399804,403741.7237137334,1.0098491353606602,385,385,1.751800999045372,631.6845092773438,3.6013643741607666,
multi_join_sift_wiki_1,join,B3,0.5,0.1,703153,399634,392378.9777449538,1.0184898342330713,385,385,1.4520566910505295,636.4227294921875,3.570199489593506,
multi_join_sift_wiki_1,join,B3,0.5,0.1,438962,400335,410422.1417598504,1.0251967521197256,385,385,1.3711871579289436,670.2269897460938,2.9620509147644043,
multi_join_sift_wiki_1,join,B3,0.5,0.1,33248,400259,372116.52477210714,1.075628125477975,385,385,7.663764990866184,626.25146484375,2.8117189407348633,
multi_join_sift_wiki_1,join,B3,0.5,0.1,779894,398996,426017.81924375094,1.0677245366964856,385,385,1.3736393302679062,672.0347290039062,2.9568333625793457,
multi_join_sift_wiki_1,join,B3,0.5,0.1,304120,399128,372554.9278948383,1.071326588686709,385,385,1.3646958395838737,633.1439208984375,3.120129108428955,
multi_join_sift_wiki_1,join,B3,0.5,0.1,73745,399183,388476.97729985137,1.0275589631451572,385,385,1.3509802520275116,611.1333618164062,3.0156612396240234,
multi_join_sift_wiki_1,join,B3,0.5,0.1,516733,398227,409404.03488273115,1.028066994158435,385,385,1.3560261577367783,625.33349609375,3.3524067401885986,
multi_join_sift_wiki_1,join,B3,0.5,0.1,181346,399504,422722.25183069037,1.0581176955191698,385,385,1.3838186860084534,641.5231323242188,3.606886386871338,
multi_join_sift_wiki_1,join,B3,0.5,0.1,620747,399176,406422.71904229355,1.0181541952479447,385,385,1.3493429869413376,641.6485595703125,3.348391532897949,
multi_join_sift_wiki_1,join,B3,0.5,0.1,738510,397541,403676.15957947937,1.01543277191404,385,385,1.3441303744912148,641.4796142578125,3.110562801361084,
multi_join_sift_wiki_1,join,B3,0.5,0.1,111011,397666,386453.4544645235,1.0290139612052707,385,385,1.3758344575762749,684.7930297851562,3.2114758491516113,
multi_join_sift_wiki_1,join,B3,0.5,0.1,426052,400966,403115.70044698275,1.005361303569337,385,385,1.3675820082426071,611.555908203125,3.1900951862335205,
multi_join_sift_wiki_1,join,B3,0.5,0.1,724169,399932,368060.44414483564,1.086593265758878,385,385,1.374315470457077,635.0518798828125,3.185068130493164,
multi_join_sift_wiki_1,join,B3,0.5,0.1,588630,398285,405299.60388796474,1.0176120212610686,385,385,1.3598790392279625,616.7924194335938,3.3296051025390625,
multi_join_sift_wiki_1,join,B3,0.5,0.1,790256,397837,398904.5889682112,1.0026834833567797,385,385,1.3502659276127815,632.74462890625,3.026947259902954,
multi_join_sift_wiki_1,join,B3,0.5,0.1,201003,400187,432117.0480052593,1.0797878192076686,385,385,7.6054902747273445,659.1167602539062,3.2214205265045166,
multi_join_sift_wiki_1,join,B3,0.5,0.1,6443,398763,378207.7604863929,1.054349068583818,385,385,1.3614529743790627,633.6627197265625,3.2246556282043457,
multi_join_sift_wiki_1,join,B3,0.5,0.1,642763,399611,397230.51717564906,1.005992698751537,385,385,1.3388823717832565,623.6600952148438,3.1688320636749268,
multi_join_sift_wiki_1,join,B3,0.5,0.1,193392,399312,351394.85726662143,1.1363626750434237,385,385,1.3380907475948334,652.0947875976562,3.302262783050537,
multi_join_sift_wiki_1,join,B3,0.5,0.1,203755,401002,367174.07159639825,1.0921304934646523,385,385,1.3366993516683578,617.6568603515625,3.2884509563446045,
multi_join_sift_wiki_1,join,B3,0.5,0.1,94462,398108,383350.2967303543,1.0384966527886272,385,385,1.3283053413033485,623.9115600585938,3.2820208072662354,
multi_join_sift_wiki_1,join,B3,0.5,0.1,590890,401658,405291.62341277313,1.0090465605385008,385,385,1.3314438983798027,690.3433227539062,3.3000500202178955,
multi_join_sift_wiki_1,join,B3,0.5,0.1,783383,399484,393335.31495390757,1.015632171362017,385,385,1.355031505227089,616.9453735351562,3.240548849105835,
multi_join_sift_wiki_1,join,B3,0.5,0.1,737605,400256,428364.4093746461,1.0702260787462177,385,385,1.349007710814476,611.8055419921875,3.3159680366516113,
multi_join_sift_wiki_1,join,B3,0.5,0.1,516560,400150,434463.5287884672,1.0857516650967567,385,385,1.3460898771882057,662.9786376953125,3.455428123474121,
multi_join_sift_wiki_1,join,B3,0.5,0.1,137642,399818,409740.06217768416,1.0248164469275625,385,385,1.3610497117042542,675.9071044921875,3.242206335067749,
multi_join_sift_wiki_1,join,B3,0.5,0.1,37803,400972,395101.44929165416,1.014858337570947,385,385,1.325163058936596,654.3994140625,3.2687647342681885,
multi_join_sift_wiki_1,join,B3,0.5,0.1,254800,400501,405546.9378562775,1.0125990643126421,385,385,1.3846661895513535,679.9208984375,3.2437825202941895,
multi_join_sift_wiki_1,join,B3,0.5,0.1,605930,399404,403163.4097357363,1.0094125490374066,385,385,1.3719229027628899,663.73876953125,3.087928295135498,
multi_join_sift_wiki_1,join,B3,0.5,0.1,209329,398628,381021.74860743614,1.0462079958871415,385,385,1.3329759240150452,637.8901977539062,3.1931419372558594,
multi_join_sift_wiki_1,join,B3,0.5,0.1,766585,397630,382201.8409709002,1.040366522018596,385,385,1.3022702187299728,677.976806640625,3.410522222518921,
multi_join_sift_wiki_1,join,B3,0.5,0.1,488782,398822,408966.76042665815,1.025436812479397,385,385,1.3392847031354904,632.046630859375,3.4162635803222656,
multi_join_sift_wiki_1,join,B3,0.5,0.1,374559,398019,370566.5893824502,1.0740822605278562,385,385,1.3053473085165024,626.3645629882812,3.4265925884246826,
multi_join_sift_wiki_1,join,B3,0.5,0.1,111780,398615,417663.6434378572,1.0477870713291202,385,385,1.3184566050767899,629.2195434570312,3.453725576400757,
multi_join_sift_wiki_1,join,B3,0.5,0.1,178188,398892,397188.1343563246,1.0042898201036057,385,385,1.3148384168744087,702.2760620117188,3.4229471683502197,
multi_join_sift_wiki_1,join,B3,0.5,0.1,539857,395988,362175.0024463866,1.0933609369095505,385,385,1.3202372938394547,628.4251708984375,3.2578957080841064,
multi_join_sift_wiki_1,join,B3,0.5,0.1,781264,399752,406710.9426730937,1.0174081497355703,385,385,1.313941553235054,647.1472778320312,3.049591064453125,
multi_join_sift_wiki_1,join,B3,0.5,0.1,771184,400317,384759.8904524579,1.0404332934216396,385,385,1.336894929409027,662.8325805664062,3.250993251800537,
multi_join_sift_wiki_1,join,B3,0.5,0.1,140785,397776,415884.9543289703,1.0455255076449315,385,385,1.348217949271202,634.4077758789062,3.1912899017333984,
multi_join_sift_wiki_1,join,B3,0.5,0.1,2505,400312,435407.72809819726,1.0876709369146997,385,385,1.3332339003682137,620.676513671875,3.262022018432617,
multi_join_sift_wiki_1,join,B3,0.5,0.1,526089,399544,411740.9895665474,1.0305272750098797,385,385,7.594463415443897,671.0541381835938,3.1631457805633545,
multi_join_sift_wiki_1,join,B3,0.5,0.1,608072,399945,371702.4920241407,1.0759814867585689,385,385,1.3187788426876068,691.0638427734375,3.4596242904663086,
multi_join_sift_wiki_1,join,B3,0.5,0.1,224837,399138,375521.05198858713,1.0628911425507261,385,385,1.305965706706047,616.2449951171875,3.5153305530548096,
multi_join_sift_wiki_1,join,B3,0.5,0.1,386133,401137,419284.1800981568,1.045239357372062,385,385,1.3460656628012657,652.3587036132812,3.3409440517425537,
multi_join_sift_wiki_1,join,B3,0.5,0.1,487850,399959,411334.44151008385,1.0284415190309102,385,385,1.3869833201169968,659.6744995117188,2.9737961292266846,
multi_join_sift_wiki_1,join,B3,0.5,0.1,340195,397449,372240.9522098619,1.0677197058531225,385,385,1.3315808027982712,623.8457641601562,3.3361666202545166,
multi_join_sift_wiki_1,join,B3,0.5,0.1,122774,399352,385490.7872091139,1.0359573127317487,385,385,1.3303207233548164,628.59130859375,2.9925975799560547,
multi_join_sift_wiki_1,join,B3,0.5,0.1,690833,398113,421899.43107984157,1.059747938599949,385,385,1.4084391295909882,642.1257934570312,3.4445395469665527,
multi_join_sift_wiki_1,join,B3,0.5,0.1,686759,399024,405723.35079606524,1.0167893429870516,385,385,1.3719536364078522,624.73828125,3.5822367668151855,
multi_join_sift_wiki_1,join,B3,0.5,0.1,154430,398343,389266.77530151047,1.0233162069674697,385,385,1.531468704342842,628.089599609375,3.0902206897735596,
multi_join_sift_wiki_1,join,B3,0.5,0.1,630926,398221,410920.50766491576,1.0318906026174304,385,385,1.687644049525261,623.988525390625,3.4742069244384766,
multi_join_sift_wiki_1,join,B3,0.5,0.1,255248,399649,389237.41114985355,1.0267486848691891,385,385,1.7664646729826927,660.080810546875,3.2602715492248535,
multi_join_sift_wiki_1,join,B3,0.5,0.1,48107,398839,390571.3318673389,1.0211681387190734,385,385,7.087592966854572,630.8929443359375,3.3630759716033936,
multi_join_sift_wiki_1,join,B3,0.5,0.1,717611,401762,419680.57836856105,1.044599982996304,385,385,1.4429343864321709,630.0626831054688,2.9142706394195557,
multi_join_sift_wiki_1,join,B3,0.5,0.1,559097,401340,417088.1641865426,1.0392389599505223,385,385,1.624319702386856,636.3766479492188,3.4353229999542236,
multi_join_sift_wiki_1,join,B3,0.5,0.1,527854,398552,401476.3220765629,1.0073373664579852,385,385,1.5884879976511002,680.32568359375,3.2362077236175537,
multi_join_sift_wiki_1,join,B3,0.5,0.1,692258,401666,421526.42958820215,1.0494451349832998,385,385,1.6067354008555412,648.314697265625,3.776059865951538,
multi_join_sift_wiki_1,join,B3,0.5,0.1,344709,398277,384650.48550442606,1.0354257046567985,385,385,1.6855336725711823,633.8763427734375,3.213989496231079,
multi_join_sift_wiki_1,join,B3,0.5,0.1,414737,400491,401053.4705169734,1.0014044523272019,385,385,1.6191070899367332,672.5734252929688,3.403557300567627,
multi_join_sift_wiki_1,join,B3,0.5,0.1,362610,400830,397173.4418215509,1.0092064518757324,385,385,1.6345195472240448,656.8014526367188,3.365111827850342,
multi_join_sift_wiki_1,join,B3,0.5,0.1,129857,399316,380286.163642354,1.0500408328701196,385,385,1.6756625846028328,637.5941162109375,3.189283847808838,
multi_join_sift_wiki_1,join,B3,0.5,0.1,210898,400115,396519.71967617254,1.0090670908543051,385,385,1.517822965979576,625.4658813476562,2.9655251502990723,
multi_join_sift_wiki_1,join,B3,0.5,0.1,793779,399147,396411.5615223908,1.0069005012545647,385,385,7.278061471879482,650.0462036132812,3.1118245124816895,
multi_join_sift_wiki_1,join,B3,0.5,0.1,634727,399603,399179.2859309827,1.0010614630667247,385,385,1.6624517738819122,638.8820190429688,2.9159677028656006,
multi_join_sift_wiki_1,join,B3,0.5,0.1,351141,399713,390365.6802250565,1.0239450347416672,385,385,1.6409028321504593,652.2698974609375,3.1640126705169678,
multi_join_sift_wiki_1,join,B3,0.5,0.1,611020,400454,403717.60402484256,1.0081497600844105,385,385,1.5984075143933296,670.04150390625,3.011030912399292,
multi_join_sift_wiki_1,join,B3,0.5,0.2,145860,398710,403182.4250643019,1.0112172382541242,385,385,1.7019379884004593,632.5885009765625,3.2196497917175293,
multi_join_sift_wiki_1,join,B3,0.5,0.2,359095,400745,384301.16722700826,1.0427889222706375,385,385,1.6880575567483902,712.3372192382812,2.9822144508361816,
multi_join_sift_wiki_1,join,B3,0.5,0.2,286093,400090,411372.7598928802,1.0282005546074138,385,385,1.6013747081160545,668.2846069335938,2.9649856090545654,
multi_join_sift_wiki_1,join,B3,0.5,0.2,781121,398604,426124.8360231301,1.069043050303384,385,385,1.6362816095352173,633.0744018554688,3.111022710800171,
multi_join_sift_wiki_1,join,B3,0.5,0.2,142780,399343,401585.39056348783,1.0056151993736908,385,385,1.6660159453749657,612.7308349609375,3.2252681255340576,
multi_join_sift_wiki_1,join,B3,0.5,0.2,428790,399423,382476.65529708756,1.0443068732907357,385,385,1.52632687240839,618.5655517578125,2.9219067096710205,
multi_join_sift_wiki_1,join,B3,0.5,0.2,322723,399757,408116.14765505516,1.0209105723103165,385,385,1.6950145363807678,616.322509765625,3.350651979446411,
multi_join_sift_wiki_1,join,B3,0.5,0.2,588557,400915,375312.31310942,1.0682170181907027,385,385,1.6643237322568893,692.2169189453125,3.320391893386841,
multi_join_sift_wiki_1,join,B3,0.5,0.2,263638,395385,401433.1107382961,1.0152967632517576,385,385,1.523253507912159,631.7388916015625,3.5575485229492188,
multi_join_sift_wiki_1,join,B3,0.5,0.2,693614,401648,403497.8099667487,1.004605550050663,385,385,1.6991561278700829,674.3016357421875,2.99692440032959,
multi_join_sift_wiki_1,join,B3,0.5,0.2,546912,402189,416149.1790708281,1.034710494495941,385,385,1.6384776681661606,691.0267333984375,3.4822041988372803,
multi_join_sift_wiki_1,join,B3,0.5,0.2,444449,397169,417501.166326291,1.0511927323791408,385,385,1.5645753592252731,640.7890625,3.1300487518310547,
multi_join_sift_wiki_1,join,B3,0.5,0.2,663176,399165,376271.58212363283,1.0608428033474104,385,385,1.7850510776042938,624.8295288085938,2.868075370788574,
multi_join_sift_wiki_1,join,B3,0.5,0.2,763999,399127,438898.63759589725,1.099646572634518,385,385,1.669079065322876,645.675537109375,3.2920217514038086,
multi_join_sift_wiki_1,join,B3,0.5,0.2,782168,398860,408337.58163464395,1.0237616748599607,385,385,1.5644803643226624,636.8261108398438,3.004382610321045,
multi_join_sift_wiki_1,join,B3,0.5,0.2,673362,399669,378198.3045139437,1.0567709987850162,385,385,1.6689738258719444,651.6726684570312,3.2434425354003906,
multi_join_sift_wiki_1,join,B3,0.5,0.2,83904,400042,425571.8396020208,1.063817898125749,385,385,1.5158439055085182,638.3627319335938,3.318498134613037,
multi_join_sift_wiki_1,join,B3,0.5,0.2,695261,399029,359783.0257379222,1.1090823397840506,385,385,1.682644709944725,636.587158203125,3.045443058013916,
multi_join_sift_wiki_1,join,B3,0.5,0.2,386245,399811,406830.80461952515,1.01755780761291,385,385,1.6386006027460098,667.7885131835938,3.2378246784210205,
multi_join_sift_wiki_1,join,B3,0.5,0.2,69504,397908,380305.0182801313,1.046286482885436,385,385,1.5877606347203255,623.4112548828125,3.583242416381836,
multi_join_sift_wiki_1,join,B3,0.5,0.2,681535,400064,380117.1960562318,1.0524754053505578,385,385,1.6661249101161957,638.0115966796875,3.599292039871216,
multi_join_sift_wiki_1,join,B3,0.5,0.2,696279,398330,400018.73862814537,1.004239546677743,385,385,1.432737335562706,631.6973266601562,3.277513027191162,
multi_join_sift_wiki_1,join,B3,0.5,0.2,340223,397980,387375.88148849324,1.027374235253781,385,385,1.6904156655073166,658.37255859375,3.294217109680176,
multi_join_sift_wiki_1,join,B3,0.5,0.2,690943,399179,392844.52745508816,1.0161246297255242,385,385,1.7234403640031815,639.7871704101562,3.474707841873169,
multi_join_sift_wiki_1,join,B3,0.5,0.2,636616,397845,382292.8174754662,1.0406813359121818,385,385,1.7008697614073753,628.0264892578125,3.2147040367126465,
multi_join_sift_wiki_1,join,B3,0.5,0.2,48106,399067,390699.4044574191,1.0214169651837615,385,385,1.7253849655389786,633.595458984375,3.3630759716033936,
multi_join_sift_wiki_1,join,B3,0.5,0.2,352770,402444,408785.89385432366,1.0157584505032344,385,385,1.6671037301421165,576.0859375,3.4078516960144043,
multi_join_sift_wiki_1,join,B3,0.5,0.2,536954,398632,406014.14910337975,1.0185187067354848,385,385,1.6782945021986961,682.9450073242188,3.425676107406616,
multi_join_sift_wiki_1,join,B3,0.5,0.2,752067,397987,379906.2404313587,1.0475926890490448,385,385,1.6849804669618607,629.4962768554688,3.1004648208618164,
multi_join_sift_wiki_1,join,B3,0.5,0.2,602570,400621,398999.46110399085,1.0040640127470912,385,385,1.681264489889145,605.43212890625,3.1115832328796387,
multi_join_sift_wiki_1,join,B3,0.5,0.2,345404,398707,411653.11056172516,1.032470236443617,385,385,1.684737391769886,647.2669067382812,3.236467123031616,
multi_join_sift_wiki_1,join,B3,0.5,0.2,628777,397678,377824.5803186729,1.0525466597874122,385,385,1.6692066565155983,628.8193359375,3.219736337661743,
multi_join_sift_wiki_1,join,B3,0.5,0.2,137071,399079,372567.51833942806,1.0711588647843922,385,385,1.6982844099402428,644.4497680664062,3.162165880203247,
multi_join_sift_wiki_1,join,B3,0.5,0.2,296404,399804,442893.8000529029,1.1077773110146545,385,385,1.7282944172620773,631.6845092773438,3.6013643741607666,
multi_join_sift_wiki_1,join,B3,0.5,0.2,703153,399634,380721.0544876738,1.0496766472182024,385,385,1.6625653952360153,636.4227294921875,3.570199489593506,
multi_join_sift_wiki_1,join,B3,0.5,0.2,438962,400335,423052.1809924588,1.056745428185042,385,385,1.666845753788948,670.2269897460938,2.9620509147644043,
multi_join_sift_wiki_1,join,B3,0.5,0.2,33248,400259,414363.20254227315,1.0352376899514393,385,385,1.6638757660984993,626.25146484375,2.8117189407348633,
multi_join_sift_wiki_1,join,B3,0.5,0.2,779894,398996,390674.42418647325,1.0213005390123895,385,385,1.6753999516367912,672.0347290039062,2.9568333625793457,
multi_join_sift_wiki_1,join,B3,0.5,0.2,304120,399128,409567.5451163555,1.0261558826149895,385,385,1.6905050724744797,633.1439208984375,3.120129108428955,
multi_join_sift_wiki_1,join,B3,0.5,0.2,73745,399183,397130.5226636925,1.0051682689170827,385,385,1.6831262037158012,611.1333618164062,3.0156612396240234,
multi_join_sift_wiki_1,join,B3,0.5,0.2,516733,398227,413696.3431939771,1.038845540844737,385,385,1.6623027622699738,625.33349609375,3.3524067401885986,
multi_join_sift_wiki_1,join,B3,0.5,0.2,181346,399504,393297.8499453451,1.0157797711213457,385,385,1.6651982441544533,641.5231323242188,3.606886386871338,
multi_join_sift_wiki_1,join,B3,0.5,0.2,620747,399176,380267.8118688612,1.04972334639162,385,385,1.6796356067061424,641.6485595703125,3.348391532897949,
multi_join_sift_wiki_1,join,B3,0.5,0.2,738510,397541,379066.30479392747,1.0487373711997852,385,385,1.651913858950138,641.4796142578125,3.110562801361084,
multi_join_sift_wiki_1,join,B3,0.5,0.2,111011,397666,412894.367996264,1.0382943676257563,385,385,1.672135666012764,684.7930297851562,3.2114758491516113,
multi_join_sift_wiki_1,join,B3,0.5,0.2,426052,400966,409141.9094616175,1.0203905305228311,385,385,1.6494691371917725,611.555908203125,3.1900951862335205,
multi_join_sift_wiki_1,join,B3,0.5,0.2,724169,399932,388359.91882212984,1.0297973107342475,385,385,1.6511688008904457,635.0518798828125,3.185068130493164,
multi_join_sift_wiki_1,join,B3,0.5,0.2,588630,398285,386757.15391999827,1.0298064197731331,385,385,1.675131730735302,616.7924194335938,3.3296051025390625,
multi_join_sift_wiki_1,join,B3,0.5,0.2,790256,397837,390794.34449906735,1.0180213854168236,385,385,1.6624750569462776,632.74462890625,3.026947259902954,
multi_join_sift_wiki_1,join,B3,0.5,0.2,201003,400187,386448.96405423194,1.0355494184837306,385,385,1.662353053689003,659.1167602539062,3.2214205265045166,
multi_join_sift_wiki_1,join,B3,0.5,0.2,6443,398763,389214.40988722345,1.0245329820022422,385,385,1.6909576952457428,633.6627197265625,3.2246556282043457,
multi_join_sift_wiki_1,join,B3,0.5,0.2,642763,399611,416105.0101411511,1.041275165451279,385,385,1.6886033117771149,623.6600952148438,3.1688320636749268,
multi_join_sift_wiki_1,join,B3,0.5,0.2,193392,399312,428354.27785182267,1.0727307915910933,385,385,1.6678888350725174,652.0947875976562,3.302262783050537,
multi_join_sift_wiki_1,join,B3,0.5,0.2,203755,401002,404822.6952742203,1.0095278708690238,385,385,1.701081171631813,617.6568603515625,3.2884509563446045,
multi_join_sift_wiki_1,join,B3,0.5,0.2,94462,398108,394792.76076359913,1.008397416482482,385,385,1.6905590891838074,623.9115600585938,3.2820208072662354,
multi_join_sift_wiki_1,join,B3,0.5,0.2,590890,401658,409877.80484466173,1.0204646859882331,385,385,1.6700644046068192,690.3433227539062,3.3000500202178955,
multi_join_sift_wiki_1,join,B3,0.5,0.2,783383,399484,382175.46379475435,1.0452895014069796,385,385,1.6785571351647377,616.9453735351562,3.240548849105835,
multi_join_sift_wiki_1,join,B3,0.5,0.2,737605,400256,396752.5991171664,1.0088301901251036,385,385,1.6984855756163597,611.8055419921875,3.3159680366516113,
multi_join_sift_wiki_1,join,B3,0.5,0.2,516560,400150,425927.34340531105,1.0644192013127853,385,385,1.6674399375915527,662.9786376953125,3.455428123474121,
multi_join_sift_wiki_1,join,B3,0.5,0.2,137642,399818,430066.6544732836,1.0756560596903681,385,385,1.3741636648774147,675.9071044921875,3.242206335067749,
multi_join_sift_wiki_1,join,B3,0.5,0.2,37803,400972,405493.56400447513,1.0112765080965134,385,385,1.3039810582995415,654.3994140625,3.2687647342681885,
multi_join_sift_wiki_1,join,B3,0.5,0.2,254800,400501,392999.39149156463,1.0190880919178125,385,385,1.2345165014266968,679.9208984375,3.2437825202941895,
multi_join_sift_wiki_1,join,B3,0.5,0.2,605930,399404,398460.7162163401,1.002367319400058,385,385,1.331660896539688,663.73876953125,3.087928295135498,
multi_join_sift_wiki_1,join,B3,0.5,0.2,209329,398628,422801.4652192342,1.0606416639554526,385,385,1.3516582548618317,637.8901977539062,3.1931419372558594,
multi_join_sift_wiki_1,join,B3,0.5,0.2,766585,397630,407517.3743782838,1.0248657656069307,385,385,1.324530690908432,677.976806640625,3.410522222518921,
multi_join_sift_wiki_1,join,B3,0.5,0.2,488782,398822,363425.1550426151,1.0973978946317964,385,385,1.3552429154515266,632.046630859375,3.4162635803222656,
multi_join_sift_wiki_1,join,B3,0.5,0.2,374559,398019,393063.82306693844,1.0126065454062856,385,385,1.3785650953650475,626.3645629882812,3.4265925884246826,
multi_join_sift_wiki_1,join,B3,0.5,0.2,111780,398615,395509.2844953443,1.0078524465199812,385,385,1.3493215665221214,629.2195434570312,3.453725576400757,
multi_join_sift_wiki_1,join,B3,0.5,0.2,178188,398892,417530.016397366,1.0467244677691356,385,385,1.3487711548805237,702.2760620117188,3.4229471683502197,
multi_join_sift_wiki_1,join,B3,0.5,0.2,539857,395988,440442.50426404877,1.1122622510380333,385,385,1.35109294205904,628.4251708984375,3.2578957080841064,
multi_join_sift_wiki_1,join,B3,0.5,0.2,781264,399752,407026.0619444979,1.0181964366519691,385,385,1.3591628521680832,647.1472778320312,3.049591064453125,
multi_join_sift_wiki_1,join,B3,0.5,0.2,771184,400317,359169.9471191245,1.1145615138764056,385,385,1.326700672507286,662.8325805664062,3.250993251800537,
multi_join_sift_wiki_1,join,B3,0.5,0.2,140785,397776,378332.9952890272,1.051391247797775,385,385,1.3451678678393364,634.4077758789062,3.1912899017333984,
multi_join_sift_wiki_1,join,B3,0.5,0.2,2505,400312,389736.28472125,1.0271355675448952,385,385,1.3592271134257317,620.676513671875,3.262022018432617,
multi_join_sift_wiki_1,join,B3,0.5,0.2,526089,399544,397354.6775914585,1.0055097436421585,385,385,1.3365866616368294,671.0541381835938,3.1631457805633545,
multi_join_sift_wiki_1,join,B3,0.5,0.2,608072,399945,413455.85288026655,1.0337817771950306,385,385,1.3336539268493652,691.0638427734375,3.4596242904663086,
multi_join_sift_wiki_1,join,B3,0.5,0.2,224837,399138,374093.87563501677,1.0669460956089467,385,385,1.38831976801157,616.2449951171875,3.5153305530548096,
multi_join_sift_wiki_1,join,B3,0.5,0.2,386133,401137,391192.0069111772,1.0254222809084157,385,385,1.4239884912967682,652.3587036132812,3.3409440517425537,
multi_join_sift_wiki_1,join,B3,0.5,0.2,487850,399959,390703.6353716666,1.0236889647047411,385,385,1.7048558220267296,659.6744995117188,2.9737961292266846,
multi_join_sift_wiki_1,join,B3,0.5,0.2,340195,397449,403652.84503530787,1.0156091600062092,385,385,1.6296813264489174,623.8457641601562,3.3361666202545166,
multi_join_sift_wiki_1,join,B3,0.5,0.2,122774,399352,414517.96950177563,1.0379764455963052,385,385,1.5507424250245094,628.59130859375,2.9925975799560547,
multi_join_sift_wiki_1,join,B3,0.5,0.2,690833,398113,386533.9566983903,1.0299560830321688,385,385,1.676269806921482,642.1257934570312,3.4445395469665527,
multi_join_sift_wiki_1,join,B3,0.5,0.2,686759,399024,384989.20427307615,1.0364550371053232,385,385,1.6071274876594543,624.73828125,3.5822367668151855,
multi_join_sift_wiki_1,join,B3,0.5,0.2,154430,398343,361634.390720562,1.1015075175961433,385,385,1.5656370669603348,628.089599609375,3.0902206897735596,
multi_join_sift_wiki_1,join,B3,0.5,0.2,630926,398221,396345.41868533223,1.0047321887077414,385,385,1.6468064859509468,623.988525390625,3.4742069244384766,
multi_join_sift_wiki_1,join,B3,0.5,0.2,255248,399649,403965.46895598446,1.0108006499603013,385,385,1.629362814128399,660.080810546875,3.2602715492248535,
multi_join_sift_wiki_1,join,B3,0.5,0.2,48107,398839,392737.5505627186,1.0155356915287046,385,385,1.5489840880036354,630.8929443359375,3.3630759716033936,
multi_join_sift_wiki_1,join,B3,0.5,0.2,717611,401762,421854.9282315124,1.050012017641072,385,385,1.6409149393439293,630.0626831054688,2.9142706394195557,
multi_join_sift_wiki_1,join,B3,0.5,0.2,559097,401340,380427.84081697743,1.0549701071775222,385,385,1.6545187681913376,636.3766479492188,3.4353229999542236,
multi_join_sift_wiki_1,join,B3,0.5,0.2,527854,398552,401129.1773096798,1.0064663514665082,385,385,1.6513345763087273,680.32568359375,3.2362077236175537,
multi_join_sift_wiki_1,join,B3,0.5,0.2,692258,401666,415490.1869661099,1.0344171201100165,385,385,1.5463093295693398,648.314697265625,3.776059865951538,
multi_join_sift_wiki_1,join,B3,0.5,0.2,344709,398277,358103.4731158886,1.1121841308450826,385,385,1.6617635264992714,633.8763427734375,3.213989496231079,
multi_join_sift_wiki_1,join,B3,0.5,0.2,414737,400491,434215.9830342909,1.0842090909266149,385,385,1.6060834750533104,672.5734252929688,3.403557300567627,
multi_join_sift_wiki_1,join,B3,0.5,0.2,362610,400830,392518.5083487438,1.0211747764104708,385,385,1.5484970062971115,656.8014526367188,3.365111827850342,
multi_join_sift_wiki_1,join,B3,0.5,0.2,129857,399316,401174.85643204884,1.004655101303351,385,385,1.6524577513337135,637.5941162109375,3.189283847808838,
multi_join_sift_wiki_1,join,B3,0.5,0.2,210898,400115,376433.8130228331,1.062909298149926,385,385,1.6459012404084206,625.4658813476562,2.9655251502990723,
multi_join_sift_wiki_1,join,B3,0.5,0.2,793779,399147,402822.36049098667,1.0092080373671521,385,385,7.1823569014668465,650.0462036132812,3.1118245124816895,
multi_join_sift_wiki_1,join,B3,0.5,0.2,634727,399603,388454.2543953073,1.0287002793213003,385,385,1.61732267588377,638.8820190429688,2.9159677028656006,
multi_join_sift_wiki_1,join,B3,0.5,0.2,351141,399713,400817.90347899275,1.0027642420411464,385,385,1.5833396464586258,652.2698974609375,3.1640126705169678,
multi_join_sift_wiki_1,join,B3,0.5,0.2,611020,400454,405216.61817679316,1.0118930468338265,385,385,1.6861865296959877,670.04150390625,3.011030912399292,
multi_join_sift_wiki_1,join,B3,0.5,0.3,145860,398710,413311.70368630986,1.0366223663472445,385,385,1.7314627766609192,632.5885009765625,3.2196497917175293,
multi_join_sift_wiki_1,join,B3,0.5,0.3,359095,400745,388830.842137788,1.0306409794982005,385,385,1.633383333683014,712.3372192382812,2.9822144508361816,
multi_join_sift_wiki_1,join,B3,0.5,0.3,286093,400090,401365.7437187705,1.0031886418525096,385,385,1.563352532684803,668.2846069335938,2.9649856090545654,
multi_join_sift_wiki_1,join,B3,0.5,0.3,781121,398604,436371.27214456646,1.0947488538613923,385,385,1.6731983050704002,633.0744018554688,3.111022710800171,
multi_join_sift_wiki_1,join,B3,0.5,0.3,142780,399343,412087.56209673267,1.0319138236972545,385,385,1.6709687188267708,612.7308349609375,3.2252681255340576,
multi_join_sift_wiki_1,join,B3,0.5,0.3,428790,399423,366137.3010784795,1.0909104284744424,385,385,1.6012294217944145,618.5655517578125,2.9219067096710205,
multi_join_sift_wiki_1,join,B3,0.5,0.3,322723,399757,408529.88925091934,1.0219455550519925,385,385,1.5862621366977692,616.322509765625,3.350651979446411,
multi_join_sift_wiki_1,join,B3,0.5,0.3,588557,400915,402438.1731053337,1.0037992419972654,385,385,1.6717799007892609,692.2169189453125,3.320391893386841,
multi_join_sift_wiki_1,join,B3,0.5,0.3,263638,395385,382850.7242240619,1.0327393288894564,385,385,1.5446431934833527,631.7388916015625,3.5575485229492188,
multi_join_sift_wiki_1,join,B3,0.5,0.3,693614,401648,403514.20940686116,1.0046463804297823,385,385,1.5829317271709442,674.3016357421875,2.99692440032959,
multi_join_sift_wiki_1,join,B3,0.5,0.3,546912,402189,409944.3538588906,1.0192828592002532,385,385,1.6671307384967804,691.0267333984375,3.4822041988372803,
multi_join_sift_wiki_1,join,B3,0.5,0.3,444449,397169,425964.6079379502,1.0725021538386685,385,385,1.6471520066261292,640.7890625,3.1300487518310547,
multi_join_sift_wiki_1,join,B3,0.5,0.3,663176,399165,394941.89247918397,1.0106929844648946,385,385,1.5462394803762436,624.8295288085938,2.868075370788574,
multi_join_sift_wiki_1,join,B3,0.5,0.3,763999,399127,369694.96094022354,1.079611685766351,385,385,1.6434937715530396,645.675537109375,3.2920217514038086,
multi_join_sift_wiki_1,join,B3,0.5,0.3,782168,398860,391491.3727429882,1.0188219403288084,385,385,1.5754196792840958,636.8261108398438,3.004382610321045,
multi_join_sift_wiki_1,join,B3,0.5,0.3,673362,399669,401067.7853178556,1.003499859428316,385,385,1.5474865213036537,651.6726684570312,3.2434425354003906,
multi_join_sift_wiki_1,join,B3,0.5,0.3,83904,400042,365553.477844008,1.0943460375740406,385,385,1.622447744011879,638.3627319335938,3.318498134613037,
multi_join_sift_wiki_1,join,B3,0.5,0.3,695261,399029,382837.66419527616,1.042292954217966,385,385,1.5242639929056168,636.587158203125,3.045443058013916,
multi_join_sift_wiki_1,join,B3,0.5,0.3,386245,399811,373935.0842149865,1.0691989515756073,385,385,1.6178786754608154,667.7885131835938,3.2378246784210205,
multi_join_sift_wiki_1,join,B3,0.5,0.3,69504,397908,363804.7364773667,1.0937405704302998,385,385,7.149343378841877,623.4112548828125,3.583242416381836,
multi_join_sift_wiki_1,join,B3,0.5,0.3,681535,400064,405359.8054216478,1.013237395570828,385,385,1.6371188685297966,638.0115966796875,3.599292039871216,
multi_join_sift_wiki_1,join,B3,0.5,0.3,696279,398330,379022.28981662384,1.0509408304000207,385,385,1.5652179718017578,631.6973266601562,3.277513027191162,
multi_join_sift_wiki_1,join,B3,0.5,0.3,340223,397980,393185.13429891865,1.0121949313003173,385,385,1.603514887392521,658.37255859375,3.294217109680176,
multi_join_sift_wiki_1,join,B3,0.5,0.3,690943,399179,391030.3363166441,1.0208389552588508,385,385,1.59407127648592,639.7871704101562,3.474707841873169,
multi_join_sift_wiki_1,join,B3,0.5,0.3,636616,397845,388449.5481096818,1.0241870583607047,385,385,1.508374698460102,628.0264892578125,3.2147040367126465,
multi_join_sift_wiki_1,join,B3,0.5,0.3,48106,399067,369752.0544676109,1.079282711693376,385,385,1.6370881348848343,633.595458984375,3.3630759716033936,
multi_join_sift_wiki_1,join,B3,0.5,0.3,352770,402444,382564.2049798088,1.0519645977365824,385,385,1.5795007348060608,576.0859375,3.4078516960144043,
multi_join_sift_wiki_1,join,B3,0.5,0.3,536954,398632,378884.0325837078,1.0521214031682087,385,385,1.551412045955658,682.9450073242188,3.425676107406616,
multi_join_sift_wiki_1,join,B3,0.5,0.3,752067,397987,407209.87187829986,1.0231738018535779,385,385,1.625879667699337,629.4962768554688,3.1004648208618164,
multi_join_sift_wiki_1,join,B3,0.5,0.3,602570,400621,388369.84028554976,1.0315450852348436,385,385,1.5263371169567108,605.43212890625,3.1115832328796387,
multi_join_sift_wiki_1,join,B3,0.5,0.3,345404,398707,374229.65131203434,1.0654072936287893,385,385,7.176938466727734,647.2669067382812,3.236467123031616,
multi_join_sift_wiki_1,join,B3,0.5,0.3,628777,397678,411242.17546468484,1.0341084381451446,385,385,1.6267066821455956,628.8193359375,3.219736337661743,
multi_join_sift_wiki_1,join,B3,0.5,0.3,137071,399079,407361.68967751326,1.0207545114564116,385,385,1.6167014837265015,644.4497680664062,3.162165880203247,
multi_join_sift_wiki_1,join,B3,0.5,0.3,296404,399804,388484.51657920383,1.0291375407196914,385,385,1.5580710023641586,631.6845092773438,3.6013643741607666,
multi_join_sift_wiki_1,join,B3,0.5,0.3,703153,399634,382133.48598055774,1.0457968606821666,385,385,1.5867287293076515,636.4227294921875,3.570199489593506,
multi_join_sift_wiki_1,join,B3,0.5,0.3,438962,400335,400528.4431500534,1.0004832031924598,385,385,1.6016019508242607,670.2269897460938,2.9620509147644043,
multi_join_sift_wiki_1,join,B3,0.5,0.3,33248,400259,416204.008922402,1.039836728024609,385,385,1.4931904152035713,626.25146484375,2.8117189407348633,
multi_join_sift_wiki_1,join,B3,0.5,0.3,779894,398996,405530.4225977882,1.0163771631740375,385,385,1.6470057889819145,672.0347290039062,2.9568333625793457,
multi_join_sift_wiki_1,join,B3,0.5,0.3,304120,399128,380580.07496763545,1.048735932993712,385,385,2.1646562963724136,633.1439208984375,3.120129108428955,
multi_join_sift_wiki_1,join,B3,0.5,0.3,73745,399183,413537.84432034375,1.03596056024516,385,385,7.2621311992406845,611.1333618164062,3.0156612396240234,
multi_join_sift_wiki_1,join,B3,0.5,0.3,516733,398227,380732.8933090987,1.0459485035265883,385,385,1.5986626967787743,625.33349609375,3.3524067401885986,
multi_join_sift_wiki_1,join,B3,0.5,0.3,181346,399504,403910.43448106636,1.011029763108921,385,385,1.6341637820005417,641.5231323242188,3.606886386871338,
multi_join_sift_wiki_1,join,B3,0.5,0.3,620747,399176,405323.20400917577,1.0153997334738956,385,385,1.5020975843071938,641.6485595703125,3.348391532897949,
multi_join_sift_wiki_1,join,B3,0.5,0.3,738510,397541,380861.29676438536,1.0437946921289125,385,385,1.601257361471653,641.4796142578125,3.110562801361084,
multi_join_sift_wiki_1,join,B3,0.5,0.3,111011,397666,394300.5258953917,1.00853530209468,385,385,1.5855571255087852,684.7930297851562,3.2114758491516113,
multi_join_sift_wiki_1,join,B3,0.5,0.3,426052,400966,391868.9472080029,1.0232145283692724,385,385,1.518862321972847,611.555908203125,3.1900951862335205,
multi_join_sift_wiki_1,join,B3,0.5,0.3,724169,399932,388567.2169750143,1.0292479203816014,385,385,1.6343770548701286,635.0518798828125,3.185068130493164,
multi_join_sift_wiki_1,join,B3,0.5,0.3,588630,398285,409956.7441274436,1.029305005529818,385,385,1.5432946383953094,616.7924194335938,3.3296051025390625,
multi_join_sift_wiki_1,join,B3,0.5,0.3,790256,397837,395074.44527306117,1.0069924915670754,385,385,1.5690578147768974,632.74462890625,3.026947259902954,
multi_join_sift_wiki_1,join,B3,0.5,0.3,201003,400187,413018.08532400907,1.032062723986559,385,385,1.6335006803274155,659.1167602539062,3.2214205265045166,
multi_join_sift_wiki_1,join,B3,0.5,0.3,6443,398763,399656.1319052908,1.0022397562093044,385,385,1.5233177691698074,633.6627197265625,3.2246556282043457,
multi_join_sift_wiki_1,join,B3,0.5,0.3,642763,399611,372099.8433757294,1.07393487827,385,385,1.5886779874563217,623.6600952148438,3.1688320636749268,
multi_join_sift_wiki_1,join,B3,0.5,0.3,193392,399312,376820.0465657964,1.059688845217199,385,385,1.6012061387300491,652.0947875976562,3.302262783050537,
multi_join_sift_wiki_1,join,B3,0.5,0.3,203755,401002,374135.8844686578,1.0718084435271347,385,385,1.5125628560781479,617.6568603515625,3.2884509563446045,
multi_join_sift_wiki_1,join,B3,0.5,0.3,94462,398108,401353.09759342414,1.0081512996308142,385,385,1.6441689804196358,623.9115600585938,3.2820208072662354,
multi_join_sift_wiki_1,join,B3,0.5,0.3,590890,401658,388713.156709036,1.03330178839471,385,385,1.5621203929185867,690.3433227539062,3.3000500202178955,
multi_join_sift_wiki_1,join,B3,0.5,0.3,783383,399484,413765.5302376732,1.0357499430206796,385,385,1.5288116410374641,616.9453735351562,3.240548849105835,
multi_join_sift_wiki_1,join,B3,0.5,0.3,737605,400256,386522.8294930795,1.03553003719064,385,385,1.6333675011992455,611.8055419921875,3.3159680366516113,
multi_join_sift_wiki_1,join,B3,0.5,0.3,516560,400150,392914.96850564715,1.0184137334392462,385,385,1.522826962172985,662.9786376953125,3.455428123474121,
multi_join_sift_wiki_1,join,B3,0.5,0.3,137642,399818,430137.85113491316,1.07583413236751,385,385,1.603112556040287,675.9071044921875,3.242206335067749,
multi_join_sift_wiki_1,join,B3,0.5,0.3,37803,400972,393278.1211584535,1.0195634550401205,385,385,1.6066338866949081,654.3994140625,3.2687647342681885,
multi_join_sift_wiki_1,join,B3,0.5,0.3,254800,400501,391340.1897897237,1.0234088152693916,385,385,1.4815935865044594,679.9208984375,3.2437825202941895,
multi_join_sift_wiki_1,join,B3,0.5,0.3,605930,399404,405333.1612226698,1.0148450221396625,385,385,1.6404185444116592,663.73876953125,3.087928295135498,
multi_join_sift_wiki_1,join,B3,0.5,0.3,209329,398628,393270.01236036594,1.013624195771948,385,385,1.5729470178484917,637.8901977539062,3.1931419372558594,
multi_join_sift_wiki_1,join,B3,0.5,0.3,766585,397630,374348.36910250376,1.0621924197327577,385,385,1.5170276165008545,677.976806640625,3.410522222518921,
multi_join_sift_wiki_1,join,B3,0.5,0.3,488782,398822,405815.2404364653,1.017534740903123,385,385,1.627955585718155,632.046630859375,3.4162635803222656,
multi_join_sift_wiki_1,join,B3,0.5,0.3,374559,398019,416389.12845676637,1.0461538983233625,385,385,1.5187542885541916,626.3645629882812,3.4265925884246826,
multi_join_sift_wiki_1,join,B3,0.5,0.3,111780,398615,387104.1643818839,1.029735757651939,385,385,1.5810532495379448,629.2195434570312,3.453725576400757,
multi_join_sift_wiki_1,join,B3,0.5,0.3,178188,398892,386832.22083919833,1.0311757359163076,385,385,1.6060015186667442,702.2760620117188,3.4229471683502197,
multi_join_sift_wiki_1,join,B3,0.5,0.3,539857,395988,394945.2898325898,1.0026401382526988,385,385,1.529516652226448,628.4251708984375,3.2578957080841064,
multi_join_sift_wiki_1,join,B3,0.5,0.3,781264,399752,412945.794301707,1.0330049488225375,385,385,1.6346080228686333,647.1472778320312,3.049591064453125,
multi_join_sift_wiki_1,join,B3,0.5,0.3,771184,400317,403892.2774803538,1.0089311157916196,385,385,1.6002794727683067,662.8325805664062,3.250993251800537,
multi_join_sift_wiki_1,join,B3,0.5,0.3,140785,397776,380156.2663043372,1.0463486604257555,385,385,1.491103321313858,634.4077758789062,3.1912899017333984,
multi_join_sift_wiki_1,join,B3,0.5,0.3,2505,400312,412279.91285644844,1.029896462900059,385,385,1.6432227566838264,620.676513671875,3.262022018432617,
multi_join_sift_wiki_1,join,B3,0.5,0.3,526089,399544,426214.50769815093,1.0667523669436931,385,385,1.5876349061727524,671.0541381835938,3.1631457805633545,
multi_join_sift_wiki_1,join,B3,0.5,0.3,608072,399945,372116.7300291437,1.0747837109303762,385,385,1.523657701909542,691.0638427734375,3.4596242904663086,
multi_join_sift_wiki_1,join,B3,0.5,0.3,224837,399138,421831.37845674506,1.056855970758848,385,385,1.6191592440009117,616.2449951171875,3.5153305530548096,
multi_join_sift_wiki_1,join,B3,0.5,0.3,386133,401137,421771.271117959,1.051439461126645,385,385,1.5410911291837692,652.3587036132812,3.3409440517425537,
multi_join_sift_wiki_1,join,B3,0.5,0.3,487850,399959,357394.90142107196,1.1190954275220069,385,385,1.566787250339985,659.6744995117188,2.9737961292266846,
multi_join_sift_wiki_1,join,B3,0.5,0.3,340195,397449,393469.5799976497,1.0101136662264312,385,385,1.638149842619896,623.8457641601562,3.3361666202545166,
multi_join_sift_wiki_1,join,B3,0.5,0.3,122774,399352,415061.2280568589,1.0393367957512643,385,385,1.5255101025104523,628.59130859375,2.9925975799560547,
multi_join_sift_wiki_1,join,B3,0.5,0.3,690833,398113,407236.71954324754,1.0229174117480402,385,385,1.5905890613794327,642.1257934570312,3.4445395469665527,
multi_join_sift_wiki_1,join,B3,0.5,0.3,686759,399024,420335.8577203933,1.0534099646146429,385,385,1.6466481611132622,624.73828125,3.5822367668151855,
multi_join_sift_wiki_1,join,B3,0.5,0.3,154430,398343,422428.1189079211,1.0604632663506603,385,385,1.5316270291805267,628.089599609375,3.0902206897735596,
multi_join_sift_wiki_1,join,B3,0.5,0.3,630926,398221,369185.57987773686,1.078647221627342,385,385,1.590527594089508,623.988525390625,3.4742069244384766,
multi_join_sift_wiki_1,join,B3,0.5,0.3,255248,399649,391531.9256982931,1.02073157709229,385,385,1.6138488426804543,660.080810546875,3.2602715492248535,
multi_join_sift_wiki_1,join,B3,0.5,0.3,48107,398839,386572.75906922575,1.0317307431602485,385,385,1.5100045129656792,630.8929443359375,3.3630759716033936,
multi_join_sift_wiki_1,join,B3,0.5,0.3,717611,401762,401118.4669553145,1.001604346590099,385,385,1.6508819535374641,630.0626831054688,2.9142706394195557,
multi_join_sift_wiki_1,join,B3,0.5,0.3,559097,401340,388716.3605388578,1.03247519462171,385,385,1.642940565943718,636.3766479492188,3.4353229999542236,
multi_join_sift_wiki_1,join,B3,0.5,0.3,527854,398552,399323.20548280876,1.0019350184738973,385,385,1.5225056558847427,680.32568359375,3.2362077236175537,
multi_join_sift_wiki_1,join,B3,0.5,0.3,692258,401666,407153.6821521728,1.0136623018930475,385,385,1.6030343249440193,648.314697265625,3.776059865951538,
multi_join_sift_wiki_1,join,B3,0.5,0.3,344709,398277,408051.83781213476,1.024542812696025,385,385,1.6077002510428429,633.8763427734375,3.213989496231079,
multi_join_sift_wiki_1,join,B3,0.5,0.3,414737,400491,377781.89832297066,1.0601116723110302,385,385,1.5140501782298088,672.5734252929688,3.403557300567627,
multi_join_sift_wiki_1,join,B3,0.5,0.3,362610,400830,423932.8548693665,1.0576375392794115,385,385,1.7093028873205185,656.8014526367188,3.365111827850342,
multi_join_sift_wiki_1,join,B3,0.5,0.3,129857,399316,384519.1577122421,1.0384814176120485,385,385,1.64751335978508,637.5941162109375,3.189283847808838,
multi_join_sift_wiki_1,join,B3,0.5,0.3,210898,400115,407205.7548248872,1.0177217920470045,385,385,1.5053395181894302,625.4658813476562,2.9655251502990723,
multi_join_sift_wiki_1,join,B3,0.5,0.3,793779,399147,390202.24282052106,1.0229233874075736,385,385,1.6210544854402542,650.0462036132812,3.1118245124816895,
multi_join_sift_wiki_1,join,B3,0.5,0.3,634727,399603,386464.6131434031,1.0339963515669202,385,385,1.617157831788063,638.8820190429688,2.9159677028656006,
multi_join_sift_wiki_1,join,B3,0.5,0.3,351141,399713,419472.2882006701,1.0494336891736573,385,385,1.4658160507678986,652.2698974609375,3.1640126705169678,
multi_join_sift_wiki_1,join,B3,0.5,0.3,611020,400454,413600.1204741178,1.0328280413583528,385,385,1.6692858189344406,670.04150390625,3.011030912399292,
multi_join_sift_wiki_1,join,B3,0.5,0.4,145860,398710,392809.4697498168,1.0150213543831854,385,385,1.6780924052000046,632.5885009765625,3.2196497917175293,
multi_join_sift_wiki_1,join,B3,0.5,0.4,359095,400745,443006.9921153321,1.105458563713414,385,385,1.554884947836399,712.3372192382812,2.9822144508361816,
multi_join_sift_wiki_1,join,B3,0.5,0.4,286093,400090,442989.1742227051,1.107223810199468,385,385,1.5395544469356537,668.2846069335938,2.9649856090545654,
multi_join_sift_wiki_1,join,B3,0.5,0.4,781121,398604,384928.66843375494,1.0355269240451457,385,385,1.614564098417759,633.0744018554688,3.111022710800171,
multi_join_sift_wiki_1,join,B3,0.5,0.4,142780,399343,405538.3480193825,1.0155138515496265,385,385,1.5742415562272072,612.7308349609375,3.2252681255340576,
multi_join_sift_wiki_1,join,B3,0.5,0.4,428790,399423,401991.04539995024,1.0064293878919097,385,385,1.5559392049908638,618.5655517578125,2.9219067096710205,
multi_join_sift_wiki_1,join,B3,0.5,0.4,322723,399757,370840.759621117,1.077974817030432,385,385,1.6731154173612595,616.322509765625,3.350651979446411,
multi_join_sift_wiki_1,join,B3,0.5,0.4,588557,400915,398200.9033684008,1.0068158977255965,385,385,1.6136504709720612,692.2169189453125,3.320391893386841,
multi_join_sift_wiki_1,join,B3,0.5,0.4,263638,395385,388872.10219616606,1.016748174443608,385,385,1.5625469386577606,631.7388916015625,3.5575485229492188,
multi_join_sift_wiki_1,join,B3,0.5,0.4,693614,401648,390493.16709388024,1.0285660130473884,385,385,1.6426676884293556,674.3016357421875,2.99692440032959,
multi_join_sift_wiki_1,join,B3,0.5,0.4,546912,402189,383030.44060898194,1.0500183728493167,385,385,1.6179634258151054,691.0267333984375,3.4822041988372803,
multi_join_sift_wiki_1,join,B3,0.5,0.4,444449,397169,396461.9978552039,1.001783278469616,385,385,1.5429295599460602,640.7890625,3.1300487518310547,
multi_join_sift_wiki_1,join,B3,0.5,0.4,663176,399165,394941.94829347456,1.0106928416309613,385,385,1.6656657680869102,624.8295288085938,2.868075370788574,
multi_join_sift_wiki_1,join,B3,0.5,0.4,763999,399127,376722.6665948012,1.0594716893669067,385,385,1.6510523855686188,645.675537109375,3.2920217514038086,
multi_join_sift_wiki_1,join,B3,0.5,0.4,782168,398860,410223.0742137366,1.0284888788390327,385,385,1.5613473951816559,636.8261108398438,3.004382610321045,
multi_join_sift_wiki_1,join,B3,0.5,0.4,673362,399669,388569.8991681356,1.0285639748617321,385,385,1.5797773376107216,651.6726684570312,3.2434425354003906,
multi_join_sift_wiki_1,join,B3,0.5,0.4,83904,400042,388631.76873962936,1.029360006510469,385,385,1.6382401809096336,638.3627319335938,3.318498134613037,
multi_join_sift_wiki_1,join,B3,0.5,0.4,695261,399029,374405.1959637638,1.0657677946291626,385,385,1.5617990866303444,636.587158203125,3.045443058013916,
multi_join_sift_wiki_1,join,B3,0.5,0.4,386245,399811,409291.4348809364,1.0237122912599614,385,385,1.5843426808714867,667.7885131835938,3.2378246784210205,
multi_join_sift_wiki_1,join,B3,0.5,0.4,69504,397908,438573.27498638973,1.1021976813393792,385,385,1.6460102051496506,623.4112548828125,3.583242416381836,
multi_join_sift_wiki_1,join,B3,0.5,0.4,681535,400064,417809.73622426705,1.0443572434017234,385,385,1.5632230788469315,638.0115966796875,3.599292039871216,
multi_join_sift_wiki_1,join,B3,0.5,0.4,696279,398330,391544.8541076476,1.0173291663041164,385,385,1.5668068081140518,631.6973266601562,3.277513027191162,
multi_join_sift_wiki_1,join,B3,0.5,0.4,340223,397980,372907.83552542375,1.067234212011796,385,385,1.668422482907772,658.37255859375,3.294217109680176,
multi_join_sift_wiki_1,join,B3,0.5,0.4,690943,399179,423795.2305693048,1.0616671482450348,385,385,1.6080904752016068,639.7871704101562,3.474707841873169,
multi_join_sift_wiki_1,join,B3,0.5,0.4,636616,397845,380154.60263889696,1.0465347446494206,385,385,1.5380950644612312,628.0264892578125,3.2147040367126465,
multi_join_sift_wiki_1,join,B3,0.5,0.4,48106,399067,375761.1087156404,1.0620231597783487,385,385,1.64793711155653,633.595458984375,3.3630759716033936,
multi_join_sift_wiki_1,join,B3,0.5,0.4,352770,402444,371345.2241415025,1.083746265837654,385,385,1.6276231035590172,576.0859375,3.4078516960144043,
multi_join_sift_wiki_1,join,B3,0.5,0.4,536954,398632,372008.1246428678,1.0715679943353156,385,385,7.2454968467354774,682.9450073242188,3.425676107406616,
multi_join_sift_wiki_1,join,B3,0.5,0.4,752067,397987,408897.51794840896,1.0274142571199787,385,385,5.307584069669247,629.4962768554688,3.1004648208618164,
multi_join_sift_wiki_1,join,B3,0.5,0.4,602570,400621,390210.2544766702,1.0266798358164426,385,385,1.1508427560329437,605.43212890625,3.1115832328796387,
multi_join_sift_wiki_1,join,B3,0.5,0.4,345404,398707,384306.62258580705,1.0374710623441772,385,385,1.1367453262209892,647.2669067382812,3.236467123031616,
multi_join_sift_wiki_1,join,B3,0.5,0.4,628777,397678,410790.685417695,1.0329731225204688,385,385,1.132308505475521,628.8193359375,3.219736337661743,
multi_join_sift_wiki_1,join,B3,0.5,0.4,137071,399079,399143.76767971716,1.000162292878646,385,385,22.556261159479618,644.4497680664062,3.162165880203247,
multi_join_sift_wiki_1,join,B3,0.5,0.4,296404,399804,420280.5665404721,1.051216512442277,385,385,13.181054033339024,631.6845092773438,3.6013643741607666,
multi_join_sift_wiki_1,join,B3,0.5,0.4,703153,399634,397137.05768463685,1.0062873566368262,385,385,1.2515755370259285,636.4227294921875,3.570199489593506,
multi_join_sift_wiki_1,join,B3,0.5,0.4,438962,400335,421832.75579911517,1.0536994162366897,385,385,1.1855950579047203,670.2269897460938,2.9620509147644043,
multi_join_sift_wiki_1,join,B3,0.5,0.4,33248,400259,388998.85434131476,1.0289464751194495,385,385,1.1726105585694313,626.25146484375,2.8117189407348633,
multi_join_sift_wiki_1,join,B3,0.5,0.4,779894,398996,381762.5699834412,1.0451417487505552,385,385,1.1585438624024391,672.0347290039062,2.9568333625793457,
multi_join_sift_wiki_1,join,B3,0.5,0.4,304120,399128,407806.0082408333,1.021742419075668,385,385,1.1530248448252678,633.1439208984375,3.120129108428955,
multi_join_sift_wiki_1,join,B3,0.5,0.4,73745,399183,397261.63044021506,1.0048365344462182,385,385,1.1408133432269096,611.1333618164062,3.0156612396240234,
multi_join_sift_wiki_1,join,B3,0.5,0.4,516733,398227,430221.5213732808,1.0803424212152386,385,385,1.1368431150913239,625.33349609375,3.3524067401885986,
multi_join_sift_wiki_1,join,B3,0.5,0.4,181346,399504,376618.3619780537,1.0607661238335477,385,385,1.1424776166677475,641.5231323242188,3.606886386871338,
multi_join_sift_wiki_1,join,B3,0.5,0.4,620747,399176,428470.41118735145,1.0733872056119391,385,385,1.1381544172763824,641.6485595703125,3.348391532897949,
multi_join_sift_wiki_1,join,B3,0.5,0.4,738510,397541,345065.52650159074,1.1520739380442495,385,385,1.1374419555068016,641.4796142578125,3.110562801361084,
multi_join_sift_wiki_1,join,B3,0.5,0.4,111011,397666,415315.3224777203,1.044382276779308,385,385,13.093307614326477,684.7930297851562,3.2114758491516113,
multi_join_sift_wiki_1,join,B3,0.5,0.4,426052,400966,377926.2536790238,1.0609636036043795,385,385,1.1513354256749153,611.555908203125,3.1900951862335205,
multi_join_sift_wiki_1,join,B3,0.5,0.4,724169,399932,390866.32165995234,1.0231938077999327,385,385,1.1501535773277283,635.0518798828125,3.185068130493164,
multi_join_sift_wiki_1,join,B3,0.5,0.4,588630,398285,416170.5495709223,1.0449064101608705,385,385,1.139896921813488,616.7924194335938,3.3296051025390625,
multi_join_sift_wiki_1,join,B3,0.5,0.4,790256,397837,411368.4227397084,1.0340124793312548,385,385,1.1589406058192253,632.74462890625,3.026947259902954,
multi_join_sift_wiki_1,join,B3,0.5,0.4,201003,400187,376069.03608946706,1.0641317460254698,385,385,1.1305958032608032,659.1167602539062,3.2214205265045166,
multi_join_sift_wiki_1,join,B3,0.5,0.4,6443,398763,418417.1207033034,1.0492877240448673,385,385,1.1333711445331573,633.6627197265625,3.2246556282043457,
multi_join_sift_wiki_1,join,B3,0.5,0.4,642763,399611,360096.1984594319,1.1097340147150145,385,385,1.1387784034013748,623.6600952148438,3.1688320636749268,
multi_join_sift_wiki_1,join,B3,0.5,0.4,193392,399312,394861.0948577272,1.0112720782073417,385,385,1.1253207921981812,652.0947875976562,3.302262783050537,
multi_join_sift_wiki_1,join,B3,0.5,0.4,203755,401002,380254.2593342158,1.0545628093742099,385,385,1.123150810599327,617.6568603515625,3.2884509563446045,
multi_join_sift_wiki_1,join,B3,0.5,0.4,94462,398108,378437.9020901038,1.0519770821084746,385,385,1.1273175477981567,623.9115600585938,3.2820208072662354,
multi_join_sift_wiki_1,join,B3,0.5,0.4,590890,401658,361687.3033447429,1.110511749474266,385,385,1.133812591433525,690.3433227539062,3.3000500202178955,
multi_join_sift_wiki_1,join,B3,0.5,0.4,783383,399484,413525.4432445137,1.0351489502571158,385,385,13.32044042646885,616.9453735351562,3.240548849105835,
multi_join_sift_wiki_1,join,B3,0.5,0.4,737605,400256,413672.84949605475,1.0335206705110098,385,385,1.1469749733805656,611.8055419921875,3.3159680366516113,
multi_join_sift_wiki_1,join,B3,0.5,0.4,516560,400150,396859.10770600836,1.0082923441344567,385,385,1.155751757323742,662.9786376953125,3.455428123474121,
multi_join_sift_wiki_1,join,B3,0.5,0.4,137642,399818,400861.39359756495,1.0026096713943968,385,385,1.146937720477581,675.9071044921875,3.242206335067749,
multi_join_sift_wiki_1,join,B3,0.5,0.4,37803,400972,389107.7423209185,1.0304909319159639,385,385,1.1595766991376877,654.3994140625,3.2687647342681885,
multi_join_sift_wiki_1,join,B3,0.5,0.4,254800,400501,407854.4232344609,1.0183605614828948,385,385,1.1518895626068115,679.9208984375,3.2437825202941895,
multi_join_sift_wiki_1,join,B3,0.5,0.4,605930,399404,403495.8120517353,1.0102447948737001,385,385,13.254917226731777,663.73876953125,3.087928295135498,
multi_join_sift_wiki_1,join,B3,0.5,0.4,209329,398628,372699.7539596113,1.0695687232549085,385,385,1.141614280641079,637.8901977539062,3.1931419372558594,
multi_join_sift_wiki_1,join,B3,0.5,0.4,766585,397630,411606.27939290367,1.0351489560468368,385,385,1.1537689715623856,677.976806640625,3.410522222518921,
multi_join_sift_wiki_1,join,B3,0.5,0.4,488782,398822,390800.0938584046,1.0205268787486574,385,385,1.1591920629143715,632.046630859375,3.4162635803222656,
multi_join_sift_wiki_1,join,B3,0.5,0.4,374559,398019,424611.17310398235,1.0668113158014627,385,385,1.1395933106541634,626.3645629882812,3.4265925884246826,
multi_join_sift_wiki_1,join,B3,0.5,0.4,111780,398615,366200.14510390966,1.0885167723974893,385,385,1.1296644806861877,629.2195434570312,3.453725576400757,
multi_join_sift_wiki_1,join,B3,0.5,0.4,178188,398892,363646.24029629707,1.0969232066719152,385,385,1.1441167443990707,702.2760620117188,3.4229471683502197,
multi_join_sift_wiki_1,join,B3,0.5,0.4,539857,395988,405989.5005917287,1.0252570799916378,385,385,1.134517602622509,628.4251708984375,3.2578957080841064,
multi_join_sift_wiki_1,join,B3,0.5,0.4,781264,399752,372002.78378896945,1.0745941090235824,385,385,1.1326419189572334,647.1472778320312,3.049591064453125,
multi_join_sift_wiki_1,join,B3,0.5,0.4,771184,400317,376428.51685385674,1.06346087524346,385,385,1.1352859437465668,662.8325805664062,3.250993251800537,
multi_join_sift_wiki_1,join,B3,0.5,0.4,140785,397776,386881.7477849409,1.0281591268583572,385,385,13.152572326362133,634.4077758789062,3.1912899017333984,
multi_join_sift_wiki_1,join,B3,0.5,0.4,2505,400312,401648.0390222252,1.003337494310001,385,385,1.1542197316884995,620.676513671875,3.262022018432617,
multi_join_sift_wiki_1,join,B3,0.5,0.4,526089,399544,382775.0228565446,1.043808963861626,385,385,1.1502113193273544,671.0541381835938,3.1631457805633545,
multi_join_sift_wiki_1,join,B3,0.5,0.4,608072,399945,417749.25627520966,1.0445167617427638,385,385,1.1539468541741371,691.0638427734375,3.4596242904663086,
multi_join_sift_wiki_1,join,B3,0.5,0.4,224837,399138,365137.2277931989,1.0931177913911807,385,385,1.1367173865437508,616.2449951171875,3.5153305530548096,
multi_join_sift_wiki_1,join,B3,0.5,0.4,386133,401137,388611.86718966,1.0322304434522767,385,385,1.1326810345053673,652.3587036132812,3.3409440517425537,
multi_join_sift_wiki_1,join,B3,0.5,0.4,487850,399959,366108.15339187154,1.0924613295129089,385,385,1.1292053386569023,659.6744995117188,2.9737961292266846,
multi_join_sift_wiki_1,join,B3,0.5,0.4,340195,397449,409475.1363698248,1.0302583133177459,385,385,1.1488553136587143,623.8457641601562,3.3361666202545166,
multi_join_sift_wiki_1,join,B3,0.5,0.4,122774,399352,424970.215135676,1.0641494599643322,385,385,1.1363336816430092,628.59130859375,2.9925975799560547,
multi_join_sift_wiki_1,join,B3,0.5,0.4,690833,398113,401238.50589377317,1.0078508008876204,385,385,1.13730039447546,642.1257934570312,3.4445395469665527,
multi_join_sift_wiki_1,join,B3,0.5,0.4,686759,399024,403399.6367988172,1.0109658486677924,385,385,1.1438149958848953,624.73828125,3.5822367668151855,
multi_join_sift_wiki_1,join,B3,0.5,0.4,154430,398343,389400.9536508792,1.0229635964300638,385,385,1.1331327259540558,628.089599609375,3.0902206897735596,
multi_join_sift_wiki_1,join,B3,0.5,0.4,630926,398221,400616.58060812205,1.0060157063744053,385,385,1.1293161660432816,623.988525390625,3.4742069244384766,
multi_join_sift_wiki_1,join,B3,0.5,0.4,255248,399649,407806.6276561342,1.020411980653359,385,385,13.18140234798193,660.080810546875,3.2602715492248535,
multi_join_sift_wiki_1,join,B3,0.5,0.4,48107,398839,368043.8841249063,1.0836724021330089,385,385,1.1693639680743217,630.8929443359375,3.3630759716033936,
multi_join_sift_wiki_1,join,B3,0.5,0.4,717611,401762,413862.166440825,1.0301177474246568,385,385,1.1543873697519302,630.0626831054688,2.9142706394195557,
multi_join_sift_wiki_1,join,B3,0.5,0.4,559097,401340,397013.5895554904,1.0108973862817985,385,385,1.1454550549387932,636.3766479492188,3.4353229999542236,
multi_join_sift_wiki_1,join,B3,0.5,0.4,527854,398552,378056.38193610084,1.0542131254574703,385,385,1.160692423582077,680.32568359375,3.2362077236175537,
multi_join_sift_wiki_1,join,B3,0.5,0.4,692258,401666,390515.49014977226,1.0285533100004594,385,385,13.199265114963055,648.314697265625,3.776059865951538,
multi_join_sift_wiki_1,join,B3,0.5,0.4,344709,398277,387275.36212545435,1.0284077918465202,385,385,1.147158443927765,633.8763427734375,3.213989496231079,
multi_join_sift_wiki_1,join,B3,0.5,0.4,414737,400491,411099.13763476256,1.0264878302752436,385,385,1.1485181748867035,672.5734252929688,3.403557300567627,
multi_join_sift_wiki_1,join,B3,0.5,0.4,362610,400830,384373.637647577,1.0428134521741355,385,385,1.142682507634163,656.8014526367188,3.365111827850342,
multi_join_sift_wiki_1,join,B3,0.5,0.4,129857,399316,405408.6719566179,1.0152577706794066,385,385,1.1355960741639137,637.5941162109375,3.189283847808838,
multi_join_sift_wiki_1,join,B3,0.5,0.4,210898,400115,400518.5897091567,1.0010086842761623,385,385,1.1409996077418327,625.4658813476562,2.9655251502990723,
multi_join_sift_wiki_1,join,B3,0.5,0.4,793779,399147,400891.0625754551,1.0043694743426734,385,385,1.156502403318882,650.0462036132812,3.1118245124816895,
multi_join_sift_wiki_1,join,B3,0.5,0.4,634727,399603,376259.74930663727,1.062040254734606,385,385,1.1367397382855415,638.8820190429688,2.9159677028656006,
multi_join_sift_wiki_1,join,B3,0.5,0.4,351141,399713,403253.02051487955,1.0088564057583305,385,385,1.1383136734366417,652.2698974609375,3.1640126705169678,
multi_join_sift_wiki_1,join,B3,0.5,0.4,611020,400454,396841.70582002215,1.0091026072285258,385,385,1.1569680646061897,670.04150390625,3.011030912399292,
multi_join_sift_wiki_1,join,B3,0.5,0.5,145860,398710,393160.4555014188,1.0141152153552766,385,385,1.1505726724863052,632.5885009765625,3.2196497917175293,
multi_join_sift_wiki_1,join,B3,0.5,0.5,359095,400745,429971.01988214895,1.0729292190349198,385,385,1.1300481855869293,712.3372192382812,2.9822144508361816,
multi_join_sift_wiki_1,join,B3,0.5,0.5,286093,400090,426386.3959113898,1.0657262013831632,385,385,1.1263322085142136,668.2846069335938,2.9649856090545654,
multi_join_sift_wiki_1,join,B3,0.5,0.5,781121,398604,391795.3768937849,1.0173780077758827,385,385,1.2176958844065666,633.0744018554688,3.111022710800171,
multi_join_sift_wiki_1,join,B3,0.5,0.5,142780,399343,422661.38598737365,1.0583918736208564,385,385,1.1223191395401955,612.7308349609375,3.2252681255340576,
multi_join_sift_wiki_1,join,B3,0.5,0.5,428790,399423,384720.9756259415,1.0382147720179238,385,385,1.3316944241523743,618.5655517578125,2.9219067096710205,
multi_join_sift_wiki_1,join,B3,0.5,0.5,322723,399757,382856.75623643503,1.0441424723170567,385,385,1.1452548205852509,616.322509765625,3.350651979446411,
multi_join_sift_wiki_1,join,B3,0.5,0.5,588557,400915,427184.3335285786,1.0655234489320144,385,385,1.1207479983568192,692.2169189453125,3.320391893386841,
multi_join_sift_wiki_1,join,B3,0.5,0.5,263638,395385,424905.9010757499,1.0746636849545377,385,385,1.135767437517643,631.7388916015625,3.5575485229492188,
multi_join_sift_wiki_1,join,B3,0.5,0.5,693614,401648,384785.95277075353,1.0438218887873292,385,385,1.1368682608008385,674.3016357421875,2.99692440032959,
multi_join_sift_wiki_1,join,B3,0.5,0.5,546912,402189,434845.1092985074,1.0811959285274022,385,385,1.1487621814012527,691.0267333984375,3.4822041988372803,
multi_join_sift_wiki_1,join,B3,0.5,0.5,444449,397169,373989.74842006445,1.0619783073676679,385,385,1.1324342340230942,640.7890625,3.1300487518310547,
multi_join_sift_wiki_1,join,B3,0.5,0.5,663176,399165,399450.3722787094,1.000714923098742,385,385,1.1316761374473572,624.8295288085938,2.868075370788574,
multi_join_sift_wiki_1,join,B3,0.5,0.5,763999,399127,396717.5682321694,1.0060734183730944,385,385,1.1609196662902832,645.675537109375,3.2920217514038086,
multi_join_sift_wiki_1,join,B3,0.5,0.5,782168,398860,391062.69875940913,1.0199387496310097,385,385,1.1297650635242462,636.8261108398438,3.004382610321045,
multi_join_sift_wiki_1,join,B3,0.5,0.5,673362,399669,415442.85495306365,1.0394672965705714,385,385,1.1327527463436127,651.6726684570312,3.2434425354003906,
multi_join_sift_wiki_1,join,B3,0.5,0.5,83904,400042,407329.24346428196,1.018216195960129,385,385,1.1277003213763237,638.3627319335938,3.318498134613037,
multi_join_sift_wiki_1,join,B3,0.5,0.5,695261,399029,396735.7205618693,1.0057803704563906,385,385,1.129206269979477,636.587158203125,3.045443058013916,
multi_join_sift_wiki_1,join,B3,0.5,0.5,386245,399811,425591.0015506423,1.0644804708991056,385,385,1.1249259114265442,667.7885131835938,3.2378246784210205,
multi_join_sift_wiki_1,join,B3,0.5,0.5,69504,397908,393088.0799841195,1.0122616794080228,385,385,1.1194469407200813,623.4112548828125,3.583242416381836,
multi_join_sift_wiki_1,join,B3,0.5,0.5,681535,400064,396643.3896455974,1.0086238935116478,385,385,13.134673237800598,638.0115966796875,3.599292039871216,
multi_join_sift_wiki_1,join,B3,0.5,0.5,696279,398330,414286.77489426895,1.0400591843302511,385,385,1.1375490576028824,631.6973266601562,3.277513027191162,
multi_join_sift_wiki_1,join,B3,0.5,0.5,340223,397980,378311.68379306106,1.0519897139039927,385,385,1.1309534311294556,658.37255859375,3.294217109680176,
multi_join_sift_wiki_1,join,B3,0.5,0.5,690943,399179,392436.79047255294,1.0171803706765832,385,385,1.127544790506363,639.7871704101562,3.474707841873169,
multi_join_sift_wiki_1,join,B3,0.5,0.5,636616,397845,376781.5974181885,1.0559034802287153,385,385,1.1268453672528267,628.0264892578125,3.2147040367126465,
multi_join_sift_wiki_1,join,B3,0.5,0.5,48106,399067,338822.1795413246,1.1778066020950309,385,385,1.1133411899209023,633.595458984375,3.3630759716033936,
multi_join_sift_wiki_1,join,B3,0.5,0.5,352770,402444,413919.8766578424,1.0285154621707429,385,385,1.1131195351481438,576.0859375,3.4078516960144043,
multi_join_sift_wiki_1,join,B3,0.5,0.5,536954,398632,380653.7223763266,1.0472300060838482,385,385,13.180887326598167,682.9450073242188,3.425676107406616,
multi_join_sift_wiki_1,join,B3,0.5,0.5,752067,397987,402722.2224304741,1.0118979324210944,385,385,1.146678812801838,629.4962768554688,3.1004648208618164,
multi_join_sift_wiki_1,join,B3,0.5,0.5,602570,400621,411477.96235085797,1.0271003326107666,385,385,1.1291131377220154,605.43212890625,3.1115832328796387,
multi_join_sift_wiki_1,join,B3,0.5,0.5,345404,398707,363517.49849657173,1.0968027719407298,385,385,1.1238493025302887,647.2669067382812,3.236467123031616,
multi_join_sift_wiki_1,join,B3,0.5,0.5,628777,397678,402702.5029000357,1.0126346011095302,385,385,1.1323587968945503,628.8193359375,3.219736337661743,
multi_join_sift_wiki_1,join,B3,0.5,0.5,137071,399079,403392.0767800468,1.010807576394766,385,385,1.112625002861023,644.4497680664062,3.162165880203247,
multi_join_sift_wiki_1,join,B3,0.5,0.5,296404,399804,391094.66268438566,1.0222691285425258,385,385,1.1101504787802696,631.6845092773438,3.6013643741607666,
multi_join_sift_wiki_1,join,B3,0.5,0.5,703153,399634,365859.06239850476,1.092316799206976,385,385,13.119922950863838,636.4227294921875,3.570199489593506,
multi_join_sift_wiki_1,join,B3,0.5,0.5,438962,400335,416668.8203641724,1.0408003805916854,385,385,1.1160848662257195,670.2269897460938,2.9620509147644043,
multi_join_sift_wiki_1,join,B3,0.5,0.5,33248,400259,405558.88303544454,1.0132411339543759,385,385,1.1161202564835548,626.25146484375,2.8117189407348633,
multi_join_sift_wiki_1,join,B3,0.5,0.5,779894,398996,426127.7042761902,1.067999940541234,385,385,1.124594360589981,672.0347290039062,2.9568333625793457,
multi_join_sift_wiki_1,join,B3,0.5,0.5,304120,399128,376482.72903346387,1.0601495612419536,385,385,1.1328430846333504,633.1439208984375,3.120129108428955,
multi_join_sift_wiki_1,join,B3,0.5,0.5,73745,399183,407517.4612658351,1.020878798109727,385,385,1.109834760427475,611.1333618164062,3.0156612396240234,
multi_join_sift_wiki_1,join,B3,0.5,0.5,516733,398227,409632.52338020026,1.028640758613053,385,385,1.0962383821606636,625.33349609375,3.3524067401885986,
multi_join_sift_wiki_1,join,B3,0.5,0.5,181346,399504,409593.1089417918,1.025254087422884,385,385,1.1124713346362114,641.5231323242188,3.606886386871338,
multi_join_sift_wiki_1,join,B3,0.5,0.5,620747,399176,399109.67453060404,1.000166183567146,385,385,1.0992381721735,641.6485595703125,3.348391532897949,
multi_join_sift_wiki_1,join,B3,0.5,0.5,738510,397541,370185.2571208499,1.0738974401409498,385,385,1.0955417528748512,641.4796142578125,3.110562801361084,
multi_join_sift_wiki_1,join,B3,0.5,0.5,111011,397666,397240.9138546655,1.0010700965849908,385,385,1.0992083698511124,684.7930297851562,3.2114758491516113,
multi_join_sift_wiki_1,join,B3,0.5,0.5,426052,400966,373661.2302218783,1.0730735960000675,385,385,1.1147316545248032,611.555908203125,3.1900951862335205,
multi_join_sift_wiki_1,join,B3,0.5,0.5,724169,399932,384701.39396049804,1.0395907222552614,385,385,1.1086193844676018,635.0518798828125,3.185068130493164,
multi_join_sift_wiki_1,join,B3,0.5,0.5,588630,398285,403087.9662835371,1.012059119182337,385,385,1.094321720302105,616.7924194335938,3.3296051025390625,
multi_join_sift_wiki_1,join,B3,0.5,0.5,790256,397837,399083.64161591104,1.0031335487043966,385,385,1.09860859811306,632.74462890625,3.026947259902954,
multi_join_sift_wiki_1,join,B3,0.5,0.5,201003,400187,403226.8223608467,1.0075960047698869,385,385,13.052466325461864,659.1167602539062,3.2214205265045166,
multi_join_sift_wiki_1,join,B3,0.5,0.5,6443,398763,418622.45872076834,1.0498026615327107,385,385,1.1175638064742088,633.6627197265625,3.2246556282043457,
multi_join_sift_wiki_1,join,B3,0.5,0.5,642763,399611,392479.9151273484,1.0181692988553002,385,385,1.1171437799930573,623.6600952148438,3.1688320636749268,
multi_join_sift_wiki_1,join,B3,0.5,0.5,193392,399312,414219.6549368787,1.03733335070541,385,385,1.1128922924399376,652.0947875976562,3.302262783050537,
multi_join_sift_wiki_1,join,B3,0.5,0.5,203755,401002,380402.20906286396,1.0541526585449765,385,385,1.0979250073432922,617.6568603515625,3.2884509563446045,
multi_join_sift_wiki_1,join,B3,0.5,0.5,94462,398108,382976.49774139636,1.0395102632872817,385,385,1.0946104303002357,623.9115600585938,3.2820208072662354,
multi_join_sift_wiki_1,join,B3,0.5,0.5,590890,401658,386978.63803394884,1.0379332617444463,385,385,1.0994169861078262,690.3433227539062,3.3000500202178955,
multi_join_sift_wiki_1,join,B3,0.5,0.5,783383,399484,395278.60722180025,1.0106390598969097,385,385,1.1094128713011742,616.9453735351562,3.240548849105835,
multi_join_sift_wiki_1,join,B3,0.5,0.5,737605,400256,382158.2655167437,1.0473566480598948,385,385,1.1062892153859138,611.8055419921875,3.3159680366516113,
multi_join_sift_wiki_1,join,B3,0.5,0.5,516560,400150,382131.0558739132,1.047153833348819,385,385,1.0962001979351044,662.9786376953125,3.455428123474121,
multi_join_sift_wiki_1,join,B3,0.5,0.5,137642,399818,424044.85075774486,1.0605946974817164,385,385,1.1260909959673882,675.9071044921875,3.242206335067749,
multi_join_sift_wiki_1,join,B3,0.5,0.5,37803,400972,397290.6949329313,1.0092660238813047,385,385,13.120676390826702,654.3994140625,3.2687647342681885,
multi_join_sift_wiki_1,join,B3,0.5,0.5,254800,400501,395504.22325276106,1.0126339403057285,385,385,1.1288775131106377,679.9208984375,3.2437825202941895,
multi_join_sift_wiki_1,join,B3,0.5,0.5,605930,399404,407407.1778860515,1.0200378010386764,385,385,1.1196322739124298,663.73876953125,3.087928295135498,
multi_join_sift_wiki_1,join,B3,0.5,0.5,209329,398628,397911.5299724429,1.0018005761924182,385,385,1.132759265601635,637.8901977539062,3.1931419372558594,
multi_join_sift_wiki_1,join,B3,0.5,0.5,766585,397630,389179.5506007666,1.0217134980144478,385,385,1.1167088523507118,677.976806640625,3.410522222518921,
multi_join_sift_wiki_1,join,B3,0.5,0.5,488782,398822,411559.9437527483,1.0319389194997977,385,385,1.118783839046955,632.046630859375,3.4162635803222656,
multi_join_sift_wiki_1,join,B3,0.5,0.5,374559,398019,405533.29567326774,1.0188792386123973,385,385,1.1349599808454514,626.3645629882812,3.4265925884246826,
multi_join_sift_wiki_1,join,B3,0.5,0.5,111780,398615,414302.0492496052,1.0393538859541291,385,385,1.1138813570141792,629.2195434570312,3.453725576400757,
multi_join_sift_wiki_1,join,B3,0.5,0.5,178188,398892,382588.1232721189,1.04261469642194,385,385,1.1066459119319916,702.2760620117188,3.4229471683502197,
multi_join_sift_wiki_1,join,B3,0.5,0.5,539857,395988,397577.17270691646,1.0040131840028397,385,385,1.1177659034729004,628.4251708984375,3.2578957080841064,
multi_join_sift_wiki_1,join,B3,0.5,0.5,781264,399752,402609.34302489494,1.0071477891915361,385,385,1.1307820677757263,647.1472778320312,3.049591064453125,
multi_join_sift_wiki_1,join,B3,0.5,0.5,771184,400317,380978.81485661084,1.050759213870376,385,385,13.131335377693176,662.8325805664062,3.250993251800537,
multi_join_sift_wiki_1,join,B3,0.5,0.5,140785,397776,381072.73374036123,1.0438322261886606,385,385,1.1175107210874557,634.4077758789062,3.1912899017333984,
multi_join_sift_wiki_1,join,B3,0.5,0.5,2505,400312,399634.82239385764,1.001694490990765,385,385,1.1381655931472778,620.676513671875,3.262022018432617,
multi_join_sift_wiki_1,join,B3,0.5,0.5,526089,399544,392776.2524757225,1.017230541514716,385,385,1.123981550335884,671.0541381835938,3.1631457805633545,
multi_join_sift_wiki_1,join,B3,0.5,0.5,608072,399945,394680.58876415255,1.0133384093003703,385,385,1.1170292273163795,691.0638427734375,3.4596242904663086,
multi_join_sift_wiki_1,join,B3,0.5,0.5,224837,399138,406880.34100149677,1.0193976544490797,385,385,1.1212537065148354,616.2449951171875,3.5153305530548096,
multi_join_sift_wiki_1,join,B3,0.5,0.5,386133,401137,386472.7372707504,1.0379438478191445,385,385,1.1326605454087257,652.3587036132812,3.3409440517425537,
multi_join_sift_wiki_1,join,B3,0.5,0.5,487850,399959,395543.9868619119,1.0111618765162254,385,385,1.119968481361866,659.6744995117188,2.9737961292266846,
multi_join_sift_wiki_1,join,B3,0.5,0.5,340195,397449,418363.5614790279,1.0526220005057956,385,385,1.117871142923832,623.8457641601562,3.3361666202545166,
multi_join_sift_wiki_1,join,B3,0.5,0.5,122774,399352,360460.7521111069,1.1078931552495497,385,385,1.112193800508976,628.59130859375,2.9925975799560547,
multi_join_sift_wiki_1,join,B3,0.5,0.5,690833,398113,388024.64461351593,1.0259992645480867,385,385,1.1237375438213348,642.1257934570312,3.4445395469665527,
multi_join_sift_wiki_1,join,B3,0.5,0.5,686759,399024,386455.2900756313,1.0325230634620346,385,385,13.057279400527477,624.73828125,3.5822367668151855,
multi_join_sift_wiki_1,join,B3,0.5,0.5,154430,398343,409693.94817600277,1.0284954126870631,385,385,1.1056950315833092,628.089599609375,3.0902206897735596,
multi_join_sift_wiki_1,join,B3,0.5,0.5,630926,398221,416775.70226511505,1.0465939823995094,385,385,1.105363480746746,623.988525390625,3.4742069244384766,
multi_join_sift_wiki_1,join,B3,0.5,0.5,255248,399649,410109.83118544973,1.0261750465669868,385,385,1.1226097121834755,660.080810546875,3.2602715492248535,
multi_join_sift_wiki_1,join,B3,0.5,0.5,48107,398839,378201.36516761855,1.0545678485936583,385,385,1.1178795248270035,630.8929443359375,3.3630759716033936,
multi_join_sift_wiki_1,join,B3,0.5,0.5,717611,401762,371603.43873703334,1.0811579176055701,385,385,1.1226506903767586,630.0626831054688,2.9142706394195557,
multi_join_sift_wiki_1,join,B3,0.5,0.5,559097,401340,403390.717078833,1.0051096752848783,385,385,1.1239340528845787,636.3766479492188,3.4353229999542236,
multi_join_sift_wiki_1,join,B3,0.5,0.5,527854,398552,428179.0315413427,1.074336677626364,385,385,1.1229515075683594,680.32568359375,3.2362077236175537,
multi_join_sift_wiki_1,join,B3,0.5,0.5,692258,401666,390743.8304991753,1.0279522506775645,385,385,1.1154785752296448,648.314697265625,3.776059865951538,
multi_join_sift_wiki_1,join,B3,0.5,0.5,344709,398277,393065.2728810144,1.0132591899579062,385,385,1.1296551674604416,633.8763427734375,3.213989496231079,
multi_join_sift_wiki_1,join,B3,0.5,0.5,414737,400491,382087.85352936905,1.0481646990362032,385,385,1.1242767795920372,672.5734252929688,3.403557300567627,
multi_join_sift_wiki_1,join,B3,0.5,0.5,362610,400830,426220.5929213325,1.0633450413425456,385,385,1.118699088692665,656.8014526367188,3.365111827850342,
multi_join_sift_wiki_1,join,B3,0.5,0.5,129857,399316,411831.0573361205,1.0313412368553239,385,385,1.1405134573578835,637.5941162109375,3.189283847808838,
multi_join_sift_wiki_1,join,B3,0.5,0.5,210898,400115,386221.06822047126,1.0359740390226395,385,385,1.1377977207303047,625.4658813476562,2.9655251502990723,
multi_join_sift_wiki_1,join,B3,0.5,0.5,793779,399147,373438.7848187177,1.0688418456421502,385,385,1.1194348335266113,650.0462036132812,3.1118245124816895,
multi_join_sift_wiki_1,join,B3,0.5,0.5,634727,399603,428264.5887666524,1.0717251591370744,385,385,1.1327089741826057,638.8820190429688,2.9159677028656006,
multi_join_sift_wiki_1,join,B3,0.5,0.5,351141,399713,390527.36599377287,1.0235211019920525,385,385,13.06101679801941,652.2698974609375,3.1640126705169678,
multi_join_sift_wiki_1,join,B3,0.5,0.5,611020,400454,415385.5841746042,1.037286640099997,385,385,1.1305995285511017,670.04150390625,3.011030912399292,
multi_join_sift_wiki_1,join,B6,0.01,0.1,145860,8022,13166.686254342614,1.6413221458916247,394,394,25.893685407936573,493.20147705078125,2.7791433334350586,
multi_join_sift_wiki_1,join,B6,0.01,0.1,359095,8187,8458.922921804586,1.0332139882502243,393,393,14.87052533775568,587.4684448242188,2.330082654953003,
multi_join_sift_wiki_1,join,B6,0.01,0.1,286093,7943,9073.737521107734,1.1423564800588863,385,385,13.688642531633377,602.8929443359375,2.1552388668060303,
multi_join_sift_wiki_1,join,B6,0.01,0.1,781121,8085,10535.274749244902,1.3030642856208907,393,393,13.336793519556522,514.0215454101562,2.2795467376708984,
multi_join_sift_wiki_1,join,B6,0.01,0.1,142780,7783,6676.720262687235,1.1656920903958183,389,389,14.821793884038925,473.2214050292969,2.7598116397857666,
multi_join_sift_wiki_1,join,B6,0.01,0.1,428790,7865,8519.171835111949,1.0831750585012014,387,387,13.336393050849438,537.9324340820312,2.257038116455078,
multi_join_sift_wiki_1,join,B6,0.01,0.1,322723,7932,7377.7350808213205,1.0751267039419063,395,395,16.260890290141106,459.1468200683594,2.8452041149139404,
multi_join_sift_wiki_1,join,B6,0.01,0.1,588557,7764,10900.972444804109,1.4040407579603438,392,392,13.64868599921465,591.347412109375,2.8811392784118652,
multi_join_sift_wiki_1,join,B6,0.01,0.1,263638,8222,12649.833431091763,1.538534837155408,396,396,13.164466246962547,475.7867126464844,3.1491057872772217,
multi_join_sift_wiki_1,join,B6,0.01,0.1,693614,8312,5417.272131147542,1.5343515700842718,394,394,13.177208602428436,562.9500732421875,2.3145997524261475,
multi_join_sift_wiki_1,join,B6,0.01,0.1,546912,8196,6182.139858387799,1.3257545425601844,391,391,13.152689673006535,570.2767333984375,3.094848394393921,
multi_join_sift_wiki_1,join,B6,0.01,0.1,444449,8184,10295.030246838192,1.2579460223409327,390,390,13.11414409428835,530.9553833007812,2.622706890106201,
multi_join_sift_wiki_1,join,B6,0.01,0.1,663176,8137,5872.291666666666,1.3856600560542096,392,392,13.08810617774725,454.77838134765625,2.3369600772857666,
multi_join_sift_wiki_1,join,B6,0.01,0.1,763999,7786,8362.923378582202,1.0740975312846393,391,391,13.222059234976768,494.7989501953125,2.7435648441314697,
multi_join_sift_wiki_1,join,B6,0.01,0.1,782168,7948,12498.653747996912,1.5725533150474222,397,397,13.206911273300648,472.7889709472656,2.321883201599121,
multi_join_sift_wiki_1,join,B6,0.01,0.1,673362,8052,7885.911026729208,1.0210614820161976,391,391,13.118356466293335,524.2796020507812,2.6439919471740723,
multi_join_sift_wiki_1,join,B6,0.01,0.1,83904,8081,10586.549222046922,1.3100543524374362,396,396,13.987137004733086,474.34765625,2.928945541381836,
multi_join_sift_wiki_1,join,B6,0.01,0.1,695261,8129,6766.095873724814,1.2014313943684767,389,389,13.080932199954987,515.737060546875,2.5670652389526367,
multi_join_sift_wiki_1,join,B6,0.01,0.1,386245,8160,6864.4537096890035,1.1887326137085557,395,395,13.100411742925644,556.582763671875,2.7859504222869873,
multi_join_sift_wiki_1,join,B6,0.01,0.1,69504,8144,7405.358264713361,1.0997442269344724,388,388,12.971519492566586,518.8878784179688,3.0938942432403564,
multi_join_sift_wiki_1,join,B6,0.01,0.1,681535,8089,7715.935327998228,1.0483498961750055,394,394,19.23307403922081,470.57379150390625,3.186352491378784,
multi_join_sift_wiki_1,join,B6,0.01,0.1,696279,8043,11315.751471677035,1.40690680985665,395,395,14.03565052896738,487.88861083984375,2.6614370346069336,
multi_join_sift_wiki_1,join,B6,0.01,0.1,340223,8353,11163.492638879801,1.3364650591260387,390,390,25.07022861391306,556.8862915039062,2.7366652488708496,
multi_join_sift_wiki_1,join,B6,0.01,0.1,690943,8395,5161.1,1.6265912305516266,387,387,13.494252227246761,558.5206909179688,3.105254888534546,
multi_join_sift_wiki_1,join,B6,0.01,0.1,636616,7965,6309.158228291317,1.2624505063581402,392,392,36.07585560530424,470.1650695800781,2.822864055633545,
multi_join_sift_wiki_1,join,B6,0.01,0.1,48106,8278,5285.228171060667,1.5662521526177986,394,394,25.288499891757965,490.50250244140625,2.8765604496002197,
multi_join_sift_wiki_1,join,B6,0.01,0.1,352770,8223,8108.754995667397,1.0140890931337356,387,387,27.731296606361866,457.4383850097656,3.0234601497650146,
multi_join_sift_wiki_1,join,B6,0.01,0.1,536954,8373,7687.266441298581,1.0892038234836543,385,385,25.69703757762909,586.05029296875,2.944667100906372,
multi_join_sift_wiki_1,join,B6,0.01,0.1,752067,8032,9101.958058606462,1.1332119096870594,395,395,31.591438688337803,475.32525634765625,2.5798802375793457,
multi_join_sift_wiki_1,join,B6,0.01,0.1,602570,7943,11322.764292864293,1.4255022400685249,392,392,13.533452525734901,501.6029052734375,2.6612396240234375,
multi_join_sift_wiki_1,join,B6,0.01,0.1,345404,7992,7182.9796719646865,1.1126301848232893,391,391,31.495838426053524,520.9199829101562,2.7372653484344482,
multi_join_sift_wiki_1,join,B6,0.01,0.1,628777,7920,9898.080118005513,1.2497575906572618,393,393,25.768333114683628,494.2821960449219,2.7295992374420166,
multi_join_sift_wiki_1,join,B6,0.01,0.1,137071,8217,5260.156714697938,1.562120759071692,393,393,25.613277219235897,524.1223754882812,2.437206745147705,
multi_join_sift_wiki_1,join,B6,0.01,0.1,296404,7833,6582.194185830285,1.1900287015023603,393,393,37.874508649110794,489.5136413574219,3.154475212097168,
multi_join_sift_wiki_1,join,B6,0.01,0.1,703153,8222,5521.724783549784,1.4890274909200154,394,394,54.983869194984436,464.6705017089844,3.1921608448028564,
multi_join_sift_wiki_1,join,B6,0.01,0.1,438962,8132,8292.878648610122,1.0197834048954897,391,391,72.11506180465221,548.7824096679688,2.468273162841797,
multi_join_sift_wiki_1,join,B6,0.01,0.1,33248,7960,8862.391559053001,1.113365773750377,398,398,29.104686342179775,471.7963562011719,2.1035821437835693,
multi_join_sift_wiki_1,join,B6,0.01,0.1,779894,8147,6471.957492741755,1.2588154370817162,396,396,45.13749573379755,520.0441284179688,2.428924083709717,
multi_join_sift_wiki_1,join,B6,0.01,0.1,304120,7854,5525.484874903215,1.4214137180381967,395,395,38.050414994359016,483.2489929199219,2.57894229888916,
multi_join_sift_wiki_1,join,B6,0.01,0.1,73745,7575,12280.744674185464,1.6212204190343846,390,390,27.790245600044727,475.82330322265625,2.5097620487213135,
multi_join_sift_wiki_1,join,B6,0.01,0.1,516733,8156,6393.126829268293,1.2757450646311475,387,387,35.59823054820299,518.1920776367188,2.8653626441955566,
multi_join_sift_wiki_1,join,B6,0.01,0.1,181346,8085,7231.791468180413,1.1179802453615635,392,392,79.27537336945534,515.7211303710938,3.1206812858581543,
multi_join_sift_wiki_1,join,B6,0.01,0.1,620747,7857,5157.100758074705,1.5235304425064686,392,392,19.130595959722996,490.85638427734375,2.927414894104004,
multi_join_sift_wiki_1,join,B6,0.01,0.1,738510,7956,10889.765942915428,1.3687488616032464,392,392,19.02069617062807,484.3815612792969,2.402500629425049,
multi_join_sift_wiki_1,join,B6,0.01,0.1,111011,7852,4262.165686758894,1.8422559274017682,385,385,30.57136107236147,619.6851196289062,2.744110584259033,
multi_join_sift_wiki_1,join,B6,0.01,0.1,426052,8049,4503.286666666667,1.7873612309824083,391,391,28.46393547952175,496.3959045410156,2.700775384902954,
multi_join_sift_wiki_1,join,B6,0.01,0.1,724169,8206,6940.018489546295,1.1824175990828618,394,394,39.09350838512182,483.02764892578125,2.68540358543396,
multi_join_sift_wiki_1,join,B6,0.01,0.1,588630,8207,2964.4897959183677,2.768435908026986,391,391,29.101657681167126,489.6611022949219,2.7094972133636475,
multi_join_sift_wiki_1,join,B6,0.01,0.1,790256,8237,7097.766342851461,1.1605059397729995,391,391,36.016455851495266,491.0397033691406,2.567054033279419,
multi_join_sift_wiki_1,join,B6,0.01,0.1,201003,8314,5898.940881225328,1.409405547097637,391,391,73.54373764246702,528.5396118164062,2.689554452896118,
multi_join_sift_wiki_1,join,B6,0.01,0.1,6443,7832,8886.321325051758,1.1346171252619712,398,398,19.389813765883446,494.25982666015625,2.4705615043640137,
multi_join_sift_wiki_1,join,B6,0.01,0.1,642763,8242,9288.392809889741,1.1269586034809198,397,397,31.206734478473663,507.8333435058594,2.4056813716888428,
multi_join_sift_wiki_1,join,B6,0.01,0.1,193392,8184,4762.524395804834,1.718416394299007,388,388,42.95516014099121,551.7854614257812,2.846799373626709,
multi_join_sift_wiki_1,join,B6,0.01,0.1,203755,7770,5924.870119047619,1.311421152511099,394,394,43.232131749391556,458.30963134765625,2.872863292694092,
multi_join_sift_wiki_1,join,B6,0.01,0.1,94462,8053,10881.220253890255,1.351200826262294,394,394,30.91522306203842,470.1179504394531,2.8380818367004395,
multi_join_sift_wiki_1,join,B6,0.01,0.1,590890,8244,9198.171170113117,1.1157412870103247,395,395,42.85383503884077,571.0032348632812,2.8598101139068604,
multi_join_sift_wiki_1,join,B6,0.01,0.1,783383,8169,5928.336962089208,1.3779581107213512,392,392,35.30088812112808,510.24749755859375,2.81827974319458,
multi_join_sift_wiki_1,join,B6,0.01,0.1,737605,7694,9298.555902659875,1.2085463871406128,393,393,27.48014684766531,456.04693603515625,2.8511314392089844,
multi_join_sift_wiki_1,join,B6,0.01,0.1,516560,7889,8197.22288144604,1.0390699558177259,394,394,21.723941899836063,541.2479248046875,3.073276996612549,
multi_join_sift_wiki_1,join,B6,0.01,0.1,137642,8163,7063.836153846154,1.1556043801434108,391,391,45.19278556108475,562.4058837890625,2.7730391025543213,
multi_join_sift_wiki_1,join,B6,0.01,0.1,37803,7972,6036.305303030304,1.3206754131534653,385,385,32.46622998267412,575.6770629882812,2.835411787033081,
multi_join_sift_wiki_1,join,B6,0.01,0.1,254800,8460,8154.763397314424,1.0374304670551322,393,393,47.13582992553711,533.5266723632812,2.7787673473358154,
multi_join_sift_wiki_1,join,B6,0.01,0.1,605930,8547,13279.447367121462,1.5536968956501067,391,391,21.194202825427055,551.7850952148438,2.638248920440674,
multi_join_sift_wiki_1,join,B6,0.01,0.1,209329,8109,11178.210548259329,1.3784943332419939,396,396,18.99508573114872,482.88226318359375,2.5807759761810303,
multi_join_sift_wiki_1,join,B6,0.01,0.1,766585,8436,8853.482635040804,1.0494882213182555,393,393,14.907102100551128,549.4696044921875,2.9337518215179443,
multi_join_sift_wiki_1,join,B6,0.01,0.1,488782,7991,6036.851453163425,1.323703268499768,392,392,16.37196820229292,455.7926025390625,3.0121567249298096,
multi_join_sift_wiki_1,join,B6,0.01,0.1,374559,8106,4965.898750212408,1.6323329185181794,393,393,17.00674183666706,471.97265625,2.954691171646118,
multi_join_sift_wiki_1,join,B6,0.01,0.1,111780,8063,5628.288455204216,1.4325847127725873,390,390,18.892867490649223,481.65673828125,3.104321241378784,
multi_join_sift_wiki_1,join,B6,0.01,0.1,178188,8233,9132.167221605623,1.1092150153778237,391,391,23.382412269711494,590.5484619140625,2.789363145828247,
multi_join_sift_wiki_1,join,B6,0.01,0.1,539857,8180,8476.230637254903,1.0362140143343401,385,385,22.257963195443153,558.6079711914062,2.654690980911255,
multi_join_sift_wiki_1,join,B6,0.01,0.1,781264,7890,10073.779834807992,1.2767781793166024,395,395,21.57816383987665,525.383056640625,2.5626325607299805,
multi_join_sift_wiki_1,join,B6,0.01,0.1,771184,8248,9625.156287084857,1.166968512013198,393,393,20.004456862807274,577.2371215820312,2.5855629444122314,
multi_join_sift_wiki_1,join,B6,0.01,0.1,140785,7619,5286.715447154472,1.4411594639732048,392,392,22.149386815726757,497.9326477050781,2.6899919509887695,
multi_join_sift_wiki_1,join,B6,0.01,0.1,2505,7962,9887.852240137658,1.2418804622127175,397,397,14.389201067388058,458.19384765625,2.455249309539795,
multi_join_sift_wiki_1,join,B6,0.01,0.1,526089,8232,5039.592241444436,1.6334654880015778,386,386,21.669271402060986,578.9044799804688,2.6229450702667236,
multi_join_sift_wiki_1,join,B6,0.01,0.1,608072,8242,9101.489148273911,1.1042816243962523,396,396,17.431515268981457,571.7614135742188,2.957862377166748,
multi_join_sift_wiki_1,join,B6,0.01,0.1,224837,8087,4658.119765451059,1.7361082168776982,396,396,48.429952934384346,477.940673828125,3.115856409072876,
multi_join_sift_wiki_1,join,B6,0.01,0.1,386133,7969,7255.97238095238,1.0982676864811924,390,390,26.098559610545635,566.1602172851562,2.7471389770507812,
multi_join_sift_wiki_1,join,B6,0.01,0.1,487850,8122,6228.525574740675,1.3040004255482502,392,392,31.73914272338152,561.3308715820312,2.3273634910583496,
multi_join_sift_wiki_1,join,B6,0.01,0.1,340195,7720,8171.2665712771595,1.0584542190773523,392,392,60.36796793341637,483.9326477050781,2.8599026203155518,
multi_join_sift_wiki_1,join,B6,0.01,0.1,122774,7782,5109.545740942687,1.523031673372251,397,397,100.1266548410058,472.743896484375,2.306730031967163,
multi_join_sift_wiki_1,join,B6,0.01,0.1,690833,8140,10745.245423676493,1.3200547203533777,391,391,58.63961298018694,532.3489379882812,3.103199005126953,
multi_join_sift_wiki_1,join,B6,0.01,0.1,686759,8112,5878.906654006584,1.3798484101582937,394,394,32.3990685865283,464.8583679199219,3.090532064437866,
multi_join_sift_wiki_1,join,B6,0.01,0.1,154430,7848,5572.51282051282,1.4083413089891776,395,395,41.73573944717646,483.2142333984375,2.479921579360962,
multi_join_sift_wiki_1,join,B6,0.01,0.1,630926,7998,7832.4241162520375,1.0211398005637102,396,396,29.351355507969856,478.9911193847656,3.065295457839966,
multi_join_sift_wiki_1,join,B6,0.01,0.1,255248,8028,7597.190698071344,1.056706395699403,390,390,21.627705544233322,567.5432739257812,2.471759796142578,
multi_join_sift_wiki_1,join,B6,0.01,0.1,48107,8344,10763.087229763702,1.2899193707770495,390,390,33.5577167570591,492.43731689453125,2.8765604496002197,
multi_join_sift_wiki_1,join,B6,0.01,0.1,717611,8087,13531.478879031109,1.6732383923619523,394,394,29.39513325691223,497.1119689941406,2.2551217079162598,
multi_join_sift_wiki_1,join,B6,0.01,0.1,559097,8448,4813.405041745798,1.755098506510882,387,387,21.42229862511158,543.9766845703125,3.0143213272094727,
multi_join_sift_wiki_1,join,B6,0.01,0.1,527854,8076,4012.1573097499727,2.012882191925639,389,389,17.100545577704906,595.359375,2.7587831020355225,
multi_join_sift_wiki_1,join,B6,0.01,0.1,692258,8315,2532.250830831904,3.2836399533407703,385,385,21.48495241999626,558.8451538085938,3.455446243286133,
multi_join_sift_wiki_1,join,B6,0.01,0.1,344709,7858,6384.015174006267,1.2308867986397247,399,399,21.720251068472862,493.5136413574219,2.3495209217071533,
multi_join_sift_wiki_1,join,B6,0.01,0.1,414737,8216,11944.492660656495,1.4538087464284926,386,386,18.54981854557991,557.2598266601562,3.0020830631256104,
multi_join_sift_wiki_1,join,B6,0.01,0.1,362610,8272,10457.147810201148,1.2641619693183206,391,391,17.98297930508852,557.9852294921875,2.879486083984375,
multi_join_sift_wiki_1,join,B6,0.01,0.1,129857,8004,5675.049303375195,1.4103842226074894,394,394,23.797783069312572,496.1811218261719,2.723562479019165,
multi_join_sift_wiki_1,join,B6,0.01,0.1,210898,8057,10573.101211112466,1.3122876022232177,390,390,20.9362655878067,495.0474853515625,2.4897570610046387,
multi_join_sift_wiki_1,join,B6,0.01,0.1,793779,8101,3408.694396480053,2.376569753030779,389,389,22.181255742907524,537.7359008789062,2.6217916011810303,
multi_join_sift_wiki_1,join,B6,0.01,0.1,634727,8088,12113.283680856957,1.4976859150416615,385,385,14.478099532425404,569.2230834960938,2.382875442504883,
multi_join_sift_wiki_1,join,B6,0.01,0.1,351141,8346,4863.306066740278,1.7161165440681514,386,386,49.45071879774332,577.1056518554688,2.7925963401794434,
multi_join_sift_wiki_1,join,B6,0.01,0.1,611020,8190,9245.967599768654,1.1289337728655255,385,385,23.24129454791546,602.3656616210938,2.54848575592041,
multi_join_sift_wiki_1,join,B6,0.01,0.2,145860,8022,5449.77328906106,1.4719878377513405,394,394,51.57122574746609,493.20147705078125,2.7791433334350586,
multi_join_sift_wiki_1,join,B6,0.01,0.2,359095,8187,9491.37425180343,1.159322615341814,393,393,41.71309806406498,587.4684448242188,2.330082654953003,
multi_join_sift_wiki_1,join,B6,0.01,0.2,286093,7943,6354.277744005403,1.2500240499391753,385,385,53.3276442438364,602.8929443359375,2.1552388668060303,
multi_join_sift_wiki_1,join,B6,0.01,0.2,781121,8085,6839.876368613139,1.1820389089341572,393,393,56.09229300171137,514.0215454101562,2.2795467376708984,
multi_join_sift_wiki_1,join,B6,0.01,0.2,142780,7783,6013.439310478254,1.2942676558551667,389,389,38.166265934705734,473.2214050292969,2.7598116397857666,
multi_join_sift_wiki_1,join,B6,0.01,0.2,428790,7865,8913.03356350701,1.1332528370638284,387,387,39.30500987917185,537.9324340820312,2.257038116455078,
multi_join_sift_wiki_1,join,B6,0.01,0.2,322723,7932,8573.395398281637,1.0808617496572916,395,395,65.37767220288515,459.1468200683594,2.8452041149139404,
multi_join_sift_wiki_1,join,B6,0.01,0.2,588557,7764,11601.934771648412,1.494324416750182,392,392,107.29245282709599,591.347412109375,2.8811392784118652,
multi_join_sift_wiki_1,join,B6,0.01,0.2,263638,8222,9210.722049719327,1.1202532291071912,396,396,74.60270170122385,475.7867126464844,3.1491057872772217,
multi_join_sift_wiki_1,join,B6,0.01,0.2,693614,8312,8481.240502896586,1.0203609844678279,394,394,17.979525960981846,562.9500732421875,2.3145997524261475,
multi_join_sift_wiki_1,join,B6,0.01,0.2,546912,8196,10921.582494553379,1.3325503287644436,391,391,41.40564426779747,570.2767333984375,3.094848394393921,
multi_join_sift_wiki_1,join,B6,0.01,0.2,444449,8184,8631.711373690496,1.0547056908223968,390,390,55.18990568816662,530.9553833007812,2.622706890106201,
multi_join_sift_wiki_1,join,B6,0.01,0.2,663176,8137,4682.961863233666,1.7375755424967867,392,392,53.1915333122015,454.77838134765625,2.3369600772857666,
multi_join_sift_wiki_1,join,B6,0.01,0.2,763999,7786,11914.980442873812,1.5303083024497575,391,391,61.79842445999384,494.7989501953125,2.7435648441314697,
multi_join_sift_wiki_1,join,B6,0.01,0.2,782168,7948,10344.038185583055,1.3014642910899665,397,397,34.467401914298534,472.7889709472656,2.321883201599121,
multi_join_sift_wiki_1,join,B6,0.01,0.2,673362,8052,13341.275821058118,1.6568896946172527,391,391,67.06111691892147,524.2796020507812,2.6439919471740723,
multi_join_sift_wiki_1,join,B6,0.01,0.2,83904,8081,9570.829542111973,1.1843620272382098,396,396,59.28977020084858,474.34765625,2.928945541381836,
multi_join_sift_wiki_1,join,B6,0.01,0.2,695261,8129,8401.545968747005,1.0335276133284543,389,389,38.51923253387213,515.737060546875,2.5670652389526367,
multi_join_sift_wiki_1,join,B6,0.01,0.2,386245,8160,5451.757841598177,1.496764940243183,395,395,55.37285469472408,556.582763671875,2.7859504222869873,
multi_join_sift_wiki_1,join,B6,0.01,0.2,69504,8144,6354.164038570618,1.2816792186296797,388,388,27.674558572471142,518.8878784179688,3.0938942432403564,
multi_join_sift_wiki_1,join,B6,0.01,0.2,681535,8089,5815.107042708535,1.3910320034680463,394,394,57.468718849122524,470.57379150390625,3.186352491378784,
multi_join_sift_wiki_1,join,B6,0.01,0.2,696279,8043,9038.413782991202,1.1237615047856773,395,395,29.724493622779846,487.88861083984375,2.6614370346069336,
multi_join_sift_wiki_1,join,B6,0.01,0.2,340223,8353,11782.855931427075,1.4106136635253292,390,390,18.40320136398077,556.8862915039062,2.7366652488708496,
multi_join_sift_wiki_1,join,B6,0.01,0.2,690943,8395,3474.193469387755,2.4163881700806438,387,387,53.54192014783621,558.5206909179688,3.105254888534546,
multi_join_sift_wiki_1,join,B6,0.01,0.2,636616,7965,6500.88779178338,1.2252172711036706,392,392,36.235785111784935,470.1650695800781,2.822864055633545,
multi_join_sift_wiki_1,join,B6,0.01,0.2,48106,8278,5333.034371352826,1.5522120098206167,394,394,17.591659910976887,490.50250244140625,2.8765604496002197,
multi_join_sift_wiki_1,join,B6,0.01,0.2,352770,8223,7916.963102808691,1.0386558448254908,387,387,17.18643680214882,457.4383850097656,3.0234601497650146,
multi_join_sift_wiki_1,join,B6,0.01,0.2,536954,8373,8729.713781997889,1.0426028642061256,385,385,28.8877971470356,586.05029296875,2.944667100906372,
multi_join_sift_wiki_1,join,B6,0.01,0.2,752067,8032,10045.66659091635,1.2507055018571152,395,395,17.108194530010223,475.32525634765625,2.5798802375793457,
multi_join_sift_wiki_1,join,B6,0.01,0.2,602570,7943,8500.626267443915,1.0702034832486358,392,392,17.17520784586668,501.6029052734375,2.6612396240234375,
multi_join_sift_wiki_1,join,B6,0.01,0.2,345404,7992,6378.013397830961,1.253054752553189,391,391,17.07420777529478,520.9199829101562,2.7372653484344482,
multi_join_sift_wiki_1,join,B6,0.01,0.2,628777,7920,9857.310344827587,1.2446098920236852,393,393,17.123333178460598,494.2821960449219,2.7295992374420166,
multi_join_sift_wiki_1,join,B6,0.01,0.2,137071,8217,5408.739884393064,1.5192078331794396,393,393,40.8767219632864,524.1223754882812,2.437206745147705,
multi_join_sift_wiki_1,join,B6,0.01,0.2,296404,7833,7173.103082488394,1.0919960176123225,393,393,23.445201106369495,489.5136413574219,3.154475212097168,
multi_join_sift_wiki_1,join,B6,0.01,0.2,703153,8222,6156.279220779221,1.3355469602886716,394,394,17.113550566136837,464.6705017089844,3.1921608448028564,
multi_join_sift_wiki_1,join,B6,0.01,0.2,438962,8132,9837.543594915935,1.2097323653364405,391,391,15.53336251527071,548.7824096679688,2.468273162841797,
multi_join_sift_wiki_1,join,B6,0.01,0.2,33248,7960,5762.164346246974,1.3814253675677484,398,398,15.392417088150978,471.7963562011719,2.1035821437835693,
multi_join_sift_wiki_1,join,B6,0.01,0.2,779894,8147,5634.605474481477,1.445886502062458,396,396,17.01986137777567,520.0441284179688,2.428924083709717,
multi_join_sift_wiki_1,join,B6,0.01,0.2,304120,7854,7032.676864402414,1.1167867017685555,395,395,16.987117938697338,483.2489929199219,2.57894229888916,
multi_join_sift_wiki_1,join,B6,0.01,0.2,73745,7575,5594.619047619048,1.353979589231149,390,390,13.849396258592606,475.82330322265625,2.5097620487213135,
multi_join_sift_wiki_1,join,B6,0.01,0.2,516733,8156,5761.90243902439,1.4155047028843792,387,387,14.486154541373253,518.1920776367188,2.8653626441955566,
multi_join_sift_wiki_1,join,B6,0.01,0.2,181346,8085,7559.735894346617,1.0694818063745044,392,392,16.676710918545723,515.7211303710938,3.1206812858581543,
multi_join_sift_wiki_1,join,B6,0.01,0.2,620747,7857,6082.114732724903,1.2918204185996858,392,392,22.074829787015915,490.85638427734375,2.927414894104004,
multi_join_sift_wiki_1,join,B6,0.01,0.2,738510,7956,6495.2748625944505,1.2248904270114418,392,392,23.133964277803898,484.3815612792969,2.402500629425049,
multi_join_sift_wiki_1,join,B6,0.01,0.2,111011,7852,11449.838425330146,1.4582066257425046,385,385,17.030048184096813,619.6851196289062,2.744110584259033,
multi_join_sift_wiki_1,join,B6,0.01,0.2,426052,8049,5605.010406504065,1.4360365844566363,391,391,17.144409008324146,496.3959045410156,2.700775384902954,
multi_join_sift_wiki_1,join,B6,0.01,0.2,724169,8206,9904.456886170768,1.2069774416488872,394,394,17.36685074865818,483.02764892578125,2.68540358543396,
multi_join_sift_wiki_1,join,B6,0.01,0.2,588630,8207,3975.5491928114534,2.064368871309607,391,391,50.32836552709341,489.6611022949219,2.7094972133636475,
multi_join_sift_wiki_1,join,B6,0.01,0.2,790256,8237,7482.8103469223015,1.1007896255700105,391,391,43.81907545030117,491.0397033691406,2.567054033279419,
multi_join_sift_wiki_1,join,B6,0.01,0.2,201003,8314,7113.686444770216,1.1687329859910005,391,391,26.483049616217613,528.5396118164062,2.689554452896118,
multi_join_sift_wiki_1,join,B6,0.01,0.2,6443,7832,7590.299201419699,1.0318433822127977,398,398,42.75453742593527,494.25982666015625,2.4705615043640137,
multi_join_sift_wiki_1,join,B6,0.01,0.2,642763,8242,8235.521924490478,1.0007866016955473,397,397,21.587716415524483,507.8333435058594,2.4056813716888428,
multi_join_sift_wiki_1,join,B6,0.01,0.2,193392,8184,8278.258125383272,1.0115173662491779,388,388,20.629459992051125,551.7854614257812,2.846799373626709,
multi_join_sift_wiki_1,join,B6,0.01,0.2,203755,7770,5323.291746031746,1.4596231750386697,394,394,15.166597440838814,458.30963134765625,2.872863292694092,
multi_join_sift_wiki_1,join,B6,0.01,0.2,94462,8053,8530.896674856675,1.059343930815432,394,394,15.707595273852348,470.1179504394531,2.8380818367004395,
multi_join_sift_wiki_1,join,B6,0.01,0.2,590890,8244,8967.606986326726,1.0877737732079968,395,395,19.428127445280552,571.0032348632812,2.8598101139068604,
multi_join_sift_wiki_1,join,B6,0.01,0.2,783383,8169,9532.629307373089,1.1669273237082982,392,392,19.61873099207878,510.24749755859375,2.81827974319458,
multi_join_sift_wiki_1,join,B6,0.01,0.2,737605,7694,6434.276604414261,1.1957832205599461,393,393,25.612258352339268,456.04693603515625,2.8511314392089844,
multi_join_sift_wiki_1,join,B6,0.01,0.2,516560,7889,11066.798883572566,1.4028139033556302,394,394,28.627083636820316,541.2479248046875,3.073276996612549,
multi_join_sift_wiki_1,join,B6,0.01,0.2,137642,8163,9275.074932126696,1.1362336067777405,391,391,52.395353093743324,562.4058837890625,2.7730391025543213,
multi_join_sift_wiki_1,join,B6,0.01,0.2,37803,7972,3036.107038123167,2.6257308783579836,385,385,88.78708723932505,575.6770629882812,2.835411787033081,
multi_join_sift_wiki_1,join,B6,0.01,0.2,254800,8460,7319.2574923080065,1.1558549496162458,393,393,26.149130426347256,533.5266723632812,2.7787673473358154,
multi_join_sift_wiki_1,join,B6,0.01,0.2,605930,8547,8909.814315615784,1.042449317376364,391,391,13.555983081459999,551.7850952148438,2.638248920440674,
multi_join_sift_wiki_1,join,B6,0.01,0.2,209329,8109,8538.89886039886,1.0530150277961352,396,396,13.60372919589281,482.88226318359375,2.5807759761810303,
multi_join_sift_wiki_1,join,B6,0.01,0.2,766585,8436,4786.398585663774,1.7624942530418417,393,393,63.79487365484238,549.4696044921875,2.9337518215179443,
multi_join_sift_wiki_1,join,B6,0.01,0.2,488782,7991,5514.030576755552,1.4492121305395251,392,392,59.281760826706886,455.7926025390625,3.0121567249298096,
multi_join_sift_wiki_1,join,B6,0.01,0.2,374559,8106,8408.081703240714,1.0372664326721828,393,393,40.14629777520895,471.97265625,2.954691171646118,
multi_join_sift_wiki_1,join,B6,0.01,0.2,111780,8063,4007.3893280632415,2.012033106824892,390,390,20.650512538850307,481.65673828125,3.104321241378784,
multi_join_sift_wiki_1,join,B6,0.01,0.2,178188,8233,8344.882901501525,1.0135895665615846,391,391,19.563366658985615,590.5484619140625,2.789363145828247,
multi_join_sift_wiki_1,join,B6,0.01,0.2,539857,8180,9610.711384661972,1.1749035922569648,385,385,19.674010574817657,558.6079711914062,2.654690980911255,
multi_join_sift_wiki_1,join,B6,0.01,0.2,781264,7890,5002.394227331357,1.577244743505372,395,395,13.57888150960207,525.383056640625,2.5626325607299805,
multi_join_sift_wiki_1,join,B6,0.01,0.2,771184,8248,6086.0905956977385,1.3552213642416886,393,393,19.37383133918047,577.2371215820312,2.5855629444122314,
multi_join_sift_wiki_1,join,B6,0.01,0.2,140785,7619,5970.747193186217,1.2760546969221473,392,392,58.29279683530331,497.9326477050781,2.6899919509887695,
multi_join_sift_wiki_1,join,B6,0.01,0.2,2505,7962,8864.874110424234,1.1133979038462993,397,397,31.377765350043774,458.19384765625,2.455249309539795,
multi_join_sift_wiki_1,join,B6,0.01,0.2,526089,8232,8570.614741507392,1.0411339579090613,386,386,23.969123139977455,578.9044799804688,2.6229450702667236,
multi_join_sift_wiki_1,join,B6,0.01,0.2,608072,8242,6741.596109224674,1.222559148674346,396,396,25.765370577573776,571.7614135742188,2.957862377166748,
multi_join_sift_wiki_1,join,B6,0.01,0.2,224837,8087,5934.400417043333,1.3627324466974788,396,396,25.962200947105885,477.940673828125,3.115856409072876,
multi_join_sift_wiki_1,join,B6,0.01,0.2,386133,7969,5071.7,1.5712680166413628,390,390,25.47958493232727,566.1602172851562,2.7471389770507812,
multi_join_sift_wiki_1,join,B6,0.01,0.2,487850,8122,7939.750259398196,1.0229540898199003,392,392,37.730542942881584,561.3308715820312,2.3273634910583496,
multi_join_sift_wiki_1,join,B6,0.01,0.2,340195,7720,5726.399321674616,1.3481420987844033,392,392,51.91808845847845,483.9326477050781,2.8599026203155518,
multi_join_sift_wiki_1,join,B6,0.01,0.2,122774,7782,6440.110626438871,1.2083643358628362,397,397,17.455289140343666,472.743896484375,2.306730031967163,
multi_join_sift_wiki_1,join,B6,0.01,0.2,690833,8140,6964.457053291537,1.1687917575933473,391,391,48.46023861318827,532.3489379882812,3.103199005126953,
multi_join_sift_wiki_1,join,B6,0.01,0.2,686759,8112,6324.657541318031,1.2825990888843437,394,394,27.177424170076847,464.8583679199219,3.090532064437866,
multi_join_sift_wiki_1,join,B6,0.01,0.2,154430,7848,9946.382621082621,1.2673780098219445,395,395,57.26037826389074,483.2142333984375,2.479921579360962,
multi_join_sift_wiki_1,join,B6,0.01,0.2,630926,7998,7739.084720327913,1.0334555427455143,396,396,44.16311904788017,478.9911193847656,3.065295457839966,
multi_join_sift_wiki_1,join,B6,0.01,0.2,255248,8028,7340.995792426367,1.0935846071840019,390,390,23.49052205681801,567.5432739257812,2.471759796142578,
multi_join_sift_wiki_1,join,B6,0.01,0.2,48107,8344,12651.98332206446,1.5162971383106973,390,390,21.212284453213215,492.43731689453125,2.8765604496002197,
multi_join_sift_wiki_1,join,B6,0.01,0.2,717611,8087,9869.478066421085,1.2204127694350297,394,394,28.55006232857704,497.1119689941406,2.2551217079162598,
multi_join_sift_wiki_1,join,B6,0.01,0.2,559097,8448,6787.655643745296,1.2446123438487458,387,387,21.38334233313799,543.9766845703125,3.0143213272094727,
multi_join_sift_wiki_1,join,B6,0.01,0.2,527854,8076,3419.7820155038758,2.3615540298728868,389,389,21.57952357083559,595.359375,2.7587831020355225,
multi_join_sift_wiki_1,join,B6,0.01,0.2,692258,8315,11206.167199542326,1.3477050149780307,385,385,22.450732067227364,558.8451538085938,3.455446243286133,
multi_join_sift_wiki_1,join,B6,0.01,0.2,344709,7858,5554.573313541151,1.4146901222535793,399,399,28.38279865682125,493.5136413574219,2.3495209217071533,
multi_join_sift_wiki_1,join,B6,0.01,0.2,414737,8216,8837.701756819233,1.0756696393402183,386,386,26.10105648636818,557.2598266601562,3.0020830631256104,
multi_join_sift_wiki_1,join,B6,0.01,0.2,362610,8272,10842.561953416602,1.3107545881789895,391,391,18.9419686794281,557.9852294921875,2.879486083984375,
multi_join_sift_wiki_1,join,B6,0.01,0.2,129857,8004,8351.036749956393,1.0433579147871554,394,394,19.69499420374632,496.1811218261719,2.723562479019165,
multi_join_sift_wiki_1,join,B6,0.01,0.2,210898,8057,8132.725319693095,1.0093986992296258,390,390,19.769247621297836,495.0474853515625,2.4897570610046387,
multi_join_sift_wiki_1,join,B6,0.01,0.2,793779,8101,5033.134116112198,1.6095339033519633,389,389,25.66511742770672,537.7359008789062,2.6217916011810303,
multi_join_sift_wiki_1,join,B6,0.01,0.2,634727,8088,12764.779095022626,1.5782367822728272,385,385,31.64977952837944,569.2230834960938,2.382875442504883,
multi_join_sift_wiki_1,join,B6,0.01,0.2,351141,8346,7141.054914666545,1.1687348857741868,386,386,19.611526280641556,577.1056518554688,2.7925963401794434,
multi_join_sift_wiki_1,join,B6,0.01,0.2,611020,8190,5248.310676691729,1.560502131928395,385,385,41.273947805166245,602.3656616210938,2.54848575592041,
multi_join_sift_wiki_1,join,B6,0.01,0.3,145860,8022,8802.564446123582,1.097302972590823,394,394,17.72236078977585,493.20147705078125,2.7791433334350586,
multi_join_sift_wiki_1,join,B6,0.01,0.3,359095,8187,9455.957786031464,1.1549966759535195,393,393,61.317021027207375,587.4684448242188,2.330082654953003,
multi_join_sift_wiki_1,join,B6,0.01,0.3,286093,7943,7597.844917257683,1.0454280241964842,385,385,37.958720698952675,602.8929443359375,2.1552388668060303,
multi_join_sift_wiki_1,join,B6,0.01,0.3,781121,8085,6807.173271142713,1.1877176733952564,393,393,38.096400909125805,514.0215454101562,2.2795467376708984,
multi_join_sift_wiki_1,join,B6,0.01,0.3,142780,7783,8045.894469036441,1.0337780379078043,389,389,34.83737166970968,473.2214050292969,2.7598116397857666,
multi_join_sift_wiki_1,join,B6,0.01,0.3,428790,7865,6820.245679012346,1.1531842649309,387,387,38.21179084479809,537.9324340820312,2.257038116455078,
multi_join_sift_wiki_1,join,B6,0.01,0.3,322723,7932,9888.540119411678,1.2466641602889157,395,395,19.795000553131104,459.1468200683594,2.8452041149139404,
multi_join_sift_wiki_1,join,B6,0.01,0.3,588557,7764,7393.094378498586,1.0501691987836816,392,392,19.73764505237341,591.347412109375,2.8811392784118652,
multi_join_sift_wiki_1,join,B6,0.01,0.3,263638,8222,10089.179082598235,1.227095485599396,396,396,19.638587720692158,475.7867126464844,3.1491057872772217,
multi_join_sift_wiki_1,join,B6,0.01,0.3,693614,8312,9537.291302367941,1.1474123318536984,394,394,19.758041948080063,562.9500732421875,2.3145997524261475,
multi_join_sift_wiki_1,join,B6,0.01,0.3,546912,8196,8784.609858387801,1.0718167225949,391,391,19.720877520740032,570.2767333984375,3.094848394393921,
multi_join_sift_wiki_1,join,B6,0.01,0.3,444449,8184,10645.739469684633,1.3007990554355613,390,390,18.37839838117361,530.9553833007812,2.622706890106201,
multi_join_sift_wiki_1,join,B6,0.01,0.3,663176,8137,9480.735672757475,1.1651389544988908,392,392,27.732140384614468,454.77838134765625,2.3369600772857666,
multi_join_sift_wiki_1,join,B6,0.01,0.3,763999,7786,5785.94479638009,1.3456747815622474,391,391,29.781736433506012,494.7989501953125,2.7435648441314697,
multi_join_sift_wiki_1,join,B6,0.01,0.3,782168,7948,7818.482283815063,1.0165655828693312,397,397,13.73964548110962,472.7889709472656,2.321883201599121,
multi_join_sift_wiki_1,join,B6,0.01,0.3,673362,8052,7832.5830453691415,1.0280133582191107,391,391,38.02112769335508,524.2796020507812,2.6439919471740723,
multi_join_sift_wiki_1,join,B6,0.01,0.3,83904,8081,10785.590661325728,1.3346851455668516,396,396,13.672925531864166,474.34765625,2.928945541381836,
multi_join_sift_wiki_1,join,B6,0.01,0.3,695261,8129,7845.267870179863,1.0361660219275128,389,389,25.66296048462391,515.737060546875,2.5670652389526367,
multi_join_sift_wiki_1,join,B6,0.01,0.3,386245,8160,5872.146958895041,1.3896109986892193,395,395,25.98763909190893,556.582763671875,2.7859504222869873,
multi_join_sift_wiki_1,join,B6,0.01,0.3,69504,8144,7464.00498913009,1.0911032363804947,388,388,38.06864097714424,518.8878784179688,3.0938942432403564,
multi_join_sift_wiki_1,join,B6,0.01,0.3,681535,8089,7983.2465473899,1.0132469230384318,394,394,14.06754832714796,470.57379150390625,3.186352491378784,
multi_join_sift_wiki_1,join,B6,0.01,0.3,696279,8043,4348.2223556317895,1.8497214130695865,395,395,13.768421486020088,487.88861083984375,2.6614370346069336,
multi_join_sift_wiki_1,join,B6,0.01,0.3,340223,8353,9618.656755872538,1.151521220624032,390,390,19.80974618345499,556.8862915039062,2.7366652488708496,
multi_join_sift_wiki_1,join,B6,0.01,0.3,690943,8395,5528.443092621665,1.5185107017207216,387,387,22.31093030422926,558.5206909179688,3.105254888534546,
multi_join_sift_wiki_1,join,B6,0.01,0.3,636616,7965,4779.947023809524,1.666336459447212,392,392,13.755209743976593,470.1650695800781,2.822864055633545,
multi_join_sift_wiki_1,join,B6,0.01,0.3,48106,8278,6752.831530331397,1.2258561409118636,394,394,19.520278088748455,490.50250244140625,2.8765604496002197,
multi_join_sift_wiki_1,join,B6,0.01,0.3,352770,8223,6435.605723370429,1.2777352052719422,387,387,27.433165349066257,457.4383850097656,3.0234601497650146,
multi_join_sift_wiki_1,join,B6,0.01,0.3,536954,8373,7034.583347215282,1.1902623917754198,385,385,31.552234664559364,586.05029296875,2.944667100906372,
multi_join_sift_wiki_1,join,B6,0.01,0.3,752067,8032,5037.695368910645,1.5943798526541009,395,395,31.51769284158945,475.32525634765625,2.5798802375793457,
multi_join_sift_wiki_1,join,B6,0.01,0.3,602570,7943,7481.19719004719,1.0617284638035183,392,392,33.14212244004011,501.6029052734375,2.6612396240234375,
multi_join_sift_wiki_1,join,B6,0.01,0.3,345404,7992,7373.06163284302,1.0839459098510642,391,391,25.7553244009614,520.9199829101562,2.7372653484344482,
multi_join_sift_wiki_1,join,B6,0.01,0.3,628777,7920,11358.001557285874,1.4340911057179133,393,393,17.75607466697693,494.2821960449219,2.7295992374420166,
multi_join_sift_wiki_1,join,B6,0.01,0.3,137071,8217,5634.1040462427745,1.4584395198522622,393,393,22.03395776450634,524.1223754882812,2.437206745147705,
multi_join_sift_wiki_1,join,B6,0.01,0.3,296404,7833,5936.995674879939,1.319354169844229,393,393,16.013329848647118,489.5136413574219,3.154475212097168,
multi_join_sift_wiki_1,join,B6,0.01,0.3,703153,8222,10526.131968031968,1.280239840432008,394,394,46.12904693931341,464.6705017089844,3.1921608448028564,
multi_join_sift_wiki_1,join,B6,0.01,0.3,438962,8132,8850.54791930459,1.0883605409867918,391,391,31.2192989513278,548.7824096679688,2.468273162841797,
multi_join_sift_wiki_1,join,B6,0.01,0.3,33248,7960,8390.56083535109,1.0540905572049108,398,398,14.20273631811142,471.7963562011719,2.1035821437835693,
multi_join_sift_wiki_1,join,B6,0.01,0.3,779894,8147,6310.365084301299,1.2910505004326636,396,396,13.783869333565235,520.0441284179688,2.428924083709717,
multi_join_sift_wiki_1,join,B6,0.01,0.3,304120,7854,2968.860372340426,2.645459541705728,395,395,14.530189335346222,483.2489929199219,2.57894229888916,
multi_join_sift_wiki_1,join,B6,0.01,0.3,73745,7575,13576.464285714286,1.7922725129655823,390,390,28.705276548862457,475.82330322265625,2.5097620487213135,
multi_join_sift_wiki_1,join,B6,0.01,0.3,516733,8156,4304.009756097561,1.8949771171975764,387,387,24.38429184257984,518.1920776367188,2.8653626441955566,
multi_join_sift_wiki_1,join,B6,0.01,0.3,181346,8085,6404.806977911647,1.262333123836965,392,392,14.122393913567066,515.7211303710938,3.1206812858581543,
multi_join_sift_wiki_1,join,B6,0.01,0.3,620747,7857,6706.109521063129,1.1716182050594393,392,392,25.508747436106205,490.85638427734375,2.927414894104004,
multi_join_sift_wiki_1,join,B6,0.01,0.3,738510,7956,8170.701639521227,1.0269861286477158,392,392,34.16893072426319,484.3815612792969,2.402500629425049,
multi_join_sift_wiki_1,join,B6,0.01,0.3,111011,7852,11369.092114125218,1.4479230914576182,385,385,20.572366192936897,619.6851196289062,2.744110584259033,
multi_join_sift_wiki_1,join,B6,0.01,0.3,426052,8049,6644.230406504065,1.2114269836459615,391,391,22.074371576309204,496.3959045410156,2.700775384902954,
multi_join_sift_wiki_1,join,B6,0.01,0.3,724169,8206,6302.94949277108,1.3019301534006498,394,394,20.904443226754665,483.02764892578125,2.68540358543396,
multi_join_sift_wiki_1,join,B6,0.01,0.3,588630,8207,9858.069759427968,1.2011782331458472,391,391,30.612601898610592,489.6611022949219,2.7094972133636475,
multi_join_sift_wiki_1,join,B6,0.01,0.3,790256,8237,6964.172564485777,1.1827679345576652,391,391,24.598518386483192,491.0397033691406,2.567054033279419,
multi_join_sift_wiki_1,join,B6,0.01,0.3,201003,8314,7303.001008834444,1.1384361018083593,391,391,19.176509231328964,528.5396118164062,2.689554452896118,
multi_join_sift_wiki_1,join,B6,0.01,0.3,6443,7832,7254.329606625258,1.079631120268807,398,398,44.08555291593075,494.25982666015625,2.4705615043640137,
multi_join_sift_wiki_1,join,B6,0.01,0.3,642763,8242,6842.43085867023,1.204542679383649,397,397,84.94130149483681,507.8333435058594,2.4056813716888428,
multi_join_sift_wiki_1,join,B6,0.01,0.3,193392,8184,7633.420947528972,1.0721274322817553,388,388,32.58002642542124,551.7854614257812,2.846799373626709,
multi_join_sift_wiki_1,join,B6,0.01,0.3,203755,7770,6492.083452380953,1.196842285992238,394,394,48.34049753844738,458.30963134765625,2.872863292694092,
multi_join_sift_wiki_1,join,B6,0.01,0.3,94462,8053,9710.381466011466,1.2058091973191936,394,394,28.127151541411877,470.1179504394531,2.8380818367004395,
multi_join_sift_wiki_1,join,B6,0.01,0.3,590890,8244,7591.385431806659,1.0859677820413378,395,395,28.721466660499573,571.0032348632812,2.8598101139068604,
multi_join_sift_wiki_1,join,B6,0.01,0.3,783383,8169,11730.667201295666,1.4359979436033377,392,392,19.385901279747486,510.24749755859375,2.81827974319458,
multi_join_sift_wiki_1,join,B6,0.01,0.3,737605,7694,10898.36899896801,1.4164763450699258,393,393,25.279897265136242,456.04693603515625,2.8511314392089844,
multi_join_sift_wiki_1,join,B6,0.01,0.3,516560,7889,9802.343136629454,1.2425330379806634,394,394,58.764354325830936,541.2479248046875,3.073276996612549,
multi_join_sift_wiki_1,join,B6,0.01,0.3,137642,8163,10573.893613053613,1.2953440662812217,391,391,31.864669173955917,562.4058837890625,2.7730391025543213,
multi_join_sift_wiki_1,join,B6,0.01,0.3,37803,7972,7599.654353669939,1.0489950764866367,385,385,64.98234532773495,575.6770629882812,2.835411787033081,
multi_join_sift_wiki_1,join,B6,0.01,0.3,254800,8460,7205.356390977444,1.1741265165722576,393,393,38.00243232399225,533.5266723632812,2.7787673473358154,
multi_join_sift_wiki_1,join,B6,0.01,0.3,605930,8547,5539.985576794784,1.5427837999796663,391,391,18.7114542350173,551.7850952148438,2.638248920440674,
multi_join_sift_wiki_1,join,B6,0.01,0.3,209329,8109,6410.092592592592,1.265036328706178,396,396,19.23487801104784,482.88226318359375,2.5807759761810303,
multi_join_sift_wiki_1,join,B6,0.01,0.3,766585,8436,9093.482819671512,1.077937745338017,393,393,31.37173503637314,549.4696044921875,2.9337518215179443,
multi_join_sift_wiki_1,join,B6,0.01,0.3,488782,7991,7691.613473561676,1.038923761245596,392,392,32.00669772922993,455.7926025390625,3.0121567249298096,
multi_join_sift_wiki_1,join,B6,0.01,0.3,374559,8106,7798.0375855936545,1.0394922967510807,393,393,43.33959799259901,471.97265625,2.954691171646118,
multi_join_sift_wiki_1,join,B6,0.01,0.3,111780,8063,8485.497364953888,1.0523995243648627,390,390,39.71017990261316,481.65673828125,3.104321241378784,
multi_join_sift_wiki_1,join,B6,0.01,0.3,178188,8233,8077.361046648505,1.0192685398674945,391,391,20.810973830521107,590.5484619140625,2.789363145828247,
multi_join_sift_wiki_1,join,B6,0.01,0.3,539857,8180,6580.883716965047,1.2429941557715942,385,385,26.187168434262276,558.6079711914062,2.654690980911255,
multi_join_sift_wiki_1,join,B6,0.01,0.3,781264,7890,5759.260731823222,1.3699674953771792,395,395,41.73280205577612,525.383056640625,2.5626325607299805,
multi_join_sift_wiki_1,join,B6,0.01,0.3,771184,8248,6624.591477377191,1.245057907067433,393,393,22.989106364548206,577.2371215820312,2.5855629444122314,
multi_join_sift_wiki_1,join,B6,0.01,0.3,140785,7619,12196.693104916763,1.6008259751826701,392,392,43.829282745718956,497.9326477050781,2.6899919509887695,
multi_join_sift_wiki_1,join,B6,0.01,0.3,2505,7962,6970.776878465363,1.1421969371300345,397,397,38.035240955650806,458.19384765625,2.455249309539795,
multi_join_sift_wiki_1,join,B6,0.01,0.3,526089,8232,7423.042544886807,1.1089792292340321,386,386,77.36351806670427,578.9044799804688,2.6229450702667236,
multi_join_sift_wiki_1,join,B6,0.01,0.3,608072,8242,8144.842855121675,1.0119286702771964,396,396,42.84311085939407,571.7614135742188,2.957862377166748,
multi_join_sift_wiki_1,join,B6,0.01,0.3,224837,8087,10083.782844977582,1.2469126802247537,396,396,26.434102095663548,477.940673828125,3.115856409072876,
multi_join_sift_wiki_1,join,B6,0.01,0.3,386133,7969,7705.363218390805,1.0342147117711413,390,390,28.03152985870838,566.1602172851562,2.7471389770507812,
multi_join_sift_wiki_1,join,B6,0.01,0.3,487850,8122,6770.442512418807,1.19962616699013,392,392,27.071957476437092,561.3308715820312,2.3273634910583496,
multi_join_sift_wiki_1,join,B6,0.01,0.3,340195,7720,6910.95099099099,1.1170676814325082,392,392,26.912830770015717,483.9326477050781,2.8599026203155518,
multi_join_sift_wiki_1,join,B6,0.01,0.3,122774,7782,6999.41548527808,1.1118071239474119,397,397,27.343349531292915,472.743896484375,2.306730031967163,
multi_join_sift_wiki_1,join,B6,0.01,0.3,690833,8140,11415.675335699954,1.4024171174078568,391,391,53.30702941864729,532.3489379882812,3.103199005126953,
multi_join_sift_wiki_1,join,B6,0.01,0.3,686759,8112,5831.247470747747,1.3911260053176564,394,394,29.241647571325302,464.8583679199219,3.090532064437866,
multi_join_sift_wiki_1,join,B6,0.01,0.3,154430,7848,5128.410256410256,1.5302987880484782,395,395,17.003418877720833,483.2142333984375,2.479921579360962,
multi_join_sift_wiki_1,join,B6,0.01,0.3,630926,7998,8440.09635488828,1.0552758633268666,396,396,26.524871587753296,478.9911193847656,3.065295457839966,
multi_join_sift_wiki_1,join,B6,0.01,0.3,255248,8028,6861.868578255675,1.169943712626563,390,390,22.56777510046959,567.5432739257812,2.471759796142578,
multi_join_sift_wiki_1,join,B6,0.01,0.3,48107,8344,7355.597572362278,1.1343741848183102,390,390,23.0558505281806,492.43731689453125,2.8765604496002197,
multi_join_sift_wiki_1,join,B6,0.01,0.3,717611,8087,12309.336627215129,1.5221140876981734,394,394,29.060358181595802,497.1119689941406,2.2551217079162598,
multi_join_sift_wiki_1,join,B6,0.01,0.3,559097,8448,8049.050185138734,1.049564831338468,387,387,22.935432381927967,543.9766845703125,3.0143213272094727,
multi_join_sift_wiki_1,join,B6,0.01,0.3,527854,8076,7335.8356583400855,1.1008970724171587,389,389,22.981147281825542,595.359375,2.7587831020355225,
multi_join_sift_wiki_1,join,B6,0.01,0.3,692258,8315,9846.570274085192,1.1841936589398907,385,385,22.977925837039948,558.8451538085938,3.455446243286133,
multi_join_sift_wiki_1,join,B6,0.01,0.3,344709,7858,8791.274286656771,1.1187674073118823,399,399,22.940071299672127,493.5136413574219,2.3495209217071533,
multi_join_sift_wiki_1,join,B6,0.01,0.3,414737,8216,8176.136708275544,1.0048755657038009,386,386,17.099089920520782,557.2598266601562,3.0020830631256104,
multi_join_sift_wiki_1,join,B6,0.01,0.3,362610,8272,5586.508497195404,1.4807101795607747,391,391,17.069850116968155,557.9852294921875,2.879486083984375,
multi_join_sift_wiki_1,join,B6,0.01,0.3,129857,8004,8782.639982041768,1.0972813570766826,394,394,32.92482998222113,496.1811218261719,2.723562479019165,
multi_join_sift_wiki_1,join,B6,0.01,0.3,210898,8057,3824.1092166335134,2.1068958922394057,390,390,29.23418954014778,495.0474853515625,2.4897570610046387,
multi_join_sift_wiki_1,join,B6,0.01,0.3,793779,8101,10701.862797705939,1.3210545361937958,389,389,17.150129191577435,537.7359008789062,2.6217916011810303,
multi_join_sift_wiki_1,join,B6,0.01,0.3,634727,8088,11114.785346559676,1.3742316204945197,385,385,29.070165939629078,569.2230834960938,2.382875442504883,
multi_join_sift_wiki_1,join,B6,0.01,0.3,351141,8346,5777.324009324009,1.444613455387029,386,386,29.0945153683424,577.1056518554688,2.7925963401794434,
multi_join_sift_wiki_1,join,B6,0.01,0.3,611020,8190,14634.925534991324,1.7869261947486355,385,385,29.154078103601933,602.3656616210938,2.54848575592041,
multi_join_sift_wiki_1,join,B6,0.01,0.4,145860,8022,8009.133527564635,1.0016064749565086,394,394,28.94673217087984,493.20147705078125,2.7791433334350586,
multi_join_sift_wiki_1,join,B6,0.01,0.4,359095,8187,6462.388582181944,1.2668690370265174,393,393,41.1013588309288,587.4684448242188,2.330082654953003,
multi_join_sift_wiki_1,join,B6,0.01,0.4,286093,7943,7742.49341365285,1.025896901118906,385,385,16.999884508550167,602.8929443359375,2.1552388668060303,
multi_join_sift_wiki_1,join,B6,0.01,0.4,781121,8085,6728.308535741253,1.2016393060829338,393,393,17.187786288559437,514.0215454101562,2.2795467376708984,
multi_join_sift_wiki_1,join,B6,0.01,0.4,142780,7783,7622.791227536157,1.0210170746753648,389,389,28.271520510315895,473.2214050292969,2.7598116397857666,
multi_join_sift_wiki_1,join,B6,0.01,0.4,428790,7865,5360.075308641975,1.4673301301045845,387,387,22.30855170637369,537.9324340820312,2.257038116455078,
multi_join_sift_wiki_1,join,B6,0.01,0.4,322723,7932,5547.838968982088,1.429745896437826,395,395,64.68903552740812,459.1468200683594,2.8452041149139404,
multi_join_sift_wiki_1,join,B6,0.01,0.4,588557,7764,9289.367801607816,1.1964667441535053,392,392,52.399893291294575,591.347412109375,2.8811392784118652,
multi_join_sift_wiki_1,join,B6,0.01,0.4,263638,8222,8761.607015236568,1.0656296540059071,396,396,27.99805998802185,475.7867126464844,3.1491057872772217,
multi_join_sift_wiki_1,join,B6,0.01,0.4,693614,8312,12138.700938137694,1.4603826922687313,394,394,20.893149077892303,562.9500732421875,2.3145997524261475,
multi_join_sift_wiki_1,join,B6,0.01,0.4,546912,8196,4373.481339869281,1.8740219434078962,391,391,20.558273419737816,570.2767333984375,3.094848394393921,
multi_join_sift_wiki_1,join,B6,0.01,0.4,444449,8184,11662.213152821096,1.4250016071384526,390,390,14.55147098749876,530.9553833007812,2.622706890106201,
multi_join_sift_wiki_1,join,B6,0.01,0.4,663176,8137,7685.416983710213,1.0587584274538324,392,392,16.67555421590805,454.77838134765625,2.3369600772857666,
multi_join_sift_wiki_1,join,B6,0.01,0.4,763999,7786,8822.037259373998,1.1330641227040839,391,391,16.758046112954617,494.7989501953125,2.7435648441314697,
multi_join_sift_wiki_1,join,B6,0.01,0.4,782168,7948,9822.41972817378,1.2358353960963486,397,397,25.816407054662704,472.7889709472656,2.321883201599121,
multi_join_sift_wiki_1,join,B6,0.01,0.4,673362,8052,8324.639453042071,1.0338598426530143,391,391,46.57775070518255,524.2796020507812,2.6439919471740723,
multi_join_sift_wiki_1,join,B6,0.01,0.4,83904,8081,13288.78651386029,1.6444482754436691,396,396,19.544792361557484,474.34765625,2.928945541381836,
multi_join_sift_wiki_1,join,B6,0.01,0.4,695261,8129,6351.572055137844,1.2798406330641214,389,389,19.521749578416348,515.737060546875,2.5670652389526367,
multi_join_sift_wiki_1,join,B6,0.01,0.4,386245,8160,8307.845702383518,1.0181183458803331,395,395,36.389405839145184,556.582763671875,2.7859504222869873,
multi_join_sift_wiki_1,join,B6,0.01,0.4,69504,8144,8311.012433693271,1.0205074206401366,388,388,13.738549314439297,518.8878784179688,3.0938942432403564,
multi_join_sift_wiki_1,join,B6,0.01,0.4,681535,8089,6422.192823759988,1.2595386376555648,394,394,51.29384808242321,470.57379150390625,3.186352491378784,
multi_join_sift_wiki_1,join,B6,0.01,0.4,696279,8043,7065.239393939393,1.1383903009570115,395,395,78.64774111658335,487.88861083984375,2.6614370346069336,
multi_join_sift_wiki_1,join,B6,0.01,0.4,340223,8353,14405.90450827717,1.7246383943825176,390,390,62.74100672453642,556.8862915039062,2.7366652488708496,
multi_join_sift_wiki_1,join,B6,0.01,0.4,690943,8395,8311.445238095239,1.0100529762888637,387,387,54.71715424209833,558.5206909179688,3.105254888534546,
multi_join_sift_wiki_1,join,B6,0.01,0.4,636616,7965,4710.013492063492,1.6910779583585598,392,392,38.62187918275595,470.1650695800781,2.822864055633545,
multi_join_sift_wiki_1,join,B6,0.01,0.4,48106,8278,7360.0605936471875,1.1247190012464203,394,394,55.39797339588404,490.50250244140625,2.8765604496002197,
multi_join_sift_wiki_1,join,B6,0.01,0.4,352770,8223,6228.471352337289,1.3202276344924098,387,387,74.90740809589624,457.4383850097656,3.0234601497650146,
multi_join_sift_wiki_1,join,B6,0.01,0.4,536954,8373,5757.9420567494035,1.4541653801787136,385,385,64.08199202269316,586.05029296875,2.944667100906372,
multi_join_sift_wiki_1,join,B6,0.01,0.4,752067,8032,4052.2631861639275,1.9821022552100047,395,395,27.339736931025982,475.32525634765625,2.5798802375793457,
multi_join_sift_wiki_1,join,B6,0.01,0.4,602570,7943,7709.852874302875,1.0302401523736218,392,392,97.75058925151825,501.6029052734375,2.6612396240234375,
multi_join_sift_wiki_1,join,B6,0.01,0.4,345404,7992,6009.8519017868475,1.32981646313511,391,391,27.912791818380356,520.9199829101562,2.7372653484344482,
multi_join_sift_wiki_1,join,B6,0.01,0.4,628777,7920,12296.655617352615,1.552608032494017,393,393,27.34957914799452,494.2821960449219,2.7295992374420166,
multi_join_sift_wiki_1,join,B6,0.01,0.4,137071,8217,7381.0040932599495,1.1132631680157785,393,393,37.02661767601967,524.1223754882812,2.437206745147705,
multi_join_sift_wiki_1,join,B6,0.01,0.4,296404,7833,8322.69397947028,1.0625167853274964,393,393,28.4552788361907,489.5136413574219,3.154475212097168,
multi_join_sift_wiki_1,join,B6,0.01,0.4,703153,8222,9937.886913086913,1.208694589283254,394,394,42.43807587772608,464.6705017089844,3.1921608448028564,
multi_join_sift_wiki_1,join,B6,0.01,0.4,438962,8132,8107.817085126946,1.0029826665573667,391,391,48.95790107548237,548.7824096679688,2.468273162841797,
multi_join_sift_wiki_1,join,B6,0.01,0.4,33248,7960,8847.362086359968,1.111477649040197,398,398,46.75467498600483,471.7963562011719,2.1035821437835693,
multi_join_sift_wiki_1,join,B6,0.01,0.4,779894,8147,8494.725986556938,1.0426814761945424,396,396,42.89654083549976,520.0441284179688,2.428924083709717,
multi_join_sift_wiki_1,join,B6,0.01,0.4,304120,7854,7855.6787658388475,1.0002137466054046,395,395,19.075477495789528,483.2489929199219,2.57894229888916,
multi_join_sift_wiki_1,join,B6,0.01,0.4,73745,7575,9370.619674185464,1.2370455015426354,390,390,18.952774815261364,475.82330322265625,2.5097620487213135,
multi_join_sift_wiki_1,join,B6,0.01,0.4,516733,8156,6650.091114982579,1.2264493612162133,387,387,18.880128860473633,518.1920776367188,2.8653626441955566,
multi_join_sift_wiki_1,join,B6,0.01,0.4,181346,8085,11689.21955355974,1.4457909157154905,392,392,30.23055661469698,515.7211303710938,3.1206812858581543,
multi_join_sift_wiki_1,join,B6,0.01,0.4,620747,7857,7892.553606394188,1.0045250867244735,392,392,42.9335068911314,490.85638427734375,2.927414894104004,
multi_join_sift_wiki_1,join,B6,0.01,0.4,738510,7956,9433.80317029286,1.1857470048130794,392,392,42.97121986746788,484.3815612792969,2.402500629425049,
multi_join_sift_wiki_1,join,B6,0.01,0.4,111011,7852,3925.6529644268776,2.0001768039998784,385,385,33.01036078482866,619.6851196289062,2.744110584259033,
multi_join_sift_wiki_1,join,B6,0.01,0.4,426052,8049,6522.783875891821,1.2339823230613338,391,391,18.91391072422266,496.3959045410156,2.700775384902954,
multi_join_sift_wiki_1,join,B6,0.01,0.4,724169,8206,8376.183852462904,1.0207389535051066,394,394,18.992324359714985,483.02764892578125,2.68540358543396,
multi_join_sift_wiki_1,join,B6,0.01,0.4,588630,8207,6638.21926910299,1.236325536608705,391,391,15.18759224563837,489.6611022949219,2.7094972133636475,
multi_join_sift_wiki_1,join,B6,0.01,0.4,790256,8237,11883.354996643171,1.4426799801679218,391,391,13.55479471385479,491.0397033691406,2.567054033279419,
multi_join_sift_wiki_1,join,B6,0.01,0.4,201003,8314,7865.247140917869,1.0570551504666086,391,391,13.586221262812614,528.5396118164062,2.689554452896118,
multi_join_sift_wiki_1,join,B6,0.01,0.4,6443,7832,4595.994202898551,1.7040926629238569,398,398,37.677655927836895,494.25982666015625,2.4705615043640137,
multi_join_sift_wiki_1,join,B6,0.01,0.4,642763,8242,6369.0139659204815,1.2940778657578003,397,397,33.57992693781853,507.8333435058594,2.4056813716888428,
multi_join_sift_wiki_1,join,B6,0.01,0.4,193392,8184,7851.275028696322,1.042378463381753,388,388,37.17564698308706,551.7854614257812,2.846799373626709,
multi_join_sift_wiki_1,join,B6,0.01,0.4,203755,7770,6622.815515873015,1.1732170375843187,394,394,19.71491612493992,458.30963134765625,2.872863292694092,
multi_join_sift_wiki_1,join,B6,0.01,0.4,94462,8053,7965.015495495496,1.0110463695336516,394,394,38.68184331804514,470.1179504394531,2.8380818367004395,
multi_join_sift_wiki_1,join,B6,0.01,0.4,590890,8244,7006.5752600235455,1.1766090699170333,395,395,37.853590212762356,571.0032348632812,2.8598101139068604,
multi_join_sift_wiki_1,join,B6,0.01,0.4,783383,8169,10381.30104879161,1.2708166297945416,392,392,41.75958316773176,510.24749755859375,2.81827974319458,
multi_join_sift_wiki_1,join,B6,0.01,0.4,737605,7694,7856.1894736842105,1.0210799939802717,393,393,28.91591005027294,456.04693603515625,2.8511314392089844,
multi_join_sift_wiki_1,join,B6,0.01,0.4,516560,7889,11540.495590997696,1.4628591191529594,394,394,29.53593898564577,541.2479248046875,3.073276996612549,
multi_join_sift_wiki_1,join,B6,0.01,0.4,137642,8163,4957.93544494721,1.646451449528084,391,391,29.12418730556965,562.4058837890625,2.7730391025543213,
multi_join_sift_wiki_1,join,B6,0.01,0.4,37803,7972,5692.048611111111,1.4005502314998384,385,385,20.178746432065964,575.6770629882812,2.835411787033081,
multi_join_sift_wiki_1,join,B6,0.01,0.4,254800,8460,9671.586356134238,1.1432135172735505,393,393,21.370619535446167,533.5266723632812,2.7787673473358154,
multi_join_sift_wiki_1,join,B6,0.01,0.4,605930,8547,7855.887708529932,1.087973799666161,391,391,15.22762794047594,551.7850952148438,2.638248920440674,
multi_join_sift_wiki_1,join,B6,0.01,0.4,209329,8109,7923.148148148148,1.023456818978614,396,396,17.0041024684906,482.88226318359375,2.5807759761810303,
multi_join_sift_wiki_1,join,B6,0.01,0.4,766585,8436,9911.028946318893,1.174849329814947,393,393,33.10931194573641,549.4696044921875,2.9337518215179443,
multi_join_sift_wiki_1,join,B6,0.01,0.4,488782,7991,8668.083220395169,1.0847307246145874,392,392,37.213279865682125,455.7926025390625,3.0121567249298096,
multi_join_sift_wiki_1,join,B6,0.01,0.4,374559,8106,11497.7631409412,1.4184262448730818,393,393,89.254479855299,471.97265625,2.954691171646118,
multi_join_sift_wiki_1,join,B6,0.01,0.4,111780,8063,8191.552700922267,1.0159435322984331,390,390,27.416878379881382,481.65673828125,3.104321241378784,
multi_join_sift_wiki_1,join,B6,0.01,0.4,178188,8233,8022.555361767349,1.0262316218141112,391,391,38.62543776631355,590.5484619140625,2.789363145828247,
multi_join_sift_wiki_1,join,B6,0.01,0.4,539857,8180,4111.151160572337,1.9897103464473962,385,385,15.457267872989178,558.6079711914062,2.654690980911255,
multi_join_sift_wiki_1,join,B6,0.01,0.4,781264,7890,7300.249351677943,1.0807850006091235,395,395,16.81713107973337,525.383056640625,2.5626325607299805,
multi_join_sift_wiki_1,join,B6,0.01,0.4,771184,8248,8453.857632630188,1.02495849086205,393,393,28.790724463760853,577.2371215820312,2.5855629444122314,
multi_join_sift_wiki_1,join,B6,0.01,0.4,140785,7619,9231.134243128146,1.211593941872706,392,392,40.70349037647247,497.9326477050781,2.6899919509887695,
multi_join_sift_wiki_1,join,B6,0.01,0.4,2505,7962,6856.653899262847,1.1612078014986271,397,397,28.743457980453968,458.19384765625,2.455249309539795,
multi_join_sift_wiki_1,join,B6,0.01,0.4,526089,8232,8172.893694442346,1.007231992457928,386,386,28.99240516126156,578.9044799804688,2.6229450702667236,
multi_join_sift_wiki_1,join,B6,0.01,0.4,608072,8242,6898.853423882287,1.1946912760123356,396,396,28.910625725984573,571.7614135742188,2.957862377166748,
multi_join_sift_wiki_1,join,B6,0.01,0.4,224837,8087,4481.075157884712,1.804700817340779,396,396,53.09342686086893,477.940673828125,3.115856409072876,
multi_join_sift_wiki_1,join,B6,0.01,0.4,386133,7969,8321.383218390805,1.0442192518999631,390,390,17.13977660983801,566.1602172851562,2.7471389770507812,
multi_join_sift_wiki_1,join,B6,0.01,0.4,487850,8122,8127.887221645782,1.0007248487621008,392,392,17.080513760447502,561.3308715820312,2.3273634910583496,
multi_join_sift_wiki_1,join,B6,0.01,0.4,340195,7720,5849.415495495496,1.319789986870483,392,392,25.441902689635754,483.9326477050781,2.8599026203155518,
multi_join_sift_wiki_1,join,B6,0.01,0.4,122774,7782,6100.647279777051,1.275602348917375,397,397,31.035014428198338,472.743896484375,2.306730031967163,
multi_join_sift_wiki_1,join,B6,0.01,0.4,690833,8140,9401.01983330761,1.1549164414382813,391,391,28.879554010927677,532.3489379882812,3.103199005126953,
multi_join_sift_wiki_1,join,B6,0.01,0.4,686759,8112,7549.189144532255,1.0745524909619437,394,394,16.85028150677681,464.8583679199219,3.090532064437866,
multi_join_sift_wiki_1,join,B6,0.01,0.4,154430,7848,6829.51282051282,1.1491302829724688,395,395,28.724285773932934,483.2142333984375,2.479921579360962,
multi_join_sift_wiki_1,join,B6,0.01,0.4,630926,7998,7093.500894274126,1.1275109595680726,396,396,40.50445556640625,478.9911193847656,3.065295457839966,
multi_join_sift_wiki_1,join,B6,0.01,0.4,255248,8028,7505.760573476702,1.0695784819420897,390,390,28.881622478365898,567.5432739257812,2.471759796142578,
multi_join_sift_wiki_1,join,B6,0.01,0.4,48107,8344,7951.702614379085,1.0493350172466864,390,390,28.831111267209053,492.43731689453125,2.8765604496002197,
multi_join_sift_wiki_1,join,B6,0.01,0.4,717611,8087,10489.01445341395,1.297021695735619,394,394,28.839792124927044,497.1119689941406,2.2551217079162598,
multi_join_sift_wiki_1,join,B6,0.01,0.4,559097,8448,7879.33210305658,1.072172093967561,387,387,16.988917253911495,543.9766845703125,3.0143213272094727,
multi_join_sift_wiki_1,join,B6,0.01,0.4,527854,8076,5438.850123375913,1.4848726875722764,389,389,41.07166267931461,595.359375,2.7587831020355225,
multi_join_sift_wiki_1,join,B6,0.01,0.4,692258,8315,7118.4909974478505,1.168084640829233,385,385,64.88400418311357,558.8451538085938,3.455446243286133,
multi_join_sift_wiki_1,join,B6,0.01,0.4,344709,7858,8051.219198416626,1.0245888519237243,399,399,31.5480949357152,493.5136413574219,2.3495209217071533,
multi_join_sift_wiki_1,join,B6,0.01,0.4,414737,8216,4741.431853906612,1.732809888057462,386,386,19.928175024688244,557.2598266601562,3.0020830631256104,
multi_join_sift_wiki_1,join,B6,0.01,0.4,362610,8272,10721.386641273548,1.29610573516363,391,391,21.815145388245583,557.9852294921875,2.879486083984375,
multi_join_sift_wiki_1,join,B6,0.01,0.4,129857,8004,10424.73371965336,1.3024404947093156,394,394,22.649146616458893,496.1811218261719,2.723562479019165,
multi_join_sift_wiki_1,join,B6,0.01,0.4,210898,8057,6363.1160367528655,1.266203531958775,390,390,13.994903303682804,495.0474853515625,2.4897570610046387,
multi_join_sift_wiki_1,join,B6,0.01,0.4,793779,8101,9595.029648468975,1.1844253361892327,389,389,59.51354280114174,537.7359008789062,2.6217916011810303,
multi_join_sift_wiki_1,join,B6,0.01,0.4,634727,8088,5691.630102405334,1.4210340191612134,385,385,74.42350406199694,569.2230834960938,2.382875442504883,
multi_join_sift_wiki_1,join,B6,0.01,0.4,351141,8346,3934.6055194805194,2.1211783388902252,386,386,31.187662854790688,577.1056518554688,2.7925963401794434,
multi_join_sift_wiki_1,join,B6,0.01,0.4,611020,8190,4380.153846153846,1.869797337641811,385,385,19.138647243380547,602.3656616210938,2.54848575592041,
multi_join_sift_wiki_1,join,B6,0.01,0.5,145860,8022,7754.888191629994,1.0344443145754576,394,394,23.60738907009363,493.20147705078125,2.7791433334350586,
multi_join_sift_wiki_1,join,B6,0.01,0.5,359095,8187,7773.812921309365,1.0531511476894455,393,393,20.067116245627403,587.4684448242188,2.330082654953003,
multi_join_sift_wiki_1,join,B6,0.01,0.5,286093,7943,11342.552106800167,1.427993466800978,385,385,67.40693189203739,602.8929443359375,2.1552388668060303,
multi_join_sift_wiki_1,join,B6,0.01,0.5,781121,8085,5646.449133211679,1.4318733436284907,393,393,40.53203575313091,514.0215454101562,2.2795467376708984,
multi_join_sift_wiki_1,join,B6,0.01,0.5,142780,7783,12412.8056842766,1.5948613239466272,389,389,54.54838741570711,473.2214050292969,2.7598116397857666,
multi_join_sift_wiki_1,join,B6,0.01,0.5,428790,7865,9635.033333333333,1.2250519177791905,387,387,39.17565569281578,537.9324340820312,2.257038116455078,
multi_join_sift_wiki_1,join,B6,0.01,0.5,322723,7932,6602.556072520752,1.2013529173969872,395,395,40.2252646163106,459.1468200683594,2.8452041149139404,
multi_join_sift_wiki_1,join,B6,0.01,0.5,588557,7764,7275.657858122131,1.0671199981363488,392,392,30.14486189931631,591.347412109375,2.8811392784118652,
multi_join_sift_wiki_1,join,B6,0.01,0.5,263638,8222,9937.70980914194,1.2086730490321016,396,396,23.8738302141428,475.7867126464844,3.1491057872772217,
multi_join_sift_wiki_1,join,B6,0.01,0.5,693614,8312,6725.829976580797,1.2358326078628534,394,394,24.354872293770313,562.9500732421875,2.3145997524261475,
multi_join_sift_wiki_1,join,B6,0.01,0.5,546912,8196,8612.748790849673,1.0508478270924442,391,391,22.908302024006844,570.2767333984375,3.094848394393921,
multi_join_sift_wiki_1,join,B6,0.01,0.5,444449,8184,12783.40582399471,1.5619997341147007,390,390,29.695088043808937,530.9553833007812,2.622706890106201,
multi_join_sift_wiki_1,join,B6,0.01,0.5,663176,8137,9221.808471090986,1.1333179883361173,392,392,34.9862864241004,454.77838134765625,2.3369600772857666,
multi_join_sift_wiki_1,join,B6,0.01,0.5,763999,7786,5510.718091009989,1.412883016589405,391,391,29.365315102040768,494.7989501953125,2.7435648441314697,
multi_join_sift_wiki_1,join,B6,0.01,0.5,782168,7948,6128.736482877322,1.296841530420732,397,397,23.432007059454918,472.7889709472656,2.321883201599121,
multi_join_sift_wiki_1,join,B6,0.01,0.5,673362,8052,8351.598838507929,1.0372080027953214,391,391,35.86431220173836,524.2796020507812,2.6439919471740723,
multi_join_sift_wiki_1,join,B6,0.01,0.5,83904,8081,10869.141355770174,1.345024298449471,396,396,38.79801742732525,474.34765625,2.928945541381836,
multi_join_sift_wiki_1,join,B6,0.01,0.5,695261,8129,8691.282854726014,1.0691699907400682,389,389,40.414282120764256,515.737060546875,2.5670652389526367,
multi_join_sift_wiki_1,join,B6,0.01,0.5,386245,8160,8205.835352201082,1.0056170774756228,395,395,45.24918179959059,556.582763671875,2.7859504222869873,
multi_join_sift_wiki_1,join,B6,0.01,0.5,69504,8144,10836.974125835251,1.3306697109326193,388,388,46.255992725491524,518.8878784179688,3.0938942432403564,
multi_join_sift_wiki_1,join,B6,0.01,0.5,681535,8089,6918.035292602086,1.1692626096675316,394,394,46.84511665254831,470.57379150390625,3.186352491378784,
multi_join_sift_wiki_1,join,B6,0.01,0.5,696279,8043,14539.359696785259,1.8077035554874126,395,395,34.28388945758343,487.88861083984375,2.6614370346069336,
multi_join_sift_wiki_1,join,B6,0.01,0.5,340223,8353,10395.662617141777,1.2445423940071565,390,390,39.6597133949399,556.8862915039062,2.7366652488708496,
multi_join_sift_wiki_1,join,B6,0.01,0.5,690943,8395,3386.273469387755,2.4791264131180264,387,387,33.102814108133316,558.5206909179688,3.105254888534546,
multi_join_sift_wiki_1,join,B6,0.01,0.5,636616,7965,4988.440873015874,1.5966912714321861,392,392,27.151335030794144,470.1650695800781,2.822864055633545,
multi_join_sift_wiki_1,join,B6,0.01,0.5,48106,8278,10200.731472301017,1.2322700498068395,394,394,36.4423543214798,490.50250244140625,2.8765604496002197,
multi_join_sift_wiki_1,join,B6,0.01,0.5,352770,8223,5598.858770535241,1.4686921633520496,387,387,29.476461000740528,457.4383850097656,3.0234601497650146,
multi_join_sift_wiki_1,join,B6,0.01,0.5,536954,8373,5171.347465156311,1.6191137912151325,385,385,28.976931236684322,586.05029296875,2.944667100906372,
multi_join_sift_wiki_1,join,B6,0.01,0.5,752067,8032,6292.130338582803,1.2765151972057007,395,395,18.91598291695118,475.32525634765625,2.5798802375793457,
multi_join_sift_wiki_1,join,B6,0.01,0.5,602570,7943,13512.8276991277,1.7012246882950648,392,392,32.05826133489609,501.6029052734375,2.6612396240234375,
multi_join_sift_wiki_1,join,B6,0.01,0.5,345404,7992,8557.291005522324,1.0707321077980885,391,391,23.266654461622238,520.9199829101562,2.7372653484344482,
multi_join_sift_wiki_1,join,B6,0.01,0.5,628777,7920,11771.637597330366,1.4863178784508038,393,393,37.64828946441412,494.2821960449219,2.7295992374420166,
multi_join_sift_wiki_1,join,B6,0.01,0.5,137071,8217,7964.52665689447,1.0316997298121888,393,393,42.897007428109646,524.1223754882812,2.437206745147705,
multi_join_sift_wiki_1,join,B6,0.01,0.5,296404,7833,12807.329113240725,1.635047761169504,393,393,21.38109877705574,489.5136413574219,3.154475212097168,
multi_join_sift_wiki_1,join,B6,0.01,0.5,703153,8222,11455.781808931808,1.393308417530018,394,394,13.868494890630245,464.6705017089844,3.1921608448028564,
multi_join_sift_wiki_1,join,B6,0.01,0.5,438962,8132,9258.152158446672,1.138484033257092,391,391,19.691303372383118,548.7824096679688,2.468273162841797,
multi_join_sift_wiki_1,join,B6,0.01,0.5,33248,7960,9023.465825934894,1.1336012344139315,398,398,13.717036694288254,471.7963562011719,2.1035821437835693,
multi_join_sift_wiki_1,join,B6,0.01,0.5,779894,8147,8754.3785752408,1.0745524211661717,396,396,48.12151473015547,520.0441284179688,2.428924083709717,
multi_join_sift_wiki_1,join,B6,0.01,0.5,304120,7854,6675.851172068283,1.1764791930744478,395,395,56.621840223670006,483.2489929199219,2.57894229888916,
multi_join_sift_wiki_1,join,B6,0.01,0.5,73745,7575,8098.297932330826,1.0690822352911982,390,390,36.003878340125084,475.82330322265625,2.5097620487213135,
multi_join_sift_wiki_1,join,B6,0.01,0.5,516733,8156,10480.749868018162,1.285035540463237,387,387,36.931734532117844,518.1920776367188,2.8653626441955566,
multi_join_sift_wiki_1,join,B6,0.01,0.5,181346,8085,8367.369562827582,1.0349251159959902,392,392,50.11879466474056,515.7211303710938,3.1206812858581543,
multi_join_sift_wiki_1,join,B6,0.01,0.5,620747,7857,8115.813671841243,1.0329405207892635,392,392,22.02456258237362,490.85638427734375,2.927414894104004,
multi_join_sift_wiki_1,join,B6,0.01,0.5,738510,7956,9346.232221386861,1.174740098213532,392,392,42.88406763225794,484.3815612792969,2.402500629425049,
multi_join_sift_wiki_1,join,B6,0.01,0.5,111011,7852,5100.363315217392,1.5394981719386251,385,385,38.61886542290449,619.6851196289062,2.744110584259033,
multi_join_sift_wiki_1,join,B6,0.01,0.5,426052,8049,6400.68387589182,1.2575218767351664,391,391,28.36591750383377,496.3959045410156,2.700775384902954,
multi_join_sift_wiki_1,join,B6,0.01,0.5,724169,8206,5247.506713127577,1.5637902814819127,394,394,64.94401302188635,483.02764892578125,2.68540358543396,
multi_join_sift_wiki_1,join,B6,0.01,0.5,588630,8207,4221.879818594105,1.9439208013109546,391,391,40.94283655285835,489.6611022949219,2.7094972133636475,
multi_join_sift_wiki_1,join,B6,0.01,0.5,790256,8237,9462.24662276749,1.1487491347295726,391,391,40.36360513418913,491.0397033691406,2.567054033279419,
multi_join_sift_wiki_1,join,B6,0.01,0.5,201003,8314,9710.332000638675,1.1679494828769155,391,391,75.31475648283958,528.5396118164062,2.689554452896118,
multi_join_sift_wiki_1,join,B6,0.01,0.5,6443,7832,8846.801360544217,1.1295711645230104,398,398,18.0342523381114,494.25982666015625,2.4705615043640137,
multi_join_sift_wiki_1,join,B6,0.01,0.5,642763,8242,6589.345031740728,1.2508071682843243,397,397,44.593481346964836,507.8333435058594,2.4056813716888428,
multi_join_sift_wiki_1,join,B6,0.01,0.5,193392,8184,3685.6872179505317,2.220481423421168,388,388,29.060068540275097,551.7854614257812,2.846799373626709,
multi_join_sift_wiki_1,join,B6,0.01,0.5,203755,7770,6777.106349206349,1.146507019313623,394,394,14.831781387329102,458.30963134765625,2.872863292694092,
multi_join_sift_wiki_1,join,B6,0.01,0.5,94462,8053,6951.2084930384935,1.1585035908597663,394,394,30.604397878050804,470.1179504394531,2.8380818367004395,
multi_join_sift_wiki_1,join,B6,0.01,0.5,590890,8244,8923.672307026865,1.0824444816869074,395,395,58.343980461359024,571.0032348632812,2.8598101139068604,
multi_join_sift_wiki_1,join,B6,0.01,0.5,783383,8169,7549.8386117062,1.0820098839376215,392,392,64.76952973753214,510.24749755859375,2.81827974319458,
multi_join_sift_wiki_1,join,B6,0.01,0.5,737605,7694,6835.385263157894,1.1256132176586975,393,393,16.82932861149311,456.04693603515625,2.8511314392089844,
multi_join_sift_wiki_1,join,B6,0.01,0.5,516560,7889,9820.65586390218,1.2448543369124325,394,394,19.068476743996143,541.2479248046875,3.073276996612549,
multi_join_sift_wiki_1,join,B6,0.01,0.5,137642,8163,9233.139487179487,1.1310963478107912,391,391,32.23899379372597,562.4058837890625,2.7730391025543213,
multi_join_sift_wiki_1,join,B6,0.01,0.5,37803,7972,2239.916129032258,3.5590618312321602,385,385,38.31472061574459,575.6770629882812,2.835411787033081,
multi_join_sift_wiki_1,join,B6,0.01,0.5,254800,8460,7827.01492756281,1.0808718366191095,393,393,38.090746849775314,533.5266723632812,2.7787673473358154,
multi_join_sift_wiki_1,join,B6,0.01,0.5,605930,8547,7631.51923364857,1.1199604873319235,391,391,31.8043427541852,551.7850952148438,2.638248920440674,
multi_join_sift_wiki_1,join,B6,0.01,0.5,209329,8109,7882.374504898895,1.0287509169933828,396,396,24.014600552618504,482.88226318359375,2.5807759761810303,
multi_join_sift_wiki_1,join,B6,0.01,0.5,766585,8436,7319.387030536185,1.152555530238441,393,393,20.931015722453594,549.4696044921875,2.9337518215179443,
multi_join_sift_wiki_1,join,B6,0.01,0.5,488782,7991,13439.393812877264,1.6818162699133106,392,392,17.387600615620613,455.7926025390625,3.0121567249298096,
multi_join_sift_wiki_1,join,B6,0.01,0.5,374559,8106,8904.06481127501,1.0984535913243287,393,393,17.296267673373222,471.97265625,2.954691171646118,
multi_join_sift_wiki_1,join,B6,0.01,0.5,111780,8063,8104.634443817053,1.0051636417979726,390,390,17.088910564780235,481.65673828125,3.104321241378784,
multi_join_sift_wiki_1,join,B6,0.01,0.5,178188,8233,7304.997410284868,1.1270366760717228,391,391,22.532870061695576,590.5484619140625,2.789363145828247,
multi_join_sift_wiki_1,join,B6,0.01,0.5,539857,8180,5652.150980392157,1.44723664112604,385,385,29.32258602231741,558.6079711914062,2.654690980911255,
multi_join_sift_wiki_1,join,B6,0.01,0.5,781264,7890,10634.741570455522,1.3478759911857443,395,395,15.474467538297176,525.383056640625,2.5626325607299805,
multi_join_sift_wiki_1,join,B6,0.01,0.5,771184,8248,8986.169056811914,1.0894967333671088,393,393,15.975194051861763,577.2371215820312,2.5855629444122314,
multi_join_sift_wiki_1,join,B6,0.01,0.5,140785,7619,6737.082946186604,1.1309048828488282,392,392,16.298983246088028,497.9326477050781,2.6899919509887695,
multi_join_sift_wiki_1,join,B6,0.01,0.5,2505,7962,7836.047187347312,1.0160735138063055,397,397,17.866967245936394,458.19384765625,2.455249309539795,
multi_join_sift_wiki_1,join,B6,0.01,0.5,526089,8232,13617.032709286552,1.6541584923817483,386,386,16.7521545663476,578.9044799804688,2.6229450702667236,
multi_join_sift_wiki_1,join,B6,0.01,0.5,608072,8242,9222.509903791737,1.1189650453520672,396,396,18.916944973170757,571.7614135742188,2.957862377166748,
multi_join_sift_wiki_1,join,B6,0.01,0.5,224837,8087,9853.230040689925,1.2184036157647984,396,396,22.308225743472576,477.940673828125,3.115856409072876,
multi_join_sift_wiki_1,join,B6,0.01,0.5,386133,7969,7652.666666666667,1.0413363533408833,390,390,24.35519266873598,566.1602172851562,2.7471389770507812,
multi_join_sift_wiki_1,join,B6,0.01,0.5,487850,8122,5669.61154122436,1.4325496448820272,392,392,21.910890005528927,561.3308715820312,2.3273634910583496,
multi_join_sift_wiki_1,join,B6,0.01,0.5,340195,7720,7124.980402755697,1.083511752118528,392,392,22.283125668764114,483.9326477050781,2.8599026203155518,
multi_join_sift_wiki_1,join,B6,0.01,0.5,122774,7782,7141.326547921968,1.0897135073965298,397,397,22.28665817528963,472.743896484375,2.306730031967163,
multi_join_sift_wiki_1,join,B6,0.01,0.5,690833,8140,10403.058407800268,1.2780170034152665,391,391,23.794643580913544,532.3489379882812,3.103199005126953,
multi_join_sift_wiki_1,join,B6,0.01,0.5,686759,8112,7712.977943542703,1.0517338516171122,394,394,23.281746543943882,464.8583679199219,3.090532064437866,
multi_join_sift_wiki_1,join,B6,0.01,0.5,154430,7848,10822.675213675215,1.3790360873694207,395,395,22.34284207224846,483.2142333984375,2.479921579360962,
multi_join_sift_wiki_1,join,B6,0.01,0.5,630926,7998,10976.45253509621,1.3723996668037273,396,396,24.598336778581142,478.9911193847656,3.065295457839966,
multi_join_sift_wiki_1,join,B6,0.01,0.5,255248,8028,6610.333094384708,1.2144622495377064,390,390,22.637841291725636,567.5432739257812,2.471759796142578,
multi_join_sift_wiki_1,join,B6,0.01,0.5,48107,8344,8364.45608894899,1.0024515926353055,390,390,21.33926097303629,492.43731689453125,2.8765604496002197,
multi_join_sift_wiki_1,join,B6,0.01,0.5,717611,8087,10698.459219116843,1.3229206404249836,394,394,22.160230204463005,497.1119689941406,2.2551217079162598,
multi_join_sift_wiki_1,join,B6,0.01,0.5,559097,8448,6375.752716164403,1.3250200213351817,387,387,22.699871100485325,543.9766845703125,3.0143213272094727,
multi_join_sift_wiki_1,join,B6,0.01,0.5,527854,8076,4976.841650835244,1.6227158842083385,389,389,22.275001741945744,595.359375,2.7587831020355225,
multi_join_sift_wiki_1,join,B6,0.01,0.5,692258,8315,4561.2438915094335,1.8229676372881591,385,385,22.14296068996191,558.8451538085938,3.455446243286133,
multi_join_sift_wiki_1,join,B6,0.01,0.5,344709,7858,8648.87382483919,1.1006456890861782,399,399,21.37227449566126,493.5136413574219,2.3495209217071533,
multi_join_sift_wiki_1,join,B6,0.01,0.5,414737,8216,10148.507817425294,1.2352127333769831,386,386,21.488063968718052,557.2598266601562,3.0020830631256104,
multi_join_sift_wiki_1,join,B6,0.01,0.5,362610,8272,5622.526262657399,1.4712247864344112,391,391,21.976486779749393,557.9852294921875,2.879486083984375,
multi_join_sift_wiki_1,join,B6,0.01,0.5,129857,8004,12362.64787345591,1.544558704829574,394,394,23.395410738885403,496.1811218261719,2.723562479019165,
multi_join_sift_wiki_1,join,B6,0.01,0.5,210898,8057,4281.303400587289,1.8819035340720724,390,390,23.36063701659441,495.0474853515625,2.4897570610046387,
multi_join_sift_wiki_1,join,B6,0.01,0.5,793779,8101,12184.89709649135,1.5041225893706147,389,389,23.69969617575407,537.7359008789062,2.6217916011810303,
multi_join_sift_wiki_1,join,B6,0.01,0.5,634727,8088,10523.715423400128,1.3011517585806291,385,385,23.568028584122658,569.2230834960938,2.382875442504883,
multi_join_sift_wiki_1,join,B6,0.01,0.5,351141,8346,7482.438311688311,1.1154118019206012,386,386,22.72944152355194,577.1056518554688,2.7925963401794434,
multi_join_sift_wiki_1,join,B6,0.01,0.5,611020,8190,5007.120879120879,1.6356705175925275,385,385,22.393004037439823,602.3656616210938,2.54848575592041,
multi_join_sift_wiki_1,join,B6,0.05,0.1,145860,39205,40277.44528246081,1.0273548088881725,389,389,23.8036522641778,530.199462890625,2.8995752334594727,
multi_join_sift_wiki_1,join,B6,0.05,0.1,359095,40338,39097.54647108835,1.0317271450736412,385,385,22.59554248303175,640.2191162109375,2.541745185852051,
multi_join_sift_wiki_1,join,B6,0.05,0.1,286093,39971,31824.90476190476,1.255966052342954,385,385,22.030525840818882,625.1065673828125,2.442873239517212,
multi_join_sift_wiki_1,join,B6,0.05,0.1,781121,39807,40249.927952916216,1.0111268860480873,385,385,22.588148713111877,549.830078125,2.5712718963623047,
multi_join_sift_wiki_1,join,B6,0.05,0.1,142780,39872,29173.169535603072,1.366735278843803,385,385,21.7551551759243,510.74957275390625,2.896462917327881,
multi_join_sift_wiki_1,join,B6,0.05,0.1,428790,40316,26046.788801559815,1.5478299573568037,385,385,21.954208612442017,558.8193969726562,2.4774093627929688,
multi_join_sift_wiki_1,join,B6,0.05,0.1,322723,39343,37128.145712443584,1.0596543200597843,389,389,21.956484764814377,499.2731628417969,2.986773729324341,
multi_join_sift_wiki_1,join,B6,0.05,0.1,588557,39771,41289.67026876881,1.0381853679507382,385,385,23.097272031009197,629.5499877929688,3.0205342769622803,
multi_join_sift_wiki_1,join,B6,0.05,0.1,263638,40060,42644.041641334734,1.0645042846064587,389,389,22.159638814628124,526.975341796875,3.283975601196289,
multi_join_sift_wiki_1,join,B6,0.05,0.1,693614,40798,49843.82102941177,1.2217221684742332,385,385,22.0735352486372,612.0115356445312,2.5495686531066895,
multi_join_sift_wiki_1,join,B6,0.05,0.1,546912,40228,34777.274815974444,1.1567323838014427,385,385,22.948446683585644,618.724853515625,3.211322069168091,
multi_join_sift_wiki_1,join,B6,0.05,0.1,444449,40268,44231.35838435506,1.0984245153559913,385,385,21.96818869560957,565.9703979492188,2.7807583808898926,
multi_join_sift_wiki_1,join,B6,0.05,0.1,663176,40001,42826.198305731734,1.0706281919384948,389,389,21.359510719776154,493.45111083984375,2.5044238567352295,
multi_join_sift_wiki_1,join,B6,0.05,0.1,763999,39605,32999.4553400249,1.2001713237964646,385,385,21.82918880134821,538.6162719726562,2.9056854248046875,
multi_join_sift_wiki_1,join,B6,0.05,0.1,782168,39182,43739.11523884079,1.1163063457414322,391,391,19.21001821756363,507.74993896484375,2.5348682403564453,
multi_join_sift_wiki_1,join,B6,0.05,0.1,673362,39785,32090.398276198277,1.239778941276303,385,385,19.709311425685883,567.3450927734375,2.8160996437072754,
multi_join_sift_wiki_1,join,B6,0.05,0.1,83904,39750,40999.480237750606,1.0314334651006443,392,392,13.651478104293346,505.16839599609375,3.0482594966888428,
multi_join_sift_wiki_1,join,B6,0.05,0.1,695261,40299,34689.82631238493,1.1616950640543418,385,385,19.724995829164982,551.4187622070312,2.6969356536865234,
multi_join_sift_wiki_1,join,B6,0.05,0.1,386245,40481,52208.256337535015,1.2896977924837583,385,385,14.228110201656818,601.3907470703125,2.934922456741333,
multi_join_sift_wiki_1,join,B6,0.05,0.1,69504,40894,28951.982116733838,1.4124766945183986,385,385,13.543078675866127,555.7332763671875,3.2390849590301514,
multi_join_sift_wiki_1,join,B6,0.05,0.1,681535,39910,41293.12721649214,1.0346561567650248,392,392,19.724384881556034,506.0704040527344,3.3210012912750244,
multi_join_sift_wiki_1,join,B6,0.05,0.1,696279,40127,35778.88151771077,1.1215275128188926,389,389,13.60419299453497,525.52099609375,2.8524117469787598,
multi_join_sift_wiki_1,join,B6,0.05,0.1,340223,40138,49169.84957208852,1.2250199205762249,385,385,13.453979976475239,596.6854858398438,2.9147491455078125,
multi_join_sift_wiki_1,join,B6,0.05,0.1,690943,41191,34542.92016986636,1.1924585355679662,385,385,20.570402033627033,592.3656616210938,3.2163867950439453,
multi_join_sift_wiki_1,join,B6,0.05,0.1,636616,39857,35709.448488067996,1.1161471735783843,385,385,16.161330975592136,509.25775146484375,2.938859224319458,
multi_join_sift_wiki_1,join,B6,0.05,0.1,48106,40563,32552.05931376292,1.246096279471022,385,385,53.64531744271517,531.8182983398438,3.032061815261841,
multi_join_sift_wiki_1,join,B6,0.05,0.1,352770,40701,40272.75609216704,1.0106335882960902,387,387,67.92565248906612,499.57415771484375,3.1356277465820312,
multi_join_sift_wiki_1,join,B6,0.05,0.1,536954,41057,43327.77895278405,1.055307960951459,385,385,37.33507730066776,617.656005859375,3.0945534706115723,
multi_join_sift_wiki_1,join,B6,0.05,0.1,752067,39942,32004.46590909091,1.2480133276854473,385,385,31.860620714724064,524.2474975585938,2.7386274337768555,
multi_join_sift_wiki_1,join,B6,0.05,0.1,602570,40131,28821.448095975473,1.3924005437326987,385,385,38.16279675811529,538.7058715820312,2.794548749923706,
multi_join_sift_wiki_1,join,B6,0.05,0.1,345404,40297,40303.5837250375,1.0001633800292205,385,385,47.585055232048035,573.16357421875,2.874479293823242,
multi_join_sift_wiki_1,join,B6,0.05,0.1,628777,39890,39336.141646524695,1.0140801392890102,387,387,24.005071260035038,536.1368408203125,2.908341407775879,
multi_join_sift_wiki_1,join,B6,0.05,0.1,137071,40335,37898.21343866421,1.0642981908706481,385,385,13.167084194719791,565.7279663085938,2.6718127727508545,
multi_join_sift_wiki_1,join,B6,0.05,0.1,296404,39110,40229.95050129369,1.028635911564656,385,385,19.27363872528076,527.79638671875,3.2837841510772705,
multi_join_sift_wiki_1,join,B6,0.05,0.1,703153,40188,36652.25688478993,1.0964672687503,392,392,19.691728986799717,497.02056884765625,3.3179731369018555,
multi_join_sift_wiki_1,join,B6,0.05,0.1,438962,40151,35356.11624163113,1.1356168116882417,385,385,13.796942308545113,595.399169921875,2.6289570331573486,
multi_join_sift_wiki_1,join,B6,0.05,0.1,33248,39599,47420.51706125331,1.1975180449317737,390,390,13.539211824536324,516.1569213867188,2.337841033935547,
multi_join_sift_wiki_1,join,B6,0.05,0.1,779894,40022,39166.04483774712,1.02185452132833,385,385,13.55134230107069,583.26953125,2.5691866874694824,
multi_join_sift_wiki_1,join,B6,0.05,0.1,304120,39328,41593.10807017543,1.0575953028421337,385,385,13.518588617444038,525.758544921875,2.7490689754486084,
multi_join_sift_wiki_1,join,B6,0.05,0.1,73745,38889,42439.99566387573,1.0913110561823582,389,389,13.51031195372343,506.00616455078125,2.654064178466797,
multi_join_sift_wiki_1,join,B6,0.05,0.1,516733,40388,38572.86609940784,1.0470572732633945,385,385,22.578117437660694,554.3741455078125,3.0097391605377197,
multi_join_sift_wiki_1,join,B6,0.05,0.1,181346,39657,49301.08743239027,1.2431875187833237,385,385,32.60935936123133,553.5350952148438,3.273480176925659,
multi_join_sift_wiki_1,join,B6,0.05,0.1,620747,40245,54435.94629702354,1.3526138973045978,385,385,25.89384652674198,532.4453125,3.0532097816467285,
multi_join_sift_wiki_1,join,B6,0.05,0.1,738510,40003,32982.4004538216,1.2128589626460902,386,386,18.155253492295742,517.6148681640625,2.6115403175354004,
multi_join_sift_wiki_1,join,B6,0.05,0.1,111011,39868,51868.86886798386,1.301015071435333,385,385,46.149278059601784,645.222412109375,2.8725788593292236,
multi_join_sift_wiki_1,join,B6,0.05,0.1,426052,40426,39157.858799871305,1.0323853560688785,385,385,68.22086963802576,539.0144653320312,2.85752534866333,
multi_join_sift_wiki_1,join,B6,0.05,0.1,724169,39935,47727.553468160564,1.1951309244562556,385,385,44.05927378684282,521.658203125,2.819596529006958,
multi_join_sift_wiki_1,join,B6,0.05,0.1,588630,40972,57064.545256177196,1.3927693365268279,385,385,13.84318619966507,532.3825073242188,2.9160590171813965,
multi_join_sift_wiki_1,join,B6,0.05,0.1,790256,40061,45645.80244633322,1.1394074647745494,386,386,13.96152377128601,532.9548950195312,2.7123072147369385,
multi_join_sift_wiki_1,join,B6,0.05,0.1,201003,40591,35095.30387176146,1.1565934903518675,385,385,13.56677059084177,583.0762329101562,2.859617233276367,
multi_join_sift_wiki_1,join,B6,0.05,0.1,6443,39497,37853.173084886126,1.0434263968156006,385,385,13.5273402556777,538.642333984375,2.739042282104492,
multi_join_sift_wiki_1,join,B6,0.05,0.1,642763,40406,44728.53254097172,1.106977491980689,385,385,13.494768179953098,564.1224365234375,2.7092697620391846,
multi_join_sift_wiki_1,join,B6,0.05,0.1,193392,40162,53499.20205267193,1.3320851066349269,385,385,13.502989895641804,594.61181640625,2.984983205795288,
multi_join_sift_wiki_1,join,B6,0.05,0.1,203755,39367,44703.82655403776,1.1355659957334254,394,394,13.844051398336887,495.6998596191406,2.994408130645752,
multi_join_sift_wiki_1,join,B6,0.05,0.1,94462,39478,42032.35861391507,1.064703343986906,391,391,13.58418446034193,512.9263916015625,2.962696075439453,
multi_join_sift_wiki_1,join,B6,0.05,0.1,590890,40861,32160.73790547021,1.2705243306326615,385,385,13.509434647858143,618.7183227539062,2.9903500080108643,
multi_join_sift_wiki_1,join,B6,0.05,0.1,783383,40252,45520.485178438124,1.1308875379717311,385,385,13.497885316610336,548.6425170898438,2.9504549503326416,
multi_join_sift_wiki_1,join,B6,0.05,0.1,737605,39820,36131.40166438784,1.1020884373618902,391,391,13.493240810930729,488.3546142578125,2.988215684890747,
multi_join_sift_wiki_1,join,B6,0.05,0.1,516560,39915,30472.37718660013,1.3098748337084825,385,385,14.708870090544224,594.4563598632812,3.1861371994018555,
multi_join_sift_wiki_1,join,B6,0.05,0.1,137642,40792,34837.671741115875,1.1709163661432846,385,385,15.814265236258507,607.5831909179688,2.908339023590088,
multi_join_sift_wiki_1,join,B6,0.05,0.1,37803,39499,33677.2813832719,1.1728678318915569,385,385,13.488597236573696,598.5520629882812,2.9570248126983643,
multi_join_sift_wiki_1,join,B6,0.05,0.1,254800,40146,44162.47054100899,1.100046593459099,385,385,14.913822524249554,600.7738647460938,2.9208061695098877,
multi_join_sift_wiki_1,join,B6,0.05,0.1,605930,40914,48054.296891719394,1.1745196483286746,385,385,14.622889459133148,591.1052856445312,2.785029649734497,
multi_join_sift_wiki_1,join,B6,0.05,0.1,209329,39974,36981.73314956827,1.080912023196151,386,386,17.296606674790382,531.8666381835938,2.7756268978118896,
multi_join_sift_wiki_1,join,B6,0.05,0.1,766585,40578,30186.223472440386,1.344255601799515,385,385,13.525264337658882,606.5131225585938,3.071518898010254,
multi_join_sift_wiki_1,join,B6,0.05,0.1,488782,40690,44166.01326002403,1.0854267205707553,389,389,16.113835386931896,494.10662841796875,3.142624616622925,
multi_join_sift_wiki_1,join,B6,0.05,0.1,374559,40142,46139.10617386295,1.1493972939530406,385,385,31.833450309932232,517.123291015625,3.0959250926971436,
multi_join_sift_wiki_1,join,B6,0.05,0.1,111780,39975,35475.409021436724,1.1268369020310465,385,385,43.88860706239939,526.3721923828125,3.20689058303833,
multi_join_sift_wiki_1,join,B6,0.05,0.1,178188,40289,44496.05485544036,1.1044219229923888,385,385,42.12850518524647,630.1411743164062,2.985353708267212,
multi_join_sift_wiki_1,join,B6,0.05,0.1,539857,40734,35655.47123031728,1.1424333656082641,385,385,37.72586118429899,582.122314453125,2.8438801765441895,
multi_join_sift_wiki_1,join,B6,0.05,0.1,781264,40022,44989.779802368175,1.124126225635105,385,385,48.86263143271208,574.6231079101562,2.6980855464935303,
multi_join_sift_wiki_1,join,B6,0.05,0.1,771184,40852,46598.67612246588,1.1406706188795133,385,385,48.64754248410463,610.2225952148438,2.8078548908233643,
multi_join_sift_wiki_1,join,B6,0.05,0.1,140785,39392,45675.703867368684,1.1595172590213414,385,385,25.60196164995432,539.7122802734375,2.836686372756958,
multi_join_sift_wiki_1,join,B6,0.05,0.1,2505,38973,43309.468643030676,1.1112685357306513,390,390,43.70285477489233,505.95751953125,2.726055383682251,
multi_join_sift_wiki_1,join,B6,0.05,0.1,526089,41003,49115.83049417886,1.1978594369723887,385,385,37.77028061449528,607.0977172851562,2.778130531311035,
multi_join_sift_wiki_1,join,B6,0.05,0.1,608072,39878,35733.237226410514,1.1159918074964135,385,385,19.507158547639847,615.6487426757812,3.105651617050171,
multi_join_sift_wiki_1,join,B6,0.05,0.1,224837,40045,47854.538082609986,1.1950190556276685,389,389,13.643689453601837,509.92572021484375,3.241783380508423,
multi_join_sift_wiki_1,join,B6,0.05,0.1,386133,39581,33966.393809523805,1.1652988604548864,385,385,18.912221305072308,594.0038452148438,2.921837329864502,
multi_join_sift_wiki_1,join,B6,0.05,0.1,487850,40457,37709.447787984376,1.0728611097002352,385,385,17.763863317668438,600.1566162109375,2.5421645641326904,
multi_join_sift_wiki_1,join,B6,0.05,0.1,340195,39445,37055.37698445456,1.0644878883987048,388,388,40.68424180150032,521.79443359375,3.0128531455993652,
multi_join_sift_wiki_1,join,B6,0.05,0.1,122774,39420,38656.67453941082,1.0197462784806013,387,387,17.59140845388174,513.6685180664062,2.5227179527282715,
multi_join_sift_wiki_1,join,B6,0.05,0.1,690833,40995,33208.23010592848,1.2344831347299472,385,385,40.389273315668106,571.0390014648438,3.2076144218444824,
multi_join_sift_wiki_1,join,B6,0.05,0.1,686759,39943,35135.53500682383,1.1368262925907486,391,391,39.42551463842392,501.8027648925781,3.245149850845337,
multi_join_sift_wiki_1,join,B6,0.05,0.1,154430,40213,36555.07723622782,1.1000660657925516,389,389,55.07124122232199,520.7003173828125,2.6717138290405273,
multi_join_sift_wiki_1,join,B6,0.05,0.1,630926,39435,35186.28330407386,1.1207492322849064,385,385,27.964942157268524,524.5912475585938,3.197935104370117,
multi_join_sift_wiki_1,join,B6,0.05,0.1,255248,40713,41068.532445390585,1.0087326516196444,385,385,17.330017872154713,600.0139770507812,2.75639271736145,
multi_join_sift_wiki_1,join,B6,0.05,0.1,48107,40616,41240.11492476912,1.0153662331290407,385,385,13.450907543301582,531.8893432617188,3.032061815261841,
multi_join_sift_wiki_1,join,B6,0.05,0.1,717611,40657,37746.61104133961,1.0771033181090872,385,385,13.493804261088371,545.0242919921875,2.4548850059509277,
multi_join_sift_wiki_1,join,B6,0.05,0.1,559097,40454,44017.038342376574,1.0880762926379735,385,385,43.30121725797653,589.176513671875,3.1344034671783447,
multi_join_sift_wiki_1,join,B6,0.05,0.1,527854,40013,40919.01096089579,1.0226429150749954,385,385,25.427996180951595,634.5965576171875,2.896984577178955,
multi_join_sift_wiki_1,join,B6,0.05,0.1,692258,41110,49408.12037564056,1.2018516267487365,385,385,37.43430320173502,589.29052734375,3.5499489307403564,
multi_join_sift_wiki_1,join,B6,0.05,0.1,344709,39703,31758.075171204022,1.2501702255557312,385,385,25.367869064211845,531.34130859375,2.6828415393829346,
multi_join_sift_wiki_1,join,B6,0.05,0.1,414737,40325,39481.29007974696,1.021369867057253,385,385,49.2937033995986,594.7772827148438,3.1229937076568604,
multi_join_sift_wiki_1,join,B6,0.05,0.1,362610,39875,32169.83169570129,1.239515343977641,385,385,53.75279299914837,591.4989624023438,3.019996404647827,
multi_join_sift_wiki_1,join,B6,0.05,0.1,129857,39963,31612.80087673146,1.264139807030344,387,387,25.674971751868725,530.8027954101562,2.8648459911346436,
multi_join_sift_wiki_1,join,B6,0.05,0.1,210898,39865,37654.162412587415,1.0587142946691472,385,385,44.60207745432854,532.5714111328125,2.6272644996643066,
multi_join_sift_wiki_1,join,B6,0.05,0.1,793779,39752,48831.49923111175,1.2284035829923463,385,385,49.75688271224499,582.40625,2.7579474449157715,
multi_join_sift_wiki_1,join,B6,0.05,0.1,634727,39763,46301.93921107628,1.1644478336915294,385,385,55.012776516377926,591.5332641601562,2.536240339279175,
multi_join_sift_wiki_1,join,B6,0.05,0.1,351141,40862,36375.096264186264,1.1233509790111922,385,385,20.18503751605749,606.662353515625,2.9031050205230713,
multi_join_sift_wiki_1,join,B6,0.05,0.1,611020,40057,21834.266409918586,1.8345933519343443,385,385,19.617224112153053,622.3216552734375,2.6832292079925537,
multi_join_sift_wiki_1,join,B6,0.05,0.2,145860,39205,30137.704125998225,1.3008621969375527,389,389,19.679609686136246,530.199462890625,2.8995752334594727,
multi_join_sift_wiki_1,join,B6,0.05,0.2,359095,40338,44797.75173841282,1.1105595651349305,385,385,19.506076350808144,640.2191162109375,2.541745185852051,
multi_join_sift_wiki_1,join,B6,0.05,0.2,286093,39971,31965.80873015873,1.2504298057157748,385,385,19.49366182088852,625.1065673828125,2.442873239517212,
multi_join_sift_wiki_1,join,B6,0.05,0.2,781121,39807,45545.433457199164,1.1441563910166344,385,385,13.481812551617622,549.830078125,2.5712718963623047,
multi_join_sift_wiki_1,join,B6,0.05,0.2,142780,39872,27503.462725661142,1.449708365732393,385,385,13.446279801428318,510.74957275390625,2.896462917327881,
multi_join_sift_wiki_1,join,B6,0.05,0.2,428790,40316,29342.87758529187,1.3739620418212974,385,385,13.343894854187965,558.8193969726562,2.4774093627929688,
multi_join_sift_wiki_1,join,B6,0.05,0.2,322723,39343,30205.888775505366,1.3024943676513874,389,389,13.34898266941309,499.2731628417969,2.986773729324341,
multi_join_sift_wiki_1,join,B6,0.05,0.2,588557,39771,38574.53117818985,1.0310170670975423,385,385,13.453948311507702,629.5499877929688,3.0205342769622803,
multi_join_sift_wiki_1,join,B6,0.05,0.2,263638,40060,38999.823528127185,1.0271841351053346,389,389,13.354666531085968,526.975341796875,3.283975601196289,
multi_join_sift_wiki_1,join,B6,0.05,0.2,693614,40798,40570.72398841354,1.0056019708115478,385,385,19.348887726664543,612.0115356445312,2.5495686531066895,
multi_join_sift_wiki_1,join,B6,0.05,0.2,546912,40228,35518.92056947797,1.1325794634245903,385,385,29.645775444805622,618.724853515625,3.211322069168091,
multi_join_sift_wiki_1,join,B6,0.05,0.2,444449,40268,42428.17299895804,1.0536449041163714,385,385,19.39086802303791,565.9703979492188,2.7807583808898926,
multi_join_sift_wiki_1,join,B6,0.05,0.2,663176,40001,35146.29084449142,1.1381286343127577,389,389,13.182821683585644,493.45111083984375,2.5044238567352295,
multi_join_sift_wiki_1,join,B6,0.05,0.2,763999,39605,37447.52934173669,1.0576131642377464,385,385,19.30346805602312,538.6162719726562,2.9056854248046875,
multi_join_sift_wiki_1,join,B6,0.05,0.2,782168,39182,42404.615226154565,1.0822473387309113,391,391,13.239952735602856,507.74993896484375,2.5348682403564453,
multi_join_sift_wiki_1,join,B6,0.05,0.2,673362,39785,39201.638038688034,1.0148810608560859,385,385,13.23832105845213,567.3450927734375,2.8160996437072754,
multi_join_sift_wiki_1,join,B6,0.05,0.2,83904,39750,39185.49398375468,1.0144059946387138,392,392,19.340847618877888,505.16839599609375,3.0482594966888428,
multi_join_sift_wiki_1,join,B6,0.05,0.2,695261,40299,45072.71676850607,1.1184574497755793,385,385,13.19187507033348,551.4187622070312,2.6969356536865234,
multi_join_sift_wiki_1,join,B6,0.05,0.2,386245,40481,41038.1271082117,1.0137626814607272,385,385,13.273723423480988,601.3907470703125,2.934922456741333,
multi_join_sift_wiki_1,join,B6,0.05,0.2,69504,40894,43603.835147036865,1.0662648590755823,385,385,21.050439216196537,555.7332763671875,3.2390849590301514,
multi_join_sift_wiki_1,join,B6,0.05,0.2,681535,39910,39518.11755065203,1.0099165262324472,392,392,31.551792286336422,506.0704040527344,3.3210012912750244,
multi_join_sift_wiki_1,join,B6,0.05,0.2,696279,40127,45826.91263849441,1.1420468173173777,389,389,48.66880550980568,525.52099609375,2.8524117469787598,
multi_join_sift_wiki_1,join,B6,0.05,0.2,340223,40138,43984.96946774451,1.0958435763551873,385,385,22.954724729061127,596.6854858398438,2.9147491455078125,
multi_join_sift_wiki_1,join,B6,0.05,0.2,690943,41191,29279.211888031456,1.4068343149918512,385,385,38.635989651083946,592.3656616210938,3.2163867950439453,
multi_join_sift_wiki_1,join,B6,0.05,0.2,636616,39857,32418.606074970034,1.2294482960750446,385,385,13.508363626897335,509.25775146484375,2.938859224319458,
multi_join_sift_wiki_1,join,B6,0.05,0.2,48106,40563,32325.82502465915,1.254817161481796,385,385,19.507376477122307,531.8182983398438,3.032061815261841,
multi_join_sift_wiki_1,join,B6,0.05,0.2,352770,40701,36132.54962727734,1.1264358706996371,387,387,13.385001569986343,499.57415771484375,3.1356277465820312,
multi_join_sift_wiki_1,join,B6,0.05,0.2,536954,41057,31346.135112265732,1.3097946478235656,385,385,19.388122484087944,617.656005859375,3.0945534706115723,
multi_join_sift_wiki_1,join,B6,0.05,0.2,752067,39942,47247.83892496392,1.182911194355914,385,385,19.434167072176933,524.2474975585938,2.7386274337768555,
multi_join_sift_wiki_1,join,B6,0.05,0.2,602570,40131,38993.86348146528,1.0291619351612908,385,385,13.309701345860958,538.7058715820312,2.794548749923706,
multi_join_sift_wiki_1,join,B6,0.05,0.2,345404,40297,29836.50578868055,1.3505938089871092,385,385,13.301985338330269,573.16357421875,2.874479293823242,
multi_join_sift_wiki_1,join,B6,0.05,0.2,628777,39890,39156.97673809242,1.0187201189410133,387,387,13.33850808441639,536.1368408203125,2.908341407775879,
multi_join_sift_wiki_1,join,B6,0.05,0.2,137071,40335,43887.694466238056,1.0880796942168849,385,385,28.13729364424944,565.7279663085938,2.6718127727508545,
multi_join_sift_wiki_1,join,B6,0.05,0.2,296404,39110,38131.48214645359,1.0256616789714117,385,385,19.352929666638374,527.79638671875,3.2837841510772705,
multi_join_sift_wiki_1,join,B6,0.05,0.2,703153,40188,41011.61723612941,1.0204941085928487,392,392,13.213527388870716,497.02056884765625,3.3179731369018555,
multi_join_sift_wiki_1,join,B6,0.05,0.2,438962,40151,51349.564348539854,1.2789112188622913,385,385,19.179563969373703,595.399169921875,2.6289570331573486,
multi_join_sift_wiki_1,join,B6,0.05,0.2,33248,39599,35728.426083016224,1.1083331772855138,390,390,13.195487670600414,516.1569213867188,2.337841033935547,
multi_join_sift_wiki_1,join,B6,0.05,0.2,779894,40022,38036.82319667598,1.0521909201790938,385,385,13.114290311932564,583.26953125,2.5691866874694824,
multi_join_sift_wiki_1,join,B6,0.05,0.2,304120,39328,31376.997854178455,1.2534022592847491,385,385,18.976774998009205,525.758544921875,2.7490689754486084,
multi_join_sift_wiki_1,join,B6,0.05,0.2,73745,38889,40786.705179680226,1.048797993768938,389,389,19.08424310386181,506.00616455078125,2.654064178466797,
multi_join_sift_wiki_1,join,B6,0.05,0.2,516733,40388,26880.33765763222,1.5025108878620246,385,385,19.037354737520218,554.3741455078125,3.0097391605377197,
multi_join_sift_wiki_1,join,B6,0.05,0.2,181346,39657,34280.16190711463,1.1568498453261227,385,385,13.177203014492989,553.5350952148438,3.273480176925659,
multi_join_sift_wiki_1,join,B6,0.05,0.2,620747,40245,39905.535008771556,1.0085067144483548,385,385,19.123340025544167,532.4453125,3.0532097816467285,
multi_join_sift_wiki_1,join,B6,0.05,0.2,738510,40003,30937.968612143857,1.2930066773775803,386,386,13.120301999151707,517.6148681640625,2.6115403175354004,
multi_join_sift_wiki_1,join,B6,0.05,0.2,111011,39868,47129.230449689196,1.1821317961695896,385,385,18.9921697601676,645.222412109375,2.8725788593292236,
multi_join_sift_wiki_1,join,B6,0.05,0.2,426052,40426,42268.852123552126,1.0455858141679149,385,385,13.167724944651127,539.0144653320312,2.85752534866333,
multi_join_sift_wiki_1,join,B6,0.05,0.2,724169,39935,45638.334280584124,1.1428154320917523,385,385,19.13346629589796,521.658203125,2.819596529006958,
multi_join_sift_wiki_1,join,B6,0.05,0.2,588630,40972,36443.29101625479,1.1242672891898065,385,385,13.177617453038692,532.3825073242188,2.9160590171813965,
multi_join_sift_wiki_1,join,B6,0.05,0.2,790256,40061,39110.54371799062,1.024301791579854,386,386,19.20884195715189,532.9548950195312,2.7123072147369385,
multi_join_sift_wiki_1,join,B6,0.05,0.2,201003,40591,55128.71506730352,1.3581511928088374,385,385,13.142663985490799,583.0762329101562,2.859617233276367,
multi_join_sift_wiki_1,join,B6,0.05,0.2,6443,39497,30245.549223602484,1.3058780883098673,385,385,19.191885367035866,538.642333984375,2.739042282104492,
multi_join_sift_wiki_1,join,B6,0.05,0.2,642763,40406,51258.18685737307,1.2685785986579485,385,385,13.194255530834198,564.1224365234375,2.7092697620391846,
multi_join_sift_wiki_1,join,B6,0.05,0.2,193392,40162,32854.77924934254,1.2224096742577775,385,385,13.2844727486372,594.61181640625,2.984983205795288,
multi_join_sift_wiki_1,join,B6,0.05,0.2,203755,39367,46025.5645443792,1.1691407662351514,394,394,19.19417455792427,495.6998596191406,2.994408130645752,
multi_join_sift_wiki_1,join,B6,0.05,0.2,94462,39478,39244.3530903312,1.0059536440601022,391,391,43.266093358397484,512.9263916015625,2.962696075439453,
multi_join_sift_wiki_1,join,B6,0.05,0.2,590890,40861,41625.171361971356,1.0187017293255514,385,385,26.57885942608118,618.7183227539062,2.9903500080108643,
multi_join_sift_wiki_1,join,B6,0.05,0.2,783383,40252,46542.926471437066,1.156288543958985,385,385,31.659451313316822,548.6425170898438,2.9504549503326416,
multi_join_sift_wiki_1,join,B6,0.05,0.2,737605,39820,36769.21091811414,1.082971295975865,391,391,18.149991519749165,488.3546142578125,2.988215684890747,
multi_join_sift_wiki_1,join,B6,0.05,0.2,516560,39915,35261.821342486335,1.1319608142846307,385,385,38.69541361927986,594.4563598632812,3.1861371994018555,
multi_join_sift_wiki_1,join,B6,0.05,0.2,137642,40792,38925.80369163308,1.0479423963381918,385,385,20.91835904866457,607.5831909179688,2.908339023590088,
multi_join_sift_wiki_1,join,B6,0.05,0.2,37803,39499,33227.175932740225,1.1887558569514138,385,385,27.448064647614956,598.5520629882812,2.9570248126983643,
multi_join_sift_wiki_1,join,B6,0.05,0.2,254800,40146,41955.36778074867,1.0450696901496703,385,385,28.159990906715393,600.7738647460938,2.9208061695098877,
multi_join_sift_wiki_1,join,B6,0.05,0.2,605930,40914,31810.776122459254,1.2861679275757634,385,385,22.56885077804327,591.1052856445312,2.785029649734497,
multi_join_sift_wiki_1,join,B6,0.05,0.2,209329,39974,44671.230627477926,1.1175071453314136,386,386,15.029320493340492,531.8666381835938,2.7756268978118896,
multi_join_sift_wiki_1,join,B6,0.05,0.2,766585,40578,40455.027553142936,1.0030397321246542,385,385,13.573309406638145,606.5131225585938,3.071518898010254,
multi_join_sift_wiki_1,join,B6,0.05,0.2,488782,40690,48089.93917614212,1.181861370757978,389,389,13.597952201962471,494.10662841796875,3.142624616622925,
multi_join_sift_wiki_1,join,B6,0.05,0.2,374559,40142,33150.11197020627,1.2109159702409966,385,385,13.566161505877972,517.123291015625,3.0959250926971436,
multi_join_sift_wiki_1,join,B6,0.05,0.2,111780,39975,45695.35914683505,1.143098415180364,385,385,13.558548875153065,526.3721923828125,3.20689058303833,
multi_join_sift_wiki_1,join,B6,0.05,0.2,178188,40289,45157.46733734229,1.1208386243724662,385,385,25.595439597964287,630.1411743164062,2.985353708267212,
multi_join_sift_wiki_1,join,B6,0.05,0.2,539857,40734,42267.89946514308,1.037656490036409,385,385,25.589249096810818,582.122314453125,2.8438801765441895,
multi_join_sift_wiki_1,join,B6,0.05,0.2,781264,40022,49143.04922145038,1.2279008850494824,385,385,13.936993665993214,574.6231079101562,2.6980855464935303,
multi_join_sift_wiki_1,join,B6,0.05,0.2,771184,40852,42722.686903080874,1.045791807086088,385,385,20.282135345041752,610.2225952148438,2.8078548908233643,
multi_join_sift_wiki_1,join,B6,0.05,0.2,140785,39392,26501.258904938564,1.4864199523992885,385,385,28.884680941700935,539.7122802734375,2.836686372756958,
multi_join_sift_wiki_1,join,B6,0.05,0.2,2505,38973,47805.84752589183,1.2266401746309454,390,390,15.059070661664009,505.95751953125,2.726055383682251,
multi_join_sift_wiki_1,join,B6,0.05,0.2,526089,41003,39614.38060991678,1.035053416681103,385,385,36.97750344872475,607.0977172851562,2.778130531311035,
multi_join_sift_wiki_1,join,B6,0.05,0.2,608072,39878,31236.751909956016,1.2766372161533792,385,385,31.750590540468693,615.6487426757812,3.105651617050171,
multi_join_sift_wiki_1,join,B6,0.05,0.2,224837,40045,41254.44778108358,1.0302022170329275,389,389,20.719747990369797,509.92572021484375,3.241783380508423,
multi_join_sift_wiki_1,join,B6,0.05,0.2,386133,39581,34293.8225974026,1.1541728801909021,385,385,16.134433448314667,594.0038452148438,2.921837329864502,
multi_join_sift_wiki_1,join,B6,0.05,0.2,487850,40457,39587.45231408158,1.0219652348178292,385,385,47.69991338253021,600.1566162109375,2.5421645641326904,
multi_join_sift_wiki_1,join,B6,0.05,0.2,340195,39445,37392.86494389516,1.054880391197195,388,388,25.689824484288692,521.79443359375,3.0128531455993652,
multi_join_sift_wiki_1,join,B6,0.05,0.2,122774,39420,35385.97073963422,1.1140008081182142,387,387,25.788147002458572,513.6685180664062,2.5227179527282715,
multi_join_sift_wiki_1,join,B6,0.05,0.2,690833,40995,30631.618882315488,1.3383229974719877,385,385,49.606955610215664,571.0390014648438,3.2076144218444824,
multi_join_sift_wiki_1,join,B6,0.05,0.2,686759,39943,39263.96018601114,1.0172942263279592,391,391,25.72391089051962,501.8027648925781,3.245149850845337,
multi_join_sift_wiki_1,join,B6,0.05,0.2,154430,40213,44827.90785014006,1.1147615907825843,389,389,25.776050984859467,520.7003173828125,2.6717138290405273,
multi_join_sift_wiki_1,join,B6,0.05,0.2,630926,39435,38255.2080439483,1.0308400350272917,385,385,13.928142376244068,524.5912475585938,3.197935104370117,
multi_join_sift_wiki_1,join,B6,0.05,0.2,255248,40713,39630.71052098814,1.027309363490687,385,385,25.58976225554943,600.0139770507812,2.75639271736145,
multi_join_sift_wiki_1,join,B6,0.05,0.2,48107,40616,42657.00123113891,1.0502511628702704,385,385,25.747550651431084,531.8893432617188,3.032061815261841,
multi_join_sift_wiki_1,join,B6,0.05,0.2,717611,40657,38638.9264041514,1.0522290286935037,385,385,19.702880643308163,545.0242919921875,2.4548850059509277,
multi_join_sift_wiki_1,join,B6,0.05,0.2,559097,40454,38046.50220759632,1.063277769379888,385,385,25.519208051264286,589.176513671875,3.1344034671783447,
multi_join_sift_wiki_1,join,B6,0.05,0.2,527854,40013,43752.26533705877,1.0934512617663952,385,385,19.642184488475323,634.5965576171875,2.896984577178955,
multi_join_sift_wiki_1,join,B6,0.05,0.2,692258,41110,37075.080849359365,1.1088310276931024,385,385,19.532183185219765,589.29052734375,3.5499489307403564,
multi_join_sift_wiki_1,join,B6,0.05,0.2,344709,39703,33195.29985984871,1.1960428183395524,385,385,19.547732546925545,531.34130859375,2.6828415393829346,
multi_join_sift_wiki_1,join,B6,0.05,0.2,414737,40325,45139.614639983534,1.1193952793548303,385,385,19.729649648070335,594.7772827148438,3.1229937076568604,
multi_join_sift_wiki_1,join,B6,0.05,0.2,362610,39875,44129.188100904226,1.1066881028439932,385,385,16.029447317123413,591.4989624023438,3.019996404647827,
multi_join_sift_wiki_1,join,B6,0.05,0.2,129857,39963,43666.255462266934,1.0926671036275288,387,387,16.562686301767826,530.8027954101562,2.8648459911346436,
multi_join_sift_wiki_1,join,B6,0.05,0.2,210898,39865,41332.779824342324,1.0368187589199127,385,385,30.617802403867245,532.5714111328125,2.6272644996643066,
multi_join_sift_wiki_1,join,B6,0.05,0.2,793779,39752,50314.200438632965,1.265702365632747,385,385,23.620749823749065,582.40625,2.7579474449157715,
multi_join_sift_wiki_1,join,B6,0.05,0.2,634727,39763,53289.369759638896,1.3401747795598646,385,385,23.493768647313118,591.5332641601562,2.536240339279175,
multi_join_sift_wiki_1,join,B6,0.05,0.2,351141,40862,46323.20685932686,1.133650013688191,385,385,29.073945246636868,606.662353515625,2.9031050205230713,
multi_join_sift_wiki_1,join,B6,0.05,0.2,611020,40057,35038.67576023011,1.143222428670259,385,385,24.770207703113556,622.3216552734375,2.6832292079925537,
multi_join_sift_wiki_1,join,B6,0.05,0.3,145860,39205,43474.82777038352,1.1089102861977687,389,389,20.023624412715435,530.199462890625,2.8995752334594727,
multi_join_sift_wiki_1,join,B6,0.05,0.3,359095,40338,49655.5905733308,1.2309879164393576,385,385,21.459270268678665,640.2191162109375,2.541745185852051,
multi_join_sift_wiki_1,join,B6,0.05,0.3,286093,39971,34123.12301587302,1.1713757847254114,385,385,26.87630895525217,625.1065673828125,2.442873239517212,
multi_join_sift_wiki_1,join,B6,0.05,0.3,781121,39807,33042.761344737155,1.204711663916073,385,385,19.64251697063446,549.830078125,2.5712718963623047,
multi_join_sift_wiki_1,join,B6,0.05,0.3,142780,39872,40490.86513565469,1.0155212965402962,385,385,27.200828306376934,510.74957275390625,2.896462917327881,
multi_join_sift_wiki_1,join,B6,0.05,0.3,428790,40316,31517.106689048567,1.2791783331434048,385,385,25.7352814078331,558.8193969726562,2.4774093627929688,
multi_join_sift_wiki_1,join,B6,0.05,0.3,322723,39343,37963.523907962604,1.0363368820919192,389,389,47.510416246950626,499.2731628417969,2.986773729324341,
multi_join_sift_wiki_1,join,B6,0.05,0.3,588557,39771,38175.84571756487,1.0417843862382645,385,385,43.46103500574827,629.5499877929688,3.0205342769622803,
multi_join_sift_wiki_1,join,B6,0.05,0.3,263638,40060,33386.686416635835,1.1998794819014744,389,389,50.76485127210617,526.975341796875,3.283975601196289,
multi_join_sift_wiki_1,join,B6,0.05,0.3,693614,40798,34938.11280546701,1.1677219152379648,385,385,32.736729830503464,612.0115356445312,2.5495686531066895,
multi_join_sift_wiki_1,join,B6,0.05,0.3,546912,40228,41482.688260648254,1.0311894267835402,385,385,40.48061743378639,618.724853515625,3.211322069168091,
multi_join_sift_wiki_1,join,B6,0.05,0.3,444449,40268,45599.687348334155,1.1324050697410886,385,385,59.52666141092777,565.9703979492188,2.7807583808898926,
multi_join_sift_wiki_1,join,B6,0.05,0.3,663176,40001,40012.44136128729,1.0002860268815101,389,389,37.844703532755375,493.45111083984375,2.5044238567352295,
multi_join_sift_wiki_1,join,B6,0.05,0.3,763999,39605,42309.71431372549,1.06829224375017,385,385,13.673880137503147,538.6162719726562,2.9056854248046875,
multi_join_sift_wiki_1,join,B6,0.05,0.3,782168,39182,37471.6763926927,1.0456431035906584,391,391,25.67132841795683,507.74993896484375,2.5348682403564453,
multi_join_sift_wiki_1,join,B6,0.05,0.3,673362,39785,35742.84431964432,1.1130899277127229,385,385,27.535145170986652,567.3450927734375,2.8160996437072754,
multi_join_sift_wiki_1,join,B6,0.05,0.3,83904,39750,42092.82426218237,1.058938975149242,392,392,13.814848847687244,505.16839599609375,3.0482594966888428,
multi_join_sift_wiki_1,join,B6,0.05,0.3,695261,40299,46455.65746114677,1.1527744475333574,385,385,25.8769067004323,551.4187622070312,2.6969356536865234,
multi_join_sift_wiki_1,join,B6,0.05,0.3,386245,40481,33047.89380436385,1.2249192108773552,385,385,13.705873861908913,601.3907470703125,2.934922456741333,
multi_join_sift_wiki_1,join,B6,0.05,0.3,69504,40894,39073.166793551274,1.0466006048618828,385,385,25.745891965925694,555.7332763671875,3.2390849590301514,
multi_join_sift_wiki_1,join,B6,0.05,0.3,681535,39910,40925.9322833582,1.0254555821437785,392,392,13.773811981081963,506.0704040527344,3.3210012912750244,
multi_join_sift_wiki_1,join,B6,0.05,0.3,696279,40127,39318.08904950917,1.0205735062421841,389,389,25.562983006238937,525.52099609375,2.8524117469787598,
multi_join_sift_wiki_1,join,B6,0.05,0.3,340223,40138,42015.76635241339,1.0467827582942197,385,385,13.771072030067444,596.6854858398438,2.9147491455078125,
multi_join_sift_wiki_1,join,B6,0.05,0.3,690943,41191,44345.63293310956,1.0765854903524936,385,385,55.785286240279675,592.3656616210938,3.2163867950439453,
multi_join_sift_wiki_1,join,B6,0.05,0.3,636616,39857,53925.22664723403,1.3529675250830224,385,385,54.99794892966747,509.25775146484375,2.938859224319458,
multi_join_sift_wiki_1,join,B6,0.05,0.3,48106,40563,42650.230494884614,1.0514565119661912,385,385,28.94884441047907,531.8182983398438,3.032061815261841,
multi_join_sift_wiki_1,join,B6,0.05,0.3,352770,40701,33994.032347242035,1.1972983841471843,387,387,27.007882483303547,499.57415771484375,3.1356277465820312,
multi_join_sift_wiki_1,join,B6,0.05,0.3,536954,41057,39792.77985807806,1.0317700886047874,385,385,31.622879207134247,617.656005859375,3.0945534706115723,
multi_join_sift_wiki_1,join,B6,0.05,0.3,752067,39942,47185.15548340548,1.1813418327426137,385,385,29.108446091413498,524.2474975585938,2.7386274337768555,
multi_join_sift_wiki_1,join,B6,0.05,0.3,602570,40131,38339.468935210214,1.0467281137309776,385,385,17.556807957589626,538.7058715820312,2.794548749923706,
multi_join_sift_wiki_1,join,B6,0.05,0.3,345404,40297,38113.66258303711,1.057284901764718,385,385,29.06226273626089,573.16357421875,2.874479293823242,
multi_join_sift_wiki_1,join,B6,0.05,0.3,628777,39890,42066.08534501077,1.0545521520433885,387,387,28.881077654659748,536.1368408203125,2.908341407775879,
multi_join_sift_wiki_1,join,B6,0.05,0.3,137071,40335,36388.357835765884,1.1084589247485905,385,385,29.988848604261875,565.7279663085938,2.6718127727508545,
multi_join_sift_wiki_1,join,B6,0.05,0.3,296404,39110,48172.1649210528,1.2317096630287088,385,385,37.3920938000083,527.79638671875,3.2837841510772705,
multi_join_sift_wiki_1,join,B6,0.05,0.3,703153,40188,41013.84874908505,1.0205496354405557,392,392,31.849263235926628,497.02056884765625,3.3179731369018555,
multi_join_sift_wiki_1,join,B6,0.05,0.3,438962,40151,32735.68884467289,1.2265207000992682,385,385,24.12454877048731,595.399169921875,2.6289570331573486,
multi_join_sift_wiki_1,join,B6,0.05,0.3,33248,39599,34245.058224484776,1.1563420257725603,390,390,14.913162216544151,516.1569213867188,2.337841033935547,
multi_join_sift_wiki_1,join,B6,0.05,0.3,779894,40022,41989.78135634617,1.0491674917881706,385,385,13.944573700428009,583.26953125,2.5691866874694824,
multi_join_sift_wiki_1,join,B6,0.05,0.3,304120,39328,41253.63694888492,1.0489635107019153,385,385,19.8161993175745,525.758544921875,2.7490689754486084,
multi_join_sift_wiki_1,join,B6,0.05,0.3,73745,38889,38046.944146816386,1.0221320232693136,389,389,29.4896699488163,506.00616455078125,2.654064178466797,
multi_join_sift_wiki_1,join,B6,0.05,0.3,516733,40388,30257.549028507725,1.3348073884618903,385,385,20.998862572014332,554.3741455078125,3.0097391605377197,
multi_join_sift_wiki_1,join,B6,0.05,0.3,181346,39657,35427.084752270996,1.119397779334859,385,385,33.2536268979311,553.5350952148438,3.273480176925659,
multi_join_sift_wiki_1,join,B6,0.05,0.3,620747,40245,42538.771993740615,1.056995204217682,385,385,19.77073960006237,532.4453125,3.0532097816467285,
multi_join_sift_wiki_1,join,B6,0.05,0.3,738510,40003,41158.27877012793,1.0288798032679531,386,386,16.370653174817562,517.6148681640625,2.6115403175354004,
multi_join_sift_wiki_1,join,B6,0.05,0.3,111011,39868,38524.15986693862,1.0348830483962004,385,385,19.669853150844574,645.222412109375,2.8725788593292236,
multi_join_sift_wiki_1,join,B6,0.05,0.3,426052,40426,42037.32371299871,1.0398585987482984,385,385,19.92475800216198,539.0144653320312,2.85752534866333,
multi_join_sift_wiki_1,join,B6,0.05,0.3,724169,39935,46121.242765777875,1.1549077943102009,385,385,13.506684452295303,521.658203125,2.819596529006958,
multi_join_sift_wiki_1,join,B6,0.05,0.3,588630,40972,39979.26831227004,1.024831161990658,385,385,13.923527672886848,532.3825073242188,2.9160590171813965,
multi_join_sift_wiki_1,join,B6,0.05,0.3,790256,40061,42795.59618171683,1.0682608068125317,386,386,23.465112783014774,532.9548950195312,2.7123072147369385,
multi_join_sift_wiki_1,join,B6,0.05,0.3,201003,40591,39671.0950755931,1.0231882916933357,385,385,19.344653002917767,583.0762329101562,2.859617233276367,
multi_join_sift_wiki_1,join,B6,0.05,0.3,6443,39497,44962.2450310559,1.138371142898344,385,385,19.870971329510212,538.642333984375,2.739042282104492,
multi_join_sift_wiki_1,join,B6,0.05,0.3,642763,40406,42395.22329677362,1.0492308888970356,385,385,39.47725798934698,564.1224365234375,2.7092697620391846,
multi_join_sift_wiki_1,join,B6,0.05,0.3,193392,40162,36511.544692111915,1.099980850951966,385,385,34.72055960446596,594.61181640625,2.984983205795288,
multi_join_sift_wiki_1,join,B6,0.05,0.3,203755,39367,37392.27538630987,1.052811030976016,394,394,16.54357835650444,495.6998596191406,2.994408130645752,
multi_join_sift_wiki_1,join,B6,0.05,0.3,94462,39478,28324.013132004045,1.3937996644759627,391,391,17.839081585407257,512.9263916015625,2.962696075439453,
multi_join_sift_wiki_1,join,B6,0.05,0.3,590890,40861,44939.770489771865,1.099820623327179,385,385,18.733867444097996,618.7183227539062,2.9903500080108643,
multi_join_sift_wiki_1,join,B6,0.05,0.3,783383,40252,51928.43018032077,1.2900832301580236,385,385,16.85745269060135,548.6425170898438,2.9504549503326416,
multi_join_sift_wiki_1,join,B6,0.05,0.3,737605,39820,35945.28257754715,1.1077948800122426,391,391,18.304462544620037,488.3546142578125,2.988215684890747,
multi_join_sift_wiki_1,join,B6,0.05,0.3,516560,39915,41284.95909479695,1.0343219114317161,385,385,25.59890504926443,594.4563598632812,3.1861371994018555,
multi_join_sift_wiki_1,join,B6,0.05,0.3,137642,40792,39420.95869807883,1.0347795017473278,385,385,25.550819002091885,607.5831909179688,2.908339023590088,
multi_join_sift_wiki_1,join,B6,0.05,0.3,37803,39499,32248.697716938233,1.2248246532837086,385,385,25.461548939347267,598.5520629882812,2.9570248126983643,
multi_join_sift_wiki_1,join,B6,0.05,0.3,254800,40146,43333.3433908475,1.0793937974106387,385,385,19.366411492228508,600.7738647460938,2.9208061695098877,
multi_join_sift_wiki_1,join,B6,0.05,0.3,605930,40914,39694.54398829208,1.030720998131824,385,385,19.741693511605263,591.1052856445312,2.785029649734497,
multi_join_sift_wiki_1,join,B6,0.05,0.3,209329,39974,36169.82426704015,1.1051753999376328,386,386,19.478104077279568,531.8666381835938,2.7756268978118896,
multi_join_sift_wiki_1,join,B6,0.05,0.3,766585,40578,51934.82389260432,1.2798763835724856,385,385,13.757739216089249,606.5131225585938,3.071518898010254,
multi_join_sift_wiki_1,join,B6,0.05,0.3,488782,40690,44567.405645860854,1.095291365098571,389,389,19.675803370773792,494.10662841796875,3.142624616622925,
multi_join_sift_wiki_1,join,B6,0.05,0.3,374559,40142,40802.47240098525,1.016453400453023,385,385,13.652591966092587,517.123291015625,3.0959250926971436,
multi_join_sift_wiki_1,join,B6,0.05,0.3,111780,39975,33422.07913567677,1.196065625891246,385,385,13.722343370318413,526.3721923828125,3.20689058303833,
multi_join_sift_wiki_1,join,B6,0.05,0.3,178188,40289,45559.32919972907,1.1308131053073809,385,385,25.76746977865696,630.1411743164062,2.985353708267212,
multi_join_sift_wiki_1,join,B6,0.05,0.3,539857,40734,27359.630976528537,1.4888358704452247,385,385,14.543631114065647,582.122314453125,2.8438801765441895,
multi_join_sift_wiki_1,join,B6,0.05,0.3,781264,40022,30284.36779254337,1.321539887316196,385,385,19.579222425818443,574.6231079101562,2.6980855464935303,
multi_join_sift_wiki_1,join,B6,0.05,0.3,771184,40852,45728.468645085864,1.1193691531647376,385,385,13.464076444506645,610.2225952148438,2.8078548908233643,
multi_join_sift_wiki_1,join,B6,0.05,0.3,140785,39392,33329.500957718315,1.181895884068968,385,385,13.479768298566341,539.7122802734375,2.836686372756958,
multi_join_sift_wiki_1,join,B6,0.05,0.3,2505,38973,30813.30663963322,1.2648107019410724,390,390,19.47832852602005,505.95751953125,2.726055383682251,
multi_join_sift_wiki_1,join,B6,0.05,0.3,526089,41003,40448.709112414625,1.013703549501293,385,385,13.48409615457058,607.0977172851562,2.778130531311035,
multi_join_sift_wiki_1,join,B6,0.05,0.3,608072,39878,33390.901324295846,1.1942774354217274,385,385,19.68480832874775,615.6487426757812,3.105651617050171,
multi_join_sift_wiki_1,join,B6,0.05,0.3,224837,40045,40265.804764694476,1.0055139159619046,389,389,19.70128435641527,509.92572021484375,3.241783380508423,
multi_join_sift_wiki_1,join,B6,0.05,0.3,386133,39581,36542.84684215426,1.0831394765429458,385,385,19.58747860044241,594.0038452148438,2.921837329864502,
multi_join_sift_wiki_1,join,B6,0.05,0.3,487850,40457,44225.792915214864,1.0931555210523485,385,385,19.719366915524006,600.1566162109375,2.5421645641326904,
multi_join_sift_wiki_1,join,B6,0.05,0.3,340195,39445,35387.622947674034,1.1146552583745286,388,388,14.169234782457352,521.79443359375,3.0128531455993652,
multi_join_sift_wiki_1,join,B6,0.05,0.3,122774,39420,35479.109410957244,1.1110763673178805,387,387,25.502312928438187,513.6685180664062,2.5227179527282715,
multi_join_sift_wiki_1,join,B6,0.05,0.3,690833,40995,52695.72728204539,1.2854183993668835,385,385,24.029712192714214,571.0390014648438,3.2076144218444824,
multi_join_sift_wiki_1,join,B6,0.05,0.3,686759,39943,44563.52899049433,1.1156780660064174,391,391,14.453618787229061,501.8027648925781,3.245149850845337,
multi_join_sift_wiki_1,join,B6,0.05,0.3,154430,40213,37566.04550693841,1.0704613556562055,389,389,14.450954273343086,520.7003173828125,2.6717138290405273,
multi_join_sift_wiki_1,join,B6,0.05,0.3,630926,39435,43910.88196242375,1.113500239949886,385,385,26.287603192031384,524.5912475585938,3.197935104370117,
multi_join_sift_wiki_1,join,B6,0.05,0.3,255248,40713,42983.589552201025,1.0557706273721177,385,385,25.677735917270184,600.0139770507812,2.75639271736145,
multi_join_sift_wiki_1,join,B6,0.05,0.3,48107,40616,38538.765860884996,1.0538998614178068,385,385,13.654578477144241,531.8893432617188,3.032061815261841,
multi_join_sift_wiki_1,join,B6,0.05,0.3,717611,40657,49931.23847898134,1.2281092672597913,385,385,13.62950261682272,545.0242919921875,2.4548850059509277,
multi_join_sift_wiki_1,join,B6,0.05,0.3,559097,40454,42965.01781355899,1.0620709401680672,385,385,13.866114430129528,589.176513671875,3.1344034671783447,
multi_join_sift_wiki_1,join,B6,0.05,0.3,527854,40013,41510.375897132835,1.0374222352018803,385,385,13.600164093077183,634.5965576171875,2.896984577178955,
multi_join_sift_wiki_1,join,B6,0.05,0.3,692258,41110,47248.5463448168,1.1493200278476479,385,385,13.357255607843399,589.29052734375,3.5499489307403564,
multi_join_sift_wiki_1,join,B6,0.05,0.3,344709,39703,35771.937636789444,1.1098923520197486,385,385,13.490024022758007,531.34130859375,2.6828415393829346,
multi_join_sift_wiki_1,join,B6,0.05,0.3,414737,40325,41674.30780686072,1.0334608259605882,385,385,13.427520170807838,594.7772827148438,3.1229937076568604,
multi_join_sift_wiki_1,join,B6,0.05,0.3,362610,39875,34805.219022646605,1.1456615162816433,385,385,13.19567859172821,591.4989624023438,3.019996404647827,
multi_join_sift_wiki_1,join,B6,0.05,0.3,129857,39963,41662.85641140414,1.0425357558592732,387,387,13.387268409132957,530.8027954101562,2.8648459911346436,
multi_join_sift_wiki_1,join,B6,0.05,0.3,210898,39865,48619.47661088911,1.219603075652555,385,385,15.145880170166492,532.5714111328125,2.6272644996643066,
multi_join_sift_wiki_1,join,B6,0.05,0.3,793779,39752,43170.47716196532,1.0859950986608302,385,385,25.24046879261732,582.40625,2.7579474449157715,
multi_join_sift_wiki_1,join,B6,0.05,0.3,634727,39763,30819.375306664853,1.2901948726845558,385,385,13.26019037514925,591.5332641601562,2.536240339279175,
multi_join_sift_wiki_1,join,B6,0.05,0.3,351141,40862,41024.7324005499,1.0039824874100607,385,385,19.628741778433323,606.662353515625,2.9031050205230713,
multi_join_sift_wiki_1,join,B6,0.05,0.3,611020,40057,38491.07609885615,1.0406827779281127,385,385,19.307916052639484,622.3216552734375,2.6832292079925537,
multi_join_sift_wiki_1,join,B6,0.05,0.4,145860,39205,40406.91444099379,1.0306571723248001,389,389,19.461250863969326,530.199462890625,2.8995752334594727,
multi_join_sift_wiki_1,join,B6,0.05,0.4,359095,40338,35998.02666348099,1.1205614234660757,385,385,13.682927004992962,640.2191162109375,2.541745185852051,
multi_join_sift_wiki_1,join,B6,0.05,0.4,286093,39971,54364.31125116713,1.360093849319935,385,385,19.297411665320396,625.1065673828125,2.442873239517212,
multi_join_sift_wiki_1,join,B6,0.05,0.4,781121,39807,36792.299626655964,1.081938351338058,385,385,19.847017712891102,549.830078125,2.5712718963623047,
multi_join_sift_wiki_1,join,B6,0.05,0.4,142780,39872,33113.377337926766,1.204105506759414,385,385,13.376464135944843,510.74957275390625,2.896462917327881,
multi_join_sift_wiki_1,join,B6,0.05,0.4,428790,40316,38819.544557889036,1.0385490210963038,385,385,26.018548756837845,558.8193969726562,2.4774093627929688,
multi_join_sift_wiki_1,join,B6,0.05,0.4,322723,39343,53799.07622484899,1.3674370593205651,389,389,13.99338897317648,499.2731628417969,2.986773729324341,
multi_join_sift_wiki_1,join,B6,0.05,0.4,588557,39771,41207.91332582036,1.0361296755379639,385,385,27.681974694132805,629.5499877929688,3.0205342769622803,
multi_join_sift_wiki_1,join,B6,0.05,0.4,263638,40060,45710.54683921157,1.1410520928410277,389,389,15.17490390688181,526.975341796875,3.283975601196289,
multi_join_sift_wiki_1,join,B6,0.05,0.4,693614,40798,48487.1953798416,1.1884699097956175,385,385,28.382061049342155,612.0115356445312,2.5495686531066895,
multi_join_sift_wiki_1,join,B6,0.05,0.4,546912,40228,47018.174475906075,1.168792246094911,385,385,16.382143832743168,618.724853515625,3.211322069168091,
multi_join_sift_wiki_1,join,B6,0.05,0.4,444449,40268,39940.321498660946,1.0082042028968154,385,385,24.88300111144781,565.9703979492188,2.7807583808898926,
multi_join_sift_wiki_1,join,B6,0.05,0.4,663176,40001,44875.90565539112,1.121869594644912,389,389,17.746913246810436,493.45111083984375,2.5044238567352295,
multi_join_sift_wiki_1,join,B6,0.05,0.4,763999,39605,34601.96262838469,1.1445882542948942,385,385,40.93064088374376,538.6162719726562,2.9056854248046875,
multi_join_sift_wiki_1,join,B6,0.05,0.4,782168,39182,36808.42439353946,1.064484575082142,391,391,17.494001425802708,507.74993896484375,2.5348682403564453,
multi_join_sift_wiki_1,join,B6,0.05,0.4,673362,39785,37778.317468117464,1.0531173081907645,385,385,68.09877417981625,567.3450927734375,2.8160996437072754,
multi_join_sift_wiki_1,join,B6,0.05,0.4,83904,39750,41757.526293893185,1.0505038061356775,392,392,42.0290557667613,505.16839599609375,3.0482594966888428,
multi_join_sift_wiki_1,join,B6,0.05,0.4,695261,40299,27830.667021445985,1.4480069762232455,385,385,16.667802818119526,551.4187622070312,2.6969356536865234,
multi_join_sift_wiki_1,join,B6,0.05,0.4,386245,40481,41937.693249054006,1.0359846162163486,385,385,30.70619609206915,601.3907470703125,2.934922456741333,
multi_join_sift_wiki_1,join,B6,0.05,0.4,69504,40894,39035.89834117032,1.0475998180595214,385,385,18.971874378621578,555.7332763671875,3.2390849590301514,
multi_join_sift_wiki_1,join,B6,0.05,0.4,681535,39910,38212.02973438351,1.0444354900124198,392,392,33.05643890053034,506.0704040527344,3.3210012912750244,
multi_join_sift_wiki_1,join,B6,0.05,0.4,696279,40127,44733.02150851944,1.1147860918712946,389,389,16.29876159131527,525.52099609375,2.8524117469787598,
multi_join_sift_wiki_1,join,B6,0.05,0.4,340223,40138,46075.784082140286,1.1479342289635828,385,385,30.97326122224331,596.6854858398438,2.9147491455078125,
multi_join_sift_wiki_1,join,B6,0.05,0.4,690943,41191,36021.02117735325,1.1435267145035066,385,385,31.54349885880947,592.3656616210938,3.2163867950439453,
multi_join_sift_wiki_1,join,B6,0.05,0.4,636616,39857,37003.32950310559,1.0771192899453794,385,385,25.231393985450268,509.25775146484375,2.938859224319458,
multi_join_sift_wiki_1,join,B6,0.05,0.4,48106,40563,38579.927588634455,1.0514016623491473,385,385,17.42321066558361,531.8182983398438,3.032061815261841,
multi_join_sift_wiki_1,join,B6,0.05,0.4,352770,40701,33693.12270192063,1.207991326897103,387,387,25.920533575117588,499.57415771484375,3.1356277465820312,
multi_join_sift_wiki_1,join,B6,0.05,0.4,536954,41057,39533.47746291678,1.0385375290729817,385,385,23.403014056384563,617.656005859375,3.0945534706115723,
multi_join_sift_wiki_1,join,B6,0.05,0.4,752067,39942,34426.894660894664,1.1601975837039382,385,385,19.109033048152924,524.2474975585938,2.7386274337768555,
multi_join_sift_wiki_1,join,B6,0.05,0.4,602570,40131,36115.37916856897,1.1111886659887487,385,385,22.495937533676624,538.7058715820312,2.794548749923706,
multi_join_sift_wiki_1,join,B6,0.05,0.4,345404,40297,39038.72398672776,1.0322314841463573,385,385,29.957987368106842,573.16357421875,2.874479293823242,
multi_join_sift_wiki_1,join,B6,0.05,0.4,628777,39890,50703.46116128488,1.2710820045446198,387,387,16.589208506047726,536.1368408203125,2.908341407775879,
multi_join_sift_wiki_1,join,B6,0.05,0.4,137071,40335,51221.765712037326,1.2699086577919259,385,385,22.57524337619543,565.7279663085938,2.6718127727508545,
multi_join_sift_wiki_1,join,B6,0.05,0.4,296404,39110,54743.36464731161,1.3997280656433548,385,385,30.986363068223,527.79638671875,3.2837841510772705,
multi_join_sift_wiki_1,join,B6,0.05,0.4,703153,40188,42804.85400464271,1.0651153081676796,392,392,23.695070296525955,497.02056884765625,3.3179731369018555,
multi_join_sift_wiki_1,join,B6,0.05,0.4,438962,40151,43221.79484853148,1.076481154853714,385,385,22.522266022861004,595.399169921875,2.6289570331573486,
multi_join_sift_wiki_1,join,B6,0.05,0.4,33248,39599,43868.59166658165,1.1078206941231254,390,390,29.535935260355473,516.1569213867188,2.337841033935547,
multi_join_sift_wiki_1,join,B6,0.05,0.4,779894,40022,43985.08023610355,1.0990225435036618,385,385,22.166655398905277,583.26953125,2.5691866874694824,
multi_join_sift_wiki_1,join,B6,0.05,0.4,304120,39328,45314.55117571544,1.1522210937681916,385,385,38.15547749400139,525.758544921875,2.7490689754486084,
multi_join_sift_wiki_1,join,B6,0.05,0.4,73745,38889,46433.36220116397,1.1939973308946994,389,389,38.415404967963696,506.00616455078125,2.654064178466797,
multi_join_sift_wiki_1,join,B6,0.05,0.4,516733,40388,49707.03961668766,1.2307378334328924,385,385,19.81637068092823,554.3741455078125,3.0097391605377197,
multi_join_sift_wiki_1,join,B6,0.05,0.4,181346,39657,27709.402558768463,1.4311748481726394,385,385,20.094413310289383,553.5350952148438,3.273480176925659,
multi_join_sift_wiki_1,join,B6,0.05,0.4,620747,40245,36566.216971916976,1.1006060602579792,385,385,41.94984212517738,532.4453125,3.0532097816467285,
multi_join_sift_wiki_1,join,B6,0.05,0.4,738510,40003,35140.312508160336,1.1383791760733615,386,386,20.073584280908108,517.6148681640625,2.6115403175354004,
multi_join_sift_wiki_1,join,B6,0.05,0.4,111011,39868,32676.95426087801,1.2200647490494962,385,385,14.142023399472237,645.222412109375,2.8725788593292236,
multi_join_sift_wiki_1,join,B6,0.05,0.4,426052,40426,45718.70641891891,1.1309233270399968,385,385,19.480629824101925,539.0144653320312,2.85752534866333,
multi_join_sift_wiki_1,join,B6,0.05,0.4,724169,39935,47259.18513300557,1.1834026576438106,385,385,19.965894520282745,521.658203125,2.819596529006958,
multi_join_sift_wiki_1,join,B6,0.05,0.4,588630,40972,32247.827643577028,1.2705351955129485,385,385,19.92381550371647,532.3825073242188,2.9160590171813965,
multi_join_sift_wiki_1,join,B6,0.05,0.4,790256,40061,37222.039803312626,1.0762709462374687,386,386,26.713861152529716,532.9548950195312,2.7123072147369385,
multi_join_sift_wiki_1,join,B6,0.05,0.4,201003,40591,44513.05561586337,1.096623774133758,385,385,14.012984000146389,583.0762329101562,2.859617233276367,
multi_join_sift_wiki_1,join,B6,0.05,0.4,6443,39497,35141.6432194617,1.123937197624449,385,385,26.954597793519497,538.642333984375,2.739042282104492,
multi_join_sift_wiki_1,join,B6,0.05,0.4,642763,40406,38336.028150380334,1.0539954697836669,385,385,14.847093261778355,564.1224365234375,2.7092697620391846,
multi_join_sift_wiki_1,join,B6,0.05,0.4,193392,40162,35022.842365678654,1.1467373087730186,385,385,21.27772755920887,594.61181640625,2.984983205795288,
multi_join_sift_wiki_1,join,B6,0.05,0.4,203755,39367,45737.22978566944,1.1618164906055692,394,394,15.837514773011208,495.6998596191406,2.994408130645752,
multi_join_sift_wiki_1,join,B6,0.05,0.4,94462,39478,41486.1721598219,1.0508681331329324,391,391,15.716730616986752,512.9263916015625,2.962696075439453,
multi_join_sift_wiki_1,join,B6,0.05,0.4,590890,40861,51590.94381359716,1.2625962118792287,385,385,68.31798795610666,618.7183227539062,2.9903500080108643,
multi_join_sift_wiki_1,join,B6,0.05,0.4,783383,40252,47725.8501877752,1.1856764927898042,385,385,14.41223081201315,548.6425170898438,2.9504549503326416,
multi_join_sift_wiki_1,join,B6,0.05,0.4,737605,39820,32243.557379279257,1.2349753946687536,391,391,26.561211794614792,488.3546142578125,2.988215684890747,
multi_join_sift_wiki_1,join,B6,0.05,0.4,516560,39915,39017.407391416375,1.0230049269952541,385,385,20.168372429907322,594.4563598632812,3.1861371994018555,
multi_join_sift_wiki_1,join,B6,0.05,0.4,137642,40792,46672.57819594389,1.1441600852114113,385,385,15.612591989338398,607.5831909179688,2.908339023590088,
multi_join_sift_wiki_1,join,B6,0.05,0.4,37803,39499,39247.12969405033,1.0064175471662034,385,385,35.735491663217545,598.5520629882812,2.9570248126983643,
multi_join_sift_wiki_1,join,B6,0.05,0.4,254800,40146,45251.67587935486,1.127177698384767,385,385,25.92405118048191,600.7738647460938,2.9208061695098877,
multi_join_sift_wiki_1,join,B6,0.05,0.4,605930,40914,37069.21419165193,1.1037191074099952,385,385,46.46335821598768,591.1052856445312,2.785029649734497,
multi_join_sift_wiki_1,join,B6,0.05,0.4,209329,39974,43756.55935238137,1.0946254903782802,386,386,21.316586062312126,531.8666381835938,2.7756268978118896,
multi_join_sift_wiki_1,join,B6,0.05,0.4,766585,40578,42335.022134173254,1.0432998702295149,385,385,19.818290136754513,606.5131225585938,3.071518898010254,
multi_join_sift_wiki_1,join,B6,0.05,0.4,488782,40690,46644.674209062905,1.1463424479985969,389,389,19.55548208206892,494.10662841796875,3.142624616622925,
multi_join_sift_wiki_1,join,B6,0.05,0.4,374559,40142,43064.8412772038,1.0728125473868715,385,385,43.241461738944054,517.123291015625,3.0959250926971436,
multi_join_sift_wiki_1,join,B6,0.05,0.4,111780,39975,26171.379394338754,1.5274319094028024,385,385,52.81240772455931,526.3721923828125,3.20689058303833,
multi_join_sift_wiki_1,join,B6,0.05,0.4,178188,40289,44127.7917907457,1.0952813867493782,385,385,19.37674544751644,630.1411743164062,2.985353708267212,
multi_join_sift_wiki_1,join,B6,0.05,0.4,539857,40734,48094.78260192966,1.180703653015409,385,385,37.55901660770178,582.122314453125,2.8438801765441895,
multi_join_sift_wiki_1,join,B6,0.05,0.4,781264,40022,37705.69937246217,1.061431047987125,385,385,27.28200051933527,574.6231079101562,2.6980855464935303,
multi_join_sift_wiki_1,join,B6,0.05,0.4,771184,40852,36577.529214805305,1.1168605664995146,385,385,67.85655207931995,610.2225952148438,2.8078548908233643,
multi_join_sift_wiki_1,join,B6,0.05,0.4,140785,39392,40270.307755219605,1.0222966022344537,385,385,38.3487232029438,539.7122802734375,2.836686372756958,
multi_join_sift_wiki_1,join,B6,0.05,0.4,2505,38973,38572.84228176886,1.0103740791333977,390,390,38.33026438951492,505.95751953125,2.726055383682251,
multi_join_sift_wiki_1,join,B6,0.05,0.4,526089,41003,43402.424096899915,1.0585182571250864,385,385,25.904281996190548,607.0977172851562,2.778130531311035,
multi_join_sift_wiki_1,join,B6,0.05,0.4,608072,39878,43904.28324362297,1.1009650244150402,385,385,19.817684777081013,615.6487426757812,3.105651617050171,
multi_join_sift_wiki_1,join,B6,0.05,0.4,224837,40045,34931.112647406895,1.1463992116200952,389,389,48.23720548301935,509.92572021484375,3.241783380508423,
multi_join_sift_wiki_1,join,B6,0.05,0.4,386133,39581,30203.00329004329,1.3104988143032867,385,385,32.17101842164993,594.0038452148438,2.921837329864502,
multi_join_sift_wiki_1,join,B6,0.05,0.4,487850,40457,47484.87184035477,1.1737121348680022,385,385,19.890018738806248,600.1566162109375,2.5421645641326904,
multi_join_sift_wiki_1,join,B6,0.05,0.4,340195,39445,39546.90867474977,1.002583563816701,388,388,38.26192580163479,521.79443359375,3.0128531455993652,
multi_join_sift_wiki_1,join,B6,0.05,0.4,122774,39420,31759.965349832455,1.2411852332265834,387,387,20.36888897418976,513.6685180664062,2.5227179527282715,
multi_join_sift_wiki_1,join,B6,0.05,0.4,690833,40995,42139.47470678479,1.027917421802288,385,385,27.945667505264282,571.0390014648438,3.2076144218444824,
multi_join_sift_wiki_1,join,B6,0.05,0.4,686759,39943,37137.792597510954,1.075535114132687,391,391,21.697296760976315,501.8027648925781,3.245149850845337,
multi_join_sift_wiki_1,join,B6,0.05,0.4,154430,40213,51952.197876219456,1.2919254439166303,389,389,22.91105594485998,520.7003173828125,2.6717138290405273,
multi_join_sift_wiki_1,join,B6,0.05,0.4,630926,39435,32902.39046023076,1.1985451345143214,385,385,21.244961768388748,524.5912475585938,3.197935104370117,
multi_join_sift_wiki_1,join,B6,0.05,0.4,255248,40713,45493.3367048331,1.1174154865726695,385,385,19.81997024267912,600.0139770507812,2.75639271736145,
multi_join_sift_wiki_1,join,B6,0.05,0.4,48107,40616,46416.64223536239,1.1428166790270433,385,385,19.84025165438652,531.8893432617188,3.032061815261841,
multi_join_sift_wiki_1,join,B6,0.05,0.4,717611,40657,37667.55554683412,1.079363909066224,385,385,19.72317136824131,545.0242919921875,2.4548850059509277,
multi_join_sift_wiki_1,join,B6,0.05,0.4,559097,40454,44961.46536524478,1.111421994493617,385,385,20.283116027712822,589.176513671875,3.1344034671783447,
multi_join_sift_wiki_1,join,B6,0.05,0.4,527854,40013,26034.07697924695,1.5369471340157879,385,385,19.846775569021702,634.5965576171875,2.896984577178955,
multi_join_sift_wiki_1,join,B6,0.05,0.4,692258,41110,44066.69341903923,1.0719215134769942,385,385,13.933912850916386,589.29052734375,3.5499489307403564,
multi_join_sift_wiki_1,join,B6,0.05,0.4,344709,39703,41454.2469153663,1.0441086798319092,385,385,16.081521287560463,531.34130859375,2.6828415393829346,
multi_join_sift_wiki_1,join,B6,0.05,0.4,414737,40325,53440.83908950065,1.3252532942219628,385,385,13.84663488715887,594.7772827148438,3.1229937076568604,
multi_join_sift_wiki_1,join,B6,0.05,0.4,362610,39875,30853.944504756986,1.292379325886587,385,385,13.796646147966385,591.4989624023438,3.019996404647827,
multi_join_sift_wiki_1,join,B6,0.05,0.4,129857,39963,33882.17988226077,1.1794695659744987,387,387,13.779248110949993,530.8027954101562,2.8648459911346436,
multi_join_sift_wiki_1,join,B6,0.05,0.4,210898,39865,39325.64733599733,1.0137150358745388,385,385,14.006278477609158,532.5714111328125,2.6272644996643066,
multi_join_sift_wiki_1,join,B6,0.05,0.4,793779,39752,38187.57340736308,1.040966902399074,385,385,13.917172327637672,582.40625,2.7579474449157715,
multi_join_sift_wiki_1,join,B6,0.05,0.4,634727,39763,42470.352079642,1.0680872187622161,385,385,21.16839401423931,591.5332641601562,2.536240339279175,
multi_join_sift_wiki_1,join,B6,0.05,0.4,351141,40862,48871.9018990094,1.1960232465128824,385,385,381.326369009912,606.662353515625,2.9031050205230713,
multi_join_sift_wiki_1,join,B6,0.05,0.4,611020,40057,47207.06353052406,1.1784972297107636,385,385,28.92472967505455,622.3216552734375,2.6832292079925537,
multi_join_sift_wiki_1,join,B6,0.05,0.5,145860,39205,36764.83588928325,1.066372229106782,389,389,38.43933995813131,530.199462890625,2.8995752334594727,
multi_join_sift_wiki_1,join,B6,0.05,0.5,359095,40338,47578.43606528449,1.1794941758462119,385,385,39.79016002267599,640.2191162109375,2.541745185852051,
multi_join_sift_wiki_1,join,B6,0.05,0.5,286093,39971,32007.30952380952,1.248808493893136,385,385,25.2012787386775,625.1065673828125,2.442873239517212,
multi_join_sift_wiki_1,join,B6,0.05,0.5,781121,39807,42492.527208991334,1.067463692541295,385,385,23.261399939656258,549.830078125,2.5712718963623047,
multi_join_sift_wiki_1,join,B6,0.05,0.5,142780,39872,39073.11234682459,1.0204459692405417,385,385,14.053711667656898,510.74957275390625,2.896462917327881,
multi_join_sift_wiki_1,join,B6,0.05,0.5,428790,40316,29797.901573834657,1.3529811788962085,385,385,13.926688581705093,558.8193969726562,2.4774093627929688,
multi_join_sift_wiki_1,join,B6,0.05,0.5,322723,39343,43377.267466672354,1.1025409212991473,389,389,29.441756196320057,499.2731628417969,2.986773729324341,
multi_join_sift_wiki_1,join,B6,0.05,0.5,588557,39771,38109.0224438447,1.043611130634597,385,385,32.280982472002506,629.5499877929688,3.0205342769622803,
multi_join_sift_wiki_1,join,B6,0.05,0.5,263638,40060,36908.96206648697,1.0853732469592838,389,389,26.29693876951933,526.975341796875,3.283975601196289,
multi_join_sift_wiki_1,join,B6,0.05,0.5,693614,40798,33697.31903912349,1.2107194626561368,385,385,26.115110144019127,612.0115356445312,2.5495686531066895,
multi_join_sift_wiki_1,join,B6,0.05,0.5,546912,40228,33611.69936108209,1.1968451689348,385,385,45.65264564007521,618.724853515625,3.211322069168091,
multi_join_sift_wiki_1,join,B6,0.05,0.5,444449,40268,35522.594668767815,1.1335883646867846,385,385,16.20123628526926,565.9703979492188,2.7807583808898926,
multi_join_sift_wiki_1,join,B6,0.05,0.5,663176,40001,37885.20605766972,1.0558474972819092,389,389,39.36900198459625,493.45111083984375,2.5044238567352295,
multi_join_sift_wiki_1,join,B6,0.05,0.5,763999,39605,38667.29861655773,1.0242505015088055,385,385,37.83193789422512,538.6162719726562,2.9056854248046875,
multi_join_sift_wiki_1,join,B6,0.05,0.5,782168,39182,42026.45399202191,1.0725959367061892,391,391,37.914794869720936,507.74993896484375,2.5348682403564453,
multi_join_sift_wiki_1,join,B6,0.05,0.5,673362,39785,31966.798348348348,1.2445725582667118,385,385,38.085232488811016,567.3450927734375,2.8160996437072754,
multi_join_sift_wiki_1,join,B6,0.05,0.5,83904,39750,37849.819519916535,1.0502031582761866,392,392,37.77321893721819,505.16839599609375,3.0482594966888428,
multi_join_sift_wiki_1,join,B6,0.05,0.5,695261,40299,41998.98450382313,1.0421842850647194,385,385,44.54843234270811,551.4187622070312,2.6969356536865234,
multi_join_sift_wiki_1,join,B6,0.05,0.5,386245,40481,41111.69070470294,1.0155799190905102,385,385,32.04679023474455,601.3907470703125,2.934922456741333,
multi_join_sift_wiki_1,join,B6,0.05,0.5,69504,40894,34878.12415285863,1.1724827809195209,385,385,48.772296868264675,555.7332763671875,3.2390849590301514,
multi_join_sift_wiki_1,join,B6,0.05,0.5,681535,39910,44981.100377044175,1.1270634020807861,392,392,28.49767357110977,506.0704040527344,3.3210012912750244,
multi_join_sift_wiki_1,join,B6,0.05,0.5,696279,40127,41286.5389073643,1.0288967255803898,389,389,21.76809962838888,525.52099609375,2.8524117469787598,
multi_join_sift_wiki_1,join,B6,0.05,0.5,340223,40138,41145.92362038016,1.0251114559863512,385,385,19.087637774646282,596.6854858398438,2.9147491455078125,
multi_join_sift_wiki_1,join,B6,0.05,0.5,690943,41191,49657.03333725453,1.2055311436297864,385,385,41.87572002410889,592.3656616210938,3.2163867950439453,
multi_join_sift_wiki_1,join,B6,0.05,0.5,636616,39857,35928.86231430024,1.1093309788475072,385,385,41.10814817249775,509.25775146484375,2.938859224319458,
multi_join_sift_wiki_1,join,B6,0.05,0.5,48106,40563,42861.28747221541,1.0566597015066788,385,385,21.787825971841812,531.8182983398438,3.032061815261841,
multi_join_sift_wiki_1,join,B6,0.05,0.5,352770,40701,39599.91261194345,1.0278052984320085,387,387,20.115230232477188,499.57415771484375,3.1356277465820312,
multi_join_sift_wiki_1,join,B6,0.05,0.5,536954,41057,38257.04506937715,1.0731879559841926,385,385,20.099501125514507,617.656005859375,3.0945534706115723,
multi_join_sift_wiki_1,join,B6,0.05,0.5,752067,39942,46402.4329004329,1.1617453532730684,385,385,23.73938076198101,524.2474975585938,2.7386274337768555,
multi_join_sift_wiki_1,join,B6,0.05,0.5,602570,40131,39634.61238319166,1.0125240941429983,385,385,32.730394043028355,538.7058715820312,2.794548749923706,
multi_join_sift_wiki_1,join,B6,0.05,0.5,345404,40297,37020.09970041574,1.0885167875317057,385,385,36.9600523263216,573.16357421875,2.874479293823242,
multi_join_sift_wiki_1,join,B6,0.05,0.5,628777,39890,40507.279307733545,1.0154745376719365,387,387,39.59098272025585,536.1368408203125,2.908341407775879,
multi_join_sift_wiki_1,join,B6,0.05,0.5,137071,40335,36745.68043225152,1.0976800409061997,385,385,22.757205180823803,565.7279663085938,2.6718127727508545,
multi_join_sift_wiki_1,join,B6,0.05,0.5,296404,39110,45416.496057039505,1.1612502187941576,385,385,52.51086596399546,527.79638671875,3.2837841510772705,
multi_join_sift_wiki_1,join,B6,0.05,0.5,703153,40188,35706.5306169354,1.1255083959610197,392,392,23.145892657339573,497.02056884765625,3.3179731369018555,
multi_join_sift_wiki_1,join,B6,0.05,0.5,438962,40151,54749.01181365919,1.3635777891872978,385,385,81.69467095285654,595.399169921875,2.6289570331573486,
multi_join_sift_wiki_1,join,B6,0.05,0.5,33248,39599,38758.32188907366,1.021690260825336,390,390,46.39979265630245,516.1569213867188,2.337841033935547,
multi_join_sift_wiki_1,join,B6,0.05,0.5,779894,40022,34728.28920504998,1.1524322365462287,385,385,18.490650691092014,583.26953125,2.5691866874694824,
multi_join_sift_wiki_1,join,B6,0.05,0.5,304120,39328,44696.03117948831,1.1364938766143284,385,385,25.96277091652155,525.758544921875,2.7490689754486084,
multi_join_sift_wiki_1,join,B6,0.05,0.5,73745,38889,38015.53505895588,1.0229765262987756,389,389,21.72377798706293,506.00616455078125,2.654064178466797,
multi_join_sift_wiki_1,join,B6,0.05,0.5,516733,40388,42287.844250387294,1.0470398200056277,385,385,19.853576086461544,554.3741455078125,3.0097391605377197,
multi_join_sift_wiki_1,join,B6,0.05,0.5,181346,39657,36461.20929893905,1.0876490594390116,385,385,22.045858204364777,553.5350952148438,3.273480176925659,
multi_join_sift_wiki_1,join,B6,0.05,0.5,620747,40245,39037.96207542138,1.030919593657236,385,385,33.196598291397095,532.4453125,3.0532097816467285,
multi_join_sift_wiki_1,join,B6,0.05,0.5,738510,40003,33150.55058272813,1.206706956500508,386,386,41.04941803961992,517.6148681640625,2.6115403175354004,
multi_join_sift_wiki_1,join,B6,0.05,0.5,111011,39868,47906.8056912532,1.201635539561884,385,385,19.63867899030447,645.222412109375,2.8725788593292236,
multi_join_sift_wiki_1,join,B6,0.05,0.5,426052,40426,42039.167307242315,1.0399042029199603,385,385,14.81879036873579,539.0144653320312,2.85752534866333,
multi_join_sift_wiki_1,join,B6,0.05,0.5,724169,39935,44077.438338617445,1.1037295189337033,385,385,37.56590001285076,521.658203125,2.819596529006958,
multi_join_sift_wiki_1,join,B6,0.05,0.5,588630,40972,43062.86904175333,1.0510316567839824,385,385,23.552294820547104,532.3825073242188,2.9160590171813965,
multi_join_sift_wiki_1,join,B6,0.05,0.5,790256,40061,38645.098272856056,1.0366385852391133,386,386,54.72716223448515,532.9548950195312,2.7123072147369385,
multi_join_sift_wiki_1,join,B6,0.05,0.5,201003,40591,40996.31096353434,1.009985242135802,385,385,45.591751113533974,583.0762329101562,2.859617233276367,
multi_join_sift_wiki_1,join,B6,0.05,0.5,6443,39497,30402.9551242236,1.2991171364302907,385,385,41.28978215157986,538.642333984375,2.739042282104492,
multi_join_sift_wiki_1,join,B6,0.05,0.5,642763,40406,36822.19363481305,1.0973273455875452,385,385,30.3818229585886,564.1224365234375,2.7092697620391846,
multi_join_sift_wiki_1,join,B6,0.05,0.5,193392,40162,50095.27522951035,1.2473301934542689,385,385,39.802213199436665,594.61181640625,2.984983205795288,
multi_join_sift_wiki_1,join,B6,0.05,0.5,203755,39367,33829.60617221393,1.1636848445588537,394,394,28.04757747799158,495.6998596191406,2.994408130645752,
multi_join_sift_wiki_1,join,B6,0.05,0.5,94462,39478,44409.05783796893,1.1249064754538967,391,391,34.85305141657591,512.9263916015625,2.962696075439453,
multi_join_sift_wiki_1,join,B6,0.05,0.5,590890,40861,42031.2673572042,1.0286402035487188,385,385,28.704817406833172,618.7183227539062,2.9903500080108643,
multi_join_sift_wiki_1,join,B6,0.05,0.5,783383,40252,49655.49950796481,1.2336157087340953,385,385,29.27988488227129,548.6425170898438,2.9504549503326416,
multi_join_sift_wiki_1,join,B6,0.05,0.5,737605,39820,41056.73345516867,1.0310580978194042,391,391,26.898681186139584,488.3546142578125,2.988215684890747,
multi_join_sift_wiki_1,join,B6,0.05,0.5,516560,39915,34178.068824772534,1.167854164161238,385,385,28.625816106796265,594.4563598632812,3.1861371994018555,
multi_join_sift_wiki_1,join,B6,0.05,0.5,137642,40792,36226.113666019504,1.1260385360702754,385,385,33.691830933094025,607.5831909179688,2.908339023590088,
multi_join_sift_wiki_1,join,B6,0.05,0.5,37803,39499,36180.85575897116,1.0917099435992774,385,385,68.96582338958979,598.5520629882812,2.9570248126983643,
multi_join_sift_wiki_1,join,B6,0.05,0.5,254800,40146,40207.4824903167,1.001531472383717,385,385,77.13876478374004,600.7738647460938,2.9208061695098877,
multi_join_sift_wiki_1,join,B6,0.05,0.5,605930,40914,41530.55167217907,1.015069454763139,385,385,24.74338747560978,591.1052856445312,2.785029649734497,
multi_join_sift_wiki_1,join,B6,0.05,0.5,209329,39974,41313.44913649977,1.0335080086180959,386,386,13.787327334284782,531.8666381835938,2.7756268978118896,
multi_join_sift_wiki_1,join,B6,0.05,0.5,766585,40578,32291.97347100606,1.2565970932818245,385,385,15.106539241969585,606.5131225585938,3.071518898010254,
multi_join_sift_wiki_1,join,B6,0.05,0.5,488782,40690,39322.219738050786,1.03478390261437,389,389,15.63152950257063,494.10662841796875,3.142624616622925,
multi_join_sift_wiki_1,join,B6,0.05,0.5,374559,40142,35325.96577444861,1.136331282668989,385,385,13.826246373355389,517.123291015625,3.0959250926971436,
multi_join_sift_wiki_1,join,B6,0.05,0.5,111780,39975,59816.65579152564,1.496351614547233,385,385,13.77349253743887,526.3721923828125,3.20689058303833,
multi_join_sift_wiki_1,join,B6,0.05,0.5,178188,40289,48150.577292532624,1.1951296208030138,385,385,14.042943716049194,630.1411743164062,2.985353708267212,
multi_join_sift_wiki_1,join,B6,0.05,0.5,539857,40734,36807.277907516196,1.1066833060122045,385,385,14.010220766067505,582.122314453125,2.8438801765441895,
multi_join_sift_wiki_1,join,B6,0.05,0.5,781264,40022,46697.560502030276,1.1667972740500294,385,385,13.612954877316952,574.6231079101562,2.6980855464935303,
multi_join_sift_wiki_1,join,B6,0.05,0.5,771184,40852,57483.97930756276,1.407127663457426,385,385,13.632855378091335,610.2225952148438,2.8078548908233643,
multi_join_sift_wiki_1,join,B6,0.05,0.5,140785,39392,27721.531031125844,1.4209893369803603,385,385,13.821838423609734,539.7122802734375,2.836686372756958,
multi_join_sift_wiki_1,join,B6,0.05,0.5,2505,38973,34053.3304984748,1.1444695549454567,390,390,19.876619800925255,505.95751953125,2.726055383682251,
multi_join_sift_wiki_1,join,B6,0.05,0.5,526089,41003,43461.122823835765,1.059949828642679,385,385,25.678712874650955,607.0977172851562,2.778130531311035,
multi_join_sift_wiki_1,join,B6,0.05,0.5,608072,39878,37926.94096719028,1.0514425625440642,385,385,19.860091619193554,615.6487426757812,3.105651617050171,
multi_join_sift_wiki_1,join,B6,0.05,0.5,224837,40045,40943.99733676996,1.0224496775320253,389,389,19.829116761684418,509.92572021484375,3.241783380508423,
multi_join_sift_wiki_1,join,B6,0.05,0.5,386133,39581,42599.487219662056,1.0762610146196927,385,385,19.595342688262463,594.0038452148438,2.921837329864502,
multi_join_sift_wiki_1,join,B6,0.05,0.5,487850,40457,44222.54711223736,1.0930752925881146,385,385,32.18126017600298,600.1566162109375,2.5421645641326904,
multi_join_sift_wiki_1,join,B6,0.05,0.5,340195,39445,34880.41143191489,1.1308639543141572,388,388,24.63048230856657,521.79443359375,3.0128531455993652,
multi_join_sift_wiki_1,join,B6,0.05,0.5,122774,39420,32181.853092575395,1.2249139254536745,387,387,19.568657502532005,513.6685180664062,2.5227179527282715,
multi_join_sift_wiki_1,join,B6,0.05,0.5,690833,40995,49506.42312636181,1.2076210056436594,385,385,52.06299666315317,571.0390014648438,3.2076144218444824,
multi_join_sift_wiki_1,join,B6,0.05,0.5,686759,39943,37592.14266222828,1.0625358697665777,391,391,41.49971064180136,501.8027648925781,3.245149850845337,
multi_join_sift_wiki_1,join,B6,0.05,0.5,154430,40213,41968.19570494865,1.0436474698467821,389,389,37.30960562825203,520.7003173828125,2.6717138290405273,
multi_join_sift_wiki_1,join,B6,0.05,0.5,630926,39435,35650.10132371341,1.1061679640660371,385,385,23.979508318006992,524.5912475585938,3.197935104370117,
multi_join_sift_wiki_1,join,B6,0.05,0.5,255248,40713,37299.93602742723,1.091503212500501,385,385,13.769625686109066,600.0139770507812,2.75639271736145,
multi_join_sift_wiki_1,join,B6,0.05,0.5,48107,40616,39400.998454234556,1.0308368212337742,385,385,30.623698607087135,531.8893432617188,3.032061815261841,
multi_join_sift_wiki_1,join,B6,0.05,0.5,717611,40657,37140.28990057562,1.0946872011187472,385,385,43.726857751607895,545.0242919921875,2.4548850059509277,
multi_join_sift_wiki_1,join,B6,0.05,0.5,559097,40454,38116.11413390531,1.0613358921605045,385,385,13.579463586211205,589.176513671875,3.1344034671783447,
multi_join_sift_wiki_1,join,B6,0.05,0.5,527854,40013,33556.34390317874,1.192412383048966,385,385,19.412578083574772,634.5965576171875,2.896984577178955,
multi_join_sift_wiki_1,join,B6,0.05,0.5,692258,41110,29967.48240373355,1.3718202765968168,385,385,27.571802958846092,589.29052734375,3.5499489307403564,
multi_join_sift_wiki_1,join,B6,0.05,0.5,344709,39703,29725.80981601277,1.3356406518692283,385,385,43.62486954778433,531.34130859375,2.6828415393829346,
multi_join_sift_wiki_1,join,B6,0.05,0.5,414737,40325,45178.01492148037,1.1203475491997612,385,385,39.178832434117794,594.7772827148438,3.1229937076568604,
multi_join_sift_wiki_1,join,B6,0.05,0.5,362610,39875,36252.78284664715,1.0999155614804852,385,385,20.289375446736813,591.4989624023438,3.019996404647827,
multi_join_sift_wiki_1,join,B6,0.05,0.5,129857,39963,35178.92563566602,1.1359926227958386,387,387,33.33264961838722,530.8027954101562,2.8648459911346436,
multi_join_sift_wiki_1,join,B6,0.05,0.5,210898,39865,44063.65729270729,1.10532189370895,385,385,14.174048788845539,532.5714111328125,2.6272644996643066,
multi_join_sift_wiki_1,join,B6,0.05,0.5,793779,39752,38757.90989644243,1.0256487025800332,385,385,31.772064976394176,582.40625,2.7579474449157715,
multi_join_sift_wiki_1,join,B6,0.05,0.5,634727,39763,51446.73315420211,1.293834297065164,385,385,26.29146073013544,591.5332641601562,2.536240339279175,
multi_join_sift_wiki_1,join,B6,0.05,0.5,351141,40862,40327.99813111813,1.013241467308783,385,385,31.678060069680214,606.662353515625,2.9031050205230713,
multi_join_sift_wiki_1,join,B6,0.05,0.5,611020,40057,42124.69586447962,1.0516188397653248,385,385,19.458157941699028,622.3216552734375,2.6832292079925537,
multi_join_sift_wiki_1,join,B6,0.1,0.1,145860,79324,89854.18974667908,1.1327491017432187,385,385,18.3525662869215,552.0101318359375,2.9678664207458496,
multi_join_sift_wiki_1,join,B6,0.1,0.1,359095,79556,84167.10121811497,1.0579604457000726,385,385,20.105031318962574,660.6602783203125,2.6484692096710205,
multi_join_sift_wiki_1,join,B6,0.1,0.1,286093,79914,71961.09297220325,1.1105167625909846,385,385,20.768096670508385,634.92919921875,2.591614246368408,
multi_join_sift_wiki_1,join,B6,0.1,0.1,781121,79928,86983.1600600115,1.0882689427986627,385,385,26.768091134727,569.3426513671875,2.7154462337493896,
multi_join_sift_wiki_1,join,B6,0.1,0.1,142780,80177,85022.29525374608,1.0604324838014154,385,385,13.492121361196041,531.766357421875,2.9726316928863525,
multi_join_sift_wiki_1,join,B6,0.1,0.1,428790,79677,90663.75783033516,1.1378912086340496,385,385,25.901949033141136,570.5357666015625,2.586446523666382,
multi_join_sift_wiki_1,join,B6,0.1,0.1,322723,78720,75209.13352158875,1.0466813844810943,385,385,19.73271742463112,524.8790283203125,3.0675809383392334,
multi_join_sift_wiki_1,join,B6,0.1,0.1,588557,79451,70643.95062378485,1.124668132210176,385,385,25.688182562589645,648.4259643554688,3.088820695877075,
multi_join_sift_wiki_1,join,B6,0.1,0.1,263638,80173,82527.18391364158,1.0293637997036607,385,385,20.201503299176693,553.78515625,3.3490371704101562,
multi_join_sift_wiki_1,join,B6,0.1,0.1,693614,80572,79424.27278294528,1.01445058515287,385,385,16.617036424577236,630.0000610351562,2.6586174964904785,
multi_join_sift_wiki_1,join,B6,0.1,0.1,546912,80745,68216.55530407968,1.1836569530676824,385,385,16.438834369182587,636.325439453125,3.273282766342163,
multi_join_sift_wiki_1,join,B6,0.1,0.1,444449,80781,94393.42022780288,1.1685101722905495,385,385,19.145137630403042,582.3935546875,2.858152389526367,
multi_join_sift_wiki_1,join,B6,0.1,0.1,663176,79657,85632.34009059504,1.0750133709604308,385,385,19.610898569226265,517.5375366210938,2.5874252319335938,
multi_join_sift_wiki_1,join,B6,0.1,0.1,763999,79454,94956.93634072531,1.1951183872520617,385,385,19.630777649581432,563.1394653320312,2.991096258163452,
multi_join_sift_wiki_1,join,B6,0.1,0.1,782168,78639,81318.20383486037,1.0340696579923494,385,385,13.803702779114246,530.544189453125,2.6463067531585693,
multi_join_sift_wiki_1,join,B6,0.1,0.1,673362,79433,79835.94261708517,1.0050727357280371,385,385,13.533645309507847,585.9685668945312,2.910238742828369,
multi_join_sift_wiki_1,join,B6,0.1,0.1,83904,78719,83484.00621988322,1.0605318438989726,385,385,13.806753791868687,524.25146484375,3.108832836151123,
multi_join_sift_wiki_1,join,B6,0.1,0.1,695261,79809,79794.21317728054,1.0001853119685082,385,385,13.372419402003288,569.812255859375,2.7686617374420166,
multi_join_sift_wiki_1,join,B6,0.1,0.1,386245,81061,85849.23506452319,1.0590695286823897,385,385,13.2646718993783,619.9218139648438,3.005084276199341,
multi_join_sift_wiki_1,join,B6,0.1,0.1,69504,82061,80899.63285482365,1.0143556540888197,385,385,13.371145352721214,570.908447265625,3.3213181495666504,
multi_join_sift_wiki_1,join,B6,0.1,0.1,681535,79488,81846.24975989402,1.0296679971806313,385,385,13.32659088075161,527.840087890625,3.38594388961792,
multi_join_sift_wiki_1,join,B6,0.1,0.1,696279,79488,80719.09291251824,1.01548778321908,385,385,13.190845027565956,546.6929321289062,2.9636666774749756,
multi_join_sift_wiki_1,join,B6,0.1,0.1,340223,79541,91229.78562788462,1.1469529629736188,385,385,13.502979651093483,613.5543823242188,3.0076568126678467,
multi_join_sift_wiki_1,join,B6,0.1,0.1,690943,80331,80168.45863871777,1.0020274976473569,385,385,18.498925492167473,606.3675537109375,3.272429943084717,
multi_join_sift_wiki_1,join,B6,0.1,0.1,636616,80080,78693.74169064296,1.0176158647380962,385,385,31.033246777951717,531.0659790039062,2.9986581802368164,
multi_join_sift_wiki_1,join,B6,0.1,0.1,48106,80407,94947.59027056521,1.1808373682709865,385,385,21.996534429490566,554.5239868164062,3.1095659732818604,
multi_join_sift_wiki_1,join,B6,0.1,0.1,352770,80822,76713.64018332199,1.0535544892259094,385,385,25.45164804905653,521.0213012695312,3.1966798305511475,
multi_join_sift_wiki_1,join,B6,0.1,0.1,536954,80588,91245.80943295118,1.132250576176989,385,385,19.662695936858654,633.7864990234375,3.1714894771575928,
multi_join_sift_wiki_1,join,B6,0.1,0.1,752067,79197,99052.01644883092,1.250704148500965,385,385,19.945978187024593,549.3387451171875,2.8197593688964844,
multi_join_sift_wiki_1,join,B6,0.1,0.1,602570,80307,60273.54886039886,1.3323755033240392,385,385,13.680917210876942,551.4482421875,2.864469289779663,
multi_join_sift_wiki_1,join,B6,0.1,0.1,345404,79576,91627.00461142037,1.1514401906532168,385,385,20.369289442896843,593.5587768554688,2.9514834880828857,
multi_join_sift_wiki_1,join,B6,0.1,0.1,628777,79933,83395.58275659903,1.0433185637546325,385,385,19.76607833057642,557.8935546875,2.9850518703460693,
multi_join_sift_wiki_1,join,B6,0.1,0.1,137071,80678,74857.06682615631,1.0777606366458612,385,385,13.980475254356861,581.9375,2.7972004413604736,
multi_join_sift_wiki_1,join,B6,0.1,0.1,296404,79403,93207.85203789719,1.1738580662934295,385,385,13.958313502371311,551.078369140625,3.3583366870880127,
multi_join_sift_wiki_1,join,B6,0.1,0.1,703153,80313,72272.7972727194,1.1112479803008193,386,386,24.519097059965134,517.0418701171875,3.377227544784546,
multi_join_sift_wiki_1,join,B6,0.1,0.1,438962,80155,100968.1184082554,1.2596608871343695,385,385,26.026190258562565,616.8162841796875,2.7042746543884277,
multi_join_sift_wiki_1,join,B6,0.1,0.1,33248,78896,62670.08502586991,1.2589100520197494,385,385,38.83744217455387,541.4222412109375,2.451692581176758,
multi_join_sift_wiki_1,join,B6,0.1,0.1,779894,79971,88114.84480349722,1.1018349752222334,385,385,26.933982968330383,607.8519287109375,2.650587320327759,
multi_join_sift_wiki_1,join,B6,0.1,0.1,304120,79627,84047.10393365135,1.0555101150822126,385,385,14.06020112335682,550.8772583007812,2.839334011077881,
multi_join_sift_wiki_1,join,B6,0.1,0.1,73745,78915,80798.39250951428,1.0238660902175034,385,385,26.829831302165985,524.522705078125,2.7303755283355713,
multi_join_sift_wiki_1,join,B6,0.1,0.1,516733,80610,60432.81472228423,1.333877966307526,385,385,26.776599697768688,569.8922119140625,3.0889196395874023,
multi_join_sift_wiki_1,join,B6,0.1,0.1,181346,80299,69468.9937960507,1.1558969780927644,385,385,26.66453178972006,574.7592163085938,3.357656955718994,
multi_join_sift_wiki_1,join,B6,0.1,0.1,620747,80051,86804.6741817705,1.0843671432183297,385,385,26.944478042423725,555.2855834960938,3.118633985519409,
multi_join_sift_wiki_1,join,B6,0.1,0.1,738510,79635,84176.93887783258,1.0570344556769333,385,385,14.302506111562252,538.9380493164062,2.7311203479766846,
multi_join_sift_wiki_1,join,B6,0.1,0.1,111011,79529,71505.00370231323,1.112215871368834,385,385,13.97059578448534,654.78564453125,2.941718101501465,
multi_join_sift_wiki_1,join,B6,0.1,0.1,426052,81197,63197.75675134901,1.2848082617784813,385,385,50.094109028577805,555.730712890625,2.933866500854492,
multi_join_sift_wiki_1,join,B6,0.1,0.1,724169,79673,70828.839972574,1.1248666508000214,385,385,26.48640237748623,544.3208618164062,2.892995834350586,
multi_join_sift_wiki_1,join,B6,0.1,0.1,588630,81292,88946.83530470014,1.094164681699308,385,385,39.276761934161186,550.8358764648438,3.023313045501709,
multi_join_sift_wiki_1,join,B6,0.1,0.1,790256,80069,81409.02003959459,1.0167358158537585,385,385,50.98876263946295,556.342529296875,2.7825469970703125,
multi_join_sift_wiki_1,join,B6,0.1,0.1,201003,81482,83004.75436338593,1.0186882300800906,385,385,26.988434605300426,605.5140380859375,2.9440114498138428,
multi_join_sift_wiki_1,join,B6,0.1,0.1,6443,78054,64052.266807133405,1.2185985585026515,385,385,14.090719632804394,560.7430419921875,2.884660482406616,
multi_join_sift_wiki_1,join,B6,0.1,0.1,642763,80471,97702.12676041464,1.2141284035294035,385,385,13.637981377542019,581.2515258789062,2.840625047683716,
multi_join_sift_wiki_1,join,B6,0.1,0.1,193392,79805,69438.49000470545,1.1492905446905897,385,385,13.707286678254604,612.6585083007812,3.056194543838501,
multi_join_sift_wiki_1,join,B6,0.1,0.1,203755,78573,73940.2756765244,1.062654950648858,385,385,14.058698900043964,517.2750854492188,3.056774854660034,
multi_join_sift_wiki_1,join,B6,0.1,0.1,94462,79447,74982.01583887935,1.0595474009489818,385,385,13.812964782118797,536.2696533203125,3.031524658203125,
multi_join_sift_wiki_1,join,B6,0.1,0.1,590890,80822,88013.28845052866,1.0889768683097258,385,385,21.460818126797676,638.423583984375,3.05781626701355,
multi_join_sift_wiki_1,join,B6,0.1,0.1,783383,80488,71086.58246673326,1.132253052644166,385,385,16.696651466190815,564.63818359375,3.0183515548706055,
multi_join_sift_wiki_1,join,B6,0.1,0.1,737605,78691,77224.31787982123,1.0189924904543832,385,385,33.607992343604565,507.7093811035156,3.0597891807556152,
multi_join_sift_wiki_1,join,B6,0.1,0.1,516560,80195,64223.76689716312,1.248681039348104,385,385,19.11055948585272,614.4151611328125,3.2459254264831543,
multi_join_sift_wiki_1,join,B6,0.1,0.1,137642,81038,72934.09224402999,1.1111127527145352,385,385,20.58310341089964,626.5502319335938,2.9834916591644287,
multi_join_sift_wiki_1,join,B6,0.1,0.1,37803,79722,83710.17173937174,1.0500259870471356,385,385,30.386723577976227,611.3698120117188,3.024467945098877,
multi_join_sift_wiki_1,join,B6,0.1,0.1,254800,80010,68549.26869921753,1.1671896946278186,385,385,31.000198796391487,630.36376953125,2.9951040744781494,
multi_join_sift_wiki_1,join,B6,0.1,0.1,605930,80343,83843.74721995428,1.0435725230568225,385,385,31.32246993482113,607.1295166015625,2.853085517883301,
multi_join_sift_wiki_1,join,B6,0.1,0.1,209329,79564,69417.16900662286,1.1461717776535811,385,385,30.9682609513402,555.4125366210938,2.887873649597168,
multi_join_sift_wiki_1,join,B6,0.1,0.1,766585,80706,68961.80021645021,1.17030007550105,385,385,19.297856837511063,629.5858154296875,3.1483452320098877,
multi_join_sift_wiki_1,join,B6,0.1,0.1,488782,80007,83370.12252956415,1.0420353535261184,387,387,76.96267683058977,516.85302734375,3.20609712600708,
multi_join_sift_wiki_1,join,B6,0.1,0.1,374559,80469,87424.89471203795,1.086441918155289,385,385,38.33793010562658,543.7352905273438,3.171335220336914,
multi_join_sift_wiki_1,join,B6,0.1,0.1,111780,79284,75875.78662735113,1.0449183267039805,385,385,38.214254193007946,550.9946899414062,3.261101484298706,
multi_join_sift_wiki_1,join,B6,0.1,0.1,178188,80108,77314.49237583336,1.036131746304265,385,385,68.34707874804735,647.1275634765625,3.1019976139068604,
multi_join_sift_wiki_1,join,B6,0.1,0.1,539857,80395,84547.23141612201,1.0516478812876673,385,385,26.734819635748863,592.7664184570312,2.945296287536621,
multi_join_sift_wiki_1,join,B6,0.1,0.1,781264,79178,73165.6214157823,1.0821749131337357,385,385,39.0381058678031,595.5299072265625,2.770949125289917,
multi_join_sift_wiki_1,join,B6,0.1,0.1,771184,80530,75693.26547517558,1.0638991394341506,385,385,96.57918568700552,624.166015625,2.9144299030303955,
multi_join_sift_wiki_1,join,B6,0.1,0.1,140785,78729,56475.10001009474,1.3940479961244414,385,385,81.31431881338358,561.651123046875,2.912421226501465,
multi_join_sift_wiki_1,join,B6,0.1,0.1,2505,78204,69822.63672438673,1.120037908460795,385,385,26.72375552356243,534.3326416015625,2.8755288124084473,
multi_join_sift_wiki_1,join,B6,0.1,0.1,526089,81044,83514.19636018937,1.030479694489282,385,385,19.87000834196806,621.566650390625,2.8621973991394043,
multi_join_sift_wiki_1,join,B6,0.1,0.1,608072,80085,67829.05921069917,1.180688644836277,385,385,13.71142640709877,635.7791137695312,3.1877126693725586,
multi_join_sift_wiki_1,join,B6,0.1,0.1,224837,79393,78282.85045890696,1.0141812610882863,385,385,43.05875860154629,528.8726196289062,3.304277181625366,
multi_join_sift_wiki_1,join,B6,0.1,0.1,386133,80616,79968.82263796862,1.0080928709549877,385,385,34.53911188989878,607.3278198242188,3.026334762573242,
multi_join_sift_wiki_1,join,B6,0.1,0.1,487850,80903,73741.01280724385,1.0971235262455277,385,385,35.861640237271786,617.8816528320312,2.6472816467285156,
multi_join_sift_wiki_1,join,B6,0.1,0.1,340195,79138,83248.13307150044,1.0519362767760172,385,385,28.94345112144947,543.041748046875,3.089376926422119,
multi_join_sift_wiki_1,join,B6,0.1,0.1,122774,78858,74518.51590460003,1.0582336355296642,385,385,31.597468070685863,537.18994140625,2.6376986503601074,
multi_join_sift_wiki_1,join,B6,0.1,0.1,690833,81470,77855.06023258786,1.046431661045701,385,385,28.941527009010315,586.6276245117188,3.261147975921631,
multi_join_sift_wiki_1,join,B6,0.1,0.1,686759,79565,85348.44126429968,1.0726882582077506,385,385,41.77939239889383,524.928955078125,3.326615810394287,
multi_join_sift_wiki_1,join,B6,0.1,0.1,154430,80169,71974.96959281796,1.1138455556638358,385,385,35.56548710912466,541.2323608398438,2.7680890560150146,
multi_join_sift_wiki_1,join,B6,0.1,0.1,630926,79254,80241.78221061546,1.0124634997680302,385,385,29.656813479959965,549.67041015625,3.259998083114624,
multi_join_sift_wiki_1,join,B6,0.1,0.1,255248,81139,79174.88945868946,1.0248072407140567,385,385,47.482337802648544,615.7006225585938,2.897630214691162,
multi_join_sift_wiki_1,join,B6,0.1,0.1,48107,80693,80616.64041259098,1.000947193867398,385,385,30.815402045845985,554.4667358398438,3.1095659732818604,
multi_join_sift_wiki_1,join,B6,0.1,0.1,717611,80499,90674.52310090719,1.1264055839315668,385,385,23.13825860619545,567.838134765625,2.5639750957489014,
multi_join_sift_wiki_1,join,B6,0.1,0.1,559097,80815,76413.98065895487,1.0575944258248688,385,385,27.212155982851982,602.9588623046875,3.201744794845581,
multi_join_sift_wiki_1,join,B6,0.1,0.1,527854,79727,90150.5594684429,1.1307406458093605,385,385,24.37413763254881,647.0442504882812,2.9701809883117676,
multi_join_sift_wiki_1,join,B6,0.1,0.1,692258,81254,95815.31475636063,1.1792073591006058,385,385,24.764572270214558,603.633056640625,3.59883189201355,
multi_join_sift_wiki_1,join,B6,0.1,0.1,344709,79123,78350.78866028295,1.009855820891162,385,385,24.762967601418495,553.003173828125,2.836334466934204,
multi_join_sift_wiki_1,join,B6,0.1,0.1,414737,80944,66516.9374744667,1.2168930662370212,385,385,22.976688109338284,613.3159790039062,3.186657428741455,
multi_join_sift_wiki_1,join,B6,0.1,0.1,362610,80891,91577.92653736264,1.1321151492423465,385,385,23.586368188261986,607.2364501953125,3.099379777908325,
multi_join_sift_wiki_1,join,B6,0.1,0.1,129857,80160,92386.10200244201,1.1525212325653944,385,385,23.757338523864746,550.3565063476562,2.9371519088745117,
multi_join_sift_wiki_1,join,B6,0.1,0.1,210898,79490,77225.29622171362,1.0293259319042871,385,385,23.233946412801743,553.6181640625,2.6989400386810303,
multi_join_sift_wiki_1,join,B6,0.1,0.1,793779,79125,68641.15201985656,1.1527341495829013,385,385,29.104385524988174,604.8754272460938,2.8342809677124023,
multi_join_sift_wiki_1,join,B6,0.1,0.1,634727,79618,86024.38147272493,1.0804639839323384,385,385,22.788016125559807,601.57470703125,2.6199212074279785,
multi_join_sift_wiki_1,join,B6,0.1,0.1,351141,80632,60718.87149415716,1.3279561694054054,385,385,22.395802661776543,618.2330322265625,2.959737777709961,
multi_join_sift_wiki_1,join,B6,0.1,0.1,611020,79657,78518.74242294673,1.0144966353500922,385,385,23.051406256854534,632.7335205078125,2.7526907920837402,
multi_join_sift_wiki_1,join,B6,0.1,0.2,145860,79324,96395.41943268452,1.2152112782094262,385,385,23.56091607362032,552.0101318359375,2.9678664207458496,
multi_join_sift_wiki_1,join,B6,0.1,0.2,359095,79556,68793.0728659258,1.1564536469398685,385,385,22.795965895056725,660.6602783203125,2.6484692096710205,
multi_join_sift_wiki_1,join,B6,0.1,0.2,286093,79914,72987.6069977807,1.0948982065192232,385,385,23.455915041267872,634.92919921875,2.591614246368408,
multi_join_sift_wiki_1,join,B6,0.1,0.2,781121,79928,76626.21121070048,1.0430895477817705,385,385,22.74855598807335,569.3426513671875,2.7154462337493896,
multi_join_sift_wiki_1,join,B6,0.1,0.2,142780,80177,75671.79616507747,1.059536102791778,385,385,23.645869456231594,531.766357421875,2.9726316928863525,
multi_join_sift_wiki_1,join,B6,0.1,0.2,428790,79677,71756.82073166146,1.1103752812287557,385,385,29.62050400674343,570.5357666015625,2.586446523666382,
multi_join_sift_wiki_1,join,B6,0.1,0.2,322723,78720,67485.37082551594,1.166475030618581,385,385,23.838071152567863,524.8790283203125,3.0675809383392334,
multi_join_sift_wiki_1,join,B6,0.1,0.2,588557,79451,90519.96742487415,1.1393181637093825,385,385,22.966569289565086,648.4259643554688,3.088820695877075,
multi_join_sift_wiki_1,join,B6,0.1,0.2,263638,80173,63373.171645826646,1.2650936968732207,385,385,23.310412652790546,553.78515625,3.3490371704101562,
multi_join_sift_wiki_1,join,B6,0.1,0.2,693614,80572,73811.34899777426,1.0915936518438325,385,385,22.76675309985876,630.0000610351562,2.6586174964904785,
multi_join_sift_wiki_1,join,B6,0.1,0.2,546912,80745,77866.50787998183,1.0369670118564311,385,385,22.905629128217697,636.325439453125,3.273282766342163,
multi_join_sift_wiki_1,join,B6,0.1,0.2,444449,80781,76195.3032125409,1.0601834574326408,385,385,23.399860598146915,582.3935546875,2.858152389526367,
multi_join_sift_wiki_1,join,B6,0.1,0.2,663176,79657,70335.38946976878,1.1325308724456242,385,385,28.226560913026333,517.5375366210938,2.5874252319335938,
multi_join_sift_wiki_1,join,B6,0.1,0.2,763999,79454,75240.48642458681,1.056000615833822,385,385,24.511370807886124,563.1394653320312,2.991096258163452,
multi_join_sift_wiki_1,join,B6,0.1,0.2,782168,78639,83027.03111153455,1.0557996809666266,385,385,24.176484905183315,530.544189453125,2.6463067531585693,
multi_join_sift_wiki_1,join,B6,0.1,0.2,673362,79433,75069.41324622495,1.0581273592676506,385,385,22.437550127506256,585.9685668945312,2.910238742828369,
multi_join_sift_wiki_1,join,B6,0.1,0.2,83904,78719,77320.08105811929,1.0180925695205774,385,385,23.07672519236803,524.25146484375,3.108832836151123,
multi_join_sift_wiki_1,join,B6,0.1,0.2,695261,79809,74224.17804881412,1.0752426244115896,385,385,22.554129362106323,569.812255859375,2.7686617374420166,
multi_join_sift_wiki_1,join,B6,0.1,0.2,386245,81061,69268.24222685111,1.1702476834120896,385,385,23.089091293513775,619.9218139648438,3.005084276199341,
multi_join_sift_wiki_1,join,B6,0.1,0.2,69504,82061,72218.48651276529,1.1362880055025102,385,385,23.998618125915527,570.908447265625,3.3213181495666504,
multi_join_sift_wiki_1,join,B6,0.1,0.2,681535,79488,88047.22810982997,1.107679500173988,385,385,23.609889671206474,527.840087890625,3.38594388961792,
multi_join_sift_wiki_1,join,B6,0.1,0.2,696279,79488,76447.74243099388,1.039769095493571,385,385,23.342574946582317,546.6929321289062,2.9636666774749756,
multi_join_sift_wiki_1,join,B6,0.1,0.2,340223,79541,85900.8784999286,1.0799572358900265,385,385,25.106393732130527,613.5543823242188,3.0076568126678467,
multi_join_sift_wiki_1,join,B6,0.1,0.2,690943,80331,92042.77227953696,1.1457939311042682,385,385,29.84052337706089,606.3675537109375,3.272429943084717,
multi_join_sift_wiki_1,join,B6,0.1,0.2,636616,80080,85278.3849850858,1.0649148974161562,385,385,24.532591924071312,531.0659790039062,2.9986581802368164,
multi_join_sift_wiki_1,join,B6,0.1,0.2,48106,80407,72147.00005638198,1.1144884740483032,385,385,31.534326262772083,554.5239868164062,3.1095659732818604,
multi_join_sift_wiki_1,join,B6,0.1,0.2,352770,80822,87970.13246581912,1.0884429049741298,385,385,22.599896416068077,521.0213012695312,3.1966798305511475,
multi_join_sift_wiki_1,join,B6,0.1,0.2,536954,80588,80371.86186940361,1.0026892263731253,385,385,23.824005387723446,633.7864990234375,3.1714894771575928,
multi_join_sift_wiki_1,join,B6,0.1,0.2,752067,79197,80172.8345701007,1.01232161028954,385,385,23.56145903468132,549.3387451171875,2.8197593688964844,
multi_join_sift_wiki_1,join,B6,0.1,0.2,602570,80307,77150.07873776786,1.0409192228171598,385,385,23.436265997588634,551.4482421875,2.864469289779663,
multi_join_sift_wiki_1,join,B6,0.1,0.2,345404,79576,79825.33313320186,1.0031332704986662,385,385,23.571668192744255,593.5587768554688,2.9514834880828857,
multi_join_sift_wiki_1,join,B6,0.1,0.2,628777,79933,70327.42023089825,1.1365837071453042,385,385,23.254969157278538,557.8935546875,2.9850518703460693,
multi_join_sift_wiki_1,join,B6,0.1,0.2,137071,80678,86329.64102680945,1.070051823629855,385,385,22.417552769184113,581.9375,2.7972004413604736,
multi_join_sift_wiki_1,join,B6,0.1,0.2,296404,79403,76166.05837063256,1.0424984789631113,385,385,23.569559678435326,551.078369140625,3.3583366870880127,
multi_join_sift_wiki_1,join,B6,0.1,0.2,703153,80313,88246.81186279442,1.0987861474829035,386,386,24.02480598539114,517.0418701171875,3.377227544784546,
multi_join_sift_wiki_1,join,B6,0.1,0.2,438962,80155,70010.67946773433,1.144896758742941,385,385,22.13084790855646,616.8162841796875,2.7042746543884277,
multi_join_sift_wiki_1,join,B6,0.1,0.2,33248,78896,65073.206121039955,1.2124191307440553,385,385,23.316756822168827,541.4222412109375,2.451692581176758,
multi_join_sift_wiki_1,join,B6,0.1,0.2,779894,79971,69003.28275038356,1.1589448619320286,385,385,22.22251147031784,607.8519287109375,2.650587320327759,
multi_join_sift_wiki_1,join,B6,0.1,0.2,304120,79627,72142.35102416975,1.1037483374131054,385,385,23.979201912879944,550.8772583007812,2.839334011077881,
multi_join_sift_wiki_1,join,B6,0.1,0.2,73745,78915,77006.05903611111,1.0247894904346906,385,385,23.209569975733757,524.522705078125,2.7303755283355713,
multi_join_sift_wiki_1,join,B6,0.1,0.2,516733,80610,88186.28531330169,1.0939869161803957,385,385,20.657185465097427,569.8922119140625,3.0889196395874023,
multi_join_sift_wiki_1,join,B6,0.1,0.2,181346,80299,84778.70756054853,1.0557878374643337,385,385,17.530206590890884,574.7592163085938,3.357656955718994,
multi_join_sift_wiki_1,join,B6,0.1,0.2,620747,80051,75586.15916708804,1.0590695556185377,385,385,17.41198729723692,555.2855834960938,3.118633985519409,
multi_join_sift_wiki_1,join,B6,0.1,0.2,738510,79635,74139.62992162336,1.074121897886273,385,385,17.428724095225334,538.9380493164062,2.7311203479766846,
multi_join_sift_wiki_1,join,B6,0.1,0.2,111011,79529,94506.49187378197,1.1883274261436956,385,385,17.55886897444725,654.78564453125,2.941718101501465,
multi_join_sift_wiki_1,join,B6,0.1,0.2,426052,81197,69629.191519276,1.1661344649897534,385,385,17.492729239165783,555.730712890625,2.933866500854492,
multi_join_sift_wiki_1,join,B6,0.1,0.2,724169,79673,76832.2316896797,1.036973653476499,385,385,23.9187004044652,544.3208618164062,2.892995834350586,
multi_join_sift_wiki_1,join,B6,0.1,0.2,588630,81292,93394.49074846848,1.1488767744485124,385,385,23.287015967071056,550.8358764648438,3.023313045501709,
multi_join_sift_wiki_1,join,B6,0.1,0.2,790256,80069,76003.28050349873,1.0534940001216673,385,385,23.549361154437065,556.342529296875,2.7825469970703125,
multi_join_sift_wiki_1,join,B6,0.1,0.2,201003,81482,62218.086718297236,1.309619184674118,385,385,17.20945257693529,605.5140380859375,2.9440114498138428,
multi_join_sift_wiki_1,join,B6,0.1,0.2,6443,78054,63575.25841831161,1.227741765301548,385,385,18.071739934384823,560.7430419921875,2.884660482406616,
multi_join_sift_wiki_1,join,B6,0.1,0.2,642763,80471,79757.3558941233,1.0089476901268397,385,385,17.149847000837326,581.2515258789062,2.840625047683716,
multi_join_sift_wiki_1,join,B6,0.1,0.2,193392,79805,90839.49543007716,1.138268221666276,385,385,17.050915397703648,612.6585083007812,3.056194543838501,
multi_join_sift_wiki_1,join,B6,0.1,0.2,203755,78573,83429.88830213374,1.0618137057530417,385,385,17.52065308392048,517.2750854492188,3.056774854660034,
multi_join_sift_wiki_1,join,B6,0.1,0.2,94462,79447,75333.88747631152,1.0545984371904589,385,385,17.089790664613247,536.2696533203125,3.031524658203125,
multi_join_sift_wiki_1,join,B6,0.1,0.2,590890,80822,82354.74574218351,1.0189644619309535,385,385,16.93145278841257,638.423583984375,3.05781626701355,
multi_join_sift_wiki_1,join,B6,0.1,0.2,783383,80488,88935.57278839534,1.1049544377844565,385,385,17.187809571623802,564.63818359375,3.0183515548706055,
multi_join_sift_wiki_1,join,B6,0.1,0.2,737605,78691,80533.42733989512,1.0234134442299008,385,385,17.57150422781706,507.7093811035156,3.0597891807556152,
multi_join_sift_wiki_1,join,B6,0.1,0.2,516560,80195,88113.06783680269,1.0987351809564523,385,385,23.35938159376383,614.4151611328125,3.2459254264831543,
multi_join_sift_wiki_1,join,B6,0.1,0.2,137642,81038,85371.33824966456,1.0534729170224408,385,385,22.198754362761974,626.5502319335938,2.9834916591644287,
multi_join_sift_wiki_1,join,B6,0.1,0.2,37803,79722,99397.420611062,1.2468003889900152,385,385,21.960871294140816,611.3698120117188,3.024467945098877,
multi_join_sift_wiki_1,join,B6,0.1,0.2,254800,80010,83187.07647229987,1.0397084923422055,385,385,22.339941933751106,630.36376953125,2.9951040744781494,
multi_join_sift_wiki_1,join,B6,0.1,0.2,605930,80343,82884.93150362883,1.0316384937533927,385,385,22.37714920192957,607.1295166015625,2.853085517883301,
multi_join_sift_wiki_1,join,B6,0.1,0.2,209329,79564,81093.62204334355,1.0192250520756065,385,385,22.02686946839094,555.4125366210938,2.887873649597168,
multi_join_sift_wiki_1,join,B6,0.1,0.2,766585,80706,78778.9354978355,1.0244616722730082,385,385,21.653619594871998,629.5858154296875,3.1483452320098877,
multi_join_sift_wiki_1,join,B6,0.1,0.2,488782,80007,79794.25794594765,1.0026661323700317,387,387,22.02136442065239,516.85302734375,3.20609712600708,
multi_join_sift_wiki_1,join,B6,0.1,0.2,374559,80469,86234.95192656883,1.0716543255982904,385,385,22.07686100155115,543.7352905273438,3.171335220336914,
multi_join_sift_wiki_1,join,B6,0.1,0.2,111780,79284,83808.98499511242,1.0570731168345746,385,385,22.798383608460426,550.9946899414062,3.261101484298706,
multi_join_sift_wiki_1,join,B6,0.1,0.2,178188,80108,68098.26041797784,1.17635897757605,385,385,21.77301701158285,647.1275634765625,3.1019976139068604,
multi_join_sift_wiki_1,join,B6,0.1,0.2,539857,80395,106213.09653690536,1.3211405751216538,385,385,22.457153536379337,592.7664184570312,2.945296287536621,
multi_join_sift_wiki_1,join,B6,0.1,0.2,781264,79178,72873.43419931518,1.0865139110013848,385,385,22.509130649268627,595.5299072265625,2.770949125289917,
multi_join_sift_wiki_1,join,B6,0.1,0.2,771184,80530,109667.34209298961,1.361819720513965,385,385,22.08707295358181,624.166015625,2.9144299030303955,
multi_join_sift_wiki_1,join,B6,0.1,0.2,140785,78729,73141.70153603819,1.0763900530972588,385,385,21.89595438539982,561.651123046875,2.912421226501465,
multi_join_sift_wiki_1,join,B6,0.1,0.2,2505,78204,81792.40367965367,1.0458851680176675,385,385,22.5129509344697,534.3326416015625,2.8755288124084473,
multi_join_sift_wiki_1,join,B6,0.1,0.2,526089,81044,75816.03149913781,1.0689559766910464,385,385,21.772184409201145,621.566650390625,2.8621973991394043,
multi_join_sift_wiki_1,join,B6,0.1,0.2,608072,80085,98789.21715082115,1.2335545626624356,385,385,21.559699438512325,635.7791137695312,3.1877126693725586,
multi_join_sift_wiki_1,join,B6,0.1,0.2,224837,79393,84646.22104714226,1.0661673075352016,385,385,22.158395498991013,528.8726196289062,3.304277181625366,
multi_join_sift_wiki_1,join,B6,0.1,0.2,386133,80616,71614.19260941785,1.1256986508202054,385,385,21.767633035779,607.3278198242188,3.026334762573242,
multi_join_sift_wiki_1,join,B6,0.1,0.2,487850,80903,70245.56807513922,1.151716787505525,385,385,22.06263691186905,617.8816528320312,2.6472816467285156,
multi_join_sift_wiki_1,join,B6,0.1,0.2,340195,79138,73321.65425542483,1.0793264391487025,385,385,23.02267961204052,543.041748046875,3.089376926422119,
multi_join_sift_wiki_1,join,B6,0.1,0.2,122774,78858,91950.35379236966,1.1660244210146042,385,385,23.29326421022415,537.18994140625,2.6376986503601074,
multi_join_sift_wiki_1,join,B6,0.1,0.2,690833,81470,110693.07439168167,1.3586973657994559,385,385,24.261144921183586,586.6276245117188,3.261147975921631,
multi_join_sift_wiki_1,join,B6,0.1,0.2,686759,79565,87623.74253619848,1.1012850189932568,385,385,23.61417096108198,524.928955078125,3.326615810394287,
multi_join_sift_wiki_1,join,B6,0.1,0.2,154430,80169,85369.70697758031,1.0648717955516511,385,385,23.55090156197548,541.2323608398438,2.7680890560150146,
multi_join_sift_wiki_1,join,B6,0.1,0.2,630926,79254,82802.44553118982,1.0447730780930908,385,385,23.63801095634699,549.67041015625,3.259998083114624,
multi_join_sift_wiki_1,join,B6,0.1,0.2,255248,81139,90204.78185286935,1.1117314959867555,385,385,23.261076770722866,615.7006225585938,2.897630214691162,
multi_join_sift_wiki_1,join,B6,0.1,0.2,48107,80693,78473.89763183976,1.0282782228884713,385,385,23.98569043725729,554.4667358398438,3.1095659732818604,
multi_join_sift_wiki_1,join,B6,0.1,0.2,717611,80499,84231.03259137776,1.0463612292249316,385,385,24.332180619239807,567.838134765625,2.5639750957489014,
multi_join_sift_wiki_1,join,B6,0.1,0.2,559097,80815,94610.26764757601,1.1707018207953475,385,385,24.174688383936882,602.9588623046875,3.201744794845581,
multi_join_sift_wiki_1,join,B6,0.1,0.2,527854,79727,83868.72431897174,1.051948829367363,385,385,24.286293424665928,647.0442504882812,2.9701809883117676,
multi_join_sift_wiki_1,join,B6,0.1,0.2,692258,81254,68659.27137321432,1.1834381340623896,385,385,29.619334265589714,603.633056640625,3.59883189201355,
multi_join_sift_wiki_1,join,B6,0.1,0.2,344709,79123,79885.65572377501,1.0096388625782011,385,385,23.967023938894272,553.003173828125,2.836334466934204,
multi_join_sift_wiki_1,join,B6,0.1,0.2,414737,80944,87308.39610533563,1.0786271509356546,385,385,35.13777628540993,613.3159790039062,3.186657428741455,
multi_join_sift_wiki_1,join,B6,0.1,0.2,362610,80891,82494.03002196593,1.0198171616368437,385,385,22.222787141799927,607.2364501953125,3.099379777908325,
multi_join_sift_wiki_1,join,B6,0.1,0.2,129857,80160,73934.35750305251,1.0842049989639857,385,385,24.387462995946407,550.3565063476562,2.9371519088745117,
multi_join_sift_wiki_1,join,B6,0.1,0.2,210898,79490,67500.23542106175,1.17762552240221,385,385,23.56918342411518,553.6181640625,2.6989400386810303,
multi_join_sift_wiki_1,join,B6,0.1,0.2,793779,79125,76724.01753797501,1.0312937531045816,385,385,17.082132399082184,604.8754272460938,2.8342809677124023,
multi_join_sift_wiki_1,join,B6,0.1,0.2,634727,79618,70633.09903731607,1.1272052491698987,385,385,23.375888355076313,601.57470703125,2.6199212074279785,
multi_join_sift_wiki_1,join,B6,0.1,0.2,351141,80632,51196.90954654693,1.5749388139667186,385,385,17.169736325740814,618.2330322265625,2.959737777709961,
multi_join_sift_wiki_1,join,B6,0.1,0.2,611020,79657,88824.5638678239,1.1150879880967637,385,385,17.27608684450388,632.7335205078125,2.7526907920837402,
multi_join_sift_wiki_1,join,B6,0.1,0.3,145860,79324,74062.33782347101,1.071043695502433,385,385,27.458484284579754,552.0101318359375,2.9678664207458496,
multi_join_sift_wiki_1,join,B6,0.1,0.3,359095,79556,82891.52962794044,1.0419268141678872,385,385,22.707522846758366,660.6602783203125,2.6484692096710205,
multi_join_sift_wiki_1,join,B6,0.1,0.3,286093,79914,77838.58308276125,1.0266630870584075,385,385,29.09476589411497,634.92919921875,2.591614246368408,
multi_join_sift_wiki_1,join,B6,0.1,0.3,781121,79928,78368.4509353012,1.019900215534263,385,385,24.6384060010314,569.3426513671875,2.7154462337493896,
multi_join_sift_wiki_1,join,B6,0.1,0.3,142780,80177,67866.75326778053,1.1813884728454178,385,385,29.01551127433777,531.766357421875,2.9726316928863525,
multi_join_sift_wiki_1,join,B6,0.1,0.3,428790,79677,72159.64424119679,1.1041767297753868,385,385,35.48410441726446,570.5357666015625,2.586446523666382,
multi_join_sift_wiki_1,join,B6,0.1,0.3,322723,78720,76829.33823052673,1.0246085911061777,385,385,41.8449891731143,524.8790283203125,3.0675809383392334,
multi_join_sift_wiki_1,join,B6,0.1,0.3,588557,79451,83287.44922421657,1.0482869847354541,385,385,27.002976275980473,648.4259643554688,3.088820695877075,
multi_join_sift_wiki_1,join,B6,0.1,0.3,263638,80173,63845.28854637729,1.2557387056331062,385,385,30.226814560592175,553.78515625,3.3490371704101562,
multi_join_sift_wiki_1,join,B6,0.1,0.3,693614,80572,82506.92768283378,1.0240148895749612,385,385,22.61684276163578,630.0000610351562,2.6586174964904785,
multi_join_sift_wiki_1,join,B6,0.1,0.3,546912,80745,69940.05557812868,1.1544886450626468,385,385,30.120359733700752,636.325439453125,3.273282766342163,
multi_join_sift_wiki_1,join,B6,0.1,0.3,444449,80781,96228.05052678772,1.1912213333183264,385,385,27.707023546099663,582.3935546875,2.858152389526367,
multi_join_sift_wiki_1,join,B6,0.1,0.3,663176,79657,88734.37424163129,1.113955763355779,385,385,25.368756614625454,517.5375366210938,2.5874252319335938,
multi_join_sift_wiki_1,join,B6,0.1,0.3,763999,79454,90722.12905802258,1.1418195315279605,385,385,28.885040432214737,563.1394653320312,2.991096258163452,
multi_join_sift_wiki_1,join,B6,0.1,0.3,782168,78639,77236.67571950564,1.0181561967476056,385,385,27.891536243259907,530.544189453125,2.6463067531585693,
multi_join_sift_wiki_1,join,B6,0.1,0.3,673362,79433,60882.816488068616,1.30468668471615,385,385,28.65502145141363,585.9685668945312,2.910238742828369,
multi_join_sift_wiki_1,join,B6,0.1,0.3,83904,78719,58525.69544943034,1.3450331413493046,385,385,30.740397050976753,524.25146484375,3.108832836151123,
multi_join_sift_wiki_1,join,B6,0.1,0.3,695261,79809,77238.86521959006,1.0332751494096015,385,385,28.48235424607992,569.812255859375,2.7686617374420166,
multi_join_sift_wiki_1,join,B6,0.1,0.3,386245,81061,93334.8769342825,1.1514153160494256,385,385,27.978082187473774,619.9218139648438,3.005084276199341,
multi_join_sift_wiki_1,join,B6,0.1,0.3,69504,82061,91964.64438531228,1.1206863721537914,385,385,28.07565499097109,570.908447265625,3.3213181495666504,
multi_join_sift_wiki_1,join,B6,0.1,0.3,681535,79488,70394.03362769194,1.1291866072117032,385,385,29.61501758545637,527.840087890625,3.38594388961792,
multi_join_sift_wiki_1,join,B6,0.1,0.3,696279,79488,94655.16268062609,1.1908107221294546,385,385,21.711479872465134,546.6929321289062,2.9636666774749756,
multi_join_sift_wiki_1,join,B6,0.1,0.3,340223,79541,79157.35328984457,1.0048466338781017,385,385,22.780343890190125,613.5543823242188,3.0076568126678467,
multi_join_sift_wiki_1,join,B6,0.1,0.3,690943,80331,80842.66522414295,1.0063694616541927,385,385,23.7156692892313,606.3675537109375,3.272429943084717,
multi_join_sift_wiki_1,join,B6,0.1,0.3,636616,80080,84347.60119222764,1.053291723179666,385,385,30.45401442795992,531.0659790039062,2.9986581802368164,
multi_join_sift_wiki_1,join,B6,0.1,0.3,48106,80407,85108.1753098717,1.0584672392934906,385,385,28.34330778568983,554.5239868164062,3.1095659732818604,
multi_join_sift_wiki_1,join,B6,0.1,0.3,352770,80822,72754.6663863542,1.1108840712814938,385,385,33.55826064944267,521.0213012695312,3.1966798305511475,
multi_join_sift_wiki_1,join,B6,0.1,0.3,536954,80588,86281.3612548297,1.0706477546884114,385,385,27.241317555308342,633.7864990234375,3.1714894771575928,
multi_join_sift_wiki_1,join,B6,0.1,0.3,752067,79197,64028.821576860886,1.2368961047476263,385,385,30.175657011568546,549.3387451171875,2.8197593688964844,
multi_join_sift_wiki_1,join,B6,0.1,0.3,602570,80307,83625.12170196953,1.041317963589345,385,385,30.275377444922924,551.4482421875,2.864469289779663,
multi_join_sift_wiki_1,join,B6,0.1,0.3,345404,79576,73481.29277766538,1.0829422971745415,385,385,28.37853692471981,593.5587768554688,2.9514834880828857,
multi_join_sift_wiki_1,join,B6,0.1,0.3,628777,79933,70656.60787553107,1.13128838764536,385,385,29.614388942718506,557.8935546875,2.9850518703460693,
multi_join_sift_wiki_1,join,B6,0.1,0.3,137071,80678,75601.39898610162,1.0671495644522617,385,385,24.08692240715027,581.9375,2.7972004413604736,
multi_join_sift_wiki_1,join,B6,0.1,0.3,296404,79403,92074.74370183724,1.1595877196307096,385,385,36.728513427078724,551.078369140625,3.3583366870880127,
multi_join_sift_wiki_1,join,B6,0.1,0.3,703153,80313,70310.2714733336,1.1422655369843098,386,386,32.05897472798824,517.0418701171875,3.377227544784546,
multi_join_sift_wiki_1,join,B6,0.1,0.3,438962,80155,92182.9706876608,1.15005889448769,385,385,30.852542258799076,616.8162841796875,2.7042746543884277,
multi_join_sift_wiki_1,join,B6,0.1,0.3,33248,78896,84756.39186394298,1.0742799617717371,385,385,33.57446752488613,541.4222412109375,2.451692581176758,
multi_join_sift_wiki_1,join,B6,0.1,0.3,779894,79971,57960.854473432904,1.3797415639663444,385,385,28.389384038746357,607.8519287109375,2.650587320327759,
multi_join_sift_wiki_1,join,B6,0.1,0.3,304120,79627,71715.24526761763,1.1103217970301615,385,385,29.32776976376772,550.8772583007812,2.839334011077881,
multi_join_sift_wiki_1,join,B6,0.1,0.3,73745,78915,68534.91373643055,1.1514569100282064,385,385,29.509655199944973,524.522705078125,2.7303755283355713,
multi_join_sift_wiki_1,join,B6,0.1,0.3,516733,80610,88527.69905569521,1.0982222932104604,385,385,36.4120714366436,569.8922119140625,3.0889196395874023,
multi_join_sift_wiki_1,join,B6,0.1,0.3,181346,80299,79143.34504169485,1.0146020484438245,385,385,29.716351069509983,574.7592163085938,3.357656955718994,
multi_join_sift_wiki_1,join,B6,0.1,0.3,620747,80051,95437.38318582614,1.1922072576960456,385,385,30.649833381175995,555.2855834960938,3.118633985519409,
multi_join_sift_wiki_1,join,B6,0.1,0.3,738510,79635,87507.09789963387,1.0988522370770875,385,385,28.334039263427258,538.9380493164062,2.7311203479766846,
multi_join_sift_wiki_1,join,B6,0.1,0.3,111011,79529,88567.64886652905,1.1136522383851055,385,385,28.25563307851553,654.78564453125,2.941718101501465,
multi_join_sift_wiki_1,join,B6,0.1,0.3,426052,81197,80091.29887431566,1.0138055087284759,385,385,29.980972409248352,555.730712890625,2.933866500854492,
multi_join_sift_wiki_1,join,B6,0.1,0.3,724169,79673,85289.83009689233,1.0704985389892727,385,385,25.154082104563713,544.3208618164062,2.892995834350586,
multi_join_sift_wiki_1,join,B6,0.1,0.3,588630,81292,70679.00457457564,1.1501576810441105,385,385,24.347824975848198,550.8358764648438,3.023313045501709,
multi_join_sift_wiki_1,join,B6,0.1,0.3,790256,80069,72746.67886745422,1.1006550573379053,385,385,23.205185309052467,556.342529296875,2.7825469970703125,
multi_join_sift_wiki_1,join,B6,0.1,0.3,201003,81482,73891.94680206523,1.1027182734576786,385,385,27.244425378739834,605.5140380859375,2.9440114498138428,
multi_join_sift_wiki_1,join,B6,0.1,0.3,6443,78054,73744.52850280158,1.0584378473181872,385,385,37.224204279482365,560.7430419921875,2.884660482406616,
multi_join_sift_wiki_1,join,B6,0.1,0.3,642763,80471,69049.56722105993,1.1654091870319003,385,385,29.036976397037506,581.2515258789062,2.840625047683716,
multi_join_sift_wiki_1,join,B6,0.1,0.3,193392,79805,66335.2090320549,1.2030564335967666,385,385,29.669401235878468,612.6585083007812,3.056194543838501,
multi_join_sift_wiki_1,join,B6,0.1,0.3,203755,78573,60765.873933266645,1.2930448443198435,385,385,35.241602919995785,517.2750854492188,3.056774854660034,
multi_join_sift_wiki_1,join,B6,0.1,0.3,94462,79447,84865.77448929996,1.06820615617078,385,385,29.745371080935,536.2696533203125,3.031524658203125,
multi_join_sift_wiki_1,join,B6,0.1,0.3,590890,80822,83310.92090983491,1.0307950918046436,385,385,27.829352766275406,638.423583984375,3.05781626701355,
multi_join_sift_wiki_1,join,B6,0.1,0.3,783383,80488,96605.06290448859,1.200241811257437,385,385,35.27332562953234,564.63818359375,3.0183515548706055,
multi_join_sift_wiki_1,join,B6,0.1,0.3,737605,78691,69833.67519569091,1.1268345791552388,385,385,36.76047641783953,507.7093811035156,3.0597891807556152,
multi_join_sift_wiki_1,join,B6,0.1,0.3,516560,80195,84561.39771698751,1.0544472562751732,385,385,35.705771297216415,614.4151611328125,3.2459254264831543,
multi_join_sift_wiki_1,join,B6,0.1,0.3,137642,81038,84990.7606229137,1.0487766309992066,385,385,37.424078211188316,626.5502319335938,2.9834916591644287,
multi_join_sift_wiki_1,join,B6,0.1,0.3,37803,79722,49682.442761006554,1.6046312453575673,385,385,35.937072709202766,611.3698120117188,3.024467945098877,
multi_join_sift_wiki_1,join,B6,0.1,0.3,254800,80010,84167.44612933071,1.0519615814189565,385,385,34.62056536227465,630.36376953125,2.9951040744781494,
multi_join_sift_wiki_1,join,B6,0.1,0.3,605930,80343,65673.36620803497,1.2233726492029615,385,385,36.096394062042236,607.1295166015625,2.853085517883301,
multi_join_sift_wiki_1,join,B6,0.1,0.3,209329,79564,67641.07628775144,1.1762675044011326,385,385,47.81131632626057,555.4125366210938,2.887873649597168,
multi_join_sift_wiki_1,join,B6,0.1,0.3,766585,80706,89771.77335257335,1.1123308471807964,385,385,23.911594413220882,629.5858154296875,3.1483452320098877,
multi_join_sift_wiki_1,join,B6,0.1,0.3,488782,80007,89606.83961986682,1.1199874963424052,387,387,22.798029705882072,516.85302734375,3.20609712600708,
multi_join_sift_wiki_1,join,B6,0.1,0.3,374559,80469,73783.50389160831,1.0906096316354537,385,385,34.014057368040085,543.7352905273438,3.171335220336914,
multi_join_sift_wiki_1,join,B6,0.1,0.3,111780,79284,100441.81214162182,1.2668610582415345,385,385,28.52009516209364,550.9946899414062,3.261101484298706,
multi_join_sift_wiki_1,join,B6,0.1,0.3,178188,80108,78382.81682054861,1.0220097114320483,385,385,29.490863904356956,647.1275634765625,3.1019976139068604,
multi_join_sift_wiki_1,join,B6,0.1,0.3,539857,80395,87911.99535097799,1.0935007817772,385,385,30.58260679244995,592.7664184570312,2.945296287536621,
multi_join_sift_wiki_1,join,B6,0.1,0.3,781264,79178,83284.29864628124,1.0518616111329062,385,385,28.60220428556204,595.5299072265625,2.770949125289917,
multi_join_sift_wiki_1,join,B6,0.1,0.3,771184,80530,73131.46785067824,1.1011675598311288,385,385,22.491399198770523,624.166015625,2.9144299030303955,
multi_join_sift_wiki_1,join,B6,0.1,0.3,140785,78729,73394.90232197162,1.0726766779336874,385,385,22.95210212469101,561.651123046875,2.912421226501465,
multi_join_sift_wiki_1,join,B6,0.1,0.3,2505,78204,74656.01435786436,1.0475244449178378,385,385,25.826921686530113,534.3326416015625,2.8755288124084473,
multi_join_sift_wiki_1,join,B6,0.1,0.3,526089,81044,71627.64315423077,1.1314626090026954,385,385,23.44422973692417,621.566650390625,2.8621973991394043,
multi_join_sift_wiki_1,join,B6,0.1,0.3,608072,80085,84107.56888556847,1.0502287430301365,385,385,22.368243895471096,635.7791137695312,3.1877126693725586,
multi_join_sift_wiki_1,join,B6,0.1,0.3,224837,79393,83722.79710054235,1.054536257611406,385,385,23.113440722227097,528.8726196289062,3.304277181625366,
multi_join_sift_wiki_1,join,B6,0.1,0.3,386133,80616,99437.30472480088,1.2334686008335924,385,385,25.321940891444683,607.3278198242188,3.026334762573242,
multi_join_sift_wiki_1,join,B6,0.1,0.3,487850,80903,79793.10313321148,1.0139096842108721,385,385,25.05739964544773,617.8816528320312,2.6472816467285156,
multi_join_sift_wiki_1,join,B6,0.1,0.3,340195,79138,79444.32314129488,1.003870746560374,385,385,23.418521508574486,543.041748046875,3.089376926422119,
multi_join_sift_wiki_1,join,B6,0.1,0.3,122774,78858,85766.58804184111,1.087607954067325,385,385,22.566254250705242,537.18994140625,2.6376986503601074,
multi_join_sift_wiki_1,join,B6,0.1,0.3,690833,81470,92207.2516286207,1.1317939318598342,385,385,19.192108884453773,586.6276245117188,3.261147975921631,
multi_join_sift_wiki_1,join,B6,0.1,0.3,686759,79565,90135.64593518405,1.1328554758396787,385,385,17.328510992228985,524.928955078125,3.326615810394287,
multi_join_sift_wiki_1,join,B6,0.1,0.3,154430,80169,83005.72447921698,1.0353843066424302,385,385,17.359625548124313,541.2323608398438,2.7680890560150146,
multi_join_sift_wiki_1,join,B6,0.1,0.3,630926,79254,68151.05102879005,1.162916768026359,385,385,17.743872478604317,549.67041015625,3.259998083114624,
multi_join_sift_wiki_1,join,B6,0.1,0.3,255248,81139,81534.28249620748,1.0048716707897247,385,385,17.329511232674122,615.7006225585938,2.897630214691162,
multi_join_sift_wiki_1,join,B6,0.1,0.3,48107,80693,76086.68043079617,1.0605404197308024,385,385,18.0363729596138,554.4667358398438,3.1095659732818604,
multi_join_sift_wiki_1,join,B6,0.1,0.3,717611,80499,70392.73637756666,1.14356969401255,385,385,17.678212374448776,567.838134765625,2.5639750957489014,
multi_join_sift_wiki_1,join,B6,0.1,0.3,559097,80815,64959.084978801686,1.244090800022393,385,385,18.005680292844772,602.9588623046875,3.201744794845581,
multi_join_sift_wiki_1,join,B6,0.1,0.3,527854,79727,93326.8518943631,1.1705802537956165,385,385,17.124585807323456,647.0442504882812,2.9701809883117676,
multi_join_sift_wiki_1,join,B6,0.1,0.3,692258,81254,71244.04192062191,1.1405023888247512,385,385,17.108002677559853,603.633056640625,3.59883189201355,
multi_join_sift_wiki_1,join,B6,0.1,0.3,344709,79123,86339.87158557627,1.0912107931394952,385,385,17.583176493644714,553.003173828125,2.836334466934204,
multi_join_sift_wiki_1,join,B6,0.1,0.3,414737,80944,73549.10031743013,1.1005437136641274,385,385,17.55118928849697,613.3159790039062,3.186657428741455,
multi_join_sift_wiki_1,join,B6,0.1,0.3,362610,80891,84384.67052548761,1.0431898545633953,385,385,17.62951724231243,607.2364501953125,3.099379777908325,
multi_join_sift_wiki_1,join,B6,0.1,0.3,129857,80160,73472.62382783883,1.0910186110656812,385,385,18.35316512733698,550.3565063476562,2.9371519088745117,
multi_join_sift_wiki_1,join,B6,0.1,0.3,210898,79490,79069.57825581083,1.005317111251422,385,385,39.20234553515911,553.6181640625,2.6989400386810303,
multi_join_sift_wiki_1,join,B6,0.1,0.3,793779,79125,98430.88313966319,1.243992203976786,385,385,30.560915358364582,604.8754272460938,2.8342809677124023,
multi_join_sift_wiki_1,join,B6,0.1,0.3,634727,79618,82804.7920300513,1.040026024643313,385,385,29.736471362411976,601.57470703125,2.6199212074279785,
multi_join_sift_wiki_1,join,B6,0.1,0.3,351141,80632,87521.51627173276,1.0854439462215095,385,385,29.247828759253025,618.2330322265625,2.959737777709961,
multi_join_sift_wiki_1,join,B6,0.1,0.3,611020,79657,73993.21137600495,1.0765447061787041,385,385,32.894269563257694,632.7335205078125,2.7526907920837402,
multi_join_sift_wiki_1,join,B6,0.1,0.4,145860,79324,88613.05244606607,1.117102673164062,385,385,36.166101694107056,552.0101318359375,2.9678664207458496,
multi_join_sift_wiki_1,join,B6,0.1,0.4,359095,79556,81032.97552343915,1.018565231075458,385,385,33.347541466355324,660.6602783203125,2.6484692096710205,
multi_join_sift_wiki_1,join,B6,0.1,0.4,286093,79914,79647.85424093502,1.0033415308121156,385,385,34.894149750471115,634.92919921875,2.591614246368408,
multi_join_sift_wiki_1,join,B6,0.1,0.4,781121,79928,71997.21222501488,1.1101540952752282,385,385,22.023306228220463,569.3426513671875,2.7154462337493896,
multi_join_sift_wiki_1,join,B6,0.1,0.4,142780,80177,71289.44136166116,1.124668653149504,385,385,26.145177893340588,531.766357421875,2.9726316928863525,
multi_join_sift_wiki_1,join,B6,0.1,0.4,428790,79677,74346.1414204796,1.0717032313670545,385,385,21.707937121391296,570.5357666015625,2.586446523666382,
multi_join_sift_wiki_1,join,B6,0.1,0.4,322723,78720,81471.41075225588,1.0349518642308928,385,385,23.085693828761578,524.8790283203125,3.0675809383392334,
multi_join_sift_wiki_1,join,B6,0.1,0.4,588557,79451,90787.86957111236,1.1426900803150666,385,385,21.881461143493652,648.4259643554688,3.088820695877075,
multi_join_sift_wiki_1,join,B6,0.1,0.4,263638,80173,66577.94606598174,1.2041975569589507,385,385,22.22360670566559,553.78515625,3.3490371704101562,
multi_join_sift_wiki_1,join,B6,0.1,0.4,693614,80572,78136.15958848275,1.0311743042446162,385,385,22.252130322158337,630.0000610351562,2.6586174964904785,
multi_join_sift_wiki_1,join,B6,0.1,0.4,546912,80745,90437.65524354264,1.1200403151098228,385,385,22.86786399781704,636.325439453125,3.273282766342163,
multi_join_sift_wiki_1,join,B6,0.1,0.4,444449,80781,85693.81963085443,1.0608165240694523,385,385,22.063398733735085,582.3935546875,2.858152389526367,
multi_join_sift_wiki_1,join,B6,0.1,0.4,663176,79657,81740.24216147841,1.026152656533367,385,385,27.7198888361454,517.5375366210938,2.5874252319335938,
multi_join_sift_wiki_1,join,B6,0.1,0.4,763999,79454,85493.13401997912,1.0760079293676734,385,385,28.892621397972107,563.1394653320312,2.991096258163452,
multi_join_sift_wiki_1,join,B6,0.1,0.4,782168,78639,81853.37683860633,1.040875098088815,385,385,35.37289798259735,530.544189453125,2.6463067531585693,
multi_join_sift_wiki_1,join,B6,0.1,0.4,673362,79433,77508.00219467188,1.0248361169275557,385,385,22.79411442577839,585.9685668945312,2.910238742828369,
multi_join_sift_wiki_1,join,B6,0.1,0.4,83904,78719,80921.89233645103,1.0279842520414515,385,385,30.022090300917625,524.25146484375,3.108832836151123,
multi_join_sift_wiki_1,join,B6,0.1,0.4,695261,79809,74552.00917733561,1.0705144084066154,385,385,29.937254264950752,569.812255859375,2.7686617374420166,
multi_join_sift_wiki_1,join,B6,0.1,0.4,386245,81061,76272.24726541311,1.0627849959359783,385,385,29.45866622030735,619.9218139648438,3.005084276199341,
multi_join_sift_wiki_1,join,B6,0.1,0.4,69504,82061,77713.74510521829,1.0559393307952907,385,385,29.48562428355217,570.908447265625,3.3213181495666504,
multi_join_sift_wiki_1,join,B6,0.1,0.4,681535,79488,79726.70440470277,1.003003024415041,385,385,24.625573307275772,527.840087890625,3.38594388961792,
multi_join_sift_wiki_1,join,B6,0.1,0.4,696279,79488,76942.3860619952,1.033084676318118,385,385,31.55825473368168,546.6929321289062,2.9636666774749756,
multi_join_sift_wiki_1,join,B6,0.1,0.4,340223,79541,72717.43351301219,1.0938367342924278,385,385,26.039022020995617,613.5543823242188,3.0076568126678467,
multi_join_sift_wiki_1,join,B6,0.1,0.4,690943,80331,86749.70763386672,1.079903245744068,385,385,36.17186564952135,606.3675537109375,3.272429943084717,
multi_join_sift_wiki_1,join,B6,0.1,0.4,636616,80080,81127.53951626575,1.0130811627905314,385,385,30.239527113735676,531.0659790039062,2.9986581802368164,
multi_join_sift_wiki_1,join,B6,0.1,0.4,48106,80407,59914.26800651647,1.342034254532738,385,385,29.50449474155903,554.5239868164062,3.1095659732818604,
multi_join_sift_wiki_1,join,B6,0.1,0.4,352770,80822,77956.73906992619,1.0367544995372846,385,385,29.418684542179108,521.0213012695312,3.1966798305511475,
multi_join_sift_wiki_1,join,B6,0.1,0.4,536954,80588,79796.02486131345,1.0099249948861866,385,385,24.796162731945515,633.7864990234375,3.1714894771575928,
multi_join_sift_wiki_1,join,B6,0.1,0.4,752067,79197,72486.28126910552,1.09257915585407,385,385,17.529990524053574,549.3387451171875,2.8197593688964844,
multi_join_sift_wiki_1,join,B6,0.1,0.4,602570,80307,68940.42930756844,1.1648752525418886,385,385,29.945610091090202,551.4482421875,2.864469289779663,
multi_join_sift_wiki_1,join,B6,0.1,0.4,345404,79576,75987.98514400322,1.0472181865224772,385,385,23.742564022541046,593.5587768554688,2.9514834880828857,
multi_join_sift_wiki_1,join,B6,0.1,0.4,628777,79933,76743.24072898254,1.0415640418715446,385,385,17.351975664496422,557.8935546875,2.9850518703460693,
multi_join_sift_wiki_1,join,B6,0.1,0.4,137071,80678,85587.83501493634,1.0608571731443062,385,385,19.154133275151253,581.9375,2.7972004413604736,
multi_join_sift_wiki_1,join,B6,0.1,0.4,296404,79403,91521.71114738211,1.1526228372653693,385,385,24.632003158330917,551.078369140625,3.3583366870880127,
multi_join_sift_wiki_1,join,B6,0.1,0.4,703153,80313,93606.17034813885,1.1655170439174087,386,386,31.098010018467903,517.0418701171875,3.377227544784546,
multi_join_sift_wiki_1,join,B6,0.1,0.4,438962,80155,71579.27196805009,1.119807421843823,385,385,30.262412503361702,616.8162841796875,2.7042746543884277,
multi_join_sift_wiki_1,join,B6,0.1,0.4,33248,78896,81382.61600157924,1.031517643500041,385,385,38.18332776427269,541.4222412109375,2.451692581176758,
multi_join_sift_wiki_1,join,B6,0.1,0.4,779894,79971,54902.613563512896,1.4565973240506536,385,385,25.0715222209692,607.8519287109375,2.650587320327759,
multi_join_sift_wiki_1,join,B6,0.1,0.4,304120,79627,81160.99058613514,1.0192647040091318,385,385,23.23272917419672,550.8772583007812,2.839334011077881,
multi_join_sift_wiki_1,join,B6,0.1,0.4,73745,78915,67643.03881819345,1.1666388940937824,385,385,23.561352863907814,524.522705078125,2.7303755283355713,
multi_join_sift_wiki_1,join,B6,0.1,0.4,516733,80610,84592.20989551758,1.0494009415149184,385,385,26.78055502474308,569.8922119140625,3.0889196395874023,
multi_join_sift_wiki_1,join,B6,0.1,0.4,181346,80299,68797.46929058096,1.1671795609347175,385,385,32.64869004487991,574.7592163085938,3.357656955718994,
multi_join_sift_wiki_1,join,B6,0.1,0.4,620747,80051,93687.8969634086,1.1703526122522967,385,385,23.984656669199467,555.2855834960938,3.118633985519409,
multi_join_sift_wiki_1,join,B6,0.1,0.4,738510,79635,71294.78625837657,1.1169820989630013,385,385,22.31663465499878,538.9380493164062,2.7311203479766846,
multi_join_sift_wiki_1,join,B6,0.1,0.4,111011,79529,76828.98670907777,1.0351431589374744,385,385,20.700249820947647,654.78564453125,2.941718101501465,
multi_join_sift_wiki_1,join,B6,0.1,0.4,426052,81197,76207.63181364632,1.0654707155650025,385,385,21.062621846795082,555.730712890625,2.933866500854492,
multi_join_sift_wiki_1,join,B6,0.1,0.4,724169,79673,74252.26319199476,1.0730043311136361,385,385,20.108147524297237,544.3208618164062,2.892995834350586,
multi_join_sift_wiki_1,join,B6,0.1,0.4,588630,81292,70852.45944469185,1.147341964373973,385,385,57.2847630828619,550.8358764648438,3.023313045501709,
multi_join_sift_wiki_1,join,B6,0.1,0.4,790256,80069,75736.03853528464,1.0572113560269816,385,385,25.315644219517708,556.342529296875,2.7825469970703125,
multi_join_sift_wiki_1,join,B6,0.1,0.4,201003,81482,79710.92541677014,1.0222187181238929,385,385,67.36338045448065,605.5140380859375,2.9440114498138428,
multi_join_sift_wiki_1,join,B6,0.1,0.4,6443,78054,76682.23757261784,1.0178889201828925,385,385,82.75512885302305,560.7430419921875,2.884660482406616,
multi_join_sift_wiki_1,join,B6,0.1,0.4,642763,80471,92649.02716669517,1.1513343585477398,385,385,78.77629809081554,581.2515258789062,2.840625047683716,
multi_join_sift_wiki_1,join,B6,0.1,0.4,193392,79805,77108.6592621147,1.0349680666696546,385,385,52.192614413797855,612.6585083007812,3.056194543838501,
multi_join_sift_wiki_1,join,B6,0.1,0.4,203755,78573,78852.90477324539,1.0035623531396967,385,385,15.40479063987732,517.2750854492188,3.056774854660034,
multi_join_sift_wiki_1,join,B6,0.1,0.4,94462,79447,90293.68618353386,1.1365273224103347,385,385,14.317703433334827,536.2696533203125,3.031524658203125,
multi_join_sift_wiki_1,join,B6,0.1,0.4,590890,80822,82429.71960951001,1.019892103752815,385,385,50.71024224162102,638.423583984375,3.05781626701355,
multi_join_sift_wiki_1,join,B6,0.1,0.4,783383,80488,78923.5565934252,1.0198222618708637,385,385,37.8961144015193,564.63818359375,3.0183515548706055,
multi_join_sift_wiki_1,join,B6,0.1,0.4,737605,78691,75249.43525355861,1.0457354229283553,385,385,30.442457646131516,507.7093811035156,3.0597891807556152,
multi_join_sift_wiki_1,join,B6,0.1,0.4,516560,80195,87010.66499408984,1.084988652585446,385,385,37.63276245445013,614.4151611328125,3.2459254264831543,
multi_join_sift_wiki_1,join,B6,0.1,0.4,137642,81038,81653.73754765703,1.0075981335627364,385,385,19.227600656449795,626.5502319335938,2.9834916591644287,
multi_join_sift_wiki_1,join,B6,0.1,0.4,37803,79722,97451.37660691798,1.222390012881237,385,385,47.511834651231766,611.3698120117188,3.024467945098877,
multi_join_sift_wiki_1,join,B6,0.1,0.4,254800,80010,91627.68575988627,1.1452029216333741,385,385,22.961811162531376,630.36376953125,2.9951040744781494,
multi_join_sift_wiki_1,join,B6,0.1,0.4,605930,80343,95731.16895452296,1.1915309230987512,385,385,14.966226182878017,607.1295166015625,2.853085517883301,
multi_join_sift_wiki_1,join,B6,0.1,0.4,209329,79564,77180.72373760617,1.0308791644724185,385,385,73.89370538294315,555.4125366210938,2.887873649597168,
multi_join_sift_wiki_1,join,B6,0.1,0.4,766585,80706,88946.93021793022,1.102110502539219,385,385,38.12180459499359,629.5858154296875,3.1483452320098877,
multi_join_sift_wiki_1,join,B6,0.1,0.4,488782,80007,69790.99408626098,1.1463800028569895,387,387,46.60653788596392,516.85302734375,3.20609712600708,
multi_join_sift_wiki_1,join,B6,0.1,0.4,374559,80469,92924.53096094105,1.154786699983112,385,385,37.68720477819443,543.7352905273438,3.171335220336914,
multi_join_sift_wiki_1,join,B6,0.1,0.4,111780,79284,74467.87656053624,1.0646738387329824,385,385,62.41454277187586,550.9946899414062,3.261101484298706,
multi_join_sift_wiki_1,join,B6,0.1,0.4,178188,80108,82209.69231192787,1.0262357356559628,385,385,21.611062809824944,647.1275634765625,3.1019976139068604,
multi_join_sift_wiki_1,join,B6,0.1,0.4,539857,80395,72529.07805872775,1.1084519774938144,385,385,89.46177083998919,592.7664184570312,2.945296287536621,
multi_join_sift_wiki_1,join,B6,0.1,0.4,781264,79178,78787.16689301038,1.0049606188723648,385,385,41.59493651241064,595.5299072265625,2.770949125289917,
multi_join_sift_wiki_1,join,B6,0.1,0.4,771184,80530,86558.16534554557,1.0748561448596246,385,385,43.085647746920586,624.166015625,2.9144299030303955,
multi_join_sift_wiki_1,join,B6,0.1,0.4,140785,78729,77982.53062484485,1.0095722640593217,385,385,44.14867330342531,561.651123046875,2.912421226501465,
multi_join_sift_wiki_1,join,B6,0.1,0.4,2505,78204,82141.47590187589,1.0503487788588293,385,385,62.992519699037075,534.3326416015625,2.8755288124084473,
multi_join_sift_wiki_1,join,B6,0.1,0.4,526089,81044,77698.52384250151,1.0430571392100052,385,385,47.430788166821,621.566650390625,2.8621973991394043,
multi_join_sift_wiki_1,join,B6,0.1,0.4,608072,80085,88663.83653495237,1.1071216399444637,385,385,30.267375521361828,635.7791137695312,3.1877126693725586,
multi_join_sift_wiki_1,join,B6,0.1,0.4,224837,79393,71600.49297037964,1.1088331477388575,385,385,30.99311050027609,528.8726196289062,3.304277181625366,
multi_join_sift_wiki_1,join,B6,0.1,0.4,386133,80616,87042.06209947757,1.0797119938905126,385,385,34.797970205545425,607.3278198242188,3.026334762573242,
multi_join_sift_wiki_1,join,B6,0.1,0.4,487850,80903,61147.697732763976,1.3230751606311222,385,385,31.916024163365364,617.8816528320312,2.6472816467285156,
multi_join_sift_wiki_1,join,B6,0.1,0.4,340195,79138,91962.31017778911,1.1620499656017225,385,385,32.10726007819176,543.041748046875,3.089376926422119,
multi_join_sift_wiki_1,join,B6,0.1,0.4,122774,78858,78682.20979286711,1.0022341798431393,385,385,39.5794901996851,537.18994140625,2.6376986503601074,
multi_join_sift_wiki_1,join,B6,0.1,0.4,690833,81470,88138.81807606922,1.0818561197504508,385,385,33.42821262776852,586.6276245117188,3.261147975921631,
multi_join_sift_wiki_1,join,B6,0.1,0.4,686759,79565,90229.38705513853,1.1340336461401186,385,385,66.49627443403006,524.928955078125,3.326615810394287,
multi_join_sift_wiki_1,join,B6,0.1,0.4,154430,80169,76888.87317471049,1.0426606177182003,385,385,39.47733249515295,541.2323608398438,2.7680890560150146,
multi_join_sift_wiki_1,join,B6,0.1,0.4,630926,79254,113672.27298387601,1.4342780551628438,385,385,60.9226506203413,549.67041015625,3.259998083114624,
multi_join_sift_wiki_1,join,B6,0.1,0.4,255248,81139,67751.91693537944,1.1975897313339328,385,385,94.60444282740355,615.7006225585938,2.897630214691162,
multi_join_sift_wiki_1,join,B6,0.1,0.4,48107,80693,77789.5448827343,1.0373244903494754,385,385,33.373638056218624,554.4667358398438,3.1095659732818604,
multi_join_sift_wiki_1,join,B6,0.1,0.4,717611,80499,84232.71855058297,1.046382173077715,385,385,28.997604735195637,567.838134765625,2.5639750957489014,
multi_join_sift_wiki_1,join,B6,0.1,0.4,559097,80815,67217.60980160083,1.202289106062134,385,385,14.07514326274395,602.9588623046875,3.201744794845581,
multi_join_sift_wiki_1,join,B6,0.1,0.4,527854,79727,91871.84794693795,1.1523304269185841,385,385,26.525333523750305,647.0442504882812,2.9701809883117676,
multi_join_sift_wiki_1,join,B6,0.1,0.4,692258,81254,79016.82279151573,1.0283126697511873,385,385,26.368974708020687,603.633056640625,3.59883189201355,
multi_join_sift_wiki_1,join,B6,0.1,0.4,344709,79123,77546.8983031401,1.020324496934729,385,385,51.20603647083044,553.003173828125,2.836334466934204,
multi_join_sift_wiki_1,join,B6,0.1,0.4,414737,80944,96301.05922944614,1.1897244913699119,385,385,28.32293976098299,613.3159790039062,3.186657428741455,
multi_join_sift_wiki_1,join,B6,0.1,0.4,362610,80891,89573.2629454753,1.107332867012094,385,385,42.24641993641853,607.2364501953125,3.099379777908325,
multi_join_sift_wiki_1,join,B6,0.1,0.4,129857,80160,85631.86223443224,1.0682617544215598,385,385,66.15329720079899,550.3565063476562,2.9371519088745117,
multi_join_sift_wiki_1,join,B6,0.1,0.4,210898,79490,61054.322562304056,1.3019553188700588,385,385,51.67503096163273,553.6181640625,2.6989400386810303,
multi_join_sift_wiki_1,join,B6,0.1,0.4,793779,79125,76861.33957515353,1.0294512226479362,385,385,30.486835166811943,604.8754272460938,2.8342809677124023,
multi_join_sift_wiki_1,join,B6,0.1,0.4,634727,79618,76408.96390535316,1.0419981626582693,385,385,36.001333966851234,601.57470703125,2.6199212074279785,
multi_join_sift_wiki_1,join,B6,0.1,0.4,351141,80632,78329.16541477319,1.0293994525925652,385,385,51.96530371904373,618.2330322265625,2.959737777709961,
multi_join_sift_wiki_1,join,B6,0.1,0.4,611020,79657,81689.43587212914,1.0255148432922296,385,385,46.01002298295498,632.7335205078125,2.7526907920837402,
multi_join_sift_wiki_1,join,B6,0.1,0.5,145860,79324,78476.52390857456,1.010799103339653,385,385,56.947859935462475,552.0101318359375,2.9678664207458496,
multi_join_sift_wiki_1,join,B6,0.1,0.5,359095,79556,92034.21836982745,1.1568482373400806,385,385,26.580830104649067,660.6602783203125,2.6484692096710205,
multi_join_sift_wiki_1,join,B6,0.1,0.5,286093,79914,80831.54528223042,1.0114816588111022,385,385,33.1311235204339,634.92919921875,2.591614246368408,
multi_join_sift_wiki_1,join,B6,0.1,0.5,781121,79928,84888.23226988764,1.0620587562542243,385,385,14.11710400134325,569.3426513671875,2.7154462337493896,
multi_join_sift_wiki_1,join,B6,0.1,0.5,142780,80177,79491.43306315888,1.008624412850834,385,385,15.054087154567242,531.766357421875,2.9726316928863525,
multi_join_sift_wiki_1,join,B6,0.1,0.5,428790,79677,58861.09721667658,1.3536444913131154,385,385,42.72354766726494,570.5357666015625,2.586446523666382,
multi_join_sift_wiki_1,join,B6,0.1,0.5,322723,78720,75775.41292389376,1.0388593999357507,385,385,66.50618463754654,524.8790283203125,3.0675809383392334,
multi_join_sift_wiki_1,join,B6,0.1,0.5,588557,79451,94100.62643211949,1.1843856771106656,385,385,80.15870675444603,648.4259643554688,3.088820695877075,
multi_join_sift_wiki_1,join,B6,0.1,0.5,263638,80173,84206.46939553627,1.0503095729926069,385,385,64.04202803969383,553.78515625,3.3490371704101562,
multi_join_sift_wiki_1,join,B6,0.1,0.5,693614,80572,71149.06837886205,1.1324392832659695,385,385,55.595762096345425,630.0000610351562,2.6586174964904785,
multi_join_sift_wiki_1,join,B6,0.1,0.5,546912,80745,83737.44150601965,1.0370603939069867,385,385,26.424591429531574,636.325439453125,3.273282766342163,
multi_join_sift_wiki_1,join,B6,0.1,0.5,444449,80781,74300.53196090204,1.0872196721620793,385,385,29.793943278491497,582.3935546875,2.858152389526367,
multi_join_sift_wiki_1,join,B6,0.1,0.5,663176,79657,67529.43072532666,1.1795893900542678,385,385,44.34565827250481,517.5375366210938,2.5874252319335938,
multi_join_sift_wiki_1,join,B6,0.1,0.5,763999,79454,80831.33262227543,1.0173349689414684,385,385,40.6589163467288,563.1394653320312,2.991096258163452,
multi_join_sift_wiki_1,join,B6,0.1,0.5,782168,78639,70960.49201828579,1.1082082122504948,385,385,61.95458583533764,530.544189453125,2.6463067531585693,
multi_join_sift_wiki_1,join,B6,0.1,0.5,673362,79433,79139.46666928049,1.00370906379678,385,385,84.78889241814613,585.9685668945312,2.910238742828369,
multi_join_sift_wiki_1,join,B6,0.1,0.5,83904,78719,69292.00639492519,1.1360473465199763,385,385,38.41190505772829,524.25146484375,3.108832836151123,
multi_join_sift_wiki_1,join,B6,0.1,0.5,695261,79809,72662.02473485391,1.0983591537839144,385,385,17.889187671244144,569.812255859375,2.7686617374420166,
multi_join_sift_wiki_1,join,B6,0.1,0.5,386245,81061,71435.55488131178,1.1347430580567426,385,385,13.85519839823246,619.9218139648438,3.005084276199341,
multi_join_sift_wiki_1,join,B6,0.1,0.5,69504,82061,84404.0542908422,1.0285525924719685,385,385,13.729561120271683,570.908447265625,3.3213181495666504,
multi_join_sift_wiki_1,join,B6,0.1,0.5,681535,79488,81329.4833954297,1.0231668100270443,385,385,13.76443263143301,527.840087890625,3.38594388961792,
multi_join_sift_wiki_1,join,B6,0.1,0.5,696279,79488,76867.49698246863,1.0340911714365961,385,385,13.987935148179531,546.6929321289062,2.9636666774749756,
multi_join_sift_wiki_1,join,B6,0.1,0.5,340223,79541,88391.32711078698,1.1112674860862573,385,385,13.678624294698238,613.5543823242188,3.0076568126678467,
multi_join_sift_wiki_1,join,B6,0.1,0.5,690943,80331,84026.4667840686,1.0460029973991187,385,385,13.63149844110012,606.3675537109375,3.272429943084717,
multi_join_sift_wiki_1,join,B6,0.1,0.5,636616,80080,78744.87004269227,1.0169551357006987,385,385,28.86722981929779,531.0659790039062,2.9986581802368164,
multi_join_sift_wiki_1,join,B6,0.1,0.5,48106,80407,76263.99587158355,1.054324508977901,385,385,14.743158593773842,554.5239868164062,3.1095659732818604,
multi_join_sift_wiki_1,join,B6,0.1,0.5,352770,80822,92080.66310361822,1.1393019611444684,385,385,14.876125380396843,521.0213012695312,3.1966798305511475,
multi_join_sift_wiki_1,join,B6,0.1,0.5,536954,80588,72936.59412538272,1.1049048967307689,385,385,15.159409493207932,633.7864990234375,3.1714894771575928,
multi_join_sift_wiki_1,join,B6,0.1,0.5,752067,79197,71471.81129977945,1.1080872103243364,385,385,14.783929102122784,549.3387451171875,2.8197593688964844,
multi_join_sift_wiki_1,join,B6,0.1,0.5,602570,80307,66746.70476898304,1.2031605197282846,385,385,14.609812758862972,551.4482421875,2.864469289779663,
multi_join_sift_wiki_1,join,B6,0.1,0.5,345404,79576,76610.27874983686,1.0387117929677219,385,385,14.746516942977905,593.5587768554688,2.9514834880828857,
multi_join_sift_wiki_1,join,B6,0.1,0.5,628777,79933,76690.96622729284,1.0422739982581335,385,385,14.987948350608349,557.8935546875,2.9850518703460693,
multi_join_sift_wiki_1,join,B6,0.1,0.5,137071,80678,69120.52531075163,1.1672075644287763,385,385,14.572490006685257,581.9375,2.7972004413604736,
multi_join_sift_wiki_1,join,B6,0.1,0.5,296404,79403,72491.38248258572,1.0953439882192153,385,385,14.289981685578823,551.078369140625,3.3583366870880127,
multi_join_sift_wiki_1,join,B6,0.1,0.5,703153,80313,77709.19176672027,1.0335070816473841,386,386,14.573180116713047,517.0418701171875,3.377227544784546,
multi_join_sift_wiki_1,join,B6,0.1,0.5,438962,80155,91049.34025414997,1.1359159160894512,385,385,14.593875035643578,616.8162841796875,2.7042746543884277,
multi_join_sift_wiki_1,join,B6,0.1,0.5,33248,78896,77798.2015399873,1.0141108462442854,385,385,23.93885049968958,541.4222412109375,2.451692581176758,
multi_join_sift_wiki_1,join,B6,0.1,0.5,779894,79971,76222.41325063242,1.04917958628575,385,385,20.254511386156082,607.8519287109375,2.650587320327759,
multi_join_sift_wiki_1,join,B6,0.1,0.5,304120,79627,73819.63929935977,1.0786695892280065,385,385,22.781364619731903,550.8772583007812,2.839334011077881,
multi_join_sift_wiki_1,join,B6,0.1,0.5,73745,78915,73648.55776135778,1.0715077443295902,385,385,73.7363351508975,524.522705078125,2.7303755283355713,
multi_join_sift_wiki_1,join,B6,0.1,0.5,516733,80610,67139.1278581157,1.2006411547429114,385,385,63.748097978532314,569.8922119140625,3.0889196395874023,
multi_join_sift_wiki_1,join,B6,0.1,0.5,181346,80299,65292.10809018568,1.2298423553591782,385,385,71.38465531170368,574.7592163085938,3.357656955718994,
multi_join_sift_wiki_1,join,B6,0.1,0.5,620747,80051,80315.3042746891,1.0033016986007557,385,385,83.62903445959091,555.2855834960938,3.118633985519409,
multi_join_sift_wiki_1,join,B6,0.1,0.5,738510,79635,87411.0544431423,1.097646191287026,385,385,31.356142833828926,538.9380493164062,2.7311203479766846,
multi_join_sift_wiki_1,join,B6,0.1,0.5,111011,79529,84300.06389553743,1.0599914986424754,385,385,21.173549816012383,654.78564453125,2.941718101501465,
multi_join_sift_wiki_1,join,B6,0.1,0.5,426052,81197,63149.427215592055,1.285791551565362,385,385,46.6409707441926,555.730712890625,2.933866500854492,
multi_join_sift_wiki_1,join,B6,0.1,0.5,724169,79673,88370.03411544813,1.1091591143228965,385,385,36.76778357475996,544.3208618164062,2.892995834350586,
multi_join_sift_wiki_1,join,B6,0.1,0.5,588630,81292,86846.82981554714,1.0683318138998565,385,385,43.19158382713795,550.8358764648438,3.023313045501709,
multi_join_sift_wiki_1,join,B6,0.1,0.5,790256,80069,63836.89367682619,1.2542746895760424,385,385,35.736468620598316,556.342529296875,2.7825469970703125,
multi_join_sift_wiki_1,join,B6,0.1,0.5,201003,81482,75809.33490972174,1.074828055107377,385,385,22.671548649668694,605.5140380859375,2.9440114498138428,
multi_join_sift_wiki_1,join,B6,0.1,0.5,6443,78054,62491.15974208516,1.2490406694666274,385,385,36.189232021570206,560.7430419921875,2.884660482406616,
multi_join_sift_wiki_1,join,B6,0.1,0.5,642763,80471,75248.87121322428,1.0693981012948135,385,385,37.80725225806236,581.2515258789062,2.840625047683716,
multi_join_sift_wiki_1,join,B6,0.1,0.5,193392,79805,91112.20938727938,1.1416854756879817,385,385,13.908132910728455,612.6585083007812,3.056194543838501,
multi_join_sift_wiki_1,join,B6,0.1,0.5,203755,78573,73321.62686023932,1.07162106686163,385,385,14.062857255339622,517.2750854492188,3.056774854660034,
multi_join_sift_wiki_1,join,B6,0.1,0.5,94462,79447,97309.8898260345,1.224840331617739,385,385,38.05873543024063,536.2696533203125,3.031524658203125,
multi_join_sift_wiki_1,join,B6,0.1,0.5,590890,80822,86490.49389810397,1.0701355311437972,385,385,14.301104471087456,638.423583984375,3.05781626701355,
multi_join_sift_wiki_1,join,B6,0.1,0.5,783383,80488,65264.332081537344,1.2332616826514538,385,385,20.081544294953346,564.63818359375,3.0183515548706055,
multi_join_sift_wiki_1,join,B6,0.1,0.5,737605,78691,66994.50736159549,1.1745888297270994,385,385,41.449435986578465,507.7093811035156,3.0597891807556152,
multi_join_sift_wiki_1,join,B6,0.1,0.5,516560,80195,81637.95141506247,1.0179930346662818,385,385,34.79808196425438,614.4151611328125,3.2459254264831543,
multi_join_sift_wiki_1,join,B6,0.1,0.5,137642,81038,85287.06422926002,1.0524329848868434,385,385,63.28557711094618,626.5502319335938,2.9834916591644287,
multi_join_sift_wiki_1,join,B6,0.1,0.5,37803,79722,79145.06481130618,1.0072895914618216,385,385,46.05045448988676,611.3698120117188,3.024467945098877,
multi_join_sift_wiki_1,join,B6,0.1,0.5,254800,80010,78388.61410713712,1.0206839464038344,385,385,73.68619088083506,630.36376953125,2.9951040744781494,
multi_join_sift_wiki_1,join,B6,0.1,0.5,605930,80343,78597.664748908,1.0222059428440746,385,385,39.789317175745964,607.1295166015625,2.853085517883301,
multi_join_sift_wiki_1,join,B6,0.1,0.5,209329,79564,96137.60096307611,1.2083052757915151,385,385,36.638110876083374,555.4125366210938,2.887873649597168,
multi_join_sift_wiki_1,join,B6,0.1,0.5,766585,80706,78007.28874458875,1.0345956294449274,385,385,69.80210170149803,629.5858154296875,3.1483452320098877,
multi_join_sift_wiki_1,join,B6,0.1,0.5,488782,80007,109897.95771879985,1.373604281110401,387,387,75.08513052016497,516.85302734375,3.20609712600708,
multi_join_sift_wiki_1,join,B6,0.1,0.5,374559,80469,82805.56427094666,1.0290368250002693,385,385,56.27666413784027,543.7352905273438,3.171335220336914,
multi_join_sift_wiki_1,join,B6,0.1,0.5,111780,79284,72914.28543499511,1.0873589383342945,385,385,51.402539014816284,550.9946899414062,3.261101484298706,
multi_join_sift_wiki_1,join,B6,0.1,0.5,178188,80108,86439.28812276777,1.0790344050877287,385,385,47.404125332832336,647.1275634765625,3.1019976139068604,
multi_join_sift_wiki_1,join,B6,0.1,0.5,539857,80395,73649.28802604803,1.0915923582528886,385,385,26.171519421041012,592.7664184570312,2.945296287536621,
multi_join_sift_wiki_1,join,B6,0.1,0.5,781264,79178,89304.15919961681,1.127891070747137,385,385,31.819318421185017,595.5299072265625,2.770949125289917,
multi_join_sift_wiki_1,join,B6,0.1,0.5,771184,80530,70274.21222407221,1.1459395623422541,385,385,40.28108809143305,624.166015625,2.9144299030303955,
multi_join_sift_wiki_1,join,B6,0.1,0.5,140785,78729,65618.76435947901,1.1997940035673216,385,385,55.692567490041256,561.651123046875,2.912421226501465,
multi_join_sift_wiki_1,join,B6,0.1,0.5,2505,78204,90400.31262626263,1.1559550998192245,385,385,30.68063221871853,534.3326416015625,2.8755288124084473,
multi_join_sift_wiki_1,join,B6,0.1,0.5,526089,81044,76738.64117823007,1.0561041837028424,385,385,80.05695976316929,621.566650390625,2.8621973991394043,
multi_join_sift_wiki_1,join,B6,0.1,0.5,608072,80085,88719.08676257283,1.1078115347764603,385,385,56.69000092893839,635.7791137695312,3.1877126693725586,
multi_join_sift_wiki_1,join,B6,0.1,0.5,224837,79393,63716.95529828953,1.2460262677072909,385,385,85.91290190815926,528.8726196289062,3.304277181625366,
multi_join_sift_wiki_1,join,B6,0.1,0.5,386133,80616,87104.00552574224,1.0804803702210757,385,385,38.73997647315264,607.3278198242188,3.026334762573242,
multi_join_sift_wiki_1,join,B6,0.1,0.5,487850,80903,73932.21748198027,1.0942861279619909,385,385,66.99870247393847,617.8816528320312,2.6472816467285156,
multi_join_sift_wiki_1,join,B6,0.1,0.5,340195,79138,87152.15131747261,1.1012680547584297,385,385,47.482509166002274,543.041748046875,3.089376926422119,
multi_join_sift_wiki_1,join,B6,0.1,0.5,122774,78858,77947.30622642292,1.0116834540879664,385,385,95.10811883956194,537.18994140625,2.6376986503601074,
multi_join_sift_wiki_1,join,B6,0.1,0.5,690833,81470,82581.37772066417,1.0136415578822164,385,385,22.154048085212708,586.6276245117188,3.261147975921631,
multi_join_sift_wiki_1,join,B6,0.1,0.5,686759,79565,82944.49445197037,1.0424746364855197,385,385,23.173502646386623,524.928955078125,3.326615810394287,
multi_join_sift_wiki_1,join,B6,0.1,0.5,154430,80169,67762.4438166071,1.1830889720708733,385,385,45.92316038906574,541.2323608398438,2.7680890560150146,
multi_join_sift_wiki_1,join,B6,0.1,0.5,630926,79254,82826.21047124977,1.0450729360189992,385,385,27.836228720843792,549.67041015625,3.259998083114624,
multi_join_sift_wiki_1,join,B6,0.1,0.5,255248,81139,75855.87349317348,1.069646900939081,385,385,29.989635571837425,615.7006225585938,2.897630214691162,
multi_join_sift_wiki_1,join,B6,0.1,0.5,48107,80693,73422.16099965968,1.0990278534620361,385,385,57.83793609589338,554.4667358398438,3.1095659732818604,
multi_join_sift_wiki_1,join,B6,0.1,0.5,717611,80499,79909.83420563076,1.007372882201872,385,385,68.15425213426352,567.838134765625,2.5639750957489014,
multi_join_sift_wiki_1,join,B6,0.1,0.5,559097,80815,65768.42657482761,1.2287811068135142,385,385,48.718467354774475,602.9588623046875,3.201744794845581,
multi_join_sift_wiki_1,join,B6,0.1,0.5,527854,79727,58331.90374581939,1.366782067449907,385,385,64.19080123305321,647.0442504882812,2.9701809883117676,
multi_join_sift_wiki_1,join,B6,0.1,0.5,692258,81254,99141.80590595178,1.2201467731551896,385,385,29.692241922020912,603.633056640625,3.59883189201355,
multi_join_sift_wiki_1,join,B6,0.1,0.5,344709,79123,65467.346437198066,1.2085872470163674,385,385,59.846400283277035,553.003173828125,2.836334466934204,
multi_join_sift_wiki_1,join,B6,0.1,0.5,414737,80944,77919.36696818648,1.0388174743905252,385,385,38.72202895581722,613.3159790039062,3.186657428741455,
multi_join_sift_wiki_1,join,B6,0.1,0.5,362610,80891,103823.30032618971,1.283496313881516,385,385,58.1537215039134,607.2364501953125,3.099379777908325,
multi_join_sift_wiki_1,join,B6,0.1,0.5,129857,80160,72882.37433455433,1.099854398706043,385,385,14.350063167512417,550.3565063476562,2.9371519088745117,
multi_join_sift_wiki_1,join,B6,0.1,0.5,210898,79490,77038.83131654732,1.0318173139644473,385,385,14.974875375628471,553.6181640625,2.6989400386810303,
multi_join_sift_wiki_1,join,B6,0.1,0.5,793779,79125,90813.43933166923,1.1477211921853931,385,385,21.912066265940666,604.8754272460938,2.8342809677124023,
multi_join_sift_wiki_1,join,B6,0.1,0.5,634727,79618,68690.36243154523,1.1590854551007053,385,385,14.040269888937473,601.57470703125,2.6199212074279785,
multi_join_sift_wiki_1,join,B6,0.1,0.5,351141,80632,87435.24250300728,1.0843739768703156,385,385,13.884843327105045,618.2330322265625,2.959737777709961,
multi_join_sift_wiki_1,join,B6,0.1,0.5,611020,79657,76873.36944678127,1.0362105963775377,385,385,13.858083635568619,632.7335205078125,2.7526907920837402,
multi_join_sift_wiki_1,join,B6,0.3,0.1,145860,239711,237005.85491900955,1.0114138322950497,385,385,14.189301058650017,601.2288818359375,3.1162526607513428,
multi_join_sift_wiki_1,join,B6,0.3,0.1,359095,239596,213422.09117950723,1.1226391732732024,385,385,22.673900239169598,693.1370849609375,2.8506760597229004,
multi_join_sift_wiki_1,join,B6,0.3,0.1,286093,240287,218566.1623236344,1.0993787759525337,385,385,13.90552707016468,654.4715576171875,2.8322665691375732,
multi_join_sift_wiki_1,join,B6,0.3,0.1,781121,238390,216768.08515037593,1.099746763157614,385,385,13.8947032392025,608.387939453125,2.9669148921966553,
multi_join_sift_wiki_1,join,B6,0.3,0.1,142780,240253,235302.75015441419,1.0210377900060126,385,385,13.730257749557495,579.1044921875,3.127220392227173,
multi_join_sift_wiki_1,join,B6,0.3,0.1,428790,239912,239745.82496485938,1.0006931300478954,385,385,13.714530505239964,597.7942504882812,2.7914769649505615,
multi_join_sift_wiki_1,join,B6,0.3,0.1,322723,240322,247903.43284890224,1.031546978008265,385,385,13.660890981554985,582.3590087890625,3.2379202842712402,
multi_join_sift_wiki_1,join,B6,0.3,0.1,588557,237251,240439.3586598169,1.0134387575176371,385,385,13.675185851752758,675.9060668945312,3.222794771194458,
multi_join_sift_wiki_1,join,B6,0.3,0.1,263638,238035,246891.85199087145,1.0372081920342449,385,385,13.872324489057064,602.2055053710938,3.473875045776367,
multi_join_sift_wiki_1,join,B6,0.3,0.1,693614,240321,244303.87586734214,1.016573149526434,385,385,15.826208516955376,657.7633056640625,2.864917039871216,
multi_join_sift_wiki_1,join,B6,0.3,0.1,546912,241231,252269.78485102113,1.045760225058227,385,385,19.67928744852543,668.2622680664062,3.3955962657928467,
multi_join_sift_wiki_1,join,B6,0.3,0.1,444449,238356,220314.59940933,1.0818892648922929,385,385,20.028439350426197,616.3165893554688,3.01845121383667,
multi_join_sift_wiki_1,join,B6,0.3,0.1,663176,238891,224506.04422578186,1.0640738017714633,385,385,19.63833998888731,586.5355834960938,2.7545394897460938,
multi_join_sift_wiki_1,join,B6,0.3,0.1,763999,237841,235336.6909315322,1.0106413881259015,385,385,19.835924729704857,613.5013427734375,3.168591022491455,
multi_join_sift_wiki_1,join,B6,0.3,0.1,782168,237791,213641.5426801804,1.1130372726992106,385,385,19.721181131899357,596.4614868164062,2.863349199295044,
multi_join_sift_wiki_1,join,B6,0.3,0.1,673362,238492,230760.4843500676,1.0335045043422755,385,385,19.7325823828578,625.6572265625,3.1067605018615723,
multi_join_sift_wiki_1,join,B6,0.3,0.1,83904,238490,226715.6709036912,1.0519343415890758,385,385,25.70279035717249,597.96337890625,3.23327898979187,
multi_join_sift_wiki_1,join,B6,0.3,0.1,695261,240020,221638.4462008985,1.0829348613211267,385,385,25.827323086559772,608.4932250976562,2.9276514053344727,
multi_join_sift_wiki_1,join,B6,0.3,0.1,386245,241897,233333.5346557464,1.0367005340954865,385,385,19.85558681190014,649.6791381835938,3.1456527709960938,
multi_join_sift_wiki_1,join,B6,0.3,0.1,69504,241332,244237.06320821925,1.0120376212363849,385,385,13.660586439073086,602.2214965820312,3.4792094230651855,
multi_join_sift_wiki_1,join,B6,0.3,0.1,681535,238950,249601.37879149834,1.0445757639317779,385,385,37.79019881039858,596.035400390625,3.5131537914276123,
multi_join_sift_wiki_1,join,B6,0.3,0.1,696279,240311,253565.75014733928,1.0551566517859743,385,385,27.280159294605255,597.126708984375,3.1599717140197754,
multi_join_sift_wiki_1,join,B6,0.3,0.1,340223,239705,248830.59387046992,1.0380701022943615,385,385,40.85059743374586,641.99267578125,3.186086893081665,
multi_join_sift_wiki_1,join,B6,0.3,0.1,690943,239538,254614.69399188622,1.062940719183955,385,385,48.2246782630682,627.983642578125,3.3907504081726074,
multi_join_sift_wiki_1,join,B6,0.3,0.1,636616,238228,230067.84955146766,1.0354684518694859,385,385,16.284597106277943,588.7864990234375,3.1242752075195312,
multi_join_sift_wiki_1,join,B6,0.3,0.1,48106,239059,232871.01138510066,1.0265726016222183,385,385,16.08741097152233,602.3505249023438,3.2600338459014893,
multi_join_sift_wiki_1,join,B6,0.3,0.1,352770,242603,249019.8835725268,1.026450141063906,385,385,15.404666773974895,560.6845703125,3.3219220638275146,
multi_join_sift_wiki_1,join,B6,0.3,0.1,536954,239448,258249.6931805265,1.0785209865211924,385,385,13.566378504037857,664.8140869140625,3.3249423503875732,
multi_join_sift_wiki_1,join,B6,0.3,0.1,752067,238968,246400.25439510055,1.0311014629368809,385,385,15.159033238887787,597.2528686523438,2.98663592338562,
multi_join_sift_wiki_1,join,B6,0.3,0.1,602570,240638,214037.73656975533,1.1242783812637431,385,385,13.551965355873108,583.1934204101562,3.009899854660034,
multi_join_sift_wiki_1,join,B6,0.3,0.1,345404,239209,257442.19088474303,1.0762228464846348,385,385,18.58555618673563,628.2376098632812,3.121225357055664,
multi_join_sift_wiki_1,join,B6,0.3,0.1,628777,238555,248459.8508980461,1.0415201982689364,385,385,17.6771841943264,599.5511474609375,3.125771999359131,
multi_join_sift_wiki_1,join,B6,0.3,0.1,137071,240371,241224.2107629041,1.0035495578206362,385,385,21.457478404045105,620.26416015625,3.0246407985687256,
multi_join_sift_wiki_1,join,B6,0.3,0.1,296404,239190,253649.17746893616,1.060450593540433,385,385,24.349670857191086,602.2861328125,3.5045063495635986,
multi_join_sift_wiki_1,join,B6,0.3,0.1,703153,238462,236127.1160351731,1.0098882500410462,385,385,28.84630672633648,593.1397094726562,3.4914815425872803,
multi_join_sift_wiki_1,join,B6,0.3,0.1,438962,240050,239102.4356406046,1.003963005884305,385,385,19.99121718108654,650.5623168945312,2.8561418056488037,
multi_join_sift_wiki_1,join,B6,0.3,0.1,33248,238508,241990.83396326134,1.0146025875998346,385,385,13.878476805984974,594.0939331054688,2.670750141143799,
multi_join_sift_wiki_1,join,B6,0.3,0.1,779894,238732,257865.13252025755,1.0801448172857329,385,385,13.588139787316322,647.0445556640625,2.8263583183288574,
multi_join_sift_wiki_1,join,B6,0.3,0.1,304120,239207,273244.62093633175,1.1422935822794975,385,385,13.616010546684265,600.5407104492188,3.010188102722168,
multi_join_sift_wiki_1,join,B6,0.3,0.1,73745,237537,222716.88458424696,1.0665423972835208,385,385,13.473865576088428,573.4336547851562,2.8961117267608643,
multi_join_sift_wiki_1,join,B6,0.3,0.1,516733,238753,258236.08127428129,1.081603503513176,385,385,13.357732445001602,601.8523559570312,3.2464287281036377,
multi_join_sift_wiki_1,join,B6,0.3,0.1,181346,239254,247481.7534622901,1.034389199187015,385,385,13.581868261098862,615.4840087890625,3.5127456188201904,
multi_join_sift_wiki_1,join,B6,0.3,0.1,620747,239069,216224.93925074924,1.105649518637437,385,385,13.719695620238781,607.3276977539062,3.2536380290985107,
multi_join_sift_wiki_1,join,B6,0.3,0.1,738510,237925,204374.566626409,1.164161489990681,385,385,13.56695219874382,603.1759643554688,2.9687752723693848,
multi_join_sift_wiki_1,join,B6,0.3,0.1,111011,238263,254297.03518622764,1.0672955313507664,385,385,13.523471541702747,672.0595092773438,3.0964415073394775,
multi_join_sift_wiki_1,join,B6,0.3,0.1,426052,240665,217455.17185582515,1.1067338520675112,385,385,30.412505380809307,587.0173950195312,3.0850300788879395,
multi_join_sift_wiki_1,join,B6,0.3,0.1,724169,238981,215948.82543616055,1.1066557065884495,385,385,25.817773304879665,598.1787719726562,3.0649054050445557,
multi_join_sift_wiki_1,join,B6,0.3,0.1,588630,239128,242730.46900785182,1.0150650237858043,385,385,19.869649782776833,588.5240478515625,3.2115602493286133,
multi_join_sift_wiki_1,join,B6,0.3,0.1,790256,238794,243529.02077805798,1.019828893431401,385,385,26.043130084872246,603.442138671875,2.92677640914917,
multi_join_sift_wiki_1,join,B6,0.3,0.1,201003,240332,246274.12773923477,1.0247246631294824,385,385,25.911626406013966,638.8582763671875,3.108808755874634,
multi_join_sift_wiki_1,join,B6,0.3,0.1,6443,238089,223447.60684981683,1.065524949479651,385,385,13.934781774878502,604.9451293945312,3.1072123050689697,
multi_join_sift_wiki_1,join,B6,0.3,0.1,642763,240878,266325.7168067853,1.1056456662990615,385,385,26.780099608004093,606.66259765625,3.0508289337158203,
multi_join_sift_wiki_1,join,B6,0.3,0.1,193392,240333,222304.4632601264,1.0810984020540235,385,385,25.72502661496401,637.6175537109375,3.203829765319824,
multi_join_sift_wiki_1,join,B6,0.3,0.1,203755,239131,237818.68970582559,1.005518112541103,385,385,25.905197486281395,578.7042846679688,3.1911702156066895,
multi_join_sift_wiki_1,join,B6,0.3,0.1,94462,238478,242488.24347085517,1.0168159891933646,385,385,19.76215187460184,588.868896484375,3.1797454357147217,
multi_join_sift_wiki_1,join,B6,0.3,0.1,590890,241818,227677.00354057617,1.0621099023595664,385,385,13.661243952810764,670.7697143554688,3.2003183364868164,
multi_join_sift_wiki_1,join,B6,0.3,0.1,783383,239570,237479.79661257888,1.0088016050933,385,385,43.41077245771885,595.843994140625,3.1497702598571777,
multi_join_sift_wiki_1,join,B6,0.3,0.1,737605,239073,236974.04219970785,1.0088573321398775,385,385,44.29278336465359,573.8529052734375,3.21191143989563,
multi_join_sift_wiki_1,join,B6,0.3,0.1,516560,240508,236757.25952792476,1.0158421350186007,385,385,26.26603189855814,644.7122802734375,3.3689675331115723,
multi_join_sift_wiki_1,join,B6,0.3,0.1,137642,241504,232715.525210584,1.0377648838918818,385,385,13.95613793283701,657.289306640625,3.1390323638916016,
multi_join_sift_wiki_1,join,B6,0.3,0.1,37803,239425,224941.52645457393,1.0643877267737443,385,385,38.286770693957806,636.6652221679688,3.166006565093994,
multi_join_sift_wiki_1,join,B6,0.3,0.1,254800,240064,242799.65635084466,1.0113955293207006,385,385,26.5803262591362,663.0349731445312,3.1417458057403564,
multi_join_sift_wiki_1,join,B6,0.3,0.1,605930,240968,252655.97180612478,1.04850424872234,385,385,38.809143006801605,640.2986450195312,2.994133234024048,
multi_join_sift_wiki_1,join,B6,0.3,0.1,209329,238540,227160.98058336103,1.0500923150948593,385,385,59.64225064963102,603.0780029296875,3.0829358100891113,
multi_join_sift_wiki_1,join,B6,0.3,0.1,766585,240016,254850.6659635806,1.0618069877157381,385,385,14.134806580841541,660.6202392578125,3.306943655014038,
multi_join_sift_wiki_1,join,B6,0.3,0.1,488782,237638,248469.1577593211,1.0455783913318624,385,385,14.023558236658573,589.819580078125,3.3307135105133057,
multi_join_sift_wiki_1,join,B6,0.3,0.1,374559,238607,226347.40280454556,1.0541627473677742,385,385,21.801858209073544,595.7193603515625,3.3245937824249268,
multi_join_sift_wiki_1,join,B6,0.3,0.1,111780,238165,241241.5627257212,1.0129177785389172,385,385,19.756526686251163,600.0362548828125,3.373533010482788,
multi_join_sift_wiki_1,join,B6,0.3,0.1,178188,238600,224877.37341949594,1.0610227092741131,385,385,13.733823783695698,680.0473022460938,3.3087639808654785,
multi_join_sift_wiki_1,join,B6,0.3,0.1,539857,237092,271378.1380847995,1.1446111133433414,385,385,13.78096267580986,613.7061157226562,3.136941432952881,
multi_join_sift_wiki_1,join,B6,0.3,0.1,781264,239520,223267.63635945218,1.0727931907443233,385,385,13.54421116411686,628.5965576171875,2.9334139823913574,
multi_join_sift_wiki_1,join,B6,0.3,0.1,771184,241652,209016.5844217708,1.156137924024128,385,385,13.654720969498158,647.7474365234375,3.119675874710083,
multi_join_sift_wiki_1,join,B6,0.3,0.1,140785,237945,215703.89541574064,1.1031094248038154,385,385,13.478117063641548,606.3412475585938,3.075209140777588,
multi_join_sift_wiki_1,join,B6,0.3,0.1,2505,240447,234305.19623497783,1.026212836350683,385,385,13.556932099163532,587.2365112304688,3.1343371868133545,
multi_join_sift_wiki_1,join,B6,0.3,0.1,526089,241563,208472.08751657722,1.158730662112219,385,385,13.507026247680187,651.7289428710938,3.0387539863586426,
multi_join_sift_wiki_1,join,B6,0.3,0.1,608072,239634,224511.6053223596,1.0673568506889757,385,385,13.640563003718853,670.3943481445312,3.3516080379486084,
multi_join_sift_wiki_1,join,B6,0.3,0.1,224837,238738,248328.82753492595,1.0401730245496148,385,385,19.895514473319054,580.5911865234375,3.4280149936676025,
multi_join_sift_wiki_1,join,B6,0.3,0.1,386133,240422,254265.27687292008,1.057579077093278,385,385,24.30770266801119,633.7213134765625,3.221763849258423,
multi_join_sift_wiki_1,join,B6,0.3,0.1,487850,240311,252673.33361742727,1.0514430617717345,385,385,81.87573030591011,644.37255859375,2.8483076095581055,
multi_join_sift_wiki_1,join,B6,0.3,0.1,340195,238803,243180.44419985812,1.018330775575927,385,385,38.58484793454409,591.8164672851562,3.2380805015563965,
multi_join_sift_wiki_1,join,B6,0.3,0.1,122774,237850,242761.90173682998,1.0206512580905192,385,385,32.32971206307411,591.92529296875,2.8582229614257812,
multi_join_sift_wiki_1,join,B6,0.3,0.1,690833,239358,222498.77987057043,1.0757721913766751,385,385,14.167998917400837,619.29150390625,3.3686435222625732,
multi_join_sift_wiki_1,join,B6,0.3,0.1,686759,238761,231142.3598024232,1.032960813431554,385,385,14.468079432845116,587.2389526367188,3.4815328121185303,
multi_join_sift_wiki_1,join,B6,0.3,0.1,154430,238446,202188.5122062257,1.1793251624345147,385,385,26.25903394073248,590.7051391601562,2.9615893363952637,
multi_join_sift_wiki_1,join,B6,0.3,0.1,630926,239870,224172.00355354644,1.070026569766121,385,385,26.240919716656208,595.6978149414062,3.386004686355591,
multi_join_sift_wiki_1,join,B6,0.3,0.1,255248,241341,230118.79944056596,1.0487669872549135,385,385,26.094009168446064,643.5077514648438,3.1301348209381104,
multi_join_sift_wiki_1,join,B6,0.3,0.1,48107,240522,216997.72253410026,1.1084079463654417,385,385,50.660599023103714,602.0345458984375,3.2600338459014893,
multi_join_sift_wiki_1,join,B6,0.3,0.1,717611,240374,240153.26561877373,1.0009191396196822,385,385,26.044676080346107,611.8988037109375,2.774536371231079,
multi_join_sift_wiki_1,join,B6,0.3,0.1,559097,241097,238718.06412382692,1.0099654623327503,385,385,38.26013207435608,623.7491455078125,3.3397130966186523,
multi_join_sift_wiki_1,join,B6,0.3,0.1,527854,239778,256910.13475891176,1.07144998606591,385,385,14.05747327953577,667.1278686523438,3.1289029121398926,
multi_join_sift_wiki_1,join,B6,0.3,0.1,692258,241509,228526.65917177752,1.0568088680562384,385,385,48.155724070966244,631.0960083007812,3.7014622688293457,
multi_join_sift_wiki_1,join,B6,0.3,0.1,344709,239102,205334.76535311088,1.164449671193381,385,385,25.78802313655615,602.4481201171875,3.0800623893737793,
multi_join_sift_wiki_1,join,B6,0.3,0.1,414737,240234,240423.04725413263,1.0007869296358243,385,385,31.527542509138584,649.0648803710938,3.3149447441101074,
multi_join_sift_wiki_1,join,B6,0.3,0.1,362610,241914,274812.70929968206,1.1359934079866485,385,385,28.595526702702045,636.832275390625,3.2579312324523926,
multi_join_sift_wiki_1,join,B6,0.3,0.1,129857,239098,275837.9069196273,1.153660452699844,385,385,21.458415314555168,601.5792236328125,3.086696147918701,
multi_join_sift_wiki_1,join,B6,0.3,0.1,210898,239577,231560.45152499236,1.0346196788882251,385,385,16.26393012702465,596.4317016601562,2.8536884784698486,
multi_join_sift_wiki_1,join,B6,0.3,0.1,793779,241025,234165.81877802202,1.0292919831671938,385,385,13.634725473821163,635.5154418945312,2.997621774673462,
multi_join_sift_wiki_1,join,B6,0.3,0.1,634727,240471,241759.20693576537,1.005357015755602,385,385,25.88133979588747,622.5588989257812,2.794663429260254,
multi_join_sift_wiki_1,join,B6,0.3,0.1,351141,242291,266804.509002865,1.1011738323043985,385,385,37.84497641026974,638.579833984375,3.0803444385528564,
multi_join_sift_wiki_1,join,B6,0.3,0.1,611020,240937,217744.0019951776,1.1065149799411516,385,385,61.29713449627161,654.4783325195312,2.904170274734497,
multi_join_sift_wiki_1,join,B6,0.3,0.2,145860,239711,245624.1987379287,1.0246680324971682,385,385,27.46811881661415,601.2288818359375,3.1162526607513428,
multi_join_sift_wiki_1,join,B6,0.3,0.2,359095,239596,265322.5871532348,1.1073748608208602,385,385,13.690566644072533,693.1370849609375,2.8506760597229004,
multi_join_sift_wiki_1,join,B6,0.3,0.2,286093,240287,228009.11607059088,1.0538482151108728,385,385,19.620297476649284,654.4715576171875,2.8322665691375732,
multi_join_sift_wiki_1,join,B6,0.3,0.2,781121,238390,254835.99193817878,1.0689877592943444,385,385,13.714076019823551,608.387939453125,2.9669148921966553,
multi_join_sift_wiki_1,join,B6,0.3,0.2,142780,240253,251725.88369982268,1.0477533421011296,385,385,48.37663285434246,579.1044921875,3.127220392227173,
multi_join_sift_wiki_1,join,B6,0.3,0.2,428790,239912,232309.50251997978,1.0327257275210528,385,385,31.4290514215827,597.7942504882812,2.7914769649505615,
multi_join_sift_wiki_1,join,B6,0.3,0.2,322723,240322,225021.16469680748,1.0679973162693777,385,385,45.72033882141113,582.3590087890625,3.2379202842712402,
multi_join_sift_wiki_1,join,B6,0.3,0.2,588557,237251,199578.56783985632,1.1887599082801936,385,385,30.770456418395042,675.9060668945312,3.222794771194458,
multi_join_sift_wiki_1,join,B6,0.3,0.2,263638,238035,220961.66386457745,1.0772683181182343,385,385,30.16194235533476,602.2055053710938,3.473875045776367,
multi_join_sift_wiki_1,join,B6,0.3,0.2,693614,240321,259380.06985717406,1.0793067183357845,385,385,23.042435757815838,657.7633056640625,2.864917039871216,
multi_join_sift_wiki_1,join,B6,0.3,0.2,546912,241231,229713.0889565004,1.0501404212351204,385,385,24.265622720122337,668.2622680664062,3.3955962657928467,
multi_join_sift_wiki_1,join,B6,0.3,0.2,444449,238356,215778.14319954626,1.104634586551124,385,385,23.917668499052525,616.3165893554688,3.01845121383667,
multi_join_sift_wiki_1,join,B6,0.3,0.2,663176,238891,246939.23365268597,1.033689982681164,385,385,80.82700334489346,586.5355834960938,2.7545394897460938,
multi_join_sift_wiki_1,join,B6,0.3,0.2,763999,237841,231753.3186139947,1.0262679361935907,385,385,19.147132523357868,613.5013427734375,3.168591022491455,
multi_join_sift_wiki_1,join,B6,0.3,0.2,782168,237791,246119.07613427166,1.0350226717338826,385,385,14.27291240543127,596.4614868164062,2.863349199295044,
multi_join_sift_wiki_1,join,B6,0.3,0.2,673362,238492,202290.07775411947,1.1789604445645794,385,385,19.96136549860239,625.6572265625,3.1067605018615723,
multi_join_sift_wiki_1,join,B6,0.3,0.2,83904,238490,253756.94187692215,1.0640150189816016,385,385,19.9370002374053,597.96337890625,3.23327898979187,
multi_join_sift_wiki_1,join,B6,0.3,0.2,695261,240020,221449.7359939413,1.083857693136138,385,385,19.8271032422781,608.4932250976562,2.9276514053344727,
multi_join_sift_wiki_1,join,B6,0.3,0.2,386245,241897,258855.1765055348,1.070104947583206,385,385,20.271779969334602,649.6791381835938,3.1456527709960938,
multi_join_sift_wiki_1,join,B6,0.3,0.2,69504,241332,242292.08189491084,1.0039782618753867,385,385,19.916938617825508,602.2214965820312,3.4792094230651855,
multi_join_sift_wiki_1,join,B6,0.3,0.2,681535,238950,238543.4294770447,1.00170438785024,385,385,25.967327877879143,596.035400390625,3.5131537914276123,
multi_join_sift_wiki_1,join,B6,0.3,0.2,696279,240311,218794.433428987,1.098341471644417,385,385,13.858533464372158,597.126708984375,3.1599717140197754,
multi_join_sift_wiki_1,join,B6,0.3,0.2,340223,239705,230614.05713846473,1.0394205928915985,385,385,19.722023978829384,641.99267578125,3.186086893081665,
multi_join_sift_wiki_1,join,B6,0.3,0.2,690943,239538,228337.12312623867,1.0490541210312474,385,385,13.921905308961868,627.983642578125,3.3907504081726074,
multi_join_sift_wiki_1,join,B6,0.3,0.2,636616,238228,231226.57742906557,1.0302794888406903,385,385,13.818635605275631,588.7864990234375,3.1242752075195312,
multi_join_sift_wiki_1,join,B6,0.3,0.2,48106,239059,217545.82685521952,1.0988903048877967,385,385,14.871092513203621,602.3505249023438,3.2600338459014893,
multi_join_sift_wiki_1,join,B6,0.3,0.2,352770,242603,245423.93466022174,1.0116277814380767,385,385,13.91694787889719,560.6845703125,3.3219220638275146,
multi_join_sift_wiki_1,join,B6,0.3,0.2,536954,239448,257717.19397426955,1.0762971249468343,385,385,23.79748225212097,664.8140869140625,3.3249423503875732,
multi_join_sift_wiki_1,join,B6,0.3,0.2,752067,238968,250372.49014227508,1.0477239217898424,385,385,35.69005988538265,597.2528686523438,2.98663592338562,
multi_join_sift_wiki_1,join,B6,0.3,0.2,602570,240638,265336.21729640366,1.1026363969797108,385,385,50.390519201755524,583.1934204101562,3.009899854660034,
multi_join_sift_wiki_1,join,B6,0.3,0.2,345404,239209,216800.65035471923,1.1033592362781997,385,385,30.524002388119698,628.2376098632812,3.121225357055664,
multi_join_sift_wiki_1,join,B6,0.3,0.2,628777,238555,249391.51993263976,1.0454256667545838,385,385,39.62852247059345,599.5511474609375,3.125771999359131,
multi_join_sift_wiki_1,join,B6,0.3,0.2,137071,240371,234606.972321813,1.0245688677584588,385,385,25.715704075992107,620.26416015625,3.0246407985687256,
multi_join_sift_wiki_1,join,B6,0.3,0.2,296404,239190,249761.53762791638,1.0441972391317211,385,385,19.665946252644062,602.2861328125,3.5045063495635986,
multi_join_sift_wiki_1,join,B6,0.3,0.2,703153,238462,223690.13384277845,1.0660371823444124,385,385,37.06800099462271,593.1397094726562,3.4914815425872803,
multi_join_sift_wiki_1,join,B6,0.3,0.2,438962,240050,254778.95640793905,1.0613578688104106,385,385,19.684805534780025,650.5623168945312,2.8561418056488037,
multi_join_sift_wiki_1,join,B6,0.3,0.2,33248,238508,246302.94105688517,1.0326820947594428,385,385,19.680215045809746,594.0939331054688,2.670750141143799,
multi_join_sift_wiki_1,join,B6,0.3,0.2,779894,238732,203740.26381706528,1.1717467894041462,385,385,14.14171326905489,647.0445556640625,2.8263583183288574,
multi_join_sift_wiki_1,join,B6,0.3,0.2,304120,239207,241144.3584053508,1.0080990874236573,385,385,25.75027197599411,600.5407104492188,3.010188102722168,
multi_join_sift_wiki_1,join,B6,0.3,0.2,73745,237537,232157.63456946754,1.0231711760869222,385,385,38.36253099143505,573.4336547851562,2.8961117267608643,
multi_join_sift_wiki_1,join,B6,0.3,0.2,516733,238753,243661.00656010653,1.0205568372339051,385,385,18.181932158768177,601.8523559570312,3.2464287281036377,
multi_join_sift_wiki_1,join,B6,0.3,0.2,181346,239254,232221.01528577617,1.0302857375141905,385,385,18.18079687654972,615.4840087890625,3.5127456188201904,
multi_join_sift_wiki_1,join,B6,0.3,0.2,620747,239069,223982.95873840444,1.0673535225472888,385,385,13.507688418030739,607.3276977539062,3.2536380290985107,
multi_join_sift_wiki_1,join,B6,0.3,0.2,738510,237925,229622.91191626407,1.036155312265892,385,385,13.36648128926754,603.1759643554688,2.9687752723693848,
multi_join_sift_wiki_1,join,B6,0.3,0.2,111011,238263,248017.58789399968,1.0409404225330818,385,385,13.27790692448616,672.0595092773438,3.0964415073394775,
multi_join_sift_wiki_1,join,B6,0.3,0.2,426052,240665,216767.13049406707,1.1102467401375091,385,385,15.882357023656368,587.0173950195312,3.0850300788879395,
multi_join_sift_wiki_1,join,B6,0.3,0.2,724169,238981,235295.68906394552,1.0156624668761056,385,385,32.35669154673815,598.1787719726562,3.0649054050445557,
multi_join_sift_wiki_1,join,B6,0.3,0.2,588630,239128,246352.7192920026,1.0302127701147612,385,385,26.91151574254036,588.5240478515625,3.2115602493286133,
multi_join_sift_wiki_1,join,B6,0.3,0.2,790256,238794,248203.05584701695,1.0394023964045032,385,385,28.187940828502178,603.442138671875,2.92677640914917,
multi_join_sift_wiki_1,join,B6,0.3,0.2,201003,240332,227866.28205684695,1.0547062857682612,385,385,23.21634069085121,638.8582763671875,3.108808755874634,
multi_join_sift_wiki_1,join,B6,0.3,0.2,6443,238089,236665.01912587413,1.006016862480925,385,385,17.314028926193714,604.9451293945312,3.1072123050689697,
multi_join_sift_wiki_1,join,B6,0.3,0.2,642763,240878,240007.79677932698,1.0036257289652684,385,385,19.71866749227047,606.66259765625,3.0508289337158203,
multi_join_sift_wiki_1,join,B6,0.3,0.2,193392,240333,256608.07960244405,1.0677188717423078,385,385,50.38695689290762,637.6175537109375,3.203829765319824,
multi_join_sift_wiki_1,join,B6,0.3,0.2,203755,239131,243367.44872490637,1.0177160164299333,385,385,30.89339565485716,578.7042846679688,3.1911702156066895,
multi_join_sift_wiki_1,join,B6,0.3,0.2,94462,238478,213505.29179329527,1.1169652892298427,385,385,16.424700617790222,588.868896484375,3.1797454357147217,
multi_join_sift_wiki_1,join,B6,0.3,0.2,590890,241818,247918.4647607182,1.0252275048206427,385,385,13.739476911723614,670.7697143554688,3.2003183364868164,
multi_join_sift_wiki_1,join,B6,0.3,0.2,783383,239570,239566.91026974557,1.0000128971494893,385,385,13.839850202202797,595.843994140625,3.1497702598571777,
multi_join_sift_wiki_1,join,B6,0.3,0.2,737605,239073,204903.5894840197,1.1667584770087454,385,385,13.419630005955696,573.8529052734375,3.21191143989563,
multi_join_sift_wiki_1,join,B6,0.3,0.2,516560,240508,254632.98390608557,1.0587297882236166,385,385,14.269204810261726,644.7122802734375,3.3689675331115723,
multi_join_sift_wiki_1,join,B6,0.3,0.2,137642,241504,232269.40090734218,1.039758138853347,385,385,13.834361918270588,657.289306640625,3.1390323638916016,
multi_join_sift_wiki_1,join,B6,0.3,0.2,37803,239425,240008.86204156,1.002438600988034,385,385,13.897350057959557,636.6652221679688,3.166006565093994,
multi_join_sift_wiki_1,join,B6,0.3,0.2,254800,240064,246250.95686889644,1.025772114389898,385,385,13.694754801690578,663.0349731445312,3.1417458057403564,
multi_join_sift_wiki_1,join,B6,0.3,0.2,605930,240968,255644.7482605761,1.0609074576731188,385,385,13.646773993968964,640.2986450195312,2.994133234024048,
multi_join_sift_wiki_1,join,B6,0.3,0.2,209329,238540,253560.09673830974,1.0629667843477393,385,385,13.642160221934319,603.0780029296875,3.0829358100891113,
multi_join_sift_wiki_1,join,B6,0.3,0.2,766585,240016,250905.13947673517,1.045368389927068,385,385,13.477997854351997,660.6202392578125,3.306943655014038,
multi_join_sift_wiki_1,join,B6,0.3,0.2,488782,237638,244079.29464224394,1.0271054908821147,385,385,13.58119584619999,589.819580078125,3.3307135105133057,
multi_join_sift_wiki_1,join,B6,0.3,0.2,374559,238607,244725.2807597315,1.0256416649961297,385,385,21.960413083434105,595.7193603515625,3.3245937824249268,
multi_join_sift_wiki_1,join,B6,0.3,0.2,111780,238165,238303.5086177059,1.0005815657955868,385,385,24.23982508480549,600.0362548828125,3.373533010482788,
multi_join_sift_wiki_1,join,B6,0.3,0.2,178188,238600,235592.38988009805,1.0127661598977482,385,385,29.668071307241917,680.0473022460938,3.3087639808654785,
multi_join_sift_wiki_1,join,B6,0.3,0.2,539857,237092,247862.23116574332,1.0454263794887357,385,385,23.423554375767708,613.7061157226562,3.136941432952881,
multi_join_sift_wiki_1,join,B6,0.3,0.2,781264,239520,243236.6031224628,1.0155168801038026,385,385,23.895670659840107,628.5965576171875,2.9334139823913574,
multi_join_sift_wiki_1,join,B6,0.3,0.2,771184,241652,250553.9968648058,1.0368380847864112,385,385,25.986994616687298,647.7474365234375,3.119675874710083,
multi_join_sift_wiki_1,join,B6,0.3,0.2,140785,237945,221389.49908612354,1.074779973676331,385,385,26.557317934930325,606.3412475585938,3.075209140777588,
multi_join_sift_wiki_1,join,B6,0.3,0.2,2505,240447,243838.37961767826,1.0141044788151994,385,385,26.541138999164104,587.2365112304688,3.1343371868133545,
multi_join_sift_wiki_1,join,B6,0.3,0.2,526089,241563,245910.30616451066,1.017996573003774,385,385,26.868931017816067,651.7289428710938,3.0387539863586426,
multi_join_sift_wiki_1,join,B6,0.3,0.2,608072,239634,236464.29470181823,1.013404583140887,385,385,26.467284187674522,670.3943481445312,3.3516080379486084,
multi_join_sift_wiki_1,join,B6,0.3,0.2,224837,238738,265443.5355156353,1.1118612684852653,385,385,22.909783758223057,580.5911865234375,3.4280149936676025,
multi_join_sift_wiki_1,join,B6,0.3,0.2,386133,240422,242995.06510905217,1.010702286434071,385,385,23.365985602140427,633.7213134765625,3.221763849258423,
multi_join_sift_wiki_1,join,B6,0.3,0.2,487850,240311,207462.58000383433,1.1583341921013348,385,385,23.86917918920517,644.37255859375,2.8483076095581055,
multi_join_sift_wiki_1,join,B6,0.3,0.2,340195,238803,271630.7620789356,1.1374679634633382,385,385,31.814688816666603,591.8164672851562,3.2380805015563965,
multi_join_sift_wiki_1,join,B6,0.3,0.2,122774,237850,216030.4360928122,1.1010022675592506,385,385,22.822869010269642,591.92529296875,2.8582229614257812,
multi_join_sift_wiki_1,join,B6,0.3,0.2,690833,239358,252587.92667440703,1.0552725485440513,385,385,24.139512330293655,619.29150390625,3.3686435222625732,
multi_join_sift_wiki_1,join,B6,0.3,0.2,686759,238761,271926.724670651,1.1389076301014447,385,385,32.04566054046154,587.2389526367188,3.4815328121185303,
multi_join_sift_wiki_1,join,B6,0.3,0.2,154430,238446,250552.73649506315,1.0507734937682458,385,385,53.648533299565315,590.7051391601562,2.9615893363952637,
multi_join_sift_wiki_1,join,B6,0.3,0.2,630926,239870,231312.7734195623,1.036994180883026,385,385,35.69016419351101,595.6978149414062,3.386004686355591,
multi_join_sift_wiki_1,join,B6,0.3,0.2,255248,241341,231616.75969057257,1.0419841825022442,385,385,43.97938586771488,643.5077514648438,3.1301348209381104,
multi_join_sift_wiki_1,join,B6,0.3,0.2,48107,240522,248480.45761248848,1.0330882730581339,385,385,68.64386238157749,602.0345458984375,3.2600338459014893,
multi_join_sift_wiki_1,join,B6,0.3,0.2,717611,240374,245407.33411568488,1.0209395946137472,385,385,19.515980035066605,611.8988037109375,2.774536371231079,
multi_join_sift_wiki_1,join,B6,0.3,0.2,559097,241097,223903.41173485143,1.0767902022212568,385,385,13.433165848255157,623.7491455078125,3.3397130966186523,
multi_join_sift_wiki_1,join,B6,0.3,0.2,527854,239778,250516.07908726792,1.0447834208612463,385,385,19.444992765784264,667.1278686523438,3.1289029121398926,
multi_join_sift_wiki_1,join,B6,0.3,0.2,692258,241509,233614.83840583515,1.0337913535288847,385,385,19.416790455579758,631.0960083007812,3.7014622688293457,
multi_join_sift_wiki_1,join,B6,0.3,0.2,344709,239102,225811.8263305322,1.0588550825057954,385,385,23.592236451804638,602.4481201171875,3.0800623893737793,
multi_join_sift_wiki_1,join,B6,0.3,0.2,414737,240234,257676.42259762905,1.0726059700027017,385,385,56.29638954997063,649.0648803710938,3.3149447441101074,
multi_join_sift_wiki_1,join,B6,0.3,0.2,362610,241914,234225.23540136157,1.0328263715285126,385,385,44.56448834389448,636.832275390625,3.2579312324523926,
multi_join_sift_wiki_1,join,B6,0.3,0.2,129857,239098,223542.0581301159,1.069588434498664,385,385,20.271954126656055,601.5792236328125,3.086696147918701,
multi_join_sift_wiki_1,join,B6,0.3,0.2,210898,239577,233910.7526353117,1.0242239713260317,385,385,26.52132883667946,596.4317016601562,2.8536884784698486,
multi_join_sift_wiki_1,join,B6,0.3,0.2,793779,241025,261137.12500904597,1.0834441448357888,385,385,48.89401141554117,635.5154418945312,2.997621774673462,
multi_join_sift_wiki_1,join,B6,0.3,0.2,634727,240471,248021.0488119087,1.0313969202602755,385,385,25.810090824961662,622.5588989257812,2.794663429260254,
multi_join_sift_wiki_1,join,B6,0.3,0.2,351141,242291,229416.66055044023,1.0561177179489507,385,385,44.02230214327574,638.579833984375,3.0803444385528564,
multi_join_sift_wiki_1,join,B6,0.3,0.2,611020,240937,227468.01021477592,1.0592126768617118,385,385,37.784493528306484,654.4783325195312,2.904170274734497,
multi_join_sift_wiki_1,join,B6,0.3,0.3,145860,239711,250604.29567789353,1.0454434534831256,385,385,13.977516442537308,601.2288818359375,3.1162526607513428,
multi_join_sift_wiki_1,join,B6,0.3,0.3,359095,239596,265232.3555666789,1.1069982619354202,385,385,32.316314056515694,693.1370849609375,2.8506760597229004,
multi_join_sift_wiki_1,join,B6,0.3,0.3,286093,240287,271745.47182446986,1.1309204069486483,385,385,20.14558855444193,654.4715576171875,2.8322665691375732,
multi_join_sift_wiki_1,join,B6,0.3,0.3,781121,238390,275593.4938596491,1.1560614701105294,385,385,14.028464443981647,608.387939453125,2.9669148921966553,
multi_join_sift_wiki_1,join,B6,0.3,0.3,142780,240253,247015.58042660827,1.028147746028596,385,385,13.853234238922596,579.1044921875,3.127220392227173,
multi_join_sift_wiki_1,join,B6,0.3,0.3,428790,239912,238299.02651491793,1.0067686952341834,385,385,20.05097270011902,597.7942504882812,2.7914769649505615,
multi_join_sift_wiki_1,join,B6,0.3,0.3,322723,240322,244978.45404041343,1.0193758958414687,385,385,19.97980009764433,582.3590087890625,3.2379202842712402,
multi_join_sift_wiki_1,join,B6,0.3,0.3,588557,237251,248780.9378756775,1.048598058072158,385,385,31.427305191755295,675.9060668945312,3.222794771194458,
multi_join_sift_wiki_1,join,B6,0.3,0.3,263638,238035,250881.88896574438,1.0539705882149448,385,385,30.175731517374516,602.2055053710938,3.473875045776367,
multi_join_sift_wiki_1,join,B6,0.3,0.3,693614,240321,239124.4092994965,1.005004050837005,385,385,20.2354583889246,657.7633056640625,2.864917039871216,
multi_join_sift_wiki_1,join,B6,0.3,0.3,546912,241231,241575.4674338869,1.0014279567463837,385,385,13.734004460275173,668.2622680664062,3.3955962657928467,
multi_join_sift_wiki_1,join,B6,0.3,0.3,444449,238356,201683.90018196814,1.1818295847360383,385,385,22.982211783528328,616.3165893554688,3.01845121383667,
multi_join_sift_wiki_1,join,B6,0.3,0.3,663176,238891,247745.5116424765,1.0370650700213757,385,385,13.652068562805653,586.5355834960938,2.7545394897460938,
multi_join_sift_wiki_1,join,B6,0.3,0.3,763999,237841,243292.7809263201,1.0229219559551133,385,385,14.437549747526646,613.5013427734375,3.168591022491455,
multi_join_sift_wiki_1,join,B6,0.3,0.3,782168,237791,226615.49313412473,1.0493148403549837,385,385,19.49512865394354,596.4614868164062,2.863349199295044,
multi_join_sift_wiki_1,join,B6,0.3,0.3,673362,238492,249623.86756711977,1.0466760627908684,385,385,25.829292833805084,625.6572265625,3.1067605018615723,
multi_join_sift_wiki_1,join,B6,0.3,0.3,83904,238490,259452.29274580913,1.0878958981332933,385,385,13.77280056476593,597.96337890625,3.23327898979187,
multi_join_sift_wiki_1,join,B6,0.3,0.3,695261,240020,251828.51053118636,1.0491980273776618,385,385,14.83786478638649,608.4932250976562,2.9276514053344727,
multi_join_sift_wiki_1,join,B6,0.3,0.3,386245,241897,270800.6102551186,1.119487262161658,385,385,13.733752071857452,649.6791381835938,3.1456527709960938,
multi_join_sift_wiki_1,join,B6,0.3,0.3,69504,241332,212714.3283924954,1.1345357025254075,385,385,13.638189062476158,602.2214965820312,3.4792094230651855,
multi_join_sift_wiki_1,join,B6,0.3,0.3,681535,238950,239624.3861580449,1.0028222898432513,385,385,14.163264073431492,596.035400390625,3.5131537914276123,
multi_join_sift_wiki_1,join,B6,0.3,0.3,696279,240311,242553.44143981385,1.0093314140418619,385,385,13.610836118459702,597.126708984375,3.1599717140197754,
multi_join_sift_wiki_1,join,B6,0.3,0.3,340223,239705,241219.0202435375,1.0063161813209465,385,385,13.570724055171013,641.99267578125,3.186086893081665,
multi_join_sift_wiki_1,join,B6,0.3,0.3,690943,239538,236077.84181490284,1.0146568528350497,385,385,19.816966727375984,627.983642578125,3.3907504081726074,
multi_join_sift_wiki_1,join,B6,0.3,0.3,636616,238228,218185.42329596105,1.0918602920455043,385,385,19.886797294020653,588.7864990234375,3.1242752075195312,
multi_join_sift_wiki_1,join,B6,0.3,0.3,48106,239059,230905.26939456424,1.035312016164962,385,385,19.586965441703796,602.3505249023438,3.2600338459014893,
multi_join_sift_wiki_1,join,B6,0.3,0.3,352770,242603,248125.92822972464,1.022765292390138,385,385,19.62845027446747,560.6845703125,3.3219220638275146,
multi_join_sift_wiki_1,join,B6,0.3,0.3,536954,239448,251631.10649710475,1.0508799676635627,385,385,13.748456723988056,664.8140869140625,3.3249423503875732,
multi_join_sift_wiki_1,join,B6,0.3,0.3,752067,238968,259842.26742643138,1.0873517267016144,385,385,16.901349648833275,597.2528686523438,2.98663592338562,
multi_join_sift_wiki_1,join,B6,0.3,0.3,602570,240638,234744.1237324283,1.0251076626492674,385,385,32.3471799492836,583.1934204101562,3.009899854660034,
multi_join_sift_wiki_1,join,B6,0.3,0.3,345404,239209,248305.96995541436,1.0380293799790743,385,385,43.214280158281326,628.2376098632812,3.121225357055664,
multi_join_sift_wiki_1,join,B6,0.3,0.3,628777,238555,241428.1515611699,1.0120439796322438,385,385,48.87986183166504,599.5511474609375,3.125771999359131,
multi_join_sift_wiki_1,join,B6,0.3,0.3,137071,240371,220667.14149328484,1.0892922180138667,385,385,37.9438316449523,620.26416015625,3.0246407985687256,
multi_join_sift_wiki_1,join,B6,0.3,0.3,296404,239190,248304.51867633505,1.038105768118797,385,385,15.689275227487087,602.2861328125,3.5045063495635986,
multi_join_sift_wiki_1,join,B6,0.3,0.3,703153,238462,250829.16069380927,1.0518621864020652,385,385,45.510780066251755,593.1397094726562,3.4914815425872803,
multi_join_sift_wiki_1,join,B6,0.3,0.3,438962,240050,282500.1333327342,1.176838714154277,385,385,115.6147113069892,650.5623168945312,2.8561418056488037,
multi_join_sift_wiki_1,join,B6,0.3,0.3,33248,238508,245146.0395774762,1.0278315175066504,385,385,31.09766636043787,594.0939331054688,2.670750141143799,
multi_join_sift_wiki_1,join,B6,0.3,0.3,779894,238732,229246.79735395324,1.0413755077738416,385,385,14.16044495999813,647.0445556640625,2.8263583183288574,
multi_join_sift_wiki_1,join,B6,0.3,0.3,304120,239207,274749.4142518913,1.1485843401400935,385,385,13.67555558681488,600.5407104492188,3.010188102722168,
multi_join_sift_wiki_1,join,B6,0.3,0.3,73745,237537,259640.93316774975,1.0930546953432507,385,385,13.686263002455235,573.4336547851562,2.8961117267608643,
multi_join_sift_wiki_1,join,B6,0.3,0.3,516733,238753,240089.18843378845,1.005596530446899,385,385,13.539403676986694,601.8523559570312,3.2464287281036377,
multi_join_sift_wiki_1,join,B6,0.3,0.3,181346,239254,261914.5892372279,1.0947135230225111,385,385,19.63600516319275,615.4840087890625,3.5127456188201904,
multi_join_sift_wiki_1,join,B6,0.3,0.3,620747,239069,235755.6887203273,1.0140540035222785,385,385,13.514256104826927,607.3276977539062,3.2536380290985107,
multi_join_sift_wiki_1,join,B6,0.3,0.3,738510,237925,248563.4933977456,1.0447136425249368,385,385,19.611816853284836,603.1759643554688,2.9687752723693848,
multi_join_sift_wiki_1,join,B6,0.3,0.3,111011,238263,219841.01293105757,1.0837968622111451,385,385,13.688331469893456,672.0595092773438,3.0964415073394775,
multi_join_sift_wiki_1,join,B6,0.3,0.3,426052,240665,246184.74154063454,1.0229353729899842,385,385,19.915493205189705,587.0173950195312,3.0850300788879395,
multi_join_sift_wiki_1,join,B6,0.3,0.3,724169,238981,249476.28583227194,1.0439168211375462,385,385,19.90563329309225,598.1787719726562,3.0649054050445557,
multi_join_sift_wiki_1,join,B6,0.3,0.3,588630,239128,241225.1672688421,1.0087700615103297,385,385,19.349083304405212,588.5240478515625,3.2115602493286133,
multi_join_sift_wiki_1,join,B6,0.3,0.3,790256,238794,238543.9666670876,1.0010481645644023,385,385,23.69533944875002,603.442138671875,2.92677640914917,
multi_join_sift_wiki_1,join,B6,0.3,0.3,201003,240332,228140.39951370299,1.0534390248824157,385,385,57.203633710742,638.8582763671875,3.108808755874634,
multi_join_sift_wiki_1,join,B6,0.3,0.3,6443,238089,238492.2070662671,1.0016935140483898,385,385,36.92716918885708,604.9451293945312,3.1072123050689697,
multi_join_sift_wiki_1,join,B6,0.3,0.3,642763,240878,247028.1584427884,1.0255322546799144,385,385,20.74648067355156,606.66259765625,3.0508289337158203,
multi_join_sift_wiki_1,join,B6,0.3,0.3,193392,240333,261696.2089183921,1.0888900355689486,385,385,15.952222049236298,637.6175537109375,3.203829765319824,
multi_join_sift_wiki_1,join,B6,0.3,0.3,203755,239131,250777.3243702352,1.0487026958873387,385,385,38.5393975302577,578.7042846679688,3.1911702156066895,
multi_join_sift_wiki_1,join,B6,0.3,0.3,94462,238478,219595.3921523849,1.0859881788162102,385,385,26.530224829912186,588.868896484375,3.1797454357147217,
multi_join_sift_wiki_1,join,B6,0.3,0.3,590890,241818,188397.12059654904,1.2835546490004557,385,385,14.845281839370728,670.7697143554688,3.2003183364868164,
multi_join_sift_wiki_1,join,B6,0.3,0.3,783383,239570,233531.98418394473,1.0258551985380269,385,385,62.99641914665699,595.843994140625,3.1497702598571777,
multi_join_sift_wiki_1,join,B6,0.3,0.3,737605,239073,237323.61258479685,1.007371316305823,385,385,68.24411638081074,573.8529052734375,3.21191143989563,
multi_join_sift_wiki_1,join,B6,0.3,0.3,516560,240508,247002.11949687017,1.0270016776858573,385,385,45.920890755951405,644.7122802734375,3.3689675331115723,
multi_join_sift_wiki_1,join,B6,0.3,0.3,137642,241504,221826.98750483376,1.088704321852351,385,385,14.091428369283676,657.289306640625,3.1390323638916016,
multi_join_sift_wiki_1,join,B6,0.3,0.3,37803,239425,226481.4453956074,1.057150618152332,385,385,26.68642718344927,636.6652221679688,3.166006565093994,
multi_join_sift_wiki_1,join,B6,0.3,0.3,254800,240064,235600.4776086785,1.0189453028135842,385,385,32.228924334049225,663.0349731445312,3.1417458057403564,
multi_join_sift_wiki_1,join,B6,0.3,0.3,605930,240968,242598.64524806268,1.0067670613860042,385,385,25.62592923641205,640.2986450195312,2.994133234024048,
multi_join_sift_wiki_1,join,B6,0.3,0.3,209329,238540,245612.32479405464,1.0296483809593973,385,385,20.672304555773735,603.0780029296875,3.0829358100891113,
multi_join_sift_wiki_1,join,B6,0.3,0.3,766585,240016,238929.36049767226,1.0045479530019432,385,385,34.945703111588955,660.6202392578125,3.306943655014038,
multi_join_sift_wiki_1,join,B6,0.3,0.3,488782,237638,239555.24819592852,1.008067936087362,385,385,19.799024797976017,589.819580078125,3.3307135105133057,
multi_join_sift_wiki_1,join,B6,0.3,0.3,374559,238607,239721.27573331105,1.0046699205526706,385,385,19.814222119748592,595.7193603515625,3.3245937824249268,
multi_join_sift_wiki_1,join,B6,0.3,0.3,111780,238165,233060.19650916054,1.021903369032124,385,385,13.759611174464226,600.0362548828125,3.373533010482788,
multi_join_sift_wiki_1,join,B6,0.3,0.3,178188,238600,236045.58882897053,1.0108216856908954,385,385,22.446063347160816,680.0473022460938,3.3087639808654785,
multi_join_sift_wiki_1,join,B6,0.3,0.3,539857,237092,253503.03791216444,1.0692180162644225,385,385,19.937805831432343,613.7061157226562,3.136941432952881,
multi_join_sift_wiki_1,join,B6,0.3,0.3,781264,239520,235741.79389185045,1.0160268828270766,385,385,19.621028564870358,628.5965576171875,2.9334139823913574,
multi_join_sift_wiki_1,join,B6,0.3,0.3,771184,241652,229597.46071807566,1.0525029294497563,385,385,19.80137638747692,647.7474365234375,3.119675874710083,
multi_join_sift_wiki_1,join,B6,0.3,0.3,140785,237945,235844.17627321184,1.0089076769245915,385,385,19.515336491167545,606.3412475585938,3.075209140777588,
multi_join_sift_wiki_1,join,B6,0.3,0.3,2505,240447,250271.39540461826,1.0408588811863664,385,385,25.438708253204823,587.2365112304688,3.1343371868133545,
multi_join_sift_wiki_1,join,B6,0.3,0.3,526089,241563,226375.6432578115,1.0670891820499087,385,385,26.511209085583687,651.7289428710938,3.0387539863586426,
multi_join_sift_wiki_1,join,B6,0.3,0.3,608072,239634,233871.21962038236,1.0246408274988763,385,385,23.005752824246883,670.3943481445312,3.3516080379486084,
multi_join_sift_wiki_1,join,B6,0.3,0.3,224837,238738,212886.4771692502,1.1214333722578216,385,385,14.201396144926548,580.5911865234375,3.4280149936676025,
multi_join_sift_wiki_1,join,B6,0.3,0.3,386133,240422,211492.22281602383,1.1367888464113503,385,385,13.632970862090588,633.7213134765625,3.221763849258423,
multi_join_sift_wiki_1,join,B6,0.3,0.3,487850,240311,239446.76411246284,1.0036093028475057,385,385,50.32930802553892,644.37255859375,2.8483076095581055,
multi_join_sift_wiki_1,join,B6,0.3,0.3,340195,238803,221231.33583416583,1.0794266512905109,385,385,67.3744473606348,591.8164672851562,3.2380805015563965,
multi_join_sift_wiki_1,join,B6,0.3,0.3,122774,237850,243142.60153265414,1.022251845838361,385,385,13.916399329900742,591.92529296875,2.8582229614257812,
multi_join_sift_wiki_1,join,B6,0.3,0.3,690833,239358,240417.20149600835,1.004425176914949,385,385,18.697761930525303,619.29150390625,3.3686435222625732,
multi_join_sift_wiki_1,join,B6,0.3,0.3,686759,238761,205894.02458682942,1.1596305452726239,385,385,19.994236528873444,587.2389526367188,3.4815328121185303,
multi_join_sift_wiki_1,join,B6,0.3,0.3,154430,238446,221040.49100427495,1.0787435320861118,385,385,19.81152594089508,590.7051391601562,2.9615893363952637,
multi_join_sift_wiki_1,join,B6,0.3,0.3,630926,239870,228277.00604534615,1.0507847643329917,385,385,28.270425274968147,595.6978149414062,3.386004686355591,
multi_join_sift_wiki_1,join,B6,0.3,0.3,255248,241341,231225.31543683694,1.0437481706708984,385,385,19.81427613645792,643.5077514648438,3.1301348209381104,
multi_join_sift_wiki_1,join,B6,0.3,0.3,48107,240522,218002.84587085212,1.1032975236593403,385,385,19.793888553977013,602.0345458984375,3.2600338459014893,
multi_join_sift_wiki_1,join,B6,0.3,0.3,717611,240374,227264.18663882586,1.0576853465346416,385,385,25.8227726444602,611.8988037109375,2.774536371231079,
multi_join_sift_wiki_1,join,B6,0.3,0.3,559097,241097,216321.05311781846,1.114533220530724,385,385,25.908642448484898,623.7491455078125,3.3397130966186523,
multi_join_sift_wiki_1,join,B6,0.3,0.3,527854,239778,205112.61100996,1.1690066194338322,385,385,19.66053433716297,667.1278686523438,3.1289029121398926,
multi_join_sift_wiki_1,join,B6,0.3,0.3,692258,241509,255856.20277783385,1.059406493248011,385,385,13.689006678760052,631.0960083007812,3.7014622688293457,
multi_join_sift_wiki_1,join,B6,0.3,0.3,344709,239102,236309.3890713861,1.0118176046224312,385,385,13.695862144231796,602.4481201171875,3.0800623893737793,
multi_join_sift_wiki_1,join,B6,0.3,0.3,414737,240234,247724.34626102395,1.0311793761958088,385,385,13.934016227722168,649.0648803710938,3.3149447441101074,
multi_join_sift_wiki_1,join,B6,0.3,0.3,362610,241914,208513.5279275867,1.160183717595593,385,385,25.838115252554417,636.832275390625,3.2579312324523926,
multi_join_sift_wiki_1,join,B6,0.3,0.3,129857,239098,201282.35071429273,1.1878736469020283,385,385,56.22544977813959,601.5792236328125,3.086696147918701,
multi_join_sift_wiki_1,join,B6,0.3,0.3,210898,239577,225969.02610268415,1.0602205272643523,385,385,45.05598824471235,596.4317016601562,2.8536884784698486,
multi_join_sift_wiki_1,join,B6,0.3,0.3,793779,241025,227574.34040364594,1.0591044648201409,385,385,24.13660567253828,635.5154418945312,2.997621774673462,
multi_join_sift_wiki_1,join,B6,0.3,0.3,634727,240471,249127.43724707037,1.0359978427630374,385,385,30.20670637488365,622.5588989257812,2.794663429260254,
multi_join_sift_wiki_1,join,B6,0.3,0.3,351141,242291,231978.03929577477,1.0444566250130085,385,385,56.73647299408913,638.579833984375,3.0803444385528564,
multi_join_sift_wiki_1,join,B6,0.3,0.3,611020,240937,201023.17922079546,1.1985533257105883,385,385,44.41211186349392,654.4783325195312,2.904170274734497,
multi_join_sift_wiki_1,join,B6,0.3,0.4,145860,239711,216893.06883759098,1.1052035977207508,385,385,52.298965863883495,601.2288818359375,3.1162526607513428,
multi_join_sift_wiki_1,join,B6,0.3,0.4,359095,239596,253220.12366263138,1.0568629011445574,385,385,18.869508989155293,693.1370849609375,2.8506760597229004,
multi_join_sift_wiki_1,join,B6,0.3,0.4,286093,240287,220864.15534425416,1.0879402301630703,385,385,51.206668838858604,654.4715576171875,2.8322665691375732,
multi_join_sift_wiki_1,join,B6,0.3,0.4,781121,238390,243509.48400167085,1.0214752464519101,385,385,67.60388892143965,608.387939453125,2.9669148921966553,
multi_join_sift_wiki_1,join,B6,0.3,0.4,142780,240253,232074.45986374724,1.0352410176503457,385,385,52.1375797688961,579.1044921875,3.127220392227173,
multi_join_sift_wiki_1,join,B6,0.3,0.4,428790,239912,240804.25490480333,1.0037190924372408,385,385,41.54555685818195,597.7942504882812,2.7914769649505615,
multi_join_sift_wiki_1,join,B6,0.3,0.4,322723,240322,240103.671632341,1.0009093087422392,385,385,37.42268867790699,582.3590087890625,3.2379202842712402,
multi_join_sift_wiki_1,join,B6,0.3,0.4,588557,237251,273672.70912922715,1.153515513651058,385,385,31.24457783997059,675.9060668945312,3.222794771194458,
multi_join_sift_wiki_1,join,B6,0.3,0.4,263638,238035,202461.23614812724,1.1757065427865205,385,385,25.310195982456207,602.2055053710938,3.473875045776367,
multi_join_sift_wiki_1,join,B6,0.3,0.4,693614,240321,254598.78890117453,1.0594113244417862,385,385,39.016532711684704,657.7633056640625,2.864917039871216,
multi_join_sift_wiki_1,join,B6,0.3,0.4,546912,241231,250168.08955686106,1.0370478485636634,385,385,45.22786755114794,668.2622680664062,3.3955962657928467,
multi_join_sift_wiki_1,join,B6,0.3,0.4,444449,238356,253060.5715377466,1.0616916357790305,385,385,20.55301610380411,616.3165893554688,3.01845121383667,
multi_join_sift_wiki_1,join,B6,0.3,0.4,663176,238891,235531.56711946332,1.0142631958918389,385,385,13.686282560229301,586.5355834960938,2.7545394897460938,
multi_join_sift_wiki_1,join,B6,0.3,0.4,763999,237841,210796.1628921803,1.1282985265801675,385,385,13.707775622606277,613.5013427734375,3.168591022491455,
multi_join_sift_wiki_1,join,B6,0.3,0.4,782168,237791,237396.7046054867,1.0016609135125467,385,385,26.36990323662758,596.4614868164062,2.863349199295044,
multi_join_sift_wiki_1,join,B6,0.3,0.4,673362,238492,222476.16903469246,1.0719889731776624,385,385,34.9431112408638,625.6572265625,3.1067605018615723,
multi_join_sift_wiki_1,join,B6,0.3,0.4,83904,238490,247367.75786694192,1.0372248642162853,385,385,19.865473732352257,597.96337890625,3.23327898979187,
multi_join_sift_wiki_1,join,B6,0.3,0.4,695261,240020,271835.72899462655,1.1325544912700047,385,385,39.942665956914425,608.4932250976562,2.9276514053344727,
multi_join_sift_wiki_1,join,B6,0.3,0.4,386245,241897,243486.18672792116,1.0065696834930618,385,385,67.94990692287683,649.6791381835938,3.1456527709960938,
multi_join_sift_wiki_1,join,B6,0.3,0.4,69504,241332,215187.43433986732,1.1214967116473906,385,385,69.04547475278378,602.2214965820312,3.4792094230651855,
multi_join_sift_wiki_1,join,B6,0.3,0.4,681535,238950,255219.8354710507,1.068088869935345,385,385,14.334925450384617,596.035400390625,3.5131537914276123,
multi_join_sift_wiki_1,join,B6,0.3,0.4,696279,240311,244107.88521520217,1.015799881050814,385,385,13.714445754885674,597.126708984375,3.1599717140197754,
multi_join_sift_wiki_1,join,B6,0.3,0.4,340223,239705,250427.03754014403,1.044730137210922,385,385,19.627854228019714,641.99267578125,3.186086893081665,
multi_join_sift_wiki_1,join,B6,0.3,0.4,690943,239538,248916.22885309064,1.0391513198452464,385,385,19.5193188264966,627.983642578125,3.3907504081726074,
multi_join_sift_wiki_1,join,B6,0.3,0.4,636616,238228,265542.86443741707,1.1146584970591915,385,385,13.61144334077835,588.7864990234375,3.1242752075195312,
multi_join_sift_wiki_1,join,B6,0.3,0.4,48106,239059,236857.75883692421,1.0092935151201499,385,385,31.281882897019386,602.3505249023438,3.2600338459014893,
multi_join_sift_wiki_1,join,B6,0.3,0.4,352770,242603,246350.7590385447,1.0154481149802133,385,385,34.88942328840494,560.6845703125,3.3219220638275146,
multi_join_sift_wiki_1,join,B6,0.3,0.4,536954,239448,275388.23237388505,1.1500961894602797,385,385,43.30912325531244,664.8140869140625,3.3249423503875732,
multi_join_sift_wiki_1,join,B6,0.3,0.4,752067,238968,237703.70903365916,1.0053187683586453,385,385,24.821232073009014,597.2528686523438,2.98663592338562,
multi_join_sift_wiki_1,join,B6,0.3,0.4,602570,240638,256616.74616997322,1.066401591477544,385,385,15.718421898782253,583.1934204101562,3.009899854660034,
multi_join_sift_wiki_1,join,B6,0.3,0.4,345404,239209,224536.74066404876,1.065344581437137,385,385,16.543293371796608,628.2376098632812,3.121225357055664,
multi_join_sift_wiki_1,join,B6,0.3,0.4,628777,238555,231053.6440529444,1.0324658629722225,385,385,36.886438727378845,599.5511474609375,3.125771999359131,
multi_join_sift_wiki_1,join,B6,0.3,0.4,137071,240371,248540.65575810493,1.033987693016649,385,385,19.63440515100956,620.26416015625,3.0246407985687256,
multi_join_sift_wiki_1,join,B6,0.3,0.4,296404,239190,263715.9454216482,1.1025375033306084,385,385,19.63322889059782,602.2861328125,3.5045063495635986,
multi_join_sift_wiki_1,join,B6,0.3,0.4,703153,238462,245254.63562549397,1.0284851910387984,385,385,19.661027006804943,593.1397094726562,3.4914815425872803,
multi_join_sift_wiki_1,join,B6,0.3,0.4,438962,240050,248365.63778439205,1.034641273836251,385,385,25.49395151436329,650.5623168945312,2.8561418056488037,
multi_join_sift_wiki_1,join,B6,0.3,0.4,33248,238508,204758.61126487172,1.1648252472833522,385,385,34.18066632002592,594.0939331054688,2.670750141143799,
multi_join_sift_wiki_1,join,B6,0.3,0.4,779894,238732,212736.42093968124,1.1221961850514044,385,385,13.973073102533817,647.0445556640625,2.8263583183288574,
multi_join_sift_wiki_1,join,B6,0.3,0.4,304120,239207,249686.09301686037,1.0438076352985506,385,385,19.683764316141605,600.5407104492188,3.010188102722168,
multi_join_sift_wiki_1,join,B6,0.3,0.4,73745,237537,223708.21116845182,1.0618161879678845,385,385,42.615736834704876,573.4336547851562,2.8961117267608643,
multi_join_sift_wiki_1,join,B6,0.3,0.4,516733,238753,245119.12625152626,1.0266640681018722,385,385,38.54815103113651,601.8523559570312,3.2464287281036377,
multi_join_sift_wiki_1,join,B6,0.3,0.4,181346,239254,229379.84162315502,1.0430471932798135,385,385,87.94030454009771,615.4840087890625,3.5127456188201904,
multi_join_sift_wiki_1,join,B6,0.3,0.4,620747,239069,281194.4735393178,1.1762063401750866,385,385,19.129631109535694,607.3276977539062,3.2536380290985107,
multi_join_sift_wiki_1,join,B6,0.3,0.4,738510,237925,250536.7285297231,1.053007159944197,385,385,15.675188973546028,603.1759643554688,2.9687752723693848,
multi_join_sift_wiki_1,join,B6,0.3,0.4,111011,238263,231590.66131558843,1.0288109142506363,385,385,19.53412126749754,672.0595092773438,3.0964415073394775,
multi_join_sift_wiki_1,join,B6,0.3,0.4,426052,240665,227711.03777088047,1.0568877220706079,385,385,21.381603553891182,587.0173950195312,3.0850300788879395,
multi_join_sift_wiki_1,join,B6,0.3,0.4,724169,238981,241672.18201332566,1.0112610710195609,385,385,19.557570107281208,598.1787719726562,3.0649054050445557,
multi_join_sift_wiki_1,join,B6,0.3,0.4,588630,239128,229092.9724828562,1.0438032970125033,385,385,19.434033893048763,588.5240478515625,3.2115602493286133,
multi_join_sift_wiki_1,join,B6,0.3,0.4,790256,238794,233267.60559862125,1.0236912210214388,385,385,25.440393015742302,603.442138671875,2.92677640914917,
multi_join_sift_wiki_1,join,B6,0.3,0.4,201003,240332,216656.06944315496,1.1092788705052041,385,385,20.640847273170948,638.8582763671875,3.108808755874634,
multi_join_sift_wiki_1,join,B6,0.3,0.4,6443,238089,245953.18863969363,1.0330304576847047,385,385,13.449296355247498,604.9451293945312,3.1072123050689697,
multi_join_sift_wiki_1,join,B6,0.3,0.4,642763,240878,248783.94006420422,1.0328213455118533,385,385,13.49910069257021,606.66259765625,3.0508289337158203,
multi_join_sift_wiki_1,join,B6,0.3,0.4,193392,240333,257638.578194929,1.0720066665623489,385,385,26.040522381663322,637.6175537109375,3.203829765319824,
multi_join_sift_wiki_1,join,B6,0.3,0.4,203755,239131,257871.78626787863,1.078370375517514,385,385,25.24438127875328,578.7042846679688,3.1911702156066895,
multi_join_sift_wiki_1,join,B6,0.3,0.4,94462,238478,241189.17285032765,1.01136864973007,385,385,37.852694280445576,588.868896484375,3.1797454357147217,
multi_join_sift_wiki_1,join,B6,0.3,0.4,590890,241818,245749.31848762245,1.016257344315239,385,385,19.293632358312607,670.7697143554688,3.2003183364868164,
multi_join_sift_wiki_1,join,B6,0.3,0.4,783383,239570,253353.55211150405,1.0575345498664441,385,385,47.7348230779171,595.843994140625,3.1497702598571777,
multi_join_sift_wiki_1,join,B6,0.3,0.4,737605,239073,238639.69513535834,1.0018157283699005,385,385,53.07252425700426,573.8529052734375,3.21191143989563,
multi_join_sift_wiki_1,join,B6,0.3,0.4,516560,240508,246167.2150714867,1.023530257087027,385,385,23.814178071916103,644.7122802734375,3.3689675331115723,
multi_join_sift_wiki_1,join,B6,0.3,0.4,137642,241504,244850.66164393126,1.013857582665013,385,385,42.837005108594894,657.289306640625,3.1390323638916016,
multi_join_sift_wiki_1,join,B6,0.3,0.4,37803,239425,224339.6872313461,1.0672431746465683,385,385,67.89205595850945,636.6652221679688,3.166006565093994,
multi_join_sift_wiki_1,join,B6,0.3,0.4,254800,240064,249042.92216302254,1.0374022017587916,385,385,45.401863753795624,663.0349731445312,3.1417458057403564,
multi_join_sift_wiki_1,join,B6,0.3,0.4,605930,240968,267915.1828472311,1.111828885359181,385,385,35.51574423909187,640.2986450195312,2.994133234024048,
multi_join_sift_wiki_1,join,B6,0.3,0.4,209329,238540,226026.86562512655,1.0553612701758512,385,385,23.62365648150444,603.0780029296875,3.0829358100891113,
multi_join_sift_wiki_1,join,B6,0.3,0.4,766585,240016,229862.6125624496,1.0441715480580467,385,385,30.176624655723572,660.6202392578125,3.306943655014038,
multi_join_sift_wiki_1,join,B6,0.3,0.4,488782,237638,231210.55608593655,1.027799093704331,385,385,45.557133853435516,589.819580078125,3.3307135105133057,
multi_join_sift_wiki_1,join,B6,0.3,0.4,374559,238607,228644.91893691168,1.043570095978547,385,385,60.17083488404751,595.7193603515625,3.3245937824249268,
multi_join_sift_wiki_1,join,B6,0.3,0.4,111780,238165,246073.6238960456,1.033206490861569,385,385,59.514088556170464,600.0362548828125,3.373533010482788,
multi_join_sift_wiki_1,join,B6,0.3,0.4,178188,238600,250737.04946387984,1.0508677680799658,385,385,23.767519742250443,680.0473022460938,3.3087639808654785,
multi_join_sift_wiki_1,join,B6,0.3,0.4,539857,237092,211660.8622080469,1.1201504025196505,385,385,31.603126786649227,613.7061157226562,3.136941432952881,
multi_join_sift_wiki_1,join,B6,0.3,0.4,781264,239520,225063.7907392829,1.0642316083508225,385,385,37.993595004081726,628.5965576171875,2.9334139823913574,
multi_join_sift_wiki_1,join,B6,0.3,0.4,771184,241652,229752.2005880851,1.0517940606508036,385,385,30.789755284786224,647.7474365234375,3.119675874710083,
multi_join_sift_wiki_1,join,B6,0.3,0.4,140785,237945,218232.89356960647,1.090326009557795,385,385,38.374803960323334,606.3412475585938,3.075209140777588,
multi_join_sift_wiki_1,join,B6,0.3,0.4,2505,240447,245813.2006225963,1.0223176027257412,385,385,24.730820208787918,587.2365112304688,3.1343371868133545,
multi_join_sift_wiki_1,join,B6,0.3,0.4,526089,241563,230358.47677926696,1.048639509070332,385,385,24.807901121675968,651.7289428710938,3.0387539863586426,
multi_join_sift_wiki_1,join,B6,0.3,0.4,608072,239634,222808.444211005,1.0755157904745334,385,385,18.765754997730255,670.3943481445312,3.3516080379486084,
multi_join_sift_wiki_1,join,B6,0.3,0.4,224837,238738,220437.23840921797,1.0830202815225285,385,385,35.431831143796444,580.5911865234375,3.4280149936676025,
multi_join_sift_wiki_1,join,B6,0.3,0.4,386133,240422,225006.54932515742,1.0685111198810737,385,385,43.44818461686373,633.7213134765625,3.221763849258423,
multi_join_sift_wiki_1,join,B6,0.3,0.4,487850,240311,246672.02439130846,1.0264699676307305,385,385,45.158094726502895,644.37255859375,2.8483076095581055,
multi_join_sift_wiki_1,join,B6,0.3,0.4,340195,238803,254174.45197599503,1.0643687557358787,385,385,55.561019107699394,591.8164672851562,3.2380805015563965,
multi_join_sift_wiki_1,join,B6,0.3,0.4,122774,237850,219902.04480268524,1.081617955000915,385,385,31.99332021176815,591.92529296875,2.8582229614257812,
multi_join_sift_wiki_1,join,B6,0.3,0.4,690833,239358,236260.97802012946,1.0131084786231888,385,385,38.799126632511616,619.29150390625,3.3686435222625732,
multi_join_sift_wiki_1,join,B6,0.3,0.4,686759,238761,226612.43132171666,1.0536094538478178,385,385,25.66246222704649,587.2389526367188,3.4815328121185303,
multi_join_sift_wiki_1,join,B6,0.3,0.4,154430,238446,231977.7490700888,1.0278830661813039,385,385,31.822928227484226,590.7051391601562,2.9615893363952637,
multi_join_sift_wiki_1,join,B6,0.3,0.4,630926,239870,253690.44492009934,1.0576163960482734,385,385,38.45386207103729,595.6978149414062,3.386004686355591,
multi_join_sift_wiki_1,join,B6,0.3,0.4,255248,241341,231650.4111163099,1.0418328153919163,385,385,37.76834346354008,643.5077514648438,3.1301348209381104,
multi_join_sift_wiki_1,join,B6,0.3,0.4,48107,240522,211599.75614402533,1.1366837296177636,385,385,18.082408234477043,602.0345458984375,3.2600338459014893,
multi_join_sift_wiki_1,join,B6,0.3,0.4,717611,240374,244916.10099460583,1.018895974583798,385,385,13.553094118833542,611.8988037109375,2.774536371231079,
multi_join_sift_wiki_1,join,B6,0.3,0.4,559097,241097,245503.40445842565,1.0182764798335344,385,385,21.75737079232931,623.7491455078125,3.3397130966186523,
multi_join_sift_wiki_1,join,B6,0.3,0.4,527854,239778,250141.78180169704,1.0432224048982686,385,385,26.60680841654539,667.1278686523438,3.1289029121398926,
multi_join_sift_wiki_1,join,B6,0.3,0.4,692258,241509,234226.13271795562,1.031093316520809,385,385,25.989280082285404,631.0960083007812,3.7014622688293457,
multi_join_sift_wiki_1,join,B6,0.3,0.4,344709,239102,236582.58613445377,1.0106491940371063,385,385,56.10363185405731,602.4481201171875,3.0800623893737793,
multi_join_sift_wiki_1,join,B6,0.3,0.4,414737,240234,243506.38486697682,1.0136216558313011,385,385,35.20835004746914,649.0648803710938,3.3149447441101074,
multi_join_sift_wiki_1,join,B6,0.3,0.4,362610,241914,241944.4390360894,1.0001258258558388,385,385,27.747360058128834,636.832275390625,3.2579312324523926,
multi_join_sift_wiki_1,join,B6,0.3,0.4,129857,239098,217300.75790064948,1.100309093764488,385,385,47.424077056348324,601.5792236328125,3.086696147918701,
multi_join_sift_wiki_1,join,B6,0.3,0.4,210898,239577,239588.37818724767,1.0000474928196266,385,385,40.0719465687871,596.4317016601562,2.8536884784698486,
multi_join_sift_wiki_1,join,B6,0.3,0.4,793779,241025,247890.16264118507,1.0284831973495907,385,385,57.834078557789326,635.5154418945312,2.997621774673462,
multi_join_sift_wiki_1,join,B6,0.3,0.4,634727,240471,244145.20574955933,1.0152792051829922,385,385,38.372693583369255,622.5588989257812,2.794663429260254,
multi_join_sift_wiki_1,join,B6,0.3,0.4,351141,242291,244289.40888641804,1.0082479699469564,385,385,68.45181435346603,638.579833984375,3.0803444385528564,
multi_join_sift_wiki_1,join,B6,0.3,0.4,611020,240937,248074.19826091029,1.0296226742298207,385,385,35.993426106870174,654.4783325195312,2.904170274734497,
multi_join_sift_wiki_1,join,B6,0.3,0.5,145860,239711,275680.64062960853,1.1500541928806294,385,385,51.37336812913418,601.2288818359375,3.1162526607513428,
multi_join_sift_wiki_1,join,B6,0.3,0.5,359095,239596,248737.4084141473,1.0381534266604922,385,385,59.22683700919151,693.1370849609375,2.8506760597229004,
multi_join_sift_wiki_1,join,B6,0.3,0.5,286093,240287,226716.3268807603,1.0598575025713834,385,385,50.29832012951374,654.4715576171875,2.8322665691375732,
multi_join_sift_wiki_1,join,B6,0.3,0.5,781121,238390,234534.73799081036,1.0164379146655056,385,385,44.23697292804718,608.387939453125,2.9669148921966553,
multi_join_sift_wiki_1,join,B6,0.3,0.5,142780,240253,240628.34024734824,1.001562270803479,385,385,27.402246370911598,579.1044921875,3.127220392227173,
multi_join_sift_wiki_1,join,B6,0.3,0.5,428790,239912,227589.67432612102,1.0541427273023902,385,385,25.209099985659122,597.7942504882812,2.7914769649505615,
multi_join_sift_wiki_1,join,B6,0.3,0.5,322723,240322,264249.0498859116,1.099562461555378,385,385,47.0935357734561,582.3590087890625,3.2379202842712402,
multi_join_sift_wiki_1,join,B6,0.3,0.5,588557,237251,241935.34586861654,1.0197442618518637,385,385,37.54528425633907,675.9060668945312,3.222794771194458,
multi_join_sift_wiki_1,join,B6,0.3,0.5,263638,238035,227939.25551759833,1.0442913813133088,385,385,39.9073725566268,602.2055053710938,3.473875045776367,
multi_join_sift_wiki_1,join,B6,0.3,0.5,693614,240321,256031.97493484154,1.0653749565574442,385,385,28.415169566869736,657.7633056640625,2.864917039871216,
multi_join_sift_wiki_1,join,B6,0.3,0.5,546912,241231,256985.56213275882,1.06530902799706,385,385,41.135093197226524,668.2622680664062,3.3955962657928467,
multi_join_sift_wiki_1,join,B6,0.3,0.5,444449,238356,218376.0973279742,1.0914930842546309,385,385,33.1487562507391,616.3165893554688,3.01845121383667,
multi_join_sift_wiki_1,join,B6,0.3,0.5,663176,238891,243619.91820897255,1.0197952966372636,385,385,33.60522352159023,586.5355834960938,2.7545394897460938,
multi_join_sift_wiki_1,join,B6,0.3,0.5,763999,237841,193601.3232680363,1.2285091650469504,385,385,62.398054637014866,613.5013427734375,3.168591022491455,
multi_join_sift_wiki_1,join,B6,0.3,0.5,782168,237791,210711.9908408504,1.1285119515557243,385,385,49.74260739982128,596.4614868164062,2.863349199295044,
multi_join_sift_wiki_1,join,B6,0.3,0.5,673362,238492,250858.31654383967,1.0518521231061824,385,385,49.80233311653137,625.6572265625,3.1067605018615723,
multi_join_sift_wiki_1,join,B6,0.3,0.5,83904,238490,239457.67078326736,1.0040574899713504,385,385,49.61590655148029,597.96337890625,3.23327898979187,
multi_join_sift_wiki_1,join,B6,0.3,0.5,695261,240020,257623.45289809478,1.073341608608011,385,385,35.43096501380205,608.4932250976562,2.9276514053344727,
multi_join_sift_wiki_1,join,B6,0.3,0.5,386245,241897,212665.71709075943,1.1374517872890886,385,385,15.424487181007862,649.6791381835938,3.1456527709960938,
multi_join_sift_wiki_1,join,B6,0.3,0.5,69504,241332,232542.27180536074,1.0377984102692361,385,385,13.607583940029144,602.2214965820312,3.4792094230651855,
multi_join_sift_wiki_1,join,B6,0.3,0.5,681535,238950,229786.6019415367,1.0398778605063959,385,385,73.64010810852051,596.035400390625,3.5131537914276123,
multi_join_sift_wiki_1,join,B6,0.3,0.5,696279,240311,259437.3111499588,1.079589827972747,385,385,25.587324053049088,597.126708984375,3.1599717140197754,
multi_join_sift_wiki_1,join,B6,0.3,0.5,340223,239705,236105.55210702427,1.015245079418311,385,385,37.42903470993042,641.99267578125,3.186086893081665,
multi_join_sift_wiki_1,join,B6,0.3,0.5,690943,239538,247840.25474266143,1.0346594475309197,385,385,25.4259267821908,627.983642578125,3.3907504081726074,
multi_join_sift_wiki_1,join,B6,0.3,0.5,636616,238228,230127.51288928147,1.0351999941641739,385,385,13.750395737588406,588.7864990234375,3.1242752075195312,
multi_join_sift_wiki_1,join,B6,0.3,0.5,48106,239059,246197.29311352986,1.0298599639148907,385,385,13.756940141320229,602.3505249023438,3.2600338459014893,
multi_join_sift_wiki_1,join,B6,0.3,0.5,352770,242603,254450.6115961525,1.0488353878400205,385,385,13.568439520895481,560.6845703125,3.3219220638275146,
multi_join_sift_wiki_1,join,B6,0.3,0.5,536954,239448,239995.2226380539,1.0022853506316776,385,385,19.520755857229233,664.8140869140625,3.3249423503875732,
multi_join_sift_wiki_1,join,B6,0.3,0.5,752067,238968,224833.1018179353,1.0628684035748028,385,385,31.486039981245995,597.2528686523438,2.98663592338562,
multi_join_sift_wiki_1,join,B6,0.3,0.5,602570,240638,223067.28891593192,1.078768658414502,385,385,37.59540896862745,583.1934204101562,3.009899854660034,
multi_join_sift_wiki_1,join,B6,0.3,0.5,345404,239209,230739.74147311237,1.0367048106789811,385,385,25.388415902853012,628.2376098632812,3.121225357055664,
multi_join_sift_wiki_1,join,B6,0.3,0.5,628777,238555,231198.13962359692,1.0318205863956365,385,385,37.62265667319298,599.5511474609375,3.125771999359131,
multi_join_sift_wiki_1,join,B6,0.3,0.5,137071,240371,239500.4034243362,1.0036350526479962,385,385,25.49560833722353,620.26416015625,3.0246407985687256,
multi_join_sift_wiki_1,join,B6,0.3,0.5,296404,239190,241694.6442638739,1.0104713586014211,385,385,13.45387939363718,602.2861328125,3.5045063495635986,
multi_join_sift_wiki_1,join,B6,0.3,0.5,703153,238462,259321.87360537788,1.0874767200030944,385,385,25.502500124275684,593.1397094726562,3.4914815425872803,
multi_join_sift_wiki_1,join,B6,0.3,0.5,438962,240050,219840.18033391313,1.0919295991997022,385,385,13.515417464077473,650.5623168945312,2.8561418056488037,
multi_join_sift_wiki_1,join,B6,0.3,0.5,33248,238508,229943.66304682568,1.0372453706255444,385,385,13.624222949147224,594.0939331054688,2.670750141143799,
multi_join_sift_wiki_1,join,B6,0.3,0.5,779894,238732,249236.7020734168,1.0440020695734833,385,385,31.479905359447002,647.0445556640625,2.8263583183288574,
multi_join_sift_wiki_1,join,B6,0.3,0.5,304120,239207,260098.324297612,1.0873357564687154,385,385,26.847966946661472,600.5407104492188,3.010188102722168,
multi_join_sift_wiki_1,join,B6,0.3,0.5,73745,237537,224244.08174573808,1.0592787918895192,385,385,25.46755690127611,573.4336547851562,2.8961117267608643,
multi_join_sift_wiki_1,join,B6,0.3,0.5,516733,238753,258047.18474580973,1.0808123238066527,385,385,25.389875285327435,601.8523559570312,3.2464287281036377,
multi_join_sift_wiki_1,join,B6,0.3,0.5,181346,239254,260618.0113378545,1.0892942702644657,385,385,25.480609387159348,615.4840087890625,3.5127456188201904,
multi_join_sift_wiki_1,join,B6,0.3,0.5,620747,239069,238116.35628942482,1.0040007487323435,385,385,19.347126595675945,607.3276977539062,3.2536380290985107,
multi_join_sift_wiki_1,join,B6,0.3,0.5,738510,237925,238221.24862194972,1.0012451344833444,385,385,25.358622893691063,603.1759643554688,2.9687752723693848,
multi_join_sift_wiki_1,join,B6,0.3,0.5,111011,238263,221328.59072199216,1.0765125247613352,385,385,37.538605742156506,672.0595092773438,3.0964415073394775,
multi_join_sift_wiki_1,join,B6,0.3,0.5,426052,240665,246552.53746487427,1.0244636214857759,385,385,13.760896399617195,587.0173950195312,3.0850300788879395,
multi_join_sift_wiki_1,join,B6,0.3,0.5,724169,238981,227893.53811842567,1.0486519362203797,385,385,13.59525416046381,598.1787719726562,3.0649054050445557,
multi_join_sift_wiki_1,join,B6,0.3,0.5,588630,239128,226650.74593290544,1.0550505757911255,385,385,51.52149964123964,588.5240478515625,3.2115602493286133,
multi_join_sift_wiki_1,join,B6,0.3,0.5,790256,238794,243070.7432856568,1.0179097602354197,385,385,37.644210271537304,603.442138671875,2.92677640914917,
multi_join_sift_wiki_1,join,B6,0.3,0.5,201003,240332,222445.04897629225,1.0804106502078816,385,385,49.88265223801136,638.8582763671875,3.108808755874634,
multi_join_sift_wiki_1,join,B6,0.3,0.5,6443,238089,256362.47922244424,1.0767506236006041,385,385,31.52312058955431,604.9451293945312,3.1072123050689697,
multi_join_sift_wiki_1,join,B6,0.3,0.5,642763,240878,227380.61900305998,1.059360296652013,385,385,100.36355163902044,606.66259765625,3.0508289337158203,
multi_join_sift_wiki_1,join,B6,0.3,0.5,193392,240333,242704.3480322194,1.009866926440478,385,385,52.23188642412424,637.6175537109375,3.203829765319824,
multi_join_sift_wiki_1,join,B6,0.3,0.5,203755,239131,258326.5713457235,1.080272199529645,385,385,36.598484963178635,578.7042846679688,3.1911702156066895,
multi_join_sift_wiki_1,join,B6,0.3,0.5,94462,238478,274806.1151417844,1.152333192754822,385,385,25.62819793820381,588.868896484375,3.1797454357147217,
multi_join_sift_wiki_1,join,B6,0.3,0.5,590890,241818,252921.49899527273,1.0459167596923005,385,385,43.659716844558716,670.7697143554688,3.2003183364868164,
multi_join_sift_wiki_1,join,B6,0.3,0.5,783383,239570,238184.6058017243,1.0058164724525855,385,385,25.581998750567436,595.843994140625,3.1497702598571777,
multi_join_sift_wiki_1,join,B6,0.3,0.5,737605,239073,218344.48661092937,1.0949349063528544,385,385,19.433352164924145,573.8529052734375,3.21191143989563,
multi_join_sift_wiki_1,join,B6,0.3,0.5,516560,240508,248834.83782021937,1.0346218746163096,385,385,36.57389339059591,644.7122802734375,3.3689675331115723,
multi_join_sift_wiki_1,join,B6,0.3,0.5,137642,241504,194242.16282942222,1.243313997754863,385,385,30.833770520985126,657.289306640625,3.1390323638916016,
multi_join_sift_wiki_1,join,B6,0.3,0.5,37803,239425,253164.70064297135,1.0573862405470245,385,385,26.05547197163105,636.6652221679688,3.166006565093994,
multi_join_sift_wiki_1,join,B6,0.3,0.5,254800,240064,258324.1471044167,1.0760636626250364,385,385,37.34678868204355,663.0349731445312,3.1417458057403564,
multi_join_sift_wiki_1,join,B6,0.3,0.5,605930,240968,239022.2805497623,1.0081403266915638,385,385,47.431004233658314,640.2986450195312,2.994133234024048,
multi_join_sift_wiki_1,join,B6,0.3,0.5,209329,238540,238782.22336828875,1.0010154413024597,385,385,13.453217223286629,603.0780029296875,3.0829358100891113,
multi_join_sift_wiki_1,join,B6,0.3,0.5,766585,240016,249457.50261421636,1.0393369717611174,385,385,35.238985903561115,660.6202392578125,3.306943655014038,
multi_join_sift_wiki_1,join,B6,0.3,0.5,488782,237638,237580.75192951152,1.0002409625780857,385,385,13.32567073404789,589.819580078125,3.3307135105133057,
multi_join_sift_wiki_1,join,B6,0.3,0.5,374559,238607,217679.24126091445,1.096140351362219,385,385,19.310355186462402,595.7193603515625,3.3245937824249268,
multi_join_sift_wiki_1,join,B6,0.3,0.5,111780,238165,207403.34111970462,1.1483180488521687,385,385,19.308121874928474,600.0362548828125,3.373533010482788,
multi_join_sift_wiki_1,join,B6,0.3,0.5,178188,238600,222369.51018626805,1.0729888274707107,385,385,13.240344822406769,680.0473022460938,3.3087639808654785,
multi_join_sift_wiki_1,join,B6,0.3,0.5,539857,237092,200837.0493224365,1.1805192358674694,385,385,19.297865219414234,613.7061157226562,3.136941432952881,
multi_join_sift_wiki_1,join,B6,0.3,0.5,781264,239520,253020.7432486562,1.0563658285264537,385,385,19.160968251526356,628.5965576171875,2.9334139823913574,
multi_join_sift_wiki_1,join,B6,0.3,0.5,771184,241652,231445.45034276025,1.0440991587526318,385,385,19.168258644640446,647.7474365234375,3.119675874710083,
multi_join_sift_wiki_1,join,B6,0.3,0.5,140785,237945,257079.74684873712,1.08041667968958,385,385,19.036504440009594,606.3412475585938,3.075209140777588,
multi_join_sift_wiki_1,join,B6,0.3,0.5,2505,240447,259690.15877123637,1.0800307709026786,385,385,19.122845493257046,587.2365112304688,3.1343371868133545,
multi_join_sift_wiki_1,join,B6,0.3,0.5,526089,241563,248721.56991910847,1.0296343807582637,385,385,12.921413406729698,651.7289428710938,3.0387539863586426,
multi_join_sift_wiki_1,join,B6,0.3,0.5,608072,239634,239659.2629012688,1.0001054228584791,385,385,18.928617238998413,670.3943481445312,3.3516080379486084,
multi_join_sift_wiki_1,join,B6,0.3,0.5,224837,238738,267287.7481924512,1.1195861077518083,385,385,19.05667409300804,580.5911865234375,3.4280149936676025,
multi_join_sift_wiki_1,join,B6,0.3,0.5,386133,240422,226140.04878636068,1.0631553379876193,385,385,19.084611907601357,633.7213134765625,3.221763849258423,
multi_join_sift_wiki_1,join,B6,0.3,0.5,487850,240311,228904.64975000473,1.0498301378432136,385,385,18.977781757712364,644.37255859375,2.8483076095581055,
multi_join_sift_wiki_1,join,B6,0.3,0.5,340195,238803,224679.34767087986,1.0628613732215793,385,385,13.283571228384972,591.8164672851562,3.2380805015563965,
multi_join_sift_wiki_1,join,B6,0.3,0.5,122774,237850,233114.7609066296,1.020312909722894,385,385,13.23502417653799,591.92529296875,2.8582229614257812,
multi_join_sift_wiki_1,join,B6,0.3,0.5,690833,239358,258736.51982864668,1.0809604016938923,385,385,13.147915713489056,619.29150390625,3.3686435222625732,
multi_join_sift_wiki_1,join,B6,0.3,0.5,686759,238761,223966.11809836276,1.066058571837815,385,385,15.428315848112106,587.2389526367188,3.4815328121185303,
multi_join_sift_wiki_1,join,B6,0.3,0.5,154430,238446,240970.6954258097,1.0105881223665305,385,385,15.736776404082775,590.7051391601562,2.9615893363952637,
multi_join_sift_wiki_1,join,B6,0.3,0.5,630926,239870,236751.595582379,1.0131716299945102,385,385,13.684016652405262,595.6978149414062,3.386004686355591,
multi_join_sift_wiki_1,join,B6,0.3,0.5,255248,241341,234905.13165241096,1.0273977341504492,385,385,15.950116328895092,643.5077514648438,3.1301348209381104,
multi_join_sift_wiki_1,join,B6,0.3,0.5,48107,240522,240285.5061095655,1.0009842203729369,385,385,16.27025566995144,602.0345458984375,3.2600338459014893,
multi_join_sift_wiki_1,join,B6,0.3,0.5,717611,240374,247298.3642267116,1.028806627283781,385,385,15.614032745361328,611.8988037109375,2.774536371231079,
multi_join_sift_wiki_1,join,B6,0.3,0.5,559097,241097,213070.043313853,1.1315387008433804,385,385,13.291903771460056,623.7491455078125,3.3397130966186523,
multi_join_sift_wiki_1,join,B6,0.3,0.5,527854,239778,229971.01238466997,1.042644451201206,385,385,13.51161114871502,667.1278686523438,3.1289029121398926,
multi_join_sift_wiki_1,join,B6,0.3,0.5,692258,241509,235886.94664414861,1.023833677258677,385,385,18.010931089520454,631.0960083007812,3.7014622688293457,
multi_join_sift_wiki_1,join,B6,0.3,0.5,344709,239102,245092.2612787539,1.025053162578121,385,385,13.661769218742847,602.4481201171875,3.0800623893737793,
multi_join_sift_wiki_1,join,B6,0.3,0.5,414737,240234,281883.903009878,1.1733722246221518,385,385,13.10791540890932,649.0648803710938,3.3149447441101074,
multi_join_sift_wiki_1,join,B6,0.3,0.5,362610,241914,221685.0966409991,1.0912506238150954,385,385,27.792617678642273,636.832275390625,3.2579312324523926,
multi_join_sift_wiki_1,join,B6,0.3,0.5,129857,239098,204432.84961986757,1.1695674175876847,385,385,25.46115405857563,601.5792236328125,3.086696147918701,
multi_join_sift_wiki_1,join,B6,0.3,0.5,210898,239577,239950.98854423297,1.0015610369285572,385,385,25.228585116565228,596.4317016601562,2.8536884784698486,
multi_join_sift_wiki_1,join,B6,0.3,0.5,793779,241025,268199.40546836064,1.1127451736058942,385,385,39.646911434829235,635.5154418945312,2.997621774673462,
multi_join_sift_wiki_1,join,B6,0.3,0.5,634727,240471,235826.2072186269,1.0196958295524257,385,385,51.11364182084799,622.5588989257812,2.794663429260254,
multi_join_sift_wiki_1,join,B6,0.3,0.5,351141,242291,205762.7075715822,1.1775263013377197,385,385,37.0744951069355,638.579833984375,3.0803444385528564,
multi_join_sift_wiki_1,join,B6,0.3,0.5,611020,240937,269744.30086631567,1.1195636239611004,385,385,16.31402038037777,654.4783325195312,2.904170274734497,
multi_join_sift_wiki_1,join,B6,0.5,0.1,145860,398710,385038.62751140585,1.035506496002636,385,385,32.862333580851555,632.5885009765625,3.2196497917175293,
multi_join_sift_wiki_1,join,B6,0.5,0.1,359095,400745,394701.84025728307,1.015310695634907,385,385,25.649843737483025,712.3372192382812,2.9822144508361816,
multi_join_sift_wiki_1,join,B6,0.5,0.1,286093,400090,392087.271283554,1.0204105802523198,385,385,25.54994821548462,668.2846069335938,2.9649856090545654,
multi_join_sift_wiki_1,join,B6,0.5,0.1,781121,398604,404660.45213513705,1.0151941579490849,385,385,25.905035436153412,633.0744018554688,3.111022710800171,
multi_join_sift_wiki_1,join,B6,0.5,0.1,142780,399343,400104.82015731535,1.0019076837638705,385,385,28.862804174423218,612.7308349609375,3.2252681255340576,
multi_join_sift_wiki_1,join,B6,0.5,0.1,428790,399423,389510.6469018911,1.0254482211897165,385,385,13.57371173799038,618.5655517578125,2.9219067096710205,
multi_join_sift_wiki_1,join,B6,0.5,0.1,322723,399757,391470.4892448009,1.0211676511585457,385,385,19.66585498303175,616.322509765625,3.350651979446411,
multi_join_sift_wiki_1,join,B6,0.5,0.1,588557,400915,399319.5187205627,1.00399550035658,385,385,28.100604191422462,692.2169189453125,3.320391893386841,
multi_join_sift_wiki_1,join,B6,0.5,0.1,263638,395385,368953.8087862776,1.0716382121129777,385,385,25.48118121922016,631.7388916015625,3.5575485229492188,
multi_join_sift_wiki_1,join,B6,0.5,0.1,693614,401648,363036.7612840938,1.1063562780235665,385,385,25.581800378859043,674.3016357421875,2.99692440032959,
multi_join_sift_wiki_1,join,B6,0.5,0.1,546912,402189,392702.8304747507,1.0241561017367284,385,385,19.528819248080254,691.0267333984375,3.4822041988372803,
multi_join_sift_wiki_1,join,B6,0.5,0.1,444449,397169,363058.153711606,1.0939542217677056,385,385,13.50469421595335,640.7890625,3.1300487518310547,
multi_join_sift_wiki_1,join,B6,0.5,0.1,663176,399165,435912.4708681728,1.0920608542035821,385,385,13.639614917337894,624.8295288085938,2.868075370788574,
multi_join_sift_wiki_1,join,B6,0.5,0.1,763999,399127,414740.6264270715,1.0391194442547649,385,385,13.477501459419727,645.675537109375,3.2920217514038086,
multi_join_sift_wiki_1,join,B6,0.5,0.1,782168,398860,427422.6722787087,1.0716107713952483,385,385,13.44368513673544,636.8261108398438,3.004382610321045,
multi_join_sift_wiki_1,join,B6,0.5,0.1,673362,399669,402496.71346519515,1.007075138339964,385,385,13.502215966582298,651.6726684570312,3.2434425354003906,
multi_join_sift_wiki_1,join,B6,0.5,0.1,83904,400042,376366.13489672524,1.0629064703437556,385,385,16.582723706960678,638.3627319335938,3.318498134613037,
multi_join_sift_wiki_1,join,B6,0.5,0.1,695261,399029,398433.36033942935,1.0014949542881229,385,385,20.076547749340534,636.587158203125,3.045443058013916,
multi_join_sift_wiki_1,join,B6,0.5,0.1,386245,399811,403671.3652221938,1.0096554752675484,385,385,20.522451028227806,667.7885131835938,3.2378246784210205,
multi_join_sift_wiki_1,join,B6,0.5,0.1,69504,397908,391100.7615054328,1.0174053317318141,385,385,32.36489277333021,623.4112548828125,3.583242416381836,
multi_join_sift_wiki_1,join,B6,0.5,0.1,681535,400064,388571.05595070263,1.0295774579019479,385,385,19.87376157194376,638.0115966796875,3.599292039871216,
multi_join_sift_wiki_1,join,B6,0.5,0.1,696279,398330,385958.9947690683,1.0320526413390978,385,385,13.869804330170155,631.6973266601562,3.277513027191162,
multi_join_sift_wiki_1,join,B6,0.5,0.1,340223,397980,431823.6311453315,1.085038522401456,385,385,13.583344407379627,658.37255859375,3.294217109680176,
multi_join_sift_wiki_1,join,B6,0.5,0.1,690943,399179,358841.7718748989,1.112409511062061,385,385,13.539638370275497,639.7871704101562,3.474707841873169,
multi_join_sift_wiki_1,join,B6,0.5,0.1,636616,397845,392009.0809430559,1.0148872037425885,385,385,13.498091138899326,628.0264892578125,3.2147040367126465,
multi_join_sift_wiki_1,join,B6,0.5,0.1,48106,399067,389573.91254951863,1.0243678725517193,385,385,13.581745326519012,633.595458984375,3.3630759716033936,
multi_join_sift_wiki_1,join,B6,0.5,0.1,352770,402444,375378.85272989527,1.072100884408583,385,385,13.592240400612354,576.0859375,3.4078516960144043,
multi_join_sift_wiki_1,join,B6,0.5,0.1,536954,398632,393356.4661144813,1.0134115855209642,385,385,13.616013340651989,682.9450073242188,3.425676107406616,
multi_join_sift_wiki_1,join,B6,0.5,0.1,752067,397987,402725.98145618674,1.0119073775178253,385,385,19.677351228892803,629.4962768554688,3.1004648208618164,
multi_join_sift_wiki_1,join,B6,0.5,0.1,602570,400621,402892.72401176696,1.0056705065679705,385,385,19.867651164531708,605.43212890625,3.1115832328796387,
multi_join_sift_wiki_1,join,B6,0.5,0.1,345404,398707,435137.0242323939,1.0913704154489234,385,385,20.223692059516907,647.2669067382812,3.236467123031616,
multi_join_sift_wiki_1,join,B6,0.5,0.1,628777,397678,415087.3081619742,1.043777398201495,385,385,19.715990871191025,628.8193359375,3.219736337661743,
multi_join_sift_wiki_1,join,B6,0.5,0.1,137071,399079,406019.88316490996,1.017392253576134,385,385,24.711749516427517,644.4497680664062,3.162165880203247,
multi_join_sift_wiki_1,join,B6,0.5,0.1,296404,399804,358037.8454611494,1.116652904346065,385,385,19.900537095963955,631.6845092773438,3.6013643741607666,
multi_join_sift_wiki_1,join,B6,0.5,0.1,703153,399634,416815.97736430244,1.0429942831798658,385,385,43.85163355618715,636.4227294921875,3.570199489593506,
multi_join_sift_wiki_1,join,B6,0.5,0.1,438962,400335,419371.9559863623,1.0475525646929753,385,385,15.30037634074688,670.2269897460938,2.9620509147644043,
multi_join_sift_wiki_1,join,B6,0.5,0.1,33248,400259,400646.6082868293,1.000968393682164,385,385,20.589115098118782,626.25146484375,2.8117189407348633,
multi_join_sift_wiki_1,join,B6,0.5,0.1,779894,398996,408031.80911847006,1.0226463651727589,385,385,18.49611010402441,672.0347290039062,2.9568333625793457,
multi_join_sift_wiki_1,join,B6,0.5,0.1,304120,399128,425024.4159044131,1.0648824835752266,385,385,13.468250632286072,633.1439208984375,3.120129108428955,
multi_join_sift_wiki_1,join,B6,0.5,0.1,73745,399183,385373.10544404807,1.0358351279860056,385,385,19.759124144911766,611.1333618164062,3.0156612396240234,
multi_join_sift_wiki_1,join,B6,0.5,0.1,516733,398227,411560.8352462743,1.0334830015199228,385,385,19.423821941018105,625.33349609375,3.3524067401885986,
multi_join_sift_wiki_1,join,B6,0.5,0.1,181346,399504,420751.77723550104,1.0531853929760429,385,385,25.579120963811874,641.5231323242188,3.606886386871338,
multi_join_sift_wiki_1,join,B6,0.5,0.1,620747,399176,432321.3598970173,1.083034450711008,385,385,19.505562260746956,641.6485595703125,3.348391532897949,
multi_join_sift_wiki_1,join,B6,0.5,0.1,738510,397541,359913.25035045814,1.1045467195578451,385,385,19.524578005075455,641.4796142578125,3.110562801361084,
multi_join_sift_wiki_1,join,B6,0.5,0.1,111011,397666,403551.1215435937,1.0147991569397277,385,385,25.67429281771183,684.7930297851562,3.2114758491516113,
multi_join_sift_wiki_1,join,B6,0.5,0.1,426052,400966,391856.82238728297,1.0232461886390591,385,385,13.887784443795681,611.555908203125,3.1900951862335205,
multi_join_sift_wiki_1,join,B6,0.5,0.1,724169,399932,365496.40827505826,1.094215951088162,385,385,13.651830144226551,635.0518798828125,3.185068130493164,
multi_join_sift_wiki_1,join,B6,0.5,0.1,588630,398285,382676.7770295642,1.04078696149683,385,385,19.635041244328022,616.7924194335938,3.3296051025390625,
multi_join_sift_wiki_1,join,B6,0.5,0.1,790256,397837,381863.9775004493,1.041829089520579,385,385,47.73451015353203,632.74462890625,3.026947259902954,
multi_join_sift_wiki_1,join,B6,0.5,0.1,201003,400187,381731.56886446883,1.0483466200881166,385,385,13.624472543597221,659.1167602539062,3.2214205265045166,
multi_join_sift_wiki_1,join,B6,0.5,0.1,6443,398763,384873.5930058675,1.036088230646473,385,385,13.369678519666195,633.6627197265625,3.2246556282043457,
multi_join_sift_wiki_1,join,B6,0.5,0.1,642763,399611,389833.5630113107,1.0250810548818896,385,385,13.533997349441051,623.6600952148438,3.1688320636749268,
multi_join_sift_wiki_1,join,B6,0.5,0.1,193392,399312,390617.57961498556,1.0222581390053775,385,385,13.450105674564838,652.0947875976562,3.302262783050537,
multi_join_sift_wiki_1,join,B6,0.5,0.1,203755,401002,395378.220854492,1.0142237959727622,385,385,13.40234000235796,617.6568603515625,3.2884509563446045,
multi_join_sift_wiki_1,join,B6,0.5,0.1,94462,398108,434012.01724641875,1.0901866258563473,385,385,13.078529387712479,623.9115600585938,3.2820208072662354,
multi_join_sift_wiki_1,join,B6,0.5,0.1,590890,401658,411013.6506405271,1.023292578861935,385,385,17.564797773957253,690.3433227539062,3.3000500202178955,
multi_join_sift_wiki_1,join,B6,0.5,0.1,783383,399484,397128.64340663044,1.0059309662812659,385,385,37.73888852447271,616.9453735351562,3.240548849105835,
multi_join_sift_wiki_1,join,B6,0.5,0.1,737605,400256,378178.2689593228,1.0583791636188695,385,385,66.0705678164959,611.8055419921875,3.3159680366516113,
multi_join_sift_wiki_1,join,B6,0.5,0.1,516560,400150,431720.55691293644,1.0788968059800985,385,385,19.530788995325565,662.9786376953125,3.455428123474121,
multi_join_sift_wiki_1,join,B6,0.5,0.1,137642,399818,382001.4202963531,1.0466400875939805,385,385,27.600133791565895,675.9071044921875,3.242206335067749,
multi_join_sift_wiki_1,join,B6,0.5,0.1,37803,400972,397098.10410264076,1.0097555134545741,385,385,52.17639449983835,654.3994140625,3.2687647342681885,
multi_join_sift_wiki_1,join,B6,0.5,0.1,254800,400501,398955.03369945136,1.0038750389641988,385,385,25.757690891623497,679.9208984375,3.2437825202941895,
multi_join_sift_wiki_1,join,B6,0.5,0.1,605930,399404,423192.8729428875,1.0595609281401475,385,385,25.752202607691288,663.73876953125,3.087928295135498,
multi_join_sift_wiki_1,join,B6,0.5,0.1,209329,398628,430634.2060556282,1.0802909129705596,385,385,15.68188052624464,637.8901977539062,3.1931419372558594,
multi_join_sift_wiki_1,join,B6,0.5,0.1,766585,397630,433082.6446804231,1.0891598840138397,385,385,16.61649439483881,677.976806640625,3.410522222518921,
multi_join_sift_wiki_1,join,B6,0.5,0.1,488782,398822,405826.9735511135,1.0175641603299554,385,385,18.928131088614464,632.046630859375,3.4162635803222656,
multi_join_sift_wiki_1,join,B6,0.5,0.1,374559,398019,413028.7373052091,1.0377111075230305,385,385,19.022246822714806,626.3645629882812,3.4265925884246826,
multi_join_sift_wiki_1,join,B6,0.5,0.1,111780,398615,364568.37908177695,1.0933888479411595,385,385,18.680917099118233,629.2195434570312,3.453725576400757,
multi_join_sift_wiki_1,join,B6,0.5,0.1,178188,398892,367956.99062432424,1.0840723512908053,385,385,18.88360921293497,702.2760620117188,3.4229471683502197,
multi_join_sift_wiki_1,join,B6,0.5,0.1,539857,395988,397543.8764447828,1.0039290999848047,385,385,18.873165361583233,628.4251708984375,3.2578957080841064,
multi_join_sift_wiki_1,join,B6,0.5,0.1,781264,399752,413648.75167735777,1.0347634325215578,385,385,18.76104064285755,647.1472778320312,3.049591064453125,
multi_join_sift_wiki_1,join,B6,0.5,0.1,771184,400317,398147.3512148799,1.0054493613444866,385,385,25.308196432888508,662.8325805664062,3.250993251800537,
multi_join_sift_wiki_1,join,B6,0.5,0.1,140785,397776,396943.63381924346,1.0020969379776867,385,385,27.463302947580814,634.4077758789062,3.1912899017333984,
multi_join_sift_wiki_1,join,B6,0.5,0.1,2505,400312,393019.8667585534,1.0185541084769805,385,385,21.63510210812092,620.676513671875,3.262022018432617,
multi_join_sift_wiki_1,join,B6,0.5,0.1,526089,399544,375308.8712014187,1.0645738234777162,385,385,28.715364634990692,671.0541381835938,3.1631457805633545,
multi_join_sift_wiki_1,join,B6,0.5,0.1,608072,399945,440916.5553585521,1.1024429743053472,385,385,28.623624704778194,691.0638427734375,3.4596242904663086,
multi_join_sift_wiki_1,join,B6,0.5,0.1,224837,399138,362251.00923565595,1.1018271580310433,385,385,16.837391071021557,616.2449951171875,3.5153305530548096,
multi_join_sift_wiki_1,join,B6,0.5,0.1,386133,401137,395333.7766236065,1.01467930068095,385,385,15.52770659327507,652.3587036132812,3.3409440517425537,
multi_join_sift_wiki_1,join,B6,0.5,0.1,487850,399959,419396.4904832792,1.0485987075757246,385,385,28.42666581273079,659.6744995117188,2.9737961292266846,
multi_join_sift_wiki_1,join,B6,0.5,0.1,340195,397449,405176.7700414343,1.019443425550031,385,385,28.616751544177532,623.8457641601562,3.3361666202545166,
multi_join_sift_wiki_1,join,B6,0.5,0.1,122774,399352,357665.9921785012,1.1165501018634572,385,385,16.61631278693676,628.59130859375,2.9925975799560547,
multi_join_sift_wiki_1,join,B6,0.5,0.1,690833,398113,400186.5262406997,1.0052083861634755,385,385,16.684606671333313,642.1257934570312,3.4445395469665527,
multi_join_sift_wiki_1,join,B6,0.5,0.1,686759,399024,423184.17709500156,1.0605481802974297,385,385,15.189128927886486,624.73828125,3.5822367668151855,
multi_join_sift_wiki_1,join,B6,0.5,0.1,154430,398343,432760.5060530774,1.0864016841091155,385,385,14.23502154648304,628.089599609375,3.0902206897735596,
multi_join_sift_wiki_1,join,B6,0.5,0.1,630926,398221,359026.2211227847,1.1091696833580602,385,385,13.411360792815685,623.988525390625,3.4742069244384766,
multi_join_sift_wiki_1,join,B6,0.5,0.1,255248,399649,356691.6480685278,1.1204327383724422,385,385,13.330936431884766,660.080810546875,3.2602715492248535,
multi_join_sift_wiki_1,join,B6,0.5,0.1,48107,398839,384433.4119670583,1.0374722580933629,385,385,13.255340047180653,630.8929443359375,3.3630759716033936,
multi_join_sift_wiki_1,join,B6,0.5,0.1,717611,401762,402966.3222681557,1.0029976012369406,385,385,19.281859509646893,630.0626831054688,2.9142706394195557,
multi_join_sift_wiki_1,join,B6,0.5,0.1,559097,401340,395170.49288112886,1.0156122666798582,385,385,24.612965993583202,636.3766479492188,3.4353229999542236,
multi_join_sift_wiki_1,join,B6,0.5,0.1,527854,398552,376027.78540683474,1.0599003995643452,385,385,19.348726607859135,680.32568359375,3.2362077236175537,
multi_join_sift_wiki_1,join,B6,0.5,0.1,692258,401666,417911.11499271466,1.0404443368189358,385,385,13.357332907617092,648.314697265625,3.776059865951538,
multi_join_sift_wiki_1,join,B6,0.5,0.1,344709,398277,414043.3750488254,1.0395864562825003,385,385,13.408190570771694,633.8763427734375,3.213989496231079,
multi_join_sift_wiki_1,join,B6,0.5,0.1,414737,400491,412230.9266635715,1.0293138339277823,385,385,13.380292803049088,672.5734252929688,3.403557300567627,
multi_join_sift_wiki_1,join,B6,0.5,0.1,362610,400830,415267.8826011123,1.0360199650752495,385,385,13.340952806174755,656.8014526367188,3.365111827850342,
multi_join_sift_wiki_1,join,B6,0.5,0.1,129857,399316,400008.23913929204,1.00173356223966,385,385,13.134579174220562,637.5941162109375,3.189283847808838,
multi_join_sift_wiki_1,join,B6,0.5,0.1,210898,400115,429652.7095614304,1.0738230497767651,385,385,13.35418876260519,625.4658813476562,2.9655251502990723,
multi_join_sift_wiki_1,join,B6,0.5,0.1,793779,399147,380495.0014484054,1.0490203510705614,385,385,13.17841000854969,650.0462036132812,3.1118245124816895,
multi_join_sift_wiki_1,join,B6,0.5,0.1,634727,399603,366967.8564514858,1.0889318859261687,385,385,13.187083415687084,638.8820190429688,2.9159677028656006,
multi_join_sift_wiki_1,join,B6,0.5,0.1,351141,399713,416055.0506722678,1.040884461281639,385,385,13.428854756057262,652.2698974609375,3.1640126705169678,
multi_join_sift_wiki_1,join,B6,0.5,0.1,611020,400454,410732.37195821013,1.025666798079705,385,385,14.980420470237732,670.04150390625,3.011030912399292,
multi_join_sift_wiki_1,join,B6,0.5,0.2,145860,398710,369541.0117550316,1.0789330204689285,385,385,15.153485350310802,632.5885009765625,3.2196497917175293,
multi_join_sift_wiki_1,join,B6,0.5,0.2,359095,400745,407332.06872685277,1.016437057796985,385,385,30.811825767159462,712.3372192382812,2.9822144508361816,
multi_join_sift_wiki_1,join,B6,0.5,0.2,286093,400090,404874.3876041915,1.0119582783978391,385,385,14.262928627431393,668.2846069335938,2.9649856090545654,
multi_join_sift_wiki_1,join,B6,0.5,0.2,781121,398604,364247.1249152378,1.094322982213675,385,385,14.577885158360004,633.0744018554688,3.111022710800171,
multi_join_sift_wiki_1,join,B6,0.5,0.2,142780,399343,410491.8417682051,1.0279179596692696,385,385,13.579638674855232,612.7308349609375,3.2252681255340576,
multi_join_sift_wiki_1,join,B6,0.5,0.2,428790,399423,390340.6935796604,1.0232676391924433,385,385,17.314269207417965,618.5655517578125,2.9219067096710205,
multi_join_sift_wiki_1,join,B6,0.5,0.2,322723,399757,408364.49212713336,1.021531810892951,385,385,16.43206924200058,616.322509765625,3.350651979446411,
multi_join_sift_wiki_1,join,B6,0.5,0.2,588557,400915,423144.662498255,1.055447320499994,385,385,19.955670461058617,692.2169189453125,3.320391893386841,
multi_join_sift_wiki_1,join,B6,0.5,0.2,263638,395385,404819.60868152365,1.0238618275390408,385,385,16.460219398140907,631.7388916015625,3.5575485229492188,
multi_join_sift_wiki_1,join,B6,0.5,0.2,693614,401648,409718.0506917336,1.0200923462627316,385,385,16.896061599254608,674.3016357421875,2.99692440032959,
multi_join_sift_wiki_1,join,B6,0.5,0.2,546912,402189,422459.39648817724,1.0504001762558828,385,385,18.542236648499966,691.0267333984375,3.4822041988372803,
multi_join_sift_wiki_1,join,B6,0.5,0.2,444449,397169,404241.4635414196,1.0178071892353622,385,385,19.60960403084755,640.7890625,3.1300487518310547,
multi_join_sift_wiki_1,join,B6,0.5,0.2,663176,399165,374063.02602911595,1.067106268794741,385,385,18.224889412522316,624.8295288085938,2.868075370788574,
multi_join_sift_wiki_1,join,B6,0.5,0.2,763999,399127,383296.0100454776,1.0413022560622118,385,385,19.729554653167725,645.675537109375,3.2920217514038086,
multi_join_sift_wiki_1,join,B6,0.5,0.2,782168,398860,395500.62383150385,1.0084939844998255,385,385,18.101029098033905,636.8261108398438,3.004382610321045,
multi_join_sift_wiki_1,join,B6,0.5,0.2,673362,399669,418434.73039736005,1.046953179749643,385,385,18.71709991246462,651.6726684570312,3.2434425354003906,
multi_join_sift_wiki_1,join,B6,0.5,0.2,83904,400042,396707.79103990697,1.0084046974508691,385,385,23.196227848529816,638.3627319335938,3.318498134613037,
multi_join_sift_wiki_1,join,B6,0.5,0.2,695261,399029,389745.00796976016,1.0238206823445963,385,385,22.587806917726994,636.587158203125,3.045443058013916,
multi_join_sift_wiki_1,join,B6,0.5,0.2,386245,399811,380222.09098249034,1.0515196499153747,385,385,24.75525811314583,667.7885131835938,3.2378246784210205,
multi_join_sift_wiki_1,join,B6,0.5,0.2,69504,397908,391197.8075835437,1.0171529397311954,385,385,16.138505190610886,623.4112548828125,3.583242416381836,
multi_join_sift_wiki_1,join,B6,0.5,0.2,681535,400064,425256.17773714004,1.0629703690837966,385,385,25.475850328803062,638.0115966796875,3.599292039871216,
multi_join_sift_wiki_1,join,B6,0.5,0.2,696279,398330,389572.0277940546,1.0224810088535803,385,385,49.632757902145386,631.6973266601562,3.277513027191162,
multi_join_sift_wiki_1,join,B6,0.5,0.2,340223,397980,406632.98439456604,1.0217422593963668,385,385,22.20865059643984,658.37255859375,3.294217109680176,
multi_join_sift_wiki_1,join,B6,0.5,0.2,690943,399179,373390.86149587046,1.0690647285817807,385,385,26.68110281229019,639.7871704101562,3.474707841873169,
multi_join_sift_wiki_1,join,B6,0.5,0.2,636616,397845,360975.46778498223,1.1021386091449832,385,385,31.76028374582529,628.0264892578125,3.2147040367126465,
multi_join_sift_wiki_1,join,B6,0.5,0.2,48106,399067,384052.69113253255,1.039094398279548,385,385,42.8315345197916,633.595458984375,3.3630759716033936,
multi_join_sift_wiki_1,join,B6,0.5,0.2,352770,402444,402460.6042897877,1.0000412586342142,385,385,48.89649525284767,576.0859375,3.4078516960144043,
multi_join_sift_wiki_1,join,B6,0.5,0.2,536954,398632,418968.18612068286,1.051014936384141,385,385,37.498753517866135,682.9450073242188,3.425676107406616,
multi_join_sift_wiki_1,join,B6,0.5,0.2,752067,397987,415683.2851665111,1.044464480413961,385,385,59.57657843828201,629.4962768554688,3.1004648208618164,
multi_join_sift_wiki_1,join,B6,0.5,0.2,602570,400621,434195.4926255061,1.0838061225584932,385,385,13.515238650143147,605.43212890625,3.1115832328796387,
multi_join_sift_wiki_1,join,B6,0.5,0.2,345404,398707,403900.04960059724,1.013024726429677,385,385,13.735026121139526,647.2669067382812,3.236467123031616,
multi_join_sift_wiki_1,join,B6,0.5,0.2,628777,397678,398189.46707439265,1.001286133692064,385,385,13.275334611535072,628.8193359375,3.219736337661743,
multi_join_sift_wiki_1,join,B6,0.5,0.2,137071,399079,395357.99586456735,1.0094117336043642,385,385,19.387281499803066,644.4497680664062,3.162165880203247,
multi_join_sift_wiki_1,join,B6,0.5,0.2,296404,399804,404948.35728672217,1.012867198143896,385,385,19.447057507932186,631.6845092773438,3.6013643741607666,
multi_join_sift_wiki_1,join,B6,0.5,0.2,703153,399634,419095.0805039731,1.0486972592521484,385,385,19.42416373640299,636.4227294921875,3.570199489593506,
multi_join_sift_wiki_1,join,B6,0.5,0.2,438962,400335,411899.2683195356,1.0288864783732015,385,385,26.67153999209404,670.2269897460938,2.9620509147644043,
multi_join_sift_wiki_1,join,B6,0.5,0.2,33248,400259,391649.2798652043,1.021983240050279,385,385,22.557778283953667,626.25146484375,2.8117189407348633,
multi_join_sift_wiki_1,join,B6,0.5,0.2,779894,398996,409838.37268424727,1.0271741387990037,385,385,30.785823240876198,672.0347290039062,2.9568333625793457,
multi_join_sift_wiki_1,join,B6,0.5,0.2,304120,399128,390047.8153931364,1.0232796704622265,385,385,19.08652111887932,633.1439208984375,3.120129108428955,
multi_join_sift_wiki_1,join,B6,0.5,0.2,73745,399183,445827.27189602074,1.1168493445262466,385,385,28.881427831947803,611.1333618164062,3.0156612396240234,
multi_join_sift_wiki_1,join,B6,0.5,0.2,516733,398227,378285.0868002355,1.052716625359052,385,385,26.922037824988365,625.33349609375,3.3524067401885986,
multi_join_sift_wiki_1,join,B6,0.5,0.2,181346,399504,431961.4742360597,1.0812444286817147,385,385,19.577053375542164,641.5231323242188,3.606886386871338,
multi_join_sift_wiki_1,join,B6,0.5,0.2,620747,399176,408156.00441591436,1.0224963535280538,385,385,19.62339226156473,641.6485595703125,3.348391532897949,
multi_join_sift_wiki_1,join,B6,0.5,0.2,738510,397541,413906.37389896135,1.0411665058420674,385,385,25.5428459495306,641.4796142578125,3.110562801361084,
multi_join_sift_wiki_1,join,B6,0.5,0.2,111011,397666,407087.67656041065,1.023692436769577,385,385,19.4793539121747,684.7930297851562,3.2114758491516113,
multi_join_sift_wiki_1,join,B6,0.5,0.2,426052,400966,409455.0953775967,1.0211716090082368,385,385,21.901091560721397,611.555908203125,3.1900951862335205,
multi_join_sift_wiki_1,join,B6,0.5,0.2,724169,399932,374895.7904897734,1.066781783485802,385,385,38.40254992246628,635.0518798828125,3.185068130493164,
multi_join_sift_wiki_1,join,B6,0.5,0.2,588630,398285,381059.5534675139,1.0452040799810431,385,385,19.571403972804546,616.7924194335938,3.3296051025390625,
multi_join_sift_wiki_1,join,B6,0.5,0.2,790256,397837,365131.69807464635,1.0895712481217326,385,385,19.37534101307392,632.74462890625,3.026947259902954,
multi_join_sift_wiki_1,join,B6,0.5,0.2,201003,400187,415409.4723248973,1.038038397861243,385,385,19.414368085563183,659.1167602539062,3.2214205265045166,
multi_join_sift_wiki_1,join,B6,0.5,0.2,6443,398763,359766.4700213632,1.1083940089700999,385,385,19.259811379015446,633.6627197265625,3.2246556282043457,
multi_join_sift_wiki_1,join,B6,0.5,0.2,642763,399611,371280.8040856521,1.0763039607827727,385,385,37.890978157520294,623.6600952148438,3.1688320636749268,
multi_join_sift_wiki_1,join,B6,0.5,0.2,193392,399312,385091.8179329772,1.0369267312490595,385,385,45.20311765372753,652.0947875976562,3.302262783050537,
multi_join_sift_wiki_1,join,B6,0.5,0.2,203755,401002,377470.7849331034,1.0623391690328217,385,385,38.224294781684875,617.6568603515625,3.2884509563446045,
multi_join_sift_wiki_1,join,B6,0.5,0.2,94462,398108,394163.6119778333,1.010006981624647,385,385,22.822750732302666,623.9115600585938,3.2820208072662354,
multi_join_sift_wiki_1,join,B6,0.5,0.2,590890,401658,395960.88601267553,1.0143880726318562,385,385,14.067255891859531,690.3433227539062,3.3000500202178955,
multi_join_sift_wiki_1,join,B6,0.5,0.2,783383,399484,374194.24719721265,1.0675845579995216,385,385,33.77605974674225,616.9453735351562,3.240548849105835,
multi_join_sift_wiki_1,join,B6,0.5,0.2,737605,400256,406174.89503175026,1.0147877734043969,385,385,19.70291417092085,611.8055419921875,3.3159680366516113,
multi_join_sift_wiki_1,join,B6,0.5,0.2,516560,400150,408750.0351669784,1.0214920284067934,385,385,19.335739314556122,662.9786376953125,3.455428123474121,
multi_join_sift_wiki_1,join,B6,0.5,0.2,137642,399818,409795.4488454098,1.0249549766278903,385,385,19.586874172091484,675.9071044921875,3.242206335067749,
multi_join_sift_wiki_1,join,B6,0.5,0.2,37803,400972,385930.79389061616,1.0389738428430433,385,385,23.528018034994602,654.3994140625,3.2687647342681885,
multi_join_sift_wiki_1,join,B6,0.5,0.2,254800,400501,387181.1364492776,1.034402150045002,385,385,40.397580713033676,679.9208984375,3.2437825202941895,
multi_join_sift_wiki_1,join,B6,0.5,0.2,605930,399404,411355.8868414508,1.0299243043170594,385,385,27.275554835796356,663.73876953125,3.087928295135498,
multi_join_sift_wiki_1,join,B6,0.5,0.2,209329,398628,389747.0602280157,1.0227864188809754,385,385,41.1733640357852,637.8901977539062,3.1931419372558594,
multi_join_sift_wiki_1,join,B6,0.5,0.2,766585,397630,392325.32334518677,1.0135211171422291,385,385,31.22172225266695,677.976806640625,3.410522222518921,
multi_join_sift_wiki_1,join,B6,0.5,0.2,488782,398822,444303.01059482316,1.1140383694851919,385,385,17.50969886779785,632.046630859375,3.4162635803222656,
multi_join_sift_wiki_1,join,B6,0.5,0.2,374559,398019,383853.7599193777,1.0369026998292201,385,385,20.687655545771122,626.3645629882812,3.4265925884246826,
multi_join_sift_wiki_1,join,B6,0.5,0.2,111780,398615,377174.15594420437,1.0568460052681006,385,385,33.88549108058214,629.2195434570312,3.453725576400757,
multi_join_sift_wiki_1,join,B6,0.5,0.2,178188,398892,384624.9768933885,1.0370933349722788,385,385,46.402161940932274,702.2760620117188,3.4229471683502197,
multi_join_sift_wiki_1,join,B6,0.5,0.2,539857,395988,406536.46342907584,1.0266383411342663,385,385,33.24494883418083,628.4251708984375,3.2578957080841064,
multi_join_sift_wiki_1,join,B6,0.5,0.2,781264,399752,388195.79003941966,1.0297690244384332,385,385,13.420823030173779,647.1472778320312,3.049591064453125,
multi_join_sift_wiki_1,join,B6,0.5,0.2,771184,400317,417468.52159409225,1.0428448494420477,385,385,14.217179268598557,662.8325805664062,3.250993251800537,
multi_join_sift_wiki_1,join,B6,0.5,0.2,140785,397776,396621.0857601303,1.0029118831079198,385,385,15.945227816700935,634.4077758789062,3.1912899017333984,
multi_join_sift_wiki_1,join,B6,0.5,0.2,2505,400312,382201.4889984141,1.0473847212082972,385,385,25.37238784134388,620.676513671875,3.262022018432617,
multi_join_sift_wiki_1,join,B6,0.5,0.2,526089,399544,434715.0415667453,1.0880279557864598,385,385,40.61195719987154,671.0541381835938,3.1631457805633545,
multi_join_sift_wiki_1,join,B6,0.5,0.2,608072,399945,403007.03503383195,1.0076561403038717,385,385,51.68510880321264,691.0638427734375,3.4596242904663086,
multi_join_sift_wiki_1,join,B6,0.5,0.2,224837,399138,371964.69689631835,1.073053446551289,385,385,51.5501219779253,616.2449951171875,3.5153305530548096,
multi_join_sift_wiki_1,join,B6,0.5,0.2,386133,401137,404126.51290873956,1.0074525982612912,385,385,15.906449407339096,652.3587036132812,3.3409440517425537,
multi_join_sift_wiki_1,join,B6,0.5,0.2,487850,399959,391302.4829604127,1.022122315642099,385,385,21.178782917559147,659.6744995117188,2.9737961292266846,
multi_join_sift_wiki_1,join,B6,0.5,0.2,340195,397449,386086.8159609998,1.0294290909952954,385,385,22.65017945319414,623.8457641601562,3.3361666202545166,
multi_join_sift_wiki_1,join,B6,0.5,0.2,122774,399352,395421.5465647025,1.0099399070926813,385,385,27.734575793147087,628.59130859375,2.9925975799560547,
multi_join_sift_wiki_1,join,B6,0.5,0.2,690833,398113,379453.1613355371,1.0491756047012155,385,385,21.429892629384995,642.1257934570312,3.4445395469665527,
multi_join_sift_wiki_1,join,B6,0.5,0.2,686759,399024,413907.2025282797,1.037299015919543,385,385,21.204243414103985,624.73828125,3.5822367668151855,
multi_join_sift_wiki_1,join,B6,0.5,0.2,154430,398343,413412.35772586113,1.0378301055267976,385,385,19.620989449322224,628.089599609375,3.0902206897735596,
multi_join_sift_wiki_1,join,B6,0.5,0.2,630926,398221,382133.7857756994,1.042098382354873,385,385,19.702791236341,623.988525390625,3.4742069244384766,
multi_join_sift_wiki_1,join,B6,0.5,0.2,255248,399649,396183.9279020735,1.008746119804191,385,385,19.509658217430115,660.080810546875,3.2602715492248535,
multi_join_sift_wiki_1,join,B6,0.5,0.2,48107,398839,381069.43562945374,1.0466307783021074,385,385,13.807903043925762,630.8929443359375,3.3630759716033936,
multi_join_sift_wiki_1,join,B6,0.5,0.2,717611,401762,401575.70697189803,1.0004639051239097,385,385,29.49995081871748,630.0626831054688,2.9142706394195557,
multi_join_sift_wiki_1,join,B6,0.5,0.2,559097,401340,378055.68194724637,1.0615896524364439,385,385,28.9219431579113,636.3766479492188,3.4353229999542236,
multi_join_sift_wiki_1,join,B6,0.5,0.2,527854,398552,400780.5948704799,1.0055917292360341,385,385,13.04848026484251,680.32568359375,3.2362077236175537,
multi_join_sift_wiki_1,join,B6,0.5,0.2,692258,401666,373678.4016865037,1.0748975541192138,385,385,13.242783024907112,648.314697265625,3.776059865951538,
multi_join_sift_wiki_1,join,B6,0.5,0.2,344709,398277,393558.892495766,1.0119883138056263,385,385,13.206196017563343,633.8763427734375,3.213989496231079,
multi_join_sift_wiki_1,join,B6,0.5,0.2,414737,400491,382287.1305251992,1.047618316237305,385,385,13.193690218031406,672.5734252929688,3.403557300567627,
multi_join_sift_wiki_1,join,B6,0.5,0.2,362610,400830,415218.75894445495,1.0358974102349,385,385,19.129998050630093,656.8014526367188,3.365111827850342,
multi_join_sift_wiki_1,join,B6,0.5,0.2,129857,399316,447658.954559248,1.121064406533292,385,385,25.141744874417782,637.5941162109375,3.189283847808838,
multi_join_sift_wiki_1,join,B6,0.5,0.2,210898,400115,370165.9708046573,1.0809070297041088,385,385,13.341153040528297,625.4658813476562,2.9655251502990723,
multi_join_sift_wiki_1,join,B6,0.5,0.2,793779,399147,402109.43999517,1.007421927247781,385,385,13.09716422110796,650.0462036132812,3.1118245124816895,
multi_join_sift_wiki_1,join,B6,0.5,0.2,634727,399603,415703.4609844375,1.040291141418952,385,385,13.05842399597168,638.8820190429688,2.9159677028656006,
multi_join_sift_wiki_1,join,B6,0.5,0.2,351141,399713,411653.8337091171,1.0298735185223324,385,385,13.208474963903427,652.2698974609375,3.1640126705169678,
multi_join_sift_wiki_1,join,B6,0.5,0.2,611020,400454,390543.6979761074,1.0253756546969013,385,385,13.004637323319912,670.04150390625,3.011030912399292,
multi_join_sift_wiki_1,join,B6,0.5,0.3,145860,398710,399102.78712083667,1.000985144894376,385,385,13.077517971396446,632.5885009765625,3.2196497917175293,
multi_join_sift_wiki_1,join,B6,0.5,0.3,359095,400745,384132.41298991686,1.0432470326593326,385,385,13.034630566835403,712.3372192382812,2.9822144508361816,
multi_join_sift_wiki_1,join,B6,0.5,0.3,286093,400090,419757.9920088684,1.0491589192653363,385,385,13.02248053252697,668.2846069335938,2.9649856090545654,
multi_join_sift_wiki_1,join,B6,0.5,0.3,781121,398604,386326.15346222307,1.0317810389686122,385,385,12.90477067232132,633.0744018554688,3.111022710800171,
multi_join_sift_wiki_1,join,B6,0.5,0.3,142780,399343,403248.0435145201,1.0097786702521896,385,385,13.058842159807682,612.7308349609375,3.2252681255340576,
multi_join_sift_wiki_1,join,B6,0.5,0.3,428790,399423,364081.2560879848,1.0970710337899803,385,385,14.983464032411575,618.5655517578125,2.9219067096710205,
multi_join_sift_wiki_1,join,B6,0.5,0.3,322723,399757,400324.20367350825,1.001418871147993,385,385,13.864697888493538,616.322509765625,3.350651979446411,
multi_join_sift_wiki_1,join,B6,0.5,0.3,588557,400915,405572.3666726451,1.0116168431529005,385,385,31.635037623345852,692.2169189453125,3.320391893386841,
multi_join_sift_wiki_1,join,B6,0.5,0.3,263638,395385,398492.9346808776,1.0078605275386714,385,385,33.564903773367405,631.7388916015625,3.5575485229492188,
multi_join_sift_wiki_1,join,B6,0.5,0.3,693614,401648,410292.5692705132,1.021522749448555,385,385,69.53792739659548,674.3016357421875,2.99692440032959,
multi_join_sift_wiki_1,join,B6,0.5,0.3,546912,402189,408074.77882823366,1.0146343605325696,385,385,45.523352921009064,691.0267333984375,3.4822041988372803,
multi_join_sift_wiki_1,join,B6,0.5,0.3,444449,397169,425682.07435526745,1.0717907851702109,385,385,15.653837472200394,640.7890625,3.1300487518310547,
multi_join_sift_wiki_1,join,B6,0.5,0.3,663176,399165,395928.0344706583,1.008175641145668,385,385,37.71948628127575,624.8295288085938,2.868075370788574,
multi_join_sift_wiki_1,join,B6,0.5,0.3,763999,399127,389729.57842042577,1.0241126722217544,385,385,19.84613761305809,645.675537109375,3.2920217514038086,
multi_join_sift_wiki_1,join,B6,0.5,0.3,782168,398860,405884.39042074006,1.017611167880309,385,385,36.8595365434885,636.8261108398438,3.004382610321045,
multi_join_sift_wiki_1,join,B6,0.5,0.3,673362,399669,407054.86960202135,1.018479966177065,385,385,43.83101500570774,651.6726684570312,3.2434425354003906,
multi_join_sift_wiki_1,join,B6,0.5,0.3,83904,400042,404960.7259501721,1.0122955238454265,385,385,43.733601458370686,638.3627319335938,3.318498134613037,
multi_join_sift_wiki_1,join,B6,0.5,0.3,695261,399029,405672.7057953922,1.0166496815905417,385,385,16.45634789019823,636.587158203125,3.045443058013916,
multi_join_sift_wiki_1,join,B6,0.5,0.3,386245,399811,414047.27933622734,1.0356075228951362,385,385,48.567415215075016,667.7885131835938,3.2378246784210205,
multi_join_sift_wiki_1,join,B6,0.5,0.3,69504,397908,403411.19503362296,1.0138303201584864,385,385,51.93621292710304,623.4112548828125,3.583242416381836,
multi_join_sift_wiki_1,join,B6,0.5,0.3,681535,400064,411841.4303089502,1.0294388655538869,385,385,38.58901374042034,638.0115966796875,3.599292039871216,
multi_join_sift_wiki_1,join,B6,0.5,0.3,696279,398330,385907.5744968987,1.0321901572398422,385,385,32.629333436489105,631.6973266601562,3.277513027191162,
multi_join_sift_wiki_1,join,B6,0.5,0.3,340223,397980,435454.53340574296,1.0941618508612065,385,385,14.359605498611927,658.37255859375,3.294217109680176,
multi_join_sift_wiki_1,join,B6,0.5,0.3,690943,399179,347826.1990629806,1.1476392551089027,385,385,18.3857548981905,639.7871704101562,3.474707841873169,
multi_join_sift_wiki_1,join,B6,0.5,0.3,636616,397845,385163.8294251899,1.0329240951668157,385,385,26.12277027219534,628.0264892578125,3.2147040367126465,
multi_join_sift_wiki_1,join,B6,0.5,0.3,48106,399067,380214.98083645006,1.0495825259753748,385,385,26.554420590400696,633.595458984375,3.3630759716033936,
multi_join_sift_wiki_1,join,B6,0.5,0.3,352770,402444,426784.10823909467,1.0604807333171689,385,385,14.79438878595829,576.0859375,3.4078516960144043,
multi_join_sift_wiki_1,join,B6,0.5,0.3,536954,398632,379686.05730903556,1.0498989687038833,385,385,46.60633206367493,682.9450073242188,3.425676107406616,
multi_join_sift_wiki_1,join,B6,0.5,0.3,752067,397987,385725.35290981014,1.0317885433189475,385,385,52.96836420893669,629.4962768554688,3.1004648208618164,
multi_join_sift_wiki_1,join,B6,0.5,0.3,602570,400621,398113.2709557279,1.0062990340368507,385,385,40.47306068241596,605.43212890625,3.1115832328796387,
multi_join_sift_wiki_1,join,B6,0.5,0.3,345404,398707,380908.98227494897,1.0467251195252834,385,385,49.363634549081326,647.2669067382812,3.236467123031616,
multi_join_sift_wiki_1,join,B6,0.5,0.3,628777,397678,392318.21856411523,1.0136618214048319,385,385,37.804714404046535,628.8193359375,3.219736337661743,
multi_join_sift_wiki_1,join,B6,0.5,0.3,137071,399079,409583.5959538081,1.0263220965117386,385,385,61.90801411867142,644.4497680664062,3.162165880203247,
multi_join_sift_wiki_1,join,B6,0.5,0.3,296404,399804,407048.3341239312,1.0181197139696732,385,385,89.85984977334738,631.6845092773438,3.6013643741607666,
multi_join_sift_wiki_1,join,B6,0.5,0.3,703153,399634,385496.2101949521,1.0366742640554059,385,385,13.921940699219704,636.4227294921875,3.570199489593506,
multi_join_sift_wiki_1,join,B6,0.5,0.3,438962,400335,389192.9781851035,1.0286285273358586,385,385,13.568288646638393,670.2269897460938,2.9620509147644043,
multi_join_sift_wiki_1,join,B6,0.5,0.3,33248,400259,435037.64751426224,1.0868903572793172,385,385,13.454115949571133,626.25146484375,2.8117189407348633,
multi_join_sift_wiki_1,join,B6,0.5,0.3,779894,398996,426848.497537722,1.0698064580540205,385,385,15.934007242321968,672.0347290039062,2.9568333625793457,
multi_join_sift_wiki_1,join,B6,0.5,0.3,304120,399128,362942.71200858284,1.099699723383787,385,385,13.301326893270016,633.1439208984375,3.120129108428955,
multi_join_sift_wiki_1,join,B6,0.5,0.3,73745,399183,419745.3027446157,1.0515109680137074,385,385,14.48853500187397,611.1333618164062,3.0156612396240234,
multi_join_sift_wiki_1,join,B6,0.5,0.3,516733,398227,401532.9156939828,1.0083015860149684,385,385,47.06199374049902,625.33349609375,3.3524067401885986,
multi_join_sift_wiki_1,join,B6,0.5,0.3,181346,399504,379848.11194289755,1.0517467046408733,385,385,32.52122923731804,641.5231323242188,3.606886386871338,
multi_join_sift_wiki_1,join,B6,0.5,0.3,620747,399176,410464.3412038941,1.028279107972158,385,385,19.582177512347698,641.6485595703125,3.348391532897949,
multi_join_sift_wiki_1,join,B6,0.5,0.3,738510,397541,402835.8869390449,1.013319096493305,385,385,35.64489912241697,641.4796142578125,3.110562801361084,
multi_join_sift_wiki_1,join,B6,0.5,0.3,111011,397666,419364.80516192806,1.0545654020256399,385,385,46.814640052616596,684.7930297851562,3.2114758491516113,
multi_join_sift_wiki_1,join,B6,0.5,0.3,426052,400966,392142.35784977674,1.0225011197428548,385,385,62.53132037818432,611.555908203125,3.1900951862335205,
multi_join_sift_wiki_1,join,B6,0.5,0.3,724169,399932,357472.3551505512,1.1187774221913376,385,385,37.82024793326855,635.0518798828125,3.185068130493164,
multi_join_sift_wiki_1,join,B6,0.5,0.3,588630,398285,402732.7558595095,1.011167269315966,385,385,25.687704794108868,616.7924194335938,3.3296051025390625,
multi_join_sift_wiki_1,join,B6,0.5,0.3,790256,397837,387904.5750024314,1.0256053308922854,385,385,13.920295983552933,632.74462890625,3.026947259902954,
multi_join_sift_wiki_1,join,B6,0.5,0.3,201003,400187,358194.60464812967,1.1172334669672686,385,385,13.59766535460949,659.1167602539062,3.2214205265045166,
multi_join_sift_wiki_1,join,B6,0.5,0.3,6443,398763,401499.0825239394,1.0068614252674881,385,385,25.554385967552662,633.6627197265625,3.2246556282043457,
multi_join_sift_wiki_1,join,B6,0.5,0.3,642763,399611,378122.07844198565,1.0568306448715117,385,385,13.45496904104948,623.6600952148438,3.1688320636749268,
multi_join_sift_wiki_1,join,B6,0.5,0.3,193392,399312,391916.36383270595,1.018870444946389,385,385,19.528314471244812,652.0947875976562,3.302262783050537,
multi_join_sift_wiki_1,join,B6,0.5,0.3,203755,401002,408106.06136617326,1.017715775398061,385,385,30.076769180595875,617.6568603515625,3.2884509563446045,
multi_join_sift_wiki_1,join,B6,0.5,0.3,94462,398108,369449.61410356994,1.0775704853988455,385,385,13.480020686984062,623.9115600585938,3.2820208072662354,
multi_join_sift_wiki_1,join,B6,0.5,0.3,590890,401658,395497.83616478136,1.0155757207042013,385,385,15.222949907183647,690.3433227539062,3.3000500202178955,
multi_join_sift_wiki_1,join,B6,0.5,0.3,783383,399484,412933.94014930906,1.033668282457643,385,385,29.40603531897068,616.9453735351562,3.240548849105835,
multi_join_sift_wiki_1,join,B6,0.5,0.3,737605,400256,388063.9052733336,1.0314177499143573,385,385,27.234535664319992,611.8055419921875,3.3159680366516113,
multi_join_sift_wiki_1,join,B6,0.5,0.3,516560,400150,383676.73033975123,1.0429352847269666,385,385,28.62282283604145,662.9786376953125,3.455428123474121,
multi_join_sift_wiki_1,join,B6,0.5,0.3,137642,399818,401345.5459623623,1.0038206032803985,385,385,16.229762695729733,675.9071044921875,3.242206335067749,
multi_join_sift_wiki_1,join,B6,0.5,0.3,37803,400972,399234.7173182978,1.0043515320846137,385,385,16.847167164087296,654.3994140625,3.2687647342681885,
multi_join_sift_wiki_1,join,B6,0.5,0.3,254800,400501,393036.09677302244,1.0189929202133527,385,385,16.621404327452183,679.9208984375,3.2437825202941895,
multi_join_sift_wiki_1,join,B6,0.5,0.3,605930,399404,388845.7245556548,1.027152864947687,385,385,39.739794097840786,663.73876953125,3.087928295135498,
multi_join_sift_wiki_1,join,B6,0.5,0.3,209329,398628,395563.7188707275,1.0077466182642345,385,385,43.84203255176544,637.8901977539062,3.1931419372558594,
multi_join_sift_wiki_1,join,B6,0.5,0.3,766585,397630,378236.26311612857,1.0512741341194909,385,385,25.767131708562374,677.976806640625,3.410522222518921,
multi_join_sift_wiki_1,join,B6,0.5,0.3,488782,398822,400403.9948915635,1.0039666690693179,385,385,38.030012510716915,632.046630859375,3.4162635803222656,
multi_join_sift_wiki_1,join,B6,0.5,0.3,374559,398019,383221.8034209509,1.03861261662817,385,385,26.014243252575397,626.3645629882812,3.4265925884246826,
multi_join_sift_wiki_1,join,B6,0.5,0.3,111780,398615,353758.9795743942,1.1267982525265419,385,385,25.859377346932888,629.2195434570312,3.453725576400757,
multi_join_sift_wiki_1,join,B6,0.5,0.3,178188,398892,423899.38899136963,1.062692129677631,385,385,14.123436994850636,702.2760620117188,3.4229471683502197,
multi_join_sift_wiki_1,join,B6,0.5,0.3,539857,395988,414529.85876993136,1.046824294599663,385,385,15.323357656598091,628.4251708984375,3.2578957080841064,
multi_join_sift_wiki_1,join,B6,0.5,0.3,781264,399752,408612.65237363515,1.0221653734656366,385,385,23.133921436965466,647.1472778320312,3.049591064453125,
multi_join_sift_wiki_1,join,B6,0.5,0.3,771184,400317,422260.0565720227,1.054814201175625,385,385,70.87267190217972,662.8325805664062,3.250993251800537,
multi_join_sift_wiki_1,join,B6,0.5,0.3,140785,397776,388348.4779287646,1.0242759341339938,385,385,70.84247656166553,634.4077758789062,3.1912899017333984,
multi_join_sift_wiki_1,join,B6,0.5,0.3,2505,400312,393246.24427666975,1.017967764031229,385,385,20.034221932291985,620.676513671875,3.262022018432617,
multi_join_sift_wiki_1,join,B6,0.5,0.3,526089,399544,375246.0163245535,1.0647521429099756,385,385,13.73208872973919,671.0541381835938,3.1631457805633545,
multi_join_sift_wiki_1,join,B6,0.5,0.3,608072,399945,408753.6226588634,1.0220245850275997,385,385,14.01746366173029,691.0638427734375,3.4596242904663086,
multi_join_sift_wiki_1,join,B6,0.5,0.3,224837,399138,381975.0774965489,1.0449320479648472,385,385,33.58902037143707,616.2449951171875,3.5153305530548096,
multi_join_sift_wiki_1,join,B6,0.5,0.3,386133,401137,383545.3507916048,1.0458658908837966,385,385,28.748465701937675,652.3587036132812,3.3409440517425537,
multi_join_sift_wiki_1,join,B6,0.5,0.3,487850,399959,402150.1208768498,1.0054783637244062,385,385,22.745385766029358,659.6744995117188,2.9737961292266846,
multi_join_sift_wiki_1,join,B6,0.5,0.3,340195,397449,390074.695289602,1.0189048528383087,385,385,34.79321673512459,623.8457641601562,3.3361666202545166,
multi_join_sift_wiki_1,join,B6,0.5,0.3,122774,399352,366046.11253475904,1.0909882288726076,385,385,30.298657715320587,628.59130859375,2.9925975799560547,
multi_join_sift_wiki_1,join,B6,0.5,0.3,690833,398113,355952.15661167476,1.1184452534005027,385,385,31.587171368300915,642.1257934570312,3.4445395469665527,
multi_join_sift_wiki_1,join,B6,0.5,0.3,686759,399024,385585.5333856915,1.0348521027132684,385,385,31.647687777876854,624.73828125,3.5822367668151855,
multi_join_sift_wiki_1,join,B6,0.5,0.3,154430,398343,388492.8810911913,1.0253546960272266,385,385,29.784629121422768,628.089599609375,3.0902206897735596,
multi_join_sift_wiki_1,join,B6,0.5,0.3,630926,398221,363844.6812766075,1.0944807509698304,385,385,94.15696375072002,623.988525390625,3.4742069244384766,
multi_join_sift_wiki_1,join,B6,0.5,0.3,255248,399649,384171.1678102359,1.0402888959054042,385,385,43.53692103177309,660.080810546875,3.2602715492248535,
multi_join_sift_wiki_1,join,B6,0.5,0.3,48107,398839,363568.23932420317,1.0970127664103932,385,385,29.835310764610767,630.8929443359375,3.3630759716033936,
multi_join_sift_wiki_1,join,B6,0.5,0.3,717611,401762,399526.47332945623,1.0055954406523153,385,385,34.69607047736645,630.0626831054688,2.9142706394195557,
multi_join_sift_wiki_1,join,B6,0.5,0.3,559097,401340,387305.4773206922,1.0362363134557147,385,385,46.735070645809174,636.3766479492188,3.4353229999542236,
multi_join_sift_wiki_1,join,B6,0.5,0.3,527854,398552,409308.2149077635,1.0269882346789465,385,385,77.29670405387878,680.32568359375,3.2362077236175537,
multi_join_sift_wiki_1,join,B6,0.5,0.3,692258,401666,406584.4036174531,1.0122450085828851,385,385,73.01096338778734,648.314697265625,3.776059865951538,
multi_join_sift_wiki_1,join,B6,0.5,0.3,344709,398277,387310.22475128114,1.0283152226506838,385,385,27.904048562049866,633.8763427734375,3.213989496231079,
multi_join_sift_wiki_1,join,B6,0.5,0.3,414737,400491,366241.3519315508,1.0935166056148962,385,385,27.702108025550842,672.5734252929688,3.403557300567627,
multi_join_sift_wiki_1,join,B6,0.5,0.3,362610,400830,419412.69496044243,1.0463605392820958,385,385,38.93107641488314,656.8014526367188,3.365111827850342,
multi_join_sift_wiki_1,join,B6,0.5,0.3,129857,399316,376061.42969293776,1.06183715869519,385,385,35.0896455347538,637.5941162109375,3.189283847808838,
multi_join_sift_wiki_1,join,B6,0.5,0.3,210898,400115,438472.4791531005,1.0958661363685454,385,385,37.59380802512169,625.4658813476562,2.9655251502990723,
multi_join_sift_wiki_1,join,B6,0.5,0.3,793779,399147,369066.18196764105,1.0815052137044525,385,385,31.42174705862999,650.0462036132812,3.1118245124816895,
multi_join_sift_wiki_1,join,B6,0.5,0.3,634727,399603,405379.15528217296,1.0144547345294528,385,385,56.53339438140392,638.8820190429688,2.9159677028656006,
multi_join_sift_wiki_1,join,B6,0.5,0.3,351141,399713,400696.76129027776,1.002461169114534,385,385,37.02129889279604,652.2698974609375,3.1640126705169678,
multi_join_sift_wiki_1,join,B6,0.5,0.3,611020,400454,379424.9017876518,1.055423611136934,385,385,38.204423151910305,670.04150390625,3.011030912399292,
multi_join_sift_wiki_1,join,B6,0.5,0.4,145860,398710,388605.18334013724,1.0260027840416586,385,385,43.603818863630295,632.5885009765625,3.2196497917175293,
multi_join_sift_wiki_1,join,B6,0.5,0.4,359095,400745,384537.84178036446,1.0421471087074248,385,385,25.944072753190994,712.3372192382812,2.9822144508361816,
multi_join_sift_wiki_1,join,B6,0.5,0.4,286093,400090,380174.3097314837,1.0523856814064652,385,385,57.655942626297474,668.2846069335938,2.9649856090545654,
multi_join_sift_wiki_1,join,B6,0.5,0.4,781121,398604,418484.51955785835,1.0498753639147083,385,385,58.73585678637028,633.0744018554688,3.111022710800171,
multi_join_sift_wiki_1,join,B6,0.5,0.4,142780,399343,400823.5439734052,1.003707449419184,385,385,63.26437275856733,612.7308349609375,3.2252681255340576,
multi_join_sift_wiki_1,join,B6,0.5,0.4,428790,399423,419721.66526363883,1.0508199709672172,385,385,37.72617690265179,618.5655517578125,2.9219067096710205,
multi_join_sift_wiki_1,join,B6,0.5,0.4,322723,399757,420279.27767158544,1.0513368813343742,385,385,55.45039474964142,616.322509765625,3.350651979446411,
multi_join_sift_wiki_1,join,B6,0.5,0.4,588557,400915,383898.3364793091,1.0443259631618853,385,385,25.298810563981533,692.2169189453125,3.320391893386841,
multi_join_sift_wiki_1,join,B6,0.5,0.4,263638,395385,404555.392640447,1.0231935775015415,385,385,22.222316823899746,631.7388916015625,3.5575485229492188,
multi_join_sift_wiki_1,join,B6,0.5,0.4,693614,401648,397737.0063386024,1.0098331148449085,385,385,70.24889718741179,674.3016357421875,2.99692440032959,
multi_join_sift_wiki_1,join,B6,0.5,0.4,546912,402189,407570.9629851511,1.0133816762396561,385,385,36.177994683384895,691.0267333984375,3.4822041988372803,
multi_join_sift_wiki_1,join,B6,0.5,0.4,444449,397169,366220.0332304644,1.084509212935545,385,385,53.73728834092617,640.7890625,3.1300487518310547,
multi_join_sift_wiki_1,join,B6,0.5,0.4,663176,399165,379582.2054910155,1.0515903912925866,385,385,41.502101346850395,624.8295288085938,2.868075370788574,
multi_join_sift_wiki_1,join,B6,0.5,0.4,763999,399127,393979.144393859,1.0130663150052295,385,385,54.957566782832146,645.675537109375,3.2920217514038086,
multi_join_sift_wiki_1,join,B6,0.5,0.4,782168,398860,408335.5054393603,1.02375646953658,385,385,32.99168683588505,636.8261108398438,3.004382610321045,
multi_join_sift_wiki_1,join,B6,0.5,0.4,673362,399669,381291.2726072312,1.0481986573338113,385,385,46.02308012545109,651.6726684570312,3.2434425354003906,
multi_join_sift_wiki_1,join,B6,0.5,0.4,83904,400042,365812.93465963856,1.0935698607054696,385,385,33.3862341940403,638.3627319335938,3.318498134613037,
multi_join_sift_wiki_1,join,B6,0.5,0.4,695261,399029,405609.05056383915,1.0164901562639286,385,385,71.4587289839983,636.587158203125,3.045443058013916,
multi_join_sift_wiki_1,join,B6,0.5,0.4,386245,399811,358172.39125909546,1.1162529825219945,385,385,80.64769115298986,667.7885131835938,3.2378246784210205,
multi_join_sift_wiki_1,join,B6,0.5,0.4,69504,397908,409008.1652163865,1.0278963107461687,385,385,23.039658553898335,623.4112548828125,3.583242416381836,
multi_join_sift_wiki_1,join,B6,0.5,0.4,681535,400064,367423.04604125244,1.0888375247835782,385,385,39.91285990923643,638.0115966796875,3.599292039871216,
multi_join_sift_wiki_1,join,B6,0.5,0.4,696279,398330,388091.96093577583,1.026380446117817,385,385,14.688841067254543,631.6973266601562,3.277513027191162,
multi_join_sift_wiki_1,join,B6,0.5,0.4,340223,397980,394044.8085130444,1.0099866598973994,385,385,22.272976115345955,658.37255859375,3.294217109680176,
multi_join_sift_wiki_1,join,B6,0.5,0.4,690943,399179,424748.2139107757,1.0640545066518423,385,385,15.850977040827274,639.7871704101562,3.474707841873169,
multi_join_sift_wiki_1,join,B6,0.5,0.4,636616,397845,382519.4880667837,1.0400646566026477,385,385,22.69920241087675,628.0264892578125,3.2147040367126465,
multi_join_sift_wiki_1,join,B6,0.5,0.4,48106,399067,383046.4033022488,1.0418241668884956,385,385,21.627623587846756,633.595458984375,3.3630759716033936,
multi_join_sift_wiki_1,join,B6,0.5,0.4,352770,402444,404807.0550870008,1.0058717612562265,385,385,15.615050680935383,576.0859375,3.4078516960144043,
multi_join_sift_wiki_1,join,B6,0.5,0.4,536954,398632,375356.2941001027,1.0620096326230513,385,385,23.08585774153471,682.9450073242188,3.425676107406616,
multi_join_sift_wiki_1,join,B6,0.5,0.4,752067,397987,413212.9273047464,1.0382573483675257,385,385,21.171437576413155,629.4962768554688,3.1004648208618164,
multi_join_sift_wiki_1,join,B6,0.5,0.4,602570,400621,376182.7239710574,1.0649638446204213,385,385,16.36734325438738,605.43212890625,3.1115832328796387,
multi_join_sift_wiki_1,join,B6,0.5,0.4,345404,398707,382224.00220632483,1.0431239213093102,385,385,21.223416551947594,647.2669067382812,3.236467123031616,
multi_join_sift_wiki_1,join,B6,0.5,0.4,628777,397678,399737.48964825075,1.0051787869790403,385,385,15.156712383031845,628.8193359375,3.219736337661743,
multi_join_sift_wiki_1,join,B6,0.5,0.4,137071,399079,382536.51779241336,1.0432441909155548,385,385,22.681782953441143,644.4497680664062,3.162165880203247,
multi_join_sift_wiki_1,join,B6,0.5,0.4,296404,399804,400373.807139141,1.0014252162037924,385,385,23.09519238770008,631.6845092773438,3.6013643741607666,
multi_join_sift_wiki_1,join,B6,0.5,0.4,703153,399634,404207.50372185,1.011444230775785,385,385,16.424191184341908,636.4227294921875,3.570199489593506,
multi_join_sift_wiki_1,join,B6,0.5,0.4,438962,400335,406778.1408161638,1.0160943730030194,385,385,26.845376007258892,670.2269897460938,2.9620509147644043,
multi_join_sift_wiki_1,join,B6,0.5,0.4,33248,400259,394466.9542783452,1.014683221645907,385,385,41.52974393218756,626.25146484375,2.8117189407348633,
multi_join_sift_wiki_1,join,B6,0.5,0.4,779894,398996,402605.4563980911,1.0090463473270186,385,385,39.36931677162647,672.0347290039062,2.9568333625793457,
multi_join_sift_wiki_1,join,B6,0.5,0.4,304120,399128,421314.3023686606,1.0555869354409126,385,385,19.454561173915863,633.1439208984375,3.120129108428955,
multi_join_sift_wiki_1,join,B6,0.5,0.4,73745,399183,401601.77626873157,1.006059316826447,385,385,14.61024396121502,611.1333618164062,3.0156612396240234,
multi_join_sift_wiki_1,join,B6,0.5,0.4,516733,398227,420741.5381438976,1.056536945370097,385,385,22.150668315589428,625.33349609375,3.3524067401885986,
multi_join_sift_wiki_1,join,B6,0.5,0.4,181346,399504,403217.43132305954,1.0092951042369027,385,385,20.48718463629484,641.5231323242188,3.606886386871338,
multi_join_sift_wiki_1,join,B6,0.5,0.4,620747,399176,396322.3101575411,1.0072004269487744,385,385,29.861055314540863,641.6485595703125,3.348391532897949,
multi_join_sift_wiki_1,join,B6,0.5,0.4,738510,397541,397786.12361599365,1.0006165995859386,385,385,21.958662196993828,641.4796142578125,3.110562801361084,
multi_join_sift_wiki_1,join,B6,0.5,0.4,111011,397666,418981.42033536267,1.053601314508564,385,385,13.49986158311367,684.7930297851562,3.2114758491516113,
multi_join_sift_wiki_1,join,B6,0.5,0.4,426052,400966,411445.495644605,1.0261356215853839,385,385,13.674648478627205,611.555908203125,3.1900951862335205,
multi_join_sift_wiki_1,join,B6,0.5,0.4,724169,399932,382483.06314080657,1.0456201556113605,385,385,19.690155051648617,635.0518798828125,3.185068130493164,
multi_join_sift_wiki_1,join,B6,0.5,0.4,588630,398285,415138.2015332195,1.0423144269385478,385,385,20.20331285893917,616.7924194335938,3.3296051025390625,
multi_join_sift_wiki_1,join,B6,0.5,0.4,790256,397837,402648.22219218686,1.0120934508157533,385,385,23.772387765347958,632.74462890625,3.026947259902954,
multi_join_sift_wiki_1,join,B6,0.5,0.4,201003,400187,409758.663067488,1.023917976014933,385,385,21.927800960838795,659.1167602539062,3.2214205265045166,
multi_join_sift_wiki_1,join,B6,0.5,0.4,6443,398763,394627.1781944243,1.010480326835315,385,385,28.570469468832016,633.6627197265625,3.2246556282043457,
multi_join_sift_wiki_1,join,B6,0.5,0.4,642763,399611,356886.3993881155,1.1197148467555396,385,385,21.92153874784708,623.6600952148438,3.1688320636749268,
multi_join_sift_wiki_1,join,B6,0.5,0.4,193392,399312,406045.0963226371,1.0168617430045606,385,385,22.122900001704693,652.0947875976562,3.302262783050537,
multi_join_sift_wiki_1,join,B6,0.5,0.4,203755,401002,380166.6890765477,1.0548057247573763,385,385,22.779669612646103,617.6568603515625,3.2884509563446045,
multi_join_sift_wiki_1,join,B6,0.5,0.4,94462,398108,375490.3760113495,1.060234896640778,385,385,19.750159233808517,623.9115600585938,3.2820208072662354,
multi_join_sift_wiki_1,join,B6,0.5,0.4,590890,401658,387067.8346491989,1.0376940785173332,385,385,33.704621717333794,690.3433227539062,3.3000500202178955,
multi_join_sift_wiki_1,join,B6,0.5,0.4,783383,399484,376349.73835016706,1.0614701148757226,385,385,69.0012201666832,616.9453735351562,3.240548849105835,
multi_join_sift_wiki_1,join,B6,0.5,0.4,737605,400256,388417.9937050106,1.0304774919979116,385,385,61.42293196171522,611.8055419921875,3.3159680366516113,
multi_join_sift_wiki_1,join,B6,0.5,0.4,516560,400150,377406.07187365065,1.0602638108428835,385,385,37.57940232753754,662.9786376953125,3.455428123474121,
multi_join_sift_wiki_1,join,B6,0.5,0.4,137642,399818,402097.79049852793,1.0057020706884832,385,385,25.71758348494768,675.9071044921875,3.242206335067749,
multi_join_sift_wiki_1,join,B6,0.5,0.4,37803,400972,398747.4034657089,1.0055789618062865,385,385,57.75327794253826,654.3994140625,3.2687647342681885,
multi_join_sift_wiki_1,join,B6,0.5,0.4,254800,400501,400836.71532389533,1.000838238416122,385,385,20.422255620360374,679.9208984375,3.2437825202941895,
multi_join_sift_wiki_1,join,B6,0.5,0.4,605930,399404,400729.4417385118,1.003318548984266,385,385,46.13476898521185,663.73876953125,3.087928295135498,
multi_join_sift_wiki_1,join,B6,0.5,0.4,209329,398628,406311.1525862664,1.019273991255673,385,385,37.58212924003601,637.8901977539062,3.1931419372558594,
multi_join_sift_wiki_1,join,B6,0.5,0.4,766585,397630,387029.5682566258,1.0273892038562424,385,385,57.13341478258371,677.976806640625,3.410522222518921,
multi_join_sift_wiki_1,join,B6,0.5,0.4,488782,398822,395572.0207412814,1.008215897708408,385,385,25.481046177446842,632.046630859375,3.4162635803222656,
multi_join_sift_wiki_1,join,B6,0.5,0.4,374559,398019,384041.7358118469,1.0363951698077964,385,385,55.19651249051094,626.3645629882812,3.4265925884246826,
multi_join_sift_wiki_1,join,B6,0.5,0.4,111780,398615,409793.2237529307,1.0280426570824748,385,385,30.86355235427618,629.2195434570312,3.453725576400757,
multi_join_sift_wiki_1,join,B6,0.5,0.4,178188,398892,419562.42182498926,1.0518195948401805,385,385,27.38037146627903,702.2760620117188,3.4229471683502197,
multi_join_sift_wiki_1,join,B6,0.5,0.4,539857,395988,404646.5286207896,1.0218656338595855,385,385,41.83118976652622,628.4251708984375,3.2578957080841064,
multi_join_sift_wiki_1,join,B6,0.5,0.4,781264,399752,370807.0997747136,1.0780591856058637,385,385,19.688776694238186,647.1472778320312,3.049591064453125,
multi_join_sift_wiki_1,join,B6,0.5,0.4,771184,400317,421136.391786563,1.0520072637099174,385,385,40.102954022586346,662.8325805664062,3.250993251800537,
multi_join_sift_wiki_1,join,B6,0.5,0.4,140785,397776,400443.42904739856,1.0067058571844418,385,385,13.86560220271349,634.4077758789062,3.1912899017333984,
multi_join_sift_wiki_1,join,B6,0.5,0.4,2505,400312,401614.2781472195,1.003253157904883,385,385,19.616195000708103,620.676513671875,3.262022018432617,
multi_join_sift_wiki_1,join,B6,0.5,0.4,526089,399544,380285.6824737602,1.050641710729061,385,385,19.450685009360313,671.0541381835938,3.1631457805633545,
multi_join_sift_wiki_1,join,B6,0.5,0.4,608072,399945,433232.28697124706,1.0832296615065748,385,385,25.457361713051796,691.0638427734375,3.4596242904663086,
multi_join_sift_wiki_1,join,B6,0.5,0.4,224837,399138,368384.7333520968,1.083481381999915,385,385,39.147487841546535,616.2449951171875,3.5153305530548096,
multi_join_sift_wiki_1,join,B6,0.5,0.4,386133,401137,385559.2616030801,1.0404029677102056,385,385,45.228136703372,652.3587036132812,3.3409440517425537,
multi_join_sift_wiki_1,join,B6,0.5,0.4,487850,399959,419197.4606792895,1.0481010820591348,385,385,63.86742368340492,659.6744995117188,2.9737961292266846,
multi_join_sift_wiki_1,join,B6,0.5,0.4,340195,397449,377113.956108355,1.0539228091728383,385,385,30.438647605478764,623.8457641601562,3.3361666202545166,
multi_join_sift_wiki_1,join,B6,0.5,0.4,122774,399352,367733.8912270755,1.085980948526173,385,385,44.782331213355064,628.59130859375,2.9925975799560547,
multi_join_sift_wiki_1,join,B6,0.5,0.4,690833,398113,377258.3497632264,1.0552794928193434,385,385,23.22364505380392,642.1257934570312,3.4445395469665527,
multi_join_sift_wiki_1,join,B6,0.5,0.4,686759,399024,407565.7197625169,1.0214065313427687,385,385,27.018794789910316,624.73828125,3.5822367668151855,
multi_join_sift_wiki_1,join,B6,0.5,0.4,154430,398343,388960.34247317904,1.02412240144371,385,385,65.32892677932978,628.089599609375,3.0902206897735596,
multi_join_sift_wiki_1,join,B6,0.5,0.4,630926,398221,397465.272418994,1.0019013675745974,385,385,13.87005764991045,623.988525390625,3.4742069244384766,
multi_join_sift_wiki_1,join,B6,0.5,0.4,255248,399649,406528.53619063186,1.0172139457139435,385,385,30.88501561433077,660.080810546875,3.2602715492248535,
multi_join_sift_wiki_1,join,B6,0.5,0.4,48107,398839,394931.4672146556,1.0098942047158288,385,385,25.72189923375845,630.8929443359375,3.3630759716033936,
multi_join_sift_wiki_1,join,B6,0.5,0.4,717611,401762,404187.19603934337,1.0060363997574269,385,385,25.68817976862192,630.0626831054688,2.9142706394195557,
multi_join_sift_wiki_1,join,B6,0.5,0.4,559097,401340,405018.9074545864,1.009166560658261,385,385,25.195482186973095,636.3766479492188,3.4353229999542236,
multi_join_sift_wiki_1,join,B6,0.5,0.4,527854,398552,411803.48006860213,1.0332490617751313,385,385,62.54142057150602,680.32568359375,3.2362077236175537,
multi_join_sift_wiki_1,join,B6,0.5,0.4,692258,401666,384627.61643756286,1.0442983884523096,385,385,41.66668280959129,648.314697265625,3.776059865951538,
multi_join_sift_wiki_1,join,B6,0.5,0.4,344709,398277,400251.6480778182,1.0049579766790908,385,385,41.69935639947653,633.8763427734375,3.213989496231079,
multi_join_sift_wiki_1,join,B6,0.5,0.4,414737,400491,388128.4727194479,1.0318516371497644,385,385,34.28047802299261,672.5734252929688,3.403557300567627,
multi_join_sift_wiki_1,join,B6,0.5,0.4,362610,400830,393675.84538036736,1.0181727040243487,385,385,20.074333995580673,656.8014526367188,3.365111827850342,
multi_join_sift_wiki_1,join,B6,0.5,0.4,129857,399316,394881.8741013072,1.0112289932496503,385,385,28.64083368331194,637.5941162109375,3.189283847808838,
multi_join_sift_wiki_1,join,B6,0.5,0.4,210898,400115,408725.0657911233,1.0215189777716989,385,385,47.89630230516195,625.4658813476562,2.9655251502990723,
multi_join_sift_wiki_1,join,B6,0.5,0.4,793779,399147,419177.0156492931,1.0501820523498688,385,385,24.729947559535503,650.0462036132812,3.1118245124816895,
multi_join_sift_wiki_1,join,B6,0.5,0.4,634727,399603,391917.2454358102,1.0196106567233174,385,385,14.28378839045763,638.8820190429688,2.9159677028656006,
multi_join_sift_wiki_1,join,B6,0.5,0.4,351141,399713,421808.82443210046,1.055279223923416,385,385,56.147243827581406,652.2698974609375,3.1640126705169678,
multi_join_sift_wiki_1,join,B6,0.5,0.4,611020,400454,372992.8245729121,1.0736238705356644,385,385,96.96786291897297,670.04150390625,3.011030912399292,
multi_join_sift_wiki_1,join,B6,0.5,0.5,145860,398710,386881.49402387504,1.0305739771967357,385,385,43.91869902610779,632.5885009765625,3.2196497917175293,
multi_join_sift_wiki_1,join,B6,0.5,0.5,359095,400745,417811.4311012603,1.0425867599128131,385,385,25.656860321760178,712.3372192382812,2.9822144508361816,
multi_join_sift_wiki_1,join,B6,0.5,0.5,286093,400090,397907.1657555937,1.0054857877220214,385,385,13.75645399093628,668.2846069335938,2.9649856090545654,
multi_join_sift_wiki_1,join,B6,0.5,0.5,781121,398604,388628.4332442432,1.025668648771994,385,385,19.635447300970554,633.0744018554688,3.111022710800171,
multi_join_sift_wiki_1,join,B6,0.5,0.5,142780,399343,377746.5895011739,1.0571716889021947,385,385,19.595284946262836,612.7308349609375,3.2252681255340576,
multi_join_sift_wiki_1,join,B6,0.5,0.5,428790,399423,433558.3984546861,1.0854617747467874,385,385,19.63339652866125,618.5655517578125,2.9219067096710205,
multi_join_sift_wiki_1,join,B6,0.5,0.5,322723,399757,409651.2518107127,1.024750665556107,385,385,67.46306549757719,616.322509765625,3.350651979446411,
multi_join_sift_wiki_1,join,B6,0.5,0.5,588557,400915,425075.4150962532,1.0602631857033367,385,385,37.75035869330168,692.2169189453125,3.320391893386841,
multi_join_sift_wiki_1,join,B6,0.5,0.5,263638,395385,403130.11061489006,1.019588782110829,385,385,25.697706267237663,631.7388916015625,3.5575485229492188,
multi_join_sift_wiki_1,join,B6,0.5,0.5,693614,401648,369011.33354851126,1.088443534071558,385,385,19.436180591583252,674.3016357421875,2.99692440032959,
multi_join_sift_wiki_1,join,B6,0.5,0.5,546912,402189,418244.6508131558,1.0399206612143939,385,385,19.465955905616283,691.0267333984375,3.4822041988372803,
multi_join_sift_wiki_1,join,B6,0.5,0.5,444449,397169,396947.0748637656,1.0005590799133879,385,385,25.523929856717587,640.7890625,3.1300487518310547,
multi_join_sift_wiki_1,join,B6,0.5,0.5,663176,399165,381566.3386366613,1.0461221538205356,385,385,19.436011090874672,624.8295288085938,2.868075370788574,
multi_join_sift_wiki_1,join,B6,0.5,0.5,763999,399127,407477.09420238604,1.0209208953600886,385,385,13.39750736951828,645.675537109375,3.2920217514038086,
multi_join_sift_wiki_1,join,B6,0.5,0.5,782168,398860,392377.0385623541,1.0165222752620773,385,385,37.44228556752205,636.8261108398438,3.004382610321045,
multi_join_sift_wiki_1,join,B6,0.5,0.5,673362,399669,431411.9060358169,1.079422987611791,385,385,25.45750606805086,651.6726684570312,3.2434425354003906,
multi_join_sift_wiki_1,join,B6,0.5,0.5,83904,400042,436631.2527252116,1.091463528142574,385,385,37.4655406922102,638.3627319335938,3.318498134613037,
multi_join_sift_wiki_1,join,B6,0.5,0.5,695261,399029,415786.0243827988,1.0419945026120878,385,385,13.654373586177826,636.587158203125,3.045443058013916,
multi_join_sift_wiki_1,join,B6,0.5,0.5,386245,399811,426698.4878910283,1.0672504955867355,385,385,13.427102006971836,667.7885131835938,3.2378246784210205,
multi_join_sift_wiki_1,join,B6,0.5,0.5,69504,397908,391089.2624804122,1.0174352460518634,385,385,37.53437660634518,623.4112548828125,3.583242416381836,
multi_join_sift_wiki_1,join,B6,0.5,0.5,681535,400064,385102.26404934854,1.0388513320937895,385,385,40.56663438677788,638.0115966796875,3.599292039871216,
multi_join_sift_wiki_1,join,B6,0.5,0.5,696279,398330,381581.016843829,1.043893648836902,385,385,53.871107287704945,631.6973266601562,3.277513027191162,
multi_join_sift_wiki_1,join,B6,0.5,0.5,340223,397980,407298.27983199613,1.0234139399768736,385,385,43.2039899751544,658.37255859375,3.294217109680176,
multi_join_sift_wiki_1,join,B6,0.5,0.5,690943,399179,409216.97828186996,1.0251465590170574,385,385,31.082015484571457,639.7871704101562,3.474707841873169,
multi_join_sift_wiki_1,join,B6,0.5,0.5,636616,397845,388616.0357343352,1.0237482847258879,385,385,54.167672991752625,628.0264892578125,3.2147040367126465,
multi_join_sift_wiki_1,join,B6,0.5,0.5,48106,399067,428079.3865480484,1.0727005403805587,385,385,43.07067673653364,633.595458984375,3.3630759716033936,
multi_join_sift_wiki_1,join,B6,0.5,0.5,352770,402444,409787.4132661308,1.018247043728148,385,385,54.92103099822998,576.0859375,3.4078516960144043,
multi_join_sift_wiki_1,join,B6,0.5,0.5,536954,398632,359320.8565888218,1.109404012292453,385,385,18.92234943807125,682.9450073242188,3.425676107406616,
multi_join_sift_wiki_1,join,B6,0.5,0.5,752067,397987,402036.68433134805,1.0101754186225882,385,385,41.13195650279522,629.4962768554688,3.1004648208618164,
multi_join_sift_wiki_1,join,B6,0.5,0.5,602570,400621,420221.04767595214,1.0489241644246112,385,385,30.921820551156998,605.43212890625,3.1115832328796387,
multi_join_sift_wiki_1,join,B6,0.5,0.5,345404,398707,399512.9636593412,1.0020214434643515,385,385,42.90514439344406,647.2669067382812,3.236467123031616,
multi_join_sift_wiki_1,join,B6,0.5,0.5,628777,397678,412124.8262513118,1.036327949374398,385,385,42.641070671379566,628.8193359375,3.219736337661743,
multi_join_sift_wiki_1,join,B6,0.5,0.5,137071,399079,392210.7105193725,1.0175117336075101,385,385,42.74951945990324,644.4497680664062,3.162165880203247,
multi_join_sift_wiki_1,join,B6,0.5,0.5,296404,399804,430640.668463942,1.0771294645975078,385,385,24.764275178313255,631.6845092773438,3.6013643741607666,
multi_join_sift_wiki_1,join,B6,0.5,0.5,703153,399634,391785.0739961019,1.02003375453751,385,385,20.14486026018858,636.4227294921875,3.570199489593506,
multi_join_sift_wiki_1,join,B6,0.5,0.5,438962,400335,410538.4252219186,1.0254872175101317,385,385,29.21105083078146,670.2269897460938,2.9620509147644043,
multi_join_sift_wiki_1,join,B6,0.5,0.5,33248,400259,391052.14256207604,1.0235438102387138,385,385,37.71158214658499,626.25146484375,2.8117189407348633,
multi_join_sift_wiki_1,join,B6,0.5,0.5,779894,398996,378551.83071675483,1.0540062618229475,385,385,19.54374648630619,672.0347290039062,2.9568333625793457,
multi_join_sift_wiki_1,join,B6,0.5,0.5,304120,399128,421492.0499159678,1.056032275149746,385,385,19.60734184831381,633.1439208984375,3.120129108428955,
multi_join_sift_wiki_1,join,B6,0.5,0.5,73745,399183,408310.7434045652,1.0228660624439547,385,385,13.545846566557884,611.1333618164062,3.0156612396240234,
multi_join_sift_wiki_1,join,B6,0.5,0.5,516733,398227,403328.6885938335,1.012811006269875,385,385,42.8282031789422,625.33349609375,3.3524067401885986,
multi_join_sift_wiki_1,join,B6,0.5,0.5,181346,399504,401159.93537354306,1.0041449782068341,385,385,19.546212628483772,641.5231323242188,3.606886386871338,
multi_join_sift_wiki_1,join,B6,0.5,0.5,620747,399176,391576.80701970885,1.0194066472887622,385,385,58.226203545928,641.6485595703125,3.348391532897949,
multi_join_sift_wiki_1,join,B6,0.5,0.5,738510,397541,390884.3737843634,1.0170296554737919,385,385,29.60676047950983,641.4796142578125,3.110562801361084,
multi_join_sift_wiki_1,join,B6,0.5,0.5,111011,397666,392857.99288583326,1.0122385370826958,385,385,43.78006886690855,684.7930297851562,3.2114758491516113,
multi_join_sift_wiki_1,join,B6,0.5,0.5,426052,400966,407969.41726710746,1.0174663619037712,385,385,17.159227281808853,611.555908203125,3.1900951862335205,
multi_join_sift_wiki_1,join,B6,0.5,0.5,724169,399932,401124.55960311624,1.002981905931799,385,385,44.34732906520367,635.0518798828125,3.185068130493164,
multi_join_sift_wiki_1,join,B6,0.5,0.5,588630,398285,418706.7028779357,1.0512740948766228,385,385,30.048741027712822,616.7924194335938,3.3296051025390625,
multi_join_sift_wiki_1,join,B6,0.5,0.5,790256,397837,419114.10674853186,1.0534819706274978,385,385,19.596915692090988,632.74462890625,3.026947259902954,
multi_join_sift_wiki_1,join,B6,0.5,0.5,201003,400187,413279.7646242646,1.032716616542428,385,385,22.963390685617924,659.1167602539062,3.2214205265045166,
multi_join_sift_wiki_1,join,B6,0.5,0.5,6443,398763,375808.0733060497,1.061081515604526,385,385,29.498806223273277,633.6627197265625,3.2246556282043457,
multi_join_sift_wiki_1,join,B6,0.5,0.5,642763,399611,434199.6137050135,1.0865557096902074,385,385,22.969269193708897,623.6600952148438,3.1688320636749268,
multi_join_sift_wiki_1,join,B6,0.5,0.5,193392,399312,423062.50278250134,1.0594785600795902,385,385,18.696689046919346,652.0947875976562,3.302262783050537,
multi_join_sift_wiki_1,join,B6,0.5,0.5,203755,401002,392279.1062819364,1.022236447413017,385,385,15.629432164132595,617.6568603515625,3.2884509563446045,
multi_join_sift_wiki_1,join,B6,0.5,0.5,94462,398108,402448.24234113714,1.010902173131756,385,385,18.935510888695717,623.9115600585938,3.2820208072662354,
multi_join_sift_wiki_1,join,B6,0.5,0.5,590890,401658,377701.6498317773,1.0634266495232214,385,385,14.288876205682755,690.3433227539062,3.3000500202178955,
multi_join_sift_wiki_1,join,B6,0.5,0.5,783383,399484,406172.4516853684,1.0167427273316787,385,385,17.991995438933372,616.9453735351562,3.240548849105835,
multi_join_sift_wiki_1,join,B6,0.5,0.5,737605,400256,386914.533378523,1.034481689030856,385,385,19.534701481461525,611.8055419921875,3.3159680366516113,
multi_join_sift_wiki_1,join,B6,0.5,0.5,516560,400150,433677.57402006915,1.0837875147321483,385,385,27.20837853848934,662.9786376953125,3.455428123474121,
multi_join_sift_wiki_1,join,B6,0.5,0.5,137642,399818,387462.83669618994,1.031887350562856,385,385,29.43033166229725,675.9071044921875,3.242206335067749,
multi_join_sift_wiki_1,join,B6,0.5,0.5,37803,400972,387981.4692407933,1.0334823484859386,385,385,25.78128408640623,654.3994140625,3.2687647342681885,
multi_join_sift_wiki_1,join,B6,0.5,0.5,254800,400501,418097.77074938867,1.0439368959113426,385,385,31.218028627336025,679.9208984375,3.2437825202941895,
multi_join_sift_wiki_1,join,B6,0.5,0.5,605930,399404,393935.55318829836,1.013881577246438,385,385,31.5279271453619,663.73876953125,3.087928295135498,
multi_join_sift_wiki_1,join,B6,0.5,0.5,209329,398628,397509.86577421805,1.0028128464776696,385,385,25.39714425802231,637.8901977539062,3.1931419372558594,
multi_join_sift_wiki_1,join,B6,0.5,0.5,766585,397630,386134.48598429677,1.029770751986578,385,385,23.85867666453123,677.976806640625,3.410522222518921,
multi_join_sift_wiki_1,join,B6,0.5,0.5,488782,398822,438418.46693332476,1.099283557409884,385,385,19.91319004446268,632.046630859375,3.4162635803222656,
multi_join_sift_wiki_1,join,B6,0.5,0.5,374559,398019,380454.0735867972,1.046168322624611,385,385,19.98045202344656,626.3645629882812,3.4265925884246826,
multi_join_sift_wiki_1,join,B6,0.5,0.5,111780,398615,395890.58297484915,1.0068817424367074,385,385,19.924978725612164,629.2195434570312,3.453725576400757,
multi_join_sift_wiki_1,join,B6,0.5,0.5,178188,398892,384063.5541079538,1.038609354450431,385,385,25.96140466630459,702.2760620117188,3.4229471683502197,
multi_join_sift_wiki_1,join,B6,0.5,0.5,539857,395988,446752.67061237287,1.1281974974301567,385,385,19.76669393479824,628.4251708984375,3.2578957080841064,
multi_join_sift_wiki_1,join,B6,0.5,0.5,781264,399752,412094.81248543854,1.0308761744417503,385,385,19.801129586994648,647.1472778320312,3.049591064453125,
multi_join_sift_wiki_1,join,B6,0.5,0.5,771184,400317,393876.86375307705,1.016350633509056,385,385,19.78125236928463,662.8325805664062,3.250993251800537,
multi_join_sift_wiki_1,join,B6,0.5,0.5,140785,397776,396301.33664180496,1.0037210658199922,385,385,13.739743269979954,634.4077758789062,3.1912899017333984,
multi_join_sift_wiki_1,join,B6,0.5,0.5,2505,400312,368020.04257640074,1.0877451053957081,385,385,14.123465865850449,620.676513671875,3.262022018432617,
multi_join_sift_wiki_1,join,B6,0.5,0.5,526089,399544,402728.84448176506,1.007971198370555,385,385,14.031804166734219,671.0541381835938,3.1631457805633545,
multi_join_sift_wiki_1,join,B6,0.5,0.5,608072,399945,352377.2873018393,1.13499085898069,385,385,13.78991361707449,691.0638427734375,3.4596242904663086,
multi_join_sift_wiki_1,join,B6,0.5,0.5,224837,399138,399247.45178169355,1.0002742203991941,385,385,19.705675542354584,616.2449951171875,3.5153305530548096,
multi_join_sift_wiki_1,join,B6,0.5,0.5,386133,401137,371271.7912187441,1.0804402852239858,385,385,53.201137110590935,652.3587036132812,3.3409440517425537,
multi_join_sift_wiki_1,join,B6,0.5,0.5,487850,399959,410019.4020490763,1.0251535833649856,385,385,20.360615104436874,659.6744995117188,2.9737961292266846,
multi_join_sift_wiki_1,join,B6,0.5,0.5,340195,397449,414607.41579137056,1.0431713648578071,385,385,26.117848232388496,623.8457641601562,3.3361666202545166,
multi_join_sift_wiki_1,join,B6,0.5,0.5,122774,399352,412923.5143222455,1.0339838396258076,385,385,26.255696080625057,628.59130859375,2.9925975799560547,
multi_join_sift_wiki_1,join,B6,0.5,0.5,690833,398113,393426.8641778152,1.0119110722954263,385,385,17.709976993501186,642.1257934570312,3.4445395469665527,
multi_join_sift_wiki_1,join,B6,0.5,0.5,686759,399024,382699.5066392443,1.0426561651571298,385,385,28.56661844998598,624.73828125,3.5822367668151855,
multi_join_sift_wiki_1,join,B6,0.5,0.5,154430,398343,350023.5423593073,1.138046307728329,385,385,31.809376552700996,628.089599609375,3.0902206897735596,
multi_join_sift_wiki_1,join,B6,0.5,0.5,630926,398221,373999.95111983945,1.06476217124531,385,385,26.250106282532215,623.988525390625,3.4742069244384766,
multi_join_sift_wiki_1,join,B6,0.5,0.5,255248,399649,382864.20418100746,1.043840076026165,385,385,14.400213025510311,660.080810546875,3.2602715492248535,
multi_join_sift_wiki_1,join,B6,0.5,0.5,48107,398839,384715.7402536515,1.0367108965623208,385,385,38.670504465699196,630.8929443359375,3.3630759716033936,
multi_join_sift_wiki_1,join,B6,0.5,0.5,717611,401762,397096.233174364,1.0117497131320992,385,385,33.137780614197254,630.0626831054688,2.9142706394195557,
multi_join_sift_wiki_1,join,B6,0.5,0.5,559097,401340,405000.0304378297,1.0091195256835344,385,385,29.723926447331905,636.3766479492188,3.4353229999542236,
multi_join_sift_wiki_1,join,B6,0.5,0.5,527854,398552,392229.19578916894,1.0161201773827915,385,385,20.012708380818367,680.32568359375,3.2362077236175537,
multi_join_sift_wiki_1,join,B6,0.5,0.5,692258,401666,379512.1047329177,1.0583746736686388,385,385,14.006323181092739,648.314697265625,3.776059865951538,
multi_join_sift_wiki_1,join,B6,0.5,0.5,344709,398277,369517.6669541621,1.0778293857581793,385,385,19.814814440906048,633.8763427734375,3.213989496231079,
multi_join_sift_wiki_1,join,B6,0.5,0.5,414737,400491,411554.8752191729,1.0276257774061661,385,385,13.93253356218338,672.5734252929688,3.403557300567627,
multi_join_sift_wiki_1,join,B6,0.5,0.5,362610,400830,380680.4516489319,1.052930346866485,385,385,14.141222462058067,656.8014526367188,3.365111827850342,
multi_join_sift_wiki_1,join,B6,0.5,0.5,129857,399316,401511.4135323826,1.00549793530032,385,385,14.299021102488041,637.5941162109375,3.189283847808838,
multi_join_sift_wiki_1,join,B6,0.5,0.5,210898,400115,381130.4538533604,1.0498111498430507,385,385,13.886154629290104,625.4658813476562,2.9655251502990723,
multi_join_sift_wiki_1,join,B6,0.5,0.5,793779,399147,347688.2595649234,1.1480025253066326,385,385,14.000731520354748,650.0462036132812,3.1118245124816895,
multi_join_sift_wiki_1,join,B6,0.5,0.5,634727,399603,388539.6194214077,1.028474266266764,385,385,47.599910758435726,638.8820190429688,2.9159677028656006,
multi_join_sift_wiki_1,join,B6,0.5,0.5,351141,399713,380077.3906425311,1.0516621347149178,385,385,38.12587261199951,652.2698974609375,3.1640126705169678,
multi_join_sift_wiki_1,join,B6,0.5,0.5,611020,400454,409353.44468714367,1.0222233881722835,385,385,20.169835537672043,670.04150390625,3.011030912399292,
