cell,cell_kind,baseline,selectivity,seed,query_id,true_card,est,q_error,sample_size_used,sample_size_total,wall_clock_ms,D1_target,D2_target,reused_from
WIKI_sf1,single,B1,0.01,0.1,0,7822,12467.532467532466,1.5939059661892696,385,385,0.7219919934868813,2.167206048965454,,
WIKI_sf1,single,B1,0.01,0.1,1,7954,8311.688311688311,1.0449696142429357,385,385,0.5084099248051643,2.014307737350464,,
WIKI_sf1,single,B1,0.01,0.1,2,8139,10389.610389610389,1.2765217335803403,385,385,0.4387330263853073,2.205928325653076,,
WIKI_sf1,single,B1,0.01,0.1,3,8551,12467.532467532466,1.4580204031730168,385,385,0.40787458419799805,2.002185821533203,,
WIKI_sf1,single,B1,0.01,0.1,4,8220,6233.766233766233,1.3186250000000002,385,385,0.3962665796279907,2.2063770294189453,,
WIKI_sf1,single,B1,0.01,0.1,5,8021,10389.610389610389,1.295301133226579,385,385,0.40026940405368805,2.666402578353882,,
WIKI_sf1,single,B1,0.01,0.1,6,8290,6233.766233766233,1.3298541666666668,385,385,0.38910843431949615,2.4296271800994873,,
WIKI_sf1,single,B1,0.01,0.1,7,8142,6233.766233766233,1.3061125,385,385,0.38693472743034363,2.3844571113586426,,
WIKI_sf1,single,B1,0.01,0.1,8,7823,6233.766233766233,1.2549395833333334,385,385,0.38873031735420227,2.166682720184326,,
WIKI_sf1,single,B1,0.01,0.1,9,8196,0.0,,385,385,0.3857286646962166,2.296267032623291,,
WIKI_sf1,single,B1,0.01,0.1,10,7943,6233.766233766233,1.2741895833333334,385,385,0.39046909660100937,2.2289953231811523,,
WIKI_sf1,single,B1,0.01,0.1,11,8345,6233.766233766233,1.3386770833333335,385,385,0.39275456219911575,2.515251398086548,,
WIKI_sf1,single,B1,0.01,0.1,12,8134,14545.454545454544,1.7882289827212372,385,385,0.3983005881309509,2.2363364696502686,,
WIKI_sf1,single,B1,0.01,0.1,13,7937,8311.688311688311,1.047207800389103,385,385,0.3913016989827156,2.5844566822052,,
WIKI_sf1,single,B1,0.01,0.1,14,8139,8311.688311688311,1.0212173868642722,385,385,0.3848094493150711,2.1098439693450928,,
WIKI_sf1,single,B1,0.01,0.1,15,8226,8311.688311688311,1.0104167653401788,385,385,0.3895135596394539,1.5171633958816528,,
WIKI_sf1,single,B1,0.01,0.1,16,8185,12467.532467532466,1.5232171615800203,385,385,0.38337334990501404,2.2331125736236572,,
WIKI_sf1,single,B1,0.01,0.1,17,7694,8311.688311688311,1.080281818519406,385,385,0.3809165209531784,1.6358869075775146,,
WIKI_sf1,single,B1,0.01,0.1,18,8009,6233.766233766233,1.2847770833333334,385,385,0.3841221332550049,2.4596874713897705,,
WIKI_sf1,single,B1,0.01,0.1,19,7865,14545.454545454544,1.849390279142345,385,385,0.38425810635089874,2.429872989654541,,
WIKI_sf1,single,B1,0.01,0.1,20,7861,10389.610389610389,1.321665232109196,385,385,0.38427673280239105,2.048835515975952,,
WIKI_sf1,single,B1,0.01,0.1,21,7935,4155.8441558441555,1.9093593750000002,385,385,0.3840317949652672,2.377291202545166,,
WIKI_sf1,single,B1,0.01,0.1,22,7802,8311.688311688311,1.065327904599886,385,385,0.3936709836125374,2.1562469005584717,,
WIKI_sf1,single,B1,0.01,0.1,23,8330,6233.766233766233,1.3362708333333335,385,385,0.3907009959220886,2.822917938232422,,
WIKI_sf1,single,B1,0.01,0.1,24,7868,10389.610389610389,1.3204893733617677,385,385,0.3913016989827156,2.675109624862671,,
WIKI_sf1,single,B1,0.01,0.1,25,8238,10389.610389610389,1.2611811592146625,385,385,0.39214547723531723,2.419283390045166,,
WIKI_sf1,single,B1,0.01,0.1,26,7949,6233.766233766233,1.2751520833333334,385,385,0.3849118947982788,2.639585494995117,,
WIKI_sf1,single,B1,0.01,0.1,27,8081,14545.454545454544,1.7999572510152881,385,385,0.38273539394140244,2.260951519012451,,
WIKI_sf1,single,B1,0.01,0.1,28,7761,16623.376623376622,2.141911689650383,385,385,0.3857044503092766,2.2753593921661377,,
WIKI_sf1,single,B1,0.01,0.1,29,8249,2077.9220779220777,3.9698312500000004,385,385,0.38463249802589417,2.8980209827423096,,
WIKI_sf1,single,B1,0.01,0.1,30,7954,10389.610389610389,1.3062120178036696,385,385,0.38393400609493256,2.760096311569214,,
WIKI_sf1,single,B1,0.01,0.1,31,7719,6233.766233766233,1.23825625,385,385,0.38309767842292786,2.387831687927246,,
WIKI_sf1,single,B1,0.01,0.1,32,7948,4155.8441558441555,1.9124875000000001,385,385,0.38632284849882126,2.327319860458374,,
WIKI_sf1,single,B1,0.01,0.1,33,8112,2077.9220779220777,3.9039,385,385,0.39154570549726486,2.378676176071167,,
WIKI_sf1,single,B1,0.01,0.1,34,8072,6233.766233766233,1.2948833333333334,385,385,0.3907904028892517,2.2894248962402344,,
WIKI_sf1,single,B1,0.01,0.1,35,8111,4155.8441558441555,1.951709375,385,385,0.3903694450855255,3.0151984691619873,,
WIKI_sf1,single,B1,0.01,0.1,36,8170,2077.9220779220777,3.9318125000000004,385,385,0.3872644156217575,2.1808619499206543,,
WIKI_sf1,single,B1,0.01,0.1,37,8087,6233.766233766233,1.2972895833333336,385,385,0.38392655551433563,2.944368362426758,,
WIKI_sf1,single,B1,0.01,0.1,38,7874,10389.610389610389,1.3194831584468363,385,385,0.38339197635650635,2.6399199962615967,,
WIKI_sf1,single,B1,0.01,0.1,39,7962,14545.454545454544,1.8268594003334018,385,385,0.38396380841732025,2.4123928546905518,,
WIKI_sf1,single,B1,0.01,0.1,40,7877,6233.766233766233,1.2636020833333335,385,385,0.384405255317688,2.8045895099639893,,
WIKI_sf1,single,B1,0.01,0.1,41,7975,8311.688311688311,1.0422179701176566,385,385,0.384550541639328,2.056180000305176,,
WIKI_sf1,single,B1,0.01,0.1,42,8023,8311.688311688311,1.0359825890176133,385,385,0.3836117684841156,2.2058517932891846,,
WIKI_sf1,single,B1,0.01,0.1,43,8061,6233.766233766233,1.29311875,385,385,0.38503576070070267,1.9443683624267578,,
WIKI_sf1,single,B1,0.01,0.1,44,8042,4155.8441558441555,1.9351062500000002,385,385,0.3925999626517296,2.4376323223114014,,
WIKI_sf1,single,B1,0.01,0.1,45,7790,4155.8441558441555,1.8744687500000001,385,385,0.39180926978588104,1.9342671632766724,,
WIKI_sf1,single,B1,0.01,0.1,46,8281,12467.532467532466,1.5055588054018194,385,385,0.39347726851701736,2.234098196029663,,
WIKI_sf1,single,B1,0.01,0.1,47,8164,2077.9220779220777,3.9289250000000004,385,385,0.38201920688152313,2.3569846153259277,,
WIKI_sf1,single,B1,0.01,0.1,48,8007,14545.454545454544,1.8165922999193886,385,385,0.3840522840619087,2.434560537338257,,
WIKI_sf1,single,B1,0.01,0.1,49,8010,4155.8441558441555,1.9274062500000002,385,385,0.3850022330880165,2.6457741260528564,,
WIKI_sf1,single,B1,0.01,0.1,50,8119,6233.766233766233,1.3024229166666668,385,385,0.3881305456161499,2.7610936164855957,,
WIKI_sf1,single,B1,0.01,0.1,51,8019,6233.766233766233,1.28638125,385,385,0.3873845562338829,1.7611030340194702,,
WIKI_sf1,single,B1,0.01,0.1,52,8068,4155.8441558441555,1.9413625,385,385,0.38381386548280716,2.5257368087768555,,
WIKI_sf1,single,B1,0.01,0.1,53,8087,4155.8441558441555,1.9459343750000002,385,385,0.3842487931251526,2.7442595958709717,,
WIKI_sf1,single,B1,0.01,0.1,54,7853,8311.688311688311,1.0584093100328933,385,385,0.39048120379447937,2.7789347171783447,,
WIKI_sf1,single,B1,0.01,0.1,55,7926,0.0,,385,385,0.3897193819284439,2.4000768661499023,,
WIKI_sf1,single,B1,0.01,0.1,56,8022,2077.9220779220777,3.8605875000000003,385,385,0.3977688029408455,2.6742682456970215,,
WIKI_sf1,single,B1,0.01,0.1,57,7943,12467.532467532466,1.5696251375465777,385,385,0.38768257945775986,1.6304621696472168,,
WIKI_sf1,single,B1,0.01,0.1,58,7951,4155.8441558441555,1.913209375,385,385,0.38285739719867706,2.4665417671203613,,
WIKI_sf1,single,B1,0.01,0.1,59,8134,14545.454545454544,1.7882289827212372,385,385,0.38242246955633163,2.5423622131347656,,
WIKI_sf1,single,B1,0.01,0.1,60,7995,4155.8441558441555,1.923796875,385,385,0.3817901015281677,2.4317989349365234,,
WIKI_sf1,single,B1,0.01,0.1,61,7973,2077.9220779220777,3.8370062500000004,385,385,0.38380827754735947,2.3010826110839844,,
WIKI_sf1,single,B1,0.01,0.1,62,7946,12467.532467532466,1.5690325280055961,385,385,0.3830287605524063,2.7128586769104004,,
WIKI_sf1,single,B1,0.01,0.1,63,7957,12467.532467532466,1.5668634494825269,385,385,0.3795688971877098,2.8069698810577393,,
WIKI_sf1,single,B1,0.01,0.1,64,8091,2077.9220779220777,3.8937937500000004,385,385,0.38416218012571335,2.4856491088867188,,
WIKI_sf1,single,B1,0.01,0.1,65,7994,18701.2987012987,2.3394169003375906,385,385,0.3893338143825531,2.110017776489258,,
WIKI_sf1,single,B1,0.01,0.1,66,7824,14545.454545454544,1.8590816136828405,385,385,0.3956211730837822,2.3443052768707275,,
WIKI_sf1,single,B1,0.01,0.1,67,8077,12467.532467532466,1.5435845570796665,385,385,0.38866885006427765,2.9116549491882324,,
WIKI_sf1,single,B1,0.01,0.1,68,7951,8311.688311688311,1.0453638928044662,385,385,0.384332612156868,2.4384398460388184,,
WIKI_sf1,single,B1,0.01,0.1,69,8273,14545.454545454544,1.7581837961385887,385,385,0.385211780667305,2.7534472942352295,,
WIKI_sf1,single,B1,0.01,0.1,70,8064,4155.8441558441555,1.9404000000000001,385,385,0.3819884732365608,2.6098873615264893,,
WIKI_sf1,single,B1,0.01,0.1,71,8175,14545.454545454544,1.779260494856825,385,385,0.38050394505262375,2.5753307342529297,,
WIKI_sf1,single,B1,0.01,0.1,72,8048,8311.688311688311,1.0327644522475536,385,385,0.3814687952399254,2.5664024353027344,,
WIKI_sf1,single,B1,0.01,0.1,73,8221,18701.2987012987,2.2748204234641407,385,385,0.3826003521680832,2.7235560417175293,,
WIKI_sf1,single,B1,0.01,0.1,74,8106,8311.688311688311,1.0253748225620911,385,385,0.380929559469223,2.054203748703003,,
WIKI_sf1,single,B1,0.01,0.1,75,8410,10389.610389610389,1.2353876800963601,385,385,0.3887079656124115,2.4995932579040527,,
WIKI_sf1,single,B1,0.01,0.1,76,7936,6233.766233766233,1.2730666666666668,385,385,0.39506517350673676,2.3338756561279297,,
WIKI_sf1,single,B1,0.01,0.1,77,7958,6233.766233766233,1.2765958333333334,385,385,0.3918260335922241,2.2757935523986816,,
WIKI_sf1,single,B1,0.01,0.1,78,8121,6233.766233766233,1.30274375,385,385,0.3880532458424568,2.4740476608276367,,
WIKI_sf1,single,B1,0.01,0.1,79,8113,6233.766233766233,1.3014604166666668,385,385,0.38180314004421234,2.6197450160980225,,
WIKI_sf1,single,B1,0.01,0.1,80,8060,4155.8441558441555,1.9394375000000001,385,385,0.3792978823184967,1.8980433940887451,,
WIKI_sf1,single,B1,0.01,0.1,81,8077,18701.2987012987,2.3153768356195,385,385,0.3823228180408478,2.198307752609253,,
WIKI_sf1,single,B1,0.01,0.1,82,8115,4155.8441558441555,1.9526718750000003,385,385,0.38318708539009094,2.145202875137329,,
WIKI_sf1,single,B1,0.01,0.1,83,7909,12467.532467532466,1.5763727990305305,385,385,0.3844490274786949,2.1299262046813965,,
WIKI_sf1,single,B1,0.01,0.1,84,7789,8311.688311688311,1.0671059586196316,385,385,0.37846993654966354,2.7079858779907227,,
WIKI_sf1,single,B1,0.01,0.1,85,7980,10389.610389610389,1.3019561891742342,385,385,0.38168206810951233,2.6694083213806152,,
WIKI_sf1,single,B1,0.01,0.1,86,8161,14545.454545454544,1.7823127736128592,385,385,0.3940165042877197,2.7776412963867188,,
WIKI_sf1,single,B1,0.01,0.1,87,7848,6233.766233766233,1.25895,385,385,0.3905380144715309,3.0640816688537598,,
WIKI_sf1,single,B1,0.01,0.1,88,8009,12467.532467532466,1.5566902818744495,385,385,0.3888169303536415,2.873945713043213,,
WIKI_sf1,single,B1,0.01,0.1,89,7919,0.0,,385,385,0.3861924633383751,1.9332480430603027,,
WIKI_sf1,single,B1,0.01,0.1,90,8080,6233.766233766233,1.2961666666666667,385,385,0.38305483758449554,2.329563617706299,,
WIKI_sf1,single,B1,0.01,0.1,91,7724,8311.688311688311,1.0760860061740434,385,385,0.3819381818175316,2.323902130126953,,
WIKI_sf1,single,B1,0.01,0.1,92,8225,6233.766233766233,1.3194270833333335,385,385,0.3818850964307785,2.6593055725097656,,
WIKI_sf1,single,B1,0.01,0.1,93,7950,8311.688311688311,1.0454953851180266,385,385,0.38324762135744095,2.6566479206085205,,
WIKI_sf1,single,B1,0.01,0.1,94,7971,8311.688311688311,1.042740974995397,385,385,0.3835149109363556,2.205930471420288,,
WIKI_sf1,single,B1,0.01,0.1,95,8166,8311.688311688311,1.0178408414999156,385,385,0.384490005671978,2.0398571491241455,,
WIKI_sf1,single,B1,0.01,0.1,96,7926,4155.8441558441555,1.9071937500000002,385,385,0.3846781328320503,2.2208919525146484,,
WIKI_sf1,single,B1,0.01,0.1,97,8103,14545.454545454544,1.795070288220973,385,385,0.39692409336566925,2.3852226734161377,,
WIKI_sf1,single,B1,0.01,0.1,98,7919,2077.9220779220777,3.8110187500000006,385,385,0.3877822309732437,2.0354208946228027,,
WIKI_sf1,single,B1,0.01,0.1,99,8145,12467.532467532466,1.5306976632943483,385,385,0.39129890501499176,2.2755284309387207,,
WIKI_sf1,single,B1,0.01,0.2,0,7822,6233.766233766233,1.2547791666666668,385,385,0.41264574974775314,2.167206048965454,,
WIKI_sf1,single,B1,0.01,0.2,1,7954,4155.8441558441555,1.91393125,385,385,0.3997413441538811,2.014307737350464,,
WIKI_sf1,single,B1,0.01,0.2,2,8139,6233.766233766233,1.30563125,385,385,0.3954414278268814,2.205928325653076,,
WIKI_sf1,single,B1,0.01,0.2,3,8551,14545.454545454544,1.7010238037018528,385,385,0.39038248360157013,2.002185821533203,,
WIKI_sf1,single,B1,0.01,0.2,4,8220,14545.454545454544,1.7695200176952,385,385,0.3884369507431984,2.2063770294189453,,
WIKI_sf1,single,B1,0.01,0.2,5,8021,10389.610389610389,1.295301133226579,385,385,0.39367005228996277,2.666402578353882,,
WIKI_sf1,single,B1,0.01,0.2,6,8290,10389.610389610389,1.2532702520639794,385,385,0.38874149322509766,2.4296271800994873,,
WIKI_sf1,single,B1,0.01,0.2,7,8142,8311.688311688311,1.0208411092714702,385,385,0.3886539489030838,2.3844571113586426,,
WIKI_sf1,single,B1,0.01,0.2,8,7823,16623.376623376622,2.1249362934138594,385,385,0.3915373235940933,2.166682720184326,,
WIKI_sf1,single,B1,0.01,0.2,9,8196,12467.532467532466,1.5211728242474947,385,385,0.3869393840432167,2.296267032623291,,
WIKI_sf1,single,B1,0.01,0.2,10,7943,2077.9220779220777,3.8225687500000003,385,385,0.38050487637519836,2.2289953231811523,,
WIKI_sf1,single,B1,0.01,0.2,11,8345,10389.610389610389,1.2450102324278476,385,385,0.37901289761066437,2.515251398086548,,
WIKI_sf1,single,B1,0.01,0.2,12,8134,10389.610389610389,1.2773064162294552,385,385,0.38449931889772415,2.2363364696502686,,
WIKI_sf1,single,B1,0.01,0.2,13,7937,12467.532467532466,1.5708117005836546,385,385,0.3844238817691803,2.5844566822052,,
WIKI_sf1,single,B1,0.01,0.2,14,8139,14545.454545454544,1.7871304270124762,385,385,0.3825938329100609,2.1098439693450928,,
WIKI_sf1,single,B1,0.01,0.2,15,8226,12467.532467532466,1.5156251480102683,385,385,0.3838576376438141,1.5171633958816528,,
WIKI_sf1,single,B1,0.01,0.2,16,8185,6233.766233766233,1.3130104166666667,385,385,0.3915727138519287,2.2331125736236572,,
WIKI_sf1,single,B1,0.01,0.2,17,7694,8311.688311688311,1.080281818519406,385,385,0.39173848927021027,1.6358869075775146,,
WIKI_sf1,single,B1,0.01,0.2,18,8009,2077.9220779220777,3.8543312500000004,385,385,0.39271730929613113,2.4596874713897705,,
WIKI_sf1,single,B1,0.01,0.2,19,7865,6233.766233766233,1.2616770833333335,385,385,0.3887750208377838,2.429872989654541,,
WIKI_sf1,single,B1,0.01,0.2,20,7861,10389.610389610389,1.321665232109196,385,385,0.38501154631376266,2.048835515975952,,
WIKI_sf1,single,B1,0.01,0.2,21,7935,4155.8441558441555,1.9093593750000002,385,385,0.38355402648448944,2.377291202545166,,
WIKI_sf1,single,B1,0.01,0.2,22,7802,2077.9220779220777,3.7547125000000006,385,385,0.3857538104057312,2.1562469005584717,,
WIKI_sf1,single,B1,0.01,0.2,23,8330,8311.688311688311,1.002203125,385,385,0.38097426295280457,2.822917938232422,,
WIKI_sf1,single,B1,0.01,0.2,24,7868,10389.610389610389,1.3204893733617677,385,385,0.3847861662507057,2.675109624862671,,
WIKI_sf1,single,B1,0.01,0.2,25,8238,0.0,,385,385,0.3837151452898979,2.419283390045166,,
WIKI_sf1,single,B1,0.01,0.2,26,7949,6233.766233766233,1.2751520833333334,385,385,0.3859354183077812,2.639585494995117,,
WIKI_sf1,single,B1,0.01,0.2,27,8081,4155.8441558441555,1.9444906250000003,385,385,0.3831787034869194,2.260951519012451,,
WIKI_sf1,single,B1,0.01,0.2,28,7761,10389.610389610389,1.3386948060314894,385,385,0.3877384588122368,2.2753593921661377,,
WIKI_sf1,single,B1,0.01,0.2,29,8249,12467.532467532466,1.5113992565804906,385,385,0.3934912383556366,2.8980209827423096,,
WIKI_sf1,single,B1,0.01,0.2,30,7954,10389.610389610389,1.3062120178036696,385,385,0.391155481338501,2.760096311569214,,
WIKI_sf1,single,B1,0.01,0.2,31,7719,12467.532467532466,1.615174565038537,385,385,0.3848150372505188,2.387831687927246,,
WIKI_sf1,single,B1,0.01,0.2,32,7948,8311.688311688311,1.0457584690096013,385,385,0.38478802889585495,2.327319860458374,,
WIKI_sf1,single,B1,0.01,0.2,33,8112,6233.766233766233,1.3013000000000001,385,385,0.3836946561932564,2.378676176071167,,
WIKI_sf1,single,B1,0.01,0.2,34,8072,2077.9220779220777,3.88465,385,385,0.38193631917238235,2.2894248962402344,,
WIKI_sf1,single,B1,0.01,0.2,35,8111,16623.376623376622,2.0494854670665297,385,385,0.38174912333488464,3.0151984691619873,,
WIKI_sf1,single,B1,0.01,0.2,36,8170,8311.688311688311,1.0173425106105645,385,385,0.38594938814640045,2.1808619499206543,,
WIKI_sf1,single,B1,0.01,0.2,37,8087,16623.376623376622,2.0555677783327093,385,385,0.3822511062026024,2.944368362426758,,
WIKI_sf1,single,B1,0.01,0.2,38,7874,10389.610389610389,1.3194831584468363,385,385,0.38443878293037415,2.6399199962615967,,
WIKI_sf1,single,B1,0.01,0.2,39,7962,10389.610389610389,1.3048995716667156,385,385,0.3907224163413048,2.4123928546905518,,
WIKI_sf1,single,B1,0.01,0.2,40,7877,10389.610389610389,1.3189806258233323,385,385,0.3900006413459778,2.8045895099639893,,
WIKI_sf1,single,B1,0.01,0.2,41,7975,2077.9220779220777,3.8379687500000004,385,385,0.38974639028310776,2.056180000305176,,
WIKI_sf1,single,B1,0.01,0.2,42,8023,4155.8441558441555,1.9305343750000001,385,385,0.3907103091478348,2.2058517932891846,,
WIKI_sf1,single,B1,0.01,0.2,43,8061,2077.9220779220777,3.8793562500000003,385,385,0.38232188671827316,1.9443683624267578,,
WIKI_sf1,single,B1,0.01,0.2,44,8042,8311.688311688311,1.0335349803143883,385,385,0.3813598304986954,2.4376323223114014,,
WIKI_sf1,single,B1,0.01,0.2,45,7790,4155.8441558441555,1.8744687500000001,385,385,0.38167089223861694,1.9342671632766724,,
WIKI_sf1,single,B1,0.01,0.2,46,8281,4155.8441558441555,1.9926156250000002,385,385,0.3878241404891014,2.234098196029663,,
WIKI_sf1,single,B1,0.01,0.2,47,8164,4155.8441558441555,1.9644625000000002,385,385,0.38444437086582184,2.3569846153259277,,
WIKI_sf1,single,B1,0.01,0.2,48,8007,14545.454545454544,1.8165922999193886,385,385,0.38461852818727493,2.434560537338257,,
WIKI_sf1,single,B1,0.01,0.2,49,8010,2077.9220779220777,3.8548125000000004,385,385,0.383671373128891,2.6457741260528564,,
WIKI_sf1,single,B1,0.01,0.2,50,8119,8290.155440414508,1.0210808523727686,386,386,0.40315277874469757,2.7610936164855957,,
WIKI_sf1,single,B1,0.01,0.2,51,8019,4145.077720207254,1.9345837499999998,386,386,0.3981953486800194,1.7611030340194702,,
WIKI_sf1,single,B1,0.01,0.2,52,8068,6217.616580310882,1.2976033333333332,386,386,0.3939848393201828,2.5257368087768555,,
WIKI_sf1,single,B1,0.01,0.2,53,8087,12435.233160621763,1.5376818549056217,386,386,0.3861375153064728,2.7442595958709717,,
WIKI_sf1,single,B1,0.01,0.2,54,7853,4145.077720207254,1.8945362499999998,386,386,0.3861039876937866,2.7789347171783447,,
WIKI_sf1,single,B1,0.01,0.2,55,7926,16580.310880829016,2.0918888317977564,386,386,0.38585904985666275,2.4000768661499023,,
WIKI_sf1,single,B1,0.01,0.2,56,8022,2072.538860103627,3.870615,386,386,0.3880569711327553,2.6742682456970215,,
WIKI_sf1,single,B1,0.01,0.2,57,7943,6217.616580310882,1.2774991666666666,386,386,0.3834357485175133,1.6304621696472168,,
WIKI_sf1,single,B1,0.01,0.2,58,7951,8290.155440414508,1.0426556961909832,386,386,0.3856690600514412,2.4665417671203613,,
WIKI_sf1,single,B1,0.01,0.2,59,8134,4145.077720207254,1.9623275,386,386,0.3870641812682152,2.5423622131347656,,
WIKI_sf1,single,B1,0.01,0.2,60,7995,10362.694300518135,1.2961468793643696,386,386,0.38826651871204376,2.4317989349365234,,
WIKI_sf1,single,B1,0.01,0.2,61,7973,8290.155440414508,1.0397786831073006,386,386,0.3911573439836502,2.3010826110839844,,
WIKI_sf1,single,B1,0.01,0.2,62,7946,6217.616580310882,1.2779816666666666,386,386,0.38993265479803085,2.7128586769104004,,
WIKI_sf1,single,B1,0.01,0.2,63,7957,4145.077720207254,1.9196262499999999,386,386,0.38824044167995453,2.8069698810577393,,
WIKI_sf1,single,B1,0.01,0.2,64,8091,8290.155440414508,1.0246144407878517,386,386,0.3840029239654541,2.4856491088867188,,
WIKI_sf1,single,B1,0.01,0.2,65,7994,10362.694300518135,1.2963090193292637,386,386,0.3814566880464554,2.110017776489258,,
WIKI_sf1,single,B1,0.01,0.2,66,7824,8290.155440414508,1.0595801943270078,386,386,0.3968365490436554,2.3443052768707275,,
WIKI_sf1,single,B1,0.01,0.2,67,8077,8290.155440414508,1.0263904222377749,386,386,0.38392841815948486,2.9116549491882324,,
WIKI_sf1,single,B1,0.01,0.2,68,7951,8290.155440414508,1.0426556961909832,386,386,0.38636382669210434,2.4384398460388184,,
WIKI_sf1,single,B1,0.01,0.2,69,8273,8290.155440414508,1.002073666192978,386,386,0.3829794004559517,2.7534472942352295,,
WIKI_sf1,single,B1,0.01,0.2,70,8064,10362.694300518135,1.2850563368698085,386,386,0.38123317062854767,2.6098873615264893,,
WIKI_sf1,single,B1,0.01,0.2,71,8175,14507.77202072539,1.7746510117095278,386,386,0.38801971822977066,2.5753307342529297,,
WIKI_sf1,single,B1,0.01,0.2,72,8048,14507.77202072539,1.80265556917562,386,386,0.39079412817955017,2.5664024353027344,,
WIKI_sf1,single,B1,0.01,0.2,73,8221,14507.77202072539,1.7647210826815947,386,386,0.38901064544916153,2.7235560417175293,,
WIKI_sf1,single,B1,0.01,0.2,74,8106,4145.077720207254,1.9555725,386,386,0.39200112223625183,2.054203748703003,,
WIKI_sf1,single,B1,0.01,0.2,75,8410,6217.616580310882,1.3526083333333332,386,386,0.3848932683467865,2.4995932579040527,,
WIKI_sf1,single,B1,0.01,0.2,76,7936,10362.694300518135,1.3057830519806117,386,386,0.3839777782559395,2.3338756561279297,,
WIKI_sf1,single,B1,0.01,0.2,77,7958,4145.077720207254,1.9198674999999998,386,386,0.3882097080349922,2.2757935523986816,,
WIKI_sf1,single,B1,0.01,0.2,78,8121,8290.155440414508,1.0208293855946937,386,386,0.38627535104751587,2.4740476608276367,,
WIKI_sf1,single,B1,0.01,0.2,79,8113,10362.694300518135,1.277294995749801,386,386,0.38145575672388077,2.6197450160980225,,
WIKI_sf1,single,B1,0.01,0.2,80,8060,4145.077720207254,1.944475,386,386,0.3823712468147278,1.8980433940887451,,
WIKI_sf1,single,B1,0.01,0.2,81,8077,2072.538860103627,3.8971525,386,386,0.3852667286992073,2.198307752609253,,
WIKI_sf1,single,B1,0.01,0.2,82,8115,10362.694300518135,1.2769801972295916,386,386,0.38640573620796204,2.145202875137329,,
WIKI_sf1,single,B1,0.01,0.2,83,7909,2072.538860103627,3.8160925,386,386,0.3922106698155403,2.1299262046813965,,
WIKI_sf1,single,B1,0.01,0.2,84,7789,6217.616580310882,1.2527308333333331,386,386,0.39251428097486496,2.7079858779907227,,
WIKI_sf1,single,B1,0.01,0.2,85,7980,14507.77202072539,1.81801654395055,386,386,0.39007700979709625,2.6694083213806152,,
WIKI_sf1,single,B1,0.01,0.2,86,8161,2072.538860103627,3.9376824999999998,386,386,0.3832811489701271,2.7776412963867188,,
WIKI_sf1,single,B1,0.01,0.2,87,7848,6217.616580310882,1.26222,386,386,0.3829607740044594,3.0640816688537598,,
WIKI_sf1,single,B1,0.01,0.2,88,8009,6217.616580310882,1.2881141666666664,386,386,0.384514220058918,2.873945713043213,,
WIKI_sf1,single,B1,0.01,0.2,89,7919,6217.616580310882,1.2736391666666664,386,386,0.3815134987235069,1.9332480430603027,,
WIKI_sf1,single,B1,0.01,0.2,90,8080,8290.155440414508,1.0260093366849639,386,386,0.38398895412683487,2.329563617706299,,
WIKI_sf1,single,B1,0.01,0.2,91,7724,4145.077720207254,1.8634149999999998,386,386,0.3817584365606308,2.323902130126953,,
WIKI_sf1,single,B1,0.01,0.2,92,8225,10362.694300518135,1.2599020426161867,386,386,0.38563739508390427,2.6593055725097656,,
WIKI_sf1,single,B1,0.01,0.2,93,7950,6217.616580310882,1.278625,386,386,0.392422080039978,2.6566479206085205,,
WIKI_sf1,single,B1,0.01,0.2,94,7971,8290.155440414508,1.040039573505772,386,386,0.3934483975172043,2.205930471420288,,
WIKI_sf1,single,B1,0.01,0.2,95,8166,8290.155440414508,1.0152039481281543,386,386,0.3905901685357094,2.0398571491241455,,
WIKI_sf1,single,B1,0.01,0.2,96,7926,8290.155440414508,1.0459444158988782,386,386,0.3856886178255081,2.2208919525146484,,
WIKI_sf1,single,B1,0.01,0.2,97,8103,8290.155440414508,1.0230970554627308,386,386,0.3855917602777481,2.3852226734161377,,
WIKI_sf1,single,B1,0.01,0.2,98,7919,10362.694300518135,1.308586223073385,386,386,0.3812899813055992,2.0354208946228027,,
WIKI_sf1,single,B1,0.01,0.2,99,8145,6217.616580310882,1.3099874999999999,386,386,0.3819568082690239,2.2755284309387207,,
WIKI_sf1,single,B1,0.01,0.3,0,7822,4155.8441558441555,1.8821687500000002,385,385,0.42075663805007935,2.167206048965454,,
WIKI_sf1,single,B1,0.01,0.3,1,7954,10389.610389610389,1.3062120178036696,385,385,0.40497444570064545,2.014307737350464,,
WIKI_sf1,single,B1,0.01,0.3,2,8139,4155.8441558441555,1.9584468750000001,385,385,0.395982526242733,2.205928325653076,,
WIKI_sf1,single,B1,0.01,0.3,3,8551,18701.2987012987,2.187030604759525,385,385,0.3993446007370949,2.002185821533203,,
WIKI_sf1,single,B1,0.01,0.3,4,8220,2077.9220779220777,3.9558750000000003,385,385,0.3986721858382225,2.2063770294189453,,
WIKI_sf1,single,B1,0.01,0.3,5,8021,10389.610389610389,1.295301133226579,385,385,0.39574503898620605,2.666402578353882,,
WIKI_sf1,single,B1,0.01,0.3,6,8290,6233.766233766233,1.3298541666666668,385,385,0.3969818353652954,2.4296271800994873,,
WIKI_sf1,single,B1,0.01,0.3,7,8142,14545.454545454544,1.786471941225073,385,385,0.3843167796730995,2.3844571113586426,,
WIKI_sf1,single,B1,0.01,0.3,8,7823,2077.9220779220777,3.7648187500000003,385,385,0.3856765106320381,2.166682720184326,,
WIKI_sf1,single,B1,0.01,0.3,9,8196,6233.766233766233,1.314775,385,385,0.3857426345348358,2.296267032623291,,
WIKI_sf1,single,B1,0.01,0.3,10,7943,6233.766233766233,1.2741895833333334,385,385,0.38218311965465546,2.2289953231811523,,
WIKI_sf1,single,B1,0.01,0.3,11,8345,12467.532467532466,1.4940122789134171,385,385,0.38803182542324066,2.515251398086548,,
WIKI_sf1,single,B1,0.01,0.3,12,8134,10389.610389610389,1.2773064162294552,385,385,0.383203849196434,2.2363364696502686,,
WIKI_sf1,single,B1,0.01,0.3,13,7937,12467.532467532466,1.5708117005836546,385,385,0.3883354365825653,2.5844566822052,,
WIKI_sf1,single,B1,0.01,0.3,14,8139,6233.766233766233,1.30563125,385,385,0.39186328649520874,2.1098439693450928,,
WIKI_sf1,single,B1,0.01,0.3,15,8226,14545.454545454544,1.768229339345313,385,385,0.38832612335681915,1.5171633958816528,,
WIKI_sf1,single,B1,0.01,0.3,16,8185,12467.532467532466,1.5232171615800203,385,385,0.3974698483943939,2.2331125736236572,,
WIKI_sf1,single,B1,0.01,0.3,17,7694,6233.766233766233,1.2342458333333335,385,385,0.38730911910533905,1.6358869075775146,,
WIKI_sf1,single,B1,0.01,0.3,18,8009,6233.766233766233,1.2847770833333334,385,385,0.38241222500801086,2.4596874713897705,,
WIKI_sf1,single,B1,0.01,0.3,19,7865,8311.688311688311,1.0567944452241973,385,385,0.38216449320316315,2.429872989654541,,
WIKI_sf1,single,B1,0.01,0.3,20,7861,6233.766233766233,1.2610354166666669,385,385,0.3806091845035553,2.048835515975952,,
WIKI_sf1,single,B1,0.01,0.3,21,7935,12467.532467532466,1.5712076203569585,385,385,0.3850618377327919,2.377291202545166,,
WIKI_sf1,single,B1,0.01,0.3,22,7802,6233.766233766233,1.2515708333333335,385,385,0.3810497000813484,2.1562469005584717,,
WIKI_sf1,single,B1,0.01,0.3,23,8330,6233.766233766233,1.3362708333333335,385,385,0.3807414323091507,2.822917938232422,,
WIKI_sf1,single,B1,0.01,0.3,24,7868,18701.2987012987,2.376880872051182,385,385,0.3857128322124481,2.675109624862671,,
WIKI_sf1,single,B1,0.01,0.3,25,8238,8311.688311688311,1.00894492737173,385,385,0.3939913585782051,2.419283390045166,,
WIKI_sf1,single,B1,0.01,0.3,26,7949,10389.610389610389,1.3070336381444696,385,385,0.39763376116752625,2.639585494995117,,
WIKI_sf1,single,B1,0.01,0.3,27,8081,2077.9220779220777,3.8889812500000005,385,385,0.3963056951761246,2.260951519012451,,
WIKI_sf1,single,B1,0.01,0.3,28,7761,6233.766233766233,1.2449937500000001,385,385,0.38422364741563797,2.2753593921661377,,
WIKI_sf1,single,B1,0.01,0.3,29,8249,12467.532467532466,1.5113992565804906,385,385,0.3807768225669861,2.8980209827423096,,
WIKI_sf1,single,B1,0.01,0.3,30,7954,2077.9220779220777,3.8278625,385,385,0.3833109512925148,2.760096311569214,,
WIKI_sf1,single,B1,0.01,0.3,31,7719,2077.9220779220777,3.71476875,385,385,0.3820061683654785,2.387831687927246,,
WIKI_sf1,single,B1,0.01,0.3,32,7948,6233.766233766233,1.2749916666666667,385,385,0.3817994147539139,2.327319860458374,,
WIKI_sf1,single,B1,0.01,0.3,33,8112,6233.766233766233,1.3013000000000001,385,385,0.3852378576993942,2.378676176071167,,
WIKI_sf1,single,B1,0.01,0.3,34,8072,6233.766233766233,1.2948833333333334,385,385,0.38560759276151657,2.2894248962402344,,
WIKI_sf1,single,B1,0.01,0.3,35,8111,12467.532467532466,1.5371141002998971,385,385,0.38451235741376877,3.0151984691619873,,
WIKI_sf1,single,B1,0.01,0.3,36,8170,12467.532467532466,1.5260137659158466,385,385,0.3949478268623352,2.1808619499206543,,
WIKI_sf1,single,B1,0.01,0.3,37,8087,6233.766233766233,1.2972895833333336,385,385,0.39116106927394867,2.944368362426758,,
WIKI_sf1,single,B1,0.01,0.3,38,7874,4155.8441558441555,1.89468125,385,385,0.3927573561668396,2.6399199962615967,,
WIKI_sf1,single,B1,0.01,0.3,39,7962,0.0,,385,385,0.38601458072662354,2.4123928546905518,,
WIKI_sf1,single,B1,0.01,0.3,40,7877,6233.766233766233,1.2636020833333335,385,385,0.38495659828186035,2.8045895099639893,,
WIKI_sf1,single,B1,0.01,0.3,41,7975,4155.8441558441555,1.9189843750000002,385,385,0.3845393657684326,2.056180000305176,,
WIKI_sf1,single,B1,0.01,0.3,42,8023,4155.8441558441555,1.9305343750000001,385,385,0.3858814015984535,2.2058517932891846,,
WIKI_sf1,single,B1,0.01,0.3,43,8061,10389.610389610389,1.2888736372175151,385,385,0.38202572613954544,1.9443683624267578,,
WIKI_sf1,single,B1,0.01,0.3,44,8042,2077.9220779220777,3.8702125000000005,385,385,0.3803977742791176,2.4376323223114014,,
WIKI_sf1,single,B1,0.01,0.3,45,7790,10389.610389610389,1.3337112181784838,385,385,0.3828732296824455,1.9342671632766724,,
WIKI_sf1,single,B1,0.01,0.3,46,8281,6233.766233766233,1.3284104166666668,385,385,0.3876117989420891,2.234098196029663,,
WIKI_sf1,single,B1,0.01,0.3,47,8164,4155.8441558441555,1.9644625000000002,385,385,0.39149727672338486,2.3569846153259277,,
WIKI_sf1,single,B1,0.01,0.3,48,8007,10389.610389610389,1.297565928513849,385,385,0.3921082243323326,2.434560537338257,,
WIKI_sf1,single,B1,0.01,0.3,49,8010,8311.688311688311,1.0376639590122736,385,385,0.3892304375767708,2.6457741260528564,,
WIKI_sf1,single,B1,0.01,0.3,50,8119,4145.077720207254,1.95870875,386,386,0.3938479349017143,2.7610936164855957,,
WIKI_sf1,single,B1,0.01,0.3,51,8019,6217.616580310882,1.2897224999999999,386,386,0.38855522871017456,1.7611030340194702,,
WIKI_sf1,single,B1,0.01,0.3,52,8068,8290.155440414508,1.0275353793275295,386,386,0.38554705679416656,2.5257368087768555,,
WIKI_sf1,single,B1,0.01,0.3,53,8087,6217.616580310882,1.3006591666666665,386,386,0.38303155452013016,2.7442595958709717,,
WIKI_sf1,single,B1,0.01,0.3,54,7853,2072.538860103627,3.7890724999999996,386,386,0.3840615972876549,2.7789347171783447,,
WIKI_sf1,single,B1,0.01,0.3,55,7926,4145.077720207254,1.9121474999999999,386,386,0.38054678589105606,2.4000768661499023,,
WIKI_sf1,single,B1,0.01,0.3,56,8022,10362.694300518135,1.2917843805183413,386,386,0.38412120193243027,2.6742682456970215,,
WIKI_sf1,single,B1,0.01,0.3,57,7943,12435.233160621763,1.565558751179877,386,386,0.3872513771057129,1.6304621696472168,,
WIKI_sf1,single,B1,0.01,0.3,58,7951,14507.77202072539,1.8246474683342209,386,386,0.39723794907331467,2.4665417671203613,,
WIKI_sf1,single,B1,0.01,0.3,59,8134,4145.077720207254,1.9623275,386,386,0.3896281123161316,2.5423622131347656,,
WIKI_sf1,single,B1,0.01,0.3,60,7995,10362.694300518135,1.2961468793643696,386,386,0.38926862180233,2.4317989349365234,,
WIKI_sf1,single,B1,0.01,0.3,61,7973,16580.310880829016,2.079557366214601,386,386,0.38436707109212875,2.3010826110839844,,
WIKI_sf1,single,B1,0.01,0.3,62,7946,10362.694300518135,1.3041397307473113,386,386,0.3816448152065277,2.7128586769104004,,
WIKI_sf1,single,B1,0.01,0.3,63,7957,10362.694300518135,1.3023368481234303,386,386,0.38256123661994934,2.8069698810577393,,
WIKI_sf1,single,B1,0.01,0.3,64,8091,4145.077720207254,1.95195375,386,386,0.38229208439588547,2.4856491088867188,,
WIKI_sf1,single,B1,0.01,0.3,65,7994,10362.694300518135,1.2963090193292637,386,386,0.3818375989794731,2.110017776489258,,
WIKI_sf1,single,B1,0.01,0.3,66,7824,8290.155440414508,1.0595801943270078,386,386,0.3832392394542694,2.3443052768707275,,
WIKI_sf1,single,B1,0.01,0.3,67,8077,10362.694300518135,1.2829880277972185,386,386,0.3880234435200691,2.9116549491882324,,
WIKI_sf1,single,B1,0.01,0.3,68,7951,12435.233160621763,1.5639835442864751,386,386,0.3878884017467499,2.4384398460388184,,
WIKI_sf1,single,B1,0.01,0.3,69,8273,6217.616580310882,1.3305741666666666,386,386,0.3952672705054283,2.7534472942352295,,
WIKI_sf1,single,B1,0.01,0.3,70,8064,8290.155440414508,1.0280450694958467,386,386,0.3947187215089798,2.6098873615264893,,
WIKI_sf1,single,B1,0.01,0.3,71,8175,10362.694300518135,1.2676078655068055,386,386,0.3910651430487633,2.5753307342529297,,
WIKI_sf1,single,B1,0.01,0.3,72,8048,8290.155440414508,1.0300888966717827,386,386,0.3857845440506935,2.5664024353027344,,
WIKI_sf1,single,B1,0.01,0.3,73,8221,6217.616580310882,1.3222108333333331,386,386,0.38575567305088043,2.7235560417175293,,
WIKI_sf1,single,B1,0.01,0.3,74,8106,12435.233160621763,1.534077616657015,386,386,0.3845309838652611,2.054203748703003,,
WIKI_sf1,single,B1,0.01,0.3,75,8410,10362.694300518135,1.232187193878494,386,386,0.3822632133960724,2.4995932579040527,,
WIKI_sf1,single,B1,0.01,0.3,76,7936,2072.538860103627,3.8291199999999996,386,386,0.3799730911850929,2.3338756561279297,,
WIKI_sf1,single,B1,0.01,0.3,77,7958,6217.616580310882,1.2799116666666666,386,386,0.3883233293890953,2.2757935523986816,,
WIKI_sf1,single,B1,0.01,0.3,78,8121,4145.077720207254,1.95919125,386,386,0.3833286464214325,2.4740476608276367,,
WIKI_sf1,single,B1,0.01,0.3,79,8113,8290.155440414508,1.0218359965998407,386,386,0.38786977529525757,2.6197450160980225,,
WIKI_sf1,single,B1,0.01,0.3,80,8060,4145.077720207254,1.944475,386,386,0.39042532444000244,1.8980433940887451,,
WIKI_sf1,single,B1,0.01,0.3,81,8077,6217.616580310882,1.2990508333333333,386,386,0.39118528366088867,2.198307752609253,,
WIKI_sf1,single,B1,0.01,0.3,82,8115,8290.155440414508,1.0215841577836733,386,386,0.3952300176024437,2.145202875137329,,
WIKI_sf1,single,B1,0.01,0.3,83,7909,10362.694300518135,1.3102407763962745,386,386,0.38303807377815247,2.1299262046813965,,
WIKI_sf1,single,B1,0.01,0.3,84,7789,8290.155440414508,1.0643414354107728,386,386,0.38247834891080856,2.7079858779907227,,
WIKI_sf1,single,B1,0.01,0.3,85,7980,2072.538860103627,3.8503499999999997,386,386,0.38256868720054626,2.6694083213806152,,
WIKI_sf1,single,B1,0.01,0.3,86,8161,14507.77202072539,1.777695383007645,386,386,0.3825835883617401,2.7776412963867188,,
WIKI_sf1,single,B1,0.01,0.3,87,7848,8290.155440414508,1.056339887922338,386,386,0.38631726056337357,3.0640816688537598,,
WIKI_sf1,single,B1,0.01,0.3,88,8009,10362.694300518135,1.2938811712471139,386,386,0.38190465420484543,2.873945713043213,,
WIKI_sf1,single,B1,0.01,0.3,89,7919,2072.538860103627,3.8209174999999997,386,386,0.381985679268837,1.9332480430603027,,
WIKI_sf1,single,B1,0.01,0.3,90,8080,4145.077720207254,1.9492999999999998,386,386,0.3866972401738167,2.329563617706299,,
WIKI_sf1,single,B1,0.01,0.3,91,7724,18652.849740932645,2.414920991834884,386,386,0.38938410580158234,2.323902130126953,,
WIKI_sf1,single,B1,0.01,0.3,92,8225,8290.155440414508,1.0079216340929493,386,386,0.3922106698155403,2.6593055725097656,,
WIKI_sf1,single,B1,0.01,0.3,93,7950,8290.155440414508,1.0427868478508815,386,386,0.39023812860250473,2.6566479206085205,,
WIKI_sf1,single,B1,0.01,0.3,94,7971,10362.694300518135,1.300049466882215,386,386,0.38029439747333527,2.205930471420288,,
WIKI_sf1,single,B1,0.01,0.3,95,8166,14507.77202072539,1.77660690922427,386,386,0.3826059401035309,2.0398571491241455,,
WIKI_sf1,single,B1,0.01,0.3,96,7926,8290.155440414508,1.0459444158988782,386,386,0.38279686123132706,2.2208919525146484,,
WIKI_sf1,single,B1,0.01,0.3,97,8103,14507.77202072539,1.790419847059779,386,386,0.38887839764356613,2.3852226734161377,,
WIKI_sf1,single,B1,0.01,0.3,98,7919,8290.155440414508,1.046868978458708,386,386,0.3809770569205284,2.0354208946228027,,
WIKI_sf1,single,B1,0.01,0.3,99,8145,12435.233160621763,1.5267321253065393,386,386,0.3814157098531723,2.2755284309387207,,
WIKI_sf1,single,B1,0.01,0.4,0,7822,8311.688311688311,1.062603977459513,385,385,0.4366394132375717,2.167206048965454,,
WIKI_sf1,single,B1,0.01,0.4,1,7954,6233.766233766233,1.2759541666666667,385,385,0.4083998501300812,2.014307737350464,,
WIKI_sf1,single,B1,0.01,0.4,2,8139,8311.688311688311,1.0212173868642722,385,385,0.39738137274980545,2.205928325653076,,
WIKI_sf1,single,B1,0.01,0.4,3,8551,14545.454545454544,1.7010238037018528,385,385,0.4141824319958687,2.002185821533203,,
WIKI_sf1,single,B1,0.01,0.4,4,8220,14545.454545454544,1.7695200176952,385,385,0.3901030868291855,2.2063770294189453,,
WIKI_sf1,single,B1,0.01,0.4,5,8021,4155.8441558441555,1.9300531250000001,385,385,0.3885813057422638,2.666402578353882,,
WIKI_sf1,single,B1,0.01,0.4,6,8290,4155.8441558441555,1.9947812500000002,385,385,0.39669591933488846,2.4296271800994873,,
WIKI_sf1,single,B1,0.01,0.4,7,8142,8311.688311688311,1.0208411092714702,385,385,0.38341060280799866,2.3844571113586426,,
WIKI_sf1,single,B1,0.01,0.4,8,7823,12467.532467532466,1.5937022200603945,385,385,0.38235727697610855,2.166682720184326,,
WIKI_sf1,single,B1,0.01,0.4,9,8196,12467.532467532466,1.5211728242474947,385,385,0.38922764360904694,2.296267032623291,,
WIKI_sf1,single,B1,0.01,0.4,10,7943,4155.8441558441555,1.9112843750000001,385,385,0.3935890272259712,2.2289953231811523,,
WIKI_sf1,single,B1,0.01,0.4,11,8345,10389.610389610389,1.2450102324278476,385,385,0.39214547723531723,2.515251398086548,,
WIKI_sf1,single,B1,0.01,0.4,12,8134,14545.454545454544,1.7882289827212372,385,385,0.3906469792127609,2.2363364696502686,,
WIKI_sf1,single,B1,0.01,0.4,13,7937,8311.688311688311,1.047207800389103,385,385,0.3832140937447548,2.5844566822052,,
WIKI_sf1,single,B1,0.01,0.4,14,8139,6233.766233766233,1.30563125,385,385,0.3833882510662079,2.1098439693450928,,
WIKI_sf1,single,B1,0.01,0.4,15,8226,14545.454545454544,1.768229339345313,385,385,0.3803921863436699,1.5171633958816528,,
WIKI_sf1,single,B1,0.01,0.4,16,8185,10389.610389610389,1.269347634650017,385,385,0.38958992809057236,2.2331125736236572,,
WIKI_sf1,single,B1,0.01,0.4,17,7694,6233.766233766233,1.2342458333333335,385,385,0.3837905824184418,1.6358869075775146,,
WIKI_sf1,single,B1,0.01,0.4,18,8009,8311.688311688311,1.037793521249633,385,385,0.38212910294532776,2.4596874713897705,,
WIKI_sf1,single,B1,0.01,0.4,19,7865,4155.8441558441555,1.8925156250000001,385,385,0.3816131502389908,2.429872989654541,,
WIKI_sf1,single,B1,0.01,0.4,20,7861,8311.688311688311,1.0573321856873568,385,385,0.38422271609306335,2.048835515975952,,
WIKI_sf1,single,B1,0.01,0.4,21,7935,0.0,,385,385,0.39006490260362625,2.377291202545166,,
WIKI_sf1,single,B1,0.01,0.4,22,7802,10389.610389610389,1.3316598807498576,385,385,0.3885561600327492,2.1562469005584717,,
WIKI_sf1,single,B1,0.01,0.4,23,8330,16623.376623376622,1.9956034361796664,385,385,0.39103906601667404,2.822917938232422,,
WIKI_sf1,single,B1,0.01,0.4,24,7868,2077.9220779220777,3.7864750000000003,385,385,0.3843260928988457,2.675109624862671,,
WIKI_sf1,single,B1,0.01,0.4,25,8238,10389.610389610389,1.2611811592146625,385,385,0.38361549377441406,2.419283390045166,,
WIKI_sf1,single,B1,0.01,0.4,26,7949,20779.220779220777,2.614067276288939,385,385,0.43707434087991714,2.639585494995117,,
WIKI_sf1,single,B1,0.01,0.4,27,8081,6233.766233766233,1.2963270833333334,385,385,0.38156658411026,2.260951519012451,,
WIKI_sf1,single,B1,0.01,0.4,28,7761,18701.2987012987,2.4096506508566806,385,385,0.38275308907032013,2.2753593921661377,,
WIKI_sf1,single,B1,0.01,0.4,29,8249,2077.9220779220777,3.9698312500000004,385,385,0.38595031946897507,2.8980209827423096,,
WIKI_sf1,single,B1,0.01,0.4,30,7954,4155.8441558441555,1.91393125,385,385,0.38144551217556,2.760096311569214,,
WIKI_sf1,single,B1,0.01,0.4,31,7719,4155.8441558441555,1.857384375,385,385,0.3847545012831688,2.387831687927246,,
WIKI_sf1,single,B1,0.01,0.4,32,7948,14545.454545454544,1.8300773207668022,385,385,0.38999971002340317,2.327319860458374,,
WIKI_sf1,single,B1,0.01,0.4,33,8112,10389.610389610389,1.280770511539742,385,385,0.38919597864151,2.378676176071167,,
WIKI_sf1,single,B1,0.01,0.4,34,8072,4155.8441558441555,1.942325,385,385,0.3899121657013893,2.2894248962402344,,
WIKI_sf1,single,B1,0.01,0.4,35,8111,8311.688311688311,1.0247427335332648,385,385,0.38163643330335617,3.0151984691619873,,
WIKI_sf1,single,B1,0.01,0.4,36,8170,8311.688311688311,1.0173425106105645,385,385,0.3879750147461891,2.1808619499206543,,
WIKI_sf1,single,B1,0.01,0.4,37,8087,8311.688311688311,1.0277838891663547,385,385,0.3841836005449295,2.944368362426758,,
WIKI_sf1,single,B1,0.01,0.4,38,7874,2077.9220779220777,3.7893625,385,385,0.3827083855867386,2.6399199962615967,,
WIKI_sf1,single,B1,0.01,0.4,39,7962,8311.688311688311,1.0439196573333724,385,385,0.3816206008195877,2.4123928546905518,,
WIKI_sf1,single,B1,0.01,0.4,40,7877,8311.688311688311,1.0551845006586658,385,385,0.38139708340168,2.8045895099639893,,
WIKI_sf1,single,B1,0.01,0.4,41,7975,0.0,,385,385,0.38221757858991623,2.056180000305176,,
WIKI_sf1,single,B1,0.01,0.4,42,8023,4155.8441558441555,1.9305343750000001,385,385,0.3896933048963547,2.2058517932891846,,
WIKI_sf1,single,B1,0.01,0.4,43,8061,2077.9220779220777,3.8793562500000003,385,385,0.3904765471816063,1.9443683624267578,,
WIKI_sf1,single,B1,0.01,0.4,44,8042,8311.688311688311,1.0335349803143883,385,385,0.391446053981781,2.4376323223114014,,
WIKI_sf1,single,B1,0.01,0.4,45,7790,10389.610389610389,1.3337112181784838,385,385,0.38889050483703613,1.9342671632766724,,
WIKI_sf1,single,B1,0.01,0.4,46,8281,2077.9220779220777,3.9852312500000004,385,385,0.3896951675415039,2.234098196029663,,
WIKI_sf1,single,B1,0.01,0.4,47,8164,0.0,,385,385,0.3820899873971939,2.3569846153259277,,
WIKI_sf1,single,B1,0.01,0.4,48,8007,2077.9220779220777,3.8533687500000005,385,385,0.38496963679790497,2.434560537338257,,
WIKI_sf1,single,B1,0.01,0.4,49,8010,10389.610389610389,1.297079948765342,385,385,0.38230791687965393,2.6457741260528564,,
WIKI_sf1,single,B1,0.01,0.4,50,8119,12435.233160621763,1.531621278559153,386,386,0.3963848575949669,2.7610936164855957,,
WIKI_sf1,single,B1,0.01,0.4,51,8019,10362.694300518135,1.2922676518915244,386,386,0.3890674561262131,1.7611030340194702,,
WIKI_sf1,single,B1,0.01,0.4,52,8068,4145.077720207254,1.946405,386,386,0.3865715116262436,2.5257368087768555,,
WIKI_sf1,single,B1,0.01,0.4,53,8087,12435.233160621763,1.5376818549056217,386,386,0.3917347639799118,2.7442595958709717,,
WIKI_sf1,single,B1,0.01,0.4,54,7853,2072.538860103627,3.7890724999999996,386,386,0.39520300924777985,2.7789347171783447,,
WIKI_sf1,single,B1,0.01,0.4,55,7926,16580.310880829016,2.0918888317977564,386,386,0.3947317600250244,2.4000768661499023,,
WIKI_sf1,single,B1,0.01,0.4,56,8022,4145.077720207254,1.9353075,386,386,0.39132125675678253,2.6742682456970215,,
WIKI_sf1,single,B1,0.01,0.4,57,7943,8290.155440414508,1.043705834119918,386,386,0.3839563578367233,1.6304621696472168,,
WIKI_sf1,single,B1,0.01,0.4,58,7951,8290.155440414508,1.0426556961909832,386,386,0.3833724185824394,2.4665417671203613,,
WIKI_sf1,single,B1,0.01,0.4,59,8134,4145.077720207254,1.9623275,386,386,0.3804760053753853,2.5423622131347656,,
WIKI_sf1,single,B1,0.01,0.4,60,7995,10362.694300518135,1.2961468793643696,386,386,0.3855479881167412,2.4317989349365234,,
WIKI_sf1,single,B1,0.01,0.4,61,7973,6217.616580310882,1.2823241666666665,386,386,0.3872830420732498,2.3010826110839844,,
WIKI_sf1,single,B1,0.01,0.4,62,7946,10362.694300518135,1.3041397307473113,386,386,0.38655567914247513,2.7128586769104004,,
WIKI_sf1,single,B1,0.01,0.4,63,7957,8290.155440414508,1.0418694784987443,386,386,0.3855777904391289,2.8069698810577393,,
WIKI_sf1,single,B1,0.01,0.4,64,8091,8290.155440414508,1.0246144407878517,386,386,0.38745347410440445,2.4856491088867188,,
WIKI_sf1,single,B1,0.01,0.4,65,7994,6217.616580310882,1.2857016666666665,386,386,0.3903442993760109,2.110017776489258,,
WIKI_sf1,single,B1,0.01,0.4,66,7824,10362.694300518135,1.3244752429087596,386,386,0.39528217166662216,2.3443052768707275,,
WIKI_sf1,single,B1,0.01,0.4,67,8077,6217.616580310882,1.2990508333333333,386,386,0.3878232091665268,2.9116549491882324,,
WIKI_sf1,single,B1,0.01,0.4,68,7951,8290.155440414508,1.0426556961909832,386,386,0.38502924144268036,2.4384398460388184,,
WIKI_sf1,single,B1,0.01,0.4,69,8273,4145.077720207254,1.99586125,386,386,0.3834236413240433,2.7534472942352295,,
WIKI_sf1,single,B1,0.01,0.4,70,8064,10362.694300518135,1.2850563368698085,386,386,0.38386136293411255,2.6098873615264893,,
WIKI_sf1,single,B1,0.01,0.4,71,8175,12435.233160621763,1.5211294386081666,386,386,0.38105715066194534,2.5753307342529297,,
WIKI_sf1,single,B1,0.01,0.4,72,8048,8290.155440414508,1.0300888966717827,386,386,0.3837933763861656,2.5664024353027344,,
WIKI_sf1,single,B1,0.01,0.4,73,8221,12435.233160621763,1.5126180708699384,386,386,0.3860173746943474,2.7235560417175293,,
WIKI_sf1,single,B1,0.01,0.4,74,8106,4145.077720207254,1.9555725,386,386,0.38324762135744095,2.054203748703003,,
WIKI_sf1,single,B1,0.01,0.4,75,8410,12435.233160621763,1.478624632654193,386,386,0.3855256363749504,2.4995932579040527,,
WIKI_sf1,single,B1,0.01,0.4,76,7936,2072.538860103627,3.8291199999999996,386,386,0.3915764391422272,2.3338756561279297,,
WIKI_sf1,single,B1,0.01,0.4,77,7958,10362.694300518135,1.30217319684822,386,386,0.3953222185373306,2.2757935523986816,,
WIKI_sf1,single,B1,0.01,0.4,78,8121,4145.077720207254,1.95919125,386,386,0.3930879756808281,2.4740476608276367,,
WIKI_sf1,single,B1,0.01,0.4,79,8113,4145.077720207254,1.95726125,386,386,0.3843214362859726,2.6197450160980225,,
WIKI_sf1,single,B1,0.01,0.4,80,8060,6217.616580310882,1.2963166666666666,386,386,0.38550328463315964,1.8980433940887451,,
WIKI_sf1,single,B1,0.01,0.4,81,8077,8290.155440414508,1.0263904222377749,386,386,0.3848467022180557,2.198307752609253,,
WIKI_sf1,single,B1,0.01,0.4,82,8115,6217.616580310882,1.3051624999999998,386,386,0.3842068836092949,2.145202875137329,,
WIKI_sf1,single,B1,0.01,0.4,83,7909,10362.694300518135,1.3102407763962745,386,386,0.3820527344942093,2.1299262046813965,,
WIKI_sf1,single,B1,0.01,0.4,84,7789,10362.694300518135,1.3304267942634658,386,386,0.3850627690553665,2.7079858779907227,,
WIKI_sf1,single,B1,0.01,0.4,85,7980,4145.077720207254,1.9251749999999999,386,386,0.38552191108465195,2.6694083213806152,,
WIKI_sf1,single,B1,0.01,0.4,86,8161,8290.155440414508,1.0158259331472257,386,386,0.39107538759708405,2.7776412963867188,,
WIKI_sf1,single,B1,0.01,0.4,87,7848,4145.077720207254,1.89333,386,386,0.39441511034965515,3.0640816688537598,,
WIKI_sf1,single,B1,0.01,0.4,88,8009,6217.616580310882,1.2881141666666664,386,386,0.3878222778439522,2.873945713043213,,
WIKI_sf1,single,B1,0.01,0.4,89,7919,6217.616580310882,1.2736391666666664,386,386,0.38338731974363327,1.9332480430603027,,
WIKI_sf1,single,B1,0.01,0.4,90,8080,12435.233160621763,1.539014005027446,386,386,0.3830390051007271,2.329563617706299,,
WIKI_sf1,single,B1,0.01,0.4,91,7724,10362.694300518135,1.3416227732416022,386,386,0.38113538175821304,2.323902130126953,,
WIKI_sf1,single,B1,0.01,0.4,92,8225,6217.616580310882,1.3228541666666664,386,386,0.3813179209828377,2.6593055725097656,,
WIKI_sf1,single,B1,0.01,0.4,93,7950,8290.155440414508,1.0427868478508815,386,386,0.3827018663287163,2.6566479206085205,,
WIKI_sf1,single,B1,0.01,0.4,94,7971,8290.155440414508,1.040039573505772,386,386,0.3811996430158615,2.205930471420288,,
WIKI_sf1,single,B1,0.01,0.4,95,8166,4145.077720207254,1.9700475,386,386,0.38088392466306686,2.0398571491241455,,
WIKI_sf1,single,B1,0.01,0.4,96,7926,2072.538860103627,3.8242949999999998,386,386,0.38835592567920685,2.2208919525146484,,
WIKI_sf1,single,B1,0.01,0.4,97,8103,8290.155440414508,1.0230970554627308,386,386,0.39976928383111954,2.3852226734161377,,
WIKI_sf1,single,B1,0.01,0.4,98,7919,14507.77202072539,1.832020712302739,386,386,0.3924248740077019,2.0354208946228027,,
WIKI_sf1,single,B1,0.01,0.4,99,8145,4145.077720207254,1.96498125,386,386,0.3887396305799484,2.2755284309387207,,
WIKI_sf1,single,B1,0.01,0.5,0,7822,6233.766233766233,1.2547791666666668,385,385,0.42012985795736313,2.167206048965454,,
WIKI_sf1,single,B1,0.01,0.5,1,7954,14545.454545454544,1.8286968249251376,385,385,0.4012603312730789,2.014307737350464,,
WIKI_sf1,single,B1,0.01,0.5,2,8139,8311.688311688311,1.0212173868642722,385,385,0.3937305882573128,2.205928325653076,,
WIKI_sf1,single,B1,0.01,0.5,3,8551,8311.688311688311,1.0287921875000001,385,385,0.3876546397805214,2.002185821533203,,
WIKI_sf1,single,B1,0.01,0.5,4,8220,6233.766233766233,1.3186250000000002,385,385,0.3865314647555351,2.2063770294189453,,
WIKI_sf1,single,B1,0.01,0.5,5,8021,6233.766233766233,1.2867020833333334,385,385,0.385788269340992,2.666402578353882,,
WIKI_sf1,single,B1,0.01,0.5,6,8290,8311.688311688311,1.0026162016511835,385,385,0.3985632210969925,2.4296271800994873,,
WIKI_sf1,single,B1,0.01,0.5,7,8142,8311.688311688311,1.0208411092714702,385,385,0.3930283710360527,2.3844571113586426,,
WIKI_sf1,single,B1,0.01,0.5,8,7823,4155.8441558441555,1.8824093750000002,385,385,0.3917170688509941,2.166682720184326,,
WIKI_sf1,single,B1,0.01,0.5,9,8196,8311.688311688311,1.0141152161649964,385,385,0.3860592842102051,2.296267032623291,,
WIKI_sf1,single,B1,0.01,0.5,10,7943,12467.532467532466,1.5696251375465777,385,385,0.3823898732662201,2.2289953231811523,,
WIKI_sf1,single,B1,0.01,0.5,11,8345,6233.766233766233,1.3386770833333335,385,385,0.3819707781076431,2.515251398086548,,
WIKI_sf1,single,B1,0.01,0.5,12,8134,6233.766233766233,1.3048291666666667,385,385,0.3835456445813179,2.2363364696502686,,
WIKI_sf1,single,B1,0.01,0.5,13,7937,4155.8441558441555,1.9098406250000002,385,385,0.38026366382837296,2.5844566822052,,
WIKI_sf1,single,B1,0.01,0.5,14,8139,8311.688311688311,1.0212173868642722,385,385,0.38344692438840866,2.1098439693450928,,
WIKI_sf1,single,B1,0.01,0.5,15,8226,8311.688311688311,1.0104167653401788,385,385,0.3821933642029762,1.5171633958816528,,
WIKI_sf1,single,B1,0.01,0.5,16,8185,12467.532467532466,1.5232171615800203,385,385,0.3855805844068527,2.2331125736236572,,
WIKI_sf1,single,B1,0.01,0.5,17,7694,6233.766233766233,1.2342458333333335,385,385,0.39088260382413864,1.6358869075775146,,
WIKI_sf1,single,B1,0.01,0.5,18,8009,6233.766233766233,1.2847770833333334,385,385,0.39112381637096405,2.4596874713897705,,
WIKI_sf1,single,B1,0.01,0.5,19,7865,6233.766233766233,1.2616770833333335,385,385,0.38957130163908005,2.429872989654541,,
WIKI_sf1,single,B1,0.01,0.5,20,7861,10389.610389610389,1.321665232109196,385,385,0.3855926916003227,2.048835515975952,,
WIKI_sf1,single,B1,0.01,0.5,21,7935,2077.9220779220777,3.8187187500000004,385,385,0.38053281605243683,2.377291202545166,,
WIKI_sf1,single,B1,0.01,0.5,22,7802,2077.9220779220777,3.7547125000000006,385,385,0.38116704672574997,2.1562469005584717,,
WIKI_sf1,single,B1,0.01,0.5,23,8330,16623.376623376622,1.9956034361796664,385,385,0.37904269993305206,2.822917938232422,,
WIKI_sf1,single,B1,0.01,0.5,24,7868,2077.9220779220777,3.7864750000000003,385,385,0.38353540003299713,2.675109624862671,,
WIKI_sf1,single,B1,0.01,0.5,25,8238,12467.532467532466,1.5134173910575948,385,385,0.38323644548654556,2.419283390045166,,
WIKI_sf1,single,B1,0.01,0.5,26,7949,6233.766233766233,1.2751520833333334,385,385,0.3878064453601837,2.639585494995117,,
WIKI_sf1,single,B1,0.01,0.5,27,8081,10389.610389610389,1.285683750725206,385,385,0.3842739388346672,2.260951519012451,,
WIKI_sf1,single,B1,0.01,0.5,28,7761,8311.688311688311,1.0709558448251915,385,385,0.39280764758586884,2.2753593921661377,,
WIKI_sf1,single,B1,0.01,0.5,29,8249,4155.8441558441555,1.9849156250000002,385,385,0.3923242911696434,2.8980209827423096,,
WIKI_sf1,single,B1,0.01,0.5,30,7954,14545.454545454544,1.8286968249251376,385,385,0.3926660865545273,2.760096311569214,,
WIKI_sf1,single,B1,0.01,0.5,31,7719,6233.766233766233,1.23825625,385,385,0.3827698528766632,2.387831687927246,,
WIKI_sf1,single,B1,0.01,0.5,32,7948,6233.766233766233,1.2749916666666667,385,385,0.38054492324590683,2.327319860458374,,
WIKI_sf1,single,B1,0.01,0.5,33,8112,6233.766233766233,1.3013000000000001,385,385,0.38226041942834854,2.378676176071167,,
WIKI_sf1,single,B1,0.01,0.5,34,8072,8311.688311688311,1.029693794807769,385,385,0.3827158361673355,2.2894248962402344,,
WIKI_sf1,single,B1,0.01,0.5,35,8111,16623.376623376622,2.0494854670665297,385,385,0.3800671547651291,3.0151984691619873,,
WIKI_sf1,single,B1,0.01,0.5,36,8170,4155.8441558441555,1.9659062500000002,385,385,0.3845924511551857,2.1808619499206543,,
WIKI_sf1,single,B1,0.01,0.5,37,8087,6233.766233766233,1.2972895833333336,385,385,0.38189440965652466,2.944368362426758,,
WIKI_sf1,single,B1,0.01,0.5,38,7874,12467.532467532466,1.5833797901362034,385,385,0.3837989643216133,2.6399199962615967,,
WIKI_sf1,single,B1,0.01,0.5,39,7962,12467.532467532466,1.5658794860000587,385,385,0.390893779695034,2.4123928546905518,,
WIKI_sf1,single,B1,0.01,0.5,40,7877,8311.688311688311,1.0551845006586658,385,385,0.3909766674041748,2.8045895099639893,,
WIKI_sf1,single,B1,0.01,0.5,41,7975,14545.454545454544,1.8238814477058989,385,385,0.3955438733100891,2.056180000305176,,
WIKI_sf1,single,B1,0.01,0.5,42,8023,8311.688311688311,1.0359825890176133,385,385,0.3830818459391594,2.2058517932891846,,
WIKI_sf1,single,B1,0.01,0.5,43,8061,6233.766233766233,1.29311875,385,385,0.38015004247426987,1.9443683624267578,,
WIKI_sf1,single,B1,0.01,0.5,44,8042,10389.610389610389,1.2919187253929854,385,385,0.3809407353401184,2.4376323223114014,,
WIKI_sf1,single,B1,0.01,0.5,45,7790,4155.8441558441555,1.8744687500000001,385,385,0.383756123483181,1.9342671632766724,,
WIKI_sf1,single,B1,0.01,0.5,46,8281,4155.8441558441555,1.9926156250000002,385,385,0.3827502951025963,2.234098196029663,,
WIKI_sf1,single,B1,0.01,0.5,47,8164,12467.532467532466,1.5271352850970683,385,385,0.386199913918972,2.3569846153259277,,
WIKI_sf1,single,B1,0.01,0.5,48,8007,16623.376623376622,2.076105485622158,385,385,0.38236938416957855,2.434560537338257,,
WIKI_sf1,single,B1,0.01,0.5,49,8010,10389.610389610389,1.297079948765342,385,385,0.3891466185450554,2.6457741260528564,,
WIKI_sf1,single,B1,0.01,0.5,50,8119,8311.688311688311,1.0237330104308795,385,385,0.4027644172310829,2.7610936164855957,,
WIKI_sf1,single,B1,0.01,0.5,51,8019,10389.610389610389,1.2956241912470867,385,385,0.3988780081272125,1.7611030340194702,,
WIKI_sf1,single,B1,0.01,0.5,52,8068,14545.454545454544,1.802857529183756,385,385,0.39095059037208557,2.5257368087768555,,
WIKI_sf1,single,B1,0.01,0.5,53,8087,8311.688311688311,1.0277838891663547,385,385,0.3810860216617584,2.7442595958709717,,
WIKI_sf1,single,B1,0.01,0.5,54,7853,12467.532467532466,1.58761396504934,385,385,0.3849184140563011,2.7789347171783447,,
WIKI_sf1,single,B1,0.01,0.5,55,7926,8311.688311688311,1.0486611546414726,385,385,0.3816690295934677,2.4000768661499023,,
WIKI_sf1,single,B1,0.01,0.5,56,8022,6233.766233766233,1.2868625,385,385,0.3825882449746132,2.6742682456970215,,
WIKI_sf1,single,B1,0.01,0.5,57,7943,10389.610389610389,1.3080209479554814,385,385,0.3895694389939308,1.6304621696472168,,
WIKI_sf1,single,B1,0.01,0.5,58,7951,10389.610389610389,1.3067048660055829,385,385,0.3832457587122917,2.4665417671203613,,
WIKI_sf1,single,B1,0.01,0.5,59,8134,6233.766233766233,1.3048291666666667,385,385,0.3818413242697716,2.5423622131347656,,
WIKI_sf1,single,B1,0.01,0.5,60,7995,6233.766233766233,1.2825312500000001,385,385,0.3915661945939064,2.4317989349365234,,
WIKI_sf1,single,B1,0.01,0.5,61,7973,16623.376623376622,2.0849588139190547,385,385,0.3904541954398155,2.3010826110839844,,
WIKI_sf1,single,B1,0.01,0.5,62,7946,14545.454545454544,1.8305379493398621,385,385,0.39334502071142197,2.7128586769104004,,
WIKI_sf1,single,B1,0.01,0.5,63,7957,18701.2987012987,2.3502951742237905,385,385,0.3848075866699219,2.8069698810577393,,
WIKI_sf1,single,B1,0.01,0.5,64,8091,6233.766233766233,1.2979312500000002,385,385,0.38080476224422455,2.4856491088867188,,
WIKI_sf1,single,B1,0.01,0.5,65,7994,10389.610389610389,1.299676055743106,385,385,0.37910696119070053,2.110017776489258,,
WIKI_sf1,single,B1,0.01,0.5,66,7824,4155.8441558441555,1.8826500000000002,385,385,0.38079172372817993,2.3443052768707275,,
WIKI_sf1,single,B1,0.01,0.5,67,8077,10389.610389610389,1.2863204642330555,385,385,0.385897234082222,2.9116549491882324,,
WIKI_sf1,single,B1,0.01,0.5,68,7951,6233.766233766233,1.2754729166666667,385,385,0.38168393075466156,2.4384398460388184,,
WIKI_sf1,single,B1,0.01,0.5,69,8273,8311.688311688311,1.0046764549363363,385,385,0.38176681846380234,2.7534472942352295,,
WIKI_sf1,single,B1,0.01,0.5,70,8064,2077.9220779220777,3.8808000000000002,385,385,0.38131233304739,2.6098873615264893,,
WIKI_sf1,single,B1,0.01,0.5,71,8175,6233.766233766233,1.31140625,385,385,0.38664042949676514,2.5753307342529297,,
WIKI_sf1,single,B1,0.01,0.5,72,8048,6233.766233766233,1.2910333333333335,385,385,0.3892919048666954,2.5664024353027344,,
WIKI_sf1,single,B1,0.01,0.5,73,8221,6233.766233766233,1.3187854166666668,385,385,0.38798805326223373,2.7235560417175293,,
WIKI_sf1,single,B1,0.01,0.5,74,8106,6233.766233766233,1.3003375000000001,385,385,0.3872467204928398,2.054203748703003,,
WIKI_sf1,single,B1,0.01,0.5,75,8410,10389.610389610389,1.2353876800963601,385,385,0.38183294236660004,2.4995932579040527,,
WIKI_sf1,single,B1,0.01,0.5,76,7936,4155.8441558441555,1.9096000000000002,385,385,0.38239825516939163,2.3338756561279297,,
WIKI_sf1,single,B1,0.01,0.5,77,7958,10389.610389610389,1.3055554648919814,385,385,0.384381040930748,2.2757935523986816,,
WIKI_sf1,single,B1,0.01,0.5,78,8121,2077.9220779220777,3.9082312500000005,385,385,0.38294028490781784,2.4740476608276367,,
WIKI_sf1,single,B1,0.01,0.5,79,8113,6233.766233766233,1.3014604166666668,385,385,0.379425473511219,2.6197450160980225,,
WIKI_sf1,single,B1,0.01,0.5,80,8060,12467.532467532466,1.5468402565176758,385,385,0.38170814514160156,1.8980433940887451,,
WIKI_sf1,single,B1,0.01,0.5,81,8077,14545.454545454544,1.8008486499262777,385,385,0.3824317827820778,2.198307752609253,,
WIKI_sf1,single,B1,0.01,0.5,82,8115,8311.688311688311,1.0242376231285657,385,385,0.3875410184264183,2.145202875137329,,
WIKI_sf1,single,B1,0.01,0.5,83,7909,12467.532467532466,1.5763727990305305,385,385,0.3896523267030716,2.1299262046813965,,
WIKI_sf1,single,B1,0.01,0.5,84,7789,2077.9220779220777,3.7484562500000003,385,385,0.388571061193943,2.7079858779907227,,
WIKI_sf1,single,B1,0.01,0.5,85,7980,2077.9220779220777,3.8403750000000003,385,385,0.38790516555309296,2.6694083213806152,,
WIKI_sf1,single,B1,0.01,0.5,86,8161,8311.688311688311,1.018464442064491,385,385,0.3814278170466423,2.7776412963867188,,
WIKI_sf1,single,B1,0.01,0.5,87,7848,4155.8441558441555,1.8884250000000002,385,385,0.3810189664363861,3.0640816688537598,,
WIKI_sf1,single,B1,0.01,0.5,88,8009,10389.610389610389,1.2972419015620413,385,385,0.38507115095853806,2.873945713043213,,
WIKI_sf1,single,B1,0.01,0.5,89,7919,8311.688311688311,1.0495881186624967,385,385,0.38173142820596695,1.9332480430603027,,
WIKI_sf1,single,B1,0.01,0.5,90,8080,10389.610389610389,1.2858428700012858,385,385,0.3825332969427109,2.329563617706299,,
WIKI_sf1,single,B1,0.01,0.5,91,7724,14545.454545454544,1.8831505108045759,385,385,0.3812648355960846,2.323902130126953,,
WIKI_sf1,single,B1,0.01,0.5,92,8225,8311.688311688311,1.0105396123633206,385,385,0.3837151452898979,2.6593055725097656,,
WIKI_sf1,single,B1,0.01,0.5,93,7950,6233.766233766233,1.2753125,385,385,0.38897618651390076,2.6566479206085205,,
WIKI_sf1,single,B1,0.01,0.5,94,7971,6233.766233766233,1.2786812500000002,385,385,0.3881296142935753,2.205930471420288,,
WIKI_sf1,single,B1,0.01,0.5,95,8166,8311.688311688311,1.0178408414999156,385,385,0.3884965553879738,2.0398571491241455,,
WIKI_sf1,single,B1,0.01,0.5,96,7926,12467.532467532466,1.5729917319622087,385,385,0.38205087184906006,2.2208919525146484,,
WIKI_sf1,single,B1,0.01,0.5,97,8103,10389.610389610389,1.2821930630149807,385,385,0.38167554885149,2.3852226734161377,,
WIKI_sf1,single,B1,0.01,0.5,98,7919,2077.9220779220777,3.8110187500000006,385,385,0.38430187851190567,2.0354208946228027,,
WIKI_sf1,single,B1,0.01,0.5,99,8145,6233.766233766233,1.3065937500000002,385,385,0.37886016070842743,2.2755284309387207,,
WIKI_sf1,single,B1,0.05,0.1,0,39559,45714.28571428571,1.1555976064684574,385,385,0.4231669008731842,2.3679208755493164,,
WIKI_sf1,single,B1,0.05,0.1,1,39840,31168.831168831166,1.2782000000000002,385,385,0.41405390948057175,2.366820812225342,,
WIKI_sf1,single,B1,0.05,0.1,2,40460,39480.51948051948,1.0248092105263158,385,385,0.4212111234664917,2.4571948051452637,,
WIKI_sf1,single,B1,0.05,0.1,3,40478,51948.05194805194,1.2833650859245007,385,385,0.39923377335071564,2.287515878677368,,
WIKI_sf1,single,B1,0.05,0.1,4,40059,29090.90909090909,1.377028125,385,385,0.38615334779024124,2.5646069049835205,,
WIKI_sf1,single,B1,0.05,0.1,5,40323,39480.51948051948,1.0213391447368423,385,385,0.3902595490217209,2.830185890197754,,
WIKI_sf1,single,B1,0.05,0.1,6,40843,33246.753246753244,1.228480859375,385,385,0.3828117623925209,2.679443120956421,,
WIKI_sf1,single,B1,0.05,0.1,7,39785,54025.97402597402,1.3579483228848566,385,385,0.3850506618618965,2.5749003887176514,,
WIKI_sf1,single,B1,0.05,0.1,8,39776,31168.831168831166,1.2761466666666668,385,385,0.3845933824777603,2.458406686782837,,
WIKI_sf1,single,B1,0.05,0.1,9,40240,37402.5974025974,1.0758611111111112,385,385,0.3826310858130455,2.5147221088409424,,
WIKI_sf1,single,B1,0.05,0.1,10,39605,33246.753246753244,1.191244140625,385,385,0.3843829035758972,2.448122024536133,,
WIKI_sf1,single,B1,0.05,0.1,11,39882,29090.90909090909,1.3709437500000001,385,385,0.3833584487438202,2.7718605995178223,,
WIKI_sf1,single,B1,0.05,0.1,12,40180,43636.36363636363,1.0860219919453369,385,385,0.3883698955178261,2.815652370452881,,
WIKI_sf1,single,B1,0.05,0.1,13,39961,41558.441558441555,1.0399750146002742,385,385,0.3883829340338707,2.783599853515625,,
WIKI_sf1,single,B1,0.05,0.1,14,40083,41558.441558441555,1.0368096589187823,385,385,0.39008352905511856,2.7469849586486816,,
WIKI_sf1,single,B1,0.05,0.1,15,39937,39480.51948051948,1.0115621710526317,385,385,0.3950735554099083,1.910478949546814,,
WIKI_sf1,single,B1,0.05,0.1,16,40369,47792.20779220779,1.1838838661400528,385,385,0.3842618316411972,2.575836420059204,,
WIKI_sf1,single,B1,0.05,0.1,17,39637,39480.51948051948,1.0039634868421055,385,385,0.3822688013315201,2.0633416175842285,,
WIKI_sf1,single,B1,0.05,0.1,18,39907,43636.36363636363,1.0934513653334912,385,385,0.38276053965091705,2.6616592407226562,,
WIKI_sf1,single,B1,0.05,0.1,19,39770,31168.831168831166,1.2759541666666667,385,385,0.3838809207081795,2.6459147930145264,,
WIKI_sf1,single,B1,0.05,0.1,20,40163,37402.5974025974,1.0738024305555556,385,385,0.38135889917612076,2.3159127235412598,,
WIKI_sf1,single,B1,0.05,0.1,21,40457,35324.67532467532,1.1452900735294118,385,385,0.38354285061359406,2.585860013961792,,
WIKI_sf1,single,B1,0.05,0.1,22,39555,31168.831168831166,1.2690562500000002,385,385,0.39019249379634857,2.5784645080566406,,
WIKI_sf1,single,B1,0.05,0.1,23,40540,43636.36363636363,1.0763779880701438,385,385,0.38886629045009613,2.98968243598938,,
WIKI_sf1,single,B1,0.05,0.1,24,39432,47792.20779220779,1.2120158194412607,385,385,0.39120856672525406,2.870670795440674,,
WIKI_sf1,single,B1,0.05,0.1,25,40328,43636.36363636363,1.0820363924906673,385,385,0.3921426832675934,2.741457462310791,,
WIKI_sf1,single,B1,0.05,0.1,26,40151,39480.51948051948,1.0169825657894738,385,385,0.38201455026865005,2.847830057144165,,
WIKI_sf1,single,B1,0.05,0.1,27,40718,41558.441558441555,1.020640541245679,385,385,0.38072559982538223,2.52569580078125,,
WIKI_sf1,single,B1,0.05,0.1,28,39987,43636.36363636363,1.09126375162837,385,385,0.3811921924352646,2.5863699913024902,,
WIKI_sf1,single,B1,0.05,0.1,29,40089,24935.064935064933,1.6077359375000002,385,385,0.38296449929475784,3.084923267364502,,
WIKI_sf1,single,B1,0.05,0.1,30,39998,43636.36363636363,1.0909636390910453,385,385,0.3806697204709053,2.9621264934539795,,
WIKI_sf1,single,B1,0.05,0.1,31,39199,41558.441558441555,1.0601913711686919,385,385,0.3792541101574898,2.645692825317383,,
WIKI_sf1,single,B1,0.05,0.1,32,40240,43636.36363636363,1.0844026748599311,385,385,0.3803800791501999,2.5796830654144287,,
WIKI_sf1,single,B1,0.05,0.1,33,40245,29090.90909090909,1.383421875,385,385,0.3898683935403824,2.6139676570892334,,
WIKI_sf1,single,B1,0.05,0.1,34,39962,24935.064935064933,1.6026427083333334,385,385,0.3909580409526825,2.5259060859680176,,
WIKI_sf1,single,B1,0.05,0.1,35,40365,35324.67532467532,1.142685661764706,385,385,0.38973521441221237,3.1811232566833496,,
WIKI_sf1,single,B1,0.05,0.1,36,40211,33246.753246753244,1.209471484375,385,385,0.3923904150724411,2.3827197551727295,,
WIKI_sf1,single,B1,0.05,0.1,37,40334,29090.90909090909,1.38648125,385,385,0.382227823138237,3.1230695247650146,,
WIKI_sf1,single,B1,0.05,0.1,38,40040,54025.97402597402,1.3493000505987518,385,385,0.38380827754735947,2.8505430221557617,,
WIKI_sf1,single,B1,0.05,0.1,39,40621,64415.58441558441,1.585770523019729,385,385,0.3796042874455452,2.67680025100708,,
WIKI_sf1,single,B1,0.05,0.1,40,39748,33246.753246753244,1.1955453125000002,385,385,0.37991441786289215,2.9943604469299316,,
WIKI_sf1,single,B1,0.05,0.1,41,39778,41558.441558441555,1.0447594539303524,385,385,0.38093142211437225,2.4976906776428223,,
WIKI_sf1,single,B1,0.05,0.1,42,40297,33246.753246753244,1.212058203125,385,385,0.37955865263938904,2.4816768169403076,,
WIKI_sf1,single,B1,0.05,0.1,43,40157,24935.064935064933,1.6104630208333335,385,385,0.3826906904578209,2.1957428455352783,,
WIKI_sf1,single,B1,0.05,0.1,44,39894,43636.36363636363,1.0938076812644415,385,385,0.38898084312677383,2.6371946334838867,,
WIKI_sf1,single,B1,0.05,0.1,45,39757,47792.20779220779,1.2021080009107274,385,385,0.3918437287211418,2.210944414138794,,
WIKI_sf1,single,B1,0.05,0.1,46,40544,60259.740259740254,1.4862800971719676,385,385,0.3898516297340393,2.444016456604004,,
WIKI_sf1,single,B1,0.05,0.1,47,40033,24935.064935064933,1.6054901041666667,385,385,0.3797737881541252,2.610927104949951,,
WIKI_sf1,single,B1,0.05,0.1,48,39576,58181.81818181818,1.4701288200378557,385,385,0.37932954728603363,2.6701648235321045,,
WIKI_sf1,single,B1,0.05,0.1,49,40202,43636.36363636363,1.0854276811194377,385,385,0.37866178900003433,2.8045690059661865,,
WIKI_sf1,single,B1,0.05,0.1,50,40463,33420.36553524804,1.210728828125,383,383,0.3900304436683655,2.9602532386779785,,
WIKI_sf1,single,B1,0.05,0.1,51,39786,33420.36553524804,1.19047171875,383,383,0.3844471648335457,2.0750577449798584,,
WIKI_sf1,single,B1,0.05,0.1,52,40689,29242.819843342037,1.3914184821428572,383,383,0.3804964944720268,2.7749061584472656,,
WIKI_sf1,single,B1,0.05,0.1,53,40224,54308.09399477807,1.350141557149415,383,383,0.37935562431812286,2.9249439239501953,,
WIKI_sf1,single,B1,0.05,0.1,54,39914,35509.138381201046,1.1240486764705881,383,383,0.3827512264251709,3.000563621520996,,
WIKI_sf1,single,B1,0.05,0.1,55,39297,33420.36553524804,1.175839921875,383,383,0.3895731642842293,2.709089994430542,,
WIKI_sf1,single,B1,0.05,0.1,56,40388,29242.819843342037,1.3811253571428572,383,383,0.3925533965229988,2.8669652938842773,,
WIKI_sf1,single,B1,0.05,0.1,57,39742,37597.91122715405,1.0570268055555554,383,383,0.3840886056423187,2.046647787094116,,
WIKI_sf1,single,B1,0.05,0.1,58,40030,50130.54830287206,1.2523244642236337,383,383,0.3833044320344925,2.685497522354126,,
WIKI_sf1,single,B1,0.05,0.1,59,40307,45953.002610966054,1.140074989727989,383,383,0.3787968307733536,2.7388265132904053,,
WIKI_sf1,single,B1,0.05,0.1,60,39917,37597.91122715405,1.0616813194444443,383,383,0.3788778558373451,2.7461044788360596,,
WIKI_sf1,single,B1,0.05,0.1,61,39856,41775.45691906005,1.048159798250202,383,383,0.37909019738435745,2.5313680171966553,,
WIKI_sf1,single,B1,0.05,0.1,62,40477,52219.32114882507,1.2900986028812675,383,383,0.37858448922634125,2.9443020820617676,,
WIKI_sf1,single,B1,0.05,0.1,63,40045,56396.86684073107,1.4083372915652659,383,383,0.3785165026783943,2.963348388671875,,
WIKI_sf1,single,B1,0.05,0.1,64,40319,29242.819843342037,1.3787658035714285,383,383,0.37712976336479187,2.6585350036621094,,
WIKI_sf1,single,B1,0.05,0.1,65,39799,48041.77545691906,1.207110114749593,383,383,0.3853915259242058,2.521890878677368,,
WIKI_sf1,single,B1,0.05,0.1,66,40019,37597.91122715405,1.064394236111111,383,383,0.3910474479198456,2.606635332107544,,
WIKI_sf1,single,B1,0.05,0.1,67,39830,18798.955613577025,2.118734722222222,383,383,0.3885943442583084,3.10465145111084,,
WIKI_sf1,single,B1,0.05,0.1,68,40140,37597.91122715405,1.0676124999999999,383,383,0.385885126888752,2.6395423412323,,
WIKI_sf1,single,B1,0.05,0.1,69,40460,54308.09399477807,1.3422662875624833,383,383,0.37927087396383286,2.9624788761138916,,
WIKI_sf1,single,B1,0.05,0.1,70,39930,31331.592689295037,1.2744325,383,383,0.37866365164518356,2.8657851219177246,,
WIKI_sf1,single,B1,0.05,0.1,71,39889,35509.138381201046,1.123344632352941,383,383,0.37780776619911194,2.789051055908203,,
WIKI_sf1,single,B1,0.05,0.1,72,39649,52219.32114882507,1.317040055205051,383,383,0.3810375928878784,2.769510507583618,,
WIKI_sf1,single,B1,0.05,0.1,73,40128,50130.54830287206,1.2492660561919873,383,383,0.3796722739934921,2.912706136703491,,
WIKI_sf1,single,B1,0.05,0.1,74,39973,37597.91122715405,1.0631707638888888,383,383,0.38054678589105606,2.417224884033203,,
WIKI_sf1,single,B1,0.05,0.1,75,40391,54308.09399477807,1.3445592828793065,383,383,0.37937331944704056,2.7575531005859375,,
WIKI_sf1,single,B1,0.05,0.1,76,39150,43864.22976501306,1.1204145533847525,383,383,0.3841351717710495,2.7008352279663086,,
WIKI_sf1,single,B1,0.05,0.1,77,40299,35509.138381201046,1.1348909558823528,383,383,0.38830284029245377,2.503910541534424,,
WIKI_sf1,single,B1,0.05,0.1,78,40475,37597.91122715405,1.0765225694444442,383,383,0.3899550065398216,2.806971788406372,,
WIKI_sf1,single,B1,0.05,0.1,79,39960,27154.046997389036,1.471603846153846,383,383,0.38564857095479965,2.8061773777008057,,
WIKI_sf1,single,B1,0.05,0.1,80,39895,35509.138381201046,1.1235136029411763,383,383,0.37965085357427597,2.1082704067230225,,
WIKI_sf1,single,B1,0.05,0.1,81,40320,43864.22976501306,1.0879025239338556,383,383,0.37781428545713425,2.387850761413574,,
WIKI_sf1,single,B1,0.05,0.1,82,39732,31331.592689295037,1.268113,383,383,0.3802059218287468,2.4036452770233154,,
WIKI_sf1,single,B1,0.05,0.1,83,39557,43864.22976501306,1.1088866639283328,383,383,0.3759535029530525,2.426344394683838,,
WIKI_sf1,single,B1,0.05,0.1,84,40086,39686.68407310705,1.0100617105263159,383,383,0.37753861397504807,2.931016206741333,,
WIKI_sf1,single,B1,0.05,0.1,85,40355,39686.68407310705,1.016839802631579,383,383,0.37987250834703445,2.861131191253662,,
WIKI_sf1,single,B1,0.05,0.1,86,39345,54308.09399477807,1.380304841651495,383,383,0.37785619497299194,2.9690239429473877,,
WIKI_sf1,single,B1,0.05,0.1,87,40361,39686.68407310705,1.0169909868421052,383,383,0.384598970413208,3.2165145874023438,,
WIKI_sf1,single,B1,0.05,0.1,88,40272,43864.22976501306,1.0891991896358029,383,383,0.38614682853221893,3.0257534980773926,,
WIKI_sf1,single,B1,0.05,0.1,89,39396,25065.27415143603,1.57173625,383,383,0.38644298911094666,2.2671186923980713,,
WIKI_sf1,single,B1,0.05,0.1,90,39987,54308.09399477807,1.3581437465870927,383,383,0.38763415068387985,2.547576427459717,,
WIKI_sf1,single,B1,0.05,0.1,91,39934,41775.45691906005,1.0461125086157173,383,383,0.3792429342865944,2.635497808456421,,
WIKI_sf1,single,B1,0.05,0.1,92,39926,27154.046997389036,1.4703517307692306,383,383,0.3785323351621628,2.8237457275390625,,
WIKI_sf1,single,B1,0.05,0.1,93,40131,39686.68407310705,1.011195592105263,383,383,0.3794841468334198,2.828763246536255,,
WIKI_sf1,single,B1,0.05,0.1,94,40265,48041.77545691906,1.1931398350159954,383,383,0.3785509616136551,2.4630725383758545,,
WIKI_sf1,single,B1,0.05,0.1,95,39838,43864.22976501306,1.1010650576086414,383,383,0.37665944546461105,2.2835142612457275,,
WIKI_sf1,single,B1,0.05,0.1,96,40355,37597.91122715405,1.0733309027777778,383,383,0.3793686628341675,2.4280924797058105,,
WIKI_sf1,single,B1,0.05,0.1,97,40198,18798.955613577025,2.1383102777777774,383,383,0.38158148527145386,2.626574993133545,,
WIKI_sf1,single,B1,0.05,0.1,98,40279,35509.138381201046,1.1343277205882352,383,383,0.38327649235725403,2.344454050064087,,
WIKI_sf1,single,B1,0.05,0.1,99,40231,39686.68407310705,1.0137153289473684,383,383,0.3887871280312538,2.4463751316070557,,
WIKI_sf1,single,B1,0.05,0.2,0,39559,33246.753246753244,1.189860546875,385,385,0.4255305975675583,2.3679208755493164,,
WIKI_sf1,single,B1,0.05,0.2,1,39840,31168.831168831166,1.2782000000000002,385,385,0.3993092104792595,2.366820812225342,,
WIKI_sf1,single,B1,0.05,0.2,2,40460,33246.753246753244,1.2169609375000001,385,385,0.39147399365901947,2.4571948051452637,,
WIKI_sf1,single,B1,0.05,0.2,3,40478,49870.129870129866,1.2320304824875208,385,385,0.38677453994750977,2.287515878677368,,
WIKI_sf1,single,B1,0.05,0.2,4,40059,43636.36363636363,1.0893023699134685,385,385,0.3881733864545822,2.5646069049835205,,
WIKI_sf1,single,B1,0.05,0.2,5,40323,35324.67532467532,1.1414966911764708,385,385,0.386284664273262,2.830185890197754,,
WIKI_sf1,single,B1,0.05,0.2,6,40843,35324.67532467532,1.1562172794117649,385,385,0.3908434882760048,2.679443120956421,,
WIKI_sf1,single,B1,0.05,0.2,7,39785,35324.67532467532,1.1262665441176472,385,385,0.38184504956007004,2.5749003887176514,,
WIKI_sf1,single,B1,0.05,0.2,8,39776,47792.20779220779,1.20153378399557,385,385,0.39089471101760864,2.458406686782837,,
WIKI_sf1,single,B1,0.05,0.2,9,40240,37402.5974025974,1.0758611111111112,385,385,0.39017852395772934,2.5147221088409424,,
WIKI_sf1,single,B1,0.05,0.2,10,39605,24935.064935064933,1.5883255208333336,385,385,0.39175432175397873,2.448122024536133,,
WIKI_sf1,single,B1,0.05,0.2,11,39882,49870.129870129866,1.2504420508031158,385,385,0.3818320110440254,2.7718605995178223,,
WIKI_sf1,single,B1,0.05,0.2,12,40180,29090.90909090909,1.3811875000000002,385,385,0.38230232894420624,2.815652370452881,,
WIKI_sf1,single,B1,0.05,0.2,13,39961,56103.8961038961,1.40396626971037,385,385,0.38195494562387466,2.783599853515625,,
WIKI_sf1,single,B1,0.05,0.2,14,40083,39480.51948051948,1.0152601973684212,385,385,0.38398057222366333,2.7469849586486816,,
WIKI_sf1,single,B1,0.05,0.2,15,39937,29090.90909090909,1.372834375,385,385,0.3814222291111946,1.910478949546814,,
WIKI_sf1,single,B1,0.05,0.2,16,40369,35324.67532467532,1.1427988970588236,385,385,0.41189044713974,2.575836420059204,,
WIKI_sf1,single,B1,0.05,0.2,17,39637,24935.064935064933,1.5896088541666669,385,385,0.4155980423092842,2.0633416175842285,,
WIKI_sf1,single,B1,0.05,0.2,18,39907,41558.441558441555,1.041382252698563,385,385,0.4040030762553215,2.6616592407226562,,
WIKI_sf1,single,B1,0.05,0.2,19,39770,41558.441558441555,1.0449696142429357,385,385,0.3961734473705292,2.6459147930145264,,
WIKI_sf1,single,B1,0.05,0.2,20,40163,31168.831168831166,1.2885629166666668,385,385,0.40270667523145676,2.3159127235412598,,
WIKI_sf1,single,B1,0.05,0.2,21,40457,43636.36363636363,1.0785862430818802,385,385,0.39673689752817154,2.585860013961792,,
WIKI_sf1,single,B1,0.05,0.2,22,39555,33246.753246753244,1.189740234375,385,385,0.3873957321047783,2.5784645080566406,,
WIKI_sf1,single,B1,0.05,0.2,23,40540,39480.51948051948,1.0268355263157896,385,385,0.388474203646183,2.98968243598938,,
WIKI_sf1,single,B1,0.05,0.2,24,39432,35324.67532467532,1.1162735294117647,385,385,0.38664229214191437,2.870670795440674,,
WIKI_sf1,single,B1,0.05,0.2,25,40328,16623.376623376622,2.4259812500000004,385,385,0.38197822868824005,2.741457462310791,,
WIKI_sf1,single,B1,0.05,0.2,26,40151,35324.67532467532,1.1366275735294118,385,385,0.3855535760521889,2.847830057144165,,
WIKI_sf1,single,B1,0.05,0.2,27,40718,47792.20779220779,1.1737366224325307,385,385,0.3833584487438202,2.52569580078125,,
WIKI_sf1,single,B1,0.05,0.2,28,39987,33246.753246753244,1.202733984375,385,385,0.3825724124908447,2.5863699913024902,,
WIKI_sf1,single,B1,0.05,0.2,29,40089,33246.753246753244,1.2058019531250002,385,385,0.39025116711854935,3.084923267364502,,
WIKI_sf1,single,B1,0.05,0.2,30,39998,37402.5974025974,1.0693909722222223,385,385,0.39103906601667404,2.9621264934539795,,
WIKI_sf1,single,B1,0.05,0.2,31,39199,49870.129870129866,1.2722296454024302,385,385,0.3873473033308983,2.645692825317383,,
WIKI_sf1,single,B1,0.05,0.2,32,40240,22857.142857142855,1.7605000000000002,385,385,0.385788269340992,2.5796830654144287,,
WIKI_sf1,single,B1,0.05,0.2,33,40245,31168.831168831166,1.2911937500000001,385,385,0.380881130695343,2.6139676570892334,,
WIKI_sf1,single,B1,0.05,0.2,34,39962,33246.753246753244,1.20198203125,385,385,0.37995632737874985,2.5259060859680176,,
WIKI_sf1,single,B1,0.05,0.2,35,40365,37402.5974025974,1.079203125,385,385,0.3820778802037239,3.1811232566833496,,
WIKI_sf1,single,B1,0.05,0.2,36,40211,41558.441558441555,1.0335092775221097,385,385,0.3911517560482025,2.3827197551727295,,
WIKI_sf1,single,B1,0.05,0.2,37,40334,49870.129870129866,1.2364290640682765,385,385,0.38316939026117325,3.1230695247650146,,
WIKI_sf1,single,B1,0.05,0.2,38,40040,45714.28571428571,1.141715427429713,385,385,0.3820592537522316,2.8505430221557617,,
WIKI_sf1,single,B1,0.05,0.2,39,40621,41558.441558441555,1.0230777567869218,385,385,0.38411282002925873,2.67680025100708,,
WIKI_sf1,single,B1,0.05,0.2,40,39748,43636.36363636363,1.0978253908715818,385,385,0.39005838334560394,2.9943604469299316,,
WIKI_sf1,single,B1,0.05,0.2,41,39778,41558.441558441555,1.0447594539303524,385,385,0.3879424184560776,2.4976906776428223,,
WIKI_sf1,single,B1,0.05,0.2,42,40297,49870.129870129866,1.2375643315911822,385,385,0.3896038979291916,2.4816768169403076,,
WIKI_sf1,single,B1,0.05,0.2,43,40157,35324.67532467532,1.1367974264705882,385,385,0.3813132643699646,2.1957428455352783,,
WIKI_sf1,single,B1,0.05,0.2,44,39894,39480.51948051948,1.0104730263157895,385,385,0.379316508769989,2.6371946334838867,,
WIKI_sf1,single,B1,0.05,0.2,45,39757,43636.36363636363,1.097576870396751,385,385,0.3810478374361992,2.210944414138794,,
WIKI_sf1,single,B1,0.05,0.2,46,40544,43636.36363636363,1.0762717945038387,385,385,0.382421538233757,2.444016456604004,,
WIKI_sf1,single,B1,0.05,0.2,47,40033,22857.142857142855,1.7514437500000002,385,385,0.383768230676651,2.610927104949951,,
WIKI_sf1,single,B1,0.05,0.2,48,39576,45714.28571428571,1.1551012157440295,385,385,0.380832701921463,2.6701648235321045,,
WIKI_sf1,single,B1,0.05,0.2,49,40202,39480.51948051948,1.0182743421052634,385,385,0.38751401007175446,2.8045690059661865,,
WIKI_sf1,single,B1,0.05,0.2,50,40463,31331.592689295037,1.2914440833333334,383,383,0.39014406502246857,2.9602532386779785,,
WIKI_sf1,single,B1,0.05,0.2,51,39786,20887.728459530026,1.90475475,383,383,0.3973124548792839,2.0750577449798584,,
WIKI_sf1,single,B1,0.05,0.2,52,40689,45953.002610966054,1.129371638795892,383,383,0.39150193333625793,2.7749061584472656,,
WIKI_sf1,single,B1,0.05,0.2,53,40224,27154.046997389036,1.4813261538461537,383,383,0.3890031948685646,2.9249439239501953,,
WIKI_sf1,single,B1,0.05,0.2,54,39914,43864.22976501306,1.0989685264572093,383,383,0.3795567899942398,3.000563621520996,,
WIKI_sf1,single,B1,0.05,0.2,55,39297,50130.54830287206,1.275683851257655,383,383,0.37756841629743576,2.709089994430542,,
WIKI_sf1,single,B1,0.05,0.2,56,40388,33420.36553524804,1.2084846875,383,383,0.3794487565755844,2.8669652938842773,,
WIKI_sf1,single,B1,0.05,0.2,57,39742,43864.22976501306,1.1037247688846323,383,383,0.38409139961004257,2.046647787094116,,
WIKI_sf1,single,B1,0.05,0.2,58,40030,54308.09399477807,1.35668483624227,383,383,0.3786655142903328,2.685497522354126,,
WIKI_sf1,single,B1,0.05,0.2,59,40307,43864.22976501306,1.0882533992858079,383,383,0.3755008801817894,2.7388265132904053,,
WIKI_sf1,single,B1,0.05,0.2,60,39917,50130.54830287206,1.2558696370687192,383,383,0.3794524818658829,2.7461044788360596,,
WIKI_sf1,single,B1,0.05,0.2,61,39856,37597.91122715405,1.0600588888888889,383,383,0.38162991404533386,2.5313680171966553,,
WIKI_sf1,single,B1,0.05,0.2,62,40477,35509.138381201046,1.13990375,383,383,0.3884546458721161,2.9443020820617676,,
WIKI_sf1,single,B1,0.05,0.2,63,40045,33420.36553524804,1.198221484375,383,383,0.3865286707878113,2.963348388671875,,
WIKI_sf1,single,B1,0.05,0.2,64,40319,58485.63968668407,1.4505726750833123,383,383,0.38787350058555603,2.6585350036621094,,
WIKI_sf1,single,B1,0.05,0.2,65,39799,48041.77545691906,1.207110114749593,383,383,0.38468651473522186,2.521890878677368,,
WIKI_sf1,single,B1,0.05,0.2,66,40019,35509.138381201046,1.1270056617647057,383,383,0.3793714568018913,2.606635332107544,,
WIKI_sf1,single,B1,0.05,0.2,67,39830,35509.138381201046,1.1216830882352942,383,383,0.3851810470223427,3.10465145111084,,
WIKI_sf1,single,B1,0.05,0.2,68,40140,45953.002610966054,1.144818201568661,383,383,0.3823842853307724,2.6395423412323,,
WIKI_sf1,single,B1,0.05,0.2,69,40460,37597.91122715405,1.076123611111111,383,383,0.3777742385864258,2.9624788761138916,,
WIKI_sf1,single,B1,0.05,0.2,70,39930,41775.45691906005,1.0462173032572013,383,383,0.3800010308623314,2.8657851219177246,,
WIKI_sf1,single,B1,0.05,0.2,71,39889,29242.819843342037,1.3640613392857144,383,383,0.3791516646742821,2.789051055908203,,
WIKI_sf1,single,B1,0.05,0.2,72,39649,56396.86684073107,1.422403259621455,383,383,0.38348790258169174,2.769510507583618,,
WIKI_sf1,single,B1,0.05,0.2,73,40128,41775.45691906005,1.041055046826656,383,383,0.38955826312303543,2.912706136703491,,
WIKI_sf1,single,B1,0.05,0.2,74,39973,37597.91122715405,1.0631707638888888,383,383,0.3879079595208168,2.417224884033203,,
WIKI_sf1,single,B1,0.05,0.2,75,40391,60574.41253263708,1.4997007385961496,383,383,0.38587581366300583,2.7575531005859375,,
WIKI_sf1,single,B1,0.05,0.2,76,39150,39686.68407310705,1.0137084054433474,383,383,0.3781123086810112,2.7008352279663086,,
WIKI_sf1,single,B1,0.05,0.2,77,40299,41775.45691906005,1.036637557236161,383,383,0.3814650699496269,2.503910541534424,,
WIKI_sf1,single,B1,0.05,0.2,78,40475,39686.68407310705,1.0198634868421053,383,383,0.3775656223297119,2.806971788406372,,
WIKI_sf1,single,B1,0.05,0.2,79,39960,43864.22976501306,1.0977034475728993,383,383,0.3772471100091934,2.8061773777008057,,
WIKI_sf1,single,B1,0.05,0.2,80,39895,45953.002610966054,1.1518486680277242,383,383,0.3810245543718338,2.1082704067230225,,
WIKI_sf1,single,B1,0.05,0.2,81,40320,43864.22976501306,1.0879025239338556,383,383,0.37906039506196976,2.387850761413574,,
WIKI_sf1,single,B1,0.05,0.2,82,39732,31331.592689295037,1.268113,383,383,0.37748459726572037,2.4036452770233154,,
WIKI_sf1,single,B1,0.05,0.2,83,39557,31331.592689295037,1.2625275833333334,383,383,0.38138963282108307,2.426344394683838,,
WIKI_sf1,single,B1,0.05,0.2,84,40086,45953.002610966054,1.1463603904347166,383,383,0.38661807775497437,2.931016206741333,,
WIKI_sf1,single,B1,0.05,0.2,85,40355,50130.54830287206,1.242238837885567,383,383,0.38602203130722046,2.861131191253662,,
WIKI_sf1,single,B1,0.05,0.2,86,39345,33420.36553524804,1.177276171875,383,383,0.3867391496896744,2.9690239429473877,,
WIKI_sf1,single,B1,0.05,0.2,87,40361,37597.91122715405,1.073490486111111,383,383,0.379316508769989,3.2165145874023438,,
WIKI_sf1,single,B1,0.05,0.2,88,40272,62663.185378590075,1.5559988423368611,383,383,0.38428790867328644,3.0257534980773926,,
WIKI_sf1,single,B1,0.05,0.2,89,39396,45953.002610966054,1.1664382833527782,383,383,0.38027018308639526,2.2671186923980713,,
WIKI_sf1,single,B1,0.05,0.2,90,39987,50130.54830287206,1.2536711506957776,383,383,0.37996843457221985,2.547576427459717,,
WIKI_sf1,single,B1,0.05,0.2,91,39934,58485.63968668407,1.4645575120620042,383,383,0.3807907924056053,2.635497808456421,,
WIKI_sf1,single,B1,0.05,0.2,92,39926,31331.592689295037,1.2743048333333333,383,383,0.38007181137800217,2.8237457275390625,,
WIKI_sf1,single,B1,0.05,0.2,93,40131,31331.592689295037,1.2808477500000002,383,383,0.3771865740418434,2.828763246536255,,
WIKI_sf1,single,B1,0.05,0.2,94,40265,33420.36553524804,1.204804296875,383,383,0.38482528179883957,2.4630725383758545,,
WIKI_sf1,single,B1,0.05,0.2,95,39838,43864.22976501306,1.1010650576086414,383,383,0.38889329880476,2.2835142612457275,,
WIKI_sf1,single,B1,0.05,0.2,96,40355,37597.91122715405,1.0733309027777778,383,383,0.3874935209751129,2.4280924797058105,,
WIKI_sf1,single,B1,0.05,0.2,97,40198,37597.91122715405,1.0691551388888887,383,383,0.38620829582214355,2.626574993133545,,
WIKI_sf1,single,B1,0.05,0.2,98,40279,29242.819843342037,1.3773979464285715,383,383,0.38165319710969925,2.344454050064087,,
WIKI_sf1,single,B1,0.05,0.2,99,40231,37597.91122715405,1.070032847222222,383,383,0.3742026165127754,2.4463751316070557,,
WIKI_sf1,single,B1,0.05,0.3,0,39559,41558.441558441555,1.0505432786076887,385,385,0.415584072470665,2.3679208755493164,,
WIKI_sf1,single,B1,0.05,0.3,1,39840,47792.20779220779,1.1996036092421634,385,385,0.4002433270215988,2.366820812225342,,
WIKI_sf1,single,B1,0.05,0.3,2,40460,33246.753246753244,1.2169609375000001,385,385,0.39466656744480133,2.4571948051452637,,
WIKI_sf1,single,B1,0.05,0.3,3,40478,56103.8961038961,1.3860342927984608,385,385,0.3939969465136528,2.287515878677368,,
WIKI_sf1,single,B1,0.05,0.3,4,40059,24935.064935064933,1.6065328125000002,385,385,0.3960728645324707,2.5646069049835205,,
WIKI_sf1,single,B1,0.05,0.3,5,40323,60259.740259740254,1.4944260164109877,385,385,0.3920532763004303,2.830185890197754,,
WIKI_sf1,single,B1,0.05,0.3,6,40843,41558.441558441555,1.0175168709066806,385,385,0.39679184556007385,2.679443120956421,,
WIKI_sf1,single,B1,0.05,0.3,7,39785,60259.740259740254,1.5146346678331093,385,385,0.38984883576631546,2.5749003887176514,,
WIKI_sf1,single,B1,0.05,0.3,8,39776,31168.831168831166,1.2761466666666668,385,385,0.3830296918749809,2.458406686782837,,
WIKI_sf1,single,B1,0.05,0.3,9,40240,31168.831168831166,1.2910333333333335,385,385,0.3842441365122795,2.5147221088409424,,
WIKI_sf1,single,B1,0.05,0.3,10,39605,47792.20779220779,1.206721570312026,385,385,0.38490351289510727,2.448122024536133,,
WIKI_sf1,single,B1,0.05,0.3,11,39882,39480.51948051948,1.0101690789473685,385,385,0.38520898669958115,2.7718605995178223,,
WIKI_sf1,single,B1,0.05,0.3,12,40180,35324.67532467532,1.1374485294117649,385,385,0.38032326847314835,2.815652370452881,,
WIKI_sf1,single,B1,0.05,0.3,13,39961,37402.5974025974,1.0684017361111111,385,385,0.38201548159122467,2.783599853515625,,
WIKI_sf1,single,B1,0.05,0.3,14,40083,27012.98701298701,1.483841826923077,385,385,0.39080996066331863,2.7469849586486816,,
WIKI_sf1,single,B1,0.05,0.3,15,39937,33246.753246753244,1.201230078125,385,385,0.38839690387248993,1.910478949546814,,
WIKI_sf1,single,B1,0.05,0.3,16,40369,70649.35064935064,1.7500891934244258,385,385,0.39206258952617645,2.575836420059204,,
WIKI_sf1,single,B1,0.05,0.3,17,39637,41558.441558441555,1.048475958282452,385,385,0.3928001970052719,2.0633416175842285,,
WIKI_sf1,single,B1,0.05,0.3,18,39907,45714.28571428571,1.1455204779684194,385,385,0.3821030259132385,2.6616592407226562,,
WIKI_sf1,single,B1,0.05,0.3,19,39770,49870.129870129866,1.253963537091523,385,385,0.38095470517873764,2.6459147930145264,,
WIKI_sf1,single,B1,0.05,0.3,20,40163,41558.441558441555,1.0347444553056682,385,385,0.38070138543844223,2.3159127235412598,,
WIKI_sf1,single,B1,0.05,0.3,21,40457,47792.20779220779,1.1813087424230118,385,385,0.3801994025707245,2.585860013961792,,
WIKI_sf1,single,B1,0.05,0.3,22,39555,33246.753246753244,1.189740234375,385,385,0.38268230855464935,2.5784645080566406,,
WIKI_sf1,single,B1,0.05,0.3,23,40540,43636.36363636363,1.0763779880701438,385,385,0.3804219886660576,2.98968243598938,,
WIKI_sf1,single,B1,0.05,0.3,24,39432,43636.36363636363,1.1066231394898467,385,385,0.38003548979759216,2.870670795440674,,
WIKI_sf1,single,B1,0.05,0.3,25,40328,41558.441558441555,1.0305108499911118,385,385,0.38927700370550156,2.741457462310791,,
WIKI_sf1,single,B1,0.05,0.3,26,40151,43636.36363636363,1.0868063967613169,385,385,0.3907009959220886,2.847830057144165,,
WIKI_sf1,single,B1,0.05,0.3,27,40718,39480.51948051948,1.0313440789473685,385,385,0.3932807594537735,2.52569580078125,,
WIKI_sf1,single,B1,0.05,0.3,28,39987,54025.97402597402,1.3510884543970296,385,385,0.38662925362586975,2.5863699913024902,,
WIKI_sf1,single,B1,0.05,0.3,29,40089,43636.36363636363,1.0884872068737965,385,385,0.3819568082690239,3.084923267364502,,
WIKI_sf1,single,B1,0.05,0.3,30,39998,33246.753246753244,1.20306484375,385,385,0.37981849163770676,2.9621264934539795,,
WIKI_sf1,single,B1,0.05,0.3,31,39199,35324.67532467532,1.1096775735294118,385,385,0.3781598061323166,2.645692825317383,,
WIKI_sf1,single,B1,0.05,0.3,32,40240,41558.441558441555,1.0327644522475536,385,385,0.38020312786102295,2.5796830654144287,,
WIKI_sf1,single,B1,0.05,0.3,33,40245,35324.67532467532,1.1392886029411766,385,385,0.38295984268188477,2.6139676570892334,,
WIKI_sf1,single,B1,0.05,0.3,34,39962,35324.67532467532,1.131277205882353,385,385,0.3810236230492592,2.5259060859680176,,
WIKI_sf1,single,B1,0.05,0.3,35,40365,49870.129870129866,1.2354794963490614,385,385,0.3787577152252197,3.1811232566833496,,
WIKI_sf1,single,B1,0.05,0.3,36,40211,35324.67532467532,1.1383261029411766,385,385,0.3914758563041687,2.3827197551727295,,
WIKI_sf1,single,B1,0.05,0.3,37,40334,33246.753246753244,1.2131710937500002,385,385,0.38815848529338837,3.1230695247650146,,
WIKI_sf1,single,B1,0.05,0.3,38,40040,33246.753246753244,1.2043281250000002,385,385,0.39314664900302887,2.8505430221557617,,
WIKI_sf1,single,B1,0.05,0.3,39,40621,35324.67532467532,1.1499327205882355,385,385,0.38198940455913544,2.67680025100708,,
WIKI_sf1,single,B1,0.05,0.3,40,39748,24935.064935064933,1.5940604166666668,385,385,0.38400571793317795,2.9943604469299316,,
WIKI_sf1,single,B1,0.05,0.3,41,39778,43636.36363636363,1.0969974266268698,385,385,0.38076285272836685,2.4976906776428223,,
WIKI_sf1,single,B1,0.05,0.3,42,40297,31168.831168831166,1.2928620833333335,385,385,0.38383621722459793,2.4816768169403076,,
WIKI_sf1,single,B1,0.05,0.3,43,40157,31168.831168831166,1.2883704166666667,385,385,0.3785351291298866,2.1957428455352783,,
WIKI_sf1,single,B1,0.05,0.3,44,39894,35324.67532467532,1.129352205882353,385,385,0.3807125613093376,2.6371946334838867,,
WIKI_sf1,single,B1,0.05,0.3,45,39757,47792.20779220779,1.2021080009107274,385,385,0.3824913874268532,2.210944414138794,,
WIKI_sf1,single,B1,0.05,0.3,46,40544,39480.51948051948,1.0269368421052631,385,385,0.38603413850069046,2.444016456604004,,
WIKI_sf1,single,B1,0.05,0.3,47,40033,43636.36363636363,1.0900098327970333,385,385,0.388558954000473,2.610927104949951,,
WIKI_sf1,single,B1,0.05,0.3,48,39576,45714.28571428571,1.1551012157440295,385,385,0.3918353468179703,2.6701648235321045,,
WIKI_sf1,single,B1,0.05,0.3,49,40202,43636.36363636363,1.0854276811194377,385,385,0.3883838653564453,2.8045690059661865,,
WIKI_sf1,single,B1,0.05,0.3,50,40463,50130.54830287206,1.2389231718575504,383,383,0.39217807352542877,2.9602532386779785,,
WIKI_sf1,single,B1,0.05,0.3,51,39786,43864.22976501306,1.1025041412811807,383,383,0.38483552634716034,2.0750577449798584,,
WIKI_sf1,single,B1,0.05,0.3,52,40689,48041.77545691906,1.1807067132866145,383,383,0.3814883530139923,2.7749061584472656,,
WIKI_sf1,single,B1,0.05,0.3,53,40224,52219.32114882507,1.2982130357205914,383,383,0.3797654062509537,2.9249439239501953,,
WIKI_sf1,single,B1,0.05,0.3,54,39914,60574.41253263708,1.517623203202813,383,383,0.38054026663303375,3.000563621520996,,
WIKI_sf1,single,B1,0.05,0.3,55,39297,31331.592689295037,1.25422925,383,383,0.37999916821718216,2.709089994430542,,
WIKI_sf1,single,B1,0.05,0.3,56,40388,52219.32114882507,1.2929414962074148,383,383,0.3792429342865944,2.8669652938842773,,
WIKI_sf1,single,B1,0.05,0.3,57,39742,37597.91122715405,1.0570268055555554,383,383,0.38627441972494125,2.046647787094116,,
WIKI_sf1,single,B1,0.05,0.3,58,40030,33420.36553524804,1.19777265625,383,383,0.39286259561777115,2.685497522354126,,
WIKI_sf1,single,B1,0.05,0.3,59,40307,31331.592689295037,1.2864650833333333,383,383,0.3895927220582962,2.7388265132904053,,
WIKI_sf1,single,B1,0.05,0.3,60,39917,41775.45691906005,1.0465580308905993,383,383,0.3905128687620163,2.7461044788360596,,
WIKI_sf1,single,B1,0.05,0.3,61,39856,48041.77545691906,1.2053837679877324,383,383,0.3813626244664192,2.5313680171966553,,
WIKI_sf1,single,B1,0.05,0.3,62,40477,48041.77545691906,1.1868907146507661,383,383,0.37862733006477356,2.9443020820617676,,
WIKI_sf1,single,B1,0.05,0.3,63,40045,41775.45691906005,1.0432128085668635,383,383,0.3779809921979904,2.963348388671875,,
WIKI_sf1,single,B1,0.05,0.3,64,40319,33420.36553524804,1.206420078125,383,383,0.3773048520088196,2.6585350036621094,,
WIKI_sf1,single,B1,0.05,0.3,65,39799,39686.68407310705,1.0028300657894738,383,383,0.3788694739341736,2.521890878677368,,
WIKI_sf1,single,B1,0.05,0.3,66,40019,50130.54830287206,1.2526686899440782,383,383,0.3815600648522377,2.606635332107544,,
WIKI_sf1,single,B1,0.05,0.3,67,39830,43864.22976501306,1.1012862105200365,383,383,0.37711765617132187,3.10465145111084,,
WIKI_sf1,single,B1,0.05,0.3,68,40140,60574.41253263708,1.509078538431417,383,383,0.3913184627890587,2.6395423412323,,
WIKI_sf1,single,B1,0.05,0.3,69,40460,37597.91122715405,1.076123611111111,383,383,0.38811471313238144,2.9624788761138916,,
WIKI_sf1,single,B1,0.05,0.3,70,39930,37597.91122715405,1.0620270833333332,383,383,0.3874432295560837,2.8657851219177246,,
WIKI_sf1,single,B1,0.05,0.3,71,39889,41775.45691906005,1.047292660108302,383,383,0.387631356716156,2.789051055908203,,
WIKI_sf1,single,B1,0.05,0.3,72,39649,37597.91122715405,1.0545532638888888,383,383,0.3830054774880409,2.769510507583618,,
WIKI_sf1,single,B1,0.05,0.3,73,40128,37597.91122715405,1.0672933333333332,383,383,0.3811391070485115,2.912706136703491,,
WIKI_sf1,single,B1,0.05,0.3,74,39973,37597.91122715405,1.0631707638888888,383,383,0.37806108593940735,2.417224884033203,,
WIKI_sf1,single,B1,0.05,0.3,75,40391,39686.68407310705,1.017746907894737,383,383,0.3762701526284218,2.7575531005859375,,
WIKI_sf1,single,B1,0.05,0.3,76,39150,41775.45691906005,1.0670614794140498,383,383,0.38150232285261154,2.7008352279663086,,
WIKI_sf1,single,B1,0.05,0.3,77,40299,50130.54830287206,1.2439650686833932,383,383,0.37719495594501495,2.503910541534424,,
WIKI_sf1,single,B1,0.05,0.3,78,40475,29242.819843342037,1.3841004464285713,383,383,0.3814566880464554,2.806971788406372,,
WIKI_sf1,single,B1,0.05,0.3,79,39960,64751.95822454308,1.6204193749885656,383,383,0.3897082060575485,2.8061773777008057,,
WIKI_sf1,single,B1,0.05,0.3,80,39895,33420.36553524804,1.193733203125,383,383,0.38889329880476,2.1082704067230225,,
WIKI_sf1,single,B1,0.05,0.3,81,40320,25065.27415143603,1.6086,383,383,0.3878651186823845,2.387850761413574,,
WIKI_sf1,single,B1,0.05,0.3,82,39732,37597.91122715405,1.0567608333333331,383,383,0.3862520679831505,2.4036452770233154,,
WIKI_sf1,single,B1,0.05,0.3,83,39557,45953.002610966054,1.1616907907820626,383,383,0.37875305861234665,2.426344394683838,,
WIKI_sf1,single,B1,0.05,0.3,84,40086,31331.592689295037,1.2794115000000001,383,383,0.3778403624892235,2.931016206741333,,
WIKI_sf1,single,B1,0.05,0.3,85,40355,25065.27415143603,1.6099963541666666,383,383,0.3761984407901764,2.861131191253662,,
WIKI_sf1,single,B1,0.05,0.3,86,39345,37597.91122715405,1.0464677083333331,383,383,0.3779018297791481,2.9690239429473877,,
WIKI_sf1,single,B1,0.05,0.3,87,40361,43864.22976501306,1.0867973976118792,383,383,0.37924572825431824,3.2165145874023438,,
WIKI_sf1,single,B1,0.05,0.3,88,40272,39686.68407310705,1.0147484210526316,383,383,0.37880055606365204,3.0257534980773926,,
WIKI_sf1,single,B1,0.05,0.3,89,39396,33420.36553524804,1.1788021875,383,383,0.38212724030017853,2.2671186923980713,,
WIKI_sf1,single,B1,0.05,0.3,90,39987,29242.819843342037,1.3674125892857143,383,383,0.3874190151691437,2.547576427459717,,
WIKI_sf1,single,B1,0.05,0.3,91,39934,41775.45691906005,1.0461125086157173,383,383,0.387631356716156,2.635497808456421,,
WIKI_sf1,single,B1,0.05,0.3,92,39926,48041.77545691906,1.2032704367309286,383,383,0.38591399788856506,2.8237457275390625,,
WIKI_sf1,single,B1,0.05,0.3,93,40131,37597.91122715405,1.0673731249999998,383,383,0.3839470446109772,2.828763246536255,,
WIKI_sf1,single,B1,0.05,0.3,94,40265,35509.138381201046,1.1339334558823528,383,383,0.3770412877202034,2.4630725383758545,,
WIKI_sf1,single,B1,0.05,0.3,95,39838,37597.91122715405,1.0595801388888888,383,383,0.37677958607673645,2.2835142612457275,,
WIKI_sf1,single,B1,0.05,0.3,96,40355,41775.45691906005,1.035199031571306,383,383,0.3793453797698021,2.4280924797058105,,
WIKI_sf1,single,B1,0.05,0.3,97,40198,48041.77545691906,1.1951285003462624,383,383,0.3787204623222351,2.626574993133545,,
WIKI_sf1,single,B1,0.05,0.3,98,40279,31331.592689295037,1.2855714166666667,383,383,0.37895794957876205,2.344454050064087,,
WIKI_sf1,single,B1,0.05,0.3,99,40231,45953.002610966054,1.1422286945630498,383,383,0.3804154694080353,2.4463751316070557,,
WIKI_sf1,single,B1,0.05,0.4,0,39559,37402.5974025974,1.0576538194444445,385,385,0.4234965890645981,2.3679208755493164,,
WIKI_sf1,single,B1,0.05,0.4,1,39840,41558.441558441555,1.043133573254055,385,385,0.40585361421108246,2.366820812225342,,
WIKI_sf1,single,B1,0.05,0.4,2,40460,37402.5974025974,1.0817430555555556,385,385,0.39786286652088165,2.4571948051452637,,
WIKI_sf1,single,B1,0.05,0.4,3,40478,43636.36363636363,1.0780266721765808,385,385,0.3878306597471237,2.287515878677368,,
WIKI_sf1,single,B1,0.05,0.4,4,40059,33246.753246753244,1.2048996093750002,385,385,0.3834730014204979,2.5646069049835205,,
WIKI_sf1,single,B1,0.05,0.4,5,40323,47792.20779220779,1.1852344268087143,385,385,0.38103293627500534,2.830185890197754,,
WIKI_sf1,single,B1,0.05,0.4,6,40843,33246.753246753244,1.228480859375,385,385,0.38588233292102814,2.679443120956421,,
WIKI_sf1,single,B1,0.05,0.4,7,39785,43636.36363636363,1.096804414637769,385,385,0.3833184018731117,2.5749003887176514,,
WIKI_sf1,single,B1,0.05,0.4,8,39776,49870.129870129866,1.253774383299725,385,385,0.38867536932229996,2.458406686782837,,
WIKI_sf1,single,B1,0.05,0.4,9,40240,41558.441558441555,1.0327644522475536,385,385,0.3811372444033623,2.5147221088409424,,
WIKI_sf1,single,B1,0.05,0.4,10,39605,29090.90909090909,1.3614218750000002,385,385,0.3847479820251465,2.448122024536133,,
WIKI_sf1,single,B1,0.05,0.4,11,39882,37402.5974025974,1.0662895833333335,385,385,0.3894586116075516,2.7718605995178223,,
WIKI_sf1,single,B1,0.05,0.4,12,40180,54025.97402597402,1.3445986566942265,385,385,0.39099063724279404,2.815652370452881,,
WIKI_sf1,single,B1,0.05,0.4,13,39961,33246.753246753244,1.201951953125,385,385,0.38792192935943604,2.783599853515625,,
WIKI_sf1,single,B1,0.05,0.4,14,40083,37402.5974025974,1.0716635416666667,385,385,0.3849705681204796,2.7469849586486816,,
WIKI_sf1,single,B1,0.05,0.4,15,39937,47792.20779220779,1.1966899815260983,385,385,0.38158148527145386,1.910478949546814,,
WIKI_sf1,single,B1,0.05,0.4,16,40369,45714.28571428571,1.132410654568746,385,385,0.38010068237781525,2.575836420059204,,
WIKI_sf1,single,B1,0.05,0.4,17,39637,29090.90909090909,1.362521875,385,385,0.38360338658094406,2.0633416175842285,,
WIKI_sf1,single,B1,0.05,0.4,18,39907,39480.51948051948,1.010802302631579,385,385,0.3884071484208107,2.6616592407226562,,
WIKI_sf1,single,B1,0.05,0.4,19,39770,33246.753246753244,1.1962070312500002,385,385,0.3817277029156685,2.6459147930145264,,
WIKI_sf1,single,B1,0.05,0.4,20,40163,39480.51948051948,1.0172865131578948,385,385,0.3827521577477455,2.3159127235412598,,
WIKI_sf1,single,B1,0.05,0.4,21,40457,35324.67532467532,1.1452900735294118,385,385,0.3876490518450737,2.585860013961792,,
WIKI_sf1,single,B1,0.05,0.4,22,39555,37402.5974025974,1.057546875,385,385,0.3901533782482147,2.5784645080566406,,
WIKI_sf1,single,B1,0.05,0.4,23,40540,49870.129870129866,1.2301462720801644,385,385,0.3928234800696373,2.98968243598938,,
WIKI_sf1,single,B1,0.05,0.4,24,39432,33246.753246753244,1.1860406250000002,385,385,0.3921492025256157,2.870670795440674,,
WIKI_sf1,single,B1,0.05,0.4,25,40328,49870.129870129866,1.2366130199893342,385,385,0.38211699575185776,2.741457462310791,,
WIKI_sf1,single,B1,0.05,0.4,26,40151,47792.20779220779,1.1903117678814423,385,385,0.3825575113296509,2.847830057144165,,
WIKI_sf1,single,B1,0.05,0.4,27,40718,43636.36363636363,1.0716725683079629,385,385,0.38535892963409424,2.52569580078125,,
WIKI_sf1,single,B1,0.05,0.4,28,39987,56103.8961038961,1.4030533949507615,385,385,0.3816308453679085,2.5863699913024902,,
WIKI_sf1,single,B1,0.05,0.4,29,40089,37402.5974025974,1.0718239583333333,385,385,0.3907112404704094,3.084923267364502,,
WIKI_sf1,single,B1,0.05,0.4,30,39998,29090.90909090909,1.3749312500000002,385,385,0.38010161370038986,2.9621264934539795,,
WIKI_sf1,single,B1,0.05,0.4,31,39199,41558.441558441555,1.0601913711686919,385,385,0.37951767444610596,2.645692825317383,,
WIKI_sf1,single,B1,0.05,0.4,32,40240,33246.753246753244,1.21034375,385,385,0.3858152776956558,2.5796830654144287,,
WIKI_sf1,single,B1,0.05,0.4,33,40245,41558.441558441555,1.0326361425876893,385,385,0.3881119191646576,2.6139676570892334,,
WIKI_sf1,single,B1,0.05,0.4,34,39962,31168.831168831166,1.2821141666666669,385,385,0.38811005651950836,2.5259060859680176,,
WIKI_sf1,single,B1,0.05,0.4,35,40365,35324.67532467532,1.142685661764706,385,385,0.383937731385231,3.1811232566833496,,
WIKI_sf1,single,B1,0.05,0.4,36,40211,35324.67532467532,1.1383261029411766,385,385,0.38076750934123993,2.3827197551727295,,
WIKI_sf1,single,B1,0.05,0.4,37,40334,47792.20779220779,1.184911186398765,385,385,0.38228556513786316,3.1230695247650146,,
WIKI_sf1,single,B1,0.05,0.4,38,40040,43636.36363636363,1.0898192716374533,385,385,0.37650857120752335,2.8505430221557617,,
WIKI_sf1,single,B1,0.05,0.4,39,40621,37402.5974025974,1.0860475694444445,385,385,0.383240170776844,2.67680025100708,,
WIKI_sf1,single,B1,0.05,0.4,40,39748,45714.28571428571,1.1501027904368952,385,385,0.38157589733600616,2.9943604469299316,,
WIKI_sf1,single,B1,0.05,0.4,41,39778,27012.98701298701,1.4725509615384618,385,385,0.378183089196682,2.4976906776428223,,
WIKI_sf1,single,B1,0.05,0.4,42,40297,35324.67532467532,1.140760661764706,385,385,0.3854045644402504,2.4816768169403076,,
WIKI_sf1,single,B1,0.05,0.4,43,40157,29090.90909090909,1.3803968750000002,385,385,0.3870837390422821,2.1957428455352783,,
WIKI_sf1,single,B1,0.05,0.4,44,39894,45714.28571428571,1.1458937613246531,385,385,0.387570820748806,2.6371946334838867,,
WIKI_sf1,single,B1,0.05,0.4,45,39757,45714.28571428571,1.1498424356537391,385,385,0.3904411569237709,2.210944414138794,,
WIKI_sf1,single,B1,0.05,0.4,46,40544,22857.142857142855,1.7738000000000003,385,385,0.3803251311182976,2.444016456604004,,
WIKI_sf1,single,B1,0.05,0.4,47,40033,31168.831168831166,1.2843920833333335,385,385,0.3790268674492836,2.610927104949951,,
WIKI_sf1,single,B1,0.05,0.4,48,39576,33246.753246753244,1.190371875,385,385,0.38050487637519836,2.6701648235321045,,
WIKI_sf1,single,B1,0.05,0.4,49,40202,47792.20779220779,1.1888017459879556,385,385,0.380881130695343,2.8045690059661865,,
WIKI_sf1,single,B1,0.05,0.4,50,40463,37597.91122715405,1.0762034027777776,383,383,0.385405495762825,2.9602532386779785,,
WIKI_sf1,single,B1,0.05,0.4,51,39786,35509.138381201046,1.1204439705882352,383,383,0.3810981288552284,2.0750577449798584,,
WIKI_sf1,single,B1,0.05,0.4,52,40689,31331.592689295037,1.29865725,383,383,0.3822268918156624,2.7749061584472656,,
WIKI_sf1,single,B1,0.05,0.4,53,40224,41775.45691906005,1.038570428576473,383,383,0.3820527344942093,2.9249439239501953,,
WIKI_sf1,single,B1,0.05,0.4,54,39914,25065.27415143603,1.5924022916666667,383,383,0.38807932287454605,3.000563621520996,,
WIKI_sf1,single,B1,0.05,0.4,55,39297,43864.22976501306,1.116223369850448,383,383,0.3861980512738228,2.709089994430542,,
WIKI_sf1,single,B1,0.05,0.4,56,40388,41775.45691906005,1.0343531969659319,383,383,0.38870982825756073,2.8669652938842773,,
WIKI_sf1,single,B1,0.05,0.4,57,39742,37597.91122715405,1.0570268055555554,383,383,0.3801397979259491,2.046647787094116,,
WIKI_sf1,single,B1,0.05,0.4,58,40030,33420.36553524804,1.19777265625,383,383,0.37741195410490036,2.685497522354126,,
WIKI_sf1,single,B1,0.05,0.4,59,40307,35509.138381201046,1.13511625,383,383,0.38026925176382065,2.7388265132904053,,
WIKI_sf1,single,B1,0.05,0.4,60,39917,66840.73107049608,1.674492849424959,383,383,0.3779437392950058,2.7461044788360596,,
WIKI_sf1,single,B1,0.05,0.4,61,39856,52219.32114882507,1.3101997478127525,383,383,0.3789123147726059,2.5313680171966553,,
WIKI_sf1,single,B1,0.05,0.4,62,40477,41775.45691906005,1.032078882305014,383,383,0.3799181431531906,2.9443020820617676,,
WIKI_sf1,single,B1,0.05,0.4,63,40045,31331.592689295037,1.2781029166666666,383,383,0.3771074116230011,2.963348388671875,,
WIKI_sf1,single,B1,0.05,0.4,64,40319,41775.45691906005,1.0361233393452232,383,383,0.3847060725092888,2.6585350036621094,,
WIKI_sf1,single,B1,0.05,0.4,65,39799,43864.22976501306,1.102144017814846,383,383,0.38483086973428726,2.521890878677368,,
WIKI_sf1,single,B1,0.05,0.4,66,40019,41775.45691906005,1.0438905749533984,383,383,0.384247861802578,2.606635332107544,,
WIKI_sf1,single,B1,0.05,0.4,67,39830,27154.046997389036,1.4668163461538462,383,383,0.3850376233458519,3.10465145111084,,
WIKI_sf1,single,B1,0.05,0.4,68,40140,45953.002610966054,1.144818201568661,383,383,0.3807162865996361,2.6395423412323,,
WIKI_sf1,single,B1,0.05,0.4,69,40460,35509.138381201046,1.139425,383,383,0.3793882206082344,2.9624788761138916,,
WIKI_sf1,single,B1,0.05,0.4,70,39930,29242.819843342037,1.365463392857143,383,383,0.3865733742713928,2.8657851219177246,,
WIKI_sf1,single,B1,0.05,0.4,71,39889,43864.22976501306,1.099657293113717,383,383,0.37862081080675125,2.789051055908203,,
WIKI_sf1,single,B1,0.05,0.4,72,39649,54308.09399477807,1.3697216574132531,383,383,0.3783814609050751,2.769510507583618,,
WIKI_sf1,single,B1,0.05,0.4,73,40128,45953.002610966054,1.1451605515093215,383,383,0.3791004419326782,2.912706136703491,,
WIKI_sf1,single,B1,0.05,0.4,74,39973,31331.592689295037,1.2758049166666667,383,383,0.3780405968427658,2.417224884033203,,
WIKI_sf1,single,B1,0.05,0.4,75,40391,27154.046997389036,1.4874762499999998,383,383,0.385441817343235,2.7575531005859375,,
WIKI_sf1,single,B1,0.05,0.4,76,39150,37597.91122715405,1.04128125,383,383,0.3869403153657913,2.7008352279663086,,
WIKI_sf1,single,B1,0.05,0.4,77,40299,50130.54830287206,1.2439650686833932,383,383,0.3861673176288605,2.503910541534424,,
WIKI_sf1,single,B1,0.05,0.4,78,40475,25065.27415143603,1.6147838541666666,383,383,0.3888588398694992,2.806971788406372,,
WIKI_sf1,single,B1,0.05,0.4,79,39960,31331.592689295037,1.27539,383,383,0.37777330726385117,2.8061773777008057,,
WIKI_sf1,single,B1,0.05,0.4,80,39895,31331.592689295037,1.2733154166666667,383,383,0.3817891702055931,2.1082704067230225,,
WIKI_sf1,single,B1,0.05,0.4,81,40320,37597.91122715405,1.0723999999999998,383,383,0.37864968180656433,2.387850761413574,,
WIKI_sf1,single,B1,0.05,0.4,82,39732,37597.91122715405,1.0567608333333331,383,383,0.37961825728416443,2.4036452770233154,,
WIKI_sf1,single,B1,0.05,0.4,83,39557,39686.68407310705,1.0032784102208723,383,383,0.3779614344239235,2.426344394683838,,
WIKI_sf1,single,B1,0.05,0.4,84,40086,41775.45691906005,1.0421458094861062,383,383,0.3783814609050751,2.931016206741333,,
WIKI_sf1,single,B1,0.05,0.4,85,40355,39686.68407310705,1.016839802631579,383,383,0.37825293838977814,2.861131191253662,,
WIKI_sf1,single,B1,0.05,0.4,86,39345,50130.54830287206,1.2741275461398416,383,383,0.38742925971746445,2.9690239429473877,,
WIKI_sf1,single,B1,0.05,0.4,87,40361,60574.41253263708,1.500815453844976,383,383,0.3875773400068283,3.2165145874023438,,
WIKI_sf1,single,B1,0.05,0.4,88,40272,31331.592689295037,1.2853480000000002,383,383,0.3877738490700722,3.0257534980773926,,
WIKI_sf1,single,B1,0.05,0.4,89,39396,52219.32114882507,1.325498049264521,383,383,0.3848336637020111,2.2671186923980713,,
WIKI_sf1,single,B1,0.05,0.4,90,39987,39686.68407310705,1.0075671710526317,383,383,0.3805803135037422,2.547576427459717,,
WIKI_sf1,single,B1,0.05,0.4,91,39934,27154.046997389036,1.4706463461538462,383,383,0.3808606415987015,2.635497808456421,,
WIKI_sf1,single,B1,0.05,0.4,92,39926,45953.002610966054,1.1509543307861057,383,383,0.3795810043811798,2.8237457275390625,,
WIKI_sf1,single,B1,0.05,0.4,93,40131,35509.138381201046,1.1301597794117646,383,383,0.3795735538005829,2.828763246536255,,
WIKI_sf1,single,B1,0.05,0.4,94,40265,33420.36553524804,1.204804296875,383,383,0.37845782935619354,2.4630725383758545,,
WIKI_sf1,single,B1,0.05,0.4,95,39838,37597.91122715405,1.0595801388888888,383,383,0.37830881774425507,2.2835142612457275,,
WIKI_sf1,single,B1,0.05,0.4,96,40355,56396.86684073107,1.397518692621263,383,383,0.37991441786289215,2.4280924797058105,,
WIKI_sf1,single,B1,0.05,0.4,97,40198,41775.45691906005,1.0392421742141413,383,383,0.3856634721159935,2.626574993133545,,
WIKI_sf1,single,B1,0.05,0.4,98,40279,35509.138381201046,1.1343277205882352,383,383,0.38916245102882385,2.344454050064087,,
WIKI_sf1,single,B1,0.05,0.4,99,40231,35509.138381201046,1.132975955882353,383,383,0.38645602762699127,2.4463751316070557,,
WIKI_sf1,single,B1,0.05,0.5,0,39559,41558.441558441555,1.0505432786076887,385,385,0.4047555848956108,2.3679208755493164,,
WIKI_sf1,single,B1,0.05,0.5,1,39840,45714.28571428571,1.1474469305794606,385,385,0.3943201154470444,2.366820812225342,,
WIKI_sf1,single,B1,0.05,0.5,2,40460,33246.753246753244,1.2169609375000001,385,385,0.3878762945532799,2.4571948051452637,,
WIKI_sf1,single,B1,0.05,0.5,3,40478,35324.67532467532,1.1458845588235296,385,385,0.38644857704639435,2.287515878677368,,
WIKI_sf1,single,B1,0.05,0.5,4,40059,45714.28571428571,1.1411739113379193,385,385,0.385969877243042,2.5646069049835205,,
WIKI_sf1,single,B1,0.05,0.5,5,40323,29090.90909090909,1.3861031250000002,385,385,0.3873351961374283,2.830185890197754,,
WIKI_sf1,single,B1,0.05,0.5,6,40843,39480.51948051948,1.0345101973684212,385,385,0.3873351961374283,2.679443120956421,,
WIKI_sf1,single,B1,0.05,0.5,7,39785,47792.20779220779,1.201261977936604,385,385,0.392240472137928,2.5749003887176514,,
WIKI_sf1,single,B1,0.05,0.5,8,39776,29090.90909090909,1.3673000000000002,385,385,0.3887740895152092,2.458406686782837,,
WIKI_sf1,single,B1,0.05,0.5,9,40240,35324.67532467532,1.1391470588235295,385,385,0.39209146052598953,2.5147221088409424,,
WIKI_sf1,single,B1,0.05,0.5,10,39605,47792.20779220779,1.206721570312026,385,385,0.38170069456100464,2.448122024536133,,
WIKI_sf1,single,B1,0.05,0.5,11,39882,31168.831168831166,1.2795475,385,385,0.38047879934310913,2.7718605995178223,,
WIKI_sf1,single,B1,0.05,0.5,12,40180,39480.51948051948,1.017717105263158,385,385,0.383731909096241,2.815652370452881,,
WIKI_sf1,single,B1,0.05,0.5,13,39961,43636.36363636363,1.091973765330288,385,385,0.3830445930361748,2.783599853515625,,
WIKI_sf1,single,B1,0.05,0.5,14,40083,45714.28571428571,1.1404906248106605,385,385,0.3831963986158371,2.7469849586486816,,
WIKI_sf1,single,B1,0.05,0.5,15,39937,35324.67532467532,1.1305694852941177,385,385,0.3809351474046707,1.910478949546814,,
WIKI_sf1,single,B1,0.05,0.5,16,40369,43636.36363636363,1.0809374429974394,385,385,0.38099195808172226,2.575836420059204,,
WIKI_sf1,single,B1,0.05,0.5,17,39637,49870.129870129866,1.2581711499389425,385,385,0.3877859562635422,2.0633416175842285,,
WIKI_sf1,single,B1,0.05,0.5,18,39907,37402.5974025974,1.0669579861111111,385,385,0.3864048048853874,2.6616592407226562,,
WIKI_sf1,single,B1,0.05,0.5,19,39770,51948.05194805194,1.3062120178036696,385,385,0.39010122418403625,2.6459147930145264,,
WIKI_sf1,single,B1,0.05,0.5,20,40163,41558.441558441555,1.0347444553056682,385,385,0.3967229276895523,2.3159127235412598,,
WIKI_sf1,single,B1,0.05,0.5,21,40457,49870.129870129866,1.2326699920935775,385,385,0.3799833357334137,2.585860013961792,,
WIKI_sf1,single,B1,0.05,0.5,22,39555,37402.5974025974,1.057546875,385,385,0.3833239898085594,2.5784645080566406,,
WIKI_sf1,single,B1,0.05,0.5,23,40540,54025.97402597402,1.3326584614201782,385,385,0.3821076825261116,2.98968243598938,,
WIKI_sf1,single,B1,0.05,0.5,24,39432,31168.831168831166,1.2651100000000002,385,385,0.3800438717007637,2.870670795440674,,
WIKI_sf1,single,B1,0.05,0.5,25,40328,58181.81818181818,1.4427151899875565,385,385,0.38111209869384766,2.741457462310791,,
WIKI_sf1,single,B1,0.05,0.5,26,40151,31168.831168831166,1.2881779166666667,385,385,0.38141850382089615,2.847830057144165,,
WIKI_sf1,single,B1,0.05,0.5,27,40718,39480.51948051948,1.0313440789473685,385,385,0.382034108042717,2.52569580078125,,
WIKI_sf1,single,B1,0.05,0.5,28,39987,39480.51948051948,1.0128286184210527,385,385,0.38587581366300583,2.5863699913024902,,
WIKI_sf1,single,B1,0.05,0.5,29,40089,37402.5974025974,1.0718239583333333,385,385,0.3902725875377655,3.084923267364502,,
WIKI_sf1,single,B1,0.05,0.5,30,39998,51948.05194805194,1.2987662370131492,385,385,0.3933906555175781,2.9621264934539795,,
WIKI_sf1,single,B1,0.05,0.5,31,39199,29090.90909090909,1.3474656250000001,385,385,0.39014872163534164,2.645692825317383,,
WIKI_sf1,single,B1,0.05,0.5,32,40240,22857.142857142855,1.7605000000000002,385,385,0.37987343966960907,2.5796830654144287,,
WIKI_sf1,single,B1,0.05,0.5,33,40245,47792.20779220779,1.1875315639758426,385,385,0.3863498568534851,2.6139676570892334,,
WIKI_sf1,single,B1,0.05,0.5,34,39962,35324.67532467532,1.131277205882353,385,385,0.38146786391735077,2.5259060859680176,,
WIKI_sf1,single,B1,0.05,0.5,35,40365,56103.8961038961,1.389914433392694,385,385,0.38291793316602707,3.1811232566833496,,
WIKI_sf1,single,B1,0.05,0.5,36,40211,20779.220779220777,1.9351543750000002,385,385,0.3818022087216377,2.3827197551727295,,
WIKI_sf1,single,B1,0.05,0.5,37,40334,24935.064935064933,1.6175614583333335,385,385,0.379965640604496,3.1230695247650146,,
WIKI_sf1,single,B1,0.05,0.5,38,40040,45714.28571428571,1.141715427429713,385,385,0.3819400444626808,2.8505430221557617,,
WIKI_sf1,single,B1,0.05,0.5,39,40621,37402.5974025974,1.0860475694444445,385,385,0.3852350637316704,2.67680025100708,,
WIKI_sf1,single,B1,0.05,0.5,40,39748,31168.831168831166,1.2752483333333335,385,385,0.39784424006938934,2.9943604469299316,,
WIKI_sf1,single,B1,0.05,0.5,41,39778,58181.81818181818,1.4626632355024933,385,385,0.3888271749019623,2.4976906776428223,,
WIKI_sf1,single,B1,0.05,0.5,42,40297,43636.36363636363,1.0828687901422844,385,385,0.3887489438056946,2.4816768169403076,,
WIKI_sf1,single,B1,0.05,0.5,43,40157,33246.753246753244,1.207847265625,385,385,0.3825277090072632,2.1957428455352783,,
WIKI_sf1,single,B1,0.05,0.5,44,39894,49870.129870129866,1.250065921445076,385,385,0.37883222103118896,2.6371946334838867,,
WIKI_sf1,single,B1,0.05,0.5,45,39757,41558.441558441555,1.045311305139763,385,385,0.38084201514720917,2.210944414138794,,
WIKI_sf1,single,B1,0.05,0.5,46,40544,45714.28571428571,1.1275228323373547,385,385,0.3825714811682701,2.444016456604004,,
WIKI_sf1,single,B1,0.05,0.5,47,40033,54025.97402597402,1.3495359834629936,385,385,0.37991534918546677,2.610927104949951,,
WIKI_sf1,single,B1,0.05,0.5,48,39576,45714.28571428571,1.1551012157440295,385,385,0.38393400609493256,2.6701648235321045,,
WIKI_sf1,single,B1,0.05,0.5,49,40202,41558.441558441555,1.0337406486851788,385,385,0.3813542425632477,2.8045690059661865,,
WIKI_sf1,single,B1,0.05,0.5,50,40463,37597.91122715405,1.0762034027777776,383,383,0.3981078043580055,2.9602532386779785,,
WIKI_sf1,single,B1,0.05,0.5,51,39786,29242.819843342037,1.3605391071428572,383,383,0.39136968553066254,2.0750577449798584,,
WIKI_sf1,single,B1,0.05,0.5,52,40689,33420.36553524804,1.217491171875,383,383,0.3856746479868889,2.7749061584472656,,
WIKI_sf1,single,B1,0.05,0.5,53,40224,52219.32114882507,1.2982130357205914,383,383,0.3871256485581398,2.9249439239501953,,
WIKI_sf1,single,B1,0.05,0.5,54,39914,41775.45691906005,1.0466366918640089,383,383,0.3799069672822952,3.000563621520996,,
WIKI_sf1,single,B1,0.05,0.5,55,39297,29242.819843342037,1.3438170535714287,383,383,0.37723593413829803,2.709089994430542,,
WIKI_sf1,single,B1,0.05,0.5,56,40388,48041.77545691906,1.1895061765108215,383,383,0.37860870361328125,2.8669652938842773,,
WIKI_sf1,single,B1,0.05,0.5,57,39742,35509.138381201046,1.1192048529411764,383,383,0.37709902971982956,2.046647787094116,,
WIKI_sf1,single,B1,0.05,0.5,58,40030,50130.54830287206,1.2523244642236337,383,383,0.3773905336856842,2.685497522354126,,
WIKI_sf1,single,B1,0.05,0.5,59,40307,56396.86684073107,1.3991829419388957,383,383,0.3780415281653404,2.7388265132904053,,
WIKI_sf1,single,B1,0.05,0.5,60,39917,33420.36553524804,1.194391484375,383,383,0.38153212517499924,2.7461044788360596,,
WIKI_sf1,single,B1,0.05,0.5,61,39856,29242.819843342037,1.3629328571428572,383,383,0.3902595490217209,2.5313680171966553,,
WIKI_sf1,single,B1,0.05,0.5,62,40477,33420.36553524804,1.211147734375,383,383,0.39029866456985474,2.9443020820617676,,
WIKI_sf1,single,B1,0.05,0.5,63,40045,58485.63968668407,1.460497931993609,383,383,0.38485322147607803,2.963348388671875,,
WIKI_sf1,single,B1,0.05,0.5,64,40319,37597.91122715405,1.0723734027777776,383,383,0.38862135261297226,2.6585350036621094,,
WIKI_sf1,single,B1,0.05,0.5,65,39799,35509.138381201046,1.1208100735294118,383,383,0.3780778497457504,2.521890878677368,,
WIKI_sf1,single,B1,0.05,0.5,66,40019,31331.592689295037,1.2772730833333334,383,383,0.37989020347595215,2.606635332107544,,
WIKI_sf1,single,B1,0.05,0.5,67,39830,35509.138381201046,1.1216830882352942,383,383,0.37905387580394745,3.10465145111084,,
WIKI_sf1,single,B1,0.05,0.5,68,40140,27154.046997389036,1.4782326923076923,383,383,0.37969276309013367,2.6395423412323,,
WIKI_sf1,single,B1,0.05,0.5,69,40460,33420.36553524804,1.2106390625,383,383,0.38037635385990143,2.9624788761138916,,
WIKI_sf1,single,B1,0.05,0.5,70,39930,33420.36553524804,1.19478046875,383,383,0.3788117319345474,2.8657851219177246,,
WIKI_sf1,single,B1,0.05,0.5,71,39889,56396.86684073107,1.4138450911462075,383,383,0.3831237554550171,2.789051055908203,,
WIKI_sf1,single,B1,0.05,0.5,72,39649,54308.09399477807,1.3697216574132531,383,383,0.38735847920179367,2.769510507583618,,
WIKI_sf1,single,B1,0.05,0.5,73,40128,43864.22976501306,1.093107799167989,383,383,0.3884853795170784,2.912706136703491,,
WIKI_sf1,single,B1,0.05,0.5,74,39973,52219.32114882507,1.3063648249774864,383,383,0.38348883390426636,2.417224884033203,,
WIKI_sf1,single,B1,0.05,0.5,75,40391,41775.45691906005,1.0342763714456205,383,383,0.38199685513973236,2.7575531005859375,,
WIKI_sf1,single,B1,0.05,0.5,76,39150,52219.32114882507,1.3338268492675625,383,383,0.37945620715618134,2.7008352279663086,,
WIKI_sf1,single,B1,0.05,0.5,77,40299,45953.002610966054,1.140301312959777,383,383,0.37897005677223206,2.503910541534424,,
WIKI_sf1,single,B1,0.05,0.5,78,40475,35509.138381201046,1.1398474264705882,383,383,0.3771381452679634,2.806971788406372,,
WIKI_sf1,single,B1,0.05,0.5,79,39960,56396.86684073107,1.411333004022299,383,383,0.37556886672973633,2.8061773777008057,,
WIKI_sf1,single,B1,0.05,0.5,80,39895,43864.22976501306,1.0994919103901004,383,383,0.3798985853791237,2.1082704067230225,,
WIKI_sf1,single,B1,0.05,0.5,81,40320,50130.54830287206,1.2433171702101207,383,383,0.382312573492527,2.387850761413574,,
WIKI_sf1,single,B1,0.05,0.5,82,39732,31331.592689295037,1.268113,383,383,0.38126297295093536,2.4036452770233154,,
WIKI_sf1,single,B1,0.05,0.5,83,39557,60574.41253263708,1.5313196787581738,383,383,0.3868415951728821,2.426344394683838,,
WIKI_sf1,single,B1,0.05,0.5,84,40086,37597.91122715405,1.0661762499999998,383,383,0.38520805537700653,2.931016206741333,,
WIKI_sf1,single,B1,0.05,0.5,85,40355,35509.138381201046,1.1364680147058823,383,383,0.3837551921606064,2.861131191253662,,
WIKI_sf1,single,B1,0.05,0.5,86,39345,37597.91122715405,1.0464677083333331,383,383,0.3791404888033867,2.9690239429473877,,
WIKI_sf1,single,B1,0.05,0.5,87,40361,39686.68407310705,1.0169909868421052,383,383,0.37653837352991104,3.2165145874023438,,
WIKI_sf1,single,B1,0.05,0.5,88,40272,37597.91122715405,1.0711233333333332,383,383,0.379449687898159,3.0257534980773926,,
WIKI_sf1,single,B1,0.05,0.5,89,39396,20887.728459530026,1.8860835,383,383,0.3803800791501999,2.2671186923980713,,
WIKI_sf1,single,B1,0.05,0.5,90,39987,37597.91122715405,1.0635431249999998,383,383,0.3795428201556206,2.547576427459717,,
WIKI_sf1,single,B1,0.05,0.5,91,39934,54308.09399477807,1.3599462612004325,383,383,0.37829577922821045,2.635497808456421,,
WIKI_sf1,single,B1,0.05,0.5,92,39926,43864.22976501306,1.0986382248412827,383,383,0.379675067961216,2.8237457275390625,,
WIKI_sf1,single,B1,0.05,0.5,93,40131,33420.36553524804,1.200794765625,383,383,0.38133375346660614,2.828763246536255,,
WIKI_sf1,single,B1,0.05,0.5,94,40265,41775.45691906005,1.0375129000139092,383,383,0.3899848088622093,2.4630725383758545,,
WIKI_sf1,single,B1,0.05,0.5,95,39838,52219.32114882507,1.3107917352483827,383,383,0.3871740773320198,2.2835142612457275,,
WIKI_sf1,single,B1,0.05,0.5,96,40355,31331.592689295037,1.2879970833333334,383,383,0.38806628435850143,2.4280924797058105,,
WIKI_sf1,single,B1,0.05,0.5,97,40198,41775.45691906005,1.0392421742141413,383,383,0.37735048681497574,2.626574993133545,,
WIKI_sf1,single,B1,0.05,0.5,98,40279,37597.91122715405,1.0713095138888888,383,383,0.37713441997766495,2.344454050064087,,
WIKI_sf1,single,B1,0.05,0.5,99,40231,41775.45691906005,1.0383897223300453,383,383,0.3767283633351326,2.4463751316070557,,
WIKI_sf1,single,B1,0.1,0.1,0,79283,85194.80519480519,1.074565861468476,385,385,0.4434138536453247,2.4950194358825684,,
WIKI_sf1,single,B1,0.1,0.1,1,79045,74805.1948051948,1.056677951388889,385,385,0.4031611606478691,2.522329568862915,,
WIKI_sf1,single,B1,0.1,0.1,2,80527,85194.80519480519,1.0579657157823485,385,385,0.40916819125413895,2.5822010040283203,,
WIKI_sf1,single,B1,0.1,0.1,3,80414,97662.33766233765,1.2144942132257772,385,385,0.4010666161775589,2.409409284591675,,
WIKI_sf1,single,B1,0.1,0.1,4,80444,60259.740259740254,1.3349543103448278,385,385,0.39392057806253433,2.6946561336517334,,
WIKI_sf1,single,B1,0.1,0.1,5,80414,95584.41558441558,1.1886539108167182,385,385,0.3871973603963852,2.921326160430908,,
WIKI_sf1,single,B1,0.1,0.1,6,80865,70649.35064935064,1.1445965073529414,385,385,0.38240663707256317,2.788264274597168,,
WIKI_sf1,single,B1,0.1,0.1,7,79631,91428.57142857142,1.1481529985630146,385,385,0.38163457065820694,2.6861560344696045,,
WIKI_sf1,single,B1,0.1,0.1,8,80112,66493.50649350649,1.2048093750000002,385,385,0.38478244096040726,2.5929224491119385,,
WIKI_sf1,single,B1,0.1,0.1,9,80242,85194.80519480519,1.0617233517958824,385,385,0.39468053728342056,2.6254987716674805,,
WIKI_sf1,single,B1,0.1,0.1,10,79351,68571.42857142857,1.1572020833333334,385,385,0.383913516998291,2.5525827407836914,,
WIKI_sf1,single,B1,0.1,0.1,11,80476,81038.96103896103,1.0069953904140494,385,385,0.38029439747333527,2.8840670585632324,,
WIKI_sf1,single,B1,0.1,0.1,12,79933,83116.88311688311,1.039831898175761,385,385,0.38847140967845917,3.009459972381592,,
WIKI_sf1,single,B1,0.1,0.1,13,80372,91428.57142857142,1.1375674541951353,385,385,0.3885161131620407,2.874533176422119,,
WIKI_sf1,single,B1,0.1,0.1,14,79892,83116.88311688311,1.040365532429819,385,385,0.3896467387676239,2.9190006256103516,,
WIKI_sf1,single,B1,0.1,0.1,15,80143,83116.88311688311,1.0371072098234795,385,385,0.3892676904797554,2.1487996578216553,,
WIKI_sf1,single,B1,0.1,0.1,16,80237,97662.33766233765,1.2171733447454123,385,385,0.38893427699804306,2.705364465713501,,
WIKI_sf1,single,B1,0.1,0.1,17,79705,83116.88311688311,1.0428063875150004,385,385,0.37971045821905136,2.3201210498809814,,
WIKI_sf1,single,B1,0.1,0.1,18,79535,91428.57142857142,1.1495388373492352,385,385,0.38292165845632553,2.7510170936584473,,
WIKI_sf1,single,B1,0.1,0.1,19,79481,66493.50649350649,1.1953197265625002,385,385,0.38510560989379883,2.7450242042541504,,
WIKI_sf1,single,B1,0.1,0.1,20,80146,81038.96103896103,1.0111416794220676,385,385,0.3820843994617462,2.508734941482544,,
WIKI_sf1,single,B1,0.1,0.1,21,80527,64415.58441558441,1.2501167338709678,385,385,0.37984177470207214,2.688880443572998,,
WIKI_sf1,single,B1,0.1,0.1,22,79572,66493.50649350649,1.1966882812500002,385,385,0.3811679780483246,2.7316365242004395,,
WIKI_sf1,single,B1,0.1,0.1,23,80335,72727.27272727272,1.10460625,385,385,0.38443785160779953,3.0659515857696533,,
WIKI_sf1,single,B1,0.1,0.1,24,79158,83116.88311688311,1.0500124196781515,385,385,0.3907103091478348,2.964731454849243,,
WIKI_sf1,single,B1,0.1,0.1,25,80479,83116.88311688311,1.0327772849672971,385,385,0.3886232152581215,2.8505120277404785,,
WIKI_sf1,single,B1,0.1,0.1,26,80455,85194.80519480519,1.0589125000907984,385,385,0.3870110958814621,2.9440717697143555,,
WIKI_sf1,single,B1,0.1,0.1,27,80713,83116.88311688311,1.0297830971080633,385,385,0.38214772939682007,2.6451005935668945,,
WIKI_sf1,single,B1,0.1,0.1,28,79655,87272.72727272726,1.0956340125883781,385,385,0.38026273250579834,2.714433193206787,,
WIKI_sf1,single,B1,0.1,0.1,29,80262,74805.1948051948,1.0729468750000002,385,385,0.3801090642809868,3.168494701385498,,
WIKI_sf1,single,B1,0.1,0.1,30,79466,81038.96103896103,1.0197941388639296,385,385,0.3854762762784958,3.053316116333008,,
WIKI_sf1,single,B1,0.1,0.1,31,79115,76883.11688311688,1.0290295608108109,385,385,0.3822091966867447,2.775176525115967,,
WIKI_sf1,single,B1,0.1,0.1,32,80325,89350.64935064934,1.1123641375742215,385,385,0.3819642588496208,2.7094485759735107,,
WIKI_sf1,single,B1,0.1,0.1,33,80247,76883.11688311688,1.0437532094594595,385,385,0.3801025450229645,2.7141127586364746,,
WIKI_sf1,single,B1,0.1,0.1,34,80172,51948.05194805194,1.543311,385,385,0.3893934190273285,2.643648386001587,,
WIKI_sf1,single,B1,0.1,0.1,35,80224,66493.50649350649,1.2064937500000001,385,385,0.3939233720302582,3.2639694213867188,,
WIKI_sf1,single,B1,0.1,0.1,36,79886,83116.88311688311,1.0404436711924883,385,385,0.39119552820920944,2.4818661212921143,,
WIKI_sf1,single,B1,0.1,0.1,37,80401,66493.50649350649,1.2091556640625,385,385,0.39283838123083115,3.2079885005950928,,
WIKI_sf1,single,B1,0.1,0.1,38,79703,110129.87012987012,1.3817531351375747,385,385,0.3789374604821205,2.9769110679626465,,
WIKI_sf1,single,B1,0.1,0.1,39,80932,103896.10389610389,1.2837456617420042,385,385,0.3808848559856415,2.7966790199279785,,
WIKI_sf1,single,B1,0.1,0.1,40,79822,68571.42857142857,1.1640708333333334,385,385,0.38482900708913803,3.0772454738616943,,
WIKI_sf1,single,B1,0.1,0.1,41,80179,87272.72727272726,1.0884736311593717,385,385,0.3784196451306343,2.6349895000457764,,
WIKI_sf1,single,B1,0.1,0.1,42,80255,68571.42857142857,1.1703854166666667,385,385,0.383034348487854,2.6131794452667236,,
WIKI_sf1,single,B1,0.1,0.1,43,80329,58181.81818181818,1.3806546875,385,385,0.38229674100875854,2.335880994796753,,
WIKI_sf1,single,B1,0.1,0.1,44,80064,89350.64935064934,1.115990324623418,385,385,0.37744082510471344,2.7453205585479736,,
WIKI_sf1,single,B1,0.1,0.1,45,79837,85194.80519480519,1.0671093001340881,385,385,0.3863973543047905,2.4120283126831055,,
WIKI_sf1,single,B1,0.1,0.1,46,80796,93506.4935064935,1.1573158758662991,385,385,0.3915075212717056,2.546534776687622,,
WIKI_sf1,single,B1,0.1,0.1,47,79894,58181.81818181818,1.3731781250000001,385,385,0.3895638510584831,2.7252864837646484,,
WIKI_sf1,single,B1,0.1,0.1,48,79554,93506.4935064935,1.1753839342646943,385,385,0.38638338446617126,2.790070056915283,,
WIKI_sf1,single,B1,0.1,0.1,49,79891,72727.27272727272,1.0985012500000002,385,385,0.3803130239248276,2.906637668609619,,
WIKI_sf1,single,B1,0.1,0.1,50,80370,75195.8224543081,1.0688093749999998,383,383,0.39302557706832886,3.050745725631714,,
WIKI_sf1,single,B1,0.1,0.1,51,80087,79373.3681462141,1.0089908223684212,383,383,0.38447417318820953,2.269822120666504,,
WIKI_sf1,single,B1,0.1,0.1,52,80735,73107.0496083551,1.1043394642857143,383,383,0.3816578537225723,2.861851930618286,,
WIKI_sf1,single,B1,0.1,0.1,53,80625,108616.18798955614,1.3471775254518592,383,383,0.3759590908885002,3.0176377296447754,,
WIKI_sf1,single,B1,0.1,0.1,54,79931,60574.41253263708,1.3195505603448276,383,383,0.38115959614515305,3.098222017288208,,
WIKI_sf1,single,B1,0.1,0.1,55,79080,71018.27676240209,1.113516176470588,383,383,0.3839675337076187,2.8680851459503174,,
WIKI_sf1,single,B1,0.1,0.1,56,80100,62663.185378590075,1.2782625,383,383,0.38730911910533905,2.962033271789551,,
WIKI_sf1,single,B1,0.1,0.1,57,79389,85639.68668407311,1.0787349215139768,383,383,0.3875112161040306,2.2888472080230713,,
WIKI_sf1,single,B1,0.1,0.1,58,80335,91906.00522193211,1.144034421135646,383,383,0.38975197821855545,2.7879068851470947,,
WIKI_sf1,single,B1,0.1,0.1,59,80492,87728.45953002611,1.0899028416491838,383,383,0.38029812276363373,2.8376193046569824,,
WIKI_sf1,single,B1,0.1,0.1,60,80349,68929.50391644909,1.1656692045454544,383,383,0.3810739144682884,2.8593783378601074,,
WIKI_sf1,single,B1,0.1,0.1,61,79625,87728.45953002611,1.1017702923708146,383,383,0.378376804292202,2.646249532699585,,
WIKI_sf1,single,B1,0.1,0.1,62,80679,91906.00522193211,1.1391564746951761,383,383,0.3787381574511528,3.060194730758667,,
WIKI_sf1,single,B1,0.1,0.1,63,80278,91906.00522193211,1.144846722912032,383,383,0.37774816155433655,3.038728952407837,,
WIKI_sf1,single,B1,0.1,0.1,64,80601,75195.8224543081,1.0718813541666665,383,383,0.37893932312726974,2.7580108642578125,,
WIKI_sf1,single,B1,0.1,0.1,65,80096,96083.55091383812,1.199604860590268,383,383,0.37958845496177673,2.660930871963501,,
WIKI_sf1,single,B1,0.1,0.1,66,79961,79373.3681462141,1.0074033881578948,383,383,0.38116611540317535,2.733292579650879,,
WIKI_sf1,single,B1,0.1,0.1,67,80129,62663.185378590075,1.2787252916666667,383,383,0.38934964686632156,3.222634792327881,,
WIKI_sf1,single,B1,0.1,0.1,68,80079,85639.68668407311,1.0694400115395186,383,383,0.3876080736517906,2.7391715049743652,,
WIKI_sf1,single,B1,0.1,0.1,69,80221,96083.55091383812,1.197735641712745,383,383,0.3854362294077873,3.046494245529175,,
WIKI_sf1,single,B1,0.1,0.1,70,79820,83550.9138381201,1.0467415915575058,383,383,0.379195436835289,2.9712064266204834,,
WIKI_sf1,single,B1,0.1,0.1,71,80307,81462.1409921671,1.0143840635581842,383,383,0.38608815521001816,2.9000611305236816,,
WIKI_sf1,single,B1,0.1,0.1,72,80059,77284.59530026109,1.0358985472972975,383,383,0.3794310614466667,2.8796021938323975,,
WIKI_sf1,single,B1,0.1,0.1,73,80007,79373.3681462141,1.007982927631579,383,383,0.37832558155059814,3.0084049701690674,,
WIKI_sf1,single,B1,0.1,0.1,74,80303,68929.50391644909,1.1650018560606061,383,383,0.37783291190862656,2.598388910293579,,
WIKI_sf1,single,B1,0.1,0.1,75,80784,93994.77806788511,1.1635321111592036,383,383,0.37789158523082733,2.849252700805664,,
WIKI_sf1,single,B1,0.1,0.1,76,79002,81462.1409921671,1.0311402368568783,383,383,0.37910789251327515,2.873059034347534,,
WIKI_sf1,single,B1,0.1,0.1,77,80542,81462.1409921671,1.0114243623471866,383,383,0.38049928843975067,2.629467010498047,,
WIKI_sf1,single,B1,0.1,0.1,78,80338,75195.8224543081,1.0683838194444444,383,383,0.3882637247443199,3.013747215270996,,
WIKI_sf1,single,B1,0.1,0.1,79,80234,62663.185378590075,1.2804009166666668,383,383,0.3877151757478714,2.9018561840057373,,
WIKI_sf1,single,B1,0.1,0.1,80,80132,64751.95822454308,1.2375224193548386,383,383,0.38726162165403366,2.2416112422943115,,
WIKI_sf1,single,B1,0.1,0.1,81,80592,81462.1409921671,1.0107968655966735,383,383,0.3878232091665268,2.4874117374420166,,
WIKI_sf1,single,B1,0.1,0.1,82,79694,58485.63968668407,1.3626250892857144,383,383,0.3808876499533653,2.5343809127807617,,
WIKI_sf1,single,B1,0.1,0.1,83,79870,89817.23237597912,1.1245427867281723,383,383,0.37845131009817123,2.594423294067383,,
WIKI_sf1,single,B1,0.1,0.1,84,80246,83550.9138381201,1.041184779778682,383,383,0.3782249987125397,3.0323235988616943,,
WIKI_sf1,single,B1,0.1,0.1,85,79966,68929.50391644909,1.160112803030303,383,383,0.37862081080675125,2.9524989128112793,,
WIKI_sf1,single,B1,0.1,0.1,86,79726,100261.09660574413,1.2575708878627314,383,383,0.377812422811985,3.0636560916900635,,
WIKI_sf1,single,B1,0.1,0.1,87,79743,77284.59530026109,1.0318097635135135,383,383,0.3788154572248459,3.2974917888641357,,
WIKI_sf1,single,B1,0.1,0.1,88,80455,81462.1409921671,1.0125180659022697,383,383,0.3815647214651108,3.101289987564087,,
WIKI_sf1,single,B1,0.1,0.1,89,79095,77284.59530026109,1.0234251689189189,383,383,0.38839783519506454,2.43564772605896,,
WIKI_sf1,single,B1,0.1,0.1,90,80241,93994.77806788511,1.1714058656782083,383,383,0.3852592781186104,2.6662371158599854,,
WIKI_sf1,single,B1,0.1,0.1,91,79717,93994.77806788511,1.1791058126608516,383,383,0.38951635360717773,2.789072036743164,,
WIKI_sf1,single,B1,0.1,0.1,92,80124,62663.185378590075,1.2786455,383,383,0.38217753171920776,2.9105770587921143,,
WIKI_sf1,single,B1,0.1,0.1,93,79736,73107.0496083551,1.0906745714285713,383,383,0.37883687764406204,2.9168477058410645,,
WIKI_sf1,single,B1,0.1,0.1,94,80021,83550.9138381201,1.0441123434863362,383,383,0.3755306825041771,2.587895631790161,,
WIKI_sf1,single,B1,0.1,0.1,95,79397,79373.3681462141,1.000297730263158,383,383,0.3816448152065277,2.4201762676239014,,
WIKI_sf1,single,B1,0.1,0.1,96,80108,104438.64229765013,1.3037230026670261,383,383,0.3785332664847374,2.5275843143463135,,
WIKI_sf1,single,B1,0.1,0.1,97,79978,60574.41253263708,1.3203264655172413,383,383,0.37938356399536133,2.753520965576172,,
WIKI_sf1,single,B1,0.1,0.1,98,79887,89817.23237597912,1.1243034833699992,383,383,0.376393087208271,2.552828311920166,,
WIKI_sf1,single,B1,0.1,0.1,99,80478,66840.73107049608,1.204026328125,383,383,0.3848336637020111,2.5473997592926025,,
WIKI_sf1,single,B1,0.1,0.2,0,79283,70649.35064935064,1.1222042279411766,385,385,0.42415689677000046,2.4950194358825684,,
WIKI_sf1,single,B1,0.1,0.2,1,79045,72727.27272727272,1.08686875,385,385,0.4033967852592468,2.522329568862915,,
WIKI_sf1,single,B1,0.1,0.2,2,80527,66493.50649350649,1.2110505859375,385,385,0.39735622704029083,2.5822010040283203,,
WIKI_sf1,single,B1,0.1,0.2,3,80414,87272.72727272726,1.0852927011804818,385,385,0.3884062170982361,2.409409284591675,,
WIKI_sf1,single,B1,0.1,0.2,4,80444,78961.03896103895,1.0187809210526317,385,385,0.3835577517747879,2.6946561336517334,,
WIKI_sf1,single,B1,0.1,0.2,5,80414,72727.27272727272,1.1056925000000002,385,385,0.3840196877717972,2.921326160430908,,
WIKI_sf1,single,B1,0.1,0.2,6,80865,95584.41558441558,1.1820245543116994,385,385,0.3832550719380379,2.788264274597168,,
WIKI_sf1,single,B1,0.1,0.2,7,79631,85194.80519480519,1.0698698395700819,385,385,0.3824969753623009,2.6861560344696045,,
WIKI_sf1,single,B1,0.1,0.2,8,80112,91428.57142857142,1.141259379725527,385,385,0.3894073888659477,2.5929224491119385,,
WIKI_sf1,single,B1,0.1,0.2,9,80242,70649.35064935064,1.1357783088235296,385,385,0.3916788846254349,2.6254987716674805,,
WIKI_sf1,single,B1,0.1,0.2,10,79351,72727.27272727272,1.0910762500000002,385,385,0.3943564370274544,2.5525827407836914,,
WIKI_sf1,single,B1,0.1,0.2,11,80476,99740.25974025973,1.2393789420480608,385,385,0.3891121596097946,2.8840670585632324,,
WIKI_sf1,single,B1,0.1,0.2,12,79933,68571.42857142857,1.1656895833333334,385,385,0.3809649497270584,3.009459972381592,,
WIKI_sf1,single,B1,0.1,0.2,13,80372,95584.41558441558,1.1892750657494597,385,385,0.3856820985674858,2.874533176422119,,
WIKI_sf1,single,B1,0.1,0.2,14,79892,78961.03896103895,1.0117901315789475,385,385,0.3821132704615593,2.9190006256103516,,
WIKI_sf1,single,B1,0.1,0.2,15,80143,66493.50649350649,1.2052755859375002,385,385,0.3838837146759033,2.1487996578216553,,
WIKI_sf1,single,B1,0.1,0.2,16,80237,85194.80519480519,1.0617895135013171,385,385,0.38147997111082077,2.705364465713501,,
WIKI_sf1,single,B1,0.1,0.2,17,79705,62337.66233766233,1.2786010416666669,385,385,0.3815907984972,2.3201210498809814,,
WIKI_sf1,single,B1,0.1,0.2,18,79535,70649.35064935064,1.1257711397058825,385,385,0.38314424455165863,2.7510170936584473,,
WIKI_sf1,single,B1,0.1,0.2,19,79481,74805.1948051948,1.0625064236111113,385,385,0.38801878690719604,2.7450242042541504,,
WIKI_sf1,single,B1,0.1,0.2,20,80146,74805.1948051948,1.0713961805555556,385,385,0.38952939212322235,2.508734941482544,,
WIKI_sf1,single,B1,0.1,0.2,21,80527,81038.96103896103,1.0063576320856487,385,385,0.3943806514143944,2.688880443572998,,
WIKI_sf1,single,B1,0.1,0.2,22,79572,74805.1948051948,1.0637229166666669,385,385,0.3890255466103554,2.7316365242004395,,
WIKI_sf1,single,B1,0.1,0.2,23,80335,89350.64935064934,1.1122256718821104,385,385,0.3808364272117615,3.0659515857696533,,
WIKI_sf1,single,B1,0.1,0.2,24,79158,72727.27272727272,1.0884225,385,385,0.38348231464624405,2.964731454849243,,
WIKI_sf1,single,B1,0.1,0.2,25,80479,49870.129870129866,1.6137716145833334,385,385,0.379941426217556,2.8505120277404785,,
WIKI_sf1,single,B1,0.1,0.2,26,80455,81038.96103896103,1.0072582317936862,385,385,0.3812722861766815,2.9440717697143555,,
WIKI_sf1,single,B1,0.1,0.2,27,80713,70649.35064935064,1.1424450367647059,385,385,0.38398895412683487,2.6451005935668945,,
WIKI_sf1,single,B1,0.1,0.2,28,79655,68571.42857142857,1.1616354166666667,385,385,0.38457661867141724,2.714433193206787,,
WIKI_sf1,single,B1,0.1,0.2,29,80262,68571.42857142857,1.1704875000000001,385,385,0.37915632128715515,3.168494701385498,,
WIKI_sf1,single,B1,0.1,0.2,30,79466,81038.96103896103,1.0197941388639296,385,385,0.3865426406264305,3.053316116333008,,
WIKI_sf1,single,B1,0.1,0.2,31,79115,85194.80519480519,1.0768476925337191,385,385,0.39283838123083115,2.775176525115967,,
WIKI_sf1,single,B1,0.1,0.2,32,80325,56103.8961038961,1.4317187500000002,385,385,0.38818269968032837,2.7094485759735107,,
WIKI_sf1,single,B1,0.1,0.2,33,80247,76883.11688311688,1.0437532094594595,385,385,0.38707535713911057,2.7141127586364746,,
WIKI_sf1,single,B1,0.1,0.2,34,80172,60259.740259740254,1.3304405172413794,385,385,0.38034096360206604,2.643648386001587,,
WIKI_sf1,single,B1,0.1,0.2,35,80224,72727.27272727272,1.10308,385,385,0.3807246685028076,3.2639694213867188,,
WIKI_sf1,single,B1,0.1,0.2,36,79886,83116.88311688311,1.0404436711924883,385,385,0.380784273147583,2.4818661212921143,,
WIKI_sf1,single,B1,0.1,0.2,37,80401,95584.41558441558,1.1888461037103466,385,385,0.37925131618976593,3.2079885005950928,,
WIKI_sf1,single,B1,0.1,0.2,38,79703,70649.35064935064,1.128149080882353,385,385,0.3773495554924011,2.9769110679626465,,
WIKI_sf1,single,B1,0.1,0.2,39,80932,78961.03896103895,1.0249611842105264,385,385,0.37974491715431213,2.7966790199279785,,
WIKI_sf1,single,B1,0.1,0.2,40,79822,78961.03896103895,1.0109036184210527,385,385,0.3793444484472275,3.0772454738616943,,
WIKI_sf1,single,B1,0.1,0.2,41,80179,76883.11688311688,1.04286875,385,385,0.39058737456798553,2.6349895000457764,,
WIKI_sf1,single,B1,0.1,0.2,42,80255,91428.57142857142,1.1392258604270316,385,385,0.39013754576444626,2.6131794452667236,,
WIKI_sf1,single,B1,0.1,0.2,43,80329,72727.27272727272,1.10452375,385,385,0.38910191506147385,2.335880994796753,,
WIKI_sf1,single,B1,0.1,0.2,44,80064,70649.35064935064,1.1332588235294119,385,385,0.3867335617542267,2.7453205585479736,,
WIKI_sf1,single,B1,0.1,0.2,45,79837,91428.57142857142,1.1451904684365823,385,385,0.3793276846408844,2.4120283126831055,,
WIKI_sf1,single,B1,0.1,0.2,46,80796,87272.72727272726,1.0801614841418792,385,385,0.37824269384145737,2.546534776687622,,
WIKI_sf1,single,B1,0.1,0.2,47,79894,58181.81818181818,1.3731781250000001,385,385,0.3821328282356262,2.7252864837646484,,
WIKI_sf1,single,B1,0.1,0.2,48,79554,101818.18181818181,1.2798625061993338,385,385,0.37895794957876205,2.790070056915283,,
WIKI_sf1,single,B1,0.1,0.2,49,79891,68571.42857142857,1.1650770833333335,385,385,0.38172025233507156,2.906637668609619,,
WIKI_sf1,single,B1,0.1,0.2,50,80370,60574.41253263708,1.3267978448275861,383,383,0.3856522962450981,3.050745725631714,,
WIKI_sf1,single,B1,0.1,0.2,51,80087,58485.63968668407,1.3693446875,383,383,0.39377249777317047,2.269822120666504,,
WIKI_sf1,single,B1,0.1,0.2,52,80735,83550.9138381201,1.0348784769693455,383,383,0.386224128305912,2.861851930618286,,
WIKI_sf1,single,B1,0.1,0.2,53,80625,50130.54830287206,1.60830078125,383,383,0.3858786076307297,3.0176377296447754,,
WIKI_sf1,single,B1,0.1,0.2,54,79931,77284.59530026109,1.034242331081081,383,383,0.38720201700925827,3.098222017288208,,
WIKI_sf1,single,B1,0.1,0.2,55,79080,91906.00522193211,1.162190253185788,383,383,0.38481131196022034,2.8680851459503174,,
WIKI_sf1,single,B1,0.1,0.2,56,80100,68929.50391644909,1.162056818181818,383,383,0.3795754164457321,2.962033271789551,,
WIKI_sf1,single,B1,0.1,0.2,57,79389,87728.45953002611,1.1050455293557813,383,383,0.37685781717300415,2.2888472080230713,,
WIKI_sf1,single,B1,0.1,0.2,58,80335,96083.55091383812,1.1960359857327207,383,383,0.378534197807312,2.7879068851470947,,
WIKI_sf1,single,B1,0.1,0.2,59,80492,96083.55091383812,1.1937031122824395,383,383,0.3756321966648102,2.8376193046569824,,
WIKI_sf1,single,B1,0.1,0.2,60,80349,89817.23237597912,1.1178388327916853,383,383,0.37938356399536133,2.8593783378601074,,
WIKI_sf1,single,B1,0.1,0.2,61,79625,68929.50391644909,1.1551657196969696,383,383,0.3775153309106827,2.646249532699585,,
WIKI_sf1,single,B1,0.1,0.2,62,80679,89817.23237597912,1.1132665548157403,383,383,0.3819447010755539,3.060194730758667,,
WIKI_sf1,single,B1,0.1,0.2,63,80278,73107.0496083551,1.098088357142857,383,383,0.3824876621365547,3.038728952407837,,
WIKI_sf1,single,B1,0.1,0.2,64,80601,91906.00522193211,1.1402588705094492,383,383,0.3894316032528877,2.7580108642578125,,
WIKI_sf1,single,B1,0.1,0.2,65,80096,79373.3681462141,1.009104210526316,383,383,0.3869449719786644,2.660930871963501,,
WIKI_sf1,single,B1,0.1,0.2,66,79961,87728.45953002611,1.0971406001679083,383,383,0.3842571750283241,2.733292579650879,,
WIKI_sf1,single,B1,0.1,0.2,67,80129,73107.0496083551,1.09605025,383,383,0.3774333745241165,3.222634792327881,,
WIKI_sf1,single,B1,0.1,0.2,68,80079,85639.68668407311,1.0694400115395186,383,383,0.379134900867939,2.7391715049743652,,
WIKI_sf1,single,B1,0.1,0.2,69,80221,75195.8224543081,1.0668278819444443,383,383,0.37771183997392654,3.046494245529175,,
WIKI_sf1,single,B1,0.1,0.2,70,79820,77284.59530026109,1.032806081081081,383,383,0.3774026408791542,2.9712064266204834,,
WIKI_sf1,single,B1,0.1,0.2,71,80307,64751.95822454308,1.2402250403225807,383,383,0.3814706578850746,2.9000611305236816,,
WIKI_sf1,single,B1,0.1,0.2,72,80059,104438.64229765013,1.3045209445240402,383,383,0.383034348487854,2.8796021938323975,,
WIKI_sf1,single,B1,0.1,0.2,73,80007,93994.77806788511,1.1748319280548591,383,383,0.38064736872911453,3.0084049701690674,,
WIKI_sf1,single,B1,0.1,0.2,74,80303,77284.59530026109,1.0390557094594595,383,383,0.38633961230516434,2.598388910293579,,
WIKI_sf1,single,B1,0.1,0.2,75,80784,114882.50652741514,1.4220948025279156,383,383,0.3884481266140938,2.849252700805664,,
WIKI_sf1,single,B1,0.1,0.2,76,79002,87728.45953002611,1.1104587166150999,383,383,0.38558803498744965,2.873059034347534,,
WIKI_sf1,single,B1,0.1,0.2,77,80542,89817.23237597912,1.1151601943827956,383,383,0.38412585854530334,2.629467010498047,,
WIKI_sf1,single,B1,0.1,0.2,78,80338,81462.1409921671,1.0139926434833715,383,383,0.3777286037802696,3.013747215270996,,
WIKI_sf1,single,B1,0.1,0.2,79,80234,93994.77806788511,1.1715080647591434,383,383,0.37816353142261505,2.9018561840057373,,
WIKI_sf1,single,B1,0.1,0.2,80,80132,93994.77806788511,1.1729992770414455,383,383,0.37747062742710114,2.2416112422943115,,
WIKI_sf1,single,B1,0.1,0.2,81,80592,98172.32375979112,1.2181398123857345,383,383,0.37803128361701965,2.4874117374420166,,
WIKI_sf1,single,B1,0.1,0.2,82,79694,68929.50391644909,1.1561667424242423,383,383,0.3789197653532028,2.5343809127807617,,
WIKI_sf1,single,B1,0.1,0.2,83,79870,73107.0496083551,1.0925075,383,383,0.3782259300351143,2.594423294067383,,
WIKI_sf1,single,B1,0.1,0.2,84,80246,75195.8224543081,1.0671603472222222,383,383,0.3773672506213188,3.0323235988616943,,
WIKI_sf1,single,B1,0.1,0.2,85,79966,85639.68668407311,1.0709512378269903,383,383,0.3843763843178749,2.9524989128112793,,
WIKI_sf1,single,B1,0.1,0.2,86,79726,98172.32375979112,1.2313714943655911,383,383,0.3877812996506691,3.0636560916900635,,
WIKI_sf1,single,B1,0.1,0.2,87,79743,66840.73107049608,1.1930300390625,383,383,0.38743577897548676,3.2974917888641357,,
WIKI_sf1,single,B1,0.1,0.2,88,80455,100261.09660574413,1.2461760811104856,383,383,0.3844425082206726,3.101289987564087,,
WIKI_sf1,single,B1,0.1,0.2,89,79095,81462.1409921671,1.0299278208757456,383,383,0.37646107375621796,2.43564772605896,,
WIKI_sf1,single,B1,0.1,0.2,90,80241,85639.68668407311,1.0672808998401455,383,383,0.38000475615262985,2.6662371158599854,,
WIKI_sf1,single,B1,0.1,0.2,91,79717,91906.00522193211,1.1529034612683882,383,383,0.3762124106287956,2.789072036743164,,
WIKI_sf1,single,B1,0.1,0.2,92,80124,81462.1409921671,1.0167008760442202,383,383,0.3811987116932869,2.9105770587921143,,
WIKI_sf1,single,B1,0.1,0.2,93,79736,60574.41253263708,1.3163313793103448,383,383,0.38139335811138153,2.9168477058410645,,
WIKI_sf1,single,B1,0.1,0.2,94,80021,68929.50391644909,1.1609107196969697,383,383,0.37515629082918167,2.587895631790161,,
WIKI_sf1,single,B1,0.1,0.2,95,79397,85639.68668407311,1.0786262287501178,383,383,0.3771660849452019,2.4201762676239014,,
WIKI_sf1,single,B1,0.1,0.2,96,80108,75195.8224543081,1.0653251388888887,383,383,0.38445834070444107,2.5275843143463135,,
WIKI_sf1,single,B1,0.1,0.2,97,79978,85639.68668407311,1.0707905509524258,383,383,0.384259968996048,2.753520965576172,,
WIKI_sf1,single,B1,0.1,0.2,98,79887,75195.8224543081,1.0623861458333332,383,383,0.38960669189691544,2.552828311920166,,
WIKI_sf1,single,B1,0.1,0.2,99,80478,75195.8224543081,1.0702456249999999,383,383,0.3856159746646881,2.5473997592926025,,
WIKI_sf1,single,B1,0.1,0.3,0,79283,56103.8961038961,1.4131460648148149,385,385,0.40359795093536377,2.4950194358825684,,
WIKI_sf1,single,B1,0.1,0.3,1,79045,89350.64935064934,1.1303769922278366,385,385,0.40014833211898804,2.522329568862915,,
WIKI_sf1,single,B1,0.1,0.3,2,80527,68571.42857142857,1.1743520833333334,385,385,0.40014181286096573,2.5822010040283203,,
WIKI_sf1,single,B1,0.1,0.3,3,80414,97662.33766233765,1.2144942132257772,385,385,0.3935880959033966,2.409409284591675,,
WIKI_sf1,single,B1,0.1,0.3,4,80444,54025.97402597402,1.4889875000000001,385,385,0.38537662476301193,2.6946561336517334,,
WIKI_sf1,single,B1,0.1,0.3,5,80414,105974.02597402596,1.3178554228620136,385,385,0.3856867551803589,2.921326160430908,,
WIKI_sf1,single,B1,0.1,0.3,6,80865,101818.18181818181,1.2591131122015928,385,385,0.3900257870554924,2.788264274597168,,
WIKI_sf1,single,B1,0.1,0.3,7,79631,103896.10389610389,1.3047193165488804,385,385,0.3915727138519287,2.6861560344696045,,
WIKI_sf1,single,B1,0.1,0.3,8,80112,85194.80519480519,1.0634462401987865,385,385,0.3863368183374405,2.5929224491119385,,
WIKI_sf1,single,B1,0.1,0.3,9,80242,74805.1948051948,1.072679513888889,385,385,0.38299988955259323,2.6254987716674805,,
WIKI_sf1,single,B1,0.1,0.3,10,79351,110129.87012987012,1.387882574004992,385,385,0.38121920078992844,2.5525827407836914,,
WIKI_sf1,single,B1,0.1,0.3,11,80476,74805.1948051948,1.075807638888889,385,385,0.3813803195953369,2.8840670585632324,,
WIKI_sf1,single,B1,0.1,0.3,12,79933,83116.88311688311,1.039831898175761,385,385,0.3845132887363434,3.009459972381592,,
WIKI_sf1,single,B1,0.1,0.3,13,80372,72727.27272727272,1.105115,385,385,0.38359127938747406,2.874533176422119,,
WIKI_sf1,single,B1,0.1,0.3,14,79892,74805.1948051948,1.0680006944444445,385,385,0.3851354122161865,2.9190006256103516,,
WIKI_sf1,single,B1,0.1,0.3,15,80143,83116.88311688311,1.0371072098234795,385,385,0.38179289549589157,2.1487996578216553,,
WIKI_sf1,single,B1,0.1,0.3,16,80237,99740.25974025973,1.2430706499527615,385,385,0.38416218012571335,2.705364465713501,,
WIKI_sf1,single,B1,0.1,0.3,17,79705,72727.27272727272,1.09594375,385,385,0.39169006049633026,2.3201210498809814,,
WIKI_sf1,single,B1,0.1,0.3,18,79535,76883.11688311688,1.0344923986486487,385,385,0.38978829979896545,2.7510170936584473,,
WIKI_sf1,single,B1,0.1,0.3,19,79481,78961.03896103895,1.006585032894737,385,385,0.3871796652674675,2.7450242042541504,,
WIKI_sf1,single,B1,0.1,0.3,20,80146,66493.50649350649,1.2053207031250002,385,385,0.3874571993947029,2.508734941482544,,
WIKI_sf1,single,B1,0.1,0.3,21,80527,93506.4935064935,1.1611818831757486,385,385,0.38022734224796295,2.688880443572998,,
WIKI_sf1,single,B1,0.1,0.3,22,79572,89350.64935064934,1.1228905814941104,385,385,0.3881538286805153,2.7316365242004395,,
WIKI_sf1,single,B1,0.1,0.3,23,80335,74805.1948051948,1.0739227430555556,385,385,0.384768471121788,3.0659515857696533,,
WIKI_sf1,single,B1,0.1,0.3,24,79158,85194.80519480519,1.076262730170105,385,385,0.3805859014391899,2.964731454849243,,
WIKI_sf1,single,B1,0.1,0.3,25,80479,89350.64935064934,1.1102355813398446,385,385,0.38688257336616516,2.8505120277404785,,
WIKI_sf1,single,B1,0.1,0.3,26,80455,68571.42857142857,1.1733020833333334,385,385,0.3818599507212639,2.9440717697143555,,
WIKI_sf1,single,B1,0.1,0.3,27,80713,89350.64935064934,1.107016829391168,385,385,0.3893813118338585,2.6451005935668945,,
WIKI_sf1,single,B1,0.1,0.3,28,79655,110129.87012987012,1.3825857777900963,385,385,0.39220042526721954,2.714433193206787,,
WIKI_sf1,single,B1,0.1,0.3,29,80262,76883.11688311688,1.043948310810811,385,385,0.38866978138685226,3.168494701385498,,
WIKI_sf1,single,B1,0.1,0.3,30,79466,68571.42857142857,1.1588791666666667,385,385,0.3880290314555168,3.053316116333008,,
WIKI_sf1,single,B1,0.1,0.3,31,79115,76883.11688311688,1.0290295608108109,385,385,0.38336776196956635,2.775176525115967,,
WIKI_sf1,single,B1,0.1,0.3,32,80325,72727.27272727272,1.10446875,385,385,0.38271117955446243,2.7094485759735107,,
WIKI_sf1,single,B1,0.1,0.3,33,80247,60259.740259740254,1.3316851293103449,385,385,0.38010161370038986,2.7141127586364746,,
WIKI_sf1,single,B1,0.1,0.3,34,80172,85194.80519480519,1.0626503666467744,385,385,0.3828303888440132,2.643648386001587,,
WIKI_sf1,single,B1,0.1,0.3,35,80224,74805.1948051948,1.072438888888889,385,385,0.3823898732662201,3.2639694213867188,,
WIKI_sf1,single,B1,0.1,0.3,36,79886,72727.27272727272,1.0984325000000001,385,385,0.38315635174512863,2.4818661212921143,,
WIKI_sf1,single,B1,0.1,0.3,37,80401,74805.1948051948,1.0748050347222222,385,385,0.38195308297872543,3.2079885005950928,,
WIKI_sf1,single,B1,0.1,0.3,38,79703,72727.27272727272,1.0959162500000001,385,385,0.39097294211387634,2.9769110679626465,,
WIKI_sf1,single,B1,0.1,0.3,39,80932,85194.80519480519,1.0526714426284434,385,385,0.38626324385404587,2.7966790199279785,,
WIKI_sf1,single,B1,0.1,0.3,40,79822,72727.27272727272,1.0975525000000002,385,385,0.3888960927724838,3.0772454738616943,,
WIKI_sf1,single,B1,0.1,0.3,41,80179,78961.03896103895,1.0154248355263158,385,385,0.38466788828372955,2.6349895000457764,,
WIKI_sf1,single,B1,0.1,0.3,42,80255,74805.1948051948,1.0728532986111112,385,385,0.38199126720428467,2.6131794452667236,,
WIKI_sf1,single,B1,0.1,0.3,43,80329,68571.42857142857,1.1714645833333335,385,385,0.38694776594638824,2.335880994796753,,
WIKI_sf1,single,B1,0.1,0.3,44,80064,68571.42857142857,1.1676000000000002,385,385,0.3807488828897476,2.7453205585479736,,
WIKI_sf1,single,B1,0.1,0.3,45,79837,72727.27272727272,1.0977587500000001,385,385,0.3800792619585991,2.4120283126831055,,
WIKI_sf1,single,B1,0.1,0.3,46,80796,78961.03896103895,1.0232388157894738,385,385,0.3804657608270645,2.546534776687622,,
WIKI_sf1,single,B1,0.1,0.3,47,79894,72727.27272727272,1.0985425000000002,385,385,0.3792131319642067,2.7252864837646484,,
WIKI_sf1,single,B1,0.1,0.3,48,79554,87272.72727272726,1.0970250053137147,385,385,0.3783171996474266,2.790070056915283,,
WIKI_sf1,single,B1,0.1,0.3,49,79891,99740.25974025973,1.2484542656902495,385,385,0.39010215550661087,2.906637668609619,,
WIKI_sf1,single,B1,0.1,0.3,50,80370,91906.00522193211,1.143536210301507,383,383,0.39646215736866,3.050745725631714,,
WIKI_sf1,single,B1,0.1,0.3,51,80087,85639.68668407311,1.0693331837136253,383,383,0.39259251207113266,2.269822120666504,,
WIKI_sf1,single,B1,0.1,0.3,52,80735,100261.09660574413,1.2418541723632146,383,383,0.38277357816696167,2.861851930618286,,
WIKI_sf1,single,B1,0.1,0.3,53,80625,87728.45953002611,1.0881049244034247,383,383,0.3830771893262863,3.0176377296447754,,
WIKI_sf1,single,B1,0.1,0.3,54,79931,114882.50652741514,1.4372709778110513,383,383,0.3811744973063469,3.098222017288208,,
WIKI_sf1,single,B1,0.1,0.3,55,79080,75195.8224543081,1.0516541666666666,383,383,0.3792019560933113,2.8680851459503174,,
WIKI_sf1,single,B1,0.1,0.3,56,80100,93994.77806788511,1.1734678909848328,383,383,0.3789803013205528,2.962033271789551,,
WIKI_sf1,single,B1,0.1,0.3,57,79389,77284.59530026109,1.0272292905405407,383,383,0.37797074764966965,2.2888472080230713,,
WIKI_sf1,single,B1,0.1,0.3,58,80335,64751.95822454308,1.2406574596774194,383,383,0.37771742790937424,2.7879068851470947,,
WIKI_sf1,single,B1,0.1,0.3,59,80492,62663.185378590075,1.2845181666666667,383,383,0.38232188671827316,2.8376193046569824,,
WIKI_sf1,single,B1,0.1,0.3,60,80349,89817.23237597912,1.1178388327916853,383,383,0.3876732662320137,2.8593783378601074,,
WIKI_sf1,single,B1,0.1,0.3,61,79625,91906.00522193211,1.1542355443884722,383,383,0.38570258766412735,2.646249532699585,,
WIKI_sf1,single,B1,0.1,0.3,62,80679,89817.23237597912,1.1132665548157403,383,383,0.3843866288661957,3.060194730758667,,
WIKI_sf1,single,B1,0.1,0.3,63,80278,91906.00522193211,1.144846722912032,383,383,0.3807283937931061,3.038728952407837,,
WIKI_sf1,single,B1,0.1,0.3,64,80601,89817.23237597912,1.114343896179689,383,383,0.37649739533662796,2.7580108642578125,,
WIKI_sf1,single,B1,0.1,0.3,65,80096,83550.9138381201,1.0431346613828418,383,383,0.3771549090743065,2.660930871963501,,
WIKI_sf1,single,B1,0.1,0.3,66,79961,79373.3681462141,1.0074033881578948,383,383,0.37886667996644974,2.733292579650879,,
WIKI_sf1,single,B1,0.1,0.3,67,80129,83550.9138381201,1.042705061065533,383,383,0.3772219642996788,3.222634792327881,,
WIKI_sf1,single,B1,0.1,0.3,68,80079,104438.64229765013,1.304195136023803,383,383,0.3770124167203903,2.7391715049743652,,
WIKI_sf1,single,B1,0.1,0.3,69,80221,104438.64229765013,1.3018865670790707,383,383,0.3784541040658951,3.046494245529175,,
WIKI_sf1,single,B1,0.1,0.3,70,79820,83550.9138381201,1.0467415915575058,383,383,0.3787921741604805,2.9712064266204834,,
WIKI_sf1,single,B1,0.1,0.3,71,80307,102349.86945169713,1.274482541393616,383,383,0.38587022572755814,2.9000611305236816,,
WIKI_sf1,single,B1,0.1,0.3,72,80059,83550.9138381201,1.0436167556192322,383,383,0.38512423634529114,2.8796021938323975,,
WIKI_sf1,single,B1,0.1,0.3,73,80007,79373.3681462141,1.007982927631579,383,383,0.3863247111439705,3.0084049701690674,,
WIKI_sf1,single,B1,0.1,0.3,74,80303,91906.00522193211,1.1444903082317237,383,383,0.3851568326354027,2.598388910293579,,
WIKI_sf1,single,B1,0.1,0.3,75,80784,83550.9138381201,1.0342507654748478,383,383,0.3762654960155487,2.849252700805664,,
WIKI_sf1,single,B1,0.1,0.3,76,79002,87728.45953002611,1.1104587166150999,383,383,0.3772322088479996,2.873059034347534,,
WIKI_sf1,single,B1,0.1,0.3,77,80542,83550.9138381201,1.0373583203560888,383,383,0.37738215178251266,2.629467010498047,,
WIKI_sf1,single,B1,0.1,0.3,78,80338,75195.8224543081,1.0683838194444444,383,383,0.37720147520303726,3.013747215270996,,
WIKI_sf1,single,B1,0.1,0.3,79,80234,104438.64229765013,1.3016756275101595,383,383,0.37582311779260635,2.9018561840057373,,
WIKI_sf1,single,B1,0.1,0.3,80,80132,73107.0496083551,1.0960912857142857,383,383,0.3741467371582985,2.2416112422943115,,
WIKI_sf1,single,B1,0.1,0.3,81,80592,62663.185378590075,1.286114,383,383,0.37500355392694473,2.4874117374420166,,
WIKI_sf1,single,B1,0.1,0.3,82,79694,66840.73107049608,1.192296953125,383,383,0.38369372487068176,2.5343809127807617,,
WIKI_sf1,single,B1,0.1,0.3,83,79870,83550.9138381201,1.046086313235509,383,383,0.3872774541378021,2.594423294067383,,
WIKI_sf1,single,B1,0.1,0.3,84,80246,66840.73107049608,1.200555390625,383,383,0.3895517438650131,3.0323235988616943,,
WIKI_sf1,single,B1,0.1,0.3,85,79966,75195.8224543081,1.063436736111111,383,383,0.3826068714261055,2.9524989128112793,,
WIKI_sf1,single,B1,0.1,0.3,86,79726,83550.9138381201,1.0479757398856095,383,383,0.37943199276924133,3.0636560916900635,,
WIKI_sf1,single,B1,0.1,0.3,87,79743,79373.3681462141,1.004656875,383,383,0.3806203603744507,3.2974917888641357,,
WIKI_sf1,single,B1,0.1,0.3,88,80455,85639.68668407311,1.0644420692818732,383,383,0.3783395513892174,3.101289987564087,,
WIKI_sf1,single,B1,0.1,0.3,89,79095,79373.3681462141,1.0035194152122648,383,383,0.37780124694108963,2.43564772605896,,
WIKI_sf1,single,B1,0.1,0.3,90,80241,79373.3681462141,1.0109310197368422,383,383,0.37963874638080597,2.6662371158599854,,
WIKI_sf1,single,B1,0.1,0.3,91,79717,96083.55091383812,1.205308164053315,383,383,0.37904269993305206,2.789072036743164,,
WIKI_sf1,single,B1,0.1,0.3,92,80124,85639.68668407311,1.0688393825080265,383,383,0.379917211830616,2.9105770587921143,,
WIKI_sf1,single,B1,0.1,0.3,93,79736,66840.73107049608,1.1929253125,383,383,0.38859061896800995,2.9168477058410645,,
WIKI_sf1,single,B1,0.1,0.3,94,80021,71018.27676240209,1.126766286764706,383,383,0.38900598883628845,2.587895631790161,,
WIKI_sf1,single,B1,0.1,0.3,95,79397,89817.23237597912,1.1312421423476846,383,383,0.3875289112329483,2.4201762676239014,,
WIKI_sf1,single,B1,0.1,0.3,96,80108,89817.23237597912,1.1212017822936426,383,383,0.38637034595012665,2.5275843143463135,,
WIKI_sf1,single,B1,0.1,0.3,97,79978,93994.77806788511,1.1752579217770527,383,383,0.37975143641233444,2.753520965576172,,
WIKI_sf1,single,B1,0.1,0.3,98,79887,66840.73107049608,1.1951844140625,383,383,0.38073863834142685,2.552828311920166,,
WIKI_sf1,single,B1,0.1,0.3,99,80478,89817.23237597912,1.1160470237329347,383,383,0.37710461765527725,2.5473997592926025,,
WIKI_sf1,single,B1,0.1,0.4,0,79283,83116.88311688311,1.0483569380180253,385,385,0.4185754805803299,2.4950194358825684,,
WIKI_sf1,single,B1,0.1,0.4,1,79045,72727.27272727272,1.08686875,385,385,0.399099662899971,2.522329568862915,,
WIKI_sf1,single,B1,0.1,0.4,2,80527,70649.35064935064,1.1398123161764706,385,385,0.3923838958144188,2.5822010040283203,,
WIKI_sf1,single,B1,0.1,0.4,3,80414,81038.96103896103,1.0077717939533046,385,385,0.4019392654299736,2.409409284591675,,
WIKI_sf1,single,B1,0.1,0.4,4,80444,76883.11688311688,1.0463155405405407,385,385,0.39277970790863037,2.6946561336517334,,
WIKI_sf1,single,B1,0.1,0.4,5,80414,85194.80519480519,1.0594523987714228,385,385,0.39266981184482574,2.921326160430908,,
WIKI_sf1,single,B1,0.1,0.4,6,80865,62337.66233766233,1.2972093750000002,385,385,0.3868313506245613,2.788264274597168,,
WIKI_sf1,single,B1,0.1,0.4,7,79631,91428.57142857142,1.1481529985630146,385,385,0.38302596658468246,2.6861560344696045,,
WIKI_sf1,single,B1,0.1,0.4,8,80112,87272.72727272726,1.0893839533743668,385,385,0.3855805844068527,2.5929224491119385,,
WIKI_sf1,single,B1,0.1,0.4,9,80242,78961.03896103895,1.0162226973684212,385,385,0.38123130798339844,2.6254987716674805,,
WIKI_sf1,single,B1,0.1,0.4,10,79351,56103.8961038961,1.414358101851852,385,385,0.380517914891243,2.5525827407836914,,
WIKI_sf1,single,B1,0.1,0.4,11,80476,83116.88311688311,1.0328157850400506,385,385,0.37975795567035675,2.8840670585632324,,
WIKI_sf1,single,B1,0.1,0.4,12,79933,89350.64935064934,1.1178192905389432,385,385,0.38204994052648544,3.009459972381592,,
WIKI_sf1,single,B1,0.1,0.4,13,80372,83116.88311688311,1.0341522310864868,385,385,0.39088353514671326,2.874533176422119,,
WIKI_sf1,single,B1,0.1,0.4,14,79892,85194.80519480519,1.0663746707405646,385,385,0.39031635969877243,2.9190006256103516,,
WIKI_sf1,single,B1,0.1,0.4,15,80143,91428.57142857142,1.1408179308058273,385,385,0.39025675505399704,2.1487996578216553,,
WIKI_sf1,single,B1,0.1,0.4,16,80237,81038.96103896103,1.0099949030866189,385,385,0.38883090019226074,2.705364465713501,,
WIKI_sf1,single,B1,0.1,0.4,17,79705,83116.88311688311,1.0428063875150004,385,385,0.38150977343320847,2.3201210498809814,,
WIKI_sf1,single,B1,0.1,0.4,18,79535,85194.80519480519,1.071161189348151,385,385,0.38208719342947006,2.7510170936584473,,
WIKI_sf1,single,B1,0.1,0.4,19,79481,62337.66233766233,1.2750077083333335,385,385,0.3824867308139801,2.7450242042541504,,
WIKI_sf1,single,B1,0.1,0.4,20,80146,85194.80519480519,1.0629950988796095,385,385,0.38200244307518005,2.508734941482544,,
WIKI_sf1,single,B1,0.1,0.4,21,80527,76883.11688311688,1.0473951013513514,385,385,0.3810608759522438,2.688880443572998,,
WIKI_sf1,single,B1,0.1,0.4,22,79572,78961.03896103895,1.0077375000000002,385,385,0.3786711022257805,2.7316365242004395,,
WIKI_sf1,single,B1,0.1,0.4,23,80335,81038.96103896103,1.0087628186837745,385,385,0.3822082653641701,3.0659515857696533,,
WIKI_sf1,single,B1,0.1,0.4,24,79158,78961.03896103895,1.0024944078947369,385,385,0.39131101220846176,2.964731454849243,,
WIKI_sf1,single,B1,0.1,0.4,25,80479,83116.88311688311,1.0327772849672971,385,385,0.387316569685936,2.8505120277404785,,
WIKI_sf1,single,B1,0.1,0.4,26,80455,99740.25974025973,1.2397024391306908,385,385,0.3918474540114403,2.9440717697143555,,
WIKI_sf1,single,B1,0.1,0.4,27,80713,85194.80519480519,1.055527674535765,385,385,0.38755591958761215,2.6451005935668945,,
WIKI_sf1,single,B1,0.1,0.4,28,79655,87272.72727272726,1.0956340125883781,385,385,0.38143061101436615,2.714433193206787,,
WIKI_sf1,single,B1,0.1,0.4,29,80262,76883.11688311688,1.043948310810811,385,385,0.3797067329287529,3.168494701385498,,
WIKI_sf1,single,B1,0.1,0.4,30,79466,62337.66233766233,1.2747670833333336,385,385,0.38020312786102295,3.053316116333008,,
WIKI_sf1,single,B1,0.1,0.4,31,79115,72727.27272727272,1.08783125,385,385,0.3812965005636215,2.775176525115967,,
WIKI_sf1,single,B1,0.1,0.4,32,80325,83116.88311688311,1.0347573372783456,385,385,0.3830576315522194,2.7094485759735107,,
WIKI_sf1,single,B1,0.1,0.4,33,80247,78961.03896103895,1.0162860197368422,385,385,0.3819335252046585,2.7141127586364746,,
WIKI_sf1,single,B1,0.1,0.4,34,80172,78961.03896103895,1.0153361842105264,385,385,0.3849240019917488,2.643648386001587,,
WIKI_sf1,single,B1,0.1,0.4,35,80224,70649.35064935064,1.1355235294117647,385,385,0.3859056159853935,3.2639694213867188,,
WIKI_sf1,single,B1,0.1,0.4,36,79886,74805.1948051948,1.0679204861111111,385,385,0.3877980634570122,2.4818661212921143,,
WIKI_sf1,single,B1,0.1,0.4,37,80401,66493.50649350649,1.2091556640625,385,385,0.38871821016073227,3.2079885005950928,,
WIKI_sf1,single,B1,0.1,0.4,38,79703,70649.35064935064,1.128149080882353,385,385,0.38723088800907135,2.9769110679626465,,
WIKI_sf1,single,B1,0.1,0.4,39,80932,58181.81818181818,1.3910187500000002,385,385,0.3825454041361809,2.7966790199279785,,
WIKI_sf1,single,B1,0.1,0.4,40,79822,87272.72727272726,1.0933417763614952,385,385,0.37931744009256363,3.0772454738616943,,
WIKI_sf1,single,B1,0.1,0.4,41,80179,47792.20779220779,1.6776584239130437,385,385,0.38000475615262985,2.6349895000457764,,
WIKI_sf1,single,B1,0.1,0.4,42,80255,78961.03896103895,1.0163873355263158,385,385,0.37995725870132446,2.6131794452667236,,
WIKI_sf1,single,B1,0.1,0.4,43,80329,64415.58441558441,1.2470429435483872,385,385,0.3786487504839897,2.335880994796753,,
WIKI_sf1,single,B1,0.1,0.4,44,80064,103896.10389610389,1.2976631681667652,385,385,0.3857342526316643,2.7453205585479736,,
WIKI_sf1,single,B1,0.1,0.4,45,79837,81038.96103896103,1.0150551879324252,385,385,0.3817472606897354,2.4120283126831055,,
WIKI_sf1,single,B1,0.1,0.4,46,80796,60259.740259740254,1.3407956896551725,385,385,0.38998015224933624,2.546534776687622,,
WIKI_sf1,single,B1,0.1,0.4,47,79894,74805.1948051948,1.0680274305555557,385,385,0.38886722177267075,2.7252864837646484,,
WIKI_sf1,single,B1,0.1,0.4,48,79554,62337.66233766233,1.2761787500000001,385,385,0.3859708085656166,2.790070056915283,,
WIKI_sf1,single,B1,0.1,0.4,49,79891,72727.27272727272,1.0985012500000002,385,385,0.38222502917051315,2.906637668609619,,
WIKI_sf1,single,B1,0.1,0.4,50,80370,83550.9138381201,1.03957837300137,383,383,0.3858385607600212,3.050745725631714,,
WIKI_sf1,single,B1,0.1,0.4,51,80087,64751.95822454308,1.2368274596774194,383,383,0.3893887624144554,2.269822120666504,,
WIKI_sf1,single,B1,0.1,0.4,52,80735,83550.9138381201,1.0348784769693455,383,383,0.38292165845632553,2.861851930618286,,
WIKI_sf1,single,B1,0.1,0.4,53,80625,87728.45953002611,1.0881049244034247,383,383,0.3797616809606552,3.0176377296447754,,
WIKI_sf1,single,B1,0.1,0.4,54,79931,68929.50391644909,1.1596050378787879,383,383,0.3829915076494217,3.098222017288208,,
WIKI_sf1,single,B1,0.1,0.4,55,79080,91906.00522193211,1.162190253185788,383,383,0.38144551217556,2.8680851459503174,,
WIKI_sf1,single,B1,0.1,0.4,56,80100,93994.77806788511,1.1734678909848328,383,383,0.38374587893486023,2.962033271789551,,
WIKI_sf1,single,B1,0.1,0.4,57,79389,75195.8224543081,1.0557634374999998,383,383,0.38747116923332214,2.2888472080230713,,
WIKI_sf1,single,B1,0.1,0.4,58,80335,79373.3681462141,1.0121152960526316,383,383,0.3879079595208168,2.7879068851470947,,
WIKI_sf1,single,B1,0.1,0.4,59,80492,89817.23237597912,1.1158529093074978,383,383,0.38900040090084076,2.8376193046569824,,
WIKI_sf1,single,B1,0.1,0.4,60,80349,119060.05221932115,1.4817863597471175,383,383,0.3807181492447853,2.8593783378601074,,
WIKI_sf1,single,B1,0.1,0.4,61,79625,100261.09660574413,1.259166048423788,383,383,0.3818953409790993,2.646249532699585,,
WIKI_sf1,single,B1,0.1,0.4,62,80679,66840.73107049608,1.2070334765625,383,383,0.37740450352430344,3.060194730758667,,
WIKI_sf1,single,B1,0.1,0.4,63,80278,81462.1409921671,1.0147505043993013,383,383,0.3798315301537514,3.038728952407837,,
WIKI_sf1,single,B1,0.1,0.4,64,80601,75195.8224543081,1.0718813541666665,383,383,0.3790818154811859,2.7580108642578125,,
WIKI_sf1,single,B1,0.1,0.4,65,80096,71018.27676240209,1.1278223529411764,383,383,0.3836071118712425,2.660930871963501,,
WIKI_sf1,single,B1,0.1,0.4,66,79961,89817.23237597912,1.1232629954100013,383,383,0.37857983261346817,2.733292579650879,,
WIKI_sf1,single,B1,0.1,0.4,67,80129,75195.8224543081,1.0656044097222221,383,383,0.38365647196769714,3.222634792327881,,
WIKI_sf1,single,B1,0.1,0.4,68,80079,89817.23237597912,1.1216078169804709,383,383,0.38967933505773544,2.7391715049743652,,
WIKI_sf1,single,B1,0.1,0.4,69,80221,85639.68668407311,1.067546985004838,383,383,0.390445813536644,3.046494245529175,,
WIKI_sf1,single,B1,0.1,0.4,70,79820,87728.45953002611,1.099078671135381,383,383,0.38900598883628845,2.9712064266204834,,
WIKI_sf1,single,B1,0.1,0.4,71,80307,89817.23237597912,1.118423454692357,383,383,0.3808988258242607,2.9000611305236816,,
WIKI_sf1,single,B1,0.1,0.4,72,80059,93994.77806788511,1.174068850071636,383,383,0.37904828786849976,2.8796021938323975,,
WIKI_sf1,single,B1,0.1,0.4,73,80007,77284.59530026109,1.0352257094594595,383,383,0.3785742446780205,3.0084049701690674,,
WIKI_sf1,single,B1,0.1,0.4,74,80303,73107.0496083551,1.0984303214285713,383,383,0.3786850720643997,2.598388910293579,,
WIKI_sf1,single,B1,0.1,0.4,75,80784,58485.63968668407,1.3812621428571428,383,383,0.38947630673646927,2.849252700805664,,
WIKI_sf1,single,B1,0.1,0.4,76,79002,62663.185378590075,1.26074025,383,383,0.38277171552181244,2.873059034347534,,
WIKI_sf1,single,B1,0.1,0.4,77,80542,91906.00522193211,1.1410941523916975,383,383,0.3795148804783821,2.629467010498047,,
WIKI_sf1,single,B1,0.1,0.4,78,80338,85639.68668407311,1.0659922662261085,383,383,0.38367509841918945,3.013747215270996,,
WIKI_sf1,single,B1,0.1,0.4,79,80234,75195.8224543081,1.0670007638888888,383,383,0.3884490579366684,2.9018561840057373,,
WIKI_sf1,single,B1,0.1,0.4,80,80132,64751.95822454308,1.2375224193548386,383,383,0.39144139736890793,2.2416112422943115,,
WIKI_sf1,single,B1,0.1,0.4,81,80592,83550.9138381201,1.036714733945306,383,383,0.39510149508714676,2.4874117374420166,,
WIKI_sf1,single,B1,0.1,0.4,82,79694,62663.185378590075,1.2717834166666668,383,383,0.3824280574917793,2.5343809127807617,,
WIKI_sf1,single,B1,0.1,0.4,83,79870,85639.68668407311,1.0722384710663968,383,383,0.38362015038728714,2.594423294067383,,
WIKI_sf1,single,B1,0.1,0.4,84,80246,66840.73107049608,1.200555390625,383,383,0.38319360464811325,3.0323235988616943,,
WIKI_sf1,single,B1,0.1,0.4,85,79966,79373.3681462141,1.0074663815789475,383,383,0.3846650943160057,2.9524989128112793,,
WIKI_sf1,single,B1,0.1,0.4,86,79726,85639.68668407311,1.0741751333827498,383,383,0.37801265716552734,3.0636560916900635,,
WIKI_sf1,single,B1,0.1,0.4,87,79743,96083.55091383812,1.204915176427249,383,383,0.3812052309513092,3.2974917888641357,,
WIKI_sf1,single,B1,0.1,0.4,88,80455,64751.95822454308,1.242510685483871,383,383,0.3789663314819336,3.101289987564087,,
WIKI_sf1,single,B1,0.1,0.4,89,79095,100261.09660574413,1.2676034718470717,383,383,0.3832913935184479,2.43564772605896,,
WIKI_sf1,single,B1,0.1,0.4,90,80241,77284.59530026109,1.0382534797297298,383,383,0.3861617296934128,2.6662371158599854,,
WIKI_sf1,single,B1,0.1,0.4,91,79717,73107.0496083551,1.0904146785714286,383,383,0.3880476579070091,2.789072036743164,,
WIKI_sf1,single,B1,0.1,0.4,92,80124,89817.23237597912,1.1209778889718327,383,383,0.3865612670779228,2.9105770587921143,,
WIKI_sf1,single,B1,0.1,0.4,93,79736,66840.73107049608,1.1929253125,383,383,0.3813141956925392,2.9168477058410645,,
WIKI_sf1,single,B1,0.1,0.4,94,80021,91906.00522193211,1.1485235778349696,383,383,0.3805598244071007,2.587895631790161,,
WIKI_sf1,single,B1,0.1,0.4,95,79397,85639.68668407311,1.0786262287501178,383,383,0.38212351500988007,2.4201762676239014,,
WIKI_sf1,single,B1,0.1,0.4,96,80108,89817.23237597912,1.1212017822936426,383,383,0.38499757647514343,2.5275843143463135,,
WIKI_sf1,single,B1,0.1,0.4,97,79978,77284.59530026109,1.034850472972973,383,383,0.38064364343881607,2.753520965576172,,
WIKI_sf1,single,B1,0.1,0.4,98,79887,68929.50391644909,1.1589667045454546,383,383,0.3808792680501938,2.552828311920166,,
WIKI_sf1,single,B1,0.1,0.4,99,80478,64751.95822454308,1.2428658870967741,383,383,0.3787428140640259,2.5473997592926025,,
WIKI_sf1,single,B1,0.1,0.5,0,79283,62337.66233766233,1.2718314583333334,385,385,0.42751990258693695,2.4950194358825684,,
WIKI_sf1,single,B1,0.1,0.5,1,79045,78961.03896103895,1.001063322368421,385,385,0.40757376700639725,2.522329568862915,,
WIKI_sf1,single,B1,0.1,0.5,2,80527,83116.88311688311,1.0321616739339987,385,385,0.3946879878640175,2.5822010040283203,,
WIKI_sf1,single,B1,0.1,0.5,3,80414,78961.03896103895,1.0184009868421053,385,385,0.38955453783273697,2.409409284591675,,
WIKI_sf1,single,B1,0.1,0.5,4,80444,78961.03896103895,1.0187809210526317,385,385,0.3964882344007492,2.6946561336517334,,
WIKI_sf1,single,B1,0.1,0.5,5,80414,87272.72727272726,1.0852927011804818,385,385,0.3866078332066536,2.921326160430908,,
WIKI_sf1,single,B1,0.1,0.5,6,80865,70649.35064935064,1.1445965073529414,385,385,0.3843167796730995,2.788264274597168,,
WIKI_sf1,single,B1,0.1,0.5,7,79631,78961.03896103895,1.0084847039473686,385,385,0.3867512568831444,2.6861560344696045,,
WIKI_sf1,single,B1,0.1,0.5,8,80112,64415.58441558441,1.2436741935483873,385,385,0.38425810635089874,2.5929224491119385,,
WIKI_sf1,single,B1,0.1,0.5,9,80242,74805.1948051948,1.072679513888889,385,385,0.3839200362563133,2.6254987716674805,,
WIKI_sf1,single,B1,0.1,0.5,10,79351,89350.64935064934,1.1260179374002766,385,385,0.3865184262394905,2.5525827407836914,,
WIKI_sf1,single,B1,0.1,0.5,11,80476,66493.50649350649,1.21028359375,385,385,0.3936672583222389,2.8840670585632324,,
WIKI_sf1,single,B1,0.1,0.5,12,79933,87272.72727272726,1.0918234930845492,385,385,0.3888094797730446,3.009459972381592,,
WIKI_sf1,single,B1,0.1,0.5,13,80372,74805.1948051948,1.0744173611111112,385,385,0.3846054896712303,2.874533176422119,,
WIKI_sf1,single,B1,0.1,0.5,14,79892,93506.4935064935,1.1704112239835465,385,385,0.38082804530858994,2.9190006256103516,,
WIKI_sf1,single,B1,0.1,0.5,15,80143,81038.96103896103,1.0111795295778925,385,385,0.3855796530842781,2.1487996578216553,,
WIKI_sf1,single,B1,0.1,0.5,16,80237,89350.64935064934,1.1135841239160156,385,385,0.3833882510662079,2.705364465713501,,
WIKI_sf1,single,B1,0.1,0.5,17,79705,89350.64935064934,1.1210168665786255,385,385,0.37758704274892807,2.3201210498809814,,
WIKI_sf1,single,B1,0.1,0.5,18,79535,78961.03896103895,1.0072689144736844,385,385,0.3787968307733536,2.7510170936584473,,
WIKI_sf1,single,B1,0.1,0.5,19,79481,91428.57142857142,1.1503198428375514,385,385,0.37880148738622665,2.7450242042541504,,
WIKI_sf1,single,B1,0.1,0.5,20,80146,76883.11688311688,1.042439527027027,385,385,0.38032419979572296,2.508734941482544,,
WIKI_sf1,single,B1,0.1,0.5,21,80527,83116.88311688311,1.0321616739339987,385,385,0.385308638215065,2.688880443572998,,
WIKI_sf1,single,B1,0.1,0.5,22,79572,81038.96103896103,1.0184356436807047,385,385,0.38561783730983734,2.7316365242004395,,
WIKI_sf1,single,B1,0.1,0.5,23,80335,85194.80519480519,1.0604942452829424,385,385,0.3893692046403885,3.0659515857696533,,
WIKI_sf1,single,B1,0.1,0.5,24,79158,56103.8961038961,1.4109180555555556,385,385,0.3822091966867447,2.964731454849243,,
WIKI_sf1,single,B1,0.1,0.5,25,80479,105974.02597402596,1.316791038333304,385,385,0.38209836930036545,2.8505120277404785,,
WIKI_sf1,single,B1,0.1,0.5,26,80455,62337.66233766233,1.2906322916666668,385,385,0.3774687647819519,2.9440717697143555,,
WIKI_sf1,single,B1,0.1,0.5,27,80713,83116.88311688311,1.0297830971080633,385,385,0.38139522075653076,2.6451005935668945,,
WIKI_sf1,single,B1,0.1,0.5,28,79655,78961.03896103895,1.0087886513157895,385,385,0.3801817074418068,2.714433193206787,,
WIKI_sf1,single,B1,0.1,0.5,29,80262,76883.11688311688,1.043948310810811,385,385,0.38288719952106476,3.168494701385498,,
WIKI_sf1,single,B1,0.1,0.5,30,79466,101818.18181818181,1.2812798154957064,385,385,0.37777889519929886,3.053316116333008,,
WIKI_sf1,single,B1,0.1,0.5,31,79115,81038.96103896103,1.0243185368003669,385,385,0.3797542303800583,2.775176525115967,,
WIKI_sf1,single,B1,0.1,0.5,32,80325,72727.27272727272,1.10446875,385,385,0.3876658156514168,2.7094485759735107,,
WIKI_sf1,single,B1,0.1,0.5,33,80247,93506.4935064935,1.165233510367908,385,385,0.3895638510584831,2.7141127586364746,,
WIKI_sf1,single,B1,0.1,0.5,34,80172,85194.80519480519,1.0626503666467744,385,385,0.38970261812210083,2.643648386001587,,
WIKI_sf1,single,B1,0.1,0.5,35,80224,91428.57142857142,1.139666077839193,385,385,0.3932509571313858,3.2639694213867188,,
WIKI_sf1,single,B1,0.1,0.5,36,79886,70649.35064935064,1.1307393382352942,385,385,0.3818478435277939,2.4818661212921143,,
WIKI_sf1,single,B1,0.1,0.5,37,80401,85194.80519480519,1.059623701133135,385,385,0.3833482041954994,3.2079885005950928,,
WIKI_sf1,single,B1,0.1,0.5,38,79703,83116.88311688311,1.042832554820811,385,385,0.37703197449445724,2.9769110679626465,,
WIKI_sf1,single,B1,0.1,0.5,39,80932,81038.96103896103,1.0013216161587633,385,385,0.3803279250860214,2.7966790199279785,,
WIKI_sf1,single,B1,0.1,0.5,40,79822,62337.66233766233,1.2804779166666669,385,385,0.3800243139266968,3.0772454738616943,,
WIKI_sf1,single,B1,0.1,0.5,41,80179,95584.41558441558,1.1921377865078833,385,385,0.3825295716524124,2.6349895000457764,,
WIKI_sf1,single,B1,0.1,0.5,42,80255,83116.88311688311,1.0356598731154834,385,385,0.37903524935245514,2.6131794452667236,,
WIKI_sf1,single,B1,0.1,0.5,43,80329,66493.50649350649,1.2080728515625,385,385,0.3882916644215584,2.335880994796753,,
WIKI_sf1,single,B1,0.1,0.5,44,80064,89350.64935064934,1.115990324623418,385,385,0.3855926916003227,2.7453205585479736,,
WIKI_sf1,single,B1,0.1,0.5,45,79837,78961.03896103895,1.011093585526316,385,385,0.38492120802402496,2.4120283126831055,,
WIKI_sf1,single,B1,0.1,0.5,46,80796,78961.03896103895,1.0232388157894738,385,385,0.38902647793293,2.546534776687622,,
WIKI_sf1,single,B1,0.1,0.5,47,79894,95584.41558441558,1.1963904121012288,385,385,0.38223620504140854,2.7252864837646484,,
WIKI_sf1,single,B1,0.1,0.5,48,79554,85194.80519480519,1.0709053623300548,385,385,0.37980545312166214,2.790070056915283,,
WIKI_sf1,single,B1,0.1,0.5,49,79891,85194.80519480519,1.0663880186104215,385,385,0.3801146522164345,2.906637668609619,,
WIKI_sf1,single,B1,0.1,0.5,50,80370,60574.41253263708,1.3267978448275861,383,383,0.3849659115076065,3.050745725631714,,
WIKI_sf1,single,B1,0.1,0.5,51,80087,73107.0496083551,1.0954757499999999,383,383,0.3788117319345474,2.269822120666504,,
WIKI_sf1,single,B1,0.1,0.5,52,80735,68929.50391644909,1.1712691287878787,383,383,0.3811381757259369,2.861851930618286,,
WIKI_sf1,single,B1,0.1,0.5,53,80625,83550.9138381201,1.0362904041937377,383,383,0.38115400820970535,3.0176377296447754,,
WIKI_sf1,single,B1,0.1,0.5,54,79931,83550.9138381201,1.0452879838625828,383,383,0.3863871097564697,3.098222017288208,,
WIKI_sf1,single,B1,0.1,0.5,55,79080,73107.0496083551,1.0817014285714286,383,383,0.38534216582775116,2.8680851459503174,,
WIKI_sf1,single,B1,0.1,0.5,56,80100,91906.00522193211,1.1473908267407253,383,383,0.3874273970723152,2.962033271789551,,
WIKI_sf1,single,B1,0.1,0.5,57,79389,85639.68668407311,1.0787349215139768,383,383,0.3811558708548546,2.2888472080230713,,
WIKI_sf1,single,B1,0.1,0.5,58,80335,93994.77806788511,1.1700352034341832,383,383,0.379122793674469,2.7879068851470947,,
WIKI_sf1,single,B1,0.1,0.5,59,80492,104438.64229765013,1.2975033829156952,383,383,0.37884805351495743,2.8376193046569824,,
WIKI_sf1,single,B1,0.1,0.5,60,80349,71018.27676240209,1.1313848161764706,383,383,0.3795437514781952,2.8593783378601074,,
WIKI_sf1,single,B1,0.1,0.5,61,79625,66840.73107049608,1.1912646484375,383,383,0.3737928345799446,2.646249532699585,,
WIKI_sf1,single,B1,0.1,0.5,62,80679,85639.68668407311,1.0614867150568688,383,383,0.3763176500797272,3.060194730758667,,
WIKI_sf1,single,B1,0.1,0.5,63,80278,100261.09660574413,1.248923697722217,383,383,0.3785984590649605,3.038728952407837,,
WIKI_sf1,single,B1,0.1,0.5,64,80601,77284.59530026109,1.0429115878378379,383,383,0.38109254091978073,2.7580108642578125,,
WIKI_sf1,single,B1,0.1,0.5,65,80096,68929.50391644909,1.1619987878787879,383,383,0.3856224939227104,2.660930871963501,,
WIKI_sf1,single,B1,0.1,0.5,66,79961,60574.41253263708,1.320045818965517,383,383,0.391506589949131,2.733292579650879,,
WIKI_sf1,single,B1,0.1,0.5,67,80129,79373.3681462141,1.0095199671052633,383,383,0.3866488113999367,3.222634792327881,,
WIKI_sf1,single,B1,0.1,0.5,68,80079,71018.27676240209,1.1275829779411763,383,383,0.3782631829380989,2.7391715049743652,,
WIKI_sf1,single,B1,0.1,0.5,69,80221,89817.23237597912,1.1196224476880008,383,383,0.37692487239837646,3.046494245529175,,
WIKI_sf1,single,B1,0.1,0.5,70,79820,87728.45953002611,1.099078671135381,383,383,0.37676841020584106,2.9712064266204834,,
WIKI_sf1,single,B1,0.1,0.5,71,80307,96083.55091383812,1.1964529980429865,383,383,0.3781905397772789,2.9000611305236816,,
WIKI_sf1,single,B1,0.1,0.5,72,80059,96083.55091383812,1.200159268962117,383,383,0.3772592172026634,2.8796021938323975,,
WIKI_sf1,single,B1,0.1,0.5,73,80007,77284.59530026109,1.0352257094594595,383,383,0.3813477233052254,3.0084049701690674,,
WIKI_sf1,single,B1,0.1,0.5,74,80303,91906.00522193211,1.1444903082317237,383,383,0.3746356815099716,2.598388910293579,,
WIKI_sf1,single,B1,0.1,0.5,75,80784,89817.23237597912,1.1118195728854614,383,383,0.38084760308265686,2.849252700805664,,
WIKI_sf1,single,B1,0.1,0.5,76,79002,93994.77806788511,1.189777196373321,383,383,0.3869254142045975,2.873059034347534,,
WIKI_sf1,single,B1,0.1,0.5,77,80542,68929.50391644909,1.1684691666666667,383,383,0.388147309422493,2.629467010498047,,
WIKI_sf1,single,B1,0.1,0.5,78,80338,68929.50391644909,1.1655096212121212,383,383,0.38478802889585495,3.013747215270996,,
WIKI_sf1,single,B1,0.1,0.5,79,80234,83550.9138381201,1.0413405020081274,383,383,0.3775181248784065,2.9018561840057373,,
WIKI_sf1,single,B1,0.1,0.5,80,80132,64751.95822454308,1.2375224193548386,383,383,0.3763483837246895,2.2416112422943115,,
WIKI_sf1,single,B1,0.1,0.5,81,80592,108616.18798955614,1.347729154128898,383,383,0.3767898306250572,2.4874117374420166,,
WIKI_sf1,single,B1,0.1,0.5,82,79694,64751.95822454308,1.2307581451612903,383,383,0.37745479494333267,2.5343809127807617,,
WIKI_sf1,single,B1,0.1,0.5,83,79870,104438.64229765013,1.3076078915443863,383,383,0.37698913365602493,2.594423294067383,,
WIKI_sf1,single,B1,0.1,0.5,84,80246,75195.8224543081,1.0671603472222222,383,383,0.37717167288064957,3.0323235988616943,,
WIKI_sf1,single,B1,0.1,0.5,85,79966,66840.73107049608,1.196366328125,383,383,0.3760019317269325,2.9524989128112793,,
WIKI_sf1,single,B1,0.1,0.5,86,79726,108616.18798955614,1.3623684618512926,383,383,0.38339849561452866,3.0636560916900635,,
WIKI_sf1,single,B1,0.1,0.5,87,79743,71018.27676240209,1.1228518014705882,383,383,0.39160531014204025,3.2974917888641357,,
WIKI_sf1,single,B1,0.1,0.5,88,80455,104438.64229765013,1.2981000844900894,383,383,0.3894791007041931,3.101289987564087,,
WIKI_sf1,single,B1,0.1,0.5,89,79095,75195.8224543081,1.0518536458333332,383,383,0.3836462274193764,2.43564772605896,,
WIKI_sf1,single,B1,0.1,0.5,90,80241,77284.59530026109,1.0382534797297298,383,383,0.37524010986089706,2.6662371158599854,,
WIKI_sf1,single,B1,0.1,0.5,91,79717,83550.9138381201,1.048094055698535,383,383,0.37647318094968796,2.789072036743164,,
WIKI_sf1,single,B1,0.1,0.5,92,80124,89817.23237597912,1.1209778889718327,383,383,0.3775041550397873,2.9105770587921143,,
WIKI_sf1,single,B1,0.1,0.5,93,79736,77284.59530026109,1.0317191891891893,383,383,0.37846434861421585,2.9168477058410645,,
WIKI_sf1,single,B1,0.1,0.5,94,80021,71018.27676240209,1.126766286764706,383,383,0.37735793739557266,2.587895631790161,,
WIKI_sf1,single,B1,0.1,0.5,95,79397,110704.96083550913,1.394321710335518,383,383,0.3788573667407036,2.4201762676239014,,
WIKI_sf1,single,B1,0.1,0.5,96,80108,60574.41253263708,1.3224725862068964,383,383,0.3798948600888252,2.5275843143463135,,
WIKI_sf1,single,B1,0.1,0.5,97,79978,85639.68668407311,1.0707905509524258,383,383,0.3897799178957939,2.753520965576172,,
WIKI_sf1,single,B1,0.1,0.5,98,79887,79373.3681462141,1.006471085526316,383,383,0.3847964107990265,2.552828311920166,,
WIKI_sf1,single,B1,0.1,0.5,99,80478,85639.68668407311,1.0641378598383795,383,383,0.3875112161040306,2.5473997592926025,,
WIKI_sf1,single,B1,0.3,0.1,0,239392,265974.02597402595,1.1110397422387797,385,385,0.41981227695941925,2.7733802795410156,,
WIKI_sf1,single,B1,0.3,0.1,1,238990,207792.20779220777,1.1501393750000002,385,385,0.40486641228199005,2.752607822418213,,
WIKI_sf1,single,B1,0.3,0.1,2,239339,247272.72727272724,1.0331484934453943,385,385,0.39291568100452423,2.821554660797119,,
WIKI_sf1,single,B1,0.3,0.1,3,240287,243116.8831168831,1.0117770962094625,385,385,0.3920178860425949,2.6229019165039062,,
WIKI_sf1,single,B1,0.3,0.1,4,240237,207792.20779220777,1.1561405625,385,385,0.39622094482183456,2.9036548137664795,,
WIKI_sf1,single,B1,0.3,0.1,5,240177,251428.57142857142,1.0468469979580535,385,385,0.3976011648774147,3.1076483726501465,,
WIKI_sf1,single,B1,0.3,0.1,6,239388,278441.5584415584,1.1631391650440221,385,385,0.3932267427444458,2.9879472255706787,,
WIKI_sf1,single,B1,0.3,0.1,7,240842,272207.79220779217,1.130233896944022,385,385,0.3898926079273224,2.921760082244873,,
WIKI_sf1,single,B1,0.3,0.1,8,240557,226493.5064935065,1.062092259174312,385,385,0.38566160947084427,2.82856822013855,,
WIKI_sf1,single,B1,0.3,0.1,9,240481,230649.3506493506,1.0426259572072074,385,385,0.3822650760412216,2.8396244049072266,,
WIKI_sf1,single,B1,0.3,0.1,10,239675,224415.5844155844,1.067996238425926,385,385,0.38111768662929535,2.7697596549987793,,
WIKI_sf1,single,B1,0.3,0.1,11,240349,218181.81818181818,1.1015995833333334,385,385,0.38114842027425766,3.07214093208313,,
WIKI_sf1,single,B1,0.3,0.1,12,239968,247272.72727272724,1.0304404223593446,385,385,0.38541480898857117,3.193589448928833,,
WIKI_sf1,single,B1,0.3,0.1,13,239954,272207.79220779217,1.1344165640405752,385,385,0.38092490285634995,3.05700421333313,,
WIKI_sf1,single,B1,0.3,0.1,14,240076,236883.11688311686,1.0134787280701756,385,385,0.384308397769928,3.1039812564849854,,
WIKI_sf1,single,B1,0.3,0.1,15,240171,257662.33766233764,1.0728286831563245,385,385,0.38768909871578217,2.592836856842041,,
WIKI_sf1,single,B1,0.3,0.1,16,241094,257662.33766233764,1.0687214848247473,385,385,0.39195362478494644,2.8953897953033447,,
WIKI_sf1,single,B1,0.3,0.1,17,240652,241038.96103896102,1.0016079693456152,385,385,0.38818083703517914,2.7689149379730225,,
WIKI_sf1,single,B1,0.3,0.1,18,239963,236883.11688311686,1.0130016995614035,385,385,0.38591399788856506,2.921097755432129,,
WIKI_sf1,single,B1,0.3,0.1,19,239711,236883.11688311686,1.01193788377193,385,385,0.3835521638393402,2.9323461055755615,,
WIKI_sf1,single,B1,0.3,0.1,20,239240,218181.81818181818,1.0965166666666666,385,385,0.3830632194876671,2.8842155933380127,,
WIKI_sf1,single,B1,0.3,0.1,21,239281,236883.11688311686,1.0101226425438596,385,385,0.3821505233645439,2.8941009044647217,,
WIKI_sf1,single,B1,0.3,0.1,22,239828,236883.11688311686,1.0124317982456141,385,385,0.3809463232755661,2.9646618366241455,,
WIKI_sf1,single,B1,0.3,0.1,23,240721,243116.8831168831,1.0099529460117027,385,385,0.38160383701324463,3.2182443141937256,,
WIKI_sf1,single,B1,0.3,0.1,24,239131,245194.80519480517,1.0253576708783267,385,385,0.379352830350399,3.148127317428589,,
WIKI_sf1,single,B1,0.3,0.1,25,240240,232727.2727272727,1.03228125,385,385,0.3881845623254776,3.019951581954956,,
WIKI_sf1,single,B1,0.3,0.1,26,240470,230649.3506493506,1.0425782657657658,385,385,0.3865975886583328,3.117777109146118,,
WIKI_sf1,single,B1,0.3,0.1,27,240879,245194.80519480517,1.017916900995127,385,385,0.38969796150922775,2.8664355278015137,,
WIKI_sf1,single,B1,0.3,0.1,28,240034,232727.2727272727,1.0313960937500002,385,385,0.38676150143146515,2.9182827472686768,,
WIKI_sf1,single,B1,0.3,0.1,29,239847,220259.74025974024,1.0889280070754719,385,385,0.3895983099937439,3.318894624710083,,
WIKI_sf1,single,B1,0.3,0.1,30,239201,249350.64935064933,1.0424314670534376,385,385,0.38446951657533646,3.2412261962890625,,
WIKI_sf1,single,B1,0.3,0.1,31,239345,241038.96103896102,1.0070774866362824,385,385,0.3804834559559822,3.025376319885254,,
WIKI_sf1,single,B1,0.3,0.1,32,239756,241038.96103896102,1.0053511112921512,385,385,0.38242992013692856,2.991903066635132,,
WIKI_sf1,single,B1,0.3,0.1,33,239985,249350.64935064933,1.0390259780846691,385,385,0.3796285018324852,2.905020236968994,,
WIKI_sf1,single,B1,0.3,0.1,34,240118,228571.42857142855,1.05051625,385,385,0.3803437575697899,2.8607704639434814,,
WIKI_sf1,single,B1,0.3,0.1,35,240212,243116.8831168831,1.0120929975058828,385,385,0.38520991802215576,3.424071788787842,,
WIKI_sf1,single,B1,0.3,0.1,36,239313,230649.3506493506,1.0375619932432434,385,385,0.37983059883117676,2.689244508743286,,
WIKI_sf1,single,B1,0.3,0.1,37,240148,220259.74025974024,1.0902945754716982,385,385,0.38457103073596954,3.3865468502044678,,
WIKI_sf1,single,B1,0.3,0.1,38,239605,261818.1818181818,1.092707505344971,385,385,0.38955360651016235,3.2731499671936035,,
WIKI_sf1,single,B1,0.3,0.1,39,239984,259740.25974025973,1.0823232371335578,385,385,0.38763321936130524,2.9861927032470703,,
WIKI_sf1,single,B1,0.3,0.1,40,239974,234805.1948051948,1.0220131637168142,385,385,0.39028655737638474,3.2372279167175293,,
WIKI_sf1,single,B1,0.3,0.1,41,240670,292987.012987013,1.2173806996593384,385,385,0.382094644010067,2.8476383686065674,,
WIKI_sf1,single,B1,0.3,0.1,42,240089,222337.6623376623,1.0798395443925235,385,385,0.3812545910477638,2.822422504425049,,
WIKI_sf1,single,B1,0.3,0.1,43,240065,241038.96103896102,1.004057072205282,385,385,0.3808438777923584,2.605512857437134,,
WIKI_sf1,single,B1,0.3,0.1,44,240847,253506.49350649348,1.052562388182097,385,385,0.3809332847595215,2.9780378341674805,,
WIKI_sf1,single,B1,0.3,0.1,45,239815,247272.72727272724,1.0310978348840867,385,385,0.3874693065881729,2.844095230102539,,
WIKI_sf1,single,B1,0.3,0.1,46,238902,243116.8831168831,1.0176427284697622,385,385,0.37720054388046265,2.745255470275879,,
WIKI_sf1,single,B1,0.3,0.1,47,241091,216103.89610389608,1.1156254206730771,385,385,0.3819642588496208,2.939598798751831,,
WIKI_sf1,single,B1,0.3,0.1,48,241093,228571.42857142855,1.0547818750000002,385,385,0.38617197424173355,3.007629156112671,,
WIKI_sf1,single,B1,0.3,0.1,49,240105,220259.74025974024,1.0900993514150945,385,385,0.39027538150548935,3.1452503204345703,,
WIKI_sf1,single,B1,0.3,0.1,50,240369,232460.73298429316,1.0340197972972973,382,382,0.4503075033426285,3.228424549102783,,
WIKI_sf1,single,B1,0.3,0.1,51,240459,278534.03141361254,1.1583431329815583,382,382,0.3891186788678169,2.652484893798828,,
WIKI_sf1,single,B1,0.3,0.1,52,240295,253403.1413612565,1.0545502043790196,382,382,0.3456920385360718,3.0188515186309814,,
WIKI_sf1,single,B1,0.3,0.1,53,240644,242931.93717277484,1.0095075596016307,382,382,0.3462526947259903,3.191838026046753,,
WIKI_sf1,single,B1,0.3,0.1,54,240464,230366.49214659684,1.0438323636363638,382,382,0.3476971760392189,3.2758140563964844,,
WIKI_sf1,single,B1,0.3,0.1,55,239549,249214.65968586385,1.0403494052818583,382,382,0.34469738602638245,3.10781192779541,,
WIKI_sf1,single,B1,0.3,0.1,56,239430,263874.3455497382,1.1020939128335556,382,382,0.35215169191360474,3.1516058444976807,,
WIKI_sf1,single,B1,0.3,0.1,57,240818,211518.32460732982,1.1385207425742576,382,382,0.3474801778793335,2.7316291332244873,,
WIKI_sf1,single,B1,0.3,0.1,58,240523,238743.45549738218,1.0074537938596493,382,382,0.34421123564243317,2.983566999435425,,
WIKI_sf1,single,B1,0.3,0.1,59,239803,247120.41884816752,1.0305142923490012,382,382,0.3446657210588455,3.0360281467437744,,
WIKI_sf1,single,B1,0.3,0.1,60,239374,270157.0680628272,1.128598210594414,382,382,0.3514764830470085,3.03922438621521,,
WIKI_sf1,single,B1,0.3,0.1,61,239092,251308.90052356018,1.0510970694275015,382,382,0.3541521728038788,2.8724758625030518,,
WIKI_sf1,single,B1,0.3,0.1,62,240674,272251.3089005235,1.1312036568159565,382,382,0.3527086228132248,3.245337724685669,,
WIKI_sf1,single,B1,0.3,0.1,63,241100,253403.1413612565,1.0510292051483057,382,382,0.35182852298021317,3.1876637935638428,,
WIKI_sf1,single,B1,0.3,0.1,64,240146,240837.6963350785,1.0028803158706725,382,382,0.3474336117506027,2.974116325378418,,
WIKI_sf1,single,B1,0.3,0.1,65,240369,245026.1780104712,1.019375119131299,382,382,0.34363288432359695,2.8703739643096924,,
WIKI_sf1,single,B1,0.3,0.1,66,240486,230366.49214659684,1.0439278636363638,382,382,0.3442671149969101,2.9639766216278076,,
WIKI_sf1,single,B1,0.3,0.1,67,240139,238743.45549738218,1.0058453728070176,382,382,0.34883618354797363,3.4858365058898926,,
WIKI_sf1,single,B1,0.3,0.1,68,240839,245026.1780104712,1.0173857971942717,382,382,0.3489432856440544,2.9377448558807373,,
WIKI_sf1,single,B1,0.3,0.1,69,240019,245026.1780104712,1.0208615901677418,382,382,0.3461940214037895,3.2020750045776367,,
WIKI_sf1,single,B1,0.3,0.1,70,239315,278534.03141361254,1.163880372787383,382,382,0.3461698070168495,3.1711151599884033,,
WIKI_sf1,single,B1,0.3,0.1,71,239463,249214.65968586385,1.0407230331444266,382,382,0.3461940214037895,3.1013007164001465,,
WIKI_sf1,single,B1,0.3,0.1,72,239799,228272.2513089005,1.050495619266055,382,382,0.35286787897348404,3.1179890632629395,,
WIKI_sf1,single,B1,0.3,0.1,73,239969,215706.8062827225,1.1124776456310679,382,382,0.3539379686117172,3.1937239170074463,,
WIKI_sf1,single,B1,0.3,0.1,74,240673,226178.01047120418,1.0640866435185186,382,382,0.35268254578113556,2.8405961990356445,,
WIKI_sf1,single,B1,0.3,0.1,75,240269,276439.7905759162,1.1505428939060645,382,382,0.35388581454753876,3.0121498107910156,,
WIKI_sf1,single,B1,0.3,0.1,76,238668,198952.87958115182,1.1996207368421052,382,382,0.34645944833755493,3.0951550006866455,,
WIKI_sf1,single,B1,0.3,0.1,77,240270,257591.6230366492,1.0720923254532368,382,382,0.3447243943810463,2.874937057495117,,
WIKI_sf1,single,B1,0.3,0.1,78,240913,247120.41884816752,1.025766226181931,382,382,0.3616027534008026,3.216874837875366,,
WIKI_sf1,single,B1,0.3,0.1,79,240821,251308.90052356018,1.0435506061496305,382,382,0.3494676202535629,3.0790536403656006,,
WIKI_sf1,single,B1,0.3,0.1,80,240251,201047.12041884815,1.1949984635416668,382,382,0.3454061225056648,2.5358760356903076,,
WIKI_sf1,single,B1,0.3,0.1,81,239815,236649.21465968585,1.0133775442477877,382,382,0.34426338970661163,2.6898703575134277,,
WIKI_sf1,single,B1,0.3,0.1,82,240905,270157.0680628272,1.1214257406978985,382,382,0.34416746348142624,2.7783637046813965,,
WIKI_sf1,single,B1,0.3,0.1,83,241287,230366.49214659684,1.047404931818182,382,382,0.3469930961728096,2.898582935333252,,
WIKI_sf1,single,B1,0.3,0.1,84,240406,245026.1780104712,1.019218230869742,382,382,0.3538820892572403,3.2156875133514404,,
WIKI_sf1,single,B1,0.3,0.1,85,239776,240837.6963350785,1.0044278674057392,382,382,0.353492796421051,3.135061264038086,,
WIKI_sf1,single,B1,0.3,0.1,86,240507,234554.9738219895,1.0253758258928574,382,382,0.3544902428984642,3.2442331314086914,,
WIKI_sf1,single,B1,0.3,0.1,87,239485,238743.45549738218,1.0031060307017545,382,382,0.35095494240522385,3.471219062805176,,
WIKI_sf1,single,B1,0.3,0.1,88,240417,251308.90052356018,1.0453042027958097,382,382,0.3466028720140457,3.2589330673217773,,
WIKI_sf1,single,B1,0.3,0.1,89,238890,228272.2513089005,1.0465135321100918,382,382,0.3507658839225769,2.688448429107666,,
WIKI_sf1,single,B1,0.3,0.1,90,239880,226178.01047120418,1.0605805555555556,382,382,0.34497305750846863,2.8888070583343506,,
WIKI_sf1,single,B1,0.3,0.1,91,240191,224083.76963350782,1.0718803971962618,382,382,0.34720543771982193,3.088979482650757,,
WIKI_sf1,single,B1,0.3,0.1,92,240364,238743.45549738218,1.006787807017544,382,382,0.3451770171523094,3.0890700817108154,,
WIKI_sf1,single,B1,0.3,0.1,93,240047,261780.10471204185,1.0905368728292453,382,382,0.34356489777565,3.1042184829711914,,
WIKI_sf1,single,B1,0.3,0.1,94,239454,224083.76963350782,1.068591448598131,382,382,0.34415721893310547,2.8224856853485107,,
WIKI_sf1,single,B1,0.3,0.1,95,240610,276439.7905759162,1.1489123086152537,382,382,0.3490317612886429,2.6919524669647217,,
WIKI_sf1,single,B1,0.3,0.1,96,239299,251308.90052356018,1.050187842504817,382,382,0.3524217754602432,2.751720428466797,,
WIKI_sf1,single,B1,0.3,0.1,97,240036,213612.56544502615,1.1236979411764707,382,382,0.3541652113199234,2.994227409362793,,
WIKI_sf1,single,B1,0.3,0.1,98,239568,268062.82722513087,1.1189425433494076,382,382,0.35425275564193726,2.9739558696746826,,
WIKI_sf1,single,B1,0.3,0.1,99,239798,238743.45549738218,1.0044170614035088,382,382,0.34890975803136826,2.772458553314209,,
WIKI_sf1,single,B1,0.3,0.2,0,239392,241038.96103896102,1.0068797664038942,385,385,0.4147915169596672,2.7733802795410156,,
WIKI_sf1,single,B1,0.3,0.2,1,238990,249350.64935064933,1.043351811166364,385,385,0.3989608958363533,2.752607822418213,,
WIKI_sf1,single,B1,0.3,0.2,2,239339,209870.12987012987,1.1404147896039605,385,385,0.39313267916440964,2.821554660797119,,
WIKI_sf1,single,B1,0.3,0.2,3,240287,261818.1818181818,1.0896061036101903,385,385,0.38934405893087387,2.6229019165039062,,
WIKI_sf1,single,B1,0.3,0.2,4,240237,249350.64935064933,1.0379360770849175,385,385,0.3879992291331291,2.9036548137664795,,
WIKI_sf1,single,B1,0.3,0.2,5,240177,222337.6623376623,1.080235338785047,385,385,0.38875266909599304,3.1076483726501465,,
WIKI_sf1,single,B1,0.3,0.2,6,239388,251428.57142857142,1.0502973057487068,385,385,0.3920039162039757,2.9879472255706787,,
WIKI_sf1,single,B1,0.3,0.2,7,240842,249350.64935064933,1.0353287605594097,385,385,0.3900798037648201,2.921760082244873,,
WIKI_sf1,single,B1,0.3,0.2,8,240557,253506.49350649348,1.053831289492692,385,385,0.3885319456458092,2.82856822013855,,
WIKI_sf1,single,B1,0.3,0.2,9,240481,232727.2727272727,1.033316796875,385,385,0.3863023594021797,2.8396244049072266,,
WIKI_sf1,single,B1,0.3,0.2,10,239675,257662.33766233764,1.0750488689364248,385,385,0.38187671452760696,2.7697596549987793,,
WIKI_sf1,single,B1,0.3,0.2,11,240349,234805.1948051948,1.0236102323008849,385,385,0.3827456384897232,3.07214093208313,,
WIKI_sf1,single,B1,0.3,0.2,12,239968,224415.5844155844,1.069301851851852,385,385,0.3803027793765068,3.193589448928833,,
WIKI_sf1,single,B1,0.3,0.2,13,239954,282597.4025974026,1.1777149061795285,385,385,0.3814222291111946,3.05700421333313,,
WIKI_sf1,single,B1,0.3,0.2,14,240076,218181.81818181818,1.1003483333333333,385,385,0.37943385541439056,3.1039812564849854,,
WIKI_sf1,single,B1,0.3,0.2,15,240171,224415.5844155844,1.0702064236111113,385,385,0.3781486302614212,2.592836856842041,,
WIKI_sf1,single,B1,0.3,0.2,16,241094,249350.64935064933,1.0342465982174975,385,385,0.38436055183410645,2.8953897953033447,,
WIKI_sf1,single,B1,0.3,0.2,17,240652,238961.03896103892,1.0070763043478261,385,385,0.3882618620991707,2.7689149379730225,,
WIKI_sf1,single,B1,0.3,0.2,18,239963,218181.81818181818,1.0998304166666666,385,385,0.3882879391312599,2.921097755432129,,
WIKI_sf1,single,B1,0.3,0.2,19,239711,249350.64935064933,1.0402136295399431,385,385,0.3857295960187912,2.9323461055755615,,
WIKI_sf1,single,B1,0.3,0.2,20,239240,253506.49350649348,1.059632559381765,385,385,0.4047071561217308,2.8842155933380127,,
WIKI_sf1,single,B1,0.3,0.2,21,239281,247272.72727272724,1.0333989212379053,385,385,0.37909485399723053,2.8941009044647217,,
WIKI_sf1,single,B1,0.3,0.2,22,239828,272207.79220779217,1.1350125598670386,385,385,0.3809928894042969,2.9646618366241455,,
WIKI_sf1,single,B1,0.3,0.2,23,240721,226493.5064935065,1.0628163417431193,385,385,0.38250070065259933,3.2182443141937256,,
WIKI_sf1,single,B1,0.3,0.2,24,239131,222337.6623376623,1.0755307827102805,385,385,0.3825109452009201,3.148127317428589,,
WIKI_sf1,single,B1,0.3,0.2,25,240240,199480.51948051946,1.2043281250000002,385,385,0.3825044259428978,3.019951581954956,,
WIKI_sf1,single,B1,0.3,0.2,26,240470,259740.25974025973,1.0801358162775387,385,385,0.3796285018324852,3.117777109146118,,
WIKI_sf1,single,B1,0.3,0.2,27,240879,214025.974025974,1.1254662014563108,385,385,0.38735102862119675,2.8664355278015137,,
WIKI_sf1,single,B1,0.3,0.2,28,240034,245194.80519480517,1.0215003091012322,385,385,0.38937199860811234,2.9182827472686768,,
WIKI_sf1,single,B1,0.3,0.2,29,239847,234805.1948051948,1.0214722898230089,385,385,0.3857295960187912,3.318894624710083,,
WIKI_sf1,single,B1,0.3,0.2,30,239201,257662.33766233764,1.0771791826218855,385,385,0.39166398346424103,3.2412261962890625,,
WIKI_sf1,single,B1,0.3,0.2,31,239345,218181.81818181818,1.0969979166666668,385,385,0.38038939237594604,3.025376319885254,,
WIKI_sf1,single,B1,0.3,0.2,32,239756,211948.05194805193,1.1312017156862746,385,385,0.3812005743384361,2.991903066635132,,
WIKI_sf1,single,B1,0.3,0.2,33,239985,232727.2727272727,1.0311855468750002,385,385,0.3803139552474022,2.905020236968994,,
WIKI_sf1,single,B1,0.3,0.2,34,240118,226493.5064935065,1.060154013761468,385,385,0.38025621324777603,2.8607704639434814,,
WIKI_sf1,single,B1,0.3,0.2,35,240212,249350.64935064933,1.0380441000060336,385,385,0.37988554686307907,3.424071788787842,,
WIKI_sf1,single,B1,0.3,0.2,36,239313,272207.79220779217,1.1374550994212274,385,385,0.38269534707069397,2.689244508743286,,
WIKI_sf1,single,B1,0.3,0.2,37,240148,232727.2727272727,1.0318859375,385,385,0.38668233901262283,3.3865468502044678,,
WIKI_sf1,single,B1,0.3,0.2,38,239605,236883.11688311686,1.0114904057017544,385,385,0.38752518594264984,3.2731499671936035,,
WIKI_sf1,single,B1,0.3,0.2,39,239984,247272.72727272724,1.030371721751147,385,385,0.38581155240535736,2.9861927032470703,,
WIKI_sf1,single,B1,0.3,0.2,40,239974,234805.1948051948,1.0220131637168142,385,385,0.39128586649894714,3.2372279167175293,,
WIKI_sf1,single,B1,0.3,0.2,41,240670,230649.3506493506,1.0434453828828831,385,385,0.3854753449559212,2.8476383686065674,,
WIKI_sf1,single,B1,0.3,0.2,42,240089,245194.80519480517,1.0212663020580084,385,385,0.3858087584376335,2.822422504425049,,
WIKI_sf1,single,B1,0.3,0.2,43,240065,230649.3506493506,1.0408223536036039,385,385,0.3794236108660698,2.605512857437134,,
WIKI_sf1,single,B1,0.3,0.2,44,240847,243116.8831168831,1.0094245853877486,385,385,0.3805914893746376,2.9780378341674805,,
WIKI_sf1,single,B1,0.3,0.2,45,239815,251428.57142857142,1.0484272102602898,385,385,0.38001686334609985,2.844095230102539,,
WIKI_sf1,single,B1,0.3,0.2,46,238902,238961.03896103892,1.0002471262736976,385,385,0.37993770092725754,2.745255470275879,,
WIKI_sf1,single,B1,0.3,0.2,47,241091,205714.28571428568,1.171970138888889,385,385,0.38278475403785706,2.939598798751831,,
WIKI_sf1,single,B1,0.3,0.2,48,241093,263896.10389610386,1.094582189844184,385,385,0.38365554064512253,3.007629156112671,,
WIKI_sf1,single,B1,0.3,0.2,49,240105,224415.5844155844,1.069912326388889,385,385,0.38839690387248993,3.1452503204345703,,
WIKI_sf1,single,B1,0.3,0.2,50,240369,224083.76963350782,1.0726747429906545,382,382,0.37082191556692123,3.228424549102783,,
WIKI_sf1,single,B1,0.3,0.2,51,240459,236649.21465968585,1.0160988716814159,382,382,0.36004558205604553,2.652484893798828,,
WIKI_sf1,single,B1,0.3,0.2,52,240295,240837.6963350785,1.0022584587073327,382,382,0.35008881241083145,3.0188515186309814,,
WIKI_sf1,single,B1,0.3,0.2,53,240644,228272.2513089005,1.0541973394495414,382,382,0.3454042598605156,3.191838026046753,,
WIKI_sf1,single,B1,0.3,0.2,54,240464,255497.38219895287,1.0625182239293736,382,382,0.3447411581873894,3.2758140563964844,,
WIKI_sf1,single,B1,0.3,0.2,55,239549,238743.45549738218,1.003374100877193,382,382,0.3459397703409195,3.10781192779541,,
WIKI_sf1,single,B1,0.3,0.2,56,239430,205235.6020942408,1.1666104591836737,382,382,0.34696701914072037,3.1516058444976807,,
WIKI_sf1,single,B1,0.3,0.2,57,240818,247120.41884816752,1.0261708794532283,382,382,0.344960018992424,2.7316291332244873,,
WIKI_sf1,single,B1,0.3,0.2,58,240523,245026.1780104712,1.0187224423879262,382,382,0.3468245267868042,2.983566999435425,,
WIKI_sf1,single,B1,0.3,0.2,59,239803,217801.04712041884,1.1010185817307694,382,382,0.34570973366498947,3.0360281467437744,,
WIKI_sf1,single,B1,0.3,0.2,60,239374,211518.32460732982,1.1316939108910893,382,382,0.349532812833786,3.03922438621521,,
WIKI_sf1,single,B1,0.3,0.2,61,239092,242931.93717277484,1.0160605004465848,382,382,0.3540758043527603,2.8724758625030518,,
WIKI_sf1,single,B1,0.3,0.2,62,240674,238743.45549738218,1.0080862719298247,382,382,0.35941507667303085,3.245337724685669,,
WIKI_sf1,single,B1,0.3,0.2,63,241100,238743.45549738218,1.0098706140350877,382,382,0.3540264442563057,3.1876637935638428,,
WIKI_sf1,single,B1,0.3,0.2,64,240146,213612.56544502615,1.1242128921568628,382,382,0.34895073622465134,2.974116325378418,,
WIKI_sf1,single,B1,0.3,0.2,65,240369,253403.1413612565,1.054225550554591,382,382,0.345778651535511,2.8703739643096924,,
WIKI_sf1,single,B1,0.3,0.2,66,240486,234554.9738219895,1.0252862946428574,382,382,0.3448920324444771,2.9639766216278076,,
WIKI_sf1,single,B1,0.3,0.2,67,240139,274345.5497382199,1.1424447913009543,382,382,0.34451112151145935,3.4858365058898926,,
WIKI_sf1,single,B1,0.3,0.2,68,240839,226178.01047120418,1.0648205787037037,382,382,0.3457777202129364,2.9377448558807373,,
WIKI_sf1,single,B1,0.3,0.2,69,240019,226178.01047120418,1.0611951157407409,382,382,0.34465640783309937,3.2020750045776367,,
WIKI_sf1,single,B1,0.3,0.2,70,239315,240837.6963350785,1.0063627283499927,382,382,0.34542661160230637,3.1711151599884033,,
WIKI_sf1,single,B1,0.3,0.2,71,239463,226178.01047120418,1.0587368750000001,382,382,0.34443847835063934,3.1013007164001465,,
WIKI_sf1,single,B1,0.3,0.2,72,239799,251308.90052356018,1.0479981172713821,382,382,0.3509894013404846,3.1179890632629395,,
WIKI_sf1,single,B1,0.3,0.2,73,239969,228272.2513089005,1.0512403440366973,382,382,0.3569135442376137,3.1937239170074463,,
WIKI_sf1,single,B1,0.3,0.2,74,240673,226178.01047120418,1.0640866435185186,382,382,0.3537973389029503,2.8405961990356445,,
WIKI_sf1,single,B1,0.3,0.2,75,240269,232460.73298429316,1.0335896171171173,382,382,0.3536352887749672,3.0121498107910156,,
WIKI_sf1,single,B1,0.3,0.2,76,238668,228272.2513089005,1.045541009174312,382,382,0.34889020025730133,3.0951550006866455,,
WIKI_sf1,single,B1,0.3,0.2,77,240270,251308.90052356018,1.0459437321494993,382,382,0.3434494137763977,2.874937057495117,,
WIKI_sf1,single,B1,0.3,0.2,78,240913,221989.5287958115,1.0852448820754719,382,382,0.3441823646426201,3.216874837875366,,
WIKI_sf1,single,B1,0.3,0.2,79,240821,242931.93717277484,1.008765585944643,382,382,0.3443816676735878,3.0790536403656006,,
WIKI_sf1,single,B1,0.3,0.2,80,240251,257591.6230366492,1.0721771107577043,382,382,0.3447597846388817,2.5358760356903076,,
WIKI_sf1,single,B1,0.3,0.2,81,239815,215706.8062827225,1.1117637135922331,382,382,0.3454573452472687,2.6898703575134277,,
WIKI_sf1,single,B1,0.3,0.2,82,240905,245026.1780104712,1.0171070671446056,382,382,0.34484826028347015,2.7783637046813965,,
WIKI_sf1,single,B1,0.3,0.2,83,241287,247120.41884816752,1.024176266637521,382,382,0.3445316106081009,2.898582935333252,,
WIKI_sf1,single,B1,0.3,0.2,84,240406,219895.28795811516,1.0932749047619048,382,382,0.3565112128853798,3.2156875133514404,,
WIKI_sf1,single,B1,0.3,0.2,85,239776,245026.1780104712,1.0218961781432303,382,382,0.35747699439525604,3.135061264038086,,
WIKI_sf1,single,B1,0.3,0.2,86,240507,232460.73298429316,1.0346134459459462,382,382,0.3540795296430588,3.2442331314086914,,
WIKI_sf1,single,B1,0.3,0.2,87,239485,240837.6963350785,1.005648355158271,382,382,0.35575684159994125,3.471219062805176,,
WIKI_sf1,single,B1,0.3,0.2,88,240417,228272.2513089005,1.0532029128440368,382,382,0.3457777202129364,3.2589330673217773,,
WIKI_sf1,single,B1,0.3,0.2,89,238890,232460.73298429316,1.0276574324324326,382,382,0.34666992723941803,2.688448429107666,,
WIKI_sf1,single,B1,0.3,0.2,90,239880,192670.1570680628,1.245029347826087,382,382,0.34354813396930695,2.8888070583343506,,
WIKI_sf1,single,B1,0.3,0.2,91,240191,278534.03141361254,1.1596355875682791,382,382,0.3448808565735817,3.088979482650757,,
WIKI_sf1,single,B1,0.3,0.2,92,240364,234554.9738219895,1.024766160714286,382,382,0.3484422340989113,3.0890700817108154,,
WIKI_sf1,single,B1,0.3,0.2,93,240047,209424.0837696335,1.146224425,382,382,0.3467239439487457,3.1042184829711914,,
WIKI_sf1,single,B1,0.3,0.2,94,239454,215706.8062827225,1.110090145631068,382,382,0.3440994769334793,2.8224856853485107,,
WIKI_sf1,single,B1,0.3,0.2,95,240610,253403.1413612565,1.0531696162306492,382,382,0.350157730281353,2.6919524669647217,,
WIKI_sf1,single,B1,0.3,0.2,96,239299,247120.41884816752,1.0326847117964033,382,382,0.35450421273708344,2.751720428466797,,
WIKI_sf1,single,B1,0.3,0.2,97,240036,247120.41884816752,1.0295139847696493,382,382,0.3543337807059288,2.994227409362793,,
WIKI_sf1,single,B1,0.3,0.2,98,239568,232460.73298429316,1.0305740540540542,382,382,0.3531910479068756,2.9739558696746826,,
WIKI_sf1,single,B1,0.3,0.2,99,239798,240837.6963350785,1.0043357172915475,382,382,0.354536809027195,2.772458553314209,,
WIKI_sf1,single,B1,0.3,0.3,0,239392,211948.05194805193,1.1294843137254904,385,385,0.40806829929351807,2.7733802795410156,,
WIKI_sf1,single,B1,0.3,0.3,1,238990,220259.74025974024,1.0850371462264152,385,385,0.39499159902334213,2.752607822418213,,
WIKI_sf1,single,B1,0.3,0.3,2,239339,232727.2727272727,1.0284097656250002,385,385,0.3886846825480461,2.821554660797119,,
WIKI_sf1,single,B1,0.3,0.3,3,240287,241038.96103896102,1.0031294287204926,385,385,0.3872448578476906,2.6229019165039062,,
WIKI_sf1,single,B1,0.3,0.3,4,240237,216103.89610389608,1.1116736177884616,385,385,0.38333889096975327,2.9036548137664795,,
WIKI_sf1,single,B1,0.3,0.3,5,240177,268051.94805194804,1.1160600226164372,385,385,0.39415713399648666,3.1076483726501465,,
WIKI_sf1,single,B1,0.3,0.3,6,239388,276363.63636363635,1.1544590220213058,385,385,0.39079971611499786,2.9879472255706787,,
WIKI_sf1,single,B1,0.3,0.3,7,240842,268051.94805194804,1.1129784176013653,385,385,0.3907596692442894,2.921760082244873,,
WIKI_sf1,single,B1,0.3,0.3,8,240557,226493.5064935065,1.062092259174312,385,385,0.3881976008415222,2.82856822013855,,
WIKI_sf1,single,B1,0.3,0.3,9,240481,247272.72727272724,1.0282422614373994,385,385,0.3837095573544502,2.8396244049072266,,
WIKI_sf1,single,B1,0.3,0.3,10,239675,286753.24675324676,1.1964253541389247,385,385,0.38105808198451996,2.7697596549987793,,
WIKI_sf1,single,B1,0.3,0.3,11,240349,243116.8831168831,1.0115160999916084,385,385,0.38178451359272003,3.07214093208313,,
WIKI_sf1,single,B1,0.3,0.3,12,239968,259740.25974025973,1.0823954016379673,385,385,0.38172397762537,3.193589448928833,,
WIKI_sf1,single,B1,0.3,0.3,13,239954,222337.6623376623,1.0792323598130842,385,385,0.38042012602090836,3.05700421333313,,
WIKI_sf1,single,B1,0.3,0.3,14,240076,241038.96103896102,1.0040110674909655,385,385,0.379437580704689,3.1039812564849854,,
WIKI_sf1,single,B1,0.3,0.3,15,240171,268051.94805194804,1.1160879042513379,385,385,0.38514286279678345,2.592836856842041,,
WIKI_sf1,single,B1,0.3,0.3,16,241094,247272.72727272724,1.025627876565685,385,385,0.3896942362189293,2.8953897953033447,,
WIKI_sf1,single,B1,0.3,0.3,17,240652,234805.1948051948,1.024900663716814,385,385,0.39163045585155487,2.7689149379730225,,
WIKI_sf1,single,B1,0.3,0.3,18,239963,222337.6623376623,1.079272838785047,385,385,0.38423947989940643,2.921097755432129,,
WIKI_sf1,single,B1,0.3,0.3,19,239711,274285.71428571426,1.1442349924939375,385,385,0.38565974682569504,2.9323461055755615,,
WIKI_sf1,single,B1,0.3,0.3,20,239240,247272.72727272724,1.0335760210363119,385,385,0.37791021168231964,2.8842155933380127,,
WIKI_sf1,single,B1,0.3,0.3,21,239281,251428.57142857142,1.050766970334341,385,385,0.37870462983846664,2.8941009044647217,,
WIKI_sf1,single,B1,0.3,0.3,22,239828,234805.1948051948,1.021391371681416,385,385,0.3815731033682823,2.9646618366241455,,
WIKI_sf1,single,B1,0.3,0.3,23,240721,207792.20779220777,1.1584698125000001,385,385,0.38275495171546936,3.2182443141937256,,
WIKI_sf1,single,B1,0.3,0.3,24,239131,249350.64935064933,1.0427366144525358,385,385,0.38064830005168915,3.148127317428589,,
WIKI_sf1,single,B1,0.3,0.3,25,240240,241038.96103896102,1.003325678650354,385,385,0.39505399763584137,3.019951581954956,,
WIKI_sf1,single,B1,0.3,0.3,26,240470,224415.5844155844,1.0715387731481483,385,385,0.38008764386177063,3.117777109146118,,
WIKI_sf1,single,B1,0.3,0.3,27,240879,253506.49350649348,1.0524225586559786,385,385,0.3874432295560837,2.8664355278015137,,
WIKI_sf1,single,B1,0.3,0.3,28,240034,224415.5844155844,1.069595949074074,385,385,0.3870483487844467,2.9182827472686768,,
WIKI_sf1,single,B1,0.3,0.3,29,239847,214025.974025974,1.1206443567961166,385,385,0.38687512278556824,3.318894624710083,,
WIKI_sf1,single,B1,0.3,0.3,30,239201,203636.36363636362,1.174647767857143,385,385,0.3818068653345108,3.2412261962890625,,
WIKI_sf1,single,B1,0.3,0.3,31,239345,255584.41558441555,1.0678494039332993,385,385,0.3797858953475952,3.025376319885254,,
WIKI_sf1,single,B1,0.3,0.3,32,239756,263896.10389610386,1.1006861304664068,385,385,0.37884432822465897,2.991903066635132,,
WIKI_sf1,single,B1,0.3,0.3,33,239985,236883.11688311686,1.013094572368421,385,385,0.3830417990684509,2.905020236968994,,
WIKI_sf1,single,B1,0.3,0.3,34,240118,228571.42857142855,1.05051625,385,385,0.37917308509349823,2.8607704639434814,,
WIKI_sf1,single,B1,0.3,0.3,35,240212,263896.10389610386,1.0985966725063854,385,385,0.3850385546684265,3.424071788787842,,
WIKI_sf1,single,B1,0.3,0.3,36,239313,191168.83116883115,1.2518411005434784,385,385,0.38085784763097763,2.689244508743286,,
WIKI_sf1,single,B1,0.3,0.3,37,240148,249350.64935064933,1.0383207411706503,385,385,0.3815433010458946,3.3865468502044678,,
WIKI_sf1,single,B1,0.3,0.3,38,239605,193246.75324675324,1.2398914650537634,385,385,0.39061158895492554,3.2731499671936035,,
WIKI_sf1,single,B1,0.3,0.3,39,239984,232727.2727272727,1.0311812500000002,385,385,0.38870610296726227,2.9861927032470703,,
WIKI_sf1,single,B1,0.3,0.3,40,239974,234805.1948051948,1.0220131637168142,385,385,0.39017200469970703,3.2372279167175293,,
WIKI_sf1,single,B1,0.3,0.3,41,240670,234805.1948051948,1.0249773230088497,385,385,0.380808487534523,2.8476383686065674,,
WIKI_sf1,single,B1,0.3,0.3,42,240089,197402.59740259737,1.2162403289473687,385,385,0.37776678800582886,2.822422504425049,,
WIKI_sf1,single,B1,0.3,0.3,43,240065,220259.74025974024,1.0899177476415096,385,385,0.38343388587236404,2.605512857437134,,
WIKI_sf1,single,B1,0.3,0.3,44,240847,241038.96103896102,1.000797024828879,385,385,0.380171462893486,2.9780378341674805,,
WIKI_sf1,single,B1,0.3,0.3,45,239815,222337.6623376623,1.0786071845794394,385,385,0.3795614466071129,2.844095230102539,,
WIKI_sf1,single,B1,0.3,0.3,46,238902,236883.11688311686,1.0085226973684212,385,385,0.38336217403411865,2.745255470275879,,
WIKI_sf1,single,B1,0.3,0.3,47,241091,243116.8831168831,1.0084029811020865,385,385,0.3803940489888191,2.939598798751831,,
WIKI_sf1,single,B1,0.3,0.3,48,241093,234805.1948051948,1.0267788163716813,385,385,0.38262736052274704,3.007629156112671,,
WIKI_sf1,single,B1,0.3,0.3,49,240105,236883.11688311686,1.0136011513157897,385,385,0.38779620081186295,3.1452503204345703,,
WIKI_sf1,single,B1,0.3,0.3,50,240369,265968.5863874345,1.1065011976895294,382,382,0.3658244386315346,3.228424549102783,,
WIKI_sf1,single,B1,0.3,0.3,51,240459,259685.86387434552,1.0799590112008515,382,382,0.35745278000831604,2.652484893798828,,
WIKI_sf1,single,B1,0.3,0.3,52,240295,263874.3455497382,1.0981266591054255,382,382,0.3520222380757332,3.0188515186309814,,
WIKI_sf1,single,B1,0.3,0.3,53,240644,236649.21465968585,1.0168806194690265,382,382,0.34528039395809174,3.191838026046753,,
WIKI_sf1,single,B1,0.3,0.3,54,240464,253403.1413612565,1.0538090581594606,382,382,0.34795235842466354,3.2758140563964844,,
WIKI_sf1,single,B1,0.3,0.3,55,239549,251308.90052356018,1.0490918372590166,382,382,0.34620892256498337,3.10781192779541,,
WIKI_sf1,single,B1,0.3,0.3,56,239430,213612.56544502615,1.120861029411765,382,382,0.35021640360355377,3.1516058444976807,,
WIKI_sf1,single,B1,0.3,0.3,57,240818,215706.8062827225,1.1164135436893203,382,382,0.3459099680185318,2.7316291332244873,,
WIKI_sf1,single,B1,0.3,0.3,58,240523,253403.1413612565,1.0535505600764024,382,382,0.3439709544181824,2.983566999435425,,
WIKI_sf1,single,B1,0.3,0.3,59,239803,259685.86387434552,1.082913324163357,382,382,0.3455057740211487,3.0360281467437744,,
WIKI_sf1,single,B1,0.3,0.3,60,239374,257591.6230366492,1.0761052705667666,382,382,0.3509651869535446,3.03922438621521,,
WIKI_sf1,single,B1,0.3,0.3,61,239092,247120.41884816752,1.0335787849370432,382,382,0.3514448180794716,2.8724758625030518,,
WIKI_sf1,single,B1,0.3,0.3,62,240674,238743.45549738218,1.0080862719298247,382,382,0.35317428410053253,3.245337724685669,,
WIKI_sf1,single,B1,0.3,0.3,63,241100,234554.9738219895,1.027904017857143,382,382,0.35031698644161224,3.1876637935638428,,
WIKI_sf1,single,B1,0.3,0.3,64,240146,261780.10471204185,1.0900872998594267,382,382,0.34810323268175125,2.974116325378418,,
WIKI_sf1,single,B1,0.3,0.3,65,240369,247120.41884816752,1.028087726987122,382,382,0.34355558454990387,2.8703739643096924,,
WIKI_sf1,single,B1,0.3,0.3,66,240486,196858.6387434555,1.2216177127659575,382,382,0.3461027517914772,2.9639766216278076,,
WIKI_sf1,single,B1,0.3,0.3,67,240139,245026.1780104712,1.0203514548260433,382,382,0.34580472856760025,3.4858365058898926,,
WIKI_sf1,single,B1,0.3,0.3,68,240839,221989.5287958115,1.0849115330188681,382,382,0.3482624888420105,2.9377448558807373,,
WIKI_sf1,single,B1,0.3,0.3,69,240019,242931.93717277484,1.0121362774312652,382,382,0.348617322742939,3.2020750045776367,,
WIKI_sf1,single,B1,0.3,0.3,70,239315,249214.65968586385,1.0413666493360794,382,382,0.3476599231362343,3.1711151599884033,,
WIKI_sf1,single,B1,0.3,0.3,71,239463,224083.76963350782,1.068631612149533,382,382,0.3467947244644165,3.1013007164001465,,
WIKI_sf1,single,B1,0.3,0.3,72,239799,240837.6963350785,1.0043315290517414,382,382,0.34989509731531143,3.1179890632629395,,
WIKI_sf1,single,B1,0.3,0.3,73,239969,253403.1413612565,1.055982820119501,382,382,0.3545442596077919,3.1937239170074463,,
WIKI_sf1,single,B1,0.3,0.3,74,240673,268062.82722513087,1.113805151492402,382,382,0.3517176955938339,2.8405961990356445,,
WIKI_sf1,single,B1,0.3,0.3,75,240269,259685.86387434552,1.080813021548121,382,382,0.3516990691423416,3.0121498107910156,,
WIKI_sf1,single,B1,0.3,0.3,76,238668,251308.90052356018,1.0529643711078158,382,382,0.3492739051580429,3.0951550006866455,,
WIKI_sf1,single,B1,0.3,0.3,77,240270,242931.93717277484,1.0110789410778493,382,382,0.3432622179389,2.874937057495117,,
WIKI_sf1,single,B1,0.3,0.3,78,240913,219895.28795811516,1.0955805476190477,382,382,0.34439191222190857,3.216874837875366,,
WIKI_sf1,single,B1,0.3,0.3,79,240821,211518.32460732982,1.1385349257425743,382,382,0.34911930561065674,3.0790536403656006,,
WIKI_sf1,single,B1,0.3,0.3,80,240251,232460.73298429316,1.0335121846846849,382,382,0.34535862505435944,2.5358760356903076,,
WIKI_sf1,single,B1,0.3,0.3,81,239815,228272.2513089005,1.0505657110091744,382,382,0.3438405692577362,2.6898703575134277,,
WIKI_sf1,single,B1,0.3,0.3,82,240905,219895.28795811516,1.0955441666666668,382,382,0.3458186984062195,2.7783637046813965,,
WIKI_sf1,single,B1,0.3,0.3,83,241287,263874.3455497382,1.0936119457315903,382,382,0.34512393176555634,2.898582935333252,,
WIKI_sf1,single,B1,0.3,0.3,84,240406,249214.65968586385,1.0366407647307632,382,382,0.34930743277072906,3.2156875133514404,,
WIKI_sf1,single,B1,0.3,0.3,85,239776,224083.76963350782,1.0700284112149534,382,382,0.3524189814925194,3.135061264038086,,
WIKI_sf1,single,B1,0.3,0.3,86,240507,236649.21465968585,1.016301703539823,382,382,0.35191886126995087,3.2442331314086914,,
WIKI_sf1,single,B1,0.3,0.3,87,239485,276439.7905759162,1.1543094163555805,382,382,0.3524869680404663,3.471219062805176,,
WIKI_sf1,single,B1,0.3,0.3,88,240417,226178.01047120418,1.0629547916666666,382,382,0.3492124378681183,3.2589330673217773,,
WIKI_sf1,single,B1,0.3,0.3,89,238890,272251.3089005235,1.1396513412052556,382,382,0.3439364954829216,2.688448429107666,,
WIKI_sf1,single,B1,0.3,0.3,90,239880,234554.9738219895,1.0227026785714288,382,382,0.3489591181278229,2.8888070583343506,,
WIKI_sf1,single,B1,0.3,0.3,91,240191,238743.45549738218,1.0060631798245614,382,382,0.3437632694840431,3.088979482650757,,
WIKI_sf1,single,B1,0.3,0.3,92,240364,215706.8062827225,1.1143088349514563,382,382,0.3438349813222885,3.0890700817108154,,
WIKI_sf1,single,B1,0.3,0.3,93,240047,232460.73298429316,1.0326346171171172,382,382,0.34422148019075394,3.1042184829711914,,
WIKI_sf1,single,B1,0.3,0.3,94,239454,251308.90052356018,1.0495080496611464,382,382,0.34600868821144104,2.8224856853485107,,
WIKI_sf1,single,B1,0.3,0.3,95,240610,242931.93717277484,1.0096502106012835,382,382,0.3443444147706032,2.6919524669647217,,
WIKI_sf1,single,B1,0.3,0.3,96,239299,238743.45549738218,1.002326951754386,382,382,0.34691672772169113,2.751720428466797,,
WIKI_sf1,single,B1,0.3,0.3,97,240036,245026.1780104712,1.0207892899834659,382,382,0.35142432898283005,2.994227409362793,,
WIKI_sf1,single,B1,0.3,0.3,98,239568,259685.86387434552,1.0839755888697384,382,382,0.3525298088788986,2.9739558696746826,,
WIKI_sf1,single,B1,0.3,0.3,99,239798,249214.65968586385,1.0392691335451665,382,382,0.3519933670759201,2.772458553314209,,
WIKI_sf1,single,B1,0.3,0.4,0,239392,220259.74025974024,1.0868622641509436,385,385,0.4305792972445488,2.7733802795410156,,
WIKI_sf1,single,B1,0.3,0.4,1,238990,245194.80519480517,1.0259626143135911,385,385,0.3953678533434868,2.752607822418213,,
WIKI_sf1,single,B1,0.3,0.4,2,239339,243116.8831168831,1.0157846532194215,385,385,0.39116665720939636,2.821554660797119,,
WIKI_sf1,single,B1,0.3,0.4,3,240287,236883.11688311686,1.0143694627192983,385,385,0.3852006047964096,2.6229019165039062,,
WIKI_sf1,single,B1,0.3,0.4,4,240237,230649.3506493506,1.0415680743243245,385,385,0.3839293494820595,2.9036548137664795,,
WIKI_sf1,single,B1,0.3,0.4,5,240177,218181.81818181818,1.10081125,385,385,0.3836192190647125,3.1076483726501465,,
WIKI_sf1,single,B1,0.3,0.4,6,239388,226493.5064935065,1.0569309633027524,385,385,0.3914888948202133,2.9879472255706787,,
WIKI_sf1,single,B1,0.3,0.4,7,240842,259740.25974025973,1.0784674589160517,385,385,0.3896895796060562,2.921760082244873,,
WIKI_sf1,single,B1,0.3,0.4,8,240557,222337.6623376623,1.0819444509345797,385,385,0.39044953882694244,2.82856822013855,,
WIKI_sf1,single,B1,0.3,0.4,9,240481,234805.1948051948,1.024172400442478,385,385,0.38550328463315964,2.8396244049072266,,
WIKI_sf1,single,B1,0.3,0.4,10,239675,224415.5844155844,1.067996238425926,385,385,0.38809143006801605,2.7697596549987793,,
WIKI_sf1,single,B1,0.3,0.4,11,240349,218181.81818181818,1.1015995833333334,385,385,0.3810310736298561,3.07214093208313,,
WIKI_sf1,single,B1,0.3,0.4,12,239968,253506.49350649348,1.056417911998656,385,385,0.38347020745277405,3.193589448928833,,
WIKI_sf1,single,B1,0.3,0.4,13,239954,270129.87012987013,1.1257568956127846,385,385,0.38146134465932846,3.05700421333313,,
WIKI_sf1,single,B1,0.3,0.4,14,240076,241038.96103896102,1.0040110674909655,385,385,0.38142502307891846,3.1039812564849854,,
WIKI_sf1,single,B1,0.3,0.4,15,240171,259740.25974025973,1.0814805273753272,385,385,0.3813486546278,2.592836856842041,,
WIKI_sf1,single,B1,0.3,0.4,16,241094,222337.6623376623,1.0843596962616824,385,385,0.37829019129276276,2.8953897953033447,,
WIKI_sf1,single,B1,0.3,0.4,17,240652,253506.49350649348,1.0534152781048713,385,385,0.38758479058742523,2.7689149379730225,,
WIKI_sf1,single,B1,0.3,0.4,18,239963,222337.6623376623,1.079272838785047,385,385,0.38802996277809143,2.921097755432129,,
WIKI_sf1,single,B1,0.3,0.4,19,239711,232727.2727272727,1.0300082031250002,385,385,0.39180461317300797,2.9323461055755615,,
WIKI_sf1,single,B1,0.3,0.4,20,239240,238961.03896103892,1.001167391304348,385,385,0.38872286677360535,2.8842155933380127,,
WIKI_sf1,single,B1,0.3,0.4,21,239281,257662.33766233764,1.076819043978994,385,385,0.38115959614515305,2.8941009044647217,,
WIKI_sf1,single,B1,0.3,0.4,22,239828,220259.74025974024,1.088841745283019,385,385,0.3802720457315445,2.9646618366241455,,
WIKI_sf1,single,B1,0.3,0.4,23,240721,259740.25974025973,1.0790095577048107,385,385,0.38221292197704315,3.2182443141937256,,
WIKI_sf1,single,B1,0.3,0.4,24,239131,232727.2727272727,1.027516015625,385,385,0.3816792741417885,3.148127317428589,,
WIKI_sf1,single,B1,0.3,0.4,25,240240,282597.4025974026,1.1763128646245529,385,385,0.379449687898159,3.019951581954956,,
WIKI_sf1,single,B1,0.3,0.4,26,240470,234805.1948051948,1.0241255530973452,385,385,0.38090813905000687,3.117777109146118,,
WIKI_sf1,single,B1,0.3,0.4,27,240879,251428.57142857142,1.0437961442407657,385,385,0.3802431747317314,2.8664355278015137,,
WIKI_sf1,single,B1,0.3,0.4,28,240034,226493.5064935065,1.059783142201835,385,385,0.3859763965010643,2.9182827472686768,,
WIKI_sf1,single,B1,0.3,0.4,29,239847,265974.02597402595,1.1089320524085187,385,385,0.38994476199150085,3.318894624710083,,
WIKI_sf1,single,B1,0.3,0.4,30,239201,232727.2727272727,1.027816796875,385,385,0.39005279541015625,3.2412261962890625,,
WIKI_sf1,single,B1,0.3,0.4,31,239345,224415.5844155844,1.0665257523148148,385,385,0.39174314588308334,3.025376319885254,,
WIKI_sf1,single,B1,0.3,0.4,32,239756,255584.41558441555,1.0660188507666775,385,385,0.38178544491529465,2.991903066635132,,
WIKI_sf1,single,B1,0.3,0.4,33,239985,228571.42857142855,1.049934375,385,385,0.38208719342947006,2.905020236968994,,
WIKI_sf1,single,B1,0.3,0.4,34,240118,261818.1818181818,1.0903729908552537,385,385,0.38117263466119766,2.8607704639434814,,
WIKI_sf1,single,B1,0.3,0.4,35,240212,241038.96103896102,1.0034426300058323,385,385,0.3799125552177429,3.424071788787842,,
WIKI_sf1,single,B1,0.3,0.4,36,239313,241038.96103896102,1.0072121491058197,385,385,0.3819633275270462,2.689244508743286,,
WIKI_sf1,single,B1,0.3,0.4,37,240148,234805.1948051948,1.022754203539823,385,385,0.37979334592819214,3.3865468502044678,,
WIKI_sf1,single,B1,0.3,0.4,38,239605,232727.2727272727,1.0295527343750002,385,385,0.37909485399723053,3.2731499671936035,,
WIKI_sf1,single,B1,0.3,0.4,39,239984,228571.42857142855,1.04993,385,385,0.38472656160593033,2.9861927032470703,,
WIKI_sf1,single,B1,0.3,0.4,40,239974,245194.80519480517,1.0217557118471383,385,385,0.3896960988640785,3.2372279167175293,,
WIKI_sf1,single,B1,0.3,0.4,41,240670,201558.44155844155,1.1940457474226804,385,385,0.39858464151620865,2.8476383686065674,,
WIKI_sf1,single,B1,0.3,0.4,42,240089,241038.96103896102,1.0039567037180421,385,385,0.3867540508508682,2.822422504425049,,
WIKI_sf1,single,B1,0.3,0.4,43,240065,238961.03896103892,1.0046198369565218,385,385,0.37679821252822876,2.605512857437134,,
WIKI_sf1,single,B1,0.3,0.4,44,240847,261818.1818181818,1.0870726304175755,385,385,0.3816848620772362,2.9780378341674805,,
WIKI_sf1,single,B1,0.3,0.4,45,239815,255584.41558441555,1.065756585636493,385,385,0.3784848377108574,2.844095230102539,,
WIKI_sf1,single,B1,0.3,0.4,46,238902,218181.81818181818,1.0949675,385,385,0.38289371877908707,2.745255470275879,,
WIKI_sf1,single,B1,0.3,0.4,47,241091,253506.49350649348,1.0514971255936285,385,385,0.37933047860860825,2.939598798751831,,
WIKI_sf1,single,B1,0.3,0.4,48,241093,211948.05194805193,1.1375098651960784,385,385,0.37829484790563583,3.007629156112671,,
WIKI_sf1,single,B1,0.3,0.4,49,240105,220259.74025974024,1.0900993514150945,385,385,0.3779809921979904,3.1452503204345703,,
WIKI_sf1,single,B1,0.3,0.4,50,240369,240837.6963350785,1.0019499034196528,382,382,0.36404840648174286,3.228424549102783,,
WIKI_sf1,single,B1,0.3,0.4,51,240459,228272.2513089005,1.0533869036697248,382,382,0.36389101296663284,2.652484893798828,,
WIKI_sf1,single,B1,0.3,0.4,52,240295,224083.76963350782,1.0723445093457946,382,382,0.35976339131593704,3.0188515186309814,,
WIKI_sf1,single,B1,0.3,0.4,53,240644,242931.93717277484,1.0095075596016307,382,382,0.35365764051675797,3.191838026046753,,
WIKI_sf1,single,B1,0.3,0.4,54,240464,238743.45549738218,1.0072066666666668,382,382,0.34855492413043976,3.2758140563964844,,
WIKI_sf1,single,B1,0.3,0.4,55,239549,265968.5863874345,1.110288861099126,382,382,0.3463253378868103,3.10781192779541,,
WIKI_sf1,single,B1,0.3,0.4,56,239430,249214.65968586385,1.0408664732316912,382,382,0.3484319895505905,3.1516058444976807,,
WIKI_sf1,single,B1,0.3,0.4,57,240818,249214.65968586385,1.0348672428384251,382,382,0.34561194479465485,2.7316291332244873,,
WIKI_sf1,single,B1,0.3,0.4,58,240523,224083.76963350782,1.0733619859813086,382,382,0.3450438380241394,2.983566999435425,,
WIKI_sf1,single,B1,0.3,0.4,59,239803,263874.3455497382,1.100379668101476,382,382,0.3461558371782303,3.0360281467437744,,
WIKI_sf1,single,B1,0.3,0.4,60,239374,236649.21465968585,1.0115140265486726,382,382,0.34543219953775406,3.03922438621521,,
WIKI_sf1,single,B1,0.3,0.4,61,239092,249214.65968586385,1.0423379271822724,382,382,0.34327432513237,2.8724758625030518,,
WIKI_sf1,single,B1,0.3,0.4,62,240674,245026.1780104712,1.018083291134361,382,382,0.35220757126808167,3.245337724685669,,
WIKI_sf1,single,B1,0.3,0.4,63,241100,255497.38219895287,1.059715396926391,382,382,0.3536464646458626,3.1876637935638428,,
WIKI_sf1,single,B1,0.3,0.4,64,240146,234554.9738219895,1.0238367410714286,382,382,0.3540022298693657,2.974116325378418,,
WIKI_sf1,single,B1,0.3,0.4,65,240369,240837.6963350785,1.0019499034196528,382,382,0.3533782437443733,2.8703739643096924,,
WIKI_sf1,single,B1,0.3,0.4,66,240486,230366.49214659684,1.0439278636363638,382,382,0.34831371158361435,2.9639766216278076,,
WIKI_sf1,single,B1,0.3,0.4,67,240139,255497.38219895287,1.0639562178527973,382,382,0.3455197438597679,3.4858365058898926,,
WIKI_sf1,single,B1,0.3,0.4,68,240839,224083.76963350782,1.0747721728971964,382,382,0.3456994891166687,2.9377448558807373,,
WIKI_sf1,single,B1,0.3,0.4,69,240019,268062.82722513087,1.1168400302689823,382,382,0.344826839864254,3.2020750045776367,,
WIKI_sf1,single,B1,0.3,0.4,70,239315,245026.1780104712,1.023864688843036,382,382,0.34515466541051865,3.1711151599884033,,
WIKI_sf1,single,B1,0.3,0.4,71,239463,215706.8062827225,1.110131868932039,382,382,0.3452366217970848,3.1013007164001465,,
WIKI_sf1,single,B1,0.3,0.4,72,239799,242931.93717277484,1.0130648466956695,382,382,0.34634489566087723,3.1179890632629395,,
WIKI_sf1,single,B1,0.3,0.4,73,239969,228272.2513089005,1.0512403440366973,382,382,0.3447737544775009,3.1937239170074463,,
WIKI_sf1,single,B1,0.3,0.4,74,240673,215706.8062827225,1.1157413349514564,382,382,0.3478424623608589,2.8405961990356445,,
WIKI_sf1,single,B1,0.3,0.4,75,240269,270157.0680628272,1.1243941917718359,382,382,0.35209115594625473,3.0121498107910156,,
WIKI_sf1,single,B1,0.3,0.4,76,238668,228272.2513089005,1.045541009174312,382,382,0.35314541310071945,3.0951550006866455,,
WIKI_sf1,single,B1,0.3,0.4,77,240270,253403.1413612565,1.0546599299174118,382,382,0.35164132714271545,2.874937057495117,,
WIKI_sf1,single,B1,0.3,0.4,78,240913,230366.49214659684,1.045781431818182,382,382,0.3543337807059288,3.216874837875366,,
WIKI_sf1,single,B1,0.3,0.4,79,240821,265968.5863874345,1.104424391508359,382,382,0.3452412784099579,3.0790536403656006,,
WIKI_sf1,single,B1,0.3,0.4,80,240251,232460.73298429316,1.0335121846846849,382,382,0.3455076366662979,2.5358760356903076,,
WIKI_sf1,single,B1,0.3,0.4,81,239815,234554.9738219895,1.0224255580357144,382,382,0.34404173493385315,2.6898703575134277,,
WIKI_sf1,single,B1,0.3,0.4,82,240905,230366.49214659684,1.0457467045454547,382,382,0.3443080931901932,2.7783637046813965,,
WIKI_sf1,single,B1,0.3,0.4,83,241287,228272.2513089005,1.0570141513761468,382,382,0.3455784171819687,2.898582935333252,,
WIKI_sf1,single,B1,0.3,0.4,84,240406,251308.90052356018,1.0453520316612737,382,382,0.345706008374691,3.2156875133514404,,
WIKI_sf1,single,B1,0.3,0.4,85,239776,221989.5287958115,1.0801230188679247,382,382,0.351516529917717,3.135061264038086,,
WIKI_sf1,single,B1,0.3,0.4,86,240507,247120.41884816752,1.0274978227168752,382,382,0.3573168069124222,3.2442331314086914,,
WIKI_sf1,single,B1,0.3,0.4,87,239485,251308.90052356018,1.0493721966868914,382,382,0.3522345796227455,3.471219062805176,,
WIKI_sf1,single,B1,0.3,0.4,88,240417,253403.1413612565,1.0540150711524414,382,382,0.354081392288208,3.2589330673217773,,
WIKI_sf1,single,B1,0.3,0.4,89,238890,234554.9738219895,1.0184819196428574,382,382,0.35123713314533234,2.688448429107666,,
WIKI_sf1,single,B1,0.3,0.4,90,239880,226178.01047120418,1.0605805555555556,382,382,0.3506503999233246,2.8888070583343506,,
WIKI_sf1,single,B1,0.3,0.4,91,240191,198952.87958115182,1.2072758157894738,382,382,0.3446629270911217,3.088979482650757,,
WIKI_sf1,single,B1,0.3,0.4,92,240364,265968.5863874345,1.1065242148883965,382,382,0.3492357209324837,3.0890700817108154,,
WIKI_sf1,single,B1,0.3,0.4,93,240047,247120.41884816752,1.0294668079508076,382,382,0.3503216430544853,3.1042184829711914,,
WIKI_sf1,single,B1,0.3,0.4,94,239454,198952.87958115182,1.2035714210526316,382,382,0.3445632755756378,2.8224856853485107,,
WIKI_sf1,single,B1,0.3,0.4,95,240610,213612.56544502615,1.126385049019608,382,382,0.34238211810588837,2.6919524669647217,,
WIKI_sf1,single,B1,0.3,0.4,96,239299,236649.21465968585,1.0111971017699115,382,382,0.3510415554046631,2.751720428466797,,
WIKI_sf1,single,B1,0.3,0.4,97,240036,238743.45549738218,1.0054139473684212,382,382,0.34635886549949646,2.994227409362793,,
WIKI_sf1,single,B1,0.3,0.4,98,239568,257591.6230366492,1.0752338502498213,382,382,0.34673698246479034,2.9739558696746826,,
WIKI_sf1,single,B1,0.3,0.4,99,239798,293193.71727748687,1.2226695688766664,382,382,0.35520363599061966,2.772458553314209,,
WIKI_sf1,single,B1,0.3,0.5,0,239392,228571.42857142855,1.0473400000000002,385,385,0.41461270302534103,2.7733802795410156,,
WIKI_sf1,single,B1,0.3,0.5,1,238990,224415.5844155844,1.0649438657407408,385,385,0.39733946323394775,2.752607822418213,,
WIKI_sf1,single,B1,0.3,0.5,2,239339,265974.02597402595,1.111285774462273,385,385,0.39245467633008957,2.821554660797119,,
WIKI_sf1,single,B1,0.3,0.5,3,240287,272207.79220779217,1.1328444410550391,385,385,0.3874506801366806,2.6229019165039062,,
WIKI_sf1,single,B1,0.3,0.5,4,240237,251428.57142857142,1.0465855443939585,385,385,0.38657616823911667,2.9036548137664795,,
WIKI_sf1,single,B1,0.3,0.5,5,240177,249350.64935064933,1.0381953698757556,385,385,0.3914469853043556,3.1076483726501465,,
WIKI_sf1,single,B1,0.3,0.5,6,239388,243116.8831168831,1.0155767336578405,385,385,0.3817332908511162,2.9879472255706787,,
WIKI_sf1,single,B1,0.3,0.5,7,240842,265974.02597402595,1.104350677930037,385,385,0.38338545709848404,2.921760082244873,,
WIKI_sf1,single,B1,0.3,0.5,8,240557,218181.81818181818,1.1025529166666668,385,385,0.38885511457920074,2.82856822013855,,
WIKI_sf1,single,B1,0.3,0.5,9,240481,278441.5584415584,1.1578526305261472,385,385,0.3890637308359146,2.8396244049072266,,
WIKI_sf1,single,B1,0.3,0.5,10,239675,234805.1948051948,1.020739767699115,385,385,0.38992706686258316,2.7697596549987793,,
WIKI_sf1,single,B1,0.3,0.5,11,240349,247272.72727272724,1.0288069734957384,385,385,0.3841342404484749,3.07214093208313,,
WIKI_sf1,single,B1,0.3,0.5,12,239968,257662.33766233764,1.0737362384248634,385,385,0.3802254796028137,3.193589448928833,,
WIKI_sf1,single,B1,0.3,0.5,13,239954,230649.3506493506,1.0403411036036037,385,385,0.38102827966213226,3.05700421333313,,
WIKI_sf1,single,B1,0.3,0.5,14,240076,259740.25974025973,1.0819084778997472,385,385,0.38022082298994064,3.1039812564849854,,
WIKI_sf1,single,B1,0.3,0.5,15,240171,236883.11688311686,1.0138797697368422,385,385,0.3793081268668175,2.592836856842041,,
WIKI_sf1,single,B1,0.3,0.5,16,241094,251428.57142857142,1.04286531986931,385,385,0.38366764783859253,2.8953897953033447,,
WIKI_sf1,single,B1,0.3,0.5,17,240652,245194.80519480517,1.0188770722653673,385,385,0.37906598299741745,2.7689149379730225,,
WIKI_sf1,single,B1,0.3,0.5,18,239963,226493.5064935065,1.0594696674311928,385,385,0.3811987116932869,2.921097755432129,,
WIKI_sf1,single,B1,0.3,0.5,19,239711,265974.02597402595,1.109561204842606,385,385,0.38686301559209824,2.9323461055755615,,
WIKI_sf1,single,B1,0.3,0.5,20,239240,236883.11688311686,1.0099495614035088,385,385,0.38809236139059067,2.8842155933380127,,
WIKI_sf1,single,B1,0.3,0.5,21,239281,238961.03896103892,1.0013389673913045,385,385,0.38760900497436523,2.8941009044647217,,
WIKI_sf1,single,B1,0.3,0.5,22,239828,236883.11688311686,1.0124317982456141,385,385,0.3834003582596779,2.9646618366241455,,
WIKI_sf1,single,B1,0.3,0.5,23,240721,249350.64935064933,1.0358491753966181,385,385,0.3795800730586052,3.2182443141937256,,
WIKI_sf1,single,B1,0.3,0.5,24,239131,232727.2727272727,1.027516015625,385,385,0.3786245360970497,3.148127317428589,,
WIKI_sf1,single,B1,0.3,0.5,25,240240,272207.79220779217,1.133066068131003,385,385,0.3813598304986954,3.019951581954956,,
WIKI_sf1,single,B1,0.3,0.5,26,240470,234805.1948051948,1.0241255530973452,385,385,0.38421712815761566,3.117777109146118,,
WIKI_sf1,single,B1,0.3,0.5,27,240879,238961.03896103892,1.0080262500000001,385,385,0.3784084692597389,2.8664355278015137,,
WIKI_sf1,single,B1,0.3,0.5,28,240034,232727.2727272727,1.0313960937500002,385,385,0.37776678800582886,2.9182827472686768,,
WIKI_sf1,single,B1,0.3,0.5,29,239847,245194.80519480517,1.022296735814103,385,385,0.3821030259132385,3.318894624710083,,
WIKI_sf1,single,B1,0.3,0.5,30,239201,290909.0909090909,1.2161700448956771,385,385,0.38804393261671066,3.2412261962890625,,
WIKI_sf1,single,B1,0.3,0.5,31,239345,247272.72727272724,1.0331225940492896,385,385,0.38758479058742523,3.025376319885254,,
WIKI_sf1,single,B1,0.3,0.5,32,239756,245194.80519480517,1.0226847511420158,385,385,0.38613658398389816,2.991903066635132,,
WIKI_sf1,single,B1,0.3,0.5,33,239985,261818.1818181818,1.0909772769889026,385,385,0.37855561822652817,2.905020236968994,,
WIKI_sf1,single,B1,0.3,0.5,34,240118,220259.74025974024,1.0901583726415096,385,385,0.3798259422183037,2.8607704639434814,,
WIKI_sf1,single,B1,0.3,0.5,35,240212,270129.87012987013,1.1245477750065365,385,385,0.37951674312353134,3.424071788787842,,
WIKI_sf1,single,B1,0.3,0.5,36,239313,234805.1948051948,1.0191980641592921,385,385,0.3852648660540581,2.689244508743286,,
WIKI_sf1,single,B1,0.3,0.5,37,240148,222337.6623376623,1.0801049065420563,385,385,0.3817090764641762,3.3865468502044678,,
WIKI_sf1,single,B1,0.3,0.5,38,239605,255584.41558441555,1.0666906599796147,385,385,0.38070790469646454,3.2731499671936035,,
WIKI_sf1,single,B1,0.3,0.5,39,239984,263896.10389610386,1.0996404089276945,385,385,0.3813477233052254,2.9861927032470703,,
WIKI_sf1,single,B1,0.3,0.5,40,239974,222337.6623376623,1.0793223130841123,385,385,0.3827447071671486,3.2372279167175293,,
WIKI_sf1,single,B1,0.3,0.5,41,240670,255584.41558441555,1.0619703975751675,385,385,0.3869151696562767,2.8476383686065674,,
WIKI_sf1,single,B1,0.3,0.5,42,240089,247272.72727272724,1.0299211012279914,385,385,0.39116106927394867,2.822422504425049,,
WIKI_sf1,single,B1,0.3,0.5,43,240065,236883.11688311686,1.0134322916666667,385,385,0.3888057544827461,2.605512857437134,,
WIKI_sf1,single,B1,0.3,0.5,44,240847,253506.49350649348,1.052562388182097,385,385,0.3806082531809807,2.9780378341674805,,
WIKI_sf1,single,B1,0.3,0.5,45,239815,230649.3506493506,1.0397384572072075,385,385,0.3804657608270645,2.844095230102539,,
WIKI_sf1,single,B1,0.3,0.5,46,238902,236883.11688311686,1.0085226973684212,385,385,0.3919452428817749,2.745255470275879,,
WIKI_sf1,single,B1,0.3,0.5,47,241091,232727.2727272727,1.035937890625,385,385,0.37909671664237976,2.939598798751831,,
WIKI_sf1,single,B1,0.3,0.5,48,241093,230649.3506493506,1.0452793355855858,385,385,0.37939008325338364,3.007629156112671,,
WIKI_sf1,single,B1,0.3,0.5,49,240105,253506.49350649348,1.055815137154551,385,385,0.38320571184158325,3.1452503204345703,,
WIKI_sf1,single,B1,0.3,0.5,50,240369,169633.50785340313,1.4169900925925927,382,382,0.35673752427101135,3.228424549102783,,
WIKI_sf1,single,B1,0.3,0.5,51,240459,242931.93717277484,1.0102842362846673,382,382,0.35770609974861145,2.652484893798828,,
WIKI_sf1,single,B1,0.3,0.5,52,240295,249214.65968586385,1.0371196224884573,382,382,0.3585349768400192,3.0188515186309814,,
WIKI_sf1,single,B1,0.3,0.5,53,240644,236649.21465968585,1.0168806194690265,382,382,0.3543589264154434,3.191838026046753,,
WIKI_sf1,single,B1,0.3,0.5,54,240464,257591.6230366492,1.0712273896992863,382,382,0.35364460200071335,3.2758140563964844,,
WIKI_sf1,single,B1,0.3,0.5,55,239549,217801.04712041884,1.0998523798076925,382,382,0.3483593463897705,3.10781192779541,,
WIKI_sf1,single,B1,0.3,0.5,56,239430,224083.76963350782,1.0684843457943927,382,382,0.34964922815561295,3.1516058444976807,,
WIKI_sf1,single,B1,0.3,0.5,57,240818,242931.93717277484,1.0087781526828346,382,382,0.3540022298693657,2.7316291332244873,,
WIKI_sf1,single,B1,0.3,0.5,58,240523,251308.90052356018,1.0448435306542834,382,382,0.3538690507411957,2.983566999435425,,
WIKI_sf1,single,B1,0.3,0.5,59,239803,261780.10471204185,1.0916464961324164,382,382,0.34824665635824203,3.0360281467437744,,
WIKI_sf1,single,B1,0.3,0.5,60,239374,240837.6963350785,1.006114683863237,382,382,0.3477940335869789,3.03922438621521,,
WIKI_sf1,single,B1,0.3,0.5,61,239092,209424.0837696335,1.1416643000000002,382,382,0.3459043800830841,2.8724758625030518,,
WIKI_sf1,single,B1,0.3,0.5,62,240674,247120.41884816752,1.026784857725253,382,382,0.34788623452186584,3.245337724685669,,
WIKI_sf1,single,B1,0.3,0.5,63,241100,205235.6020942408,1.174747448979592,382,382,0.34999847412109375,3.1876637935638428,,
WIKI_sf1,single,B1,0.3,0.5,64,240146,224083.76963350782,1.0716795794392524,382,382,0.3533707931637764,2.974116325378418,,
WIKI_sf1,single,B1,0.3,0.5,65,240369,224083.76963350782,1.0726747429906545,382,382,0.35186950117349625,2.8703739643096924,,
WIKI_sf1,single,B1,0.3,0.5,66,240486,238743.45549738218,1.0072988157894738,382,382,0.35418570041656494,2.9639766216278076,,
WIKI_sf1,single,B1,0.3,0.5,67,240139,217801.04712041884,1.1025612740384616,382,382,0.3501446917653084,3.4858365058898926,,
WIKI_sf1,single,B1,0.3,0.5,68,240839,247120.41884816752,1.026081402298496,382,382,0.350460410118103,2.9377448558807373,,
WIKI_sf1,single,B1,0.3,0.5,69,240019,211518.32460732982,1.134743292079208,382,382,0.34697726368904114,3.2020750045776367,,
WIKI_sf1,single,B1,0.3,0.5,70,239315,247120.41884816752,1.0326156690895578,382,382,0.3457656130194664,3.1711151599884033,,
WIKI_sf1,single,B1,0.3,0.5,71,239463,209424.0837696335,1.143435825,382,382,0.3438936546444893,3.1013007164001465,,
WIKI_sf1,single,B1,0.3,0.5,72,239799,226178.01047120418,1.0602224305555557,382,382,0.3453157842159271,3.1179890632629395,,
WIKI_sf1,single,B1,0.3,0.5,73,239969,221989.5287958115,1.080992429245283,382,382,0.34532230347394943,3.1937239170074463,,
WIKI_sf1,single,B1,0.3,0.5,74,240673,228272.2513089005,1.054324380733945,382,382,0.34732092171907425,2.8405961990356445,,
WIKI_sf1,single,B1,0.3,0.5,75,240269,270157.0680628272,1.1243941917718359,382,382,0.34747645258903503,3.0121498107910156,,
WIKI_sf1,single,B1,0.3,0.5,76,238668,251308.90052356018,1.0529643711078158,382,382,0.35162363201379776,3.0951550006866455,,
WIKI_sf1,single,B1,0.3,0.5,77,240270,234554.9738219895,1.0243654017857144,382,382,0.3529256209731102,2.874937057495117,,
WIKI_sf1,single,B1,0.3,0.5,78,240913,251308.90052356018,1.0431520944223025,382,382,0.35640131682157516,3.216874837875366,,
WIKI_sf1,single,B1,0.3,0.5,79,240821,230366.49214659684,1.0453820681818182,382,382,0.3509707748889923,3.0790536403656006,,
WIKI_sf1,single,B1,0.3,0.5,80,240251,240837.6963350785,1.0024420141230568,382,382,0.3496939316391945,2.5358760356903076,,
WIKI_sf1,single,B1,0.3,0.5,81,239815,228272.2513089005,1.0505657110091744,382,382,0.34655164927244186,2.6898703575134277,,
WIKI_sf1,single,B1,0.3,0.5,82,240905,232460.73298429316,1.0363255630630632,382,382,0.3455141559243202,2.7783637046813965,,
WIKI_sf1,single,B1,0.3,0.5,83,241287,280628.2722513089,1.1630476248256594,382,382,0.3472501412034035,2.898582935333252,,
WIKI_sf1,single,B1,0.3,0.5,84,240406,253403.1413612565,1.0540632985917844,382,382,0.3445819020271301,3.2156875133514404,,
WIKI_sf1,single,B1,0.3,0.5,85,239776,247120.41884816752,1.0306303335119757,382,382,0.344262458384037,3.135061264038086,,
WIKI_sf1,single,B1,0.3,0.5,86,240507,224083.76963350782,1.0732905841121496,382,382,0.34482963383197784,3.2442331314086914,,
WIKI_sf1,single,B1,0.3,0.5,87,239485,228272.2513089005,1.0491200688073394,382,382,0.35086739808321,3.471219062805176,,
WIKI_sf1,single,B1,0.3,0.5,88,240417,232460.73298429316,1.034226283783784,382,382,0.3550257533788681,3.2589330673217773,,
WIKI_sf1,single,B1,0.3,0.5,89,238890,226178.01047120418,1.0562034722222222,382,382,0.3522103652358055,2.688448429107666,,
WIKI_sf1,single,B1,0.3,0.5,90,239880,249214.65968586385,1.038913872293913,382,382,0.3553852438926697,2.8888070583343506,,
WIKI_sf1,single,B1,0.3,0.5,91,240191,228272.2513089005,1.052212866972477,382,382,0.3511551767587662,3.088979482650757,,
WIKI_sf1,single,B1,0.3,0.5,92,240364,230366.49214659684,1.0433982727272728,382,382,0.34513697028160095,3.0890700817108154,,
WIKI_sf1,single,B1,0.3,0.5,93,240047,228272.2513089005,1.0515820412844037,382,382,0.34448131918907166,3.1042184829711914,,
WIKI_sf1,single,B1,0.3,0.5,94,239454,238743.45549738218,1.0029761842105265,382,382,0.34307222813367844,2.8224856853485107,,
WIKI_sf1,single,B1,0.3,0.5,95,240610,219895.28795811516,1.094202619047619,382,382,0.3466494381427765,2.6919524669647217,,
WIKI_sf1,single,B1,0.3,0.5,96,239299,224083.76963350782,1.0678997429906543,382,382,0.345056876540184,2.751720428466797,,
WIKI_sf1,single,B1,0.3,0.5,97,240036,217801.04712041884,1.1020883653846154,382,382,0.3446042537689209,2.994227409362793,,
WIKI_sf1,single,B1,0.3,0.5,98,239568,198952.87958115182,1.2041444210526318,382,382,0.34586433321237564,2.9739558696746826,,
WIKI_sf1,single,B1,0.3,0.5,99,239798,253403.1413612565,1.056735841671976,382,382,0.3506466746330261,2.772458553314209,,
WIKI_sf1,single,B1,0.5,0.1,0,399996,411428.57142857136,1.0285817143885723,385,385,0.42519811540842056,2.956530809402466,,
WIKI_sf1,single,B1,0.5,0.1,1,399217,347012.98701298697,1.1504382110778444,385,385,0.40347035974264145,2.895246982574463,,
WIKI_sf1,single,B1,0.5,0.1,2,400118,382337.6623376623,1.0465042798913045,385,385,0.39659906178712845,2.977625846862793,,
WIKI_sf1,single,B1,0.5,0.1,3,399968,396883.11688311683,1.00777277486911,385,385,0.3921007737517357,2.7556166648864746,,
WIKI_sf1,single,B1,0.5,0.1,4,399481,392727.2727272727,1.0171969907407408,385,385,0.38953498005867004,3.038688898086548,,
WIKI_sf1,single,B1,0.5,0.1,5,401075,374025.974025974,1.072318576388889,385,385,0.38510188460350037,3.2330827713012695,,
WIKI_sf1,single,B1,0.5,0.1,6,399182,436363.63636363635,1.0931445715579269,385,385,0.38853753358125687,3.115321636199951,,
WIKI_sf1,single,B1,0.5,0.1,7,400636,396883.11688311683,1.0094558900523563,385,385,0.39001647382974625,3.0684995651245117,,
WIKI_sf1,single,B1,0.5,0.1,8,400572,380259.7402597402,1.0534168032786886,385,385,0.3883158788084984,2.9735372066497803,,
WIKI_sf1,single,B1,0.5,0.1,9,400510,380259.7402597402,1.0532537568306013,385,385,0.39506424218416214,2.9753334522247314,,
WIKI_sf1,single,B1,0.5,0.1,10,399550,371948.0519480519,1.074209148044693,385,385,0.38664042949676514,2.9268627166748047,,
WIKI_sf1,single,B1,0.5,0.1,11,399444,392727.2727272727,1.017102777777778,385,385,0.3817053511738777,3.191362142562866,,
WIKI_sf1,single,B1,0.5,0.1,12,399420,401038.961038961,1.0040532798531896,385,385,0.37985481321811676,3.3044192790985107,,
WIKI_sf1,single,B1,0.5,0.1,13,399039,452987.012987013,1.135194838065986,385,385,0.38166623562574387,3.184591293334961,,
WIKI_sf1,single,B1,0.5,0.1,14,399624,401038.961038961,1.003540730884434,385,385,0.37907715886831284,3.2170603275299072,,
WIKI_sf1,single,B1,0.5,0.1,15,399224,417662.33766233764,1.0461854439170433,385,385,0.3779018297791481,2.806659698486328,,
WIKI_sf1,single,B1,0.5,0.1,16,400413,432207.79220779217,1.079404994862285,385,385,0.38019660860300064,3.0057966709136963,,
WIKI_sf1,single,B1,0.5,0.1,17,400441,401038.961038961,1.0014932562823513,385,385,0.39043277502059937,2.97538423538208,,
WIKI_sf1,single,B1,0.5,0.1,18,400233,394805.19480519474,1.0137480592105266,385,385,0.3949413076043129,3.034446954727173,,
WIKI_sf1,single,B1,0.5,0.1,19,400138,419740.25974025973,1.048988748232509,385,385,0.39129145443439484,3.059814929962158,,
WIKI_sf1,single,B1,0.5,0.1,20,399087,367792.2077922078,1.0850882415254237,385,385,0.3891428932547569,3.076849937438965,,
WIKI_sf1,single,B1,0.5,0.1,21,399083,411428.57142857136,1.0309348467075055,385,385,0.38054678589105606,3.0381875038146973,,
WIKI_sf1,single,B1,0.5,0.1,22,398976,394805.19480519474,1.010564210526316,385,385,0.3764862194657326,3.1141059398651123,,
WIKI_sf1,single,B1,0.5,0.1,23,400002,386493.5064935065,1.0349514112903226,385,385,0.3820117563009262,3.3184168338775635,,
WIKI_sf1,single,B1,0.5,0.1,24,398695,419740.25974025973,1.052785361592846,385,385,0.38042105734348297,3.274461269378662,,
WIKI_sf1,single,B1,0.5,0.1,25,399056,405194.80519480514,1.015383317616588,385,385,0.3800550475716591,3.1292519569396973,,
WIKI_sf1,single,B1,0.5,0.1,26,399888,386493.5064935065,1.0346564516129033,385,385,0.3807106986641884,3.2293622493743896,,
WIKI_sf1,single,B1,0.5,0.1,27,398986,430129.8701298701,1.0780575512170103,385,385,0.3822268918156624,3.0051801204681396,,
WIKI_sf1,single,B1,0.5,0.1,28,399090,396883.11688311683,1.0055605366492149,385,385,0.3843884915113449,3.0524423122406006,,
WIKI_sf1,single,B1,0.5,0.1,29,399437,365714.2857142857,1.092210546875,385,385,0.38791634142398834,3.4165778160095215,,
WIKI_sf1,single,B1,0.5,0.1,30,400488,394805.19480519474,1.0143939473684211,385,385,0.39143767207860947,3.3677282333374023,,
WIKI_sf1,single,B1,0.5,0.1,31,399560,388571.4285714285,1.028279411764706,385,385,0.384490005671978,3.1891610622406006,,
WIKI_sf1,single,B1,0.5,0.1,32,400327,411428.57142857136,1.0277312582677944,385,385,0.37964247167110443,3.161328077316284,,
WIKI_sf1,single,B1,0.5,0.1,33,398474,405194.80519480514,1.0168663581433297,385,385,0.3800066187977791,3.038882255554199,,
WIKI_sf1,single,B1,0.5,0.1,34,399597,380259.7402597402,1.0508527663934428,385,385,0.3820173442363739,3.0009453296661377,,
WIKI_sf1,single,B1,0.5,0.1,35,400737,434285.71428571426,1.083717536153922,385,385,0.38272328674793243,3.5287232398986816,,
WIKI_sf1,single,B1,0.5,0.1,36,399178,382337.6623376623,1.0440457201086957,385,385,0.37807412445545197,2.8383657932281494,,
WIKI_sf1,single,B1,0.5,0.1,37,399343,369870.12987012987,1.079684375,385,385,0.3821374848484993,3.509263515472412,,
WIKI_sf1,single,B1,0.5,0.1,38,400092,440519.4805194805,1.1010454608427074,385,385,0.37832651287317276,3.440303325653076,,
WIKI_sf1,single,B1,0.5,0.1,39,398833,403116.8831168831,1.0107410447903837,385,385,0.3840075805783272,3.1054253578186035,,
WIKI_sf1,single,B1,0.5,0.1,40,399400,392727.2727272727,1.0169907407407408,385,385,0.39342232048511505,3.3449838161468506,,
WIKI_sf1,single,B1,0.5,0.1,41,399637,438441.5584415584,1.0970995139127717,385,385,0.38784556090831757,2.975156307220459,,
WIKI_sf1,single,B1,0.5,0.1,42,399360,374025.974025974,1.0677333333333334,385,385,0.38876477628946304,2.945598602294922,,
WIKI_sf1,single,B1,0.5,0.1,43,399782,392727.2727272727,1.017963425925926,385,385,0.3808736801147461,2.777498722076416,,
WIKI_sf1,single,B1,0.5,0.1,44,400843,407272.72727272724,1.0160405128010899,385,385,0.37881359457969666,3.1302809715270996,,
WIKI_sf1,single,B1,0.5,0.1,45,400582,392727.2727272727,1.020000462962963,385,385,0.3800736740231514,3.0284383296966553,,
WIKI_sf1,single,B1,0.5,0.1,46,399066,432207.79220779217,1.083048398530048,385,385,0.3776354715228081,2.8869221210479736,,
WIKI_sf1,single,B1,0.5,0.1,47,399644,419740.25974025973,1.0502854033596394,385,385,0.37804245948791504,3.0726675987243652,,
WIKI_sf1,single,B1,0.5,0.1,48,400592,382337.6623376623,1.0477440217391305,385,385,0.37840288132429123,3.1367783546447754,,
WIKI_sf1,single,B1,0.5,0.1,49,400016,380259.7402597402,1.0519546448087433,385,385,0.37948600947856903,3.296576976776123,,
WIKI_sf1,single,B1,0.5,0.1,50,400549,404188.48167539266,1.0090862333332318,382,382,0.3660907968878746,3.3469667434692383,,
WIKI_sf1,single,B1,0.5,0.1,51,400190,441884.8167539267,1.104187552797238,382,382,0.36061834543943405,2.842656135559082,,
WIKI_sf1,single,B1,0.5,0.1,52,399672,423036.64921465964,1.0584595598757471,382,382,0.35746674984693527,3.1270883083343506,,
WIKI_sf1,single,B1,0.5,0.1,53,399551,393717.277486911,1.014817034574468,382,382,0.35301409661769867,3.3059191703796387,,
WIKI_sf1,single,B1,0.5,0.1,54,400584,351832.46073298424,1.138564642857143,382,382,0.3475937992334366,3.387834072113037,,
WIKI_sf1,single,B1,0.5,0.1,55,399089,412565.445026178,1.0337680192292396,382,382,0.3462899476289749,3.249117851257324,,
WIKI_sf1,single,B1,0.5,0.1,56,401062,425130.890052356,1.0600128909055357,382,382,0.34707318991422653,3.278531789779663,,
WIKI_sf1,single,B1,0.5,0.1,57,400494,408376.9633507853,1.0196830997487736,382,382,0.34589599817991257,2.9491195678710938,,
WIKI_sf1,single,B1,0.5,0.1,58,401026,389528.79581151827,1.029515672043011,382,382,0.3461455926299095,3.103874683380127,,
WIKI_sf1,single,B1,0.5,0.1,59,399891,397905.75916230364,1.0049892236842106,382,382,0.3458186984062195,3.17519211769104,,
WIKI_sf1,single,B1,0.5,0.1,60,399820,420942.4083769633,1.0528297943498657,382,382,0.3437260165810585,3.157532215118408,,
WIKI_sf1,single,B1,0.5,0.1,61,399705,393717.277486911,1.0152081781914895,382,382,0.3463504835963249,3.023564100265503,,
WIKI_sf1,single,B1,0.5,0.1,62,399897,410471.2041884816,1.0264423193684413,382,382,0.35100430250167847,3.351372241973877,,
WIKI_sf1,single,B1,0.5,0.1,63,400569,410471.2041884816,1.024720345779333,382,382,0.3528939560055733,3.2868456840515137,,
WIKI_sf1,single,B1,0.5,0.1,64,399480,416753.9267015706,1.0432410300930475,382,382,0.35466812551021576,3.1142165660858154,,
WIKI_sf1,single,B1,0.5,0.1,65,399233,402094.2408376963,1.0071668445186053,382,382,0.3502406179904938,2.996610164642334,,
WIKI_sf1,single,B1,0.5,0.1,66,400721,372774.8691099476,1.0749678511235956,382,382,0.3445204347372055,3.1045751571655273,,
WIKI_sf1,single,B1,0.5,0.1,67,400885,397905.75916230364,1.007487302631579,382,382,0.3459872677922249,3.638792037963867,,
WIKI_sf1,single,B1,0.5,0.1,68,400347,404188.48167539266,1.0095953801961615,382,382,0.3438210114836693,3.0703582763671875,,
WIKI_sf1,single,B1,0.5,0.1,69,399299,381151.83246073296,1.0476113873626374,382,382,0.3449181094765663,3.30045223236084,,
WIKI_sf1,single,B1,0.5,0.1,70,398360,450261.780104712,1.130288633659785,382,382,0.3449106588959694,3.3042502403259277,,
WIKI_sf1,single,B1,0.5,0.1,71,399849,381151.83246073296,1.049054381868132,382,382,0.34489016979932785,3.2278592586517334,,
WIKI_sf1,single,B1,0.5,0.1,72,398903,374869.10994764394,1.0641127513966482,382,382,0.3431467339396477,3.2777957916259766,,
WIKI_sf1,single,B1,0.5,0.1,73,401241,360209.4240837696,1.1139103343023256,382,382,0.3496333956718445,3.3147201538085938,,
WIKI_sf1,single,B1,0.5,0.1,74,399876,374869.10994764394,1.0667083240223465,382,382,0.35084038972854614,2.9640262126922607,,
WIKI_sf1,single,B1,0.5,0.1,75,400118,395811.5183246073,1.0108801322751324,382,382,0.351891852915287,3.127434015274048,,
WIKI_sf1,single,B1,0.5,0.1,76,398429,379057.5916230366,1.0511041298342543,382,382,0.3510015085339546,3.2277393341064453,,
WIKI_sf1,single,B1,0.5,0.1,77,399292,385340.3141361256,1.036206141304348,382,382,0.3507537767291069,3.0243325233459473,,
WIKI_sf1,single,B1,0.5,0.1,78,400870,389528.79581151827,1.029115188172043,382,382,0.3491155803203583,3.324742317199707,,
WIKI_sf1,single,B1,0.5,0.1,79,400128,408376.9633507853,1.0206158113173418,382,382,0.3447318449616432,3.192735195159912,,
WIKI_sf1,single,B1,0.5,0.1,80,399753,395811.5183246073,1.0099579761904762,382,382,0.34405477344989777,2.733668804168701,,
WIKI_sf1,single,B1,0.5,0.1,81,399759,383246.0732984293,1.0430870081967214,382,382,0.3433572128415108,2.828246593475342,,
WIKI_sf1,single,B1,0.5,0.1,82,400459,443979.057591623,1.108675438912905,382,382,0.34446921199560165,2.9285430908203125,,
WIKI_sf1,single,B1,0.5,0.1,83,400970,385340.3141361256,1.0405607336956524,382,382,0.3475835546851158,3.0680789947509766,,
WIKI_sf1,single,B1,0.5,0.1,84,399795,391623.0366492146,1.020866911764706,382,382,0.34908391535282135,3.3280725479125977,,
WIKI_sf1,single,B1,0.5,0.1,85,400322,416753.9267015706,1.0410467741007754,382,382,0.34363381564617157,3.252112865447998,,
WIKI_sf1,single,B1,0.5,0.1,86,400239,366492.1465968586,1.0920807000000001,382,382,0.3494173288345337,3.361764430999756,,
WIKI_sf1,single,B1,0.5,0.1,87,399733,389528.79581151827,1.0261962768817205,382,382,0.3500683233141899,3.585930585861206,,
WIKI_sf1,single,B1,0.5,0.1,88,399596,416753.9267015706,1.0429381843200898,382,382,0.3515221178531647,3.3722925186157227,,
WIKI_sf1,single,B1,0.5,0.1,89,399125,406282.72251308896,1.0179335358924873,382,382,0.34879427403211594,2.843700885772705,,
WIKI_sf1,single,B1,0.5,0.1,90,399984,414659.6858638743,1.0366906822869772,382,382,0.3486601635813713,3.0201704502105713,,
WIKI_sf1,single,B1,0.5,0.1,91,400645,399999.99999999994,1.0016125000000002,382,382,0.34482311457395554,3.254396677017212,,
WIKI_sf1,single,B1,0.5,0.1,92,399737,410471.2041884816,1.0268531664281306,382,382,0.34429971128702164,3.2084083557128906,,
WIKI_sf1,single,B1,0.5,0.1,93,399046,410471.2041884816,1.0286312961124322,382,382,0.3437269479036331,3.232715368270874,,
WIKI_sf1,single,B1,0.5,0.1,94,400111,387434.55497382197,1.0327189324324324,382,382,0.34403055906295776,2.970113754272461,,
WIKI_sf1,single,B1,0.5,0.1,95,400313,402094.2408376963,1.0044496202663824,382,382,0.35046786069869995,2.8594446182250977,,
WIKI_sf1,single,B1,0.5,0.1,96,399330,399999.99999999994,1.0016778103323065,382,382,0.34464988857507706,2.9090685844421387,,
WIKI_sf1,single,B1,0.5,0.1,97,400316,389528.79581151827,1.0276929569892475,382,382,0.3426717594265938,3.138204336166382,,
WIKI_sf1,single,B1,0.5,0.1,98,399684,404188.48167539266,1.0112701075734647,382,382,0.34801289439201355,3.1707606315612793,,
WIKI_sf1,single,B1,0.5,0.1,99,399548,385340.3141361256,1.036870489130435,382,382,0.3528399392962456,2.9158523082733154,,
WIKI_sf1,single,B1,0.5,0.2,0,399996,403116.8831168831,1.007802285815066,385,385,0.41338056325912476,2.956530809402466,,
WIKI_sf1,single,B1,0.5,0.2,1,399217,436363.63636363635,1.0930487338055153,385,385,0.3923187032341957,2.895246982574463,,
WIKI_sf1,single,B1,0.5,0.2,2,400118,378181.8181818181,1.058004326923077,385,385,0.3889435902237892,2.977625846862793,,
WIKI_sf1,single,B1,0.5,0.2,3,399968,413506.49350649345,1.0338489416815682,385,385,0.3861794248223305,2.7556166648864746,,
WIKI_sf1,single,B1,0.5,0.2,4,399481,425974.02597402595,1.0663186133358682,385,385,0.3840755671262741,3.038688898086548,,
WIKI_sf1,single,B1,0.5,0.2,5,401075,390649.3506493506,1.0266879986702129,385,385,0.38907118141651154,3.2330827713012695,,
WIKI_sf1,single,B1,0.5,0.2,6,399182,411428.57142857136,1.0306791674689022,385,385,0.3840401768684387,3.115321636199951,,
WIKI_sf1,single,B1,0.5,0.2,7,400636,413506.49350649345,1.032125154770149,385,385,0.3824979066848755,3.0684995651245117,,
WIKI_sf1,single,B1,0.5,0.2,8,400572,421818.18181818177,1.0530396079061486,385,385,0.3904514014720917,2.9735372066497803,,
WIKI_sf1,single,B1,0.5,0.2,9,400510,405194.80519480514,1.0116970991855512,385,385,0.3885030746459961,2.9753334522247314,,
WIKI_sf1,single,B1,0.5,0.2,10,399550,405194.80519480514,1.0141279068822553,385,385,0.3893272951245308,2.9268627166748047,,
WIKI_sf1,single,B1,0.5,0.2,11,399444,386493.5064935065,1.0335076612903227,385,385,0.38518011569976807,3.191362142562866,,
WIKI_sf1,single,B1,0.5,0.2,12,399420,382337.6623376623,1.044678668478261,385,385,0.3826357424259186,3.3044192790985107,,
WIKI_sf1,single,B1,0.5,0.2,13,399039,446753.2467532467,1.1195728907531513,385,385,0.377800315618515,3.184591293334961,,
WIKI_sf1,single,B1,0.5,0.2,14,399624,419740.25974025973,1.0503379670396666,385,385,0.3786180168390274,3.2170603275299072,,
WIKI_sf1,single,B1,0.5,0.2,15,399224,382337.6623376623,1.0441660326086957,385,385,0.3846092149615288,2.806659698486328,,
WIKI_sf1,single,B1,0.5,0.2,16,400413,388571.4285714285,1.0304746323529412,385,385,0.3786124289035797,3.0057966709136963,,
WIKI_sf1,single,B1,0.5,0.2,17,400441,394805.19480519474,1.0142749013157897,385,385,0.38072187453508377,2.97538423538208,,
WIKI_sf1,single,B1,0.5,0.2,18,400233,369870.12987012987,1.082090625,385,385,0.38280803710222244,3.034446954727173,,
WIKI_sf1,single,B1,0.5,0.2,19,400138,401038.961038961,1.0022516257865062,385,385,0.3886912018060684,3.059814929962158,,
WIKI_sf1,single,B1,0.5,0.2,20,399087,411428.57142857136,1.0309245137741179,385,385,0.38571935147047043,3.076849937438965,,
WIKI_sf1,single,B1,0.5,0.2,21,399083,407272.72727272724,1.0205213634074297,385,385,0.38868002593517303,3.0381875038146973,,
WIKI_sf1,single,B1,0.5,0.2,22,398976,425974.02597402595,1.0676682957722419,385,385,0.38098637014627457,3.1141059398651123,,
WIKI_sf1,single,B1,0.5,0.2,23,400002,363636.3636363636,1.1000055000000002,385,385,0.38093142211437225,3.3184168338775635,,
WIKI_sf1,single,B1,0.5,0.2,24,398695,380259.7402597402,1.0484807035519128,385,385,0.38012396544218063,3.274461269378662,,
WIKI_sf1,single,B1,0.5,0.2,25,399056,359480.51948051946,1.1100907514450868,385,385,0.3837449476122856,3.1292519569396973,,
WIKI_sf1,single,B1,0.5,0.2,26,399888,396883.11688311683,1.007571204188482,385,385,0.37994328886270523,3.2293622493743896,,
WIKI_sf1,single,B1,0.5,0.2,27,398986,394805.19480519474,1.0105895394736844,385,385,0.3810729831457138,3.0051801204681396,,
WIKI_sf1,single,B1,0.5,0.2,28,399090,403116.8831168831,1.0100901629128345,385,385,0.38181617856025696,3.0524423122406006,,
WIKI_sf1,single,B1,0.5,0.2,29,399437,380259.7402597402,1.0504320013661204,385,385,0.3854064270853996,3.4165778160095215,,
WIKI_sf1,single,B1,0.5,0.2,30,400488,428051.948051948,1.0688259025287847,385,385,0.389917753636837,3.3677282333374023,,
WIKI_sf1,single,B1,0.5,0.2,31,399560,405194.80519480514,1.0141025257653546,385,385,0.38858968764543533,3.1891610622406006,,
WIKI_sf1,single,B1,0.5,0.2,32,400327,384415.5844155844,1.0413911824324324,385,385,0.3860862925648689,3.161328077316284,,
WIKI_sf1,single,B1,0.5,0.2,33,398474,396883.11688311683,1.004008442408377,385,385,0.38146041333675385,3.038882255554199,,
WIKI_sf1,single,B1,0.5,0.2,34,399597,367792.2077922078,1.0864748940677966,385,385,0.37929974496364594,3.0009453296661377,,
WIKI_sf1,single,B1,0.5,0.2,35,400737,398961.0389610389,1.0044514648437501,385,385,0.3837365657091141,3.5287232398986816,,
WIKI_sf1,single,B1,0.5,0.2,36,399178,407272.72727272724,1.020278490479754,385,385,0.3826078027486801,2.8383657932281494,,
WIKI_sf1,single,B1,0.5,0.2,37,399343,405194.80519480514,1.0146535814946178,385,385,0.37621520459651947,3.509263515472412,,
WIKI_sf1,single,B1,0.5,0.2,38,400092,413506.49350649345,1.0335285222061261,385,385,0.3787977620959282,3.440303325653076,,
WIKI_sf1,single,B1,0.5,0.2,39,398833,432207.79220779217,1.0836811201876277,385,385,0.3808094188570976,3.1054253578186035,,
WIKI_sf1,single,B1,0.5,0.2,40,399400,394805.19480519474,1.011638157894737,385,385,0.38363318890333176,3.3449838161468506,,
WIKI_sf1,single,B1,0.5,0.2,41,399637,371948.0519480519,1.0744430516759778,385,385,0.38560107350349426,2.975156307220459,,
WIKI_sf1,single,B1,0.5,0.2,42,399360,390649.3506493506,1.0222978723404257,385,385,0.3904039040207863,2.945598602294922,,
WIKI_sf1,single,B1,0.5,0.2,43,399782,382337.6623376623,1.0456254755434784,385,385,0.38925651460886,2.777498722076416,,
WIKI_sf1,single,B1,0.5,0.2,44,400843,398961.0389610389,1.0047171549479168,385,385,0.37826597690582275,3.1302809715270996,,
WIKI_sf1,single,B1,0.5,0.2,45,400582,405194.80519480514,1.0115152582862064,385,385,0.37912745028734207,3.0284383296966553,,
WIKI_sf1,single,B1,0.5,0.2,46,399066,353246.75324675324,1.1297088970588236,385,385,0.38676057010889053,2.8869221210479736,,
WIKI_sf1,single,B1,0.5,0.2,47,399644,374025.974025974,1.068492638888889,385,385,0.3805737942457199,3.0726675987243652,,
WIKI_sf1,single,B1,0.5,0.2,48,400592,430129.8701298701,1.0737355467155363,385,385,0.3774026408791542,3.1367783546447754,,
WIKI_sf1,single,B1,0.5,0.2,49,400016,380259.7402597402,1.0519546448087433,385,385,0.3790026530623436,3.296576976776123,,
WIKI_sf1,single,B1,0.5,0.2,50,400549,391623.0366492146,1.022792232620321,382,382,0.35187602043151855,3.3469667434692383,,
WIKI_sf1,single,B1,0.5,0.2,51,400190,402094.2408376963,1.0047583418818469,382,382,0.3563081845641136,2.842656135559082,,
WIKI_sf1,single,B1,0.5,0.2,52,399672,379057.5916230366,1.0543833149171271,382,382,0.3538336604833603,3.1270883083343506,,
WIKI_sf1,single,B1,0.5,0.2,53,399551,391623.0366492146,1.0202438636363638,382,382,0.35473424941301346,3.3059191703796387,,
WIKI_sf1,single,B1,0.5,0.2,54,400584,427225.1308900523,1.0665057288609936,382,382,0.3516022115945816,3.387834072113037,,
WIKI_sf1,single,B1,0.5,0.2,55,399089,406282.72251308896,1.0180253590379313,382,382,0.3478908911347389,3.249117851257324,,
WIKI_sf1,single,B1,0.5,0.2,56,401062,379057.5916230366,1.0580503038674034,382,382,0.3521908074617386,3.278531789779663,,
WIKI_sf1,single,B1,0.5,0.2,57,400494,397905.75916230364,1.006504657894737,382,382,0.34534651786088943,2.9491195678710938,,
WIKI_sf1,single,B1,0.5,0.2,58,401026,431413.612565445,1.075774669386636,382,382,0.34601055085659027,3.103874683380127,,
WIKI_sf1,single,B1,0.5,0.2,59,399891,397905.75916230364,1.0049892236842106,382,382,0.34480635076761246,3.17519211769104,,
WIKI_sf1,single,B1,0.5,0.2,60,399820,383246.0732984293,1.0432461748633879,382,382,0.3445874899625778,3.157532215118408,,
WIKI_sf1,single,B1,0.5,0.2,61,399705,416753.9267015706,1.0426537739121868,382,382,0.3415048122406006,3.023564100265503,,
WIKI_sf1,single,B1,0.5,0.2,62,399897,410471.2041884816,1.0264423193684413,382,382,0.3471840173006058,3.351372241973877,,
WIKI_sf1,single,B1,0.5,0.2,63,400569,387434.55497382197,1.0339010675675677,382,382,0.3524739295244217,3.2868456840515137,,
WIKI_sf1,single,B1,0.5,0.2,64,399480,379057.5916230366,1.0538767955801107,382,382,0.35347696393728256,3.1142165660858154,,
WIKI_sf1,single,B1,0.5,0.2,65,399233,402094.2408376963,1.0071668445186053,382,382,0.3508245572447777,2.996610164642334,,
WIKI_sf1,single,B1,0.5,0.2,66,400721,397905.75916230364,1.0070751447368422,382,382,0.3495672717690468,3.1045751571655273,,
WIKI_sf1,single,B1,0.5,0.2,67,400885,429319.37172774866,1.070928998909285,382,382,0.3447718918323517,3.638792037963867,,
WIKI_sf1,single,B1,0.5,0.2,68,400347,374869.10994764394,1.0679647625698325,382,382,0.3482736647129059,3.0703582763671875,,
WIKI_sf1,single,B1,0.5,0.2,69,399299,368586.3874345549,1.0833254119318183,382,382,0.34344661980867386,3.30045223236084,,
WIKI_sf1,single,B1,0.5,0.2,70,398360,406282.72251308896,1.0198883485116201,382,382,0.3447141498327255,3.3042502403259277,,
WIKI_sf1,single,B1,0.5,0.2,71,399849,391623.0366492146,1.0210047994652407,382,382,0.34514162689447403,3.2278592586517334,,
WIKI_sf1,single,B1,0.5,0.2,72,398903,406282.72251308896,1.018500042649689,382,382,0.3440156579017639,3.2777957916259766,,
WIKI_sf1,single,B1,0.5,0.2,73,401241,393717.277486911,1.0191094547872341,382,382,0.34291762858629227,3.3147201538085938,,
WIKI_sf1,single,B1,0.5,0.2,74,399876,410471.2041884816,1.0264962243007372,382,382,0.34777726978063583,2.9640262126922607,,
WIKI_sf1,single,B1,0.5,0.2,75,400118,423036.64921465964,1.0572797255176214,382,382,0.3564571961760521,3.127434015274048,,
WIKI_sf1,single,B1,0.5,0.2,76,398429,374869.10994764394,1.062848310055866,382,382,0.35448651760816574,3.2277393341064453,,
WIKI_sf1,single,B1,0.5,0.2,77,399292,399999.99999999994,1.0017731384550652,382,382,0.35205669701099396,3.0243325233459473,,
WIKI_sf1,single,B1,0.5,0.2,78,400870,366492.1465968586,1.0938024285714285,382,382,0.350012443959713,3.324742317199707,,
WIKI_sf1,single,B1,0.5,0.2,79,400128,412565.445026178,1.0310836657923914,382,382,0.3474187105894089,3.192735195159912,,
WIKI_sf1,single,B1,0.5,0.2,80,399753,414659.6858638743,1.0372897410747994,382,382,0.3444552421569824,2.733668804168701,,
WIKI_sf1,single,B1,0.5,0.2,81,399759,364397.90575916227,1.0970397844827586,382,382,0.34346897155046463,2.828246593475342,,
WIKI_sf1,single,B1,0.5,0.2,82,400459,370680.6282722513,1.0803343079096046,382,382,0.3441181033849716,2.9285430908203125,,
WIKI_sf1,single,B1,0.5,0.2,83,400970,381151.83246073296,1.0519954670329672,382,382,0.34374091774225235,3.0680789947509766,,
WIKI_sf1,single,B1,0.5,0.2,84,399795,360209.4240837696,1.1098960029069769,382,382,0.349218025803566,3.3280725479125977,,
WIKI_sf1,single,B1,0.5,0.2,85,400322,370680.6282722513,1.0799647175141243,382,382,0.3465050831437111,3.252112865447998,,
WIKI_sf1,single,B1,0.5,0.2,86,400239,376963.3507853403,1.061745125,382,382,0.34672580659389496,3.361764430999756,,
WIKI_sf1,single,B1,0.5,0.2,87,399733,406282.72251308896,1.0163852434327136,382,382,0.35342108458280563,3.585930585861206,,
WIKI_sf1,single,B1,0.5,0.2,88,399596,393717.277486911,1.014931329787234,382,382,0.3498867154121399,3.3722925186157227,,
WIKI_sf1,single,B1,0.5,0.2,89,399125,402094.2408376963,1.007439375728647,382,382,0.35032443702220917,2.843700885772705,,
WIKI_sf1,single,B1,0.5,0.2,90,399984,374869.10994764394,1.0669964245810057,382,382,0.3508310765028,3.0201704502105713,,
WIKI_sf1,single,B1,0.5,0.2,91,400645,437696.335078534,1.0924792149622085,382,382,0.34739822149276733,3.254396677017212,,
WIKI_sf1,single,B1,0.5,0.2,92,399737,410471.2041884816,1.0268531664281306,382,382,0.34662894904613495,3.2084083557128906,,
WIKI_sf1,single,B1,0.5,0.2,93,399046,376963.3507853403,1.058580361111111,382,382,0.34409668296575546,3.232715368270874,,
WIKI_sf1,single,B1,0.5,0.2,94,400111,376963.3507853403,1.0614055694444444,382,382,0.34619681537151337,2.970113754272461,,
WIKI_sf1,single,B1,0.5,0.2,95,400313,410471.2041884816,1.0253756540219319,382,382,0.344226136803627,2.8594446182250977,,
WIKI_sf1,single,B1,0.5,0.2,96,399330,408376.9633507853,1.0226553560984282,382,382,0.34583546221256256,2.9090685844421387,,
WIKI_sf1,single,B1,0.5,0.2,97,400316,389528.79581151827,1.0276929569892475,382,382,0.34538935869932175,3.138204336166382,,
WIKI_sf1,single,B1,0.5,0.2,98,399684,387434.55497382197,1.0316168108108108,382,382,0.35105086863040924,3.1707606315612793,,
WIKI_sf1,single,B1,0.5,0.2,99,399548,395811.5183246073,1.0094400529100531,382,382,0.35394076257944107,2.9158523082733154,,
WIKI_sf1,single,B1,0.5,0.3,0,399996,376103.8961038961,1.063525276243094,385,385,0.4180446267127991,2.956530809402466,,
WIKI_sf1,single,B1,0.5,0.3,1,399217,374025.974025974,1.0673510069444445,385,385,0.39501674473285675,2.895246982574463,,
WIKI_sf1,single,B1,0.5,0.3,2,400118,401038.961038961,1.0023017235889438,385,385,0.3938702866435051,2.977625846862793,,
WIKI_sf1,single,B1,0.5,0.3,3,399968,419740.25974025973,1.0494346041189788,385,385,0.39019249379634857,2.7556166648864746,,
WIKI_sf1,single,B1,0.5,0.3,4,399481,380259.7402597402,1.050547711748634,385,385,0.38457103073596954,3.038688898086548,,
WIKI_sf1,single,B1,0.5,0.3,5,401075,417662.33766233764,1.0413571966897404,385,385,0.38474053144454956,3.2330827713012695,,
WIKI_sf1,single,B1,0.5,0.3,6,399182,403116.8831168831,1.0098573661058943,385,385,0.3801705315709114,3.115321636199951,,
WIKI_sf1,single,B1,0.5,0.3,7,400636,419740.25974025973,1.0476848304702018,385,385,0.3815470263361931,3.0684995651245117,,
WIKI_sf1,single,B1,0.5,0.3,8,400572,396883.11688311683,1.0092946335078534,385,385,0.3881482407450676,2.9735372066497803,,
WIKI_sf1,single,B1,0.5,0.3,9,400510,386493.5064935065,1.0362657930107526,385,385,0.3874022513628006,2.9753334522247314,,
WIKI_sf1,single,B1,0.5,0.3,10,399550,463376.6233766233,1.1597462729986818,385,385,0.38943346589803696,2.9268627166748047,,
WIKI_sf1,single,B1,0.5,0.3,11,399444,409350.6493506493,1.0248010969013162,385,385,0.38386229425668716,3.191362142562866,,
WIKI_sf1,single,B1,0.5,0.3,12,399420,417662.33766233764,1.0456720686553944,385,385,0.3781598061323166,3.3044192790985107,,
WIKI_sf1,single,B1,0.5,0.3,13,399039,380259.7402597402,1.049385348360656,385,385,0.379699282348156,3.184591293334961,,
WIKI_sf1,single,B1,0.5,0.3,14,399624,405194.80519480514,1.0139401166967077,385,385,0.38195960223674774,3.2170603275299072,,
WIKI_sf1,single,B1,0.5,0.3,15,399224,436363.63636363635,1.0930295682715376,385,385,0.3780284896492958,2.806659698486328,,
WIKI_sf1,single,B1,0.5,0.3,16,400413,396883.11688311683,1.0088940117801048,385,385,0.3780415281653404,3.0057966709136963,,
WIKI_sf1,single,B1,0.5,0.3,17,400441,392727.2727272727,1.0196414351851852,385,385,0.37948135286569595,2.97538423538208,,
WIKI_sf1,single,B1,0.5,0.3,18,400233,382337.6623376623,1.0468050611413044,385,385,0.3774520009756088,3.034446954727173,,
WIKI_sf1,single,B1,0.5,0.3,19,400138,413506.49350649345,1.0334097074171746,385,385,0.3877868875861168,3.059814929962158,,
WIKI_sf1,single,B1,0.5,0.3,20,399087,401038.961038961,1.0048910664565898,385,385,0.3858311101794243,3.076849937438965,,
WIKI_sf1,single,B1,0.5,0.3,21,399083,398961.0389610389,1.0003056966145834,385,385,0.388474203646183,3.0381875038146973,,
WIKI_sf1,single,B1,0.5,0.3,22,398976,384415.5844155844,1.0378767567567568,385,385,0.3853095695376396,3.1141059398651123,,
WIKI_sf1,single,B1,0.5,0.3,23,400002,367792.2077922078,1.087576059322034,385,385,0.3788815811276436,3.3184168338775635,,
WIKI_sf1,single,B1,0.5,0.3,24,398695,430129.8701298701,1.0788444051966293,385,385,0.37950556725263596,3.274461269378662,,
WIKI_sf1,single,B1,0.5,0.3,25,399056,382337.6623376623,1.0437266304347828,385,385,0.37783384323120117,3.1292519569396973,,
WIKI_sf1,single,B1,0.5,0.3,26,399888,382337.6623376623,1.0459027173913045,385,385,0.3769947215914726,3.2293622493743896,,
WIKI_sf1,single,B1,0.5,0.3,27,398986,428051.948051948,1.0728495437232084,385,385,0.378219410777092,3.0051801204681396,,
WIKI_sf1,single,B1,0.5,0.3,28,399090,403116.8831168831,1.0100901629128345,385,385,0.3783423453569412,3.0524423122406006,,
WIKI_sf1,single,B1,0.5,0.3,29,399437,392727.2727272727,1.0170849537037037,385,385,0.38322433829307556,3.4165778160095215,,
WIKI_sf1,single,B1,0.5,0.3,30,400488,396883.11688311683,1.0090829842931939,385,385,0.3898041322827339,3.3677282333374023,,
WIKI_sf1,single,B1,0.5,0.3,31,399560,425974.02597402595,1.0661077834969115,385,385,0.3932379186153412,3.1891610622406006,,
WIKI_sf1,single,B1,0.5,0.3,32,400327,398961.0389610389,1.0034237955729168,385,385,0.38381852209568024,3.161328077316284,,
WIKI_sf1,single,B1,0.5,0.3,33,398474,413506.49350649345,1.0377251552334492,385,385,0.3856578841805458,3.038882255554199,,
WIKI_sf1,single,B1,0.5,0.3,34,399597,367792.2077922078,1.0864748940677966,385,385,0.37628039717674255,3.0009453296661377,,
WIKI_sf1,single,B1,0.5,0.3,35,400737,425974.02597402595,1.062976530677292,385,385,0.3796890377998352,3.5287232398986816,,
WIKI_sf1,single,B1,0.5,0.3,36,399178,351168.83116883115,1.1367125,385,385,0.3793705254793167,2.8383657932281494,,
WIKI_sf1,single,B1,0.5,0.3,37,399343,401038.961038961,1.004246878094673,385,385,0.3768317401409149,3.509263515472412,,
WIKI_sf1,single,B1,0.5,0.3,38,400092,365714.2857142857,1.0940015625000001,385,385,0.3784243017435074,3.440303325653076,,
WIKI_sf1,single,B1,0.5,0.3,39,398833,403116.8831168831,1.0107410447903837,385,385,0.3819083794951439,3.1054253578186035,,
WIKI_sf1,single,B1,0.5,0.3,40,399400,403116.8831168831,1.0093061670427719,385,385,0.38533564656972885,3.3449838161468506,,
WIKI_sf1,single,B1,0.5,0.3,41,399637,401038.961038961,1.003508086185616,385,385,0.38738641887903214,2.975156307220459,,
WIKI_sf1,single,B1,0.5,0.3,42,399360,349090.90909090906,1.1440000000000001,385,385,0.38827676326036453,2.945598602294922,,
WIKI_sf1,single,B1,0.5,0.3,43,399782,374025.974025974,1.0688615972222224,385,385,0.38949213922023773,2.777498722076416,,
WIKI_sf1,single,B1,0.5,0.3,44,400843,388571.4285714285,1.0315812500000001,385,385,0.37745293229818344,3.1302809715270996,,
WIKI_sf1,single,B1,0.5,0.3,45,400582,390649.3506493506,1.0254259973404256,385,385,0.37699006497859955,3.0284383296966553,,
WIKI_sf1,single,B1,0.5,0.3,46,399066,401038.961038961,1.0049439467129773,385,385,0.37703849375247955,2.8869221210479736,,
WIKI_sf1,single,B1,0.5,0.3,47,399644,392727.2727272727,1.0176120370370372,385,385,0.3813989460468292,3.0726675987243652,,
WIKI_sf1,single,B1,0.5,0.3,48,400592,407272.72727272724,1.0166771360205078,385,385,0.3846362233161926,3.1367783546447754,,
WIKI_sf1,single,B1,0.5,0.3,49,400016,398961.0389610389,1.0026442708333334,385,385,0.3815134987235069,3.296576976776123,,
WIKI_sf1,single,B1,0.5,0.3,50,400549,454450.26178010466,1.1345684592399548,382,382,0.35546161234378815,3.3469667434692383,,
WIKI_sf1,single,B1,0.5,0.3,51,400190,402094.2408376963,1.0047583418818469,382,382,0.350169837474823,2.842656135559082,,
WIKI_sf1,single,B1,0.5,0.3,52,399672,404188.48167539266,1.0113004705743527,382,382,0.3604954108595848,3.1270883083343506,,
WIKI_sf1,single,B1,0.5,0.3,53,399551,385340.3141361256,1.036878274456522,382,382,0.35432353615760803,3.3059191703796387,,
WIKI_sf1,single,B1,0.5,0.3,54,400584,408376.9633507853,1.0194540055288912,382,382,0.3537610173225403,3.387834072113037,,
WIKI_sf1,single,B1,0.5,0.3,55,399089,391623.0366492146,1.0190641577540107,382,382,0.352577306330204,3.249117851257324,,
WIKI_sf1,single,B1,0.5,0.3,56,401062,381151.83246073296,1.0522368406593408,382,382,0.342697836458683,3.278531789779663,,
WIKI_sf1,single,B1,0.5,0.3,57,400494,370680.6282722513,1.0804287288135594,382,382,0.34410320222377777,2.9491195678710938,,
WIKI_sf1,single,B1,0.5,0.3,58,401026,410471.2041884816,1.0235525980571873,382,382,0.3430647775530815,3.103874683380127,,
WIKI_sf1,single,B1,0.5,0.3,59,399891,408376.9633507853,1.021220691015265,382,382,0.34417957067489624,3.17519211769104,,
WIKI_sf1,single,B1,0.5,0.3,60,399820,423036.64921465964,1.0580677535257357,382,382,0.34460239112377167,3.157532215118408,,
WIKI_sf1,single,B1,0.5,0.3,61,399705,387434.55497382197,1.0316710135135136,382,382,0.34308526664972305,3.023564100265503,,
WIKI_sf1,single,B1,0.5,0.3,62,399897,399999.99999999994,1.0002575663233282,382,382,0.3441348671913147,3.351372241973877,,
WIKI_sf1,single,B1,0.5,0.3,63,400569,406282.72251308896,1.0142640157203602,382,382,0.349411740899086,3.2868456840515137,,
WIKI_sf1,single,B1,0.5,0.3,64,399480,414659.6858638743,1.0379986128563992,382,382,0.3521554172039032,3.1142165660858154,,
WIKI_sf1,single,B1,0.5,0.3,65,399233,412565.445026178,1.0333951477612773,382,382,0.3502108156681061,2.996610164642334,,
WIKI_sf1,single,B1,0.5,0.3,66,400721,356020.94240837696,1.1255545735294117,382,382,0.3505004569888115,3.1045751571655273,,
WIKI_sf1,single,B1,0.5,0.3,67,400885,427225.1308900523,1.0657049550121662,382,382,0.3507649526000023,3.638792037963867,,
WIKI_sf1,single,B1,0.5,0.3,68,400347,399999.99999999994,1.0008675000000002,382,382,0.34194160252809525,3.0703582763671875,,
WIKI_sf1,single,B1,0.5,0.3,69,399299,379057.5916230366,1.0533992955801106,382,382,0.3454098477959633,3.30045223236084,,
WIKI_sf1,single,B1,0.5,0.3,70,398360,416753.9267015706,1.0461741306897545,382,382,0.34361518919467926,3.3042502403259277,,
WIKI_sf1,single,B1,0.5,0.3,71,399849,418848.167539267,1.0475158560838391,382,382,0.3448259085416794,3.2278592586517334,,
WIKI_sf1,single,B1,0.5,0.3,72,398903,393717.277486911,1.0131711835106383,382,382,0.34525059163570404,3.2777957916259766,,
WIKI_sf1,single,B1,0.5,0.3,73,401241,406282.72251308896,1.0125653223700692,382,382,0.34408271312713623,3.3147201538085938,,
WIKI_sf1,single,B1,0.5,0.3,74,399876,406282.72251308896,1.0160217730323624,382,382,0.3479253500699997,2.9640262126922607,,
WIKI_sf1,single,B1,0.5,0.3,75,400118,416753.9267015706,1.0415775513762706,382,382,0.34342147409915924,3.127434015274048,,
WIKI_sf1,single,B1,0.5,0.3,76,398429,379057.5916230366,1.0511041298342543,382,382,0.3492729738354683,3.2277393341064453,,
WIKI_sf1,single,B1,0.5,0.3,77,399292,379057.5916230366,1.0533808287292818,382,382,0.34959055483341217,3.0243325233459473,,
WIKI_sf1,single,B1,0.5,0.3,78,400870,374869.10994764394,1.0693599162011174,382,382,0.35438407212495804,3.324742317199707,,
WIKI_sf1,single,B1,0.5,0.3,79,400128,387434.55497382197,1.032762810810811,382,382,0.35192910581827164,3.192735195159912,,
WIKI_sf1,single,B1,0.5,0.3,80,399753,397905.75916230364,1.004642407894737,382,382,0.3461744636297226,2.733668804168701,,
WIKI_sf1,single,B1,0.5,0.3,81,399759,389528.79581151827,1.0262630241935484,382,382,0.3428896889090538,2.828246593475342,,
WIKI_sf1,single,B1,0.5,0.3,82,400459,416753.9267015706,1.0406906242625853,382,382,0.34305546432733536,2.9285430908203125,,
WIKI_sf1,single,B1,0.5,0.3,83,400970,425130.890052356,1.0602561040784997,382,382,0.34354906529188156,3.0680789947509766,,
WIKI_sf1,single,B1,0.5,0.3,84,399795,412565.445026178,1.0319424830880275,382,382,0.3438284620642662,3.3280725479125977,,
WIKI_sf1,single,B1,0.5,0.3,85,400322,379057.5916230366,1.056098093922652,382,382,0.34410133957862854,3.252112865447998,,
WIKI_sf1,single,B1,0.5,0.3,86,400239,412565.445026178,1.0307977109331623,382,382,0.34863222390413284,3.361764430999756,,
WIKI_sf1,single,B1,0.5,0.3,87,399733,412565.445026178,1.03210254101157,382,382,0.34437887370586395,3.585930585861206,,
WIKI_sf1,single,B1,0.5,0.3,88,399596,389528.79581151827,1.0258445698924732,382,382,0.34954678267240524,3.3722925186157227,,
WIKI_sf1,single,B1,0.5,0.3,89,399125,408376.9633507853,1.0231806159744072,382,382,0.3504417836666107,2.843700885772705,,
WIKI_sf1,single,B1,0.5,0.3,90,399984,429319.37172774866,1.0733413629738906,382,382,0.3535803407430649,3.0201704502105713,,
WIKI_sf1,single,B1,0.5,0.3,91,400645,416753.9267015706,1.040207482188897,382,382,0.3495253622531891,3.254396677017212,,
WIKI_sf1,single,B1,0.5,0.3,92,399737,385340.3141361256,1.0373609646739133,382,382,0.3449786454439163,3.2084083557128906,,
WIKI_sf1,single,B1,0.5,0.3,93,399046,412565.445026178,1.0338794149701487,382,382,0.34297723323106766,3.232715368270874,,
WIKI_sf1,single,B1,0.5,0.3,94,400111,399999.99999999994,1.0002775000000002,382,382,0.34555885940790176,2.970113754272461,,
WIKI_sf1,single,B1,0.5,0.3,95,400313,397905.75916230364,1.0060497763157896,382,382,0.34585315734148026,2.8594446182250977,,
WIKI_sf1,single,B1,0.5,0.3,96,399330,362303.6649214659,1.1021969653179193,382,382,0.34375302493572235,2.9090685844421387,,
WIKI_sf1,single,B1,0.5,0.3,97,400316,408376.9633507853,1.0201365005415355,382,382,0.3454051911830902,3.138204336166382,,
WIKI_sf1,single,B1,0.5,0.3,98,399684,414659.6858638743,1.0374688150235545,382,382,0.34405384212732315,3.1707606315612793,,
WIKI_sf1,single,B1,0.5,0.3,99,399548,387434.55497382197,1.0312657837837838,382,382,0.34545455127954483,2.9158523082733154,,
WIKI_sf1,single,B1,0.5,0.4,0,399996,369870.12987012987,1.0814498595505617,385,385,0.4238178953528404,2.956530809402466,,
WIKI_sf1,single,B1,0.5,0.4,1,399217,413506.49350649345,1.035793800129988,385,385,0.4027402028441429,2.895246982574463,,
WIKI_sf1,single,B1,0.5,0.4,2,400118,407272.72727272724,1.0178815431265957,385,385,0.3910483792424202,2.977625846862793,,
WIKI_sf1,single,B1,0.5,0.4,3,399968,421818.18181818177,1.054629824931449,385,385,0.38670841604471207,2.7556166648864746,,
WIKI_sf1,single,B1,0.5,0.4,4,399481,378181.8181818181,1.056319951923077,385,385,0.3855498507618904,3.038688898086548,,
WIKI_sf1,single,B1,0.5,0.4,5,401075,386493.5064935065,1.0377276545698926,385,385,0.3833463415503502,3.2330827713012695,,
WIKI_sf1,single,B1,0.5,0.4,6,399182,365714.2857142857,1.0915132812500001,385,385,0.3899410367012024,3.115321636199951,,
WIKI_sf1,single,B1,0.5,0.4,7,400636,428051.948051948,1.0684310647369382,385,385,0.37942174822092056,3.0684995651245117,,
WIKI_sf1,single,B1,0.5,0.4,8,400572,392727.2727272727,1.019975,385,385,0.38510560989379883,2.9735372066497803,,
WIKI_sf1,single,B1,0.5,0.4,9,400510,374025.974025974,1.0708079861111113,385,385,0.3875754773616791,2.9753334522247314,,
WIKI_sf1,single,B1,0.5,0.4,10,399550,371948.0519480519,1.074209148044693,385,385,0.3878120332956314,2.9268627166748047,,
WIKI_sf1,single,B1,0.5,0.4,11,399444,388571.4285714285,1.0279808823529413,385,385,0.3851354122161865,3.191362142562866,,
WIKI_sf1,single,B1,0.5,0.4,12,399420,430129.8701298701,1.0768861602570479,385,385,0.3841528668999672,3.3044192790985107,,
WIKI_sf1,single,B1,0.5,0.4,13,399039,384415.5844155844,1.038040641891892,385,385,0.37731416523456573,3.184591293334961,,
WIKI_sf1,single,B1,0.5,0.4,14,399624,371948.0519480519,1.0744081005586594,385,385,0.38128532469272614,3.2170603275299072,,
WIKI_sf1,single,B1,0.5,0.4,15,399224,403116.8831168831,1.0097511249746587,385,385,0.38272980600595474,2.806659698486328,,
WIKI_sf1,single,B1,0.5,0.4,16,400413,388571.4285714285,1.0304746323529412,385,385,0.39143022149801254,3.0057966709136963,,
WIKI_sf1,single,B1,0.5,0.4,17,400441,407272.72727272724,1.017060508970678,385,385,0.3765253350138664,2.97538423538208,,
WIKI_sf1,single,B1,0.5,0.4,18,400233,376103.8961038961,1.0641554212707183,385,385,0.3818534314632416,3.034446954727173,,
WIKI_sf1,single,B1,0.5,0.4,19,400138,386493.5064935065,1.0353032930107526,385,385,0.38338545709848404,3.059814929962158,,
WIKI_sf1,single,B1,0.5,0.4,20,399087,419740.25974025973,1.0517512716281405,385,385,0.38824696093797684,3.076849937438965,,
WIKI_sf1,single,B1,0.5,0.4,21,399083,409350.6493506493,1.0257281050574676,385,385,0.3870008513331413,3.0381875038146973,,
WIKI_sf1,single,B1,0.5,0.4,22,398976,394805.19480519474,1.010564210526316,385,385,0.3869868814945221,3.1141059398651123,,
WIKI_sf1,single,B1,0.5,0.4,23,400002,398961.0389610389,1.0026091796875,385,385,0.3832811489701271,3.3184168338775635,,
WIKI_sf1,single,B1,0.5,0.4,24,398695,390649.3506493506,1.020595578457447,385,385,0.379929319024086,3.274461269378662,,
WIKI_sf1,single,B1,0.5,0.4,25,399056,444675.3246753246,1.114318102409999,385,385,0.3820173442363739,3.1292519569396973,,
WIKI_sf1,single,B1,0.5,0.4,26,399888,417662.33766233764,1.0444482896769536,385,385,0.3837021067738533,3.2293622493743896,,
WIKI_sf1,single,B1,0.5,0.4,27,398986,398961.0389610389,1.0000625651041668,385,385,0.37890858948230743,3.0051801204681396,,
WIKI_sf1,single,B1,0.5,0.4,28,399090,384415.5844155844,1.0381733108108109,385,385,0.3769993782043457,3.0524423122406006,,
WIKI_sf1,single,B1,0.5,0.4,29,399437,442597.4025974026,1.1080530912193978,385,385,0.3801770508289337,3.4165778160095215,,
WIKI_sf1,single,B1,0.5,0.4,30,400488,403116.8831168831,1.0065641994688557,385,385,0.38383621722459793,3.3677282333374023,,
WIKI_sf1,single,B1,0.5,0.4,31,399560,378181.8181818181,1.0565288461538462,385,385,0.3887927159667015,3.1891610622406006,,
WIKI_sf1,single,B1,0.5,0.4,32,400327,415584.41558441555,1.0381123820886813,385,385,0.3878343850374222,3.161328077316284,,
WIKI_sf1,single,B1,0.5,0.4,33,398474,388571.4285714285,1.0254845588235295,385,385,0.3879936411976814,3.038882255554199,,
WIKI_sf1,single,B1,0.5,0.4,34,399597,405194.80519480514,1.0140086266783914,385,385,0.3798995167016983,3.0009453296661377,,
WIKI_sf1,single,B1,0.5,0.4,35,400737,390649.3506493506,1.025822772606383,385,385,0.3836071118712425,3.5287232398986816,,
WIKI_sf1,single,B1,0.5,0.4,36,399178,394805.19480519474,1.011075855263158,385,385,0.3817165270447731,2.8383657932281494,,
WIKI_sf1,single,B1,0.5,0.4,37,399343,382337.6623376623,1.0444772758152174,385,385,0.3843577578663826,3.509263515472412,,
WIKI_sf1,single,B1,0.5,0.4,38,400092,398961.0389610389,1.002834765625,385,385,0.37642568349838257,3.440303325653076,,
WIKI_sf1,single,B1,0.5,0.4,39,398833,378181.8181818181,1.0546064903846155,385,385,0.37862081080675125,3.1054253578186035,,
WIKI_sf1,single,B1,0.5,0.4,40,399400,417662.33766233764,1.0457244308020472,385,385,0.3790874034166336,3.3449838161468506,,
WIKI_sf1,single,B1,0.5,0.4,41,399637,369870.12987012987,1.0804792485955057,385,385,0.38173701614141464,2.975156307220459,,
WIKI_sf1,single,B1,0.5,0.4,42,399360,417662.33766233764,1.0458291708291707,385,385,0.3873547539114952,2.945598602294922,,
WIKI_sf1,single,B1,0.5,0.4,43,399782,405194.80519480514,1.0135393919556286,385,385,0.385994091629982,2.777498722076416,,
WIKI_sf1,single,B1,0.5,0.4,44,400843,413506.49350649345,1.0315921533031474,385,385,0.38781948387622833,3.1302809715270996,,
WIKI_sf1,single,B1,0.5,0.4,45,400582,405194.80519480514,1.0115152582862064,385,385,0.38296449929475784,3.0284383296966553,,
WIKI_sf1,single,B1,0.5,0.4,46,399066,398961.0389610389,1.0002630859375001,385,385,0.3790808841586113,2.8869221210479736,,
WIKI_sf1,single,B1,0.5,0.4,47,399644,394805.19480519474,1.0122561842105264,385,385,0.38283225148916245,3.0726675987243652,,
WIKI_sf1,single,B1,0.5,0.4,48,400592,403116.8831168831,1.0063028795305027,385,385,0.37767644971609116,3.1367783546447754,,
WIKI_sf1,single,B1,0.5,0.4,49,400016,382337.6623376623,1.0462375000000002,385,385,0.37734024226665497,3.296576976776123,,
WIKI_sf1,single,B1,0.5,0.4,50,400549,402094.2408376963,1.003857807253785,382,382,0.3544166684150696,3.3469667434692383,,
WIKI_sf1,single,B1,0.5,0.4,51,400190,420942.4083769633,1.0518563891575583,382,382,0.3497973084449768,2.842656135559082,,
WIKI_sf1,single,B1,0.5,0.4,52,399672,353926.7015706806,1.1292507692307694,382,382,0.3479784354567528,3.1270883083343506,,
WIKI_sf1,single,B1,0.5,0.4,53,399551,429319.37172774866,1.0745045606887447,382,382,0.352214090526104,3.3059191703796387,,
WIKI_sf1,single,B1,0.5,0.4,54,400584,410471.2041884816,1.0246819747880136,382,382,0.35348348319530487,3.387834072113037,,
WIKI_sf1,single,B1,0.5,0.4,55,399089,414659.6858638743,1.0390155726263424,382,382,0.35148393362760544,3.249117851257324,,
WIKI_sf1,single,B1,0.5,0.4,56,401062,370680.6282722513,1.0819610451977402,382,382,0.34860335290431976,3.278531789779663,,
WIKI_sf1,single,B1,0.5,0.4,57,400494,420942.4083769633,1.051057964356428,382,382,0.3442419692873955,2.9491195678710938,,
WIKI_sf1,single,B1,0.5,0.4,58,401026,393717.277486911,1.0185633776595744,382,382,0.3467509523034096,3.103874683380127,,
WIKI_sf1,single,B1,0.5,0.4,59,399891,416753.9267015706,1.0421688077540396,382,382,0.3440557047724724,3.17519211769104,,
WIKI_sf1,single,B1,0.5,0.4,60,399820,393717.277486911,1.0155002659574468,382,382,0.34580565989017487,3.157532215118408,,
WIKI_sf1,single,B1,0.5,0.4,61,399705,423036.64921465964,1.0583721725138782,382,382,0.3437139093875885,3.023564100265503,,
WIKI_sf1,single,B1,0.5,0.4,62,399897,425130.890052356,1.0631009736316002,382,382,0.3437846899032593,3.351372241973877,,
WIKI_sf1,single,B1,0.5,0.4,63,400569,414659.6858638743,1.0351766758383059,382,382,0.34566689282655716,3.2868456840515137,,
WIKI_sf1,single,B1,0.5,0.4,64,399480,402094.2408376963,1.0065441094365082,382,382,0.3439979627728462,3.1142165660858154,,
WIKI_sf1,single,B1,0.5,0.4,65,399233,425130.890052356,1.0648691116524835,382,382,0.35372935235500336,2.996610164642334,,
WIKI_sf1,single,B1,0.5,0.4,66,400721,387434.55497382197,1.034293391891892,382,382,0.3527756780385971,3.1045751571655273,,
WIKI_sf1,single,B1,0.5,0.4,67,400885,402094.2408376963,1.0030164282467449,382,382,0.3534359857439995,3.638792037963867,,
WIKI_sf1,single,B1,0.5,0.4,68,400347,389528.79581151827,1.0277725403225808,382,382,0.3492506220936775,3.0703582763671875,,
WIKI_sf1,single,B1,0.5,0.4,69,399299,437696.335078534,1.0961618613583655,382,382,0.3494592383503914,3.30045223236084,,
WIKI_sf1,single,B1,0.5,0.4,70,398360,389528.79581151827,1.0226715053763442,382,382,0.34543871879577637,3.3042502403259277,,
WIKI_sf1,single,B1,0.5,0.4,71,399849,372774.8691099476,1.0726286376404497,382,382,0.3454647958278656,3.2278592586517334,,
WIKI_sf1,single,B1,0.5,0.4,72,398903,404188.48167539266,1.0132500424298454,382,382,0.34203194081783295,3.2777957916259766,,
WIKI_sf1,single,B1,0.5,0.4,73,401241,410471.2041884816,1.0230041401264618,382,382,0.34431368112564087,3.3147201538085938,,
WIKI_sf1,single,B1,0.5,0.4,74,399876,349738.21989528794,1.143358023952096,382,382,0.3444915637373924,2.9640262126922607,,
WIKI_sf1,single,B1,0.5,0.4,75,400118,404188.48167539266,1.010173203093569,382,382,0.3465041518211365,3.127434015274048,,
WIKI_sf1,single,B1,0.5,0.4,76,398429,427225.1308900523,1.0722741840831171,382,382,0.34496933221817017,3.2277393341064453,,
WIKI_sf1,single,B1,0.5,0.4,77,399292,427225.1308900523,1.0699566504965097,382,382,0.3504222258925438,3.0243325233459473,,
WIKI_sf1,single,B1,0.5,0.4,78,400870,418848.167539267,1.04484787472065,382,382,0.35331957042217255,3.324742317199707,,
WIKI_sf1,single,B1,0.5,0.4,79,400128,450261.780104712,1.1252943560678383,382,382,0.35230349749326706,3.192735195159912,,
WIKI_sf1,single,B1,0.5,0.4,80,399753,385340.3141361256,1.0374024864130436,382,382,0.35278312861919403,2.733668804168701,,
WIKI_sf1,single,B1,0.5,0.4,81,399759,389528.79581151827,1.0262630241935484,382,382,0.34379400312900543,2.828246593475342,,
WIKI_sf1,single,B1,0.5,0.4,82,400459,385340.3141361256,1.039234633152174,382,382,0.3444477915763855,2.9285430908203125,,
WIKI_sf1,single,B1,0.5,0.4,83,400970,387434.55497382197,1.034936081081081,382,382,0.3435518592596054,3.0680789947509766,,
WIKI_sf1,single,B1,0.5,0.4,84,399795,395811.5183246073,1.0100640873015874,382,382,0.34550391137599945,3.3280725479125977,,
WIKI_sf1,single,B1,0.5,0.4,85,400322,385340.3141361256,1.0388791032608697,382,382,0.34459494054317474,3.252112865447998,,
WIKI_sf1,single,B1,0.5,0.4,86,400239,412565.445026178,1.0307977109331623,382,382,0.34668296575546265,3.361764430999756,,
WIKI_sf1,single,B1,0.5,0.4,87,399733,416753.9267015706,1.0425807393974744,382,382,0.3432622179389,3.585930585861206,,
WIKI_sf1,single,B1,0.5,0.4,88,399596,397905.75916230364,1.0042478421052632,382,382,0.3503561019897461,3.3722925186157227,,
WIKI_sf1,single,B1,0.5,0.4,89,399125,402094.2408376963,1.007439375728647,382,382,0.35217683762311935,2.843700885772705,,
WIKI_sf1,single,B1,0.5,0.4,90,399984,381151.83246073296,1.0494085714285715,382,382,0.35212188959121704,3.0201704502105713,,
WIKI_sf1,single,B1,0.5,0.4,91,400645,370680.6282722513,1.0808360875706216,382,382,0.35365764051675797,3.254396677017212,,
WIKI_sf1,single,B1,0.5,0.4,92,399737,404188.48167539266,1.0111360261256592,382,382,0.3616977483034134,3.2084083557128906,,
WIKI_sf1,single,B1,0.5,0.4,93,399046,410471.2041884816,1.0286312961124322,382,382,0.34515466541051865,3.232715368270874,,
WIKI_sf1,single,B1,0.5,0.4,94,400111,360209.4240837696,1.1107732703488373,382,382,0.34833885729312897,2.970113754272461,,
WIKI_sf1,single,B1,0.5,0.4,95,400313,376963.3507853403,1.0619414305555557,382,382,0.3444533795118332,2.8594446182250977,,
WIKI_sf1,single,B1,0.5,0.4,96,399330,431413.612565445,1.0803436069552625,382,382,0.34420937299728394,2.9090685844421387,,
WIKI_sf1,single,B1,0.5,0.4,97,400316,404188.48167539266,1.0096735620744428,382,382,0.34596677869558334,3.138204336166382,,
WIKI_sf1,single,B1,0.5,0.4,98,399684,416753.9267015706,1.0427085565135723,382,382,0.34360215067863464,3.1707606315612793,,
WIKI_sf1,single,B1,0.5,0.4,99,399548,429319.37172774866,1.074512628589678,382,382,0.3441302105784416,2.9158523082733154,,
WIKI_sf1,single,B1,0.5,0.5,0,399996,398961.0389610389,1.002594140625,385,385,0.4311325028538704,2.956530809402466,,
WIKI_sf1,single,B1,0.5,0.5,1,399217,384415.5844155844,1.0385036824324325,385,385,0.4141302779316902,2.895246982574463,,
WIKI_sf1,single,B1,0.5,0.5,2,400118,419740.25974025973,1.0490411822018997,385,385,0.39548613131046295,2.977625846862793,,
WIKI_sf1,single,B1,0.5,0.5,3,399968,434285.71428571426,1.08580114980627,385,385,0.38636475801467896,2.7556166648864746,,
WIKI_sf1,single,B1,0.5,0.5,4,399481,388571.4285714285,1.0280761029411767,385,385,0.38511212915182114,3.038688898086548,,
WIKI_sf1,single,B1,0.5,0.5,5,401075,405194.80519480514,1.0102719072363153,385,385,0.3827568143606186,3.2330827713012695,,
WIKI_sf1,single,B1,0.5,0.5,6,399182,390649.3506493506,1.021842220744681,385,385,0.3844490274786949,3.115321636199951,,
WIKI_sf1,single,B1,0.5,0.5,7,400636,417662.33766233764,1.0424982719035174,385,385,0.37997961044311523,3.0684995651245117,,
WIKI_sf1,single,B1,0.5,0.5,8,400572,361558.4415584415,1.107903879310345,385,385,0.3799647092819214,2.9735372066497803,,
WIKI_sf1,single,B1,0.5,0.5,9,400510,438441.5584415584,1.0947081432212888,385,385,0.384550541639328,2.9753334522247314,,
WIKI_sf1,single,B1,0.5,0.5,10,399550,386493.5064935065,1.0337819220430107,385,385,0.38541387766599655,2.9268627166748047,,
WIKI_sf1,single,B1,0.5,0.5,11,399444,403116.8831168831,1.009194988826677,385,385,0.39444491267204285,3.191362142562866,,
WIKI_sf1,single,B1,0.5,0.5,12,399420,421818.18181818177,1.0560767658559456,385,385,0.39003603160381317,3.3044192790985107,,
WIKI_sf1,single,B1,0.5,0.5,13,399039,409350.6493506493,1.0258412068761433,385,385,0.38896407932043076,3.184591293334961,,
WIKI_sf1,single,B1,0.5,0.5,14,399624,394805.19480519474,1.0122055263157896,385,385,0.38172584027051926,3.2170603275299072,,
WIKI_sf1,single,B1,0.5,0.5,15,399224,398961.0389610389,1.0006591145833335,385,385,0.37909578531980515,2.806659698486328,,
WIKI_sf1,single,B1,0.5,0.5,16,400413,428051.948051948,1.069026100680917,385,385,0.3808671608567238,3.0057966709136963,,
WIKI_sf1,single,B1,0.5,0.5,17,400441,409350.6493506493,1.02224959320012,385,385,0.3792494535446167,2.97538423538208,,
WIKI_sf1,single,B1,0.5,0.5,18,400233,425974.02597402595,1.0643151013885062,385,385,0.38037262856960297,3.034446954727173,,
WIKI_sf1,single,B1,0.5,0.5,19,400138,396883.11688311683,1.008201112565445,385,385,0.3782091662287712,3.059814929962158,,
WIKI_sf1,single,B1,0.5,0.5,20,399087,428051.948051948,1.072578029482163,385,385,0.38611050695180893,3.076849937438965,,
WIKI_sf1,single,B1,0.5,0.5,21,399083,407272.72727272724,1.0205213634074297,385,385,0.3873417153954506,3.0381875038146973,,
WIKI_sf1,single,B1,0.5,0.5,22,398976,419740.25974025973,1.05204388168777,385,385,0.3889603540301323,3.1141059398651123,,
WIKI_sf1,single,B1,0.5,0.5,23,400002,419740.25974025973,1.0493454026236362,385,385,0.3863386809825897,3.3184168338775635,,
WIKI_sf1,single,B1,0.5,0.5,24,398695,401038.961038961,1.005879083106036,385,385,0.37546921521425247,3.274461269378662,,
WIKI_sf1,single,B1,0.5,0.5,25,399056,415584.41558441555,1.0414187872990646,385,385,0.3784196451306343,3.1292519569396973,,
WIKI_sf1,single,B1,0.5,0.5,26,399888,403116.8831168831,1.008074468643428,385,385,0.3792298957705498,3.2293622493743896,,
WIKI_sf1,single,B1,0.5,0.5,27,398986,392727.2727272727,1.0159365740740742,385,385,0.379086472094059,3.0051801204681396,,
WIKI_sf1,single,B1,0.5,0.5,28,399090,371948.0519480519,1.0729724162011174,385,385,0.378388911485672,3.0524423122406006,,
WIKI_sf1,single,B1,0.5,0.5,29,399437,417662.33766233764,1.0456275649535163,385,385,0.3799609839916229,3.4165778160095215,,
WIKI_sf1,single,B1,0.5,0.5,30,400488,444675.3246753246,1.1103337045687376,385,385,0.3757290542125702,3.3677282333374023,,
WIKI_sf1,single,B1,0.5,0.5,31,399560,411428.57142857136,1.0297041030848217,385,385,0.3831591457128525,3.1891610622406006,,
WIKI_sf1,single,B1,0.5,0.5,32,400327,403116.8831168831,1.006969010626021,385,385,0.39112940430641174,3.161328077316284,,
WIKI_sf1,single,B1,0.5,0.5,33,398474,444675.3246753246,1.1159456443213978,385,385,0.3856876865029335,3.038882255554199,,
WIKI_sf1,single,B1,0.5,0.5,34,399597,386493.5064935065,1.0339035282258064,385,385,0.38720201700925827,3.0009453296661377,,
WIKI_sf1,single,B1,0.5,0.5,35,400737,398961.0389610389,1.0044514648437501,385,385,0.38092583417892456,3.5287232398986816,,
WIKI_sf1,single,B1,0.5,0.5,36,399178,398961.0389610389,1.0005438151041668,385,385,0.37875305861234665,2.8383657932281494,,
WIKI_sf1,single,B1,0.5,0.5,37,399343,396883.11688311683,1.0061980039267018,385,385,0.37701427936553955,3.509263515472412,,
WIKI_sf1,single,B1,0.5,0.5,38,400092,392727.2727272727,1.0187527777777778,385,385,0.3763735294342041,3.440303325653076,,
WIKI_sf1,single,B1,0.5,0.5,39,398833,413506.49350649345,1.036791071717971,385,385,0.37767738103866577,3.1054253578186035,,
WIKI_sf1,single,B1,0.5,0.5,40,399400,367792.2077922078,1.0859392655367233,385,385,0.3784503787755966,3.3449838161468506,,
WIKI_sf1,single,B1,0.5,0.5,41,399637,386493.5064935065,1.0340070228494624,385,385,0.38121454417705536,2.975156307220459,,
WIKI_sf1,single,B1,0.5,0.5,42,399360,442597.4025974026,1.1082667332667333,385,385,0.38630329072475433,2.945598602294922,,
WIKI_sf1,single,B1,0.5,0.5,43,399782,403116.8831168831,1.008341754048164,385,385,0.38881413638591766,2.777498722076416,,
WIKI_sf1,single,B1,0.5,0.5,44,400843,419740.25974025973,1.0471437938052048,385,385,0.3873715177178383,3.1302809715270996,,
WIKI_sf1,single,B1,0.5,0.5,45,400582,392727.2727272727,1.020000462962963,385,385,0.38467347621917725,3.0284383296966553,,
WIKI_sf1,single,B1,0.5,0.5,46,399066,409350.6493506493,1.025771800530863,385,385,0.3832932561635971,2.8869221210479736,,
WIKI_sf1,single,B1,0.5,0.5,47,399644,378181.8181818181,1.0567509615384618,385,385,0.37765782326459885,3.0726675987243652,,
WIKI_sf1,single,B1,0.5,0.5,48,400592,392727.2727272727,1.020025925925926,385,385,0.3807432949542999,3.1367783546447754,,
WIKI_sf1,single,B1,0.5,0.5,49,400016,428051.948051948,1.070087066647204,385,385,0.3794003278017044,3.296576976776123,,
WIKI_sf1,single,B1,0.5,0.5,50,400549,351832.46073298424,1.1384651636904763,382,382,0.3534294664859772,3.3469667434692383,,
WIKI_sf1,single,B1,0.5,0.5,51,400190,383246.0732984293,1.0442116120218579,382,382,0.3487970679998398,2.842656135559082,,
WIKI_sf1,single,B1,0.5,0.5,52,399672,402094.2408376963,1.0060605717630864,382,382,0.34729763865470886,3.1270883083343506,,
WIKI_sf1,single,B1,0.5,0.5,53,399551,402094.2408376963,1.0063652470840927,382,382,0.3520483151078224,3.3059191703796387,,
WIKI_sf1,single,B1,0.5,0.5,54,400584,412565.445026178,1.0299099440471362,382,382,0.3542546182870865,3.387834072113037,,
WIKI_sf1,single,B1,0.5,0.5,55,399089,399999.99999999994,1.0022826988466231,382,382,0.35123154520988464,3.249117851257324,,
WIKI_sf1,single,B1,0.5,0.5,56,401062,389528.79581151827,1.0296080913978496,382,382,0.35148393362760544,3.278531789779663,,
WIKI_sf1,single,B1,0.5,0.5,57,400494,393717.277486911,1.0172121542553192,382,382,0.3466075286269188,2.9491195678710938,,
WIKI_sf1,single,B1,0.5,0.5,58,401026,448167.53926701564,1.1175523264501943,382,382,0.3443453460931778,3.103874683380127,,
WIKI_sf1,single,B1,0.5,0.5,59,399891,423036.64921465964,1.0578798953081205,382,382,0.34366175532341003,3.17519211769104,,
WIKI_sf1,single,B1,0.5,0.5,60,399820,389528.79581151827,1.0264196236559142,382,382,0.34653861075639725,3.157532215118408,,
WIKI_sf1,single,B1,0.5,0.5,61,399705,385340.3141361256,1.0372779211956522,382,382,0.3449833020567894,3.023564100265503,,
WIKI_sf1,single,B1,0.5,0.5,62,399897,406282.72251308896,1.015968418150396,382,382,0.3453092649579048,3.351372241973877,,
WIKI_sf1,single,B1,0.5,0.5,63,400569,353926.7015706806,1.1317851923076925,382,382,0.34588854759931564,3.2868456840515137,,
WIKI_sf1,single,B1,0.5,0.5,64,399480,408376.9633507853,1.0222713611464538,382,382,0.3505721688270569,3.1142165660858154,,
WIKI_sf1,single,B1,0.5,0.5,65,399233,381151.83246073296,1.047438228021978,382,382,0.34739263355731964,2.996610164642334,,
WIKI_sf1,single,B1,0.5,0.5,66,400721,404188.48167539266,1.0086531069631806,382,382,0.3547053784132004,3.1045751571655273,,
WIKI_sf1,single,B1,0.5,0.5,67,400885,381151.83246073296,1.051772458791209,382,382,0.3580646589398384,3.638792037963867,,
WIKI_sf1,single,B1,0.5,0.5,68,400347,397905.75916230364,1.0061352236842105,382,382,0.355428084731102,3.0703582763671875,,
WIKI_sf1,single,B1,0.5,0.5,69,399299,383246.0732984293,1.0418867349726777,382,382,0.3489004448056221,3.30045223236084,,
WIKI_sf1,single,B1,0.5,0.5,70,398360,425130.890052356,1.0672027564322624,382,382,0.3460729494690895,3.3042502403259277,,
WIKI_sf1,single,B1,0.5,0.5,71,399849,387434.55497382197,1.0320426891891892,382,382,0.3434484824538231,3.2278592586517334,,
WIKI_sf1,single,B1,0.5,0.5,72,398903,353926.7015706806,1.12707800295858,382,382,0.3433944657444954,3.2777957916259766,,
WIKI_sf1,single,B1,0.5,0.5,73,401241,366492.1465968586,1.0948147285714287,382,382,0.342673622071743,3.3147201538085938,,
WIKI_sf1,single,B1,0.5,0.5,74,399876,404188.48167539266,1.0107845473981751,382,382,0.3459295257925987,2.9640262126922607,,
WIKI_sf1,single,B1,0.5,0.5,75,400118,448167.53926701564,1.1200884220830247,382,382,0.35099033266305923,3.127434015274048,,
WIKI_sf1,single,B1,0.5,0.5,76,398429,379057.5916230366,1.0511041298342543,382,382,0.3444841131567955,3.2277393341064453,,
WIKI_sf1,single,B1,0.5,0.5,77,399292,395811.5183246073,1.0087932804232806,382,382,0.3434205427765846,3.0243325233459473,,
WIKI_sf1,single,B1,0.5,0.5,78,400870,408376.9633507853,1.0187266778526338,382,382,0.35307183861732483,3.324742317199707,,
WIKI_sf1,single,B1,0.5,0.5,79,400128,379057.5916230366,1.0555862983425415,382,382,0.3523007035255432,3.192735195159912,,
WIKI_sf1,single,B1,0.5,0.5,80,399753,393717.277486911,1.0153300930851064,382,382,0.34910067915916443,2.733668804168701,,
WIKI_sf1,single,B1,0.5,0.5,81,399759,406282.72251308896,1.016319138563707,382,382,0.3510257229208946,2.828246593475342,,
WIKI_sf1,single,B1,0.5,0.5,82,400459,379057.5916230366,1.0564595165745858,382,382,0.34345220774412155,2.9285430908203125,,
WIKI_sf1,single,B1,0.5,0.5,83,400970,448167.53926701564,1.1177084052847237,382,382,0.344032421708107,3.0680789947509766,,
WIKI_sf1,single,B1,0.5,0.5,84,399795,404188.48167539266,1.010989336223296,382,382,0.34352485090494156,3.3280725479125977,,
WIKI_sf1,single,B1,0.5,0.5,85,400322,391623.0366492146,1.0222125935828879,382,382,0.34341122955083847,3.252112865447998,,
WIKI_sf1,single,B1,0.5,0.5,86,400239,381151.83246073296,1.0500775961538462,382,382,0.34466851502656937,3.361764430999756,,
WIKI_sf1,single,B1,0.5,0.5,87,399733,389528.79581151827,1.0261962768817205,382,382,0.345718115568161,3.585930585861206,,
WIKI_sf1,single,B1,0.5,0.5,88,399596,391623.0366492146,1.020358770053476,382,382,0.34534838050603867,3.3722925186157227,,
WIKI_sf1,single,B1,0.5,0.5,89,399125,391623.0366492146,1.0191560828877007,382,382,0.3408677875995636,2.843700885772705,,
WIKI_sf1,single,B1,0.5,0.5,90,399984,397905.75916230364,1.005222947368421,382,382,0.34822244197130203,3.0201704502105713,,
WIKI_sf1,single,B1,0.5,0.5,91,400645,387434.55497382197,1.0340972297297297,382,382,0.35269279032945633,3.254396677017212,,
WIKI_sf1,single,B1,0.5,0.5,92,399737,406282.72251308896,1.0163750728931495,382,382,0.3485223278403282,3.2084083557128906,,
WIKI_sf1,single,B1,0.5,0.5,93,399046,404188.48167539266,1.0128869395392828,382,382,0.34880824387073517,3.232715368270874,,
WIKI_sf1,single,B1,0.5,0.5,94,400111,385340.3141361256,1.0383315353260871,382,382,0.3446154296398163,2.970113754272461,,
WIKI_sf1,single,B1,0.5,0.5,95,400313,418848.167539267,1.0463016877774816,382,382,0.34460052847862244,2.8594446182250977,,
WIKI_sf1,single,B1,0.5,0.5,96,399330,397905.75916230364,1.0035793421052632,382,382,0.34168362617492676,2.9090685844421387,,
WIKI_sf1,single,B1,0.5,0.5,97,400316,391623.0366492146,1.0221972727272728,382,382,0.3409506753087044,3.138204336166382,,
WIKI_sf1,single,B1,0.5,0.5,98,399684,347643.9790575916,1.1496934337349398,382,382,0.34643523395061493,3.1707606315612793,,
WIKI_sf1,single,B1,0.5,0.5,99,399548,433507.8534031413,1.0849956786246993,382,382,0.34264475107192993,2.9158523082733154,,
