cell,cell_kind,baseline,selectivity,seed,query_id,true_card,est,q_error,sample_size_used,sample_size_total,wall_clock_ms,D1_target,D2_target,reused_from
SSN_sf1,single,B1,0.01,0.1,0,8172,4155.8441558441555,1.9663875000000002,385,385,0.5678152665495872,2319.66162109375,,
SSN_sf1,single,B1,0.01,0.1,1,7749,6233.766233766233,1.2430687500000002,385,385,0.3682319074869156,2311.0400390625,,
SSN_sf1,single,B1,0.01,0.1,2,8029,10389.610389610389,1.2940105106003723,385,385,0.3315042704343796,2325.772705078125,,
SSN_sf1,single,B1,0.01,0.1,3,8104,6233.766233766233,1.3000166666666668,385,385,0.31643547117710114,2318.34033203125,,
SSN_sf1,single,B1,0.01,0.1,4,8014,4155.8441558441555,1.9283687500000002,385,385,0.3279391676187515,2319.807861328125,,
SSN_sf1,single,B1,0.01,0.1,5,7704,8311.688311688311,1.0788795835524807,385,385,0.3035087138414383,2314.911376953125,,
SSN_sf1,single,B1,0.01,0.1,6,8120,6233.766233766233,1.3025833333333334,385,385,0.2900566905736923,2321.281982421875,,
SSN_sf1,single,B1,0.01,0.1,7,8033,8311.688311688311,1.0346929306222221,385,385,0.2865763381123543,2311.428466796875,,
SSN_sf1,single,B1,0.01,0.1,8,8000,8311.688311688311,1.0389610389610389,385,385,0.2874191850423813,2327.399658203125,,
SSN_sf1,single,B1,0.01,0.1,9,7747,10389.610389610389,1.3411140298967843,385,385,0.29430724680423737,2318.00244140625,,
SSN_sf1,single,B1,0.01,0.1,10,7908,4155.8441558441555,1.9028625000000001,385,385,0.2868231385946274,2330.260009765625,,
SSN_sf1,single,B1,0.01,0.1,11,8033,6233.766233766233,1.2886270833333335,385,385,0.28430577367544174,2312.81787109375,,
SSN_sf1,single,B1,0.01,0.1,12,8129,6233.766233766233,1.3040270833333334,385,385,0.30960142612457275,2331.1630859375,,
SSN_sf1,single,B1,0.01,0.1,13,7920,2077.9220779220777,3.8115000000000006,385,385,0.28828252106904984,2314.01123046875,,
SSN_sf1,single,B1,0.01,0.1,14,8129,8311.688311688311,1.0224736513332895,385,385,0.28638914227485657,2329.386474609375,,
SSN_sf1,single,B1,0.01,0.1,15,8235,6233.766233766233,1.32103125,385,385,0.29011350125074387,2328.434814453125,,
SSN_sf1,single,B1,0.01,0.1,16,7901,4155.8441558441555,1.9011781250000002,385,385,0.2918438985943794,2336.87841796875,,
SSN_sf1,single,B1,0.01,0.1,17,7985,10389.610389610389,1.3011409379599734,385,385,0.2850629389286041,2327.0205078125,,
SSN_sf1,single,B1,0.01,0.1,18,8085,14545.454545454544,1.799066734131669,385,385,0.2834135666489601,2310.194091796875,,
SSN_sf1,single,B1,0.01,0.1,19,7939,6233.766233766233,1.2735479166666668,385,385,0.2831285819411278,2318.360595703125,,
SSN_sf1,single,B1,0.01,0.1,20,7961,4155.8441558441555,1.9156156250000003,385,385,0.28389226645231247,2309.818115234375,,
SSN_sf1,single,B1,0.01,0.1,21,8068,6233.766233766233,1.2942416666666667,385,385,0.2828119322657585,2327.804443359375,,
SSN_sf1,single,B1,0.01,0.1,22,7937,8311.688311688311,1.047207800389103,385,385,0.2819737419486046,2339.96533203125,,
SSN_sf1,single,B1,0.01,0.1,23,8126,6233.766233766233,1.3035458333333334,385,385,0.2822270616889,2323.548095703125,,
SSN_sf1,single,B1,0.01,0.1,24,8183,4155.8441558441555,1.9690343750000001,385,385,0.2853022888302803,2316.527099609375,,
SSN_sf1,single,B1,0.01,0.1,25,7921,6233.766233766233,1.2706604166666668,385,385,0.279734842479229,2328.1025390625,,
SSN_sf1,single,B1,0.01,0.1,26,8301,8311.688311688311,1.0012875932644634,385,385,0.2879509702324867,2320.2431640625,,
SSN_sf1,single,B1,0.01,0.1,27,8123,6233.766233766233,1.3030645833333334,385,385,0.30188634991645813,2321.862548828125,,
SSN_sf1,single,B1,0.01,0.1,28,8188,4155.8441558441555,1.9702375,385,385,0.2857241779565811,2326.561767578125,,
SSN_sf1,single,B1,0.01,0.1,29,7959,8311.688311688311,1.0443131438231323,385,385,0.2859169617295265,2324.14404296875,,
SSN_sf1,single,B1,0.01,0.1,30,8265,2077.9220779220777,3.97753125,385,385,0.2865185961127281,2325.943603515625,,
SSN_sf1,single,B1,0.01,0.1,31,7892,14545.454545454544,1.8430631709901855,385,385,0.2848878502845764,2335.89404296875,,
SSN_sf1,single,B1,0.01,0.1,32,7837,4155.8441558441555,1.885778125,385,385,0.2793585881590843,2320.212890625,,
SSN_sf1,single,B1,0.01,0.1,33,8288,10389.610389610389,1.2535726821441107,385,385,0.2853330224752426,2321.42578125,,
SSN_sf1,single,B1,0.01,0.1,34,7791,2077.9220779220777,3.7494187500000002,385,385,0.2846056595444679,2328.847412109375,,
SSN_sf1,single,B1,0.01,0.1,35,7934,4155.8441558441555,1.9091187500000002,385,385,0.2842191606760025,2333.0673828125,,
SSN_sf1,single,B1,0.01,0.1,36,7997,8311.688311688311,1.0393507955093548,385,385,0.2854103222489357,2331.8974609375,,
SSN_sf1,single,B1,0.01,0.1,37,7876,10389.610389610389,1.319148094160791,385,385,0.2827011048793793,2316.090087890625,,
SSN_sf1,single,B1,0.01,0.1,38,8236,4155.8441558441555,1.9817875000000003,385,385,0.2819430083036423,2316.90478515625,,
SSN_sf1,single,B1,0.01,0.1,39,8245,24935.064935064933,3.0242650012207317,385,385,0.29236357659101486,2320.692626953125,,
SSN_sf1,single,B1,0.01,0.1,40,7999,4155.8441558441555,1.9247593750000003,385,385,0.28779543936252594,2315.57763671875,,
SSN_sf1,single,B1,0.01,0.1,41,8166,12467.532467532466,1.5267612622498734,385,385,0.2835271880030632,2315.640625,,
SSN_sf1,single,B1,0.01,0.1,42,8026,12467.532467532466,1.5533930310905142,385,385,0.28353556990623474,2319.081787109375,,
SSN_sf1,single,B1,0.01,0.1,43,8165,2077.9220779220777,3.9294062500000004,385,385,0.28004590421915054,2317.610107421875,,
SSN_sf1,single,B1,0.01,0.1,44,7998,0.0,,385,385,0.28346385806798935,2312.50146484375,,
SSN_sf1,single,B1,0.01,0.1,45,7958,6233.766233766233,1.2765958333333334,385,385,0.29044225811958313,2318.319580078125,,
SSN_sf1,single,B1,0.01,0.1,46,7885,12467.532467532466,1.581170889985094,385,385,0.28002168983221054,2328.134521484375,,
SSN_sf1,single,B1,0.01,0.1,47,8269,4155.8441558441555,1.9897281250000003,385,385,0.28259120881557465,2327.553466796875,,
SSN_sf1,single,B1,0.01,0.1,48,8084,10389.610389610389,1.2852066290957929,385,385,0.28386805206537247,2323.362060546875,,
SSN_sf1,single,B1,0.01,0.1,49,8100,4155.8441558441555,1.9490625000000001,385,385,0.29730889946222305,2313.535888671875,,
SSN_sf1,single,B1,0.01,0.1,50,8125,4145.077720207254,1.9601562499999998,386,386,0.31559914350509644,2324.302490234375,,
SSN_sf1,single,B1,0.01,0.1,51,7994,10362.694300518135,1.2963090193292637,386,386,0.2933219075202942,2308.227294921875,,
SSN_sf1,single,B1,0.01,0.1,52,8055,8290.155440414508,1.0291937232047808,386,386,0.31499937176704407,2319.63916015625,,
SSN_sf1,single,B1,0.01,0.1,53,8081,14507.77202072539,1.7952941493287204,386,386,0.28458982706069946,2318.417236328125,,
SSN_sf1,single,B1,0.01,0.1,54,7945,8290.155440414508,1.0434431013737582,386,386,0.28905365616083145,2318.78076171875,,
SSN_sf1,single,B1,0.01,0.1,55,7892,8290.155440414508,1.0504505119633183,386,386,0.2845451235771179,2331.742919921875,,
SSN_sf1,single,B1,0.01,0.1,56,7970,8290.155440414508,1.0401700678060863,386,386,0.287679024040699,2312.687744140625,,
SSN_sf1,single,B1,0.01,0.1,57,8179,8290.155440414508,1.013590346058749,386,386,0.2849958837032318,2317.652099609375,,
SSN_sf1,single,B1,0.01,0.1,58,7976,6217.616580310882,1.2828066666666664,386,386,0.28022658079862595,2326.99072265625,,
SSN_sf1,single,B1,0.01,0.1,59,8108,10362.694300518135,1.2780826714995233,386,386,0.28560031205415726,2338.420166015625,,
SSN_sf1,single,B1,0.01,0.1,60,8084,8290.155440414508,1.0255016625945705,386,386,0.28334371745586395,2316.546875,,
SSN_sf1,single,B1,0.01,0.1,61,8200,4145.077720207254,1.9782499999999998,386,386,0.28587691485881805,2326.66845703125,,
SSN_sf1,single,B1,0.01,0.1,62,7936,8290.155440414508,1.0446264415844895,386,386,0.27984846383333206,2305.904296875,,
SSN_sf1,single,B1,0.01,0.1,63,8071,12435.233160621763,1.5407301648645475,386,386,0.2933228388428688,2316.506103515625,,
SSN_sf1,single,B1,0.01,0.1,64,7944,6217.616580310882,1.2776599999999998,386,386,0.2799099311232567,2328.10009765625,,
SSN_sf1,single,B1,0.01,0.1,65,8013,10362.694300518135,1.293235280234386,386,386,0.2979440614581108,2318.470947265625,,
SSN_sf1,single,B1,0.01,0.1,66,7903,4145.077720207254,1.90659875,386,386,0.29538199305534363,2318.36669921875,,
SSN_sf1,single,B1,0.01,0.1,67,8071,0.0,,386,386,0.2834685146808624,2326.759521484375,,
SSN_sf1,single,B1,0.01,0.1,68,8146,4145.077720207254,1.9652224999999999,386,386,0.28405990451574326,2326.3427734375,,
SSN_sf1,single,B1,0.01,0.1,69,7985,12435.233160621763,1.557324127817378,386,386,0.28647948056459427,2310.989013671875,,
SSN_sf1,single,B1,0.01,0.1,70,8311,4145.077720207254,2.00502875,386,386,0.28496142476797104,2325.6640625,,
SSN_sf1,single,B1,0.01,0.1,71,8315,10362.694300518135,1.2462650992805935,386,386,0.28800591826438904,2320.6689453125,,
SSN_sf1,single,B1,0.01,0.1,72,8119,8290.155440414508,1.0210808523727686,386,386,0.2882787957787514,2319.626220703125,,
SSN_sf1,single,B1,0.01,0.1,73,8201,10362.694300518135,1.2635891111471935,386,386,0.28092414140701294,2328.68017578125,,
SSN_sf1,single,B1,0.01,0.1,74,7973,4145.077720207254,1.9234862499999998,386,386,0.28270669281482697,2333.556396484375,,
SSN_sf1,single,B1,0.01,0.1,75,8203,10362.694300518135,1.2632810313931653,386,386,0.28081052005290985,2318.58935546875,,
SSN_sf1,single,B1,0.01,0.1,76,7908,4145.077720207254,1.907805,386,386,0.2833520993590355,2330.743408203125,,
SSN_sf1,single,B1,0.01,0.1,77,8049,16580.310880829016,2.0599218388407277,386,386,0.28242077678442,2326.35498046875,,
SSN_sf1,single,B1,0.01,0.1,78,8090,6217.616580310882,1.3011416666666664,386,386,0.2843765541911125,2320.01025390625,,
SSN_sf1,single,B1,0.01,0.1,79,8130,10362.694300518135,1.2746241452051825,386,386,0.2845786511898041,2313.9677734375,,
SSN_sf1,single,B1,0.01,0.1,80,8211,6217.616580310882,1.3206025,386,386,0.2938630059361458,2328.3681640625,,
SSN_sf1,single,B1,0.01,0.1,81,8014,16580.310880829016,2.068918253160596,386,386,0.2967268228530884,2326.97119140625,,
SSN_sf1,single,B1,0.01,0.1,82,8137,2072.538860103627,3.9261025,386,386,0.2936115488409996,2328.86181640625,,
SSN_sf1,single,B1,0.01,0.1,83,7972,6217.616580310882,1.282163333333333,386,386,0.2878466621041298,2317.24609375,,
SSN_sf1,single,B1,0.01,0.1,84,7933,8290.155440414508,1.045021484988593,386,386,0.28644129633903503,2329.048095703125,,
SSN_sf1,single,B1,0.01,0.1,85,8129,4145.077720207254,1.96112125,386,386,0.2884678542613983,2328.425048828125,,
SSN_sf1,single,B1,0.01,0.1,86,8038,8290.155440414508,1.0313704205541812,386,386,0.2830764278769493,2330.46533203125,,
SSN_sf1,single,B1,0.01,0.1,87,7910,10362.694300518135,1.3100751328088667,386,386,0.2882806584239006,2325.59765625,,
SSN_sf1,single,B1,0.01,0.1,88,7882,10362.694300518135,1.3147290409183119,386,386,0.28759054839611053,2311.69384765625,,
SSN_sf1,single,B1,0.01,0.1,89,8144,12435.233160621763,1.5269195924142636,386,386,0.2871304750442505,2321.292236328125,,
SSN_sf1,single,B1,0.01,0.1,90,8076,6217.616580310882,1.2988899999999999,386,386,0.28320588171482086,2316.7119140625,,
SSN_sf1,single,B1,0.01,0.1,91,7908,4145.077720207254,1.907805,386,386,0.2862643450498581,2317.950927734375,,
SSN_sf1,single,B1,0.01,0.1,92,7992,2072.538860103627,3.85614,386,386,0.28387177735567093,2322.248046875,,
SSN_sf1,single,B1,0.01,0.1,93,7894,8290.155440414508,1.0501843729939837,386,386,0.2901935949921608,2302.69921875,,
SSN_sf1,single,B1,0.01,0.1,94,7841,14507.77202072539,1.8502451244388969,386,386,0.28564315289258957,2315.26220703125,,
SSN_sf1,single,B1,0.01,0.1,95,7794,2072.538860103627,3.760605,386,386,0.28222985565662384,2315.398193359375,,
SSN_sf1,single,B1,0.01,0.1,96,7934,12435.233160621763,1.5673346559896348,386,386,0.28496235609054565,2317.686767578125,,
SSN_sf1,single,B1,0.01,0.1,97,8062,10362.694300518135,1.285375130304904,386,386,0.29171258211135864,2329.7685546875,,
SSN_sf1,single,B1,0.01,0.1,98,8184,6217.616580310882,1.3162599999999998,386,386,0.29436778277158737,2320.43017578125,,
SSN_sf1,single,B1,0.01,0.1,99,7740,10362.694300518135,1.3388493928318004,386,386,0.29273051768541336,2320.91943359375,,
SSN_sf1,single,B1,0.01,0.2,0,8172,6233.766233766233,1.3109250000000001,385,385,0.3508487716317177,2319.66162109375,,
SSN_sf1,single,B1,0.01,0.2,1,7749,6233.766233766233,1.2430687500000002,385,385,0.30684005469083786,2311.0400390625,,
SSN_sf1,single,B1,0.01,0.2,2,8029,8311.688311688311,1.0352084084802977,385,385,0.29787980020046234,2325.772705078125,,
SSN_sf1,single,B1,0.01,0.2,3,8104,10389.610389610389,1.2820348457071062,385,385,0.3014393150806427,2318.34033203125,,
SSN_sf1,single,B1,0.01,0.2,4,8014,4155.8441558441555,1.9283687500000002,385,385,0.2995328977704048,2319.807861328125,,
SSN_sf1,single,B1,0.01,0.2,5,7704,2077.9220779220777,3.7075500000000003,385,385,0.28715282678604126,2314.911376953125,,
SSN_sf1,single,B1,0.01,0.2,6,8120,12467.532467532466,1.5354104024054762,385,385,0.28290506452322006,2321.281982421875,,
SSN_sf1,single,B1,0.01,0.2,7,8033,12467.532467532466,1.5520393959333334,385,385,0.28956495225429535,2311.428466796875,,
SSN_sf1,single,B1,0.01,0.2,8,8000,8311.688311688311,1.0389610389610389,385,385,0.2851085737347603,2327.399658203125,,
SSN_sf1,single,B1,0.01,0.2,9,7747,10389.610389610389,1.3411140298967843,385,385,0.2859896048903465,2318.00244140625,,
SSN_sf1,single,B1,0.01,0.2,10,7908,4155.8441558441555,1.9028625000000001,385,385,0.2879966050386429,2330.260009765625,,
SSN_sf1,single,B1,0.01,0.2,11,8033,0.0,,385,385,0.28485897928476334,2312.81787109375,,
SSN_sf1,single,B1,0.01,0.2,12,8129,10389.610389610389,1.278092064166612,385,385,0.282960943877697,2331.1630859375,,
SSN_sf1,single,B1,0.01,0.2,13,7920,6233.766233766233,1.2705000000000002,385,385,0.28404034674167633,2314.01123046875,,
SSN_sf1,single,B1,0.01,0.2,14,8129,12467.532467532466,1.5337104769999343,385,385,0.2819634974002838,2329.386474609375,,
SSN_sf1,single,B1,0.01,0.2,15,8235,12467.532467532466,1.513968727083481,385,385,0.2799518406391144,2328.434814453125,,
SSN_sf1,single,B1,0.01,0.2,16,7901,6233.766233766233,1.2674520833333334,385,385,0.28106849640607834,2336.87841796875,,
SSN_sf1,single,B1,0.01,0.2,17,7985,2077.9220779220777,3.8427812500000003,385,385,0.2818377688527107,2327.0205078125,,
SSN_sf1,single,B1,0.01,0.2,18,8085,6233.766233766233,1.2969687500000002,385,385,0.29686279594898224,2310.194091796875,,
SSN_sf1,single,B1,0.01,0.2,19,7939,2077.9220779220777,3.8206437500000003,385,385,0.28295814990997314,2318.360595703125,,
SSN_sf1,single,B1,0.01,0.2,20,7961,4155.8441558441555,1.9156156250000003,385,385,0.2830876037478447,2309.818115234375,,
SSN_sf1,single,B1,0.01,0.2,21,8068,16623.376623376622,2.0604086047814354,385,385,0.305691733956337,2327.804443359375,,
SSN_sf1,single,B1,0.01,0.2,22,7937,2077.9220779220777,3.8196812500000004,385,385,0.28210971504449844,2339.96533203125,,
SSN_sf1,single,B1,0.01,0.2,23,8126,10389.610389610389,1.278563917008416,385,385,0.28158165514469147,2323.548095703125,,
SSN_sf1,single,B1,0.01,0.2,24,8183,6233.766233766233,1.3126895833333334,385,385,0.2804100513458252,2316.527099609375,,
SSN_sf1,single,B1,0.01,0.2,25,7921,14545.454545454544,1.8363154330835179,385,385,0.2812119200825691,2328.1025390625,,
SSN_sf1,single,B1,0.01,0.2,26,8301,4155.8441558441555,1.997428125,385,385,0.28383079916238785,2320.2431640625,,
SSN_sf1,single,B1,0.01,0.2,27,8123,6233.766233766233,1.3030645833333334,385,385,0.2820659428834915,2321.862548828125,,
SSN_sf1,single,B1,0.01,0.2,28,8188,10389.610389610389,1.268882558574791,385,385,0.2781767398118973,2326.561767578125,,
SSN_sf1,single,B1,0.01,0.2,29,7959,4155.8441558441555,1.9151343750000003,385,385,0.2805981785058975,2324.14404296875,,
SSN_sf1,single,B1,0.01,0.2,30,8265,12467.532467532466,1.5084733778018713,385,385,0.2841753885149956,2325.943603515625,,
SSN_sf1,single,B1,0.01,0.2,31,7892,6233.766233766233,1.2660083333333334,385,385,0.2885814756155014,2335.89404296875,,
SSN_sf1,single,B1,0.01,0.2,32,7837,12467.532467532466,1.5908552338308621,385,385,0.28234440833330154,2320.212890625,,
SSN_sf1,single,B1,0.01,0.2,33,8288,8311.688311688311,1.0028581457152885,385,385,0.2809697762131691,2321.42578125,,
SSN_sf1,single,B1,0.01,0.2,34,7791,8311.688311688311,1.0668320256306394,385,385,0.2810312435030937,2328.847412109375,,
SSN_sf1,single,B1,0.01,0.2,35,7934,6233.766233766233,1.2727458333333335,385,385,0.28528645634651184,2333.0673828125,,
SSN_sf1,single,B1,0.01,0.2,36,7997,0.0,,385,385,0.2917638048529625,2331.8974609375,,
SSN_sf1,single,B1,0.01,0.2,37,7876,2077.9220779220777,3.790325,385,385,0.2863500267267227,2316.090087890625,,
SSN_sf1,single,B1,0.01,0.2,38,8236,8311.688311688311,1.0091899358533647,385,385,0.2835085615515709,2316.90478515625,,
SSN_sf1,single,B1,0.01,0.2,39,8245,8311.688311688311,1.008088333740244,385,385,0.3057895228266716,2320.692626953125,,
SSN_sf1,single,B1,0.01,0.2,40,7999,8311.688311688311,1.0390909253267047,385,385,0.2834778279066086,2315.57763671875,,
SSN_sf1,single,B1,0.01,0.2,41,8166,4155.8441558441555,1.9649437500000002,385,385,0.2830028533935547,2315.640625,,
SSN_sf1,single,B1,0.01,0.2,42,8026,4155.8441558441555,1.9312562500000001,385,385,0.28509926050901413,2319.081787109375,,
SSN_sf1,single,B1,0.01,0.2,43,8165,12467.532467532466,1.5269482507694385,385,385,0.28388015925884247,2317.610107421875,,
SSN_sf1,single,B1,0.01,0.2,44,7998,6233.766233766233,1.2830125000000001,385,385,0.2818061038851738,2312.50146484375,,
SSN_sf1,single,B1,0.01,0.2,45,7958,6233.766233766233,1.2765958333333334,385,385,0.2865642309188843,2318.319580078125,,
SSN_sf1,single,B1,0.01,0.2,46,7885,12467.532467532466,1.581170889985094,385,385,0.28104614466428757,2328.134521484375,,
SSN_sf1,single,B1,0.01,0.2,47,8269,14545.454545454544,1.759034290174694,385,385,0.28445757925510406,2327.553466796875,,
SSN_sf1,single,B1,0.01,0.2,48,8084,6233.766233766233,1.2968083333333333,385,385,0.2801269292831421,2323.362060546875,,
SSN_sf1,single,B1,0.01,0.2,49,8100,12467.532467532466,1.539201539201539,385,385,0.280037522315979,2313.535888671875,,
SSN_sf1,single,B1,0.01,0.2,50,8125,6217.616580310882,1.3067708333333332,386,386,0.29628537595272064,2324.302490234375,,
SSN_sf1,single,B1,0.01,0.2,51,7994,8290.155440414508,1.0370472154634112,386,386,0.28832629323005676,2308.227294921875,,
SSN_sf1,single,B1,0.01,0.2,52,8055,6217.616580310882,1.2955124999999998,386,386,0.2841334789991379,2319.63916015625,,
SSN_sf1,single,B1,0.01,0.2,53,8081,6217.616580310882,1.2996941666666666,386,386,0.2865241840481758,2318.417236328125,,
SSN_sf1,single,B1,0.01,0.2,54,7945,2072.538860103627,3.8334625,386,386,0.2905353903770447,2318.78076171875,,
SSN_sf1,single,B1,0.01,0.2,55,7892,4145.077720207254,1.903945,386,386,0.2879630774259567,2331.742919921875,,
SSN_sf1,single,B1,0.01,0.2,56,7970,12435.233160621763,1.5602551017091297,386,386,0.29526837170124054,2312.687744140625,,
SSN_sf1,single,B1,0.01,0.2,57,8179,4145.077720207254,1.97318375,386,386,0.28398167341947556,2317.652099609375,,
SSN_sf1,single,B1,0.01,0.2,58,7976,12435.233160621763,1.5590813892454567,386,386,0.2834787592291832,2326.99072265625,,
SSN_sf1,single,B1,0.01,0.2,59,8108,8290.155440414508,1.0224661371996187,386,386,0.2836659550666809,2338.420166015625,,
SSN_sf1,single,B1,0.01,0.2,60,8084,10362.694300518135,1.2818770782432132,386,386,0.2825101837515831,2316.546875,,
SSN_sf1,single,B1,0.01,0.2,61,8200,0.0,,386,386,0.28179679065942764,2326.66845703125,,
SSN_sf1,single,B1,0.01,0.2,62,7936,8290.155440414508,1.0446264415844895,386,386,0.2843765541911125,2305.904296875,,
SSN_sf1,single,B1,0.01,0.2,63,8071,10362.694300518135,1.2839418040537895,386,386,0.28145499527454376,2316.506103515625,,
SSN_sf1,single,B1,0.01,0.2,64,7944,8290.155440414508,1.0435744512102856,386,386,0.2837087959051132,2328.10009765625,,
SSN_sf1,single,B1,0.01,0.2,65,8013,20725.38860103627,2.586470560468772,386,386,0.28183311223983765,2318.470947265625,,
SSN_sf1,single,B1,0.01,0.2,66,7903,6217.616580310882,1.2710658333333331,386,386,0.2788100391626358,2318.36669921875,,
SSN_sf1,single,B1,0.01,0.2,67,8071,6217.616580310882,1.2980858333333332,386,386,0.27879979461431503,2326.759521484375,,
SSN_sf1,single,B1,0.01,0.2,68,8146,4145.077720207254,1.9652224999999999,386,386,0.28239190578460693,2326.3427734375,,
SSN_sf1,single,B1,0.01,0.2,69,7985,10362.694300518135,1.2977701065144815,386,386,0.28200913220643997,2310.989013671875,,
SSN_sf1,single,B1,0.01,0.2,70,8311,6217.616580310882,1.3366858333333331,386,386,0.2829087898135185,2325.6640625,,
SSN_sf1,single,B1,0.01,0.2,71,8315,8290.155440414508,1.002996875,386,386,0.2819206565618515,2320.6689453125,,
SSN_sf1,single,B1,0.01,0.2,72,8119,20725.38860103627,2.5527021309319213,386,386,0.28469134122133255,2319.626220703125,,
SSN_sf1,single,B1,0.01,0.2,73,8201,8290.155440414508,1.010871288917755,386,386,0.2962164580821991,2328.68017578125,,
SSN_sf1,single,B1,0.01,0.2,74,7973,6217.616580310882,1.2823241666666665,386,386,0.2850070595741272,2333.556396484375,,
SSN_sf1,single,B1,0.01,0.2,75,8203,10362.694300518135,1.2632810313931653,386,386,0.2879491075873375,2318.58935546875,,
SSN_sf1,single,B1,0.01,0.2,76,7908,8290.155440414508,1.0483251695010758,386,386,0.2814885228872299,2330.743408203125,,
SSN_sf1,single,B1,0.01,0.2,77,8049,4145.077720207254,1.9418212499999998,386,386,0.28482917696237564,2326.35498046875,,
SSN_sf1,single,B1,0.01,0.2,78,8090,14507.77202072539,1.793296912326995,386,386,0.283706933259964,2320.01025390625,,
SSN_sf1,single,B1,0.01,0.2,79,8130,12435.233160621763,1.5295489742462194,386,386,0.2812333405017853,2313.9677734375,,
SSN_sf1,single,B1,0.01,0.2,80,8211,4145.077720207254,1.98090375,386,386,0.2852221950888634,2328.3681640625,,
SSN_sf1,single,B1,0.01,0.2,81,8014,6217.616580310882,1.2889183333333332,386,386,0.2853740006685257,2326.97119140625,,
SSN_sf1,single,B1,0.01,0.2,82,8137,4145.077720207254,1.96305125,386,386,0.2834610641002655,2328.86181640625,,
SSN_sf1,single,B1,0.01,0.2,83,7972,2072.538860103627,3.8464899999999997,386,386,0.2810722216963768,2317.24609375,,
SSN_sf1,single,B1,0.01,0.2,84,7933,4145.077720207254,1.91383625,386,386,0.2836845815181732,2329.048095703125,,
SSN_sf1,single,B1,0.01,0.2,85,8129,8290.155440414508,1.0198247558635143,386,386,0.2836482599377632,2328.425048828125,,
SSN_sf1,single,B1,0.01,0.2,86,8038,6217.616580310882,1.2927783333333331,386,386,0.2848217263817787,2330.46533203125,,
SSN_sf1,single,B1,0.01,0.2,87,7910,6217.616580310882,1.2721916666666666,386,386,0.2833157777786255,2325.59765625,,
SSN_sf1,single,B1,0.01,0.2,88,7882,4145.077720207254,1.9015324999999998,386,386,0.2797981724143028,2311.69384765625,,
SSN_sf1,single,B1,0.01,0.2,89,8144,6217.616580310882,1.3098266666666665,386,386,0.2828966826200485,2321.292236328125,,
SSN_sf1,single,B1,0.01,0.2,90,8076,10362.694300518135,1.2831468920899127,386,386,0.28042588382959366,2316.7119140625,,
SSN_sf1,single,B1,0.01,0.2,91,7908,6217.616580310882,1.2718699999999998,386,386,0.28883013874292374,2317.950927734375,,
SSN_sf1,single,B1,0.01,0.2,92,7992,8290.155440414508,1.0373067367886022,386,386,0.27969758957624435,2322.248046875,,
SSN_sf1,single,B1,0.01,0.2,93,7894,10362.694300518135,1.3127304662424797,386,386,0.29985979199409485,2302.69921875,,
SSN_sf1,single,B1,0.01,0.2,94,7841,4145.077720207254,1.89164125,386,386,0.2821264788508415,2315.26220703125,,
SSN_sf1,single,B1,0.01,0.2,95,7794,12435.233160621763,1.5954879600489817,386,386,0.28136931359767914,2315.398193359375,,
SSN_sf1,single,B1,0.01,0.2,96,7934,4145.077720207254,1.9140774999999999,386,386,0.28342753648757935,2317.686767578125,,
SSN_sf1,single,B1,0.01,0.2,97,8062,10362.694300518135,1.285375130304904,386,386,0.2899514511227608,2329.7685546875,,
SSN_sf1,single,B1,0.01,0.2,98,8184,10362.694300518135,1.26621386858726,386,386,0.2816980704665184,2320.43017578125,,
SSN_sf1,single,B1,0.01,0.2,99,7740,10362.694300518135,1.3388493928318004,386,386,0.29409024864435196,2320.91943359375,,
SSN_sf1,single,B1,0.01,0.3,0,8172,10389.610389610389,1.27136691013343,385,385,0.37757400423288345,2319.66162109375,,
SSN_sf1,single,B1,0.01,0.3,1,7749,10389.610389610389,1.3407678912905392,385,385,0.3140401095151901,2311.0400390625,,
SSN_sf1,single,B1,0.01,0.3,2,8029,4155.8441558441555,1.931978125,385,385,0.3045909106731415,2325.772705078125,,
SSN_sf1,single,B1,0.01,0.3,3,8104,10389.610389610389,1.2820348457071062,385,385,0.2922620624303818,2318.34033203125,,
SSN_sf1,single,B1,0.01,0.3,4,8014,6233.766233766233,1.2855791666666667,385,385,0.2919565886259079,2319.807861328125,,
SSN_sf1,single,B1,0.01,0.3,5,7704,10389.610389610389,1.3485994794406009,385,385,0.2876715734601021,2314.911376953125,,
SSN_sf1,single,B1,0.01,0.3,6,8120,4155.8441558441555,1.9538750000000003,385,385,0.28544291853904724,2321.281982421875,,
SSN_sf1,single,B1,0.01,0.3,7,8033,6233.766233766233,1.2886270833333335,385,385,0.28116628527641296,2311.428466796875,,
SSN_sf1,single,B1,0.01,0.3,8,8000,8311.688311688311,1.0389610389610389,385,385,0.28239283710718155,2327.399658203125,,
SSN_sf1,single,B1,0.01,0.3,9,7747,6233.766233766233,1.2427479166666668,385,385,0.28333626687526703,2318.00244140625,,
SSN_sf1,single,B1,0.01,0.3,10,7908,4155.8441558441555,1.9028625000000001,385,385,0.2846391871571541,2330.260009765625,,
SSN_sf1,single,B1,0.01,0.3,11,8033,10389.610389610389,1.2933661632777778,385,385,0.29538944363594055,2312.81787109375,,
SSN_sf1,single,B1,0.01,0.3,12,8129,10389.610389610389,1.278092064166612,385,385,0.2822820097208023,2331.1630859375,,
SSN_sf1,single,B1,0.01,0.3,13,7920,6233.766233766233,1.2705000000000002,385,385,0.2998746931552887,2314.01123046875,,
SSN_sf1,single,B1,0.01,0.3,14,8129,4155.8441558441555,1.9560406250000002,385,385,0.28347689658403397,2329.386474609375,,
SSN_sf1,single,B1,0.01,0.3,15,8235,0.0,,385,385,0.2860436215996742,2328.434814453125,,
SSN_sf1,single,B1,0.01,0.3,16,7901,4155.8441558441555,1.9011781250000002,385,385,0.2849223092198372,2336.87841796875,,
SSN_sf1,single,B1,0.01,0.3,17,7985,4155.8441558441555,1.9213906250000001,385,385,0.28174836188554764,2327.0205078125,,
SSN_sf1,single,B1,0.01,0.3,18,8085,10389.610389610389,1.2850476672369064,385,385,0.28159841895103455,2310.194091796875,,
SSN_sf1,single,B1,0.01,0.3,19,7939,6233.766233766233,1.2735479166666668,385,385,0.2894541248679161,2318.360595703125,,
SSN_sf1,single,B1,0.01,0.3,20,7961,10389.610389610389,1.30506348318181,385,385,0.2815062180161476,2309.818115234375,,
SSN_sf1,single,B1,0.01,0.3,21,8068,6233.766233766233,1.2942416666666667,385,385,0.27875229716300964,2327.804443359375,,
SSN_sf1,single,B1,0.01,0.3,22,7937,14545.454545454544,1.8326136506809303,385,385,0.2827253192663193,2339.96533203125,,
SSN_sf1,single,B1,0.01,0.3,23,8126,14545.454545454544,1.7899894838117825,385,385,0.281674787402153,2323.548095703125,,
SSN_sf1,single,B1,0.01,0.3,24,8183,6233.766233766233,1.3126895833333334,385,385,0.28139445930719376,2316.527099609375,,
SSN_sf1,single,B1,0.01,0.3,25,7921,4155.8441558441555,1.9059906250000003,385,385,0.2875765785574913,2328.1025390625,,
SSN_sf1,single,B1,0.01,0.3,26,8301,4155.8441558441555,1.997428125,385,385,0.28154440224170685,2320.2431640625,,
SSN_sf1,single,B1,0.01,0.3,27,8123,10389.610389610389,1.2790361183811878,385,385,0.2847602590918541,2321.862548828125,,
SSN_sf1,single,B1,0.01,0.3,28,8188,16623.376623376622,2.0302120937196655,385,385,0.29847677797079086,2326.561767578125,,
SSN_sf1,single,B1,0.01,0.3,29,7959,8311.688311688311,1.0443131438231323,385,385,0.2867225557565689,2324.14404296875,,
SSN_sf1,single,B1,0.01,0.3,30,8265,6233.766233766233,1.3258437500000002,385,385,0.28312020003795624,2325.943603515625,,
SSN_sf1,single,B1,0.01,0.3,31,7892,6233.766233766233,1.2660083333333334,385,385,0.28117746114730835,2335.89404296875,,
SSN_sf1,single,B1,0.01,0.3,32,7837,10389.610389610389,1.3257126948590519,385,385,0.28232112526893616,2320.212890625,,
SSN_sf1,single,B1,0.01,0.3,33,8288,4155.8441558441555,1.9943000000000002,385,385,0.2850918099284172,2321.42578125,,
SSN_sf1,single,B1,0.01,0.3,34,7791,8311.688311688311,1.0668320256306394,385,385,0.2839434891939163,2328.847412109375,,
SSN_sf1,single,B1,0.01,0.3,35,7934,6233.766233766233,1.2727458333333335,385,385,0.2842266112565994,2333.0673828125,,
SSN_sf1,single,B1,0.01,0.3,36,7997,12467.532467532466,1.5590261932640324,385,385,0.2856794744729996,2331.8974609375,,
SSN_sf1,single,B1,0.01,0.3,37,7876,6233.766233766233,1.2634416666666668,385,385,0.2804901450872421,2316.090087890625,,
SSN_sf1,single,B1,0.01,0.3,38,8236,4155.8441558441555,1.9817875000000003,385,385,0.28759147971868515,2316.90478515625,,
SSN_sf1,single,B1,0.01,0.3,39,8245,4155.8441558441555,1.9839531250000002,385,385,0.28245337307453156,2320.692626953125,,
SSN_sf1,single,B1,0.01,0.3,40,7999,16623.376623376622,2.0781818506534093,385,385,0.28221961110830307,2315.57763671875,,
SSN_sf1,single,B1,0.01,0.3,41,8166,6233.766233766233,1.3099625000000001,385,385,0.280207023024559,2315.640625,,
SSN_sf1,single,B1,0.01,0.3,42,8026,12467.532467532466,1.5533930310905142,385,385,0.2828352153301239,2319.081787109375,,
SSN_sf1,single,B1,0.01,0.3,43,8165,4155.8441558441555,1.9647031250000002,385,385,0.2824636176228523,2317.610107421875,,
SSN_sf1,single,B1,0.01,0.3,44,7998,8311.688311688311,1.0392208441720818,385,385,0.2807518467307091,2312.50146484375,,
SSN_sf1,single,B1,0.01,0.3,45,7958,6233.766233766233,1.2765958333333334,385,385,0.2779019996523857,2318.319580078125,,
SSN_sf1,single,B1,0.01,0.3,46,7885,6233.766233766233,1.2648854166666668,385,385,0.292840413749218,2328.134521484375,,
SSN_sf1,single,B1,0.01,0.3,47,8269,16623.376623376622,2.010324903056793,385,385,0.2835039049386978,2327.553466796875,,
SSN_sf1,single,B1,0.01,0.3,48,8084,16623.376623376622,2.0563306065532685,385,385,0.28861500322818756,2323.362060546875,,
SSN_sf1,single,B1,0.01,0.3,49,8100,6233.766233766233,1.2993750000000002,385,385,0.2779141068458557,2313.535888671875,,
SSN_sf1,single,B1,0.01,0.3,50,8125,4155.8441558441555,1.9550781250000002,385,385,0.29496196657419205,2324.302490234375,,
SSN_sf1,single,B1,0.01,0.3,51,7994,8311.688311688311,1.0397408445944847,385,385,0.29946863651275635,2308.227294921875,,
SSN_sf1,single,B1,0.01,0.3,52,8055,4155.8441558441555,1.9382343750000002,385,385,0.29122084379196167,2319.63916015625,,
SSN_sf1,single,B1,0.01,0.3,53,8081,8311.688311688311,1.0285470005801647,385,385,0.287102535367012,2318.417236328125,,
SSN_sf1,single,B1,0.01,0.3,54,7945,6233.766233766233,1.2745104166666668,385,385,0.27956441044807434,2318.78076171875,,
SSN_sf1,single,B1,0.01,0.3,55,7892,10389.610389610389,1.3164736935644181,385,385,0.28132833540439606,2331.742919921875,,
SSN_sf1,single,B1,0.01,0.3,56,7970,4155.8441558441555,1.9177812500000002,385,385,0.28127431869506836,2312.687744140625,,
SSN_sf1,single,B1,0.01,0.3,57,8179,6233.766233766233,1.3120479166666668,385,385,0.28090737760066986,2317.652099609375,,
SSN_sf1,single,B1,0.01,0.3,58,7976,8311.688311688311,1.0420873008636298,385,385,0.2811253070831299,2326.99072265625,,
SSN_sf1,single,B1,0.01,0.3,59,8108,2077.9220779220777,3.901975,385,385,0.2829181030392647,2338.420166015625,,
SSN_sf1,single,B1,0.01,0.3,60,8084,4155.8441558441555,1.9452125000000002,385,385,0.2801148220896721,2316.546875,,
SSN_sf1,single,B1,0.01,0.3,61,8200,8311.688311688311,1.0136205258156477,385,385,0.2815406769514084,2326.66845703125,,
SSN_sf1,single,B1,0.01,0.3,62,7936,6233.766233766233,1.2730666666666668,385,385,0.2822829410433769,2305.904296875,,
SSN_sf1,single,B1,0.01,0.3,63,8071,4155.8441558441555,1.942084375,385,385,0.2809157595038414,2316.506103515625,,
SSN_sf1,single,B1,0.01,0.3,64,7944,8311.688311688311,1.046285034200442,385,385,0.2876315265893936,2328.10009765625,,
SSN_sf1,single,B1,0.01,0.3,65,8013,16623.376623376622,2.074550932656511,385,385,0.29738899320364,2318.470947265625,,
SSN_sf1,single,B1,0.01,0.3,66,7903,6233.766233766233,1.2677729166666667,385,385,0.28302986174821854,2318.36669921875,,
SSN_sf1,single,B1,0.01,0.3,67,8071,2077.9220779220777,3.88416875,385,385,0.28192996978759766,2326.759521484375,,
SSN_sf1,single,B1,0.01,0.3,68,8146,6233.766233766233,1.3067541666666669,385,385,0.2793138846755028,2326.3427734375,,
SSN_sf1,single,B1,0.01,0.3,69,7985,8311.688311688311,1.040912750367979,385,385,0.2840328961610794,2310.989013671875,,
SSN_sf1,single,B1,0.01,0.3,70,8311,10389.610389610389,1.2501035241980976,385,385,0.2815360203385353,2325.6640625,,
SSN_sf1,single,B1,0.01,0.3,71,8315,14545.454545454544,1.7493030120811237,385,385,0.28159283101558685,2320.6689453125,,
SSN_sf1,single,B1,0.01,0.3,72,8119,8311.688311688311,1.0237330104308795,385,385,0.2813078463077545,2319.626220703125,,
SSN_sf1,single,B1,0.01,0.3,73,8201,6233.766233766233,1.3155770833333336,385,385,0.28067268431186676,2328.68017578125,,
SSN_sf1,single,B1,0.01,0.3,74,7973,8311.688311688311,1.0424794069595273,385,385,0.2797180786728859,2333.556396484375,,
SSN_sf1,single,B1,0.01,0.3,75,8203,10389.610389610389,1.2665622808253552,385,385,0.2813860774040222,2318.58935546875,,
SSN_sf1,single,B1,0.01,0.3,76,7908,8311.688311688311,1.0510480920192604,385,385,0.2827402204275131,2330.743408203125,,
SSN_sf1,single,B1,0.01,0.3,77,8049,14545.454545454544,1.8071132495284563,385,385,0.27803145349025726,2326.35498046875,,
SSN_sf1,single,B1,0.01,0.3,78,8090,10389.610389610389,1.2842534474178477,385,385,0.2778423950076103,2320.01025390625,,
SSN_sf1,single,B1,0.01,0.3,79,8130,12467.532467532466,1.5335218287247807,385,385,0.28892140835523605,2313.9677734375,,
SSN_sf1,single,B1,0.01,0.3,80,8211,10389.610389610389,1.265328265693629,385,385,0.2808384597301483,2328.3681640625,,
SSN_sf1,single,B1,0.01,0.3,81,8014,4155.8441558441555,1.9283687500000002,385,385,0.27666613459587097,2326.97119140625,,
SSN_sf1,single,B1,0.01,0.3,82,8137,0.0,,385,385,0.2895807847380638,2328.86181640625,,
SSN_sf1,single,B1,0.01,0.3,83,7972,4155.8441558441555,1.9182625000000002,385,385,0.2910010516643524,2317.24609375,,
SSN_sf1,single,B1,0.01,0.3,84,7933,12467.532467532466,1.5716037397620657,385,385,0.28347503393888474,2329.048095703125,,
SSN_sf1,single,B1,0.01,0.3,85,8129,10389.610389610389,1.278092064166612,385,385,0.28096139430999756,2328.425048828125,,
SSN_sf1,single,B1,0.01,0.3,86,8038,8311.688311688311,1.0340493047634127,385,385,0.28102751821279526,2330.46533203125,,
SSN_sf1,single,B1,0.01,0.3,87,7910,10389.610389610389,1.3134779253616167,385,385,0.2824906259775162,2325.59765625,,
SSN_sf1,single,B1,0.01,0.3,88,7882,8311.688311688311,1.054515137235259,385,385,0.2811802551150322,2311.69384765625,,
SSN_sf1,single,B1,0.01,0.3,89,8144,10389.610389610389,1.2757380144413542,385,385,0.28234999626874924,2321.292236328125,,
SSN_sf1,single,B1,0.01,0.3,90,8076,14545.454545454544,1.8010716376243863,385,385,0.283803790807724,2316.7119140625,,
SSN_sf1,single,B1,0.01,0.3,91,7908,10389.610389610389,1.3138101150240755,385,385,0.27966592460870743,2317.950927734375,,
SSN_sf1,single,B1,0.01,0.3,92,7992,6233.766233766233,1.2820500000000001,385,385,0.27671176940202713,2322.248046875,,
SSN_sf1,single,B1,0.01,0.3,93,7894,8311.688311688311,1.0529121246121498,385,385,0.2807285636663437,2302.69921875,,
SSN_sf1,single,B1,0.01,0.3,94,7841,4155.8441558441555,1.8867406250000003,385,385,0.2807658165693283,2315.26220703125,,
SSN_sf1,single,B1,0.01,0.3,95,7794,6233.766233766233,1.2502875000000002,385,385,0.2780398353934288,2315.398193359375,,
SSN_sf1,single,B1,0.01,0.3,96,7934,12467.532467532466,1.571405655096101,385,385,0.27977023273706436,2317.686767578125,,
SSN_sf1,single,B1,0.01,0.3,97,8062,6233.766233766233,1.2932791666666668,385,385,0.28302334249019623,2329.7685546875,,
SSN_sf1,single,B1,0.01,0.3,98,8184,12467.532467532466,1.5234032829340747,385,385,0.28080493211746216,2320.43017578125,,
SSN_sf1,single,B1,0.01,0.3,99,7740,4155.8441558441555,1.8624375000000002,385,385,0.28082169592380524,2320.91943359375,,
SSN_sf1,single,B1,0.01,0.4,0,8172,8311.688311688311,1.017093528106744,385,385,0.34803617745637894,2319.66162109375,,
SSN_sf1,single,B1,0.01,0.4,1,7749,6233.766233766233,1.2430687500000002,385,385,0.30851271003484726,2311.0400390625,,
SSN_sf1,single,B1,0.01,0.4,2,8029,4155.8441558441555,1.931978125,385,385,0.3023836761713028,2325.772705078125,,
SSN_sf1,single,B1,0.01,0.4,3,8104,18701.2987012987,2.307662722272791,385,385,0.2958448603749275,2318.34033203125,,
SSN_sf1,single,B1,0.01,0.4,4,8014,12467.532467532466,1.5557190501038765,385,385,0.2906927838921547,2319.807861328125,,
SSN_sf1,single,B1,0.01,0.4,5,7704,6233.766233766233,1.2358500000000001,385,385,0.2959882840514183,2314.911376953125,,
SSN_sf1,single,B1,0.01,0.4,6,8120,4155.8441558441555,1.9538750000000003,385,385,0.28519704937934875,2321.281982421875,,
SSN_sf1,single,B1,0.01,0.4,7,8033,12467.532467532466,1.5520393959333334,385,385,0.28427131474018097,2311.428466796875,,
SSN_sf1,single,B1,0.01,0.4,8,8000,8311.688311688311,1.0389610389610389,385,385,0.2864580601453781,2327.399658203125,,
SSN_sf1,single,B1,0.01,0.4,9,7747,12467.532467532466,1.6093368358761413,385,385,0.28357096016407013,2318.00244140625,,
SSN_sf1,single,B1,0.01,0.4,10,7908,8311.688311688311,1.0510480920192604,385,385,0.2820603549480438,2330.260009765625,,
SSN_sf1,single,B1,0.01,0.4,11,8033,10389.610389610389,1.2933661632777778,385,385,0.28346292674541473,2312.81787109375,,
SSN_sf1,single,B1,0.01,0.4,12,8129,6233.766233766233,1.3040270833333334,385,385,0.28287526220083237,2331.1630859375,,
SSN_sf1,single,B1,0.01,0.4,13,7920,12467.532467532466,1.5741833923652104,385,385,0.2828184515237808,2314.01123046875,,
SSN_sf1,single,B1,0.01,0.4,14,8129,16623.376623376622,2.044947302666579,385,385,0.2815350890159607,2329.386474609375,,
SSN_sf1,single,B1,0.01,0.4,15,8235,14545.454545454544,1.7662968482640613,385,385,0.2844883129000664,2328.434814453125,,
SSN_sf1,single,B1,0.01,0.4,16,7901,10389.610389610389,1.3149741032287545,385,385,0.279206782579422,2336.87841796875,,
SSN_sf1,single,B1,0.01,0.4,17,7985,10389.610389610389,1.3011409379599734,385,385,0.2748630940914154,2327.0205078125,,
SSN_sf1,single,B1,0.01,0.4,18,8085,10389.610389610389,1.2850476672369064,385,385,0.28926320374011993,2310.194091796875,,
SSN_sf1,single,B1,0.01,0.4,19,7939,14545.454545454544,1.8321519770064925,385,385,0.2853088080883026,2318.360595703125,,
SSN_sf1,single,B1,0.01,0.4,20,7961,8311.688311688311,1.044050786545448,385,385,0.28180424124002457,2309.818115234375,,
SSN_sf1,single,B1,0.01,0.4,21,8068,4155.8441558441555,1.9413625,385,385,0.29971543699502945,2327.804443359375,,
SSN_sf1,single,B1,0.01,0.4,22,7937,2077.9220779220777,3.8196812500000004,385,385,0.2841176465153694,2339.96533203125,,
SSN_sf1,single,B1,0.01,0.4,23,8126,8311.688311688311,1.0228511336067327,385,385,0.2820342779159546,2323.548095703125,,
SSN_sf1,single,B1,0.01,0.4,24,8183,4155.8441558441555,1.9690343750000001,385,385,0.2809884026646614,2316.527099609375,,
SSN_sf1,single,B1,0.01,0.4,25,7921,8311.688311688311,1.049323104619153,385,385,0.28192438185214996,2328.1025390625,,
SSN_sf1,single,B1,0.01,0.4,26,8301,4155.8441558441555,1.997428125,385,385,0.2780109643936157,2320.2431640625,,
SSN_sf1,single,B1,0.01,0.4,27,8123,8311.688311688311,1.0232288947049502,385,385,0.27837324887514114,2321.862548828125,,
SSN_sf1,single,B1,0.01,0.4,28,8188,2077.9220779220777,3.940475,385,385,0.2788342535495758,2326.561767578125,,
SSN_sf1,single,B1,0.01,0.4,29,7959,14545.454545454544,1.8275480016904817,385,385,0.278593972325325,2324.14404296875,,
SSN_sf1,single,B1,0.01,0.4,30,8265,12467.532467532466,1.5084733778018713,385,385,0.28307829052209854,2325.943603515625,,
SSN_sf1,single,B1,0.01,0.4,31,7892,6233.766233766233,1.2660083333333334,385,385,0.28206687420606613,2335.89404296875,,
SSN_sf1,single,B1,0.01,0.4,32,7837,12467.532467532466,1.5908552338308621,385,385,0.3568120300769806,2320.212890625,,
SSN_sf1,single,B1,0.01,0.4,33,8288,6233.766233766233,1.3295333333333335,385,385,0.28806086629629135,2321.42578125,,
SSN_sf1,single,B1,0.01,0.4,34,7791,2077.9220779220777,3.7494187500000002,385,385,0.2856580540537834,2328.847412109375,,
SSN_sf1,single,B1,0.01,0.4,35,7934,6233.766233766233,1.2727458333333335,385,385,0.2882685512304306,2333.0673828125,,
SSN_sf1,single,B1,0.01,0.4,36,7997,8311.688311688311,1.0393507955093548,385,385,0.2825893461704254,2331.8974609375,,
SSN_sf1,single,B1,0.01,0.4,37,7876,6233.766233766233,1.2634416666666668,385,385,0.2892203629016876,2316.090087890625,,
SSN_sf1,single,B1,0.01,0.4,38,8236,12467.532467532466,1.5137849037800468,385,385,0.2818368375301361,2316.90478515625,,
SSN_sf1,single,B1,0.01,0.4,39,8245,8311.688311688311,1.008088333740244,385,385,0.28700102120637894,2320.692626953125,,
SSN_sf1,single,B1,0.01,0.4,40,7999,2077.9220779220777,3.8495187500000005,385,385,0.27938373386859894,2315.57763671875,,
SSN_sf1,single,B1,0.01,0.4,41,8166,4155.8441558441555,1.9649437500000002,385,385,0.2805953845381737,2315.640625,,
SSN_sf1,single,B1,0.01,0.4,42,8026,4155.8441558441555,1.9312562500000001,385,385,0.28229691088199615,2319.081787109375,,
SSN_sf1,single,B1,0.01,0.4,43,8165,6233.766233766233,1.3098020833333335,385,385,0.28074346482753754,2317.610107421875,,
SSN_sf1,single,B1,0.01,0.4,44,7998,18701.2987012987,2.338246899387184,385,385,0.2868799492716789,2312.50146484375,,
SSN_sf1,single,B1,0.01,0.4,45,7958,10389.610389610389,1.3055554648919814,385,385,0.2834191545844078,2318.319580078125,,
SSN_sf1,single,B1,0.01,0.4,46,7885,6233.766233766233,1.2648854166666668,385,385,0.287836417555809,2328.134521484375,,
SSN_sf1,single,B1,0.01,0.4,47,8269,4155.8441558441555,1.9897281250000003,385,385,0.2830810844898224,2327.553466796875,,
SSN_sf1,single,B1,0.01,0.4,48,8084,10389.610389610389,1.2852066290957929,385,385,0.2799229696393013,2323.362060546875,,
SSN_sf1,single,B1,0.01,0.4,49,8100,12467.532467532466,1.539201539201539,385,385,0.27882959693670273,2313.535888671875,,
SSN_sf1,single,B1,0.01,0.4,50,8125,10362.694300518135,1.2754085292945396,386,386,0.2957060933113098,2324.302490234375,,
SSN_sf1,single,B1,0.01,0.4,51,7994,6217.616580310882,1.2857016666666665,386,386,0.28729531913995743,2308.227294921875,,
SSN_sf1,single,B1,0.01,0.4,52,8055,4145.077720207254,1.9432687499999999,386,386,0.2867644652724266,2319.63916015625,,
SSN_sf1,single,B1,0.01,0.4,53,8081,2072.538860103627,3.8990825,386,386,0.2860547974705696,2318.417236328125,,
SSN_sf1,single,B1,0.01,0.4,54,7945,0.0,,386,386,0.28116535395383835,2318.78076171875,,
SSN_sf1,single,B1,0.01,0.4,55,7892,18652.849740932645,2.3635136519174664,386,386,0.2863192930817604,2331.742919921875,,
SSN_sf1,single,B1,0.01,0.4,56,7970,12435.233160621763,1.5602551017091297,386,386,0.284416601061821,2312.687744140625,,
SSN_sf1,single,B1,0.01,0.4,57,8179,16580.310880829016,2.027180692117498,386,386,0.28186850249767303,2317.652099609375,,
SSN_sf1,single,B1,0.01,0.4,58,7976,2072.538860103627,3.84842,386,386,0.2809148281812668,2326.99072265625,,
SSN_sf1,single,B1,0.01,0.4,59,8108,2072.538860103627,3.9121099999999998,386,386,0.2885619178414345,2338.420166015625,,
SSN_sf1,single,B1,0.01,0.4,60,8084,16580.310880829016,2.051003325189141,386,386,0.28412509709596634,2316.546875,,
SSN_sf1,single,B1,0.01,0.4,61,8200,6217.616580310882,1.318833333333333,386,386,0.2806689590215683,2326.66845703125,,
SSN_sf1,single,B1,0.01,0.4,62,7936,10362.694300518135,1.3057830519806117,386,386,0.28125476092100143,2305.904296875,,
SSN_sf1,single,B1,0.01,0.4,63,8071,8290.155440414508,1.0271534432430316,386,386,0.2846214920282364,2316.506103515625,,
SSN_sf1,single,B1,0.01,0.4,64,7944,10362.694300518135,1.3044680640128568,386,386,0.28053391724824905,2328.10009765625,,
SSN_sf1,single,B1,0.01,0.4,65,8013,8290.155440414508,1.0345882241875088,386,386,0.28202589601278305,2318.470947265625,,
SSN_sf1,single,B1,0.01,0.4,66,7903,10362.694300518135,1.3112355182232234,386,386,0.28089527040719986,2318.36669921875,,
SSN_sf1,single,B1,0.01,0.4,67,8071,6217.616580310882,1.2980858333333332,386,386,0.28048455715179443,2326.759521484375,,
SSN_sf1,single,B1,0.01,0.4,68,8146,6217.616580310882,1.3101483333333332,386,386,0.28508342802524567,2326.3427734375,,
SSN_sf1,single,B1,0.01,0.4,69,7985,10362.694300518135,1.2977701065144815,386,386,0.27662236243486404,2310.989013671875,,
SSN_sf1,single,B1,0.01,0.4,70,8311,14507.77202072539,1.745610879644494,386,386,0.28044916689395905,2325.6640625,,
SSN_sf1,single,B1,0.01,0.4,71,8315,6217.616580310882,1.3373291666666665,386,386,0.2812938764691353,2320.6689453125,,
SSN_sf1,single,B1,0.01,0.4,72,8119,8290.155440414508,1.0210808523727686,386,386,0.28318073600530624,2319.626220703125,,
SSN_sf1,single,B1,0.01,0.4,73,8201,12435.233160621763,1.5163069333766326,386,386,0.289388932287693,2328.68017578125,,
SSN_sf1,single,B1,0.01,0.4,74,7973,10362.694300518135,1.2997233538841257,386,386,0.2839015796780586,2333.556396484375,,
SSN_sf1,single,B1,0.01,0.4,75,8203,14507.77202072539,1.7685934439504316,386,386,0.2834070473909378,2318.58935546875,,
SSN_sf1,single,B1,0.01,0.4,76,7908,12435.233160621763,1.572487754251614,386,386,0.28447993099689484,2330.743408203125,,
SSN_sf1,single,B1,0.01,0.4,77,8049,6217.616580310882,1.2945474999999997,386,386,0.28327759355306625,2326.35498046875,,
SSN_sf1,single,B1,0.01,0.4,78,8090,0.0,,386,386,0.2812240272760391,2320.01025390625,,
SSN_sf1,single,B1,0.01,0.4,79,8130,8290.155440414508,1.019699316164146,386,386,0.284549780189991,2313.9677734375,,
SSN_sf1,single,B1,0.01,0.4,80,8211,6217.616580310882,1.3206025,386,386,0.2829562872648239,2328.3681640625,,
SSN_sf1,single,B1,0.01,0.4,81,8014,4145.077720207254,1.9333775,386,386,0.2801809459924698,2326.97119140625,,
SSN_sf1,single,B1,0.01,0.4,82,8137,6217.616580310882,1.3087008333333332,386,386,0.2785762771964073,2328.86181640625,,
SSN_sf1,single,B1,0.01,0.4,83,7972,0.0,,386,386,0.281553715467453,2317.24609375,,
SSN_sf1,single,B1,0.01,0.4,84,7933,10362.694300518135,1.3062768562357412,386,386,0.28433743864297867,2329.048095703125,,
SSN_sf1,single,B1,0.01,0.4,85,8129,8290.155440414508,1.0198247558635143,386,386,0.2798736095428467,2328.425048828125,,
SSN_sf1,single,B1,0.01,0.4,86,8038,10362.694300518135,1.2892130256927263,386,386,0.27965009212493896,2330.46533203125,,
SSN_sf1,single,B1,0.01,0.4,87,7910,14507.77202072539,1.8341051859324133,386,386,0.29214564710855484,2325.59765625,,
SSN_sf1,single,B1,0.01,0.4,88,7882,8290.155440414508,1.0517832327346497,386,386,0.2778274938464165,2311.69384765625,,
SSN_sf1,single,B1,0.01,0.4,89,8144,4145.077720207254,1.96474,386,386,0.2862652763724327,2321.292236328125,,
SSN_sf1,single,B1,0.01,0.4,90,8076,4145.077720207254,1.948335,386,386,0.27954112738370895,2316.7119140625,,
SSN_sf1,single,B1,0.01,0.4,91,7908,6217.616580310882,1.2718699999999998,386,386,0.28190482407808304,2317.950927734375,,
SSN_sf1,single,B1,0.01,0.4,92,7992,4145.077720207254,1.92807,386,386,0.28749462217092514,2322.248046875,,
SSN_sf1,single,B1,0.01,0.4,93,7894,10362.694300518135,1.3127304662424797,386,386,0.2823173999786377,2302.69921875,,
SSN_sf1,single,B1,0.01,0.4,94,7841,8290.155440414508,1.057282928250798,386,386,0.2809343859553337,2315.26220703125,,
SSN_sf1,single,B1,0.01,0.4,95,7794,10362.694300518135,1.3295733000408179,386,386,0.2815835177898407,2315.398193359375,,
SSN_sf1,single,B1,0.01,0.4,96,7934,4145.077720207254,1.9140774999999999,386,386,0.2813795581459999,2317.686767578125,,
SSN_sf1,single,B1,0.01,0.4,97,8062,8290.155440414508,1.028300104243923,386,386,0.28247106820344925,2329.7685546875,,
SSN_sf1,single,B1,0.01,0.4,98,8184,10362.694300518135,1.26621386858726,386,386,0.2809930592775345,2320.43017578125,,
SSN_sf1,single,B1,0.01,0.4,99,7740,10362.694300518135,1.3388493928318004,386,386,0.2796687185764313,2320.91943359375,,
SSN_sf1,single,B1,0.01,0.5,0,8172,6233.766233766233,1.3109250000000001,385,385,0.3590872511267662,2319.66162109375,,
SSN_sf1,single,B1,0.01,0.5,1,7749,8311.688311688311,1.0726143130324315,385,385,0.31372159719467163,2311.0400390625,,
SSN_sf1,single,B1,0.01,0.5,2,8029,4155.8441558441555,1.931978125,385,385,0.29762741178274155,2325.772705078125,,
SSN_sf1,single,B1,0.01,0.5,3,8104,8311.688311688311,1.025627876565685,385,385,0.29153376817703247,2318.34033203125,,
SSN_sf1,single,B1,0.01,0.5,4,8014,18701.2987012987,2.3335785751558147,385,385,0.29022619128227234,2319.807861328125,,
SSN_sf1,single,B1,0.01,0.5,5,7704,4155.8441558441555,1.8537750000000002,385,385,0.2899644896388054,2314.911376953125,,
SSN_sf1,single,B1,0.01,0.5,6,8120,12467.532467532466,1.5354104024054762,385,385,0.2855071797966957,2321.281982421875,,
SSN_sf1,single,B1,0.01,0.5,7,8033,6233.766233766233,1.2886270833333335,385,385,0.28568319976329803,2311.428466796875,,
SSN_sf1,single,B1,0.01,0.5,8,8000,14545.454545454544,1.8181818181818181,385,385,0.2837264910340309,2327.399658203125,,
SSN_sf1,single,B1,0.01,0.5,9,7747,8311.688311688311,1.0728912239174275,385,385,0.281432643532753,2318.00244140625,,
SSN_sf1,single,B1,0.01,0.5,10,7908,14545.454545454544,1.8393341610337057,385,385,0.284452922642231,2330.260009765625,,
SSN_sf1,single,B1,0.01,0.5,11,8033,12467.532467532466,1.5520393959333334,385,385,0.29179826378822327,2312.81787109375,,
SSN_sf1,single,B1,0.01,0.5,12,8129,6233.766233766233,1.3040270833333334,385,385,0.2886578440666199,2331.1630859375,,
SSN_sf1,single,B1,0.01,0.5,13,7920,4155.8441558441555,1.9057500000000003,385,385,0.2796156331896782,2314.01123046875,,
SSN_sf1,single,B1,0.01,0.5,14,8129,8311.688311688311,1.0224736513332895,385,385,0.2853209152817726,2329.386474609375,,
SSN_sf1,single,B1,0.01,0.5,15,8235,8311.688311688311,1.0093124847223207,385,385,0.28192345052957535,2328.434814453125,,
SSN_sf1,single,B1,0.01,0.5,16,7901,8311.688311688311,1.0519792825830034,385,385,0.2774978056550026,2336.87841796875,,
SSN_sf1,single,B1,0.01,0.5,17,7985,8311.688311688311,1.040912750367979,385,385,0.28014741837978363,2327.0205078125,,
SSN_sf1,single,B1,0.01,0.5,18,8085,10389.610389610389,1.2850476672369064,385,385,0.2816542983055115,2310.194091796875,,
SSN_sf1,single,B1,0.01,0.5,19,7939,14545.454545454544,1.8321519770064925,385,385,0.2794293686747551,2318.360595703125,,
SSN_sf1,single,B1,0.01,0.5,20,7961,6233.766233766233,1.2770770833333334,385,385,0.278303399682045,2309.818115234375,,
SSN_sf1,single,B1,0.01,0.5,21,8068,10389.610389610389,1.2877553779883972,385,385,0.27893204241991043,2327.804443359375,,
SSN_sf1,single,B1,0.01,0.5,22,7937,2077.9220779220777,3.8196812500000004,385,385,0.2812715247273445,2339.96533203125,,
SSN_sf1,single,B1,0.01,0.5,23,8126,6233.766233766233,1.3035458333333334,385,385,0.28120633214712143,2323.548095703125,,
SSN_sf1,single,B1,0.01,0.5,24,8183,8311.688311688311,1.015726299851926,385,385,0.28523989021778107,2316.527099609375,,
SSN_sf1,single,B1,0.01,0.5,25,7921,12467.532467532466,1.5739846569287295,385,385,0.2803690731525421,2328.1025390625,,
SSN_sf1,single,B1,0.01,0.5,26,8301,18701.2987012987,2.252897084845043,385,385,0.2854177728295326,2320.2431640625,,
SSN_sf1,single,B1,0.01,0.5,27,8123,4155.8441558441555,1.9545968750000002,385,385,0.27927663177251816,2321.862548828125,,
SSN_sf1,single,B1,0.01,0.5,28,8188,4155.8441558441555,1.9702375,385,385,0.27914904057979584,2326.561767578125,,
SSN_sf1,single,B1,0.01,0.5,29,7959,6233.766233766233,1.27675625,385,385,0.28226152062416077,2324.14404296875,,
SSN_sf1,single,B1,0.01,0.5,30,8265,12467.532467532466,1.5084733778018713,385,385,0.2818917855620384,2325.943603515625,,
SSN_sf1,single,B1,0.01,0.5,31,7892,2077.9220779220777,3.7980250000000004,385,385,0.2794181928038597,2335.89404296875,,
SSN_sf1,single,B1,0.01,0.5,32,7837,4155.8441558441555,1.885778125,385,385,0.2819281071424484,2320.212890625,,
SSN_sf1,single,B1,0.01,0.5,33,8288,8311.688311688311,1.0028581457152885,385,385,0.2790559083223343,2321.42578125,,
SSN_sf1,single,B1,0.01,0.5,34,7791,10389.610389610389,1.333540032038299,385,385,0.2802470698952675,2328.847412109375,,
SSN_sf1,single,B1,0.01,0.5,35,7934,12467.532467532466,1.571405655096101,385,385,0.2795755863189697,2333.0673828125,,
SSN_sf1,single,B1,0.01,0.5,36,7997,10389.610389610389,1.2991884943866936,385,385,0.2813376486301422,2331.8974609375,,
SSN_sf1,single,B1,0.01,0.5,37,7876,4155.8441558441555,1.8951625,385,385,0.2788575366139412,2316.090087890625,,
SSN_sf1,single,B1,0.01,0.5,38,8236,8311.688311688311,1.0091899358533647,385,385,0.2806819975376129,2316.90478515625,,
SSN_sf1,single,B1,0.01,0.5,39,8245,8311.688311688311,1.008088333740244,385,385,0.28056278824806213,2320.692626953125,,
SSN_sf1,single,B1,0.01,0.5,40,7999,10389.610389610389,1.2988636566583809,385,385,0.28738100081682205,2315.57763671875,,
SSN_sf1,single,B1,0.01,0.5,41,8166,8311.688311688311,1.0178408414999156,385,385,0.2780826762318611,2315.640625,,
SSN_sf1,single,B1,0.01,0.5,42,8026,4155.8441558441555,1.9312562500000001,385,385,0.28253626078367233,2319.081787109375,,
SSN_sf1,single,B1,0.01,0.5,43,8165,4155.8441558441555,1.9647031250000002,385,385,0.2779969945549965,2317.610107421875,,
SSN_sf1,single,B1,0.01,0.5,44,7998,10389.610389610389,1.2990260552151023,385,385,0.28061680495738983,2312.50146484375,,
SSN_sf1,single,B1,0.01,0.5,45,7958,6233.766233766233,1.2765958333333334,385,385,0.30671805143356323,2318.319580078125,,
SSN_sf1,single,B1,0.01,0.5,46,7885,10389.610389610389,1.3176424083209117,385,385,0.28315093368291855,2328.134521484375,,
SSN_sf1,single,B1,0.01,0.5,47,8269,8311.688311688311,1.0051624515283966,385,385,0.2820352092385292,2327.553466796875,,
SSN_sf1,single,B1,0.01,0.5,48,8084,2077.9220779220777,3.8904250000000005,385,385,0.2811308950185776,2323.362060546875,,
SSN_sf1,single,B1,0.01,0.5,49,8100,4155.8441558441555,1.9490625000000001,385,385,0.2785930410027504,2313.535888671875,,
SSN_sf1,single,B1,0.01,0.5,50,8125,4155.8441558441555,1.9550781250000002,385,385,0.31208712607622147,2324.302490234375,,
SSN_sf1,single,B1,0.01,0.5,51,7994,6233.766233766233,1.2823708333333335,385,385,0.2887677401304245,2308.227294921875,,
SSN_sf1,single,B1,0.01,0.5,52,8055,4155.8441558441555,1.9382343750000002,385,385,0.284695066511631,2319.63916015625,,
SSN_sf1,single,B1,0.01,0.5,53,8081,10389.610389610389,1.285683750725206,385,385,0.28700195252895355,2318.417236328125,,
SSN_sf1,single,B1,0.01,0.5,54,7945,4155.8441558441555,1.9117656250000001,385,385,0.2809455618262291,2318.78076171875,,
SSN_sf1,single,B1,0.01,0.5,55,7892,8311.688311688311,1.0531789548515347,385,385,0.28407201170921326,2331.742919921875,,
SSN_sf1,single,B1,0.01,0.5,56,7970,16623.376623376622,2.0857436164838923,385,385,0.28178561478853226,2312.687744140625,,
SSN_sf1,single,B1,0.01,0.5,57,8179,6233.766233766233,1.3120479166666668,385,385,0.27913786470890045,2317.652099609375,,
SSN_sf1,single,B1,0.01,0.5,58,7976,4155.8441558441555,1.9192250000000002,385,385,0.2827439457178116,2326.99072265625,,
SSN_sf1,single,B1,0.01,0.5,59,8108,8311.688311688311,1.025121893400137,385,385,0.2875989302992821,2338.420166015625,,
SSN_sf1,single,B1,0.01,0.5,60,8084,12467.532467532466,1.5422479549149513,385,385,0.2828594297170639,2316.546875,,
SSN_sf1,single,B1,0.01,0.5,61,8200,6233.766233766233,1.3154166666666667,385,385,0.2819448709487915,2326.66845703125,,
SSN_sf1,single,B1,0.01,0.5,62,7936,10389.610389610389,1.3091746962714703,385,385,0.28433557599782944,2305.904296875,,
SSN_sf1,single,B1,0.01,0.5,63,8071,12467.532467532466,1.5447320613966629,385,385,0.2787671983242035,2316.506103515625,,
SSN_sf1,single,B1,0.01,0.5,64,7944,8311.688311688311,1.046285034200442,385,385,0.28120260685682297,2328.10009765625,,
SSN_sf1,single,B1,0.01,0.5,65,8013,16623.376623376622,2.074550932656511,385,385,0.2907849848270416,2318.470947265625,,
SSN_sf1,single,B1,0.01,0.5,66,7903,8311.688311688311,1.0517130598112503,385,385,0.28178468346595764,2318.36669921875,,
SSN_sf1,single,B1,0.01,0.5,67,8071,12467.532467532466,1.5447320613966629,385,385,0.2900855615735054,2326.759521484375,,
SSN_sf1,single,B1,0.01,0.5,68,8146,10389.610389610389,1.2754247961711747,385,385,0.27704983949661255,2326.3427734375,,
SSN_sf1,single,B1,0.01,0.5,69,7985,8311.688311688311,1.040912750367979,385,385,0.2795392647385597,2310.989013671875,,
SSN_sf1,single,B1,0.01,0.5,70,8311,2077.9220779220777,3.9996687500000005,385,385,0.2773236483335495,2325.6640625,,
SSN_sf1,single,B1,0.01,0.5,71,8315,6233.766233766233,1.3338645833333334,385,385,0.2806149423122406,2320.6689453125,,
SSN_sf1,single,B1,0.01,0.5,72,8119,14545.454545454544,1.7915327682540392,385,385,0.2820780500769615,2319.626220703125,,
SSN_sf1,single,B1,0.01,0.5,73,8201,8311.688311688311,1.0134969286292295,385,385,0.2810424193739891,2328.68017578125,,
SSN_sf1,single,B1,0.01,0.5,74,7973,12467.532467532466,1.563719110439291,385,385,0.2808785066008568,2333.556396484375,,
SSN_sf1,single,B1,0.01,0.5,75,8203,10389.610389610389,1.2665622808253552,385,385,0.2806680276989937,2318.58935546875,,
SSN_sf1,single,B1,0.01,0.5,76,7908,8311.688311688311,1.0510480920192604,385,385,0.2841111272573471,2330.743408203125,,
SSN_sf1,single,B1,0.01,0.5,77,8049,8311.688311688311,1.0326361425876893,385,385,0.29504019767045975,2326.35498046875,,
SSN_sf1,single,B1,0.01,0.5,78,8090,4155.8441558441555,1.9466562500000002,385,385,0.28275512158870697,2320.01025390625,,
SSN_sf1,single,B1,0.01,0.5,79,8130,10389.610389610389,1.2779348572706506,385,385,0.28268154710531235,2313.9677734375,,
SSN_sf1,single,B1,0.01,0.5,80,8211,10389.610389610389,1.265328265693629,385,385,0.2805721014738083,2328.3681640625,,
SSN_sf1,single,B1,0.01,0.5,81,8014,14545.454545454544,1.8150055584545226,385,385,0.28869230300188065,2326.97119140625,,
SSN_sf1,single,B1,0.01,0.5,82,8137,4155.8441558441555,1.9579656250000002,385,385,0.2800142392516136,2328.86181640625,,
SSN_sf1,single,B1,0.01,0.5,83,7972,2077.9220779220777,3.8365250000000004,385,385,0.2883514389395714,2317.24609375,,
SSN_sf1,single,B1,0.01,0.5,84,7933,12467.532467532466,1.5716037397620657,385,385,0.2886122092604637,2329.048095703125,,
SSN_sf1,single,B1,0.01,0.5,85,8129,12467.532467532466,1.5337104769999343,385,385,0.28084684163331985,2328.425048828125,,
SSN_sf1,single,B1,0.01,0.5,86,8038,4155.8441558441555,1.9341437500000003,385,385,0.28184615075588226,2330.46533203125,,
SSN_sf1,single,B1,0.01,0.5,87,7910,6233.766233766233,1.2688958333333336,385,385,0.2811932936310768,2325.59765625,,
SSN_sf1,single,B1,0.01,0.5,88,7882,8311.688311688311,1.054515137235259,385,385,0.30126236379146576,2311.69384765625,,
SSN_sf1,single,B1,0.01,0.5,89,8144,4155.8441558441555,1.9596500000000001,385,385,0.2858992666006088,2321.292236328125,,
SSN_sf1,single,B1,0.01,0.5,90,8076,4155.8441558441555,1.9432875000000003,385,385,0.278315506875515,2316.7119140625,,
SSN_sf1,single,B1,0.01,0.5,91,7908,6233.766233766233,1.268575,385,385,0.2842964604496956,2317.950927734375,,
SSN_sf1,single,B1,0.01,0.5,92,7992,10389.610389610389,1.3000013000013,385,385,0.2794116735458374,2322.248046875,,
SSN_sf1,single,B1,0.01,0.5,93,7894,12467.532467532466,1.5793681869182248,385,385,0.28046127408742905,2302.69921875,,
SSN_sf1,single,B1,0.01,0.5,94,7841,14545.454545454544,1.8550509559309456,385,385,0.2833837643265724,2315.26220703125,,
SSN_sf1,single,B1,0.01,0.5,95,7794,4155.8441558441555,1.87543125,385,385,0.285884365439415,2315.398193359375,,
SSN_sf1,single,B1,0.01,0.5,96,7934,10389.610389610389,1.3095047125800843,385,385,0.2823425456881523,2317.686767578125,,
SSN_sf1,single,B1,0.01,0.5,97,8062,2077.9220779220777,3.8798375000000003,385,385,0.28125662356615067,2329.7685546875,,
SSN_sf1,single,B1,0.01,0.5,98,8184,8311.688311688311,1.0156021886227165,385,385,0.2829618752002716,2320.43017578125,,
SSN_sf1,single,B1,0.01,0.5,99,7740,10389.610389610389,1.3423269237222724,385,385,0.2836603671312332,2320.91943359375,,
SSN_sf1,single,B1,0.05,0.1,0,39861,24935.064935064933,1.5985921875000002,385,385,0.3790082409977913,2376.349609375,,
SSN_sf1,single,B1,0.05,0.1,1,39571,37402.5974025974,1.0579746527777778,385,385,0.3180885687470436,2371.155517578125,,
SSN_sf1,single,B1,0.05,0.1,2,40503,47792.20779220779,1.1799671084168528,385,385,0.3151167184114456,2383.966796875,,
SSN_sf1,single,B1,0.05,0.1,3,40108,47792.20779220779,1.191587907455066,385,385,0.3138333559036255,2375.569091796875,,
SSN_sf1,single,B1,0.05,0.1,4,39997,31168.831168831166,1.2832370833333335,385,385,0.2948194742202759,2378.5849609375,,
SSN_sf1,single,B1,0.05,0.1,5,40242,29090.90909090909,1.3833187500000002,385,385,0.2906927838921547,2376.143798828125,,
SSN_sf1,single,B1,0.05,0.1,6,39961,47792.20779220779,1.1959712667903153,385,385,0.28807856142520905,2378.019775390625,,
SSN_sf1,single,B1,0.05,0.1,7,39889,47792.20779220779,1.1981300055706532,385,385,0.28253067284822464,2369.236572265625,,
SSN_sf1,single,B1,0.05,0.1,8,40686,45714.28571428571,1.1235876152555107,385,385,0.28416886925697327,2387.10791015625,,
SSN_sf1,single,B1,0.05,0.1,9,40126,41558.441558441555,1.0356985884075551,385,385,0.2864385023713112,2376.925537109375,,
SSN_sf1,single,B1,0.05,0.1,10,39578,29090.90909090909,1.36049375,385,385,0.2857409417629242,2388.067626953125,,
SSN_sf1,single,B1,0.05,0.1,11,39993,35324.67532467532,1.1321547794117648,385,385,0.28262753039598465,2374.38623046875,,
SSN_sf1,single,B1,0.05,0.1,12,40008,37402.5974025974,1.0696583333333334,385,385,0.2808719873428345,2388.320068359375,,
SSN_sf1,single,B1,0.05,0.1,13,40149,41558.441558441555,1.0351052718234963,385,385,0.28446968644857407,2372.170654296875,,
SSN_sf1,single,B1,0.05,0.1,14,40033,56103.8961038961,1.4014412135961856,385,385,0.28136279433965683,2387.28466796875,,
SSN_sf1,single,B1,0.05,0.1,15,40637,24935.064935064933,1.6297130208333335,385,385,0.2786898985505104,2386.52099609375,,
SSN_sf1,single,B1,0.05,0.1,16,39858,37402.5974025974,1.0656479166666668,385,385,0.2940809354186058,2394.665771484375,,
SSN_sf1,single,B1,0.05,0.1,17,40250,43636.36363636363,1.0841332580463015,385,385,0.28018001466989517,2385.000244140625,,
SSN_sf1,single,B1,0.05,0.1,18,39860,41558.441558441555,1.042610174572041,385,385,0.2853618934750557,2366.9833984375,,
SSN_sf1,single,B1,0.05,0.1,19,40881,45714.28571428571,1.1182281674686458,385,385,0.28075743466615677,2376.9775390625,,
SSN_sf1,single,B1,0.05,0.1,20,39915,29090.90909090909,1.372078125,385,385,0.28405990451574326,2368.064453125,,
SSN_sf1,single,B1,0.05,0.1,21,40067,45714.28571428571,1.1409460582096416,385,385,0.28618425130844116,2386.498779296875,,
SSN_sf1,single,B1,0.05,0.1,22,40390,35324.67532467532,1.1433933823529412,385,385,0.3058873116970062,2399.16796875,,
SSN_sf1,single,B1,0.05,0.1,23,40174,41558.441558441555,1.034461133032348,385,385,0.2890853211283684,2380.371826171875,,
SSN_sf1,single,B1,0.05,0.1,24,40256,35324.67532467532,1.1396000000000002,385,385,0.2871006727218628,2373.3935546875,,
SSN_sf1,single,B1,0.05,0.1,25,40097,54025.97402597402,1.347381949422002,385,385,0.2807704731822014,2385.39892578125,,
SSN_sf1,single,B1,0.05,0.1,26,40830,43636.36363636363,1.0687328835749115,385,385,0.28516072779893875,2379.809814453125,,
SSN_sf1,single,B1,0.05,0.1,27,40190,45714.28571428571,1.1374542352397539,385,385,0.28164684772491455,2379.1328125,,
SSN_sf1,single,B1,0.05,0.1,28,40551,33246.753246753244,1.219698046875,385,385,0.2844640985131264,2385.805419921875,,
SSN_sf1,single,B1,0.05,0.1,29,40072,41558.441558441555,1.0370942692763414,385,385,0.2791527658700943,2383.380859375,,
SSN_sf1,single,B1,0.05,0.1,30,40026,24935.064935064933,1.605209375,385,385,0.2859644591808319,2382.89208984375,,
SSN_sf1,single,B1,0.05,0.1,31,39704,58181.81818181818,1.46538933562911,385,385,0.2821851521730423,2392.74951171875,,
SSN_sf1,single,B1,0.05,0.1,32,39194,43636.36363636363,1.1133429513793853,385,385,0.2825930714607239,2380.37255859375,,
SSN_sf1,single,B1,0.05,0.1,33,40359,31168.831168831166,1.29485125,385,385,0.2836249768733978,2377.98388671875,,
SSN_sf1,single,B1,0.05,0.1,34,39908,29090.90909090909,1.3718375,385,385,0.2833819016814232,2387.9697265625,,
SSN_sf1,single,B1,0.05,0.1,35,40148,33246.753246753244,1.2075765625000001,385,385,0.2842377871274948,2390.545166015625,,
SSN_sf1,single,B1,0.05,0.1,36,40277,31168.831168831166,1.2922204166666669,385,385,0.2786247059702873,2389.418701171875,,
SSN_sf1,single,B1,0.05,0.1,37,39907,39480.51948051948,1.010802302631579,385,385,0.279267318546772,2374.44873046875,,
SSN_sf1,single,B1,0.05,0.1,38,40502,29090.90909090909,1.3922562500000002,385,385,0.2820482477545738,2373.56103515625,,
SSN_sf1,single,B1,0.05,0.1,39,40102,49870.129870129866,1.2435821123667115,385,385,0.2815593034029007,2378.2568359375,,
SSN_sf1,single,B1,0.05,0.1,40,40371,35324.67532467532,1.1428555147058825,385,385,0.2813432365655899,2374.318603515625,,
SSN_sf1,single,B1,0.05,0.1,41,39782,39480.51948051948,1.0076361842105264,385,385,0.2769278362393379,2372.531982421875,,
SSN_sf1,single,B1,0.05,0.1,42,40449,58181.81818181818,1.4383994210442328,385,385,0.301566906273365,2377.753173828125,,
SSN_sf1,single,B1,0.05,0.1,43,40352,29090.90909090909,1.3871000000000002,385,385,0.2868976444005966,2375.88818359375,,
SSN_sf1,single,B1,0.05,0.1,44,40461,37402.5974025974,1.0817697916666669,385,385,0.28096698224544525,2370.459228515625,,
SSN_sf1,single,B1,0.05,0.1,45,40324,31168.831168831166,1.2937283333333334,385,385,0.27880631387233734,2375.618896484375,,
SSN_sf1,single,B1,0.05,0.1,46,40021,56103.8961038961,1.4018614253490942,385,385,0.28049759566783905,2386.439697265625,,
SSN_sf1,single,B1,0.05,0.1,47,40420,27012.98701298701,1.4963173076923078,385,385,0.281493179500103,2383.799560546875,,
SSN_sf1,single,B1,0.05,0.1,48,40252,41558.441558441555,1.0324565626165545,385,385,0.2796212211251259,2381.11181640625,,
SSN_sf1,single,B1,0.05,0.1,49,39810,43636.36363636363,1.096115640200041,385,385,0.2785623073577881,2371.0185546875,,
SSN_sf1,single,B1,0.05,0.1,50,40198,41775.45691906005,1.0392421742141413,383,383,0.29241200536489487,2380.795654296875,,
SSN_sf1,single,B1,0.05,0.1,51,39862,37597.91122715405,1.060218472222222,383,383,0.2903733402490616,2366.78759765625,,
SSN_sf1,single,B1,0.05,0.1,52,40361,45953.002610966054,1.138549654641016,383,383,0.28375815600156784,2377.65869140625,,
SSN_sf1,single,B1,0.05,0.1,53,40418,41775.45691906005,1.0335854549720433,383,383,0.2823183313012123,2375.666259765625,,
SSN_sf1,single,B1,0.05,0.1,54,39754,54308.09399477807,1.3661038887854826,383,383,0.2820715308189392,2377.66162109375,,
SSN_sf1,single,B1,0.05,0.1,55,40296,39686.68407310705,1.0153531578947368,383,383,0.2804780378937721,2390.33984375,,
SSN_sf1,single,B1,0.05,0.1,56,39604,39686.68407310705,1.0020877707581821,383,383,0.289388932287693,2370.0341796875,,
SSN_sf1,single,B1,0.05,0.1,57,40478,37597.91122715405,1.076602361111111,383,383,0.2888152375817299,2374.908447265625,,
SSN_sf1,single,B1,0.05,0.1,58,39910,62663.185378590075,1.5701123873362584,383,383,0.27835648506879807,2384.430419921875,,
SSN_sf1,single,B1,0.05,0.1,59,40801,37597.91122715405,1.0851932638888888,383,383,0.2784663811326027,2396.665771484375,,
SSN_sf1,single,B1,0.05,0.1,60,39232,43864.22976501306,1.1180727407476818,383,383,0.27819257229566574,2374.318115234375,,
SSN_sf1,single,B1,0.05,0.1,61,39692,39686.68407310705,1.0001339473684212,383,383,0.2799052745103836,2383.159912109375,,
SSN_sf1,single,B1,0.05,0.1,62,40160,43864.22976501306,1.0922367969375761,383,383,0.2940446138381958,2365.4775390625,,
SSN_sf1,single,B1,0.05,0.1,63,40069,48041.77545691906,1.1989761525598108,383,383,0.28019584715366364,2376.405517578125,,
SSN_sf1,single,B1,0.05,0.1,64,39901,43864.22976501306,1.0993265774044023,383,383,0.28056930750608444,2385.666259765625,,
SSN_sf1,single,B1,0.05,0.1,65,40172,37597.91122715405,1.068463611111111,383,383,0.2778582274913788,2377.232421875,,
SSN_sf1,single,B1,0.05,0.1,66,39840,39686.68407310705,1.0038631578947368,383,383,0.2812352031469345,2376.818115234375,,
SSN_sf1,single,B1,0.05,0.1,67,40232,45953.002610966054,1.1422003035137716,383,383,0.2794656902551651,2385.09228515625,,
SSN_sf1,single,B1,0.05,0.1,68,39845,27154.046997389036,1.4673687499999999,383,383,0.2810293808579445,2383.975341796875,,
SSN_sf1,single,B1,0.05,0.1,69,39407,20887.728459530026,1.886610125,383,383,0.2816244959831238,2369.424072265625,,
SSN_sf1,single,B1,0.05,0.1,70,40716,37597.91122715405,1.0829324999999999,383,383,0.2781730145215988,2383.617919921875,,
SSN_sf1,single,B1,0.05,0.1,71,40158,50130.54830287206,1.2483327930392965,383,383,0.2854950726032257,2376.970458984375,,
SSN_sf1,single,B1,0.05,0.1,72,40264,33420.36553524804,1.204774375,383,383,0.2795243635773659,2376.8251953125,,
SSN_sf1,single,B1,0.05,0.1,73,40148,39686.68407310705,1.0116239473684212,383,383,0.28057023882865906,2385.80517578125,,
SSN_sf1,single,B1,0.05,0.1,74,39799,29242.819843342037,1.3609836607142858,383,383,0.2784924581646919,2390.281494140625,,
SSN_sf1,single,B1,0.05,0.1,75,40593,33420.36553524804,1.214618671875,383,383,0.30466821044683456,2376.15234375,,
SSN_sf1,single,B1,0.05,0.1,76,39746,54308.09399477807,1.3663788556025278,383,383,0.280650332570076,2388.285400390625,,
SSN_sf1,single,B1,0.05,0.1,77,40156,52219.32114882507,1.3004114241663778,383,383,0.28177909553050995,2384.507568359375,,
SSN_sf1,single,B1,0.05,0.1,78,39742,39686.68407310705,1.0013938157894737,383,383,0.2826126292347908,2377.205322265625,,
SSN_sf1,single,B1,0.05,0.1,79,40194,35509.138381201046,1.1319339705882352,383,383,0.2775834873318672,2371.18017578125,,
SSN_sf1,single,B1,0.05,0.1,80,40088,31331.592689295037,1.2794753333333333,383,383,0.2813786268234253,2385.77392578125,,
SSN_sf1,single,B1,0.05,0.1,81,39738,35509.138381201046,1.119092205882353,383,383,0.27701351791620255,2384.8427734375,,
SSN_sf1,single,B1,0.05,0.1,82,39858,43864.22976501306,1.1005125637265556,383,383,0.28008967638015747,2386.27685546875,,
SSN_sf1,single,B1,0.05,0.1,83,39874,31331.592689295037,1.2726451666666667,383,383,0.27898140251636505,2374.95068359375,,
SSN_sf1,single,B1,0.05,0.1,84,39906,45953.002610966054,1.151531163508396,383,383,0.28238724917173386,2386.51220703125,,
SSN_sf1,single,B1,0.05,0.1,85,40206,31331.592689295037,1.2832415000000001,383,383,0.2917898818850517,2385.332763671875,,
SSN_sf1,single,B1,0.05,0.1,86,40146,27154.046997389036,1.4784536538461537,383,383,0.28061680495738983,2389.134765625,,
SSN_sf1,single,B1,0.05,0.1,87,39998,39686.68407310705,1.0078443421052632,383,383,0.2875225618481636,2383.428955078125,,
SSN_sf1,single,B1,0.05,0.1,88,40106,33420.36553524804,1.20004671875,383,383,0.2822885289788246,2370.93359375,,
SSN_sf1,single,B1,0.05,0.1,89,40089,22976.501305483027,1.7447826136363638,383,383,0.2793632447719574,2378.25,,
SSN_sf1,single,B1,0.05,0.1,90,40047,31331.592689295037,1.27816675,383,383,0.27846265584230423,2374.150146484375,,
SSN_sf1,single,B1,0.05,0.1,91,40113,37597.91122715405,1.066894375,383,383,0.27789827436208725,2375.8671875,,
SSN_sf1,single,B1,0.05,0.1,92,39731,35509.138381201046,1.1188950735294116,383,383,0.2785157412290573,2380.8076171875,,
SSN_sf1,single,B1,0.05,0.1,93,39588,33420.36553524804,1.1845471875,383,383,0.2888226881623268,2361.03271484375,,
SSN_sf1,single,B1,0.05,0.1,94,39385,48041.77545691906,1.219798792863249,383,383,0.27960631996393204,2372.373291015625,,
SSN_sf1,single,B1,0.05,0.1,95,39950,50130.54830287206,1.2548322478816536,383,383,0.2842433750629425,2373.20654296875,,
SSN_sf1,single,B1,0.05,0.1,96,39174,48041.77545691906,1.2263689042967034,383,383,0.2966001629829407,2375.449462890625,,
SSN_sf1,single,B1,0.05,0.1,97,39702,64751.95822454308,1.6309495296091652,383,383,0.2836901694536209,2386.015625,,
SSN_sf1,single,B1,0.05,0.1,98,40358,37597.91122715405,1.0734106944444444,383,383,0.28547365218400955,2378.57666015625,,
SSN_sf1,single,B1,0.05,0.1,99,39864,33420.36553524804,1.192805625,383,383,0.28432346880435944,2379.88916015625,,
SSN_sf1,single,B1,0.05,0.2,0,39861,49870.129870129866,1.2511008221100792,385,385,0.3476236015558243,2376.349609375,,
SSN_sf1,single,B1,0.05,0.2,1,39571,47792.20779220779,1.2077584036847133,385,385,0.3252653405070305,2371.155517578125,,
SSN_sf1,single,B1,0.05,0.2,2,40503,31168.831168831166,1.29947125,385,385,0.2962183207273483,2383.966796875,,
SSN_sf1,single,B1,0.05,0.2,3,40108,24935.064935064933,1.6084979166666669,385,385,0.30093174427747726,2375.569091796875,,
SSN_sf1,single,B1,0.05,0.2,4,39997,37402.5974025974,1.0693642361111113,385,385,0.29309093952178955,2378.5849609375,,
SSN_sf1,single,B1,0.05,0.2,5,40242,35324.67532467532,1.1392036764705884,385,385,0.293009914457798,2376.143798828125,,
SSN_sf1,single,B1,0.05,0.2,6,39961,39480.51948051948,1.0121700657894739,385,385,0.2864217385649681,2378.019775390625,,
SSN_sf1,single,B1,0.05,0.2,7,39889,51948.05194805194,1.3023152234463622,385,385,0.2866499125957489,2369.236572265625,,
SSN_sf1,single,B1,0.05,0.2,8,40686,29090.90909090909,1.39858125,385,385,0.2840263769030571,2387.10791015625,,
SSN_sf1,single,B1,0.05,0.2,9,40126,45714.28571428571,1.1392684472483106,385,385,0.28567109256982803,2376.925537109375,,
SSN_sf1,single,B1,0.05,0.2,10,39578,35324.67532467532,1.1204066176470588,385,385,0.28967857360839844,2388.067626953125,,
SSN_sf1,single,B1,0.05,0.2,11,39993,27012.98701298701,1.4805100961538462,385,385,0.289279967546463,2374.38623046875,,
SSN_sf1,single,B1,0.05,0.2,12,40008,47792.20779220779,1.194566281548885,385,385,0.2805013209581375,2388.320068359375,,
SSN_sf1,single,B1,0.05,0.2,13,40149,27012.98701298701,1.4862850961538463,385,385,0.281420536339283,2372.170654296875,,
SSN_sf1,single,B1,0.05,0.2,14,40033,56103.8961038961,1.4014412135961856,385,385,0.2962583675980568,2387.28466796875,,
SSN_sf1,single,B1,0.05,0.2,15,40637,31168.831168831166,1.3037704166666668,385,385,0.28463825583457947,2386.52099609375,,
SSN_sf1,single,B1,0.05,0.2,16,39858,43636.36363636363,1.0947956153435605,385,385,0.2793455496430397,2394.665771484375,,
SSN_sf1,single,B1,0.05,0.2,17,40250,37402.5974025974,1.0761284722222224,385,385,0.28191227465867996,2385.000244140625,,
SSN_sf1,single,B1,0.05,0.2,18,39860,35324.67532467532,1.128389705882353,385,385,0.28693675994873047,2366.9833984375,,
SSN_sf1,single,B1,0.05,0.2,19,40881,35324.67532467532,1.1572930147058824,385,385,0.28093624860048294,2376.9775390625,,
SSN_sf1,single,B1,0.05,0.2,20,39915,37402.5974025974,1.067171875,385,385,0.28035975992679596,2368.064453125,,
SSN_sf1,single,B1,0.05,0.2,21,40067,41558.441558441555,1.0372236892814923,385,385,0.2822764217853546,2386.498779296875,,
SSN_sf1,single,B1,0.05,0.2,22,40390,24935.064935064933,1.6198072916666668,385,385,0.2834554761648178,2399.16796875,,
SSN_sf1,single,B1,0.05,0.2,23,40174,35324.67532467532,1.1372786764705884,385,385,0.28784945607185364,2380.371826171875,,
SSN_sf1,single,B1,0.05,0.2,24,40256,39480.51948051948,1.019642105263158,385,385,0.2797171473503113,2373.3935546875,,
SSN_sf1,single,B1,0.05,0.2,25,40097,45714.28571428571,1.140092418741694,385,385,0.2806922420859337,2385.39892578125,,
SSN_sf1,single,B1,0.05,0.2,26,40830,29090.90909090909,1.4035312500000001,385,385,0.27838535606861115,2379.809814453125,,
SSN_sf1,single,B1,0.05,0.2,27,40190,35324.67532467532,1.1377316176470589,385,385,0.28307922184467316,2379.1328125,,
SSN_sf1,single,B1,0.05,0.2,28,40551,47792.20779220779,1.1785703877144285,385,385,0.27744006365537643,2385.805419921875,,
SSN_sf1,single,B1,0.05,0.2,29,40072,22857.142857142855,1.7531500000000002,385,385,0.2841651439666748,2383.380859375,,
SSN_sf1,single,B1,0.05,0.2,30,40026,39480.51948051948,1.0138164473684212,385,385,0.29241014271974564,2382.89208984375,,
SSN_sf1,single,B1,0.05,0.2,31,39704,37402.5974025974,1.0615305555555556,385,385,0.28306804597377777,2392.74951171875,,
SSN_sf1,single,B1,0.05,0.2,32,39194,41558.441558441555,1.0603266203613195,385,385,0.278218649327755,2380.37255859375,,
SSN_sf1,single,B1,0.05,0.2,33,40359,39480.51948051948,1.0222509868421052,385,385,0.296873040497303,2377.98388671875,,
SSN_sf1,single,B1,0.05,0.2,34,39908,41558.441558441555,1.0413561581247257,385,385,0.2861190587282181,2387.9697265625,,
SSN_sf1,single,B1,0.05,0.2,35,40148,35324.67532467532,1.1365426470588236,385,385,0.28430577367544174,2390.545166015625,,
SSN_sf1,single,B1,0.05,0.2,36,40277,31168.831168831166,1.2922204166666669,385,385,0.28640683740377426,2389.418701171875,,
SSN_sf1,single,B1,0.05,0.2,37,39907,33246.753246753244,1.200327734375,385,385,0.2869190648198128,2374.44873046875,,
SSN_sf1,single,B1,0.05,0.2,38,40502,35324.67532467532,1.1465639705882353,385,385,0.28335489332675934,2373.56103515625,,
SSN_sf1,single,B1,0.05,0.2,39,40102,33246.753246753244,1.2061929687500001,385,385,0.28072670102119446,2378.2568359375,,
SSN_sf1,single,B1,0.05,0.2,40,40371,51948.05194805194,1.286766539051595,385,385,0.2795085310935974,2374.318603515625,,
SSN_sf1,single,B1,0.05,0.2,41,39782,31168.831168831166,1.2763391666666668,385,385,0.2854932099580765,2372.531982421875,,
SSN_sf1,single,B1,0.05,0.2,42,40449,45714.28571428571,1.1301709736776115,385,385,0.2812454476952553,2377.753173828125,,
SSN_sf1,single,B1,0.05,0.2,43,40352,49870.129870129866,1.2358775245373181,385,385,0.28159189969301224,2375.88818359375,,
SSN_sf1,single,B1,0.05,0.2,44,40461,43636.36363636363,1.0784796133650585,385,385,0.2779858186841011,2370.459228515625,,
SSN_sf1,single,B1,0.05,0.2,45,40324,39480.51948051948,1.0213644736842107,385,385,0.28261449187994003,2375.618896484375,,
SSN_sf1,single,B1,0.05,0.2,46,40021,64415.58441558441,1.6095445994748858,385,385,0.2845320850610733,2386.439697265625,,
SSN_sf1,single,B1,0.05,0.2,47,40420,31168.831168831166,1.2968083333333333,385,385,0.2859216183423996,2383.799560546875,,
SSN_sf1,single,B1,0.05,0.2,48,40252,31168.831168831166,1.2914183333333336,385,385,0.28894562274217606,2381.11181640625,,
SSN_sf1,single,B1,0.05,0.2,49,39810,51948.05194805194,1.3048995716667156,385,385,0.28420519083738327,2371.0185546875,,
SSN_sf1,single,B1,0.05,0.2,50,40198,35509.138381201046,1.1320466176470587,383,383,0.29301922768354416,2380.795654296875,,
SSN_sf1,single,B1,0.05,0.2,51,39862,43864.22976501306,1.1004021314789287,383,383,0.2926243469119072,2366.78759765625,,
SSN_sf1,single,B1,0.05,0.2,52,40361,39686.68407310705,1.0169909868421052,383,383,0.28184428811073303,2377.65869140625,,
SSN_sf1,single,B1,0.05,0.2,53,40418,52219.32114882507,1.2919818187150545,383,383,0.29930099844932556,2375.666259765625,,
SSN_sf1,single,B1,0.05,0.2,54,39754,41775.45691906005,1.0508491452196018,383,383,0.2827681601047516,2377.66162109375,,
SSN_sf1,single,B1,0.05,0.2,55,40296,37597.91122715405,1.0717616666666665,383,383,0.2812603488564491,2390.33984375,,
SSN_sf1,single,B1,0.05,0.2,56,39604,33420.36553524804,1.1850259375,383,383,0.28039049357175827,2370.0341796875,,
SSN_sf1,single,B1,0.05,0.2,57,40478,31331.592689295037,1.2919228333333335,383,383,0.277174636721611,2374.908447265625,,
SSN_sf1,single,B1,0.05,0.2,58,39910,31331.592689295037,1.2737941666666668,383,383,0.2790568396449089,2384.430419921875,,
SSN_sf1,single,B1,0.05,0.2,59,40801,37597.91122715405,1.0851932638888888,383,383,0.27934741228818893,2396.665771484375,,
SSN_sf1,single,B1,0.05,0.2,60,39232,56396.86684073107,1.4375220952470196,383,383,0.28041284531354904,2374.318115234375,,
SSN_sf1,single,B1,0.05,0.2,61,39692,45953.002610966054,1.157739660661243,383,383,0.278964638710022,2383.159912109375,,
SSN_sf1,single,B1,0.05,0.2,62,40160,22976.501305483027,1.7478727272727275,383,383,0.279855914413929,2365.4775390625,,
SSN_sf1,single,B1,0.05,0.2,63,40069,35509.138381201046,1.12841375,383,383,0.2779299393296242,2376.405517578125,,
SSN_sf1,single,B1,0.05,0.2,64,39901,25065.27415143603,1.5918836458333334,383,383,0.2870364114642143,2385.666259765625,,
SSN_sf1,single,B1,0.05,0.2,65,40172,35509.138381201046,1.1313144117647058,383,383,0.2765487879514694,2377.232421875,,
SSN_sf1,single,B1,0.05,0.2,66,39840,37597.91122715405,1.0596333333333332,383,383,0.29671844094991684,2376.818115234375,,
SSN_sf1,single,B1,0.05,0.2,67,40232,35509.138381201046,1.1330041176470587,383,383,0.2801092341542244,2385.09228515625,,
SSN_sf1,single,B1,0.05,0.2,68,39845,39686.68407310705,1.003989144736842,383,383,0.2810191363096237,2383.975341796875,,
SSN_sf1,single,B1,0.05,0.2,69,39407,37597.91122715405,1.048116736111111,383,383,0.27593597769737244,2369.424072265625,,
SSN_sf1,single,B1,0.05,0.2,70,40716,37597.91122715405,1.0829324999999999,383,383,0.2822764217853546,2383.617919921875,,
SSN_sf1,single,B1,0.05,0.2,71,40158,43864.22976501306,1.0922911939093845,383,383,0.2843942493200302,2376.970458984375,,
SSN_sf1,single,B1,0.05,0.2,72,40264,43864.22976501306,1.0894156011576857,383,383,0.28047431260347366,2376.8251953125,,
SSN_sf1,single,B1,0.05,0.2,73,40148,29242.819843342037,1.3729182142857144,383,383,0.2861917018890381,2385.80517578125,,
SSN_sf1,single,B1,0.05,0.2,74,39799,29242.819843342037,1.3609836607142858,383,383,0.2810349687933922,2390.281494140625,,
SSN_sf1,single,B1,0.05,0.2,75,40593,37597.91122715405,1.0796610416666665,383,383,0.28139539062976837,2376.15234375,,
SSN_sf1,single,B1,0.05,0.2,76,39746,33420.36553524804,1.18927484375,383,383,0.28042495250701904,2388.285400390625,,
SSN_sf1,single,B1,0.05,0.2,77,40156,39686.68407310705,1.0118255263157896,383,383,0.2775872126221657,2384.507568359375,,
SSN_sf1,single,B1,0.05,0.2,78,39742,35509.138381201046,1.1192048529411764,383,383,0.2904273569583893,2377.205322265625,,
SSN_sf1,single,B1,0.05,0.2,79,40194,48041.77545691906,1.1952474363566468,383,383,0.28074905276298523,2371.18017578125,,
SSN_sf1,single,B1,0.05,0.2,80,40088,56396.86684073107,1.406826652383034,383,383,0.2784440293908119,2385.77392578125,,
SSN_sf1,single,B1,0.05,0.2,81,39738,41775.45691906005,1.0512722562549714,383,383,0.2772575244307518,2384.8427734375,,
SSN_sf1,single,B1,0.05,0.2,82,39858,48041.77545691906,1.2053232840814656,383,383,0.27742888778448105,2386.27685546875,,
SSN_sf1,single,B1,0.05,0.2,83,39874,50130.54830287206,1.257223963055426,383,383,0.2811439335346222,2374.95068359375,,
SSN_sf1,single,B1,0.05,0.2,84,39906,35509.138381201046,1.123823382352941,383,383,0.28837379068136215,2386.51220703125,,
SSN_sf1,single,B1,0.05,0.2,85,40206,35509.138381201046,1.1322719117647058,383,383,0.27770549058914185,2385.332763671875,,
SSN_sf1,single,B1,0.05,0.2,86,40146,33420.36553524804,1.20124359375,383,383,0.2766242250800133,2389.134765625,,
SSN_sf1,single,B1,0.05,0.2,87,39998,48041.77545691906,1.2011044416450587,383,383,0.276980921626091,2383.428955078125,,
SSN_sf1,single,B1,0.05,0.2,88,40106,33420.36553524804,1.20004671875,383,383,0.27871690690517426,2370.93359375,,
SSN_sf1,single,B1,0.05,0.2,89,40089,54308.09399477807,1.3546881686941075,383,383,0.28818193823099136,2378.25,,
SSN_sf1,single,B1,0.05,0.2,90,40047,54308.09399477807,1.3561089218862354,383,383,0.29644835740327835,2374.150146484375,,
SSN_sf1,single,B1,0.05,0.2,91,40113,41775.45691906005,1.0414443427083502,383,383,0.2798624336719513,2375.8671875,,
SSN_sf1,single,B1,0.05,0.2,92,39731,25065.27415143603,1.5851013541666668,383,383,0.2846932038664818,2380.8076171875,,
SSN_sf1,single,B1,0.05,0.2,93,39588,37597.91122715405,1.0529308333333331,383,383,0.27819350361824036,2361.03271484375,,
SSN_sf1,single,B1,0.05,0.2,94,39385,43864.22976501306,1.1137293326142708,383,383,0.2783229574561119,2372.373291015625,,
SSN_sf1,single,B1,0.05,0.2,95,39950,27154.046997389036,1.4712355769230767,383,383,0.27829036116600037,2373.20654296875,,
SSN_sf1,single,B1,0.05,0.2,96,39174,25065.27415143603,1.562879375,383,383,0.28008967638015747,2375.449462890625,,
SSN_sf1,single,B1,0.05,0.2,97,39702,39686.68407310705,1.0003859210526316,383,383,0.27933064848184586,2386.015625,,
SSN_sf1,single,B1,0.05,0.2,98,40358,37597.91122715405,1.0734106944444444,383,383,0.28181541711091995,2378.57666015625,,
SSN_sf1,single,B1,0.05,0.2,99,39864,41775.45691906005,1.0479494511102763,383,383,0.2777092158794403,2379.88916015625,,
SSN_sf1,single,B1,0.05,0.3,0,39861,43636.36363636363,1.0947132193463194,385,385,0.3504892811179161,2376.349609375,,
SSN_sf1,single,B1,0.05,0.3,1,39571,56103.8961038961,1.4178033434559678,385,385,0.3075944259762764,2371.155517578125,,
SSN_sf1,single,B1,0.05,0.3,2,40503,43636.36363636363,1.0773612729023438,385,385,0.30436646193265915,2383.966796875,,
SSN_sf1,single,B1,0.05,0.3,3,40108,27012.98701298701,1.4847673076923078,385,385,0.29247067868709564,2375.569091796875,,
SSN_sf1,single,B1,0.05,0.3,4,39997,33246.753246753244,1.203034765625,385,385,0.31239259988069534,2378.5849609375,,
SSN_sf1,single,B1,0.05,0.3,5,40242,29090.90909090909,1.3833187500000002,385,385,0.28885528445243835,2376.143798828125,,
SSN_sf1,single,B1,0.05,0.3,6,39961,41558.441558441555,1.0399750146002742,385,385,0.2830205485224724,2378.019775390625,,
SSN_sf1,single,B1,0.05,0.3,7,39889,39480.51948051948,1.0103463815789475,385,385,0.28390903025865555,2369.236572265625,,
SSN_sf1,single,B1,0.05,0.3,8,40686,35324.67532467532,1.1517727941176472,385,385,0.28366968035697937,2387.10791015625,,
SSN_sf1,single,B1,0.05,0.3,9,40126,41558.441558441555,1.0356985884075551,385,385,0.2815593034029007,2376.925537109375,,
SSN_sf1,single,B1,0.05,0.3,10,39578,27012.98701298701,1.4651471153846156,385,385,0.2798633649945259,2388.067626953125,,
SSN_sf1,single,B1,0.05,0.3,11,39993,45714.28571428571,1.1430571778632688,385,385,0.28184428811073303,2374.38623046875,,
SSN_sf1,single,B1,0.05,0.3,12,40008,29090.90909090909,1.375275,385,385,0.2808971330523491,2388.320068359375,,
SSN_sf1,single,B1,0.05,0.3,13,40149,49870.129870129866,1.2421263261881956,385,385,0.28243288397789,2372.170654296875,,
SSN_sf1,single,B1,0.05,0.3,14,40033,24935.064935064933,1.6054901041666667,385,385,0.27909688651561737,2387.28466796875,,
SSN_sf1,single,B1,0.05,0.3,15,40637,20779.220779220777,1.9556556250000001,385,385,0.2774028107523918,2386.52099609375,,
SSN_sf1,single,B1,0.05,0.3,16,39858,41558.441558441555,1.0426624908033908,385,385,0.27881935238838196,2394.665771484375,,
SSN_sf1,single,B1,0.05,0.3,17,40250,37402.5974025974,1.0761284722222224,385,385,0.28489530086517334,2385.000244140625,,
SSN_sf1,single,B1,0.05,0.3,18,39860,74805.1948051948,1.8766983142296738,385,385,0.28383731842041016,2366.9833984375,,
SSN_sf1,single,B1,0.05,0.3,19,40881,35324.67532467532,1.1572930147058824,385,385,0.2819038927555084,2376.9775390625,,
SSN_sf1,single,B1,0.05,0.3,20,39915,35324.67532467532,1.1299466911764706,385,385,0.28182193636894226,2368.064453125,,
SSN_sf1,single,B1,0.05,0.3,21,40067,39480.51948051948,1.0148549342105264,385,385,0.28393790125846863,2386.498779296875,,
SSN_sf1,single,B1,0.05,0.3,22,40390,39480.51948051948,1.0230361842105264,385,385,0.27731340378522873,2399.16796875,,
SSN_sf1,single,B1,0.05,0.3,23,40174,54025.97402597402,1.3447994729420525,385,385,0.2917535603046417,2380.371826171875,,
SSN_sf1,single,B1,0.05,0.3,24,40256,33246.753246753244,1.210825,385,385,0.28153881430625916,2373.3935546875,,
SSN_sf1,single,B1,0.05,0.3,25,40097,31168.831168831166,1.2864454166666668,385,385,0.28043147176504135,2385.39892578125,,
SSN_sf1,single,B1,0.05,0.3,26,40830,35324.67532467532,1.1558492647058825,385,385,0.28039608150720596,2379.809814453125,,
SSN_sf1,single,B1,0.05,0.3,27,40190,39480.51948051948,1.0179703947368421,385,385,0.2844836562871933,2379.1328125,,
SSN_sf1,single,B1,0.05,0.3,28,40551,45714.28571428571,1.127328196944236,385,385,0.27819909155368805,2385.805419921875,,
SSN_sf1,single,B1,0.05,0.3,29,40072,37402.5974025974,1.0713694444444446,385,385,0.280856154859066,2383.380859375,,
SSN_sf1,single,B1,0.05,0.3,30,40026,45714.28571428571,1.1421147682577752,385,385,0.2831825986504555,2382.89208984375,,
SSN_sf1,single,B1,0.05,0.3,31,39704,39480.51948051948,1.0056605263157896,385,385,0.2898275852203369,2392.74951171875,,
SSN_sf1,single,B1,0.05,0.3,32,39194,43636.36363636363,1.1133429513793853,385,385,0.2830168232321739,2380.37255859375,,
SSN_sf1,single,B1,0.05,0.3,33,40359,47792.20779220779,1.1841772043957428,385,385,0.2804342657327652,2377.98388671875,,
SSN_sf1,single,B1,0.05,0.3,34,39908,41558.441558441555,1.0413561581247257,385,385,0.27721188962459564,2387.9697265625,,
SSN_sf1,single,B1,0.05,0.3,35,40148,37402.5974025974,1.073401388888889,385,385,0.28188060969114304,2390.545166015625,,
SSN_sf1,single,B1,0.05,0.3,36,40277,45714.28571428571,1.1349972866471114,385,385,0.28224941343069077,2389.418701171875,,
SSN_sf1,single,B1,0.05,0.3,37,39907,43636.36363636363,1.0934513653334912,385,385,0.27974415570497513,2374.44873046875,,
SSN_sf1,single,B1,0.05,0.3,38,40502,29090.90909090909,1.3922562500000002,385,385,0.28029922395944595,2373.56103515625,,
SSN_sf1,single,B1,0.05,0.3,39,40102,29090.90909090909,1.37850625,385,385,0.28897449374198914,2378.2568359375,,
SSN_sf1,single,B1,0.05,0.3,40,40371,49870.129870129866,1.2352958774895313,385,385,0.28272438794374466,2374.318603515625,,
SSN_sf1,single,B1,0.05,0.3,41,39782,39480.51948051948,1.0076361842105264,385,385,0.2967892214655876,2372.531982421875,,
SSN_sf1,single,B1,0.05,0.3,42,40449,54025.97402597402,1.3356566052553591,385,385,0.2849474549293518,2377.753173828125,,
SSN_sf1,single,B1,0.05,0.3,43,40352,20779.220779220777,1.9419400000000002,385,385,0.2800021320581436,2375.88818359375,,
SSN_sf1,single,B1,0.05,0.3,44,40461,39480.51948051948,1.0248345394736844,385,385,0.28248224407434464,2370.459228515625,,
SSN_sf1,single,B1,0.05,0.3,45,40324,33246.753246753244,1.2128703125000002,385,385,0.29043853282928467,2375.618896484375,,
SSN_sf1,single,B1,0.05,0.3,46,40021,37402.5974025974,1.070005902777778,385,385,0.2789469435811043,2386.439697265625,,
SSN_sf1,single,B1,0.05,0.3,47,40420,62337.66233766233,1.5422479549149513,385,385,0.2817763015627861,2383.799560546875,,
SSN_sf1,single,B1,0.05,0.3,48,40252,45714.28571428571,1.13570221887821,385,385,0.2790801227092743,2381.11181640625,,
SSN_sf1,single,B1,0.05,0.3,49,39810,49870.129870129866,1.2527035888000468,385,385,0.2786526456475258,2371.0185546875,,
SSN_sf1,single,B1,0.05,0.3,50,40198,41775.45691906005,1.0392421742141413,383,383,0.29470305889844894,2380.795654296875,,
SSN_sf1,single,B1,0.05,0.3,51,39862,50130.54830287206,1.2576024359759186,383,383,0.284537672996521,2366.78759765625,,
SSN_sf1,single,B1,0.05,0.3,52,40361,54308.09399477807,1.3455586827575647,383,383,0.2819560468196869,2377.65869140625,,
SSN_sf1,single,B1,0.05,0.3,53,40418,56396.86684073107,1.3953403642122586,383,383,0.2824729308485985,2375.666259765625,,
SSN_sf1,single,B1,0.05,0.3,54,39754,37597.91122715405,1.057345972222222,383,383,0.277775339782238,2377.66162109375,,
SSN_sf1,single,B1,0.05,0.3,55,40296,39686.68407310705,1.0153531578947368,383,383,0.278988853096962,2390.33984375,,
SSN_sf1,single,B1,0.05,0.3,56,39604,52219.32114882507,1.3185365404712925,383,383,0.2778405323624611,2370.0341796875,,
SSN_sf1,single,B1,0.05,0.3,57,40478,39686.68407310705,1.0199390789473686,383,383,0.2841874957084656,2374.908447265625,,
SSN_sf1,single,B1,0.05,0.3,58,39910,33420.36553524804,1.19418203125,383,383,0.2766633406281471,2384.430419921875,,
SSN_sf1,single,B1,0.05,0.3,59,40801,37597.91122715405,1.0851932638888888,383,383,0.2880441024899483,2396.665771484375,,
SSN_sf1,single,B1,0.05,0.3,60,39232,48041.77545691906,1.2245558589141277,383,383,0.2799220383167267,2374.318115234375,,
SSN_sf1,single,B1,0.05,0.3,61,39692,43864.22976501306,1.1051151306311866,383,383,0.2818973734974861,2383.159912109375,,
SSN_sf1,single,B1,0.05,0.3,62,40160,35509.138381201046,1.1309764705882352,383,383,0.2818172797560692,2365.4775390625,,
SSN_sf1,single,B1,0.05,0.3,63,40069,54308.09399477807,1.3553643463719602,383,383,0.2794358879327774,2376.405517578125,,
SSN_sf1,single,B1,0.05,0.3,64,39901,56396.86684073107,1.4134198852342315,383,383,0.27860328555107117,2385.666259765625,,
SSN_sf1,single,B1,0.05,0.3,65,40172,35509.138381201046,1.1313144117647058,383,383,0.28214603662490845,2377.232421875,,
SSN_sf1,single,B1,0.05,0.3,66,39840,27154.046997389036,1.4671846153846153,383,383,0.27833878993988037,2376.818115234375,,
SSN_sf1,single,B1,0.05,0.3,67,40232,31331.592689295037,1.2840713333333333,383,383,0.2790400758385658,2385.09228515625,,
SSN_sf1,single,B1,0.05,0.3,68,39845,31331.592689295037,1.2717195833333335,383,383,0.281735323369503,2383.975341796875,,
SSN_sf1,single,B1,0.05,0.3,69,39407,37597.91122715405,1.048116736111111,383,383,0.281432643532753,2369.424072265625,,
SSN_sf1,single,B1,0.05,0.3,70,40716,25065.27415143603,1.62439875,383,383,0.27708057314157486,2383.617919921875,,
SSN_sf1,single,B1,0.05,0.3,71,40158,41775.45691906005,1.040277327532747,383,383,0.27974601835012436,2376.970458984375,,
SSN_sf1,single,B1,0.05,0.3,72,40264,20887.728459530026,1.927639,383,383,0.2828286960721016,2376.8251953125,,
SSN_sf1,single,B1,0.05,0.3,73,40148,35509.138381201046,1.1306385294117647,383,383,0.28460100293159485,2385.80517578125,,
SSN_sf1,single,B1,0.05,0.3,74,39799,43864.22976501306,1.102144017814846,383,383,0.27741678059101105,2390.281494140625,,
SSN_sf1,single,B1,0.05,0.3,75,40593,54308.09399477807,1.3378684500967672,383,383,0.28914958238601685,2376.15234375,,
SSN_sf1,single,B1,0.05,0.3,76,39746,35509.138381201046,1.1193175,383,383,0.28023868799209595,2388.285400390625,,
SSN_sf1,single,B1,0.05,0.3,77,40156,45953.002610966054,1.1443620532664123,383,383,0.27900654822587967,2384.507568359375,,
SSN_sf1,single,B1,0.05,0.3,78,39742,29242.819843342037,1.3590344642857142,383,383,0.27802493423223495,2377.205322265625,,
SSN_sf1,single,B1,0.05,0.3,79,40194,33420.36553524804,1.20267984375,383,383,0.29585137963294983,2371.18017578125,,
SSN_sf1,single,B1,0.05,0.3,80,40088,41775.45691906005,1.0420938165800253,383,383,0.28337910771369934,2385.77392578125,,
SSN_sf1,single,B1,0.05,0.3,81,39738,29242.819843342037,1.3588976785714286,383,383,0.2780519425868988,2384.8427734375,,
SSN_sf1,single,B1,0.05,0.3,82,39858,41775.45691906005,1.0481072035491006,383,383,0.2792319282889366,2386.27685546875,,
SSN_sf1,single,B1,0.05,0.3,83,39874,37597.91122715405,1.0605376388888887,383,383,0.2833772450685501,2374.95068359375,,
SSN_sf1,single,B1,0.05,0.3,84,39906,31331.592689295037,1.2736665,383,383,0.2831583842635155,2386.51220703125,,
SSN_sf1,single,B1,0.05,0.3,85,40206,60574.41253263708,1.5066013165357677,383,383,0.2794535830616951,2385.332763671875,,
SSN_sf1,single,B1,0.05,0.3,86,40146,43864.22976501306,1.092617689558438,383,383,0.28066616505384445,2389.134765625,,
SSN_sf1,single,B1,0.05,0.3,87,39998,27154.046997389036,1.473003269230769,383,383,0.2815639600157738,2383.428955078125,,
SSN_sf1,single,B1,0.05,0.3,88,40106,48041.77545691906,1.197870030841247,383,383,0.28053950518369675,2370.93359375,,
SSN_sf1,single,B1,0.05,0.3,89,40089,20887.728459530026,1.919260875,383,383,0.2778340131044388,2378.25,,
SSN_sf1,single,B1,0.05,0.3,90,40047,48041.77545691906,1.1996348155147467,383,383,0.2772528678178787,2374.150146484375,,
SSN_sf1,single,B1,0.05,0.3,91,40113,39686.68407310705,1.0107420394736844,383,383,0.2798372879624367,2375.8671875,,
SSN_sf1,single,B1,0.05,0.3,92,39731,37597.91122715405,1.056734236111111,383,383,0.28184428811073303,2380.8076171875,,
SSN_sf1,single,B1,0.05,0.3,93,39588,27154.046997389036,1.4579042307692307,383,383,0.28727296739816666,2361.03271484375,,
SSN_sf1,single,B1,0.05,0.3,94,39385,45953.002610966054,1.1667640627387599,383,383,0.2802712842822075,2372.373291015625,,
SSN_sf1,single,B1,0.05,0.3,95,39950,25065.27415143603,1.5938385416666667,383,383,0.2854336053133011,2373.20654296875,,
SSN_sf1,single,B1,0.05,0.3,96,39174,45953.002610966054,1.1730485171533684,383,383,0.28195884078741074,2375.449462890625,,
SSN_sf1,single,B1,0.05,0.3,97,39702,33420.36553524804,1.18795828125,383,383,0.27929339557886124,2386.015625,,
SSN_sf1,single,B1,0.05,0.3,98,40358,33420.36553524804,1.2075870312499999,383,383,0.2900669351220131,2378.57666015625,,
SSN_sf1,single,B1,0.05,0.3,99,39864,41775.45691906005,1.0479494511102763,383,383,0.28220005333423615,2379.88916015625,,
SSN_sf1,single,B1,0.05,0.4,0,39861,39480.51948051948,1.0096371710526317,385,385,0.3516450524330139,2376.349609375,,
SSN_sf1,single,B1,0.05,0.4,1,39571,41558.441558441555,1.0502246988562725,385,385,0.30935928225517273,2371.155517578125,,
SSN_sf1,single,B1,0.05,0.4,2,40503,41558.441558441555,1.0260583551450895,385,385,0.32159779220819473,2383.966796875,,
SSN_sf1,single,B1,0.05,0.4,3,40108,47792.20779220779,1.191587907455066,385,385,0.29599200934171677,2375.569091796875,,
SSN_sf1,single,B1,0.05,0.4,4,39997,45714.28571428571,1.1429428635719106,385,385,0.2916324883699417,2378.5849609375,,
SSN_sf1,single,B1,0.05,0.4,5,40242,39480.51948051948,1.0192875000000001,385,385,0.2914797514677048,2376.143798828125,,
SSN_sf1,single,B1,0.05,0.4,6,39961,20779.220779220777,1.9231231250000003,385,385,0.2891775220632553,2378.019775390625,,
SSN_sf1,single,B1,0.05,0.4,7,39889,37402.5974025974,1.0664767361111112,385,385,0.28619077056646347,2369.236572265625,,
SSN_sf1,single,B1,0.05,0.4,8,40686,41558.441558441555,1.0214432865959189,385,385,0.2841940149664879,2387.10791015625,,
SSN_sf1,single,B1,0.05,0.4,9,40126,45714.28571428571,1.1392684472483106,385,385,0.28500519692897797,2376.925537109375,,
SSN_sf1,single,B1,0.05,0.4,10,39578,39480.51948051948,1.0024690789473685,385,385,0.2833958715200424,2388.067626953125,,
SSN_sf1,single,B1,0.05,0.4,11,39993,51948.05194805194,1.29892861120826,385,385,0.28993096202611923,2374.38623046875,,
SSN_sf1,single,B1,0.05,0.4,12,40008,29090.90909090909,1.375275,385,385,0.291251577436924,2388.320068359375,,
SSN_sf1,single,B1,0.05,0.4,13,40149,64415.58441558441,1.6044131713264194,385,385,0.2974634990096092,2372.170654296875,,
SSN_sf1,single,B1,0.05,0.4,14,40033,37402.5974025974,1.0703267361111113,385,385,0.2826415002346039,2387.28466796875,,
SSN_sf1,single,B1,0.05,0.4,15,40637,64415.58441558441,1.5851461578262276,385,385,0.28213486075401306,2386.52099609375,,
SSN_sf1,single,B1,0.05,0.4,16,39858,37402.5974025974,1.0656479166666668,385,385,0.2795066684484482,2394.665771484375,,
SSN_sf1,single,B1,0.05,0.4,17,40250,45714.28571428571,1.1357586512866016,385,385,0.2801325172185898,2385.000244140625,,
SSN_sf1,single,B1,0.05,0.4,18,39860,43636.36363636363,1.094740683300643,385,385,0.2791658043861389,2366.9833984375,,
SSN_sf1,single,B1,0.05,0.4,19,40881,43636.36363636363,1.0673996144018891,385,385,0.28437748551368713,2376.9775390625,,
SSN_sf1,single,B1,0.05,0.4,20,39915,56103.8961038961,1.4055842691693874,385,385,0.27907826006412506,2368.064453125,,
SSN_sf1,single,B1,0.05,0.4,21,40067,31168.831168831166,1.2854829166666668,385,385,0.27893949300050735,2386.498779296875,,
SSN_sf1,single,B1,0.05,0.4,22,40390,27012.98701298701,1.495206730769231,385,385,0.2807658165693283,2399.16796875,,
SSN_sf1,single,B1,0.05,0.4,23,40174,54025.97402597402,1.3447994729420525,385,385,0.279783271253109,2380.371826171875,,
SSN_sf1,single,B1,0.05,0.4,24,40256,37402.5974025974,1.076288888888889,385,385,0.280904583632946,2373.3935546875,,
SSN_sf1,single,B1,0.05,0.4,25,40097,35324.67532467532,1.1350988970588236,385,385,0.28982013463974,2385.39892578125,,
SSN_sf1,single,B1,0.05,0.4,26,40830,33246.753246753244,1.22808984375,385,385,0.2824785187840462,2379.809814453125,,
SSN_sf1,single,B1,0.05,0.4,27,40190,56103.8961038961,1.3959665614306072,385,385,0.280831940472126,2379.1328125,,
SSN_sf1,single,B1,0.05,0.4,28,40551,24935.064935064933,1.6262640625000002,385,385,0.2775648608803749,2385.805419921875,,
SSN_sf1,single,B1,0.05,0.4,29,40072,56103.8961038961,1.400077263523061,385,385,0.27552153915166855,2383.380859375,,
SSN_sf1,single,B1,0.05,0.4,30,40026,35324.67532467532,1.1330889705882354,385,385,0.2878718078136444,2382.89208984375,,
SSN_sf1,single,B1,0.05,0.4,31,39704,29090.90909090909,1.3648250000000002,385,385,0.2819262444972992,2392.74951171875,,
SSN_sf1,single,B1,0.05,0.4,32,39194,37402.5974025974,1.047895138888889,385,385,0.29204320162534714,2380.37255859375,,
SSN_sf1,single,B1,0.05,0.4,33,40359,35324.67532467532,1.1425158088235294,385,385,0.2810545265674591,2377.98388671875,,
SSN_sf1,single,B1,0.05,0.4,34,39908,29090.90909090909,1.3718375,385,385,0.28438493609428406,2387.9697265625,,
SSN_sf1,single,B1,0.05,0.4,35,40148,37402.5974025974,1.073401388888889,385,385,0.28105638921260834,2390.545166015625,,
SSN_sf1,single,B1,0.05,0.4,36,40277,47792.20779220779,1.1865880724037985,385,385,0.2813301980495453,2389.418701171875,,
SSN_sf1,single,B1,0.05,0.4,37,39907,39480.51948051948,1.010802302631579,385,385,0.2815956249833107,2374.44873046875,,
SSN_sf1,single,B1,0.05,0.4,38,40502,37402.5974025974,1.0828659722222223,385,385,0.2813925966620445,2373.56103515625,,
SSN_sf1,single,B1,0.05,0.4,39,40102,41558.441558441555,1.0363184269722596,385,385,0.28971023857593536,2378.2568359375,,
SSN_sf1,single,B1,0.05,0.4,40,40371,22857.142857142855,1.7662312500000001,385,385,0.2818619832396507,2374.318603515625,,
SSN_sf1,single,B1,0.05,0.4,41,39782,31168.831168831166,1.2763391666666668,385,385,0.2819821238517761,2372.531982421875,,
SSN_sf1,single,B1,0.05,0.4,42,40449,24935.064935064933,1.6221734375,385,385,0.28014369308948517,2377.753173828125,,
SSN_sf1,single,B1,0.05,0.4,43,40352,37402.5974025974,1.0788555555555557,385,385,0.2797860652208328,2375.88818359375,,
SSN_sf1,single,B1,0.05,0.4,44,40461,43636.36363636363,1.0784796133650585,385,385,0.27881283313035965,2370.459228515625,,
SSN_sf1,single,B1,0.05,0.4,45,40324,37402.5974025974,1.0781069444444444,385,385,0.28198398649692535,2375.618896484375,,
SSN_sf1,single,B1,0.05,0.4,46,40021,39480.51948051948,1.013689802631579,385,385,0.2801148220896721,2386.439697265625,,
SSN_sf1,single,B1,0.05,0.4,47,40420,41558.441558441555,1.0281653032766342,385,385,0.2803187817335129,2383.799560546875,,
SSN_sf1,single,B1,0.05,0.4,48,40252,56103.8961038961,1.3938163595323487,385,385,0.3091031685471535,2381.11181640625,,
SSN_sf1,single,B1,0.05,0.4,49,39810,43636.36363636363,1.096115640200041,385,385,0.279388390481472,2371.0185546875,,
SSN_sf1,single,B1,0.05,0.4,50,40198,41775.45691906005,1.0392421742141413,383,383,0.29613543301820755,2380.795654296875,,
SSN_sf1,single,B1,0.05,0.4,51,39862,39686.68407310705,1.0044175,383,383,0.29084645211696625,2366.78759765625,,
SSN_sf1,single,B1,0.05,0.4,52,40361,25065.27415143603,1.6102357291666667,383,383,0.2892790362238884,2377.65869140625,,
SSN_sf1,single,B1,0.05,0.4,53,40418,48041.77545691906,1.1886232732178499,383,383,0.2794172614812851,2375.666259765625,,
SSN_sf1,single,B1,0.05,0.4,54,39754,54308.09399477807,1.3661038887854826,383,383,0.2843337133526802,2377.66162109375,,
SSN_sf1,single,B1,0.05,0.4,55,40296,48041.77545691906,1.1922219440371018,383,383,0.2820724621415138,2390.33984375,,
SSN_sf1,single,B1,0.05,0.4,56,39604,37597.91122715405,1.0533563888888888,383,383,0.2782819792628288,2370.0341796875,,
SSN_sf1,single,B1,0.05,0.4,57,40478,39686.68407310705,1.0199390789473686,383,383,0.2826172858476639,2374.908447265625,,
SSN_sf1,single,B1,0.05,0.4,58,39910,25065.27415143603,1.5922427083333333,383,383,0.27742423117160797,2384.430419921875,,
SSN_sf1,single,B1,0.05,0.4,59,40801,39686.68407310705,1.0280778289473684,383,383,0.2845451235771179,2396.665771484375,,
SSN_sf1,single,B1,0.05,0.4,60,39232,33420.36553524804,1.173895,383,383,0.28063636273145676,2374.318115234375,,
SSN_sf1,single,B1,0.05,0.4,61,39692,31331.592689295037,1.2668363333333335,383,383,0.28377119451761246,2383.159912109375,,
SSN_sf1,single,B1,0.05,0.4,62,40160,39686.68407310705,1.0119263157894738,383,383,0.2813925966620445,2365.4775390625,,
SSN_sf1,single,B1,0.05,0.4,63,40069,39686.68407310705,1.009633355263158,383,383,0.27951691299676895,2376.405517578125,,
SSN_sf1,single,B1,0.05,0.4,64,39901,39686.68407310705,1.005400197368421,383,383,0.2838708460330963,2385.666259765625,,
SSN_sf1,single,B1,0.05,0.4,65,40172,37597.91122715405,1.068463611111111,383,383,0.28266850858926773,2377.232421875,,
SSN_sf1,single,B1,0.05,0.4,66,39840,45953.002610966054,1.1534388205563768,383,383,0.29065925627946854,2376.818115234375,,
SSN_sf1,single,B1,0.05,0.4,67,40232,33420.36553524804,1.203816875,383,383,0.2803858369588852,2385.09228515625,,
SSN_sf1,single,B1,0.05,0.4,68,39845,48041.77545691906,1.2057165380077566,383,383,0.2945093438029289,2383.975341796875,,
SSN_sf1,single,B1,0.05,0.4,69,39407,31331.592689295037,1.2577400833333334,383,383,0.28349272906780243,2369.424072265625,,
SSN_sf1,single,B1,0.05,0.4,70,40716,37597.91122715405,1.0829324999999999,383,383,0.2788817510008812,2383.617919921875,,
SSN_sf1,single,B1,0.05,0.4,71,40158,31331.592689295037,1.2817095,383,383,0.28224196285009384,2376.970458984375,,
SSN_sf1,single,B1,0.05,0.4,72,40264,43864.22976501306,1.0894156011576857,383,383,0.2805488184094429,2376.8251953125,,
SSN_sf1,single,B1,0.05,0.4,73,40148,39686.68407310705,1.0116239473684212,383,383,0.27848221361637115,2385.80517578125,,
SSN_sf1,single,B1,0.05,0.4,74,39799,41775.45691906005,1.0496609693474723,383,383,0.2795010805130005,2390.281494140625,,
SSN_sf1,single,B1,0.05,0.4,75,40593,29242.819843342037,1.388135625,383,383,0.2762889489531517,2376.15234375,,
SSN_sf1,single,B1,0.05,0.4,76,39746,37597.91122715405,1.0571331944444444,383,383,0.27819443494081497,2388.285400390625,,
SSN_sf1,single,B1,0.05,0.4,77,40156,37597.91122715405,1.0680380555555555,383,383,0.2802163362503052,2384.507568359375,,
SSN_sf1,single,B1,0.05,0.4,78,39742,41775.45691906005,1.0511664465567927,383,383,0.2760188654065132,2377.205322265625,,
SSN_sf1,single,B1,0.05,0.4,79,40194,41775.45691906005,1.0393455968318668,383,383,0.27975067496299744,2371.18017578125,,
SSN_sf1,single,B1,0.05,0.4,80,40088,54308.09399477807,1.354721961554033,383,383,0.288267619907856,2385.77392578125,,
SSN_sf1,single,B1,0.05,0.4,81,39738,35509.138381201046,1.119092205882353,383,383,0.2776850014925003,2384.8427734375,,
SSN_sf1,single,B1,0.05,0.4,82,39858,37597.91122715405,1.0601120833333333,383,383,0.2762163057923317,2386.27685546875,,
SSN_sf1,single,B1,0.05,0.4,83,39874,37597.91122715405,1.0605376388888887,383,383,0.2809641882777214,2374.95068359375,,
SSN_sf1,single,B1,0.05,0.4,84,39906,41775.45691906005,1.04684651228036,383,383,0.2991780638694763,2386.51220703125,,
SSN_sf1,single,B1,0.05,0.4,85,40206,43864.22976501306,1.0909871602500387,383,383,0.2770815044641495,2385.332763671875,,
SSN_sf1,single,B1,0.05,0.4,86,40146,25065.27415143603,1.601658125,383,383,0.27858372777700424,2389.134765625,,
SSN_sf1,single,B1,0.05,0.4,87,39998,41775.45691906005,1.0444386449087468,383,383,0.2799937501549721,2383.428955078125,,
SSN_sf1,single,B1,0.05,0.4,88,40106,45953.002610966054,1.1457887251524972,383,383,0.27926918119192123,2370.93359375,,
SSN_sf1,single,B1,0.05,0.4,89,40089,41775.45691906005,1.0420678220723902,383,383,0.27898699045181274,2378.25,,
SSN_sf1,single,B1,0.05,0.4,90,40047,25065.27415143603,1.5977084375,383,383,0.2750540152192116,2374.150146484375,,
SSN_sf1,single,B1,0.05,0.4,91,40113,45953.002610966054,1.145588776979185,383,383,0.2829181030392647,2375.8671875,,
SSN_sf1,single,B1,0.05,0.4,92,39731,58485.63968668407,1.4720404642894485,383,383,0.2772873267531395,2380.8076171875,,
SSN_sf1,single,B1,0.05,0.4,93,39588,54308.09399477807,1.371832221753513,383,383,0.2775778993964195,2361.03271484375,,
SSN_sf1,single,B1,0.05,0.4,94,39385,33420.36553524804,1.178473046875,383,383,0.28004590421915054,2372.373291015625,,
SSN_sf1,single,B1,0.05,0.4,95,39950,45953.002610966054,1.1502628938915158,383,383,0.2759993076324463,2373.20654296875,,
SSN_sf1,single,B1,0.05,0.4,96,39174,18798.955613577025,2.0838391666666665,383,383,0.28192903846502304,2375.449462890625,,
SSN_sf1,single,B1,0.05,0.4,97,39702,27154.046997389036,1.4621024999999999,383,383,0.2766260877251625,2386.015625,,
SSN_sf1,single,B1,0.05,0.4,98,40358,29242.819843342037,1.3800994642857143,383,383,0.27623865753412247,2378.57666015625,,
SSN_sf1,single,B1,0.05,0.4,99,39864,43864.22976501306,1.1003469236657901,383,383,0.2851346507668495,2379.88916015625,,
SSN_sf1,single,B1,0.05,0.5,0,39861,29090.90909090909,1.3702218750000001,385,385,0.3368230536580086,2376.349609375,,
SSN_sf1,single,B1,0.05,0.5,1,39571,43636.36363636363,1.102735933799086,385,385,0.30373595654964447,2371.155517578125,,
SSN_sf1,single,B1,0.05,0.5,2,40503,41558.441558441555,1.0260583551450895,385,385,0.2954481169581413,2383.966796875,,
SSN_sf1,single,B1,0.05,0.5,3,40108,47792.20779220779,1.191587907455066,385,385,0.2964865416288376,2375.569091796875,,
SSN_sf1,single,B1,0.05,0.5,4,39997,54025.97402597402,1.3507506569486216,385,385,0.2845935523509979,2378.5849609375,,
SSN_sf1,single,B1,0.05,0.5,5,40242,41558.441558441555,1.0327131245574661,385,385,0.2915970981121063,2376.143798828125,,
SSN_sf1,single,B1,0.05,0.5,6,39961,43636.36363636363,1.091973765330288,385,385,0.2857428044080734,2378.019775390625,,
SSN_sf1,single,B1,0.05,0.5,7,39889,35324.67532467532,1.129210661764706,385,385,0.3027943894267082,2369.236572265625,,
SSN_sf1,single,B1,0.05,0.5,8,40686,54025.97402597402,1.3278762725746944,385,385,0.2828165888786316,2387.10791015625,,
SSN_sf1,single,B1,0.05,0.5,9,40126,37402.5974025974,1.0728131944444446,385,385,0.2832738682627678,2376.925537109375,,
SSN_sf1,single,B1,0.05,0.5,10,39578,31168.831168831166,1.2697941666666668,385,385,0.2824971452355385,2388.067626953125,,
SSN_sf1,single,B1,0.05,0.5,11,39993,49870.129870129866,1.2469714667599296,385,385,0.2836110070347786,2374.38623046875,,
SSN_sf1,single,B1,0.05,0.5,12,40008,43636.36363636363,1.090690952718547,385,385,0.27932319790124893,2388.320068359375,,
SSN_sf1,single,B1,0.05,0.5,13,40149,24935.064935064933,1.6101421875000002,385,385,0.2802731469273567,2372.170654296875,,
SSN_sf1,single,B1,0.05,0.5,14,40033,45714.28571428571,1.1419150629302253,385,385,0.2782624214887619,2387.28466796875,,
SSN_sf1,single,B1,0.05,0.5,15,40637,51948.05194805194,1.2783436756663125,385,385,0.28357934206724167,2386.52099609375,,
SSN_sf1,single,B1,0.05,0.5,16,39858,37402.5974025974,1.0656479166666668,385,385,0.2792896702885628,2394.665771484375,,
SSN_sf1,single,B1,0.05,0.5,17,40250,35324.67532467532,1.1394301470588237,385,385,0.2815965563058853,2385.000244140625,,
SSN_sf1,single,B1,0.05,0.5,18,39860,39480.51948051948,1.0096118421052633,385,385,0.2832617610692978,2366.9833984375,,
SSN_sf1,single,B1,0.05,0.5,19,40881,43636.36363636363,1.0673996144018891,385,385,0.2894159406423569,2376.9775390625,,
SSN_sf1,single,B1,0.05,0.5,20,39915,35324.67532467532,1.1299466911764706,385,385,0.2786405384540558,2368.064453125,,
SSN_sf1,single,B1,0.05,0.5,21,40067,39480.51948051948,1.0148549342105264,385,385,0.27643702924251556,2386.498779296875,,
SSN_sf1,single,B1,0.05,0.5,22,40390,37402.5974025974,1.079871527777778,385,385,0.28989464044570923,2399.16796875,,
SSN_sf1,single,B1,0.05,0.5,23,40174,41558.441558441555,1.034461133032348,385,385,0.27844030410051346,2380.371826171875,,
SSN_sf1,single,B1,0.05,0.5,24,40256,27012.98701298701,1.490246153846154,385,385,0.27997419238090515,2373.3935546875,,
SSN_sf1,single,B1,0.05,0.5,25,40097,35324.67532467532,1.1350988970588236,385,385,0.2766391262412071,2385.39892578125,,
SSN_sf1,single,B1,0.05,0.5,26,40830,66493.50649350649,1.628545346399865,385,385,0.29218196868896484,2379.809814453125,,
SSN_sf1,single,B1,0.05,0.5,27,40190,39480.51948051948,1.0179703947368421,385,385,0.28514862060546875,2379.1328125,,
SSN_sf1,single,B1,0.05,0.5,28,40551,22857.142857142855,1.7741062500000002,385,385,0.28096046298742294,2385.805419921875,,
SSN_sf1,single,B1,0.05,0.5,29,40072,22857.142857142855,1.7531500000000002,385,385,0.283287838101387,2383.380859375,,
SSN_sf1,single,B1,0.05,0.5,30,40026,54025.97402597402,1.349771998850098,385,385,0.2817632630467415,2382.89208984375,,
SSN_sf1,single,B1,0.05,0.5,31,39704,31168.831168831166,1.2738366666666667,385,385,0.2821264788508415,2392.74951171875,,
SSN_sf1,single,B1,0.05,0.5,32,39194,41558.441558441555,1.0603266203613195,385,385,0.27865171432495117,2380.37255859375,,
SSN_sf1,single,B1,0.05,0.5,33,40359,43636.36363636363,1.0812052735787219,385,385,0.2870103344321251,2377.98388671875,,
SSN_sf1,single,B1,0.05,0.5,34,39908,39480.51948051948,1.0108276315789475,385,385,0.28242170810699463,2387.9697265625,,
SSN_sf1,single,B1,0.05,0.5,35,40148,45714.28571428571,1.1386441594671144,385,385,0.2799220383167267,2390.545166015625,,
SSN_sf1,single,B1,0.05,0.5,36,40277,37402.5974025974,1.0768503472222224,385,385,0.2787560224533081,2389.418701171875,,
SSN_sf1,single,B1,0.05,0.5,37,39907,37402.5974025974,1.0669579861111111,385,385,0.279109925031662,2374.44873046875,,
SSN_sf1,single,B1,0.05,0.5,38,40502,39480.51948051948,1.0258730263157896,385,385,0.2795439213514328,2373.56103515625,,
SSN_sf1,single,B1,0.05,0.5,39,40102,35324.67532467532,1.1352404411764707,385,385,0.2790801227092743,2378.2568359375,,
SSN_sf1,single,B1,0.05,0.5,40,40371,54025.97402597402,1.338237200613659,385,385,0.2846401184797287,2374.318603515625,,
SSN_sf1,single,B1,0.05,0.5,41,39782,39480.51948051948,1.0076361842105264,385,385,0.2787811681628227,2372.531982421875,,
SSN_sf1,single,B1,0.05,0.5,42,40449,35324.67532467532,1.1450636029411765,385,385,0.2860194072127342,2377.753173828125,,
SSN_sf1,single,B1,0.05,0.5,43,40352,41558.441558441555,1.029897937114432,385,385,0.28111692517995834,2375.88818359375,,
SSN_sf1,single,B1,0.05,0.5,44,40461,31168.831168831166,1.29812375,385,385,0.2792924642562866,2370.459228515625,,
SSN_sf1,single,B1,0.05,0.5,45,40324,31168.831168831166,1.2937283333333334,385,385,0.28014928102493286,2375.618896484375,,
SSN_sf1,single,B1,0.05,0.5,46,40021,45714.28571428571,1.1422574576918545,385,385,0.299159437417984,2386.439697265625,,
SSN_sf1,single,B1,0.05,0.5,47,40420,54025.97402597402,1.3366148942596245,385,385,0.28395000845193863,2383.799560546875,,
SSN_sf1,single,B1,0.05,0.5,48,40252,33246.753246753244,1.2107046875,385,385,0.2830950543284416,2381.11181640625,,
SSN_sf1,single,B1,0.05,0.5,49,39810,47792.20779220779,1.2005076059333784,385,385,0.28520263731479645,2371.0185546875,,
SSN_sf1,single,B1,0.05,0.5,50,40198,39686.68407310705,1.0128838157894737,383,383,0.2888776361942291,2380.795654296875,,
SSN_sf1,single,B1,0.05,0.5,51,39862,22976.501305483027,1.7349029545454546,383,383,0.2860706299543381,2366.78759765625,,
SSN_sf1,single,B1,0.05,0.5,52,40361,25065.27415143603,1.6102357291666667,383,383,0.2785036340355873,2377.65869140625,,
SSN_sf1,single,B1,0.05,0.5,53,40418,27154.046997389036,1.4884705769230768,383,383,0.27620885521173477,2375.666259765625,,
SSN_sf1,single,B1,0.05,0.5,54,39754,33420.36553524804,1.18951421875,383,383,0.28167199343442917,2377.66162109375,,
SSN_sf1,single,B1,0.05,0.5,55,40296,39686.68407310705,1.0153531578947368,383,383,0.2842238172888756,2390.33984375,,
SSN_sf1,single,B1,0.05,0.5,56,39604,37597.91122715405,1.0533563888888888,383,383,0.2798493951559067,2370.0341796875,,
SSN_sf1,single,B1,0.05,0.5,57,40478,37597.91122715405,1.076602361111111,383,383,0.27649570256471634,2374.908447265625,,
SSN_sf1,single,B1,0.05,0.5,58,39910,48041.77545691906,1.2037528302911316,383,383,0.2932492643594742,2384.430419921875,,
SSN_sf1,single,B1,0.05,0.5,59,40801,35509.138381201046,1.1490281617647058,383,383,0.2956334501504898,2396.665771484375,,
SSN_sf1,single,B1,0.05,0.5,60,39232,29242.819843342037,1.3415942857142857,383,383,0.28490088880062103,2374.318115234375,,
SSN_sf1,single,B1,0.05,0.5,61,39692,39686.68407310705,1.0001339473684212,383,383,0.27527008205652237,2383.159912109375,,
SSN_sf1,single,B1,0.05,0.5,62,40160,52219.32114882507,1.300281901116162,383,383,0.2790549769997597,2365.4775390625,,
SSN_sf1,single,B1,0.05,0.5,63,40069,27154.046997389036,1.4756179807692307,383,383,0.2810172736644745,2376.405517578125,,
SSN_sf1,single,B1,0.05,0.5,64,39901,33420.36553524804,1.193912734375,383,383,0.27678627520799637,2385.666259765625,,
SSN_sf1,single,B1,0.05,0.5,65,40172,41775.45691906005,1.039914789382158,383,383,0.27789734303951263,2377.232421875,,
SSN_sf1,single,B1,0.05,0.5,66,39840,37597.91122715405,1.0596333333333332,383,383,0.2766735851764679,2376.818115234375,,
SSN_sf1,single,B1,0.05,0.5,67,40232,29242.819843342037,1.3757907142857142,383,383,0.2808365970849991,2385.09228515625,,
SSN_sf1,single,B1,0.05,0.5,68,39845,48041.77545691906,1.2057165380077566,383,383,0.2800682559609413,2383.975341796875,,
SSN_sf1,single,B1,0.05,0.5,69,39407,39686.68407310705,1.007097319590607,383,383,0.2767816185951233,2369.424072265625,,
SSN_sf1,single,B1,0.05,0.5,70,40716,45953.002610966054,1.1286227186110143,383,383,0.280747190117836,2383.617919921875,,
SSN_sf1,single,B1,0.05,0.5,71,40158,31331.592689295037,1.2817095,383,383,0.27845799922943115,2376.970458984375,,
SSN_sf1,single,B1,0.05,0.5,72,40264,39686.68407310705,1.0145468421052632,383,383,0.27772318571805954,2376.8251953125,,
SSN_sf1,single,B1,0.05,0.5,73,40148,45953.002610966054,1.1445900819708592,383,383,0.28140563517808914,2385.80517578125,,
SSN_sf1,single,B1,0.05,0.5,74,39799,35509.138381201046,1.1208100735294118,383,383,0.2870652824640274,2390.281494140625,,
SSN_sf1,single,B1,0.05,0.5,75,40593,54308.09399477807,1.3378684500967672,383,383,0.2854149788618088,2376.15234375,,
SSN_sf1,single,B1,0.05,0.5,76,39746,37597.91122715405,1.0571331944444444,383,383,0.2880562096834183,2388.285400390625,,
SSN_sf1,single,B1,0.05,0.5,77,40156,45953.002610966054,1.1443620532664123,383,383,0.2805013209581375,2384.507568359375,,
SSN_sf1,single,B1,0.05,0.5,78,39742,50130.54830287206,1.2613997358681512,383,383,0.29487907886505127,2377.205322265625,,
SSN_sf1,single,B1,0.05,0.5,79,40194,50130.54830287206,1.24721471619824,383,383,0.2811560407280922,2371.18017578125,,
SSN_sf1,single,B1,0.05,0.5,80,40088,37597.91122715405,1.0662294444444442,383,383,0.2789376303553581,2385.77392578125,,
SSN_sf1,single,B1,0.05,0.5,81,39738,41775.45691906005,1.0512722562549714,383,383,0.28168223798274994,2384.8427734375,,
SSN_sf1,single,B1,0.05,0.5,82,39858,29242.819843342037,1.36300125,383,383,0.2788230776786804,2386.27685546875,,
SSN_sf1,single,B1,0.05,0.5,83,39874,33420.36553524804,1.19310484375,383,383,0.28145499527454376,2374.95068359375,,
SSN_sf1,single,B1,0.05,0.5,84,39906,39686.68407310705,1.0055261842105263,383,383,0.27657952159643173,2386.51220703125,,
SSN_sf1,single,B1,0.05,0.5,85,40206,27154.046997389036,1.480663269230769,383,383,0.2782372757792473,2385.332763671875,,
SSN_sf1,single,B1,0.05,0.5,86,40146,39686.68407310705,1.011573552631579,383,383,0.2788035199046135,2389.134765625,,
SSN_sf1,single,B1,0.05,0.5,87,39998,35509.138381201046,1.1264142647058824,383,383,0.27544237673282623,2383.428955078125,,
SSN_sf1,single,B1,0.05,0.5,88,40106,45953.002610966054,1.1457887251524972,383,383,0.28069131076335907,2370.93359375,,
SSN_sf1,single,B1,0.05,0.5,89,40089,56396.86684073107,1.4067915597977267,383,383,0.2822820097208023,2378.25,,
SSN_sf1,single,B1,0.05,0.5,90,40047,33420.36553524804,1.198281328125,383,383,0.2797190099954605,2374.150146484375,,
SSN_sf1,single,B1,0.05,0.5,91,40113,35509.138381201046,1.1296528676470587,383,383,0.2787727862596512,2375.8671875,,
SSN_sf1,single,B1,0.05,0.5,92,39731,43864.22976501306,1.1040303482170863,383,383,0.2833409234881401,2380.8076171875,,
SSN_sf1,single,B1,0.05,0.5,93,39588,43864.22976501306,1.1080183329547604,383,383,0.27907732874155045,2361.03271484375,,
SSN_sf1,single,B1,0.05,0.5,94,39385,39686.68407310705,1.0076598723652925,383,383,0.28404686599969864,2372.373291015625,,
SSN_sf1,single,B1,0.05,0.5,95,39950,41775.45691906005,1.045693539901378,383,383,0.28995517641305923,2373.20654296875,,
SSN_sf1,single,B1,0.05,0.5,96,39174,35509.138381201046,1.1032089705882353,383,383,0.2793259918689728,2375.449462890625,,
SSN_sf1,single,B1,0.05,0.5,97,39702,54308.09399477807,1.3678931538657517,383,383,0.278400257229805,2386.015625,,
SSN_sf1,single,B1,0.05,0.5,98,40358,43864.22976501306,1.0868781843751687,383,383,0.2817809581756592,2378.57666015625,,
SSN_sf1,single,B1,0.05,0.5,99,39864,31331.592689295037,1.272326,383,383,0.28517190366983414,2379.88916015625,,
SSN_sf1,single,B1,0.1,0.1,0,79701,81038.96103896103,1.0167872553538981,385,385,0.38084760308265686,2406.808837890625,,
SSN_sf1,single,B1,0.1,0.1,1,79188,70649.35064935064,1.1208595588235295,385,385,0.31036604195833206,2401.78076171875,,
SSN_sf1,single,B1,0.1,0.1,2,80829,91428.57142857142,1.1311357486616365,385,385,0.29896851629018784,2414.313232421875,,
SSN_sf1,single,B1,0.1,0.1,3,79760,64415.58441558441,1.238209677419355,385,385,0.29886607080698013,2405.763916015625,,
SSN_sf1,single,B1,0.1,0.1,4,80071,72727.27272727272,1.10097625,385,385,0.29184017330408096,2409.597900390625,,
SSN_sf1,single,B1,0.1,0.1,5,80452,66493.50649350649,1.20992265625,385,385,0.28794165700674057,2407.130859375,,
SSN_sf1,single,B1,0.1,0.1,6,80125,87272.72727272726,1.0892072046518224,385,385,0.28556864708662033,2408.077880859375,,
SSN_sf1,single,B1,0.1,0.1,7,80076,95584.41558441558,1.1936712071583941,385,385,0.28168968856334686,2399.599365234375,,
SSN_sf1,single,B1,0.1,0.1,8,80283,83116.88311688311,1.0352986699162103,385,385,0.2842536196112633,2417.369140625,,
SSN_sf1,single,B1,0.1,0.1,9,79988,91428.57142857142,1.1430285971467147,385,385,0.2845935523509979,2406.737060546875,,
SSN_sf1,single,B1,0.1,0.1,10,79307,62337.66233766233,1.2722164583333335,385,385,0.29073189944028854,2418.293701171875,,
SSN_sf1,single,B1,0.1,0.1,11,79822,74805.1948051948,1.0670649305555557,385,385,0.2839965745806694,2406.14404296875,,
SSN_sf1,single,B1,0.1,0.1,12,80696,81038.96103896103,1.0042500376593764,385,385,0.28143636882305145,2419.271484375,,
SSN_sf1,single,B1,0.1,0.1,13,80464,89350.64935064934,1.1104425500925799,385,385,0.2859281376004219,2402.0400390625,,
SSN_sf1,single,B1,0.1,0.1,14,80411,101818.18181818181,1.266222056909898,385,385,0.2818256616592407,2418.31396484375,,
SSN_sf1,single,B1,0.1,0.1,15,80272,70649.35064935064,1.1362029411764707,385,385,0.2797851338982582,2416.322265625,,
SSN_sf1,single,B1,0.1,0.1,16,80048,70649.35064935064,1.1330323529411765,385,385,0.28327852487564087,2424.969970703125,,
SSN_sf1,single,B1,0.1,0.1,17,80223,89350.64935064934,1.1137784594274627,385,385,0.2837805077433586,2414.89453125,,
SSN_sf1,single,B1,0.1,0.1,18,79865,72727.27272727272,1.0981437500000002,385,385,0.2966485917568207,2397.300048828125,,
SSN_sf1,single,B1,0.1,0.1,19,80240,83116.88311688311,1.0358534785254625,385,385,0.28228573501110077,2406.469482421875,,
SSN_sf1,single,B1,0.1,0.1,20,79796,83116.88311688311,1.04161716272599,385,385,0.2835085615515709,2398.335693359375,,
SSN_sf1,single,B1,0.1,0.1,21,79914,93506.4935064935,1.1700890145217797,385,385,0.27623865753412247,2417.0595703125,,
SSN_sf1,single,B1,0.1,0.1,22,79694,70649.35064935064,1.1280216911764707,385,385,0.28556492179632187,2429.091552734375,,
SSN_sf1,single,B1,0.1,0.1,23,79941,78961.03896103895,1.0124106907894739,385,385,0.29108673334121704,2410.295166015625,,
SSN_sf1,single,B1,0.1,0.1,24,80425,64415.58441558441,1.2485332661290325,385,385,0.3007063642144203,2403.69384765625,,
SSN_sf1,single,B1,0.1,0.1,25,80155,89350.64935064934,1.1147233404110704,385,385,0.28035882860422134,2415.615478515625,,
SSN_sf1,single,B1,0.1,0.1,26,80581,76883.11688311688,1.0480974662162164,385,385,0.2801744267344475,2410.361572265625,,
SSN_sf1,single,B1,0.1,0.1,27,80323,85194.80519480519,1.0606526797406122,385,385,0.2830531448125839,2409.744873046875,,
SSN_sf1,single,B1,0.1,0.1,28,80336,72727.27272727272,1.1046200000000002,385,385,0.283045694231987,2416.355224609375,,
SSN_sf1,single,B1,0.1,0.1,29,79857,74805.1948051948,1.0675328125,385,385,0.2787075936794281,2413.7998046875,,
SSN_sf1,single,B1,0.1,0.1,30,80593,68571.42857142857,1.1753145833333334,385,385,0.2793269231915474,2414.003662109375,,
SSN_sf1,single,B1,0.1,0.1,31,79633,99740.25974025973,1.2524990863117016,385,385,0.28812792152166367,2423.02294921875,,
SSN_sf1,single,B1,0.1,0.1,32,78443,83116.88311688311,1.0595831765343384,385,385,0.2947673201560974,2411.959716796875,,
SSN_sf1,single,B1,0.1,0.1,33,80057,76883.11688311688,1.0412819256756758,385,385,0.2812156453728676,2407.8408203125,,
SSN_sf1,single,B1,0.1,0.1,34,79717,72727.27272727272,1.0961087500000002,385,385,0.2811374142765999,2418.83740234375,,
SSN_sf1,single,B1,0.1,0.1,35,80750,81038.96103896103,1.0035784648787744,385,385,0.27993135154247284,2421.098876953125,,
SSN_sf1,single,B1,0.1,0.1,36,80398,81038.96103896103,1.0079723505430611,385,385,0.2787206321954727,2419.368408203125,,
SSN_sf1,single,B1,0.1,0.1,37,80161,85194.80519480519,1.0627961876075047,385,385,0.27635879814624786,2404.954345703125,,
SSN_sf1,single,B1,0.1,0.1,38,79716,68571.42857142857,1.162525,385,385,0.28610602021217346,2403.22119140625,,
SSN_sf1,single,B1,0.1,0.1,39,80537,99740.25974025973,1.2384402167979902,385,385,0.28080493211746216,2409.2548828125,,
SSN_sf1,single,B1,0.1,0.1,40,80642,64415.58441558441,1.2519020161290324,385,385,0.2765664830803871,2404.599609375,,
SSN_sf1,single,B1,0.1,0.1,41,79649,85194.80519480519,1.0696280580397142,385,385,0.27655716985464096,2402.737548828125,,
SSN_sf1,single,B1,0.1,0.1,42,80488,99740.25974025973,1.2391941623628333,385,385,0.2793166786432266,2408.29833984375,,
SSN_sf1,single,B1,0.1,0.1,43,80441,83116.88311688311,1.0332651647404074,385,385,0.28019119054079056,2406.5947265625,,
SSN_sf1,single,B1,0.1,0.1,44,81079,60259.740259740254,1.345492025862069,385,385,0.27760863304138184,2400.723388671875,,
SSN_sf1,single,B1,0.1,0.1,45,80320,81038.96103896103,1.0089512081543952,385,385,0.2763792872428894,2405.5771484375,,
SSN_sf1,single,B1,0.1,0.1,46,79726,89350.64935064934,1.1207215883231234,385,385,0.27676112949848175,2416.592041015625,,
SSN_sf1,single,B1,0.1,0.1,47,80096,58181.81818181818,1.3766500000000002,385,385,0.27880724519491196,2413.38525390625,,
SSN_sf1,single,B1,0.1,0.1,48,80500,87272.72727272726,1.0841332580463015,385,385,0.2783359959721565,2411.30859375,,
SSN_sf1,single,B1,0.1,0.1,49,79926,81038.96103896103,1.013924893513513,385,385,0.30099693685770035,2401.558349609375,,
SSN_sf1,single,B1,0.1,0.1,50,79997,96083.55091383812,1.2010894272764994,383,383,0.2895025536417961,2410.93798828125,,
SSN_sf1,single,B1,0.1,0.1,51,80186,87728.45953002611,1.0940620498594034,383,383,0.2922452986240387,2397.735107421875,,
SSN_sf1,single,B1,0.1,0.1,52,79945,93994.77806788511,1.1757430491948855,383,383,0.2817520871758461,2407.447021484375,,
SSN_sf1,single,B1,0.1,0.1,53,80489,83550.9138381201,1.0380413949498701,383,383,0.27893856167793274,2405.4951171875,,
SSN_sf1,single,B1,0.1,0.1,54,79518,98172.32375979112,1.2345924666087065,383,383,0.27619581669569016,2408.4306640625,,
SSN_sf1,single,B1,0.1,0.1,55,80317,83550.9138381201,1.0402643753890224,383,383,0.28002727776765823,2420.774658203125,,
SSN_sf1,single,B1,0.1,0.1,56,79774,68929.50391644909,1.1573273484848485,383,383,0.27718767523765564,2400.407470703125,,
SSN_sf1,single,B1,0.1,0.1,57,80541,81462.1409921671,1.0114369202290399,383,383,0.27457810938358307,2404.933837890625,,
SSN_sf1,single,B1,0.1,0.1,58,80221,114882.50652741514,1.4320752237869778,383,383,0.2792021259665489,2414.735595703125,,
SSN_sf1,single,B1,0.1,0.1,59,80818,85639.68668407311,1.0596610493216005,383,383,0.27671270072460175,2426.36328125,,
SSN_sf1,single,B1,0.1,0.1,60,79394,79373.3681462141,1.0002599342105263,383,383,0.27586333453655243,2405.39501953125,,
SSN_sf1,single,B1,0.1,0.1,61,79954,79373.3681462141,1.0073151973684211,383,383,0.2744784578680992,2413.86572265625,,
SSN_sf1,single,B1,0.1,0.1,62,80433,81462.1409921671,1.0127950094136375,383,383,0.27693063020706177,2396.11572265625,,
SSN_sf1,single,B1,0.1,0.1,63,80284,93994.77806788511,1.1707784623073727,383,383,0.27584098279476166,2407.5595703125,,
SSN_sf1,single,B1,0.1,0.1,64,79806,93994.77806788511,1.177790868705174,383,383,0.27608126401901245,2416.08544921875,,
SSN_sf1,single,B1,0.1,0.1,65,80867,81462.1409921671,1.0073595037798744,383,383,0.28245244175195694,2407.984375,,
SSN_sf1,single,B1,0.1,0.1,66,79808,68929.50391644909,1.157820606060606,383,383,0.27876533567905426,2407.323486328125,,
SSN_sf1,single,B1,0.1,0.1,67,80672,91906.00522193211,1.1392553205812688,383,383,0.2799108624458313,2415.5986328125,,
SSN_sf1,single,B1,0.1,0.1,68,79479,54308.09399477807,1.4634835096153844,383,383,0.27659907937049866,2414.370849609375,,
SSN_sf1,single,B1,0.1,0.1,69,79348,54308.09399477807,1.461071346153846,383,383,0.2909591421484947,2400.36474609375,,
SSN_sf1,single,B1,0.1,0.1,70,80587,68929.50391644909,1.1691220075757576,383,383,0.2786777913570404,2413.7861328125,,
SSN_sf1,single,B1,0.1,0.1,71,80514,93994.77806788511,1.1674339626386108,383,383,0.27814507484436035,2407.453857421875,,
SSN_sf1,single,B1,0.1,0.1,72,80626,66840.73107049608,1.206240546875,383,383,0.2776738256216049,2407.4296875,,
SSN_sf1,single,B1,0.1,0.1,73,79927,75195.8224543081,1.0629180902777777,383,383,0.2748137339949608,2415.9892578125,,
SSN_sf1,single,B1,0.1,0.1,74,80225,54308.09399477807,1.4772199519230769,383,383,0.28109829872846603,2420.55322265625,,
SSN_sf1,single,B1,0.1,0.1,75,80303,81462.1409921671,1.0144345913872097,383,383,0.27936603873968124,2405.794189453125,,
SSN_sf1,single,B1,0.1,0.1,76,79831,87728.45953002611,1.098927227894253,383,383,0.2788566052913666,2418.671630859375,,
SSN_sf1,single,B1,0.1,0.1,77,80026,91906.00522193211,1.1484518184331605,383,383,0.28007104992866516,2414.67822265625,,
SSN_sf1,single,B1,0.1,0.1,78,79867,85639.68668407311,1.0722787469677477,383,383,0.2738945186138153,2407.571044921875,,
SSN_sf1,single,B1,0.1,0.1,79,80802,79373.3681462141,1.0179988815789474,383,383,0.2849465236067772,2401.757080078125,,
SSN_sf1,single,B1,0.1,0.1,80,80430,68929.50391644909,1.1668443181818182,383,383,0.2760738134384155,2416.351806640625,,
SSN_sf1,single,B1,0.1,0.1,81,80145,64751.95822454308,1.237723185483871,383,383,0.27600862085819244,2415.6318359375,,
SSN_sf1,single,B1,0.1,0.1,82,79493,96083.55091383812,1.208704551518223,383,383,0.2780687063932419,2416.5380859375,,
SSN_sf1,single,B1,0.1,0.1,83,80367,77284.59530026109,1.0398838175675675,383,383,0.2787690609693527,2405.50341796875,,
SSN_sf1,single,B1,0.1,0.1,84,80211,96083.55091383812,1.197884964828242,383,383,0.2789227291941643,2416.745361328125,,
SSN_sf1,single,B1,0.1,0.1,85,80008,62663.185378590075,1.2767943333333334,383,383,0.2998402342200279,2415.341552734375,,
SSN_sf1,single,B1,0.1,0.1,86,80158,73107.0496083551,1.0964469285714284,383,383,0.2826051786541939,2419.64013671875,,
SSN_sf1,single,B1,0.1,0.1,87,80124,73107.0496083551,1.095981857142857,383,383,0.27658790349960327,2413.607666015625,,
SSN_sf1,single,B1,0.1,0.1,88,80097,60574.41253263708,1.3222909913793104,383,383,0.29259826987981796,2401.546142578125,,
SSN_sf1,single,B1,0.1,0.1,89,80309,60574.41253263708,1.3257908189655172,383,383,0.2766484394669533,2408.7880859375,,
SSN_sf1,single,B1,0.1,0.1,90,79798,83550.9138381201,1.047030174166271,383,383,0.2741049975156784,2404.21630859375,,
SSN_sf1,single,B1,0.1,0.1,91,79913,98172.32375979112,1.2284900299049106,383,383,0.27526263147592545,2405.9111328125,,
SSN_sf1,single,B1,0.1,0.1,92,80366,83550.9138381201,1.0396301151994638,383,383,0.27769338339567184,2411.747314453125,,
SSN_sf1,single,B1,0.1,0.1,93,79361,66840.73107049608,1.1873149609375,383,383,0.27726590633392334,2391.813720703125,,
SSN_sf1,single,B1,0.1,0.1,94,79432,91906.00522193211,1.1570400496264994,383,383,0.2734726294875145,2402.609375,,
SSN_sf1,single,B1,0.1,0.1,95,79583,81462.1409921671,1.023612341733374,383,383,0.27767475694417953,2402.895751953125,,
SSN_sf1,single,B1,0.1,0.1,96,79236,87728.45953002611,1.1071793065024245,383,383,0.27706101536750793,2406.312255859375,,
SSN_sf1,single,B1,0.1,0.1,97,79987,106527.41514360314,1.331809108275134,383,383,0.2763550728559494,2415.85498046875,,
SSN_sf1,single,B1,0.1,0.1,98,80744,79373.3681462141,1.017268157894737,383,383,0.276750884950161,2409.00390625,,
SSN_sf1,single,B1,0.1,0.1,99,79251,62663.185378590075,1.264713875,383,383,0.28032436966896057,2410.114501953125,,
SSN_sf1,single,B1,0.1,0.2,0,79701,93506.4935064935,1.1732160638698823,385,385,0.3606872633099556,2406.808837890625,,
SSN_sf1,single,B1,0.1,0.2,1,79188,99740.25974025973,1.2595375529153374,385,385,0.31069666147232056,2401.78076171875,,
SSN_sf1,single,B1,0.1,0.2,2,80829,66493.50649350649,1.2155923828125001,385,385,0.3031352534890175,2414.313232421875,,
SSN_sf1,single,B1,0.1,0.2,3,79760,72727.27272727272,1.0967,385,385,0.3226622939109802,2405.763916015625,,
SSN_sf1,single,B1,0.1,0.2,4,80071,78961.03896103895,1.0140570723684212,385,385,0.28818845748901367,2409.597900390625,,
SSN_sf1,single,B1,0.1,0.2,5,80452,64415.58441558441,1.248952419354839,385,385,0.29578711837530136,2407.130859375,,
SSN_sf1,single,B1,0.1,0.2,6,80125,99740.25974025973,1.244808233887797,385,385,0.28552860021591187,2408.077880859375,,
SSN_sf1,single,B1,0.1,0.2,7,80076,99740.25974025973,1.2455699552957158,385,385,0.2888590097427368,2399.599365234375,,
SSN_sf1,single,B1,0.1,0.2,8,80283,56103.8961038961,1.430970138888889,385,385,0.283142551779747,2417.369140625,,
SSN_sf1,single,B1,0.1,0.2,9,79988,87272.72727272726,1.0910727518218641,385,385,0.28568506240844727,2406.737060546875,,
SSN_sf1,single,B1,0.1,0.2,10,79307,78961.03896103895,1.0043814144736842,385,385,0.2805255353450775,2418.293701171875,,
SSN_sf1,single,B1,0.1,0.2,11,79822,60259.740259740254,1.324632327586207,385,385,0.28364453464746475,2406.14404296875,,
SSN_sf1,single,B1,0.1,0.2,12,80696,87272.72727272726,1.0815000405562514,385,385,0.2790084108710289,2419.271484375,,
SSN_sf1,single,B1,0.1,0.2,13,80464,76883.11688311688,1.0465756756756757,385,385,0.28135720640420914,2402.0400390625,,
SSN_sf1,single,B1,0.1,0.2,14,80411,95584.41558441558,1.188698257507251,385,385,0.27918536216020584,2418.31396484375,,
SSN_sf1,single,B1,0.1,0.2,15,80272,72727.27272727272,1.1037400000000002,385,385,0.28065964579582214,2416.322265625,,
SSN_sf1,single,B1,0.1,0.2,16,80048,74805.1948051948,1.0700861111111113,385,385,0.2793502062559128,2424.969970703125,,
SSN_sf1,single,B1,0.1,0.2,17,80223,72727.27272727272,1.1030662500000001,385,385,0.277162529528141,2414.89453125,,
SSN_sf1,single,B1,0.1,0.2,18,79865,72727.27272727272,1.0981437500000002,385,385,0.28931908309459686,2397.300048828125,,
SSN_sf1,single,B1,0.1,0.2,19,80240,68571.42857142857,1.1701666666666668,385,385,0.28034020215272903,2406.469482421875,,
SSN_sf1,single,B1,0.1,0.2,20,79796,72727.27272727272,1.0971950000000001,385,385,0.2786349505186081,2398.335693359375,,
SSN_sf1,single,B1,0.1,0.2,21,79914,74805.1948051948,1.0682947916666667,385,385,0.28053950518369675,2417.0595703125,,
SSN_sf1,single,B1,0.1,0.2,22,79694,51948.05194805194,1.5341095000000002,385,385,0.2819579094648361,2429.091552734375,,
SSN_sf1,single,B1,0.1,0.2,23,79941,83116.88311688311,1.039727838241742,385,385,0.2830261364579201,2410.295166015625,,
SSN_sf1,single,B1,0.1,0.2,24,80425,68571.42857142857,1.1728645833333335,385,385,0.27978140860795975,2403.69384765625,,
SSN_sf1,single,B1,0.1,0.2,25,80155,83116.88311688311,1.0369519445684374,385,385,0.2915114164352417,2415.615478515625,,
SSN_sf1,single,B1,0.1,0.2,26,80581,64415.58441558441,1.2509550403225809,385,385,0.27869734913110733,2410.361572265625,,
SSN_sf1,single,B1,0.1,0.2,27,80323,68571.42857142857,1.1713770833333335,385,385,0.277823768556118,2409.744873046875,,
SSN_sf1,single,B1,0.1,0.2,28,80336,105974.02597402596,1.3191349578523448,385,385,0.2747960388660431,2416.355224609375,,
SSN_sf1,single,B1,0.1,0.2,29,79857,74805.1948051948,1.0675328125,385,385,0.2769380807876587,2413.7998046875,,
SSN_sf1,single,B1,0.1,0.2,30,80593,93506.4935064935,1.1602309568634186,385,385,0.27735158801078796,2414.003662109375,,
SSN_sf1,single,B1,0.1,0.2,31,79633,66493.50649350649,1.1976056640625001,385,385,0.27764588594436646,2423.02294921875,,
SSN_sf1,single,B1,0.1,0.2,32,78443,78961.03896103895,1.0066040177076214,385,385,0.28012972325086594,2411.959716796875,,
SSN_sf1,single,B1,0.1,0.2,33,80057,93506.4935064935,1.1679989695653534,385,385,0.2791723236441612,2407.8408203125,,
SSN_sf1,single,B1,0.1,0.2,34,79717,81038.96103896103,1.0165831759720139,385,385,0.2789841964840889,2418.83740234375,,
SSN_sf1,single,B1,0.1,0.2,35,80750,89350.64935064934,1.1065095894817256,385,385,0.2804212272167206,2421.098876953125,,
SSN_sf1,single,B1,0.1,0.2,36,80398,72727.27272727272,1.1054725,385,385,0.2811746671795845,2419.368408203125,,
SSN_sf1,single,B1,0.1,0.2,37,80161,70649.35064935064,1.1346318014705883,385,385,0.2762535586953163,2404.954345703125,,
SSN_sf1,single,B1,0.1,0.2,38,79716,81038.96103896103,1.0165959285333062,385,385,0.2798018977046013,2403.22119140625,,
SSN_sf1,single,B1,0.1,0.2,39,80537,76883.11688311688,1.0475251689189191,385,385,0.28102751821279526,2409.2548828125,,
SSN_sf1,single,B1,0.1,0.2,40,80642,85194.80519480519,1.0564569975298874,385,385,0.2857595682144165,2404.599609375,,
SSN_sf1,single,B1,0.1,0.2,41,79649,74805.1948051948,1.0647522569444445,385,385,0.28197746723890305,2402.737548828125,,
SSN_sf1,single,B1,0.1,0.2,42,80488,81038.96103896103,1.006845256919802,385,385,0.27917884290218353,2408.29833984375,,
SSN_sf1,single,B1,0.1,0.2,43,80441,76883.11688311688,1.0462765202702704,385,385,0.28966739773750305,2406.5947265625,,
SSN_sf1,single,B1,0.1,0.2,44,81079,66493.50649350649,1.2193521484375,385,385,0.27547404170036316,2400.723388671875,,
SSN_sf1,single,B1,0.1,0.2,45,80320,85194.80519480519,1.0606922957520566,385,385,0.2780808135867119,2405.5771484375,,
SSN_sf1,single,B1,0.1,0.2,46,79726,97662.33766233765,1.2249747593299256,385,385,0.28808508068323135,2416.592041015625,,
SSN_sf1,single,B1,0.1,0.2,47,80096,81038.96103896103,1.0117728855243837,385,385,0.28175581246614456,2413.38525390625,,
SSN_sf1,single,B1,0.1,0.2,48,80500,76883.11688311688,1.047043918918919,385,385,0.280194915831089,2411.30859375,,
SSN_sf1,single,B1,0.1,0.2,49,79926,93506.4935064935,1.169913338669438,385,385,0.2771914005279541,2401.558349609375,,
SSN_sf1,single,B1,0.1,0.2,50,79997,77284.59530026109,1.0350963175675676,383,383,0.29369164258241653,2410.93798828125,,
SSN_sf1,single,B1,0.1,0.2,51,80186,91906.00522193211,1.146160242709851,383,383,0.2844715490937233,2397.735107421875,,
SSN_sf1,single,B1,0.1,0.2,52,79945,77284.59530026109,1.0344234797297298,383,383,0.2779122442007065,2407.447021484375,,
SSN_sf1,single,B1,0.1,0.2,53,80489,96083.55091383812,1.1937476041923507,383,383,0.28144102543592453,2405.4951171875,,
SSN_sf1,single,B1,0.1,0.2,54,79518,85639.68668407311,1.0769849176799355,383,383,0.2789190039038658,2408.4306640625,,
SSN_sf1,single,B1,0.1,0.2,55,80317,81462.1409921671,1.0142577660042966,383,383,0.27545541524887085,2420.774658203125,,
SSN_sf1,single,B1,0.1,0.2,56,79774,73107.0496083551,1.091194357142857,383,383,0.2781357616186142,2400.407470703125,,
SSN_sf1,single,B1,0.1,0.2,57,80541,71018.27676240209,1.1340883455882351,383,383,0.27451571077108383,2404.933837890625,,
SSN_sf1,single,B1,0.1,0.2,58,80221,83550.9138381201,1.0415092536632566,383,383,0.28232391923666,2414.735595703125,,
SSN_sf1,single,B1,0.1,0.2,59,80818,98172.32375979112,1.2147333980028103,383,383,0.2941405400633812,2426.36328125,,
SSN_sf1,single,B1,0.1,0.2,60,79394,93994.77806788511,1.1839027894788663,383,383,0.3340160474181175,2405.39501953125,,
SSN_sf1,single,B1,0.1,0.2,61,79954,89817.23237597912,1.1233613374687834,383,383,0.2798382192850113,2413.86572265625,,
SSN_sf1,single,B1,0.1,0.2,62,80433,52219.32114882507,1.5402919499999999,383,383,0.2762582153081894,2396.11572265625,,
SSN_sf1,single,B1,0.1,0.2,63,80284,71018.27676240209,1.1304695588235294,383,383,0.27678441256284714,2407.5595703125,,
SSN_sf1,single,B1,0.1,0.2,64,79806,54308.09399477807,1.4695047115384614,383,383,0.27582235634326935,2416.08544921875,,
SSN_sf1,single,B1,0.1,0.2,65,80867,77284.59530026109,1.0463534121621623,383,383,0.2754824236035347,2407.984375,,
SSN_sf1,single,B1,0.1,0.2,66,79808,85639.68668407311,1.0730714550430172,383,383,0.2773003652691841,2407.323486328125,,
SSN_sf1,single,B1,0.1,0.2,67,80672,66840.73107049608,1.20692875,383,383,0.27623213827610016,2415.5986328125,,
SSN_sf1,single,B1,0.1,0.2,68,79479,83550.9138381201,1.0512325751219833,383,383,0.2780044451355934,2414.370849609375,,
SSN_sf1,single,B1,0.1,0.2,69,79348,89817.23237597912,1.131940721580621,383,383,0.27727335691452026,2400.36474609375,,
SSN_sf1,single,B1,0.1,0.2,70,80587,71018.27676240209,1.1347360661764705,383,383,0.27551688253879547,2413.7861328125,,
SSN_sf1,single,B1,0.1,0.2,71,80514,75195.8224543081,1.070724375,383,383,0.2767331898212433,2407.453857421875,,
SSN_sf1,single,B1,0.1,0.2,72,80626,98172.32375979112,1.2176261225881368,383,383,0.27603190392255783,2407.4296875,,
SSN_sf1,single,B1,0.1,0.2,73,79927,60574.41253263708,1.3194845258620689,383,383,0.27427077293395996,2415.9892578125,,
SSN_sf1,single,B1,0.1,0.2,74,80225,62663.185378590075,1.2802572916666668,383,383,0.2849716693162918,2420.55322265625,,
SSN_sf1,single,B1,0.1,0.2,75,80303,77284.59530026109,1.0390557094594595,383,383,0.2774428576231003,2405.794189453125,,
SSN_sf1,single,B1,0.1,0.2,76,79831,77284.59530026109,1.0329484121621622,383,383,0.28801988810300827,2418.671630859375,,
SSN_sf1,single,B1,0.1,0.2,77,80026,77284.59530026109,1.0354715540540542,383,383,0.2776533365249634,2414.67822265625,,
SSN_sf1,single,B1,0.1,0.2,78,79867,83550.9138381201,1.0461256067978026,383,383,0.29337964951992035,2407.571044921875,,
SSN_sf1,single,B1,0.1,0.2,79,80802,79373.3681462141,1.0179988815789474,383,383,0.27805473655462265,2401.757080078125,,
SSN_sf1,single,B1,0.1,0.2,80,80430,93994.77806788511,1.1686532148189122,383,383,0.2765003591775894,2416.351806640625,,
SSN_sf1,single,B1,0.1,0.2,81,80145,73107.0496083551,1.096269107142857,383,383,0.27694832533597946,2415.6318359375,,
SSN_sf1,single,B1,0.1,0.2,82,79493,87728.45953002611,1.103599807907943,383,383,0.2779914066195488,2416.5380859375,,
SSN_sf1,single,B1,0.1,0.2,83,80367,93994.77806788511,1.1695693265629563,383,383,0.2749161794781685,2405.50341796875,,
SSN_sf1,single,B1,0.1,0.2,84,80211,56396.86684073107,1.4222598611111112,383,383,0.2764035016298294,2416.745361328125,,
SSN_sf1,single,B1,0.1,0.2,85,80008,75195.8224543081,1.0639952777777777,383,383,0.2758614718914032,2415.341552734375,,
SSN_sf1,single,B1,0.1,0.2,86,80158,66840.73107049608,1.199238828125,383,383,0.2766605466604233,2419.64013671875,,
SSN_sf1,single,B1,0.1,0.2,87,80124,75195.8224543081,1.0655379166666665,383,383,0.27571991086006165,2413.607666015625,,
SSN_sf1,single,B1,0.1,0.2,88,80097,60574.41253263708,1.3222909913793104,383,383,0.2839230000972748,2401.546142578125,,
SSN_sf1,single,B1,0.1,0.2,89,80309,85639.68668407311,1.0663772016096964,383,383,0.27418509125709534,2408.7880859375,,
SSN_sf1,single,B1,0.1,0.2,90,79798,102349.86945169713,1.282611963353682,383,383,0.2777259796857834,2404.21630859375,,
SSN_sf1,single,B1,0.1,0.2,91,79913,91906.00522193211,1.1500757726769375,383,383,0.2797255292534828,2405.9111328125,,
SSN_sf1,single,B1,0.1,0.2,92,80366,71018.27676240209,1.1316241911764706,383,383,0.28411950916051865,2411.747314453125,,
SSN_sf1,single,B1,0.1,0.2,93,79361,83550.9138381201,1.0527956280555955,383,383,0.2750419080257416,2391.813720703125,,
SSN_sf1,single,B1,0.1,0.2,94,79432,83550.9138381201,1.0518545905695451,383,383,0.2790931612253189,2402.609375,,
SSN_sf1,single,B1,0.1,0.2,95,79583,85639.68668407311,1.0761052823350854,383,383,0.2905959263443947,2402.895751953125,,
SSN_sf1,single,B1,0.1,0.2,96,79236,66840.73107049608,1.18544484375,383,383,0.2772929146885872,2406.312255859375,,
SSN_sf1,single,B1,0.1,0.2,97,79987,89817.23237597912,1.1228978756045247,383,383,0.27809664607048035,2415.85498046875,,
SSN_sf1,single,B1,0.1,0.2,98,80744,64751.95822454308,1.246973870967742,383,383,0.2818973734974861,2409.00390625,,
SSN_sf1,single,B1,0.1,0.2,99,79251,83550.9138381201,1.0542569032330205,383,383,0.27576927095651627,2410.114501953125,,
SSN_sf1,single,B1,0.1,0.3,0,79701,85194.80519480519,1.0689301915258929,385,385,0.3478415310382843,2406.808837890625,,
SSN_sf1,single,B1,0.1,0.3,1,79188,87272.72727272726,1.1020953588009201,385,385,0.30744820833206177,2401.78076171875,,
SSN_sf1,single,B1,0.1,0.3,2,80829,76883.11688311688,1.051323141891892,385,385,0.29787514358758926,2414.313232421875,,
SSN_sf1,single,B1,0.1,0.3,3,79760,68571.42857142857,1.1631666666666667,385,385,0.31050946563482285,2405.763916015625,,
SSN_sf1,single,B1,0.1,0.3,4,80071,68571.42857142857,1.1677020833333334,385,385,0.2940809354186058,2409.597900390625,,
SSN_sf1,single,B1,0.1,0.3,5,80452,64415.58441558441,1.248952419354839,385,385,0.2856021746993065,2407.130859375,,
SSN_sf1,single,B1,0.1,0.3,6,80125,85194.80519480519,1.0632736997791599,385,385,0.28336793184280396,2408.077880859375,,
SSN_sf1,single,B1,0.1,0.3,7,80076,87272.72727272726,1.0898737108837513,385,385,0.28111692517995834,2399.599365234375,,
SSN_sf1,single,B1,0.1,0.3,8,80283,76883.11688311688,1.0442214527027027,385,385,0.2828165888786316,2417.369140625,,
SSN_sf1,single,B1,0.1,0.3,9,79988,85194.80519480519,1.0650948291594386,385,385,0.2842433750629425,2406.737060546875,,
SSN_sf1,single,B1,0.1,0.3,10,79307,72727.27272727272,1.09047125,385,385,0.27784891426563263,2418.293701171875,,
SSN_sf1,single,B1,0.1,0.3,11,79822,97662.33766233765,1.2235015116426255,385,385,0.27875322848558426,2406.14404296875,,
SSN_sf1,single,B1,0.1,0.3,12,80696,62337.66233766233,1.2944983333333335,385,385,0.2779625356197357,2419.271484375,,
SSN_sf1,single,B1,0.1,0.3,13,80464,87272.72727272726,1.0846183047415896,385,385,0.29315799474716187,2402.0400390625,,
SSN_sf1,single,B1,0.1,0.3,14,80411,60259.740259740254,1.3344066810344828,385,385,0.2776859328150749,2418.31396484375,,
SSN_sf1,single,B1,0.1,0.3,15,80272,66493.50649350649,1.2072156250000001,385,385,0.27927663177251816,2416.322265625,,
SSN_sf1,single,B1,0.1,0.3,16,80048,66493.50649350649,1.2038468750000002,385,385,0.2917293459177017,2424.969970703125,,
SSN_sf1,single,B1,0.1,0.3,17,80223,91428.57142857142,1.1396802840653106,385,385,0.2827635034918785,2414.89453125,,
SSN_sf1,single,B1,0.1,0.3,18,79865,103896.10389610389,1.3008965616490815,385,385,0.2749040722846985,2397.300048828125,,
SSN_sf1,single,B1,0.1,0.3,19,80240,76883.11688311688,1.0436621621621622,385,385,0.27710385620594025,2406.469482421875,,
SSN_sf1,single,B1,0.1,0.3,20,79796,78961.03896103895,1.0105743421052633,385,385,0.27741026133298874,2398.335693359375,,
SSN_sf1,single,B1,0.1,0.3,21,79914,89350.64935064934,1.1180850583208117,385,385,0.27689896523952484,2417.0595703125,,
SSN_sf1,single,B1,0.1,0.3,22,79694,78961.03896103895,1.0092825657894737,385,385,0.27499906718730927,2429.091552734375,,
SSN_sf1,single,B1,0.1,0.3,23,79941,83116.88311688311,1.039727838241742,385,385,0.2796594053506851,2410.295166015625,,
SSN_sf1,single,B1,0.1,0.3,24,80425,72727.27272727272,1.10584375,385,385,0.2792077139019966,2403.69384765625,,
SSN_sf1,single,B1,0.1,0.3,25,80155,70649.35064935064,1.134546875,385,385,0.27929339557886124,2415.615478515625,,
SSN_sf1,single,B1,0.1,0.3,26,80581,60259.740259740254,1.3372278017241381,385,385,0.27741026133298874,2410.361572265625,,
SSN_sf1,single,B1,0.1,0.3,27,80323,95584.41558441558,1.1900005675138574,385,385,0.28383173048496246,2409.744873046875,,
SSN_sf1,single,B1,0.1,0.3,28,80336,87272.72727272726,1.0863464358784016,385,385,0.2796100452542305,2416.355224609375,,
SSN_sf1,single,B1,0.1,0.3,29,79857,68571.42857142857,1.1645812500000001,385,385,0.2815127372741699,2413.7998046875,,
SSN_sf1,single,B1,0.1,0.3,30,80593,85194.80519480519,1.057099316253337,385,385,0.27919188141822815,2414.003662109375,,
SSN_sf1,single,B1,0.1,0.3,31,79633,76883.11688311688,1.035767060810811,385,385,0.28914492577314377,2423.02294921875,,
SSN_sf1,single,B1,0.1,0.3,32,78443,95584.41558441558,1.2185206530144892,385,385,0.2790549769997597,2411.959716796875,,
SSN_sf1,single,B1,0.1,0.3,33,80057,93506.4935064935,1.1679989695653534,385,385,0.2929205074906349,2407.8408203125,,
SSN_sf1,single,B1,0.1,0.3,34,79717,87272.72727272726,1.0947818818160149,385,385,0.2809576690196991,2418.83740234375,,
SSN_sf1,single,B1,0.1,0.3,35,80750,76883.11688311688,1.0502956081081083,385,385,0.2802284434437752,2421.098876953125,,
SSN_sf1,single,B1,0.1,0.3,36,80398,76883.11688311688,1.04571722972973,385,385,0.2789255231618881,2419.368408203125,,
SSN_sf1,single,B1,0.1,0.3,37,80161,72727.27272727272,1.10221375,385,385,0.2787327393889427,2404.954345703125,,
SSN_sf1,single,B1,0.1,0.3,38,79716,68571.42857142857,1.162525,385,385,0.27675554156303406,2403.22119140625,,
SSN_sf1,single,B1,0.1,0.3,39,80537,70649.35064935064,1.1399538602941177,385,385,0.28003379702568054,2409.2548828125,,
SSN_sf1,single,B1,0.1,0.3,40,80642,95584.41558441558,1.1852932167408494,385,385,0.2775406464934349,2404.599609375,,
SSN_sf1,single,B1,0.1,0.3,41,79649,87272.72727272726,1.0957165472601949,385,385,0.28523337095975876,2402.737548828125,,
SSN_sf1,single,B1,0.1,0.3,42,80488,83116.88311688311,1.032661801969028,385,385,0.28022006154060364,2408.29833984375,,
SSN_sf1,single,B1,0.1,0.3,43,80441,70649.35064935064,1.138595036764706,385,385,0.2801530063152313,2406.5947265625,,
SSN_sf1,single,B1,0.1,0.3,44,81079,68571.42857142857,1.1824020833333335,385,385,0.28215441852808,2400.723388671875,,
SSN_sf1,single,B1,0.1,0.3,45,80320,78961.03896103895,1.0172105263157896,385,385,0.2792924642562866,2405.5771484375,,
SSN_sf1,single,B1,0.1,0.3,46,79726,76883.11688311688,1.0369766891891894,385,385,0.2789106220006943,2416.592041015625,,
SSN_sf1,single,B1,0.1,0.3,47,80096,91428.57142857142,1.1414873580275098,385,385,0.2781376242637634,2413.38525390625,,
SSN_sf1,single,B1,0.1,0.3,48,80500,89350.64935064934,1.1099459546664514,385,385,0.27695298194885254,2411.30859375,,
SSN_sf1,single,B1,0.1,0.3,49,79926,97662.33766233765,1.2219094870547462,385,385,0.29912497848272324,2401.558349609375,,
SSN_sf1,single,B1,0.1,0.3,50,79997,75195.8224543081,1.0638489930555555,383,383,0.29496755450963974,2410.93798828125,,
SSN_sf1,single,B1,0.1,0.3,51,80186,91906.00522193211,1.146160242709851,383,383,0.2919510006904602,2397.735107421875,,
SSN_sf1,single,B1,0.1,0.3,52,79945,91906.00522193211,1.1496154258794435,383,383,0.28393790125846863,2407.447021484375,,
SSN_sf1,single,B1,0.1,0.3,53,80489,106527.41514360314,1.3235027785610847,383,383,0.28165802359580994,2405.4951171875,,
SSN_sf1,single,B1,0.1,0.3,54,79518,77284.59530026109,1.028898445945946,383,383,0.2755792811512947,2408.4306640625,,
SSN_sf1,single,B1,0.1,0.3,55,80317,87728.45953002611,1.0922775941584735,383,383,0.28034206479787827,2420.774658203125,,
SSN_sf1,single,B1,0.1,0.3,56,79774,108616.18798955614,1.3615487250176266,383,383,0.27689244598150253,2400.407470703125,,
SSN_sf1,single,B1,0.1,0.3,57,80541,75195.8224543081,1.0710834374999998,383,383,0.277799554169178,2404.933837890625,,
SSN_sf1,single,B1,0.1,0.3,58,80221,77284.59530026109,1.037994695945946,383,383,0.27707871049642563,2414.735595703125,,
SSN_sf1,single,B1,0.1,0.3,59,80818,73107.0496083551,1.1054747857142857,383,383,0.28191879391670227,2426.36328125,,
SSN_sf1,single,B1,0.1,0.3,60,79394,91906.00522193211,1.157593838601558,383,383,0.27533993124961853,2405.39501953125,,
SSN_sf1,single,B1,0.1,0.3,61,79954,89817.23237597912,1.1233613374687834,383,383,0.27594808489084244,2413.86572265625,,
SSN_sf1,single,B1,0.1,0.3,62,80433,66840.73107049608,1.2033530859375,383,383,0.27675554156303406,2396.11572265625,,
SSN_sf1,single,B1,0.1,0.3,63,80284,85639.68668407311,1.0667092656578285,383,383,0.2750298008322716,2407.5595703125,,
SSN_sf1,single,B1,0.1,0.3,64,79806,85639.68668407311,1.073098347042492,383,383,0.27408264577388763,2416.08544921875,,
SSN_sf1,single,B1,0.1,0.3,65,80867,68929.50391644909,1.1731841287878788,383,383,0.28005335479974747,2407.984375,,
SSN_sf1,single,B1,0.1,0.3,66,79808,71018.27676240209,1.1237670588235293,383,383,0.27732737362384796,2407.323486328125,,
SSN_sf1,single,B1,0.1,0.3,67,80672,62663.185378590075,1.2873906666666668,383,383,0.2830643206834793,2415.5986328125,,
SSN_sf1,single,B1,0.1,0.3,68,79479,73107.0496083551,1.0871591785714285,383,383,0.2791769802570343,2414.370849609375,,
SSN_sf1,single,B1,0.1,0.3,69,79348,81462.1409921671,1.0266439102707958,383,383,0.29684603214263916,2400.36474609375,,
SSN_sf1,single,B1,0.1,0.3,70,80587,58485.63968668407,1.377893794642857,383,383,0.2806801348924637,2413.7861328125,,
SSN_sf1,single,B1,0.1,0.3,71,80514,62663.185378590075,1.28486925,383,383,0.27511920779943466,2407.453857421875,,
SSN_sf1,single,B1,0.1,0.3,72,80626,79373.3681462141,1.0157815131578949,383,383,0.2787783741950989,2407.4296875,,
SSN_sf1,single,B1,0.1,0.3,73,79927,81462.1409921671,1.0192067885966831,383,383,0.2791406586766243,2415.9892578125,,
SSN_sf1,single,B1,0.1,0.3,74,80225,87728.45953002611,1.0935301904646446,383,383,0.27902331203222275,2420.55322265625,,
SSN_sf1,single,B1,0.1,0.3,75,80303,98172.32375979112,1.2225237383384322,383,383,0.27748383581638336,2405.794189453125,,
SSN_sf1,single,B1,0.1,0.3,76,79831,62663.185378590075,1.2739697083333335,383,383,0.27602072805166245,2418.671630859375,,
SSN_sf1,single,B1,0.1,0.3,77,80026,71018.27676240209,1.1268366911764705,383,383,0.27581583708524704,2414.67822265625,,
SSN_sf1,single,B1,0.1,0.3,78,79867,79373.3681462141,1.0062191118421053,383,383,0.2772510051727295,2407.571044921875,,
SSN_sf1,single,B1,0.1,0.3,79,80802,75195.8224543081,1.074554375,383,383,0.27894601225852966,2401.757080078125,,
SSN_sf1,single,B1,0.1,0.3,80,80430,91906.00522193211,1.1426831433784919,383,383,0.2738405019044876,2416.351806640625,,
SSN_sf1,single,B1,0.1,0.3,81,80145,75195.8224543081,1.0658171875,383,383,0.2794535830616951,2415.6318359375,,
SSN_sf1,single,B1,0.1,0.3,82,79493,87728.45953002611,1.103599807907943,383,383,0.2736710011959076,2416.5380859375,,
SSN_sf1,single,B1,0.1,0.3,83,80367,83550.9138381201,1.0396171791670723,383,383,0.2878531813621521,2405.50341796875,,
SSN_sf1,single,B1,0.1,0.3,84,80211,71018.27676240209,1.1294416544117647,383,383,0.27449149638414383,2416.745361328125,,
SSN_sf1,single,B1,0.1,0.3,85,80008,108616.18798955614,1.3575665932101308,383,383,0.2818191424012184,2415.341552734375,,
SSN_sf1,single,B1,0.1,0.3,86,80158,96083.55091383812,1.1986769993492616,383,383,0.28655584901571274,2419.64013671875,,
SSN_sf1,single,B1,0.1,0.3,87,80124,73107.0496083551,1.095981857142857,383,383,0.2811150625348091,2413.607666015625,,
SSN_sf1,single,B1,0.1,0.3,88,80097,75195.8224543081,1.0651788541666665,383,383,0.27393829077482224,2401.546142578125,,
SSN_sf1,single,B1,0.1,0.3,89,80309,58485.63968668407,1.3731404910714287,383,383,0.27638673782348633,2408.7880859375,,
SSN_sf1,single,B1,0.1,0.3,90,79798,106527.41514360314,1.3349634720619958,383,383,0.2779858186841011,2404.21630859375,,
SSN_sf1,single,B1,0.1,0.3,91,79913,68929.50391644909,1.1593439015151514,383,383,0.278533436357975,2405.9111328125,,
SSN_sf1,single,B1,0.1,0.3,92,80366,73107.0496083551,1.0992920714285714,383,383,0.2761026844382286,2411.747314453125,,
SSN_sf1,single,B1,0.1,0.3,93,79361,68929.50391644909,1.1513357196969696,383,383,0.27882494032382965,2391.813720703125,,
SSN_sf1,single,B1,0.1,0.3,94,79432,89817.23237597912,1.130743684862261,383,383,0.27950573712587357,2402.609375,,
SSN_sf1,single,B1,0.1,0.3,95,79583,81462.1409921671,1.023612341733374,383,383,0.2801446244120598,2402.895751953125,,
SSN_sf1,single,B1,0.1,0.3,96,79236,83550.9138381201,1.0544564823832614,383,383,0.2747122198343277,2406.312255859375,,
SSN_sf1,single,B1,0.1,0.3,97,79987,64751.95822454308,1.2352831048387096,383,383,0.2828845754265785,2415.85498046875,,
SSN_sf1,single,B1,0.1,0.3,98,80744,68929.50391644909,1.171399696969697,383,383,0.28194673359394073,2409.00390625,,
SSN_sf1,single,B1,0.1,0.3,99,79251,75195.8224543081,1.0539282291666665,383,383,0.29752217233181,2410.114501953125,,
SSN_sf1,single,B1,0.1,0.4,0,79701,87272.72727272726,1.0950016596118903,385,385,0.35013724118471146,2406.808837890625,,
SSN_sf1,single,B1,0.1,0.4,1,79188,74805.1948051948,1.0585895833333334,385,385,0.3039361909031868,2401.78076171875,,
SSN_sf1,single,B1,0.1,0.4,2,80829,93506.4935064935,1.1568433793130373,385,385,0.2923542633652687,2414.313232421875,,
SSN_sf1,single,B1,0.1,0.4,3,79760,70649.35064935064,1.1289558823529413,385,385,0.28982479125261307,2405.763916015625,,
SSN_sf1,single,B1,0.1,0.4,4,80071,105974.02597402596,1.3235007177882874,385,385,0.29949937015771866,2409.597900390625,,
SSN_sf1,single,B1,0.1,0.4,5,80452,74805.1948051948,1.0754868055555558,385,385,0.28552860021591187,2407.130859375,,
SSN_sf1,single,B1,0.1,0.4,6,80125,70649.35064935064,1.134122242647059,385,385,0.28272904455661774,2408.077880859375,,
SSN_sf1,single,B1,0.1,0.4,7,80076,91428.57142857142,1.1417724590210727,385,385,0.2794666215777397,2399.599365234375,,
SSN_sf1,single,B1,0.1,0.4,8,80283,66493.50649350649,1.2073810546875001,385,385,0.28784386813640594,2417.369140625,,
SSN_sf1,single,B1,0.1,0.4,9,79988,76883.11688311688,1.0403844594594596,385,385,0.2810005098581314,2406.737060546875,,
SSN_sf1,single,B1,0.1,0.4,10,79307,93506.4935064935,1.1790446430516033,385,385,0.2766018733382225,2418.293701171875,,
SSN_sf1,single,B1,0.1,0.4,11,79822,97662.33766233765,1.2235015116426255,385,385,0.28178561478853226,2406.14404296875,,
SSN_sf1,single,B1,0.1,0.4,12,80696,81038.96103896103,1.0042500376593764,385,385,0.2805795520544052,2419.271484375,,
SSN_sf1,single,B1,0.1,0.4,13,80464,97662.33766233765,1.2137395314965407,385,385,0.2779718488454819,2402.0400390625,,
SSN_sf1,single,B1,0.1,0.4,14,80411,72727.27272727272,1.1056512500000002,385,385,0.2776673063635826,2418.31396484375,,
SSN_sf1,single,B1,0.1,0.4,15,80272,108051.94805194804,1.3460727034575948,385,385,0.2784738317131996,2416.322265625,,
SSN_sf1,single,B1,0.1,0.4,16,80048,78961.03896103895,1.0137657894736842,385,385,0.27492083609104156,2424.969970703125,,
SSN_sf1,single,B1,0.1,0.4,17,80223,93506.4935064935,1.1655821087031586,385,385,0.2787541598081589,2414.89453125,,
SSN_sf1,single,B1,0.1,0.4,18,79865,72727.27272727272,1.0981437500000002,385,385,0.2793222665786743,2397.300048828125,,
SSN_sf1,single,B1,0.1,0.4,19,80240,83116.88311688311,1.0358534785254625,385,385,0.2798140048980713,2406.469482421875,,
SSN_sf1,single,B1,0.1,0.4,20,79796,99740.25974025973,1.2499405952711882,385,385,0.27860701084136963,2398.335693359375,,
SSN_sf1,single,B1,0.1,0.4,21,79914,66493.50649350649,1.201831640625,385,385,0.28101634234189987,2417.0595703125,,
SSN_sf1,single,B1,0.1,0.4,22,79694,66493.50649350649,1.198523046875,385,385,0.29844697564840317,2429.091552734375,,
SSN_sf1,single,B1,0.1,0.4,23,79941,87272.72727272726,1.0917142301538292,385,385,0.28092600405216217,2410.295166015625,,
SSN_sf1,single,B1,0.1,0.4,24,80425,74805.1948051948,1.0751258680555555,385,385,0.2811849117279053,2403.69384765625,,
SSN_sf1,single,B1,0.1,0.4,25,80155,72727.27272727272,1.10213125,385,385,0.2779727801680565,2415.615478515625,,
SSN_sf1,single,B1,0.1,0.4,26,80581,66493.50649350649,1.2118626953125,385,385,0.28132274746894836,2410.361572265625,,
SSN_sf1,single,B1,0.1,0.4,27,80323,93506.4935064935,1.1641309899592085,385,385,0.2905065193772316,2409.744873046875,,
SSN_sf1,single,B1,0.1,0.4,28,80336,62337.66233766233,1.2887233333333334,385,385,0.2804351970553398,2416.355224609375,,
SSN_sf1,single,B1,0.1,0.4,29,79857,101818.18181818181,1.2750063465717696,385,385,0.2791052684187889,2413.7998046875,,
SSN_sf1,single,B1,0.1,0.4,30,80593,85194.80519480519,1.057099316253337,385,385,0.2797124907374382,2414.003662109375,,
SSN_sf1,single,B1,0.1,0.4,31,79633,58181.81818181818,1.3686921875000002,385,385,0.2792421728372574,2423.02294921875,,
SSN_sf1,single,B1,0.1,0.4,32,78443,76883.11688311688,1.0202890202702704,385,385,0.2812035381793976,2411.959716796875,,
SSN_sf1,single,B1,0.1,0.4,33,80057,78961.03896103895,1.0138797697368422,385,385,0.27977675199508667,2407.8408203125,,
SSN_sf1,single,B1,0.1,0.4,34,79717,89350.64935064934,1.1208481170973486,385,385,0.28124451637268066,2418.83740234375,,
SSN_sf1,single,B1,0.1,0.4,35,80750,62337.66233766233,1.2953645833333334,385,385,0.28117746114730835,2421.098876953125,,
SSN_sf1,single,B1,0.1,0.4,36,80398,99740.25974025973,1.2405813545145368,385,385,0.2917870879173279,2419.368408203125,,
SSN_sf1,single,B1,0.1,0.4,37,80161,70649.35064935064,1.1346318014705883,385,385,0.280267558991909,2404.954345703125,,
SSN_sf1,single,B1,0.1,0.4,38,79716,74805.1948051948,1.0656479166666668,385,385,0.27902424335479736,2403.22119140625,,
SSN_sf1,single,B1,0.1,0.4,39,80537,78961.03896103895,1.0199587171052633,385,385,0.2813497558236122,2409.2548828125,,
SSN_sf1,single,B1,0.1,0.4,40,80642,62337.66233766233,1.2936320833333335,385,385,0.28384197503328323,2404.599609375,,
SSN_sf1,single,B1,0.1,0.4,41,79649,58181.81818181818,1.3689671875,385,385,0.28034206479787827,2402.737548828125,,
SSN_sf1,single,B1,0.1,0.4,42,80488,62337.66233766233,1.2911616666666668,385,385,0.2853376790881157,2408.29833984375,,
SSN_sf1,single,B1,0.1,0.4,43,80441,74805.1948051948,1.0753397569444445,385,385,0.27417484670877457,2406.5947265625,,
SSN_sf1,single,B1,0.1,0.4,44,81079,70649.35064935064,1.1476255514705884,385,385,0.2949303016066551,2400.723388671875,,
SSN_sf1,single,B1,0.1,0.4,45,80320,83116.88311688311,1.034821751953226,385,385,0.284513458609581,2405.5771484375,,
SSN_sf1,single,B1,0.1,0.4,46,79726,83116.88311688311,1.0425317100680218,385,385,0.27955230325460434,2416.592041015625,,
SSN_sf1,single,B1,0.1,0.4,47,80096,87272.72727272726,1.0896015690262593,385,385,0.27969013899564743,2413.38525390625,,
SSN_sf1,single,B1,0.1,0.4,48,80500,83116.88311688311,1.0325078648060013,385,385,0.2806857228279114,2411.30859375,,
SSN_sf1,single,B1,0.1,0.4,49,79926,99740.25974025973,1.2479075612474004,385,385,0.27954578399658203,2401.558349609375,,
SSN_sf1,single,B1,0.1,0.4,50,79997,87728.45953002611,1.0966468683828907,383,383,0.2893870696425438,2410.93798828125,,
SSN_sf1,single,B1,0.1,0.4,51,80186,83550.9138381201,1.0419638570089556,383,383,0.29413681477308273,2397.735107421875,,
SSN_sf1,single,B1,0.1,0.4,52,79945,62663.185378590075,1.2757889583333335,383,383,0.2825651317834854,2407.447021484375,,
SSN_sf1,single,B1,0.1,0.4,53,80489,81462.1409921671,1.0120903600761235,383,383,0.2773301675915718,2405.4951171875,,
SSN_sf1,single,B1,0.1,0.4,54,79518,98172.32375979112,1.2345924666087065,383,383,0.2793828025460243,2408.4306640625,,
SSN_sf1,single,B1,0.1,0.4,55,80317,89817.23237597912,1.118284203543199,383,383,0.27883704751729965,2420.774658203125,,
SSN_sf1,single,B1,0.1,0.4,56,79774,75195.8224543081,1.0608834027777776,383,383,0.278964638710022,2400.407470703125,,
SSN_sf1,single,B1,0.1,0.4,57,80541,68929.50391644909,1.168454659090909,383,383,0.2798940986394882,2404.933837890625,,
SSN_sf1,single,B1,0.1,0.4,58,80221,50130.54830287206,1.6002418229166666,383,383,0.28539448976516724,2414.735595703125,,
SSN_sf1,single,B1,0.1,0.4,59,80818,79373.3681462141,1.0182004605263157,383,383,0.28117652982473373,2426.36328125,,
SSN_sf1,single,B1,0.1,0.4,60,79394,73107.0496083551,1.0859964999999998,383,383,0.2753930166363716,2405.39501953125,,
SSN_sf1,single,B1,0.1,0.4,61,79954,64751.95822454308,1.2347734677419355,383,383,0.2892743796110153,2413.86572265625,,
SSN_sf1,single,B1,0.1,0.4,62,80433,83550.9138381201,1.0387641122191154,383,383,0.2749413251876831,2396.11572265625,,
SSN_sf1,single,B1,0.1,0.4,63,80284,87728.45953002611,1.0927265648202147,383,383,0.28389785438776016,2407.5595703125,,
SSN_sf1,single,B1,0.1,0.4,64,79806,73107.0496083551,1.0916320714285714,383,383,0.27774833142757416,2416.08544921875,,
SSN_sf1,single,B1,0.1,0.4,65,80867,56396.86684073107,1.433891712962963,383,383,0.2748984843492508,2407.984375,,
SSN_sf1,single,B1,0.1,0.4,66,79808,91906.00522193211,1.15158887858275,383,383,0.27845147997140884,2407.323486328125,,
SSN_sf1,single,B1,0.1,0.4,67,80672,73107.0496083551,1.1034777142857142,383,383,0.276993028819561,2415.5986328125,,
SSN_sf1,single,B1,0.1,0.4,68,79479,87728.45953002611,1.1037942038780824,383,383,0.27852319180965424,2414.370849609375,,
SSN_sf1,single,B1,0.1,0.4,69,79348,73107.0496083551,1.0853672857142855,383,383,0.2750558778643608,2400.36474609375,,
SSN_sf1,single,B1,0.1,0.4,70,80587,85639.68668407311,1.0626985330645526,383,383,0.2773124724626541,2413.7861328125,,
SSN_sf1,single,B1,0.1,0.4,71,80514,71018.27676240209,1.1337081617647058,383,383,0.2799825742840767,2407.453857421875,,
SSN_sf1,single,B1,0.1,0.4,72,80626,98172.32375979112,1.2176261225881368,383,383,0.27719978243112564,2407.4296875,,
SSN_sf1,single,B1,0.1,0.4,73,79927,81462.1409921671,1.0192067885966831,383,383,0.2737967297434807,2415.9892578125,,
SSN_sf1,single,B1,0.1,0.4,74,80225,98172.32375979112,1.2237123559961498,383,383,0.2775713801383972,2420.55322265625,,
SSN_sf1,single,B1,0.1,0.4,75,80303,60574.41253263708,1.3256917672413793,383,383,0.272996723651886,2405.794189453125,,
SSN_sf1,single,B1,0.1,0.4,76,79831,81462.1409921671,1.0204324259018063,383,383,0.2826293930411339,2418.671630859375,,
SSN_sf1,single,B1,0.1,0.4,77,80026,98172.32375979112,1.2267553515081489,383,383,0.2819038927555084,2414.67822265625,,
SSN_sf1,single,B1,0.1,0.4,78,79867,93994.77806788511,1.176891307647528,383,383,0.2806270495057106,2407.571044921875,,
SSN_sf1,single,B1,0.1,0.4,79,80802,71018.27676240209,1.1377634558823528,383,383,0.27809664607048035,2401.757080078125,,
SSN_sf1,single,B1,0.1,0.4,80,80430,100261.09660574413,1.246563429140173,383,383,0.2872711047530174,2416.351806640625,,
SSN_sf1,single,B1,0.1,0.4,81,80145,91906.00522193211,1.1467465870850597,383,383,0.2760887145996094,2415.6318359375,,
SSN_sf1,single,B1,0.1,0.4,82,79493,64751.95822454308,1.2276539919354839,383,383,0.27435366064310074,2416.5380859375,,
SSN_sf1,single,B1,0.1,0.4,83,80367,64751.95822454308,1.2411516532258065,383,383,0.2775173634290695,2405.50341796875,,
SSN_sf1,single,B1,0.1,0.4,84,80211,83550.9138381201,1.0416390998506453,383,383,0.27602072805166245,2416.745361328125,,
SSN_sf1,single,B1,0.1,0.4,85,80008,79373.3681462141,1.0079955263157896,383,383,0.2746162936091423,2415.341552734375,,
SSN_sf1,single,B1,0.1,0.4,86,80158,71018.27676240209,1.1286953676470588,383,383,0.28105173259973526,2419.64013671875,,
SSN_sf1,single,B1,0.1,0.4,87,80124,81462.1409921671,1.0167008760442202,383,383,0.2777883782982826,2413.607666015625,,
SSN_sf1,single,B1,0.1,0.4,88,80097,79373.3681462141,1.0091168092105263,383,383,0.27646590024232864,2401.546142578125,,
SSN_sf1,single,B1,0.1,0.4,89,80309,73107.0496083551,1.0985123928571427,383,383,0.2746628597378731,2408.7880859375,,
SSN_sf1,single,B1,0.1,0.4,90,79798,75195.8224543081,1.0612025694444442,383,383,0.2800263464450836,2404.21630859375,,
SSN_sf1,single,B1,0.1,0.4,91,79913,91906.00522193211,1.1500757726769375,383,383,0.2836938947439194,2405.9111328125,,
SSN_sf1,single,B1,0.1,0.4,92,80366,91906.00522193211,1.14359312671941,383,383,0.27588196098804474,2411.747314453125,,
SSN_sf1,single,B1,0.1,0.4,93,79361,96083.55091383812,1.2107149722639345,383,383,0.2778228372335434,2391.813720703125,,
SSN_sf1,single,B1,0.1,0.4,94,79432,77284.59530026109,1.0277856756756758,383,383,0.27790945023298264,2402.609375,,
SSN_sf1,single,B1,0.1,0.4,95,79583,100261.09660574413,1.2598305744410756,383,383,0.27772318571805954,2402.895751953125,,
SSN_sf1,single,B1,0.1,0.4,96,79236,68929.50391644909,1.1495222727272727,383,383,0.27732737362384796,2406.312255859375,,
SSN_sf1,single,B1,0.1,0.4,97,79987,77284.59530026109,1.0349669256756757,383,383,0.2763187512755394,2415.85498046875,,
SSN_sf1,single,B1,0.1,0.4,98,80744,60574.41253263708,1.3329720689655171,383,383,0.29068533331155777,2409.00390625,,
SSN_sf1,single,B1,0.1,0.4,99,79251,89817.23237597912,1.1333261709754971,383,383,0.2777092158794403,2410.114501953125,,
SSN_sf1,single,B1,0.1,0.5,0,79701,64415.58441558441,1.23729375,385,385,0.3716032952070236,2406.808837890625,,
SSN_sf1,single,B1,0.1,0.5,1,79188,81038.96103896103,1.0233742617437116,385,385,0.3073131665587425,2401.78076171875,,
SSN_sf1,single,B1,0.1,0.5,2,80829,74805.1948051948,1.0805265625,385,385,0.2959389239549637,2414.313232421875,,
SSN_sf1,single,B1,0.1,0.5,3,79760,83116.88311688311,1.0420873008636298,385,385,0.3009149804711342,2405.763916015625,,
SSN_sf1,single,B1,0.1,0.5,4,80071,93506.4935064935,1.1677947509896653,385,385,0.29285624623298645,2409.597900390625,,
SSN_sf1,single,B1,0.1,0.5,5,80452,76883.11688311688,1.0464195945945947,385,385,0.2892604097723961,2407.130859375,,
SSN_sf1,single,B1,0.1,0.5,6,80125,87272.72727272726,1.0892072046518224,385,385,0.2839304506778717,2408.077880859375,,
SSN_sf1,single,B1,0.1,0.5,7,80076,60259.740259740254,1.3288474137931037,385,385,0.2805599942803383,2399.599365234375,,
SSN_sf1,single,B1,0.1,0.5,8,80283,78961.03896103895,1.0167419407894738,385,385,0.27948804199695587,2417.369140625,,
SSN_sf1,single,B1,0.1,0.5,9,79988,72727.27272727272,1.0998350000000001,385,385,0.2833344042301178,2406.737060546875,,
SSN_sf1,single,B1,0.1,0.5,10,79307,76883.11688311688,1.0315268581081083,385,385,0.28027407824993134,2418.293701171875,,
SSN_sf1,single,B1,0.1,0.5,11,79822,97662.33766233765,1.2235015116426255,385,385,0.2806400880217552,2406.14404296875,,
SSN_sf1,single,B1,0.1,0.5,12,80696,78961.03896103895,1.0219723684210527,385,385,0.2793259918689728,2419.271484375,,
SSN_sf1,single,B1,0.1,0.5,13,80464,56103.8961038961,1.4341962962962964,385,385,0.281299464404583,2402.0400390625,,
SSN_sf1,single,B1,0.1,0.5,14,80411,78961.03896103895,1.0183629934210527,385,385,0.2772165462374687,2418.31396484375,,
SSN_sf1,single,B1,0.1,0.5,15,80272,85194.80519480519,1.0613265546492574,385,385,0.2777688205242157,2416.322265625,,
SSN_sf1,single,B1,0.1,0.5,16,80048,85194.80519480519,1.064296487042839,385,385,0.29941461980342865,2424.969970703125,,
SSN_sf1,single,B1,0.1,0.5,17,80223,85194.80519480519,1.0619748101517668,385,385,0.2816673368215561,2414.89453125,,
SSN_sf1,single,B1,0.1,0.5,18,79865,83116.88311688311,1.0407172493192651,385,385,0.2809576690196991,2397.300048828125,,
SSN_sf1,single,B1,0.1,0.5,19,80240,81038.96103896103,1.0099571415623259,385,385,0.2790810540318489,2406.469482421875,,
SSN_sf1,single,B1,0.1,0.5,20,79796,81038.96103896103,1.0155767336578403,385,385,0.27723051607608795,2398.335693359375,,
SSN_sf1,single,B1,0.1,0.5,21,79914,76883.11688311688,1.0394219594594596,385,385,0.2795020118355751,2417.0595703125,,
SSN_sf1,single,B1,0.1,0.5,22,79694,72727.27272727272,1.0957925000000002,385,385,0.28007570654153824,2429.091552734375,,
SSN_sf1,single,B1,0.1,0.5,23,79941,74805.1948051948,1.0686557291666667,385,385,0.27554668486118317,2410.295166015625,,
SSN_sf1,single,B1,0.1,0.5,24,80425,87272.72727272726,1.0851442620171248,385,385,0.27792248874902725,2403.69384765625,,
SSN_sf1,single,B1,0.1,0.5,25,80155,85194.80519480519,1.0628757431826485,385,385,0.27340371161699295,2415.615478515625,,
SSN_sf1,single,B1,0.1,0.5,26,80581,95584.41558441558,1.1861904863977313,385,385,0.27766916900873184,2410.361572265625,,
SSN_sf1,single,B1,0.1,0.5,27,80323,85194.80519480519,1.0606526797406122,385,385,0.27748197317123413,2409.744873046875,,
SSN_sf1,single,B1,0.1,0.5,28,80336,49870.129870129866,1.6109041666666668,385,385,0.2768421545624733,2416.355224609375,,
SSN_sf1,single,B1,0.1,0.5,29,79857,45714.28571428571,1.746871875,385,385,0.277666375041008,2413.7998046875,,
SSN_sf1,single,B1,0.1,0.5,30,80593,112207.7922077922,1.3922771482361023,385,385,0.28666015714406967,2414.003662109375,,
SSN_sf1,single,B1,0.1,0.5,31,79633,70649.35064935064,1.1271582720588236,385,385,0.27846451848745346,2423.02294921875,,
SSN_sf1,single,B1,0.1,0.5,32,78443,72727.27272727272,1.0785912500000001,385,385,0.28266478329896927,2411.959716796875,,
SSN_sf1,single,B1,0.1,0.5,33,80057,83116.88311688311,1.038221306280314,385,385,0.2860678359866142,2407.8408203125,,
SSN_sf1,single,B1,0.1,0.5,34,79717,72727.27272727272,1.0961087500000002,385,385,0.2818554639816284,2418.83740234375,,
SSN_sf1,single,B1,0.1,0.5,35,80750,87272.72727272726,1.0807768083309879,385,385,0.27842726558446884,2421.098876953125,,
SSN_sf1,single,B1,0.1,0.5,36,80398,76883.11688311688,1.04571722972973,385,385,0.2803150564432144,2419.368408203125,,
SSN_sf1,single,B1,0.1,0.5,37,80161,81038.96103896103,1.010952471138846,385,385,0.27490779757499695,2404.954345703125,,
SSN_sf1,single,B1,0.1,0.5,38,79716,76883.11688311688,1.0368466216216217,385,385,0.27954205870628357,2403.22119140625,,
SSN_sf1,single,B1,0.1,0.5,39,80537,74805.1948051948,1.0766230902777778,385,385,0.2766568213701248,2409.2548828125,,
SSN_sf1,single,B1,0.1,0.5,40,80642,85194.80519480519,1.0564569975298874,385,385,0.2800803631544113,2404.599609375,,
SSN_sf1,single,B1,0.1,0.5,41,79649,89350.64935064934,1.1218050364806758,385,385,0.28605759143829346,2402.737548828125,,
SSN_sf1,single,B1,0.1,0.5,42,80488,78961.03896103895,1.019338157894737,385,385,0.27954578399658203,2408.29833984375,,
SSN_sf1,single,B1,0.1,0.5,43,80441,66493.50649350649,1.2097572265625,385,385,0.2802833914756775,2406.5947265625,,
SSN_sf1,single,B1,0.1,0.5,44,81079,66493.50649350649,1.2193521484375,385,385,0.2829842269420624,2400.723388671875,,
SSN_sf1,single,B1,0.1,0.5,45,80320,51948.05194805194,1.5461600000000002,385,385,0.27576275169849396,2405.5771484375,,
SSN_sf1,single,B1,0.1,0.5,46,79726,95584.41558441558,1.1989114665782252,385,385,0.2759881317615509,2416.592041015625,,
SSN_sf1,single,B1,0.1,0.5,47,80096,85194.80519480519,1.063658674525634,385,385,0.27811992913484573,2413.38525390625,,
SSN_sf1,single,B1,0.1,0.5,48,80500,72727.27272727272,1.106875,385,385,0.27994997799396515,2411.30859375,,
SSN_sf1,single,B1,0.1,0.5,49,79926,81038.96103896103,1.013924893513513,385,385,0.27584657073020935,2401.558349609375,,
SSN_sf1,single,B1,0.1,0.5,50,79997,77284.59530026109,1.0350963175675676,383,383,0.2965368330478668,2410.93798828125,,
SSN_sf1,single,B1,0.1,0.5,51,80186,81462.1409921671,1.0159147605837315,383,383,0.28406456112861633,2397.735107421875,,
SSN_sf1,single,B1,0.1,0.5,52,79945,68929.50391644909,1.159808143939394,383,383,0.29641762375831604,2407.447021484375,,
SSN_sf1,single,B1,0.1,0.5,53,80489,64751.95822454308,1.2430357661290323,383,383,0.2788286656141281,2405.4951171875,,
SSN_sf1,single,B1,0.1,0.5,54,79518,81462.1409921671,1.0244490680370117,383,383,0.2780761569738388,2408.4306640625,,
SSN_sf1,single,B1,0.1,0.5,55,80317,91906.00522193211,1.1442908129279243,383,383,0.27774274349212646,2420.774658203125,,
SSN_sf1,single,B1,0.1,0.5,56,79774,83550.9138381201,1.047345173090482,383,383,0.27729663997888565,2400.407470703125,,
SSN_sf1,single,B1,0.1,0.5,57,80541,68929.50391644909,1.168454659090909,383,383,0.27628615498542786,2404.933837890625,,
SSN_sf1,single,B1,0.1,0.5,58,80221,75195.8224543081,1.0668278819444443,383,383,0.28510764241218567,2414.735595703125,,
SSN_sf1,single,B1,0.1,0.5,59,80818,62663.185378590075,1.2897205833333334,383,383,0.2752430737018585,2426.36328125,,
SSN_sf1,single,B1,0.1,0.5,60,79394,71018.27676240209,1.1179375735294117,383,383,0.2759890630841255,2405.39501953125,,
SSN_sf1,single,B1,0.1,0.5,61,79954,71018.27676240209,1.1258228676470587,383,383,0.2747317776083946,2413.86572265625,,
SSN_sf1,single,B1,0.1,0.5,62,80433,89817.23237597912,1.116671420635549,383,383,0.27427729219198227,2396.11572265625,,
SSN_sf1,single,B1,0.1,0.5,63,80284,73107.0496083551,1.0981704285714284,383,383,0.27514155954122543,2407.5595703125,,
SSN_sf1,single,B1,0.1,0.5,64,79806,66840.73107049608,1.193972578125,383,383,0.2725096419453621,2416.08544921875,,
SSN_sf1,single,B1,0.1,0.5,65,80867,85639.68668407311,1.0590189655121756,383,383,0.27475785464048386,2407.984375,,
SSN_sf1,single,B1,0.1,0.5,66,79808,71018.27676240209,1.1237670588235293,383,383,0.27296505868434906,2407.323486328125,,
SSN_sf1,single,B1,0.1,0.5,67,80672,64751.95822454308,1.245861935483871,383,383,0.27553364634513855,2415.5986328125,,
SSN_sf1,single,B1,0.1,0.5,68,79479,73107.0496083551,1.0871591785714285,383,383,0.28529856353998184,2414.370849609375,,
SSN_sf1,single,B1,0.1,0.5,69,79348,85639.68668407311,1.0792923159257084,383,383,0.2767574042081833,2400.36474609375,,
SSN_sf1,single,B1,0.1,0.5,70,80587,96083.55091383812,1.1922959151455956,383,383,0.2787085250020027,2413.7861328125,,
SSN_sf1,single,B1,0.1,0.5,71,80514,71018.27676240209,1.1337081617647058,383,383,0.29053911566734314,2407.453857421875,,
SSN_sf1,single,B1,0.1,0.5,72,80626,77284.59530026109,1.0432350675675677,383,383,0.2824515104293823,2407.4296875,,
SSN_sf1,single,B1,0.1,0.5,73,79927,73107.0496083551,1.0932871785714284,383,383,0.2781730145215988,2415.9892578125,,
SSN_sf1,single,B1,0.1,0.5,74,80225,71018.27676240209,1.1296387867647057,383,383,0.27315691113471985,2420.55322265625,,
SSN_sf1,single,B1,0.1,0.5,75,80303,75195.8224543081,1.0679183680555555,383,383,0.2765525132417679,2405.794189453125,,
SSN_sf1,single,B1,0.1,0.5,76,79831,81462.1409921671,1.0204324259018063,383,383,0.2772500738501549,2418.671630859375,,
SSN_sf1,single,B1,0.1,0.5,77,80026,83550.9138381201,1.0440471076665097,383,383,0.27804262936115265,2414.67822265625,,
SSN_sf1,single,B1,0.1,0.5,78,79867,87728.45953002611,1.0984318871376928,383,383,0.27650780975818634,2407.571044921875,,
SSN_sf1,single,B1,0.1,0.5,79,80802,77284.59530026109,1.045512364864865,383,383,0.27849432080984116,2401.757080078125,,
SSN_sf1,single,B1,0.1,0.5,80,80430,85639.68668407311,1.0647729290572312,383,383,0.2780593931674957,2416.351806640625,,
SSN_sf1,single,B1,0.1,0.5,81,80145,79373.3681462141,1.0097215460526316,383,383,0.27710478752851486,2415.6318359375,,
SSN_sf1,single,B1,0.1,0.5,82,79493,68929.50391644909,1.1532507196969697,383,383,0.272875651717186,2416.5380859375,,
SSN_sf1,single,B1,0.1,0.5,83,80367,62663.185378590075,1.282523375,383,383,0.27659349143505096,2405.50341796875,,
SSN_sf1,single,B1,0.1,0.5,84,80211,77284.59530026109,1.0378653040540542,383,383,0.27572549879550934,2416.745361328125,,
SSN_sf1,single,B1,0.1,0.5,85,80008,75195.8224543081,1.0639952777777777,383,383,0.2781404182314873,2415.341552734375,,
SSN_sf1,single,B1,0.1,0.5,86,80158,73107.0496083551,1.0964469285714284,383,383,1.715029589831829,2419.64013671875,,
SSN_sf1,single,B1,0.1,0.5,87,80124,73107.0496083551,1.095981857142857,383,383,1.6339980065822601,2413.607666015625,,
SSN_sf1,single,B1,0.1,0.5,88,80097,89817.23237597912,1.1213557608397209,383,383,0.7679006084799767,2401.546142578125,,
SSN_sf1,single,B1,0.1,0.5,89,80309,93994.77806788511,1.17041400176674,383,383,0.7081963121891022,2408.7880859375,,
SSN_sf1,single,B1,0.1,0.5,90,79798,62663.185378590075,1.2734430833333334,383,383,0.6891116499900818,2404.21630859375,,
SSN_sf1,single,B1,0.1,0.5,91,79913,79373.3681462141,1.0067986513157896,383,383,0.6806822493672371,2405.9111328125,,
SSN_sf1,single,B1,0.1,0.5,92,80366,83550.9138381201,1.0396301151994638,383,383,0.6752954795956612,2411.747314453125,,
SSN_sf1,single,B1,0.1,0.5,93,79361,81462.1409921671,1.0264757373542055,383,383,0.7091090083122253,2391.813720703125,,
SSN_sf1,single,B1,0.1,0.5,94,79432,85639.68668407311,1.0781509553337838,383,383,0.7134173065423965,2402.609375,,
SSN_sf1,single,B1,0.1,0.5,95,79583,87728.45953002611,1.1023517526359412,383,383,0.675709918141365,2402.895751953125,,
SSN_sf1,single,B1,0.1,0.5,96,79236,68929.50391644909,1.1495222727272727,383,383,0.6661592051386833,2406.312255859375,,
SSN_sf1,single,B1,0.1,0.5,97,79987,87728.45953002611,1.0967839715206986,383,383,0.6585782393813133,2415.85498046875,,
SSN_sf1,single,B1,0.1,0.5,98,80744,87728.45953002611,1.0865012822008584,383,383,0.6628520786762238,2409.00390625,,
SSN_sf1,single,B1,0.1,0.5,99,79251,64751.95822454308,1.2239166532258066,383,383,0.6638858467340469,2410.114501953125,,
SSN_sf1,single,B1,0.3,0.1,0,240060,226493.5064935065,1.0598979357798166,385,385,0.9194454178214073,2469.048828125,,
SSN_sf1,single,B1,0.3,0.1,1,239117,241038.96103896102,1.0080377431925,385,385,0.74041448533535,2464.990966796875,,
SSN_sf1,single,B1,0.3,0.1,2,241253,243116.8831168831,1.0077258443081873,385,385,0.7208231836557388,2476.680908203125,,
SSN_sf1,single,B1,0.3,0.1,3,239652,222337.6623376623,1.077874065420561,385,385,0.6903083994984627,2467.472900390625,,
SSN_sf1,single,B1,0.3,0.1,4,239541,255584.41558441555,1.0669756558769294,385,385,0.6987918168306351,2472.14306640625,,
SSN_sf1,single,B1,0.3,0.1,5,239963,218181.81818181818,1.0998304166666666,385,385,0.7273303344845772,2469.8857421875,,
SSN_sf1,single,B1,0.3,0.1,6,239862,249350.64935064933,1.0395587852625647,385,385,0.6764857098460197,2469.498779296875,,
SSN_sf1,single,B1,0.3,0.1,7,240573,288831.1688311688,1.2005967786541665,385,385,0.6669536232948303,2461.9697265625,,
SSN_sf1,single,B1,0.3,0.1,8,240842,224415.5844155844,1.0731964120370372,385,385,0.6724651902914047,2479.946533203125,,
SSN_sf1,single,B1,0.3,0.1,9,239552,253506.49350649348,1.0582524608706814,385,385,0.6608972325921059,2468.16796875,,
SSN_sf1,single,B1,0.3,0.1,10,240627,230649.3506493506,1.043258952702703,385,385,0.6642378866672516,2480.854248046875,,
SSN_sf1,single,B1,0.3,0.1,11,240716,234805.1948051948,1.0251732300884957,385,385,0.6692474707961082,2471.386962890625,,
SSN_sf1,single,B1,0.3,0.1,12,240658,259740.25974025973,1.0792920232872363,385,385,0.656898133456707,2480.71875,,
SSN_sf1,single,B1,0.3,0.1,13,240295,249350.64935064933,1.0376855504719171,385,385,0.6641419604420662,2463.384521484375,,
SSN_sf1,single,B1,0.3,0.1,14,241383,280519.4805194805,1.1621343695267707,385,385,0.6396882236003876,2481.130615234375,,
SSN_sf1,single,B1,0.3,0.1,15,239323,228571.42857142855,1.047038125,385,385,0.5909325554966927,2477.686279296875,,
SSN_sf1,single,B1,0.3,0.1,16,240599,201558.44155844155,1.1936934922680413,385,385,0.597524456679821,2486.618408203125,,
SSN_sf1,single,B1,0.3,0.1,17,239626,241038.96103896102,1.0058965264160025,385,385,0.5926042795181274,2476.636962890625,,
SSN_sf1,single,B1,0.3,0.1,18,240154,228571.42857142855,1.05067375,385,385,0.5901698023080826,2459.00634765625,,
SSN_sf1,single,B1,0.3,0.1,19,239747,255584.41558441555,1.0660588686591095,385,385,0.589798204600811,2468.158203125,,
SSN_sf1,single,B1,0.3,0.1,20,240212,236883.11688311686,1.014052850877193,385,385,0.5901437252759933,2460.22900390625,,
SSN_sf1,single,B1,0.3,0.1,21,239941,245194.80519480517,1.0218962378034815,385,385,0.5965996533632278,2479.81884765625,,
SSN_sf1,single,B1,0.3,0.1,22,240117,228571.42857142855,1.0505118750000002,385,385,0.5933595821261406,2491.71484375,,
SSN_sf1,single,B1,0.3,0.1,23,239593,241038.96103896102,1.0060350721388396,385,385,0.6096428260207176,2471.685302734375,,
SSN_sf1,single,B1,0.3,0.1,24,240080,236883.11688311686,1.013495614035088,385,385,0.6253207102417946,2465.6025390625,,
SSN_sf1,single,B1,0.3,0.1,25,240395,207792.20779220777,1.1569009375000001,385,385,0.5975067615509033,2477.43115234375,,
SSN_sf1,single,B1,0.3,0.1,26,239595,230649.3506493506,1.0387846283783786,385,385,0.594370998442173,2472.818115234375,,
SSN_sf1,single,B1,0.3,0.1,27,240149,292987.012987013,1.220021790584233,385,385,0.5991645157337189,2471.71142578125,,
SSN_sf1,single,B1,0.3,0.1,28,240021,218181.81818181818,1.10009625,385,385,0.5980674177408218,2478.885986328125,,
SSN_sf1,single,B1,0.3,0.1,29,240438,257662.33766233764,1.0716373354558666,385,385,0.5939658731222153,2476.515869140625,,
SSN_sf1,single,B1,0.3,0.1,30,240238,253506.49350649348,1.0552306192463037,385,385,0.5893753841519356,2476.2900390625,,
SSN_sf1,single,B1,0.3,0.1,31,240672,232727.2727272727,1.0341375000000002,385,385,0.5532139912247658,2484.943603515625,,
SSN_sf1,single,B1,0.3,0.1,32,239558,238961.03896103892,1.0024981521739131,385,385,0.535840168595314,2477.151123046875,,
SSN_sf1,single,B1,0.3,0.1,33,239961,226493.5064935065,1.0594608371559633,385,385,0.538581982254982,2470.03857421875,,
SSN_sf1,single,B1,0.3,0.1,34,240494,211948.05194805193,1.1346837009803923,385,385,0.554780475795269,2481.795654296875,,
SSN_sf1,single,B1,0.3,0.1,35,239731,251428.57142857142,1.0487945715346427,385,385,0.5409028381109238,2482.486572265625,,
SSN_sf1,single,B1,0.3,0.1,36,240915,249350.64935064933,1.0350150441053871,385,385,0.5401484668254852,2481.1533203125,,
SSN_sf1,single,B1,0.3,0.1,37,239376,228571.42857142855,1.0472700000000001,385,385,0.54140854626894,2466.4365234375,,
SSN_sf1,single,B1,0.3,0.1,38,239794,220259.74025974024,1.0886873820754719,385,385,0.5434108898043633,2465.4765625,,
SSN_sf1,single,B1,0.3,0.1,39,239902,245194.80519480517,1.022062363776897,385,385,0.5434667691588402,2471.21826171875,,
SSN_sf1,single,B1,0.3,0.1,40,240665,226493.5064935065,1.0625690940366972,385,385,0.5359770730137825,2466.75048828125,,
SSN_sf1,single,B1,0.3,0.1,41,240653,224415.5844155844,1.0723542245370372,385,385,0.5768882110714912,2464.959716796875,,
SSN_sf1,single,B1,0.3,0.1,42,239769,251428.57142857142,1.0486283524082405,385,385,0.5419338122010231,2470.51806640625,,
SSN_sf1,single,B1,0.3,0.1,43,239410,245194.80519480517,1.0241627550846046,385,385,0.568704679608345,2468.96044921875,,
SSN_sf1,single,B1,0.3,0.1,44,241275,251428.57142857142,1.0420829817783501,385,385,0.535646453499794,2461.96826171875,,
SSN_sf1,single,B1,0.3,0.1,45,239347,259740.25974025973,1.0852037407624067,385,385,0.537090003490448,2466.659423828125,,
SSN_sf1,single,B1,0.3,0.1,46,239743,236883.11688311686,1.0120729714912282,385,385,0.5374401807785034,2478.531982421875,,
SSN_sf1,single,B1,0.3,0.1,47,240680,220259.74025974024,1.0927099056603775,385,385,0.5374858155846596,2474.800048828125,,
SSN_sf1,single,B1,0.3,0.1,48,239699,257662.33766233764,1.0749412290511753,385,385,0.549796037375927,2472.973876953125,,
SSN_sf1,single,B1,0.3,0.1,49,240100,243116.8831168831,1.012565110857489,385,385,0.5375668406486511,2463.482177734375,,
SSN_sf1,single,B1,0.3,0.1,50,240730,268062.82722513087,1.1135414249371947,382,382,0.5673198029398918,2472.79296875,,
SSN_sf1,single,B1,0.3,0.1,51,241152,259685.86387434552,1.0768555262836117,382,382,0.5306396633386612,2460.302490234375,,
SSN_sf1,single,B1,0.3,0.1,52,239590,224083.76963350782,1.0691983644859815,382,382,0.49669668078422546,2469.251953125,,
SSN_sf1,single,B1,0.3,0.1,53,240755,257591.6230366492,1.0699325996828692,382,382,0.4940349608659744,2466.671875,,
SSN_sf1,single,B1,0.3,0.1,54,239438,238743.45549738218,1.0029091666666667,382,382,0.4821065813302994,2471.278076171875,,
SSN_sf1,single,B1,0.3,0.1,55,240203,253403.1413612565,1.05495410698974,382,382,0.49842335283756256,2483.03076171875,,
SSN_sf1,single,B1,0.3,0.1,56,242303,203141.36125654448,1.192780231958763,382,382,0.4882020875811577,2462.313232421875,,
SSN_sf1,single,B1,0.3,0.1,57,240185,224083.76963350782,1.0718536214953271,382,382,0.4877224564552307,2466.205078125,,
SSN_sf1,single,B1,0.3,0.1,58,240137,230366.49214659684,1.0424128863636364,382,382,0.48836134374141693,2476.102294921875,,
SSN_sf1,single,B1,0.3,0.1,59,240573,245026.1780104712,1.0185107140471756,382,382,0.522916205227375,2487.995849609375,,
SSN_sf1,single,B1,0.3,0.1,60,239139,228272.2513089005,1.0476043348623854,382,382,0.48629753291606903,2467.92578125,,
SSN_sf1,single,B1,0.3,0.1,61,239559,192670.1570680628,1.2433632880434784,382,382,0.48174336552619934,2475.492431640625,,
SSN_sf1,single,B1,0.3,0.1,62,240720,255497.38219895287,1.0613882610458327,382,382,0.4880456253886223,2458.138671875,,
SSN_sf1,single,B1,0.3,0.1,63,239181,234554.9738219895,1.0197225669642858,382,382,0.48956461250782013,2470.154052734375,,
SSN_sf1,single,B1,0.3,0.1,64,239514,232460.73298429316,1.030341756756757,382,382,0.47881342470645905,2478.13232421875,,
SSN_sf1,single,B1,0.3,0.1,65,240625,245026.1780104712,1.0182906099136466,382,382,0.49220025539398193,2470.15087890625,,
SSN_sf1,single,B1,0.3,0.1,66,239691,205235.6020942408,1.167882168367347,382,382,0.4858262836933136,2469.55419921875,,
SSN_sf1,single,B1,0.3,0.1,67,240606,215706.8062827225,1.1154307281553397,382,382,0.49132760614156723,2477.9375,,
SSN_sf1,single,B1,0.3,0.1,68,240117,255497.38219895287,1.0640536996503906,382,382,0.48594456166028976,2477.128662109375,,
SSN_sf1,single,B1,0.3,0.1,69,239954,217801.04712041884,1.1017118750000001,382,382,0.4831543192267418,2463.853759765625,,
SSN_sf1,single,B1,0.3,0.1,70,240553,255497.38219895287,1.0621251125488058,382,382,0.48354919999837875,2476.01806640625,,
SSN_sf1,single,B1,0.3,0.1,71,240968,228272.2513089005,1.0556166972477066,382,382,0.4863915964961052,2469.12890625,,
SSN_sf1,single,B1,0.3,0.1,72,239971,265968.5863874345,1.1083363672586874,382,382,0.4482325166463852,2468.981689453125,,
SSN_sf1,single,B1,0.3,0.1,73,240454,261780.10471204185,1.0886909958330568,382,382,0.4515908658504486,2478.169189453125,,
SSN_sf1,single,B1,0.3,0.1,74,240496,224083.76963350782,1.073241495327103,382,382,0.4499172791838646,2482.03759765625,,
SSN_sf1,single,B1,0.3,0.1,75,240411,245026.1780104712,1.0191970334571678,382,382,0.4497617483139038,2467.140869140625,,
SSN_sf1,single,B1,0.3,0.1,76,240083,245026.1780104712,1.0205894545239405,382,382,0.4467843100428581,2480.80908203125,,
SSN_sf1,single,B1,0.3,0.1,77,240322,261780.10471204185,1.089288973593936,382,382,0.4598572850227356,2477.0361328125,,
SSN_sf1,single,B1,0.3,0.1,78,240809,211518.32460732982,1.138478193069307,382,382,0.45184697955846786,2469.862548828125,,
SSN_sf1,single,B1,0.3,0.1,79,240136,238743.45549738218,1.005832807017544,382,382,0.4871496930718422,2463.5517578125,,
SSN_sf1,single,B1,0.3,0.1,80,241079,268062.82722513087,1.1119293975216873,382,382,0.4582563415169716,2478.36962890625,,
SSN_sf1,single,B1,0.3,0.1,81,241189,238743.45549738218,1.010243399122807,382,382,0.4467340186238289,2477.86376953125,,
SSN_sf1,single,B1,0.3,0.1,82,240401,251308.90052356018,1.0453737735016084,382,382,0.4505179822444916,2479.16943359375,,
SSN_sf1,single,B1,0.3,0.1,83,238679,232460.73298429316,1.0267497522522524,382,382,0.44940970838069916,2466.78466796875,,
SSN_sf1,single,B1,0.3,0.1,84,240469,255497.38219895287,1.0624961313057104,382,382,0.44598057866096497,2478.611083984375,,
SSN_sf1,single,B1,0.3,0.1,85,239760,249214.65968586385,1.039433849206973,382,382,0.45351963490247726,2476.7373046875,,
SSN_sf1,single,B1,0.3,0.1,86,239948,224083.76963350782,1.0707959813084114,382,382,0.4479391500353813,2482.295166015625,,
SSN_sf1,single,B1,0.3,0.1,87,240878,234554.9738219895,1.0269575446428574,382,382,0.4515070468187332,2475.357177734375,,
SSN_sf1,single,B1,0.3,0.1,88,239150,240837.6963350785,1.0070570618234518,382,382,0.4498390480875969,2463.89501953125,,
SSN_sf1,single,B1,0.3,0.1,89,240590,240837.6963350785,1.0010295371174134,382,382,0.45709870755672455,2470.712158203125,,
SSN_sf1,single,B1,0.3,0.1,90,240664,240837.6963350785,1.000721737921245,382,382,0.4467051476240158,2466.227294921875,,
SSN_sf1,single,B1,0.3,0.1,91,239790,263874.3455497382,1.1004393241992503,382,382,0.4478851333260536,2468.0693359375,,
SSN_sf1,single,B1,0.3,0.1,92,241662,211518.32460732982,1.1425109405940594,382,382,0.44797826558351517,2474.3291015625,,
SSN_sf1,single,B1,0.3,0.1,93,239478,242931.93717277484,1.0144227744209273,382,382,0.44791772961616516,2454.861328125,,
SSN_sf1,single,B1,0.3,0.1,94,239859,268062.82722513087,1.1175850279753141,382,382,0.44749025255441666,2464.02001953125,,
SSN_sf1,single,B1,0.3,0.1,95,240360,240837.6963350785,1.0019874202657617,382,382,0.4649283364415169,2464.244873046875,,
SSN_sf1,single,B1,0.3,0.1,96,240484,238743.45549738218,1.0072904385964914,382,382,0.4182681441307068,2468.826416015625,,
SSN_sf1,single,B1,0.3,0.1,97,239193,251308.90052356018,1.050653240368908,382,382,0.42053405195474625,2476.8896484375,,
SSN_sf1,single,B1,0.3,0.1,98,240765,261780.10471204185,1.0872847162670731,382,382,0.420914962887764,2470.693603515625,,
SSN_sf1,single,B1,0.3,0.1,99,239957,232460.73298429316,1.0322474549549552,382,382,0.42242836207151413,2473.044921875,,
SSN_sf1,single,B1,0.3,0.2,0,240060,257662.33766233764,1.0733247424074717,385,385,0.5031656473875046,2469.048828125,,
SSN_sf1,single,B1,0.3,0.2,1,239117,216103.89610389608,1.1064909254807693,385,385,0.48348959535360336,2464.990966796875,,
SSN_sf1,single,B1,0.3,0.2,2,241253,209870.12987012987,1.1495347153465347,385,385,0.4420960322022438,2476.680908203125,,
SSN_sf1,single,B1,0.3,0.2,3,239652,236883.11688311686,1.0116888157894737,385,385,0.43699052184820175,2467.472900390625,,
SSN_sf1,single,B1,0.3,0.2,4,239541,207792.20779220777,1.1527910625000002,385,385,0.4355665296316147,2472.14306640625,,
SSN_sf1,single,B1,0.3,0.2,5,239963,218181.81818181818,1.0998304166666666,385,385,0.4261806607246399,2469.8857421875,,
SSN_sf1,single,B1,0.3,0.2,6,239862,255584.41558441555,1.065547754894129,385,385,0.4288870841264725,2469.498779296875,,
SSN_sf1,single,B1,0.3,0.2,7,240573,245194.80519480517,1.0192116538215226,385,385,0.42809080332517624,2461.9697265625,,
SSN_sf1,single,B1,0.3,0.2,8,240842,209870.12987012987,1.1475763613861387,385,385,0.42433757334947586,2479.946533203125,,
SSN_sf1,single,B1,0.3,0.2,9,239552,259740.25974025973,1.0842750623675015,385,385,0.42374618351459503,2468.16796875,,
SSN_sf1,single,B1,0.3,0.2,10,240627,226493.5064935065,1.0624013188073396,385,385,0.42416807264089584,2480.854248046875,,
SSN_sf1,single,B1,0.3,0.2,11,240716,249350.64935064933,1.035870691398367,385,385,0.42963773012161255,2471.386962890625,,
SSN_sf1,single,B1,0.3,0.2,12,240658,263896.10389610386,1.096560695659832,385,385,0.4217661917209625,2480.71875,,
SSN_sf1,single,B1,0.3,0.2,13,240295,255584.41558441555,1.063627689233715,385,385,0.43167173862457275,2463.384521484375,,
SSN_sf1,single,B1,0.3,0.2,14,241383,232727.2727272727,1.037192578125,385,385,0.44857896864414215,2481.130615234375,,
SSN_sf1,single,B1,0.3,0.2,15,239323,230649.3506493506,1.0376053490990993,385,385,0.42666587978601456,2477.686279296875,,
SSN_sf1,single,B1,0.3,0.2,16,240599,249350.64935064933,1.0363744211349561,385,385,0.4457896575331688,2486.618408203125,,
SSN_sf1,single,B1,0.3,0.2,17,239626,236883.11688311686,1.011579057017544,385,385,0.4231622442603111,2476.636962890625,,
SSN_sf1,single,B1,0.3,0.2,18,240154,243116.8831168831,1.0123374298028895,385,385,0.3948751837015152,2459.00634765625,,
SSN_sf1,single,B1,0.3,0.2,19,239747,232727.2727272727,1.030162890625,385,385,0.39307866245508194,2468.158203125,,
SSN_sf1,single,B1,0.3,0.2,20,240212,201558.44155844155,1.1917734536082474,385,385,0.38927048444747925,2460.22900390625,,
SSN_sf1,single,B1,0.3,0.2,21,239941,228571.42857142855,1.049741875,385,385,0.3940928727388382,2479.81884765625,,
SSN_sf1,single,B1,0.3,0.2,22,240117,220259.74025974024,1.09015383254717,385,385,0.393792986869812,2491.71484375,,
SSN_sf1,single,B1,0.3,0.2,23,239593,234805.1948051948,1.0203905420353983,385,385,0.412539578974247,2471.685302734375,,
SSN_sf1,single,B1,0.3,0.2,24,240080,224415.5844155844,1.069800925925926,385,385,0.3924500197172165,2465.6025390625,,
SSN_sf1,single,B1,0.3,0.2,25,240395,197402.59740259737,1.217790460526316,385,385,0.39332080632448196,2477.43115234375,,
SSN_sf1,single,B1,0.3,0.2,26,239595,222337.6623376623,1.077617698598131,385,385,0.39088912308216095,2472.818115234375,,
SSN_sf1,single,B1,0.3,0.2,27,240149,228571.42857142855,1.050651875,385,385,0.39637088775634766,2471.71142578125,,
SSN_sf1,single,B1,0.3,0.2,28,240021,270129.87012987013,1.125442649309311,385,385,0.38966070860624313,2478.885986328125,,
SSN_sf1,single,B1,0.3,0.2,29,240438,255584.41558441555,1.0629950988796095,385,385,0.39746426045894623,2476.515869140625,,
SSN_sf1,single,B1,0.3,0.2,30,240238,257662.33766233764,1.0725294818568987,385,385,0.39607007056474686,2476.2900390625,,
SSN_sf1,single,B1,0.3,0.2,31,240672,222337.6623376623,1.0824616822429909,385,385,0.39004627615213394,2484.943603515625,,
SSN_sf1,single,B1,0.3,0.2,32,239558,241038.96103896102,1.0061820562826582,385,385,0.4011755809187889,2477.151123046875,,
SSN_sf1,single,B1,0.3,0.2,33,239961,251428.57142857142,1.0477893133824723,385,385,0.415923073887825,2470.03857421875,,
SSN_sf1,single,B1,0.3,0.2,34,240494,259740.25974025973,1.0800280245671814,385,385,0.39709359407424927,2481.795654296875,,
SSN_sf1,single,B1,0.3,0.2,35,239731,251428.57142857142,1.0487945715346427,385,385,0.4031006246805191,2482.486572265625,,
SSN_sf1,single,B1,0.3,0.2,36,240915,251428.57142857142,1.043640169472932,385,385,0.3943648189306259,2481.1533203125,,
SSN_sf1,single,B1,0.3,0.2,37,239376,230649.3506493506,1.0378351351351354,385,385,0.3982381895184517,2466.4365234375,,
SSN_sf1,single,B1,0.3,0.2,38,239794,261818.1818181818,1.0918462589480211,385,385,0.4001334309577942,2465.4765625,,
SSN_sf1,single,B1,0.3,0.2,39,239902,241038.96103896102,1.0047392728654243,385,385,0.39298925548791885,2471.21826171875,,
SSN_sf1,single,B1,0.3,0.2,40,240665,236883.11688311686,1.0159651864035089,385,385,0.3907540813088417,2466.75048828125,,
SSN_sf1,single,B1,0.3,0.2,41,240653,220259.74025974024,1.0925873231132077,385,385,0.3908136859536171,2464.959716796875,,
SSN_sf1,single,B1,0.3,0.2,42,239769,238961.03896103892,1.003381141304348,385,385,0.4050023853778839,2470.51806640625,,
SSN_sf1,single,B1,0.3,0.2,43,239410,251428.57142857142,1.0502007912308233,385,385,0.39447005838155746,2468.96044921875,,
SSN_sf1,single,B1,0.3,0.2,44,241275,218181.81818181818,1.10584375,385,385,0.3689015284180641,2461.96826171875,,
SSN_sf1,single,B1,0.3,0.2,45,239347,257662.33766233764,1.0765221108363072,385,385,0.3741458058357239,2466.659423828125,,
SSN_sf1,single,B1,0.3,0.2,46,239743,243116.8831168831,1.0140729160679691,385,385,0.3728903830051422,2478.531982421875,,
SSN_sf1,single,B1,0.3,0.2,47,240680,245194.80519480517,1.018758539117522,385,385,0.3703702241182327,2474.800048828125,,
SSN_sf1,single,B1,0.3,0.2,48,239699,251428.57142857142,1.0489345864128403,385,385,0.37109851837158203,2472.973876953125,,
SSN_sf1,single,B1,0.3,0.2,49,240100,251428.57142857142,1.0471827214850955,385,385,0.36874040961265564,2463.482177734375,,
SSN_sf1,single,B1,0.3,0.2,50,240730,274345.5497382199,1.13964005208416,382,382,0.3921184688806534,2472.79296875,,
SSN_sf1,single,B1,0.3,0.2,51,241152,224083.76963350782,1.076168971962617,382,382,0.3789132460951805,2460.302490234375,,
SSN_sf1,single,B1,0.3,0.2,52,239590,255497.38219895287,1.066394182557506,382,382,0.3688633441925049,2469.251953125,,
SSN_sf1,single,B1,0.3,0.2,53,240755,203141.36125654448,1.1851599226804126,382,382,0.3764713183045387,2466.671875,,
SSN_sf1,single,B1,0.3,0.2,54,239438,203141.36125654448,1.1786767525773196,382,382,0.3948211669921875,2471.278076171875,,
SSN_sf1,single,B1,0.3,0.2,55,240203,238743.45549738218,1.0061134429824563,382,382,0.3707250580191612,2483.03076171875,,
SSN_sf1,single,B1,0.3,0.2,56,242303,249214.65968586385,1.0285248622008967,382,382,0.374441035091877,2462.313232421875,,
SSN_sf1,single,B1,0.3,0.2,57,240185,303664.92146596854,1.2642959446508673,382,382,0.3647375851869583,2466.205078125,,
SSN_sf1,single,B1,0.3,0.2,58,240137,249214.65968586385,1.0378020033808362,382,382,0.369158573448658,2476.102294921875,,
SSN_sf1,single,B1,0.3,0.2,59,240573,240837.6963350785,1.0011002744908137,382,382,0.3712298348546028,2487.995849609375,,
SSN_sf1,single,B1,0.3,0.2,60,239139,236649.21465968585,1.0105209955752212,382,382,0.37313997745513916,2467.92578125,,
SSN_sf1,single,B1,0.3,0.2,61,239559,268062.82722513087,1.1189845809388537,382,382,0.37001632153987885,2475.492431640625,,
SSN_sf1,single,B1,0.3,0.2,62,240720,276439.7905759162,1.1483872988364747,382,382,0.3708964213728905,2458.138671875,,
SSN_sf1,single,B1,0.3,0.2,63,239181,247120.41884816752,1.0331941870306067,382,382,0.3851652145385742,2470.154052734375,,
SSN_sf1,single,B1,0.3,0.2,64,239514,226178.01047120418,1.0589623611111112,382,382,0.3712233155965805,2478.13232421875,,
SSN_sf1,single,B1,0.3,0.2,65,240625,224083.76963350782,1.0738171728971964,382,382,0.36891084164381027,2470.15087890625,,
SSN_sf1,single,B1,0.3,0.2,66,239691,249214.65968586385,1.0397330716875637,382,382,0.3727097064256668,2469.55419921875,,
SSN_sf1,single,B1,0.3,0.2,67,240606,201047.12041884815,1.19676421875,382,382,0.3733281046152115,2477.9375,,
SSN_sf1,single,B1,0.3,0.2,68,240117,232460.73298429316,1.0329357432432433,382,382,0.38109254091978073,2477.128662109375,,
SSN_sf1,single,B1,0.3,0.2,69,239954,232460.73298429316,1.0322345495495497,382,382,0.3906823694705963,2463.853759765625,,
SSN_sf1,single,B1,0.3,0.2,70,240553,234554.9738219895,1.025571941964286,382,382,0.37539005279541016,2476.01806640625,,
SSN_sf1,single,B1,0.3,0.2,71,240968,270157.0680628272,1.1211325489808905,382,382,0.3724871203303337,2469.12890625,,
SSN_sf1,single,B1,0.3,0.2,72,239971,240837.6963350785,1.0036116711397565,382,382,0.3529181703925133,2468.981689453125,,
SSN_sf1,single,B1,0.3,0.2,73,240454,263874.3455497382,1.0974005237997213,382,382,0.347234308719635,2478.169189453125,,
SSN_sf1,single,B1,0.3,0.2,74,240496,232460.73298429316,1.0345661261261263,382,382,0.3559449687600136,2482.03759765625,,
SSN_sf1,single,B1,0.3,0.2,75,240411,234554.9738219895,1.0249665401785715,382,382,0.3512119874358177,2467.140869140625,,
SSN_sf1,single,B1,0.3,0.2,76,240083,259685.86387434552,1.0816503620595608,382,382,0.3459146246314049,2480.80908203125,,
SSN_sf1,single,B1,0.3,0.2,77,240322,253403.1413612565,1.0544317264389298,382,382,0.3481172025203705,2477.0361328125,,
SSN_sf1,single,B1,0.3,0.2,78,240809,259685.86387434552,1.0783893620020246,382,382,0.3539780154824257,2469.862548828125,,
SSN_sf1,single,B1,0.3,0.2,79,240136,180104.7120418848,1.3333132558139535,382,382,0.34709833562374115,2463.5517578125,,
SSN_sf1,single,B1,0.3,0.2,80,241079,188481.67539267015,1.2790580277777779,382,382,0.35144761204719543,2478.36962890625,,
SSN_sf1,single,B1,0.3,0.2,81,241189,251308.90052356018,1.041958383357285,382,382,0.3544064238667488,2477.86376953125,,
SSN_sf1,single,B1,0.3,0.2,82,240401,245026.1780104712,1.0192394291640683,382,382,0.34887902438640594,2479.16943359375,,
SSN_sf1,single,B1,0.3,0.2,83,238679,224083.76963350782,1.0651329205607478,382,382,0.3478890284895897,2466.78466796875,,
SSN_sf1,single,B1,0.3,0.2,84,240469,257591.6230366492,1.071205115988544,382,382,0.34875422716140747,2478.611083984375,,
SSN_sf1,single,B1,0.3,0.2,85,239760,245026.1780104712,1.021964372749713,382,382,0.3688447177410126,2476.7373046875,,
SSN_sf1,single,B1,0.3,0.2,86,239948,242931.93717277484,1.0124357659691885,382,382,0.34982338547706604,2482.295166015625,,
SSN_sf1,single,B1,0.3,0.2,87,240878,247120.41884816752,1.0259152718312488,382,382,0.3602979704737663,2475.357177734375,,
SSN_sf1,single,B1,0.3,0.2,88,239150,215706.8062827225,1.1086808252427185,382,382,0.35476870834827423,2463.89501953125,,
SSN_sf1,single,B1,0.3,0.2,89,240590,278534.03141361254,1.1577124211879652,382,382,0.36608800292015076,2470.712158203125,,
SSN_sf1,single,B1,0.3,0.2,90,240664,242931.93717277484,1.009423666077082,382,382,0.3540823236107826,2466.227294921875,,
SSN_sf1,single,B1,0.3,0.2,91,239790,190575.91623036648,1.2582387362637364,382,382,0.35633984953165054,2468.0693359375,,
SSN_sf1,single,B1,0.3,0.2,92,241662,232460.73298429316,1.039582027027027,382,382,0.35047344863414764,2474.3291015625,,
SSN_sf1,single,B1,0.3,0.2,93,239478,236649.21465968585,1.0119534955752212,382,382,0.3457460552453995,2454.861328125,,
SSN_sf1,single,B1,0.3,0.2,94,239859,209424.0837696335,1.145326725,382,382,0.34907739609479904,2464.02001953125,,
SSN_sf1,single,B1,0.3,0.2,95,240360,224083.76963350782,1.0726345794392524,382,382,0.3474429249763489,2464.244873046875,,
SSN_sf1,single,B1,0.3,0.2,96,240484,253403.1413612565,1.053721417479984,382,382,0.35351701080799103,2468.826416015625,,
SSN_sf1,single,B1,0.3,0.2,97,239193,251308.90052356018,1.050653240368908,382,382,0.3480687737464905,2476.8896484375,,
SSN_sf1,single,B1,0.3,0.2,98,240765,234554.9738219895,1.02647578125,382,382,0.3509530797600746,2470.693603515625,,
SSN_sf1,single,B1,0.3,0.2,99,239957,217801.04712041884,1.1017256490384617,382,382,0.3495262935757637,2473.044921875,,
SSN_sf1,single,B1,0.3,0.3,0,240060,272207.79220779217,1.1339156552853127,385,385,0.42771268635988235,2469.048828125,,
SSN_sf1,single,B1,0.3,0.3,1,239117,259740.25974025973,1.0862475680953665,385,385,0.367606058716774,2464.990966796875,,
SSN_sf1,single,B1,0.3,0.3,2,241253,253506.49350649348,1.0507910513299046,385,385,0.35814661532640457,2476.680908203125,,
SSN_sf1,single,B1,0.3,0.3,3,239652,241038.96103896102,1.0057873960532815,385,385,0.35121385008096695,2467.472900390625,,
SSN_sf1,single,B1,0.3,0.3,4,239541,232727.2727272727,1.0292777343750001,385,385,0.35542622208595276,2472.14306640625,,
SSN_sf1,single,B1,0.3,0.3,5,239963,234805.1948051948,1.0219663163716814,385,385,0.36001764237880707,2469.8857421875,,
SSN_sf1,single,B1,0.3,0.3,6,239862,232727.2727272727,1.03065703125,385,385,0.3391653299331665,2469.498779296875,,
SSN_sf1,single,B1,0.3,0.3,7,240573,232727.2727272727,1.0337121093750001,385,385,0.35616476088762283,2461.9697265625,,
SSN_sf1,single,B1,0.3,0.3,8,240842,247272.72727272724,1.0267010208880811,385,385,0.3360193222761154,2479.946533203125,,
SSN_sf1,single,B1,0.3,0.3,9,239552,241038.96103896102,1.0062072578770414,385,385,0.3369459882378578,2468.16796875,,
SSN_sf1,single,B1,0.3,0.3,10,240627,243116.8831168831,1.0103474801950034,385,385,0.33543072640895844,2480.854248046875,,
SSN_sf1,single,B1,0.3,0.3,11,240716,261818.1818181818,1.0876642259682854,385,385,0.33512432128190994,2471.386962890625,,
SSN_sf1,single,B1,0.3,0.3,12,240658,261818.1818181818,1.0879263594735342,385,385,0.3390088677406311,2480.71875,,
SSN_sf1,single,B1,0.3,0.3,13,240295,253506.49350649348,1.0549803096464492,385,385,0.3403089940547943,2463.384521484375,,
SSN_sf1,single,B1,0.3,0.3,14,241383,238961.03896103892,1.0101353804347828,385,385,0.33407844603061676,2481.130615234375,,
SSN_sf1,single,B1,0.3,0.3,15,239323,226493.5064935065,1.0566439793577982,385,385,0.33507775515317917,2477.686279296875,,
SSN_sf1,single,B1,0.3,0.3,16,240599,268051.94805194804,1.114102502720078,385,385,0.34835096448659897,2486.618408203125,,
SSN_sf1,single,B1,0.3,0.3,17,239626,249350.64935064933,1.0405826135337957,385,385,0.33817533403635025,2476.636962890625,,
SSN_sf1,single,B1,0.3,0.3,18,240154,280519.4805194805,1.1680816497725646,385,385,0.3332756459712982,2459.00634765625,,
SSN_sf1,single,B1,0.3,0.3,19,239747,255584.41558441555,1.0660588686591095,385,385,0.33549871295690536,2468.158203125,,
SSN_sf1,single,B1,0.3,0.3,20,240212,265974.02597402595,1.1072470400064358,385,385,0.3335438668727875,2460.22900390625,,
SSN_sf1,single,B1,0.3,0.3,21,239941,257662.33766233764,1.0738570634545062,385,385,0.3352947533130646,2479.81884765625,,
SSN_sf1,single,B1,0.3,0.3,22,240117,207792.20779220777,1.1555630625000002,385,385,0.3352779895067215,2491.71484375,,
SSN_sf1,single,B1,0.3,0.3,23,239593,232727.2727272727,1.029501171875,385,385,0.3447309136390686,2471.685302734375,,
SSN_sf1,single,B1,0.3,0.3,24,240080,238961.03896103892,1.0046826086956524,385,385,0.3453735262155533,2465.6025390625,,
SSN_sf1,single,B1,0.3,0.3,25,240395,228571.42857142855,1.0517281250000001,385,385,0.3389660269021988,2477.43115234375,,
SSN_sf1,single,B1,0.3,0.3,26,239595,218181.81818181818,1.09814375,385,385,0.33429544419050217,2472.818115234375,,
SSN_sf1,single,B1,0.3,0.3,27,240149,263896.10389610386,1.098884875207075,385,385,0.33878814429044724,2471.71142578125,,
SSN_sf1,single,B1,0.3,0.3,28,240021,234805.1948051948,1.0222133296460176,385,385,0.33150799572467804,2478.885986328125,,
SSN_sf1,single,B1,0.3,0.3,29,240438,207792.20779220777,1.1571078750000001,385,385,0.33645424991846085,2476.515869140625,,
SSN_sf1,single,B1,0.3,0.3,30,240238,247272.72727272724,1.0292823253304109,385,385,0.3269976004958153,2476.2900390625,,
SSN_sf1,single,B1,0.3,0.3,31,240672,243116.8831168831,1.0101585689938302,385,385,0.3195544704794884,2484.943603515625,,
SSN_sf1,single,B1,0.3,0.3,32,239558,241038.96103896102,1.0061820562826582,385,385,0.31801778823137283,2477.151123046875,,
SSN_sf1,single,B1,0.3,0.3,33,239961,265974.02597402595,1.10840522407402,385,385,0.3156820312142372,2470.03857421875,,
SSN_sf1,single,B1,0.3,0.3,34,240494,274285.71428571426,1.1405095939429435,385,385,0.3214702010154724,2481.795654296875,,
SSN_sf1,single,B1,0.3,0.3,35,239731,222337.6623376623,1.0782293808411216,385,385,0.31461194157600403,2482.486572265625,,
SSN_sf1,single,B1,0.3,0.3,36,240915,247272.72727272724,1.026389918737842,385,385,0.32044388353824615,2481.1533203125,,
SSN_sf1,single,B1,0.3,0.3,37,239376,232727.2727272727,1.02856875,385,385,0.31854957342147827,2466.4365234375,,
SSN_sf1,single,B1,0.3,0.3,38,239794,234805.1948051948,1.0212465707964602,385,385,0.31664781272411346,2465.4765625,,
SSN_sf1,single,B1,0.3,0.3,39,239902,241038.96103896102,1.0047392728654243,385,385,0.3193886950612068,2471.21826171875,,
SSN_sf1,single,B1,0.3,0.3,40,240665,243116.8831168831,1.010187950540723,385,385,0.3242082893848419,2466.75048828125,,
SSN_sf1,single,B1,0.3,0.3,41,240653,241038.96103896102,1.0016038073032998,385,385,0.3206208348274231,2464.959716796875,,
SSN_sf1,single,B1,0.3,0.3,42,239769,243116.8831168831,1.0139629523286293,385,385,0.3432435914874077,2470.51806640625,,
SSN_sf1,single,B1,0.3,0.3,43,239410,249350.64935064933,1.0415214458487503,385,385,0.32337382435798645,2468.96044921875,,
SSN_sf1,single,B1,0.3,0.3,44,241275,228571.42857142855,1.055578125,385,385,0.31322892755270004,2461.96826171875,,
SSN_sf1,single,B1,0.3,0.3,45,239347,230649.3506493506,1.0377094031531533,385,385,0.31616538763046265,2466.659423828125,,
SSN_sf1,single,B1,0.3,0.3,46,239743,251428.57142857142,1.0487420755916603,385,385,0.3180820494890213,2478.531982421875,,
SSN_sf1,single,B1,0.3,0.3,47,240680,268051.94805194804,1.113727555475935,385,385,0.31709298491477966,2474.800048828125,,
SSN_sf1,single,B1,0.3,0.3,48,239699,261818.1818181818,1.0922789908100652,385,385,0.3171265125274658,2472.973876953125,,
SSN_sf1,single,B1,0.3,0.3,49,240100,236883.11688311686,1.0135800438596492,385,385,0.3175660967826843,2463.482177734375,,
SSN_sf1,single,B1,0.3,0.3,50,240730,226178.01047120418,1.0643386574074074,382,382,0.3372635692358017,2472.79296875,,
SSN_sf1,single,B1,0.3,0.3,51,241152,259685.86387434552,1.0768555262836117,382,382,0.3287801519036293,2460.302490234375,,
SSN_sf1,single,B1,0.3,0.3,52,239590,215706.8062827225,1.1107206310679612,382,382,0.3238711506128311,2469.251953125,,
SSN_sf1,single,B1,0.3,0.3,53,240755,251308.90052356018,1.0438366826174335,382,382,0.32010767608880997,2466.671875,,
SSN_sf1,single,B1,0.3,0.3,54,239438,230366.49214659684,1.039378590909091,382,382,0.31858496367931366,2471.278076171875,,
SSN_sf1,single,B1,0.3,0.3,55,240203,224083.76963350782,1.071933948598131,382,382,0.32235030084848404,2483.03076171875,,
SSN_sf1,single,B1,0.3,0.3,56,242303,247120.41884816752,1.0198817961319815,382,382,0.3134980797767639,2462.313232421875,,
SSN_sf1,single,B1,0.3,0.3,57,240185,268062.82722513087,1.1160681442435243,382,382,0.3174319863319397,2466.205078125,,
SSN_sf1,single,B1,0.3,0.3,58,240137,249214.65968586385,1.0378020033808362,382,382,0.3184974193572998,2476.102294921875,,
SSN_sf1,single,B1,0.3,0.3,59,240573,268062.82722513087,1.1142681316071665,382,382,0.32756663858890533,2487.995849609375,,
SSN_sf1,single,B1,0.3,0.3,60,239139,255497.38219895287,1.0684053299501666,382,382,0.316595658659935,2467.92578125,,
SSN_sf1,single,B1,0.3,0.3,61,239559,247120.41884816752,1.031563910553006,382,382,0.3185076639056206,2475.492431640625,,
SSN_sf1,single,B1,0.3,0.3,62,240720,224083.76963350782,1.0742411214953274,382,382,0.31494908034801483,2458.138671875,,
SSN_sf1,single,B1,0.3,0.3,63,239181,207329.84293193716,1.1536255303030303,382,382,0.32882578670978546,2470.154052734375,,
SSN_sf1,single,B1,0.3,0.3,64,239514,240837.6963350785,1.005526592746472,382,382,0.30686426907777786,2478.13232421875,,
SSN_sf1,single,B1,0.3,0.3,65,240625,213612.56544502615,1.1264552696078434,382,382,0.3025587648153305,2470.15087890625,,
SSN_sf1,single,B1,0.3,0.3,66,239691,228272.2513089005,1.0500225,382,382,0.3037014976143837,2469.55419921875,,
SSN_sf1,single,B1,0.3,0.3,67,240606,249214.65968586385,1.0357790731979413,382,382,0.30359067022800446,2477.9375,,
SSN_sf1,single,B1,0.3,0.3,68,240117,211518.32460732982,1.1352066089108912,382,382,0.30656252056360245,2477.128662109375,,
SSN_sf1,single,B1,0.3,0.3,69,239954,265968.5863874345,1.1084148894681252,382,382,0.30423980206251144,2463.853759765625,,
SSN_sf1,single,B1,0.3,0.3,70,240553,245026.1780104712,1.0185953948213957,382,382,0.3016749396920204,2476.01806640625,,
SSN_sf1,single,B1,0.3,0.3,71,240968,240837.6963350785,1.000541043478261,382,382,0.30141323804855347,2469.12890625,,
SSN_sf1,single,B1,0.3,0.3,72,239971,251308.90052356018,1.0472469611893112,382,382,0.30115991830825806,2468.981689453125,,
SSN_sf1,single,B1,0.3,0.3,73,240454,230366.49214659684,1.0437889545454546,382,382,0.3022216260433197,2478.169189453125,,
SSN_sf1,single,B1,0.3,0.3,74,240496,238743.45549738218,1.007340701754386,382,382,0.30149053782224655,2482.03759765625,,
SSN_sf1,single,B1,0.3,0.3,75,240411,253403.1413612565,1.0540413764813445,382,382,0.2994546666741371,2467.140869140625,,
SSN_sf1,single,B1,0.3,0.3,76,240083,261780.10471204185,1.0903733488503635,382,382,0.3080349415540695,2480.80908203125,,
SSN_sf1,single,B1,0.3,0.3,77,240322,257591.6230366492,1.071860350016433,382,382,0.30952785164117813,2477.0361328125,,
SSN_sf1,single,B1,0.3,0.3,78,240809,242931.93717277484,1.0088158547760875,382,382,0.321878120303154,2469.862548828125,,
SSN_sf1,single,B1,0.3,0.3,79,240136,240837.6963350785,1.0029220788847923,382,382,0.3065355122089386,2463.5517578125,,
SSN_sf1,single,B1,0.3,0.3,80,241079,230366.49214659684,1.0465020227272728,382,382,0.3076056018471718,2478.36962890625,,
SSN_sf1,single,B1,0.3,0.3,81,241189,257591.6230366492,1.0680073429412171,382,382,0.30143558979034424,2477.86376953125,,
SSN_sf1,single,B1,0.3,0.3,82,240401,251308.90052356018,1.0453737735016084,382,382,0.29930099844932556,2479.16943359375,,
SSN_sf1,single,B1,0.3,0.3,83,238679,257591.6230366492,1.079238739213124,382,382,0.3037014976143837,2466.78466796875,,
SSN_sf1,single,B1,0.3,0.3,84,240469,251308.90052356018,1.0450781619400429,382,382,0.29929447919130325,2478.611083984375,,
SSN_sf1,single,B1,0.3,0.3,85,239760,249214.65968586385,1.039433849206973,382,382,0.30032265931367874,2476.7373046875,,
SSN_sf1,single,B1,0.3,0.3,86,239948,213612.56544502615,1.123285980392157,382,382,0.302143394947052,2482.295166015625,,
SSN_sf1,single,B1,0.3,0.3,87,240878,249214.65968586385,1.0346094690501575,382,382,0.30344631522893906,2475.357177734375,,
SSN_sf1,single,B1,0.3,0.3,88,239150,240837.6963350785,1.0070570618234518,382,382,0.30313991010189056,2463.89501953125,,
SSN_sf1,single,B1,0.3,0.3,89,240590,228272.2513089005,1.0539607798165138,382,382,0.30657369643449783,2470.712158203125,,
SSN_sf1,single,B1,0.3,0.3,90,240664,261780.10471204185,1.0877410194796142,382,382,0.30313897877931595,2466.227294921875,,
SSN_sf1,single,B1,0.3,0.3,91,239790,257591.6230366492,1.0742383879087918,382,382,0.30653830617666245,2468.0693359375,,
SSN_sf1,single,B1,0.3,0.3,92,241662,242931.93717277484,1.005255013915199,382,382,0.30520837754011154,2474.3291015625,,
SSN_sf1,single,B1,0.3,0.3,93,239478,226178.01047120418,1.0588031944444445,382,382,0.3063613548874855,2454.861328125,,
SSN_sf1,single,B1,0.3,0.3,94,239859,232460.73298429316,1.0318258783783785,382,382,0.30125677585601807,2464.02001953125,,
SSN_sf1,single,B1,0.3,0.3,95,240360,272251.3089005235,1.1326814316047742,382,382,0.3001773729920387,2464.244873046875,,
SSN_sf1,single,B1,0.3,0.3,96,240484,234554.9738219895,1.025277767857143,382,382,0.31510088592767715,2468.826416015625,,
SSN_sf1,single,B1,0.3,0.3,97,239193,253403.1413612565,1.0594086840386487,382,382,0.3000795841217041,2476.8896484375,,
SSN_sf1,single,B1,0.3,0.3,98,240765,259685.86387434552,1.0785864385369366,382,382,0.2997983247041702,2470.693603515625,,
SSN_sf1,single,B1,0.3,0.3,99,239957,238743.45549738218,1.0050830482456141,382,382,0.3097420558333397,2473.044921875,,
SSN_sf1,single,B1,0.3,0.4,0,240060,268051.94805194804,1.116603965891644,385,385,0.40786154568195343,2469.048828125,,
SSN_sf1,single,B1,0.3,0.4,1,239117,249350.64935064933,1.0427976653715516,385,385,0.3223419189453125,2464.990966796875,,
SSN_sf1,single,B1,0.3,0.4,2,241253,274285.71428571426,1.1369214653733395,385,385,0.314430333673954,2476.680908203125,,
SSN_sf1,single,B1,0.3,0.4,3,239652,255584.41558441555,1.0664814630564967,385,385,0.3064088523387909,2467.472900390625,,
SSN_sf1,single,B1,0.3,0.4,4,239541,251428.57142857142,1.049626458220394,385,385,0.2984907478094101,2472.14306640625,,
SSN_sf1,single,B1,0.3,0.4,5,239963,245194.80519480517,1.0218025495380754,385,385,0.29752217233181,2469.8857421875,,
SSN_sf1,single,B1,0.3,0.4,6,239862,253506.49350649348,1.0568847650169408,385,385,0.2990802749991417,2469.498779296875,,
SSN_sf1,single,B1,0.3,0.4,7,240573,261818.1818181818,1.0883107489958632,385,385,0.29466859996318817,2461.9697265625,,
SSN_sf1,single,B1,0.3,0.4,8,240842,230649.3506493506,1.0441911036036038,385,385,0.2907058224081993,2479.946533203125,,
SSN_sf1,single,B1,0.3,0.4,9,239552,243116.8831168831,1.0148814583759815,385,385,0.2930350601673126,2468.16796875,,
SSN_sf1,single,B1,0.3,0.4,10,240627,238961.03896103892,1.006971684782609,385,385,0.2916557714343071,2480.854248046875,,
SSN_sf1,single,B1,0.3,0.4,11,240716,241038.96103896102,1.0013416683517549,385,385,0.29408372938632965,2471.386962890625,,
SSN_sf1,single,B1,0.3,0.4,12,240658,216103.89610389608,1.1136217548076923,385,385,0.2908511087298393,2480.71875,,
SSN_sf1,single,B1,0.3,0.4,13,240295,255584.41558441555,1.063627689233715,385,385,0.3023603931069374,2463.384521484375,,
SSN_sf1,single,B1,0.3,0.4,14,241383,259740.25974025973,1.0760503421544174,385,385,0.3221360966563225,2481.130615234375,,
SSN_sf1,single,B1,0.3,0.4,15,239323,265974.02597402595,1.1113600697552093,385,385,0.29456987977027893,2477.686279296875,,
SSN_sf1,single,B1,0.3,0.4,16,240599,214025.974025974,1.1241579490291265,385,385,0.29611028730869293,2486.618408203125,,
SSN_sf1,single,B1,0.3,0.4,17,239626,253506.49350649348,1.0579256570926923,385,385,0.2949396148324013,2476.636962890625,,
SSN_sf1,single,B1,0.3,0.4,18,240154,211948.05194805193,1.1330795343137257,385,385,0.2934318035840988,2459.00634765625,,
SSN_sf1,single,B1,0.3,0.4,19,239747,241038.96103896102,1.0053888517435505,385,385,0.2920525148510933,2468.158203125,,
SSN_sf1,single,B1,0.3,0.4,20,240212,255584.41558441555,1.0639952025061843,385,385,0.29332563281059265,2460.22900390625,,
SSN_sf1,single,B1,0.3,0.4,21,239941,249350.64935064933,1.0392165130204898,385,385,0.2947738394141197,2479.81884765625,,
SSN_sf1,single,B1,0.3,0.4,22,240117,224415.5844155844,1.0699657986111113,385,385,0.2872403711080551,2491.71484375,,
SSN_sf1,single,B1,0.3,0.4,23,239593,224415.5844155844,1.0676308449074075,385,385,0.291300006210804,2471.685302734375,,
SSN_sf1,single,B1,0.3,0.4,24,240080,228571.42857142855,1.0503500000000001,385,385,0.2922266721725464,2465.6025390625,,
SSN_sf1,single,B1,0.3,0.4,25,240395,226493.5064935065,1.061377006880734,385,385,0.29106810688972473,2477.43115234375,,
SSN_sf1,single,B1,0.3,0.4,26,239595,276363.63636363635,1.1534616179955188,385,385,0.30395854264497757,2472.818115234375,,
SSN_sf1,single,B1,0.3,0.4,27,240149,224415.5844155844,1.0701083912037037,385,385,0.2956092357635498,2471.71142578125,,
SSN_sf1,single,B1,0.3,0.4,28,240021,224415.5844155844,1.0695380208333334,385,385,0.2887183800339699,2478.885986328125,,
SSN_sf1,single,B1,0.3,0.4,29,240438,243116.8831168831,1.0111416794220678,385,385,0.2943947911262512,2476.515869140625,,
SSN_sf1,single,B1,0.3,0.4,30,240238,245194.80519480517,1.0206328940251133,385,385,0.2949163317680359,2476.2900390625,,
SSN_sf1,single,B1,0.3,0.4,31,240672,263896.10389610386,1.096496908224072,385,385,0.2949051558971405,2484.943603515625,,
SSN_sf1,single,B1,0.3,0.4,32,239558,226493.5064935065,1.0576815366972476,385,385,0.2910299226641655,2477.151123046875,,
SSN_sf1,single,B1,0.3,0.4,33,239961,214025.974025974,1.1211770024271845,385,385,0.28810370713472366,2470.03857421875,,
SSN_sf1,single,B1,0.3,0.4,34,240494,249350.64935064933,1.0368269035844941,385,385,0.2830289304256439,2481.795654296875,,
SSN_sf1,single,B1,0.3,0.4,35,239731,261818.1818181818,1.0921331901930988,385,385,0.30150357633829117,2482.486572265625,,
SSN_sf1,single,B1,0.3,0.4,36,240915,238961.03896103892,1.008176902173913,385,385,0.286933034658432,2481.1533203125,,
SSN_sf1,single,B1,0.3,0.4,37,239376,228571.42857142855,1.0472700000000001,385,385,0.2831714227795601,2466.4365234375,,
SSN_sf1,single,B1,0.3,0.4,38,239794,214025.974025974,1.120396723300971,385,385,0.2833036705851555,2465.4765625,,
SSN_sf1,single,B1,0.3,0.4,39,239902,214025.974025974,1.1209013349514565,385,385,0.28740987181663513,2471.21826171875,,
SSN_sf1,single,B1,0.3,0.4,40,240665,218181.81818181818,1.1030479166666667,385,385,0.28271693736314774,2466.75048828125,,
SSN_sf1,single,B1,0.3,0.4,41,240653,216103.89610389608,1.1135986177884616,385,385,0.28215814381837845,2464.959716796875,,
SSN_sf1,single,B1,0.3,0.4,42,239769,222337.6623376623,1.078400292056075,385,385,0.28237234801054,2470.51806640625,,
SSN_sf1,single,B1,0.3,0.4,43,239410,249350.64935064933,1.0415214458487503,385,385,0.277593731880188,2468.96044921875,,
SSN_sf1,single,B1,0.3,0.4,44,241275,245194.80519480517,1.0162462136350852,385,385,0.2816561609506607,2461.96826171875,,
SSN_sf1,single,B1,0.3,0.4,45,239347,232727.2727272727,1.028444140625,385,385,0.28315093368291855,2466.659423828125,,
SSN_sf1,single,B1,0.3,0.4,46,239743,211948.05194805193,1.1311403799019608,385,385,0.2804398536682129,2478.531982421875,,
SSN_sf1,single,B1,0.3,0.4,47,240680,245194.80519480517,1.018758539117522,385,385,0.2799537032842636,2474.800048828125,,
SSN_sf1,single,B1,0.3,0.4,48,239699,284675.32467532466,1.1876366804839598,385,385,0.2818303182721138,2472.973876953125,,
SSN_sf1,single,B1,0.3,0.4,49,240100,278441.5584415584,1.1596899560248162,385,385,0.28553884476423264,2463.482177734375,,
SSN_sf1,single,B1,0.3,0.4,50,240730,286910.99476439785,1.191837306378091,382,382,0.3028111532330513,2472.79296875,,
SSN_sf1,single,B1,0.3,0.4,51,241152,263874.3455497382,1.094224163804315,382,382,0.29124412685632706,2460.302490234375,,
SSN_sf1,single,B1,0.3,0.4,52,239590,221989.5287958115,1.079285141509434,382,382,0.28459634631872177,2469.251953125,,
SSN_sf1,single,B1,0.3,0.4,53,240755,219895.28795811516,1.094862023809524,382,382,0.30822958797216415,2466.671875,,
SSN_sf1,single,B1,0.3,0.4,54,239438,224083.76963350782,1.0685200467289722,382,382,0.28536003082990646,2471.278076171875,,
SSN_sf1,single,B1,0.3,0.4,55,240203,209424.0837696335,1.1469693250000002,382,382,0.28017349541187286,2483.03076171875,,
SSN_sf1,single,B1,0.3,0.4,56,242303,242931.93717277484,1.0025956639941513,382,382,0.28205104172229767,2462.313232421875,,
SSN_sf1,single,B1,0.3,0.4,57,240185,238743.45549738218,1.0060380482456142,382,382,0.27890224009752274,2466.205078125,,
SSN_sf1,single,B1,0.3,0.4,58,240137,234554.9738219895,1.0237983705357145,382,382,0.2803560346364975,2476.102294921875,,
SSN_sf1,single,B1,0.3,0.4,59,240573,234554.9738219895,1.0256572098214287,382,382,0.2801883965730667,2487.995849609375,,
SSN_sf1,single,B1,0.3,0.4,60,239139,245026.1780104712,1.0246182262636843,382,382,0.2826172858476639,2467.92578125,,
SSN_sf1,single,B1,0.3,0.4,61,239559,219895.28795811516,1.0894230714285715,382,382,0.2850787714123726,2475.492431640625,,
SSN_sf1,single,B1,0.3,0.4,62,240720,213612.56544502615,1.1269000000000002,382,382,0.2779802307486534,2458.138671875,,
SSN_sf1,single,B1,0.3,0.4,63,239181,270157.0680628272,1.1295088993809175,382,382,0.2847593277692795,2470.154052734375,,
SSN_sf1,single,B1,0.3,0.4,64,239514,234554.9738219895,1.0211422767857143,382,382,0.2808785066008568,2478.13232421875,,
SSN_sf1,single,B1,0.3,0.4,65,240625,263874.3455497382,1.096620656830081,382,382,0.2792859449982643,2470.15087890625,,
SSN_sf1,single,B1,0.3,0.4,66,239691,228272.2513089005,1.0500225,382,382,0.2775955945253372,2469.55419921875,,
SSN_sf1,single,B1,0.3,0.4,67,240606,226178.01047120418,1.0637904166666667,382,382,0.2872077748179436,2477.9375,,
SSN_sf1,single,B1,0.3,0.4,68,240117,207329.84293193716,1.1581400757575757,382,382,0.2832803875207901,2477.128662109375,,
SSN_sf1,single,B1,0.3,0.4,69,239954,221989.5287958115,1.0809248584905662,382,382,0.2840626984834671,2463.853759765625,,
SSN_sf1,single,B1,0.3,0.4,70,240553,230366.49214659684,1.0442187045454547,382,382,0.2815825864672661,2476.01806640625,,
SSN_sf1,single,B1,0.3,0.4,71,240968,236649.21465968585,1.0182497345132744,382,382,0.280231237411499,2469.12890625,,
SSN_sf1,single,B1,0.3,0.4,72,239971,242931.93717277484,1.0123387291496675,382,382,0.28233602643013,2468.981689453125,,
SSN_sf1,single,B1,0.3,0.4,73,240454,247120.41884816752,1.0277243000664058,382,382,0.2980353310704231,2478.169189453125,,
SSN_sf1,single,B1,0.3,0.4,74,240496,236649.21465968585,1.0162552212389382,382,382,0.28147734701633453,2482.03759765625,,
SSN_sf1,single,B1,0.3,0.4,75,240411,236649.21465968585,1.0158960398230088,382,382,0.27832482010126114,2467.140869140625,,
SSN_sf1,single,B1,0.3,0.4,76,240083,238743.45549738218,1.005610811403509,382,382,0.2815648913383484,2480.80908203125,,
SSN_sf1,single,B1,0.3,0.4,77,240322,240837.6963350785,1.002145855706421,382,382,0.27955416589975357,2477.0361328125,,
SSN_sf1,single,B1,0.3,0.4,78,240809,209424.0837696335,1.149862975,382,382,0.27853623032569885,2469.862548828125,,
SSN_sf1,single,B1,0.3,0.4,79,240136,190575.91623036648,1.2600542857142858,382,382,0.27645379304885864,2463.5517578125,,
SSN_sf1,single,B1,0.3,0.4,80,241079,257591.6230366492,1.0684946554309964,382,382,0.28316862881183624,2478.36962890625,,
SSN_sf1,single,B1,0.3,0.4,81,241189,236649.21465968585,1.0191836061946904,382,382,0.28121378272771835,2477.86376953125,,
SSN_sf1,single,B1,0.3,0.4,82,240401,209424.0837696335,1.147914775,382,382,0.277799554169178,2479.16943359375,,
SSN_sf1,single,B1,0.3,0.4,83,238679,236649.21465968585,1.0085771902654868,382,382,0.2792179584503174,2466.78466796875,,
SSN_sf1,single,B1,0.3,0.4,84,240469,240837.6963350785,1.0015332385258744,382,382,0.28397422283887863,2478.611083984375,,
SSN_sf1,single,B1,0.3,0.4,85,239760,272251.3089005235,1.1355159697219033,382,382,0.28432533144950867,2476.7373046875,,
SSN_sf1,single,B1,0.3,0.4,86,239948,228272.2513089005,1.0511483486238533,382,382,0.2780025824904442,2482.295166015625,,
SSN_sf1,single,B1,0.3,0.4,87,240878,221989.5287958115,1.0850872169811323,382,382,0.29445160180330276,2475.357177734375,,
SSN_sf1,single,B1,0.3,0.4,88,239150,207329.84293193716,1.1534760101010102,382,382,0.27960166335105896,2463.89501953125,,
SSN_sf1,single,B1,0.3,0.4,89,240590,230366.49214659684,1.0443793181818182,382,382,0.2919100224971771,2470.712158203125,,
SSN_sf1,single,B1,0.3,0.4,90,240664,236649.21465968585,1.0169651327433629,382,382,0.27961190789937973,2466.227294921875,,
SSN_sf1,single,B1,0.3,0.4,91,239790,295287.9581151832,1.2314440056515419,382,382,0.28147362172603607,2468.0693359375,,
SSN_sf1,single,B1,0.3,0.4,92,241662,234554.9738219895,1.0303000446428574,382,382,0.2811457961797714,2474.3291015625,,
SSN_sf1,single,B1,0.3,0.4,93,239478,268062.82722513087,1.1193630614299888,382,382,0.28114207088947296,2454.861328125,,
SSN_sf1,single,B1,0.3,0.4,94,239859,261780.10471204185,1.0913916288821426,382,382,0.2814335748553276,2464.02001953125,,
SSN_sf1,single,B1,0.3,0.4,95,240360,249214.65968586385,1.0368391566228319,382,382,0.2777036279439926,2464.244873046875,,
SSN_sf1,single,B1,0.3,0.4,96,240484,226178.01047120418,1.0632510185185187,382,382,0.27789268642663956,2468.826416015625,,
SSN_sf1,single,B1,0.3,0.4,97,239193,249214.65968586385,1.041897796699167,382,382,0.2838708460330963,2476.8896484375,,
SSN_sf1,single,B1,0.3,0.4,98,240765,238743.45549738218,1.0084674342105264,382,382,0.2770107239484787,2470.693603515625,,
SSN_sf1,single,B1,0.3,0.4,99,239957,182198.95287958113,1.3170053735632186,382,382,0.27825403958559036,2473.044921875,,
SSN_sf1,single,B1,0.3,0.5,0,240060,230649.3506493506,1.0408006756756758,385,385,0.3699483349919319,2469.048828125,,
SSN_sf1,single,B1,0.3,0.5,1,239117,249350.64935064933,1.0427976653715516,385,385,0.30494946986436844,2464.990966796875,,
SSN_sf1,single,B1,0.3,0.5,2,241253,226493.5064935065,1.0651651949541285,385,385,0.2985922619700432,2476.680908203125,,
SSN_sf1,single,B1,0.3,0.5,3,239652,247272.72727272724,1.0317991390546595,385,385,0.28941407799720764,2467.472900390625,,
SSN_sf1,single,B1,0.3,0.5,4,239541,274285.71428571426,1.1450470453313388,385,385,0.2946946769952774,2472.14306640625,,
SSN_sf1,single,B1,0.3,0.5,5,239963,230649.3506493506,1.0403801238738741,385,385,0.29760878533124924,2469.8857421875,,
SSN_sf1,single,B1,0.3,0.5,6,239862,249350.64935064933,1.0395587852625647,385,385,0.30432455241680145,2469.498779296875,,
SSN_sf1,single,B1,0.3,0.5,7,240573,220259.74025974024,1.092224115566038,385,385,0.315309502184391,2461.9697265625,,
SSN_sf1,single,B1,0.3,0.5,8,240842,274285.71428571426,1.1388616366153506,385,385,0.28585735708475113,2479.946533203125,,
SSN_sf1,single,B1,0.3,0.5,9,239552,236883.11688311686,1.0112666666666668,385,385,0.2848021686077118,2468.16796875,,
SSN_sf1,single,B1,0.3,0.5,10,240627,224415.5844155844,1.0722383680555556,385,385,0.2844491973519325,2480.854248046875,,
SSN_sf1,single,B1,0.3,0.5,11,240716,257662.33766233764,1.0703997144449793,385,385,0.28678029775619507,2471.386962890625,,
SSN_sf1,single,B1,0.3,0.5,12,240658,245194.80519480517,1.0188516699831511,385,385,0.28306152671575546,2480.71875,,
SSN_sf1,single,B1,0.3,0.5,13,240295,211948.05194805193,1.1337447916666668,385,385,0.28515513986349106,2463.384521484375,,
SSN_sf1,single,B1,0.3,0.5,14,241383,243116.8831168831,1.0071831202565347,385,385,0.28273090720176697,2481.130615234375,,
SSN_sf1,single,B1,0.3,0.5,15,239323,245194.80519480517,1.0245350643055835,385,385,0.2814317122101784,2477.686279296875,,
SSN_sf1,single,B1,0.3,0.5,16,240599,263896.10389610386,1.096829595701162,385,385,0.28051622211933136,2486.618408203125,,
SSN_sf1,single,B1,0.3,0.5,17,239626,253506.49350649348,1.0579256570926923,385,385,0.2843635156750679,2476.636962890625,,
SSN_sf1,single,B1,0.3,0.5,18,240154,220259.74025974024,1.090321816037736,385,385,0.28215907514095306,2459.00634765625,,
SSN_sf1,single,B1,0.3,0.5,19,239747,236883.11688311686,1.0120898574561406,385,385,0.2879854291677475,2468.158203125,,
SSN_sf1,single,B1,0.3,0.5,20,240212,253506.49350649348,1.055344835006134,385,385,0.28263870626688004,2460.22900390625,,
SSN_sf1,single,B1,0.3,0.5,21,239941,232727.2727272727,1.0309964843750001,385,385,0.2780500799417496,2479.81884765625,,
SSN_sf1,single,B1,0.3,0.5,22,240117,245194.80519480517,1.0211472123789869,385,385,0.2855714410543442,2491.71484375,,
SSN_sf1,single,B1,0.3,0.5,23,239593,232727.2727272727,1.029501171875,385,385,0.2794722095131874,2471.685302734375,,
SSN_sf1,single,B1,0.3,0.5,24,240080,232727.2727272727,1.03159375,385,385,0.2868473529815674,2465.6025390625,,
SSN_sf1,single,B1,0.3,0.5,25,240395,249350.64935064933,1.0372538919305698,385,385,0.2816496416926384,2477.43115234375,,
SSN_sf1,single,B1,0.3,0.5,26,239595,251428.57142857142,1.0493898930635923,385,385,0.29618386179208755,2472.818115234375,,
SSN_sf1,single,B1,0.3,0.5,27,240149,236883.11688311686,1.0137868969298247,385,385,0.282779335975647,2471.71142578125,,
SSN_sf1,single,B1,0.3,0.5,28,240021,228571.42857142855,1.0500918750000001,385,385,0.2809464931488037,2478.885986328125,,
SSN_sf1,single,B1,0.3,0.5,29,240438,232727.2727272727,1.03313203125,385,385,0.28111599385738373,2476.515869140625,,
SSN_sf1,single,B1,0.3,0.5,30,240238,263896.10389610386,1.0984777757727915,385,385,0.2825157716870308,2476.2900390625,,
SSN_sf1,single,B1,0.3,0.5,31,240672,241038.96103896102,1.001524735070806,385,385,0.2784496173262596,2484.943603515625,,
SSN_sf1,single,B1,0.3,0.5,32,239558,249350.64935064933,1.0408779892579223,385,385,0.2799229696393013,2477.151123046875,,
SSN_sf1,single,B1,0.3,0.5,33,239961,236883.11688311686,1.0129932565789475,385,385,0.2774549648165703,2470.03857421875,,
SSN_sf1,single,B1,0.3,0.5,34,240494,232727.2727272727,1.03337265625,385,385,0.2799239009618759,2481.795654296875,,
SSN_sf1,single,B1,0.3,0.5,35,239731,249350.64935064933,1.0401268478029513,385,385,0.28177816420793533,2482.486572265625,,
SSN_sf1,single,B1,0.3,0.5,36,240915,236883.11688311686,1.0170205592105264,385,385,0.2772985026240349,2481.1533203125,,
SSN_sf1,single,B1,0.3,0.5,37,239376,247272.72727272724,1.0329888011861141,385,385,0.2811690792441368,2466.4365234375,,
SSN_sf1,single,B1,0.3,0.5,38,239794,245194.80519480517,1.0225226869513215,385,385,0.2801753580570221,2465.4765625,,
SSN_sf1,single,B1,0.3,0.5,39,239902,243116.8831168831,1.0134008183211607,385,385,0.2805069088935852,2471.21826171875,,
SSN_sf1,single,B1,0.3,0.5,40,240665,232727.2727272727,1.0341074218750002,385,385,0.2765767276287079,2466.75048828125,,
SSN_sf1,single,B1,0.3,0.5,41,240653,241038.96103896102,1.0016038073032998,385,385,0.2814698964357376,2464.959716796875,,
SSN_sf1,single,B1,0.3,0.5,42,239769,245194.80519480517,1.022629302348532,385,385,0.30668266117572784,2470.51806640625,,
SSN_sf1,single,B1,0.3,0.5,43,239410,224415.5844155844,1.0668153935185185,385,385,0.28167013078927994,2468.96044921875,,
SSN_sf1,single,B1,0.3,0.5,44,241275,251428.57142857142,1.0420829817783501,385,385,0.2787001430988312,2461.96826171875,,
SSN_sf1,single,B1,0.3,0.5,45,239347,224415.5844155844,1.0665346643518518,385,385,0.27968641370534897,2466.659423828125,,
SSN_sf1,single,B1,0.3,0.5,46,239743,263896.10389610386,1.1007458148771971,385,385,0.2825837582349777,2478.531982421875,,
SSN_sf1,single,B1,0.3,0.5,47,240680,272207.79220779217,1.1309946493592828,385,385,0.27943309396505356,2474.800048828125,,
SSN_sf1,single,B1,0.3,0.5,48,239699,253506.49350649348,1.0576034672922852,385,385,0.2808300778269768,2472.973876953125,,
SSN_sf1,single,B1,0.3,0.5,49,240100,222337.6623376623,1.079889018691589,385,385,0.2796212211251259,2463.482177734375,,
SSN_sf1,single,B1,0.3,0.5,50,240730,249214.65968586385,1.0352455434962982,382,382,0.2905717119574547,2472.79296875,,
SSN_sf1,single,B1,0.3,0.5,51,241152,263874.3455497382,1.094224163804315,382,382,0.2867234870791435,2460.302490234375,,
SSN_sf1,single,B1,0.3,0.5,52,239590,234554.9738219895,1.0214662946428572,382,382,0.2840999513864517,2469.251953125,,
SSN_sf1,single,B1,0.3,0.5,53,240755,232460.73298429316,1.0356802927927928,382,382,0.2817763015627861,2466.671875,,
SSN_sf1,single,B1,0.3,0.5,54,239438,242931.93717277484,1.0145922417192543,382,382,0.2782689407467842,2471.278076171875,,
SSN_sf1,single,B1,0.3,0.5,55,240203,215706.8062827225,1.1135624514563107,382,382,0.277174636721611,2483.03076171875,,
SSN_sf1,single,B1,0.3,0.5,56,242303,247120.41884816752,1.0198817961319815,382,382,0.28300005942583084,2462.313232421875,,
SSN_sf1,single,B1,0.3,0.5,57,240185,268062.82722513087,1.1160681442435243,382,382,0.27847476303577423,2466.205078125,,
SSN_sf1,single,B1,0.3,0.5,58,240137,240837.6963350785,1.0029179024268584,382,382,0.2780947834253311,2476.102294921875,,
SSN_sf1,single,B1,0.3,0.5,59,240573,217801.04712041884,1.1045539182692308,382,382,0.27867406606674194,2487.995849609375,,
SSN_sf1,single,B1,0.3,0.5,60,239139,226178.01047120418,1.057304375,382,382,0.2918243408203125,2467.92578125,,
SSN_sf1,single,B1,0.3,0.5,61,239559,203141.36125654448,1.1792723969072167,382,382,0.2812771126627922,2475.492431640625,,
SSN_sf1,single,B1,0.3,0.5,62,240720,263874.3455497382,1.0961878761620896,382,382,0.2819932997226715,2458.138671875,,
SSN_sf1,single,B1,0.3,0.5,63,239181,234554.9738219895,1.0197225669642858,382,382,0.28015580028295517,2470.154052734375,,
SSN_sf1,single,B1,0.3,0.5,64,239514,203141.36125654448,1.17905087628866,382,382,0.29641855508089066,2478.13232421875,,
SSN_sf1,single,B1,0.3,0.5,65,240625,209424.0837696335,1.1489843750000002,382,382,0.27855485677719116,2470.15087890625,,
SSN_sf1,single,B1,0.3,0.5,66,239691,236649.21465968585,1.0128535619469028,382,382,0.2833278849720955,2469.55419921875,,
SSN_sf1,single,B1,0.3,0.5,67,240606,265968.5863874345,1.1054112797994835,382,382,0.28167665004730225,2477.9375,,
SSN_sf1,single,B1,0.3,0.5,68,240117,236649.21465968585,1.0146536946902656,382,382,0.28005708009004593,2477.128662109375,,
SSN_sf1,single,B1,0.3,0.5,69,239954,228272.2513089005,1.051174633027523,382,382,0.27831457555294037,2463.853759765625,,
SSN_sf1,single,B1,0.3,0.5,70,240553,247120.41884816752,1.0273013383668776,382,382,0.27790386229753494,2476.01806640625,,
SSN_sf1,single,B1,0.3,0.5,71,240968,255497.38219895287,1.060295899036191,382,382,0.2768849954009056,2469.12890625,,
SSN_sf1,single,B1,0.3,0.5,72,239971,265968.5863874345,1.1083363672586874,382,382,0.27691666036844254,2468.981689453125,,
SSN_sf1,single,B1,0.3,0.5,73,240454,247120.41884816752,1.0277243000664058,382,382,0.27918629348278046,2478.169189453125,,
SSN_sf1,single,B1,0.3,0.5,74,240496,238743.45549738218,1.007340701754386,382,382,0.2893619239330292,2482.03759765625,,
SSN_sf1,single,B1,0.3,0.5,75,240411,234554.9738219895,1.0249665401785715,382,382,0.27860887348651886,2467.140869140625,,
SSN_sf1,single,B1,0.3,0.5,76,240083,226178.01047120418,1.0614780787037037,382,382,0.2781124785542488,2480.80908203125,,
SSN_sf1,single,B1,0.3,0.5,77,240322,286910.99476439785,1.1938607150589535,382,382,0.2789739519357681,2477.0361328125,,
SSN_sf1,single,B1,0.3,0.5,78,240809,215706.8062827225,1.1163718203883495,382,382,0.2762209624052048,2469.862548828125,,
SSN_sf1,single,B1,0.3,0.5,79,240136,213612.56544502615,1.1241660784313727,382,382,0.2762880176305771,2463.5517578125,,
SSN_sf1,single,B1,0.3,0.5,80,241079,234554.9738219895,1.027814486607143,382,382,0.2795029431581497,2478.36962890625,,
SSN_sf1,single,B1,0.3,0.5,81,241189,224083.76963350782,1.0763340887850468,382,382,0.2769129350781441,2477.86376953125,,
SSN_sf1,single,B1,0.3,0.5,82,240401,245026.1780104712,1.0192394291640683,382,382,0.2925889566540718,2479.16943359375,,
SSN_sf1,single,B1,0.3,0.5,83,238679,270157.0680628272,1.1318845313698618,382,382,0.27813948690891266,2466.78466796875,,
SSN_sf1,single,B1,0.3,0.5,84,240469,259685.86387434552,1.0799141006713777,382,382,0.28213951736688614,2478.611083984375,,
SSN_sf1,single,B1,0.3,0.5,85,239760,230366.49214659684,1.0407763636363638,382,382,0.2779001370072365,2476.7373046875,,
SSN_sf1,single,B1,0.3,0.5,86,239948,238743.45549738218,1.005045350877193,382,382,0.27460604906082153,2482.295166015625,,
SSN_sf1,single,B1,0.3,0.5,87,240878,224083.76963350782,1.0749462149532711,382,382,0.279734842479229,2475.357177734375,,
SSN_sf1,single,B1,0.3,0.5,88,239150,211518.32460732982,1.1306349009900991,382,382,0.28307363390922546,2463.89501953125,,
SSN_sf1,single,B1,0.3,0.5,89,240590,232460.73298429316,1.0349704954954957,382,382,0.2774428576231003,2470.712158203125,,
SSN_sf1,single,B1,0.3,0.5,90,240664,274345.5497382199,1.1399525884146358,382,382,0.2766568213701248,2466.227294921875,,
SSN_sf1,single,B1,0.3,0.5,91,239790,226178.01047120418,1.0601826388888889,382,382,0.28114765882492065,2468.0693359375,,
SSN_sf1,single,B1,0.3,0.5,92,241662,253403.1413612565,1.0485849714115438,382,382,0.2778125926852226,2474.3291015625,,
SSN_sf1,single,B1,0.3,0.5,93,239478,259685.86387434552,1.0843829657603017,382,382,0.2743219956755638,2454.861328125,,
SSN_sf1,single,B1,0.3,0.5,94,239859,251308.90052356018,1.0477359637268568,382,382,0.27527566999197006,2464.02001953125,,
SSN_sf1,single,B1,0.3,0.5,95,240360,249214.65968586385,1.0368391566228319,382,382,0.27839094400405884,2464.244873046875,,
SSN_sf1,single,B1,0.3,0.5,96,240484,196858.6387434555,1.2216075531914894,382,382,0.2747410908341408,2468.826416015625,,
SSN_sf1,single,B1,0.3,0.5,97,239193,228272.2513089005,1.047840894495413,382,382,0.28865598142147064,2476.8896484375,,
SSN_sf1,single,B1,0.3,0.5,98,240765,213612.56544502615,1.127110661764706,382,382,0.275956466794014,2470.693603515625,,
SSN_sf1,single,B1,0.3,0.5,99,239957,224083.76963350782,1.0708361448598132,382,382,0.27992576360702515,2473.044921875,,
SSN_sf1,single,B1,0.5,0.1,0,399923,405194.80519480514,1.0131820505317402,385,385,0.3847675397992134,2510.841064453125,,
SSN_sf1,single,B1,0.5,0.1,1,398227,411428.57142857136,1.033150869801825,385,385,0.3146100789308548,2507.632568359375,,
SSN_sf1,single,B1,0.5,0.1,2,401168,411428.57142857136,1.0255767444775539,385,385,0.2988707274198532,2518.86865234375,,
SSN_sf1,single,B1,0.5,0.1,3,399799,394805.19480519474,1.012648782894737,385,385,0.2929242327809334,2509.1962890625,,
SSN_sf1,single,B1,0.5,0.1,4,400622,423896.10389610386,1.0580949221363376,385,385,0.28838682919740677,2515.031494140625,,
SSN_sf1,single,B1,0.5,0.1,5,400431,365714.2857142857,1.0949285156250002,385,385,0.28972234576940536,2512.637451171875,,
SSN_sf1,single,B1,0.5,0.1,6,399140,413506.49350649345,1.0359936200493398,385,385,0.28165988624095917,2511.10986328125,,
SSN_sf1,single,B1,0.5,0.1,7,399876,434285.71428571426,1.0860509615123546,385,385,0.27856696397066116,2503.73291015625,,
SSN_sf1,single,B1,0.5,0.1,8,400631,403116.8831168831,1.0062049195316467,385,385,0.28094369918107986,2522.07080078125,,
SSN_sf1,single,B1,0.5,0.1,9,399320,396883.11688311683,1.006140052356021,385,385,0.2819448709487915,2509.84130859375,,
SSN_sf1,single,B1,0.5,0.1,10,401364,378181.8181818181,1.0612990384615386,385,385,0.28998125344514847,2522.99462890625,,
SSN_sf1,single,B1,0.5,0.1,11,400610,396883.11688311683,1.0093903795811519,385,385,0.28543639928102493,2515.1396484375,,
SSN_sf1,single,B1,0.5,0.1,12,401541,430129.8701298701,1.0711978854708986,385,385,0.2800608053803444,2522.8232421875,,
SSN_sf1,single,B1,0.5,0.1,13,400413,403116.8831168831,1.0067527355927084,385,385,0.28104614466428757,2504.83837890625,,
SSN_sf1,single,B1,0.5,0.1,14,400619,425974.02597402595,1.063289624241551,385,385,0.2810899168252945,2523.4267578125,,
SSN_sf1,single,B1,0.5,0.1,15,399834,380259.7402597402,1.051476024590164,385,385,0.2884417772293091,2519.832275390625,,
SSN_sf1,single,B1,0.5,0.1,16,400305,388571.4285714285,1.0301966911764706,385,385,0.2799062058329582,2528.301513671875,,
SSN_sf1,single,B1,0.5,0.1,17,398816,401038.961038961,1.0055739013453848,385,385,0.28732046484947205,2518.83203125,,
SSN_sf1,single,B1,0.5,0.1,18,399715,405194.80519480514,1.0137092808496182,385,385,0.27860701084136963,2500.723876953125,,
SSN_sf1,single,B1,0.5,0.1,19,399461,425974.02597402595,1.0663720012066908,385,385,0.2785623073577881,2510.13671875,,
SSN_sf1,single,B1,0.5,0.1,20,400027,392727.2727272727,1.0185872685185187,385,385,0.29499176889657974,2502.14208984375,,
SSN_sf1,single,B1,0.5,0.1,21,399501,392727.2727272727,1.0172479166666668,385,385,0.2831164747476578,2522.07177734375,,
SSN_sf1,single,B1,0.5,0.1,22,399433,396883.11688311683,1.0064247709424086,385,385,0.2797357738018036,2534.04443359375,,
SSN_sf1,single,B1,0.5,0.1,23,399627,392727.2727272727,1.0175687500000001,385,385,0.28535258024930954,2513.02490234375,,
SSN_sf1,single,B1,0.5,0.1,24,401145,374025.974025974,1.0725057291666669,385,385,0.2788631245493889,2508.02587890625,,
SSN_sf1,single,B1,0.5,0.1,25,400728,369870.12987012987,1.0834289325842696,385,385,0.27762632817029953,2519.181640625,,
SSN_sf1,single,B1,0.5,0.1,26,399885,363636.3636363636,1.09968375,385,385,0.2794601023197174,2515.47998046875,,
SSN_sf1,single,B1,0.5,0.1,27,400462,423896.10389610386,1.0585176718292968,385,385,0.2778703346848488,2513.716552734375,,
SSN_sf1,single,B1,0.5,0.1,28,399585,369870.12987012987,1.0803386587078652,385,385,0.2836398780345917,2521.37744140625,,
SSN_sf1,single,B1,0.5,0.1,29,400164,394805.19480519474,1.0135732894736844,385,385,0.27925334870815277,2518.59716796875,,
SSN_sf1,single,B1,0.5,0.1,30,400250,394805.19480519474,1.0137911184210529,385,385,0.2795634791254997,2518.7607421875,,
SSN_sf1,single,B1,0.5,0.1,31,400010,382337.6623376623,1.0462218070652174,385,385,0.2811970189213753,2526.423095703125,,
SSN_sf1,single,B1,0.5,0.1,32,398838,415584.41558441555,1.0419880141421218,385,385,0.277714803814888,2520.193359375,,
SSN_sf1,single,B1,0.5,0.1,33,399315,365714.2857142857,1.091876953125,385,385,0.2809762954711914,2512.1748046875,,
SSN_sf1,single,B1,0.5,0.1,34,399540,369870.12987012987,1.0802169943820226,385,385,0.2839015796780586,2523.9794921875,,
SSN_sf1,single,B1,0.5,0.1,35,400016,396883.11688311683,1.0078937172774871,385,385,0.2826079726219177,2524.38671875,,
SSN_sf1,single,B1,0.5,0.1,36,400990,407272.72727272724,1.0156680397833542,385,385,0.2795327454805374,2523.10498046875,,
SSN_sf1,single,B1,0.5,0.1,37,399288,403116.8831168831,1.0095892767047423,385,385,0.3011729568243027,2508.30126953125,,
SSN_sf1,single,B1,0.5,0.1,38,399705,390649.3506493506,1.0231810172872342,385,385,0.2826619893312454,2507.371826171875,,
SSN_sf1,single,B1,0.5,0.1,39,399805,440519.4805194805,1.1018358462737596,385,385,0.28053298592567444,2513.630615234375,,
SSN_sf1,single,B1,0.5,0.1,40,401024,394805.19480519474,1.0157515789473686,385,385,0.2820221707224846,2508.95458984375,,
SSN_sf1,single,B1,0.5,0.1,41,400403,407272.72727272724,1.017157032471603,385,385,0.27878768742084503,2506.7880859375,,
SSN_sf1,single,B1,0.5,0.1,42,398993,430129.8701298701,1.07803863759482,385,385,0.27902331203222275,2512.60400390625,,
SSN_sf1,single,B1,0.5,0.1,43,399186,419740.25974025973,1.0514904323805436,385,385,0.27825962752103806,2511.762451171875,,
SSN_sf1,single,B1,0.5,0.1,44,401689,398961.0389610389,1.0068376627604168,385,385,0.2789432182908058,2503.868408203125,,
SSN_sf1,single,B1,0.5,0.1,45,400547,411428.57142857136,1.02716677800251,385,385,0.2818964421749115,2508.677001953125,,
SSN_sf1,single,B1,0.5,0.1,46,400037,423896.10389610386,1.0596422428327976,385,385,0.2815760672092438,2520.688720703125,,
SSN_sf1,single,B1,0.5,0.1,47,400418,392727.2727272727,1.0195828703703704,385,385,0.276714563369751,2516.496826171875,,
SSN_sf1,single,B1,0.5,0.1,48,399372,434285.71428571426,1.087421537528205,385,385,0.2781525254249573,2514.869384765625,,
SSN_sf1,single,B1,0.5,0.1,49,399307,405194.80519480514,1.0147450588013862,385,385,0.27815811336040497,2505.17822265625,,
SSN_sf1,single,B1,0.5,0.1,50,400195,420942.4083769633,1.0518432473593204,382,382,0.3131907433271408,2514.56298828125,,
SSN_sf1,single,B1,0.5,0.1,51,400125,370680.6282722513,1.0794332627118646,382,382,0.3010965883731842,2502.48486328125,,
SSN_sf1,single,B1,0.5,0.1,52,399417,366492.1465968586,1.0898378142857144,382,382,0.28300564736127853,2511.209228515625,,
SSN_sf1,single,B1,0.5,0.1,53,400674,406282.72251308896,1.0139982192832302,382,382,0.27986522763967514,2507.91259765625,,
SSN_sf1,single,B1,0.5,0.1,54,399983,439790.57591623033,1.0995231695252807,382,382,0.294501893222332,2514.038818359375,,
SSN_sf1,single,B1,0.5,0.1,55,400967,416753.9267015706,1.0393721346184863,382,382,0.2793325111269951,2525.587890625,,
SSN_sf1,single,B1,0.5,0.1,56,401557,374869.10994764394,1.0711925558659219,382,382,0.23182015866041183,2503.323974609375,,
SSN_sf1,single,B1,0.5,0.1,57,400422,358115.18324607325,1.118137456140351,382,382,0.23668166249990463,2508.009765625,,
SSN_sf1,single,B1,0.5,0.1,58,401079,402094.2408376963,1.0025312739826724,382,382,0.27658138424158096,2517.881103515625,,
SSN_sf1,single,B1,0.5,0.1,59,400410,389528.79581151827,1.0279342741935484,382,382,0.2771727740764618,2529.84423828125,,
SSN_sf1,single,B1,0.5,0.1,60,399590,391623.0366492146,1.0203434491978611,382,382,0.2293270081281662,2510.26123046875,,
SSN_sf1,single,B1,0.5,0.1,61,399655,358115.18324607325,1.1159956871345031,382,382,0.24080369621515274,2517.470703125,,
SSN_sf1,single,B1,0.5,0.1,62,401221,393717.277486911,1.0190586569148936,382,382,0.27444586157798767,2500.39306640625,,
SSN_sf1,single,B1,0.5,0.1,63,399582,387434.55497382197,1.0313535405405405,382,382,0.273323617875576,2512.90087890625,,
SSN_sf1,single,B1,0.5,0.1,64,399826,397905.75916230364,1.0048258684210527,382,382,0.22950395941734314,2520.388916015625,,
SSN_sf1,single,B1,0.5,0.1,65,401588,425130.890052356,1.0586244859217806,382,382,0.2444712445139885,2512.51318359375,,
SSN_sf1,single,B1,0.5,0.1,66,399408,360209.4240837696,1.108821627906977,382,382,0.2888403832912445,2511.57080078125,,
SSN_sf1,single,B1,0.5,0.1,67,401748,376963.3507853403,1.0657481666666666,382,382,0.2801893278956413,2520.63720703125,,
SSN_sf1,single,B1,0.5,0.1,68,400372,406282.72251308896,1.0147630766214644,382,382,0.2294601872563362,2519.33154296875,,
SSN_sf1,single,B1,0.5,0.1,69,399483,381151.83246073296,1.0480941346153847,382,382,0.25209225714206696,2506.4794921875,,
SSN_sf1,single,B1,0.5,0.1,70,399990,402094.2408376963,1.0052607336125812,382,382,0.2711573615670204,2518.15478515625,,
SSN_sf1,single,B1,0.5,0.1,71,401321,383246.0732984293,1.047162718579235,382,382,0.27445796877145767,2510.89013671875,,
SSN_sf1,single,B1,0.5,0.1,72,400020,410471.2041884816,1.0261267041359972,382,382,0.22885482758283615,2510.90478515625,,
SSN_sf1,single,B1,0.5,0.1,73,400807,414659.6858638743,1.034561985853227,382,382,0.25816820561885834,2520.5634765625,,
SSN_sf1,single,B1,0.5,0.1,74,401307,379057.5916230366,1.058696643646409,382,382,0.2793809399008751,2524.05615234375,,
SSN_sf1,single,B1,0.5,0.1,75,400081,435602.0942408377,1.0887847566888647,382,382,0.28014276176691055,2508.904296875,,
SSN_sf1,single,B1,0.5,0.1,76,400592,412565.445026178,1.029889376288538,382,382,0.22999197244644165,2522.917236328125,,
SSN_sf1,single,B1,0.5,0.1,77,399948,406282.72251308896,1.015838865335216,382,382,0.23720506578683853,2518.9765625,,
SSN_sf1,single,B1,0.5,0.1,78,400608,356020.94240837696,1.1252371764705882,382,382,0.27304142713546753,2511.55322265625,,
SSN_sf1,single,B1,0.5,0.1,79,400086,399999.99999999994,1.000215,382,382,0.27643516659736633,2505.4951171875,,
SSN_sf1,single,B1,0.5,0.1,80,399763,416753.9267015706,1.0425024994848713,382,382,0.22854935377836227,2520.180908203125,,
SSN_sf1,single,B1,0.5,0.1,81,400711,381151.83246073296,1.0513159478021978,382,382,0.24536903947591782,2519.65673828125,,
SSN_sf1,single,B1,0.5,0.1,82,399652,395811.5183246073,1.0097028042328045,382,382,0.27823448181152344,2521.260009765625,,
SSN_sf1,single,B1,0.5,0.1,83,400285,393717.277486911,1.0166813164893618,382,382,0.2796035259962082,2509.452392578125,,
SSN_sf1,single,B1,0.5,0.1,84,400005,454450.26178010466,1.1361114530570984,382,382,0.23066997528076172,2520.38037109375,,
SSN_sf1,single,B1,0.5,0.1,85,399728,418848.167539267,1.047832945250938,382,382,0.23984070867300034,2518.28466796875,,
SSN_sf1,single,B1,0.5,0.1,86,400856,381151.83246073296,1.0516963736263738,382,382,0.2736486494541168,2524.98828125,,
SSN_sf1,single,B1,0.5,0.1,87,400667,397905.75916230364,1.0069394342105265,382,382,0.2752784639596939,2517.0908203125,,
SSN_sf1,single,B1,0.5,0.1,88,398695,389528.79581151827,1.0235315188172045,382,382,0.23795757442712784,2506.30029296875,,
SSN_sf1,single,B1,0.5,0.1,89,401939,410471.2041884816,1.0212276096335056,382,382,0.25211647152900696,2513.2373046875,,
SSN_sf1,single,B1,0.5,0.1,90,399970,414659.6858638743,1.0367269691823744,382,382,0.27861539274454117,2507.89453125,,
SSN_sf1,single,B1,0.5,0.1,91,399721,431413.612565445,1.0792868339803139,382,382,0.27688778936862946,2509.98876953125,,
SSN_sf1,single,B1,0.5,0.1,92,401330,387434.55497382197,1.0358652702702704,382,382,0.2295011654496193,2516.71435546875,,
SSN_sf1,single,B1,0.5,0.1,93,400166,423036.64921465964,1.057152904581248,382,382,0.2407776191830635,2497.385986328125,,
SSN_sf1,single,B1,0.5,0.1,94,399181,443979.057591623,1.1122249245119957,382,382,0.2769557759165764,2505.3994140625,,
SSN_sf1,single,B1,0.5,0.1,95,399271,393717.277486911,1.0141058643617022,382,382,0.2785436809062958,2505.416015625,,
SSN_sf1,single,B1,0.5,0.1,96,399512,435602.0942408377,1.0903354448448048,382,382,0.24112872779369354,2510.73095703125,,
SSN_sf1,single,B1,0.5,0.1,97,399163,425130.890052356,1.0650558545064448,382,382,0.23761484771966934,2518.43115234375,,
SSN_sf1,single,B1,0.5,0.1,98,400864,418848.167539267,1.0448635136586648,382,382,0.2756686881184578,2512.62646484375,,
SSN_sf1,single,B1,0.5,0.1,99,399866,414659.6858638743,1.0369966085235411,382,382,0.2817772328853607,2515.18359375,,
SSN_sf1,single,B1,0.5,0.2,0,399923,398961.0389610389,1.0024111653645835,385,385,0.3711134195327759,2510.841064453125,,
SSN_sf1,single,B1,0.5,0.2,1,398227,396883.11688311683,1.0033860929319374,385,385,0.30500348657369614,2507.632568359375,,
SSN_sf1,single,B1,0.5,0.2,2,401168,361558.4415584415,1.1095522988505748,385,385,0.2923840656876564,2518.86865234375,,
SSN_sf1,single,B1,0.5,0.2,3,399799,407272.72727272724,1.0186937117719834,385,385,0.29186252504587173,2509.1962890625,,
SSN_sf1,single,B1,0.5,0.2,4,400622,371948.0519480519,1.077091270949721,385,385,0.2841539680957794,2515.031494140625,,
SSN_sf1,single,B1,0.5,0.2,5,400431,382337.6623376623,1.0473229279891305,385,385,0.28581637889146805,2512.637451171875,,
SSN_sf1,single,B1,0.5,0.2,6,399140,430129.8701298701,1.0776416047749413,385,385,0.29398780316114426,2511.10986328125,,
SSN_sf1,single,B1,0.5,0.2,7,399876,386493.5064935065,1.0346254032258064,385,385,0.31245406717061996,2503.73291015625,,
SSN_sf1,single,B1,0.5,0.2,8,400631,384415.5844155844,1.0421819932432432,385,385,0.28332043439149857,2522.07080078125,,
SSN_sf1,single,B1,0.5,0.2,9,399320,438441.5584415584,1.097970445861861,385,385,0.27878396213054657,2509.84130859375,,
SSN_sf1,single,B1,0.5,0.2,10,401364,386493.5064935065,1.0384754032258066,385,385,0.28472021222114563,2522.99462890625,,
SSN_sf1,single,B1,0.5,0.2,11,400610,398961.0389610389,1.0041331380208334,385,385,0.27909595519304276,2515.1396484375,,
SSN_sf1,single,B1,0.5,0.2,12,401541,409350.6493506493,1.0194491953515314,385,385,0.283299945294857,2522.8232421875,,
SSN_sf1,single,B1,0.5,0.2,13,400413,423896.10389610386,1.058647206499549,385,385,0.2779420465230942,2504.83837890625,,
SSN_sf1,single,B1,0.5,0.2,14,400619,376103.8961038961,1.0651817334254143,385,385,0.2781730145215988,2523.4267578125,,
SSN_sf1,single,B1,0.5,0.2,15,399834,369870.12987012987,1.081011867977528,385,385,0.2758186310529709,2519.832275390625,,
SSN_sf1,single,B1,0.5,0.2,16,400305,407272.72727272724,1.0174060460716885,385,385,0.2318369224667549,2528.301513671875,,
SSN_sf1,single,B1,0.5,0.2,17,398816,401038.961038961,1.0055739013453848,385,385,0.24173501878976822,2518.83203125,,
SSN_sf1,single,B1,0.5,0.2,18,399715,415584.41558441555,1.039701826512429,385,385,0.2791453152894974,2500.723876953125,,
SSN_sf1,single,B1,0.5,0.2,19,399461,380259.7402597402,1.0504951161202187,385,385,0.27689244598150253,2510.13671875,,
SSN_sf1,single,B1,0.5,0.2,20,400027,382337.6623376623,1.0462662703804348,385,385,0.22961478680372238,2502.14208984375,,
SSN_sf1,single,B1,0.5,0.2,21,399501,392727.2727272727,1.0172479166666668,385,385,0.24142861366271973,2522.07177734375,,
SSN_sf1,single,B1,0.5,0.2,22,399433,411428.57142857136,1.0300314982201555,385,385,0.2898219972848892,2534.04443359375,,
SSN_sf1,single,B1,0.5,0.2,23,399627,430129.8701298701,1.0763283515124606,385,385,0.27538929134607315,2513.02490234375,,
SSN_sf1,single,B1,0.5,0.2,24,401145,396883.11688311683,1.0107383835078536,385,385,0.2311207354068756,2508.02587890625,,
SSN_sf1,single,B1,0.5,0.2,25,400728,390649.3506493506,1.0257997340425533,385,385,0.24758651852607727,2519.181640625,,
SSN_sf1,single,B1,0.5,0.2,26,399885,401038.961038961,1.0028857322454232,385,385,0.28046779334545135,2515.47998046875,,
SSN_sf1,single,B1,0.5,0.2,27,400462,398961.0389610389,1.0037621744791667,385,385,0.3003915771842003,2513.716552734375,,
SSN_sf1,single,B1,0.5,0.2,28,399585,421818.18181818177,1.0556406817527728,385,385,0.23304298520088196,2521.37744140625,,
SSN_sf1,single,B1,0.5,0.2,29,400164,440519.4805194805,1.100847353883609,385,385,0.23850798606872559,2518.59716796875,,
SSN_sf1,single,B1,0.5,0.2,30,400250,417662.33766233764,1.0435036543718617,385,385,0.2771476283669472,2518.7607421875,,
SSN_sf1,single,B1,0.5,0.2,31,400010,371948.0519480519,1.0754458798882682,385,385,0.2780575305223465,2526.423095703125,,
SSN_sf1,single,B1,0.5,0.2,32,398838,371948.0519480519,1.072294902234637,385,385,0.22796355187892914,2520.193359375,,
SSN_sf1,single,B1,0.5,0.2,33,399315,409350.6493506493,1.0251321622043983,385,385,0.24196971207857132,2512.1748046875,,
SSN_sf1,single,B1,0.5,0.2,34,399540,411428.57142857136,1.0297556475661294,385,385,0.2776253968477249,2523.9794921875,,
SSN_sf1,single,B1,0.5,0.2,35,400016,421818.18181818177,1.0545032744144778,385,385,0.28534699231386185,2524.38671875,,
SSN_sf1,single,B1,0.5,0.2,36,400990,417662.33766233764,1.0415779387574196,385,385,0.23331306874752045,2523.10498046875,,
SSN_sf1,single,B1,0.5,0.2,37,399288,357402.59740259737,1.1171938953488374,385,385,0.2512931823730469,2508.30126953125,,
SSN_sf1,single,B1,0.5,0.2,38,399705,398961.0389610389,1.00186474609375,385,385,0.283239409327507,2507.371826171875,,
SSN_sf1,single,B1,0.5,0.2,39,399805,359480.51948051946,1.1121743135838151,385,385,0.2758428454399109,2513.630615234375,,
SSN_sf1,single,B1,0.5,0.2,40,401024,390649.3506493506,1.0265574468085108,385,385,0.22847577929496765,2508.95458984375,,
SSN_sf1,single,B1,0.5,0.2,41,400403,371948.0519480519,1.0765024790502795,385,385,0.24012476205825806,2506.7880859375,,
SSN_sf1,single,B1,0.5,0.2,42,398993,394805.19480519474,1.0106072697368422,385,385,0.2764742821455002,2512.60400390625,,
SSN_sf1,single,B1,0.5,0.2,43,399186,417662.33766233764,1.046285034200442,385,385,0.2894718199968338,2511.762451171875,,
SSN_sf1,single,B1,0.5,0.2,44,401689,403116.8831168831,1.0035546980795669,385,385,0.22732187062501907,2503.868408203125,,
SSN_sf1,single,B1,0.5,0.2,45,400547,411428.57142857136,1.02716677800251,385,385,0.24656113237142563,2508.677001953125,,
SSN_sf1,single,B1,0.5,0.2,46,400037,382337.6623376623,1.0462924252717392,385,385,0.3078347072005272,2520.688720703125,,
SSN_sf1,single,B1,0.5,0.2,47,400418,407272.72727272724,1.0171189289011164,385,385,0.2865279093384743,2516.496826171875,,
SSN_sf1,single,B1,0.5,0.2,48,399372,403116.8831168831,1.0093769295716353,385,385,0.23380666971206665,2514.869384765625,,
SSN_sf1,single,B1,0.5,0.2,49,399307,409350.6493506493,1.0251527004301184,385,385,0.2414686605334282,2505.17822265625,,
SSN_sf1,single,B1,0.5,0.2,50,400195,435602.0942408377,1.0884746042325308,382,382,0.2754898741841316,2514.56298828125,,
SSN_sf1,single,B1,0.5,0.2,51,400125,395811.5183246073,1.0108978174603176,382,382,0.28789788484573364,2502.48486328125,,
SSN_sf1,single,B1,0.5,0.2,52,399417,397905.75916230364,1.0037979868421054,382,382,0.27922727167606354,2511.209228515625,,
SSN_sf1,single,B1,0.5,0.2,53,400674,376963.3507853403,1.0628990833333334,382,382,0.22958405315876007,2507.91259765625,,
SSN_sf1,single,B1,0.5,0.2,54,399983,391623.0366492146,1.0213469652406417,382,382,0.24497974663972855,2514.038818359375,,
SSN_sf1,single,B1,0.5,0.2,55,400967,391623.0366492146,1.0238595855614974,382,382,0.27736276388168335,2525.587890625,,
SSN_sf1,single,B1,0.5,0.2,56,401557,395811.5183246073,1.014515701058201,382,382,0.2755112946033478,2503.323974609375,,
SSN_sf1,single,B1,0.5,0.2,57,400422,443979.057591623,1.108777883312163,382,382,0.22845808416604996,2508.009765625,,
SSN_sf1,single,B1,0.5,0.2,58,401079,412565.445026178,1.0286388592426379,382,382,0.23673847317695618,2517.881103515625,,
SSN_sf1,single,B1,0.5,0.2,59,400410,404188.48167539266,1.0094365317434446,382,382,0.27537811547517776,2529.84423828125,,
SSN_sf1,single,B1,0.5,0.2,60,399590,418848.167539267,1.0481948185371681,382,382,0.2757599577307701,2510.26123046875,,
SSN_sf1,single,B1,0.5,0.2,61,399655,429319.37172774866,1.0742249483373125,382,382,0.2490319311618805,2517.470703125,,
SSN_sf1,single,B1,0.5,0.2,62,401221,402094.2408376963,1.0021764584548074,382,382,0.24637021124362946,2500.39306640625,,
SSN_sf1,single,B1,0.5,0.2,63,399582,416753.9267015706,1.0429747253419088,382,382,0.276319682598114,2512.90087890625,,
SSN_sf1,single,B1,0.5,0.2,64,399826,358115.18324607325,1.116473187134503,382,382,0.27697253972291946,2520.388916015625,,
SSN_sf1,single,B1,0.5,0.2,65,401588,389528.79581151827,1.0309584408602153,382,382,0.22888276726007462,2512.51318359375,,
SSN_sf1,single,B1,0.5,0.2,66,399408,402094.2408376963,1.0067255559169979,382,382,0.24222582578659058,2511.57080078125,,
SSN_sf1,single,B1,0.5,0.2,67,401748,374869.10994764394,1.0717020670391062,382,382,0.2792738378047943,2520.63720703125,,
SSN_sf1,single,B1,0.5,0.2,68,400372,391623.0366492146,1.0223402673796793,382,382,0.27952343225479126,2519.33154296875,,
SSN_sf1,single,B1,0.5,0.2,69,399483,395811.5183246073,1.0092758333333334,382,382,0.22937823086977005,2506.4794921875,,
SSN_sf1,single,B1,0.5,0.2,70,399990,412565.445026178,1.0314393985504087,382,382,0.24066586047410965,2518.15478515625,,
SSN_sf1,single,B1,0.5,0.2,71,401321,423036.64921465964,1.0541104233634913,382,382,0.277714803814888,2510.89013671875,,
SSN_sf1,single,B1,0.5,0.2,72,400020,408376.9633507853,1.0208913638087729,382,382,0.27536600828170776,2510.90478515625,,
SSN_sf1,single,B1,0.5,0.2,73,400807,399999.99999999994,1.0020175000000002,382,382,0.23113097995519638,2520.5634765625,,
SSN_sf1,single,B1,0.5,0.2,74,401307,391623.0366492146,1.0247277673796793,382,382,0.2428470179438591,2524.05615234375,,
SSN_sf1,single,B1,0.5,0.2,75,400081,397905.75916230364,1.0054667236842105,382,382,0.27985405176877975,2508.904296875,,
SSN_sf1,single,B1,0.5,0.2,76,400592,443979.057591623,1.108307349102386,382,382,0.2765953540802002,2522.917236328125,,
SSN_sf1,single,B1,0.5,0.2,77,399948,389528.79581151827,1.0267482258064518,382,382,0.23081060498952866,2518.9765625,,
SSN_sf1,single,B1,0.5,0.2,78,400608,410471.2041884816,1.0246205871786924,382,382,0.24047307670116425,2511.55322265625,,
SSN_sf1,single,B1,0.5,0.2,79,400086,370680.6282722513,1.0793280508474576,382,382,0.28288085013628006,2505.4951171875,,
SSN_sf1,single,B1,0.5,0.2,80,399763,353926.7015706806,1.1295078846153848,382,382,0.2912692725658417,2520.180908203125,,
SSN_sf1,single,B1,0.5,0.2,81,400711,406282.72251308896,1.0139045908724467,382,382,0.23081153631210327,2519.65673828125,,
SSN_sf1,single,B1,0.5,0.2,82,399652,408376.9633507853,1.0218314016964392,382,382,0.2428414300084114,2521.260009765625,,
SSN_sf1,single,B1,0.5,0.2,83,400285,410471.2041884816,1.0254473792135144,382,382,0.2793697640299797,2509.452392578125,,
SSN_sf1,single,B1,0.5,0.2,84,400005,406282.72251308896,1.0156941101063461,382,382,0.2758000046014786,2520.38037109375,,
SSN_sf1,single,B1,0.5,0.2,85,399728,397905.75916230364,1.0045795789473684,382,382,0.230506993830204,2518.28466796875,,
SSN_sf1,single,B1,0.5,0.2,86,400856,406282.72251308896,1.013537835315148,382,382,0.2386709675192833,2524.98828125,,
SSN_sf1,single,B1,0.5,0.2,87,400667,397905.75916230364,1.0069394342105265,382,382,0.2782633528113365,2517.0908203125,,
SSN_sf1,single,B1,0.5,0.2,88,398695,374869.10994764394,1.0635578910614527,382,382,0.2830773591995239,2506.30029296875,,
SSN_sf1,single,B1,0.5,0.2,89,401939,420942.4083769633,1.0472793343690543,382,382,0.23038126528263092,2513.2373046875,,
SSN_sf1,single,B1,0.5,0.2,90,399970,404188.48167539266,1.0105469952131225,382,382,0.23940857499837875,2507.89453125,,
SSN_sf1,single,B1,0.5,0.2,91,399721,389528.79581151827,1.0261654704301078,382,382,0.2753622829914093,2509.98876953125,,
SSN_sf1,single,B1,0.5,0.2,92,401330,399999.99999999994,1.0033250000000002,382,382,0.27940794825553894,2516.71435546875,,
SSN_sf1,single,B1,0.5,0.2,93,400166,416753.9267015706,1.0414526139191502,382,382,0.22927764803171158,2497.385986328125,,
SSN_sf1,single,B1,0.5,0.2,94,399181,381151.83246073296,1.0473017994505496,382,382,0.2405848354101181,2505.3994140625,,
SSN_sf1,single,B1,0.5,0.2,95,399271,395811.5183246073,1.008740224867725,382,382,0.27606822550296783,2505.416015625,,
SSN_sf1,single,B1,0.5,0.2,96,399512,406282.72251308896,1.0169474822110198,382,382,0.27715228497982025,2510.73095703125,,
SSN_sf1,single,B1,0.5,0.2,97,399163,397905.75916230364,1.0031596447368423,382,382,0.24573039263486862,2518.43115234375,,
SSN_sf1,single,B1,0.5,0.2,98,400864,399999.99999999994,1.0021600000000002,382,382,0.24473480880260468,2512.62646484375,,
SSN_sf1,single,B1,0.5,0.2,99,399866,383246.0732984293,1.0433662021857923,382,382,0.27639977633953094,2515.18359375,,
SSN_sf1,single,B1,0.5,0.3,0,399923,419740.25974025973,1.049552688243136,385,385,0.31630508601665497,2510.841064453125,,
SSN_sf1,single,B1,0.5,0.3,1,398227,415584.41558441555,1.0435867371735608,385,385,0.2674078568816185,2507.632568359375,,
SSN_sf1,single,B1,0.5,0.3,2,401168,430129.8701298701,1.0721938692265338,385,385,0.2611624076962471,2518.86865234375,,
SSN_sf1,single,B1,0.5,0.3,3,399799,405194.80519480514,1.0134962948751876,385,385,0.25169365108013153,2509.1962890625,,
SSN_sf1,single,B1,0.5,0.3,4,400622,378181.8181818181,1.0593370192307694,385,385,0.25161076337099075,2515.031494140625,,
SSN_sf1,single,B1,0.5,0.3,5,400431,386493.5064935065,1.0360613911290322,385,385,0.27393922209739685,2512.637451171875,,
SSN_sf1,single,B1,0.5,0.3,6,399140,380259.7402597402,1.0496509562841532,385,385,0.2471497282385826,2511.10986328125,,
SSN_sf1,single,B1,0.5,0.3,7,399876,398961.0389610389,1.002293359375,385,385,0.2431422472000122,2503.73291015625,,
SSN_sf1,single,B1,0.5,0.3,8,400631,403116.8831168831,1.0062049195316467,385,385,0.24643540382385254,2522.07080078125,,
SSN_sf1,single,B1,0.5,0.3,9,399320,409350.6493506493,1.0251193262312164,385,385,0.25162752717733383,2509.84130859375,,
SSN_sf1,single,B1,0.5,0.3,10,401364,403116.8831168831,1.0043673152472148,385,385,0.24176854640245438,2522.99462890625,,
SSN_sf1,single,B1,0.5,0.3,11,400610,419740.25974025973,1.0477528262905562,385,385,0.2804175019264221,2515.1396484375,,
SSN_sf1,single,B1,0.5,0.3,12,401541,403116.8831168831,1.0039245883157215,385,385,0.2829385921359062,2522.8232421875,,
SSN_sf1,single,B1,0.5,0.3,13,400413,409350.6493506493,1.0223210768647604,385,385,0.28224848210811615,2504.83837890625,,
SSN_sf1,single,B1,0.5,0.3,14,400619,392727.2727272727,1.020094675925926,385,385,0.27833878993988037,2523.4267578125,,
SSN_sf1,single,B1,0.5,0.3,15,399834,405194.80519480514,1.0134075771315225,385,385,0.2812342718243599,2519.832275390625,,
SSN_sf1,single,B1,0.5,0.3,16,400305,419740.25974025973,1.0485511291146994,385,385,0.27629733085632324,2528.301513671875,,
SSN_sf1,single,B1,0.5,0.3,17,398816,394805.19480519474,1.0101589473684212,385,385,0.23065228015184402,2518.83203125,,
SSN_sf1,single,B1,0.5,0.3,18,399715,455064.935064935,1.1384735000311097,385,385,0.2397960051894188,2500.723876953125,,
SSN_sf1,single,B1,0.5,0.3,19,399461,442597.4025974026,1.107986518326952,385,385,0.27674436569213867,2510.13671875,,
SSN_sf1,single,B1,0.5,0.3,20,400027,430129.8701298701,1.0752520958082081,385,385,0.2913866192102432,2502.14208984375,,
SSN_sf1,single,B1,0.5,0.3,21,399501,409350.6493506493,1.0246548803398472,385,385,0.22833514958620071,2522.07177734375,,
SSN_sf1,single,B1,0.5,0.3,22,399433,363636.3636363636,1.0984407500000002,385,385,0.24395901709794998,2534.04443359375,,
SSN_sf1,single,B1,0.5,0.3,23,399627,392727.2727272727,1.0175687500000001,385,385,0.2767052501440048,2513.02490234375,,
SSN_sf1,single,B1,0.5,0.3,24,401145,392727.2727272727,1.0214340277777778,385,385,0.2831611782312393,2508.02587890625,,
SSN_sf1,single,B1,0.5,0.3,25,400728,367792.2077922078,1.08955,385,385,0.23149698972702026,2519.181640625,,
SSN_sf1,single,B1,0.5,0.3,26,399885,378181.8181818181,1.0573882211538463,385,385,0.23898016661405563,2515.47998046875,,
SSN_sf1,single,B1,0.5,0.3,27,400462,415584.41558441555,1.0377624233620557,385,385,0.2795513719320297,2513.716552734375,,
SSN_sf1,single,B1,0.5,0.3,28,399585,365714.2857142857,1.0926152343750002,385,385,0.2709049731492996,2521.37744140625,,
SSN_sf1,single,B1,0.5,0.3,29,400164,359480.51948051946,1.1131729768786127,385,385,0.22887066006660461,2518.59716796875,,
SSN_sf1,single,B1,0.5,0.3,30,400250,403116.8831168831,1.0071627310852795,385,385,0.2355659380555153,2518.7607421875,,
SSN_sf1,single,B1,0.5,0.3,31,400010,415584.41558441555,1.0389350655843992,385,385,0.2738991752266884,2526.423095703125,,
SSN_sf1,single,B1,0.5,0.3,32,398838,374025.974025974,1.0663377083333334,385,385,0.2761324867606163,2520.193359375,,
SSN_sf1,single,B1,0.5,0.3,33,399315,417662.33766233764,1.0459470284420511,385,385,0.22849906235933304,2512.1748046875,,
SSN_sf1,single,B1,0.5,0.3,34,399540,434285.71428571426,1.0869642946531368,385,385,0.2532517537474632,2523.9794921875,,
SSN_sf1,single,B1,0.5,0.3,35,400016,411428.57142857136,1.028530287359934,385,385,0.2930574119091034,2524.38671875,,
SSN_sf1,single,B1,0.5,0.3,36,400990,396883.11688311683,1.0103478403141362,385,385,0.28473976999521255,2523.10498046875,,
SSN_sf1,single,B1,0.5,0.3,37,399288,371948.0519480519,1.073504748603352,385,385,0.23080222308635712,2508.30126953125,,
SSN_sf1,single,B1,0.5,0.3,38,399705,396883.11688311683,1.0071101112565446,385,385,0.23744255304336548,2507.371826171875,,
SSN_sf1,single,B1,0.5,0.3,39,399805,394805.19480519474,1.012663980263158,385,385,0.28431136161088943,2513.630615234375,,
SSN_sf1,single,B1,0.5,0.3,40,401024,392727.2727272727,1.021125925925926,385,385,0.27576833963394165,2508.95458984375,,
SSN_sf1,single,B1,0.5,0.3,41,400403,428051.948051948,1.0690527994344399,385,385,0.23152492940425873,2506.7880859375,,
SSN_sf1,single,B1,0.5,0.3,42,398993,398961.0389610389,1.0000801106770834,385,385,0.24024490267038345,2512.60400390625,,
SSN_sf1,single,B1,0.5,0.3,43,399186,432207.79220779217,1.082722821461154,385,385,0.27529243379831314,2511.762451171875,,
SSN_sf1,single,B1,0.5,0.3,44,401689,396883.11688311683,1.012109064136126,385,385,0.28151459991931915,2503.868408203125,,
SSN_sf1,single,B1,0.5,0.3,45,400547,415584.41558441555,1.0375422000025354,385,385,0.2276962623000145,2508.677001953125,,
SSN_sf1,single,B1,0.5,0.3,46,400037,405194.80519480514,1.01289332035488,385,385,0.23885350674390793,2520.688720703125,,
SSN_sf1,single,B1,0.5,0.3,47,400418,448831.1688311688,1.1209065747073528,385,385,0.2726055681705475,2516.496826171875,,
SSN_sf1,single,B1,0.5,0.3,48,399372,413506.49350649345,1.0353917988904917,385,385,0.27443375438451767,2514.869384765625,,
SSN_sf1,single,B1,0.5,0.3,49,399307,413506.49350649345,1.0355603420588506,385,385,0.22701546549797058,2505.17822265625,,
SSN_sf1,single,B1,0.5,0.3,50,400195,393717.277486911,1.0164527260638299,382,382,0.24579651653766632,2514.56298828125,,
SSN_sf1,single,B1,0.5,0.3,51,400125,439790.57591623033,1.0991329607403444,382,382,0.2502612769603729,2502.48486328125,,
SSN_sf1,single,B1,0.5,0.3,52,399417,358115.18324607325,1.1153310964912282,382,382,0.27900002896785736,2511.209228515625,,
SSN_sf1,single,B1,0.5,0.3,53,400674,427225.1308900523,1.0662661687308193,382,382,0.28063543140888214,2507.91259765625,,
SSN_sf1,single,B1,0.5,0.3,54,399983,399999.99999999994,1.0000425018063266,382,382,0.25234371423721313,2514.038818359375,,
SSN_sf1,single,B1,0.5,0.3,55,400967,379057.5916230366,1.057799682320442,382,382,0.24072453379631042,2525.587890625,,
SSN_sf1,single,B1,0.5,0.3,56,401557,431413.612565445,1.07435211580285,382,382,0.2761632204055786,2503.323974609375,,
SSN_sf1,single,B1,0.5,0.3,57,400422,410471.2041884816,1.0250965336282263,382,382,0.2756398171186447,2508.009765625,,
SSN_sf1,single,B1,0.5,0.3,58,401079,406282.72251308896,1.0129743080866587,382,382,0.22861827164888382,2517.881103515625,,
SSN_sf1,single,B1,0.5,0.3,59,400410,412565.445026178,1.0303574961319097,382,382,0.23728050291538239,2529.84423828125,,
SSN_sf1,single,B1,0.5,0.3,60,399590,433507.8534031413,1.0848816371859689,382,382,0.27230288833379745,2510.26123046875,,
SSN_sf1,single,B1,0.5,0.3,61,399655,389528.79581151827,1.0259960349462367,382,382,0.2746516838669777,2517.470703125,,
SSN_sf1,single,B1,0.5,0.3,62,401221,412565.445026178,1.0282748037270681,382,382,0.22941455245018005,2500.39306640625,,
SSN_sf1,single,B1,0.5,0.3,63,399582,364397.90575916227,1.0965540517241381,382,382,0.23598968982696533,2512.90087890625,,
SSN_sf1,single,B1,0.5,0.3,64,399826,389528.79581151827,1.0264350268817206,382,382,0.2712355926632881,2520.388916015625,,
SSN_sf1,single,B1,0.5,0.3,65,401588,385340.3141361256,1.0421645108695654,382,382,0.2722088247537613,2512.51318359375,,
SSN_sf1,single,B1,0.5,0.3,66,399408,393717.277486911,1.014453829787234,382,382,0.22775307297706604,2511.57080078125,,
SSN_sf1,single,B1,0.5,0.3,67,401748,374869.10994764394,1.0717020670391062,382,382,0.23839343339204788,2520.63720703125,,
SSN_sf1,single,B1,0.5,0.3,68,400372,364397.90575916227,1.098722011494253,382,382,0.2752365544438362,2519.33154296875,,
SSN_sf1,single,B1,0.5,0.3,69,399483,410471.2041884816,1.027506062056412,382,382,0.2821236848831177,2506.4794921875,,
SSN_sf1,single,B1,0.5,0.3,70,399990,389528.79581151827,1.026856048387097,382,382,0.24703610688447952,2518.15478515625,,
SSN_sf1,single,B1,0.5,0.3,71,401321,402094.2408376963,1.001926739038566,382,382,0.25223661214113235,2510.89013671875,,
SSN_sf1,single,B1,0.5,0.3,72,400020,408376.9633507853,1.0208913638087729,382,382,0.27813389897346497,2510.90478515625,,
SSN_sf1,single,B1,0.5,0.3,73,400807,391623.0366492146,1.0234510294117647,382,382,0.23571867495775223,2520.5634765625,,
SSN_sf1,single,B1,0.5,0.3,74,401307,425130.890052356,1.0593657475507678,382,382,0.23005064576864243,2524.05615234375,,
SSN_sf1,single,B1,0.5,0.3,75,400081,399999.99999999994,1.0002025,382,382,0.22619403898715973,2508.904296875,,
SSN_sf1,single,B1,0.5,0.3,76,400592,408376.9633507853,1.0194336465800249,382,382,0.2275584265589714,2522.917236328125,,
SSN_sf1,single,B1,0.5,0.3,77,399948,393717.277486911,1.0158253723404256,382,382,0.22922083735466003,2518.9765625,,
SSN_sf1,single,B1,0.5,0.3,78,400608,420942.4083769633,1.050758867463863,382,382,0.2275574952363968,2511.55322265625,,
SSN_sf1,single,B1,0.5,0.3,79,400086,376963.3507853403,1.06133925,382,382,0.22875424474477768,2505.4951171875,,
SSN_sf1,single,B1,0.5,0.3,80,399763,395811.5183246073,1.0099832407407408,382,382,0.22892281413078308,2520.180908203125,,
SSN_sf1,single,B1,0.5,0.3,81,400711,425130.890052356,1.0609414017892096,382,382,0.22849254310131073,2519.65673828125,,
SSN_sf1,single,B1,0.5,0.3,82,399652,406282.72251308896,1.0165912406620985,382,382,0.227268785238266,2521.260009765625,,
SSN_sf1,single,B1,0.5,0.3,83,400285,418848.167539267,1.0463748767484842,382,382,0.2265889197587967,2509.452392578125,,
SSN_sf1,single,B1,0.5,0.3,84,400005,385340.3141361256,1.038056453804348,382,382,0.2300906926393509,2520.38037109375,,
SSN_sf1,single,B1,0.5,0.3,85,399728,387434.55497382197,1.0317303783783784,382,382,0.23002084344625473,2518.28466796875,,
SSN_sf1,single,B1,0.5,0.3,86,400856,393717.277486911,1.0181315957446808,382,382,0.24542491883039474,2524.98828125,,
SSN_sf1,single,B1,0.5,0.3,87,400667,423036.64921465964,1.0558310248027905,382,382,0.23003201931715012,2517.0908203125,,
SSN_sf1,single,B1,0.5,0.3,88,398695,387434.55497382197,1.0290641216216216,382,382,0.23956038057804108,2506.30029296875,,
SSN_sf1,single,B1,0.5,0.3,89,401939,389528.79581151827,1.0318595295698927,382,382,0.22832490503787994,2513.2373046875,,
SSN_sf1,single,B1,0.5,0.3,90,399970,418848.167539267,1.0471989587700752,382,382,0.22868812084197998,2507.89453125,,
SSN_sf1,single,B1,0.5,0.3,91,399721,393717.277486911,1.0152488164893618,382,382,0.24763867259025574,2509.98876953125,,
SSN_sf1,single,B1,0.5,0.3,92,401330,408376.9633507853,1.0175590246201014,382,382,0.23032166063785553,2516.71435546875,,
SSN_sf1,single,B1,0.5,0.3,93,400166,383246.0732984293,1.0441489890710383,382,382,0.22771302610635757,2497.385986328125,,
SSN_sf1,single,B1,0.5,0.3,94,399181,389528.79581151827,1.024779180107527,382,382,0.2272147685289383,2505.3994140625,,
SSN_sf1,single,B1,0.5,0.3,95,399271,448167.53926701564,1.1224645397913087,382,382,0.2285148948431015,2505.416015625,,
SSN_sf1,single,B1,0.5,0.3,96,399512,399999.99999999994,1.0012214902180658,382,382,0.22825319319963455,2510.73095703125,,
SSN_sf1,single,B1,0.5,0.3,97,399163,425130.890052356,1.0650558545064448,382,382,0.2270294353365898,2518.43115234375,,
SSN_sf1,single,B1,0.5,0.3,98,400864,420942.4083769633,1.050087831226958,382,382,0.22658426314592361,2512.62646484375,,
SSN_sf1,single,B1,0.5,0.3,99,399866,385340.3141361256,1.0376957336956523,382,382,0.22912956774234772,2515.18359375,,
SSN_sf1,single,B1,0.5,0.4,0,399923,405194.80519480514,1.0131820505317402,385,385,0.34064706414937973,2510.841064453125,,
SSN_sf1,single,B1,0.5,0.4,1,398227,392727.2727272727,1.0140039351851853,385,385,0.31496118754148483,2507.632568359375,,
SSN_sf1,single,B1,0.5,0.4,2,401168,434285.71428571426,1.0825532302818626,385,385,0.2926560118794441,2518.86865234375,,
SSN_sf1,single,B1,0.5,0.4,3,399799,413506.49350649345,1.034285962462371,385,385,0.28372369706630707,2509.1962890625,,
SSN_sf1,single,B1,0.5,0.4,4,400622,367792.2077922078,1.0892617937853109,385,385,0.23833196610212326,2515.031494140625,,
SSN_sf1,single,B1,0.5,0.4,5,400431,411428.57142857136,1.0274643357496582,385,385,0.2466188743710518,2512.637451171875,,
SSN_sf1,single,B1,0.5,0.4,6,399140,407272.72727272724,1.0203756257772392,385,385,0.2829357981681824,2511.10986328125,,
SSN_sf1,single,B1,0.5,0.4,7,399876,392727.2727272727,1.0182027777777778,385,385,0.2846773713827133,2503.73291015625,,
SSN_sf1,single,B1,0.5,0.4,8,400631,390649.3506493506,1.0255514295212766,385,385,0.24630315601825714,2522.07080078125,,
SSN_sf1,single,B1,0.5,0.4,9,399320,398961.0389610389,1.0008997395833334,385,385,0.239664688706398,2509.84130859375,,
SSN_sf1,single,B1,0.5,0.4,10,401364,405194.80519480514,1.0095444663567363,385,385,0.2770712599158287,2522.99462890625,,
SSN_sf1,single,B1,0.5,0.4,11,400610,398961.0389610389,1.0041331380208334,385,385,0.27474295347929,2515.1396484375,,
SSN_sf1,single,B1,0.5,0.4,12,401541,374025.974025974,1.0735644791666668,385,385,0.22847391664981842,2522.8232421875,,
SSN_sf1,single,B1,0.5,0.4,13,400413,407272.72727272724,1.0171316297740765,385,385,0.23482181131839752,2504.83837890625,,
SSN_sf1,single,B1,0.5,0.4,14,400619,384415.5844155844,1.042150777027027,385,385,0.27882959693670273,2523.4267578125,,
SSN_sf1,single,B1,0.5,0.4,15,399834,448831.1688311688,1.1225437777456864,385,385,0.2757487818598747,2519.832275390625,,
SSN_sf1,single,B1,0.5,0.4,16,400305,380259.7402597402,1.0527146516393444,385,385,0.2270052209496498,2528.301513671875,,
SSN_sf1,single,B1,0.5,0.4,17,398816,413506.49350649345,1.0368352661540496,385,385,0.24299509823322296,2518.83203125,,
SSN_sf1,single,B1,0.5,0.4,18,399715,371948.0519480519,1.0746527583798884,385,385,0.27501117438077927,2500.723876953125,,
SSN_sf1,single,B1,0.5,0.4,19,399461,371948.0519480519,1.073969867318436,385,385,0.2727219834923744,2510.13671875,,
SSN_sf1,single,B1,0.5,0.4,20,400027,384415.5844155844,1.040610777027027,385,385,0.22820476442575455,2502.14208984375,,
SSN_sf1,single,B1,0.5,0.4,21,399501,403116.8831168831,1.0090509989133523,385,385,0.2391338348388672,2522.07177734375,,
SSN_sf1,single,B1,0.5,0.4,22,399433,382337.6623376623,1.0447126698369567,385,385,0.27490314096212387,2534.04443359375,,
SSN_sf1,single,B1,0.5,0.4,23,399627,396883.11688311683,1.006913579842932,385,385,0.2718018367886543,2513.02490234375,,
SSN_sf1,single,B1,0.5,0.4,24,401145,355324.6753246753,1.1289533991228071,385,385,0.22669881582260132,2508.02587890625,,
SSN_sf1,single,B1,0.5,0.4,25,400728,398961.0389610389,1.00442890625,385,385,0.24929456412792206,2519.181640625,,
SSN_sf1,single,B1,0.5,0.4,26,399885,423896.10389610386,1.0600450226842815,385,385,0.2758391201496124,2515.47998046875,,
SSN_sf1,single,B1,0.5,0.4,27,400462,392727.2727272727,1.0196949074074075,385,385,0.2722823992371559,2513.716552734375,,
SSN_sf1,single,B1,0.5,0.4,28,399585,405194.80519480514,1.0140390785309887,385,385,0.24872273206710815,2521.37744140625,,
SSN_sf1,single,B1,0.5,0.4,29,400164,417662.33766233764,1.043727915710403,385,385,0.2389894798398018,2518.59716796875,,
SSN_sf1,single,B1,0.5,0.4,30,400250,390649.3506493506,1.024576130319149,385,385,0.28654560446739197,2518.7607421875,,
SSN_sf1,single,B1,0.5,0.4,31,400010,403116.8831168831,1.0077670136168673,385,385,0.2768775448203087,2526.423095703125,,
SSN_sf1,single,B1,0.5,0.4,32,398838,398961.0389610389,1.0003084935764368,385,385,0.2299230545759201,2520.193359375,,
SSN_sf1,single,B1,0.5,0.4,33,399315,407272.72727272724,1.019928445644985,385,385,0.23659132421016693,2512.1748046875,,
SSN_sf1,single,B1,0.5,0.4,34,399540,425974.02597402595,1.0661611502578614,385,385,0.2733534201979637,2523.9794921875,,
SSN_sf1,single,B1,0.5,0.4,35,400016,394805.19480519474,1.0131984210526317,385,385,0.2744104713201523,2524.38671875,,
SSN_sf1,single,B1,0.5,0.4,36,400990,386493.5064935065,1.0375077284946237,385,385,0.23014377802610397,2523.10498046875,,
SSN_sf1,single,B1,0.5,0.4,37,399288,378181.8181818181,1.0558096153846155,385,385,0.238761305809021,2508.30126953125,,
SSN_sf1,single,B1,0.5,0.4,38,399705,369870.12987012987,1.0806630969101123,385,385,0.27963053435087204,2507.371826171875,,
SSN_sf1,single,B1,0.5,0.4,39,399805,407272.72727272724,1.0186784239134759,385,385,0.2729734405875206,2513.630615234375,,
SSN_sf1,single,B1,0.5,0.4,40,401024,384415.5844155844,1.0432043243243243,385,385,0.22596586495637894,2508.95458984375,,
SSN_sf1,single,B1,0.5,0.4,41,400403,386493.5064935065,1.035988944892473,385,385,0.2329368144273758,2506.7880859375,,
SSN_sf1,single,B1,0.5,0.4,42,398993,382337.6623376623,1.0435618546195653,385,385,0.277162529528141,2512.60400390625,,
SSN_sf1,single,B1,0.5,0.4,43,399186,419740.25974025973,1.0514904323805436,385,385,0.2748081460595131,2511.762451171875,,
SSN_sf1,single,B1,0.5,0.4,44,401689,398961.0389610389,1.0068376627604168,385,385,0.2314271405339241,2503.868408203125,,
SSN_sf1,single,B1,0.5,0.4,45,400547,403116.8831168831,1.0064159340024594,385,385,0.25437865406274796,2508.677001953125,,
SSN_sf1,single,B1,0.5,0.4,46,400037,371948.0519480519,1.0755184706703913,385,385,0.2728467807173729,2520.688720703125,,
SSN_sf1,single,B1,0.5,0.4,47,400418,403116.8831168831,1.006740164320493,385,385,0.2736300230026245,2516.496826171875,,
SSN_sf1,single,B1,0.5,0.4,48,399372,423896.10389610386,1.0614066682093484,385,385,0.2270173281431198,2514.869384765625,,
SSN_sf1,single,B1,0.5,0.4,49,399307,452987.012987013,1.1344329375318063,385,385,0.23432541638612747,2505.17822265625,,
SSN_sf1,single,B1,0.5,0.4,50,400195,420942.4083769633,1.0518432473593204,382,382,0.2498449757695198,2514.56298828125,,
SSN_sf1,single,B1,0.5,0.4,51,400125,410471.2041884816,1.0258574300243215,382,382,0.280061736702919,2502.48486328125,,
SSN_sf1,single,B1,0.5,0.4,52,399417,391623.0366492146,1.0199016978609627,382,382,0.27762819081544876,2511.209228515625,,
SSN_sf1,single,B1,0.5,0.4,53,400674,395811.5183246073,1.0122848412698413,382,382,0.22953283041715622,2507.91259765625,,
SSN_sf1,single,B1,0.5,0.4,54,399983,368586.3874345549,1.0851811505681819,382,382,0.2376846969127655,2514.038818359375,,
SSN_sf1,single,B1,0.5,0.4,55,400967,383246.0732984293,1.046239030054645,382,382,0.2777073532342911,2525.587890625,,
SSN_sf1,single,B1,0.5,0.4,56,401557,431413.612565445,1.07435211580285,382,382,0.2754051238298416,2503.323974609375,,
SSN_sf1,single,B1,0.5,0.4,57,400422,412565.445026178,1.0303266179834725,382,382,0.237402506172657,2508.009765625,,
SSN_sf1,single,B1,0.5,0.4,58,401079,366492.1465968586,1.0943727,382,382,0.23898296058177948,2517.881103515625,,
SSN_sf1,single,B1,0.5,0.4,59,400410,427225.1308900523,1.0669691838117237,382,382,0.2754172310233116,2529.84423828125,,
SSN_sf1,single,B1,0.5,0.4,60,399590,387434.55497382197,1.0313741891891892,382,382,0.30424073338508606,2510.26123046875,,
SSN_sf1,single,B1,0.5,0.4,61,399655,383246.0732984293,1.0428156420765027,382,382,0.23347418755292892,2517.470703125,,
SSN_sf1,single,B1,0.5,0.4,62,401221,379057.5916230366,1.0584697651933703,382,382,0.23873057216405869,2500.39306640625,,
SSN_sf1,single,B1,0.5,0.4,63,399582,431413.612565445,1.0796622784946395,382,382,0.2876482903957367,2512.90087890625,,
SSN_sf1,single,B1,0.5,0.4,64,399826,389528.79581151827,1.0264350268817206,382,382,0.27723051607608795,2520.388916015625,,
SSN_sf1,single,B1,0.5,0.4,65,401588,404188.48167539266,1.0064754964675056,382,382,0.22845622152090073,2512.51318359375,,
SSN_sf1,single,B1,0.5,0.4,66,399408,385340.3141361256,1.0365071739130436,382,382,0.23594684898853302,2511.57080078125,,
SSN_sf1,single,B1,0.5,0.4,67,401748,406282.72251308896,1.0112874799951437,382,382,0.2719210460782051,2520.63720703125,,
SSN_sf1,single,B1,0.5,0.4,68,400372,374869.10994764394,1.0680314525139667,382,382,0.27343910187482834,2519.33154296875,,
SSN_sf1,single,B1,0.5,0.4,69,399483,383246.0732984293,1.042366844262295,382,382,0.22824108600616455,2506.4794921875,,
SSN_sf1,single,B1,0.5,0.4,70,399990,389528.79581151827,1.026856048387097,382,382,0.2379966899752617,2518.15478515625,,
SSN_sf1,single,B1,0.5,0.4,71,401321,408376.9633507853,1.0175818443360436,382,382,0.2737985923886299,2510.89013671875,,
SSN_sf1,single,B1,0.5,0.4,72,400020,420942.4083769633,1.0523034057721197,382,382,0.270795077085495,2510.90478515625,,
SSN_sf1,single,B1,0.5,0.4,73,400807,383246.0732984293,1.045821543715847,382,382,0.2291398122906685,2520.5634765625,,
SSN_sf1,single,B1,0.5,0.4,74,401307,412565.445026178,1.028054444667494,382,382,0.24218857288360596,2524.05615234375,,
SSN_sf1,single,B1,0.5,0.4,75,400081,427225.1308900523,1.0678465882910018,382,382,0.2766381949186325,2508.904296875,,
SSN_sf1,single,B1,0.5,0.4,76,400592,376963.3507853403,1.0626815555555555,382,382,0.2717655152082443,2522.917236328125,,
SSN_sf1,single,B1,0.5,0.4,77,399948,410471.2041884816,1.0263114309572285,382,382,0.22771116346120834,2518.9765625,,
SSN_sf1,single,B1,0.5,0.4,78,400608,391623.0366492146,1.0229428877005349,382,382,0.23790262639522552,2511.55322265625,,
SSN_sf1,single,B1,0.5,0.4,79,400086,372774.8691099476,1.0732644101123596,382,382,0.27780327945947647,2505.4951171875,,
SSN_sf1,single,B1,0.5,0.4,80,399763,412565.445026178,1.032025087429747,382,382,0.2747420221567154,2520.180908203125,,
SSN_sf1,single,B1,0.5,0.4,81,400711,391623.0366492146,1.0232058957219252,382,382,0.2502705901861191,2519.65673828125,,
SSN_sf1,single,B1,0.5,0.4,82,399652,383246.0732984293,1.0428078142076502,382,382,0.23685581982135773,2521.260009765625,,
SSN_sf1,single,B1,0.5,0.4,83,400285,414659.6858638743,1.0359111279809994,382,382,0.2748025581240654,2509.452392578125,,
SSN_sf1,single,B1,0.5,0.4,84,400005,385340.3141361256,1.038056453804348,382,382,0.2744663506746292,2520.38037109375,,
SSN_sf1,single,B1,0.5,0.4,85,399728,437696.335078534,1.0949854277872302,382,382,0.22940710186958313,2518.28466796875,,
SSN_sf1,single,B1,0.5,0.4,86,400856,387434.55497382197,1.034641837837838,382,382,0.23767445236444473,2524.98828125,,
SSN_sf1,single,B1,0.5,0.4,87,400667,397905.75916230364,1.0069394342105265,382,382,0.27556344866752625,2517.0908203125,,
SSN_sf1,single,B1,0.5,0.4,88,398695,389528.79581151827,1.0235315188172045,382,382,0.2742018550634384,2506.30029296875,,
SSN_sf1,single,B1,0.5,0.4,89,401939,368586.3874345549,1.0904879119318183,382,382,0.23099780082702637,2513.2373046875,,
SSN_sf1,single,B1,0.5,0.4,90,399970,433507.8534031413,1.0838509223270278,382,382,0.24062208831310272,2507.89453125,,
SSN_sf1,single,B1,0.5,0.4,91,399721,441884.8167539267,1.1054831163584768,382,382,0.27719512581825256,2509.98876953125,,
SSN_sf1,single,B1,0.5,0.4,92,401330,381151.83246073296,1.0529399725274726,382,382,0.2735881134867668,2516.71435546875,,
SSN_sf1,single,B1,0.5,0.4,93,400166,416753.9267015706,1.0414526139191502,382,382,0.23068580776453018,2497.385986328125,,
SSN_sf1,single,B1,0.5,0.4,94,399181,410471.2041884816,1.0282834207752414,382,382,0.23548677563667297,2505.3994140625,,
SSN_sf1,single,B1,0.5,0.4,95,399271,431413.612565445,1.0805032485841572,382,382,0.2716006711125374,2505.416015625,,
SSN_sf1,single,B1,0.5,0.4,96,399512,368586.3874345549,1.0839032954545456,382,382,0.2750847488641739,2510.73095703125,,
SSN_sf1,single,B1,0.5,0.4,97,399163,410471.2041884816,1.0283297905579465,382,382,0.2376716583967209,2518.43115234375,,
SSN_sf1,single,B1,0.5,0.4,98,400864,391623.0366492146,1.023596577540107,382,382,0.23586582392454147,2512.62646484375,,
SSN_sf1,single,B1,0.5,0.4,99,399866,393717.277486911,1.0156171010638297,382,382,0.27349311858415604,2515.18359375,,
SSN_sf1,single,B1,0.5,0.5,0,399923,401038.961038961,1.0027904397570557,385,385,0.30360184609889984,2510.841064453125,,
SSN_sf1,single,B1,0.5,0.5,1,398227,384415.5844155844,1.0359283445945946,385,385,0.2610478550195694,2507.632568359375,,
SSN_sf1,single,B1,0.5,0.5,2,401168,392727.2727272727,1.0214925925925926,385,385,0.24456065148115158,2518.86865234375,,
SSN_sf1,single,B1,0.5,0.5,3,399799,421818.18181818177,1.0550756300495543,385,385,0.25444477796554565,2509.1962890625,,
SSN_sf1,single,B1,0.5,0.5,4,400622,455064.935064935,1.1358960193522447,385,385,0.24715717881917953,2515.031494140625,,
SSN_sf1,single,B1,0.5,0.5,5,400431,388571.4285714285,1.0305209558823532,385,385,0.28411392122507095,2512.637451171875,,
SSN_sf1,single,B1,0.5,0.5,6,399140,407272.72727272724,1.0203756257772392,385,385,0.27700141072273254,2511.10986328125,,
SSN_sf1,single,B1,0.5,0.5,7,399876,376103.8961038961,1.0632062154696134,385,385,0.23301318287849426,2503.73291015625,,
SSN_sf1,single,B1,0.5,0.5,8,400631,432207.79220779217,1.0788176456834149,385,385,0.2386532723903656,2522.07080078125,,
SSN_sf1,single,B1,0.5,0.5,9,399320,394805.19480519474,1.0114355263157897,385,385,0.278230756521225,2509.84130859375,,
SSN_sf1,single,B1,0.5,0.5,10,401364,396883.11688311683,1.0112901832460734,385,385,0.27562864124774933,2522.99462890625,,
SSN_sf1,single,B1,0.5,0.5,11,400610,415584.41558441555,1.0373790359312438,385,385,0.22845156490802765,2515.1396484375,,
SSN_sf1,single,B1,0.5,0.5,12,401541,417662.33766233764,1.0401486713992785,385,385,0.2436647191643715,2522.8232421875,,
SSN_sf1,single,B1,0.5,0.5,13,400413,359480.51948051946,1.1138656430635838,385,385,0.2756556496024132,2504.83837890625,,
SSN_sf1,single,B1,0.5,0.5,14,400619,392727.2727272727,1.020094675925926,385,385,0.27187634259462357,2523.4267578125,,
SSN_sf1,single,B1,0.5,0.5,15,399834,436363.63636363635,1.0913620061416396,385,385,0.22728834301233292,2519.832275390625,,
SSN_sf1,single,B1,0.5,0.5,16,400305,403116.8831168831,1.0070243517240183,385,385,0.2369564026594162,2528.301513671875,,
SSN_sf1,single,B1,0.5,0.5,17,398816,415584.41558441555,1.0420454936221604,385,385,0.28713513165712357,2518.83203125,,
SSN_sf1,single,B1,0.5,0.5,18,399715,388571.4285714285,1.0286783088235296,385,385,0.3078840672969818,2500.723876953125,,
SSN_sf1,single,B1,0.5,0.5,19,399461,428051.948051948,1.0715738158467234,385,385,0.2317456528544426,2510.13671875,,
SSN_sf1,single,B1,0.5,0.5,20,400027,413506.49350649345,1.033696459255234,385,385,0.2371557056903839,2502.14208984375,,
SSN_sf1,single,B1,0.5,0.5,21,399501,359480.51948051946,1.1113286488439307,385,385,0.2773674204945564,2522.07177734375,,
SSN_sf1,single,B1,0.5,0.5,22,399433,396883.11688311683,1.0064247709424086,385,385,0.2755783498287201,2534.04443359375,,
SSN_sf1,single,B1,0.5,0.5,23,399627,390649.3506493506,1.0229813497340428,385,385,0.22608228027820587,2513.02490234375,,
SSN_sf1,single,B1,0.5,0.5,24,401145,388571.4285714285,1.032358455882353,385,385,0.23691263049840927,2508.02587890625,,
SSN_sf1,single,B1,0.5,0.5,25,400728,405194.80519480514,1.0111467259457916,385,385,0.27322303503751755,2519.181640625,,
SSN_sf1,single,B1,0.5,0.5,26,399885,430129.8701298701,1.0756339200766973,385,385,0.27433130890130997,2515.47998046875,,
SSN_sf1,single,B1,0.5,0.5,27,400462,425974.02597402595,1.0637064839461072,385,385,0.2302229404449463,2513.716552734375,,
SSN_sf1,single,B1,0.5,0.5,28,399585,361558.4415584415,1.105174030172414,385,385,0.235789455473423,2521.37744140625,,
SSN_sf1,single,B1,0.5,0.5,29,400164,394805.19480519474,1.0135732894736844,385,385,0.2744300290942192,2518.59716796875,,
SSN_sf1,single,B1,0.5,0.5,30,400250,442597.4025974026,1.1058023800060026,385,385,0.2738265320658684,2518.7607421875,,
SSN_sf1,single,B1,0.5,0.5,31,400010,384415.5844155844,1.040566554054054,385,385,0.22735819220542908,2526.423095703125,,
SSN_sf1,single,B1,0.5,0.5,32,398838,425974.02597402595,1.0680377144956748,385,385,0.23742113262414932,2520.193359375,,
SSN_sf1,single,B1,0.5,0.5,33,399315,403116.8831168831,1.009521012526159,385,385,0.2791639417409897,2512.1748046875,,
SSN_sf1,single,B1,0.5,0.5,34,399540,376103.8961038961,1.0623128453038675,385,385,0.2745063975453377,2523.9794921875,,
SSN_sf1,single,B1,0.5,0.5,35,400016,392727.2727272727,1.0185592592592594,385,385,0.23427139967679977,2524.38671875,,
SSN_sf1,single,B1,0.5,0.5,36,400990,401038.961038961,1.0001221003989151,385,385,0.23966003209352493,2523.10498046875,,
SSN_sf1,single,B1,0.5,0.5,37,399288,392727.2727272727,1.0167055555555555,385,385,0.2765953540802002,2508.30126953125,,
SSN_sf1,single,B1,0.5,0.5,38,399705,411428.57142857136,1.0293305598593248,385,385,0.29656849801540375,2507.371826171875,,
SSN_sf1,single,B1,0.5,0.5,39,399805,401038.961038961,1.0030864072209227,385,385,0.22940058261156082,2513.630615234375,,
SSN_sf1,single,B1,0.5,0.5,40,401024,392727.2727272727,1.021125925925926,385,385,0.23842975497245789,2508.95458984375,,
SSN_sf1,single,B1,0.5,0.5,41,400403,415584.41558441555,1.0379153392567377,385,385,0.2742353826761246,2506.7880859375,,
SSN_sf1,single,B1,0.5,0.5,42,398993,409350.6493506493,1.0259594763583555,385,385,0.2742446959018707,2512.60400390625,,
SSN_sf1,single,B1,0.5,0.5,43,399186,380259.7402597402,1.0497719262295084,385,385,0.2308906987309456,2511.762451171875,,
SSN_sf1,single,B1,0.5,0.5,44,401689,392727.2727272727,1.022819212962963,385,385,0.23713335394859314,2503.868408203125,,
SSN_sf1,single,B1,0.5,0.5,45,400547,396883.11688311683,1.0092316426701573,385,385,0.2759890630841255,2508.677001953125,,
SSN_sf1,single,B1,0.5,0.5,46,400037,407272.72727272724,1.0180876450746488,385,385,0.27133896946907043,2520.688720703125,,
SSN_sf1,single,B1,0.5,0.5,47,400418,401038.961038961,1.001550782030181,385,385,0.2291891723871231,2516.496826171875,,
SSN_sf1,single,B1,0.5,0.5,48,399372,403116.8831168831,1.0093769295716353,385,385,0.23904815316200256,2514.869384765625,,
SSN_sf1,single,B1,0.5,0.5,49,399307,396883.11688311683,1.006107297120419,385,385,0.278593972325325,2505.17822265625,,
SSN_sf1,single,B1,0.5,0.5,50,400195,381151.83246073296,1.0499621565934067,382,382,0.29019638895988464,2514.56298828125,,
SSN_sf1,single,B1,0.5,0.5,51,400125,402094.2408376963,1.0049215641054579,382,382,0.278472900390625,2502.48486328125,,
SSN_sf1,single,B1,0.5,0.5,52,399417,389528.79581151827,1.0253850403225808,382,382,0.25117117911577225,2511.209228515625,,
SSN_sf1,single,B1,0.5,0.5,53,400674,414659.6858638743,1.0349053990622659,382,382,0.2374378964304924,2507.91259765625,,
SSN_sf1,single,B1,0.5,0.5,54,399983,412565.445026178,1.031457449507049,382,382,0.27198251336812973,2514.038818359375,,
SSN_sf1,single,B1,0.5,0.5,55,400967,385340.3141361256,1.0405529483695652,382,382,0.2721203491091728,2525.587890625,,
SSN_sf1,single,B1,0.5,0.5,56,401557,404188.48167539266,1.0065531958735439,382,382,0.22886786609888077,2503.323974609375,,
SSN_sf1,single,B1,0.5,0.5,57,400422,423036.64921465964,1.0564770397597025,382,382,0.23798365145921707,2508.009765625,,
SSN_sf1,single,B1,0.5,0.5,58,401079,404188.48167539266,1.0077527910346655,382,382,0.2736169844865799,2517.881103515625,,
SSN_sf1,single,B1,0.5,0.5,59,400410,362303.6649214659,1.1051778901734106,382,382,0.273815356194973,2529.84423828125,,
SSN_sf1,single,B1,0.5,0.5,60,399590,402094.2408376963,1.0062670257956814,382,382,0.22835005074739456,2510.26123046875,,
SSN_sf1,single,B1,0.5,0.5,61,399655,406282.72251308896,1.016583609646042,382,382,0.23577269166707993,2517.470703125,,
SSN_sf1,single,B1,0.5,0.5,62,401221,427225.1308900523,1.064812487108233,382,382,0.2738414332270622,2500.39306640625,,
SSN_sf1,single,B1,0.5,0.5,63,399582,404188.48167539266,1.011528251210997,382,382,0.27286726981401443,2512.90087890625,,
SSN_sf1,single,B1,0.5,0.5,64,399826,370680.6282722513,1.0786266384180792,382,382,0.23596454411745071,2520.388916015625,,
SSN_sf1,single,B1,0.5,0.5,65,401588,383246.0732984293,1.047859398907104,382,382,0.23505184799432755,2512.51318359375,,
SSN_sf1,single,B1,0.5,0.5,66,399408,414659.6858638743,1.0381857295394041,382,382,0.27526263147592545,2511.57080078125,,
SSN_sf1,single,B1,0.5,0.5,67,401748,431413.612565445,1.0738413447371113,382,382,0.27490779757499695,2520.63720703125,,
SSN_sf1,single,B1,0.5,0.5,68,400372,395811.5183246073,1.011521851851852,382,382,0.22789742797613144,2519.33154296875,,
SSN_sf1,single,B1,0.5,0.5,69,399483,387434.55497382197,1.0310980135135135,382,382,0.2373047173023224,2506.4794921875,,
SSN_sf1,single,B1,0.5,0.5,70,399990,410471.2041884816,1.026203665562843,382,382,0.2730861306190491,2518.15478515625,,
SSN_sf1,single,B1,0.5,0.5,71,401321,429319.37172774866,1.0697655286609689,382,382,0.2846578136086464,2510.89013671875,,
SSN_sf1,single,B1,0.5,0.5,72,400020,402094.2408376963,1.0051853428270994,382,382,0.22758729755878448,2510.90478515625,,
SSN_sf1,single,B1,0.5,0.5,73,400807,429319.37172774866,1.0711374095955126,382,382,0.2335924655199051,2520.5634765625,,
SSN_sf1,single,B1,0.5,0.5,74,401307,427225.1308900523,1.0645842980313134,382,382,0.2755783498287201,2524.05615234375,,
SSN_sf1,single,B1,0.5,0.5,75,400081,404188.48167539266,1.0102666251968793,382,382,0.27448590844869614,2508.904296875,,
SSN_sf1,single,B1,0.5,0.5,76,400592,385340.3141361256,1.0395797826086957,382,382,0.23238174617290497,2522.917236328125,,
SSN_sf1,single,B1,0.5,0.5,77,399948,429319.37172774866,1.073437976256285,382,382,0.2545146271586418,2518.9765625,,
SSN_sf1,single,B1,0.5,0.5,78,400608,368586.3874345549,1.0868768181818182,382,382,0.2733701840043068,2511.55322265625,,
SSN_sf1,single,B1,0.5,0.5,79,400086,360209.4240837696,1.1107038662790698,382,382,0.2836352214217186,2505.4951171875,,
SSN_sf1,single,B1,0.5,0.5,80,399763,395811.5183246073,1.0099832407407408,382,382,0.22865645587444305,2520.180908203125,,
SSN_sf1,single,B1,0.5,0.5,81,400711,395811.5183246073,1.0123783201058203,382,382,0.23931171745061874,2519.65673828125,,
SSN_sf1,single,B1,0.5,0.5,82,399652,408376.9633507853,1.0218314016964392,382,382,0.27290545403957367,2521.260009765625,,
SSN_sf1,single,B1,0.5,0.5,83,400285,399999.99999999994,1.0007125000000001,382,382,0.27593038976192474,2509.452392578125,,
SSN_sf1,single,B1,0.5,0.5,84,400005,429319.37172774866,1.073285013256706,382,382,0.22892560809850693,2520.38037109375,,
SSN_sf1,single,B1,0.5,0.5,85,399728,418848.167539267,1.047832945250938,382,382,0.23848935961723328,2518.28466796875,,
SSN_sf1,single,B1,0.5,0.5,86,400856,404188.48167539266,1.0083134134836267,382,382,0.27642399072647095,2524.98828125,,
SSN_sf1,single,B1,0.5,0.5,87,400667,399999.99999999994,1.0016675000000002,382,382,0.27519185096025467,2517.0908203125,,
SSN_sf1,single,B1,0.5,0.5,88,398695,372774.8691099476,1.0695329353932586,382,382,0.23001525551080704,2506.30029296875,,
SSN_sf1,single,B1,0.5,0.5,89,401939,404188.48167539266,1.0055965747921765,382,382,0.2501560375094414,2513.2373046875,,
SSN_sf1,single,B1,0.5,0.5,90,399970,420942.4083769633,1.0524349535639255,382,382,0.29039569199085236,2507.89453125,,
SSN_sf1,single,B1,0.5,0.5,91,399721,366492.1465968586,1.0906673,382,382,0.2776253968477249,2509.98876953125,,
SSN_sf1,single,B1,0.5,0.5,92,401330,410471.2041884816,1.0227772760284095,382,382,0.22899266332387924,2516.71435546875,,
SSN_sf1,single,B1,0.5,0.5,93,400166,429319.37172774866,1.0728531952433455,382,382,0.23914966732263565,2497.385986328125,,
SSN_sf1,single,B1,0.5,0.5,94,399181,404188.48167539266,1.0125443888246,382,382,0.2823779359459877,2505.3994140625,,
SSN_sf1,single,B1,0.5,0.5,95,399271,379057.5916230366,1.0533254281767956,382,382,0.27569569647312164,2505.416015625,,
SSN_sf1,single,B1,0.5,0.5,96,399512,347643.9790575916,1.1491986746987952,382,382,0.23140106350183487,2510.73095703125,,
SSN_sf1,single,B1,0.5,0.5,97,399163,404188.48167539266,1.0125900488657331,382,382,0.23621972650289536,2518.43115234375,,
SSN_sf1,single,B1,0.5,0.5,98,400864,383246.0732984293,1.0459702732240437,382,382,0.27247611433267593,2512.62646484375,,
SSN_sf1,single,B1,0.5,0.5,99,399866,391623.0366492146,1.0210482085561499,382,382,0.2743760123848915,2515.18359375,,
